trade_date,open,high,low,close,vol,oi,contract_ts_code,roll_flag
2019-01-02,287.55,288.7,287.15,288.3,91402,254696,AU1906.SHF,0
2019-01-03,288.45,290.75,287.9,290.7,198374,264896,AU1906.SHF,0
2019-01-04,289.95,291.6,289.35,290.55,217562,265072,AU1906.SHF,0
2019-01-07,290.0,290.15,286.9,288.65,280434,259102,AU1906.SHF,0
2019-01-08,289.0,289.7,286.9,287.25,193804,262000,AU1906.SHF,0
2019-01-09,286.95,287.65,285.85,286.2,184668,264048,AU1906.SHF,0
2019-01-10,285.7,287.85,285.6,286.9,223516,275262,AU1906.SHF,0
2019-01-11,286.35,286.45,284.55,284.95,204814,279370,AU1906.SHF,0
2019-01-14,284.95,285.45,283.8,285.05,171396,284726,AU1906.SHF,0
2019-01-15,285.65,285.95,284.15,284.3,168666,286962,AU1906.SHF,0
2019-01-16,284.75,285.5,284.25,284.6,159836,297494,AU1906.SHF,0
2019-01-17,284.3,285.25,284.2,285.1,120016,304476,AU1906.SHF,0
2019-01-18,285.55,285.65,284.7,285.05,147008,309930,AU1906.SHF,0
2019-01-21,284.15,284.2,282.7,283.2,193586,308690,AU1906.SHF,0
2019-01-22,282.55,283.45,282.3,283.25,124106,306182,AU1906.SHF,0
2019-01-23,283.9,284.65,283.3,283.6,138716,306032,AU1906.SHF,0
2019-01-24,283.9,284.1,282.9,283.3,137742,303132,AU1906.SHF,0
2019-01-25,283.0,283.85,282.65,282.9,142372,304550,AU1906.SHF,0
2019-01-28,283.05,285.95,282.75,285.6,223994,312142,AU1906.SHF,0
2019-01-29,285.45,286.75,285.0,286.6,164764,305716,AU1906.SHF,0
2019-01-30,287.25,287.95,286.7,287.55,207730,310816,AU1906.SHF,0
2019-01-31,287.0,288.0,286.35,287.85,153858,297038,AU1906.SHF,0
2019-02-01,288.4,289.3,287.8,289.2,150578,292324,AU1906.SHF,0
2019-02-11,288.6,289.2,288.15,288.75,87420,296758,AU1906.SHF,0
2019-02-12,288.15,289.15,287.85,288.85,130022,300710,AU1906.SHF,0
2019-02-13,289.0,289.3,287.9,288.25,121432,302158,AU1906.SHF,0
2019-02-14,287.85,289.75,287.5,287.6,171608,304386,AU1906.SHF,0
2019-02-15,287.05,289.7,287.05,289.6,188342,315622,AU1906.SHF,0
2019-02-18,289.8,291.2,289.2,290.95,182550,328372,AU1906.SHF,0
2019-02-19,291.5,292.1,291.1,291.35,106198,329976,AU1906.SHF,0
2019-02-20,292.6,294.25,292.5,293.35,187480,335852,AU1906.SHF,0
2019-02-21,293.5,293.95,291.4,291.5,163306,333688,AU1906.SHF,0
2019-02-22,291.25,291.9,289.35,289.6,160092,325464,AU1906.SHF,0
2019-02-25,289.05,290.75,288.65,289.3,179152,320880,AU1906.SHF,0
2019-02-26,289.1,289.55,287.95,289.0,152828,319390,AU1906.SHF,0
2019-02-27,288.2,289.2,288.1,288.65,119290,315712,AU1906.SHF,0
2019-02-28,288.15,288.85,285.9,286.85,173762,310530,AU1906.SHF,0
2019-03-01,287.7,288.0,285.55,285.85,179312,308794,AU1906.SHF,0
2019-03-04,285.0,286.15,281.45,281.8,275324,308826,AU1906.SHF,0
2019-03-05,280.45,281.6,280.1,280.8,161400,310166,AU1906.SHF,0
2019-03-06,280.75,282.35,280.0,282.35,177812,313180,AU1906.SHF,0
2019-03-07,281.5,282.0,280.75,280.9,145488,312876,AU1906.SHF,0
2019-03-08,281.6,283.75,280.75,283.55,203048,324006,AU1906.SHF,0
2019-03-11,283.7,285.5,283.35,284.75,207238,325180,AU1906.SHF,0
2019-03-12,284.35,284.65,283.2,284.2,158734,321462,AU1906.SHF,0
2019-03-13,284.45,285.75,283.75,285.65,131632,324048,AU1906.SHF,0
2019-03-14,285.9,286.4,285.0,285.1,146008,322946,AU1906.SHF,0
2019-03-15,284.35,285.3,282.95,284.9,207268,318490,AU1906.SHF,0
2019-03-18,284.95,285.55,283.95,285.2,138202,318934,AU1906.SHF,0
2019-03-19,285.75,286.3,285.0,285.95,135022,319634,AU1906.SHF,0
2019-03-20,286.25,286.8,285.3,285.55,121822,319172,AU1906.SHF,0
2019-03-21,285.6,287.55,283.9,287.4,225440,319406,AU1906.SHF,0
2019-03-22,287.5,287.6,285.3,286.35,177166,320804,AU1906.SHF,0
2019-03-25,286.85,288.1,286.4,288.05,175704,324094,AU1906.SHF,0
2019-03-26,288.6,289.5,288.1,288.3,166586,327326,AU1906.SHF,0
2019-03-27,288.1,288.7,287.6,288.25,157278,326820,AU1906.SHF,0
2019-03-28,288.25,288.55,286.95,287.45,203166,318474,AU1906.SHF,0
2019-03-29,285.8,285.8,281.85,282.0,345786,293466,AU1906.SHF,0
2019-04-01,283.6,284.0,281.9,282.1,208964,294862,AU1906.SHF,0
2019-04-02,283.75,283.75,282.1,282.15,155618,299452,AU1906.SHF,0
2019-04-03,282.7,283.35,282.5,282.9,143928,296286,AU1906.SHF,0
2019-04-04,282.85,283.15,282.0,282.95,145032,288068,AU1906.SHF,0
2019-04-08,283.0,284.3,283.0,284.15,80336,286980,AU1906.SHF,0
2019-04-09,285.2,285.35,283.7,284.4,134752,286894,AU1906.SHF,0
2019-04-10,285.4,285.85,284.9,285.8,149918,281210,AU1906.SHF,0
2019-04-11,285.5,286.9,285.35,286.15,160374,288986,AU1906.SHF,0
2019-04-12,284.0,284.7,282.9,283.3,198178,276936,AU1906.SHF,0
2019-04-15,282.55,283.45,281.6,281.75,160802,277430,AU1906.SHF,0
2019-04-16,281.25,282.2,280.9,281.5,123516,277222,AU1906.SHF,0
2019-04-17,280.45,280.55,279.65,280.0,191974,278806,AU1906.SHF,0
2019-04-18,279.5,279.65,277.8,278.2,144252,277184,AU1906.SHF,0
2019-04-19,278.85,279.85,278.7,279.5,108638,267830,AU1906.SHF,0
2019-04-22,279.75,280.85,279.4,280.3,93824,258194,AU1906.SHF,0
2019-04-23,280.3,280.55,278.9,279.0,114824,255178,AU1906.SHF,0
2019-04-24,278.3,279.6,277.9,278.85,146590,243696,AU1906.SHF,0
2019-04-25,279.45,280.9,278.75,280.4,153468,236054,AU1906.SHF,0
2019-04-26,281.05,281.95,280.6,281.45,171400,216692,AU1906.SHF,0
2019-04-29,281.7,282.35,281.3,281.3,144702,191132,AU1906.SHF,0
2019-04-30,281.15,281.9,280.35,281.55,118136,170426,AU1906.SHF,0
2019-05-06,287.95,288.0,285.65,286.25,58918,221368,AU1912.SHF,1
2019-05-07,284.8,286.3,284.6,285.7,66876,239488,AU1912.SHF,0
2019-05-08,285.5,287.45,285.4,287.15,91326,261550,AU1912.SHF,0
2019-05-09,287.7,287.95,286.1,287.2,104546,277116,AU1912.SHF,0
2019-05-10,288.0,288.9,287.05,287.25,152548,291046,AU1912.SHF,0
2019-05-13,288.9,289.6,288.15,289.2,152284,305696,AU1912.SHF,0
2019-05-14,290.9,293.9,290.9,292.75,226070,326770,AU1912.SHF,0
2019-05-15,293.1,293.3,291.0,291.25,172078,334372,AU1912.SHF,0
2019-05-16,293.15,293.25,291.6,292.35,156062,338104,AU1912.SHF,0
2019-05-17,291.0,291.85,290.15,291.7,164084,335548,AU1912.SHF,0
2019-05-20,291.1,291.35,289.15,289.4,157110,335976,AU1912.SHF,0
2019-05-21,289.85,290.25,288.65,289.15,129642,337886,AU1912.SHF,0
2019-05-22,288.45,289.1,287.7,288.9,121064,347260,AU1912.SHF,0
2019-05-23,289.2,289.75,288.9,289.35,107242,355696,AU1912.SHF,0
2019-05-24,290.9,291.8,290.55,291.1,182408,360482,AU1912.SHF,0
2019-05-27,291.05,291.45,290.2,291.25,108838,358108,AU1912.SHF,0
2019-05-28,291.1,291.25,290.55,291.0,65916,358546,AU1912.SHF,0
2019-05-29,290.2,291.5,289.55,291.45,144184,366816,AU1912.SHF,0
2019-05-30,291.15,291.55,289.65,290.1,146190,370280,AU1912.SHF,0
2019-05-31,290.7,293.55,290.5,293.45,210680,389780,AU1912.SHF,0
2019-06-03,294.2,297.1,293.8,296.7,244464,402048,AU1912.SHF,0
2019-06-04,297.7,300.1,296.95,299.75,238932,414088,AU1912.SHF,0
2019-06-05,299.1,301.9,298.75,301.7,255926,428600,AU1912.SHF,0
2019-06-06,302.85,303.7,300.25,301.7,314902,426302,AU1912.SHF,0
2019-06-10,302.55,302.6,300.4,300.85,136076,426286,AU1912.SHF,0
2019-06-11,301.05,301.4,299.3,299.55,194824,423948,AU1912.SHF,0
2019-06-12,299.15,303.4,298.65,302.6,294244,439468,AU1912.SHF,0
2019-06-13,302.1,303.25,301.3,303.2,215912,439714,AU1912.SHF,0
2019-06-14,302.5,307.8,302.35,307.75,303908,459468,AU1912.SHF,0
2019-06-17,306.3,307.55,303.45,304.1,384246,451926,AU1912.SHF,0
2019-06-18,304.55,306.65,304.15,306.15,231638,454532,AU1912.SHF,0
2019-06-19,307.3,307.85,302.8,304.3,461924,438130,AU1912.SHF,0
2019-06-20,303.95,313.85,303.55,311.25,462906,446232,AU1912.SHF,0
2019-06-21,310.95,316.5,310.05,313.6,555740,456516,AU1912.SHF,0
2019-06-24,314.45,317.3,312.3,315.8,472448,455814,AU1912.SHF,0
2019-06-25,316.35,323.05,315.7,321.8,618906,469328,AU1912.SHF,0
2019-06-26,320.95,323.25,316.05,316.4,735628,464460,AU1912.SHF,0
2019-06-27,317.0,318.3,315.35,315.6,527472,462088,AU1912.SHF,0
2019-06-28,315.15,320.8,314.1,316.85,570526,469296,AU1912.SHF,0
2019-07-01,317.2,317.4,308.55,308.85,553248,459596,AU1912.SHF,0
2019-07-02,310.8,312.75,309.7,312.05,406836,461428,AU1912.SHF,0
2019-07-03,312.35,323.5,311.75,321.1,833052,466190,AU1912.SHF,0
2019-07-04,319.2,319.85,317.0,317.65,529756,454908,AU1912.SHF,0
2019-07-05,317.6,319.35,317.25,318.0,253758,452788,AU1912.SHF,0
2019-07-08,315.0,316.65,305.5,316.35,657334,441922,AU1912.SHF,0
2019-07-09,315.95,315.95,313.1,313.45,373548,431872,AU1912.SHF,0
2019-07-10,314.15,315.55,312.85,313.2,304398,425536,AU1912.SHF,0
2019-07-11,317.3,320.85,315.5,319.0,523114,441216,AU1912.SHF,0
2019-07-12,317.8,318.15,315.55,316.65,323508,441220,AU1912.SHF,0
2019-07-15,316.35,318.55,316.0,317.75,287420,448860,AU1912.SHF,0
2019-07-16,317.2,318.3,316.4,317.75,254618,449866,AU1912.SHF,0
2019-07-17,317.15,317.8,315.15,315.8,388820,432014,AU1912.SHF,0
2019-07-18,316.1,321.15,316.0,319.1,571732,453470,AU1912.SHF,0
2019-07-19,318.8,324.75,318.35,323.3,510780,467158,AU1912.SHF,0
2019-07-22,322.6,324.6,319.5,320.65,602472,467246,AU1912.SHF,0
2019-07-23,320.65,321.45,317.8,318.7,336826,454470,AU1912.SHF,0
2019-07-24,320.5,321.7,319.05,319.65,352292,452890,AU1912.SHF,0
2019-07-25,320.2,321.15,319.2,320.3,281702,453178,AU1912.SHF,0
2019-07-26,320.05,320.3,317.05,319.1,399032,449482,AU1912.SHF,0
2019-07-29,319.2,320.6,318.75,319.6,331518,449182,AU1912.SHF,0
2019-07-30,319.75,321.1,318.75,320.85,230910,459236,AU1912.SHF,0
2019-07-31,321.05,322.5,320.55,322.25,265788,467768,AU1912.SHF,0
2019-08-01,322.0,322.25,316.25,316.6,533458,434012,AU1912.SHF,0
2019-08-02,316.95,326.6,315.6,324.25,682648,448220,AU1912.SHF,0
2019-08-05,324.45,334.0,323.4,334.0,798694,506224,AU1912.SHF,0
2019-08-06,336.9,339.95,334.35,335.55,816194,472302,AU1912.SHF,0
2019-08-07,336.0,343.3,335.55,341.8,791646,529980,AU1912.SHF,0
2019-08-08,344.6,349.5,342.7,344.35,1077880,520458,AU1912.SHF,0
2019-08-09,343.4,347.75,342.65,345.9,589716,527784,AU1912.SHF,0
2019-08-12,345.6,347.95,343.95,344.25,585598,529336,AU1912.SHF,0
2019-08-13,346.65,352.9,346.1,352.3,706168,577742,AU1912.SHF,0
2019-08-14,351.55,352.0,340.05,342.95,1244366,515656,AU1912.SHF,0
2019-08-15,347.0,350.3,345.45,347.4,1055546,526904,AU1912.SHF,0
2019-08-16,346.9,350.9,346.7,347.75,779522,518900,AU1912.SHF,0
2019-08-19,346.6,348.1,344.85,346.4,722720,521644,AU1912.SHF,0
2019-08-20,344.5,345.85,344.05,344.75,387210,520844,AU1912.SHF,0
2019-08-21,346.3,347.25,345.2,345.35,395370,518140,AU1912.SHF,0
2019-08-22,346.1,347.0,345.55,346.45,304902,522958,AU1912.SHF,0
2019-08-23,345.6,347.45,345.4,346.25,344700,531402,AU1912.SHF,0
2019-08-26,347.5,360.2,347.5,358.25,1147984,539744,AU1912.SHF,0
2019-08-27,355.7,359.25,355.4,358.7,631176,570862,AU1912.SHF,0
2019-08-28,357.7,362.15,357.4,358.85,915220,538322,AU1912.SHF,0
2019-08-29,360.0,363.4,358.35,362.8,673124,609586,AU1912.SHF,0
2019-08-30,359.75,361.35,354.5,356.7,832864,584212,AU1912.SHF,0
2019-09-02,357.0,357.7,353.75,355.8,700888,539112,AU1912.SHF,0
2019-09-03,355.8,359.05,355.75,357.45,392124,541180,AU1912.SHF,0
2019-09-04,358.65,363.85,358.25,359.0,1084804,566860,AU1912.SHF,0
2019-09-05,359.45,362.9,359.05,360.9,736108,580826,AU1912.SHF,0
2019-09-06,358.1,359.15,348.55,349.2,1155934,533758,AU1912.SHF,0
2019-09-09,351.1,354.85,347.0,350.6,1061678,537166,AU1912.SHF,0
2019-09-10,351.4,351.9,343.45,344.85,776900,520694,AU1912.SHF,0
2019-09-11,345.5,347.85,344.3,345.95,632320,514720,AU1912.SHF,0
2019-09-12,345.85,346.65,344.0,346.15,471986,498864,AU1912.SHF,0
2019-09-16,346.2,347.65,345.4,346.25,226262,501570,AU1912.SHF,0
2019-09-17,345.9,346.8,344.05,344.95,387278,501394,AU1912.SHF,0
2019-09-18,346.95,347.8,345.65,346.5,392910,502388,AU1912.SHF,0
2019-09-19,346.9,348.6,343.3,346.0,506858,509122,AU1912.SHF,0
2019-09-20,347.15,347.5,345.7,346.7,282234,508214,AU1912.SHF,0
2019-09-23,346.5,352.1,345.85,350.3,462948,509192,AU1912.SHF,0
2019-09-24,351.65,353.45,351.25,352.05,402674,512140,AU1912.SHF,0
2019-09-25,352.05,355.4,350.35,353.85,583176,513966,AU1912.SHF,0
2019-09-26,353.6,354.45,347.5,349.55,584586,497734,AU1912.SHF,0
2019-09-27,349.0,350.4,345.6,346.35,423570,479086,AU1912.SHF,0
2019-09-30,345.75,348.3,342.85,345.05,493700,463288,AU1912.SHF,0
2019-10-08,343.9,345.8,343.8,344.5,130064,465598,AU1912.SHF,0
2019-10-09,348.1,349.9,347.35,349.5,396842,475860,AU1912.SHF,0
2019-10-10,348.45,350.0,346.6,347.7,374118,470308,AU1912.SHF,0
2019-10-11,347.3,347.7,343.45,345.85,400130,475936,AU1912.SHF,0
2019-10-14,341.85,342.85,338.55,340.7,613868,469720,AU1912.SHF,0
2019-10-15,341.75,343.1,341.0,341.65,279672,471926,AU1912.SHF,0
2019-10-16,342.1,342.5,338.9,340.2,376596,473484,AU1912.SHF,0
2019-10-17,342.45,343.15,340.85,342.7,300068,477778,AU1912.SHF,0
2019-10-18,341.6,343.1,341.35,342.0,297062,467908,AU1912.SHF,0
2019-10-21,341.85,342.4,340.7,341.75,277642,459112,AU1912.SHF,0
2019-10-22,341.7,342.55,339.4,340.45,291530,454612,AU1912.SHF,0
2019-10-23,340.75,342.0,339.75,341.95,234268,444474,AU1912.SHF,0
2019-10-24,341.75,342.35,341.1,341.5,206760,436136,AU1912.SHF,0
2019-10-25,341.65,345.0,341.45,344.65,417910,441630,AU1912.SHF,0
2019-10-28,346.65,347.75,342.9,344.6,403356,430334,AU1912.SHF,0
2019-10-29,342.9,343.45,340.65,340.9,347034,398052,AU1912.SHF,0
2019-10-30,340.85,341.5,339.2,340.55,342796,361044,AU1912.SHF,0
2019-10-31,340.95,341.85,340.05,341.1,317778,311040,AU1912.SHF,0
2019-11-01,343.4,344.85,343.0,344.05,330950,264376,AU1912.SHF,0
2019-11-04,343.35,345.3,343.1,343.7,265216,229250,AU1912.SHF,0
2019-11-05,344.25,344.45,341.0,341.4,204130,214128,AU1912.SHF,0
2019-11-06,339.75,339.9,335.3,336.55,389228,186948,AU1912.SHF,0
2019-11-07,336.5,338.9,336.05,338.35,213364,171208,AU1912.SHF,0
2019-11-08,335.0,335.95,328.85,332.1,387596,154008,AU1912.SHF,0
2019-11-11,329.65,332.45,329.2,331.5,259932,145636,AU1912.SHF,0
2019-11-12,331.65,331.75,327.6,328.3,236804,133752,AU1912.SHF,0
2019-11-13,333.25,336.35,332.1,336.1,72598,152588,AU2006.SHF,1
2019-11-14,337.0,337.25,335.5,337.05,57244,153984,AU2006.SHF,0
2019-11-15,337.7,338.9,335.85,336.2,77582,156392,AU2006.SHF,0
2019-11-18,336.0,337.05,335.95,336.2,36040,158660,AU2006.SHF,0
2019-11-19,334.8,339.0,334.6,338.3,88464,163136,AU2006.SHF,0
2019-11-20,337.85,339.55,336.7,339.15,78028,169804,AU2006.SHF,0
2019-11-21,339.0,340.1,337.55,338.8,72420,173838,AU2006.SHF,0
2019-11-22,338.45,338.7,336.5,337.9,87048,172606,AU2006.SHF,0
2019-11-25,338.6,338.8,335.25,335.4,83864,181198,AU2006.SHF,0
2019-11-26,335.15,336.05,333.5,335.2,82884,182810,AU2006.SHF,0
2019-11-27,335.1,336.4,333.95,335.8,71360,187540,AU2006.SHF,0
2019-11-28,335.5,335.55,334.05,334.8,60260,187252,AU2006.SHF,0
2019-11-29,335.1,336.1,334.85,335.7,38100,190348,AU2006.SHF,0
2019-12-02,335.1,337.7,334.4,336.2,78480,189590,AU2006.SHF,0
2019-12-03,335.85,337.7,335.8,336.85,91672,193232,AU2006.SHF,0
2019-12-04,339.75,343.5,339.55,343.1,162032,207690,AU2006.SHF,0
2019-12-05,341.75,342.7,340.05,341.55,111058,204244,AU2006.SHF,0
2019-12-06,340.7,341.5,338.75,339.1,115956,192066,AU2006.SHF,0
2019-12-09,339.25,340.35,335.75,336.45,144790,188118,AU2006.SHF,0
2019-12-10,337.2,337.42,336.22,336.76,51368,185518,AU2006.SHF,0
2019-12-11,337.6,337.92,336.58,336.96,75588,186058,AU2006.SHF,0
2019-12-12,337.6,339.36,337.3,338.94,80928,191652,AU2006.SHF,0
2019-12-13,340.0,342.2,333.5,334.62,239826,188754,AU2006.SHF,0
2019-12-16,335.7,338.98,333.76,338.24,183410,196398,AU2006.SHF,0
2019-12-17,338.76,338.88,337.28,338.06,65944,197414,AU2006.SHF,0
2019-12-18,338.28,338.7,337.34,338.58,59946,197632,AU2006.SHF,0
2019-12-19,338.12,338.68,336.8,338.04,85202,197104,AU2006.SHF,0
2019-12-20,337.58,339.16,337.54,339.1,63780,200004,AU2006.SHF,0
2019-12-23,338.92,340.4,337.88,340.16,94862,204228,AU2006.SHF,0
2019-12-24,339.9,342.12,339.56,341.72,93780,213174,AU2006.SHF,0
2019-12-25,341.72,344.4,341.58,343.78,88958,218198,AU2006.SHF,0
2019-12-26,343.6,347.5,342.62,344.12,72472,219286,AU2006.SHF,0
2019-12-27,345.04,346.74,344.54,345.3,198500,225266,AU2006.SHF,0
2019-12-30,345.92,346.56,345.12,345.46,128800,228544,AU2006.SHF,0
2019-12-31,345.4,347.94,344.7,347.48,197576,255444,AU2006.SHF,0
2020-01-02,346.0,346.58,345.44,346.24,41087,129725,AU2006.SHF,0
2020-01-03,346.82,351.96,346.58,351.16,144392,140774,AU2006.SHF,0
2020-01-06,352.3,359.82,350.72,358.34,185964,142492,AU2006.SHF,0
2020-01-07,358.58,358.92,353.22,354.94,200630,145032,AU2006.SHF,0
2020-01-08,354.6,364.44,354.52,360.68,253483,157344,AU2006.SHF,0
2020-01-09,356.66,357.32,346.82,348.04,291906,157456,AU2006.SHF,0
2020-01-10,350.7,350.86,348.56,349.3,144194,161353,AU2006.SHF,0
2020-01-13,349.48,351.48,348.4,349.42,173686,164665,AU2006.SHF,0
2020-01-14,348.9,349.16,342.9,344.7,144966,171034,AU2006.SHF,0
2020-01-15,345.7,348.68,345.16,347.54,123625,176471,AU2006.SHF,0
2020-01-16,347.68,349.28,346.82,347.96,127605,176618,AU2006.SHF,0
2020-01-17,348.5,348.5,346.32,347.78,108652,176869,AU2006.SHF,0
2020-01-20,347.98,348.54,346.94,347.94,96285,180264,AU2006.SHF,0
2020-01-21,348.52,351.82,347.92,351.34,86646,186852,AU2006.SHF,0
2020-01-22,349.48,349.8,346.66,348.32,132216,182735,AU2006.SHF,0
2020-01-23,348.88,351.24,348.66,350.72,81197,185593,AU2006.SHF,0
2020-02-03,359.18,360.5,357.2,359.3,78891,185923,AU2006.SHF,0
2020-02-04,359.18,359.44,356.06,356.2,74093,188931,AU2006.SHF,0
2020-02-05,352.36,354.96,352.14,354.22,61136,188841,AU2006.SHF,0
2020-02-06,352.3,352.78,350.52,352.4,61641,188677,AU2006.SHF,0
2020-02-07,355.28,355.62,353.72,354.3,48697,188266,AU2006.SHF,0
2020-02-10,357.36,357.62,355.36,355.56,50977,187697,AU2006.SHF,0
2020-02-11,355.76,355.88,354.42,354.6,42388,187871,AU2006.SHF,0
2020-02-12,354.64,354.64,353.08,354.0,43088,185980,AU2006.SHF,0
2020-02-13,355.6,356.96,355.0,356.52,54165,188138,AU2006.SHF,0
2020-02-14,357.22,357.5,356.1,356.78,47751,190061,AU2006.SHF,0
2020-02-17,358.04,358.76,357.66,357.9,50160,192337,AU2006.SHF,0
2020-02-18,359.46,359.96,359.0,359.68,54774,197001,AU2006.SHF,0
2020-02-19,363.06,364.58,363.0,364.06,77534,200460,AU2006.SHF,0
2020-02-20,365.16,366.92,364.28,365.06,85991,201066,AU2006.SHF,0
2020-02-21,368.96,372.3,368.78,371.9,103882,207305,AU2006.SHF,0
2020-02-24,379.12,380.78,377.76,379.7,129984,206012,AU2006.SHF,0
2020-02-25,374.64,377.16,370.3,371.74,173863,195593,AU2006.SHF,0
2020-02-26,373.18,374.78,371.96,374.26,116955,196977,AU2006.SHF,0
2020-02-27,373.88,375.68,373.62,374.3,101033,195757,AU2006.SHF,0
2020-02-28,373.34,373.96,355.96,369.98,183765,192303,AU2006.SHF,0
2020-03-02,360.0,362.88,358.48,361.24,175575,185701,AU2006.SHF,0
2020-03-03,358.72,361.0,358.5,360.26,91148,188288,AU2006.SHF,0
2020-03-04,369.5,371.0,367.78,368.54,118360,185782,AU2006.SHF,0
2020-03-05,366.92,368.8,366.88,368.62,55414,186879,AU2006.SHF,0
2020-03-06,375.38,377.96,374.66,376.08,134667,189357,AU2006.SHF,0
2020-03-09,381.1,381.12,370.64,373.42,237196,187556,AU2006.SHF,0
2020-03-10,371.66,373.26,366.74,368.64,150891,188592,AU2006.SHF,0
2020-03-11,368.98,371.56,368.9,371.22,99485,186852,AU2006.SHF,0
2020-03-12,368.0,369.96,365.6,367.26,156119,185959,AU2006.SHF,0
2020-03-13,355.0,357.96,349.1,356.4,238963,180870,AU2006.SHF,0
2020-03-16,348.5,349.3,342.92,347.18,193447,180029,AU2006.SHF,0
2020-03-17,341.0,341.0,330.12,330.88,240329,177085,AU2006.SHF,0
2020-03-18,342.0,344.78,336.6,339.08,193627,174965,AU2006.SHF,0
2020-03-19,335.58,337.42,330.74,336.62,179984,172272,AU2006.SHF,0
2020-03-20,335.82,341.62,335.56,339.78,165573,171370,AU2006.SHF,0
2020-03-23,340.0,341.0,336.96,339.62,121073,171605,AU2006.SHF,0
2020-03-24,359.5,359.5,354.7,358.46,161343,173582,AU2006.SHF,0
2020-03-25,376.0,376.2,363.0,364.4,157599,171798,AU2006.SHF,0
2020-03-26,363.0,364.94,361.88,363.34,96202,172741,AU2006.SHF,0
2020-03-27,365.08,368.48,364.8,367.58,97213,173934,AU2006.SHF,0
2020-03-30,367.88,368.0,363.12,364.7,106739,172851,AU2006.SHF,0
2020-03-31,363.9,365.28,363.4,364.9,58917,167955,AU2006.SHF,0
2020-04-01,357.0,359.76,355.8,358.62,79674,166727,AU2006.SHF,0
2020-04-02,358.64,360.96,357.86,360.7,66157,166956,AU2006.SHF,0
2020-04-03,364.0,365.18,362.7,363.48,57865,164213,AU2006.SHF,0
2020-04-07,376.98,378.0,373.26,373.88,99615,167278,AU2006.SHF,0
2020-04-08,367.9,371.54,367.0,370.2,61625,166048,AU2006.SHF,0
2020-04-09,370.5,371.66,370.0,371.46,42627,168552,AU2006.SHF,0
2020-04-10,376.44,376.48,372.88,373.74,44336,168261,AU2006.SHF,0
2020-04-13,374.94,375.22,371.8,373.26,75011,167514,AU2006.SHF,0
2020-04-14,375.28,380.0,374.38,377.6,122938,174120,AU2006.SHF,0
2020-04-15,377.16,379.34,376.06,376.32,85028,170494,AU2006.SHF,0
2020-04-16,376.52,380.42,374.16,379.38,88382,173337,AU2006.SHF,0
2020-04-17,376.52,377.7,369.08,372.18,136448,165229,AU2006.SHF,0
2020-04-20,367.2,371.6,366.2,370.8,93426,161395,AU2006.SHF,0
2020-04-21,372.5,374.66,372.12,374.42,76518,158271,AU2006.SHF,0
2020-04-22,373.0,374.96,371.82,373.18,82597,154546,AU2006.SHF,0
2020-04-23,378.52,381.46,377.72,379.8,103203,151296,AU2006.SHF,0
2020-04-24,379.96,383.24,379.3,382.78,88675,148130,AU2006.SHF,0
2020-04-27,381.0,382.3,379.7,380.14,83253,130958,AU2006.SHF,0
2020-04-28,379.0,379.06,375.06,377.1,86653,121441,AU2006.SHF,0
2020-04-29,377.38,379.58,377.38,378.74,59792,114033,AU2006.SHF,0
2020-04-30,379.8,380.82,377.84,380.28,61419,105651,AU2006.SHF,0
2020-05-06,377.54,380.8,377.52,380.08,61232,96296,AU2006.SHF,0
2020-05-07,379.16,379.44,377.52,378.18,122800,83275,AU2006.SHF,0
2020-05-08,379.48,384.32,378.96,383.38,140961,74557,AU2006.SHF,0
2020-05-11,381.8,383.28,380.06,381.74,128624,61577,AU2006.SHF,0
2020-05-12,382.5,382.5,379.56,380.88,85711,54888,AU2006.SHF,0
2020-05-13,380.66,382.8,380.34,381.86,78816,50249,AU2006.SHF,0
2020-05-14,382.82,385.2,381.6,384.46,109731,44299,AU2006.SHF,0
2020-05-15,384.94,390.9,383.9,390.16,120787,37011,AU2006.SHF,0
2020-05-18,394.22,402.3,391.88,401.16,202819,176492,AU2012.SHF,1
2020-05-19,398.0,398.76,392.94,394.5,213814,176053,AU2012.SHF,0
2020-05-20,395.1,399.8,395.1,398.72,152314,184790,AU2012.SHF,0
2020-05-21,397.4,399.32,394.42,395.06,153227,183242,AU2012.SHF,0
2020-05-22,395.28,395.5,390.08,394.38,203925,183929,AU2012.SHF,0
2020-05-25,395.3,395.88,392.54,393.54,144174,188740,AU2012.SHF,0
2020-05-26,394.0,396.76,392.82,395.34,123499,191998,AU2012.SHF,0
2020-05-27,394.4,394.98,390.44,391.2,182530,191330,AU2012.SHF,0
2020-05-28,389.48,395.18,387.4,394.18,214096,196283,AU2012.SHF,0
2020-05-29,394.5,395.56,391.72,394.42,165185,199847,AU2012.SHF,0
2020-06-01,396.32,399.06,395.52,398.0,185111,209162,AU2012.SHF,0
2020-06-02,396.86,398.22,395.6,396.96,138863,209108,AU2012.SHF,0
2020-06-03,397.02,398.0,392.0,393.04,197672,207622,AU2012.SHF,0
2020-06-04,389.5,391.44,387.54,389.74,211254,205972,AU2012.SHF,0
2020-06-05,392.86,393.3,389.5,390.18,181803,206555,AU2012.SHF,0
2020-06-08,385.0,386.96,382.28,386.28,204656,205333,AU2012.SHF,0
2020-06-09,385.3,387.66,384.34,386.3,140352,208235,AU2012.SHF,0
2020-06-10,390.4,390.92,389.66,390.4,121743,210286,AU2012.SHF,0
2020-06-11,391.2,393.88,388.26,393.7,174613,214450,AU2012.SHF,0
2020-06-12,393.2,395.7,392.0,393.62,189929,215262,AU2012.SHF,0
2020-06-15,394.78,395.5,391.5,392.54,171433,217195,AU2012.SHF,0
2020-06-16,388.6,393.58,388.18,392.4,169341,216999,AU2012.SHF,0
2020-06-17,392.52,393.46,390.54,392.86,167628,217927,AU2012.SHF,0
2020-06-18,391.5,393.12,391.32,392.18,109230,214968,AU2012.SHF,0
2020-06-19,391.7,393.64,390.96,392.94,117755,216399,AU2012.SHF,0
2020-06-22,393.98,399.2,393.26,397.5,187422,224636,AU2012.SHF,0
2020-06-23,398.6,398.66,396.0,396.96,175086,226296,AU2012.SHF,0
2020-06-24,398.14,400.74,397.76,400.06,173695,234279,AU2012.SHF,0
2020-06-29,400.96,402.0,399.48,400.14,63418,232622,AU2012.SHF,0
2020-06-30,399.4,400.86,399.36,400.72,99003,236254,AU2012.SHF,0
2020-07-01,399.94,403.54,399.72,403.1,161601,241080,AU2012.SHF,0
2020-07-02,401.74,401.96,397.78,399.06,213881,227620,AU2012.SHF,0
2020-07-03,397.8,401.3,397.08,400.54,142143,225974,AU2012.SHF,0
2020-07-06,400.78,400.98,398.8,399.66,79327,223795,AU2012.SHF,0
2020-07-07,401.0,401.28,399.7,400.32,93432,223484,AU2012.SHF,0
2020-07-08,399.04,402.92,399.02,402.36,133731,233558,AU2012.SHF,0
2020-07-09,404.1,406.3,403.8,404.94,156716,238744,AU2012.SHF,0
2020-07-10,404.5,405.06,401.1,401.88,168807,228827,AU2012.SHF,0
2020-07-13,403.9,404.24,401.5,403.74,132904,229806,AU2012.SHF,0
2020-07-14,404.0,405.16,401.52,403.02,126903,226681,AU2012.SHF,0
2020-07-15,403.34,404.96,402.02,403.62,131170,228244,AU2012.SHF,0
2020-07-16,403.16,404.18,401.6,402.12,134444,224511,AU2012.SHF,0
2020-07-17,401.7,402.52,398.16,399.76,125658,222814,AU2012.SHF,0
2020-07-20,401.02,401.84,400.08,401.78,97008,220660,AU2012.SHF,0
2020-07-21,402.98,405.04,402.14,404.54,117223,228159,AU2012.SHF,0
2020-07-22,407.6,418.8,406.38,414.22,287998,231944,AU2012.SHF,0
2020-07-23,412.94,417.0,410.02,416.52,248556,233840,AU2012.SHF,0
2020-07-24,416.04,421.4,415.36,420.4,258059,234955,AU2012.SHF,0
2020-07-27,422.4,435.0,422.1,430.06,331972,236648,AU2012.SHF,0
2020-07-28,429.76,440.08,426.5,429.94,460734,223580,AU2012.SHF,0
2020-07-29,428.78,432.8,425.76,431.38,283360,221195,AU2012.SHF,0
2020-07-30,432.0,432.92,426.52,428.94,238891,217702,AU2012.SHF,0
2020-07-31,427.0,433.52,424.84,432.86,287925,228802,AU2012.SHF,0
2020-08-03,432.66,433.18,429.1,431.4,204419,226018,AU2012.SHF,0
2020-08-04,430.62,433.36,430.08,431.96,142798,229636,AU2012.SHF,0
2020-08-05,431.96,445.2,431.9,444.06,381406,248730,AU2012.SHF,0
2020-08-06,444.02,448.24,441.0,447.56,305325,244033,AU2012.SHF,0
2020-08-07,448.1,454.08,447.94,449.72,320402,245899,AU2012.SHF,0
2020-08-10,450.9,451.4,442.5,446.38,290951,241486,AU2012.SHF,0
2020-08-11,446.88,449.44,434.38,436.94,311559,242150,AU2012.SHF,0
2020-08-12,427.02,427.54,417.16,417.16,277064,237687,AU2012.SHF,0
2020-08-13,418.26,419.7,415.02,416.74,285203,236510,AU2012.SHF,0
2020-08-14,416.94,428.96,416.62,420.3,368224,240748,AU2012.SHF,0
2020-08-17,421.7,425.8,419.18,424.44,288643,242365,AU2012.SHF,0
2020-08-18,425.66,434.92,425.66,433.94,348375,247333,AU2012.SHF,0
2020-08-19,436.44,437.06,425.68,429.16,403441,246282,AU2012.SHF,0
2020-08-20,430.66,431.1,416.08,418.28,433563,241803,AU2012.SHF,0
2020-08-21,417.0,420.88,414.8,419.48,309753,240658,AU2012.SHF,0
2020-08-24,416.3,417.56,412.18,415.54,326923,238222,AU2012.SHF,0
2020-08-25,419.0,423.5,415.1,416.5,231252,235241,AU2012.SHF,0
2020-08-26,415.76,417.36,414.6,415.66,205680,233911,AU2012.SHF,0
2020-08-27,414.34,422.08,414.1,420.54,320475,232731,AU2012.SHF,0
2020-08-28,420.28,426.46,414.6,420.4,430007,229601,AU2012.SHF,0
2020-08-31,421.88,425.0,421.04,422.68,274835,231884,AU2012.SHF,0
2020-09-01,422.92,427.82,422.42,426.98,251530,232650,AU2012.SHF,0
2020-09-02,427.42,428.04,421.9,422.6,263522,228664,AU2012.SHF,0
2020-09-03,423.08,423.16,414.44,415.3,317316,224712,AU2012.SHF,0
2020-09-04,416.0,418.84,413.58,416.54,326578,218995,AU2012.SHF,0
2020-09-07,415.0,418.5,413.44,416.36,289410,215479,AU2012.SHF,0
2020-09-08,415.84,417.44,414.5,416.56,155836,214738,AU2012.SHF,0
2020-09-09,413.88,419.5,411.0,416.5,337511,212770,AU2012.SHF,0
2020-09-10,417.74,420.48,417.4,419.46,221436,215314,AU2012.SHF,0
2020-09-11,421.76,422.9,416.58,418.34,253280,211960,AU2012.SHF,0
2020-09-14,418.46,420.34,417.4,418.44,163104,211046,AU2012.SHF,0
2020-09-15,419.98,420.88,418.7,419.8,171699,208614,AU2012.SHF,0
2020-09-16,420.0,420.44,416.6,418.64,180576,209430,AU2012.SHF,0
2020-09-17,419.0,420.1,414.16,415.62,234764,213564,AU2012.SHF,0
2020-09-18,415.44,417.28,412.8,416.92,182221,210258,AU2012.SHF,0
2020-09-21,416.6,419.58,415.64,417.04,164172,209385,AU2012.SHF,0
2020-09-22,413.46,414.46,393.26,407.58,475584,211942,AU2012.SHF,0
2020-09-23,408.4,409.58,399.58,400.9,317889,210028,AU2012.SHF,0
2020-09-24,401.44,403.9,395.18,396.58,314778,209781,AU2012.SHF,0
2020-09-25,397.48,401.48,396.34,401.06,243866,206242,AU2012.SHF,0
2020-09-28,399.22,402.0,398.18,400.14,184483,203539,AU2012.SHF,0
2020-09-29,401.46,406.06,401.32,405.9,175770,200956,AU2012.SHF,0
2020-09-30,406.1,408.0,405.16,406.1,137965,197342,AU2012.SHF,0
2020-10-09,404.4,407.0,404.02,405.36,71362,196479,AU2012.SHF,0
2020-10-12,407.38,411.6,406.94,410.02,175001,198166,AU2012.SHF,0
2020-10-13,410.86,411.24,407.84,408.54,141066,195939,AU2012.SHF,0
2020-10-14,407.28,407.28,400.64,404.04,193310,188656,AU2012.SHF,0
2020-10-15,405.98,406.66,401.5,403.62,146674,187346,AU2012.SHF,0
2020-10-16,402.6,406.22,402.26,404.98,151010,186375,AU2012.SHF,0
2020-10-19,404.22,405.66,402.02,404.9,155500,183367,AU2012.SHF,0
2020-10-20,405.1,405.36,401.86,403.58,136216,184294,AU2012.SHF,0
2020-10-21,403.9,406.28,402.62,404.66,151406,179446,AU2012.SHF,0
2020-10-22,406.4,407.44,403.58,404.86,153265,175557,AU2012.SHF,0
2020-10-23,403.88,404.36,401.3,403.58,145253,173923,AU2012.SHF,0
2020-10-26,403.58,404.1,400.28,401.56,167714,169399,AU2012.SHF,0
2020-10-27,402.86,405.5,402.84,405.3,151696,162159,AU2012.SHF,0
2020-10-28,404.8,406.52,404.36,405.36,120494,158003,AU2012.SHF,0
2020-10-29,401.04,401.3,398.26,399.78,212188,154496,AU2012.SHF,0
2020-10-30,396.88,399.5,394.92,397.1,198494,148505,AU2012.SHF,0
2020-11-02,399.88,401.12,397.78,400.68,151267,139201,AU2012.SHF,0
2020-11-03,401.2,402.96,400.56,402.6,109941,133519,AU2012.SHF,0
2020-11-04,403.6,405.88,402.98,404.28,165806,131109,AU2012.SHF,0
2020-11-05,404.16,404.7,399.22,404.22,146502,129696,AU2012.SHF,0
2020-11-06,406.04,410.68,405.52,408.3,188202,127093,AU2012.SHF,0
2020-11-09,409.0,410.96,406.98,407.42,165871,120788,AU2012.SHF,0
2020-11-10,399.6,399.8,391.5,396.54,258061,113069,AU2012.SHF,0
2020-11-11,395.18,396.2,394.2,395.64,105185,108968,AU2012.SHF,0
2020-11-12,394.64,395.62,392.0,394.98,133699,101791,AU2012.SHF,0
2020-11-13,395.06,397.0,394.6,396.88,102837,95747,AU2012.SHF,0
2020-11-16,397.5,399.76,396.22,396.64,105185,89414,AU2012.SHF,0
2020-11-17,394.7,398.26,393.72,396.18,104315,81027,AU2012.SHF,0
2020-11-18,396.04,397.26,392.72,393.64,87655,76287,AU2012.SHF,0
2020-11-19,392.04,395.36,390.4,392.0,96342,70384,AU2012.SHF,0
2020-11-20,392.0,392.7,390.26,392.18,92438,60399,AU2012.SHF,0
2020-11-23,392.18,394.18,391.6,392.8,80667,51812,AU2012.SHF,0
2020-11-24,392.08,392.12,382.02,383.32,141810,43794,AU2012.SHF,0
2020-11-25,380.04,380.74,378.0,379.24,94687,33091,AU2012.SHF,0
2020-11-26,380.54,381.08,378.16,380.22,50264,24895,AU2012.SHF,0
2020-11-27,381.24,381.9,379.76,381.14,87027,64699,AU2102.SHF,1
2020-11-30,380.28,380.78,368.28,371.34,197649,69429,AU2102.SHF,0
2020-12-01,369.78,375.08,369.46,374.2,123297,67056,AU2102.SHF,0
2020-12-02,378.2,380.36,377.46,379.64,137644,63111,AU2102.SHF,0
2020-12-03,380.88,384.28,379.2,383.7,127570,61338,AU2102.SHF,0
2020-12-04,384.7,385.44,380.78,384.46,121286,59118,AU2102.SHF,0
2020-12-07,384.0,384.94,381.36,383.38,134348,60892,AU2102.SHF,0
2020-12-08,382.22,390.18,381.8,389.18,146198,64088,AU2102.SHF,0
2020-12-09,388.78,390.82,386.16,387.0,117553,61423,AU2102.SHF,0
2020-12-10,386.72,388.08,382.38,383.26,128810,62306,AU2102.SHF,0
2020-12-11,383.22,386.66,382.2,382.78,118041,60998,AU2102.SHF,0
2020-12-14,383.26,386.14,382.06,382.82,117407,51002,AU2102.SHF,0
2020-12-15,381.0,385.94,380.46,385.66,118340,52312,AU2102.SHF,0
2020-12-16,386.12,389.06,385.76,388.4,103926,53332,AU2102.SHF,0
2020-12-17,387.98,391.22,386.32,390.5,109335,55690,AU2102.SHF,0
2020-12-18,392.94,395.48,391.44,393.58,129844,54600,AU2102.SHF,0
2020-12-21,393.96,400.8,392.0,398.36,133771,55273,AU2102.SHF,0
2020-12-22,394.96,395.58,392.14,392.76,135335,52384,AU2102.SHF,0
2020-12-23,393.06,395.14,390.74,391.44,121551,49200,AU2102.SHF,0
2020-12-24,390.5,394.32,390.26,393.04,103777,46772,AU2102.SHF,0
2020-12-25,393.0,395.24,391.26,395.0,91966,47708,AU2102.SHF,0
2020-12-28,395.0,399.2,387.96,395.78,96263,43411,AU2102.SHF,0
2020-12-29,394.4,398.44,393.38,393.86,160917,41610,AU2102.SHF,0
2020-12-30,394.16,395.28,392.14,393.7,111318,39178,AU2102.SHF,0
2020-12-31,393.4,397.68,392.64,394.98,117553,37201,AU2102.SHF,0
2021-01-04,398.98,400.8,398.9,400.04,57526,39504,AU2102.SHF,0
2021-01-05,401.88,404.6,401.0,402.32,120443,39174,AU2102.SHF,0
2021-01-06,404.0,404.96,401.66,402.88,111744,37436,AU2102.SHF,0
2021-01-07,400.2,402.6,394.0,399.06,144477,33912,AU2102.SHF,0
2021-01-08,398.54,399.0,395.5,396.06,95356,29720,AU2102.SHF,0
2021-01-11,392.54,392.84,378.2,385.0,161329,28848,AU2102.SHF,0
2021-01-12,384.36,387.74,381.72,387.42,90144,23586,AU2102.SHF,0
2021-01-13,387.54,388.68,384.02,387.54,80959,20228,AU2102.SHF,0
2021-01-14,387.18,388.96,383.0,385.3,62634,20030,AU2102.SHF,0
2021-01-15,386.5,390.18,385.84,387.9,97553,110771,AU2106.SHF,1
2021-01-18,387.98,388.78,382.08,386.82,131706,114356,AU2106.SHF,0
2021-01-19,387.16,388.56,386.2,387.72,70338,117548,AU2106.SHF,0
2021-01-20,386.4,389.52,385.26,388.82,93863,120653,AU2106.SHF,0
2021-01-21,387.22,392.96,384.78,392.72,147688,123284,AU2106.SHF,0
2021-01-22,391.36,391.94,389.52,390.9,108894,118234,AU2106.SHF,0
2021-01-25,388.0,391.8,386.58,389.0,116924,115004,AU2106.SHF,0
2021-01-26,391.54,392.58,388.34,390.14,118060,115303,AU2106.SHF,0
2021-01-27,390.04,390.5,386.18,387.94,111222,118337,AU2106.SHF,0
2021-01-28,386.8,389.6,385.4,386.3,130181,118555,AU2106.SHF,0
2021-01-29,386.56,390.82,384.2,388.34,172434,118114,AU2106.SHF,0
2021-02-01,390.38,393.42,386.74,392.64,246138,114301,AU2106.SHF,0
2021-02-02,393.0,394.18,388.82,389.5,174280,111539,AU2106.SHF,0
2021-02-03,387.36,387.36,383.46,385.1,180738,113267,AU2106.SHF,0
2021-02-04,384.76,385.76,379.68,382.26,153568,122865,AU2106.SHF,0
2021-02-05,381.3,381.5,375.04,377.86,183350,123703,AU2106.SHF,0
2021-02-08,378.8,381.56,376.46,381.0,155550,119965,AU2106.SHF,0
2021-02-09,382.56,385.84,381.5,385.6,117629,110073,AU2106.SHF,0
2021-02-10,385.16,386.44,383.12,385.66,99733,105125,AU2106.SHF,0
2021-02-18,374.98,374.98,372.44,374.18,70603,115294,AU2106.SHF,0
2021-02-19,374.5,376.46,370.64,372.46,162778,124132,AU2106.SHF,0
2021-02-22,372.7,377.82,372.1,376.66,176649,125451,AU2106.SHF,0
2021-02-23,377.1,381.88,377.1,380.66,147001,128558,AU2106.SHF,0
2021-02-24,380.66,380.92,377.08,379.6,132126,126672,AU2106.SHF,0
2021-02-25,378.62,379.12,373.8,375.94,184423,129150,AU2106.SHF,0
2021-02-26,374.06,375.18,368.5,369.5,234128,137827,AU2106.SHF,0
2021-03-01,369.02,370.84,360.2,367.94,271417,136648,AU2106.SHF,0
2021-03-02,365.0,366.34,358.44,361.74,205450,143591,AU2106.SHF,0
2021-03-03,364.2,365.0,361.66,363.5,141168,141477,AU2106.SHF,0
2021-03-04,362.02,362.14,357.26,360.34,209010,144283,AU2106.SHF,0
2021-03-05,360.76,361.84,354.58,356.6,207121,141913,AU2106.SHF,0
2021-03-08,357.72,361.98,355.74,360.36,179040,135418,AU2106.SHF,0
2021-03-09,358.64,359.5,355.42,359.04,150596,134384,AU2106.SHF,0
2021-03-10,360.54,364.86,360.38,362.9,172143,132288,AU2106.SHF,0
2021-03-11,362.28,366.96,362.16,365.88,146580,132572,AU2106.SHF,0
2021-03-12,366.12,366.3,360.4,360.76,151813,136810,AU2106.SHF,0
2021-03-15,360.12,366.16,358.5,363.86,158017,133153,AU2106.SHF,0
2021-03-16,365.22,366.22,363.2,364.56,117957,131515,AU2106.SHF,0
2021-03-17,365.0,367.56,364.62,366.2,126259,129360,AU2106.SHF,0
2021-03-18,365.1,369.96,363.6,369.24,157390,132863,AU2106.SHF,0
2021-03-19,365.8,368.68,363.02,367.66,169281,128668,AU2106.SHF,0
2021-03-22,367.22,368.36,365.02,365.7,143322,122918,AU2106.SHF,0
2021-03-23,365.8,367.5,364.9,366.8,102751,120510,AU2106.SHF,0
2021-03-24,367.0,367.36,364.12,366.24,131233,121185,AU2106.SHF,0
2021-03-25,366.54,368.72,365.78,367.22,105658,121302,AU2106.SHF,0
2021-03-26,366.5,370.6,365.12,366.24,176151,122172,AU2106.SHF,0
2021-03-29,365.88,368.4,365.36,366.44,117453,122257,AU2106.SHF,0
2021-03-30,366.58,367.22,361.32,361.5,172559,130818,AU2106.SHF,0
2021-03-31,357.62,358.84,355.88,357.38,152998,135675,AU2106.SHF,0
2021-04-01,357.46,365.52,357.36,364.98,168693,128041,AU2106.SHF,0
2021-04-02,365.8,370.0,365.64,369.98,133687,129113,AU2106.SHF,0
2021-04-06,367.38,369.18,366.5,367.3,63847,131597,AU2106.SHF,0
2021-04-07,368.36,370.2,367.9,369.1,115028,132516,AU2106.SHF,0
2021-04-08,368.92,371.5,367.5,370.08,134886,136015,AU2106.SHF,0
2021-04-09,370.88,373.96,370.88,371.96,152545,138525,AU2106.SHF,0
2021-04-12,369.72,370.96,367.76,369.18,148270,128696,AU2106.SHF,0
2021-04-13,369.02,369.02,365.54,365.8,137766,123476,AU2106.SHF,0
2021-04-14,367.88,370.56,367.88,369.54,128655,118943,AU2106.SHF,0
2021-04-15,369.38,369.6,366.3,369.54,142833,119190,AU2106.SHF,0
2021-04-16,369.12,374.08,368.92,372.86,152801,125219,AU2106.SHF,0
2021-04-19,376.5,377.36,374.4,375.5,140592,123785,AU2106.SHF,0
2021-04-20,374.2,374.48,371.42,372.1,128949,118776,AU2106.SHF,0
2021-04-21,372.16,376.06,371.58,375.98,129375,120414,AU2106.SHF,0
2021-04-22,375.58,378.1,375.02,376.4,140175,117927,AU2106.SHF,0
2021-04-23,374.98,376.16,373.7,375.2,132908,114736,AU2106.SHF,0
2021-04-26,376.7,377.48,371.9,373.14,162815,110942,AU2106.SHF,0
2021-04-27,373.1,374.48,372.02,373.48,121133,110532,AU2106.SHF,0
2021-04-28,374.1,375.04,370.86,371.4,151022,106097,AU2106.SHF,0
2021-04-29,371.42,375.18,370.7,372.68,138559,101949,AU2106.SHF,0
2021-04-30,373.18,373.18,367.82,370.76,156690,94403,AU2106.SHF,0
2021-05-06,373.5,376.66,373.08,376.28,69253,94003,AU2106.SHF,0
2021-05-07,376.28,381.22,375.48,380.4,156474,92635,AU2106.SHF,0
2021-05-10,383.8,384.22,380.36,381.76,161755,89242,AU2106.SHF,0
2021-05-11,382.68,383.34,380.56,381.54,126642,83496,AU2106.SHF,0
2021-05-12,380.0,382.6,378.36,382.44,136685,78686,AU2106.SHF,0
2021-05-13,383.5,384.44,379.5,380.68,154721,74562,AU2106.SHF,0
2021-05-14,379.8,383.48,379.64,382.96,135687,77192,AU2106.SHF,0
2021-05-17,383.42,388.5,382.96,387.3,134116,76304,AU2106.SHF,0
2021-05-18,385.82,391.64,385.6,389.96,153390,70070,AU2106.SHF,0
2021-05-19,390.0,390.54,387.72,390.3,131065,57758,AU2106.SHF,0
2021-05-20,390.3,393.98,388.0,390.4,186338,51809,AU2106.SHF,0
2021-05-21,390.18,393.0,389.54,390.4,113414,45851,AU2106.SHF,0
2021-05-24,393.52,393.88,389.16,391.66,139920,40105,AU2106.SHF,0
2021-05-25,391.26,391.38,387.82,389.82,121975,28991,AU2106.SHF,0
2021-05-26,389.86,394.88,388.96,393.4,111268,22919,AU2106.SHF,0
2021-05-27,394.0,394.16,389.78,390.96,59720,16296,AU2106.SHF,0
2021-05-28,394.42,394.42,391.1,391.38,144120,137711,AU2112.SHF,1
2021-05-31,392.28,395.58,391.76,394.38,150667,145278,AU2112.SHF,0
2021-06-01,394.56,397.28,393.68,396.9,110920,152911,AU2112.SHF,0
2021-06-02,396.9,397.12,389.1,389.98,178012,153130,AU2112.SHF,0
2021-06-03,390.96,392.42,386.74,387.5,142308,156168,AU2112.SHF,0
2021-06-04,382.74,384.6,370.1,382.62,212575,155341,AU2112.SHF,0
2021-06-07,385.88,386.94,384.14,385.32,120489,159073,AU2112.SHF,0
2021-06-08,385.5,390.78,385.4,387.9,108998,158963,AU2112.SHF,0
2021-06-09,387.46,388.8,385.96,387.7,93176,160266,AU2112.SHF,0
2021-06-10,388.22,389.16,384.88,386.46,117279,161767,AU2112.SHF,0
2021-06-11,387.94,391.32,387.28,389.92,107043,161262,AU2112.SHF,0
2021-06-15,383.46,384.88,380.12,382.66,87850,166011,AU2112.SHF,0
2021-06-16,382.08,383.4,379.72,382.24,101316,168335,AU2112.SHF,0
2021-06-17,381.84,384.0,374.38,375.66,149885,173596,AU2112.SHF,0
2021-06-18,370.22,372.5,369.5,371.62,167921,172151,AU2112.SHF,0
2021-06-21,370.92,372.3,368.7,371.94,161977,172811,AU2112.SHF,0
2021-06-22,371.28,374.66,371.12,373.44,122215,166974,AU2112.SHF,0
2021-06-23,371.98,374.42,371.58,374.02,76440,165722,AU2112.SHF,0
2021-06-24,373.88,376.16,371.8,371.94,117978,168221,AU2112.SHF,0
2021-06-25,373.0,373.9,370.5,371.4,99429,168791,AU2112.SHF,0
2021-06-28,372.44,373.62,369.62,372.16,125440,167239,AU2112.SHF,0
2021-06-29,371.88,372.64,370.42,370.8,86764,170436,AU2112.SHF,0
2021-06-30,367.46,369.54,366.12,367.5,128592,174865,AU2112.SHF,0
2021-07-01,367.5,372.38,366.76,371.78,122028,169955,AU2112.SHF,0
2021-07-02,371.8,373.2,370.12,372.64,103477,167139,AU2112.SHF,0
2021-07-05,374.6,375.98,372.64,373.88,133466,165679,AU2112.SHF,0
2021-07-06,374.5,377.8,372.28,377.46,91273,167119,AU2112.SHF,0
2021-07-07,378.38,379.02,375.38,377.3,145870,163935,AU2112.SHF,0
2021-07-08,377.3,378.44,376.06,376.62,122603,164844,AU2112.SHF,0
2021-07-09,380.0,380.76,376.18,377.78,147647,166341,AU2112.SHF,0
2021-07-12,378.08,379.96,376.5,377.0,108697,169146,AU2112.SHF,0
2021-07-13,377.18,379.14,374.98,378.8,117478,167895,AU2112.SHF,0
2021-07-14,377.28,380.06,376.82,379.5,120729,170881,AU2112.SHF,0
2021-07-15,381.5,382.66,379.96,382.48,115976,174985,AU2112.SHF,0
2021-07-16,381.28,383.08,380.08,381.48,103066,172415,AU2112.SHF,0
2021-07-19,381.48,382.3,377.8,377.84,141541,169375,AU2112.SHF,0
2021-07-20,379.52,381.38,378.12,380.68,124603,170397,AU2112.SHF,0
2021-07-21,382.52,382.54,377.54,379.28,147174,167582,AU2112.SHF,0
2021-07-22,376.5,377.6,375.66,376.3,130983,169102,AU2112.SHF,0
2021-07-23,376.52,378.28,375.16,378.02,111409,167275,AU2112.SHF,0
2021-07-26,377.26,379.54,376.0,379.04,111773,167615,AU2112.SHF,0
2021-07-27,378.54,378.54,375.36,375.84,110121,169626,AU2112.SHF,0
2021-07-28,378.6,380.66,377.52,379.9,142958,172518,AU2112.SHF,0
2021-07-29,378.7,381.8,377.24,381.16,127838,172910,AU2112.SHF,0
2021-07-30,381.9,383.12,381.22,382.5,105481,174179,AU2112.SHF,0
2021-08-02,381.4,382.1,377.6,377.84,139682,163558,AU2112.SHF,0
2021-08-03,377.44,380.1,377.32,377.82,98232,161628,AU2112.SHF,0
2021-08-04,378.5,379.12,377.9,378.66,81068,161151,AU2112.SHF,0
2021-08-05,381.26,382.36,377.0,378.04,151677,164130,AU2112.SHF,0
2021-08-06,377.78,378.38,375.6,375.9,117978,169075,AU2112.SHF,0
2021-08-09,371.52,371.64,362.1,365.6,216464,178597,AU2112.SHF,0
2021-08-10,364.88,365.94,362.16,363.92,140271,182514,AU2112.SHF,0
2021-08-11,362.82,364.18,360.8,363.52,128875,181145,AU2112.SHF,0
2021-08-12,365.3,367.8,364.58,367.16,125076,177641,AU2112.SHF,0
2021-08-13,366.34,368.48,365.12,368.04,101361,176218,AU2112.SHF,0
2021-08-16,369.0,372.98,369.0,371.24,123664,171907,AU2112.SHF,0
2021-08-17,372.02,375.46,371.84,375.02,106219,171740,AU2112.SHF,0
2021-08-18,374.46,375.72,373.14,375.4,116885,169026,AU2112.SHF,0
2021-08-19,374.9,375.14,372.2,374.28,132639,168500,AU2112.SHF,0
2021-08-20,374.88,376.16,372.7,375.5,115068,167847,AU2112.SHF,0
2021-08-23,374.52,375.34,372.34,374.88,131472,166162,AU2112.SHF,0
2021-08-24,377.22,378.44,376.24,377.68,130830,166060,AU2112.SHF,0
2021-08-25,378.4,378.72,375.18,375.54,117951,164348,AU2112.SHF,0
2021-08-26,376.18,376.36,373.38,373.96,131542,162352,AU2112.SHF,0
2021-08-27,373.42,378.5,372.1,377.78,150179,166528,AU2112.SHF,0
2021-08-30,377.08,381.16,374.5,379.04,203739,165580,AU2112.SHF,0
2021-08-31,378.86,379.68,377.44,378.84,101798,166345,AU2112.SHF,0
2021-09-01,377.44,379.4,375.88,379.12,137823,167142,AU2112.SHF,0
2021-09-02,379.64,380.82,377.36,378.92,104293,164443,AU2112.SHF,0
2021-09-03,378.48,378.88,376.56,378.54,102387,163961,AU2112.SHF,0
2021-09-06,379.88,382.04,378.88,380.96,143744,164582,AU2112.SHF,0
2021-09-07,380.4,381.24,378.84,379.42,78036,161407,AU2112.SHF,0
2021-09-08,378.04,379.26,374.22,374.96,167842,159303,AU2112.SHF,0
2021-09-09,374.96,375.36,371.88,373.2,127951,160372,AU2112.SHF,0
2021-09-10,373.52,375.68,372.0,375.5,132367,157040,AU2112.SHF,0
2021-09-13,373.08,374.16,371.6,373.3,127658,157853,AU2112.SHF,0
2021-09-14,372.86,375.0,372.46,373.82,98133,157861,AU2112.SHF,0
2021-09-15,374.14,376.58,372.92,374.82,130531,157109,AU2112.SHF,0
2021-09-16,374.1,374.46,370.94,371.76,133143,160777,AU2112.SHF,0
2021-09-17,367.24,368.3,364.28,367.86,154250,160573,AU2112.SHF,0
2021-09-22,371.08,373.18,371.08,372.52,57035,156988,AU2112.SHF,0
2021-09-23,371.66,373.92,368.64,369.26,109003,157597,AU2112.SHF,0
2021-09-24,368.28,368.94,365.2,366.78,137054,160962,AU2112.SHF,0
2021-09-27,365.78,368.38,364.4,367.86,118307,158001,AU2112.SHF,0
2021-09-28,367.2,368.14,363.94,364.22,112198,159165,AU2112.SHF,0
2021-09-29,362.6,367.08,362.4,364.48,129797,155242,AU2112.SHF,0
2021-09-30,364.26,364.64,361.76,362.78,140055,151679,AU2112.SHF,0
2021-10-08,366.78,368.28,365.6,367.54,56683,147243,AU2112.SHF,0
2021-10-11,370.88,372.2,365.98,366.16,140192,146727,AU2112.SHF,0
2021-10-12,366.16,368.62,365.92,368.22,83906,145528,AU2112.SHF,0
2021-10-13,367.4,369.58,367.02,368.1,102254,144475,AU2112.SHF,0
2021-10-14,367.44,373.9,366.78,373.24,181822,143981,AU2112.SHF,0
2021-10-15,375.0,375.6,372.3,372.58,93779,142299,AU2112.SHF,0
2021-10-18,368.72,369.98,366.86,367.58,138360,137562,AU2112.SHF,0
2021-10-19,367.0,368.78,366.88,368.76,94492,137915,AU2112.SHF,0
2021-10-20,368.5,369.18,364.94,367.66,137498,135049,AU2112.SHF,0
2021-10-21,370.06,370.2,367.6,369.54,122282,127037,AU2112.SHF,0
2021-10-22,369.18,371.32,368.08,371.08,101225,128332,AU2112.SHF,0
2021-10-25,372.94,374.38,368.44,370.14,182657,126939,AU2112.SHF,0
2021-10-26,372.0,372.8,371.36,371.64,94982,123028,AU2112.SHF,0
2021-10-27,371.0,371.18,367.0,368.92,149465,113356,AU2112.SHF,0
2021-10-28,369.58,372.88,368.16,372.56,146203,109421,AU2112.SHF,0
2021-10-29,371.68,373.96,370.04,370.48,140767,103484,AU2112.SHF,0
2021-11-01,368.1,369.9,367.0,368.78,121484,94942,AU2112.SHF,0
2021-11-02,369.78,371.68,369.28,371.26,91075,93259,AU2112.SHF,0
2021-11-03,370.5,371.06,367.66,368.04,97502,89444,AU2112.SHF,0
2021-11-04,367.24,367.78,364.12,366.58,118253,87386,AU2112.SHF,0
2021-11-05,370.18,372.0,369.9,371.74,109957,88518,AU2112.SHF,0
2021-11-08,371.06,377.7,370.7,375.9,151422,95638,AU2112.SHF,0
2021-11-09,375.96,377.8,375.58,377.46,94669,96097,AU2112.SHF,0
2021-11-10,377.26,378.5,376.08,377.46,101229,88276,AU2112.SHF,0
2021-11-11,377.48,386.0,376.36,383.36,187007,83020,AU2112.SHF,0
2021-11-12,384.12,385.3,383.12,383.6,105561,80368,AU2112.SHF,0
2021-11-15,381.88,385.16,381.56,382.2,124417,76091,AU2112.SHF,0
2021-11-16,383.18,385.18,382.92,384.02,98838,73402,AU2112.SHF,0
2021-11-17,386.0,387.54,381.2,382.26,139112,66519,AU2112.SHF,0
2021-11-18,383.8,384.92,382.76,383.54,88262,64764,AU2112.SHF,0
2021-11-19,384.08,384.46,381.8,382.74,91448,61137,AU2112.SHF,0
2021-11-22,383.46,384.72,378.8,379.14,117269,53275,AU2112.SHF,0
2021-11-23,378.48,379.06,371.58,371.78,144230,46648,AU2112.SHF,0
2021-11-24,370.02,370.28,367.88,369.76,109728,40440,AU2112.SHF,0
2021-11-25,368.26,370.2,367.42,369.78,81274,33694,AU2112.SHF,0
2021-11-26,370.16,373.14,369.36,372.7,95881,67499,AU2202.SHF,1
2021-11-29,373.4,374.62,369.08,371.42,197528,71165,AU2202.SHF,0
2021-11-30,371.2,371.26,368.32,370.24,146617,73424,AU2202.SHF,0
2021-12-01,370.12,372.82,365.64,368.74,247908,78077,AU2202.SHF,0
2021-12-02,368.76,369.38,366.26,367.0,156382,82515,AU2202.SHF,0
2021-12-03,367.4,367.68,364.24,365.92,163294,85729,AU2202.SHF,0
2021-12-06,366.18,369.08,364.9,368.68,174000,84867,AU2202.SHF,0
2021-12-07,368.0,368.8,367.08,367.88,95419,85340,AU2202.SHF,0
2021-12-08,368.28,368.94,365.88,368.28,120371,84263,AU2202.SHF,0
2021-12-09,367.28,367.5,366.02,366.72,108535,84599,AU2202.SHF,0
2021-12-10,366.66,368.36,365.1,365.62,140358,86653,AU2202.SHF,0
2021-12-13,366.18,369.72,365.9,368.14,150454,83095,AU2202.SHF,0
2021-12-14,369.42,369.42,367.6,368.52,93707,81966,AU2202.SHF,0
2021-12-15,367.98,368.16,363.5,364.36,154840,92947,AU2202.SHF,0
2021-12-16,365.0,368.1,363.7,368.08,126793,84017,AU2202.SHF,0
2021-12-17,368.0,372.96,367.9,372.78,169339,80495,AU2202.SHF,0
2021-12-20,374.06,374.76,371.8,372.34,116091,76457,AU2202.SHF,0
2021-12-21,371.7,371.9,369.26,369.72,105785,74404,AU2202.SHF,0
2021-12-22,371.2,371.8,368.68,368.9,103517,74192,AU2202.SHF,0
2021-12-23,370.1,373.24,369.2,372.78,106970,72710,AU2202.SHF,0
2021-12-24,372.68,373.96,371.18,373.56,99060,73933,AU2202.SHF,0
2021-12-27,373.6,374.46,372.42,373.44,52289,65790,AU2202.SHF,0
2021-12-28,372.96,374.6,371.74,374.46,81903,63166,AU2202.SHF,0
2021-12-29,374.7,375.4,371.82,372.58,90308,59323,AU2202.SHF,0
2021-12-30,370.16,372.3,369.16,370.8,104329,54452,AU2202.SHF,0
2021-12-31,372.14,375.28,371.06,374.7,94384,55482,AU2202.SHF,0
2022-01-04,372.0,372.76,371.52,371.74,40002,50227,AU2202.SHF,0
2022-01-05,371.3,373.9,370.74,373.1,74806,48680,AU2202.SHF,0
2022-01-06,373.76,376.04,369.92,370.64,96308,45808,AU2202.SHF,0
2022-01-07,369.0,369.84,368.02,368.14,87693,43436,AU2202.SHF,0
2022-01-10,368.3,369.76,367.12,368.56,89563,41458,AU2202.SHF,0
2022-01-11,368.6,372.34,368.28,371.94,74589,39839,AU2202.SHF,0
2022-01-12,371.72,374.6,370.92,373.92,63261,37307,AU2202.SHF,0
2022-01-13,373.98,375.4,373.54,374.92,65685,35778,AU2202.SHF,0
2022-01-14,374.68,375.04,372.2,374.58,59010,33604,AU2202.SHF,0
2022-01-17,373.56,374.68,371.5,372.52,61879,30014,AU2202.SHF,0
2022-01-18,372.42,373.04,371.36,371.76,28301,26505,AU2202.SHF,0
2022-01-19,373.5,374.86,371.8,373.06,100350,109525,AU2206.SHF,1
2022-01-20,373.72,378.9,373.7,378.4,124632,121124,AU2206.SHF,0
2022-01-21,378.42,379.78,377.52,378.22,96909,124470,AU2206.SHF,0
2022-01-24,377.14,378.84,376.4,377.2,93706,125000,AU2206.SHF,0
2022-01-25,377.44,378.46,375.6,377.92,103475,125384,AU2206.SHF,0
2022-01-26,377.7,380.2,377.42,378.58,107028,127411,AU2206.SHF,0
2022-01-27,378.5,378.8,371.3,371.58,139154,122231,AU2206.SHF,0
2022-01-28,371.72,372.56,369.36,370.1,105630,119198,AU2206.SHF,0
2022-02-07,372.76,373.08,371.9,372.14,38735,116476,AU2206.SHF,0
2022-02-08,372.82,375.34,372.82,374.8,69580,114128,AU2206.SHF,0
2022-02-09,374.52,376.82,374.52,376.58,65610,117233,AU2206.SHF,0
2022-02-10,376.48,377.92,375.68,377.4,73162,122922,AU2206.SHF,0
2022-02-11,377.12,378.5,374.92,375.24,123704,124883,AU2206.SHF,0
2022-02-14,376.48,383.24,375.24,381.7,129559,135136,AU2206.SHF,0
2022-02-15,381.94,385.92,381.24,385.58,135442,144132,AU2206.SHF,0
2022-02-16,379.5,380.2,378.22,379.84,120792,137278,AU2206.SHF,0
2022-02-17,379.5,384.16,379.16,383.54,103142,140114,AU2206.SHF,0
2022-02-18,385.6,388.3,385.56,386.64,152353,146060,AU2206.SHF,0
2022-02-21,386.88,388.8,385.74,386.0,133179,147102,AU2206.SHF,0
2022-02-22,387.62,391.42,386.8,390.72,103148,152155,AU2206.SHF,0
2022-02-23,387.9,389.04,386.6,387.58,108472,154116,AU2206.SHF,0
2022-02-24,386.72,397.36,386.72,396.04,169790,160094,AU2206.SHF,0
2022-02-25,400.24,401.58,389.0,391.42,267276,158160,AU2206.SHF,0
2022-02-28,387.02,392.38,384.46,389.02,199335,148983,AU2206.SHF,0
2022-03-01,389.02,391.12,385.72,389.14,161636,151624,AU2206.SHF,0
2022-03-02,390.9,395.06,389.88,394.5,204677,153579,AU2206.SHF,0
2022-03-03,392.6,394.52,390.94,393.2,178150,152607,AU2206.SHF,0
2022-03-04,393.6,397.08,392.42,394.64,178195,153000,AU2206.SHF,0
2022-03-07,396.2,406.54,395.32,403.3,246146,157362,AU2206.SHF,0
2022-03-08,402.6,412.84,398.38,412.2,248842,160192,AU2206.SHF,0
2022-03-09,409.5,420.74,407.8,417.16,338749,155056,AU2206.SHF,0
2022-03-10,408.32,409.04,399.68,404.0,267975,145334,AU2206.SHF,0
2022-03-11,407.46,408.82,403.54,404.78,186460,143797,AU2206.SHF,0
2022-03-14,402.36,406.48,400.2,402.5,193134,139748,AU2206.SHF,0
2022-03-15,400.28,401.06,393.04,394.46,169348,133762,AU2206.SHF,0
2022-03-16,393.3,394.92,390.7,391.04,154667,131122,AU2206.SHF,0
2022-03-17,392.0,396.26,388.5,395.44,160425,133249,AU2206.SHF,0
2022-03-18,396.38,398.58,395.32,395.9,124890,133459,AU2206.SHF,0
2022-03-21,396.88,396.98,393.74,394.76,121955,133301,AU2206.SHF,0
2022-03-22,394.88,398.06,393.22,397.16,104039,137886,AU2206.SHF,0
2022-03-23,396.18,396.18,392.78,394.72,108959,139376,AU2206.SHF,0
2022-03-24,396.5,400.96,396.3,399.02,111485,142185,AU2206.SHF,0
2022-03-25,400.32,403.7,399.82,401.7,131539,146137,AU2206.SHF,0
2022-03-28,401.5,403.04,397.46,397.68,135966,145537,AU2206.SHF,0
2022-03-29,398.34,399.16,394.76,395.54,97191,143417,AU2206.SHF,0
2022-03-30,390.0,395.54,388.8,394.74,141284,142204,AU2206.SHF,0
2022-03-31,394.96,397.2,392.6,394.34,101336,140897,AU2206.SHF,0
2022-04-01,395.88,398.28,395.08,396.26,106554,140830,AU2206.SHF,0
2022-04-06,394.1,395.74,393.48,394.5,46276,139966,AU2206.SHF,0
2022-04-07,395.18,395.96,393.5,394.94,86765,140573,AU2206.SHF,0
2022-04-08,395.3,397.32,395.3,396.04,95198,142163,AU2206.SHF,0
2022-04-11,396.72,400.18,396.46,399.6,128916,149299,AU2206.SHF,0
2022-04-12,403.44,403.5,398.78,401.78,125403,151812,AU2206.SHF,0
2022-04-13,404.34,404.74,402.02,403.7,134210,157387,AU2206.SHF,0
2022-04-14,405.7,406.08,403.92,404.32,96536,157758,AU2206.SHF,0
2022-04-15,404.96,406.28,402.78,405.82,113478,161169,AU2206.SHF,0
2022-04-18,405.82,408.46,404.92,408.02,73708,160397,AU2206.SHF,0
2022-04-19,408.5,409.04,404.56,405.1,106332,155858,AU2206.SHF,0
2022-04-20,404.46,405.24,399.32,400.06,161069,143143,AU2206.SHF,0
2022-04-21,402.44,405.16,401.76,405.06,102896,142342,AU2206.SHF,0
2022-04-22,404.16,407.16,402.7,406.8,125149,148913,AU2206.SHF,0
2022-04-25,405.66,407.78,403.48,404.42,181631,140109,AU2206.SHF,0
2022-04-26,399.88,402.56,399.6,401.3,153998,132594,AU2206.SHF,0
2022-04-27,401.0,403.2,400.78,400.9,128668,117602,AU2206.SHF,0
2022-04-28,400.8,401.1,397.66,400.82,152938,113128,AU2206.SHF,0
2022-04-29,401.52,407.06,401.32,405.82,136855,111709,AU2206.SHF,0
2022-05-05,402.78,405.04,402.36,404.52,49351,109650,AU2206.SHF,0
2022-05-06,406.54,406.88,401.2,403.6,145835,107145,AU2206.SHF,0
2022-05-09,404.22,406.58,403.44,405.36,114119,106773,AU2206.SHF,0
2022-05-10,403.56,405.76,402.04,402.3,129279,98089,AU2206.SHF,0
2022-05-11,403.58,404.16,398.08,399.94,128547,92201,AU2206.SHF,0
2022-05-12,399.94,404.58,399.62,404.24,130086,89191,AU2206.SHF,0
2022-05-13,403.2,404.34,399.22,399.66,126324,82247,AU2206.SHF,0
2022-05-16,396.62,398.06,394.82,395.84,132666,75447,AU2206.SHF,0
2022-05-17,396.1,398.44,394.56,397.98,97417,65894,AU2206.SHF,0
2022-05-18,396.98,396.98,393.04,393.32,94759,62145,AU2206.SHF,0
2022-05-19,393.48,396.36,393.3,394.96,84776,57132,AU2206.SHF,0
2022-05-20,398.42,398.94,396.48,397.18,97174,47535,AU2206.SHF,0
2022-05-23,396.7,399.08,394.82,397.16,85395,41831,AU2206.SHF,0
2022-05-24,397.6,398.48,395.8,398.08,65760,36863,AU2206.SHF,0
2022-05-25,399.08,400.0,398.46,398.84,70105,29442,AU2206.SHF,0
2022-05-26,399.22,400.58,397.8,400.36,60911,24257,AU2206.SHF,0
2022-05-27,399.98,402.34,399.78,402.14,43290,19791,AU2206.SHF,0
2022-05-30,401.68,402.22,399.56,399.92,90840,68431,AU2208.SHF,1
2022-05-31,399.3,400.56,397.92,399.04,68298,70506,AU2208.SHF,0
2022-06-01,398.58,399.54,395.0,396.36,95514,71583,AU2208.SHF,0
2022-06-02,397.68,399.78,396.78,398.98,90356,70175,AU2208.SHF,0
2022-06-06,397.28,398.6,397.08,398.0,24065,68402,AU2208.SHF,0
2022-06-07,397.28,397.46,395.16,396.0,67655,68849,AU2208.SHF,0
2022-06-08,397.18,398.76,396.9,398.02,66358,66977,AU2208.SHF,0
2022-06-09,399.46,400.5,398.72,398.82,60238,68632,AU2208.SHF,0
2022-06-10,398.74,399.12,397.14,397.54,65595,68174,AU2208.SHF,0
2022-06-13,397.72,406.12,396.46,404.22,162941,78049,AU2208.SHF,0
2022-06-14,401.0,402.22,396.3,396.9,135012,72780,AU2208.SHF,0
2022-06-15,395.86,396.0,393.52,394.46,104836,70940,AU2208.SHF,0
2022-06-16,396.22,397.12,393.32,395.76,101969,70145,AU2208.SHF,0
2022-06-17,395.48,398.8,395.28,398.58,102250,67768,AU2208.SHF,0
2022-06-20,399.68,400.1,396.72,397.0,92530,68741,AU2208.SHF,0
2022-06-21,396.36,397.46,396.04,396.26,48969,69055,AU2208.SHF,0
2022-06-22,396.74,397.76,395.16,396.2,75377,68810,AU2208.SHF,0
2022-06-23,398.44,399.2,396.3,396.7,85445,67153,AU2208.SHF,0
2022-06-24,396.9,398.44,393.02,393.64,114804,67342,AU2208.SHF,0
2022-06-27,393.44,396.36,392.46,396.32,81461,60854,AU2208.SHF,0
2022-06-28,395.2,396.0,393.1,393.86,91042,44398,AU2208.SHF,0
2022-06-29,394.38,395.24,393.14,393.34,68553,42209,AU2208.SHF,0
2022-06-30,395.38,395.78,392.26,392.7,87446,41009,AU2208.SHF,0
2022-07-01,393.9,394.36,388.44,388.94,98916,40811,AU2208.SHF,0
2022-07-04,387.38,391.34,386.7,390.92,89714,38131,AU2208.SHF,0
2022-07-05,389.9,391.18,389.9,390.52,39337,33312,AU2208.SHF,0
2022-07-06,390.0,390.1,381.7,382.86,100756,33505,AU2208.SHF,0
2022-07-07,382.18,382.68,375.06,377.44,112644,33934,AU2208.SHF,0
2022-07-08,376.6,378.0,375.2,377.04,62329,32501,AU2208.SHF,0
2022-07-11,375.9,378.56,375.5,377.0,65924,30024,AU2208.SHF,0
2022-07-12,378.52,381.16,375.78,378.2,96671,121746,AU2212.SHF,1
2022-07-13,377.8,378.3,375.1,375.6,85788,128351,AU2212.SHF,0
2022-07-14,373.7,379.98,373.4,376.1,139404,128926,AU2212.SHF,0
2022-07-15,374.98,375.6,372.16,373.38,123043,131170,AU2212.SHF,0
2022-07-18,373.7,375.58,371.8,374.98,108560,130622,AU2212.SHF,0
2022-07-19,374.94,376.0,373.02,373.84,84271,137330,AU2212.SHF,0
2022-07-20,373.78,375.0,373.3,373.52,73963,138685,AU2212.SHF,0
2022-07-21,374.08,375.24,369.82,370.32,97555,146300,AU2212.SHF,0
2022-07-22,373.7,376.54,371.68,375.98,142536,137504,AU2212.SHF,0
2022-07-25,376.66,379.72,376.06,377.18,105493,138104,AU2212.SHF,0
2022-07-26,376.94,377.84,375.2,377.46,75446,139027,AU2212.SHF,0
2022-07-27,376.4,377.1,375.8,376.64,66567,142175,AU2212.SHF,0
2022-07-28,376.1,380.76,375.0,380.72,105414,142439,AU2212.SHF,0
2022-07-29,381.7,386.48,380.84,386.1,132826,144045,AU2212.SHF,0
2022-08-01,384.06,386.6,383.7,385.8,106224,142865,AU2212.SHF,0
2022-08-02,388.0,391.1,387.2,389.16,101254,146991,AU2212.SHF,0
2022-08-03,391.4,391.5,384.52,387.3,147045,147914,AU2212.SHF,0
2022-08-04,388.16,388.52,384.64,387.9,98142,144753,AU2212.SHF,0
2022-08-05,389.66,392.0,388.1,391.1,91461,145024,AU2212.SHF,0
2022-08-08,387.08,389.52,386.62,388.7,80162,143959,AU2212.SHF,0
2022-08-09,389.72,391.42,389.6,390.46,63863,145258,AU2212.SHF,0
2022-08-10,391.8,393.24,391.0,391.18,68684,147290,AU2212.SHF,0
2022-08-11,392.3,392.46,389.08,389.56,77324,147851,AU2212.SHF,0
2022-08-12,391.04,391.88,389.78,391.22,61410,148698,AU2212.SHF,0
2022-08-15,391.22,393.24,390.8,392.0,81211,151634,AU2212.SHF,0
2022-08-16,390.54,391.76,389.42,391.52,67453,150845,AU2212.SHF,0
2022-08-17,390.02,390.84,389.52,389.9,65455,151262,AU2212.SHF,0
2022-08-18,389.64,389.64,386.7,387.76,72769,151912,AU2212.SHF,0
2022-08-19,388.6,388.96,386.5,387.56,77205,152629,AU2212.SHF,0
2022-08-22,387.9,388.66,386.02,386.26,68649,152993,AU2212.SHF,0
2022-08-23,385.32,387.82,385.0,387.32,61676,154056,AU2212.SHF,0
2022-08-24,386.58,389.6,386.5,389.54,62855,153425,AU2212.SHF,0
2022-08-25,389.0,391.06,388.6,390.82,55400,153126,AU2212.SHF,0
2022-08-26,390.82,391.6,389.62,391.28,56434,153994,AU2212.SHF,0
2022-08-29,389.02,391.12,387.4,387.94,103273,150076,AU2212.SHF,0
2022-08-30,389.74,390.82,389.22,389.3,60243,150886,AU2212.SHF,0
2022-08-31,388.6,389.2,386.6,386.92,68549,152579,AU2212.SHF,0
2022-09-01,385.02,386.8,382.96,383.7,97678,153021,AU2212.SHF,0
2022-09-02,382.84,383.28,381.08,383.02,81362,152378,AU2212.SHF,0
2022-09-05,384.5,387.58,383.5,386.86,76187,148539,AU2212.SHF,0
2022-09-06,387.54,389.1,386.34,388.98,48930,146233,AU2212.SHF,0
2022-09-07,387.8,388.38,385.0,386.36,71015,145708,AU2212.SHF,0
2022-09-08,386.66,389.72,386.18,389.46,68825,143980,AU2212.SHF,0
2022-09-09,388.46,389.52,386.7,389.52,75842,144703,AU2212.SHF,0
2022-09-13,389.46,390.22,388.78,389.66,30917,147143,AU2212.SHF,0
2022-09-14,387.14,388.6,386.66,387.2,83661,146422,AU2212.SHF,0
2022-09-15,388.02,388.56,385.0,385.24,74428,150165,AU2212.SHF,0
2022-09-16,386.22,386.72,382.92,383.6,105207,153193,AU2212.SHF,0
2022-09-19,383.82,386.06,383.48,384.7,81940,151930,AU2212.SHF,0
2022-09-20,384.58,387.0,384.0,385.84,68849,150312,AU2212.SHF,0
2022-09-21,385.48,387.36,384.14,386.98,71320,149144,AU2212.SHF,0
2022-09-22,387.08,387.18,384.26,386.04,74938,147751,AU2212.SHF,0
2022-09-23,388.2,388.2,386.5,387.64,77093,145614,AU2212.SHF,0
2022-09-26,385.0,386.56,382.88,384.38,116323,143474,AU2212.SHF,0
2022-09-27,384.94,385.44,382.3,384.88,85615,143327,AU2212.SHF,0
2022-09-28,385.1,386.0,384.26,385.9,87178,140837,AU2212.SHF,0
2022-09-29,387.76,390.0,387.44,389.66,117404,144035,AU2212.SHF,0
2022-09-30,387.98,391.0,387.34,390.82,89474,146605,AU2212.SHF,0
2022-10-10,398.0,398.0,392.92,393.24,59687,147560,AU2212.SHF,0
2022-10-11,392.6,393.0,391.28,392.72,66393,147396,AU2212.SHF,0
2022-10-12,392.1,393.86,391.5,393.04,70108,147003,AU2212.SHF,0
2022-10-13,393.38,394.0,392.58,393.0,52091,147080,AU2212.SHF,0
2022-10-14,391.5,393.0,390.16,392.42,111854,147554,AU2212.SHF,0
2022-10-17,391.7,392.08,389.52,390.28,79885,143075,AU2212.SHF,0
2022-10-18,392.68,392.82,389.96,390.78,68304,142008,AU2212.SHF,0
2022-10-19,391.5,391.5,389.84,390.18,56600,143312,AU2212.SHF,0
2022-10-20,389.96,390.3,387.8,388.1,73576,139419,AU2212.SHF,0
2022-10-21,388.68,389.46,387.08,387.46,64585,135755,AU2212.SHF,0
2022-10-24,389.74,392.82,388.3,392.72,112181,131608,AU2212.SHF,0
2022-10-25,393.24,394.92,392.62,393.82,72933,132127,AU2212.SHF,0
2022-10-26,393.5,395.0,393.2,393.62,72139,127192,AU2212.SHF,0
2022-10-27,391.7,393.0,391.5,392.7,73381,119135,AU2212.SHF,0
2022-10-28,392.7,393.8,392.52,392.78,58869,117808,AU2212.SHF,0
2022-10-31,391.06,391.92,390.28,391.66,67523,111118,AU2212.SHF,0
2022-11-01,391.36,392.14,390.26,391.46,61577,105950,AU2212.SHF,0
2022-11-02,392.18,393.0,390.8,392.1,58395,103430,AU2212.SHF,0
2022-11-03,393.26,394.0,390.7,390.88,70630,97790,AU2212.SHF,0
2022-11-04,389.08,391.28,388.78,390.8,63961,94019,AU2212.SHF,0
2022-11-07,390.62,394.74,390.24,394.0,79427,92241,AU2212.SHF,0
2022-11-08,394.42,395.58,393.82,394.82,55222,90021,AU2212.SHF,0
2022-11-09,394.86,403.36,394.86,403.26,92727,87033,AU2212.SHF,0
2022-11-10,402.5,404.32,401.9,403.54,65784,83584,AU2212.SHF,0
2022-11-11,403.3,435.28,403.3,406.72,113887,79325,AU2212.SHF,0
2022-11-14,407.4,407.78,402.88,403.44,62777,73879,AU2212.SHF,0
2022-11-15,404.0,407.0,403.78,404.96,83648,142435,AU2302.SHF,1
2022-11-16,406.0,407.84,404.64,407.12,106622,149572,AU2302.SHF,0
2022-11-17,408.54,408.96,406.88,407.7,96880,151907,AU2302.SHF,0
2022-11-18,408.36,408.44,406.82,407.42,88918,155916,AU2302.SHF,0
2022-11-21,406.6,407.0,404.02,405.2,101950,155516,AU2302.SHF,0
2022-11-22,404.74,405.58,403.88,404.86,94354,155423,AU2302.SHF,0
2022-11-23,404.9,405.5,404.04,404.66,85143,156873,AU2302.SHF,0
2022-11-24,404.8,407.36,402.7,406.4,129248,160764,AU2302.SHF,0
2022-11-25,407.1,408.16,406.74,407.6,93404,167140,AU2302.SHF,0
2022-11-28,407.3,409.96,406.62,408.02,123275,167282,AU2302.SHF,0
2022-11-29,408.56,409.04,405.82,406.56,120432,163720,AU2302.SHF,0
2022-11-30,406.7,407.4,404.6,406.12,111763,163566,AU2302.SHF,0
2022-12-01,404.34,407.36,401.22,407.1,148311,162109,AU2302.SHF,0
2022-12-02,407.7,410.12,407.64,409.72,126780,169115,AU2302.SHF,0
2022-12-05,408.04,409.02,405.48,405.72,123776,159256,AU2302.SHF,0
2022-12-06,404.42,404.46,401.36,401.78,128772,158153,AU2302.SHF,0
2022-12-07,403.44,403.68,400.8,401.1,85143,155150,AU2302.SHF,0
2022-12-08,401.4,403.0,401.22,402.44,82213,154121,AU2302.SHF,0
2022-12-09,402.84,404.4,402.4,403.46,100719,150310,AU2302.SHF,0
2022-12-12,404.58,406.56,403.0,403.3,108687,148210,AU2302.SHF,0
2022-12-13,403.58,403.92,402.56,403.54,78634,146433,AU2302.SHF,0
2022-12-14,404.3,409.3,403.92,408.1,154569,153039,AU2302.SHF,0
2022-12-15,406.98,408.22,404.08,404.86,92213,151275,AU2302.SHF,0
2022-12-16,402.02,403.42,401.44,402.9,105956,146476,AU2302.SHF,0
2022-12-19,403.7,406.36,403.08,405.3,99517,140301,AU2302.SHF,0
2022-12-20,404.86,405.68,403.5,405.42,84321,134573,AU2302.SHF,0
2022-12-21,406.5,410.3,406.42,409.5,103246,141855,AU2302.SHF,0
2022-12-22,410.0,411.38,409.58,409.86,77926,141571,AU2302.SHF,0
2022-12-23,410.3,411.2,405.68,406.8,102230,133967,AU2302.SHF,0
2022-12-26,407.44,408.58,406.8,407.24,90355,92944,AU2302.SHF,0
2022-12-27,406.44,408.0,406.44,407.96,48226,84451,AU2302.SHF,0
2022-12-28,408.86,412.48,407.48,408.6,78312,76278,AU2302.SHF,0
2022-12-29,408.58,409.68,407.62,408.36,56145,69937,AU2302.SHF,0
2022-12-30,408.68,410.72,408.3,410.72,56463,63537,AU2302.SHF,0
2023-01-03,412.0,412.34,409.84,411.2,58029,138424,AU2304.SHF,1
2023-01-04,411.26,413.88,410.7,413.26,120196,149575,AU2304.SHF,0
2023-01-05,414.38,415.92,412.4,412.5,124302,156299,AU2304.SHF,0
2023-01-06,411.52,412.78,408.5,409.54,126762,152078,AU2304.SHF,0
2023-01-09,409.32,414.62,409.0,414.0,144195,159731,AU2304.SHF,0
2023-01-10,414.06,414.24,412.14,413.7,101239,163399,AU2304.SHF,0
2023-01-11,413.78,415.18,413.5,414.8,89422,167599,AU2304.SHF,0
2023-01-12,414.2,414.92,411.38,414.58,103031,167155,AU2304.SHF,0
2023-01-13,415.28,416.28,413.0,415.22,139230,166790,AU2304.SHF,0
2023-01-16,415.22,419.36,414.8,417.28,129913,168405,AU2304.SHF,0
2023-01-17,418.2,419.66,417.82,419.0,91941,173400,AU2304.SHF,0
2023-01-18,419.76,420.94,417.04,418.4,131047,174445,AU2304.SHF,0
2023-01-19,420.0,421.48,417.58,419.66,133678,174369,AU2304.SHF,0
2023-01-20,420.28,424.3,419.88,423.5,118571,174298,AU2304.SHF,0
2023-01-30,421.48,422.88,421.14,422.68,52184,173023,AU2304.SHF,0
2023-01-31,421.84,422.3,419.08,419.48,104552,171875,AU2304.SHF,0
2023-02-01,417.96,422.5,417.96,421.58,101480,173729,AU2304.SHF,0
2023-02-02,421.7,425.68,420.44,424.86,109719,178222,AU2304.SHF,0
2023-02-03,425.76,425.98,418.06,419.34,155328,170202,AU2304.SHF,0
2023-02-06,419.34,419.34,412.8,413.8,191854,161566,AU2304.SHF,0
2023-02-07,413.18,413.78,412.22,412.62,107868,157363,AU2304.SHF,0
2023-02-08,412.32,414.22,411.42,412.7,118069,154103,AU2304.SHF,0
2023-02-09,413.5,414.16,411.4,413.52,108221,152758,AU2304.SHF,0
2023-02-10,413.4,414.68,409.74,410.76,130010,145344,AU2304.SHF,0
2023-02-13,412.5,413.52,411.12,413.08,91353,141491,AU2304.SHF,0
2023-02-14,412.3,412.94,410.18,412.74,92246,138685,AU2304.SHF,0
2023-02-15,412.32,414.0,410.86,411.66,167137,137670,AU2304.SHF,0
2023-02-16,410.4,411.66,410.1,411.48,98258,136191,AU2304.SHF,0
2023-02-17,411.7,412.5,409.92,410.26,119229,135692,AU2304.SHF,0
2023-02-20,410.68,413.02,410.22,412.3,104084,133851,AU2304.SHF,0
2023-02-21,412.44,412.96,411.64,411.7,60697,133958,AU2304.SHF,0
2023-02-22,411.5,413.28,411.3,412.94,94793,130244,AU2304.SHF,0
2023-02-23,413.72,414.22,411.2,411.94,88063,127262,AU2304.SHF,0
2023-02-24,411.62,413.5,410.46,413.14,120010,115265,AU2304.SHF,0
2023-02-27,412.1,413.26,411.94,412.2,83014,107333,AU2304.SHF,0
2023-02-28,412.04,413.4,412.04,412.64,92781,73840,AU2304.SHF,0
2023-03-01,411.46,414.64,411.18,414.04,88817,70774,AU2304.SHF,0
2023-03-02,412.98,413.9,412.58,413.62,81946,67693,AU2304.SHF,0
2023-03-03,413.84,415.7,413.78,415.58,68066,66796,AU2304.SHF,0
2023-03-06,416.4,418.64,415.54,418.44,64803,64044,AU2304.SHF,0
2023-03-07,419.52,419.52,418.12,418.82,42751,61962,AU2304.SHF,0
2023-03-08,417.56,417.62,413.8,414.08,77655,56424,AU2304.SHF,0
2023-03-09,413.96,414.62,413.26,414.02,45268,53561,AU2304.SHF,0
2023-03-10,414.96,417.14,414.4,416.76,53450,50636,AU2304.SHF,0
2023-03-13,416.92,422.74,416.1,420.42,94695,48149,AU2304.SHF,0
2023-03-14,423.9,426.74,423.0,426.36,133043,154711,AU2306.SHF,1
2023-03-15,426.38,426.98,424.56,426.54,96764,164756,AU2306.SHF,0
2023-03-16,432.88,434.48,428.44,430.48,165066,165886,AU2306.SHF,0
2023-03-17,432.58,433.68,429.5,432.44,139787,174190,AU2306.SHF,0
2023-03-20,435.18,445.94,435.08,445.02,234497,184872,AU2306.SHF,0
2023-03-21,441.5,444.22,439.9,441.56,163544,183728,AU2306.SHF,0
2023-03-22,439.08,439.58,433.3,435.42,193003,174208,AU2306.SHF,0
2023-03-23,434.08,439.9,433.84,438.36,156312,178980,AU2306.SHF,0
2023-03-24,437.88,442.36,437.4,440.7,159741,180777,AU2306.SHF,0
2023-03-27,443.7,444.34,438.0,438.14,163748,175346,AU2306.SHF,0
2023-03-28,434.24,437.28,434.0,436.18,120749,166728,AU2306.SHF,0
2023-03-29,437.88,440.18,436.32,437.76,110786,167148,AU2306.SHF,0
2023-03-30,438.1,439.7,437.06,438.9,103888,167592,AU2306.SHF,0
2023-03-31,438.92,441.5,437.66,441.2,116913,170940,AU2306.SHF,0
2023-04-03,440.8,441.2,434.6,435.62,139362,160589,AU2306.SHF,0
2023-04-04,440.48,441.84,438.7,440.7,135008,163791,AU2306.SHF,0
2023-04-06,447.56,448.0,446.12,447.18,57806,165653,AU2306.SHF,0
2023-04-07,446.8,447.44,444.76,447.32,94427,168655,AU2306.SHF,0
2023-04-10,446.48,446.82,441.64,442.8,83936,165314,AU2306.SHF,0
2023-04-11,442.02,445.12,441.12,444.84,107590,165807,AU2306.SHF,0
2023-04-12,444.44,450.2,444.04,448.84,129654,174723,AU2306.SHF,0
2023-04-13,449.96,450.0,445.46,448.82,129532,174862,AU2306.SHF,0
2023-04-14,452.96,453.28,449.88,451.0,148264,176001,AU2306.SHF,0
2023-04-17,448.74,449.56,442.2,446.08,206577,164440,AU2306.SHF,0
2023-04-18,444.3,444.8,440.7,444.26,125647,157994,AU2306.SHF,0
2023-04-19,444.7,446.94,443.04,443.98,133379,151238,AU2306.SHF,0
2023-04-20,441.9,445.18,441.02,444.54,139017,143699,AU2306.SHF,0
2023-04-21,445.5,446.56,441.64,442.5,128761,137660,AU2306.SHF,0
2023-04-24,442.22,444.66,439.56,441.16,169080,123763,AU2306.SHF,0
2023-04-25,441.5,445.24,440.06,444.98,121581,117526,AU2306.SHF,0
2023-04-26,445.42,448.56,444.02,446.34,107214,114524,AU2306.SHF,0
2023-04-27,446.26,448.9,444.5,447.28,122132,112794,AU2306.SHF,0
2023-04-28,444.18,445.5,442.62,444.04,116208,104642,AU2306.SHF,0
2023-05-04,458.26,459.98,454.72,455.26,104705,181965,AU2308.SHF,1
2023-05-05,455.5,459.96,455.14,457.92,187837,194220,AU2308.SHF,0
2023-05-08,451.34,452.38,447.62,452.36,201777,184004,AU2308.SHF,0
2023-05-09,452.84,454.1,451.38,453.18,142035,188589,AU2308.SHF,0
2023-05-10,453.56,455.74,452.94,454.9,140134,192028,AU2308.SHF,0
2023-05-11,457.48,457.48,453.26,454.82,170738,195037,AU2308.SHF,0
2023-05-12,456.72,457.18,450.5,451.5,218450,189274,AU2308.SHF,0
2023-05-15,452.64,454.56,452.08,453.42,186261,194528,AU2308.SHF,0
2023-05-16,453.8,454.68,451.28,452.26,163253,188413,AU2308.SHF,0
2023-05-17,453.8,453.92,448.6,450.24,217667,184116,AU2308.SHF,0
2023-05-18,449.64,450.18,447.42,449.4,180446,185855,AU2308.SHF,0
2023-05-19,448.7,448.7,446.1,447.62,203726,179045,AU2308.SHF,0
2023-05-22,445.76,450.9,445.24,449.54,230236,187340,AU2308.SHF,0
2023-05-23,449.6,450.46,447.26,447.62,161127,185611,AU2308.SHF,0
2023-05-24,447.04,451.34,447.04,449.9,192522,187177,AU2308.SHF,0
2023-05-25,450.9,451.08,447.08,448.0,212054,181895,AU2308.SHF,0
2023-05-26,445.26,447.28,444.6,445.5,217222,169726,AU2308.SHF,0
2023-05-29,445.4,446.3,443.62,445.66,170564,171217,AU2308.SHF,0
2023-05-30,446.24,446.4,443.92,444.62,125731,170541,AU2308.SHF,0
2023-05-31,448.36,451.72,447.26,450.86,198417,185105,AU2308.SHF,0
2023-06-01,451.72,453.76,450.56,450.98,172141,186510,AU2308.SHF,0
2023-06-02,452.2,454.38,451.82,452.3,134947,190399,AU2308.SHF,0
2023-06-05,451.1,452.34,446.5,447.26,183974,180046,AU2308.SHF,0
2023-06-06,447.12,450.86,447.12,450.28,122413,183120,AU2308.SHF,0
2023-06-07,451.54,452.42,450.1,451.1,121200,187812,AU2308.SHF,0
2023-06-08,450.34,452.46,447.92,448.46,186657,182768,AU2308.SHF,0
2023-06-09,450.7,452.38,450.38,452.34,134045,190876,AU2308.SHF,0
2023-06-12,452.12,453.22,451.04,452.5,136954,191169,AU2308.SHF,0
2023-06-13,452.52,453.96,450.5,453.68,134095,195839,AU2308.SHF,0
2023-06-14,453.16,453.7,449.9,450.9,163017,189090,AU2308.SHF,0
2023-06-15,452.28,452.58,447.02,447.14,171681,181646,AU2308.SHF,0
2023-06-16,446.8,451.54,446.8,450.5,155087,177996,AU2308.SHF,0
2023-06-19,451.54,451.88,449.66,451.24,133052,176077,AU2308.SHF,0
2023-06-20,451.18,451.98,450.48,451.76,81965,173751,AU2308.SHF,0
2023-06-21,450.98,450.98,448.02,449.84,144371,161951,AU2308.SHF,0
2023-06-26,448.3,449.54,448.28,449.14,53739,158358,AU2308.SHF,0
2023-06-27,451.16,451.3,448.1,448.86,120398,153334,AU2308.SHF,0
2023-06-28,448.4,449.32,446.04,447.1,176469,116750,AU2308.SHF,0
2023-06-29,447.16,448.44,446.8,447.5,124723,109632,AU2308.SHF,0
2023-06-30,446.04,448.98,445.84,448.6,138260,99794,AU2308.SHF,0
2023-07-03,449.7,451.18,449.1,449.52,119485,93487,AU2308.SHF,0
2023-07-04,450.34,451.58,449.44,449.94,88874,90508,AU2308.SHF,0
2023-07-05,450.36,451.0,449.6,450.7,49959,85789,AU2308.SHF,0
2023-07-06,453.26,453.84,450.94,451.66,148454,171663,AU2310.SHF,1
2023-07-07,448.8,450.98,448.7,450.82,193374,176654,AU2310.SHF,0
2023-07-10,451.66,452.98,451.04,452.08,175905,183553,AU2310.SHF,0
2023-07-11,450.28,452.78,450.2,452.2,187560,184856,AU2310.SHF,0
2023-07-12,451.98,452.96,451.78,452.12,167710,191378,AU2310.SHF,0
2023-07-13,453.28,456.58,452.4,456.32,241639,210249,AU2310.SHF,0
2023-07-14,455.6,456.36,453.34,454.0,218412,209338,AU2310.SHF,0
2023-07-17,454.44,456.14,453.5,455.34,204571,209437,AU2310.SHF,0
2023-07-18,454.48,457.0,454.24,456.94,170294,215470,AU2310.SHF,0
2023-07-19,458.3,463.18,457.78,462.48,258530,227159,AU2310.SHF,0
2023-07-20,462.98,463.68,461.12,461.96,194080,231248,AU2310.SHF,0
2023-07-21,459.94,461.0,458.96,459.3,200703,229079,AU2310.SHF,0
2023-07-24,458.78,459.28,457.58,459.1,196798,225606,AU2310.SHF,0
2023-07-25,459.9,459.96,456.66,456.8,216924,222844,AU2310.SHF,0
2023-07-26,455.9,458.8,455.24,458.68,182892,221741,AU2310.SHF,0
2023-07-27,459.2,460.36,457.52,459.76,194289,223323,AU2310.SHF,0
2023-07-28,457.5,458.0,455.22,456.3,286816,215865,AU2310.SHF,0
2023-07-31,457.3,457.5,455.5,455.98,186783,211841,AU2310.SHF,0
2023-08-01,458.2,458.62,457.3,457.58,152582,209774,AU2310.SHF,0
2023-08-02,455.84,457.44,455.22,457.18,164609,209074,AU2310.SHF,0
2023-08-03,456.5,456.86,454.96,455.04,161217,207551,AU2310.SHF,0
2023-08-04,453.76,455.36,453.62,454.4,160981,204259,AU2310.SHF,0
2023-08-07,455.4,456.82,454.88,455.64,171277,200039,AU2310.SHF,0
2023-08-08,455.58,456.14,454.44,455.64,110788,199723,AU2310.SHF,0
2023-08-09,454.96,456.22,454.66,455.36,147298,198669,AU2310.SHF,0
2023-08-10,454.7,455.44,453.08,453.62,156507,201894,AU2310.SHF,0
2023-08-11,454.58,455.82,453.76,455.56,169611,201635,AU2310.SHF,0
2023-08-14,455.88,456.28,455.04,455.74,116013,200427,AU2310.SHF,0
2023-08-15,455.82,456.0,454.68,455.86,124451,199820,AU2310.SHF,0
2023-08-16,456.02,457.34,455.9,457.1,138953,203581,AU2310.SHF,0
2023-08-17,457.0,457.58,455.52,456.86,120772,200472,AU2310.SHF,0
2023-08-18,456.6,457.0,454.8,455.1,135693,194838,AU2310.SHF,0
2023-08-21,455.12,457.48,454.5,457.08,127984,194884,AU2310.SHF,0
2023-08-22,456.98,456.98,455.4,456.5,112821,188078,AU2310.SHF,0
2023-08-23,456.66,458.26,455.86,457.88,121657,189995,AU2310.SHF,0
2023-08-24,458.26,460.62,457.94,460.04,130300,188754,AU2310.SHF,0
2023-08-25,459.12,459.9,458.44,458.5,120951,163763,AU2310.SHF,0
2023-08-28,459.06,459.48,457.4,458.62,135152,143677,AU2310.SHF,0
2023-08-29,459.02,460.72,458.3,460.14,88464,132728,AU2310.SHF,0
2023-08-30,459.5,462.02,459.48,461.48,143858,88397,AU2310.SHF,0
2023-08-31,462.6,463.24,461.66,463.16,86609,79700,AU2310.SHF,0
2023-09-01,461.82,462.86,461.1,462.46,88338,69182,AU2310.SHF,0
2023-09-04,463.68,465.48,461.48,464.38,88789,65184,AU2310.SHF,0
2023-09-05,463.96,465.46,463.12,464.98,66963,190823,AU2312.SHF,1
2023-09-06,464.8,465.06,463.6,464.24,83041,191966,AU2312.SHF,0
2023-09-07,463.98,464.72,463.38,464.12,92595,197251,AU2312.SHF,0
2023-09-08,465.0,467.58,463.96,466.84,106633,205721,AU2312.SHF,0
2023-09-11,466.22,467.94,465.88,466.54,117227,205222,AU2312.SHF,0
2023-09-12,466.82,467.24,465.94,466.76,83468,205639,AU2312.SHF,0
2023-09-13,465.52,468.74,465.5,467.66,108723,206913,AU2312.SHF,0
2023-09-14,468.02,472.98,466.86,472.0,162409,216794,AU2312.SHF,0
2023-09-15,471.9,480.26,466.96,469.72,301876,210228,AU2312.SHF,0
2023-09-18,470.2,473.12,465.88,467.32,208045,202374,AU2312.SHF,0
2023-09-19,467.32,470.36,466.48,469.8,98489,202205,AU2312.SHF,0
2023-09-20,470.24,472.76,469.54,471.38,101713,203158,AU2312.SHF,0
2023-09-21,471.5,473.0,470.16,470.88,107823,202379,AU2312.SHF,0
2023-09-22,469.22,472.02,468.02,470.48,142986,204284,AU2312.SHF,0
2023-09-25,470.88,471.78,469.62,471.48,75993,204002,AU2312.SHF,0
2023-09-26,472.0,472.2,470.3,470.6,95477,204379,AU2312.SHF,0
2023-09-27,470.2,470.7,465.16,466.9,150432,195417,AU2312.SHF,0
2023-09-28,465.04,465.74,455.0,459.5,217875,195595,AU2312.SHF,0
2023-10-09,454.0,456.0,451.74,454.8,93951,188401,AU2312.SHF,0
2023-10-10,453.04,454.4,450.06,450.58,152411,185579,AU2312.SHF,0
2023-10-11,450.7,451.44,449.32,450.4,104754,178091,AU2312.SHF,0
2023-10-12,451.92,454.04,450.94,453.66,98888,173726,AU2312.SHF,0
2023-10-13,453.64,455.28,452.5,454.92,84889,167411,AU2312.SHF,0
2023-10-16,461.4,465.76,459.72,461.2,179577,159552,AU2312.SHF,0
2023-10-17,462.02,463.42,461.6,463.4,77915,155999,AU2312.SHF,0
2023-10-18,465.04,468.18,463.88,467.94,116649,152948,AU2312.SHF,0
2023-10-19,470.0,472.18,468.2,471.26,149768,154367,AU2312.SHF,0
2023-10-20,472.46,477.56,471.44,476.68,170199,157375,AU2312.SHF,0
2023-10-23,475.78,479.44,473.56,476.0,174064,155737,AU2312.SHF,0
2023-10-24,476.0,476.7,474.5,475.2,103453,152349,AU2312.SHF,0
2023-10-25,473.52,475.36,472.22,473.92,116511,146892,AU2312.SHF,0
2023-10-26,474.66,477.22,472.6,476.66,150524,144170,AU2312.SHF,0
2023-10-27,475.46,477.58,474.24,476.98,129089,135504,AU2312.SHF,0
2023-10-30,475.98,482.34,475.62,478.12,135419,125881,AU2312.SHF,0
2023-10-31,478.36,480.12,478.12,478.94,111271,114676,AU2312.SHF,0
2023-11-01,478.7,481.3,476.24,477.18,120723,106686,AU2312.SHF,0
2023-11-02,478.78,479.56,477.06,478.72,114608,183499,AU2402.SHF,1
2023-11-03,479.0,479.28,477.08,478.2,121323,183840,AU2402.SHF,0
2023-11-06,480.5,480.5,475.44,475.96,211131,184269,AU2402.SHF,0
2023-11-07,475.8,476.76,473.66,474.0,123570,185431,AU2402.SHF,0
2023-11-08,471.5,473.28,470.38,471.84,153684,183809,AU2402.SHF,0
2023-11-09,471.44,472.38,468.44,468.9,161457,183936,AU2402.SHF,0
2023-11-10,468.48,472.38,467.84,471.36,167802,183277,AU2402.SHF,0
2023-11-13,469.44,470.12,467.3,469.98,154240,186537,AU2402.SHF,0
2023-11-14,468.86,471.7,468.34,471.52,127375,187768,AU2402.SHF,0
2023-11-15,471.26,474.24,470.48,472.98,169300,189569,AU2402.SHF,0
2023-11-16,473.38,473.38,471.04,471.86,139289,190893,AU2402.SHF,0
2023-11-17,471.76,474.44,471.28,473.44,157391,196056,AU2402.SHF,0
2023-11-20,472.22,472.96,467.94,468.0,169359,197106,AU2402.SHF,0
2023-11-21,466.7,467.34,463.82,466.98,176755,196248,AU2402.SHF,0
2023-11-22,466.64,469.7,465.48,466.1,210209,201731,AU2402.SHF,0
2023-11-23,467.0,468.1,464.46,465.46,156914,199626,AU2402.SHF,0
2023-11-24,465.08,465.96,464.86,465.9,82652,198939,AU2402.SHF,0
2023-11-27,466.16,471.2,466.16,470.08,174440,191754,AU2402.SHF,0
2023-11-28,470.86,472.12,469.74,471.6,133867,193020,AU2402.SHF,0
2023-11-29,471.6,477.0,471.22,475.46,204742,200916,AU2402.SHF,0
2023-11-30,475.16,476.48,474.72,475.72,141553,203317,AU2402.SHF,0
2023-12-01,475.4,476.7,474.32,475.78,140499,204166,AU2402.SHF,0
2023-12-04,475.2,486.48,474.46,481.62,220202,206229,AU2402.SHF,0
2023-12-05,480.52,481.38,472.38,475.0,244094,198339,AU2402.SHF,0
2023-12-06,473.74,474.7,471.38,474.08,148771,197578,AU2402.SHF,0
2023-12-07,474.0,475.94,474.0,474.88,127302,197216,AU2402.SHF,0
2023-12-08,475.28,476.58,473.28,475.2,120772,194309,AU2402.SHF,0
2023-12-11,475.0,475.18,469.92,471.6,171635,190295,AU2402.SHF,0
2023-12-12,470.78,470.78,467.7,469.9,121372,185592,AU2402.SHF,0
2023-12-13,469.86,471.52,468.58,469.02,129229,177187,AU2402.SHF,0
2023-12-14,469.72,477.94,468.74,476.2,118460,177733,AU2402.SHF,0
2023-12-15,476.54,477.16,474.34,475.46,123606,172647,AU2402.SHF,0
2023-12-18,476.52,476.6,473.0,474.9,117349,171748,AU2402.SHF,0
2023-12-19,475.04,476.92,474.64,475.9,69023,169353,AU2402.SHF,0
2023-12-20,476.3,477.86,475.56,476.92,86361,172115,AU2402.SHF,0
2023-12-21,476.1,477.46,475.46,477.02,88478,169432,AU2402.SHF,0
2023-12-22,477.06,480.9,476.3,479.54,123188,167366,AU2402.SHF,0
2023-12-25,481.22,482.92,479.36,480.8,126682,159260,AU2402.SHF,0
2023-12-26,481.0,481.78,480.5,481.4,60716,152602,AU2402.SHF,0
2023-12-27,481.06,483.12,479.6,482.6,78178,144614,AU2402.SHF,0
2023-12-28,483.42,485.38,482.82,483.6,94297,137197,AU2402.SHF,0
2023-12-29,481.6,482.68,479.86,481.7,112640,106807,AU2402.SHF,0
2024-01-02,481.24,483.8,480.82,483.32,37149,102542,AU2402.SHF,0
2024-01-03,483.7,484.26,482.0,483.58,103087,159693,AU2404.SHF,1
2024-01-04,480.8,482.12,478.9,481.64,153003,162541,AU2404.SHF,0
2024-01-05,481.74,483.18,480.86,482.38,94913,164224,AU2404.SHF,0
2024-01-08,481.5,484.52,480.06,481.72,195026,166978,AU2404.SHF,0
2024-01-09,479.68,482.0,478.82,481.02,130398,166784,AU2404.SHF,0
2024-01-10,481.2,482.26,479.76,479.86,126122,169229,AU2404.SHF,0
2024-01-11,480.62,481.48,479.48,480.24,115386,167979,AU2404.SHF,0
2024-01-12,480.28,482.3,477.68,480.78,206543,171505,AU2404.SHF,0
2024-01-15,482.7,484.4,482.04,483.58,183843,178695,AU2404.SHF,0
2024-01-16,483.58,484.0,482.92,483.34,79238,180945,AU2404.SHF,0
2024-01-17,482.0,483.18,479.42,479.66,194971,177231,AU2404.SHF,0
2024-01-18,480.94,480.98,478.06,478.72,154120,173928,AU2404.SHF,0
2024-01-19,479.2,480.74,478.46,480.36,102473,171230,AU2404.SHF,0
2024-01-22,481.7,482.24,478.64,478.88,152765,169402,AU2404.SHF,0
2024-01-23,480.3,480.3,477.22,479.18,119090,167077,AU2404.SHF,0
2024-01-24,478.52,478.84,477.74,478.66,89558,163942,AU2404.SHF,0
2024-01-25,478.96,479.16,476.32,476.84,158471,165828,AU2404.SHF,0
2024-01-26,476.84,478.98,476.4,478.72,135260,161770,AU2404.SHF,0
2024-01-29,478.72,480.44,477.96,480.04,125295,162194,AU2404.SHF,0
2024-01-30,480.08,481.32,479.12,481.0,121527,163600,AU2404.SHF,0
2024-01-31,481.42,482.74,480.58,481.58,145507,166590,AU2404.SHF,0
2024-02-01,482.0,483.72,481.58,482.84,124204,170301,AU2404.SHF,0
2024-02-02,481.5,484.9,480.84,484.82,154979,177788,AU2404.SHF,0
2024-02-05,484.56,485.18,481.0,481.44,155373,167263,AU2404.SHF,0
2024-02-06,480.38,481.86,479.76,480.66,86678,162750,AU2404.SHF,0
2024-02-07,480.1,482.78,480.1,482.1,81489,162905,AU2404.SHF,0
2024-02-08,482.86,484.28,482.36,483.54,68874,162056,AU2404.SHF,0
2024-02-19,480.96,481.48,479.66,480.7,48395,157903,AU2404.SHF,0
2024-02-20,480.2,481.06,480.08,480.42,50524,148828,AU2404.SHF,0
2024-02-21,481.4,482.08,480.3,480.42,77555,145169,AU2404.SHF,0
2024-02-22,480.7,481.02,479.32,480.06,53842,143293,AU2404.SHF,0
2024-02-23,480.08,480.54,478.52,478.96,75190,142763,AU2404.SHF,0
2024-02-26,479.96,481.8,479.74,481.54,84933,137700,AU2404.SHF,0
2024-02-27,481.22,481.7,480.22,481.42,74016,123074,AU2404.SHF,0
2024-02-28,482.1,482.3,481.12,481.28,90141,83882,AU2404.SHF,0
2024-02-29,481.16,482.2,481.04,481.82,56471,75837,AU2404.SHF,0
2024-03-01,480.8,484.04,480.8,483.8,82921,73095,AU2404.SHF,0
2024-03-04,485.1,490.86,483.54,490.1,115112,71784,AU2404.SHF,0
2024-03-05,490.44,498.24,490.44,497.36,223914,217027,AU2406.SHF,1
2024-03-06,498.64,502.56,498.1,500.7,230223,226577,AU2406.SHF,0
2024-03-07,501.9,507.0,500.6,505.88,242473,232372,AU2406.SHF,0
2024-03-08,506.12,507.54,503.3,506.28,188923,230787,AU2406.SHF,0
2024-03-11,507.0,511.66,505.06,508.3,304482,233524,AU2406.SHF,0
2024-03-12,507.4,509.26,506.22,506.74,143399,232204,AU2406.SHF,0
2024-03-13,505.92,506.2,503.94,505.62,181051,224985,AU2406.SHF,0
2024-03-14,506.3,509.86,505.94,506.34,165628,226692,AU2406.SHF,0
2024-03-15,505.08,508.4,504.74,508.16,136994,231111,AU2406.SHF,0
2024-03-18,506.46,508.16,503.36,504.04,161567,224743,AU2406.SHF,0
2024-03-19,506.2,506.78,504.28,505.22,126762,223609,AU2406.SHF,0
2024-03-20,505.38,506.32,504.44,505.74,92479,224869,AU2406.SHF,0
2024-03-21,505.24,516.0,504.9,515.7,238295,234834,AU2406.SHF,0
2024-03-22,515.5,515.94,508.82,512.48,253868,228361,AU2406.SHF,0
2024-03-25,513.54,516.66,511.56,513.42,230031,232983,AU2406.SHF,0
2024-03-26,514.56,515.54,513.42,514.2,127396,226697,AU2406.SHF,0
2024-03-27,517.02,519.24,514.34,516.42,231783,222000,AU2406.SHF,0
2024-03-28,518.0,520.0,516.54,520.0,199172,229199,AU2406.SHF,0
2024-03-29,523.12,532.54,519.6,531.3,324507,235163,AU2406.SHF,0
2024-04-01,530.2,535.16,528.22,534.04,254438,232639,AU2406.SHF,0
2024-04-02,532.92,534.92,528.26,534.74,319259,226252,AU2406.SHF,0
2024-04-03,534.96,541.8,533.74,541.52,381323,221474,AU2406.SHF,0
2024-04-08,545.58,560.78,543.28,554.74,388087,218577,AU2406.SHF,0
2024-04-09,553.8,559.2,550.96,556.92,367778,211408,AU2406.SHF,0
2024-04-10,558.02,560.88,555.14,558.78,414953,203451,AU2406.SHF,0
2024-04-11,556.34,558.64,552.14,555.22,455540,195800,AU2406.SHF,0
2024-04-12,556.2,570.56,555.3,570.5,367618,201747,AU2406.SHF,0
2024-04-15,570.42,588.28,559.5,563.88,838531,182620,AU2406.SHF,0
2024-04-16,563.96,571.5,555.5,567.0,537914,177218,AU2406.SHF,0
2024-04-17,567.02,572.96,564.44,567.78,487229,176633,AU2406.SHF,0
2024-04-18,568.2,570.96,558.82,565.52,387539,166054,AU2406.SHF,0
2024-04-19,566.56,576.12,562.06,568.3,451771,161989,AU2406.SHF,0
2024-04-22,566.48,570.36,557.52,558.42,235816,163006,AU2406.SHF,0
2024-04-23,553.9,556.18,543.72,544.84,241289,149695,AU2406.SHF,0
2024-04-24,546.8,552.34,546.02,551.0,194167,147224,AU2406.SHF,0
2024-04-25,550.64,554.5,546.5,550.28,168167,134439,AU2406.SHF,0
2024-04-26,552.0,555.2,547.78,554.58,167016,128613,AU2406.SHF,0
2024-04-29,555.58,557.18,550.38,551.46,129272,117838,AU2406.SHF,0
2024-04-30,551.48,553.5,548.04,549.5,80825,109406,AU2406.SHF,0
2024-05-06,542.56,548.46,542.2,548.32,88686,145249,AU2408.SHF,1
2024-05-07,549.6,552.12,548.86,549.82,134427,152555,AU2408.SHF,0
2024-05-08,548.96,550.98,547.1,549.0,139701,158101,AU2408.SHF,0
2024-05-09,549.3,550.24,547.52,548.1,132501,161484,AU2408.SHF,0
2024-05-10,550.04,561.58,548.44,561.4,221130,175824,AU2408.SHF,0
2024-05-13,560.14,562.36,557.06,557.62,218976,176328,AU2408.SHF,0
2024-05-14,557.24,557.9,554.38,554.62,150091,174412,AU2408.SHF,0
2024-05-15,556.98,559.9,556.14,559.02,155143,179472,AU2408.SHF,0
2024-05-16,561.5,567.16,557.38,564.42,244803,184417,AU2408.SHF,0
2024-05-17,563.16,564.96,561.32,564.86,143240,184510,AU2408.SHF,0
2024-05-20,566.86,582.44,566.4,578.84,352510,201747,AU2408.SHF,0
2024-05-21,572.92,581.22,571.0,572.22,288222,195252,AU2408.SHF,0
2024-05-22,575.52,577.66,571.82,573.32,193737,194102,AU2408.SHF,0
2024-05-23,572.16,572.76,556.88,559.72,298603,182550,AU2408.SHF,0
2024-05-24,559.54,560.9,550.46,554.48,250531,181506,AU2408.SHF,0
2024-05-27,554.3,557.76,553.44,555.78,157096,180776,AU2408.SHF,0
2024-05-28,557.5,560.38,555.82,555.96,162654,180724,AU2408.SHF,0
2024-05-29,558.5,561.98,557.16,559.7,197437,182283,AU2408.SHF,0
2024-05-30,555.96,558.52,551.54,554.2,179983,180798,AU2408.SHF,0
2024-05-31,555.68,557.96,554.36,556.86,142963,180458,AU2408.SHF,0
2024-06-03,559.24,560.62,548.82,551.56,219911,177030,AU2408.SHF,0
2024-06-04,553.98,557.68,552.48,556.24,143303,174072,AU2408.SHF,0
2024-06-05,553.44,555.54,549.4,553.62,166558,171999,AU2408.SHF,0
2024-06-06,556.0,564.4,554.2,562.14,198820,181560,AU2408.SHF,0
2024-06-07,560.1,565.62,558.56,562.3,187056,183009,AU2408.SHF,0
2024-06-11,548.84,548.86,543.9,544.78,114009,171918,AU2408.SHF,0
2024-06-12,548.08,548.82,545.52,548.04,114508,167965,AU2408.SHF,0
2024-06-13,552.76,553.7,545.86,548.44,172406,166473,AU2408.SHF,0
2024-06-14,549.32,549.8,543.52,548.48,154506,164110,AU2408.SHF,0
2024-06-17,552.4,553.44,548.9,549.46,151503,162957,AU2408.SHF,0
2024-06-18,549.6,551.56,548.12,550.08,102515,159256,AU2408.SHF,0
2024-06-19,548.7,552.92,548.68,552.4,112158,162498,AU2408.SHF,0
2024-06-20,552.16,557.54,551.4,557.16,113593,166218,AU2408.SHF,0
2024-06-21,556.0,561.96,555.82,559.74,138885,165287,AU2408.SHF,0
2024-06-24,560.26,561.66,550.5,551.18,179860,156262,AU2408.SHF,0
2024-06-25,552.1,554.3,551.3,552.16,95922,150594,AU2408.SHF,0
2024-06-26,551.9,552.76,546.8,548.7,173933,118974,AU2408.SHF,0
2024-06-27,548.48,548.48,544.0,545.4,124778,116018,AU2408.SHF,0
2024-06-28,550.22,551.84,549.04,551.52,112648,110091,AU2408.SHF,0
2024-07-01,553.3,554.1,549.4,551.42,104127,104969,AU2408.SHF,0
2024-07-02,552.22,553.16,550.18,552.48,89881,102440,AU2408.SHF,0
2024-07-03,552.08,556.12,550.9,555.7,115409,99858,AU2408.SHF,0
2024-07-04,557.88,560.26,556.76,558.34,109938,97547,AU2408.SHF,0
2024-07-05,558.38,560.12,557.64,559.66,62181,96114,AU2408.SHF,0
2024-07-08,561.18,565.36,560.6,560.74,124643,93697,AU2408.SHF,0
2024-07-09,560.12,561.94,555.38,558.66,89396,91030,AU2408.SHF,0
2024-07-10,557.92,561.2,555.9,561.1,85974,88171,AU2408.SHF,0
2024-07-11,564.8,566.48,563.06,565.46,119991,149987,AU2410.SHF,1
2024-07-12,570.7,572.68,566.8,568.54,208248,160414,AU2410.SHF,0
2024-07-15,566.8,571.44,566.24,568.34,151999,166090,AU2410.SHF,0
2024-07-16,570.16,574.98,569.54,574.94,202686,182460,AU2410.SHF,0
2024-07-17,574.86,585.84,574.4,581.56,308940,189097,AU2410.SHF,0
2024-07-18,582.08,584.22,575.72,581.48,282721,188199,AU2410.SHF,0
2024-07-19,580.0,580.54,563.82,565.94,307286,175466,AU2410.SHF,0
2024-07-22,562.2,567.22,559.7,565.4,246819,170775,AU2410.SHF,0
2024-07-23,563.76,566.92,561.32,562.6,214986,169409,AU2410.SHF,0
2024-07-24,565.24,569.82,564.12,569.64,203989,177103,AU2410.SHF,0
2024-07-25,570.52,571.48,554.4,555.68,342097,177651,AU2410.SHF,0
2024-07-26,554.86,559.28,551.16,557.38,267377,178847,AU2410.SHF,0
2024-07-29,559.58,564.6,557.84,561.24,224332,176731,AU2410.SHF,0
2024-07-30,561.8,562.5,555.5,562.02,230894,173237,AU2410.SHF,0
2024-07-31,560.86,568.3,559.34,566.28,263948,175987,AU2410.SHF,0
2024-08-01,566.52,573.48,565.5,570.9,228522,178178,AU2410.SHF,0
2024-08-02,572.42,574.3,568.18,574.04,263385,180478,AU2410.SHF,0
2024-08-05,574.42,575.38,554.78,559.94,489030,174392,AU2410.SHF,0
2024-08-06,546.0,559.16,545.44,554.18,349865,167620,AU2410.SHF,0
2024-08-07,552.6,556.96,551.8,556.06,256432,166657,AU2410.SHF,0
2024-08-08,557.82,558.08,552.8,556.1,181575,165949,AU2410.SHF,0
2024-08-09,558.8,563.1,557.32,560.7,207332,164266,AU2410.SHF,0
2024-08-12,562.3,565.48,560.0,565.3,172725,162861,AU2410.SHF,0
2024-08-13,566.54,572.8,565.96,569.46,201710,166111,AU2410.SHF,0
2024-08-14,569.7,570.5,565.06,568.22,177542,163666,AU2410.SHF,0
2024-08-15,568.2,568.28,561.32,566.98,200643,160343,AU2410.SHF,0
2024-08-16,565.18,569.56,563.0,567.74,196532,161705,AU2410.SHF,0
2024-08-19,574.0,576.38,570.4,573.7,282788,164144,AU2410.SHF,0
2024-08-20,571.66,575.16,570.7,574.24,190591,165080,AU2410.SHF,0
2024-08-21,578.0,578.88,571.74,576.2,228314,165001,AU2410.SHF,0
2024-08-22,575.2,576.78,572.08,574.46,191513,161858,AU2410.SHF,0
2024-08-23,573.98,574.0,567.76,572.58,205112,155674,AU2410.SHF,0
2024-08-26,574.2,576.34,572.22,576.2,218021,155282,AU2410.SHF,0
2024-08-27,577.34,578.1,573.8,575.94,193436,133783,AU2410.SHF,0
2024-08-28,575.2,577.7,574.0,575.16,177033,126012,AU2410.SHF,0
2024-08-29,574.0,577.1,572.84,575.06,178399,122234,AU2410.SHF,0
2024-08-30,573.3,576.98,572.88,574.06,208353,115051,AU2410.SHF,0
2024-09-02,574.4,574.4,569.22,570.82,208531,107238,AU2410.SHF,0
2024-09-03,572.38,572.88,570.1,572.12,109032,104324,AU2410.SHF,0
2024-09-04,571.5,572.3,567.12,568.22,194110,95910,AU2410.SHF,0
2024-09-05,569.0,572.36,567.42,572.04,168500,90347,AU2410.SHF,0
2024-09-06,574.0,574.3,571.4,573.68,142148,89056,AU2410.SHF,0
2024-09-09,574.4,574.5,567.04,569.22,252306,82376,AU2410.SHF,0
2024-09-10,572.02,573.62,570.2,573.24,121401,81092,AU2410.SHF,0
2024-09-11,575.16,576.56,571.88,576.12,145026,78225,AU2410.SHF,0
2024-09-12,573.62,575.78,572.0,575.22,136237,71303,AU2410.SHF,0
2024-09-13,577.24,585.2,576.12,583.58,185281,72187,AU2410.SHF,0
2024-09-18,584.88,585.88,582.62,582.98,50534,66725,AU2410.SHF,0
2024-09-19,583.42,587.38,579.62,582.2,127570,61048,AU2410.SHF,0
2024-09-20,584.82,591.0,584.54,590.62,157150,219641,AU2412.SHF,1
2024-09-23,592.58,596.32,589.68,595.14,219129,223747,AU2412.SHF,0
2024-09-24,595.36,597.36,593.0,594.24,215966,220257,AU2412.SHF,0
2024-09-25,594.2,601.88,593.78,598.36,229488,220984,AU2412.SHF,0
2024-09-26,599.72,601.96,598.84,599.9,167856,219750,AU2412.SHF,0
2024-09-27,601.84,602.3,597.02,599.42,210996,213171,AU2412.SHF,0
2024-09-30,600.02,600.2,593.82,596.72,218851,206127,AU2412.SHF,0
2024-10-08,598.0,599.8,595.8,596.22,104048,206129,AU2412.SHF,0
2024-10-09,597.94,598.2,588.02,588.56,244379,198181,AU2412.SHF,0
2024-10-10,590.54,591.18,587.32,590.7,157441,190664,AU2412.SHF,0
2024-10-11,592.28,599.46,591.48,597.38,192063,187991,AU2412.SHF,0
2024-10-14,597.38,604.4,597.18,603.3,170494,196568,AU2412.SHF,0
2024-10-15,601.0,603.96,599.3,603.64,165111,194569,AU2412.SHF,0
2024-10-16,603.46,612.0,603.18,611.98,230572,200322,AU2412.SHF,0
2024-10-17,612.8,615.16,610.24,614.26,216396,200204,AU2412.SHF,0
2024-10-18,613.88,622.88,613.18,619.06,322031,195366,AU2412.SHF,0
2024-10-21,619.14,626.08,617.72,625.82,250464,196470,AU2412.SHF,0
2024-10-22,627.34,628.38,621.0,626.5,254333,187431,AU2412.SHF,0
2024-10-23,627.42,630.44,625.54,629.96,227818,190448,AU2412.SHF,0
2024-10-24,628.72,628.72,617.84,624.54,351695,174608,AU2412.SHF,0
2024-10-25,625.14,626.66,620.84,624.72,238915,165430,AU2412.SHF,0
2024-10-28,624.3,627.8,621.88,626.58,238811,155368,AU2412.SHF,0
2024-10-29,625.14,631.88,624.7,631.8,196824,158500,AU2412.SHF,0
2024-10-30,630.8,639.48,630.04,638.62,238598,158293,AU2412.SHF,0
2024-10-31,637.6,639.3,633.72,635.66,263617,145778,AU2412.SHF,0
2024-11-01,633.86,634.0,624.18,629.72,323563,134619,AU2412.SHF,0
2024-11-04,630.38,632.76,623.22,625.38,258488,124428,AU2412.SHF,0
2024-11-05,625.5,626.78,621.4,625.02,175810,118123,AU2412.SHF,0
2024-11-06,624.8,630.94,622.1,624.06,291828,114179,AU2412.SHF,0
2024-11-07,621.66,622.0,610.7,611.32,362522,106837,AU2412.SHF,0
2024-11-08,613.2,619.6,613.0,615.48,254000,102813,AU2412.SHF,0
2024-11-11,617.72,621.9,614.3,615.78,236935,94600,AU2412.SHF,0
2024-11-12,613.0,613.98,604.62,605.66,249456,89060,AU2412.SHF,0
2024-11-13,604.1,607.16,602.54,604.46,188002,86327,AU2412.SHF,0
2024-11-14,604.9,606.1,592.22,593.1,252658,82258,AU2412.SHF,0
2024-11-15,592.48,597.18,592.12,593.3,190670,80118,AU2412.SHF,0
2024-11-18,594.6,602.42,593.1,600.6,214624,78846,AU2412.SHF,0
2024-11-19,602.14,610.12,601.7,609.84,156382,74960,AU2412.SHF,0
2024-11-20,612.54,613.56,608.22,610.6,172759,67253,AU2412.SHF,0
2024-11-21,611.7,618.06,611.36,617.7,152087,62917,AU2412.SHF,0
2024-11-22,620.24,627.96,619.52,627.88,243349,180353,AU2502.SHF,1
2024-11-25,630.0,631.14,616.84,619.16,405143,174508,AU2502.SHF,0
2024-11-26,622.0,623.34,607.6,610.84,395721,166451,AU2502.SHF,0
2024-11-27,612.6,616.86,609.3,616.46,318560,168097,AU2502.SHF,0
2024-11-28,617.02,618.48,608.6,613.2,358088,172214,AU2502.SHF,0
2024-11-29,615.0,619.24,611.42,618.8,279763,176302,AU2502.SHF,0
2024-12-02,618.14,619.46,610.34,613.28,312505,173499,AU2502.SHF,0
2024-12-03,617.04,620.52,615.22,619.32,253047,174879,AU2502.SHF,0
2024-12-04,617.7,621.18,616.88,618.22,256109,170305,AU2502.SHF,0
2024-12-05,616.0,620.4,614.74,618.4,247844,171666,AU2502.SHF,0
2024-12-06,619.2,619.74,610.72,615.94,312138,163056,AU2502.SHF,0
2024-12-09,615.78,620.88,612.82,619.12,294562,162414,AU2502.SHF,0
2024-12-10,620.7,624.88,619.94,621.44,261386,164398,AU2502.SHF,0
2024-12-11,624.2,629.4,622.7,627.06,299505,174105,AU2502.SHF,0
2024-12-12,627.4,632.06,626.28,631.38,260864,176609,AU2502.SHF,0
2024-12-13,628.6,630.0,622.7,625.6,297976,171425,AU2502.SHF,0
2024-12-16,622.38,623.0,617.68,619.72,215352,163861,AU2502.SHF,0
2024-12-17,621.1,622.7,618.36,619.14,175582,153307,AU2502.SHF,0
2024-12-18,617.5,620.12,615.26,618.5,170427,152072,AU2502.SHF,0
2024-12-19,618.1,619.58,608.88,613.52,232966,151916,AU2502.SHF,0
2024-12-20,613.0,614.4,609.4,613.94,238580,151390,AU2502.SHF,0
2024-12-23,613.3,620.38,612.68,620.14,238867,150296,AU2502.SHF,0
2024-12-24,617.16,618.44,615.6,617.58,166109,142939,AU2502.SHF,0
2024-12-25,616.56,619.78,615.84,619.0,121378,143306,AU2502.SHF,0
2024-12-26,619.32,621.2,617.2,619.74,86289,141497,AU2502.SHF,0
2024-12-27,619.74,621.92,618.6,620.22,152084,139590,AU2502.SHF,0
2024-12-30,618.9,619.42,615.66,617.66,193424,116790,AU2502.SHF,0
2024-12-31,618.78,619.2,614.92,617.6,185333,104047,AU2502.SHF,0
2025-01-02,621.84,624.14,621.32,622.4,86999,103372,AU2502.SHF,0
2025-01-03,625.7,628.8,623.38,627.96,175468,102944,AU2502.SHF,0
2025-01-06,628.4,629.08,624.48,624.92,178204,95625,AU2502.SHF,0
2025-01-07,626.66,626.94,619.08,625.02,224570,85017,AU2502.SHF,0
2025-01-08,627.16,628.6,624.84,627.96,168121,85502,AU2502.SHF,0
2025-01-09,628.68,631.48,626.66,631.3,172065,80559,AU2502.SHF,0
2025-01-10,633.0,635.62,631.24,635.46,140465,77668,AU2502.SHF,0
2025-01-13,635.0,639.36,631.26,637.14,236278,70408,AU2502.SHF,0
2025-01-14,633.5,633.68,630.7,632.1,143080,62258,AU2502.SHF,0
2025-01-15,633.24,637.46,631.16,636.84,187460,172863,AU2504.SHF,1
2025-01-16,637.86,640.66,635.18,639.12,230185,175681,AU2504.SHF,0
2025-01-17,640.36,643.92,639.6,640.68,239089,185487,AU2504.SHF,0
2025-01-20,641.3,641.6,634.22,639.8,242354,186005,AU2504.SHF,0
2025-01-21,638.6,640.26,633.56,639.78,262165,189041,AU2504.SHF,0
2025-01-22,639.92,648.86,639.3,645.46,288931,208119,AU2504.SHF,0
2025-01-23,646.8,647.62,645.1,646.2,214608,207871,AU2504.SHF,0
2025-01-24,644.66,649.96,642.44,648.9,258223,206235,AU2504.SHF,0
2025-01-27,649.52,651.9,645.06,647.54,224576,199780,AU2504.SHF,0
2025-02-05,668.0,671.12,666.24,670.64,118435,205925,AU2504.SHF,0
2025-02-06,672.42,674.2,668.28,668.46,227629,205601,AU2504.SHF,0
2025-02-07,670.48,671.72,664.46,669.9,232702,199458,AU2504.SHF,0
2025-02-10,670.5,679.5,668.2,679.08,371683,201630,AU2504.SHF,0
2025-02-11,682.22,691.76,679.84,685.74,411552,193613,AU2504.SHF,0
2025-02-12,680.0,685.12,677.0,681.22,354674,184048,AU2504.SHF,0
2025-02-13,679.72,686.48,675.12,684.56,359775,186368,AU2504.SHF,0
2025-02-14,685.72,688.66,683.86,688.4,254382,190906,AU2504.SHF,0
2025-02-17,686.02,686.56,674.34,677.1,444374,174667,AU2504.SHF,0
2025-02-18,678.0,683.88,677.2,682.82,200401,177308,AU2504.SHF,0
2025-02-19,684.36,690.24,683.6,687.8,261476,179507,AU2504.SHF,0
2025-02-20,688.5,690.46,684.18,690.0,289045,178648,AU2504.SHF,0
2025-02-21,688.0,689.0,681.82,684.44,384739,170792,AU2504.SHF,0
2025-02-24,684.8,686.9,682.2,685.98,310621,167268,AU2504.SHF,0
2025-02-25,688.04,689.66,683.88,685.58,294200,157700,AU2504.SHF,0
2025-02-26,683.78,686.54,674.6,679.42,436901,128515,AU2504.SHF,0
2025-02-27,681.0,682.44,675.4,677.0,354469,120024,AU2504.SHF,0
2025-02-28,675.0,677.98,671.6,672.12,346238,110653,AU2504.SHF,0
2025-03-03,670.0,672.94,665.34,672.4,380464,94069,AU2504.SHF,0
2025-03-04,674.88,678.72,672.9,676.82,251185,91834,AU2504.SHF,0
2025-03-05,682.4,682.94,678.0,682.16,318450,84095,AU2504.SHF,0
2025-03-06,681.56,681.9,675.76,680.64,303315,75770,AU2504.SHF,0
2025-03-07,677.14,680.84,676.66,679.48,268127,70875,AU2504.SHF,0
2025-03-10,680.32,682.12,677.1,681.5,302314,71086,AU2504.SHF,0
2025-03-11,680.0,680.46,674.34,677.56,254007,67706,AU2504.SHF,0
2025-03-12,678.98,680.44,677.14,679.56,192822,64124,AU2504.SHF,0
2025-03-13,680.4,685.58,678.52,684.5,222190,64132,AU2504.SHF,0
2025-03-14,686.02,697.6,685.46,694.96,278638,63787,AU2504.SHF,0
2025-03-17,696.04,697.08,693.02,695.94,194491,61147,AU2504.SHF,0
2025-03-18,695.0,701.26,694.68,700.7,184143,59911,AU2504.SHF,0
2025-03-19,704.34,708.48,702.3,707.34,189910,55549,AU2504.SHF,0
2025-03-20,705.72,710.12,703.12,708.5,172384,52092,AU2504.SHF,0
2025-03-21,709.8,711.24,705.9,706.96,237974,207301,AU2506.SHF,1
2025-03-24,708.0,708.7,701.32,707.14,283887,208073,AU2506.SHF,0
2025-03-25,706.48,707.82,703.72,706.76,234643,206973,AU2506.SHF,0
2025-03-26,707.0,710.02,706.84,709.02,238342,211694,AU2506.SHF,0
2025-03-27,709.52,711.22,706.5,710.3,243137,211040,AU2506.SHF,0
2025-03-28,714.66,722.88,711.82,722.8,413254,220712,AU2506.SHF,0
2025-03-31,721.48,732.1,719.28,729.8,462428,223123,AU2506.SHF,0
2025-04-01,731.74,739.8,726.14,736.3,510074,219054,AU2506.SHF,0
2025-04-02,737.1,738.5,731.1,733.6,434172,213334,AU2506.SHF,0
2025-04-03,735.88,747.98,731.9,739.04,537550,207567,AU2506.SHF,0
2025-04-07,701.8,728.0,701.0,718.18,559347,191317,AU2506.SHF,0
2025-04-08,718.6,720.38,710.04,719.22,559659,186814,AU2506.SHF,0
2025-04-09,718.26,728.5,716.56,728.14,527616,193197,AU2506.SHF,0
2025-04-10,729.0,744.88,728.6,744.48,703287,200633,AU2506.SHF,0
2025-04-11,743.14,763.62,740.68,757.3,769599,194428,AU2506.SHF,0
2025-04-14,763.0,766.5,757.18,763.64,610748,198620,AU2506.SHF,0
2025-04-15,759.4,765.16,757.32,764.44,447203,200994,AU2506.SHF,0
2025-04-16,763.94,782.38,762.3,781.6,449355,205198,AU2506.SHF,0
2025-04-17,783.5,796.7,781.6,789.22,703879,197638,AU2506.SHF,0
2025-04-18,788.1,791.9,778.14,791.02,595905,196309,AU2506.SHF,0
2025-04-21,790.12,805.56,788.22,805.06,385994,198115,AU2506.SHF,0
2025-04-22,810.3,836.3,808.4,831.42,872580,204671,AU2506.SHF,0
2025-04-23,820.58,828.74,783.06,784.28,1365212,185566,AU2506.SHF,0
2025-04-24,786.28,804.84,774.48,792.2,1125865,173030,AU2506.SHF,0
2025-04-25,795.06,801.36,782.4,787.2,662672,166311,AU2506.SHF,0
2025-04-28,784.5,790.68,777.16,780.04,543425,151572,AU2506.SHF,0
2025-04-29,782.9,794.66,780.52,785.14,433745,143824,AU2506.SHF,0
2025-04-30,784.0,788.34,780.02,780.3,246636,127440,AU2506.SHF,0
2025-05-06,784.36,799.56,783.5,794.8,197963,127407,AU2506.SHF,0
2025-05-07,802.0,809.36,795.6,803.5,413639,188308,AU2508.SHF,1
2025-05-08,803.1,809.88,788.78,790.78,565698,198555,AU2508.SHF,0
2025-05-09,795.86,797.5,777.1,788.42,663192,205859,AU2508.SHF,0
2025-05-12,790.16,792.64,767.5,772.28,608130,210772,AU2508.SHF,0
2025-05-13,760.8,768.66,756.02,767.68,625489,214581,AU2508.SHF,0
2025-05-14,764.0,768.28,760.78,761.72,497536,214778,AU2508.SHF,0
2025-05-15,750.0,752.74,732.64,739.82,744074,211188,AU2508.SHF,0
2025-05-16,747.8,759.2,746.44,751.8,481303,211481,AU2508.SHF,0
2025-05-19,743.7,761.04,743.04,755.86,354299,209904,AU2508.SHF,0
2025-05-20,757.0,759.56,753.12,754.38,268945,211353,AU2508.SHF,0
2025-05-21,760.6,779.2,758.68,778.78,396470,222494,AU2508.SHF,0
2025-05-22,775.16,785.36,773.66,780.1,307544,224053,AU2508.SHF,0
2025-05-23,775.22,780.58,770.0,780.1,330158,220512,AU2508.SHF,0
2025-05-26,785.0,786.82,777.1,777.3,296331,216132,AU2508.SHF,0
2025-05-27,777.9,780.98,770.38,771.6,228706,204795,AU2508.SHF,0
2025-05-28,769.1,773.8,767.2,772.28,210848,199056,AU2508.SHF,0
2025-05-29,772.7,773.74,759.3,764.32,250594,195076,AU2508.SHF,0
2025-05-30,773.58,776.16,768.6,771.8,236013,181246,AU2508.SHF,0
2025-06-03,789.4,790.0,781.6,783.1,131022,180833,AU2508.SHF,0
2025-06-04,783.1,785.78,777.5,782.42,191944,180310,AU2508.SHF,0
2025-06-05,782.4,787.96,780.72,783.72,198422,182808,AU2508.SHF,0
2025-06-06,785.92,786.9,776.68,783.24,272195,178314,AU2508.SHF,0
2025-06-09,781.12,783.08,767.08,774.72,255991,173184,AU2508.SHF,0
2025-06-10,774.0,777.16,769.42,775.06,179960,170163,AU2508.SHF,0
2025-06-11,777.7,779.76,774.02,777.54,165488,168745,AU2508.SHF,0
2025-06-12,777.0,786.5,774.98,785.16,218198,172351,AU2508.SHF,0
2025-06-13,786.98,801.14,785.16,794.36,294538,176354,AU2508.SHF,0
2025-06-16,798.4,800.3,791.1,792.3,228842,176263,AU2508.SHF,0
2025-06-17,792.68,792.68,782.1,785.08,192889,168935,AU2508.SHF,0
2025-06-18,785.36,787.48,781.54,785.42,164233,162421,AU2508.SHF,0
2025-06-19,786.5,789.1,779.26,781.24,190490,161031,AU2508.SHF,0
2025-06-20,783.1,784.98,777.22,778.58,149695,156301,AU2508.SHF,0
2025-06-23,777.26,784.48,776.46,781.3,158979,152462,AU2508.SHF,0
2025-06-24,782.0,787.96,769.66,771.86,248445,147344,AU2508.SHF,0
2025-06-25,769.86,774.42,764.98,773.94,159583,145732,AU2508.SHF,0
2025-06-26,771.9,775.68,770.22,775.28,128026,135267,AU2508.SHF,0
2025-06-27,772.0,774.7,764.96,766.4,169217,129822,AU2508.SHF,0
2025-06-30,764.1,768.58,760.58,767.58,211285,155821,AU2510.SHF,1
2025-07-01,766.18,776.64,765.4,776.1,171739,167465,AU2510.SHF,0
2025-07-02,780.8,781.0,775.02,776.04,202457,168596,AU2510.SHF,0
2025-07-03,779.02,782.24,776.22,781.28,189582,175461,AU2510.SHF,0
2025-07-04,774.02,777.88,773.5,777.06,213782,175040,AU2510.SHF,0
2025-07-07,775.38,777.2,769.34,771.3,190256,175760,AU2510.SHF,0
2025-07-08,771.66,777.28,770.74,776.22,187574,179131,AU2510.SHF,0
2025-07-09,774.98,775.3,765.22,766.82,310838,181258,AU2510.SHF,0
2025-07-10,767.5,774.08,767.08,773.3,205604,184003,AU2510.SHF,0
2025-07-11,773.3,775.88,770.46,773.56,217649,181932,AU2510.SHF,0
2025-07-14,777.62,781.46,776.24,781.4,249578,191083,AU2510.SHF,0
2025-07-15,777.0,781.52,775.84,780.4,216294,198270,AU2510.SHF,0
2025-07-16,778.0,779.4,773.84,776.66,259450,200708,AU2510.SHF,0
2025-07-17,776.22,782.84,773.64,776.28,375362,203084,AU2510.SHF,0
2025-07-18,772.0,777.66,771.9,777.02,221277,202287,AU2510.SHF,0
2025-07-21,780.1,782.58,778.08,781.7,216188,211239,AU2510.SHF,0
2025-07-22,784.7,787.8,784.2,784.84,215395,216722,AU2510.SHF,0
2025-07-23,788.5,794.0,787.6,792.9,286795,222387,AU2510.SHF,0
2025-07-24,790.98,791.22,777.66,778.74,331217,213456,AU2510.SHF,0
2025-07-25,774.88,779.24,774.32,777.32,190255,211851,AU2510.SHF,0
2025-07-28,772.82,775.84,770.58,774.78,256019,209675,AU2510.SHF,0
2025-07-29,772.66,773.3,767.68,771.44,219932,212407,AU2510.SHF,0
2025-07-30,772.7,775.08,770.84,773.78,206379,214105,AU2510.SHF,0
2025-07-31,771.3,772.44,766.86,770.28,260701,217080,AU2510.SHF,0
2025-08-01,772.5,773.16,768.5,770.72,189185,218768,AU2510.SHF,0
2025-08-04,778.5,781.78,778.42,781.42,271828,217696,AU2510.SHF,0
2025-08-05,782.4,786.18,782.3,782.5,193353,218652,AU2510.SHF,0
2025-08-06,782.8,785.82,782.58,783.68,191341,215212,AU2510.SHF,0
2025-08-07,782.28,785.5,781.08,785.02,187081,217630,AU2510.SHF,0
2025-08-08,784.18,788.36,783.34,787.8,251828,220321,AU2510.SHF,0
2025-08-11,787.02,788.92,778.74,779.48,278074,211644,AU2510.SHF,0
2025-08-12,777.52,778.78,775.52,776.04,194063,204736,AU2510.SHF,0
2025-08-13,777.28,777.82,773.8,777.72,206809,201477,AU2510.SHF,0
2025-08-14,778.12,780.58,777.02,778.7,149006,199577,AU2510.SHF,0
2025-08-15,776.9,777.32,773.22,775.8,160609,197655,AU2510.SHF,0
2025-08-18,775.92,777.84,774.52,777.66,129189,194004,AU2510.SHF,0
2025-08-19,776.98,776.98,773.84,775.06,121675,191435,AU2510.SHF,0
2025-08-20,774.72,775.54,770.38,772.68,153091,191474,AU2510.SHF,0
2025-08-21,776.5,777.5,774.32,775.12,128755,183215,AU2510.SHF,0
2025-08-22,776.0,777.22,772.74,773.4,139379,181769,AU2510.SHF,0
2025-08-25,772.6,781.88,772.12,779.18,226253,180151,AU2510.SHF,0
2025-08-26,778.44,782.4,778.26,781.12,118442,174588,AU2510.SHF,0
2025-08-27,780.68,783.28,780.0,781.16,135834,166596,AU2510.SHF,0
2025-08-28,782.0,784.58,781.4,783.22,148309,144469,AU2510.SHF,0
2025-08-29,783.0,785.4,782.18,785.12,145863,136691,AU2510.SHF,0
2025-09-01,786.1,802.38,785.7,800.56,313792,140691,AU2510.SHF,0
2025-09-02,799.54,809.98,799.08,804.32,199052,138624,AU2510.SHF,0
2025-09-03,804.42,816.78,802.5,814.88,265502,142330,AU2510.SHF,0
2025-09-04,817.5,823.24,807.18,812.98,302967,136664,AU2510.SHF,0
2025-09-05,815.06,817.76,811.36,815.6,183319,132985,AU2510.SHF,0
2025-09-08,822.1,824.42,818.04,822.86,258829,129838,AU2510.SHF,0
2025-09-09,827.5,836.96,827.36,834.48,262249,124881,AU2510.SHF,0
2025-09-10,834.06,840.82,827.26,833.42,297857,119424,AU2510.SHF,0
2025-09-11,833.38,836.62,828.5,830.78,165360,114423,AU2510.SHF,0
2025-09-12,829.52,835.28,826.64,834.22,170217,109267,AU2510.SHF,0
2025-09-15,833.82,835.34,828.42,831.6,131159,104349,AU2510.SHF,0
2025-09-16,833.48,842.4,833.14,842.08,152819,104060,AU2510.SHF,0
2025-09-17,841.16,843.42,834.16,835.08,164311,96007,AU2510.SHF,0
2025-09-18,835.34,839.0,823.96,824.1,192704,87731,AU2510.SHF,0
2025-09-19,832.12,833.16,826.86,830.56,210003,240177,AU2512.SHF,1
2025-09-22,831.02,847.26,829.86,846.5,230847,260256,AU2512.SHF,0
2025-09-23,847.5,856.3,845.04,855.44,258495,271554,AU2512.SHF,0
2025-09-24,861.34,862.1,853.74,860.0,285621,274765,AU2512.SHF,0
2025-09-25,860.0,861.22,852.08,854.72,270576,266629,AU2512.SHF,0
2025-09-26,854.0,859.04,850.74,856.06,270430,264305,AU2512.SHF,0
2025-09-29,857.7,867.0,855.56,866.52,333591,263220,AU2512.SHF,0
2025-09-30,866.88,880.0,865.08,874.4,226548,256876,AU2512.SHF,0
2025-10-09,909.96,918.88,903.4,914.32,196141,251137,AU2512.SHF,0
2025-10-10,918.06,921.4,898.06,901.56,434566,238522,AU2512.SHF,0
2025-10-13,904.88,928.88,901.8,927.56,446705,239996,AU2512.SHF,0
2025-10-14,929.5,958.1,929.14,938.98,555171,228459,AU2512.SHF,0
2025-10-15,937.5,960.42,934.5,960.34,420246,230686,AU2512.SHF,0
2025-10-16,958.0,971.58,956.38,966.42,459193,225159,AU2512.SHF,0
2025-10-17,968.56,1001.0,968.56,999.8,640615,222192,AU2512.SHF,0
2025-10-20,989.7,989.8,960.06,970.32,728228,207916,AU2512.SHF,0
2025-10-21,990.0,1001.96,982.28,994.06,496445,205110,AU2512.SHF,0
2025-10-22,962.82,966.64,933.08,952.56,728934,192803,AU2512.SHF,0
2025-10-23,927.66,948.0,923.62,942.28,555735,189131,AU2512.SHF,0
2025-10-24,945.02,951.86,935.56,938.1,370912,185813,AU2512.SHF,0
2025-10-27,936.16,948.46,931.2,934.14,386272,180815,AU2512.SHF,0
2025-10-28,926.92,928.56,900.62,901.38,474483,175916,AU2512.SHF,0
2025-10-29,895.12,911.98,893.64,910.88,363239,168691,AU2512.SHF,0
2025-10-30,919.7,920.24,896.0,912.16,412100,163611,AU2512.SHF,0
2025-10-31,910.0,926.3,908.8,921.92,395964,156891,AU2512.SHF,0
2025-11-03,924.6,927.28,911.18,922.58,341261,151373,AU2512.SHF,0
2025-11-04,921.9,925.86,912.08,915.58,332993,144602,AU2512.SHF,0
2025-11-05,915.42,918.7,903.86,912.26,338110,141428,AU2512.SHF,0
2025-11-06,913.5,917.8,911.68,917.8,238433,137883,AU2512.SHF,0
2025-11-07,920.3,922.84,912.0,921.26,274053,136660,AU2512.SHF,0
2025-11-10,918.74,937.08,916.28,935.98,320688,136657,AU2512.SHF,0
2025-11-11,940.18,952.9,936.2,948.88,282349,131045,AU2512.SHF,0
2025-11-12,949.84,952.08,940.78,945.76,260377,124540,AU2512.SHF,0
2025-11-13,947.6,963.96,945.96,961.22,307850,124239,AU2512.SHF,0
2025-11-14,967.2,967.96,952.0,953.2,307687,113597,AU2512.SHF,0
2025-11-17,940.88,940.88,921.38,929.46,402784,101723,AU2512.SHF,0
2025-11-18,932.26,935.52,917.58,918.52,236915,90872,AU2512.SHF,0
2025-11-19,922.54,938.32,922.54,937.0,239515,82838,AU2512.SHF,0
2025-11-20,941.98,945.8,929.2,932.56,223736,73837,AU2512.SHF,0
2025-11-21,938.54,942.94,926.12,926.94,352583,160310,AU2602.SHF,1
2025-11-24,933.98,940.08,927.52,930.32,314958,164620,AU2602.SHF,0
2025-11-25,935.6,949.78,933.38,946.5,299689,181169,AU2602.SHF,0
2025-11-26,942.56,950.8,939.04,946.72,341225,188763,AU2602.SHF,0
2025-11-27,947.0,949.94,943.2,947.16,273359,195755,AU2602.SHF,0
2025-11-28,947.02,955.5,945.74,953.92,189713,202129,AU2602.SHF,0
2025-12-01,951.92,968.16,948.14,963.28,342979,205325,AU2602.SHF,0
2025-12-02,964.82,968.26,955.22,958.42,313720,202038,AU2602.SHF,0
2025-12-03,958.0,962.18,948.18,956.7,300096,197799,AU2602.SHF,0
2025-12-04,958.0,964.12,949.78,953.42,310489,197638,AU2602.SHF,0
2025-12-05,954.5,962.3,952.62,961.04,237697,196953,AU2602.SHF,0
2025-12-08,962.34,967.88,954.5,958.7,298231,197193,AU2602.SHF,0
2025-12-09,958.04,958.5,949.0,951.54,229564,194493,AU2602.SHF,0
2025-12-10,955.7,959.02,952.22,956.4,222609,192659,AU2602.SHF,0
2025-12-11,954.48,966.6,953.2,957.9,242710,192178,AU2602.SHF,0
2025-12-12,958.9,970.88,955.5,970.66,291736,203874,AU2602.SHF,0
2025-12-15,980.62,985.78,963.5,983.16,439762,203038,AU2602.SHF,0
2025-12-16,983.34,983.8,967.08,971.42,293904,196206,AU2602.SHF,0
2025-12-17,972.5,982.78,971.72,979.72,275889,197105,AU2602.SHF,0
2025-12-18,977.0,982.92,976.54,980.5,241116,196752,AU2602.SHF,0
2025-12-19,977.6,988.8,975.14,979.9,328878,189662,AU2602.SHF,0
2025-12-22,979.9,1000.86,978.32,1000.86,278793,202290,AU2602.SHF,0
2025-12-23,999.36,1018.68,998.0,1014.24,276418,199893,AU2602.SHF,0
2025-12-24,1015.0,1022.88,1000.5,1014.68,351301,186798,AU2602.SHF,0
2025-12-25,1013.94,1014.28,1003.12,1008.76,220136,182179,AU2602.SHF,0
2025-12-26,1007.0,1023.96,1007.0,1016.3,224588,180712,AU2602.SHF,0
2025-12-29,1015.38,1024.0,1006.0,1007.18,345222,166024,AU2602.SHF,0
2025-12-30,1004.72,1007.12,970.02,984.84,391541,144462,AU2602.SHF,0
2025-12-31,993.76,993.76,964.0,977.56,284555,136303,AU2602.SHF,0
2026-01-05,991.0,997.22,988.52,995.0,115296,132523,AU2602.SHF,0
2026-01-06,994.02,1007.42,991.6,1004.98,192491,130227,AU2602.SHF,0
2026-01-07,1006.0,1011.0,997.64,998.9,200100,126147,AU2602.SHF,0
2026-01-08,999.4,1004.94,993.58,997.94,193114,119995,AU2602.SHF,0
2026-01-09,996.7,1007.0,993.0,1006.48,161188,119286,AU2602.SHF,0
2026-01-12,1004.48,1031.3,1003.38,1026.28,238327,116450,AU2602.SHF,0
2026-01-13,1026.86,1035.34,1025.1,1027.18,197421,103633,AU2602.SHF,0
2026-01-14,1028.82,1041.0,1028.24,1040.62,201087,100679,AU2602.SHF,0
2026-01-15,1041.0,1042.94,1028.7,1035.2,190102,93351,AU2602.SHF,0
2026-01-16,1035.22,1037.0,1027.0,1032.32,123247,87298,AU2602.SHF,0
2026-01-19,1032.64,1050.4,1018.78,1048.88,155786,84463,AU2602.SHF,0
2026-01-20,1050.16,1061.16,1047.8,1060.16,168464,185964,AU2604.SHF,1
2026-01-21,1063.0,1101.92,1060.1,1092.3,350273,207266,AU2604.SHF,0
2026-01-22,1097.0,1099.62,1074.0,1087.58,369271,201382,AU2604.SHF,0
2026-01-23,1087.0,1119.12,1084.8,1115.64,288050,206580,AU2604.SHF,0
2026-01-26,1113.0,1151.7,1108.5,1143.32,395962,215820,AU2604.SHF,0
2026-01-27,1145.94,1154.46,1112.78,1148.38,401545,217484,AU2604.SHF,0
2026-01-28,1146.8,1186.76,1134.7,1186.2,430617,222473,AU2604.SHF,0
2026-01-29,1189.6,1258.72,1180.0,1249.12,521258,211820,AU2604.SHF,0
2026-01-30,1246.0,1251.28,1140.0,1161.42,894024,187299,AU2604.SHF,0
2026-02-02,1140.0,1154.78,1005.4,1008.6,893317,178401,AU2604.SHF,0
2026-02-03,1068.46,1098.3,1033.5,1093.78,726056,179295,AU2604.SHF,0
2026-02-04,1100.02,1143.36,1098.68,1141.7,462718,178544,AU2604.SHF,0
2026-02-05,1131.84,1139.8,1077.02,1105.76,631419,172503,AU2604.SHF,0
2026-02-06,1089.0,1105.6,1050.02,1090.12,494742,163840,AU2604.SHF,0
2026-02-09,1104.0,1133.16,1098.38,1125.94,331307,158759,AU2604.SHF,0
2026-02-10,1122.92,1134.46,1116.4,1121.22,218097,156910,AU2604.SHF,0
2026-02-11,1122.68,1132.6,1117.0,1130.4,217933,160510,AU2604.SHF,0
2026-02-12,1133.8,1135.94,1118.2,1126.12,246621,154552,AU2604.SHF,0
2026-02-13,1123.94,1130.38,1087.32,1110.1,303568,153140,AU2604.SHF,0
2026-02-24,1160.0,1162.32,1142.0,1150.5,126903,157411,AU2604.SHF,0
2026-02-25,1144.8,1154.98,1134.0,1151.06,198537,155075,AU2604.SHF,0
2026-02-26,1148.68,1154.46,1144.08,1146.48,169407,151642,AU2604.SHF,0
2026-02-27,1144.5,1150.2,1136.02,1147.9,194710,150146,AU2604.SHF,0
2026-03-02,1150.16,1197.36,1148.62,1197.22,319930,154593,AU2604.SHF,0
2026-03-03,1199.52,1205.78,1175.06,1182.0,392785,139773,AU2604.SHF,0
2026-03-04,1163.2,1165.0,1124.14,1153.06,418498,126419,AU2604.SHF,0
2026-03-05,1153.56,1159.92,1141.54,1152.0,233912,125041,AU2604.SHF,0
2026-03-06,1151.4,1151.8,1131.22,1140.8,272430,113842,AU2604.SHF,0
2026-03-09,1136.0,1152.88,1120.0,1140.0,312400,110867,AU2604.SHF,0
2026-03-10,1139.0,1153.74,1134.0,1150.0,203619,111758,AU2604.SHF,0
2026-03-11,1150.4,1161.02,1146.42,1151.98,179567,107728,AU2604.SHF,0
2026-03-12,1148.0,1153.5,1142.6,1148.1,163830,105803,AU2604.SHF,0
2026-03-13,1150.94,1151.52,1132.1,1133.0,178365,102674,AU2604.SHF,0
2026-03-16,1140.7,1140.7,1110.58,1118.34,214294,94528,AU2604.SHF,0
2026-03-17,1120.0,1122.0,1109.2,1116.2,146932,90930,AU2604.SHF,0
2026-03-18,1115.7,1119.2,1107.8,1113.52,130531,85832,AU2604.SHF,0
2026-03-19,1089.0,1091.7,1057.2,1062.0,244568,78537,AU2604.SHF,0
2026-03-20,1020.0,1056.14,1002.14,1039.22,343231,68993,AU2604.SHF,0
2026-03-23,1041.78,1042.0,926.48,940.0,386422,62764,AU2604.SHF,0
2026-03-24,992.8,998.38,956.66,977.28,282408,54345,AU2604.SHF,0
2026-03-25,977.0,1027.88,970.26,1013.96,317182,169532,AU2606.SHF,1
2026-03-26,1014.5,1022.64,986.02,995.98,291301,170696,AU2606.SHF,0
2026-03-27,991.18,1002.76,978.1,998.66,316403,169083,AU2606.SHF,0
2026-03-30,993.46,1019.5,988.1,1014.88,393515,180953,AU2606.SHF,0
2026-03-31,1023.8,1034.2,1011.0,1020.1,335355,180433,AU2606.SHF,0
2026-04-01,1022.92,1053.5,1021.1,1053.18,315640,187601,AU2606.SHF,0
2026-04-02,1052.78,1065.3,1013.72,1023.78,463035,176413,AU2606.SHF,0
2026-04-03,1024.64,1047.44,1019.12,1033.0,306760,174544,AU2606.SHF,0
2026-04-07,1035.0,1037.7,1027.76,1034.28,124206,174903,AU2606.SHF,0
2026-04-08,1032.98,1070.0,1023.0,1062.0,311307,187085,AU2606.SHF,0
2026-04-09,1059.7,1060.0,1038.78,1041.32,265623,182700,AU2606.SHF,0
2026-04-10,1048.5,1059.0,1046.18,1048.36,221263,182266,AU2606.SHF,0
2026-04-13,1053.42,1056.86,1036.8,1043.4,227711,182565,AU2606.SHF,0
2026-04-14,1043.02,1053.0,1038.34,1052.82,216470,184072,AU2606.SHF,0
2026-04-15,1050.0,1070.92,1050.0,1058.24,250768,188609,AU2606.SHF,0
2026-04-16,1058.96,1064.3,1052.0,1061.5,173059,186942,AU2606.SHF,0
2026-04-17,1060.0,1061.62,1050.06,1054.02,204155,181300,AU2606.SHF,0
2026-04-20,1065.0,1074.44,1047.22,1054.96,308208,183295,AU2606.SHF,0
2026-04-21,1056.0,1060.66,1051.1,1051.7,186441,180050,AU2606.SHF,0
2026-04-22,1051.86,1055.46,1037.32,1051.4,258135,178517,AU2606.SHF,0
2026-04-23,1048.0,1050.0,1036.0,1040.06,209677,181016,AU2606.SHF,0
2026-04-24,1045.0,1045.54,1030.7,1032.12,232408,179211,AU2606.SHF,0
2026-04-27,1036.8,1045.42,1035.1,1039.42,182039,173811,AU2606.SHF,0
2026-04-28,1036.24,1036.86,1020.08,1022.1,210036,166178,AU2606.SHF,0
2026-04-29,1015.18,1016.76,1007.24,1011.88,223967,159022,AU2606.SHF,0
2026-04-30,1005.0,1016.38,996.12,1016.12,230115,153650,AU2606.SHF,0
