trade_date,open,high,low,close,vol,oi,contract_ts_code,roll_flag
2010-01-04,1878,1900,1875,1892,176352,217210,C1009.DCE,0
2010-01-05,1893,1904,1889,1891,103552,226796,C1009.DCE,0
2010-01-06,1895,1918,1890,1908,160396,241304,C1009.DCE,0
2010-01-07,1910,1921,1881,1898,162554,228008,C1009.DCE,0
2010-01-08,1898,1927,1895,1925,605112,298488,C1009.DCE,0
2010-01-11,1932,1936,1918,1921,242470,305364,C1009.DCE,0
2010-01-12,1915,1922,1905,1908,195492,288226,C1009.DCE,0
2010-01-13,1885,1896,1879,1887,217122,230980,C1009.DCE,0
2010-01-14,1898,1903,1892,1896,108336,225416,C1009.DCE,0
2010-01-15,1894,1897,1890,1891,78334,223028,C1009.DCE,0
2010-01-18,1888,1897,1888,1896,65240,227506,C1009.DCE,0
2010-01-19,1898,1903,1894,1896,56094,231082,C1009.DCE,0
2010-01-20,1896,1898,1888,1890,52456,224912,C1009.DCE,0
2010-01-21,1891,1896,1888,1895,77808,234780,C1009.DCE,0
2010-01-22,1893,1894,1868,1877,170874,201914,C1009.DCE,0
2010-01-25,1880,1880,1866,1867,89270,216812,C1009.DCE,0
2010-01-26,1867,1869,1859,1859,73696,209614,C1009.DCE,0
2010-01-27,1860,1865,1855,1861,76426,210744,C1009.DCE,0
2010-01-28,1852,1857,1843,1844,95098,215290,C1009.DCE,0
2010-01-29,1847,1855,1843,1854,76920,200514,C1009.DCE,0
2010-02-01,1851,1854,1845,1847,72182,177486,C1009.DCE,0
2010-02-02,1850,1853,1841,1846,70578,171738,C1009.DCE,0
2010-02-03,1920,1920,1851,1862,111026,195460,C1009.DCE,0
2010-02-04,1853,1853,1846,1848,62294,178300,C1009.DCE,0
2010-02-05,1846,1851,1843,1850,38272,174544,C1009.DCE,0
2010-02-08,1850,1854,1849,1850,30136,167882,C1009.DCE,0
2010-02-09,1851,1852,1845,1849,38996,164726,C1009.DCE,0
2010-02-10,1850,1860,1846,1858,54188,158292,C1009.DCE,0
2010-02-11,1860,1861,1854,1855,28806,160042,C1009.DCE,0
2010-02-12,1859,1859,1855,1858,18804,153590,C1009.DCE,0
2010-02-22,1866,1868,1860,1865,32018,156628,C1009.DCE,0
2010-02-23,1865,1878,1864,1877,82660,178464,C1009.DCE,0
2010-02-24,1872,1877,1872,1874,35126,181860,C1009.DCE,0
2010-02-25,1876,1878,1870,1871,35520,177818,C1009.DCE,0
2010-02-26,1873,1875,1866,1866,48962,165506,C1009.DCE,0
2010-03-01,1871,1883,1870,1878,60686,173926,C1009.DCE,0
2010-03-02,1875,1878,1870,1872,38314,169072,C1009.DCE,0
2010-03-03,1873,1876,1870,1871,26438,168620,C1009.DCE,0
2010-03-04,1872,1873,1863,1863,46220,157052,C1009.DCE,0
2010-03-05,1860,1863,1856,1862,33828,157642,C1009.DCE,0
2010-03-08,1862,1870,1861,1869,28326,152058,C1009.DCE,0
2010-03-09,1868,1873,1866,1870,28340,151334,C1009.DCE,0
2010-03-10,1869,1874,1866,1872,33464,159046,C1009.DCE,0
2010-03-11,1872,1875,1869,1873,35710,163326,C1009.DCE,0
2010-03-12,1872,1879,1871,1879,45376,171280,C1009.DCE,0
2010-03-15,1880,1895,1878,1893,91162,188652,C1009.DCE,0
2010-03-16,1894,1899,1889,1897,55364,194358,C1009.DCE,0
2010-03-17,1902,1903,1895,1899,44064,199488,C1009.DCE,0
2010-03-18,1900,1901,1891,1894,34180,193000,C1009.DCE,0
2010-03-19,1895,1909,1894,1907,57882,203088,C1009.DCE,0
2010-03-22,1908,1916,1905,1912,49638,208344,C1009.DCE,0
2010-03-23,1914,1918,1908,1909,52330,203950,C1009.DCE,0
2010-03-24,1908,1910,1903,1904,38300,199832,C1009.DCE,0
2010-03-25,1907,1916,1905,1912,37068,202224,C1009.DCE,0
2010-03-26,1910,1919,1907,1917,56784,207424,C1009.DCE,0
2010-03-29,1919,1941,1919,1939,104476,218556,C1009.DCE,0
2010-03-30,1939,1941,1931,1931,102398,224348,C1009.DCE,0
2010-03-31,1933,1936,1925,1928,104056,216612,C1009.DCE,0
2010-04-01,1925,1937,1925,1932,73748,222510,C1009.DCE,0
2010-04-02,1933,1935,1927,1934,44346,216288,C1009.DCE,0
2010-04-06,1935,1946,1933,1938,77224,223954,C1009.DCE,0
2010-04-07,1939,1939,1928,1932,107636,224396,C1009.DCE,0
2010-04-08,1932,1933,1901,1907,274018,219312,C1009.DCE,0
2010-04-09,1906,1910,1902,1904,74794,216474,C1009.DCE,0
2010-04-12,1902,1911,1891,1897,116750,210110,C1009.DCE,0
2010-04-13,1895,1916,1895,1914,137252,209764,C1009.DCE,0
2010-04-14,1915,1919,1912,1913,51858,209978,C1009.DCE,0
2010-04-15,1916,1916,1908,1913,63840,206954,C1009.DCE,0
2010-04-16,1915,1915,1911,1914,30462,207342,C1009.DCE,0
2010-04-19,1912,1929,1911,1925,173308,228042,C1009.DCE,0
2010-04-20,1925,1932,1923,1924,92878,230676,C1009.DCE,0
2010-04-21,1925,1928,1922,1927,50968,225068,C1009.DCE,0
2010-04-22,1928,1929,1923,1924,28216,223408,C1009.DCE,0
2010-04-23,1924,1928,1923,1926,37652,219278,C1009.DCE,0
2010-04-26,1927,1929,1914,1916,94444,216774,C1009.DCE,0
2010-04-27,1914,1937,1911,1936,146724,232248,C1009.DCE,0
2010-04-28,1930,1937,1922,1925,167408,230714,C1009.DCE,0
2010-04-29,1927,1928,1914,1918,137664,235102,C1009.DCE,0
2010-04-30,1918,1924,1915,1921,77636,237054,C1009.DCE,0
2010-05-04,1919,1925,1914,1922,52642,245604,C1009.DCE,0
2010-05-05,1918,1932,1918,1929,85234,258846,C1009.DCE,0
2010-05-06,1929,1936,1922,1924,85274,252074,C1009.DCE,0
2010-05-07,1917,1932,1916,1927,103390,249348,C1009.DCE,0
2010-05-10,1930,1950,1930,1947,168742,268998,C1009.DCE,0
2010-05-11,1948,1950,1935,1936,135784,258034,C1009.DCE,0
2010-05-12,1943,1947,1939,1941,95682,277068,C1009.DCE,0
2010-05-13,1942,1942,1932,1939,105684,245996,C1009.DCE,0
2010-05-14,1939,1947,1937,1937,91712,244496,C1009.DCE,0
2010-05-17,1935,1942,1920,1938,203892,259178,C1009.DCE,0
2010-05-18,1935,1952,1934,1948,109176,254036,C1009.DCE,0
2010-05-19,1946,1963,1943,1961,162804,259854,C1009.DCE,0
2010-05-20,1962,1979,1962,1974,175150,270142,C1009.DCE,0
2010-05-21,1973,1979,1965,1977,137242,287372,C1009.DCE,0
2010-05-24,1981,1984,1966,1969,116068,287642,C1009.DCE,0
2010-05-25,1965,1967,1953,1956,164078,272442,C1009.DCE,0
2010-05-26,1959,1965,1956,1964,68948,273490,C1009.DCE,0
2010-05-27,1963,1965,1956,1958,62418,275442,C1009.DCE,0
2010-05-28,1956,1958,1927,1941,144908,284698,C1009.DCE,0
2010-05-31,1940,1949,1933,1943,102448,293626,C1009.DCE,0
2010-06-01,1944,1949,1938,1945,66554,292100,C1009.DCE,0
2010-06-02,1942,1946,1925,1930,143064,273922,C1009.DCE,0
2010-06-03,1931,1934,1923,1929,70244,269160,C1009.DCE,0
2010-06-04,1932,1940,1928,1938,73832,267902,C1009.DCE,0
2010-06-07,1930,1932,1925,1929,79920,255276,C1009.DCE,0
2010-06-08,1930,1933,1910,1914,148108,247482,C1009.DCE,0
2010-06-09,1910,1913,1902,1913,83588,234634,C1009.DCE,0
2010-06-10,1910,1914,1905,1909,35438,229316,C1009.DCE,0
2010-06-11,1910,1924,1908,1923,55642,207406,C1009.DCE,0
2010-06-17,1925,1928,1911,1912,34074,204086,C1009.DCE,0
2010-06-18,1912,1914,1905,1909,48520,202934,C1009.DCE,0
2010-06-21,1844,1869,1841,1865,243020,173868,C1101.DCE,1
2010-06-22,1858,1872,1852,1864,161474,181652,C1101.DCE,0
2010-06-23,1858,1864,1854,1860,118884,191846,C1101.DCE,0
2010-06-24,1858,1870,1856,1869,120860,194436,C1101.DCE,0
2010-06-25,1868,1885,1868,1884,176610,194676,C1101.DCE,0
2010-06-28,1885,1886,1861,1863,174414,198594,C1101.DCE,0
2010-06-29,1860,1861,1847,1853,173830,198748,C1101.DCE,0
2010-06-30,1848,1858,1845,1858,115958,193662,C1101.DCE,0
2010-07-01,1868,1878,1865,1866,141384,190476,C1101.DCE,0
2010-07-02,1870,1879,1867,1878,96046,184564,C1101.DCE,0
2010-07-05,1880,1884,1872,1877,94748,181340,C1101.DCE,0
2010-07-06,1877,1883,1874,1882,78960,185002,C1101.DCE,0
2010-07-07,1879,1893,1878,1888,90946,184984,C1101.DCE,0
2010-07-08,1896,1896,1888,1892,67910,182640,C1101.DCE,0
2010-07-09,1893,1912,1893,1912,140738,187582,C1101.DCE,0
2010-07-12,1915,1933,1910,1925,380126,251526,C1101.DCE,0
2010-07-13,1922,1923,1906,1908,217926,198616,C1101.DCE,0
2010-07-14,1910,1916,1895,1897,171588,203596,C1101.DCE,0
2010-07-15,1901,1908,1893,1897,154966,201618,C1101.DCE,0
2010-07-16,1907,1926,1903,1925,251882,227288,C1101.DCE,0
2010-07-19,1921,1935,1918,1923,194812,233414,C1101.DCE,0
2010-07-20,1917,1936,1914,1932,227392,254584,C1101.DCE,0
2010-07-21,1933,1943,1921,1925,305180,252952,C1101.DCE,0
2010-07-22,1927,1930,1920,1925,187198,256490,C1101.DCE,0
2010-07-23,1928,1935,1921,1930,169414,248882,C1101.DCE,0
2010-07-26,1930,1940,1926,1937,237582,265874,C1101.DCE,0
2010-07-27,1931,1937,1928,1929,218798,249288,C1101.DCE,0
2010-07-28,1928,1938,1928,1936,118358,245732,C1101.DCE,0
2010-07-29,1940,1946,1931,1933,177244,236062,C1101.DCE,0
2010-07-30,1935,1936,1924,1930,162348,230396,C1101.DCE,0
2010-08-02,1939,1963,1936,1961,365720,246846,C1101.DCE,0
2010-08-03,1960,1964,1951,1954,268368,242424,C1101.DCE,0
2010-08-04,1955,1971,1955,1969,272774,262548,C1101.DCE,0
2010-08-05,1975,1981,1959,1960,225940,246592,C1101.DCE,0
2010-08-06,1965,1973,1960,1971,209132,242764,C1101.DCE,0
2010-08-09,1967,1975,1964,1970,170972,229524,C1101.DCE,0
2010-08-10,1971,1975,1962,1963,199202,225902,C1101.DCE,0
2010-08-11,1961,1968,1956,1958,123014,231440,C1101.DCE,0
2010-08-12,1957,1967,1955,1963,103870,229596,C1101.DCE,0
2010-08-13,1968,1974,1964,1972,134630,225970,C1101.DCE,0
2010-08-16,1977,2001,1975,1995,261280,235910,C1101.DCE,0
2010-08-17,1992,2002,1991,1999,131636,235416,C1101.DCE,0
2010-08-18,2005,2006,1987,1989,103702,232554,C1101.DCE,0
2010-08-19,1986,1997,1986,1994,103720,240242,C1101.DCE,0
2010-08-20,1989,1992,1976,1976,91094,227428,C1101.DCE,0
2010-08-23,1982,1989,1979,1985,60522,222902,C1101.DCE,0
2010-08-24,1982,1982,1966,1967,76858,200166,C1101.DCE,0
2010-08-25,1965,1970,1958,1963,73708,198432,C1101.DCE,0
2010-08-26,1963,1969,1961,1968,41330,195936,C1101.DCE,0
2010-08-27,2015,2028,2014,2027,108684,212426,C1105.DCE,1
2010-08-30,2050,2051,2031,2038,129216,219484,C1105.DCE,0
2010-08-31,2032,2033,2014,2016,125356,225834,C1105.DCE,0
2010-09-01,2020,2028,2018,2027,116504,238906,C1105.DCE,0
2010-09-02,2030,2036,2010,2015,184560,266028,C1105.DCE,0
2010-09-03,2016,2025,2005,2020,233612,272244,C1105.DCE,0
2010-09-06,2040,2045,2030,2038,209932,308492,C1105.DCE,0
2010-09-07,2037,2046,2030,2046,209308,318078,C1105.DCE,0
2010-09-08,2044,2070,2042,2052,536174,380832,C1105.DCE,0
2010-09-09,2055,2056,2030,2033,271890,346864,C1105.DCE,0
2010-09-10,2038,2049,2037,2043,165818,359244,C1105.DCE,0
2010-09-13,2040,2047,2026,2039,257028,368030,C1105.DCE,0
2010-09-14,2038,2045,2035,2038,153088,351392,C1105.DCE,0
2010-09-15,2049,2059,2043,2050,329642,387354,C1105.DCE,0
2010-09-16,2053,2055,2041,2046,166394,368410,C1105.DCE,0
2010-09-17,2052,2074,2050,2071,352668,424150,C1105.DCE,0
2010-09-20,2088,2122,2087,2119,484542,462000,C1105.DCE,0
2010-09-21,2102,2103,2078,2091,272444,395760,C1105.DCE,0
2010-09-27,2120,2128,2080,2082,294728,387024,C1105.DCE,0
2010-09-28,2075,2085,2067,2081,167570,376368,C1105.DCE,0
2010-09-29,2070,2076,2051,2056,221838,327964,C1105.DCE,0
2010-09-30,2060,2066,2054,2060,119972,326470,C1105.DCE,0
2010-10-08,2060,2082,2057,2066,137126,329932,C1105.DCE,0
2010-10-11,2153,2153,2137,2153,504344,451496,C1105.DCE,0
2010-10-12,2140,2145,2118,2126,516998,411420,C1105.DCE,0
2010-10-13,2136,2144,2125,2135,362280,444352,C1105.DCE,0
2010-10-14,2134,2141,2129,2134,267582,445200,C1105.DCE,0
2010-10-15,2133,2149,2123,2141,325596,443824,C1105.DCE,0
2010-10-18,2126,2165,2125,2147,622948,456972,C1105.DCE,0
2010-10-19,2150,2162,2141,2149,468576,451730,C1105.DCE,0
2010-10-20,2125,2173,2123,2166,711438,492842,C1105.DCE,0
2010-10-21,2181,2238,2171,2197,2079586,612974,C1105.DCE,0
2010-10-22,2192,2209,2184,2197,922230,574646,C1105.DCE,0
2010-10-25,2210,2250,2201,2230,1269666,592132,C1105.DCE,0
2010-10-26,2225,2235,2201,2204,592740,556362,C1105.DCE,0
2010-10-27,2215,2233,2178,2178,888402,505190,C1105.DCE,0
2010-10-28,2195,2209,2187,2205,622568,481216,C1105.DCE,0
2010-10-29,2199,2207,2170,2190,467590,467466,C1105.DCE,0
2010-11-01,2205,2228,2204,2220,436676,477812,C1105.DCE,0
2010-11-02,2217,2220,2202,2208,248600,467800,C1105.DCE,0
2010-11-03,2208,2216,2195,2202,212622,458166,C1105.DCE,0
2010-11-04,2210,2218,2203,2215,209254,468642,C1105.DCE,0
2010-11-05,2230,2265,2229,2253,576994,495786,C1105.DCE,0
2010-11-08,2250,2264,2238,2254,453622,479608,C1105.DCE,0
2010-11-09,2247,2282,2246,2281,454728,504056,C1105.DCE,0
2010-11-10,2261,2288,2245,2256,565600,474988,C1105.DCE,0
2010-11-11,2252,2266,2244,2253,280702,458702,C1105.DCE,0
2010-11-12,2251,2252,2167,2205,848678,384868,C1105.DCE,0
2010-11-15,2185,2268,2185,2260,758226,375030,C1105.DCE,0
2010-11-16,2410,2419,2357,2362,1386506,361390,C1109.DCE,1
2010-11-17,2290,2337,2288,2288,1979104,370032,C1109.DCE,0
2010-11-18,2330,2339,2277,2328,1642958,334282,C1109.DCE,0
2010-11-19,2347,2349,2303,2325,1285162,299990,C1109.DCE,0
2010-11-22,2300,2321,2298,2306,811734,343146,C1109.DCE,0
2010-11-23,2310,2314,2264,2274,1203120,347068,C1109.DCE,0
2010-11-24,2296,2298,2281,2289,610014,303472,C1109.DCE,0
2010-11-25,2295,2322,2290,2295,931252,321594,C1109.DCE,0
2010-11-26,2298,2300,2259,2272,925802,341948,C1109.DCE,0
2010-11-29,2270,2280,2253,2278,537624,321270,C1109.DCE,0
2010-11-30,2296,2296,2258,2279,348352,283574,C1109.DCE,0
2010-12-01,2267,2280,2266,2276,194104,274652,C1109.DCE,0
2010-12-02,2295,2298,2285,2286,208922,266102,C1109.DCE,0
2010-12-03,2285,2287,2273,2280,191394,263412,C1109.DCE,0
2010-12-06,2290,2298,2282,2288,222048,271308,C1109.DCE,0
2010-12-07,2284,2304,2279,2304,247966,295372,C1109.DCE,0
2010-12-08,2288,2300,2285,2286,214206,285352,C1109.DCE,0
2010-12-09,2295,2319,2293,2308,428648,328860,C1109.DCE,0
2010-12-10,2307,2318,2303,2312,222424,334670,C1109.DCE,0
2010-12-13,2306,2327,2305,2324,245340,334044,C1109.DCE,0
2010-12-14,2330,2346,2325,2344,332520,348058,C1109.DCE,0
2010-12-15,2341,2346,2323,2325,237636,333780,C1109.DCE,0
2010-12-16,2327,2332,2321,2323,122412,323992,C1109.DCE,0
2010-12-17,2325,2334,2324,2330,111752,319824,C1109.DCE,0
2010-12-20,2345,2347,2331,2335,205740,334994,C1109.DCE,0
2010-12-21,2339,2343,2331,2337,121678,343302,C1109.DCE,0
2010-12-22,2338,2346,2331,2334,167430,352326,C1109.DCE,0
2010-12-23,2339,2360,2338,2350,236732,387816,C1109.DCE,0
2010-12-24,2355,2358,2345,2349,172298,388156,C1109.DCE,0
2010-12-27,2345,2348,2338,2340,119876,384498,C1109.DCE,0
2010-12-28,2346,2348,2326,2329,129008,371846,C1109.DCE,0
2010-12-29,2335,2336,2316,2325,158738,350782,C1109.DCE,0
2010-12-30,2321,2335,2317,2335,97682,358992,C1109.DCE,0
2010-12-31,2330,2335,2326,2330,77082,363316,C1109.DCE,0
2011-01-04,2331,2345,2330,2341,110526,371214,C1109.DCE,0
2011-01-05,2330,2336,2326,2329,97094,381190,C1109.DCE,0
2011-01-06,2340,2340,2330,2332,103132,374340,C1109.DCE,0
2011-01-07,2323,2329,2303,2305,177608,354314,C1109.DCE,0
2011-01-10,2309,2315,2304,2306,109668,346482,C1109.DCE,0
2011-01-11,2311,2315,2296,2306,158138,364790,C1109.DCE,0
2011-01-12,2301,2313,2301,2310,88664,351710,C1109.DCE,0
2011-01-13,2330,2345,2318,2323,123360,348812,C1109.DCE,0
2011-01-14,2325,2342,2321,2338,247986,379378,C1109.DCE,0
2011-01-17,2338,2356,2331,2342,278596,392172,C1109.DCE,0
2011-01-18,2346,2376,2332,2371,359152,456372,C1109.DCE,0
2011-01-19,2375,2376,2360,2363,293790,463860,C1109.DCE,0
2011-01-20,2350,2354,2336,2338,251820,441902,C1109.DCE,0
2011-01-21,2340,2349,2338,2341,148004,441638,C1109.DCE,0
2011-01-24,2345,2358,2336,2350,234560,449654,C1109.DCE,0
2011-01-25,2345,2363,2338,2344,449632,470384,C1109.DCE,0
2011-01-26,2333,2341,2321,2333,229612,442192,C1109.DCE,0
2011-01-27,2345,2349,2338,2342,158750,440900,C1109.DCE,0
2011-01-28,2339,2352,2338,2341,145188,434194,C1109.DCE,0
2011-01-31,2340,2366,2340,2361,189922,464788,C1109.DCE,0
2011-02-01,2364,2389,2362,2389,303774,542566,C1109.DCE,0
2011-02-09,2391,2455,2380,2431,616640,608730,C1109.DCE,0
2011-02-10,2441,2448,2423,2429,416858,633312,C1109.DCE,0
2011-02-11,2432,2458,2423,2440,590090,682470,C1109.DCE,0
2011-02-14,2447,2478,2431,2474,715652,814750,C1109.DCE,0
2011-02-15,2464,2470,2447,2448,439126,747668,C1109.DCE,0
2011-02-16,2430,2439,2422,2434,369358,673244,C1109.DCE,0
2011-02-17,2436,2458,2424,2431,425734,690764,C1109.DCE,0
2011-02-18,2451,2458,2435,2437,542152,711970,C1109.DCE,0
2011-02-21,2448,2448,2425,2437,229706,698080,C1109.DCE,0
2011-02-22,2452,2455,2427,2439,393188,712760,C1109.DCE,0
2011-02-23,2397,2407,2368,2392,409004,636534,C1109.DCE,0
2011-02-24,2403,2408,2381,2391,268344,596080,C1109.DCE,0
2011-02-25,2396,2415,2390,2414,245062,611176,C1109.DCE,0
2011-02-28,2426,2438,2417,2429,309458,631948,C1109.DCE,0
2011-03-01,2439,2439,2426,2426,151074,647426,C1109.DCE,0
2011-03-02,2422,2440,2415,2436,287646,666328,C1109.DCE,0
2011-03-03,2428,2438,2418,2422,232018,659584,C1109.DCE,0
2011-03-04,2432,2436,2418,2431,250452,660434,C1109.DCE,0
2011-03-07,2428,2447,2424,2444,257958,675146,C1109.DCE,0
2011-03-08,2431,2458,2421,2429,557614,686326,C1109.DCE,0
2011-03-09,2431,2438,2426,2430,209606,690344,C1109.DCE,0
2011-03-10,2426,2431,2419,2425,251994,681174,C1109.DCE,0
2011-03-11,2414,2421,2405,2409,272644,658456,C1109.DCE,0
2011-03-14,2407,2424,2391,2395,447574,660088,C1109.DCE,0
2011-03-15,2402,2407,2388,2404,255494,636654,C1109.DCE,0
2011-03-16,2380,2396,2373,2393,264422,619894,C1109.DCE,0
2011-03-17,2390,2409,2386,2408,283124,585538,C1109.DCE,0
2011-03-18,2427,2428,2410,2413,183674,600132,C1109.DCE,0
2011-03-21,2425,2425,2407,2411,180620,597214,C1109.DCE,0
2011-03-22,2405,2413,2395,2396,159888,590944,C1109.DCE,0
2011-03-23,2396,2410,2395,2409,145136,580968,C1109.DCE,0
2011-03-24,2407,2408,2393,2395,96102,565230,C1109.DCE,0
2011-03-25,2401,2409,2400,2402,111518,561644,C1109.DCE,0
2011-03-28,2402,2404,2386,2388,122754,552064,C1109.DCE,0
2011-03-29,2385,2389,2377,2385,79246,544654,C1109.DCE,0
2011-03-30,2386,2390,2382,2388,64200,530150,C1109.DCE,0
2011-03-31,2388,2388,2376,2377,80030,524208,C1109.DCE,0
2011-04-01,2408,2408,2389,2393,190976,532686,C1109.DCE,0
2011-04-06,2400,2402,2393,2399,101170,550694,C1109.DCE,0
2011-04-07,2396,2398,2377,2383,175720,582172,C1109.DCE,0
2011-04-08,2384,2389,2375,2386,94740,576246,C1109.DCE,0
2011-04-11,2392,2405,2388,2398,206080,582260,C1109.DCE,0
2011-04-12,2398,2398,2385,2387,90700,569962,C1109.DCE,0
2011-04-13,2380,2387,2378,2387,59100,551360,C1109.DCE,0
2011-04-14,2384,2392,2380,2381,48096,547594,C1109.DCE,0
2011-04-15,2384,2386,2377,2378,47720,538060,C1109.DCE,0
2011-04-18,2372,2389,2372,2385,63406,519392,C1109.DCE,0
2011-04-19,2390,2390,2380,2382,53394,518076,C1109.DCE,0
2011-04-20,2382,2387,2381,2385,41092,509414,C1109.DCE,0
2011-04-21,2381,2385,2365,2367,66464,518694,C1109.DCE,0
2011-04-22,2370,2376,2362,2376,82546,512816,C1109.DCE,0
2011-04-25,2379,2384,2373,2378,28986,505280,C1109.DCE,0
2011-04-26,2373,2381,2371,2377,49234,492590,C1109.DCE,0
2011-04-27,2379,2380,2365,2366,42306,486474,C1109.DCE,0
2011-04-28,2368,2372,2361,2364,37620,475110,C1109.DCE,0
2011-04-29,2357,2358,2338,2340,107962,437796,C1109.DCE,0
2011-05-03,2356,2375,2351,2368,287554,410666,C1201.DCE,1
2011-05-04,2363,2372,2360,2363,215136,410388,C1201.DCE,0
2011-05-05,2363,2377,2354,2374,281178,393706,C1201.DCE,0
2011-05-06,2353,2366,2341,2351,281210,402540,C1201.DCE,0
2011-05-09,2433,2439,2356,2372,309236,405914,C1201.DCE,0
2011-05-10,2377,2394,2372,2391,301704,365078,C1201.DCE,0
2011-05-11,2386,2398,2385,2389,125954,369560,C1201.DCE,0
2011-05-12,2375,2385,2367,2372,207618,382346,C1201.DCE,0
2011-05-13,2380,2390,2377,2388,157470,356796,C1201.DCE,0
2011-05-16,2389,2393,2383,2384,83654,347740,C1201.DCE,0
2011-05-17,2385,2388,2371,2374,174998,369516,C1201.DCE,0
2011-05-18,2382,2387,2376,2377,153052,367668,C1201.DCE,0
2011-05-19,2389,2396,2386,2388,213462,359648,C1201.DCE,0
2011-05-20,2388,2394,2386,2391,95316,356240,C1201.DCE,0
2011-05-23,2396,2416,2393,2408,319880,378860,C1201.DCE,0
2011-05-24,2410,2414,2402,2410,129530,379326,C1201.DCE,0
2011-05-25,2406,2413,2404,2410,97114,375328,C1201.DCE,0
2011-05-26,2414,2425,2412,2423,199268,385410,C1201.DCE,0
2011-05-27,2425,2425,2415,2421,100130,379642,C1201.DCE,0
2011-05-30,2424,2435,2421,2426,217014,391166,C1201.DCE,0
2011-05-31,2423,2427,2415,2416,120476,384232,C1201.DCE,0
2011-06-01,2418,2418,2412,2413,61968,381628,C1201.DCE,0
2011-06-02,2415,2419,2412,2417,78804,380142,C1201.DCE,0
2011-06-03,2420,2429,2419,2425,126134,393988,C1201.DCE,0
2011-06-07,2412,2415,2404,2407,109466,378200,C1201.DCE,0
2011-06-08,2408,2411,2404,2407,74504,365894,C1201.DCE,0
2011-06-09,2413,2416,2410,2412,81238,363726,C1201.DCE,0
2011-06-10,2417,2421,2410,2413,106926,365052,C1201.DCE,0
2011-06-13,2415,2421,2413,2419,100462,369404,C1201.DCE,0
2011-06-14,2416,2418,2411,2413,59454,362676,C1201.DCE,0
2011-06-15,2406,2414,2406,2412,57026,360484,C1201.DCE,0
2011-06-16,2409,2409,2385,2387,157662,351176,C1201.DCE,0
2011-06-17,2382,2384,2365,2366,176474,347076,C1201.DCE,0
2011-06-20,2365,2375,2365,2371,110052,326824,C1201.DCE,0
2011-06-21,2374,2382,2374,2381,63816,322412,C1201.DCE,0
2011-06-22,2381,2384,2369,2375,120946,329318,C1201.DCE,0
2011-06-23,2358,2360,2345,2351,191938,354970,C1201.DCE,0
2011-06-24,2352,2362,2352,2359,71742,356084,C1201.DCE,0
2011-06-27,2350,2350,2321,2324,176740,372844,C1201.DCE,0
2011-06-28,2328,2331,2298,2302,253826,408340,C1201.DCE,0
2011-06-29,2318,2323,2314,2318,146818,388060,C1201.DCE,0
2011-06-30,2313,2317,2295,2307,315908,438310,C1201.DCE,0
2011-07-01,2269,2276,2256,2267,315260,445944,C1201.DCE,0
2011-07-04,2278,2286,2267,2279,228946,452440,C1201.DCE,0
2011-07-05,2282,2283,2267,2279,192112,465250,C1201.DCE,0
2011-07-06,2285,2293,2275,2290,147204,441114,C1201.DCE,0
2011-07-07,2285,2291,2283,2288,97718,434448,C1201.DCE,0
2011-07-08,2292,2303,2291,2296,123338,424562,C1201.DCE,0
2011-07-11,2300,2300,2287,2287,99434,431492,C1201.DCE,0
2011-07-12,2285,2286,2267,2277,157502,425000,C1201.DCE,0
2011-07-13,2292,2308,2290,2307,158886,392232,C1201.DCE,0
2011-07-14,2320,2323,2310,2313,170188,371500,C1201.DCE,0
2011-07-15,2313,2315,2307,2311,74140,360818,C1201.DCE,0
2011-07-18,2314,2326,2310,2316,90254,354068,C1201.DCE,0
2011-07-19,2318,2322,2316,2320,44820,339960,C1201.DCE,0
2011-07-20,2325,2329,2321,2321,41756,338364,C1201.DCE,0
2011-07-21,2317,2320,2313,2316,36068,331926,C1201.DCE,0
2011-07-22,2318,2321,2314,2318,30130,327944,C1201.DCE,0
2011-07-25,2317,2317,2310,2316,52124,319106,C1201.DCE,0
2011-07-26,2311,2326,2311,2325,39008,306540,C1201.DCE,0
2011-07-27,2328,2339,2327,2337,39326,289828,C1201.DCE,0
2011-07-28,2329,2337,2329,2332,18924,285186,C1201.DCE,0
2011-07-29,2332,2339,2328,2329,29616,280286,C1201.DCE,0
2011-08-01,2330,2334,2328,2333,17306,281280,C1201.DCE,0
2011-08-02,2338,2339,2329,2330,15984,281214,C1201.DCE,0
2011-08-03,2340,2345,2339,2342,33892,272218,C1201.DCE,0
2011-08-04,2340,2342,2330,2330,21998,266818,C1201.DCE,0
2011-08-05,2322,2322,2301,2316,49112,257020,C1201.DCE,0
2011-08-08,2311,2326,2310,2324,42498,237454,C1201.DCE,0
2011-08-09,2363,2402,2353,2391,329622,285268,C1205.DCE,1
2011-08-10,2398,2402,2382,2388,142980,283586,C1205.DCE,0
2011-08-11,2379,2419,2376,2413,289852,292004,C1205.DCE,0
2011-08-12,2426,2429,2406,2409,127256,291952,C1205.DCE,0
2011-08-15,2415,2422,2410,2419,142748,276782,C1205.DCE,0
2011-08-16,2423,2423,2406,2406,84886,260910,C1205.DCE,0
2011-08-17,2406,2412,2404,2405,57852,262226,C1205.DCE,0
2011-08-18,2408,2409,2390,2393,118198,263924,C1205.DCE,0
2011-08-19,2388,2399,2382,2389,117404,242610,C1205.DCE,0
2011-08-22,2397,2404,2392,2392,76208,243046,C1205.DCE,0
2011-08-23,2399,2403,2385,2394,94258,257796,C1205.DCE,0
2011-08-24,2397,2397,2375,2380,135546,274774,C1205.DCE,0
2011-08-25,2379,2382,2368,2370,122952,282028,C1205.DCE,0
2011-08-26,2374,2376,2369,2371,79560,279598,C1205.DCE,0
2011-08-29,2383,2392,2373,2391,161818,278088,C1205.DCE,0
2011-08-30,2385,2397,2385,2390,110734,278800,C1205.DCE,0
2011-08-31,2393,2403,2390,2396,105048,292386,C1205.DCE,0
2011-09-01,2398,2401,2391,2395,83868,287016,C1205.DCE,0
2011-09-02,2387,2402,2386,2397,109828,298088,C1205.DCE,0
2011-09-05,2401,2413,2399,2405,148392,286364,C1205.DCE,0
2011-09-06,2405,2411,2398,2406,128776,286054,C1205.DCE,0
2011-09-07,2408,2410,2401,2406,63950,286538,C1205.DCE,0
2011-09-08,2405,2406,2398,2403,75212,288044,C1205.DCE,0
2011-09-09,2405,2408,2400,2404,56678,288954,C1205.DCE,0
2011-09-13,2405,2409,2395,2402,86828,275326,C1205.DCE,0
2011-09-14,2398,2399,2381,2383,176564,282390,C1205.DCE,0
2011-09-15,2383,2390,2383,2385,57700,280322,C1205.DCE,0
2011-09-16,2380,2389,2378,2386,106680,264596,C1205.DCE,0
2011-09-19,2382,2384,2373,2375,143076,249860,C1205.DCE,0
2011-09-20,2379,2390,2379,2386,74616,240936,C1205.DCE,0
2011-09-21,2384,2385,2369,2378,103292,228430,C1205.DCE,0
2011-09-22,2359,2367,2358,2360,102996,225190,C1205.DCE,0
2011-09-23,2345,2348,2297,2302,287198,238662,C1205.DCE,0
2011-09-26,2300,2302,2263,2264,274190,250508,C1205.DCE,0
2011-09-27,2290,2307,2287,2302,150634,233206,C1205.DCE,0
2011-09-28,2298,2299,2276,2282,120166,237992,C1205.DCE,0
2011-09-29,2230,2267,2202,2260,147092,226022,C1205.DCE,0
2011-09-30,2268,2298,2264,2285,118154,209706,C1205.DCE,0
2011-10-10,2275,2275,2260,2266,66994,214942,C1205.DCE,0
2011-10-11,2270,2274,2211,2214,245720,282696,C1205.DCE,0
2011-10-12,2239,2251,2221,2239,345078,295848,C1205.DCE,0
2011-10-13,2231,2244,2224,2235,188264,301442,C1205.DCE,0
2011-10-14,2235,2280,2235,2279,342078,261380,C1205.DCE,0
2011-10-17,2280,2292,2265,2273,209704,231794,C1205.DCE,0
2011-10-18,2264,2268,2247,2251,165438,231720,C1205.DCE,0
2011-10-19,2260,2271,2242,2258,215996,250768,C1205.DCE,0
2011-10-20,2240,2241,2222,2235,270196,287728,C1205.DCE,0
2011-10-21,2245,2258,2245,2253,142122,273818,C1205.DCE,0
2011-10-24,2250,2267,2235,2259,248632,265016,C1205.DCE,0
2011-10-25,2259,2266,2252,2259,135182,265596,C1205.DCE,0
2011-10-26,2255,2268,2249,2259,148290,262020,C1205.DCE,0
2011-10-27,2251,2265,2251,2263,104562,254054,C1205.DCE,0
2011-10-28,2276,2277,2261,2262,95234,248876,C1205.DCE,0
2011-10-31,2258,2260,2235,2242,140706,264432,C1205.DCE,0
2011-11-01,2243,2253,2239,2240,107616,261572,C1205.DCE,0
2011-11-02,2245,2252,2238,2251,93860,252644,C1205.DCE,0
2011-11-03,2240,2249,2225,2240,237082,267430,C1205.DCE,0
2011-11-04,2248,2250,2228,2232,162816,288638,C1205.DCE,0
2011-11-07,2228,2230,2205,2216,209824,334646,C1205.DCE,0
2011-11-08,2216,2235,2213,2228,204168,300836,C1205.DCE,0
2011-11-09,2233,2236,2225,2231,94532,298084,C1205.DCE,0
2011-11-10,2219,2232,2207,2227,245518,316080,C1205.DCE,0
2011-11-11,2225,2231,2214,2224,148148,324930,C1205.DCE,0
2011-11-14,2227,2228,2214,2216,137964,338200,C1205.DCE,0
2011-11-15,2207,2219,2196,2217,158432,353428,C1205.DCE,0
2011-11-16,2224,2224,2209,2210,86962,357694,C1205.DCE,0
2011-11-17,2210,2217,2205,2213,69996,351404,C1205.DCE,0
2011-11-18,2193,2208,2193,2203,95174,360436,C1205.DCE,0
2011-11-21,2202,2204,2170,2175,229438,412360,C1205.DCE,0
2011-11-22,2165,2174,2158,2165,185278,404972,C1205.DCE,0
2011-11-23,2169,2179,2152,2159,174768,396416,C1205.DCE,0
2011-11-24,2155,2162,2148,2161,124454,370542,C1205.DCE,0
2011-11-25,2175,2175,2149,2159,101730,382112,C1205.DCE,0
2011-11-28,2170,2184,2162,2180,171484,384660,C1205.DCE,0
2011-11-29,2180,2185,2174,2183,101194,377560,C1205.DCE,0
2011-11-30,2183,2189,2174,2178,65920,381762,C1205.DCE,0
2011-12-01,2190,2208,2190,2190,109868,372278,C1205.DCE,0
2011-12-02,2187,2187,2178,2182,79288,379654,C1205.DCE,0
2011-12-05,2186,2195,2182,2195,88876,385320,C1205.DCE,0
2011-12-06,2190,2197,2186,2195,63634,385082,C1205.DCE,0
2011-12-07,2200,2202,2190,2195,57732,379016,C1205.DCE,0
2011-12-08,2195,2199,2188,2193,71858,381462,C1205.DCE,0
2011-12-09,2225,2251,2223,2249,262776,434618,C1209.DCE,1
2011-12-12,2249,2258,2245,2252,200360,464392,C1209.DCE,0
2011-12-13,2250,2253,2242,2245,122048,461998,C1209.DCE,0
2011-12-14,2246,2252,2240,2250,142132,483526,C1209.DCE,0
2011-12-15,2235,2255,2235,2254,184094,474588,C1209.DCE,0
2011-12-16,2254,2263,2243,2257,217436,454726,C1209.DCE,0
2011-12-19,2259,2274,2258,2264,231742,475680,C1209.DCE,0
2011-12-20,2266,2269,2258,2260,138012,473584,C1209.DCE,0
2011-12-21,2265,2265,2242,2243,198440,450832,C1209.DCE,0
2011-12-22,2244,2250,2241,2248,93720,439872,C1209.DCE,0
2011-12-23,2247,2257,2246,2256,84030,437436,C1209.DCE,0
2011-12-26,2258,2262,2254,2257,88190,436072,C1209.DCE,0
2011-12-27,2256,2258,2252,2254,46224,437148,C1209.DCE,0
2011-12-28,2261,2268,2257,2267,100468,412330,C1209.DCE,0
2011-12-29,2263,2272,2260,2269,109472,397260,C1209.DCE,0
2011-12-30,2270,2277,2268,2273,111040,379614,C1209.DCE,0
2012-01-04,2282,2290,2278,2283,97502,364452,C1209.DCE,0
2012-01-05,2283,2287,2279,2283,61036,363474,C1209.DCE,0
2012-01-06,2271,2295,2271,2294,91456,375788,C1209.DCE,0
2012-01-09,2290,2300,2288,2293,111276,380458,C1209.DCE,0
2012-01-10,2297,2311,2291,2298,177302,371768,C1209.DCE,0
2012-01-11,2298,2308,2294,2299,73936,369894,C1209.DCE,0
2012-01-12,2295,2309,2295,2306,67980,364172,C1209.DCE,0
2012-01-13,2292,2300,2285,2289,172432,375514,C1209.DCE,0
2012-01-16,2284,2287,2276,2279,154760,424750,C1209.DCE,0
2012-01-17,2281,2300,2281,2296,109650,408932,C1209.DCE,0
2012-01-18,2295,2299,2292,2295,61100,395236,C1209.DCE,0
2012-01-19,2295,2299,2288,2295,71486,386790,C1209.DCE,0
2012-01-20,2298,2305,2297,2304,57264,370960,C1209.DCE,0
2012-01-30,2312,2330,2309,2327,130222,393054,C1209.DCE,0
2012-01-31,2321,2340,2320,2337,164898,436556,C1209.DCE,0
2012-02-01,2340,2342,2329,2332,108432,441072,C1209.DCE,0
2012-02-02,2335,2338,2328,2330,78224,440010,C1209.DCE,0
2012-02-03,2333,2357,2332,2349,231126,447518,C1209.DCE,0
2012-02-06,2352,2372,2352,2367,142118,441208,C1209.DCE,0
2012-02-07,2368,2381,2363,2375,172616,458458,C1209.DCE,0
2012-02-08,2380,2393,2376,2389,249028,489444,C1209.DCE,0
2012-02-09,2384,2390,2376,2381,169136,502172,C1209.DCE,0
2012-02-10,2377,2386,2370,2383,198682,539108,C1209.DCE,0
2012-02-13,2383,2396,2380,2388,201496,566474,C1209.DCE,0
2012-02-14,2394,2397,2370,2373,257116,552598,C1209.DCE,0
2012-02-15,2373,2385,2365,2368,282142,569988,C1209.DCE,0
2012-02-16,2368,2374,2359,2368,256468,583136,C1209.DCE,0
2012-02-17,2375,2379,2369,2371,164844,562014,C1209.DCE,0
2012-02-20,2380,2388,2378,2386,203318,567988,C1209.DCE,0
2012-02-21,2388,2388,2374,2383,160206,546436,C1209.DCE,0
2012-02-22,2380,2380,2372,2374,224732,580706,C1209.DCE,0
2012-02-23,2380,2380,2373,2378,133912,579544,C1209.DCE,0
2012-02-24,2375,2385,2375,2382,166262,572604,C1209.DCE,0
2012-02-27,2384,2398,2383,2397,194180,567974,C1209.DCE,0
2012-02-28,2401,2410,2401,2410,201214,582756,C1209.DCE,0
2012-02-29,2414,2423,2407,2421,233156,613364,C1209.DCE,0
2012-03-01,2414,2428,2411,2411,272166,630552,C1209.DCE,0
2012-03-02,2416,2420,2407,2409,267110,596706,C1209.DCE,0
2012-03-05,2411,2418,2403,2406,233708,586904,C1209.DCE,0
2012-03-06,2410,2410,2393,2395,208968,568708,C1209.DCE,0
2012-03-07,2387,2410,2386,2402,315628,599980,C1209.DCE,0
2012-03-08,2399,2410,2397,2404,261072,623812,C1209.DCE,0
2012-03-09,2408,2435,2408,2434,403764,665122,C1209.DCE,0
2012-03-12,2433,2446,2426,2445,407590,728262,C1209.DCE,0
2012-03-13,2450,2458,2442,2449,472302,753884,C1209.DCE,0
2012-03-14,2451,2454,2436,2437,404004,711756,C1209.DCE,0
2012-03-15,2443,2471,2433,2470,807716,856072,C1209.DCE,0
2012-03-16,2477,2497,2473,2487,1107834,945374,C1209.DCE,0
2012-03-19,2494,2495,2470,2477,832446,904402,C1209.DCE,0
2012-03-20,2474,2477,2463,2466,570006,897776,C1209.DCE,0
2012-03-21,2462,2485,2460,2468,770984,911170,C1209.DCE,0
2012-03-22,2473,2473,2461,2465,440350,901674,C1209.DCE,0
2012-03-23,2470,2475,2456,2459,541426,852758,C1209.DCE,0
2012-03-26,2461,2461,2445,2447,464572,779662,C1209.DCE,0
2012-03-27,2448,2456,2441,2444,343290,745302,C1209.DCE,0
2012-03-28,2438,2462,2438,2457,708652,802636,C1209.DCE,0
2012-03-29,2454,2456,2430,2433,497044,708066,C1209.DCE,0
2012-03-30,2428,2436,2421,2432,450450,664654,C1209.DCE,0
2012-04-05,2450,2468,2447,2464,432564,635064,C1209.DCE,0
2012-04-06,2462,2464,2450,2453,275928,614754,C1209.DCE,0
2012-04-09,2458,2463,2450,2454,263418,620848,C1209.DCE,0
2012-04-10,2450,2453,2441,2448,242138,621952,C1209.DCE,0
2012-04-11,2436,2439,2429,2432,227966,631952,C1209.DCE,0
2012-04-12,2433,2437,2428,2434,183212,628472,C1209.DCE,0
2012-04-13,2435,2444,2425,2426,344584,636702,C1209.DCE,0
2012-04-16,2418,2422,2407,2416,239498,642278,C1209.DCE,0
2012-04-17,2418,2424,2413,2420,193620,659424,C1209.DCE,0
2012-04-18,2420,2428,2414,2423,266040,660730,C1209.DCE,0
2012-04-19,2419,2440,2415,2439,435708,701572,C1209.DCE,0
2012-04-20,2439,2440,2428,2429,236624,686240,C1209.DCE,0
2012-04-23,2425,2429,2417,2422,205400,673752,C1209.DCE,0
2012-04-24,2422,2427,2413,2414,230792,678150,C1209.DCE,0
2012-04-25,2418,2421,2403,2421,386780,734398,C1209.DCE,0
2012-04-26,2419,2428,2417,2425,191360,732292,C1209.DCE,0
2012-04-27,2425,2432,2422,2430,163280,729876,C1209.DCE,0
2012-05-02,2435,2436,2425,2428,192786,706886,C1209.DCE,0
2012-05-03,2422,2427,2413,2417,203136,733500,C1209.DCE,0
2012-05-04,2418,2429,2414,2428,243152,758156,C1209.DCE,0
2012-05-07,2423,2429,2415,2424,255628,796530,C1209.DCE,0
2012-05-08,2426,2432,2423,2424,190656,790870,C1209.DCE,0
2012-05-09,2421,2425,2405,2407,335262,839518,C1209.DCE,0
2012-05-10,2406,2415,2398,2412,348460,845298,C1209.DCE,0
2012-05-11,2406,2408,2391,2396,447584,929628,C1209.DCE,0
2012-05-14,2400,2404,2378,2388,507630,1002668,C1209.DCE,0
2012-05-15,2380,2401,2380,2394,507478,1038710,C1209.DCE,0
2012-05-16,2397,2397,2376,2377,333834,1055716,C1209.DCE,0
2012-05-17,2391,2399,2378,2396,342984,1033442,C1209.DCE,0
2012-05-18,2393,2396,2384,2395,204244,1034664,C1209.DCE,0
2012-05-21,2400,2417,2400,2410,276124,1002276,C1209.DCE,0
2012-05-22,2408,2410,2401,2402,131404,996084,C1209.DCE,0
2012-05-23,2390,2393,2383,2391,213338,1001594,C1209.DCE,0
2012-05-24,2394,2396,2386,2391,134402,988690,C1209.DCE,0
2012-05-25,2385,2386,2348,2359,885482,1141972,C1209.DCE,0
2012-05-28,2363,2372,2346,2368,473616,1103392,C1209.DCE,0
2012-05-29,2365,2375,2357,2371,289496,1096904,C1209.DCE,0
2012-05-30,2359,2368,2352,2361,324820,1099658,C1209.DCE,0
2012-05-31,2357,2372,2354,2367,223580,1078188,C1209.DCE,0
2012-06-01,2365,2373,2362,2366,220062,1083614,C1209.DCE,0
2012-06-04,2361,2372,2359,2367,356930,1068158,C1209.DCE,0
2012-06-05,2371,2425,2368,2406,815892,1004852,C1209.DCE,0
2012-06-06,2407,2411,2401,2405,256688,976016,C1209.DCE,0
2012-06-07,2416,2420,2398,2402,222110,980136,C1209.DCE,0
2012-06-08,2402,2406,2391,2393,213496,961310,C1209.DCE,0
2012-06-11,2399,2414,2399,2412,247028,953136,C1209.DCE,0
2012-06-12,2405,2410,2401,2409,94022,950062,C1209.DCE,0
2012-06-13,2405,2418,2405,2416,221520,935984,C1209.DCE,0
2012-06-14,2413,2419,2408,2410,181868,943470,C1209.DCE,0
2012-06-15,2413,2417,2407,2417,163080,922674,C1209.DCE,0
2012-06-18,2420,2431,2416,2425,291774,939448,C1209.DCE,0
2012-06-19,2432,2441,2430,2435,249442,859894,C1209.DCE,0
2012-06-20,2441,2447,2438,2441,115258,826594,C1209.DCE,0
2012-06-21,2435,2446,2433,2440,165392,807478,C1209.DCE,0
2012-06-25,2451,2455,2447,2449,136658,761518,C1209.DCE,0
2012-06-26,2461,2464,2446,2448,188514,744604,C1209.DCE,0
2012-06-27,2454,2454,2444,2445,59726,744944,C1209.DCE,0
2012-06-28,2447,2449,2438,2443,52662,742848,C1209.DCE,0
2012-06-29,2441,2449,2433,2447,56388,747120,C1209.DCE,0
2012-07-02,2459,2464,2443,2444,82192,724862,C1209.DCE,0
2012-07-03,2448,2454,2442,2444,101900,685858,C1209.DCE,0
2012-07-04,2444,2450,2444,2448,146328,590882,C1209.DCE,0
2012-07-05,2446,2457,2446,2456,116716,528916,C1209.DCE,0
2012-07-06,2453,2467,2453,2461,111640,477180,C1209.DCE,0
2012-07-09,2463,2476,2458,2474,172294,367728,C1209.DCE,0
2012-07-10,2357,2369,2352,2353,223072,460720,C1301.DCE,1
2012-07-11,2358,2364,2340,2352,379174,450204,C1301.DCE,0
2012-07-12,2350,2355,2341,2348,191178,470602,C1301.DCE,0
2012-07-13,2355,2368,2353,2368,291812,509510,C1301.DCE,0
2012-07-16,2380,2429,2380,2411,949954,603474,C1301.DCE,0
2012-07-17,2422,2423,2388,2395,525478,556894,C1301.DCE,0
2012-07-18,2398,2403,2386,2387,329188,525760,C1301.DCE,0
2012-07-19,2395,2402,2388,2397,289606,506472,C1301.DCE,0
2012-07-20,2398,2401,2386,2392,209214,497986,C1301.DCE,0
2012-07-23,2387,2404,2372,2396,418478,497888,C1301.DCE,0
2012-07-24,2365,2388,2347,2379,377176,469996,C1301.DCE,0
2012-07-25,2370,2389,2368,2384,218516,459034,C1301.DCE,0
2012-07-26,2389,2392,2375,2382,220528,443710,C1301.DCE,0
2012-07-27,2376,2386,2375,2381,160082,432078,C1301.DCE,0
2012-07-30,2399,2407,2392,2400,368624,419782,C1301.DCE,0
2012-07-31,2396,2400,2391,2398,124668,400950,C1301.DCE,0
2012-08-01,2395,2422,2391,2397,479222,416940,C1301.DCE,0
2012-08-02,2395,2402,2382,2383,243026,401144,C1301.DCE,0
2012-08-03,2383,2393,2377,2384,185778,386152,C1301.DCE,0
2012-08-06,2390,2391,2372,2376,182100,394662,C1301.DCE,0
2012-08-07,2376,2384,2373,2379,145788,381878,C1301.DCE,0
2012-08-08,2375,2382,2371,2375,180934,375976,C1301.DCE,0
2012-08-09,2381,2388,2380,2384,113562,365268,C1301.DCE,0
2012-08-10,2389,2394,2387,2393,129064,354070,C1301.DCE,0
2012-08-13,2390,2434,2389,2421,1195330,581240,C1301.DCE,0
2012-08-14,2424,2439,2413,2424,1304990,593014,C1301.DCE,0
2012-08-15,2428,2442,2422,2437,1007384,658566,C1301.DCE,0
2012-08-16,2440,2440,2411,2412,612120,581160,C1301.DCE,0
2012-08-17,2415,2422,2408,2410,340430,552500,C1301.DCE,0
2012-08-20,2414,2419,2410,2414,290462,541058,C1301.DCE,0
2012-08-21,2414,2429,2414,2418,390776,527218,C1301.DCE,0
2012-08-22,2421,2425,2408,2408,245686,498196,C1301.DCE,0
2012-08-23,2409,2418,2405,2412,238010,491224,C1301.DCE,0
2012-08-24,2404,2407,2381,2385,363670,495352,C1301.DCE,0
2012-08-27,2390,2403,2387,2390,338372,473946,C1301.DCE,0
2012-08-28,2380,2389,2380,2382,147746,471730,C1301.DCE,0
2012-08-29,2383,2399,2382,2393,251366,436528,C1301.DCE,0
2012-08-30,2398,2398,2388,2394,126576,438062,C1301.DCE,0
2012-08-31,2393,2394,2382,2386,114730,439226,C1301.DCE,0
2012-09-03,2390,2394,2382,2390,159814,445926,C1301.DCE,0
2012-09-04,2392,2407,2386,2398,249882,433604,C1301.DCE,0
2012-09-05,2396,2396,2367,2368,310662,472552,C1301.DCE,0
2012-09-06,2361,2369,2355,2362,220616,461154,C1301.DCE,0
2012-09-07,2368,2370,2360,2362,142240,457196,C1301.DCE,0
2012-09-10,2365,2370,2359,2368,138612,437786,C1301.DCE,0
2012-09-11,2361,2365,2350,2356,190912,445422,C1301.DCE,0
2012-09-12,2354,2363,2347,2360,174690,430490,C1301.DCE,0
2012-09-13,2361,2368,2356,2363,132224,419268,C1301.DCE,0
2012-09-14,2367,2376,2360,2362,169478,420414,C1301.DCE,0
2012-09-17,2360,2365,2342,2345,250228,476778,C1301.DCE,0
2012-09-18,2338,2355,2331,2352,237936,437940,C1301.DCE,0
2012-09-19,2352,2358,2349,2355,90406,432256,C1301.DCE,0
2012-09-20,2356,2376,2353,2368,358160,390016,C1301.DCE,0
2012-09-21,2363,2371,2357,2359,124968,371178,C1301.DCE,0
2012-09-24,2355,2359,2343,2354,140780,376100,C1301.DCE,0
2012-09-25,2353,2356,2348,2352,64648,368844,C1301.DCE,0
2012-09-26,2350,2354,2338,2340,159434,322716,C1301.DCE,0
2012-09-27,2331,2343,2322,2324,185556,319756,C1301.DCE,0
2012-09-28,2320,2342,2320,2341,133186,291060,C1301.DCE,0
2012-10-08,2340,2341,2310,2311,117982,313630,C1301.DCE,0
2012-10-09,2316,2318,2304,2316,120302,323362,C1301.DCE,0
2012-10-10,2310,2322,2309,2320,67526,316800,C1301.DCE,0
2012-10-11,2314,2327,2314,2321,67852,306830,C1301.DCE,0
2012-10-12,2330,2330,2315,2316,99508,300062,C1301.DCE,0
2012-10-15,2311,2315,2307,2313,72248,299548,C1301.DCE,0
2012-10-16,2315,2325,2313,2324,54232,289576,C1301.DCE,0
2012-10-17,2321,2341,2317,2340,107324,282532,C1301.DCE,0
2012-10-18,2342,2349,2337,2347,89534,279386,C1301.DCE,0
2012-10-19,2418,2419,2402,2407,87438,286616,C1305.DCE,1
2012-10-22,2404,2411,2401,2411,61636,299264,C1305.DCE,0
2012-10-23,2411,2414,2407,2410,73326,293902,C1305.DCE,0
2012-10-24,2410,2414,2404,2410,99746,306134,C1305.DCE,0
2012-10-25,2411,2438,2411,2437,272742,351352,C1305.DCE,0
2012-10-26,2435,2435,2421,2424,142630,335168,C1305.DCE,0
2012-10-29,2420,2424,2417,2418,126528,322326,C1305.DCE,0
2012-10-30,2417,2421,2408,2421,134436,327184,C1305.DCE,0
2012-10-31,2421,2432,2415,2420,135486,331236,C1305.DCE,0
2012-11-01,2422,2430,2416,2419,166820,332352,C1305.DCE,0
2012-11-02,2419,2427,2415,2426,130024,333404,C1305.DCE,0
2012-11-05,2420,2442,2418,2428,280642,338852,C1305.DCE,0
2012-11-06,2430,2430,2422,2427,72346,338720,C1305.DCE,0
2012-11-07,2431,2434,2425,2427,74388,338084,C1305.DCE,0
2012-11-08,2425,2431,2424,2427,78774,332492,C1305.DCE,0
2012-11-09,2426,2430,2417,2421,112792,330354,C1305.DCE,0
2012-11-12,2417,2426,2415,2423,182164,319850,C1305.DCE,0
2012-11-13,2418,2424,2390,2399,443082,404542,C1305.DCE,0
2012-11-14,2404,2433,2389,2411,423406,379340,C1305.DCE,0
2012-11-15,2410,2417,2406,2408,154078,371054,C1305.DCE,0
2012-11-16,2405,2418,2404,2414,140792,380696,C1305.DCE,0
2012-11-19,2420,2429,2418,2428,193650,369480,C1305.DCE,0
2012-11-20,2431,2431,2424,2426,82978,357392,C1305.DCE,0
2012-11-21,2426,2431,2422,2428,77846,345992,C1305.DCE,0
2012-11-22,2428,2429,2424,2427,80618,341296,C1305.DCE,0
2012-11-23,2429,2445,2424,2440,237578,353400,C1305.DCE,0
2012-11-26,2440,2451,2438,2445,200272,384086,C1305.DCE,0
2012-11-27,2448,2448,2437,2441,132342,367050,C1305.DCE,0
2012-11-28,2445,2448,2429,2433,192568,327540,C1305.DCE,0
2012-11-29,2434,2437,2430,2436,70136,324662,C1305.DCE,0
2012-11-30,2432,2439,2432,2438,65660,327042,C1305.DCE,0
2012-12-03,2438,2447,2436,2444,112898,328794,C1305.DCE,0
2012-12-04,2442,2444,2435,2441,83396,320124,C1305.DCE,0
2012-12-05,2442,2457,2439,2454,125922,344132,C1305.DCE,0
2012-12-06,2454,2467,2453,2455,173548,365074,C1305.DCE,0
2012-12-07,2457,2458,2449,2452,121500,357010,C1305.DCE,0
2012-12-10,2447,2451,2443,2448,105104,370832,C1305.DCE,0
2012-12-11,2448,2453,2443,2444,86720,360806,C1305.DCE,0
2012-12-12,2445,2448,2438,2442,86952,346510,C1305.DCE,0
2012-12-13,2442,2445,2439,2440,56716,344428,C1305.DCE,0
2012-12-14,2439,2448,2436,2445,108042,340014,C1305.DCE,0
2012-12-17,2445,2451,2442,2450,81618,351236,C1305.DCE,0
2012-12-18,2447,2452,2445,2446,50716,347602,C1305.DCE,0
2012-12-19,2445,2452,2443,2448,82060,347332,C1305.DCE,0
2012-12-20,2441,2448,2440,2447,87798,348688,C1305.DCE,0
2012-12-21,2447,2447,2440,2443,82444,331226,C1305.DCE,0
2012-12-24,2446,2446,2427,2428,183242,357238,C1305.DCE,0
2012-12-25,2430,2437,2425,2431,116184,350046,C1305.DCE,0
2012-12-26,2430,2436,2429,2434,49302,347304,C1305.DCE,0
2012-12-27,2429,2440,2428,2438,67328,342988,C1305.DCE,0
2012-12-28,2438,2440,2433,2437,48942,323210,C1305.DCE,0
2012-12-31,2436,2439,2432,2433,53658,310144,C1305.DCE,0
2013-01-04,2433,2450,2432,2446,91620,267328,C1305.DCE,0
2013-01-07,2443,2449,2442,2445,50224,264112,C1305.DCE,0
2013-01-08,2448,2459,2443,2456,124930,281932,C1305.DCE,0
2013-01-09,2458,2465,2441,2444,132728,279048,C1305.DCE,0
2013-01-10,2446,2448,2439,2445,50784,271250,C1305.DCE,0
2013-01-11,2444,2447,2438,2438,50524,263566,C1305.DCE,0
2013-01-14,2441,2445,2429,2434,102254,275276,C1305.DCE,0
2013-01-15,2436,2439,2429,2434,59178,272328,C1305.DCE,0
2013-01-16,2432,2436,2431,2435,34832,270462,C1305.DCE,0
2013-01-17,2435,2437,2420,2431,88926,281810,C1305.DCE,0
2013-01-18,2430,2435,2428,2434,38760,272274,C1305.DCE,0
2013-01-21,2433,2436,2425,2427,35148,270580,C1305.DCE,0
2013-01-22,2425,2431,2425,2426,30682,266826,C1305.DCE,0
2013-01-23,2426,2429,2423,2427,30676,264376,C1305.DCE,0
2013-01-24,2426,2426,2415,2417,67404,262582,C1305.DCE,0
2013-01-25,2418,2421,2415,2419,19518,258318,C1305.DCE,0
2013-01-28,2419,2424,2415,2424,25606,259144,C1305.DCE,0
2013-01-29,2425,2425,2419,2422,27328,252976,C1305.DCE,0
2013-01-30,2415,2427,2415,2424,30598,244132,C1305.DCE,0
2013-01-31,2426,2426,2421,2424,21892,235662,C1305.DCE,0
2013-02-01,2426,2426,2422,2425,16946,233566,C1305.DCE,0
2013-02-04,2425,2429,2423,2424,19646,225680,C1305.DCE,0
2013-02-05,2478,2478,2465,2468,61422,237322,C1309.DCE,1
2013-02-06,2467,2472,2464,2469,39578,234074,C1309.DCE,0
2013-02-07,2467,2467,2461,2464,35596,233758,C1309.DCE,0
2013-02-08,2460,2465,2453,2462,55536,241648,C1309.DCE,0
2013-02-18,2450,2458,2437,2440,81178,270082,C1309.DCE,0
2013-02-19,2441,2450,2440,2448,83088,292896,C1309.DCE,0
2013-02-20,2450,2452,2444,2445,58816,302042,C1309.DCE,0
2013-02-21,2443,2448,2432,2447,143964,321254,C1309.DCE,0
2013-02-22,2446,2453,2443,2448,73284,315848,C1309.DCE,0
2013-02-25,2442,2446,2438,2439,56312,324830,C1309.DCE,0
2013-02-26,2437,2442,2430,2433,82092,354602,C1309.DCE,0
2013-02-27,2436,2440,2431,2433,54470,358928,C1309.DCE,0
2013-02-28,2436,2442,2430,2441,124654,354348,C1309.DCE,0
2013-03-01,2439,2441,2433,2438,54118,357032,C1309.DCE,0
2013-03-04,2436,2437,2424,2425,92204,372632,C1309.DCE,0
2013-03-05,2425,2433,2424,2429,58892,371092,C1309.DCE,0
2013-03-06,2430,2437,2428,2437,61396,382714,C1309.DCE,0
2013-03-07,2430,2446,2428,2443,107314,396314,C1309.DCE,0
2013-03-08,2441,2444,2438,2443,38422,390722,C1309.DCE,0
2013-03-11,2446,2452,2444,2445,60584,390508,C1309.DCE,0
2013-03-12,2447,2448,2441,2445,40894,386108,C1309.DCE,0
2013-03-13,2444,2452,2443,2450,67774,379748,C1309.DCE,0
2013-03-14,2450,2451,2442,2445,61564,382638,C1309.DCE,0
2013-03-15,2445,2461,2445,2460,119774,375674,C1309.DCE,0
2013-03-18,2453,2463,2449,2458,123680,383852,C1309.DCE,0
2013-03-19,2460,2463,2456,2460,71346,371094,C1309.DCE,0
2013-03-20,2463,2463,2454,2459,56440,367094,C1309.DCE,0
2013-03-21,2460,2462,2454,2459,51466,369186,C1309.DCE,0
2013-03-22,2461,2467,2458,2463,44092,373222,C1309.DCE,0
2013-03-25,2460,2463,2458,2463,21626,375184,C1309.DCE,0
2013-03-26,2463,2464,2457,2459,43834,372090,C1309.DCE,0
2013-03-27,2459,2463,2456,2461,46676,362014,C1309.DCE,0
2013-03-28,2464,2474,2462,2474,106974,360830,C1309.DCE,0
2013-03-29,2460,2472,2455,2468,109386,368426,C1309.DCE,0
2013-04-01,2460,2462,2437,2437,279796,408650,C1309.DCE,0
2013-04-02,2437,2446,2434,2440,138050,413702,C1309.DCE,0
2013-04-03,2435,2437,2427,2431,135312,444206,C1309.DCE,0
2013-04-08,2415,2422,2405,2420,256350,448544,C1309.DCE,0
2013-04-09,2423,2423,2392,2399,399284,558300,C1309.DCE,0
2013-04-10,2403,2420,2403,2418,286196,515928,C1309.DCE,0
2013-04-11,2420,2422,2413,2418,108076,529006,C1309.DCE,0
2013-04-12,2420,2427,2415,2426,170118,548586,C1309.DCE,0
2013-04-15,2414,2420,2401,2406,245310,587102,C1309.DCE,0
2013-04-16,2394,2405,2389,2402,192036,594458,C1309.DCE,0
2013-04-17,2405,2414,2400,2403,114112,585062,C1309.DCE,0
2013-04-18,2402,2407,2398,2405,130040,578042,C1309.DCE,0
2013-04-19,2403,2410,2399,2402,110962,580274,C1309.DCE,0
2013-04-22,2395,2398,2377,2378,358182,706456,C1309.DCE,0
2013-04-23,2378,2381,2364,2372,254072,749040,C1309.DCE,0
2013-04-24,2366,2381,2362,2376,233598,739392,C1309.DCE,0
2013-04-25,2376,2388,2375,2388,128514,748634,C1309.DCE,0
2013-04-26,2390,2395,2387,2391,120056,727208,C1309.DCE,0
2013-05-02,2409,2419,2403,2417,308414,704202,C1309.DCE,0
2013-05-03,2419,2424,2414,2418,163822,694338,C1309.DCE,0
2013-05-06,2416,2426,2413,2423,91084,677710,C1309.DCE,0
2013-05-07,2419,2433,2417,2433,192234,658998,C1309.DCE,0
2013-05-08,2433,2440,2432,2439,181280,608120,C1309.DCE,0
2013-05-09,2438,2442,2430,2433,131760,634904,C1309.DCE,0
2013-05-10,2436,2440,2434,2438,86650,617478,C1309.DCE,0
2013-05-13,2438,2440,2431,2433,71540,620442,C1309.DCE,0
2013-05-14,2440,2442,2434,2437,58538,623840,C1309.DCE,0
2013-05-15,2435,2442,2433,2436,115710,616374,C1309.DCE,0
2013-05-16,2436,2449,2432,2446,138418,601626,C1309.DCE,0
2013-05-17,2444,2450,2444,2447,80698,575854,C1309.DCE,0
2013-05-20,2448,2449,2429,2431,166042,598660,C1309.DCE,0
2013-05-21,2434,2434,2422,2427,102194,610366,C1309.DCE,0
2013-05-22,2425,2438,2422,2435,97904,601390,C1309.DCE,0
2013-05-23,2440,2446,2428,2428,91882,614352,C1309.DCE,0
2013-05-24,2423,2435,2423,2432,38066,607250,C1309.DCE,0
2013-05-27,2435,2442,2432,2439,75416,595368,C1309.DCE,0
2013-05-28,2438,2443,2437,2441,55480,593940,C1309.DCE,0
2013-05-29,2446,2450,2440,2443,93762,561364,C1309.DCE,0
2013-05-30,2445,2448,2442,2447,48922,557978,C1309.DCE,0
2013-05-31,2445,2449,2444,2447,34252,550972,C1309.DCE,0
2013-06-03,2450,2454,2442,2447,117814,535754,C1309.DCE,0
2013-06-04,2446,2447,2433,2435,106218,520296,C1309.DCE,0
2013-06-05,2435,2439,2431,2436,76382,507410,C1309.DCE,0
2013-06-06,2436,2437,2426,2428,88372,507270,C1309.DCE,0
2013-06-07,2430,2431,2421,2427,83078,508366,C1309.DCE,0
2013-06-13,2423,2430,2420,2424,51438,506178,C1309.DCE,0
2013-06-14,2420,2426,2420,2424,34860,504680,C1309.DCE,0
2013-06-17,2424,2428,2421,2426,47104,501374,C1309.DCE,0
2013-06-18,2426,2431,2424,2426,31510,501332,C1309.DCE,0
2013-06-19,2425,2428,2424,2427,21996,499952,C1309.DCE,0
2013-06-20,2429,2430,2421,2422,56000,489018,C1309.DCE,0
2013-06-21,2416,2425,2410,2421,50728,487490,C1309.DCE,0
2013-06-24,2417,2424,2413,2414,58448,473598,C1309.DCE,0
2013-06-25,2418,2424,2415,2420,38830,464498,C1309.DCE,0
2013-06-26,2420,2422,2413,2415,40698,460732,C1309.DCE,0
2013-06-27,2415,2419,2405,2418,71736,434966,C1309.DCE,0
2013-06-28,2417,2425,2415,2418,57906,427232,C1309.DCE,0
2013-07-01,2409,2420,2408,2418,48844,418536,C1309.DCE,0
2013-07-02,2417,2425,2416,2424,37650,417914,C1309.DCE,0
2013-07-03,2424,2428,2421,2427,47926,408518,C1309.DCE,0
2013-07-04,2429,2438,2429,2435,104690,381092,C1309.DCE,0
2013-07-05,2435,2445,2432,2433,68576,361008,C1309.DCE,0
2013-07-08,2382,2385,2371,2374,86316,424770,C1401.DCE,1
2013-07-09,2379,2382,2373,2376,69324,427892,C1401.DCE,0
2013-07-10,2381,2385,2375,2380,40100,428838,C1401.DCE,0
2013-07-11,2381,2388,2375,2379,91100,414946,C1401.DCE,0
2013-07-12,2378,2382,2375,2375,40248,417198,C1401.DCE,0
2013-07-15,2372,2372,2360,2369,74266,387836,C1401.DCE,0
2013-07-16,2370,2374,2367,2370,22706,391518,C1401.DCE,0
2013-07-17,2371,2373,2366,2368,39818,392818,C1401.DCE,0
2013-07-18,2365,2367,2361,2366,26096,391332,C1401.DCE,0
2013-07-19,2368,2372,2362,2363,29028,385022,C1401.DCE,0
2013-07-22,2368,2368,2351,2353,89348,377556,C1401.DCE,0
2013-07-23,2353,2359,2351,2355,45718,372930,C1401.DCE,0
2013-07-24,2351,2353,2343,2343,58378,380836,C1401.DCE,0
2013-07-25,2340,2348,2338,2347,30808,381862,C1401.DCE,0
2013-07-26,2344,2348,2334,2340,99946,388588,C1401.DCE,0
2013-07-29,2337,2341,2304,2324,146890,409382,C1401.DCE,0
2013-07-30,2322,2331,2320,2330,44422,404374,C1401.DCE,0
2013-07-31,2326,2340,2324,2338,66904,396232,C1401.DCE,0
2013-08-01,2338,2340,2327,2331,68706,403946,C1401.DCE,0
2013-08-02,2326,2327,2307,2327,205336,424480,C1401.DCE,0
2013-08-05,2325,2337,2321,2330,76318,416226,C1401.DCE,0
2013-08-06,2325,2331,2320,2325,60824,420252,C1401.DCE,0
2013-08-07,2325,2327,2313,2314,92478,441998,C1401.DCE,0
2013-08-08,2314,2326,2294,2313,123588,434720,C1401.DCE,0
2013-08-09,2317,2327,2315,2319,92634,420862,C1401.DCE,0
2013-08-12,2316,2320,2311,2313,81124,410444,C1401.DCE,0
2013-08-13,2325,2326,2315,2316,86618,400554,C1401.DCE,0
2013-08-14,2306,2316,2304,2307,91828,407500,C1401.DCE,0
2013-08-15,2313,2320,2309,2319,53568,404504,C1401.DCE,0
2013-08-16,2322,2332,2318,2319,79566,394564,C1401.DCE,0
2013-08-19,2326,2329,2321,2324,55596,394286,C1401.DCE,0
2013-08-20,2330,2331,2315,2320,53372,389252,C1401.DCE,0
2013-08-21,2316,2325,2316,2324,35098,384664,C1401.DCE,0
2013-08-22,2322,2330,2322,2328,49900,372898,C1401.DCE,0
2013-08-23,2327,2331,2322,2328,60728,366904,C1401.DCE,0
2013-08-26,2335,2347,2334,2343,157832,347924,C1401.DCE,0
2013-08-27,2347,2349,2335,2337,56498,339724,C1401.DCE,0
2013-08-28,2336,2339,2327,2327,53902,328674,C1401.DCE,0
2013-08-29,2326,2328,2320,2322,56568,322256,C1401.DCE,0
2013-08-30,2322,2324,2316,2320,37068,323178,C1401.DCE,0
2013-09-02,2321,2331,2319,2329,60530,329922,C1401.DCE,0
2013-09-03,2329,2334,2324,2333,63562,328488,C1401.DCE,0
2013-09-04,2326,2328,2323,2324,34864,329896,C1401.DCE,0
2013-09-05,2323,2324,2320,2322,33960,330516,C1401.DCE,0
2013-09-06,2323,2325,2319,2323,24348,328462,C1401.DCE,0
2013-09-09,2320,2327,2320,2322,30048,328178,C1401.DCE,0
2013-09-10,2322,2325,2305,2314,76824,328796,C1401.DCE,0
2013-09-11,2316,2324,2311,2323,35780,325314,C1401.DCE,0
2013-09-12,2325,2326,2320,2322,18766,324912,C1401.DCE,0
2013-09-13,2323,2326,2317,2326,53082,339262,C1401.DCE,0
2013-09-16,2325,2342,2320,2325,165158,334910,C1401.DCE,0
2013-09-17,2324,2336,2324,2333,31998,331266,C1401.DCE,0
2013-09-18,2332,2343,2329,2335,82324,333928,C1401.DCE,0
2013-09-23,2332,2340,2331,2338,30422,331254,C1401.DCE,0
2013-09-24,2339,2341,2332,2333,28998,320568,C1401.DCE,0
2013-09-25,2332,2332,2327,2327,23588,316100,C1401.DCE,0
2013-09-26,2331,2331,2327,2328,22776,311974,C1401.DCE,0
2013-09-27,2328,2329,2321,2322,50058,297108,C1401.DCE,0
2013-09-30,2320,2320,2312,2318,51298,296292,C1401.DCE,0
2013-10-08,2318,2325,2316,2323,23412,295200,C1401.DCE,0
2013-10-09,2324,2330,2321,2329,22294,297058,C1401.DCE,0
2013-10-10,2328,2337,2328,2334,28486,287318,C1401.DCE,0
2013-10-11,2339,2350,2339,2346,76668,292834,C1405.DCE,1
2013-10-14,2350,2357,2349,2355,73220,287966,C1405.DCE,0
2013-10-15,2358,2358,2345,2345,59866,275838,C1405.DCE,0
2013-10-16,2344,2352,2340,2346,35280,282228,C1405.DCE,0
2013-10-17,2346,2354,2345,2352,61562,269338,C1405.DCE,0
2013-10-18,2352,2353,2343,2344,37402,275450,C1405.DCE,0
2013-10-21,2347,2350,2344,2348,28628,280908,C1405.DCE,0
2013-10-22,2348,2349,2342,2343,18150,283476,C1405.DCE,0
2013-10-23,2343,2346,2341,2343,21230,284300,C1405.DCE,0
2013-10-24,2340,2343,2335,2342,62838,280516,C1405.DCE,0
2013-10-25,2341,2344,2337,2338,38246,270096,C1405.DCE,0
2013-10-28,2337,2338,2317,2319,103764,281310,C1405.DCE,0
2013-10-29,2322,2322,2309,2311,98162,303714,C1405.DCE,0
2013-10-30,2311,2321,2311,2318,53300,300182,C1405.DCE,0
2013-10-31,2318,2324,2313,2323,61330,304086,C1405.DCE,0
2013-11-01,2320,2324,2317,2324,47642,307636,C1405.DCE,0
2013-11-04,2324,2325,2319,2324,49486,302218,C1405.DCE,0
2013-11-05,2322,2341,2322,2340,78740,308714,C1405.DCE,0
2013-11-06,2341,2351,2338,2345,97542,301502,C1405.DCE,0
2013-11-07,2343,2347,2335,2346,75518,296888,C1405.DCE,0
2013-11-08,2346,2351,2338,2349,80702,304974,C1405.DCE,0
2013-11-11,2353,2354,2345,2349,52546,310738,C1405.DCE,0
2013-11-12,2349,2353,2348,2350,34104,307822,C1405.DCE,0
2013-11-13,2349,2356,2346,2352,56468,297026,C1405.DCE,0
2013-11-14,2352,2356,2347,2354,67684,295138,C1405.DCE,0
2013-11-15,2353,2356,2352,2356,30412,288548,C1405.DCE,0
2013-11-18,2353,2354,2348,2350,49600,288644,C1405.DCE,0
2013-11-19,2350,2350,2343,2347,69274,306758,C1405.DCE,0
2013-11-20,2348,2360,2346,2360,72008,307970,C1405.DCE,0
2013-11-21,2360,2369,2358,2369,147126,299620,C1405.DCE,0
2013-11-22,2370,2370,2363,2366,48204,287140,C1405.DCE,0
2013-11-25,2368,2369,2360,2363,52576,282840,C1405.DCE,0
2013-11-26,2365,2366,2362,2363,19480,281426,C1405.DCE,0
2013-11-27,2363,2366,2361,2365,29996,282402,C1405.DCE,0
2013-11-28,2365,2365,2361,2363,33986,283476,C1405.DCE,0
2013-11-29,2363,2365,2360,2361,24146,285114,C1405.DCE,0
2013-12-02,2361,2366,2361,2365,33608,274492,C1405.DCE,0
2013-12-03,2364,2370,2363,2365,39494,275500,C1405.DCE,0
2013-12-04,2368,2368,2362,2366,33822,276056,C1405.DCE,0
2013-12-05,2366,2368,2362,2362,23304,275018,C1405.DCE,0
2013-12-06,2362,2372,2353,2365,130136,264334,C1405.DCE,0
2013-12-09,2366,2366,2360,2362,27396,260388,C1405.DCE,0
2013-12-10,2363,2363,2359,2360,14538,259996,C1405.DCE,0
2013-12-11,2359,2361,2356,2356,31032,260976,C1405.DCE,0
2013-12-12,2355,2359,2351,2352,46358,262376,C1405.DCE,0
2013-12-13,2351,2353,2336,2337,88496,269942,C1405.DCE,0
2013-12-16,2332,2342,2325,2327,107558,271052,C1405.DCE,0
2013-12-17,2329,2338,2327,2337,39902,271354,C1405.DCE,0
2013-12-18,2336,2341,2331,2334,46968,278338,C1405.DCE,0
2013-12-19,2332,2334,2326,2329,43128,284918,C1405.DCE,0
2013-12-20,2330,2349,2330,2345,74478,280132,C1405.DCE,0
2013-12-23,2343,2345,2337,2340,54250,288056,C1405.DCE,0
2013-12-24,2339,2340,2328,2331,50298,308642,C1405.DCE,0
2013-12-25,2334,2338,2319,2335,133288,323994,C1405.DCE,0
2013-12-26,2334,2340,2326,2327,61566,339566,C1405.DCE,0
2013-12-27,2326,2337,2324,2333,52826,340592,C1405.DCE,0
2013-12-30,2335,2343,2334,2342,51844,330918,C1405.DCE,0
2013-12-31,2343,2348,2339,2345,49288,328696,C1405.DCE,0
2014-01-02,2344,2348,2342,2342,26628,327492,C1405.DCE,0
2014-01-03,2341,2344,2332,2333,57262,331632,C1405.DCE,0
2014-01-06,2330,2347,2327,2344,67288,335334,C1405.DCE,0
2014-01-07,2347,2360,2342,2359,119278,321378,C1405.DCE,0
2014-01-08,2358,2367,2357,2364,99184,314804,C1405.DCE,0
2014-01-09,2363,2369,2358,2368,81090,315414,C1405.DCE,0
2014-01-10,2368,2370,2362,2365,48070,313914,C1405.DCE,0
2014-01-13,2370,2379,2363,2366,45946,312322,C1405.DCE,0
2014-01-14,2366,2368,2361,2363,47004,314722,C1405.DCE,0
2014-01-15,2365,2366,2356,2360,43030,308254,C1405.DCE,0
2014-01-16,2359,2365,2355,2357,39480,312188,C1405.DCE,0
2014-01-17,2356,2361,2355,2358,21858,311322,C1405.DCE,0
2014-01-20,2356,2364,2356,2363,26296,312344,C1405.DCE,0
2014-01-21,2361,2364,2356,2358,17070,310066,C1405.DCE,0
2014-01-22,2357,2361,2356,2358,25902,313666,C1405.DCE,0
2014-01-23,2357,2365,2357,2360,22054,308612,C1405.DCE,0
2014-01-24,2360,2361,2357,2358,19486,303258,C1405.DCE,0
2014-01-27,2357,2368,2357,2365,30986,300970,C1405.DCE,0
2014-01-28,2365,2367,2363,2365,22438,294436,C1405.DCE,0
2014-01-29,2364,2366,2363,2365,14716,288696,C1405.DCE,0
2014-01-30,2365,2366,2359,2361,15040,282316,C1405.DCE,0
2014-02-07,2366,2368,2359,2361,28100,288434,C1405.DCE,0
2014-02-10,2360,2361,2336,2337,138304,330392,C1405.DCE,0
2014-02-11,2339,2346,2337,2340,60166,341356,C1405.DCE,0
2014-02-12,2340,2342,2334,2339,79952,368524,C1405.DCE,0
2014-02-13,2338,2347,2336,2344,63642,369656,C1405.DCE,0
2014-02-14,2344,2346,2340,2345,31674,372958,C1405.DCE,0
2014-02-17,2342,2349,2332,2342,66008,390036,C1405.DCE,0
2014-02-18,2341,2345,2340,2342,23766,392458,C1405.DCE,0
2014-02-19,2343,2344,2339,2340,19640,395528,C1405.DCE,0
2014-02-20,2341,2346,2338,2345,33402,392364,C1405.DCE,0
2014-02-21,2346,2348,2344,2347,27982,383448,C1405.DCE,0
2014-02-24,2347,2349,2340,2343,40300,384202,C1405.DCE,0
2014-02-25,2344,2345,2338,2341,22472,388808,C1405.DCE,0
2014-02-26,2340,2344,2337,2343,34422,396696,C1405.DCE,0
2014-02-27,2341,2347,2339,2342,22012,400454,C1405.DCE,0
2014-02-28,2341,2343,2335,2341,34966,406410,C1405.DCE,0
2014-03-03,2342,2358,2342,2357,74290,398654,C1405.DCE,0
2014-03-04,2357,2359,2351,2358,34936,400094,C1405.DCE,0
2014-03-05,2360,2362,2355,2359,24976,397246,C1405.DCE,0
2014-03-06,2358,2359,2352,2354,24720,401094,C1405.DCE,0
2014-03-07,2355,2361,2354,2361,27252,395700,C1405.DCE,0
2014-03-10,2358,2360,2341,2349,53690,396852,C1405.DCE,0
2014-03-11,2345,2354,2343,2353,28628,391378,C1405.DCE,0
2014-03-12,2353,2362,2349,2357,56876,397742,C1405.DCE,0
2014-03-13,2356,2377,2356,2376,147688,345192,C1405.DCE,0
2014-03-14,2377,2386,2373,2381,112026,284128,C1405.DCE,0
2014-03-17,2381,2382,2366,2374,47706,277310,C1405.DCE,0
2014-03-18,2374,2383,2367,2375,55046,259118,C1405.DCE,0
2014-03-19,2376,2379,2371,2373,35194,248630,C1405.DCE,0
2014-03-20,2373,2379,2366,2367,45512,232640,C1405.DCE,0
2014-03-21,2366,2370,2366,2369,21156,229642,C1405.DCE,0
2014-03-24,2369,2374,2364,2373,28076,221960,C1405.DCE,0
2014-03-25,2374,2377,2368,2368,41986,208192,C1405.DCE,0
2014-03-26,2367,2397,2355,2370,94860,207880,C1405.DCE,0
2014-03-27,2355,2360,2352,2356,61348,223218,C1409.DCE,1
2014-03-28,2357,2357,2353,2354,29906,228808,C1409.DCE,0
2014-03-31,2353,2356,2352,2354,28118,224408,C1409.DCE,0
2014-04-01,2360,2360,2350,2352,33818,223944,C1409.DCE,0
2014-04-02,2351,2354,2335,2337,119220,277330,C1409.DCE,0
2014-04-03,2338,2348,2338,2347,56430,277014,C1409.DCE,0
2014-04-04,2347,2352,2345,2351,55604,265236,C1409.DCE,0
2014-04-08,2350,2358,2350,2352,48284,256110,C1409.DCE,0
2014-04-09,2353,2354,2349,2352,39602,255822,C1409.DCE,0
2014-04-10,2352,2356,2350,2352,39364,254024,C1409.DCE,0
2014-04-11,2351,2353,2343,2345,35612,259266,C1409.DCE,0
2014-04-14,2346,2357,2345,2354,68138,254116,C1409.DCE,0
2014-04-15,2355,2362,2353,2362,46330,251154,C1409.DCE,0
2014-04-16,2361,2361,2351,2353,37090,249954,C1409.DCE,0
2014-04-17,2352,2359,2352,2356,22730,246710,C1409.DCE,0
2014-04-18,2356,2356,2351,2351,19554,244272,C1409.DCE,0
2014-04-21,2351,2354,2343,2345,44580,249284,C1409.DCE,0
2014-04-22,2348,2367,2343,2363,76934,259872,C1409.DCE,0
2014-04-23,2363,2364,2355,2358,21566,256322,C1409.DCE,0
2014-04-24,2360,2360,2355,2357,15824,254288,C1409.DCE,0
2014-04-25,2358,2366,2356,2363,44354,255532,C1409.DCE,0
2014-04-28,2363,2374,2362,2368,35178,249558,C1409.DCE,0
2014-04-29,2367,2369,2364,2365,19628,249076,C1409.DCE,0
2014-04-30,2366,2376,2366,2372,66406,237848,C1409.DCE,0
2014-05-05,2372,2380,2368,2378,46712,245182,C1409.DCE,0
2014-05-06,2379,2382,2367,2374,56058,243938,C1409.DCE,0
2014-05-07,2371,2374,2368,2369,19118,245342,C1409.DCE,0
2014-05-08,2370,2371,2365,2365,25574,249140,C1409.DCE,0
2014-05-09,2367,2370,2362,2363,23060,247026,C1409.DCE,0
2014-05-12,2364,2370,2363,2369,22624,253790,C1409.DCE,0
2014-05-13,2368,2373,2367,2369,15742,257418,C1409.DCE,0
2014-05-14,2369,2373,2359,2364,76656,255276,C1409.DCE,0
2014-05-15,2362,2363,2355,2356,44066,256852,C1409.DCE,0
2014-05-16,2354,2360,2351,2351,37916,257180,C1409.DCE,0
2014-05-19,2354,2358,2348,2355,31320,259668,C1409.DCE,0
2014-05-20,2353,2358,2353,2356,15092,261608,C1409.DCE,0
2014-05-21,2355,2360,2354,2359,18426,260944,C1409.DCE,0
2014-05-22,2370,2376,2365,2368,93464,264570,C1409.DCE,0
2014-05-23,2367,2370,2364,2368,59240,252912,C1409.DCE,0
2014-05-26,2368,2369,2364,2366,14314,251750,C1409.DCE,0
2014-05-27,2364,2369,2363,2369,21650,253426,C1409.DCE,0
2014-05-28,2368,2373,2366,2371,28090,253130,C1409.DCE,0
2014-05-29,2375,2412,2374,2394,162762,271042,C1409.DCE,0
2014-05-30,2394,2394,2387,2387,37176,264184,C1409.DCE,0
2014-06-03,2389,2389,2374,2382,64254,254462,C1409.DCE,0
2014-06-04,2382,2384,2379,2381,22024,252822,C1409.DCE,0
2014-06-05,2382,2383,2377,2379,19508,248572,C1409.DCE,0
2014-06-06,2377,2381,2375,2377,27362,248406,C1409.DCE,0
2014-06-09,2373,2379,2370,2377,32514,233118,C1409.DCE,0
2014-06-10,2375,2384,2373,2381,20732,233788,C1409.DCE,0
2014-06-11,2382,2387,2382,2386,29986,218938,C1409.DCE,0
2014-06-12,2386,2391,2382,2391,29946,218662,C1409.DCE,0
2014-06-13,2389,2391,2383,2389,15022,224450,C1409.DCE,0
2014-06-16,2390,2396,2386,2394,15042,226420,C1409.DCE,0
2014-06-17,2395,2407,2393,2403,63860,214674,C1409.DCE,0
2014-06-18,2404,2404,2389,2392,25818,208438,C1409.DCE,0
2014-06-19,2392,2399,2392,2393,13610,209204,C1409.DCE,0
2014-06-20,2394,2394,2386,2390,13742,208588,C1409.DCE,0
2014-06-23,2391,2395,2390,2392,12850,205082,C1409.DCE,0
2014-06-24,2390,2397,2387,2396,10622,201712,C1409.DCE,0
2014-06-25,2397,2401,2393,2400,24496,201926,C1409.DCE,0
2014-06-26,2400,2401,2396,2397,7634,200290,C1409.DCE,0
2014-06-27,2397,2399,2393,2397,12062,193508,C1409.DCE,0
2014-06-30,2399,2400,2394,2398,8630,190672,C1409.DCE,0
2014-07-01,2388,2397,2387,2392,24594,183494,C1409.DCE,0
2014-07-02,2391,2401,2388,2391,60552,180510,C1409.DCE,0
2014-07-03,2393,2398,2391,2392,21706,178090,C1409.DCE,0
2014-07-04,2393,2394,2386,2386,17934,173594,C1409.DCE,0
2014-07-07,2386,2392,2382,2387,29502,177578,C1409.DCE,0
2014-07-08,2381,2392,2381,2392,10868,178094,C1409.DCE,0
2014-07-09,2393,2400,2391,2400,28598,176414,C1409.DCE,0
2014-07-10,2400,2417,2398,2416,50484,157384,C1409.DCE,0
2014-07-11,2416,2434,2408,2428,55976,133126,C1409.DCE,0
2014-07-14,2423,2439,2423,2434,32698,122686,C1409.DCE,0
2014-07-15,2299,2305,2287,2298,95916,175266,C1501.DCE,1
2014-07-16,2298,2326,2290,2321,80674,165196,C1501.DCE,0
2014-07-17,2317,2331,2316,2321,47266,156302,C1501.DCE,0
2014-07-18,2323,2329,2316,2324,24500,158680,C1501.DCE,0
2014-07-21,2322,2328,2318,2323,21198,161274,C1501.DCE,0
2014-07-22,2321,2337,2319,2335,36482,156196,C1501.DCE,0
2014-07-23,2336,2342,2321,2323,27918,157904,C1501.DCE,0
2014-07-24,2323,2331,2322,2327,13534,158580,C1501.DCE,0
2014-07-25,2330,2336,2327,2332,17230,155882,C1501.DCE,0
2014-07-28,2335,2340,2331,2333,19458,160630,C1501.DCE,0
2014-07-29,2335,2357,2333,2350,125844,176218,C1501.DCE,0
2014-07-30,2347,2352,2327,2350,63892,181278,C1501.DCE,0
2014-07-31,2350,2371,2348,2367,135840,222398,C1501.DCE,0
2014-08-01,2367,2370,2362,2369,62668,238474,C1501.DCE,0
2014-08-04,2372,2399,2371,2389,256176,312912,C1501.DCE,0
2014-08-05,2390,2394,2374,2377,178780,315272,C1501.DCE,0
2014-08-06,2376,2384,2368,2373,73620,302716,C1501.DCE,0
2014-08-07,2376,2384,2369,2374,56214,293942,C1501.DCE,0
2014-08-08,2374,2382,2371,2376,56476,298198,C1501.DCE,0
2014-08-11,2380,2389,2377,2388,94354,304094,C1501.DCE,0
2014-08-12,2388,2411,2383,2408,206148,311194,C1501.DCE,0
2014-08-13,2410,2414,2391,2399,147478,300232,C1501.DCE,0
2014-08-14,2400,2410,2393,2400,149514,279510,C1501.DCE,0
2014-08-15,2401,2421,2396,2415,164612,305496,C1501.DCE,0
2014-08-18,2415,2418,2404,2406,87016,288536,C1501.DCE,0
2014-08-19,2404,2404,2312,2382,196832,264542,C1501.DCE,0
2014-08-20,2383,2396,2382,2385,59474,263080,C1501.DCE,0
2014-08-21,2384,2389,2380,2385,40828,253562,C1501.DCE,0
2014-08-22,2388,2399,2386,2394,51338,258808,C1501.DCE,0
2014-08-25,2386,2396,2384,2390,58160,257560,C1501.DCE,0
2014-08-26,2392,2395,2387,2391,39724,260120,C1501.DCE,0
2014-08-27,2388,2396,2388,2396,33844,260952,C1501.DCE,0
2014-08-28,2395,2398,2383,2386,61386,262796,C1501.DCE,0
2014-08-29,2386,2387,2373,2374,82854,273358,C1501.DCE,0
2014-09-01,2375,2384,2366,2377,83908,277600,C1501.DCE,0
2014-09-02,2377,2388,2373,2380,59064,276220,C1501.DCE,0
2014-09-03,2376,2387,2376,2385,33972,276462,C1501.DCE,0
2014-09-04,2384,2395,2379,2388,48458,277474,C1501.DCE,0
2014-09-05,2387,2389,2375,2378,70528,277466,C1501.DCE,0
2014-09-09,2376,2384,2371,2378,39696,275650,C1501.DCE,0
2014-09-10,2378,2380,2367,2369,57712,272924,C1501.DCE,0
2014-09-11,2368,2373,2357,2363,81060,272716,C1501.DCE,0
2014-09-12,2361,2377,2360,2374,52568,270836,C1501.DCE,0
2014-09-15,2371,2376,2371,2374,37098,262090,C1501.DCE,0
2014-09-16,2385,2385,2361,2362,57392,259788,C1501.DCE,0
2014-09-17,2352,2371,2352,2369,42710,256524,C1501.DCE,0
2014-09-18,2366,2371,2356,2357,58196,264828,C1501.DCE,0
2014-09-19,2356,2365,2356,2361,51022,266326,C1501.DCE,0
2014-09-22,2358,2364,2343,2359,118574,285976,C1501.DCE,0
2014-09-23,2358,2360,2348,2348,51352,292008,C1501.DCE,0
2014-09-24,2343,2360,2343,2354,60972,284668,C1501.DCE,0
2014-09-25,2354,2358,2352,2354,28142,277512,C1501.DCE,0
2014-09-26,2346,2357,2346,2356,38050,266808,C1501.DCE,0
2014-09-29,2361,2365,2354,2360,52598,247562,C1501.DCE,0
2014-09-30,2360,2362,2354,2358,30094,234412,C1501.DCE,0
2014-10-08,2365,2365,2347,2355,28584,233882,C1501.DCE,0
2014-10-09,2353,2355,2339,2347,67538,237134,C1501.DCE,0
2014-10-10,2347,2349,2329,2340,108662,255934,C1501.DCE,0
2014-10-13,2339,2351,2333,2341,49000,244966,C1501.DCE,0
2014-10-14,2369,2369,2352,2363,64756,286720,C1505.DCE,1
2014-10-15,2364,2384,2361,2378,107752,255044,C1505.DCE,0
2014-10-16,2376,2389,2372,2388,81206,233682,C1505.DCE,0
2014-10-17,2390,2390,2378,2382,43790,236094,C1505.DCE,0
2014-10-20,2381,2428,2381,2383,70706,253660,C1505.DCE,0
2014-10-21,2383,2387,2370,2371,65846,265438,C1505.DCE,0
2014-10-22,2371,2376,2367,2374,36426,267246,C1505.DCE,0
2014-10-23,2373,2381,2370,2380,36304,265102,C1505.DCE,0
2014-10-24,2382,2390,2379,2387,55274,251692,C1505.DCE,0
2014-10-27,2383,2388,2381,2385,30632,263820,C1505.DCE,0
2014-10-28,2384,2397,2384,2395,70320,237238,C1505.DCE,0
2014-10-29,2396,2397,2390,2393,35378,233320,C1505.DCE,0
2014-10-30,2400,2403,2394,2395,67512,216178,C1505.DCE,0
2014-10-31,2391,2394,2377,2380,43924,214740,C1505.DCE,0
2014-11-03,2397,2397,2379,2388,37164,214532,C1505.DCE,0
2014-11-04,2387,2395,2385,2388,53388,211770,C1505.DCE,0
2014-11-05,2387,2391,2385,2390,22176,213310,C1505.DCE,0
2014-11-06,2391,2395,2388,2393,27372,212048,C1505.DCE,0
2014-11-07,2395,2398,2392,2397,35242,208044,C1505.DCE,0
2014-11-10,2395,2404,2395,2402,39382,209098,C1505.DCE,0
2014-11-11,2401,2404,2396,2400,30450,209244,C1505.DCE,0
2014-11-12,2404,2406,2400,2403,33512,198528,C1505.DCE,0
2014-11-13,2404,2405,2398,2405,31554,203944,C1505.DCE,0
2014-11-14,2405,2416,2404,2415,69058,203314,C1505.DCE,0
2014-11-17,2415,2418,2411,2415,38770,198740,C1505.DCE,0
2014-11-18,2405,2419,2405,2417,31550,195306,C1505.DCE,0
2014-11-19,2413,2419,2411,2415,29604,201082,C1505.DCE,0
2014-11-20,2413,2414,2409,2411,16374,200948,C1505.DCE,0
2014-11-21,2411,2414,2407,2411,25846,198916,C1505.DCE,0
2014-11-24,2415,2415,2401,2404,40590,196028,C1505.DCE,0
2014-11-25,2403,2414,2389,2412,117592,209388,C1505.DCE,0
2014-11-26,2400,2414,2400,2409,33494,202906,C1505.DCE,0
2014-11-27,2410,2412,2406,2411,21812,195358,C1505.DCE,0
2014-11-28,2410,2418,2409,2412,51134,174890,C1505.DCE,0
2014-12-01,2407,2409,2400,2404,50188,158290,C1505.DCE,0
2014-12-02,2406,2408,2402,2406,28908,155302,C1505.DCE,0
2014-12-03,2403,2408,2400,2406,24468,155526,C1505.DCE,0
2014-12-04,2405,2412,2405,2409,26974,156770,C1505.DCE,0
2014-12-05,2410,2416,2409,2416,23576,155450,C1505.DCE,0
2014-12-08,2417,2429,2416,2426,52662,158070,C1505.DCE,0
2014-12-09,2425,2434,2422,2430,53208,159312,C1505.DCE,0
2014-12-10,2432,2432,2424,2427,24866,155320,C1505.DCE,0
2014-12-11,2426,2426,2414,2415,27140,152568,C1505.DCE,0
2014-12-12,2416,2417,2392,2399,73364,157952,C1505.DCE,0
2014-12-15,2399,2405,2394,2403,32050,151474,C1505.DCE,0
2014-12-16,2402,2404,2393,2394,26942,149806,C1505.DCE,0
2014-12-17,2393,2399,2389,2393,24658,147846,C1505.DCE,0
2014-12-18,2388,2395,2387,2395,17568,144652,C1505.DCE,0
2014-12-19,2395,2396,2389,2389,29144,139924,C1505.DCE,0
2014-12-22,2386,2389,2362,2364,123864,163132,C1505.DCE,0
2014-12-23,2365,2370,2356,2362,68208,171276,C1505.DCE,0
2014-12-24,2363,2376,2363,2372,45844,173014,C1505.DCE,0
2014-12-25,2376,2379,2365,2374,38948,175160,C1505.DCE,0
2014-12-26,2373,2379,2372,2376,21412,170670,C1505.DCE,0
2014-12-29,2378,2389,2376,2388,40890,155824,C1505.DCE,0
2014-12-30,2384,2397,2383,2393,54306,134492,C1505.DCE,0
2014-12-31,2391,2395,2378,2380,32160,141078,C1505.DCE,0
2015-01-05,2377,2381,2369,2377,46870,154530,C1505.DCE,0
2015-01-06,2387,2394,2386,2389,47668,147544,C1505.DCE,0
2015-01-07,2389,2397,2386,2397,35484,153148,C1505.DCE,0
2015-01-08,2398,2409,2393,2406,48352,149164,C1505.DCE,0
2015-01-09,2404,2408,2398,2406,39762,140402,C1505.DCE,0
2015-01-12,2406,2417,2398,2408,43488,137522,C1505.DCE,0
2015-01-13,2405,2413,2399,2412,44374,145266,C1505.DCE,0
2015-01-14,2408,2410,2405,2407,27144,144860,C1505.DCE,0
2015-01-15,2407,2411,2406,2408,15590,144946,C1505.DCE,0
2015-01-16,2408,2411,2402,2409,15020,147622,C1505.DCE,0
2015-01-19,2409,2415,2408,2415,20990,147708,C1505.DCE,0
2015-01-20,2415,2417,2411,2412,10794,151080,C1505.DCE,0
2015-01-21,2413,2423,2411,2415,26570,151144,C1505.DCE,0
2015-01-22,2414,2419,2414,2419,9518,151488,C1505.DCE,0
2015-01-23,2417,2421,2414,2415,12286,149624,C1505.DCE,0
2015-01-26,2415,2426,2413,2425,19836,152972,C1505.DCE,0
2015-01-27,2461,2475,2460,2474,43048,165046,C1509.DCE,1
2015-01-28,2475,2475,2464,2470,22370,169452,C1509.DCE,0
2015-01-29,2469,2475,2466,2474,27088,164030,C1509.DCE,0
2015-01-30,2473,2485,2470,2474,24854,168562,C1509.DCE,0
2015-02-02,2471,2474,2460,2468,43942,174216,C1509.DCE,0
2015-02-03,2468,2482,2468,2481,25738,178206,C1509.DCE,0
2015-02-04,2486,2499,2482,2498,41672,177476,C1509.DCE,0
2015-02-05,2493,2525,2491,2492,121892,177612,C1509.DCE,0
2015-02-06,2494,2505,2487,2504,30728,177338,C1509.DCE,0
2015-02-09,2504,2517,2501,2513,42034,178738,C1509.DCE,0
2015-02-10,2511,2521,2511,2520,33172,181710,C1509.DCE,0
2015-02-11,2517,2520,2509,2514,37974,182824,C1509.DCE,0
2015-02-12,2513,2517,2508,2508,29652,179486,C1509.DCE,0
2015-02-13,2508,2517,2505,2514,31052,175860,C1509.DCE,0
2015-02-16,2513,2516,2507,2511,19636,176040,C1509.DCE,0
2015-02-17,2510,2515,2508,2511,16926,176754,C1509.DCE,0
2015-02-25,2510,2546,2510,2517,29666,181366,C1509.DCE,0
2015-02-26,2517,2523,2508,2518,25286,188552,C1509.DCE,0
2015-02-27,2516,2537,2516,2536,45168,201628,C1509.DCE,0
2015-03-02,2536,2541,2526,2532,32348,203734,C1509.DCE,0
2015-03-03,2520,2534,2520,2533,22852,207010,C1509.DCE,0
2015-03-04,2532,2554,2532,2553,73514,224710,C1509.DCE,0
2015-03-05,2545,2549,2535,2541,58014,219598,C1509.DCE,0
2015-03-06,2542,2546,2538,2539,35748,220750,C1509.DCE,0
2015-03-09,2536,2544,2530,2537,95288,242168,C1509.DCE,0
2015-03-10,2540,2568,2537,2557,113638,254744,C1509.DCE,0
2015-03-11,2558,2572,2555,2559,75734,251916,C1509.DCE,0
2015-03-12,2560,2565,2552,2560,39886,254020,C1509.DCE,0
2015-03-13,2554,2565,2549,2556,50576,260970,C1509.DCE,0
2015-03-16,2550,2559,2545,2547,76694,270360,C1509.DCE,0
2015-03-17,2546,2559,2546,2549,38480,269842,C1509.DCE,0
2015-03-18,2545,2547,2535,2536,77206,276182,C1509.DCE,0
2015-03-19,2538,2548,2531,2534,67572,275988,C1509.DCE,0
2015-03-20,2536,2539,2530,2533,36004,277470,C1509.DCE,0
2015-03-23,2538,2562,2537,2554,48438,268446,C1509.DCE,0
2015-03-24,2555,2562,2554,2558,47244,269898,C1509.DCE,0
2015-03-25,2556,2560,2537,2541,53834,272010,C1509.DCE,0
2015-03-26,2540,2541,2522,2535,94068,286202,C1509.DCE,0
2015-03-27,2536,2545,2529,2534,67944,292098,C1509.DCE,0
2015-03-30,2533,2538,2526,2529,46606,283870,C1509.DCE,0
2015-03-31,2528,2531,2512,2524,41674,281882,C1509.DCE,0
2015-04-01,2520,2529,2510,2520,81512,279744,C1509.DCE,0
2015-04-02,2520,2531,2520,2522,43554,281290,C1509.DCE,0
2015-04-03,2524,2527,2513,2515,87330,305908,C1509.DCE,0
2015-04-07,2514,2519,2511,2512,67238,308096,C1509.DCE,0
2015-04-08,2514,2518,2507,2512,56736,304404,C1509.DCE,0
2015-04-09,2515,2519,2508,2510,66676,301540,C1509.DCE,0
2015-04-10,2509,2530,2508,2528,70566,282506,C1509.DCE,0
2015-04-13,2527,2535,2522,2531,52872,286156,C1509.DCE,0
2015-04-14,2527,2531,2497,2505,100742,301074,C1509.DCE,0
2015-04-15,2508,2509,2487,2492,119258,312216,C1509.DCE,0
2015-04-16,2495,2498,2479,2487,88892,319946,C1509.DCE,0
2015-04-17,2489,2521,2485,2517,124688,290212,C1509.DCE,0
2015-04-20,2525,2526,2492,2495,64768,290642,C1509.DCE,0
2015-04-21,2495,2503,2489,2492,63674,288136,C1509.DCE,0
2015-04-22,2492,2505,2488,2500,36390,284102,C1509.DCE,0
2015-04-23,2501,2513,2500,2509,32862,280384,C1509.DCE,0
2015-04-24,2509,2513,2495,2503,38770,281930,C1509.DCE,0
2015-04-27,2501,2508,2497,2504,25844,279066,C1509.DCE,0
2015-04-28,2505,2509,2482,2482,83786,281172,C1509.DCE,0
2015-04-29,2482,2489,2470,2485,76788,287032,C1509.DCE,0
2015-04-30,2490,2501,2477,2500,61412,286604,C1509.DCE,0
2015-05-04,2491,2505,2491,2496,35374,285624,C1509.DCE,0
2015-05-05,2496,2503,2485,2497,40920,285482,C1509.DCE,0
2015-05-06,2497,2503,2493,2497,36158,283770,C1509.DCE,0
2015-05-07,2495,2505,2488,2498,43778,282232,C1509.DCE,0
2015-05-08,2496,2501,2491,2496,39546,277814,C1509.DCE,0
2015-05-11,2499,2503,2496,2499,40722,267364,C1509.DCE,0
2015-05-12,2496,2500,2494,2497,28056,263858,C1509.DCE,0
2015-05-13,2501,2527,2498,2514,75796,240434,C1509.DCE,0
2015-05-14,2515,2518,2505,2512,56628,239788,C1509.DCE,0
2015-05-15,2524,2524,2509,2514,45706,238478,C1509.DCE,0
2015-05-18,2513,2519,2506,2508,34354,239860,C1509.DCE,0
2015-05-19,2508,2516,2507,2516,50380,233090,C1509.DCE,0
2015-05-20,2513,2517,2503,2505,75026,232686,C1509.DCE,0
2015-05-21,2510,2510,2504,2506,28680,233984,C1509.DCE,0
2015-05-22,2504,2507,2489,2500,80190,225264,C1509.DCE,0
2015-05-25,2500,2501,2475,2477,64914,221870,C1509.DCE,0
2015-05-26,2480,2485,2452,2468,54576,216440,C1509.DCE,0
2015-05-27,2468,2475,2439,2445,78990,236730,C1509.DCE,0
2015-05-28,2448,2465,2445,2461,60252,245716,C1509.DCE,0
2015-05-29,2457,2479,2451,2470,38876,243752,C1509.DCE,0
2015-06-01,2473,2477,2457,2460,41946,245188,C1509.DCE,0
2015-06-02,2460,2468,2458,2468,22496,238678,C1509.DCE,0
2015-06-03,2466,2470,2446,2447,32410,242234,C1509.DCE,0
2015-06-04,2445,2451,2380,2383,211608,251978,C1509.DCE,0
2015-06-05,2392,2393,2369,2373,122554,255450,C1509.DCE,0
2015-06-08,2370,2387,2349,2381,154820,265436,C1509.DCE,0
2015-06-09,2385,2390,2372,2383,66038,266456,C1509.DCE,0
2015-06-10,2380,2384,2364,2377,69770,268954,C1509.DCE,0
2015-06-11,2372,2380,2368,2378,47004,264238,C1509.DCE,0
2015-06-12,2376,2376,2356,2368,62188,267084,C1509.DCE,0
2015-06-15,2354,2363,2350,2363,46334,266422,C1509.DCE,0
2015-06-16,2361,2376,2359,2376,36694,265002,C1509.DCE,0
2015-06-17,2377,2390,2377,2389,48530,265394,C1509.DCE,0
2015-06-18,2388,2392,2382,2388,48250,265044,C1509.DCE,0
2015-06-19,2384,2387,2379,2384,31190,266840,C1509.DCE,0
2015-06-23,2393,2413,2387,2394,43982,257432,C1509.DCE,0
2015-06-24,2148,2150,2133,2137,24634,273724,C1601.DCE,1
2015-06-25,2137,2142,2133,2137,17562,276732,C1601.DCE,0
2015-06-26,2141,2145,2123,2131,69270,278460,C1601.DCE,0
2015-06-29,2138,2140,2111,2121,74728,273656,C1601.DCE,0
2015-06-30,2115,2120,2106,2117,64010,278686,C1601.DCE,0
2015-07-01,2130,2158,2124,2129,54558,266624,C1601.DCE,0
2015-07-02,2128,2142,2124,2135,34944,261496,C1601.DCE,0
2015-07-03,2139,2148,2136,2143,37884,260278,C1601.DCE,0
2015-07-06,2141,2142,2122,2127,43892,252882,C1601.DCE,0
2015-07-07,2127,2137,2059,2088,175176,276616,C1601.DCE,0
2015-07-08,2067,2078,2017,2061,316996,268578,C1601.DCE,0
2015-07-09,2081,2109,2061,2078,214242,250708,C1601.DCE,0
2015-07-10,2086,2124,2081,2098,205904,280326,C1601.DCE,0
2015-07-13,2102,2103,2072,2076,102208,291416,C1601.DCE,0
2015-07-14,2075,2085,2033,2047,262196,358212,C1601.DCE,0
2015-07-15,2043,2064,2040,2059,98712,358594,C1601.DCE,0
2015-07-16,2060,2102,2057,2091,269964,361082,C1601.DCE,0
2015-07-17,2085,2098,2074,2091,178224,367776,C1601.DCE,0
2015-07-20,2088,2094,2077,2080,109792,375716,C1601.DCE,0
2015-07-21,2080,2085,2065,2071,110324,396610,C1601.DCE,0
2015-07-22,2070,2085,2066,2077,114784,408552,C1601.DCE,0
2015-07-23,2075,2081,2070,2079,72136,417864,C1601.DCE,0
2015-07-24,2077,2079,2033,2036,205522,466938,C1601.DCE,0
2015-07-27,2029,2029,1982,1996,424490,540350,C1601.DCE,0
2015-07-28,1988,2014,1980,2009,342438,557812,C1601.DCE,0
2015-07-29,2008,2024,2008,2015,157654,550412,C1601.DCE,0
2015-07-30,2012,2020,1996,2000,201534,571712,C1601.DCE,0
2015-07-31,2001,2026,2001,2015,211110,583566,C1601.DCE,0
2015-08-03,2011,2019,2005,2015,140816,588484,C1601.DCE,0
2015-08-04,2017,2031,2014,2019,167528,593384,C1601.DCE,0
2015-08-05,2021,2023,1991,2015,294560,609832,C1601.DCE,0
2015-08-06,2015,2015,2004,2010,75338,617810,C1601.DCE,0
2015-08-07,2008,2008,1988,1996,205582,643044,C1601.DCE,0
2015-08-10,2004,2015,1996,2009,163942,666400,C1601.DCE,0
2015-08-11,2018,2028,2006,2007,212024,673362,C1601.DCE,0
2015-08-12,2000,2015,1998,2014,159394,662074,C1601.DCE,0
2015-08-13,2000,2035,1996,2018,222126,671444,C1601.DCE,0
2015-08-14,2018,2039,2010,2016,205320,697780,C1601.DCE,0
2015-08-17,2018,2042,2007,2038,265102,687004,C1601.DCE,0
2015-08-18,2043,2049,2032,2038,217338,682806,C1601.DCE,0
2015-08-19,2039,2044,2026,2034,175182,688272,C1601.DCE,0
2015-08-20,2030,2033,2010,2012,176676,711272,C1601.DCE,0
2015-08-21,2016,2022,1997,2002,312026,678556,C1601.DCE,0
2015-08-24,1996,2002,1973,1990,233788,661510,C1601.DCE,0
2015-08-25,1999,2027,1985,2021,340058,658712,C1601.DCE,0
2015-08-26,2024,2028,2011,2020,104304,657086,C1601.DCE,0
2015-08-27,2018,2026,2004,2013,176946,636136,C1601.DCE,0
2015-08-28,2025,2033,2006,2007,161244,638650,C1601.DCE,0
2015-08-31,2005,2014,1938,1938,386632,667968,C1601.DCE,0
2015-09-01,1946,1960,1920,1942,584718,672382,C1601.DCE,0
2015-09-02,1938,1950,1933,1949,168726,653292,C1601.DCE,0
2015-09-07,1949,1958,1935,1945,356932,636132,C1601.DCE,0
2015-09-08,1914,1933,1908,1931,144790,644576,C1605.DCE,1
2015-09-09,1936,1940,1919,1920,153890,703726,C1605.DCE,0
2015-09-10,1928,1929,1901,1921,286124,719398,C1605.DCE,0
2015-09-11,1922,1934,1920,1925,109364,700466,C1605.DCE,0
2015-09-14,1929,1932,1910,1915,163170,718412,C1605.DCE,0
2015-09-15,1915,1924,1907,1914,142626,734624,C1605.DCE,0
2015-09-16,1919,1930,1911,1926,173868,740692,C1605.DCE,0
2015-09-17,1927,1929,1894,1907,378026,786148,C1605.DCE,0
2015-09-18,1902,1906,1836,1836,956844,977844,C1605.DCE,0
2015-09-21,1856,1883,1835,1856,955768,956234,C1605.DCE,0
2015-09-22,1859,1862,1833,1839,409422,990456,C1605.DCE,0
2015-09-23,1834,1848,1823,1840,531930,1003610,C1605.DCE,0
2015-09-24,1839,1847,1831,1836,261984,1013902,C1605.DCE,0
2015-09-25,1838,1864,1831,1839,337610,996750,C1605.DCE,0
2015-09-28,1830,1841,1825,1830,274280,1003260,C1605.DCE,0
2015-09-29,1828,1828,1794,1801,368842,1030670,C1605.DCE,0
2015-09-30,1801,1813,1797,1799,345270,1114854,C1605.DCE,0
2015-10-08,1790,1813,1774,1801,408070,1108996,C1605.DCE,0
2015-10-09,1801,1819,1792,1800,389732,1132824,C1605.DCE,0
2015-10-12,1807,1809,1780,1791,522270,1217332,C1605.DCE,0
2015-10-13,1786,1793,1760,1770,602938,1289768,C1605.DCE,0
2015-10-14,1773,1801,1769,1797,480076,1246620,C1605.DCE,0
2015-10-15,1795,1812,1792,1801,358602,1235520,C1605.DCE,0
2015-10-16,1800,1814,1793,1814,377462,1264302,C1605.DCE,0
2015-10-19,1814,1817,1796,1801,409754,1254856,C1605.DCE,0
2015-10-20,1801,1804,1788,1792,381944,1271622,C1605.DCE,0
2015-10-21,1794,1811,1793,1803,351574,1243666,C1605.DCE,0
2015-10-22,1806,1810,1793,1803,324054,1235914,C1605.DCE,0
2015-10-23,1796,1807,1792,1804,301368,1217216,C1605.DCE,0
2015-10-26,1804,1833,1799,1827,631118,1219142,C1605.DCE,0
2015-10-27,1827,1841,1818,1839,485356,1189538,C1605.DCE,0
2015-10-28,1836,1839,1820,1822,313042,1181220,C1605.DCE,0
2015-10-29,1823,1828,1809,1821,323946,1179692,C1605.DCE,0
2015-10-30,1821,1827,1810,1810,227300,1191808,C1605.DCE,0
2015-11-02,1814,1827,1812,1816,229220,1204352,C1605.DCE,0
2015-11-03,1815,1838,1811,1836,304964,1209766,C1605.DCE,0
2015-11-04,1835,1849,1830,1832,446468,1169594,C1605.DCE,0
2015-11-05,1830,1845,1827,1838,247548,1188276,C1605.DCE,0
2015-11-06,1836,1853,1822,1847,368586,1170668,C1605.DCE,0
2015-11-09,1853,1912,1853,1893,1680192,1088800,C1605.DCE,0
2015-11-10,1883,1884,1839,1848,1124692,1276598,C1605.DCE,0
2015-11-11,1836,1853,1836,1845,424078,1333940,C1605.DCE,0
2015-11-12,1848,1883,1840,1874,1220504,1391544,C1605.DCE,0
2015-11-13,1875,1886,1865,1872,613978,1370140,C1605.DCE,0
2015-11-16,1875,1896,1859,1860,756974,1419084,C1605.DCE,0
2015-11-17,1858,1878,1846,1877,768070,1451640,C1605.DCE,0
2015-11-18,1884,1884,1865,1876,550832,1422790,C1605.DCE,0
2015-11-19,1876,1877,1846,1861,862920,1436994,C1605.DCE,0
2015-11-20,1864,1874,1831,1844,1328882,1459184,C1605.DCE,0
2015-11-23,1846,1865,1844,1856,772750,1466244,C1605.DCE,0
2015-11-24,1860,1870,1854,1858,709988,1419186,C1605.DCE,0
2015-11-25,1859,1872,1845,1869,780576,1405074,C1605.DCE,0
2015-11-26,1871,1888,1866,1872,546662,1343372,C1605.DCE,0
2015-11-27,1870,1902,1863,1899,725926,1319560,C1605.DCE,0
2015-11-30,1900,1912,1884,1893,801646,1448470,C1605.DCE,0
2015-12-01,1898,1899,1881,1887,465350,1430156,C1605.DCE,0
2015-12-02,1889,1899,1887,1894,418624,1412270,C1605.DCE,0
2015-12-03,1893,1909,1881,1901,468238,1441070,C1605.DCE,0
2015-12-04,1906,1910,1892,1894,586846,1417580,C1605.DCE,0
2015-12-07,1890,1891,1854,1869,925162,1383074,C1605.DCE,0
2015-12-08,1865,1875,1856,1869,450854,1341350,C1605.DCE,0
2015-12-09,1870,1880,1866,1873,318328,1358794,C1605.DCE,0
2015-12-10,1869,1890,1858,1889,689520,1327802,C1605.DCE,0
2015-12-11,1889,1894,1880,1889,269864,1301506,C1605.DCE,0
2015-12-14,1886,1905,1885,1894,387840,1264200,C1605.DCE,0
2015-12-15,1896,1905,1894,1903,295276,1258722,C1605.DCE,0
2015-12-16,1903,1906,1893,1900,231544,1268158,C1605.DCE,0
2015-12-17,1898,1923,1897,1906,326372,1294700,C1605.DCE,0
2015-12-18,1902,1921,1901,1920,312044,1312050,C1605.DCE,0
2015-12-21,1919,1936,1917,1930,479070,1318926,C1605.DCE,0
2015-12-22,1929,1946,1915,1918,636544,1278430,C1605.DCE,0
2015-12-23,1915,1918,1902,1910,431076,1281822,C1605.DCE,0
2015-12-24,1909,1917,1905,1912,268822,1268932,C1605.DCE,0
2015-12-25,1911,1913,1900,1903,266196,1242140,C1605.DCE,0
2015-12-28,1901,1903,1848,1857,1025784,1258818,C1605.DCE,0
2015-12-29,1866,1884,1862,1875,388818,1215732,C1605.DCE,0
2015-12-30,1878,1909,1877,1890,479460,1199196,C1605.DCE,0
2015-12-31,1889,1899,1884,1896,232172,1176084,C1605.DCE,0
2016-01-04,1895,1902,1881,1893,289822,1180968,C1605.DCE,0
2016-01-05,1891,1914,1889,1912,360552,1154956,C1605.DCE,0
2016-01-06,1912,1929,1909,1927,458790,1171358,C1605.DCE,0
2016-01-07,1928,1929,1908,1913,503474,1174398,C1605.DCE,0
2016-01-08,1914,1920,1906,1911,278044,1133554,C1605.DCE,0
2016-01-11,1900,1911,1893,1907,318936,1091450,C1605.DCE,0
2016-01-12,1905,1915,1900,1913,321724,1089904,C1605.DCE,0
2016-01-13,1911,1914,1902,1908,181734,1083438,C1605.DCE,0
2016-01-14,1908,1913,1898,1904,254414,1075522,C1605.DCE,0
2016-01-15,1904,1912,1899,1910,205602,1086276,C1605.DCE,0
2016-01-18,1910,1922,1904,1918,320392,1013656,C1605.DCE,0
2016-01-19,1916,1918,1901,1905,276730,965722,C1605.DCE,0
2016-01-20,1904,1915,1898,1909,255460,937648,C1605.DCE,0
2016-01-21,1907,1909,1901,1908,139306,925600,C1605.DCE,0
2016-01-22,1908,1920,1907,1914,162684,902360,C1605.DCE,0
2016-01-25,1916,1921,1913,1917,89432,905452,C1605.DCE,0
2016-01-26,1917,1927,1914,1921,210658,893480,C1605.DCE,0
2016-01-27,1924,1947,1921,1944,305628,898500,C1605.DCE,0
2016-01-28,1940,1950,1923,1945,318386,884600,C1605.DCE,0
2016-01-29,1939,1948,1927,1933,293574,877848,C1605.DCE,0
2016-02-01,1935,1943,1932,1936,121076,870770,C1605.DCE,0
2016-02-02,1937,1941,1930,1937,102084,872558,C1605.DCE,0
2016-02-03,1937,1948,1933,1946,139872,865156,C1605.DCE,0
2016-02-04,1949,1971,1944,1968,217014,804290,C1605.DCE,0
2016-02-05,1966,1966,1955,1958,102596,787684,C1605.DCE,0
2016-02-15,1962,1972,1948,1971,126430,790894,C1605.DCE,0
2016-02-16,1969,1981,1965,1966,211096,809012,C1605.DCE,0
2016-02-17,1965,1966,1939,1943,308132,802058,C1605.DCE,0
2016-02-18,1948,1954,1944,1950,222422,797264,C1605.DCE,0
2016-02-19,1950,1956,1934,1934,230160,797798,C1605.DCE,0
2016-02-22,1660,1664,1641,1643,385484,841574,C1609.DCE,1
2016-02-23,1647,1649,1626,1642,402216,842842,C1609.DCE,0
2016-02-24,1643,1644,1600,1601,502166,893406,C1609.DCE,0
2016-02-25,1601,1615,1597,1603,396832,866352,C1609.DCE,0
2016-02-26,1600,1610,1573,1574,573824,865490,C1609.DCE,0
2016-02-29,1568,1569,1526,1551,984236,859918,C1609.DCE,0
2016-03-01,1560,1603,1553,1603,828722,828996,C1609.DCE,0
2016-03-02,1608,1618,1595,1600,604876,804386,C1609.DCE,0
2016-03-03,1600,1624,1593,1617,517958,799228,C1609.DCE,0
2016-03-04,1623,1631,1615,1628,294436,770034,C1609.DCE,0
2016-03-07,1624,1630,1576,1586,997910,933454,C1609.DCE,0
2016-03-08,1585,1605,1576,1589,732866,929986,C1609.DCE,0
2016-03-09,1581,1598,1578,1589,534544,942316,C1609.DCE,0
2016-03-10,1585,1595,1553,1567,846838,1008396,C1609.DCE,0
2016-03-11,1554,1590,1554,1583,580736,982476,C1609.DCE,0
2016-03-14,1581,1586,1560,1564,390262,982170,C1609.DCE,0
2016-03-15,1564,1573,1556,1565,374652,995656,C1609.DCE,0
2016-03-16,1565,1569,1550,1561,351904,1014618,C1609.DCE,0
2016-03-17,1564,1568,1548,1556,432536,993006,C1609.DCE,0
2016-03-18,1560,1618,1560,1609,1105178,820606,C1609.DCE,0
2016-03-21,1524,1524,1508,1518,275074,814344,C1701.DCE,1
2016-03-22,1525,1527,1516,1520,145638,812676,C1701.DCE,0
2016-03-23,1520,1530,1512,1516,315488,873144,C1701.DCE,0
2016-03-24,1511,1511,1497,1504,286238,856202,C1701.DCE,0
2016-03-25,1504,1506,1484,1485,441234,930358,C1701.DCE,0
2016-03-28,1460,1469,1440,1444,738262,1157728,C1701.DCE,0
2016-03-29,1421,1438,1413,1437,949176,1292180,C1701.DCE,0
2016-03-30,1435,1447,1431,1435,372620,1286758,C1701.DCE,0
2016-03-31,1432,1438,1422,1430,383826,1320686,C1701.DCE,0
2016-04-01,1415,1432,1407,1425,440412,1362858,C1701.DCE,0
2016-04-05,1430,1438,1426,1427,288032,1337000,C1701.DCE,0
2016-04-06,1432,1435,1426,1433,199062,1364070,C1701.DCE,0
2016-04-07,1434,1435,1427,1432,166246,1365056,C1701.DCE,0
2016-04-08,1433,1435,1423,1429,206138,1375296,C1701.DCE,0
2016-04-11,1431,1444,1425,1435,544374,1431718,C1701.DCE,0
2016-04-12,1440,1445,1435,1443,328682,1436732,C1701.DCE,0
2016-04-13,1450,1467,1446,1452,928156,1400246,C1701.DCE,0
2016-04-14,1462,1485,1458,1482,941422,1384942,C1701.DCE,0
2016-04-15,1479,1481,1456,1460,699432,1441694,C1701.DCE,0
2016-04-18,1463,1499,1462,1481,1494158,1497866,C1701.DCE,0
2016-04-19,1488,1497,1481,1490,649890,1497698,C1701.DCE,0
2016-04-20,1500,1542,1500,1530,1946162,1273478,C1701.DCE,0
2016-04-21,1551,1579,1551,1579,1006476,1215500,C1701.DCE,0
2016-04-22,1569,1592,1524,1538,2296482,1121638,C1701.DCE,0
2016-04-25,1525,1541,1507,1527,942950,1089998,C1701.DCE,0
2016-04-26,1542,1556,1529,1543,895712,1097784,C1701.DCE,0
2016-04-27,1555,1557,1518,1524,932178,1128236,C1701.DCE,0
2016-04-28,1522,1531,1502,1519,920010,1078774,C1701.DCE,0
2016-04-29,1527,1537,1512,1514,565292,1102246,C1701.DCE,0
2016-05-03,1525,1546,1514,1544,751144,1130328,C1701.DCE,0
2016-05-04,1526,1534,1518,1531,558790,1105824,C1701.DCE,0
2016-05-05,1536,1537,1524,1525,402858,1105218,C1701.DCE,0
2016-05-06,1510,1522,1490,1515,578416,1058018,C1701.DCE,0
2016-05-09,1525,1529,1507,1514,590800,1045404,C1701.DCE,0
2016-05-10,1503,1519,1501,1512,402552,1030476,C1701.DCE,0
2016-05-11,1541,1563,1535,1559,1221870,1093746,C1701.DCE,0
2016-05-12,1552,1556,1541,1543,639428,1074934,C1701.DCE,0
2016-05-13,1538,1546,1530,1537,621000,1017514,C1701.DCE,0
2016-05-16,1538,1555,1536,1539,696702,1031976,C1701.DCE,0
2016-05-17,1545,1552,1542,1551,398802,1064550,C1701.DCE,0
2016-05-18,1562,1575,1522,1539,1231722,1043678,C1701.DCE,0
2016-05-19,1545,1551,1538,1549,518404,1052080,C1701.DCE,0
2016-05-20,1548,1558,1538,1544,373598,1052930,C1701.DCE,0
2016-05-23,1544,1554,1528,1532,737882,1015708,C1701.DCE,0
2016-05-24,1530,1538,1513,1529,706564,959490,C1701.DCE,0
2016-05-25,1531,1537,1523,1527,290812,944162,C1701.DCE,0
2016-05-26,1534,1549,1532,1548,462274,952162,C1701.DCE,0
2016-05-27,1544,1573,1539,1564,980786,1046988,C1701.DCE,0
2016-05-30,1571,1624,1568,1622,1454216,1168260,C1701.DCE,0
2016-05-31,1620,1640,1604,1615,1193884,1207792,C1701.DCE,0
2016-06-01,1608,1619,1601,1614,687276,1158752,C1701.DCE,0
2016-06-02,1639,1642,1610,1611,725666,1196194,C1701.DCE,0
2016-06-03,1618,1623,1602,1613,781972,1116770,C1701.DCE,0
2016-06-06,1622,1635,1619,1626,522790,1128422,C1701.DCE,0
2016-06-07,1635,1638,1615,1626,496470,1155792,C1701.DCE,0
2016-06-08,1626,1628,1613,1615,410964,1154876,C1701.DCE,0
2016-06-13,1632,1680,1625,1669,1539342,1332674,C1701.DCE,0
2016-06-14,1660,1673,1647,1665,987128,1303282,C1701.DCE,0
2016-06-15,1670,1678,1587,1606,1664292,1292322,C1701.DCE,0
2016-06-16,1598,1606,1573,1576,1115794,1206676,C1701.DCE,0
2016-06-17,1580,1597,1576,1588,750970,1184346,C1701.DCE,0
2016-06-20,1595,1604,1580,1592,772870,1257008,C1701.DCE,0
2016-06-21,1585,1597,1580,1585,536412,1270778,C1701.DCE,0
2016-06-22,1565,1578,1554,1575,632570,1280988,C1701.DCE,0
2016-06-23,1571,1581,1554,1556,674976,1312462,C1701.DCE,0
2016-06-24,1553,1564,1540,1542,666070,1287708,C1701.DCE,0
2016-06-27,1550,1558,1542,1551,935676,1439958,C1701.DCE,0
2016-06-28,1546,1578,1545,1567,1004748,1475506,C1701.DCE,0
2016-06-29,1568,1580,1554,1566,867120,1487344,C1701.DCE,0
2016-06-30,1564,1590,1560,1581,884954,1495398,C1701.DCE,0
2016-07-01,1580,1583,1548,1550,876400,1566368,C1701.DCE,0
2016-07-04,1561,1594,1552,1583,1715752,1698996,C1701.DCE,0
2016-07-05,1578,1578,1522,1537,1750976,1762806,C1701.DCE,0
2016-07-06,1521,1529,1509,1518,1150816,1765240,C1701.DCE,0
2016-07-07,1525,1536,1504,1510,1170304,1796182,C1701.DCE,0
2016-07-08,1505,1529,1505,1523,1159094,1634312,C1701.DCE,0
2016-07-11,1533,1542,1529,1532,647112,1638556,C1701.DCE,0
2016-07-12,1528,1528,1514,1525,640004,1649920,C1701.DCE,0
2016-07-13,1532,1545,1523,1526,929226,1707736,C1701.DCE,0
2016-07-14,1534,1536,1521,1528,609146,1775948,C1701.DCE,0
2016-07-15,1511,1520,1510,1514,603814,1830092,C1701.DCE,0
2016-07-18,1510,1510,1478,1481,1117054,1847758,C1701.DCE,0
2016-07-19,1483,1494,1476,1481,718456,1854220,C1701.DCE,0
2016-07-20,1478,1493,1465,1491,833622,1817488,C1701.DCE,0
2016-07-21,1485,1493,1482,1489,570190,1816656,C1701.DCE,0
2016-07-22,1487,1490,1471,1477,548662,1819914,C1701.DCE,0
2016-07-25,1480,1489,1473,1480,526410,1850742,C1701.DCE,0
2016-07-26,1479,1488,1476,1486,325272,1828512,C1701.DCE,0
2016-07-27,1489,1489,1474,1476,419874,1863980,C1701.DCE,0
2016-07-28,1480,1482,1460,1461,547876,1939144,C1701.DCE,0
2016-07-29,1460,1463,1444,1446,601386,1922256,C1701.DCE,0
2016-08-01,1450,1457,1447,1451,501080,1931974,C1701.DCE,0
2016-08-02,1447,1462,1438,1454,816762,1952962,C1701.DCE,0
2016-08-03,1454,1460,1447,1454,551188,1963252,C1701.DCE,0
2016-08-04,1455,1473,1454,1472,706754,1924216,C1701.DCE,0
2016-08-05,1468,1482,1466,1472,550332,1910524,C1701.DCE,0
2016-08-08,1473,1474,1451,1451,681928,1986398,C1701.DCE,0
2016-08-09,1454,1460,1442,1443,707064,2028362,C1701.DCE,0
2016-08-10,1445,1456,1442,1453,596128,2025908,C1701.DCE,0
2016-08-11,1453,1460,1447,1449,415114,2030196,C1701.DCE,0
2016-08-12,1452,1458,1449,1456,290524,2001282,C1701.DCE,0
2016-08-15,1456,1479,1456,1476,761808,2001696,C1701.DCE,0
2016-08-16,1478,1491,1473,1477,818392,1985074,C1701.DCE,0
2016-08-17,1480,1489,1476,1486,439918,1937854,C1701.DCE,0
2016-08-18,1481,1496,1473,1475,766256,1987872,C1701.DCE,0
2016-08-19,1481,1482,1465,1467,550920,2028444,C1701.DCE,0
2016-08-22,1470,1478,1465,1467,491350,2014922,C1701.DCE,0
2016-08-23,1470,1474,1449,1455,663278,2067838,C1701.DCE,0
2016-08-24,1456,1457,1444,1448,440120,2086380,C1701.DCE,0
2016-08-25,1447,1458,1443,1452,626666,2084890,C1701.DCE,0
2016-08-26,1450,1455,1446,1448,369984,2106452,C1701.DCE,0
2016-08-29,1448,1474,1446,1469,866584,2113216,C1701.DCE,0
2016-08-30,1470,1475,1461,1461,641326,2094872,C1701.DCE,0
2016-08-31,1461,1465,1449,1450,817662,2034414,C1701.DCE,0
2016-09-01,1450,1457,1447,1455,462844,2059006,C1701.DCE,0
2016-09-02,1459,1463,1451,1455,634712,2106288,C1701.DCE,0
2016-09-05,1457,1462,1423,1425,1308042,2236492,C1701.DCE,0
2016-09-06,1425,1431,1414,1428,796454,2272972,C1701.DCE,0
2016-09-07,1428,1439,1426,1433,572466,2248962,C1701.DCE,0
2016-09-08,1435,1440,1429,1437,565470,2244278,C1701.DCE,0
2016-09-09,1439,1442,1433,1436,364934,2217082,C1701.DCE,0
2016-09-12,1438,1440,1423,1430,492350,2192328,C1701.DCE,0
2016-09-13,1431,1459,1430,1452,1012552,2070980,C1701.DCE,0
2016-09-14,1448,1452,1440,1446,448700,2031728,C1701.DCE,0
2016-09-19,1450,1471,1445,1466,1064256,2118060,C1701.DCE,0
2016-09-20,1464,1470,1458,1467,585162,2094410,C1701.DCE,0
2016-09-21,1469,1473,1433,1435,1158232,2093078,C1701.DCE,0
2016-09-22,1435,1445,1425,1433,852430,2097196,C1701.DCE,0
2016-09-23,1431,1437,1417,1419,772508,2170126,C1701.DCE,0
2016-09-26,1415,1431,1409,1416,950466,2202430,C1701.DCE,0
2016-09-27,1412,1422,1402,1404,905908,2192928,C1701.DCE,0
2016-09-28,1407,1410,1389,1394,928952,2113326,C1701.DCE,0
2016-09-29,1397,1402,1383,1390,689130,2074868,C1701.DCE,0
2016-09-30,1389,1399,1382,1394,600368,1965638,C1701.DCE,0
2016-10-10,1400,1434,1399,1432,1006146,1838140,C1701.DCE,0
2016-10-11,1435,1437,1424,1427,477950,1831112,C1701.DCE,0
2016-10-12,1428,1438,1419,1430,512662,1845786,C1701.DCE,0
2016-10-13,1428,1436,1425,1435,524876,1802232,C1701.DCE,0
2016-10-14,1441,1449,1436,1444,826556,1826492,C1701.DCE,0
2016-10-17,1450,1460,1437,1444,884592,1794600,C1701.DCE,0
2016-10-18,1444,1458,1432,1457,770424,1811834,C1701.DCE,0
2016-10-19,1460,1468,1451,1461,775952,1801300,C1701.DCE,0
2016-10-20,1468,1496,1464,1482,1397192,1792230,C1701.DCE,0
2016-10-21,1473,1482,1465,1479,685686,1750412,C1701.DCE,0
2016-10-24,1480,1497,1478,1489,720210,1752994,C1701.DCE,0
2016-10-25,1492,1495,1463,1467,812388,1692410,C1701.DCE,0
2016-10-26,1464,1505,1463,1504,930938,1754900,C1701.DCE,0
2016-10-27,1509,1535,1505,1531,1444008,1750574,C1701.DCE,0
2016-10-28,1538,1538,1512,1521,1025976,1692750,C1701.DCE,0
2016-10-31,1519,1528,1510,1517,637240,1698200,C1701.DCE,0
2016-11-01,1515,1523,1504,1510,691494,1642298,C1701.DCE,0
2016-11-02,1502,1516,1489,1508,934720,1618860,C1701.DCE,0
2016-11-03,1505,1527,1504,1521,650552,1582866,C1701.DCE,0
2016-11-04,1523,1541,1506,1511,855896,1482864,C1701.DCE,0
2016-11-07,1517,1541,1515,1533,648126,1474850,C1701.DCE,0
2016-11-08,1532,1592,1526,1568,1572660,1384682,C1701.DCE,0
2016-11-09,1572,1586,1562,1578,825346,1307524,C1701.DCE,0
2016-11-10,1570,1633,1568,1623,1279318,1177430,C1701.DCE,0
2016-11-11,1630,1648,1617,1642,953942,1073222,C1701.DCE,0
2016-11-14,1540,1596,1523,1567,1120810,1153722,C1705.DCE,1
2016-11-15,1568,1587,1550,1554,717274,1148938,C1705.DCE,0
2016-11-16,1558,1573,1543,1559,619224,1205304,C1705.DCE,0
2016-11-17,1552,1558,1545,1553,349304,1245846,C1705.DCE,0
2016-11-18,1555,1562,1533,1538,509462,1293920,C1705.DCE,0
2016-11-21,1543,1549,1534,1547,517622,1371926,C1705.DCE,0
2016-11-22,1555,1582,1555,1566,827848,1469948,C1705.DCE,0
2016-11-23,1573,1575,1558,1560,682976,1538748,C1705.DCE,0
2016-11-24,1565,1569,1540,1543,959952,1637646,C1705.DCE,0
2016-11-25,1543,1545,1509,1520,996122,1664606,C1705.DCE,0
2016-11-28,1520,1539,1520,1531,883370,1747932,C1705.DCE,0
2016-11-29,1527,1561,1527,1549,1477534,1777136,C1705.DCE,0
2016-11-30,1540,1568,1531,1544,1529184,1774168,C1705.DCE,0
2016-12-01,1544,1570,1544,1562,1142490,1798940,C1705.DCE,0
2016-12-02,1557,1572,1551,1565,1111344,1772572,C1705.DCE,0
2016-12-05,1568,1583,1566,1578,1127048,1783706,C1705.DCE,0
2016-12-06,1585,1589,1560,1560,1029656,1814124,C1705.DCE,0
2016-12-07,1563,1574,1556,1565,851064,1853080,C1705.DCE,0
2016-12-08,1562,1563,1535,1538,1072578,1838038,C1705.DCE,0
2016-12-09,1535,1549,1528,1543,732248,1848184,C1705.DCE,0
2016-12-12,1541,1543,1512,1526,1279768,2013630,C1705.DCE,0
2016-12-13,1526,1536,1526,1533,613252,2021716,C1705.DCE,0
2016-12-14,1528,1538,1526,1526,599688,1995812,C1705.DCE,0
2016-12-15,1527,1553,1518,1543,1054340,2016212,C1705.DCE,0
2016-12-16,1544,1567,1539,1554,1141156,2099298,C1705.DCE,0
2016-12-19,1555,1563,1518,1520,1747146,2133386,C1705.DCE,0
2016-12-20,1515,1525,1499,1506,1571720,2042142,C1705.DCE,0
2016-12-21,1502,1514,1496,1502,1047112,2043992,C1705.DCE,0
2016-12-22,1505,1509,1486,1486,864130,2006138,C1705.DCE,0
2016-12-23,1492,1513,1482,1509,1173842,1883308,C1705.DCE,0
2016-12-26,1509,1532,1504,1525,1481796,1845222,C1705.DCE,0
2016-12-27,1525,1533,1518,1523,875272,1842508,C1705.DCE,0
2016-12-28,1533,1543,1515,1527,1041702,1919652,C1705.DCE,0
2016-12-29,1523,1545,1510,1515,1589720,1988884,C1705.DCE,0
2016-12-30,1516,1527,1506,1519,894054,2004282,C1705.DCE,0
2017-01-03,1518,1530,1514,1519,926968,2084556,C1705.DCE,0
2017-01-04,1522,1545,1518,1534,1608180,2223460,C1705.DCE,0
2017-01-05,1539,1543,1526,1527,843106,2229226,C1705.DCE,0
2017-01-06,1529,1537,1506,1515,1406662,2266618,C1705.DCE,0
2017-01-09,1513,1517,1501,1508,902174,2333308,C1705.DCE,0
2017-01-10,1510,1516,1498,1503,948046,2414014,C1705.DCE,0
2017-01-11,1506,1514,1503,1507,981004,2501116,C1705.DCE,0
2017-01-12,1508,1515,1499,1508,1133218,2485608,C1705.DCE,0
2017-01-13,1512,1526,1511,1513,1166318,2471028,C1705.DCE,0
2017-01-16,1518,1532,1517,1529,1139582,2523402,C1705.DCE,0
2017-01-17,1530,1539,1521,1524,974562,2477628,C1705.DCE,0
2017-01-18,1528,1565,1526,1562,2104924,2738830,C1705.DCE,0
2017-01-19,1562,1574,1554,1558,2059418,2786890,C1705.DCE,0
2017-01-20,1558,1569,1549,1564,1326494,2711350,C1705.DCE,0
2017-01-23,1567,1578,1560,1573,1089490,2705688,C1705.DCE,0
2017-01-24,1573,1582,1557,1560,1422634,2558454,C1705.DCE,0
2017-01-25,1558,1558,1547,1556,788424,2458008,C1705.DCE,0
2017-01-26,1560,1565,1554,1560,325324,2411414,C1705.DCE,0
2017-02-03,1558,1575,1558,1573,756736,2462782,C1705.DCE,0
2017-02-06,1578,1632,1577,1600,3723882,3229440,C1705.DCE,0
2017-02-07,1600,1606,1588,1589,2002418,3391294,C1705.DCE,0
2017-02-08,1594,1609,1591,1602,1977856,3520522,C1705.DCE,0
2017-02-09,1607,1620,1595,1602,2479128,3459868,C1705.DCE,0
2017-02-10,1600,1612,1589,1605,1635212,3420196,C1705.DCE,0
2017-02-13,1613,1621,1600,1604,1847450,3432252,C1705.DCE,0
2017-02-14,1605,1608,1572,1574,2302814,3300192,C1705.DCE,0
2017-02-15,1570,1581,1562,1562,1352322,3230292,C1705.DCE,0
2017-02-16,1573,1584,1565,1572,1819206,3136530,C1705.DCE,0
2017-02-17,1569,1575,1553,1566,1429908,2996954,C1705.DCE,0
2017-02-20,1566,1586,1563,1583,1225614,3043192,C1705.DCE,0
2017-02-21,1585,1604,1583,1586,1990974,2763674,C1705.DCE,0
2017-02-22,1584,1599,1581,1598,1167748,2705756,C1705.DCE,0
2017-02-23,1598,1604,1575,1584,1429178,2636254,C1705.DCE,0
2017-02-24,1575,1592,1569,1591,1378056,2571902,C1705.DCE,0
2017-02-27,1596,1607,1595,1604,1515486,2567966,C1705.DCE,0
2017-02-28,1605,1614,1597,1603,1323872,2487278,C1705.DCE,0
2017-03-01,1608,1613,1593,1603,1304060,2507070,C1705.DCE,0
2017-03-02,1610,1619,1607,1608,1118680,2489524,C1705.DCE,0
2017-03-03,1605,1626,1599,1626,1104322,2451190,C1705.DCE,0
2017-03-06,1630,1654,1630,1648,2156384,2348336,C1705.DCE,0
2017-03-07,1648,1654,1637,1644,1272466,2181080,C1705.DCE,0
2017-03-08,1638,1642,1621,1626,1523890,2016574,C1705.DCE,0
2017-03-09,1692,1698,1679,1688,1162912,2092678,C1709.DCE,1
2017-03-10,1684,1687,1663,1665,986658,2089206,C1709.DCE,0
2017-03-13,1658,1675,1653,1673,749548,2146956,C1709.DCE,0
2017-03-14,1669,1683,1646,1648,1696376,2273838,C1709.DCE,0
2017-03-15,1655,1665,1650,1661,1072526,2345822,C1709.DCE,0
2017-03-16,1664,1671,1645,1657,1335958,2434672,C1709.DCE,0
2017-03-17,1656,1662,1650,1659,948036,2448036,C1709.DCE,0
2017-03-20,1664,1686,1664,1683,1441254,2570850,C1709.DCE,0
2017-03-21,1679,1690,1676,1686,1260966,2635262,C1709.DCE,0
2017-03-22,1686,1711,1681,1710,2091152,2505676,C1709.DCE,0
2017-03-23,1710,1715,1687,1693,1566338,2471824,C1709.DCE,0
2017-03-24,1693,1712,1686,1705,1707110,2528610,C1709.DCE,0
2017-03-27,1710,1722,1690,1704,1771398,2414212,C1709.DCE,0
2017-03-28,1706,1721,1697,1716,1490256,2498614,C1709.DCE,0
2017-03-29,1712,1714,1662,1673,2663530,2439700,C1709.DCE,0
2017-03-30,1673,1677,1665,1670,997778,2317176,C1709.DCE,0
2017-03-31,1671,1679,1662,1672,1012176,2272606,C1709.DCE,0
2017-04-05,1675,1685,1666,1682,1128202,2268970,C1709.DCE,0
2017-04-06,1682,1693,1653,1691,2196456,2202516,C1709.DCE,0
2017-04-07,1685,1693,1665,1669,1815498,2010088,C1709.DCE,0
2017-04-10,1672,1684,1660,1675,1174012,1972180,C1709.DCE,0
2017-04-11,1681,1686,1631,1633,2663586,2070226,C1709.DCE,0
2017-04-12,1631,1640,1623,1626,1132200,1980722,C1709.DCE,0
2017-04-13,1630,1639,1621,1636,1078650,2017788,C1709.DCE,0
2017-04-14,1638,1645,1634,1639,935078,1967864,C1709.DCE,0
2017-04-17,1641,1647,1632,1639,904770,1940446,C1709.DCE,0
2017-04-18,1637,1639,1623,1628,1004102,1919332,C1709.DCE,0
2017-04-19,1623,1624,1606,1616,1309118,1839010,C1709.DCE,0
2017-04-20,1616,1629,1614,1626,725662,1799344,C1709.DCE,0
2017-04-21,1622,1650,1620,1649,1105960,1704166,C1709.DCE,0
2017-04-24,1649,1652,1636,1642,814786,1704772,C1709.DCE,0
2017-04-25,1640,1645,1626,1630,836714,1697344,C1709.DCE,0
2017-04-26,1636,1644,1634,1635,614346,1687442,C1709.DCE,0
2017-04-27,1634,1635,1616,1623,1027034,1723104,C1709.DCE,0
2017-04-28,1626,1628,1620,1622,441180,1690124,C1709.DCE,0
2017-05-02,1631,1652,1623,1649,1266968,1697368,C1709.DCE,0
2017-05-03,1645,1646,1635,1637,574338,1644098,C1709.DCE,0
2017-05-04,1632,1651,1623,1640,1173958,1652490,C1709.DCE,0
2017-05-05,1636,1648,1632,1640,1008028,1659744,C1709.DCE,0
2017-05-08,1646,1655,1635,1642,1359524,1736212,C1709.DCE,0
2017-05-09,1640,1642,1621,1628,1119082,1746014,C1709.DCE,0
2017-05-10,1631,1635,1618,1626,791252,1660156,C1709.DCE,0
2017-05-11,1630,1645,1622,1645,853672,1599208,C1709.DCE,0
2017-05-12,1643,1645,1636,1644,629266,1618422,C1709.DCE,0
2017-05-15,1645,1660,1628,1629,1365566,1659328,C1709.DCE,0
2017-05-16,1626,1635,1624,1629,678022,1675270,C1709.DCE,0
2017-05-17,1632,1643,1629,1643,754538,1629886,C1709.DCE,0
2017-05-18,1639,1643,1632,1639,587848,1582938,C1709.DCE,0
2017-05-19,1639,1648,1638,1643,573042,1575700,C1709.DCE,0
2017-05-22,1643,1645,1610,1618,1343276,1670184,C1709.DCE,0
2017-05-23,1620,1626,1613,1615,601388,1661090,C1709.DCE,0
2017-05-24,1612,1629,1605,1622,898080,1640730,C1709.DCE,0
2017-05-25,1624,1625,1614,1619,496064,1638034,C1709.DCE,0
2017-05-26,1617,1623,1612,1619,479736,1595994,C1709.DCE,0
2017-05-31,1620,1624,1604,1608,921344,1598746,C1709.DCE,0
2017-06-01,1612,1632,1607,1627,1208998,1590890,C1709.DCE,0
2017-06-02,1625,1639,1621,1636,779286,1569628,C1709.DCE,0
2017-06-05,1634,1641,1632,1639,515582,1560916,C1709.DCE,0
2017-06-06,1639,1642,1629,1638,456774,1518970,C1709.DCE,0
2017-06-07,1642,1644,1634,1637,462082,1510686,C1709.DCE,0
2017-06-08,1641,1645,1632,1637,698422,1494558,C1709.DCE,0
2017-06-09,1637,1674,1635,1672,1575888,1656652,C1709.DCE,0
2017-06-12,1673,1688,1662,1687,1021032,1701650,C1709.DCE,0
2017-06-13,1680,1684,1666,1668,841228,1627666,C1709.DCE,0
2017-06-14,1670,1684,1669,1683,576780,1653026,C1709.DCE,0
2017-06-15,1675,1686,1671,1678,577952,1648312,C1709.DCE,0
2017-06-16,1680,1691,1671,1674,684676,1629904,C1709.DCE,0
2017-06-19,1672,1682,1659,1660,872750,1607842,C1709.DCE,0
2017-06-20,1659,1666,1656,1665,511876,1596700,C1709.DCE,0
2017-06-21,1659,1672,1659,1668,394220,1599592,C1709.DCE,0
2017-06-22,1666,1670,1661,1663,321164,1559166,C1709.DCE,0
2017-06-23,1661,1679,1654,1676,716334,1542490,C1709.DCE,0
2017-06-26,1675,1704,1675,1692,1060536,1549864,C1709.DCE,0
2017-06-27,1690,1700,1688,1699,538200,1502946,C1709.DCE,0
2017-06-28,1695,1713,1686,1688,914050,1432370,C1709.DCE,0
2017-06-29,1691,1695,1684,1686,502556,1397190,C1709.DCE,0
2017-06-30,1688,1696,1683,1687,571918,1332110,C1709.DCE,0
2017-07-03,1704,1708,1680,1686,693826,1366832,C1709.DCE,0
2017-07-04,1685,1690,1675,1679,561522,1362760,C1709.DCE,0
2017-07-05,1681,1688,1679,1683,397456,1375022,C1709.DCE,0
2017-07-06,1684,1688,1669,1673,580602,1363156,C1709.DCE,0
2017-07-07,1676,1678,1663,1676,715004,1419054,C1709.DCE,0
2017-07-10,1684,1693,1671,1672,708088,1410700,C1709.DCE,0
2017-07-11,1677,1680,1670,1674,478350,1438330,C1709.DCE,0
2017-07-12,1676,1689,1676,1681,513740,1445122,C1709.DCE,0
2017-07-13,1678,1678,1660,1664,655580,1434702,C1709.DCE,0
2017-07-14,1656,1669,1656,1666,449400,1363856,C1709.DCE,0
2017-07-17,1667,1691,1655,1689,909056,1294576,C1709.DCE,0
2017-07-18,1693,1695,1680,1687,647626,1280832,C1709.DCE,0
2017-07-19,1686,1690,1676,1677,481642,1275326,C1709.DCE,0
2017-07-20,1680,1692,1677,1685,518308,1319218,C1709.DCE,0
2017-07-21,1686,1692,1671,1675,704108,1254800,C1709.DCE,0
2017-07-24,1666,1672,1663,1667,367518,1177532,C1709.DCE,0
2017-07-25,1672,1673,1660,1668,414842,1133262,C1709.DCE,0
2017-07-26,1664,1669,1653,1655,450298,1057836,C1709.DCE,0
2017-07-27,1658,1662,1650,1653,377110,1040624,C1709.DCE,0
2017-07-28,1655,1669,1650,1661,462742,990910,C1709.DCE,0
2017-07-31,1659,1661,1644,1645,430092,951196,C1709.DCE,0
2017-08-01,1648,1656,1645,1648,296254,922116,C1709.DCE,0
2017-08-02,1673,1677,1663,1674,405962,960942,C1801.DCE,1
2017-08-03,1673,1679,1671,1673,273680,976220,C1801.DCE,0
2017-08-04,1674,1679,1671,1676,247098,1008176,C1801.DCE,0
2017-08-07,1680,1683,1651,1674,414220,999976,C1801.DCE,0
2017-08-08,1677,1683,1676,1680,290886,1027036,C1801.DCE,0
2017-08-09,1682,1720,1681,1714,982358,1115368,C1801.DCE,0
2017-08-10,1714,1724,1711,1718,632410,1194580,C1801.DCE,0
2017-08-11,1702,1729,1700,1727,762502,1219194,C1801.DCE,0
2017-08-14,1727,1737,1719,1721,579330,1236070,C1801.DCE,0
2017-08-15,1723,1740,1719,1720,850470,1263282,C1801.DCE,0
2017-08-16,1719,1727,1716,1724,385214,1275882,C1801.DCE,0
2017-08-17,1726,1742,1725,1737,852628,1380686,C1801.DCE,0
2017-08-18,1732,1740,1727,1728,395372,1380626,C1801.DCE,0
2017-08-21,1729,1738,1720,1725,579112,1352640,C1801.DCE,0
2017-08-22,1725,1741,1717,1737,571640,1407068,C1801.DCE,0
2017-08-23,1736,1744,1726,1727,639080,1382984,C1801.DCE,0
2017-08-24,1723,1728,1720,1725,374710,1362460,C1801.DCE,0
2017-08-25,1726,1730,1714,1719,469018,1340010,C1801.DCE,0
2017-08-28,1719,1723,1714,1718,336220,1357624,C1801.DCE,0
2017-08-29,1717,1723,1697,1702,780036,1312862,C1801.DCE,0
2017-08-30,1700,1702,1691,1693,430926,1319336,C1801.DCE,0
2017-08-31,1693,1697,1685,1687,447622,1262188,C1801.DCE,0
2017-09-01,1695,1697,1688,1690,482466,1270436,C1801.DCE,0
2017-09-04,1692,1717,1690,1713,787952,1193792,C1801.DCE,0
2017-09-05,1714,1715,1707,1714,316908,1223656,C1801.DCE,0
2017-09-06,1713,1725,1711,1715,455942,1248900,C1801.DCE,0
2017-09-07,1716,1727,1716,1719,334710,1226582,C1801.DCE,0
2017-09-08,1719,1723,1685,1687,899744,1188528,C1801.DCE,0
2017-09-11,1686,1693,1681,1688,437106,1168230,C1801.DCE,0
2017-09-12,1690,1692,1683,1691,359724,1172518,C1801.DCE,0
2017-09-13,1693,1695,1677,1692,559214,1125192,C1801.DCE,0
2017-09-14,1695,1720,1693,1702,1062516,1145646,C1801.DCE,0
2017-09-15,1703,1706,1691,1691,472030,1084918,C1801.DCE,0
2017-09-18,1691,1697,1687,1692,314486,1070042,C1801.DCE,0
2017-09-19,1690,1702,1689,1696,345334,1062070,C1801.DCE,0
2017-09-20,1697,1708,1693,1696,493578,1037912,C1801.DCE,0
2017-09-21,1696,1711,1695,1709,543116,1056178,C1801.DCE,0
2017-09-22,1710,1727,1704,1716,1002200,1065492,C1801.DCE,0
2017-09-25,1716,1718,1707,1713,411604,1064942,C1801.DCE,0
2017-09-26,1714,1733,1713,1723,768198,1138062,C1801.DCE,0
2017-09-27,1724,1725,1711,1714,543920,1095336,C1801.DCE,0
2017-09-28,1715,1715,1692,1694,764198,939168,C1801.DCE,0
2017-09-29,1696,1698,1687,1693,353320,873756,C1801.DCE,0
2017-10-09,1680,1683,1665,1666,796326,924436,C1801.DCE,0
2017-10-10,1667,1676,1666,1671,406202,980388,C1801.DCE,0
2017-10-11,1675,1680,1669,1671,364256,962366,C1801.DCE,0
2017-10-12,1674,1677,1671,1674,333840,946420,C1801.DCE,0
2017-10-13,1678,1686,1676,1677,338730,913630,C1801.DCE,0
2017-10-16,1681,1685,1671,1678,416598,931698,C1801.DCE,0
2017-10-17,1677,1681,1674,1678,280546,927988,C1801.DCE,0
2017-10-18,1677,1685,1673,1675,247208,966622,C1801.DCE,0
2017-10-19,1674,1675,1660,1672,471274,959152,C1801.DCE,0
2017-10-20,1669,1673,1666,1668,256168,1004052,C1801.DCE,0
2017-10-23,1665,1668,1660,1663,383070,1032742,C1801.DCE,0
2017-10-24,1668,1673,1661,1666,535898,1036118,C1801.DCE,0
2017-10-25,1668,1680,1667,1675,442314,954184,C1801.DCE,0
2017-10-26,1675,1678,1670,1674,255492,960400,C1801.DCE,0
2017-10-27,1671,1675,1664,1665,375480,941058,C1801.DCE,0
2017-10-30,1662,1662,1647,1656,465842,987036,C1801.DCE,0
2017-10-31,1657,1660,1652,1657,233206,1005370,C1801.DCE,0
2017-11-01,1656,1670,1648,1661,565162,961570,C1801.DCE,0
2017-11-02,1663,1668,1663,1667,240580,955070,C1801.DCE,0
2017-11-03,1670,1675,1666,1673,301202,952210,C1801.DCE,0
2017-11-06,1670,1684,1670,1675,400312,928154,C1801.DCE,0
2017-11-07,1672,1684,1672,1682,471644,864806,C1801.DCE,0
2017-11-08,1685,1689,1675,1686,612106,850426,C1801.DCE,0
2017-11-09,1685,1687,1676,1685,392088,850956,C1801.DCE,0
2017-11-10,1680,1689,1675,1685,634178,840916,C1801.DCE,0
2017-11-13,1685,1693,1682,1687,301960,851282,C1801.DCE,0
2017-11-14,1685,1704,1683,1693,794978,843330,C1801.DCE,0
2017-11-15,1689,1699,1686,1694,423266,826368,C1801.DCE,0
2017-11-16,1697,1697,1687,1690,268986,853496,C1801.DCE,0
2017-11-17,1690,1692,1675,1677,421068,784632,C1801.DCE,0
2017-11-20,1682,1694,1679,1690,380700,750174,C1801.DCE,0
2017-11-21,1690,1696,1687,1693,289740,762394,C1801.DCE,0
2017-11-22,1693,1700,1692,1698,243858,759818,C1801.DCE,0
2017-11-23,1700,1710,1700,1705,299866,737584,C1801.DCE,0
2017-11-24,1706,1711,1695,1699,363848,681942,C1801.DCE,0
2017-11-27,1702,1709,1696,1702,274692,677364,C1801.DCE,0
2017-11-28,1703,1710,1700,1707,195996,656748,C1801.DCE,0
2017-11-29,1710,1723,1709,1718,342082,653920,C1801.DCE,0
2017-11-30,1720,1724,1711,1715,258188,603778,C1801.DCE,0
2017-12-01,1716,1717,1702,1708,428168,549998,C1801.DCE,0
2017-12-04,1711,1725,1711,1719,352402,545824,C1801.DCE,0
2017-12-05,1771,1782,1769,1777,294000,630260,C1805.DCE,1
2017-12-06,1780,1792,1777,1787,399282,710156,C1805.DCE,0
2017-12-07,1786,1790,1767,1769,588272,704332,C1805.DCE,0
2017-12-08,1771,1775,1768,1774,204498,741042,C1805.DCE,0
2017-12-11,1779,1781,1765,1769,366304,755780,C1805.DCE,0
2017-12-12,1770,1774,1765,1769,230170,758932,C1805.DCE,0
2017-12-13,1769,1779,1768,1778,246226,815740,C1805.DCE,0
2017-12-14,1780,1788,1778,1785,319306,857258,C1805.DCE,0
2017-12-15,1785,1794,1783,1792,322410,909108,C1805.DCE,0
2017-12-18,1798,1826,1797,1823,735602,1023858,C1805.DCE,0
2017-12-19,1825,1832,1813,1816,487066,961578,C1805.DCE,0
2017-12-20,1817,1827,1817,1819,372144,968396,C1805.DCE,0
2017-12-21,1820,1836,1820,1836,503382,1033638,C1805.DCE,0
2017-12-22,1835,1837,1818,1823,494096,1045440,C1805.DCE,0
2017-12-25,1823,1823,1801,1807,720438,1039378,C1805.DCE,0
2017-12-26,1805,1815,1802,1810,398228,1004050,C1805.DCE,0
2017-12-27,1816,1823,1813,1816,387366,1048018,C1805.DCE,0
2017-12-28,1837,1837,1808,1814,303240,1008370,C1805.DCE,0
2017-12-29,1813,1817,1810,1816,172514,982626,C1805.DCE,0
2018-01-02,1818,1834,1815,1829,372670,999692,C1805.DCE,0
2018-01-03,1837,1856,1837,1853,540304,1060642,C1805.DCE,0
2018-01-04,1852,1853,1838,1848,348308,1053578,C1805.DCE,0
2018-01-05,1850,1861,1848,1853,380146,1087562,C1805.DCE,0
2018-01-08,1855,1855,1824,1825,625132,1116082,C1805.DCE,0
2018-01-09,1824,1828,1816,1826,517492,1022364,C1805.DCE,0
2018-01-10,1824,1832,1823,1829,285598,1058884,C1805.DCE,0
2018-01-11,1828,1834,1816,1821,341892,1042052,C1805.DCE,0
2018-01-12,1823,1827,1814,1827,304176,1044666,C1805.DCE,0
2018-01-15,1830,1844,1823,1825,563630,1102196,C1805.DCE,0
2018-01-16,1825,1827,1820,1822,315094,1052988,C1805.DCE,0
2018-01-17,1822,1823,1815,1816,304666,1069274,C1805.DCE,0
2018-01-18,1818,1819,1803,1809,440266,1028266,C1805.DCE,0
2018-01-19,1812,1812,1799,1801,380970,1006560,C1805.DCE,0
2018-01-22,1802,1806,1795,1797,365088,979070,C1805.DCE,0
2018-01-23,1797,1802,1783,1783,458632,982014,C1805.DCE,0
2018-01-24,1785,1793,1785,1788,296994,931226,C1805.DCE,0
2018-01-25,1792,1797,1786,1787,282718,928188,C1805.DCE,0
2018-01-26,1786,1797,1785,1796,255016,884660,C1805.DCE,0
2018-01-29,1797,1799,1792,1795,230608,876402,C1805.DCE,0
2018-01-30,1793,1799,1790,1792,191622,859114,C1805.DCE,0
2018-01-31,1791,1797,1785,1788,295636,846334,C1805.DCE,0
2018-02-01,1790,1807,1787,1805,492456,856802,C1805.DCE,0
2018-02-02,1806,1809,1800,1804,270476,817970,C1805.DCE,0
2018-02-05,1810,1824,1809,1816,434632,882426,C1805.DCE,0
2018-02-06,1816,1819,1808,1815,300948,814194,C1805.DCE,0
2018-02-07,1820,1828,1816,1825,355150,816130,C1805.DCE,0
2018-02-08,1825,1830,1820,1826,247250,778036,C1805.DCE,0
2018-02-09,1828,1832,1817,1824,367656,808390,C1805.DCE,0
2018-02-12,1823,1826,1814,1818,299522,767514,C1805.DCE,0
2018-02-13,1820,1820,1797,1800,408506,712290,C1805.DCE,0
2018-02-14,1798,1813,1796,1812,200064,717432,C1805.DCE,0
2018-02-22,1815,1822,1809,1819,246162,734594,C1805.DCE,0
2018-02-23,1817,1822,1808,1813,293750,761608,C1805.DCE,0
2018-02-26,1819,1837,1815,1829,574940,862952,C1805.DCE,0
2018-02-27,1830,1831,1824,1828,249386,835338,C1805.DCE,0
2018-02-28,1823,1833,1823,1830,274142,867672,C1805.DCE,0
2018-03-01,1836,1839,1827,1828,394478,842944,C1805.DCE,0
2018-03-02,1831,1854,1827,1840,598408,899984,C1805.DCE,0
2018-03-05,1845,1873,1841,1869,677752,894298,C1805.DCE,0
2018-03-06,1870,1884,1870,1877,414430,923466,C1805.DCE,0
2018-03-07,1879,1879,1852,1857,454610,875688,C1805.DCE,0
2018-03-08,1853,1854,1832,1844,535206,825512,C1805.DCE,0
2018-03-09,1848,1851,1831,1832,314642,802082,C1805.DCE,0
2018-03-12,1830,1832,1818,1820,314906,745186,C1805.DCE,0
2018-03-13,1821,1825,1813,1823,228602,722140,C1805.DCE,0
2018-03-14,1821,1825,1818,1818,179408,681948,C1805.DCE,0
2018-03-15,1764,1769,1762,1764,151990,743084,C1809.DCE,1
2018-03-16,1766,1773,1765,1770,104698,760240,C1809.DCE,0
2018-03-19,1771,1774,1762,1765,126192,763764,C1809.DCE,0
2018-03-20,1766,1768,1755,1760,201078,777814,C1809.DCE,0
2018-03-21,1760,1762,1755,1755,101276,797018,C1809.DCE,0
2018-03-22,1755,1756,1743,1745,258930,832814,C1809.DCE,0
2018-03-23,1744,1755,1739,1751,299226,853168,C1809.DCE,0
2018-03-26,1756,1763,1744,1759,356924,904004,C1809.DCE,0
2018-03-27,1759,1759,1741,1745,233170,915660,C1809.DCE,0
2018-03-28,1745,1751,1740,1746,229114,892542,C1809.DCE,0
2018-03-29,1745,1749,1741,1743,161278,900530,C1809.DCE,0
2018-03-30,1748,1750,1741,1744,245582,931384,C1809.DCE,0
2018-04-02,1746,1756,1735,1750,448150,967770,C1809.DCE,0
2018-04-03,1749,1755,1744,1745,242072,966050,C1809.DCE,0
2018-04-04,1746,1760,1746,1760,357980,1022054,C1809.DCE,0
2018-04-09,1764,1779,1755,1758,585470,1018564,C1809.DCE,0
2018-04-10,1759,1760,1748,1749,345002,970826,C1809.DCE,0
2018-04-11,1750,1755,1747,1751,203904,970540,C1809.DCE,0
2018-04-12,1747,1752,1742,1744,305424,926704,C1809.DCE,0
2018-04-13,1744,1751,1741,1748,219384,938118,C1809.DCE,0
2018-04-16,1746,1747,1741,1741,162960,932152,C1809.DCE,0
2018-04-17,1741,1743,1735,1740,266290,912510,C1809.DCE,0
2018-04-18,1740,1745,1737,1738,180122,923042,C1809.DCE,0
2018-04-19,1738,1741,1733,1737,218818,921834,C1809.DCE,0
2018-04-20,1739,1751,1738,1742,323448,910846,C1809.DCE,0
2018-04-23,1744,1751,1740,1741,258060,901960,C1809.DCE,0
2018-04-24,1742,1746,1738,1738,170360,890336,C1809.DCE,0
2018-04-25,1738,1743,1734,1737,193032,889444,C1809.DCE,0
2018-04-26,1737,1738,1724,1727,311920,899162,C1809.DCE,0
2018-04-27,1728,1734,1724,1731,228734,865760,C1809.DCE,0
2018-05-02,1732,1741,1728,1736,246604,862966,C1809.DCE,0
2018-05-03,1737,1740,1732,1739,185386,865428,C1809.DCE,0
2018-05-04,1739,1747,1735,1744,243894,851456,C1809.DCE,0
2018-05-07,1744,1746,1736,1742,217812,825518,C1809.DCE,0
2018-05-08,1742,1746,1738,1744,210818,801880,C1809.DCE,0
2018-05-09,1746,1752,1744,1747,189328,813494,C1809.DCE,0
2018-05-10,1749,1756,1748,1752,187832,802514,C1809.DCE,0
2018-05-11,1752,1755,1748,1754,137598,788706,C1809.DCE,0
2018-05-14,1754,1770,1752,1763,364060,785500,C1809.DCE,0
2018-05-15,1762,1767,1757,1767,222558,788328,C1809.DCE,0
2018-05-16,1766,1771,1765,1770,192216,797624,C1809.DCE,0
2018-05-17,1769,1775,1765,1768,230868,803584,C1809.DCE,0
2018-05-18,1770,1773,1752,1772,373630,776006,C1809.DCE,0
2018-05-21,1774,1782,1763,1780,332946,801836,C1809.DCE,0
2018-05-22,1779,1780,1768,1769,187138,794254,C1809.DCE,0
2018-05-23,1769,1776,1760,1764,297758,770668,C1809.DCE,0
2018-05-24,1766,1794,1766,1785,532980,836984,C1809.DCE,0
2018-05-25,1785,1785,1775,1779,207612,815322,C1809.DCE,0
2018-05-28,1779,1792,1777,1784,257316,828836,C1809.DCE,0
2018-05-29,1784,1792,1779,1788,282724,843154,C1809.DCE,0
2018-05-30,1784,1795,1778,1780,319812,823412,C1809.DCE,0
2018-05-31,1784,1788,1774,1777,274518,819374,C1809.DCE,0
2018-06-01,1778,1783,1765,1768,341808,785506,C1809.DCE,0
2018-06-04,1769,1773,1762,1768,193384,784958,C1809.DCE,0
2018-06-05,1765,1767,1758,1762,307826,729384,C1809.DCE,0
2018-06-06,1764,1766,1760,1763,122826,721002,C1809.DCE,0
2018-06-07,1760,1769,1760,1767,161078,706620,C1809.DCE,0
2018-06-08,1766,1771,1754,1755,302108,644690,C1809.DCE,0
2018-06-11,1755,1759,1752,1753,174422,616958,C1809.DCE,0
2018-06-12,1752,1756,1751,1753,134148,606672,C1809.DCE,0
2018-06-13,1753,1762,1752,1756,177456,608812,C1809.DCE,0
2018-06-14,1756,1764,1753,1763,167502,615310,C1809.DCE,0
2018-06-15,1765,1770,1759,1760,184128,620852,C1809.DCE,0
2018-06-19,1768,1775,1756,1763,329432,565506,C1809.DCE,0
2018-06-20,1763,1772,1761,1770,171910,572616,C1809.DCE,0
2018-06-21,1771,1775,1766,1767,201194,556106,C1809.DCE,0
2018-06-22,1767,1769,1763,1767,113564,540540,C1809.DCE,0
2018-06-25,1767,1779,1764,1776,232666,559704,C1809.DCE,0
2018-06-26,1776,1784,1774,1780,214128,570448,C1809.DCE,0
2018-06-27,1783,1790,1779,1786,216148,561052,C1809.DCE,0
2018-06-28,1785,1789,1773,1781,219914,548772,C1809.DCE,0
2018-06-29,1781,1788,1780,1787,189876,553190,C1809.DCE,0
2018-07-02,1789,1792,1783,1785,158992,558778,C1809.DCE,0
2018-07-03,1784,1788,1780,1786,141890,560758,C1809.DCE,0
2018-07-04,1787,1790,1782,1785,110928,550422,C1809.DCE,0
2018-07-05,1783,1786,1774,1778,208660,538936,C1809.DCE,0
2018-07-06,1779,1783,1774,1779,170710,515366,C1809.DCE,0
2018-07-09,1846,1860,1846,1852,186790,571180,C1901.DCE,1
2018-07-10,1852,1855,1841,1843,140172,591044,C1901.DCE,0
2018-07-11,1844,1850,1843,1845,135200,614822,C1901.DCE,0
2018-07-12,1844,1847,1840,1844,138236,640778,C1901.DCE,0
2018-07-13,1845,1851,1841,1848,187566,657480,C1901.DCE,0
2018-07-16,1847,1879,1847,1863,664818,716138,C1901.DCE,0
2018-07-17,1865,1869,1858,1862,220550,701194,C1901.DCE,0
2018-07-18,1863,1865,1858,1862,120162,699898,C1901.DCE,0
2018-07-19,1864,1867,1859,1861,120386,693598,C1901.DCE,0
2018-07-20,1864,1865,1857,1858,142120,686568,C1901.DCE,0
2018-07-23,1858,1862,1823,1835,403160,673982,C1901.DCE,0
2018-07-24,1835,1843,1835,1840,176732,691210,C1901.DCE,0
2018-07-25,1842,1843,1835,1835,173678,686226,C1901.DCE,0
2018-07-26,1836,1838,1832,1837,135062,680698,C1901.DCE,0
2018-07-27,1836,1837,1830,1830,154054,675120,C1901.DCE,0
2018-07-30,1831,1845,1827,1844,261498,675258,C1901.DCE,0
2018-07-31,1844,1857,1842,1854,302822,653722,C1901.DCE,0
2018-08-01,1855,1856,1850,1855,183134,656344,C1901.DCE,0
2018-08-02,1854,1861,1849,1851,226836,654784,C1901.DCE,0
2018-08-03,1853,1856,1842,1845,208944,645550,C1901.DCE,0
2018-08-06,1848,1874,1846,1872,591340,729656,C1901.DCE,0
2018-08-07,1873,1876,1864,1869,349090,741000,C1901.DCE,0
2018-08-08,1871,1897,1866,1888,692832,852736,C1901.DCE,0
2018-08-09,1889,1898,1871,1874,576604,866918,C1901.DCE,0
2018-08-10,1875,1885,1871,1874,358762,860558,C1901.DCE,0
2018-08-13,1870,1905,1867,1893,667978,933736,C1901.DCE,0
2018-08-14,1896,1901,1886,1892,388650,921824,C1901.DCE,0
2018-08-15,1893,1900,1888,1892,331492,929018,C1901.DCE,0
2018-08-16,1887,1891,1880,1883,429460,858638,C1901.DCE,0
2018-08-17,1882,1882,1863,1865,541186,833222,C1901.DCE,0
2018-08-20,1872,1880,1865,1873,321816,838784,C1901.DCE,0
2018-08-21,1873,1878,1868,1869,260076,834052,C1901.DCE,0
2018-08-22,1868,1885,1868,1884,384478,852206,C1901.DCE,0
2018-08-23,1884,1900,1878,1878,789534,867696,C1901.DCE,0
2018-08-24,1878,1882,1873,1876,268926,852406,C1901.DCE,0
2018-08-27,1880,1892,1875,1882,377234,873542,C1901.DCE,0
2018-08-28,1882,1890,1878,1887,351540,898856,C1901.DCE,0
2018-08-29,1890,1890,1876,1877,262490,922536,C1901.DCE,0
2018-08-30,1878,1886,1877,1884,261880,898268,C1901.DCE,0
2018-08-31,1885,1908,1882,1904,790616,1040232,C1901.DCE,0
2018-09-03,1904,1925,1898,1924,726694,1160068,C1901.DCE,0
2018-09-04,1922,1939,1912,1915,936798,1196336,C1901.DCE,0
2018-09-05,1916,1922,1909,1916,385454,1193810,C1901.DCE,0
2018-09-06,1918,1931,1907,1914,603330,1178258,C1901.DCE,0
2018-09-07,1919,1920,1911,1914,339784,1140664,C1901.DCE,0
2018-09-10,1916,1929,1916,1924,573938,1156274,C1901.DCE,0
2018-09-11,1923,1929,1913,1918,408692,1133742,C1901.DCE,0
2018-09-12,1920,1921,1902,1904,577552,1008680,C1901.DCE,0
2018-09-13,1898,1900,1881,1882,589816,890864,C1901.DCE,0
2018-09-14,1883,1885,1877,1880,296628,857270,C1901.DCE,0
2018-09-17,1883,1886,1879,1884,211494,841482,C1901.DCE,0
2018-09-18,1886,1895,1881,1885,328594,828530,C1901.DCE,0
2018-09-19,1883,1888,1880,1888,185904,834544,C1901.DCE,0
2018-09-20,1888,1894,1886,1893,251364,825490,C1901.DCE,0
2018-09-21,1894,1901,1881,1882,403876,840336,C1901.DCE,0
2018-09-25,1878,1880,1858,1861,536004,780844,C1901.DCE,0
2018-09-26,1864,1869,1857,1858,244692,779744,C1901.DCE,0
2018-09-27,1860,1860,1850,1853,298218,738838,C1901.DCE,0
2018-09-28,1855,1856,1845,1847,233896,724998,C1901.DCE,0
2018-10-08,1847,1866,1845,1864,471992,780960,C1901.DCE,0
2018-10-09,1864,1869,1859,1864,319186,816160,C1901.DCE,0
2018-10-10,1864,1866,1840,1846,553168,843688,C1901.DCE,0
2018-10-11,1843,1867,1841,1867,534470,827952,C1901.DCE,0
2018-10-12,1867,1869,1857,1863,309552,818406,C1901.DCE,0
2018-10-15,1866,1871,1848,1854,390726,832066,C1901.DCE,0
2018-10-16,1855,1859,1850,1855,242994,840668,C1901.DCE,0
2018-10-17,1855,1859,1851,1858,172962,837480,C1901.DCE,0
2018-10-18,1860,1873,1858,1868,419626,813426,C1901.DCE,0
2018-10-19,1868,1884,1865,1876,522032,839266,C1901.DCE,0
2018-10-22,1880,1891,1879,1888,470618,830998,C1901.DCE,0
2018-10-23,1890,1895,1882,1883,312486,832150,C1901.DCE,0
2018-10-24,1882,1887,1876,1886,271314,812676,C1901.DCE,0
2018-10-25,1886,1895,1884,1891,361858,796402,C1901.DCE,0
2018-10-26,1891,1898,1882,1891,381078,786974,C1901.DCE,0
2018-10-29,1894,1897,1885,1897,334854,826702,C1901.DCE,0
2018-10-30,1898,1913,1896,1910,443446,830594,C1901.DCE,0
2018-10-31,1909,1909,1885,1891,444266,764896,C1901.DCE,0
2018-11-01,1892,1896,1887,1890,250252,761208,C1901.DCE,0
2018-11-02,1878,1886,1862,1880,442994,713294,C1901.DCE,0
2018-11-05,1880,1894,1878,1888,249324,730426,C1901.DCE,0
2018-11-06,1890,1893,1881,1889,209662,699680,C1901.DCE,0
2018-11-07,1891,1906,1888,1893,377114,709180,C1901.DCE,0
2018-11-08,1892,1899,1890,1895,202586,692804,C1901.DCE,0
2018-11-09,1898,1916,1895,1916,404448,732520,C1901.DCE,0
2018-11-12,1921,1942,1916,1921,712394,774176,C1901.DCE,0
2018-11-13,1921,1923,1901,1911,396002,759704,C1901.DCE,0
2018-11-14,1992,1997,1980,1987,273624,780164,C1905.DCE,1
2018-11-15,1990,1992,1963,1965,351998,837352,C1905.DCE,0
2018-11-16,1967,1980,1967,1975,199034,853692,C1905.DCE,0
2018-11-19,1974,1987,1968,1982,286946,865364,C1905.DCE,0
2018-11-20,1985,1986,1961,1964,362116,892158,C1905.DCE,0
2018-11-21,1959,1976,1954,1966,480444,897076,C1905.DCE,0
2018-11-22,1964,1970,1943,1949,513834,974618,C1905.DCE,0
2018-11-23,1953,1960,1948,1952,351010,952086,C1905.DCE,0
2018-11-26,1957,1962,1951,1955,365468,958408,C1905.DCE,0
2018-11-27,1956,1965,1952,1965,462576,907368,C1905.DCE,0
2018-11-28,1966,1973,1953,1972,458550,921912,C1905.DCE,0
2018-11-29,1972,1976,1958,1958,430240,945362,C1905.DCE,0
2018-11-30,1958,1961,1947,1953,514048,986794,C1905.DCE,0
2018-12-03,1930,1942,1896,1912,1225472,995848,C1905.DCE,0
2018-12-04,1909,1913,1875,1879,897616,1030106,C1905.DCE,0
2018-12-05,1880,1895,1871,1884,684430,1027094,C1905.DCE,0
2018-12-06,1886,1894,1879,1888,478424,1019416,C1905.DCE,0
2018-12-07,1883,1886,1857,1861,702144,1071994,C1905.DCE,0
2018-12-10,1860,1872,1860,1865,380528,1110220,C1905.DCE,0
2018-12-11,1864,1877,1861,1871,408158,1123540,C1905.DCE,0
2018-12-12,1871,1876,1866,1870,288646,1128344,C1905.DCE,0
2018-12-13,1869,1875,1865,1874,239956,1113046,C1905.DCE,0
2018-12-14,1874,1877,1856,1872,480380,1135266,C1905.DCE,0
2018-12-17,1865,1868,1857,1861,340362,1152418,C1905.DCE,0
2018-12-18,1861,1861,1848,1850,439818,1206394,C1905.DCE,0
2018-12-19,1850,1876,1848,1871,582534,1173130,C1905.DCE,0
2018-12-20,1870,1874,1866,1870,309074,1158210,C1905.DCE,0
2018-12-21,1870,1870,1861,1863,282104,1151832,C1905.DCE,0
2018-12-24,1857,1859,1831,1831,556722,1200796,C1905.DCE,0
2018-12-25,1833,1853,1832,1847,513836,1180746,C1905.DCE,0
2018-12-26,1846,1860,1845,1855,453410,1178332,C1905.DCE,0
2018-12-27,1858,1861,1846,1851,350892,1178336,C1905.DCE,0
2018-12-28,1855,1870,1854,1869,441448,1160368,C1905.DCE,0
2019-01-02,1865,1865,1857,1861,259584,1144562,C1905.DCE,0
2019-01-03,1865,1872,1860,1870,301634,1115354,C1905.DCE,0
2019-01-04,1870,1871,1859,1863,329878,1123756,C1905.DCE,0
2019-01-07,1865,1867,1848,1853,444886,1151884,C1905.DCE,0
2019-01-08,1852,1852,1835,1838,426088,1208024,C1905.DCE,0
2019-01-09,1839,1845,1836,1843,253208,1193506,C1905.DCE,0
2019-01-10,1841,1843,1832,1835,270540,1210994,C1905.DCE,0
2019-01-11,1837,1837,1823,1826,396212,1252256,C1905.DCE,0
2019-01-14,1818,1818,1803,1811,511130,1284000,C1905.DCE,0
2019-01-15,1811,1814,1806,1810,236390,1288094,C1905.DCE,0
2019-01-16,1806,1830,1802,1826,563174,1245066,C1905.DCE,0
2019-01-17,1826,1828,1814,1820,334108,1272858,C1905.DCE,0
2019-01-18,1819,1827,1817,1824,299170,1277842,C1905.DCE,0
2019-01-21,1825,1838,1825,1833,421342,1263454,C1905.DCE,0
2019-01-22,1835,1845,1832,1842,513282,1266240,C1905.DCE,0
2019-01-23,1842,1848,1835,1839,335588,1235646,C1905.DCE,0
2019-01-24,1839,1839,1829,1836,322884,1217824,C1905.DCE,0
2019-01-25,1840,1872,1840,1863,777404,1178058,C1905.DCE,0
2019-01-28,1859,1860,1851,1854,254460,1123954,C1905.DCE,0
2019-01-29,1855,1859,1853,1857,213202,1112126,C1905.DCE,0
2019-01-30,1859,1867,1857,1865,221540,1079770,C1905.DCE,0
2019-01-31,1864,1868,1852,1863,299412,1034298,C1905.DCE,0
2019-02-01,1866,1875,1861,1873,240332,991844,C1905.DCE,0
2019-02-11,1874,1875,1859,1865,236362,992240,C1905.DCE,0
2019-02-12,1867,1871,1859,1861,229750,1005812,C1905.DCE,0
2019-02-13,1861,1861,1849,1849,251392,1019452,C1905.DCE,0
2019-02-14,1848,1849,1832,1832,390790,1052738,C1905.DCE,0
2019-02-15,1831,1839,1827,1836,277436,1044478,C1905.DCE,0
2019-02-18,1828,1828,1811,1816,410646,1025798,C1905.DCE,0
2019-02-19,1815,1828,1812,1823,392494,1029152,C1905.DCE,0
2019-02-20,1820,1820,1806,1806,341824,1065796,C1905.DCE,0
2019-02-21,1807,1818,1806,1809,340132,1077216,C1905.DCE,0
2019-02-22,1807,1815,1803,1811,292162,1065920,C1905.DCE,0
2019-02-25,1790,1791,1780,1784,582844,1073244,C1905.DCE,0
2019-02-26,1783,1804,1781,1791,556032,1104728,C1905.DCE,0
2019-02-27,1792,1802,1791,1795,310130,1138372,C1905.DCE,0
2019-02-28,1796,1822,1795,1821,558722,1159682,C1905.DCE,0
2019-03-01,1825,1828,1816,1820,447696,1130846,C1905.DCE,0
2019-03-04,1825,1833,1812,1814,423934,1111440,C1905.DCE,0
2019-03-05,1811,1825,1810,1824,324184,1134746,C1905.DCE,0
2019-03-06,1818,1820,1811,1819,353650,1114562,C1905.DCE,0
2019-03-07,1815,1847,1812,1831,595826,1050978,C1905.DCE,0
2019-03-08,1828,1836,1823,1828,351814,1028432,C1905.DCE,0
2019-03-11,1826,1839,1821,1835,384468,1023220,C1905.DCE,0
2019-03-12,1835,1846,1835,1844,404004,1000448,C1905.DCE,0
2019-03-13,1847,1849,1827,1829,551496,990920,C1905.DCE,0
2019-03-14,1831,1842,1828,1838,336440,1030308,C1905.DCE,0
2019-03-15,1837,1851,1837,1847,391262,1010336,C1905.DCE,0
2019-03-18,1850,1858,1844,1856,304410,1011010,C1905.DCE,0
2019-03-19,1859,1859,1847,1850,290638,1017044,C1905.DCE,0
2019-03-20,1850,1850,1828,1831,465732,996804,C1905.DCE,0
2019-03-21,1833,1835,1821,1824,358126,1033562,C1905.DCE,0
2019-03-22,1820,1821,1810,1816,417168,988024,C1905.DCE,0
2019-03-25,1813,1821,1806,1816,294318,969496,C1905.DCE,0
2019-03-26,1837,1849,1835,1847,253804,1027380,C1909.DCE,1
2019-03-27,1847,1853,1839,1842,394670,1071366,C1909.DCE,0
2019-03-28,1837,1842,1829,1833,366984,1094398,C1909.DCE,0
2019-03-29,1835,1848,1832,1844,316986,1142300,C1909.DCE,0
2019-04-01,1845,1847,1831,1843,402486,1180900,C1909.DCE,0
2019-04-02,1843,1854,1841,1852,393164,1231358,C1909.DCE,0
2019-04-03,1855,1861,1842,1858,678396,1282350,C1909.DCE,0
2019-04-04,1863,1890,1861,1886,1229250,1292854,C1909.DCE,0
2019-04-08,1886,1888,1876,1879,617012,1222006,C1909.DCE,0
2019-04-09,1880,1886,1860,1867,893702,1165098,C1909.DCE,0
2019-04-10,1867,1882,1865,1876,588792,1170922,C1909.DCE,0
2019-04-11,1879,1886,1873,1881,524350,1146450,C1909.DCE,0
2019-04-12,1882,1898,1875,1897,779204,1263574,C1909.DCE,0
2019-04-15,1899,1916,1891,1909,1169546,1315264,C1909.DCE,0
2019-04-16,1905,1914,1902,1912,545708,1314698,C1909.DCE,0
2019-04-17,1912,1917,1903,1904,486204,1315742,C1909.DCE,0
2019-04-18,1904,1906,1875,1895,783992,1230380,C1909.DCE,0
2019-04-19,1897,1910,1895,1908,603628,1300050,C1909.DCE,0
2019-04-22,1910,1924,1903,1920,805296,1366210,C1909.DCE,0
2019-04-23,1925,1925,1911,1919,497656,1380796,C1909.DCE,0
2019-04-24,1920,1922,1912,1914,400700,1382348,C1909.DCE,0
2019-04-25,1914,1919,1909,1914,485056,1384576,C1909.DCE,0
2019-04-26,1916,1917,1899,1902,664960,1287136,C1909.DCE,0
2019-04-29,1904,1920,1902,1917,513480,1286858,C1909.DCE,0
2019-04-30,1920,1920,1907,1916,418624,1245546,C1909.DCE,0
2019-05-06,1932,1937,1920,1923,500432,1207098,C1909.DCE,0
2019-05-07,1920,1930,1919,1928,438388,1222564,C1909.DCE,0
2019-05-08,1926,1929,1913,1920,512676,1220906,C1909.DCE,0
2019-05-09,1920,1937,1920,1929,686182,1231358,C1909.DCE,0
2019-05-10,1928,1932,1921,1925,548580,1190302,C1909.DCE,0
2019-05-13,1927,1950,1925,1949,787494,1204352,C1909.DCE,0
2019-05-14,1955,1956,1939,1947,575752,1152152,C1909.DCE,0
2019-05-15,1941,1961,1941,1960,597970,1178126,C1909.DCE,0
2019-05-16,1961,1985,1960,1978,1138714,1222544,C1909.DCE,0
2019-05-17,1980,1997,1973,1996,819764,1253152,C1909.DCE,0
2019-05-20,1998,2021,1989,2008,1189384,1264980,C1909.DCE,0
2019-05-21,2010,2012,1988,1995,891424,1209146,C1909.DCE,0
2019-05-22,1995,2004,1980,1986,932464,1176282,C1909.DCE,0
2019-05-23,1987,1996,1981,1982,992528,1167088,C1909.DCE,0
2019-05-24,1984,1991,1978,1985,673634,1093056,C1909.DCE,0
2019-05-27,1987,2019,1987,2007,1289590,1129896,C1909.DCE,0
2019-05-28,2005,2007,1994,1994,853478,1114788,C1909.DCE,0
2019-05-29,1995,2017,1987,2004,1442802,1108976,C1909.DCE,0
2019-05-30,2005,2013,1978,1986,1243156,1066094,C1909.DCE,0
2019-05-31,1990,1992,1968,1971,1096324,1045852,C1909.DCE,0
2019-06-03,1968,1973,1954,1963,1060358,959344,C1909.DCE,0
2019-06-04,1966,1984,1962,1974,1019220,996300,C1909.DCE,0
2019-06-05,1973,1975,1958,1964,635282,979292,C1909.DCE,0
2019-06-06,1964,1968,1952,1955,703978,969736,C1909.DCE,0
2019-06-10,1956,1975,1955,1966,594152,978660,C1909.DCE,0
2019-06-11,1965,1974,1960,1963,607654,989332,C1909.DCE,0
2019-06-12,1962,1970,1953,1957,577802,1002626,C1909.DCE,0
2019-06-13,1961,1970,1958,1963,622170,989166,C1909.DCE,0
2019-06-14,1964,1967,1946,1947,837778,1046610,C1909.DCE,0
2019-06-17,1947,1955,1939,1953,758490,1064540,C1909.DCE,0
2019-06-18,1950,1956,1946,1949,449666,1067986,C1909.DCE,0
2019-06-19,1947,1951,1936,1943,603348,1005116,C1909.DCE,0
2019-06-20,1943,1946,1935,1937,354164,958912,C1909.DCE,0
2019-06-21,1934,1961,1934,1953,843698,1005270,C1909.DCE,0
2019-06-24,1952,1957,1946,1952,462100,1022842,C1909.DCE,0
2019-06-25,1952,1957,1944,1949,429914,1026370,C1909.DCE,0
2019-06-26,1948,1952,1939,1940,426630,1009244,C1909.DCE,0
2019-06-27,1941,1944,1937,1940,295706,1002532,C1909.DCE,0
2019-06-28,1939,1958,1937,1948,672774,1043312,C1909.DCE,0
2019-07-01,1948,1949,1928,1936,671732,984430,C1909.DCE,0
2019-07-02,1938,1939,1929,1934,330082,961436,C1909.DCE,0
2019-07-03,1935,1941,1933,1939,343992,916528,C1909.DCE,0
2019-07-04,1939,1947,1934,1934,420224,899994,C1909.DCE,0
2019-07-05,1936,1939,1931,1934,279124,920122,C1909.DCE,0
2019-07-08,1934,1943,1932,1933,317192,910970,C1909.DCE,0
2019-07-09,1931,1935,1918,1921,559482,952766,C1909.DCE,0
2019-07-10,1923,1925,1910,1911,486548,924428,C1909.DCE,0
2019-07-11,1913,1918,1909,1914,360378,921856,C1909.DCE,0
2019-07-12,1917,1919,1909,1918,356266,916076,C1909.DCE,0
2019-07-15,1917,1929,1915,1928,463016,859482,C1909.DCE,0
2019-07-16,1926,1927,1920,1927,266176,839400,C1909.DCE,0
2019-07-17,1925,1929,1922,1925,234746,834570,C1909.DCE,0
2019-07-18,1927,1935,1924,1934,399936,823394,C1909.DCE,0
2019-07-19,1932,1940,1920,1920,552820,801062,C1909.DCE,0
2019-07-22,1922,1922,1910,1915,452892,815466,C1909.DCE,0
2019-07-23,1915,1920,1912,1918,260396,784784,C1909.DCE,0
2019-07-24,1918,1927,1914,1927,317994,738376,C1909.DCE,0
2019-07-25,1927,1932,1923,1927,232088,720500,C1909.DCE,0
2019-07-26,1926,1927,1919,1924,216120,721164,C1909.DCE,0
2019-07-29,1926,1935,1925,1930,362734,721064,C1909.DCE,0
2019-07-30,1929,1933,1923,1924,247438,725154,C1909.DCE,0
2019-07-31,1926,1930,1923,1930,240776,706922,C1909.DCE,0
2019-08-01,1978,1986,1978,1985,249622,761918,C2001.DCE,1
2019-08-02,1984,1990,1975,1978,396598,751190,C2001.DCE,0
2019-08-05,1981,1983,1976,1979,248142,767686,C2001.DCE,0
2019-08-06,1979,1979,1971,1974,345112,774858,C2001.DCE,0
2019-08-07,1975,1978,1964,1965,399102,811844,C2001.DCE,0
2019-08-08,1966,1967,1925,1929,1016350,921206,C2001.DCE,0
2019-08-09,1931,1933,1913,1927,956496,882436,C2001.DCE,0
2019-08-12,1927,1937,1917,1921,539644,915358,C2001.DCE,0
2019-08-13,1919,1924,1891,1914,796542,939152,C2001.DCE,0
2019-08-14,1914,1918,1902,1914,567096,967642,C2001.DCE,0
2019-08-15,1914,1921,1911,1912,362290,968096,C2001.DCE,0
2019-08-16,1913,1916,1904,1906,377008,1000970,C2001.DCE,0
2019-08-19,1906,1909,1880,1883,895016,1029396,C2001.DCE,0
2019-08-20,1883,1890,1882,1886,364086,1020636,C2001.DCE,0
2019-08-21,1886,1915,1880,1905,1002116,1093260,C2001.DCE,0
2019-08-22,1907,1913,1902,1908,539596,1145276,C2001.DCE,0
2019-08-23,1909,1922,1907,1920,639894,1178252,C2001.DCE,0
2019-08-26,1919,1923,1911,1917,519804,1163348,C2001.DCE,0
2019-08-27,1915,1917,1891,1900,714580,1126132,C2001.DCE,0
2019-08-28,1901,1901,1888,1897,566372,1127734,C2001.DCE,0
2019-08-29,1894,1899,1885,1885,356040,1154836,C2001.DCE,0
2019-08-30,1886,1888,1864,1871,853016,1165330,C2001.DCE,0
2019-09-02,1873,1881,1865,1872,670576,1180200,C2001.DCE,0
2019-09-03,1874,1879,1869,1876,399356,1196252,C2001.DCE,0
2019-09-04,1875,1882,1858,1881,820520,1211274,C2001.DCE,0
2019-09-05,1881,1887,1874,1875,630870,1244430,C2001.DCE,0
2019-09-06,1877,1889,1874,1885,639188,1201990,C2001.DCE,0
2019-09-09,1887,1889,1880,1885,508882,1201478,C2001.DCE,0
2019-09-10,1885,1888,1871,1880,545638,1196720,C2001.DCE,0
2019-09-11,1882,1884,1872,1874,364244,1199872,C2001.DCE,0
2019-09-12,1874,1876,1860,1872,679238,1130138,C2001.DCE,0
2019-09-16,1872,1883,1866,1869,434832,1151932,C2001.DCE,0
2019-09-17,1869,1870,1859,1867,616668,1213312,C2001.DCE,0
2019-09-18,1867,1876,1862,1873,580926,1226772,C2001.DCE,0
2019-09-19,1872,1882,1862,1864,748918,1217812,C2001.DCE,0
2019-09-20,1864,1865,1849,1851,741652,1262886,C2001.DCE,0
2019-09-23,1850,1863,1849,1855,679976,1276362,C2001.DCE,0
2019-09-24,1856,1862,1853,1854,520478,1261284,C2001.DCE,0
2019-09-25,1856,1857,1850,1850,374256,1240554,C2001.DCE,0
2019-09-26,1850,1853,1832,1840,817156,1239576,C2001.DCE,0
2019-09-27,1842,1842,1827,1830,444380,1183850,C2001.DCE,0
2019-09-30,1830,1834,1810,1823,570742,1176432,C2001.DCE,0
2019-10-08,1823,1829,1810,1824,456054,1233822,C2001.DCE,0
2019-10-09,1823,1832,1820,1830,564152,1315366,C2001.DCE,0
2019-10-10,1830,1841,1827,1838,646478,1317976,C2001.DCE,0
2019-10-11,1838,1848,1831,1847,576958,1324016,C2001.DCE,0
2019-10-14,1848,1849,1832,1837,666592,1282814,C2001.DCE,0
2019-10-15,1839,1847,1837,1841,542180,1253122,C2001.DCE,0
2019-10-16,1841,1855,1839,1846,712394,1233944,C2001.DCE,0
2019-10-17,1849,1854,1843,1848,465228,1191138,C2001.DCE,0
2019-10-18,1848,1861,1847,1859,650256,1243780,C2001.DCE,0
2019-10-21,1859,1865,1845,1847,555692,1236560,C2001.DCE,0
2019-10-22,1848,1858,1847,1855,560132,1266660,C2001.DCE,0
2019-10-23,1855,1856,1833,1836,740864,1217784,C2001.DCE,0
2019-10-24,1836,1837,1825,1828,650958,1232722,C2001.DCE,0
2019-10-25,1828,1834,1825,1828,434518,1223654,C2001.DCE,0
2019-10-28,1826,1849,1823,1846,892470,1226096,C2001.DCE,0
2019-10-29,1846,1864,1845,1864,845630,1267326,C2001.DCE,0
2019-10-30,1862,1868,1855,1868,726318,1296266,C2001.DCE,0
2019-10-31,1870,1894,1866,1873,1925078,1367200,C2001.DCE,0
2019-11-01,1873,1888,1869,1887,1095804,1386622,C2001.DCE,0
2019-11-04,1883,1895,1873,1876,1097982,1362712,C2001.DCE,0
2019-11-05,1876,1882,1865,1874,941512,1329064,C2001.DCE,0
2019-11-06,1873,1874,1853,1854,1058430,1325410,C2001.DCE,0
2019-11-07,1856,1863,1842,1845,848048,1306596,C2001.DCE,0
2019-11-08,1845,1866,1843,1865,930286,1362674,C2001.DCE,0
2019-11-11,1864,1868,1846,1855,1080094,1333978,C2001.DCE,0
2019-11-12,1855,1858,1837,1838,831398,1253682,C2001.DCE,0
2019-11-13,1838,1844,1837,1841,477080,1265474,C2001.DCE,0
2019-11-14,1843,1852,1840,1840,590222,1266212,C2001.DCE,0
2019-11-15,1840,1848,1833,1841,677004,1220066,C2001.DCE,0
2019-11-18,1843,1864,1841,1859,860414,1213540,C2001.DCE,0
2019-11-19,1859,1865,1852,1854,521048,1208112,C2001.DCE,0
2019-11-20,1857,1857,1844,1846,473098,1189024,C2001.DCE,0
2019-11-21,1847,1857,1845,1852,628332,1127724,C2001.DCE,0
2019-11-22,1853,1857,1843,1847,590712,1080390,C2001.DCE,0
2019-11-25,1847,1850,1838,1841,606332,1032614,C2001.DCE,0
2019-11-26,1841,1844,1833,1839,487390,984032,C2001.DCE,0
2019-11-27,1919,1920,1911,1913,227542,1019720,C2005.DCE,1
2019-11-28,1909,1915,1895,1896,479656,1021664,C2005.DCE,0
2019-11-29,1895,1902,1885,1901,479738,1077434,C2005.DCE,0
2019-12-02,1901,1903,1885,1892,402912,1096884,C2005.DCE,0
2019-12-03,1890,1898,1887,1898,492774,1118494,C2005.DCE,0
2019-12-04,1898,1900,1885,1896,573222,1139198,C2005.DCE,0
2019-12-05,1897,1899,1882,1894,563906,1161026,C2005.DCE,0
2019-12-06,1893,1910,1891,1904,742970,1200242,C2005.DCE,0
2019-12-09,1904,1906,1893,1895,517444,1209266,C2005.DCE,0
2019-12-10,1895,1907,1894,1905,604698,1214318,C2005.DCE,0
2019-12-11,1905,1907,1900,1903,386046,1233834,C2005.DCE,0
2019-12-12,1903,1905,1896,1904,366912,1232694,C2005.DCE,0
2019-12-13,1905,1910,1888,1893,988058,1222198,C2005.DCE,0
2019-12-16,1892,1899,1890,1894,590904,1275892,C2005.DCE,0
2019-12-17,1896,1897,1886,1886,431786,1297648,C2005.DCE,0
2019-12-18,1886,1894,1885,1891,411276,1287566,C2005.DCE,0
2019-12-19,1892,1892,1879,1882,544842,1305056,C2005.DCE,0
2019-12-20,1881,1887,1873,1885,597792,1312544,C2005.DCE,0
2019-12-23,1886,1895,1882,1895,680646,1293734,C2005.DCE,0
2019-12-24,1895,1904,1892,1902,566972,1318910,C2005.DCE,0
2019-12-25,1902,1912,1896,1907,621222,1392294,C2005.DCE,0
2019-12-26,1907,1915,1906,1915,597852,1456516,C2005.DCE,0
2019-12-27,1916,1922,1911,1913,532576,1440838,C2005.DCE,0
2019-12-30,1911,1919,1909,1915,431042,1439388,C2005.DCE,0
2019-12-31,1915,1917,1907,1910,395504,1441476,C2005.DCE,0
2020-01-02,1911,1920,1910,1918,171359,745137,C2005.DCE,0
2020-01-03,1920,1925,1916,1918,213786,750386,C2005.DCE,0
2020-01-06,1918,1918,1910,1913,192497,726670,C2005.DCE,0
2020-01-07,1914,1927,1914,1926,316658,759278,C2005.DCE,0
2020-01-08,1925,1930,1917,1918,264579,752264,C2005.DCE,0
2020-01-09,1917,1923,1913,1921,236738,745952,C2005.DCE,0
2020-01-10,1916,1920,1906,1911,339786,729045,C2005.DCE,0
2020-01-13,1912,1919,1908,1918,231845,727629,C2005.DCE,0
2020-01-14,1918,1928,1917,1919,267652,736336,C2005.DCE,0
2020-01-15,1920,1927,1918,1924,175779,747159,C2005.DCE,0
2020-01-16,1925,1946,1923,1946,455532,821648,C2005.DCE,0
2020-01-17,1946,1949,1940,1947,233659,822612,C2005.DCE,0
2020-01-20,1949,1950,1936,1944,296335,801496,C2005.DCE,0
2020-01-21,1943,1944,1927,1928,266309,747510,C2005.DCE,0
2020-01-22,1928,1933,1909,1924,397782,691572,C2005.DCE,0
2020-01-23,1927,1927,1910,1912,244746,652293,C2005.DCE,0
2020-02-03,1920,1938,1912,1926,417028,615781,C2005.DCE,0
2020-02-04,1926,1948,1926,1944,496609,620825,C2005.DCE,0
2020-02-05,1928,1931,1912,1921,488028,578006,C2005.DCE,0
2020-02-06,1924,1935,1918,1934,346799,594635,C2005.DCE,0
2020-02-07,1934,1945,1931,1938,333246,599895,C2005.DCE,0
2020-02-10,1937,1940,1922,1926,305572,582499,C2005.DCE,0
2020-02-11,1924,1929,1920,1923,265358,583845,C2005.DCE,0
2020-02-12,1924,1931,1921,1923,216150,586353,C2005.DCE,0
2020-02-13,1924,1928,1921,1926,147053,586741,C2005.DCE,0
2020-02-14,1924,1927,1916,1919,271673,580101,C2005.DCE,0
2020-02-17,1919,1928,1915,1927,276751,596425,C2005.DCE,0
2020-02-18,1926,1926,1906,1907,370092,585491,C2005.DCE,0
2020-02-19,1905,1913,1900,1910,272527,602931,C2005.DCE,0
2020-02-20,1907,1912,1903,1905,194121,611868,C2005.DCE,0
2020-02-21,1904,1913,1901,1912,184719,612412,C2005.DCE,0
2020-02-24,1912,1917,1910,1913,210775,593677,C2005.DCE,0
2020-02-25,1913,1920,1909,1915,205596,583010,C2005.DCE,0
2020-02-26,1917,1918,1911,1913,108442,586656,C2005.DCE,0
2020-02-27,1914,1928,1913,1927,235906,600975,C2005.DCE,0
2020-02-28,1927,1933,1920,1922,389671,574401,C2005.DCE,0
2020-03-02,1927,1945,1927,1943,398068,575044,C2005.DCE,0
2020-03-03,1945,1950,1939,1941,277988,556607,C2005.DCE,0
2020-03-04,1942,1945,1936,1938,183093,545478,C2005.DCE,0
2020-03-05,1939,1945,1938,1943,139271,554489,C2005.DCE,0
2020-03-06,1941,1943,1933,1935,291178,507825,C2005.DCE,0
2020-03-09,1930,1938,1923,1933,263634,484945,C2005.DCE,0
2020-03-10,1933,1956,1931,1947,418114,472822,C2005.DCE,0
2020-03-11,2000,2023,1998,2020,532402,616236,C2009.DCE,1
2020-03-12,2018,2022,1992,2008,603587,596137,C2009.DCE,0
2020-03-13,2003,2015,1999,2010,359306,605719,C2009.DCE,0
2020-03-16,2006,2018,1997,1999,414472,604072,C2009.DCE,0
2020-03-17,1996,2001,1991,1995,311711,554911,C2009.DCE,0
2020-03-18,1994,2006,1985,1987,405333,542611,C2009.DCE,0
2020-03-19,1989,1992,1981,1985,340035,512084,C2009.DCE,0
2020-03-20,1989,2002,1989,2001,291008,528549,C2009.DCE,0
2020-03-23,2005,2021,2002,2017,500394,600364,C2009.DCE,0
2020-03-24,2017,2018,2005,2013,301978,584361,C2009.DCE,0
2020-03-25,2014,2029,2012,2026,456548,659469,C2009.DCE,0
2020-03-26,2024,2033,2018,2018,376209,659097,C2009.DCE,0
2020-03-27,2021,2035,2020,2034,357158,724060,C2009.DCE,0
2020-03-30,2044,2062,2041,2046,661159,791323,C2009.DCE,0
2020-03-31,2047,2051,2038,2048,332390,777752,C2009.DCE,0
2020-04-01,2048,2056,2032,2037,514412,758451,C2009.DCE,0
2020-04-02,2036,2049,2022,2031,561942,747346,C2009.DCE,0
2020-04-03,2035,2039,2028,2033,309144,747278,C2009.DCE,0
2020-04-07,2039,2039,2028,2030,285245,754826,C2009.DCE,0
2020-04-08,2032,2047,2027,2045,319063,810646,C2009.DCE,0
2020-04-09,2047,2051,2041,2043,279106,816187,C2009.DCE,0
2020-04-10,2043,2045,2036,2043,266019,809692,C2009.DCE,0
2020-04-13,2044,2050,2040,2044,292850,811910,C2009.DCE,0
2020-04-14,2044,2056,2043,2051,361080,812917,C2009.DCE,0
2020-04-15,2051,2072,2051,2070,472699,863922,C2009.DCE,0
2020-04-16,2070,2079,2063,2065,377090,829445,C2009.DCE,0
2020-04-17,2065,2070,2057,2065,278225,840716,C2009.DCE,0
2020-04-20,2068,2082,2059,2060,551718,848777,C2009.DCE,0
2020-04-21,2060,2066,2051,2063,385144,814928,C2009.DCE,0
2020-04-22,2066,2072,2058,2069,317661,823479,C2009.DCE,0
2020-04-23,2068,2079,2066,2078,307981,863729,C2009.DCE,0
2020-04-24,2079,2087,2077,2079,318450,872136,C2009.DCE,0
2020-04-27,2090,2109,2088,2098,526523,908904,C2009.DCE,0
2020-04-28,2099,2108,2091,2096,383772,901454,C2009.DCE,0
2020-04-29,2100,2102,2091,2094,225118,889499,C2009.DCE,0
2020-04-30,2091,2093,2067,2074,571093,826144,C2009.DCE,0
2020-05-06,2090,2094,2083,2086,297501,820431,C2009.DCE,0
2020-05-07,2086,2090,2068,2071,398613,864634,C2009.DCE,0
2020-05-08,2071,2074,2055,2061,546809,861234,C2009.DCE,0
2020-05-11,2060,2067,2045,2045,456688,833566,C2009.DCE,0
2020-05-12,2048,2053,2040,2045,310070,822629,C2009.DCE,0
2020-05-13,2045,2059,2042,2048,328806,791321,C2009.DCE,0
2020-05-14,2049,2054,2042,2043,292768,784887,C2009.DCE,0
2020-05-15,2042,2053,2027,2027,505393,737518,C2009.DCE,0
2020-05-18,2027,2051,2026,2049,452774,742380,C2009.DCE,0
2020-05-19,2049,2050,2038,2043,235754,746854,C2009.DCE,0
2020-05-20,2038,2041,2013,2032,589108,739139,C2009.DCE,0
2020-05-21,2027,2045,2019,2019,432862,726251,C2009.DCE,0
2020-05-22,2014,2027,2013,2022,311634,725748,C2009.DCE,0
2020-05-25,2019,2043,2018,2039,381542,716486,C2009.DCE,0
2020-05-26,2035,2047,2031,2041,263566,715661,C2009.DCE,0
2020-05-27,2043,2053,2040,2053,277610,703883,C2009.DCE,0
2020-05-28,2050,2066,2048,2062,410361,724506,C2009.DCE,0
2020-05-29,2062,2082,2062,2078,413582,711962,C2009.DCE,0
2020-06-01,2078,2084,2062,2069,418245,686909,C2009.DCE,0
2020-06-02,2070,2076,2064,2067,231800,694754,C2009.DCE,0
2020-06-03,2067,2074,2061,2065,285677,676553,C2009.DCE,0
2020-06-04,2065,2070,2053,2062,312368,659380,C2009.DCE,0
2020-06-05,2063,2075,2056,2073,293781,674946,C2009.DCE,0
2020-06-08,2073,2074,2056,2062,341966,652342,C2009.DCE,0
2020-06-09,2062,2079,2058,2077,388617,661398,C2009.DCE,0
2020-06-10,2077,2087,2071,2085,351148,691236,C2009.DCE,0
2020-06-11,2083,2098,2083,2096,374539,701625,C2009.DCE,0
2020-06-12,2094,2103,2085,2094,408468,679313,C2009.DCE,0
2020-06-15,2095,2123,2094,2118,597654,711509,C2009.DCE,0
2020-06-16,2118,2119,2111,2117,273447,708427,C2009.DCE,0
2020-06-17,2120,2129,2107,2127,407059,721868,C2009.DCE,0
2020-06-18,2122,2149,2122,2129,648457,717037,C2009.DCE,0
2020-06-19,2127,2130,2107,2121,510813,710253,C2009.DCE,0
2020-06-22,2120,2120,2096,2097,562586,721620,C2009.DCE,0
2020-06-23,2094,2108,2079,2088,623434,675007,C2009.DCE,0
2020-06-24,2090,2095,2081,2086,359428,686347,C2009.DCE,0
2020-06-29,2094,2121,2083,2118,594137,710461,C2009.DCE,0
2020-06-30,2112,2113,2082,2090,529599,695442,C2009.DCE,0
2020-07-01,2090,2101,2088,2096,318563,692657,C2009.DCE,0
2020-07-02,2096,2102,2076,2100,450631,662394,C2009.DCE,0
2020-07-03,2101,2114,2100,2106,436732,660690,C2009.DCE,0
2020-07-06,2106,2120,2102,2116,300265,657160,C2009.DCE,0
2020-07-07,2116,2124,2111,2114,330366,653638,C2009.DCE,0
2020-07-08,2114,2119,2110,2113,197125,646335,C2009.DCE,0
2020-07-09,2115,2148,2114,2145,490668,655751,C2009.DCE,0
2020-07-10,2148,2154,2134,2144,384919,644826,C2009.DCE,0
2020-07-13,2141,2151,2134,2144,398327,636614,C2009.DCE,0
2020-07-14,2144,2156,2120,2135,536973,597155,C2009.DCE,0
2020-07-15,2139,2152,2123,2146,489965,538878,C2009.DCE,0
2020-07-16,2146,2166,2142,2156,510377,541872,C2009.DCE,0
2020-07-17,2155,2164,2151,2162,236793,533341,C2009.DCE,0
2020-07-20,2165,2202,2162,2190,796282,564360,C2009.DCE,0
2020-07-21,2186,2193,2167,2181,480011,534259,C2009.DCE,0
2020-07-22,2181,2203,2172,2189,469830,528481,C2009.DCE,0
2020-07-23,2190,2246,2190,2240,890817,555222,C2009.DCE,0
2020-07-24,2240,2265,2230,2264,723736,550088,C2009.DCE,0
2020-07-27,2260,2346,2254,2340,1063830,516079,C2009.DCE,0
2020-07-28,2350,2350,2274,2294,981657,473148,C2009.DCE,0
2020-07-29,2300,2319,2289,2311,615812,450022,C2009.DCE,0
2020-07-30,2307,2327,2287,2321,730081,421249,C2009.DCE,0
2020-07-31,2321,2366,2311,2323,813240,390795,C2009.DCE,0
2020-08-03,2317,2329,2292,2318,551239,348260,C2009.DCE,0
2020-08-04,2319,2326,2300,2311,324457,311120,C2009.DCE,0
2020-08-05,2305,2310,2283,2285,309979,268156,C2009.DCE,0
2020-08-06,2281,2316,2276,2284,307697,241770,C2009.DCE,0
2020-08-07,2247,2254,2223,2224,498765,931777,C2101.DCE,1
2020-08-10,2224,2238,2213,2219,506858,944652,C2101.DCE,0
2020-08-11,2220,2234,2217,2231,359164,961737,C2101.DCE,0
2020-08-12,2231,2240,2216,2224,566009,967320,C2101.DCE,0
2020-08-13,2224,2238,2221,2228,392477,994013,C2101.DCE,0
2020-08-14,2227,2301,2225,2296,1391064,1136517,C2101.DCE,0
2020-08-17,2298,2314,2275,2299,1088317,1149261,C2101.DCE,0
2020-08-18,2299,2322,2286,2290,908989,1157236,C2101.DCE,0
2020-08-19,2290,2308,2286,2301,492615,1151579,C2101.DCE,0
2020-08-20,2302,2320,2285,2310,860876,1205647,C2101.DCE,0
2020-08-21,2310,2318,2284,2300,595479,1171082,C2101.DCE,0
2020-08-24,2299,2303,2259,2266,724161,1179581,C2101.DCE,0
2020-08-25,2272,2283,2266,2275,393890,1192202,C2101.DCE,0
2020-08-26,2275,2298,2274,2298,605466,1217493,C2101.DCE,0
2020-08-27,2297,2302,2256,2257,857264,1241182,C2101.DCE,0
2020-08-28,2257,2272,2252,2267,519963,1217732,C2101.DCE,0
2020-08-31,2263,2270,2254,2262,439151,1218279,C2101.DCE,0
2020-09-01,2265,2280,2262,2273,510678,1226494,C2101.DCE,0
2020-09-02,2270,2295,2267,2290,700329,1248039,C2101.DCE,0
2020-09-03,2290,2290,2270,2275,565633,1200068,C2101.DCE,0
2020-09-04,2280,2300,2276,2296,911164,1201340,C2101.DCE,0
2020-09-07,2301,2350,2291,2347,1284416,1293669,C2101.DCE,0
2020-09-08,2347,2351,2323,2335,737485,1275438,C2101.DCE,0
2020-09-09,2330,2344,2322,2335,596355,1281355,C2101.DCE,0
2020-09-10,2335,2372,2332,2370,947656,1360893,C2101.DCE,0
2020-09-11,2370,2401,2361,2398,874180,1425515,C2101.DCE,0
2020-09-14,2399,2450,2395,2419,1210110,1412838,C2101.DCE,0
2020-09-15,2424,2433,2391,2402,854179,1380209,C2101.DCE,0
2020-09-16,2404,2418,2392,2410,721322,1393145,C2101.DCE,0
2020-09-17,2414,2447,2410,2426,934707,1443252,C2101.DCE,0
2020-09-18,2423,2490,2415,2484,1267220,1576127,C2101.DCE,0
2020-09-21,2484,2496,2469,2476,994327,1579089,C2101.DCE,0
2020-09-22,2472,2499,2455,2470,1270877,1584047,C2101.DCE,0
2020-09-23,2471,2486,2410,2421,1613504,1444557,C2101.DCE,0
2020-09-24,2423,2444,2411,2438,804738,1417015,C2101.DCE,0
2020-09-25,2435,2439,2416,2428,554756,1399152,C2101.DCE,0
2020-09-28,2424,2479,2420,2464,858194,1369132,C2101.DCE,0
2020-09-29,2464,2468,2451,2462,417658,1356682,C2101.DCE,0
2020-09-30,2459,2470,2439,2468,606159,1336872,C2101.DCE,0
2020-10-09,2499,2550,2495,2537,709524,1398935,C2101.DCE,0
2020-10-12,2537,2580,2510,2571,1041509,1400605,C2101.DCE,0
2020-10-13,2575,2575,2544,2562,705659,1406586,C2101.DCE,0
2020-10-14,2556,2595,2556,2566,1201189,1420211,C2101.DCE,0
2020-10-15,2566,2572,2514,2549,1127609,1411372,C2101.DCE,0
2020-10-16,2547,2586,2536,2584,856774,1442034,C2101.DCE,0
2020-10-19,2590,2629,2581,2589,1434580,1446902,C2101.DCE,0
2020-10-20,2596,2610,2581,2591,784199,1449344,C2101.DCE,0
2020-10-21,2591,2597,2565,2587,887310,1424793,C2101.DCE,0
2020-10-22,2587,2592,2563,2575,600838,1396852,C2101.DCE,0
2020-10-23,2580,2581,2567,2572,532045,1362780,C2101.DCE,0
2020-10-26,2577,2600,2570,2583,928007,1342999,C2101.DCE,0
2020-10-27,2585,2597,2575,2590,614085,1301335,C2101.DCE,0
2020-10-28,2592,2609,2582,2603,760490,1323016,C2101.DCE,0
2020-10-29,2588,2612,2581,2608,821259,1314620,C2101.DCE,0
2020-10-30,2604,2626,2589,2621,803977,1314699,C2101.DCE,0
2020-11-02,2624,2628,2548,2553,1301642,1164678,C2101.DCE,0
2020-11-03,2555,2566,2533,2540,703283,1144185,C2101.DCE,0
2020-11-04,2545,2552,2539,2547,427894,1142020,C2101.DCE,0
2020-11-05,2546,2565,2540,2556,592812,1103205,C2101.DCE,0
2020-11-06,2560,2569,2536,2541,552563,1069926,C2101.DCE,0
2020-11-09,2542,2544,2492,2527,1017986,1020289,C2101.DCE,0
2020-11-10,2530,2538,2513,2519,431413,1019225,C2101.DCE,0
2020-11-11,2514,2556,2514,2553,595027,999191,C2101.DCE,0
2020-11-12,2550,2566,2542,2559,402855,980719,C2101.DCE,0
2020-11-13,2559,2572,2550,2564,411208,938413,C2101.DCE,0
2020-11-16,2565,2611,2562,2592,620047,910594,C2101.DCE,0
2020-11-17,2593,2601,2580,2597,469211,869407,C2101.DCE,0
2020-11-18,2597,2603,2581,2590,412480,827016,C2101.DCE,0
2020-11-19,2590,2619,2585,2610,434718,826544,C2101.DCE,0
2020-11-20,2610,2614,2589,2599,446272,787438,C2101.DCE,0
2020-11-23,2603,2615,2592,2604,513376,721379,C2101.DCE,0
2020-11-24,2604,2606,2567,2570,470567,648155,C2101.DCE,0
2020-11-25,2570,2590,2551,2575,516376,620656,C2101.DCE,0
2020-11-26,2576,2597,2574,2594,307492,597112,C2101.DCE,0
2020-11-27,2595,2596,2571,2578,338275,542269,C2101.DCE,0
2020-11-30,2573,2612,2573,2601,398152,499076,C2101.DCE,0
2020-12-01,2681,2692,2668,2682,499151,1006913,C2105.DCE,1
2020-12-02,2689,2689,2651,2655,511321,995767,C2105.DCE,0
2020-12-03,2652,2666,2644,2649,425020,991186,C2105.DCE,0
2020-12-04,2640,2655,2621,2651,580833,991691,C2105.DCE,0
2020-12-07,2642,2646,2609,2618,625378,1008531,C2105.DCE,0
2020-12-08,2615,2630,2586,2588,580735,1048708,C2105.DCE,0
2020-12-09,2589,2615,2588,2610,450893,1043874,C2105.DCE,0
2020-12-10,2604,2619,2596,2609,431087,1020805,C2105.DCE,0
2020-12-11,2606,2610,2580,2602,688176,1009946,C2105.DCE,0
2020-12-14,2602,2609,2566,2578,607697,1002172,C2105.DCE,0
2020-12-15,2577,2587,2556,2569,460013,1020148,C2105.DCE,0
2020-12-16,2569,2607,2564,2605,511740,1010664,C2105.DCE,0
2020-12-17,2602,2615,2598,2613,421895,1010881,C2105.DCE,0
2020-12-18,2613,2623,2601,2615,411525,1008281,C2105.DCE,0
2020-12-21,2615,2648,2610,2645,563884,972984,C2105.DCE,0
2020-12-22,2643,2652,2631,2646,544907,980771,C2105.DCE,0
2020-12-23,2649,2682,2638,2674,741243,1013119,C2105.DCE,0
2020-12-24,2675,2677,2664,2667,413937,999561,C2105.DCE,0
2020-12-25,2667,2684,2653,2678,771163,1019746,C2105.DCE,0
2020-12-28,2674,2719,2671,2708,1012063,1044861,C2105.DCE,0
2020-12-29,2713,2713,2686,2698,523370,1011552,C2105.DCE,0
2020-12-30,2701,2732,2692,2731,614470,1049822,C2105.DCE,0
2020-12-31,2727,2747,2723,2742,609624,1061496,C2105.DCE,0
2021-01-04,2755,2779,2741,2746,633210,1059080,C2105.DCE,0
2021-01-05,2745,2778,2745,2769,472285,1094574,C2105.DCE,0
2021-01-06,2775,2798,2770,2786,481960,1111724,C2105.DCE,0
2021-01-07,2786,2811,2784,2806,510463,1095080,C2105.DCE,0
2021-01-08,2810,2840,2803,2836,630350,1116754,C2105.DCE,0
2021-01-11,2842,2911,2801,2837,1181606,1073199,C2105.DCE,0
2021-01-12,2840,2875,2807,2868,802689,1092354,C2105.DCE,0
2021-01-13,2872,2930,2866,2872,953481,1084579,C2105.DCE,0
2021-01-14,2877,2885,2831,2845,823129,1076007,C2105.DCE,0
2021-01-15,2846,2880,2842,2869,597012,1080935,C2105.DCE,0
2021-01-18,2875,2910,2872,2881,727775,1102730,C2105.DCE,0
2021-01-19,2877,2897,2852,2868,625844,1091791,C2105.DCE,0
2021-01-20,2868,2874,2832,2845,636369,1068392,C2105.DCE,0
2021-01-21,2847,2873,2840,2849,546861,1061698,C2105.DCE,0
2021-01-22,2845,2860,2805,2821,832591,1047012,C2105.DCE,0
2021-01-25,2820,2837,2752,2772,945135,1004266,C2105.DCE,0
2021-01-26,2772,2791,2764,2773,502124,994151,C2105.DCE,0
2021-01-27,2778,2796,2757,2765,666309,985514,C2105.DCE,0
2021-01-28,2768,2775,2725,2727,737921,984379,C2105.DCE,0
2021-01-29,2730,2737,2704,2714,622614,995416,C2105.DCE,0
2021-02-01,2714,2778,2714,2774,731015,984516,C2105.DCE,0
2021-02-02,2774,2775,2753,2767,373350,977187,C2105.DCE,0
2021-02-03,2763,2785,2743,2776,498774,967756,C2105.DCE,0
2021-02-04,2773,2789,2764,2784,433197,956299,C2105.DCE,0
2021-02-05,2779,2818,2778,2818,471733,972352,C2105.DCE,0
2021-02-08,2818,2829,2750,2754,810869,932429,C2105.DCE,0
2021-02-09,2757,2777,2754,2769,391922,919000,C2105.DCE,0
2021-02-10,2766,2786,2764,2767,361125,889316,C2105.DCE,0
2021-02-18,2782,2832,2765,2828,559446,889835,C2105.DCE,0
2021-02-19,2822,2836,2790,2815,616083,886743,C2105.DCE,0
2021-02-22,2820,2855,2776,2797,1167525,833606,C2105.DCE,0
2021-02-23,2797,2805,2763,2786,823365,831486,C2105.DCE,0
2021-02-24,2792,2815,2768,2810,672916,842071,C2105.DCE,0
2021-02-25,2812,2840,2802,2827,703379,826248,C2105.DCE,0
2021-02-26,2828,2832,2776,2777,753143,792753,C2105.DCE,0
2021-03-01,2783,2813,2773,2789,598965,783007,C2105.DCE,0
2021-03-02,2785,2797,2760,2781,561589,765142,C2105.DCE,0
2021-03-03,2786,2792,2762,2763,470821,765137,C2105.DCE,0
2021-03-04,2763,2769,2748,2758,512033,735833,C2105.DCE,0
2021-03-05,2763,2822,2758,2819,825375,714488,C2105.DCE,0
2021-03-08,2818,2831,2798,2824,611638,685152,C2105.DCE,0
2021-03-09,2820,2821,2768,2771,621703,613730,C2105.DCE,0
2021-03-10,2771,2776,2713,2716,797860,652155,C2105.DCE,0
2021-03-11,2722,2730,2701,2710,596302,658841,C2105.DCE,0
2021-03-12,2710,2731,2661,2717,891493,656045,C2105.DCE,0
2021-03-15,2717,2721,2669,2710,540420,644504,C2105.DCE,0
2021-03-16,2710,2726,2694,2716,436868,622082,C2105.DCE,0
2021-03-17,2721,2740,2696,2704,517709,607797,C2105.DCE,0
2021-03-18,2700,2711,2680,2695,422242,603070,C2105.DCE,0
2021-03-19,2695,2713,2686,2706,366892,595853,C2105.DCE,0
2021-03-22,2700,2735,2699,2725,468638,569106,C2105.DCE,0
2021-03-23,2725,2727,2713,2719,296056,552622,C2105.DCE,0
2021-03-24,2719,2731,2703,2709,391501,549836,C2105.DCE,0
2021-03-25,2712,2730,2706,2709,398488,519754,C2105.DCE,0
2021-03-26,2710,2724,2703,2713,354188,510313,C2105.DCE,0
2021-03-29,2712,2717,2636,2654,853428,547185,C2105.DCE,0
2021-03-30,2662,2667,2633,2637,426816,552246,C2105.DCE,0
2021-03-31,2630,2643,2605,2631,510109,545537,C2105.DCE,0
2021-04-01,2633,2706,2612,2626,590974,504639,C2105.DCE,0
2021-04-02,2616,2627,2593,2603,479641,493278,C2105.DCE,0
2021-04-06,2621,2637,2598,2631,306487,460257,C2105.DCE,0
2021-04-07,2646,2665,2623,2659,405437,413885,C2105.DCE,0
2021-04-08,2660,2713,2652,2712,512908,381212,C2105.DCE,0
2021-04-09,2711,2715,2686,2692,352830,336305,C2105.DCE,0
2021-04-12,2692,2698,2670,2674,281113,315143,C2105.DCE,0
2021-04-13,2624,2645,2609,2639,415753,463565,C2109.DCE,1
2021-04-14,2639,2656,2633,2646,364471,473071,C2109.DCE,0
2021-04-15,2646,2685,2646,2684,502619,494973,C2109.DCE,0
2021-04-16,2686,2701,2679,2699,510022,542930,C2109.DCE,0
2021-04-19,2699,2722,2683,2712,522225,572979,C2109.DCE,0
2021-04-20,2717,2722,2670,2703,473794,586805,C2109.DCE,0
2021-04-21,2703,2719,2697,2717,380905,605232,C2109.DCE,0
2021-04-22,2718,2757,2718,2753,489047,619462,C2109.DCE,0
2021-04-23,2753,2774,2750,2759,437733,639323,C2109.DCE,0
2021-04-26,2759,2767,2722,2744,458001,636535,C2109.DCE,0
2021-04-27,2744,2779,2744,2764,471482,639252,C2109.DCE,0
2021-04-28,2764,2772,2730,2769,591904,634182,C2109.DCE,0
2021-04-29,2770,2774,2745,2751,415629,632604,C2109.DCE,0
2021-04-30,2756,2759,2717,2733,507846,591569,C2109.DCE,0
2021-05-06,2759,2771,2751,2763,466637,584774,C2109.DCE,0
2021-05-07,2762,2838,2757,2817,697127,633796,C2109.DCE,0
2021-05-10,2817,2850,2813,2832,680043,610826,C2109.DCE,0
2021-05-11,2832,2840,2811,2831,431048,613324,C2109.DCE,0
2021-05-12,2839,2887,2833,2872,682326,639223,C2109.DCE,0
2021-05-13,2870,2870,2792,2803,717965,575097,C2109.DCE,0
2021-05-14,2800,2808,2761,2782,530529,565365,C2109.DCE,0
2021-05-17,2783,2813,2760,2772,576336,555651,C2109.DCE,0
2021-05-18,2775,2783,2761,2774,405312,559518,C2109.DCE,0
2021-05-19,2770,2788,2745,2768,477745,555526,C2109.DCE,0
2021-05-20,2767,2772,2731,2759,530334,548416,C2109.DCE,0
2021-05-21,2769,2784,2756,2764,577242,544727,C2109.DCE,0
2021-05-24,2764,2773,2711,2737,724509,523049,C2109.DCE,0
2021-05-25,2735,2760,2724,2730,478360,526333,C2109.DCE,0
2021-05-26,2733,2740,2668,2670,747357,596053,C2109.DCE,0
2021-05-27,2665,2690,2655,2669,519573,603841,C2109.DCE,0
2021-05-28,2669,2722,2662,2682,581869,589064,C2109.DCE,0
2021-05-31,2682,2710,2659,2666,562718,595732,C2109.DCE,0
2021-06-01,2663,2696,2657,2693,453044,583709,C2109.DCE,0
2021-06-02,2702,2724,2690,2715,502304,554438,C2109.DCE,0
2021-06-03,2715,2740,2707,2733,439278,547029,C2109.DCE,0
2021-06-04,2731,2734,2697,2713,503205,543467,C2109.DCE,0
2021-06-07,2725,2735,2699,2705,502249,545309,C2109.DCE,0
2021-06-08,2705,2708,2670,2689,525170,555877,C2109.DCE,0
2021-06-09,2689,2712,2679,2707,415042,549904,C2109.DCE,0
2021-06-10,2705,2735,2693,2730,531460,543886,C2109.DCE,0
2021-06-11,2735,2768,2721,2765,532189,562564,C2109.DCE,0
2021-06-15,2738,2740,2674,2682,634997,517719,C2109.DCE,0
2021-06-16,2682,2696,2666,2668,415274,541446,C2109.DCE,0
2021-06-17,2668,2689,2666,2670,368653,551490,C2109.DCE,0
2021-06-18,2661,2663,2601,2619,764369,578082,C2109.DCE,0
2021-06-21,2624,2632,2568,2595,611441,606561,C2109.DCE,0
2021-06-22,2589,2605,2580,2583,383150,603941,C2109.DCE,0
2021-06-23,2580,2603,2569,2597,420323,596105,C2109.DCE,0
2021-06-24,2590,2609,2583,2588,457926,613790,C2109.DCE,0
2021-06-25,2582,2607,2575,2588,352753,617549,C2109.DCE,0
2021-06-28,2588,2616,2556,2614,644631,601017,C2109.DCE,0
2021-06-29,2614,2636,2599,2627,443735,579767,C2109.DCE,0
2021-06-30,2622,2625,2606,2613,347822,566391,C2109.DCE,0
2021-07-01,2613,2657,2600,2621,600026,573397,C2109.DCE,0
2021-07-02,2623,2641,2621,2631,479488,543449,C2109.DCE,0
2021-07-05,2631,2631,2575,2607,712061,571519,C2109.DCE,0
2021-07-06,2607,2609,2582,2588,427402,589661,C2109.DCE,0
2021-07-07,2588,2603,2567,2574,574866,609367,C2109.DCE,0
2021-07-08,2562,2585,2557,2569,518546,621060,C2109.DCE,0
2021-07-09,2569,2574,2558,2567,408378,630818,C2109.DCE,0
2021-07-12,2565,2587,2543,2556,690785,656057,C2109.DCE,0
2021-07-13,2565,2601,2557,2595,669104,618899,C2109.DCE,0
2021-07-14,2591,2627,2581,2624,649754,608248,C2109.DCE,0
2021-07-15,2623,2629,2604,2609,462930,590230,C2109.DCE,0
2021-07-16,2618,2618,2572,2574,620664,572564,C2109.DCE,0
2021-07-19,2576,2588,2527,2528,729205,634636,C2109.DCE,0
2021-07-20,2530,2537,2509,2517,516727,654959,C2109.DCE,0
2021-07-21,2525,2541,2511,2519,499581,669156,C2109.DCE,0
2021-07-22,2519,2532,2506,2512,448619,674463,C2109.DCE,0
2021-07-23,2511,2534,2502,2524,441752,645571,C2109.DCE,0
2021-07-26,2531,2555,2525,2544,569926,601470,C2109.DCE,0
2021-07-27,2548,2582,2533,2577,638287,543865,C2109.DCE,0
2021-07-28,2570,2578,2553,2564,384356,519314,C2109.DCE,0
2021-07-29,2569,2577,2555,2562,335997,507840,C2109.DCE,0
2021-07-30,2562,2575,2561,2573,330728,501985,C2109.DCE,0
2021-08-02,2572,2595,2543,2591,701302,467324,C2109.DCE,0
2021-08-03,2591,2610,2582,2607,446864,460737,C2109.DCE,0
2021-08-04,2608,2611,2586,2608,410852,441559,C2109.DCE,0
2021-08-05,2617,2627,2606,2616,412409,424234,C2109.DCE,0
2021-08-06,2616,2629,2600,2601,433734,416679,C2109.DCE,0
2021-08-09,2603,2614,2594,2604,375017,391305,C2109.DCE,0
2021-08-10,2603,2608,2571,2577,388623,376829,C2109.DCE,0
2021-08-11,2578,2591,2568,2580,317525,344417,C2109.DCE,0
2021-08-12,2577,2615,2575,2614,408318,320088,C2109.DCE,0
2021-08-13,2594,2632,2594,2631,305291,292738,C2109.DCE,0
2021-08-16,2603,2617,2585,2597,716915,539311,C2201.DCE,1
2021-08-17,2597,2598,2581,2593,447490,560519,C2201.DCE,0
2021-08-18,2595,2606,2553,2556,726655,586245,C2201.DCE,0
2021-08-19,2558,2568,2551,2552,449579,589486,C2201.DCE,0
2021-08-20,2550,2557,2500,2501,781820,703785,C2201.DCE,0
2021-08-23,2501,2519,2487,2497,568026,733801,C2201.DCE,0
2021-08-24,2497,2516,2495,2510,410981,725114,C2201.DCE,0
2021-08-25,2505,2523,2501,2502,386402,736831,C2201.DCE,0
2021-08-26,2507,2510,2492,2494,425434,751177,C2201.DCE,0
2021-08-27,2494,2504,2474,2478,549153,793999,C2201.DCE,0
2021-08-30,2478,2494,2472,2482,494510,811298,C2201.DCE,0
2021-08-31,2485,2490,2476,2487,328320,807879,C2201.DCE,0
2021-09-01,2486,2486,2462,2463,544967,866107,C2201.DCE,0
2021-09-02,2463,2510,2457,2495,773320,809534,C2201.DCE,0
2021-09-03,2497,2499,2487,2491,383528,797303,C2201.DCE,0
2021-09-06,2491,2497,2458,2461,608677,875136,C2201.DCE,0
2021-09-07,2465,2468,2455,2462,394608,891943,C2201.DCE,0
2021-09-08,2458,2486,2452,2461,676642,889115,C2201.DCE,0
2021-09-09,2465,2469,2450,2463,577549,897907,C2201.DCE,0
2021-09-10,2463,2470,2451,2453,478154,937135,C2201.DCE,0
2021-09-13,2459,2484,2455,2477,824087,906391,C2201.DCE,0
2021-09-14,2475,2477,2455,2457,589349,959444,C2201.DCE,0
2021-09-15,2460,2475,2455,2459,656907,943203,C2201.DCE,0
2021-09-16,2457,2462,2436,2437,753753,1029494,C2201.DCE,0
2021-09-17,2442,2448,2434,2437,486668,1018734,C2201.DCE,0
2021-09-22,2430,2466,2429,2463,630994,972714,C2201.DCE,0
2021-09-23,2457,2485,2457,2484,656923,955940,C2201.DCE,0
2021-09-24,2478,2490,2476,2485,501064,941241,C2201.DCE,0
2021-09-27,2485,2491,2465,2481,506820,915759,C2201.DCE,0
2021-09-28,2481,2495,2469,2473,480349,907125,C2201.DCE,0
2021-09-29,2473,2483,2468,2481,407121,867857,C2201.DCE,0
2021-09-30,2481,2520,2471,2520,737415,821784,C2201.DCE,0
2021-10-08,2510,2510,2480,2490,504363,834412,C2201.DCE,0
2021-10-11,2490,2548,2489,2544,854210,856064,C2201.DCE,0
2021-10-12,2544,2554,2529,2537,593124,840483,C2201.DCE,0
2021-10-13,2537,2584,2519,2558,866211,853987,C2201.DCE,0
2021-10-14,2550,2558,2523,2527,521831,831215,C2201.DCE,0
2021-10-15,2530,2573,2529,2572,727981,847623,C2201.DCE,0
2021-10-18,2562,2565,2535,2542,579243,837716,C2201.DCE,0
2021-10-19,2538,2575,2534,2569,641767,850074,C2201.DCE,0
2021-10-20,2564,2576,2551,2568,568175,843108,C2201.DCE,0
2021-10-21,2568,2591,2567,2569,556259,841091,C2201.DCE,0
2021-10-22,2571,2583,2560,2568,570999,807122,C2201.DCE,0
2021-10-25,2568,2621,2540,2618,1011967,779568,C2201.DCE,0
2021-10-26,2622,2644,2608,2628,690115,773460,C2201.DCE,0
2021-10-27,2627,2627,2597,2609,448599,766723,C2201.DCE,0
2021-10-28,2609,2611,2565,2587,820926,701823,C2201.DCE,0
2021-10-29,2588,2635,2587,2627,666012,742734,C2201.DCE,0
2021-11-01,2627,2639,2605,2616,533345,736262,C2201.DCE,0
2021-11-02,2608,2657,2608,2637,607332,754636,C2201.DCE,0
2021-11-03,2639,2675,2635,2657,611686,743689,C2201.DCE,0
2021-11-04,2655,2689,2648,2676,481578,774788,C2201.DCE,0
2021-11-05,2676,2700,2652,2674,550266,772497,C2201.DCE,0
2021-11-08,2671,2730,2661,2690,683526,767249,C2201.DCE,0
2021-11-09,2690,2724,2684,2720,640872,784484,C2201.DCE,0
2021-11-10,2721,2734,2715,2727,473121,790172,C2201.DCE,0
2021-11-11,2727,2736,2677,2685,590494,758022,C2201.DCE,0
2021-11-12,2676,2690,2651,2663,493793,732796,C2201.DCE,0
2021-11-15,2663,2674,2637,2658,510578,738922,C2201.DCE,0
2021-11-16,2658,2685,2652,2680,350739,752194,C2201.DCE,0
2021-11-17,2680,2695,2664,2678,458022,756279,C2201.DCE,0
2021-11-18,2687,2688,2664,2679,358915,733041,C2201.DCE,0
2021-11-19,2679,2712,2679,2705,539448,731842,C2201.DCE,0
2021-11-22,2705,2712,2666,2670,534221,702301,C2201.DCE,0
2021-11-23,2668,2674,2641,2642,518912,661967,C2201.DCE,0
2021-11-24,2633,2648,2617,2637,472476,646807,C2201.DCE,0
2021-11-25,2637,2656,2628,2644,387857,633402,C2201.DCE,0
2021-11-26,2650,2672,2644,2648,406507,608970,C2201.DCE,0
2021-11-29,2649,2676,2636,2658,407289,604421,C2201.DCE,0
2021-11-30,2658,2680,2639,2645,444083,572539,C2201.DCE,0
2021-12-01,2645,2667,2632,2666,480377,535707,C2201.DCE,0
2021-12-02,2666,2685,2661,2676,423939,504155,C2201.DCE,0
2021-12-03,2676,2681,2655,2661,313697,448295,C2201.DCE,0
2021-12-06,2655,2664,2640,2643,293121,398827,C2201.DCE,0
2021-12-07,2683,2700,2680,2694,377508,782842,C2205.DCE,1
2021-12-08,2700,2720,2694,2713,480456,823707,C2205.DCE,0
2021-12-09,2710,2718,2685,2694,422560,831969,C2205.DCE,0
2021-12-10,2691,2709,2685,2705,322763,833661,C2205.DCE,0
2021-12-13,2709,2742,2701,2732,760333,965124,C2205.DCE,0
2021-12-14,2732,2738,2714,2734,380611,980529,C2205.DCE,0
2021-12-15,2738,2756,2731,2748,508344,1012515,C2205.DCE,0
2021-12-16,2749,2750,2718,2730,517411,999357,C2205.DCE,0
2021-12-17,2726,2739,2726,2735,281216,994712,C2205.DCE,0
2021-12-20,2731,2743,2708,2714,531898,993250,C2205.DCE,0
2021-12-21,2710,2724,2705,2709,357076,990274,C2205.DCE,0
2021-12-22,2703,2706,2686,2688,527979,1010632,C2205.DCE,0
2021-12-23,2685,2709,2682,2706,445983,975754,C2205.DCE,0
2021-12-24,2702,2706,2691,2696,323731,976222,C2205.DCE,0
2021-12-27,2690,2713,2682,2695,435777,980826,C2205.DCE,0
2021-12-28,2697,2699,2680,2681,374991,999736,C2205.DCE,0
2021-12-29,2683,2684,2663,2664,546634,1029554,C2205.DCE,0
2021-12-30,2662,2692,2660,2688,474410,1034066,C2205.DCE,0
2021-12-31,2683,2687,2665,2672,374613,1015352,C2205.DCE,0
2022-01-04,2675,2703,2675,2702,423438,983130,C2205.DCE,0
2022-01-05,2700,2716,2692,2711,409232,983845,C2205.DCE,0
2022-01-06,2710,2710,2674,2676,538777,995359,C2205.DCE,0
2022-01-07,2677,2686,2670,2682,362308,1033416,C2205.DCE,0
2022-01-10,2682,2702,2679,2687,428181,1005997,C2205.DCE,0
2022-01-11,2690,2700,2676,2696,407007,980541,C2205.DCE,0
2022-01-12,2700,2724,2692,2720,577345,1048963,C2205.DCE,0
2022-01-13,2721,2727,2711,2719,391088,1061483,C2205.DCE,0
2022-01-14,2723,2738,2719,2735,465643,1087499,C2205.DCE,0
2022-01-17,2735,2736,2710,2721,429716,1084994,C2205.DCE,0
2022-01-18,2721,2730,2714,2719,324407,1098812,C2205.DCE,0
2022-01-19,2719,2745,2711,2733,531564,1150594,C2205.DCE,0
2022-01-20,2739,2759,2732,2756,479763,1204531,C2205.DCE,0
2022-01-21,2756,2765,2733,2736,562200,1179588,C2205.DCE,0
2022-01-24,2735,2745,2731,2732,338287,1160215,C2205.DCE,0
2022-01-25,2738,2765,2725,2758,486024,1194288,C2205.DCE,0
2022-01-26,2754,2779,2754,2775,464961,1226400,C2205.DCE,0
2022-01-27,2775,2783,2763,2768,377241,1216769,C2205.DCE,0
2022-01-28,2768,2780,2759,2763,423918,1161813,C2205.DCE,0
2022-02-07,2785,2785,2746,2749,491798,1173686,C2205.DCE,0
2022-02-08,2749,2795,2749,2791,559255,1232421,C2205.DCE,0
2022-02-09,2787,2790,2767,2775,377912,1214925,C2205.DCE,0
2022-02-10,2778,2792,2771,2788,406566,1240172,C2205.DCE,0
2022-02-11,2790,2797,2764,2766,489785,1209290,C2205.DCE,0
2022-02-14,2770,2788,2769,2774,395751,1206595,C2205.DCE,0
2022-02-15,2769,2784,2764,2770,365971,1211518,C2205.DCE,0
2022-02-16,2765,2774,2754,2765,471245,1197986,C2205.DCE,0
2022-02-17,2764,2782,2759,2777,362561,1189394,C2205.DCE,0
2022-02-18,2780,2782,2769,2773,272847,1171723,C2205.DCE,0
2022-02-21,2773,2784,2760,2763,389782,1172826,C2205.DCE,0
2022-02-22,2760,2793,2733,2785,650873,1178048,C2205.DCE,0
2022-02-23,2780,2810,2767,2805,626990,1228570,C2205.DCE,0
2022-02-24,2806,2863,2801,2837,963748,1283291,C2205.DCE,0
2022-02-25,2845,2859,2812,2848,720770,1279384,C2205.DCE,0
2022-02-28,2820,2867,2813,2856,717071,1286532,C2205.DCE,0
2022-03-01,2863,2878,2850,2874,602530,1299534,C2205.DCE,0
2022-03-02,2875,2918,2855,2885,818205,1305127,C2205.DCE,0
2022-03-03,2885,2902,2868,2893,472506,1293036,C2205.DCE,0
2022-03-04,2893,2917,2882,2886,560032,1287502,C2205.DCE,0
2022-03-07,2905,2932,2893,2923,613669,1293003,C2205.DCE,0
2022-03-08,2923,2923,2864,2893,574464,1216074,C2205.DCE,0
2022-03-09,2883,2890,2855,2888,462901,1181058,C2205.DCE,0
2022-03-10,2875,2883,2841,2842,480798,1080944,C2205.DCE,0
2022-03-11,2848,2865,2840,2860,350272,1057561,C2205.DCE,0
2022-03-14,2852,2868,2830,2855,431605,1011380,C2205.DCE,0
2022-03-15,2859,2876,2843,2843,426695,968621,C2205.DCE,0
2022-03-16,2844,2871,2837,2863,308608,960340,C2205.DCE,0
2022-03-17,2864,2869,2844,2854,295485,945305,C2205.DCE,0
2022-03-18,2860,2892,2855,2889,390019,979692,C2205.DCE,0
2022-03-21,2887,2894,2869,2885,347285,952266,C2205.DCE,0
2022-03-22,2885,2905,2884,2896,325551,969140,C2205.DCE,0
2022-03-23,2890,2909,2885,2906,287171,969742,C2205.DCE,0
2022-03-24,2916,2923,2892,2902,386509,949103,C2205.DCE,0
2022-03-25,2899,2911,2881,2887,352879,924331,C2205.DCE,0
2022-03-28,2887,2914,2858,2863,471431,854635,C2205.DCE,0
2022-03-29,2857,2870,2849,2855,302996,815852,C2205.DCE,0
2022-03-30,2840,2854,2820,2842,405624,746326,C2205.DCE,0
2022-03-31,2842,2855,2835,2840,190017,727962,C2205.DCE,0
2022-04-01,2850,2861,2833,2834,274540,661108,C2205.DCE,0
2022-04-06,2849,2874,2846,2869,217936,649190,C2205.DCE,0
2022-04-07,2955,2962,2945,2951,349160,799217,C2209.DCE,1
2022-04-08,2940,2950,2917,2924,431208,850700,C2209.DCE,0
2022-04-11,2924,2934,2912,2914,357916,888751,C2209.DCE,0
2022-04-12,2907,2921,2904,2919,277911,919086,C2209.DCE,0
2022-04-13,2917,2933,2906,2917,343000,937627,C2209.DCE,0
2022-04-14,2920,2954,2914,2949,490908,1023134,C2209.DCE,0
2022-04-15,2949,2971,2942,2970,348760,1069061,C2209.DCE,0
2022-04-18,2970,2972,2955,2967,289795,1098557,C2209.DCE,0
2022-04-19,2969,2998,2959,2991,456375,1152917,C2209.DCE,0
2022-04-20,2991,3014,2983,3008,487517,1200955,C2209.DCE,0
2022-04-21,3025,3025,3004,3014,327271,1221194,C2209.DCE,0
2022-04-22,3005,3019,2981,2985,520642,1220843,C2209.DCE,0
2022-04-25,3000,3000,2966,2967,532304,1207738,C2209.DCE,0
2022-04-26,2968,3009,2968,2994,458734,1228570,C2209.DCE,0
2022-04-27,2994,3005,2975,2986,415333,1230737,C2209.DCE,0
2022-04-28,2986,3031,2985,3030,571760,1293569,C2209.DCE,0
2022-04-29,3031,3046,3013,3044,511906,1334863,C2209.DCE,0
2022-05-05,3035,3035,3016,3022,298332,1314546,C2209.DCE,0
2022-05-06,3027,3029,2985,2991,507396,1283535,C2209.DCE,0
2022-05-09,2987,3003,2980,2988,381887,1270337,C2209.DCE,0
2022-05-10,2988,3000,2947,2964,617769,1184257,C2209.DCE,0
2022-05-11,2972,2982,2962,2967,298605,1200871,C2209.DCE,0
2022-05-12,2962,2987,2962,2972,319893,1217317,C2209.DCE,0
2022-05-13,2972,3005,2967,2993,409622,1236371,C2209.DCE,0
2022-05-16,2993,3002,2978,3000,389512,1253691,C2209.DCE,0
2022-05-17,2998,3022,2991,3010,470401,1291698,C2209.DCE,0
2022-05-18,3012,3020,3001,3007,297511,1274932,C2209.DCE,0
2022-05-19,3008,3018,2992,2998,357207,1254647,C2209.DCE,0
2022-05-20,2995,3012,2986,3010,347574,1258205,C2209.DCE,0
2022-05-23,3005,3008,2982,2984,407377,1247421,C2209.DCE,0
2022-05-24,2984,2989,2953,2955,464164,1239299,C2209.DCE,0
2022-05-25,2954,2966,2923,2943,634173,1231195,C2209.DCE,0
2022-05-26,2935,2943,2919,2936,398506,1221095,C2209.DCE,0
2022-05-27,2932,2954,2920,2944,386619,1230802,C2209.DCE,0
2022-05-30,2944,2950,2921,2922,362274,1264026,C2209.DCE,0
2022-05-31,2922,2946,2919,2935,288283,1270711,C2209.DCE,0
2022-06-01,2931,2934,2870,2875,743164,1307663,C2209.DCE,0
2022-06-02,2888,2893,2864,2875,466604,1313659,C2209.DCE,0
2022-06-06,2885,2902,2884,2891,269247,1296503,C2209.DCE,0
2022-06-07,2883,2897,2878,2881,226793,1308202,C2209.DCE,0
2022-06-08,2891,2909,2884,2896,395829,1332275,C2209.DCE,0
2022-06-09,2897,2903,2851,2851,416192,1369092,C2209.DCE,0
2022-06-10,2852,2872,2845,2867,355279,1372476,C2209.DCE,0
2022-06-13,2868,2892,2862,2886,365150,1343337,C2209.DCE,0
2022-06-14,2891,2913,2878,2888,355004,1318469,C2209.DCE,0
2022-06-15,2891,2891,2872,2880,294310,1349742,C2209.DCE,0
2022-06-16,2883,2895,2879,2887,286137,1344316,C2209.DCE,0
2022-06-17,2893,2909,2885,2905,359106,1315862,C2209.DCE,0
2022-06-20,2909,2920,2896,2902,385000,1290224,C2209.DCE,0
2022-06-21,2902,2912,2882,2900,347350,1272830,C2209.DCE,0
2022-06-22,2892,2898,2851,2857,556486,1218932,C2209.DCE,0
2022-06-23,2858,2864,2807,2829,627915,1168201,C2209.DCE,0
2022-06-24,2832,2834,2772,2786,527861,1172811,C2209.DCE,0
2022-06-27,2802,2811,2786,2797,366110,1149689,C2209.DCE,0
2022-06-28,2797,2820,2793,2815,301726,1123144,C2209.DCE,0
2022-06-29,2813,2818,2805,2811,207451,1122072,C2209.DCE,0
2022-06-30,2811,2818,2770,2780,374655,1142264,C2209.DCE,0
2022-07-01,2770,2774,2700,2704,624043,1160893,C2209.DCE,0
2022-07-04,2712,2728,2681,2719,488766,1137144,C2209.DCE,0
2022-07-05,2719,2721,2684,2691,325721,1146475,C2209.DCE,0
2022-07-06,2691,2691,2655,2688,540778,1100805,C2209.DCE,0
2022-07-07,2691,2733,2683,2718,439622,1086443,C2209.DCE,0
2022-07-08,2727,2733,2713,2726,252356,1087099,C2209.DCE,0
2022-07-11,2726,2761,2719,2743,347445,1044261,C2209.DCE,0
2022-07-12,2748,2748,2710,2711,330725,1032424,C2209.DCE,0
2022-07-13,2705,2710,2671,2705,392519,1019290,C2209.DCE,0
2022-07-14,2698,2718,2686,2707,257427,1003454,C2209.DCE,0
2022-07-15,2707,2710,2671,2682,342030,993167,C2209.DCE,0
2022-07-18,2682,2688,2661,2681,341496,977105,C2209.DCE,0
2022-07-19,2688,2700,2609,2612,451553,996717,C2209.DCE,0
2022-07-20,2610,2633,2597,2620,396249,938069,C2209.DCE,0
2022-07-21,2620,2626,2602,2618,236878,931863,C2209.DCE,0
2022-07-22,2606,2607,2554,2564,392803,910932,C2209.DCE,0
2022-07-25,2565,2601,2548,2599,443761,869834,C2209.DCE,0
2022-07-26,2601,2636,2600,2625,340027,836761,C2209.DCE,0
2022-07-27,2630,2647,2621,2647,259080,809859,C2209.DCE,0
2022-07-28,2650,2680,2648,2672,326656,760523,C2209.DCE,0
2022-07-29,2675,2685,2652,2670,228197,736606,C2209.DCE,0
2022-08-01,2681,2696,2655,2667,278572,689813,C2209.DCE,0
2022-08-02,2660,2687,2643,2684,305623,632293,C2209.DCE,0
2022-08-03,2680,2704,2669,2685,237674,609832,C2209.DCE,0
2022-08-04,2689,2690,2648,2658,202411,603152,C2209.DCE,0
2022-08-05,2662,2690,2661,2688,302865,587966,C2209.DCE,0
2022-08-08,2686,2694,2655,2685,292999,520362,C2209.DCE,0
2022-08-09,2685,2715,2675,2705,246499,467568,C2209.DCE,0
2022-08-10,2710,2734,2710,2722,254204,404409,C2209.DCE,0
2022-08-11,2727,2729,2691,2707,159480,352497,C2209.DCE,0
2022-08-12,2733,2770,2728,2757,294372,710393,C2301.DCE,1
2022-08-15,2752,2760,2710,2718,348175,744475,C2301.DCE,0
2022-08-16,2715,2766,2699,2755,338205,759215,C2301.DCE,0
2022-08-17,2744,2750,2712,2725,275637,764191,C2301.DCE,0
2022-08-18,2730,2730,2680,2687,369023,783265,C2301.DCE,0
2022-08-19,2690,2700,2668,2686,297376,799173,C2301.DCE,0
2022-08-22,2686,2704,2677,2688,230257,806935,C2301.DCE,0
2022-08-23,2689,2743,2678,2737,469945,797967,C2301.DCE,0
2022-08-24,2738,2763,2728,2755,395926,806621,C2301.DCE,0
2022-08-25,2755,2759,2718,2726,351985,801740,C2301.DCE,0
2022-08-26,2726,2768,2725,2759,333633,809085,C2301.DCE,0
2022-08-29,2758,2808,2743,2806,504093,873576,C2301.DCE,0
2022-08-30,2804,2805,2788,2792,261373,875933,C2301.DCE,0
2022-08-31,2788,2807,2772,2797,351017,866209,C2301.DCE,0
2022-09-01,2785,2802,2777,2799,234364,875458,C2301.DCE,0
2022-09-02,2799,2802,2778,2790,319540,860397,C2301.DCE,0
2022-09-05,2800,2822,2792,2801,358607,868594,C2301.DCE,0
2022-09-06,2801,2831,2800,2827,363335,887301,C2301.DCE,0
2022-09-07,2827,2827,2790,2797,342216,865976,C2301.DCE,0
2022-09-08,2810,2824,2785,2805,386169,843720,C2301.DCE,0
2022-09-09,2800,2822,2787,2817,363190,827589,C2301.DCE,0
2022-09-13,2837,2859,2828,2839,253502,835356,C2301.DCE,0
2022-09-14,2839,2842,2829,2839,189918,828137,C2301.DCE,0
2022-09-15,2835,2841,2825,2831,217021,826526,C2301.DCE,0
2022-09-16,2835,2849,2829,2835,260290,806996,C2301.DCE,0
2022-09-19,2833,2857,2830,2848,267020,814313,C2301.DCE,0
2022-09-20,2841,2848,2816,2834,322807,789741,C2301.DCE,0
2022-09-21,2838,2865,2835,2849,323834,795194,C2301.DCE,0
2022-09-22,2840,2856,2838,2846,234657,793888,C2301.DCE,0
2022-09-23,2851,2853,2823,2828,275642,781655,C2301.DCE,0
2022-09-26,2823,2825,2780,2782,452782,771546,C2301.DCE,0
2022-09-27,2788,2794,2765,2777,368356,781952,C2301.DCE,0
2022-09-28,2777,2787,2742,2755,356826,800061,C2301.DCE,0
2022-09-29,2760,2778,2754,2766,267654,799278,C2301.DCE,0
2022-09-30,2770,2780,2760,2773,254971,785092,C2301.DCE,0
2022-10-10,2777,2805,2764,2804,316933,743473,C2301.DCE,0
2022-10-11,2807,2835,2804,2827,425830,713594,C2301.DCE,0
2022-10-12,2823,2840,2816,2840,276583,687961,C2301.DCE,0
2022-10-13,2840,2848,2827,2842,275841,681883,C2301.DCE,0
2022-10-14,2838,2871,2826,2870,349146,682142,C2301.DCE,0
2022-10-17,2865,2873,2843,2855,272243,662591,C2301.DCE,0
2022-10-18,2860,2870,2830,2855,316158,645451,C2301.DCE,0
2022-10-19,2855,2864,2843,2853,215614,656061,C2301.DCE,0
2022-10-20,2848,2860,2838,2855,244786,664587,C2301.DCE,0
2022-10-21,2856,2884,2852,2878,352553,706731,C2301.DCE,0
2022-10-24,2871,2895,2869,2880,337167,704862,C2301.DCE,0
2022-10-25,2880,2882,2846,2856,341269,683531,C2301.DCE,0
2022-10-26,2855,2879,2853,2871,293523,692363,C2301.DCE,0
2022-10-27,2871,2884,2860,2873,278660,709406,C2301.DCE,0
2022-10-28,2881,2881,2850,2857,325066,697036,C2301.DCE,0
2022-10-31,2859,2892,2840,2885,440942,704187,C2301.DCE,0
2022-11-01,2885,2894,2862,2882,400463,698152,C2301.DCE,0
2022-11-02,2885,2900,2855,2857,373924,694952,C2301.DCE,0
2022-11-03,2845,2855,2831,2840,448525,675920,C2301.DCE,0
2022-11-04,2838,2876,2834,2867,352824,654048,C2301.DCE,0
2022-11-07,2870,2888,2862,2887,339081,665815,C2301.DCE,0
2022-11-08,2889,2896,2884,2892,241849,663428,C2301.DCE,0
2022-11-09,2892,2896,2868,2871,309693,644646,C2301.DCE,0
2022-11-10,2871,2884,2860,2875,333395,638319,C2301.DCE,0
2022-11-11,2870,2889,2862,2881,334949,609956,C2301.DCE,0
2022-11-14,2885,2891,2848,2851,516571,604686,C2301.DCE,0
2022-11-15,2853,2864,2833,2840,336795,594528,C2301.DCE,0
2022-11-16,2836,2855,2822,2828,344942,618058,C2301.DCE,0
2022-11-17,2828,2834,2810,2814,307354,623671,C2301.DCE,0
2022-11-18,2805,2827,2800,2816,278664,637365,C2301.DCE,0
2022-11-21,2819,2859,2816,2853,379489,591056,C2301.DCE,0
2022-11-22,2854,2865,2845,2856,251136,567411,C2301.DCE,0
2022-11-23,2861,2882,2854,2879,319495,518634,C2301.DCE,0
2022-11-24,2877,2890,2871,2889,222265,499321,C2301.DCE,0
2022-11-25,2891,2934,2891,2934,426063,489150,C2301.DCE,0
2022-11-28,2934,2942,2920,2936,308283,477851,C2301.DCE,0
2022-11-29,2936,2944,2902,2912,287176,438722,C2301.DCE,0
2022-11-30,2903,2912,2884,2908,314480,392486,C2301.DCE,0
2022-12-01,2911,2918,2879,2887,243726,361338,C2301.DCE,0
2022-12-02,2881,2895,2875,2886,183689,335619,C2301.DCE,0
2022-12-05,2862,2876,2831,2834,353748,617279,C2303.DCE,1
2022-12-06,2834,2843,2825,2828,222714,640427,C2303.DCE,0
2022-12-07,2828,2828,2798,2808,294250,687177,C2303.DCE,0
2022-12-08,2808,2836,2803,2829,277129,698729,C2303.DCE,0
2022-12-09,2828,2828,2808,2817,266951,717954,C2303.DCE,0
2022-12-12,2818,2843,2806,2811,263493,731937,C2303.DCE,0
2022-12-13,2806,2831,2803,2816,223224,736316,C2303.DCE,0
2022-12-14,2815,2824,2786,2787,336608,795934,C2303.DCE,0
2022-12-15,2782,2805,2781,2791,279674,800415,C2303.DCE,0
2022-12-16,2791,2825,2791,2817,311815,773732,C2303.DCE,0
2022-12-19,2818,2818,2785,2787,321025,778713,C2303.DCE,0
2022-12-20,2793,2795,2759,2761,297202,783485,C2303.DCE,0
2022-12-21,2761,2761,2726,2745,439976,782844,C2303.DCE,0
2022-12-22,2750,2761,2736,2754,280574,783730,C2303.DCE,0
2022-12-23,2755,2760,2741,2752,227395,780712,C2303.DCE,0
2022-12-26,2751,2785,2744,2776,305574,765504,C2303.DCE,0
2022-12-27,2776,2792,2768,2788,252303,752246,C2303.DCE,0
2022-12-28,2795,2823,2791,2822,345918,717720,C2303.DCE,0
2022-12-29,2827,2834,2807,2816,348981,720213,C2303.DCE,0
2022-12-30,2817,2837,2808,2824,351892,709736,C2303.DCE,0
2023-01-03,2829,2842,2817,2840,301325,705314,C2303.DCE,0
2023-01-04,2840,2877,2838,2875,489218,711148,C2303.DCE,0
2023-01-05,2875,2882,2859,2878,341944,714472,C2303.DCE,0
2023-01-06,2873,2892,2867,2886,368002,731213,C2303.DCE,0
2023-01-09,2882,2895,2879,2890,306731,744647,C2303.DCE,0
2023-01-10,2890,2892,2858,2874,381903,738921,C2303.DCE,0
2023-01-11,2874,2876,2854,2873,296631,751365,C2303.DCE,0
2023-01-12,2879,2886,2865,2880,320773,760606,C2303.DCE,0
2023-01-13,2884,2910,2864,2877,458077,741379,C2303.DCE,0
2023-01-16,2879,2888,2874,2880,310643,744152,C2303.DCE,0
2023-01-17,2884,2894,2870,2884,299558,735363,C2303.DCE,0
2023-01-18,2879,2900,2875,2898,313217,739766,C2303.DCE,0
2023-01-19,2895,2900,2861,2874,300433,698935,C2303.DCE,0
2023-01-20,2874,2876,2848,2859,289391,638249,C2303.DCE,0
2023-01-30,2864,2902,2863,2892,276011,662104,C2303.DCE,0
2023-01-31,2888,2891,2837,2842,467314,558787,C2303.DCE,0
2023-02-01,2842,2847,2812,2830,429027,465189,C2303.DCE,0
2023-02-02,2830,2848,2820,2834,314586,405222,C2303.DCE,0
2023-02-03,2829,2847,2823,2837,331392,340649,C2303.DCE,0
2023-02-06,2833,2837,2786,2788,417486,284875,C2303.DCE,0
2023-02-07,2793,2799,2782,2794,311776,239897,C2303.DCE,0
2023-02-08,2794,2794,2780,2786,333381,200388,C2303.DCE,0
2023-02-09,2791,2791,2764,2771,283713,180795,C2303.DCE,0
2023-02-10,2765,2780,2758,2769,273001,151518,C2303.DCE,0
2023-02-13,2763,2801,2763,2793,262651,128737,C2303.DCE,0
2023-02-14,2838,2855,2822,2853,281579,591413,C2305.DCE,1
2023-02-15,2858,2858,2843,2846,188060,607913,C2305.DCE,0
2023-02-16,2846,2859,2842,2856,194021,609557,C2305.DCE,0
2023-02-17,2853,2869,2844,2868,248270,629317,C2305.DCE,0
2023-02-20,2868,2879,2861,2877,225785,644475,C2305.DCE,0
2023-02-21,2875,2882,2867,2875,208582,656127,C2305.DCE,0
2023-02-22,2878,2879,2866,2877,172548,669022,C2305.DCE,0
2023-02-23,2876,2881,2862,2863,223439,677177,C2305.DCE,0
2023-02-24,2862,2874,2860,2867,188846,679053,C2305.DCE,0
2023-02-27,2864,2868,2835,2844,338325,672667,C2305.DCE,0
2023-02-28,2848,2850,2835,2837,159891,670720,C2305.DCE,0
2023-03-01,2837,2859,2830,2854,275487,645124,C2305.DCE,0
2023-03-02,2852,2852,2840,2848,176730,637880,C2305.DCE,0
2023-03-03,2846,2851,2837,2838,184868,648160,C2305.DCE,0
2023-03-06,2838,2860,2823,2824,365055,681898,C2305.DCE,0
2023-03-07,2824,2856,2824,2847,252973,655879,C2305.DCE,0
2023-03-08,2847,2859,2843,2855,177146,651101,C2305.DCE,0
2023-03-09,2850,2853,2835,2840,188189,650497,C2305.DCE,0
2023-03-10,2845,2855,2840,2850,218459,638224,C2305.DCE,0
2023-03-13,2846,2850,2824,2835,291285,650706,C2305.DCE,0
2023-03-14,2830,2841,2816,2833,291152,660775,C2305.DCE,0
2023-03-15,2829,2840,2828,2832,159946,657328,C2305.DCE,0
2023-03-16,2826,2836,2821,2824,191663,653340,C2305.DCE,0
2023-03-17,2827,2845,2820,2836,220060,641118,C2305.DCE,0
2023-03-20,2837,2854,2833,2843,293716,647189,C2305.DCE,0
2023-03-21,2843,2844,2776,2779,543092,623337,C2305.DCE,0
2023-03-22,2785,2794,2754,2768,476306,616238,C2305.DCE,0
2023-03-23,2771,2782,2758,2776,328396,574315,C2305.DCE,0
2023-03-24,2764,2772,2725,2745,590852,792288,C2307.DCE,1
2023-03-27,2749,2754,2693,2700,642109,827340,C2307.DCE,0
2023-03-28,2704,2739,2698,2738,497339,796380,C2307.DCE,0
2023-03-29,2741,2750,2733,2739,372898,775645,C2307.DCE,0
2023-03-30,2745,2749,2731,2742,443112,758830,C2307.DCE,0
2023-03-31,2742,2745,2713,2724,546429,777927,C2307.DCE,0
2023-04-03,2718,2742,2718,2721,527063,769182,C2307.DCE,0
2023-04-04,2719,2735,2705,2722,528643,769219,C2307.DCE,0
2023-04-06,2717,2722,2703,2711,277165,778558,C2307.DCE,0
2023-04-07,2711,2734,2689,2728,562828,794648,C2307.DCE,0
2023-04-10,2730,2766,2727,2763,571329,772368,C2307.DCE,0
2023-04-11,2762,2776,2752,2768,463486,784785,C2307.DCE,0
2023-04-12,2768,2771,2750,2757,341402,786631,C2307.DCE,0
2023-04-13,2761,2766,2740,2742,391467,801769,C2307.DCE,0
2023-04-14,2746,2759,2737,2756,354670,793596,C2307.DCE,0
2023-04-17,2750,2757,2728,2732,420973,822469,C2307.DCE,0
2023-04-18,2736,2754,2733,2742,363244,828149,C2307.DCE,0
2023-04-19,2739,2749,2730,2734,316604,842678,C2307.DCE,0
2023-04-20,2729,2736,2690,2710,703476,859076,C2307.DCE,0
2023-04-21,2707,2710,2667,2672,537619,896541,C2307.DCE,0
2023-04-24,2680,2685,2659,2672,585784,910957,C2307.DCE,0
2023-04-25,2665,2676,2655,2671,440547,915100,C2307.DCE,0
2023-04-26,2671,2690,2671,2685,508898,913580,C2307.DCE,0
2023-04-27,2680,2687,2657,2661,420378,913498,C2307.DCE,0
2023-04-28,2660,2663,2632,2644,555535,885098,C2307.DCE,0
2023-05-04,2641,2656,2589,2601,470028,880418,C2307.DCE,0
2023-05-05,2603,2614,2593,2602,349067,881366,C2307.DCE,0
2023-05-08,2600,2635,2600,2629,433817,845825,C2307.DCE,0
2023-05-09,2625,2633,2601,2602,297072,842541,C2307.DCE,0
2023-05-10,2600,2601,2546,2566,557870,846801,C2307.DCE,0
2023-05-11,2568,2572,2524,2526,399069,855015,C2307.DCE,0
2023-05-12,2521,2556,2495,2539,705108,842510,C2307.DCE,0
2023-05-15,2544,2544,2502,2533,501793,814408,C2307.DCE,0
2023-05-16,2533,2563,2533,2544,335380,803837,C2307.DCE,0
2023-05-17,2541,2549,2511,2547,378161,797555,C2307.DCE,0
2023-05-18,2543,2557,2522,2544,400101,799786,C2307.DCE,0
2023-05-19,2536,2551,2534,2547,303536,792438,C2307.DCE,0
2023-05-22,2553,2583,2550,2554,500763,788177,C2307.DCE,0
2023-05-23,2555,2585,2553,2580,319567,779131,C2307.DCE,0
2023-05-24,2588,2592,2550,2557,387383,763233,C2307.DCE,0
2023-05-25,2565,2578,2550,2578,349957,750566,C2307.DCE,0
2023-05-26,2578,2621,2572,2615,532811,742979,C2307.DCE,0
2023-05-29,2616,2640,2611,2623,395211,732249,C2307.DCE,0
2023-05-30,2623,2633,2605,2631,421994,705060,C2307.DCE,0
2023-05-31,2638,2644,2619,2633,336871,686372,C2307.DCE,0
2023-06-01,2625,2652,2624,2651,320099,677659,C2307.DCE,0
2023-06-02,2653,2664,2638,2651,315798,634975,C2307.DCE,0
2023-06-05,2651,2675,2651,2656,296109,627982,C2307.DCE,0
2023-06-06,2656,2658,2635,2642,362748,578849,C2307.DCE,0
2023-06-07,2645,2650,2631,2642,306011,573068,C2307.DCE,0
2023-06-08,2642,2657,2641,2650,237646,543134,C2307.DCE,0
2023-06-09,2652,2667,2646,2657,224999,501711,C2307.DCE,0
2023-06-12,2621,2629,2576,2583,546329,711349,C2309.DCE,1
2023-06-13,2590,2610,2572,2607,415840,736598,C2309.DCE,0
2023-06-14,2611,2617,2601,2607,340506,763561,C2309.DCE,0
2023-06-15,2605,2649,2605,2648,434408,807475,C2309.DCE,0
2023-06-16,2643,2672,2638,2670,412464,815981,C2309.DCE,0
2023-06-19,2675,2694,2665,2676,488835,823100,C2309.DCE,0
2023-06-20,2676,2699,2667,2677,431965,823521,C2309.DCE,0
2023-06-21,2676,2696,2670,2688,400986,842135,C2309.DCE,0
2023-06-26,2676,2703,2669,2691,374474,866108,C2309.DCE,0
2023-06-27,2697,2726,2693,2715,456533,867219,C2309.DCE,0
2023-06-28,2711,2714,2687,2702,516265,867468,C2309.DCE,0
2023-06-29,2698,2720,2693,2714,312098,880177,C2309.DCE,0
2023-06-30,2708,2740,2708,2728,421494,888641,C2309.DCE,0
2023-07-03,2735,2742,2701,2727,524382,873031,C2309.DCE,0
2023-07-04,2725,2750,2715,2748,474954,899953,C2309.DCE,0
2023-07-05,2755,2787,2747,2780,563153,901922,C2309.DCE,0
2023-07-06,2786,2794,2773,2789,452070,889956,C2309.DCE,0
2023-07-07,2789,2797,2779,2788,375572,895687,C2309.DCE,0
2023-07-10,2788,2792,2771,2779,369533,881102,C2309.DCE,0
2023-07-11,2780,2786,2753,2755,378233,857590,C2309.DCE,0
2023-07-12,2752,2757,2729,2746,488469,839942,C2309.DCE,0
2023-07-13,2740,2752,2730,2736,330859,839774,C2309.DCE,0
2023-07-14,2734,2751,2734,2738,285134,836329,C2309.DCE,0
2023-07-17,2745,2770,2734,2754,505806,833537,C2309.DCE,0
2023-07-18,2754,2756,2697,2705,682909,776605,C2309.DCE,0
2023-07-19,2715,2735,2711,2719,401975,753630,C2309.DCE,0
2023-07-20,2729,2731,2713,2719,336457,719650,C2309.DCE,0
2023-07-21,2722,2724,2684,2690,429306,696802,C2309.DCE,0
2023-07-24,2685,2699,2679,2683,336077,677910,C2309.DCE,0
2023-07-25,2688,2696,2681,2687,262606,651439,C2309.DCE,0
2023-07-26,2684,2722,2683,2705,451130,632747,C2309.DCE,0
2023-07-27,2705,2705,2687,2693,294998,620389,C2309.DCE,0
2023-07-28,2695,2718,2687,2710,368453,591269,C2309.DCE,0
2023-07-31,2707,2726,2697,2715,338257,567568,C2309.DCE,0
2023-08-01,2716,2729,2693,2703,409080,545328,C2309.DCE,0
2023-08-02,2701,2718,2695,2716,294776,529091,C2309.DCE,0
2023-08-03,2715,2761,2714,2751,643231,538552,C2309.DCE,0
2023-08-04,2746,2768,2741,2767,364651,531967,C2309.DCE,0
2023-08-07,2767,2777,2747,2767,469072,469459,C2309.DCE,0
2023-08-08,2767,2800,2762,2793,315605,450036,C2309.DCE,0
2023-08-09,2790,2819,2786,2808,370228,397965,C2309.DCE,0
2023-08-10,2802,2817,2789,2814,320208,316189,C2309.DCE,0
2023-08-11,2744,2777,2711,2713,854307,645280,C2311.DCE,1
2023-08-14,2714,2723,2692,2701,565268,660151,C2311.DCE,0
2023-08-15,2701,2708,2688,2705,359416,668232,C2311.DCE,0
2023-08-16,2701,2708,2635,2637,684084,691024,C2311.DCE,0
2023-08-17,2634,2646,2610,2626,673917,700741,C2311.DCE,0
2023-08-18,2625,2660,2623,2645,610762,684833,C2311.DCE,0
2023-08-21,2647,2669,2644,2653,613176,672841,C2311.DCE,0
2023-08-22,2657,2659,2638,2650,467041,665550,C2311.DCE,0
2023-08-23,2655,2681,2651,2668,576788,669174,C2311.DCE,0
2023-08-24,2670,2700,2667,2693,532695,690503,C2311.DCE,0
2023-08-25,2696,2719,2692,2717,598282,698207,C2311.DCE,0
2023-08-28,2717,2720,2679,2708,734738,689546,C2311.DCE,0
2023-08-29,2710,2738,2709,2728,576089,721543,C2311.DCE,0
2023-08-30,2727,2734,2714,2731,512266,724842,C2311.DCE,0
2023-08-31,2731,2746,2722,2733,458836,697733,C2311.DCE,0
2023-09-01,2739,2739,2706,2716,416458,680512,C2311.DCE,0
2023-09-04,2719,2723,2663,2673,575158,652669,C2311.DCE,0
2023-09-05,2675,2691,2672,2685,338154,634454,C2311.DCE,0
2023-09-06,2685,2700,2668,2691,330727,619739,C2311.DCE,0
2023-09-07,2693,2705,2672,2677,394650,601685,C2311.DCE,0
2023-09-08,2676,2677,2654,2657,411781,576852,C2311.DCE,0
2023-09-11,2661,2677,2656,2668,300296,574174,C2311.DCE,0
2023-09-12,2665,2666,2644,2652,344955,554960,C2311.DCE,0
2023-09-13,2661,2661,2632,2649,343593,541941,C2311.DCE,0
2023-09-14,2654,2672,2644,2664,381633,532545,C2311.DCE,0
2023-09-15,2660,2695,2660,2692,417902,522544,C2311.DCE,0
2023-09-18,2692,2693,2641,2646,493363,496288,C2311.DCE,0
2023-09-19,2640,2650,2635,2640,305652,481227,C2311.DCE,0
2023-09-20,2641,2666,2641,2654,335626,446191,C2311.DCE,0
2023-09-21,2654,2658,2644,2653,290779,413947,C2311.DCE,0
2023-09-22,2655,2664,2634,2652,331226,398893,C2311.DCE,0
2023-09-25,2652,2663,2619,2628,359692,385605,C2311.DCE,0
2023-09-26,2628,2629,2613,2615,238598,372320,C2311.DCE,0
2023-09-27,2616,2617,2588,2615,345890,320314,C2311.DCE,0
2023-09-28,2610,2632,2605,2628,253664,273955,C2311.DCE,0
2023-10-09,2600,2602,2581,2588,217632,272875,C2311.DCE,0
2023-10-10,2588,2598,2583,2592,165011,259632,C2311.DCE,0
2023-10-11,2550,2551,2523,2536,357702,726805,C2401.DCE,1
2023-10-12,2538,2546,2532,2537,282234,748096,C2401.DCE,0
2023-10-13,2532,2550,2528,2541,282951,758631,C2401.DCE,0
2023-10-16,2544,2548,2519,2527,424554,764147,C2401.DCE,0
2023-10-17,2525,2529,2498,2507,486274,803099,C2401.DCE,0
2023-10-18,2502,2506,2483,2486,422363,817151,C2401.DCE,0
2023-10-19,2490,2520,2482,2511,490528,815098,C2401.DCE,0
2023-10-20,2511,2516,2498,2506,316571,825872,C2401.DCE,0
2023-10-23,2506,2519,2502,2511,369353,824612,C2401.DCE,0
2023-10-24,2511,2523,2508,2519,328290,803461,C2401.DCE,0
2023-10-25,2518,2533,2513,2518,352820,808453,C2401.DCE,0
2023-10-26,2520,2520,2489,2500,515749,829670,C2401.DCE,0
2023-10-27,2500,2520,2492,2515,414606,820807,C2401.DCE,0
2023-10-30,2512,2543,2510,2538,487711,804936,C2401.DCE,0
2023-10-31,2536,2546,2524,2539,366125,797818,C2401.DCE,0
2023-11-01,2539,2552,2530,2542,346188,776917,C2401.DCE,0
2023-11-02,2546,2550,2538,2548,232596,773326,C2401.DCE,0
2023-11-03,2548,2555,2535,2553,329959,760435,C2401.DCE,0
2023-11-06,2553,2575,2550,2568,471589,765320,C2401.DCE,0
2023-11-07,2566,2570,2537,2544,404843,771362,C2401.DCE,0
2023-11-08,2541,2556,2540,2553,279074,751917,C2401.DCE,0
2023-11-09,2553,2563,2537,2547,326697,745529,C2401.DCE,0
2023-11-10,2544,2548,2516,2520,478513,740361,C2401.DCE,0
2023-11-13,2515,2535,2513,2525,321275,727123,C2401.DCE,0
2023-11-14,2526,2550,2518,2542,411563,723547,C2401.DCE,0
2023-11-15,2542,2549,2537,2544,287512,715105,C2401.DCE,0
2023-11-16,2544,2558,2540,2553,298023,722164,C2401.DCE,0
2023-11-17,2553,2557,2536,2543,313647,718285,C2401.DCE,0
2023-11-20,2546,2578,2543,2572,473227,717054,C2401.DCE,0
2023-11-21,2568,2580,2565,2570,305419,723065,C2401.DCE,0
2023-11-22,2570,2570,2535,2544,406871,691857,C2401.DCE,0
2023-11-23,2546,2552,2528,2536,253879,679794,C2401.DCE,0
2023-11-24,2539,2547,2529,2529,216678,678818,C2401.DCE,0
2023-11-27,2530,2540,2505,2510,383153,680320,C2401.DCE,0
2023-11-28,2510,2514,2490,2492,303587,674036,C2401.DCE,0
2023-11-29,2491,2500,2487,2492,223455,662020,C2401.DCE,0
2023-11-30,2494,2505,2491,2501,215791,650011,C2401.DCE,0
2023-12-01,2501,2504,2483,2487,249836,631998,C2401.DCE,0
2023-12-04,2487,2500,2482,2488,267921,598369,C2401.DCE,0
2023-12-05,2488,2496,2478,2485,259382,545065,C2401.DCE,0
2023-12-06,2485,2501,2476,2499,278459,493609,C2401.DCE,0
2023-12-07,2499,2503,2483,2492,251523,465594,C2401.DCE,0
2023-12-08,2497,2500,2480,2498,265321,430526,C2401.DCE,0
2023-12-11,2491,2498,2480,2487,223920,417642,C2401.DCE,0
2023-12-12,2481,2488,2447,2470,375162,380006,C2401.DCE,0
2023-12-13,2466,2470,2452,2456,233681,342174,C2401.DCE,0
2023-12-14,2451,2464,2441,2452,195412,302458,C2401.DCE,0
2023-12-15,2450,2461,2443,2444,135009,273878,C2401.DCE,0
2023-12-18,2445,2446,2388,2404,572919,718802,C2405.DCE,1
2023-12-19,2407,2407,2371,2379,536923,769031,C2405.DCE,0
2023-12-20,2379,2395,2364,2391,485180,772632,C2405.DCE,0
2023-12-21,2392,2403,2386,2396,418688,769350,C2405.DCE,0
2023-12-22,2396,2424,2392,2416,504100,737668,C2405.DCE,0
2023-12-25,2417,2458,2417,2436,592533,718605,C2405.DCE,0
2023-12-26,2439,2440,2414,2417,365516,715885,C2405.DCE,0
2023-12-27,2416,2424,2404,2410,386903,730000,C2405.DCE,0
2023-12-28,2409,2437,2407,2437,404450,734130,C2405.DCE,0
2023-12-29,2437,2438,2412,2413,347095,724240,C2405.DCE,0
2024-01-02,2420,2432,2407,2424,321823,706499,C2405.DCE,0
2024-01-03,2426,2449,2422,2435,476327,656879,C2405.DCE,0
2024-01-04,2435,2440,2422,2423,257623,665312,C2405.DCE,0
2024-01-05,2421,2424,2391,2395,492651,702057,C2405.DCE,0
2024-01-08,2397,2410,2382,2390,453864,715520,C2405.DCE,0
2024-01-09,2387,2392,2371,2387,360918,725820,C2405.DCE,0
2024-01-10,2383,2391,2354,2355,447702,760875,C2405.DCE,0
2024-01-11,2350,2431,2340,2406,959521,733688,C2405.DCE,0
2024-01-12,2401,2407,2374,2375,521090,741385,C2405.DCE,0
2024-01-15,2379,2393,2367,2384,444910,749721,C2405.DCE,0
2024-01-16,2385,2390,2372,2386,376760,764853,C2405.DCE,0
2024-01-17,2380,2385,2354,2357,463672,807585,C2405.DCE,0
2024-01-18,2351,2365,2331,2358,643827,838796,C2405.DCE,0
2024-01-19,2352,2366,2339,2343,476173,883759,C2405.DCE,0
2024-01-22,2340,2345,2317,2323,535777,942276,C2405.DCE,0
2024-01-23,2322,2344,2318,2340,503843,935402,C2405.DCE,0
2024-01-24,2345,2353,2334,2345,434885,931685,C2405.DCE,0
2024-01-25,2345,2355,2341,2347,399028,957792,C2405.DCE,0
2024-01-26,2341,2363,2335,2358,503567,962654,C2405.DCE,0
2024-01-29,2360,2388,2352,2376,609982,931360,C2405.DCE,0
2024-01-30,2376,2379,2365,2373,342718,921889,C2405.DCE,0
2024-01-31,2373,2397,2363,2390,504780,924880,C2405.DCE,0
2024-02-01,2389,2404,2382,2401,378351,934922,C2405.DCE,0
2024-02-02,2403,2410,2394,2405,388199,918580,C2405.DCE,0
2024-02-05,2405,2405,2379,2395,481072,875277,C2405.DCE,0
2024-02-06,2395,2416,2393,2415,360982,876126,C2405.DCE,0
2024-02-07,2414,2415,2403,2407,296730,871573,C2405.DCE,0
2024-02-08,2407,2418,2394,2413,310839,848657,C2405.DCE,0
2024-02-19,2395,2401,2377,2391,430203,883645,C2405.DCE,0
2024-02-20,2388,2412,2388,2404,494195,916450,C2405.DCE,0
2024-02-21,2410,2432,2410,2426,531059,951466,C2405.DCE,0
2024-02-22,2426,2466,2421,2464,731608,955285,C2405.DCE,0
2024-02-23,2461,2469,2448,2463,579931,968217,C2405.DCE,0
2024-02-26,2459,2479,2452,2460,674979,958269,C2405.DCE,0
2024-02-27,2455,2460,2445,2453,464933,978564,C2405.DCE,0
2024-02-28,2452,2465,2451,2452,407248,961603,C2405.DCE,0
2024-02-29,2452,2465,2448,2462,368314,960092,C2405.DCE,0
2024-03-01,2462,2473,2454,2462,425327,957880,C2405.DCE,0
2024-03-04,2462,2464,2429,2440,593466,923914,C2405.DCE,0
2024-03-05,2440,2451,2432,2444,365499,923982,C2405.DCE,0
2024-03-06,2444,2457,2438,2453,378725,922347,C2405.DCE,0
2024-03-07,2455,2463,2448,2452,340689,914230,C2405.DCE,0
2024-03-08,2456,2461,2442,2445,458820,915280,C2405.DCE,0
2024-03-11,2444,2445,2423,2428,572919,921279,C2405.DCE,0
2024-03-12,2433,2454,2430,2441,512413,905806,C2405.DCE,0
2024-03-13,2439,2446,2433,2438,306523,902174,C2405.DCE,0
2024-03-14,2438,2445,2423,2425,477414,912630,C2405.DCE,0
2024-03-15,2426,2457,2422,2451,576268,898751,C2405.DCE,0
2024-03-18,2455,2462,2437,2440,569570,882668,C2405.DCE,0
2024-03-19,2438,2439,2414,2420,634865,898248,C2405.DCE,0
2024-03-20,2420,2430,2420,2424,319166,892777,C2405.DCE,0
2024-03-21,2422,2432,2415,2421,413306,886770,C2405.DCE,0
2024-03-22,2421,2426,2395,2401,558919,904379,C2405.DCE,0
2024-03-25,2401,2412,2393,2397,448091,883517,C2405.DCE,0
2024-03-26,2397,2401,2381,2385,345179,892264,C2405.DCE,0
2024-03-27,2383,2398,2381,2384,366780,879199,C2405.DCE,0
2024-03-28,2390,2415,2385,2408,610585,818232,C2405.DCE,0
2024-03-29,2408,2426,2405,2415,449189,776883,C2405.DCE,0
2024-04-01,2410,2427,2407,2426,428162,732412,C2405.DCE,0
2024-04-02,2426,2440,2418,2433,371726,689731,C2405.DCE,0
2024-04-03,2435,2443,2425,2428,330254,670631,C2405.DCE,0
2024-04-08,2423,2425,2404,2419,387247,623799,C2405.DCE,0
2024-04-09,2421,2421,2410,2415,333821,610407,C2405.DCE,0
2024-04-10,2415,2423,2412,2417,274168,575309,C2405.DCE,0
2024-04-11,2417,2421,2394,2394,368089,560864,C2405.DCE,0
2024-04-12,2397,2401,2391,2393,265832,545880,C2405.DCE,0
2024-04-15,2397,2410,2384,2392,359163,518360,C2405.DCE,0
2024-04-16,2392,2396,2376,2382,303805,488036,C2405.DCE,0
2024-04-17,2382,2384,2370,2381,301292,420253,C2405.DCE,0
2024-04-18,2385,2392,2375,2378,206653,356616,C2405.DCE,0
2024-04-19,2407,2419,2398,2414,396479,669081,C2407.DCE,1
2024-04-22,2415,2425,2403,2404,363814,698681,C2407.DCE,0
2024-04-23,2404,2424,2400,2415,376184,705625,C2407.DCE,0
2024-04-24,2414,2424,2409,2422,311486,695904,C2407.DCE,0
2024-04-25,2422,2425,2408,2411,307019,704997,C2407.DCE,0
2024-04-26,2410,2410,2385,2393,613745,766857,C2407.DCE,0
2024-04-29,2390,2400,2375,2391,453344,767128,C2407.DCE,0
2024-04-30,2389,2394,2381,2388,276059,760220,C2407.DCE,0
2024-05-06,2395,2412,2388,2409,329046,745055,C2407.DCE,0
2024-05-07,2414,2441,2409,2438,639753,716418,C2407.DCE,0
2024-05-08,2435,2452,2434,2446,476776,710063,C2407.DCE,0
2024-05-09,2444,2465,2441,2446,528637,708215,C2407.DCE,0
2024-05-10,2442,2457,2439,2453,408313,708415,C2407.DCE,0
2024-05-13,2455,2462,2441,2448,467080,688074,C2407.DCE,0
2024-05-14,2448,2467,2447,2456,481188,688494,C2407.DCE,0
2024-05-15,2457,2460,2446,2459,330356,679479,C2407.DCE,0
2024-05-16,2460,2471,2457,2467,346944,666715,C2407.DCE,0
2024-05-17,2465,2474,2455,2459,390843,639233,C2407.DCE,0
2024-05-20,2458,2465,2448,2454,393038,622791,C2407.DCE,0
2024-05-21,2456,2459,2444,2449,411864,597758,C2407.DCE,0
2024-05-22,2454,2476,2450,2476,417368,609970,C2407.DCE,0
2024-05-23,2477,2483,2466,2473,394035,597839,C2407.DCE,0
2024-05-24,2476,2482,2459,2462,393395,573112,C2407.DCE,0
2024-05-27,2462,2464,2448,2451,310299,560287,C2407.DCE,0
2024-05-28,2457,2457,2446,2450,314611,531998,C2407.DCE,0
2024-05-29,2450,2451,2432,2435,409110,492947,C2407.DCE,0
2024-05-30,2437,2445,2422,2428,366706,462395,C2407.DCE,0
2024-05-31,2431,2439,2427,2434,263824,420147,C2407.DCE,0
2024-06-03,2436,2443,2434,2438,246533,397339,C2407.DCE,0
2024-06-04,2440,2446,2424,2428,284074,372636,C2407.DCE,0
2024-06-05,2430,2441,2427,2435,210941,344620,C2407.DCE,0
2024-06-06,2442,2445,2437,2439,162225,315294,C2407.DCE,0
2024-06-07,2464,2495,2464,2489,570109,630740,C2409.DCE,1
2024-06-11,2490,2504,2481,2485,328716,643931,C2409.DCE,0
2024-06-12,2485,2496,2483,2492,305155,673052,C2409.DCE,0
2024-06-13,2492,2495,2477,2484,415281,679702,C2409.DCE,0
2024-06-14,2486,2494,2482,2483,358979,692201,C2409.DCE,0
2024-06-17,2483,2484,2467,2467,443425,686590,C2409.DCE,0
2024-06-18,2469,2473,2457,2457,395447,710307,C2409.DCE,0
2024-06-19,2457,2472,2453,2458,394309,728463,C2409.DCE,0
2024-06-20,2458,2469,2458,2465,322290,736987,C2409.DCE,0
2024-06-21,2467,2471,2460,2465,299813,739867,C2409.DCE,0
2024-06-24,2464,2499,2462,2495,612034,733619,C2409.DCE,0
2024-06-25,2495,2512,2482,2508,608509,773061,C2409.DCE,0
2024-06-26,2504,2520,2504,2514,598842,771415,C2409.DCE,0
2024-06-27,2514,2519,2509,2512,433966,776505,C2409.DCE,0
2024-06-28,2507,2516,2500,2509,373564,778093,C2409.DCE,0
2024-07-01,2506,2510,2480,2483,593377,724263,C2409.DCE,0
2024-07-02,2483,2489,2475,2489,354298,714200,C2409.DCE,0
2024-07-03,2489,2495,2482,2483,320592,695242,C2409.DCE,0
2024-07-04,2483,2485,2470,2472,357811,685977,C2409.DCE,0
2024-07-05,2471,2479,2466,2469,351976,690122,C2409.DCE,0
2024-07-08,2469,2474,2458,2459,417172,720395,C2409.DCE,0
2024-07-09,2457,2459,2434,2436,502513,751820,C2409.DCE,0
2024-07-10,2436,2436,2416,2420,503469,770265,C2409.DCE,0
2024-07-11,2420,2427,2411,2413,379584,778490,C2409.DCE,0
2024-07-12,2413,2424,2402,2404,411470,784573,C2409.DCE,0
2024-07-15,2408,2414,2376,2384,592270,776250,C2409.DCE,0
2024-07-16,2384,2388,2366,2381,419353,781438,C2409.DCE,0
2024-07-17,2379,2394,2379,2388,438893,772576,C2409.DCE,0
2024-07-18,2389,2396,2378,2394,314794,763160,C2409.DCE,0
2024-07-19,2397,2400,2383,2395,319067,766986,C2409.DCE,0
2024-07-22,2398,2414,2396,2406,380393,746000,C2409.DCE,0
2024-07-23,2405,2411,2391,2393,364751,725405,C2409.DCE,0
2024-07-24,2397,2399,2370,2371,481680,725760,C2409.DCE,0
2024-07-25,2371,2372,2337,2350,570129,706899,C2409.DCE,0
2024-07-26,2350,2363,2335,2357,488994,690486,C2409.DCE,0
2024-07-29,2357,2357,2320,2347,493734,664749,C2409.DCE,0
2024-07-30,2342,2353,2336,2339,333246,653388,C2409.DCE,0
2024-07-31,2342,2353,2332,2351,353026,626333,C2409.DCE,0
2024-08-01,2347,2356,2330,2337,381433,630547,C2409.DCE,0
2024-08-02,2335,2336,2307,2321,491445,643495,C2409.DCE,0
2024-08-05,2324,2326,2274,2281,486923,662863,C2409.DCE,0
2024-08-06,2270,2289,2261,2265,448282,614014,C2409.DCE,0
2024-08-07,2259,2283,2250,2274,586231,566298,C2409.DCE,0
2024-08-08,2274,2301,2270,2300,410472,524468,C2409.DCE,0
2024-08-09,2300,2320,2296,2319,471570,465399,C2409.DCE,0
2024-08-12,2319,2323,2289,2303,416464,414605,C2409.DCE,0
2024-08-13,2303,2318,2289,2294,350288,375827,C2409.DCE,0
2024-08-14,2297,2299,2277,2286,346479,329772,C2409.DCE,0
2024-08-15,2284,2304,2280,2300,244750,302432,C2409.DCE,0
2024-08-16,2274,2278,2252,2254,398079,575676,C2411.DCE,1
2024-08-19,2250,2290,2250,2287,494190,595312,C2411.DCE,0
2024-08-20,2290,2294,2278,2285,359421,618767,C2411.DCE,0
2024-08-21,2288,2303,2283,2303,362740,642460,C2411.DCE,0
2024-08-22,2301,2325,2298,2324,476060,633186,C2411.DCE,0
2024-08-23,2323,2326,2307,2312,393608,631921,C2411.DCE,0
2024-08-26,2312,2335,2310,2333,409533,635182,C2411.DCE,0
2024-08-27,2335,2353,2333,2345,435683,643674,C2411.DCE,0
2024-08-28,2345,2357,2338,2343,455102,639217,C2411.DCE,0
2024-08-29,2336,2349,2336,2344,347834,641158,C2411.DCE,0
2024-08-30,2345,2345,2327,2338,404114,627430,C2411.DCE,0
2024-09-02,2341,2347,2285,2287,659680,592031,C2411.DCE,0
2024-09-03,2284,2287,2261,2272,660198,579375,C2411.DCE,0
2024-09-04,2275,2297,2267,2289,541295,571963,C2411.DCE,0
2024-09-05,2289,2304,2278,2282,499152,573535,C2411.DCE,0
2024-09-06,2285,2289,2265,2268,465178,575634,C2411.DCE,0
2024-09-09,2270,2278,2214,2224,630253,582264,C2411.DCE,0
2024-09-10,2225,2225,2202,2208,492686,579072,C2411.DCE,0
2024-09-11,2204,2213,2177,2209,588539,563288,C2411.DCE,0
2024-09-12,2212,2214,2190,2197,466921,572719,C2411.DCE,0
2024-09-13,2201,2206,2184,2200,400172,557169,C2411.DCE,0
2024-09-18,2190,2207,2161,2199,512404,542073,C2411.DCE,0
2024-09-19,2195,2197,2173,2174,453933,559550,C2411.DCE,0
2024-09-20,2174,2180,2153,2164,522499,558017,C2411.DCE,0
2024-09-23,2158,2158,2105,2138,681944,573315,C2411.DCE,0
2024-09-24,2136,2152,2121,2150,557195,557048,C2411.DCE,0
2024-09-25,2157,2162,2135,2137,547552,528486,C2411.DCE,0
2024-09-26,2131,2153,2119,2150,684768,489420,C2411.DCE,0
2024-09-27,2152,2186,2149,2179,679022,421993,C2411.DCE,0
2024-09-30,2179,2227,2171,2225,525251,361578,C2411.DCE,0
2024-10-08,2220,2220,2168,2184,393806,323918,C2411.DCE,0
2024-10-09,2180,2191,2171,2184,326123,294671,C2411.DCE,0
2024-10-10,2210,2227,2203,2210,515817,627200,C2501.DCE,1
2024-10-11,2210,2218,2204,2213,417519,646324,C2501.DCE,0
2024-10-14,2214,2236,2212,2227,536668,677087,C2501.DCE,0
2024-10-15,2223,2229,2218,2222,376956,679726,C2501.DCE,0
2024-10-16,2220,2220,2203,2210,529861,689740,C2501.DCE,0
2024-10-17,2209,2218,2188,2193,683450,715252,C2501.DCE,0
2024-10-18,2190,2205,2176,2198,555164,744107,C2501.DCE,0
2024-10-21,2195,2200,2168,2170,480565,797102,C2501.DCE,0
2024-10-22,2168,2180,2161,2179,477647,834882,C2501.DCE,0
2024-10-23,2181,2228,2178,2228,787407,841466,C2501.DCE,0
2024-10-24,2228,2241,2219,2230,714078,845226,C2501.DCE,0
2024-10-25,2228,2240,2220,2225,553369,838443,C2501.DCE,0
2024-10-28,2221,2232,2210,2227,492095,858706,C2501.DCE,0
2024-10-29,2226,2231,2220,2226,364875,867387,C2501.DCE,0
2024-10-30,2228,2253,2223,2247,627398,902657,C2501.DCE,0
2024-10-31,2248,2254,2239,2248,393584,891715,C2501.DCE,0
2024-11-01,2250,2250,2232,2240,461587,870739,C2501.DCE,0
2024-11-04,2240,2248,2212,2217,605012,882657,C2501.DCE,0
2024-11-05,2214,2230,2206,2225,477605,880886,C2501.DCE,0
2024-11-06,2224,2235,2215,2222,466532,861538,C2501.DCE,0
2024-11-07,2220,2233,2211,2225,523433,882426,C2501.DCE,0
2024-11-08,2225,2230,2193,2199,697604,931937,C2501.DCE,0
2024-11-11,2195,2206,2181,2187,533133,943901,C2501.DCE,0
2024-11-12,2183,2192,2179,2189,362426,951891,C2501.DCE,0
2024-11-13,2194,2207,2190,2197,505467,938792,C2501.DCE,0
2024-11-14,2198,2205,2194,2195,355867,933219,C2501.DCE,0
2024-11-15,2195,2199,2179,2182,470111,932388,C2501.DCE,0
2024-11-18,2185,2216,2180,2209,632898,908461,C2501.DCE,0
2024-11-19,2209,2215,2201,2205,322944,898464,C2501.DCE,0
2024-11-20,2208,2212,2191,2195,410786,902775,C2501.DCE,0
2024-11-21,2196,2206,2188,2206,414515,885746,C2501.DCE,0
2024-11-22,2207,2215,2188,2190,507671,863690,C2501.DCE,0
2024-11-25,2190,2213,2185,2195,597081,851104,C2501.DCE,0
2024-11-26,2191,2200,2188,2193,453472,843682,C2501.DCE,0
2024-11-27,2193,2197,2172,2187,671490,831261,C2501.DCE,0
2024-11-28,2183,2187,2176,2183,318917,841841,C2501.DCE,0
2024-11-29,2180,2182,2158,2163,656802,849391,C2501.DCE,0
2024-12-02,2160,2169,2137,2138,544070,872091,C2501.DCE,0
2024-12-03,2134,2136,2113,2127,641816,875099,C2501.DCE,0
2024-12-04,2127,2128,2082,2084,652976,861967,C2501.DCE,0
2024-12-05,2079,2107,2035,2099,1352085,771427,C2501.DCE,0
2024-12-06,2100,2107,2076,2089,589063,733746,C2501.DCE,0
2024-12-09,2090,2100,2083,2087,538106,678533,C2501.DCE,0
2024-12-10,2091,2125,2091,2113,635366,598655,C2501.DCE,0
2024-12-11,2118,2131,2113,2122,504540,530107,C2501.DCE,0
2024-12-12,2118,2126,2113,2115,332769,503360,C2501.DCE,0
2024-12-13,2112,2119,2101,2115,354489,459925,C2501.DCE,0
2024-12-16,2104,2113,2085,2102,336349,420655,C2501.DCE,0
2024-12-17,2202,2209,2184,2186,435508,857952,C2505.DCE,1
2024-12-18,2183,2187,2166,2174,523114,903467,C2505.DCE,0
2024-12-19,2179,2192,2166,2177,604379,932807,C2505.DCE,0
2024-12-20,2173,2186,2168,2184,466979,976885,C2505.DCE,0
2024-12-23,2185,2200,2177,2182,571518,1026414,C2505.DCE,0
2024-12-24,2182,2193,2173,2189,490615,1060195,C2505.DCE,0
2024-12-25,2192,2212,2190,2205,674657,1084872,C2505.DCE,0
2024-12-26,2206,2211,2199,2204,401944,1104236,C2505.DCE,0
2024-12-27,2208,2243,2206,2234,757547,1100060,C2505.DCE,0
2024-12-30,2234,2247,2226,2235,635325,1107795,C2505.DCE,0
2024-12-31,2233,2236,2223,2229,417520,1107047,C2505.DCE,0
2025-01-02,2231,2243,2226,2228,410340,1115258,C2505.DCE,0
2025-01-03,2230,2236,2219,2228,526813,1135305,C2505.DCE,0
2025-01-06,2224,2235,2209,2228,600308,1176272,C2505.DCE,0
2025-01-07,2225,2235,2215,2225,483242,1191075,C2505.DCE,0
2025-01-08,2226,2234,2222,2230,396767,1197450,C2505.DCE,0
2025-01-09,2232,2237,2217,2231,504110,1213662,C2505.DCE,0
2025-01-10,2232,2262,2231,2250,881711,1247029,C2505.DCE,0
2025-01-13,2250,2277,2242,2267,589179,1268222,C2505.DCE,0
2025-01-14,2270,2279,2264,2277,461647,1302270,C2505.DCE,0
2025-01-15,2279,2279,2263,2274,513644,1308553,C2505.DCE,0
2025-01-16,2274,2290,2271,2288,579788,1334269,C2505.DCE,0
2025-01-17,2288,2298,2276,2291,603475,1355862,C2505.DCE,0
2025-01-20,2289,2298,2280,2286,555673,1353055,C2505.DCE,0
2025-01-21,2285,2290,2269,2277,533314,1360810,C2505.DCE,0
2025-01-22,2273,2276,2266,2272,429566,1362199,C2505.DCE,0
2025-01-23,2272,2288,2272,2280,458258,1360006,C2505.DCE,0
2025-01-24,2276,2280,2265,2267,479649,1330374,C2505.DCE,0
2025-01-27,2270,2292,2265,2283,386830,1311735,C2505.DCE,0
2025-02-05,2295,2309,2283,2287,333773,1331101,C2505.DCE,0
2025-02-06,2285,2307,2284,2300,591183,1369605,C2505.DCE,0
2025-02-07,2300,2303,2274,2286,694458,1350192,C2505.DCE,0
2025-02-10,2286,2297,2284,2294,449998,1345501,C2505.DCE,0
2025-02-11,2296,2299,2290,2296,351921,1331768,C2505.DCE,0
2025-02-12,2296,2306,2285,2303,520720,1347809,C2505.DCE,0
2025-02-13,2308,2325,2297,2302,833735,1367616,C2505.DCE,0
2025-02-14,2305,2313,2300,2303,431337,1365694,C2505.DCE,0
2025-02-17,2305,2305,2281,2288,737074,1349504,C2505.DCE,0
2025-02-18,2288,2298,2285,2291,448247,1349834,C2505.DCE,0
2025-02-19,2291,2297,2285,2290,415075,1349168,C2505.DCE,0
2025-02-20,2292,2293,2265,2267,813702,1372676,C2505.DCE,0
2025-02-21,2270,2281,2267,2274,550586,1408030,C2505.DCE,0
2025-02-24,2274,2298,2271,2287,712636,1383372,C2505.DCE,0
2025-02-25,2284,2290,2275,2275,529325,1413420,C2505.DCE,0
2025-02-26,2272,2275,2260,2271,697826,1482053,C2505.DCE,0
2025-02-27,2273,2295,2271,2293,789425,1449329,C2505.DCE,0
2025-02-28,2292,2302,2289,2292,586908,1425075,C2505.DCE,0
2025-03-03,2292,2316,2290,2312,613819,1423614,C2505.DCE,0
2025-03-04,2314,2324,2308,2310,791317,1390413,C2505.DCE,0
2025-03-05,2309,2310,2282,2283,887537,1345835,C2505.DCE,0
2025-03-06,2286,2308,2284,2308,660390,1380070,C2505.DCE,0
2025-03-07,2308,2316,2304,2308,543210,1389842,C2505.DCE,0
2025-03-10,2303,2336,2299,2319,737328,1373175,C2505.DCE,0
2025-03-11,2319,2330,2311,2326,542975,1367634,C2505.DCE,0
2025-03-12,2323,2328,2314,2315,527693,1332993,C2505.DCE,0
2025-03-13,2310,2311,2293,2299,776210,1316989,C2505.DCE,0
2025-03-14,2298,2312,2297,2309,483183,1286672,C2505.DCE,0
2025-03-17,2313,2313,2290,2291,551772,1293426,C2505.DCE,0
2025-03-18,2291,2298,2285,2292,504586,1273845,C2505.DCE,0
2025-03-19,2292,2294,2279,2284,556257,1263000,C2505.DCE,0
2025-03-20,2282,2284,2268,2280,525250,1269882,C2505.DCE,0
2025-03-21,2280,2293,2277,2289,412878,1248769,C2505.DCE,0
2025-03-24,2288,2293,2267,2271,500440,1228281,C2505.DCE,0
2025-03-25,2269,2276,2265,2271,390770,1223061,C2505.DCE,0
2025-03-26,2268,2277,2256,2262,477361,1196286,C2505.DCE,0
2025-03-27,2262,2269,2255,2266,425101,1163432,C2505.DCE,0
2025-03-28,2264,2272,2259,2261,356563,1131722,C2505.DCE,0
2025-03-31,2258,2261,2244,2251,496206,1111955,C2505.DCE,0
2025-04-01,2251,2260,2245,2254,351521,1083673,C2505.DCE,0
2025-04-02,2254,2271,2252,2268,402149,1034990,C2505.DCE,0
2025-04-03,2270,2285,2268,2284,514358,946992,C2505.DCE,0
2025-04-07,2290,2304,2277,2283,547752,862038,C2505.DCE,0
2025-04-08,2282,2291,2278,2288,417433,804691,C2505.DCE,0
2025-04-09,2288,2293,2260,2268,567172,752497,C2505.DCE,0
2025-04-10,2272,2278,2259,2273,351583,716994,C2505.DCE,0
2025-04-11,2275,2275,2264,2270,285672,682939,C2505.DCE,0
2025-04-14,2272,2282,2262,2267,321160,656183,C2505.DCE,0
2025-04-15,2306,2310,2293,2302,556593,1118514,C2507.DCE,1
2025-04-16,2302,2315,2299,2304,461997,1166526,C2507.DCE,0
2025-04-17,2306,2310,2297,2303,414571,1207309,C2507.DCE,0
2025-04-18,2305,2305,2287,2288,573043,1259116,C2507.DCE,0
2025-04-21,2289,2304,2280,2302,622234,1290264,C2507.DCE,0
2025-04-22,2302,2327,2300,2324,743552,1321994,C2507.DCE,0
2025-04-23,2323,2328,2318,2324,510807,1328483,C2507.DCE,0
2025-04-24,2320,2340,2317,2338,626037,1359385,C2507.DCE,0
2025-04-25,2335,2341,2325,2336,654153,1377504,C2507.DCE,0
2025-04-28,2336,2370,2330,2361,928665,1473106,C2507.DCE,0
2025-04-29,2355,2370,2353,2355,753148,1464727,C2507.DCE,0
2025-04-30,2358,2379,2355,2377,635254,1490492,C2507.DCE,0
2025-05-06,2382,2384,2347,2365,623290,1483812,C2507.DCE,0
2025-05-07,2362,2387,2362,2369,817931,1508274,C2507.DCE,0
2025-05-08,2368,2378,2361,2365,603260,1485800,C2507.DCE,0
2025-05-09,2368,2378,2362,2375,444617,1499408,C2507.DCE,0
2025-05-12,2380,2389,2355,2363,675649,1453598,C2507.DCE,0
2025-05-13,2360,2360,2340,2344,715911,1409659,C2507.DCE,0
2025-05-14,2343,2358,2342,2356,495626,1395526,C2507.DCE,0
2025-05-15,2353,2356,2341,2342,458265,1370954,C2507.DCE,0
2025-05-16,2345,2353,2333,2335,569031,1353678,C2507.DCE,0
2025-05-19,2336,2339,2328,2330,442269,1332491,C2507.DCE,0
2025-05-20,2330,2339,2310,2312,646856,1333456,C2507.DCE,0
2025-05-21,2315,2328,2307,2324,648940,1324480,C2507.DCE,0
2025-05-22,2324,2330,2321,2329,360156,1322541,C2507.DCE,0
2025-05-23,2328,2334,2322,2327,384538,1308920,C2507.DCE,0
2025-05-26,2328,2333,2318,2318,416089,1280330,C2507.DCE,0
2025-05-27,2320,2326,2314,2324,421617,1247898,C2507.DCE,0
2025-05-28,2321,2327,2318,2325,356010,1211941,C2507.DCE,0
2025-05-29,2323,2336,2320,2332,431887,1171400,C2507.DCE,0
2025-05-30,2334,2346,2330,2336,460641,1116770,C2507.DCE,0
2025-06-03,2340,2348,2317,2325,446385,1079783,C2507.DCE,0
2025-06-04,2326,2337,2319,2333,427404,1017104,C2507.DCE,0
2025-06-05,2334,2340,2324,2335,370158,989829,C2507.DCE,0
2025-06-06,2334,2342,2330,2340,305894,964005,C2507.DCE,0
2025-06-09,2341,2361,2338,2357,510372,920751,C2507.DCE,0
2025-06-10,2357,2384,2357,2379,550135,869727,C2507.DCE,0
2025-06-11,2382,2387,2369,2374,500017,823945,C2507.DCE,0
2025-06-12,2376,2380,2368,2372,369435,762225,C2507.DCE,0
2025-06-13,2378,2379,2363,2378,389319,702413,C2507.DCE,0
2025-06-16,2380,2381,2358,2359,409117,637414,C2507.DCE,0
2025-06-17,2356,2365,2353,2364,339989,555574,C2507.DCE,0
2025-06-18,2362,2379,2359,2363,361246,493230,C2507.DCE,0
2025-06-19,2397,2408,2392,2405,378506,894477,C2509.DCE,1
2025-06-20,2404,2413,2404,2409,372688,959322,C2509.DCE,0
2025-06-23,2411,2420,2405,2408,495033,994996,C2509.DCE,0
2025-06-24,2407,2409,2380,2389,700124,996356,C2509.DCE,0
2025-06-25,2388,2394,2375,2377,532093,997031,C2509.DCE,0
2025-06-26,2377,2387,2372,2378,468926,994414,C2509.DCE,0
2025-06-27,2379,2385,2373,2384,379522,973770,C2509.DCE,0
2025-06-30,2379,2384,2372,2378,486118,970530,C2509.DCE,0
2025-07-01,2379,2389,2374,2383,426304,942750,C2509.DCE,0
2025-07-02,2383,2388,2360,2363,694616,929730,C2509.DCE,0
2025-07-03,2363,2369,2356,2363,404176,930681,C2509.DCE,0
2025-07-04,2363,2366,2352,2353,452079,945346,C2509.DCE,0
2025-07-07,2351,2351,2325,2326,644587,986514,C2509.DCE,0
2025-07-08,2326,2329,2310,2321,621196,986478,C2509.DCE,0
2025-07-09,2315,2329,2315,2319,404273,994428,C2509.DCE,0
2025-07-10,2317,2325,2313,2320,382569,1005818,C2509.DCE,0
2025-07-11,2320,2323,2304,2306,509176,1030900,C2509.DCE,0
2025-07-14,2303,2305,2276,2302,736647,1017804,C2509.DCE,0
2025-07-15,2304,2310,2291,2295,441253,1036238,C2509.DCE,0
2025-07-16,2296,2304,2288,2293,373438,1054601,C2509.DCE,0
2025-07-17,2290,2297,2274,2296,553936,1059650,C2509.DCE,0
2025-07-18,2300,2316,2294,2314,550232,1067675,C2509.DCE,0
2025-07-21,2318,2325,2314,2320,507087,1036253,C2509.DCE,0
2025-07-22,2320,2335,2318,2322,504097,975861,C2509.DCE,0
2025-07-23,2316,2324,2299,2321,696340,923031,C2509.DCE,0
2025-07-24,2320,2326,2313,2318,406973,895053,C2509.DCE,0
2025-07-25,2320,2323,2306,2311,403182,852106,C2509.DCE,0
2025-07-28,2308,2330,2291,2319,746921,805560,C2509.DCE,0
2025-07-29,2317,2320,2299,2302,527538,794329,C2509.DCE,0
2025-07-30,2303,2317,2303,2312,356650,750315,C2509.DCE,0
2025-07-31,2312,2320,2287,2288,501397,769791,C2509.DCE,0
2025-08-01,2287,2310,2282,2297,448997,746716,C2509.DCE,0
2025-08-04,2298,2301,2280,2284,418945,746964,C2509.DCE,0
2025-08-05,2281,2284,2247,2249,603449,768475,C2509.DCE,0
2025-08-06,2253,2263,2245,2259,409488,722961,C2509.DCE,0
2025-08-07,2263,2270,2257,2267,365249,685053,C2509.DCE,0
2025-08-08,2263,2268,2245,2255,338463,659407,C2509.DCE,0
2025-08-11,2258,2266,2249,2262,268357,638175,C2509.DCE,0
2025-08-12,2260,2266,2254,2260,232359,605565,C2509.DCE,0
2025-08-13,2261,2281,2260,2279,328809,508626,C2509.DCE,0
2025-08-14,2281,2293,2276,2281,263098,433400,C2509.DCE,0
2025-08-15,2197,2202,2185,2190,484753,828457,C2511.DCE,1
2025-08-18,2190,2195,2172,2177,463886,896262,C2511.DCE,0
2025-08-19,2180,2184,2167,2170,353719,925944,C2511.DCE,0
2025-08-20,2171,2176,2156,2170,436097,937236,C2511.DCE,0
2025-08-21,2168,2175,2163,2166,284355,949895,C2511.DCE,0
2025-08-22,2164,2175,2147,2175,635755,955265,C2511.DCE,0
2025-08-25,2175,2179,2150,2154,542863,984080,C2511.DCE,0
2025-08-26,2154,2163,2150,2158,346257,1004013,C2511.DCE,0
2025-08-27,2159,2168,2151,2164,379154,1019003,C2511.DCE,0
2025-08-28,2168,2187,2166,2185,698709,992294,C2511.DCE,0
2025-08-29,2189,2197,2179,2191,505054,983279,C2511.DCE,0
2025-09-01,2192,2196,2182,2193,386964,974389,C2511.DCE,0
2025-09-02,2196,2216,2193,2200,615673,948162,C2511.DCE,0
2025-09-03,2200,2207,2191,2193,417947,944476,C2511.DCE,0
2025-09-04,2192,2212,2192,2210,425374,918655,C2511.DCE,0
2025-09-05,2212,2229,2210,2224,560161,915637,C2511.DCE,0
2025-09-08,2227,2233,2219,2231,472105,909776,C2511.DCE,0
2025-09-09,2231,2234,2207,2214,593118,881630,C2511.DCE,0
2025-09-10,2216,2216,2192,2197,513873,860426,C2511.DCE,0
2025-09-11,2199,2205,2194,2202,358208,852554,C2511.DCE,0
2025-09-12,2203,2207,2194,2197,302276,851763,C2511.DCE,0
2025-09-15,2199,2200,2165,2167,637412,835212,C2511.DCE,0
2025-09-16,2167,2175,2164,2166,410132,827688,C2511.DCE,0
2025-09-17,2166,2171,2156,2161,416188,812333,C2511.DCE,0
2025-09-18,2165,2177,2163,2177,396848,813136,C2511.DCE,0
2025-09-19,2178,2179,2166,2168,304896,811835,C2511.DCE,0
2025-09-22,2169,2177,2145,2147,592934,797950,C2511.DCE,0
2025-09-23,2144,2165,2138,2158,564657,761736,C2511.DCE,0
2025-09-24,2163,2165,2151,2164,378434,746974,C2511.DCE,0
2025-09-25,2167,2176,2160,2165,398761,729266,C2511.DCE,0
2025-09-26,2159,2193,2158,2178,626987,692516,C2511.DCE,0
2025-09-29,2178,2187,2155,2159,557756,640186,C2511.DCE,0
2025-09-30,2154,2160,2135,2143,499783,596123,C2511.DCE,0
2025-10-09,2120,2146,2120,2138,370110,599248,C2511.DCE,0
2025-10-10,2136,2140,2124,2125,393175,591363,C2511.DCE,0
2025-10-13,2123,2129,2089,2092,520836,552055,C2511.DCE,0
2025-10-14,2088,2099,2076,2093,568484,479322,C2511.DCE,0
2025-10-15,2093,2108,2090,2101,390193,440077,C2511.DCE,0
2025-10-16,2107,2117,2099,2111,352172,366108,C2511.DCE,0
2025-10-17,2135,2139,2116,2117,536706,769696,C2601.DCE,1
2025-10-20,2118,2143,2108,2138,673055,800344,C2601.DCE,0
2025-10-21,2138,2152,2132,2144,597677,849415,C2601.DCE,0
2025-10-22,2141,2142,2119,2133,551281,853369,C2601.DCE,0
2025-10-23,2130,2144,2121,2140,498754,892982,C2601.DCE,0
2025-10-24,2140,2142,2128,2133,369190,888492,C2601.DCE,0
2025-10-27,2134,2134,2109,2112,621343,902515,C2601.DCE,0
2025-10-28,2112,2127,2111,2123,474711,912328,C2601.DCE,0
2025-10-29,2123,2124,2115,2116,374280,925389,C2601.DCE,0
2025-10-30,2116,2120,2108,2111,466019,944149,C2601.DCE,0
2025-10-31,2109,2130,2108,2130,614123,931151,C2601.DCE,0
2025-11-03,2130,2144,2126,2141,637365,917237,C2601.DCE,0
2025-11-04,2143,2146,2133,2135,406066,927070,C2601.DCE,0
2025-11-05,2135,2144,2131,2134,391795,935749,C2601.DCE,0
2025-11-06,2133,2156,2128,2154,566057,970616,C2601.DCE,0
2025-11-07,2151,2158,2145,2149,457973,977019,C2601.DCE,0
2025-11-10,2149,2166,2145,2164,549821,966186,C2601.DCE,0
2025-11-11,2167,2183,2166,2177,672958,954084,C2601.DCE,0
2025-11-12,2179,2185,2173,2177,456704,963208,C2601.DCE,0
2025-11-13,2178,2188,2173,2186,540710,957369,C2601.DCE,0
2025-11-14,2188,2191,2175,2185,434865,947302,C2601.DCE,0
2025-11-17,2188,2188,2171,2182,500087,934036,C2601.DCE,0
2025-11-18,2182,2186,2166,2168,504544,943129,C2601.DCE,0
2025-11-19,2167,2178,2165,2175,426412,945952,C2601.DCE,0
2025-11-20,2172,2179,2165,2168,405905,932364,C2601.DCE,0
2025-11-21,2167,2206,2162,2195,823020,949440,C2601.DCE,0
2025-11-24,2195,2220,2192,2220,799285,974448,C2601.DCE,0
2025-11-25,2224,2243,2220,2242,791802,1015768,C2601.DCE,0
2025-11-26,2242,2257,2230,2235,1012713,997596,C2601.DCE,0
2025-11-27,2239,2253,2230,2243,686819,968502,C2601.DCE,0
2025-11-28,2240,2255,2234,2244,550428,959620,C2601.DCE,0
2025-12-01,2244,2252,2226,2236,604878,950183,C2601.DCE,0
2025-12-02,2239,2253,2232,2243,528615,927482,C2601.DCE,0
2025-12-03,2246,2271,2238,2259,761132,905398,C2601.DCE,0
2025-12-04,2262,2288,2261,2287,744655,938213,C2601.DCE,0
2025-12-05,2292,2310,2288,2295,804390,928423,C2601.DCE,0
2025-12-08,2290,2293,2259,2261,914137,848965,C2601.DCE,0
2025-12-09,2255,2259,2235,2236,824523,745751,C2601.DCE,0
2025-12-10,2232,2242,2222,2241,695599,637445,C2601.DCE,0
2025-12-11,2240,2247,2226,2243,561381,575999,C2601.DCE,0
2025-12-12,2241,2252,2233,2242,407579,538449,C2601.DCE,0
2025-12-15,2240,2248,2224,2228,396941,491185,C2601.DCE,0
2025-12-16,2224,2233,2218,2220,353327,455962,C2601.DCE,0
2025-12-17,2205,2213,2200,2206,402536,988605,C2603.DCE,1
2025-12-18,2208,2211,2185,2190,501736,1001351,C2603.DCE,0
2025-12-19,2190,2196,2185,2192,367612,1004517,C2603.DCE,0
2025-12-22,2195,2210,2190,2192,467225,983336,C2603.DCE,0
2025-12-23,2192,2205,2185,2189,477698,987453,C2603.DCE,0
2025-12-24,2189,2198,2183,2196,352923,986736,C2603.DCE,0
2025-12-25,2197,2198,2186,2189,261112,997444,C2603.DCE,0
2025-12-26,2191,2225,2189,2222,729771,1014722,C2603.DCE,0
2025-12-29,2219,2250,2217,2249,734397,1032463,C2603.DCE,0
2025-12-30,2251,2257,2223,2230,778174,1035850,C2603.DCE,0
2025-12-31,2229,2236,2225,2226,433555,1009261,C2603.DCE,0
2026-01-05,2220,2234,2210,2224,429181,1001343,C2603.DCE,0
2026-01-06,2224,2226,2205,2222,533924,994015,C2603.DCE,0
2026-01-07,2220,2249,2220,2248,691461,1011495,C2603.DCE,0
2026-01-08,2245,2266,2241,2266,726670,1034386,C2603.DCE,0
2026-01-09,2268,2270,2257,2263,510481,1049843,C2603.DCE,0
2026-01-12,2260,2294,2255,2290,608922,1092707,C2603.DCE,0
2026-01-13,2292,2295,2276,2284,476026,1099156,C2603.DCE,0
2026-01-14,2280,2288,2268,2272,510166,1061766,C2603.DCE,0
2026-01-15,2273,2296,2273,2295,497526,1075279,C2603.DCE,0
2026-01-16,2298,2305,2280,2281,569023,1067742,C2603.DCE,0
2026-01-19,2286,2289,2275,2281,367819,1073216,C2603.DCE,0
2026-01-20,2278,2284,2263,2280,557415,1055942,C2603.DCE,0
2026-01-21,2280,2287,2270,2283,397415,1067562,C2603.DCE,0
2026-01-22,2283,2298,2277,2295,435516,1100704,C2603.DCE,0
2026-01-23,2295,2310,2288,2300,509405,1129331,C2603.DCE,0
2026-01-26,2300,2314,2291,2293,644209,1098241,C2603.DCE,0
2026-01-27,2292,2295,2281,2283,428858,1044806,C2603.DCE,0
2026-01-28,2284,2291,2271,2274,562766,956567,C2603.DCE,0
2026-01-29,2273,2284,2266,2281,494247,907958,C2603.DCE,0
2026-01-30,2281,2289,2268,2271,479584,874699,C2603.DCE,0
2026-02-02,2267,2273,2258,2261,518977,760192,C2603.DCE,0
2026-02-03,2264,2272,2259,2267,375202,702041,C2603.DCE,0
2026-02-04,2267,2270,2254,2263,438067,613001,C2603.DCE,0
2026-02-05,2263,2276,2259,2264,362091,552893,C2603.DCE,0
2026-02-06,2263,2276,2262,2274,258762,504926,C2603.DCE,0
2026-02-09,2271,2277,2259,2265,318218,440400,C2603.DCE,0
2026-02-10,2276,2288,2273,2286,388486,974832,C2605.DCE,1
2026-02-11,2285,2317,2284,2316,790787,1174673,C2605.DCE,0
2026-02-12,2315,2328,2312,2320,538405,1220455,C2605.DCE,0
2026-02-13,2318,2335,2312,2320,658161,1212499,C2605.DCE,0
2026-02-24,2328,2350,2324,2332,609628,1298098,C2605.DCE,0
2026-02-25,2327,2350,2326,2342,576076,1381322,C2605.DCE,0
2026-02-26,2342,2352,2335,2342,547901,1417013,C2605.DCE,0
2026-02-27,2344,2360,2339,2360,525106,1475478,C2605.DCE,0
2026-03-02,2358,2401,2357,2384,951555,1502061,C2605.DCE,0
2026-03-03,2383,2384,2368,2373,636852,1455854,C2605.DCE,0
2026-03-04,2373,2385,2369,2379,555128,1464914,C2605.DCE,0
2026-03-05,2379,2395,2378,2384,584219,1484708,C2605.DCE,0
2026-03-06,2386,2407,2384,2393,790836,1519542,C2605.DCE,0
2026-03-09,2392,2443,2386,2395,1545357,1435081,C2605.DCE,0
2026-03-10,2390,2395,2372,2381,864610,1381435,C2605.DCE,0
2026-03-11,2380,2397,2380,2395,650049,1384288,C2605.DCE,0
2026-03-12,2400,2404,2392,2396,643688,1411150,C2605.DCE,0
2026-03-13,2391,2403,2381,2386,808417,1405171,C2605.DCE,0
2026-03-16,2384,2387,2375,2379,666819,1378887,C2605.DCE,0
2026-03-17,2379,2391,2370,2386,705952,1384596,C2605.DCE,0
2026-03-18,2389,2392,2375,2382,541679,1358592,C2605.DCE,0
2026-03-19,2384,2390,2378,2384,463939,1355055,C2605.DCE,0
2026-03-20,2384,2388,2361,2387,971837,1316707,C2605.DCE,0
2026-03-23,2387,2416,2380,2415,1176931,1379169,C2605.DCE,0
2026-03-24,2401,2406,2383,2383,802669,1325839,C2605.DCE,0
2026-03-25,2383,2387,2373,2376,640244,1232743,C2605.DCE,0
2026-03-26,2376,2382,2374,2376,422589,1198270,C2605.DCE,0
2026-03-27,2376,2377,2363,2369,592111,1124900,C2605.DCE,0
2026-03-30,2370,2373,2345,2346,689138,1052641,C2605.DCE,0
2026-03-31,2346,2355,2344,2351,425451,1023011,C2605.DCE,0
2026-04-01,2350,2367,2349,2350,531908,1003435,C2605.DCE,0
2026-04-02,2350,2358,2345,2356,361789,975880,C2605.DCE,0
2026-04-03,2357,2360,2341,2344,461310,921803,C2605.DCE,0
2026-04-07,2344,2347,2337,2343,322870,894537,C2605.DCE,0
2026-04-08,2343,2349,2338,2345,401572,846689,C2605.DCE,0
2026-04-09,2342,2358,2341,2354,376712,835511,C2605.DCE,0
