trade_date,open,high,low,close,vol,oi,contract_ts_code,roll_flag
2019-01-02,47980,48170,47670,47680,112020,142204,CU1902.SHF,0
2019-01-03,47180,47460,46960,47310,225040,183262,CU1903.SHF,1
2019-01-04,47200,47370,46210,47140,348086,201274,CU1903.SHF,0
2019-01-07,47140,47680,46810,47430,301244,195338,CU1903.SHF,0
2019-01-08,47380,47510,47230,47340,167112,190932,CU1903.SHF,0
2019-01-09,47420,47820,47260,47680,233952,182080,CU1903.SHF,0
2019-01-10,47730,47740,47380,47510,185460,182636,CU1903.SHF,0
2019-01-11,47340,47350,46970,47320,224400,193152,CU1903.SHF,0
2019-01-14,47150,47270,46730,46890,233818,211898,CU1903.SHF,0
2019-01-15,46830,47080,46690,47000,172170,207730,CU1903.SHF,0
2019-01-16,46920,47430,46890,47380,225524,208056,CU1903.SHF,0
2019-01-17,47340,47490,47220,47380,158182,204508,CU1903.SHF,0
2019-01-18,47350,47930,47230,47860,213558,198828,CU1903.SHF,0
2019-01-21,47930,48300,47690,47800,223964,194574,CU1903.SHF,0
2019-01-22,47660,47850,47500,47530,129522,191478,CU1903.SHF,0
2019-01-23,47610,47690,47320,47540,118250,192730,CU1903.SHF,0
2019-01-24,47430,47610,47260,47320,133490,191876,CU1903.SHF,0
2019-01-25,47260,47490,47090,47380,146234,190720,CU1903.SHF,0
2019-01-28,47210,47950,47140,47540,215208,180062,CU1903.SHF,0
2019-01-29,47620,47670,47350,47580,121536,177368,CU1903.SHF,0
2019-01-30,47610,47920,47600,47700,135976,178878,CU1903.SHF,0
2019-01-31,47830,48220,47770,48090,164962,172048,CU1903.SHF,0
2019-02-01,48210,48360,47970,48270,113982,166284,CU1903.SHF,0
2019-02-11,48600,48600,48170,48190,91592,167466,CU1903.SHF,0
2019-02-12,48310,48450,48060,48110,106656,166960,CU1903.SHF,0
2019-02-13,48000,48150,47830,48120,96160,166814,CU1903.SHF,0
2019-02-14,48010,48390,48000,48340,77688,165328,CU1903.SHF,0
2019-02-15,48640,48650,48150,48200,130306,184008,CU1904.SHF,1
2019-02-18,48500,49260,48440,49230,221478,222040,CU1904.SHF,0
2019-02-19,49290,49480,49160,49360,170316,232708,CU1904.SHF,0
2019-02-20,49280,49790,49230,49710,196492,240388,CU1904.SHF,0
2019-02-21,49690,50040,49530,49670,220484,248714,CU1904.SHF,0
2019-02-22,49750,49920,49550,49920,169764,250936,CU1904.SHF,0
2019-02-25,50310,50620,50100,50520,275480,257880,CU1904.SHF,0
2019-02-26,50370,50410,49970,50190,229798,251196,CU1904.SHF,0
2019-02-27,50160,50280,49970,50080,182712,241558,CU1904.SHF,0
2019-02-28,50220,50440,50110,50160,172546,232392,CU1904.SHF,0
2019-03-01,50260,50560,50100,50500,163088,224932,CU1904.SHF,0
2019-03-04,50530,50810,49980,50010,196842,217350,CU1904.SHF,0
2019-03-05,49680,50230,49610,49880,260694,194702,CU1904.SHF,0
2019-03-06,49620,49670,49340,49400,132836,235600,CU1905.SHF,1
2019-03-07,49450,49650,49110,49210,174430,228928,CU1905.SHF,0
2019-03-08,49220,49300,48990,49040,152736,231054,CU1905.SHF,0
2019-03-11,48820,49220,48810,49190,140418,234632,CU1905.SHF,0
2019-03-12,49170,49490,49010,49450,155542,242998,CU1905.SHF,0
2019-03-13,49630,49720,49220,49340,165036,234442,CU1905.SHF,0
2019-03-14,49440,49440,49060,49110,149960,238354,CU1905.SHF,0
2019-03-15,48870,49410,48670,49320,326806,235392,CU1905.SHF,0
2019-03-18,49120,49460,48950,49350,190904,227840,CU1905.SHF,0
2019-03-19,49390,49430,49130,49330,132344,229810,CU1905.SHF,0
2019-03-20,49390,49500,49160,49190,111362,229844,CU1905.SHF,0
2019-03-21,49190,49480,49120,49420,141296,237030,CU1905.SHF,0
2019-03-22,49270,49310,48920,48940,163772,231162,CU1905.SHF,0
2019-03-25,48580,48740,48100,48120,229440,230270,CU1905.SHF,0
2019-03-26,48210,48380,48140,48230,133948,220808,CU1905.SHF,0
2019-03-27,48270,48520,48230,48390,135012,211444,CU1905.SHF,0
2019-03-28,48430,48480,48140,48360,127904,210982,CU1905.SHF,0
2019-03-29,48540,48910,48420,48800,154770,206552,CU1905.SHF,0
2019-04-01,49200,49480,49100,49460,166218,188712,CU1905.SHF,0
2019-04-02,49420,49460,49040,49270,119910,178728,CU1905.SHF,0
2019-04-03,49150,49540,49000,49510,124934,180792,CU1905.SHF,0
2019-04-04,49360,49660,49250,49520,125892,182670,CU1905.SHF,0
2019-04-08,49120,49380,49100,49260,75880,174232,CU1905.SHF,0
2019-04-09,49390,49850,49320,49790,117250,182140,CU1905.SHF,0
2019-04-10,49790,49870,49400,49490,97432,183824,CU1905.SHF,0
2019-04-11,49320,49430,49130,49170,85710,189792,CU1905.SHF,0
2019-04-12,49150,49290,48910,49200,77962,191690,CU1905.SHF,0
2019-04-15,49610,49670,49320,49320,79396,190702,CU1905.SHF,0
2019-04-16,49310,49580,49140,49450,82532,185614,CU1905.SHF,0
2019-04-17,49450,49630,49320,49470,85456,180086,CU1905.SHF,0
2019-04-18,49840,50080,49470,49500,256234,190496,CU1906.SHF,1
2019-04-19,49290,49550,49230,49530,100934,188138,CU1906.SHF,0
2019-04-22,49540,49590,49110,49250,123388,188474,CU1906.SHF,0
2019-04-23,49070,49280,49050,49160,119046,187480,CU1906.SHF,0
2019-04-24,49050,49130,48830,48960,149314,190466,CU1906.SHF,0
2019-04-25,49100,49360,49080,49180,145222,188890,CU1906.SHF,0
2019-04-26,48960,48980,48720,48970,146458,183910,CU1906.SHF,0
2019-04-29,48950,49020,48790,48850,100624,187340,CU1906.SHF,0
2019-04-30,48810,49070,48770,48930,115752,178288,CU1906.SHF,0
2019-05-06,47500,48120,47420,48010,120546,178982,CU1906.SHF,0
2019-05-07,48010,48460,47960,48290,109546,174552,CU1906.SHF,0
2019-05-08,47890,48050,47760,47840,109632,179934,CU1906.SHF,0
2019-05-09,47700,47770,47540,47570,106796,180076,CU1906.SHF,0
2019-05-10,47540,48060,47370,47760,194156,191556,CU1907.SHF,1
2019-05-13,47760,47950,47600,47660,124112,191766,CU1907.SHF,0
2019-05-14,47550,47640,47350,47490,156302,198132,CU1907.SHF,0
2019-05-15,47490,47820,47390,47730,159226,215614,CU1907.SHF,0
2019-05-16,47550,47920,47550,47790,126132,214246,CU1907.SHF,0
2019-05-17,48100,48150,47500,47630,157594,210038,CU1907.SHF,0
2019-05-20,47710,47880,47600,47620,117452,208752,CU1907.SHF,0
2019-05-21,47580,47820,47550,47700,122918,213022,CU1907.SHF,0
2019-05-22,47590,47670,47100,47160,224660,224124,CU1907.SHF,0
2019-05-23,47000,47090,46550,46680,173938,236656,CU1907.SHF,0
2019-05-24,46620,47210,46530,47170,164438,234148,CU1907.SHF,0
2019-05-27,47080,47330,47030,47280,133378,232158,CU1907.SHF,0
2019-05-28,47210,47340,47100,47130,83480,228318,CU1907.SHF,0
2019-05-29,47160,47230,46780,46810,112976,226488,CU1907.SHF,0
2019-05-30,46670,46800,46440,46550,159450,239870,CU1907.SHF,0
2019-05-31,46370,46520,46120,46180,183872,236888,CU1907.SHF,0
2019-06-03,46150,46390,46060,46130,117262,224764,CU1907.SHF,0
2019-06-04,46300,46420,46190,46270,83460,218826,CU1907.SHF,0
2019-06-05,46230,46630,46190,46490,92440,210750,CU1907.SHF,0
2019-06-06,46360,46370,45830,46010,127806,211650,CU1907.SHF,0
2019-06-10,46150,46340,46040,46250,57322,209338,CU1907.SHF,0
2019-06-11,46200,46900,46190,46840,103928,200116,CU1907.SHF,0
2019-06-12,47020,47050,46420,46480,154314,232238,CU1908.SHF,1
2019-06-13,46430,46620,46200,46270,140080,245120,CU1908.SHF,0
2019-06-14,46270,46630,46240,46340,130014,240504,CU1908.SHF,0
2019-06-17,46310,46350,46040,46150,122456,249026,CU1908.SHF,0
2019-06-18,46050,46440,45990,46330,120452,249106,CU1908.SHF,0
2019-06-19,46640,47040,46520,46840,240284,243916,CU1908.SHF,0
2019-06-20,46780,46990,46660,46930,136528,244852,CU1908.SHF,0
2019-06-21,46980,47170,46700,46850,165026,245690,CU1908.SHF,0
2019-06-24,46720,47020,46660,46750,138246,245078,CU1908.SHF,0
2019-06-25,46820,47130,46730,47090,151490,245042,CU1908.SHF,0
2019-06-26,47150,47530,47150,47210,190358,241890,CU1908.SHF,0
2019-06-27,47170,47260,46850,47090,136614,229534,CU1908.SHF,0
2019-06-28,46920,47210,46840,47010,157210,222140,CU1908.SHF,0
2019-07-01,46970,47450,46960,47360,124124,219918,CU1908.SHF,0
2019-07-02,47110,47120,46540,46610,157822,218618,CU1908.SHF,0
2019-07-03,46520,46520,46220,46250,117758,217632,CU1908.SHF,0
2019-07-04,46390,46620,46320,46350,95224,209324,CU1908.SHF,0
2019-07-05,46400,46520,46220,46280,70522,210286,CU1908.SHF,0
2019-07-08,46270,46520,46170,46390,96240,221000,CU1909.SHF,1
2019-07-09,46560,46570,46110,46190,133840,229856,CU1909.SHF,0
2019-07-10,46000,46160,45640,46080,220588,247738,CU1909.SHF,0
2019-07-11,46510,46690,46420,46590,171810,234434,CU1909.SHF,0
2019-07-12,46620,46790,46500,46670,115792,235920,CU1909.SHF,0
2019-07-15,46540,47020,46530,46910,153976,250068,CU1909.SHF,0
2019-07-16,47020,47100,46790,46910,121524,244872,CU1909.SHF,0
2019-07-17,46960,47280,46760,46860,174862,245778,CU1909.SHF,0
2019-07-18,46760,46960,46620,46780,140190,243382,CU1909.SHF,0
2019-07-19,46860,48040,46800,47970,375166,298182,CU1909.SHF,0
2019-07-22,48330,48390,47360,47410,321630,256854,CU1909.SHF,0
2019-07-23,47350,47510,47220,47300,133428,254056,CU1909.SHF,0
2019-07-24,47190,47200,46750,47090,163518,250514,CU1909.SHF,0
2019-07-25,47090,47160,46960,47020,98330,245950,CU1909.SHF,0
2019-07-26,47200,47220,46910,47050,107252,242812,CU1909.SHF,0
2019-07-29,46950,46980,46780,46900,119400,239976,CU1909.SHF,0
2019-07-30,47030,47370,47000,47240,136426,231052,CU1909.SHF,0
2019-07-31,46960,46980,46710,46720,137616,229580,CU1909.SHF,0
2019-08-01,46720,46850,46520,46620,99920,222802,CU1909.SHF,0
2019-08-02,46680,46740,46210,46440,132772,217660,CU1909.SHF,0
2019-08-05,46080,46200,45760,46060,208996,224880,CU1909.SHF,0
2019-08-06,45960,46320,45890,46150,113404,222182,CU1909.SHF,0
2019-08-07,46060,46260,45910,45930,79410,223628,CU1909.SHF,0
2019-08-08,46030,46720,45970,46510,218684,228864,CU1910.SHF,1
2019-08-09,46670,46830,46460,46680,144142,223756,CU1910.SHF,0
2019-08-12,46830,46940,46540,46750,151240,226266,CU1910.SHF,0
2019-08-13,46700,46730,46530,46560,95910,228412,CU1910.SHF,0
2019-08-14,46530,46960,46480,46580,203334,237278,CU1910.SHF,0
2019-08-15,46400,46520,46320,46440,126988,239928,CU1910.SHF,0
2019-08-16,46420,46550,46320,46550,101474,240352,CU1910.SHF,0
2019-08-19,46390,46660,46340,46610,109274,244508,CU1910.SHF,0
2019-08-20,46750,46780,46530,46620,92614,237416,CU1910.SHF,0
2019-08-21,46490,46580,46260,46430,132222,238622,CU1910.SHF,0
2019-08-22,46390,46520,46230,46310,103506,244300,CU1910.SHF,0
2019-08-23,46410,46470,46160,46400,118304,241618,CU1910.SHF,0
2019-08-26,46150,46330,45830,46020,186190,254512,CU1910.SHF,0
2019-08-27,46260,46520,46180,46380,142254,235554,CU1910.SHF,0
2019-08-28,46660,46700,46480,46560,112506,226328,CU1910.SHF,0
2019-08-29,46500,46710,46480,46550,97492,216476,CU1910.SHF,0
2019-08-30,46680,46870,46630,46690,126328,208136,CU1910.SHF,0
2019-09-02,46710,46920,46510,46640,123850,203240,CU1910.SHF,0
2019-09-03,46500,46500,46310,46370,87998,207882,CU1910.SHF,0
2019-09-04,45940,46620,45730,46620,161926,213358,CU1910.SHF,0
2019-09-05,46730,47280,46660,46970,192548,200536,CU1910.SHF,0
2019-09-06,47520,47780,47330,47450,172470,203696,CU1911.SHF,1
2019-09-09,47420,47560,47290,47420,127682,209738,CU1911.SHF,0
2019-09-10,47290,47500,47240,47430,103648,212954,CU1911.SHF,0
2019-09-11,47100,47410,47060,47290,128232,216244,CU1911.SHF,0
2019-09-12,47240,47500,47010,47490,134652,220198,CU1911.SHF,0
2019-09-16,47960,47970,47530,47560,94932,218820,CU1911.SHF,0
2019-09-17,47580,47620,47230,47340,124252,219502,CU1911.SHF,0
2019-09-18,47150,47440,47030,47310,127248,222872,CU1911.SHF,0
2019-09-19,47100,47220,47030,47070,110658,223754,CU1911.SHF,0
2019-09-20,47160,47220,47050,47130,85916,224280,CU1911.SHF,0
2019-09-23,47140,47180,46850,46870,112904,217316,CU1911.SHF,0
2019-09-24,46880,47260,46850,47120,111640,209636,CU1911.SHF,0
2019-09-25,47160,47190,46950,47000,108694,209024,CU1911.SHF,0
2019-09-26,46950,47320,46940,47120,119034,201414,CU1911.SHF,0
2019-09-27,47100,47120,46650,46920,130866,195524,CU1911.SHF,0
2019-09-30,46960,47340,46830,47250,130862,189614,CU1911.SHF,0
2019-10-08,46830,46970,46750,46770,81262,191516,CU1911.SHF,0
2019-10-09,46730,46790,46530,46640,90554,199762,CU1912.SHF,1
2019-10-10,46560,46720,46500,46700,89330,210806,CU1912.SHF,0
2019-10-11,46830,47070,46700,46910,137142,211746,CU1912.SHF,0
2019-10-14,47000,47210,46920,46970,154220,223988,CU1912.SHF,0
2019-10-15,46800,47060,46730,46960,118430,227710,CU1912.SHF,0
2019-10-16,46950,46980,46750,46750,101484,230542,CU1912.SHF,0
2019-10-17,46540,46720,46530,46650,105468,236596,CU1912.SHF,0
2019-10-18,46750,46950,46570,46570,120310,236360,CU1912.SHF,0
2019-10-21,47060,47180,46960,47020,171512,224038,CU1912.SHF,0
2019-10-22,47200,47220,47060,47120,104472,223820,CU1912.SHF,0
2019-10-23,47080,47210,46910,46930,109752,224948,CU1912.SHF,0
2019-10-24,47020,47490,47010,47360,205300,227330,CU1912.SHF,0
2019-10-25,47480,47570,47260,47390,127902,223990,CU1912.SHF,0
2019-10-28,47440,47670,47330,47430,136876,228020,CU1912.SHF,0
2019-10-29,47510,47590,47320,47340,90468,225278,CU1912.SHF,0
2019-10-30,47440,47610,47390,47510,108792,227878,CU1912.SHF,0
2019-10-31,47460,47580,47250,47330,120708,214220,CU1912.SHF,0
2019-11-01,47130,47210,46780,47120,164794,198560,CU1912.SHF,0
2019-11-04,47030,47120,46940,47040,73194,197072,CU1912.SHF,0
2019-11-05,47060,47270,47020,47250,79978,194910,CU1912.SHF,0
2019-11-06,47300,47630,47160,47190,118704,191240,CU1912.SHF,0
2019-11-07,47290,47330,47060,47150,77960,183112,CU1912.SHF,0
2019-11-08,47330,47530,47230,47240,86160,179814,CU1912.SHF,0
2019-11-11,47350,47360,47090,47110,71286,177440,CU1912.SHF,0
2019-11-12,47080,47240,47050,47180,67074,175412,CU1912.SHF,0
2019-11-13,47060,47120,46970,47030,117050,194458,CU2001.SHF,1
2019-11-14,46980,47080,46850,47030,118708,202024,CU2001.SHF,0
2019-11-15,47050,47060,46700,46930,122646,207336,CU2001.SHF,0
2019-11-18,46890,47030,46750,46980,91148,210710,CU2001.SHF,0
2019-11-19,46940,46980,46790,46890,95720,215004,CU2001.SHF,0
2019-11-20,46940,47240,46900,47050,143922,213068,CU2001.SHF,0
2019-11-21,47180,47240,46980,47110,99816,209436,CU2001.SHF,0
2019-11-22,46940,47010,46840,46870,113266,219294,CU2001.SHF,0
2019-11-25,47010,47180,46950,47100,116940,215450,CU2001.SHF,0
2019-11-26,47180,47220,47010,47070,83032,212682,CU2001.SHF,0
2019-11-27,47140,47410,47100,47380,165848,222726,CU2001.SHF,0
2019-11-28,47480,47520,47290,47350,107478,222580,CU2001.SHF,0
2019-11-29,47290,47370,47200,47320,84278,210438,CU2001.SHF,0
2019-12-02,47260,47380,47060,47300,99282,203326,CU2001.SHF,0
2019-12-03,47250,47250,47040,47080,93878,197074,CU2001.SHF,0
2019-12-04,46980,47120,46910,46980,91244,196966,CU2001.SHF,0
2019-12-05,47030,47290,47030,47200,76992,192648,CU2001.SHF,0
2019-12-06,47250,47370,47180,47320,67804,188640,CU2001.SHF,0
2019-12-09,47270,48340,47260,48340,199968,185692,CU2001.SHF,0
2019-12-10,48350,48800,48290,48690,256536,266810,CU2002.SHF,1
2019-12-11,48750,49060,48590,49000,220182,284916,CU2002.SHF,0
2019-12-12,48980,49360,48950,49030,221996,281032,CU2002.SHF,0
2019-12-13,49000,49380,48800,49010,270158,280192,CU2002.SHF,0
2019-12-16,49040,49210,48690,49100,273326,279680,CU2002.SHF,0
2019-12-17,49180,49460,49100,49260,191946,286022,CU2002.SHF,0
2019-12-18,49250,49300,49000,49070,114340,281014,CU2002.SHF,0
2019-12-19,49200,49200,48860,49110,119846,282734,CU2002.SHF,0
2019-12-20,49150,49560,48940,49030,216248,271088,CU2002.SHF,0
2019-12-23,49070,49140,48870,49050,128768,266254,CU2002.SHF,0
2019-12-24,49110,49640,48970,49590,200750,281894,CU2002.SHF,0
2019-12-25,49500,49710,49390,49600,133218,284464,CU2002.SHF,0
2019-12-26,49640,49940,49450,49650,154242,284310,CU2002.SHF,0
2019-12-27,49660,49820,49590,49730,125240,284388,CU2002.SHF,0
2019-12-30,49590,49610,49230,49510,185304,265760,CU2002.SHF,0
2019-12-31,49420,49490,49110,49150,144680,239454,CU2002.SHF,0
2020-01-02,49120,49340,49120,49230,42747,110353,CU2002.SHF,0
2020-01-03,49220,49250,48870,48900,81773,107465,CU2003.SHF,1
2020-01-06,48580,49010,48560,48760,85974,112759,CU2003.SHF,0
2020-01-07,48710,49020,48710,49010,57599,119226,CU2003.SHF,0
2020-01-08,48860,48980,48640,48860,82785,122405,CU2003.SHF,0
2020-01-09,48910,49170,48830,48960,78060,128312,CU2003.SHF,0
2020-01-10,48910,49050,48850,49010,48262,134555,CU2003.SHF,0
2020-01-13,48890,49230,48710,48940,84452,135429,CU2003.SHF,0
2020-01-14,48850,49380,48820,49310,99744,142706,CU2003.SHF,0
2020-01-15,49300,49610,49180,49260,78508,141576,CU2003.SHF,0
2020-01-16,49260,49400,49160,49200,52450,141900,CU2003.SHF,0
2020-01-17,49450,49550,49130,49250,77143,140603,CU2003.SHF,0
2020-01-20,49300,49330,48970,49100,65995,138502,CU2003.SHF,0
2020-01-21,49080,49080,48300,48420,97077,127620,CU2003.SHF,0
2020-01-22,48450,48650,48280,48540,56978,121551,CU2003.SHF,0
2020-01-23,48340,48380,47960,48020,58176,114727,CU2003.SHF,0
2020-02-03,44780,45250,44780,45040,89818,107064,CU2003.SHF,0
2020-02-04,44750,45290,44680,45260,53234,107815,CU2003.SHF,0
2020-02-05,44980,45630,44980,45550,45362,108033,CU2003.SHF,0
2020-02-06,45660,46200,45620,46040,35004,107093,CU2003.SHF,0
2020-02-07,45830,45930,45600,45690,27048,104940,CU2003.SHF,0
2020-02-10,45300,45590,45260,45410,34784,108030,CU2003.SHF,0
2020-02-11,45980,45980,45450,45580,34415,110694,CU2003.SHF,0
2020-02-12,45600,45730,45490,45580,29553,111420,CU2003.SHF,0
2020-02-13,45600,45860,45590,45710,36413,113249,CU2003.SHF,0
2020-02-14,45860,45960,45820,45930,26715,114574,CU2003.SHF,0
2020-02-17,45870,46310,45840,46310,40500,109859,CU2003.SHF,0
2020-02-18,46420,46440,46240,46270,43655,110530,CU2004.SHF,1
2020-02-19,46300,46540,46220,46400,39541,112056,CU2004.SHF,0
2020-02-20,46380,46570,46230,46430,63893,113171,CU2004.SHF,0
2020-02-21,46250,46330,45980,45990,62210,115952,CU2004.SHF,0
2020-02-24,45920,46040,45710,46000,75484,117756,CU2004.SHF,0
2020-02-25,46040,46040,45670,45950,62341,121748,CU2004.SHF,0
2020-02-26,45680,45770,45570,45630,55268,122461,CU2004.SHF,0
2020-02-27,45620,45650,45430,45440,54248,126637,CU2004.SHF,0
2020-02-28,45350,45350,44240,44390,119804,128432,CU2004.SHF,0
2020-03-02,44530,45300,44370,45230,80877,123662,CU2004.SHF,0
2020-03-03,45610,45990,45480,45620,53516,123145,CU2004.SHF,0
2020-03-04,45350,45400,45210,45280,45562,122199,CU2004.SHF,0
2020-03-05,45140,45410,45140,45320,31073,121583,CU2004.SHF,0
2020-03-06,45120,45120,44860,44900,38564,125189,CU2004.SHF,0
2020-03-09,44000,44000,43460,43750,61676,127014,CU2004.SHF,0
2020-03-10,44090,44760,44080,44540,49920,126908,CU2004.SHF,0
2020-03-11,44480,44570,44080,44120,37296,127169,CU2004.SHF,0
2020-03-12,43570,43660,43030,43330,67756,128176,CU2004.SHF,0
2020-03-13,43210,43590,42600,43520,78597,126755,CU2004.SHF,0
2020-03-16,43320,43440,42500,42520,58058,127110,CU2004.SHF,0
2020-03-17,42730,42890,42010,42510,80636,118963,CU2004.SHF,0
2020-03-18,41570,41770,39960,39960,116615,123679,CU2005.SHF,1
2020-03-19,38770,38770,37570,37570,20498,119128,CU2005.SHF,0
2020-03-20,37980,39250,37560,38910,220388,110284,CU2005.SHF,0
2020-03-23,37000,37250,35300,37200,206648,110033,CU2005.SHF,0
2020-03-24,38370,38900,37520,38200,157665,109290,CU2005.SHF,0
2020-03-25,38960,39390,38540,39360,149743,109809,CU2005.SHF,0
2020-03-26,39300,39320,38800,38870,97500,110243,CU2005.SHF,0
2020-03-27,39080,39320,38700,39180,113036,112966,CU2005.SHF,0
2020-03-30,38680,38930,38310,38720,98872,112746,CU2005.SHF,0
2020-03-31,39160,39600,39120,39150,75492,110825,CU2005.SHF,0
2020-04-01,39490,39680,38820,39000,78286,110620,CU2005.SHF,0
2020-04-02,38960,39800,38570,39650,101287,108853,CU2005.SHF,0
2020-04-03,39720,40120,39440,39930,76583,104726,CU2005.SHF,0
2020-04-07,40330,40940,40210,40600,74012,105435,CU2005.SHF,0
2020-04-08,40310,41020,40140,40810,76448,104076,CU2005.SHF,0
2020-04-09,40980,41180,40690,40800,49848,103626,CU2005.SHF,0
2020-04-10,40570,41890,40570,41790,70665,104497,CU2005.SHF,0
2020-04-13,41280,41930,41250,41780,86194,108078,CU2006.SHF,1
2020-04-14,41920,41970,41570,41750,73802,111560,CU2006.SHF,0
2020-04-15,41790,41820,41330,41560,73988,114666,CU2006.SHF,0
2020-04-16,41390,41670,41320,41560,56614,113717,CU2006.SHF,0
2020-04-17,41800,44800,41790,42280,87288,114066,CU2006.SHF,0
2020-04-20,42020,42630,42010,42330,77119,114997,CU2006.SHF,0
2020-04-21,41860,42160,41400,41440,118355,115157,CU2006.SHF,0
2020-04-22,41200,41370,40350,41090,140104,121864,CU2006.SHF,0
2020-04-23,41300,42020,41250,41950,118615,114554,CU2006.SHF,0
2020-04-24,41910,41980,41620,41780,76597,112585,CU2006.SHF,0
2020-04-27,42420,42880,42240,42490,98382,114703,CU2006.SHF,0
2020-04-28,42300,42470,42130,42300,71273,113090,CU2006.SHF,0
2020-04-29,42410,42720,42380,42510,66506,112964,CU2006.SHF,0
2020-04-30,42780,42980,42650,42940,61853,112411,CU2006.SHF,0
2020-05-06,42320,42780,42310,42720,60410,111746,CU2006.SHF,0
2020-05-07,42790,43120,42610,43110,73904,113530,CU2006.SHF,0
2020-05-08,43290,43610,43000,43510,79567,113445,CU2006.SHF,0
2020-05-11,43650,43950,43420,43500,73466,116449,CU2006.SHF,0
2020-05-12,43250,43450,43040,43040,80202,115191,CU2006.SHF,0
2020-05-13,43200,43430,42680,43060,77990,115183,CU2006.SHF,0
2020-05-14,43160,43250,42800,42910,60819,112825,CU2006.SHF,0
2020-05-15,42730,43320,42510,43130,75387,111167,CU2006.SHF,0
2020-05-18,42860,43330,42730,43270,67642,106766,CU2006.SHF,0
2020-05-19,43540,44140,43520,43780,64842,100426,CU2006.SHF,0
2020-05-20,43650,43920,43490,43730,81689,109400,CU2007.SHF,1
2020-05-21,43890,44500,43750,44150,107082,112770,CU2007.SHF,0
2020-05-22,44270,44410,43240,43260,146826,108507,CU2007.SHF,0
2020-05-25,43330,43680,43210,43650,89226,103260,CU2007.SHF,0
2020-05-26,43780,43940,43660,43860,70689,105051,CU2007.SHF,0
2020-05-27,44060,44110,43500,43640,99314,104192,CU2007.SHF,0
2020-05-28,43600,43850,43320,43700,105554,103120,CU2007.SHF,0
2020-05-29,43760,44050,43580,43940,92379,102888,CU2007.SHF,0
2020-06-01,44080,44650,43900,44600,106250,106381,CU2007.SHF,0
2020-06-02,44360,44800,44210,44560,98301,103316,CU2007.SHF,0
2020-06-03,44790,45100,44720,44830,91520,101740,CU2007.SHF,0
2020-06-04,45020,45050,44570,44720,84873,101361,CU2007.SHF,0
2020-06-05,44770,45260,44760,45220,90561,104252,CU2007.SHF,0
2020-06-08,45520,45960,45430,45800,118155,102272,CU2007.SHF,0
2020-06-09,45960,46490,45750,46250,110149,103054,CU2007.SHF,0
2020-06-10,46250,46980,45970,46830,116064,104194,CU2007.SHF,0
2020-06-11,47270,47600,46640,46950,171994,101585,CU2007.SHF,0
2020-06-12,46800,47150,46070,46840,152083,100770,CU2007.SHF,0
2020-06-15,46860,47330,46240,46280,184390,102014,CU2007.SHF,0
2020-06-16,46290,47270,46190,47150,134519,102162,CU2007.SHF,0
2020-06-17,47250,47250,46450,46770,135891,97130,CU2007.SHF,0
2020-06-18,46870,47020,46780,46920,85735,92343,CU2007.SHF,0
2020-06-19,46970,47800,46890,47780,106314,91173,CU2007.SHF,0
2020-06-22,47900,47930,47150,47470,134352,107189,CU2008.SHF,1
2020-06-23,47630,47870,47330,47850,140596,112170,CU2008.SHF,0
2020-06-24,47900,47940,47540,47860,97971,112639,CU2008.SHF,0
2020-06-29,48050,48590,48030,48380,101302,120364,CU2008.SHF,0
2020-06-30,48350,48800,48270,48790,105873,124357,CU2008.SHF,0
2020-07-01,48950,49380,48770,49350,152479,129245,CU2008.SHF,0
2020-07-02,48980,49570,48910,49410,146548,127983,CU2008.SHF,0
2020-07-03,49300,49390,48840,48900,146952,121533,CU2008.SHF,0
2020-07-06,48900,49220,48480,49040,129453,117013,CU2008.SHF,0
2020-07-07,49300,49620,49140,49360,118738,114318,CU2008.SHF,0
2020-07-08,49300,49970,49200,49800,120235,118032,CU2008.SHF,0
2020-07-09,49920,50800,49890,50700,144126,120798,CU2008.SHF,0
2020-07-10,50750,50800,50200,50500,153202,115579,CU2008.SHF,0
2020-07-13,50860,53520,50760,52880,271916,114671,CU2008.SHF,0
2020-07-14,52560,53100,51820,52210,189892,107843,CU2008.SHF,0
2020-07-15,52420,52730,52110,52210,147028,108354,CU2008.SHF,0
2020-07-16,52280,52360,50640,50710,234458,97493,CU2008.SHF,0
2020-07-17,51080,51770,51050,51430,140235,92440,CU2008.SHF,0
2020-07-20,51540,51700,51160,51300,108579,88237,CU2008.SHF,0
2020-07-21,51200,52340,51200,51900,130584,84945,CU2008.SHF,0
2020-07-22,52060,52830,52000,52410,149303,119828,CU2009.SHF,1
2020-07-23,52100,52100,51360,51970,172219,117638,CU2009.SHF,0
2020-07-24,51830,52470,51060,51220,198590,113180,CU2009.SHF,0
2020-07-27,51420,52040,51360,51600,152381,113016,CU2009.SHF,0
2020-07-28,51400,52250,51280,51520,167004,114804,CU2009.SHF,0
2020-07-29,51400,51990,51380,51880,126507,120216,CU2009.SHF,0
2020-07-30,51760,52170,51560,51690,142028,122527,CU2009.SHF,0
2020-07-31,51590,51950,51190,51820,176783,118759,CU2009.SHF,0
2020-08-03,51500,51570,50210,51050,178441,125420,CU2009.SHF,0
2020-08-04,51500,51970,51380,51540,125658,119893,CU2009.SHF,0
2020-08-05,51380,51640,51240,51350,108968,119304,CU2009.SHF,0
2020-08-06,51280,51890,51200,51400,138596,119621,CU2009.SHF,0
2020-08-07,51470,51720,51020,51300,116790,119571,CU2009.SHF,0
2020-08-10,51230,51290,49580,50230,215542,118878,CU2009.SHF,0
2020-08-11,50980,51100,50310,50340,126403,114343,CU2009.SHF,0
2020-08-12,50340,50690,49500,49870,172915,110288,CU2009.SHF,0
2020-08-13,50310,50920,50020,50410,120343,106166,CU2009.SHF,0
2020-08-14,50210,50220,49460,50100,142788,106431,CU2009.SHF,0
2020-08-17,50410,50750,50040,50730,94851,103680,CU2009.SHF,0
2020-08-18,50770,51370,50740,50830,101530,99376,CU2009.SHF,0
2020-08-19,51400,52520,51250,52150,159341,95168,CU2009.SHF,0
2020-08-20,52610,52740,51800,52040,152702,117780,CU2010.SHF,1
2020-08-21,52160,52280,51570,51800,126839,115980,CU2010.SHF,0
2020-08-24,51200,51560,51020,51540,115553,111617,CU2010.SHF,0
2020-08-25,51450,51540,51030,51130,88666,109686,CU2010.SHF,0
2020-08-26,51240,51490,51020,51440,87542,110009,CU2010.SHF,0
2020-08-27,51650,51730,51380,51490,73013,110986,CU2010.SHF,0
2020-08-28,51600,52030,51170,51990,140507,114822,CU2010.SHF,0
2020-08-31,52000,52230,51810,51980,96530,117479,CU2010.SHF,0
2020-09-01,52030,53050,52010,52990,127094,129744,CU2010.SHF,0
2020-09-02,52700,52820,51700,52070,159982,119423,CU2010.SHF,0
2020-09-03,51960,52170,51640,51760,110112,117414,CU2010.SHF,0
2020-09-04,51620,51800,50850,51650,153286,114769,CU2010.SHF,0
2020-09-07,51880,52840,51730,52240,168908,113928,CU2010.SHF,0
2020-09-08,52530,52700,52320,52590,92327,114648,CU2010.SHF,0
2020-09-09,52060,52300,51520,51830,150155,110683,CU2010.SHF,0
2020-09-10,52100,52320,51630,51700,93311,110935,CU2010.SHF,0
2020-09-11,51900,52190,51200,51680,141949,109388,CU2010.SHF,0
2020-09-14,51890,52530,51700,52120,134813,110284,CU2010.SHF,0
2020-09-15,52160,52320,51950,52160,82244,109979,CU2010.SHF,0
2020-09-16,52200,52240,51570,51710,112254,103611,CU2010.SHF,0
2020-09-17,51670,51840,51300,51330,102712,100420,CU2010.SHF,0
2020-09-18,51500,52350,51330,52320,121266,92983,CU2010.SHF,0
2020-09-21,52010,52780,51870,52160,100777,86276,CU2010.SHF,0
2020-09-22,52210,52230,51100,51780,145162,75748,CU2010.SHF,0
2020-09-23,52200,52240,50960,51460,167233,105089,CU2011.SHF,1
2020-09-24,51020,51390,50430,50640,237913,112206,CU2011.SHF,0
2020-09-25,50370,51170,49980,51040,211416,112046,CU2011.SHF,0
2020-09-28,50800,51350,50470,51220,157535,108147,CU2011.SHF,0
2020-09-29,51180,51450,50840,50940,131521,106448,CU2011.SHF,0
2020-09-30,50670,51300,50600,50930,143178,103500,CU2011.SHF,0
2020-10-09,51470,51680,51260,51440,63402,103548,CU2011.SHF,0
2020-10-12,51630,51640,50820,51520,138772,108202,CU2011.SHF,0
2020-10-13,51680,51870,51340,51360,92311,107861,CU2011.SHF,0
2020-10-14,51300,51560,51140,51540,122598,108756,CU2011.SHF,0
2020-10-15,51390,51430,51080,51260,120308,107577,CU2011.SHF,0
2020-10-16,51140,51800,51010,51470,123975,105515,CU2011.SHF,0
2020-10-19,51390,51580,51140,51170,113757,102002,CU2011.SHF,0
2020-10-20,51600,51600,51220,51380,83251,96084,CU2011.SHF,0
2020-10-21,51800,52500,51700,52150,144748,93846,CU2011.SHF,0
2020-10-22,52360,52780,52150,52280,106873,87199,CU2011.SHF,0
2020-10-23,52080,52370,51830,51950,115988,112595,CU2012.SHF,1
2020-10-26,52110,52130,51780,51810,83535,115180,CU2012.SHF,0
2020-10-27,51480,51710,51380,51650,102907,114309,CU2012.SHF,0
2020-10-28,51670,51880,51450,51840,92563,113231,CU2012.SHF,0
2020-10-29,51240,51600,51150,51470,128203,112572,CU2012.SHF,0
2020-10-30,51150,51480,50830,50940,146943,116208,CU2012.SHF,0
2020-11-02,51050,51300,50720,51070,114844,114199,CU2012.SHF,0
2020-11-03,51150,51810,51150,51800,111175,112583,CU2012.SHF,0
2020-11-04,51810,51960,51420,51610,122141,109820,CU2012.SHF,0
2020-11-05,51450,51750,51320,51420,96483,108580,CU2012.SHF,0
2020-11-06,51450,51680,51340,51430,78755,107751,CU2012.SHF,0
2020-11-09,51890,52240,51780,51840,126705,108510,CU2012.SHF,0
2020-11-10,52380,52610,51570,51590,127885,105402,CU2012.SHF,0
2020-11-11,51510,52030,51410,51960,91032,104027,CU2012.SHF,0
2020-11-12,51910,51930,51560,51800,79940,102657,CU2012.SHF,0
2020-11-13,51910,52220,51810,52180,88755,105742,CU2012.SHF,0
2020-11-16,52110,53800,52110,53640,190833,116133,CU2012.SHF,0
2020-11-17,53520,53580,52670,52850,130810,100987,CU2012.SHF,0
2020-11-18,52720,52990,52240,52950,103527,91665,CU2012.SHF,0
2020-11-19,52850,53140,52580,52730,98152,119349,CU2101.SHF,1
2020-11-20,52700,53540,52530,53520,134821,138831,CU2101.SHF,0
2020-11-23,53850,54540,53700,53970,218768,147408,CU2101.SHF,0
2020-11-24,53800,54850,53620,54770,185525,161627,CU2101.SHF,0
2020-11-25,54880,55100,54410,54550,171496,157016,CU2101.SHF,0
2020-11-26,54410,55390,54390,55310,154194,166139,CU2101.SHF,0
2020-11-27,55160,56180,55090,56120,172868,167810,CU2101.SHF,0
2020-11-30,56150,57790,56060,57680,276208,156167,CU2101.SHF,0
2020-12-01,57620,57980,56620,57040,271479,138485,CU2101.SHF,0
2020-12-02,57190,57810,56850,57200,202365,136378,CU2101.SHF,0
2020-12-03,56850,57330,56500,56870,193370,130455,CU2101.SHF,0
2020-12-04,57150,57620,56710,57450,223643,128637,CU2101.SHF,0
2020-12-07,57250,57850,56960,57030,185716,121197,CU2101.SHF,0
2020-12-08,56980,57310,56800,56930,113818,115123,CU2101.SHF,0
2020-12-09,56760,57480,56670,57250,126621,114105,CU2101.SHF,0
2020-12-10,57160,57470,56790,57450,122092,108389,CU2101.SHF,0
2020-12-11,57410,59210,57110,57830,280050,102568,CU2101.SHF,0
2020-12-14,57650,58050,57220,57850,149246,98380,CU2101.SHF,0
2020-12-15,57770,57870,57350,57700,94628,93028,CU2101.SHF,0
2020-12-16,57730,58190,57510,57850,109766,88776,CU2101.SHF,0
2020-12-17,58020,58680,57860,58620,96247,87961,CU2101.SHF,0
2020-12-18,58630,59500,58530,59260,117085,83503,CU2101.SHF,0
2020-12-21,59280,59640,58800,59280,163715,125794,CU2102.SHF,1
2020-12-22,58640,58970,57880,57900,184763,114467,CU2102.SHF,0
2020-12-23,58000,58080,57140,57850,167233,114908,CU2102.SHF,0
2020-12-24,57960,58480,57930,58130,111868,116005,CU2102.SHF,0
2020-12-25,58040,58660,57770,58560,84668,117317,CU2102.SHF,0
2020-12-28,58500,59210,58300,58770,117109,121597,CU2102.SHF,0
2020-12-29,58790,59000,58020,58180,130352,117052,CU2102.SHF,0
2020-12-30,58300,58680,58060,58480,123639,113719,CU2102.SHF,0
2020-12-31,58180,58340,57630,57750,136664,105758,CU2102.SHF,0
2021-01-04,57750,58300,57680,58160,82919,96881,CU2102.SHF,0
2021-01-05,58220,58550,57710,58110,103527,96490,CU2102.SHF,0
2021-01-06,58160,59280,58090,59030,120470,97891,CU2102.SHF,0
2021-01-07,59330,59550,58720,59380,114651,95867,CU2102.SHF,0
2021-01-08,59190,60680,59000,60310,145940,95088,CU2102.SHF,0
2021-01-11,60060,60220,58540,58580,171238,86291,CU2102.SHF,0
2021-01-12,58620,58870,57960,58710,155293,110137,CU2103.SHF,1
2021-01-13,58780,59100,58580,58780,122271,114010,CU2103.SHF,0
2021-01-14,58650,58970,58450,58740,106241,115412,CU2103.SHF,0
2021-01-15,58910,59750,58650,58690,164481,121920,CU2103.SHF,0
2021-01-18,58730,59430,58320,59280,169802,125225,CU2103.SHF,0
2021-01-19,59130,59190,58670,58890,101309,124070,CU2103.SHF,0
2021-01-20,59060,59460,58710,59120,134630,124606,CU2103.SHF,0
2021-01-21,59000,59490,58720,59340,129082,128152,CU2103.SHF,0
2021-01-22,59340,59630,58640,58810,143519,123912,CU2103.SHF,0
2021-01-25,58300,59250,58170,59090,156396,123697,CU2103.SHF,0
2021-01-26,58940,59090,58400,58470,113778,122937,CU2103.SHF,0
2021-01-27,58760,59140,58570,58720,94848,122378,CU2103.SHF,0
2021-01-28,58320,58580,57620,57760,229939,126308,CU2103.SHF,0
2021-01-29,57690,58460,57410,57550,177119,122149,CU2103.SHF,0
2021-02-01,57870,58350,57280,57910,163881,117638,CU2103.SHF,0
2021-02-02,57790,57910,57260,57300,114326,117673,CU2103.SHF,0
2021-02-03,57170,57480,56860,57000,136494,113563,CU2103.SHF,0
2021-02-04,57400,57950,57230,57820,118813,105705,CU2103.SHF,0
2021-02-05,57720,58240,57540,58210,97200,100615,CU2103.SHF,0
2021-02-08,58430,59030,58120,58790,102902,93985,CU2103.SHF,0
2021-02-09,58790,59720,58780,59570,91536,90464,CU2103.SHF,0
2021-02-10,59610,60830,59420,60800,117134,83408,CU2103.SHF,0
2021-02-18,61820,63290,61600,63210,80289,80691,CU2103.SHF,0
2021-02-19,63390,64470,63000,64320,199534,147830,CU2104.SHF,1
2021-02-22,64460,67370,64370,67370,296364,151769,CU2104.SHF,0
2021-02-23,66750,68790,66420,67950,467269,153964,CU2104.SHF,0
2021-02-24,67550,68880,66560,67910,454424,153444,CU2104.SHF,0
2021-02-25,68390,70740,67900,70150,403093,154200,CU2104.SHF,0
2021-02-26,70080,70440,67940,67950,422027,140997,CU2104.SHF,0
2021-03-01,67420,68110,66860,67450,334847,127886,CU2104.SHF,0
2021-03-02,67410,67610,65730,66780,242399,120945,CU2104.SHF,0
2021-03-03,67650,68400,67250,67810,195794,118873,CU2104.SHF,0
2021-03-04,67630,67630,66430,66460,168654,115913,CU2104.SHF,0
2021-03-05,65130,66400,64210,65920,295735,109217,CU2104.SHF,0
2021-03-08,66330,67330,65660,65770,185050,105830,CU2104.SHF,0
2021-03-09,66200,67460,65710,66000,175033,100111,CU2104.SHF,0
2021-03-10,66130,66280,65070,65400,194750,131006,CU2105.SHF,1
2021-03-11,65960,67770,65410,67360,225414,150597,CU2105.SHF,0
2021-03-12,67260,67470,66590,66920,190335,147954,CU2105.SHF,0
2021-03-15,66920,68230,66860,67520,204178,157495,CU2105.SHF,0
2021-03-16,67680,67780,66690,66740,137751,154268,CU2105.SHF,0
2021-03-17,66490,67110,66180,66940,146956,149899,CU2105.SHF,0
2021-03-18,66920,67700,66660,66920,146886,149439,CU2105.SHF,0
2021-03-19,66980,67390,65510,66020,217722,148049,CU2105.SHF,0
2021-03-22,66510,67440,66220,66800,181394,146542,CU2105.SHF,0
2021-03-23,67020,67720,66380,67040,193756,149707,CU2105.SHF,0
2021-03-24,66750,66910,66080,66480,153428,150834,CU2105.SHF,0
2021-03-25,66690,66980,65480,65560,191090,154325,CU2105.SHF,0
2021-03-26,65210,66390,64930,66170,204962,146801,CU2105.SHF,0
2021-03-29,66280,66900,66070,66340,145770,145045,CU2105.SHF,0
2021-03-30,66420,66620,65860,65880,128138,143696,CU2105.SHF,0
2021-03-31,65860,65930,65190,65600,161047,142081,CU2105.SHF,0
2021-04-01,65750,65890,65030,65090,134908,141971,CU2105.SHF,0
2021-04-02,65390,67260,65340,67090,192731,128627,CU2105.SHF,0
2021-04-06,67480,67670,66850,67010,89025,126446,CU2105.SHF,0
2021-04-07,67010,67410,66750,66900,94176,123324,CU2105.SHF,0
2021-04-08,66590,67210,66310,66850,120227,117460,CU2105.SHF,0
2021-04-09,66860,67290,66550,66720,96815,112311,CU2105.SHF,0
2021-04-12,66870,66940,65650,65690,130994,106706,CU2105.SHF,0
2021-04-13,65900,66160,65620,65870,83519,104549,CU2105.SHF,0
2021-04-14,66280,66410,66020,66190,65691,101316,CU2105.SHF,0
2021-04-15,66840,68180,66680,68040,190130,161029,CU2106.SHF,1
2021-04-16,68130,69500,68060,68540,249767,175967,CU2106.SHF,0
2021-04-19,69000,69820,67880,69660,222256,182656,CU2106.SHF,0
2021-04-20,69660,69750,69000,69450,161140,182260,CU2106.SHF,0
2021-04-21,69270,69590,68450,68720,181631,170267,CU2106.SHF,0
2021-04-22,68830,69720,68740,69150,165812,175681,CU2106.SHF,0
2021-04-23,69320,69740,68850,69440,162777,177926,CU2106.SHF,0
2021-04-26,69750,71130,69550,70980,247686,189060,CU2106.SHF,0
2021-04-27,71150,72820,71030,72480,261866,189078,CU2106.SHF,0
2021-04-28,72150,72380,71060,71340,232329,175636,CU2106.SHF,0
2021-04-29,71820,72960,71510,72380,197631,175392,CU2106.SHF,0
2021-04-30,72600,73060,71250,71890,209068,162470,CU2106.SHF,0
2021-05-06,72210,73320,72180,73240,102105,160057,CU2106.SHF,0
2021-05-07,73580,74950,73430,74900,179927,160182,CU2106.SHF,0
2021-05-10,75300,78270,75080,77720,281019,151845,CU2106.SHF,0
2021-05-11,77400,77430,74800,76000,313147,139280,CU2106.SHF,0
2021-05-12,76000,77150,75670,77090,199333,138657,CU2106.SHF,0
2021-05-13,76240,76720,75390,75970,244411,132077,CU2106.SHF,0
2021-05-14,75420,75740,73530,74560,237464,125491,CU2106.SHF,0
2021-05-17,74360,75290,74200,74750,175719,121419,CU2106.SHF,0
2021-05-18,74680,76210,74560,76100,137132,119141,CU2106.SHF,0
2021-05-19,75740,75900,74070,74090,131138,108020,CU2106.SHF,0
2021-05-20,73420,73860,72150,73450,199583,92135,CU2106.SHF,0
2021-05-21,73600,73720,71760,72160,214013,126737,CU2107.SHF,1
2021-05-24,72800,72950,71010,71640,246429,131903,CU2107.SHF,0
2021-05-25,71780,72960,71710,72230,167541,129763,CU2107.SHF,0
2021-05-26,71850,72240,71510,71780,152038,129398,CU2107.SHF,0
2021-05-27,71860,72350,71280,71940,157811,133250,CU2107.SHF,0
2021-05-28,71970,74480,71970,73350,245750,138997,CU2107.SHF,0
2021-05-31,73040,74550,72770,73950,193071,140188,CU2107.SHF,0
2021-06-01,73980,74350,73590,74160,124527,143265,CU2107.SHF,0
2021-06-02,73700,74750,73520,73680,155274,142144,CU2107.SHF,0
2021-06-03,73380,73500,72610,73020,159440,137885,CU2107.SHF,0
2021-06-04,71500,71750,70470,70910,241633,138875,CU2107.SHF,0
2021-06-07,71920,72130,71190,71390,124171,135289,CU2107.SHF,0
2021-06-08,71270,71830,71100,71420,108151,129667,CU2107.SHF,0
2021-06-09,70990,72380,70870,71510,138564,130944,CU2107.SHF,0
2021-06-10,71400,71880,71050,71290,102273,132479,CU2107.SHF,0
2021-06-11,71070,71830,70610,71770,143036,132425,CU2107.SHF,0
2021-06-15,71520,71560,69500,70230,117291,130566,CU2107.SHF,0
2021-06-16,69110,69490,68380,68450,151836,126238,CU2107.SHF,0
2021-06-17,68950,69830,68450,68800,133905,111678,CU2107.SHF,0
2021-06-18,68620,68960,66960,67260,159616,106284,CU2107.SHF,0
2021-06-21,67150,67370,66350,66350,131010,98793,CU2107.SHF,0
2021-06-22,66420,67620,66390,67350,110174,87899,CU2107.SHF,0
2021-06-23,67350,68510,67270,68480,85778,80005,CU2107.SHF,0
2021-06-24,68860,69660,68300,68480,133511,114698,CU2108.SHF,1
2021-06-25,68700,69340,68580,68700,108388,117410,CU2108.SHF,0
2021-06-28,68580,68930,68150,68630,109883,119630,CU2108.SHF,0
2021-06-29,68650,68820,67720,68150,98558,122235,CU2108.SHF,0
2021-06-30,67940,68610,67840,68390,88641,121002,CU2108.SHF,0
2021-07-01,68630,69310,68140,68260,122153,121003,CU2108.SHF,0
2021-07-02,68630,68940,67810,68260,107885,121278,CU2108.SHF,0
2021-07-05,68430,69780,68210,69520,137175,121704,CU2108.SHF,0
2021-07-06,69260,70230,69200,70100,115739,124166,CU2108.SHF,0
2021-07-07,69720,69810,67900,69110,172828,115546,CU2108.SHF,0
2021-07-08,69280,69550,68590,68740,127762,114518,CU2108.SHF,0
2021-07-09,68360,69240,68170,68920,118800,115392,CU2108.SHF,0
2021-07-12,69600,69980,68850,68980,127097,114819,CU2108.SHF,0
2021-07-13,68790,69460,68750,69200,82563,115900,CU2108.SHF,0
2021-07-14,68490,69030,68280,68870,98394,115354,CU2108.SHF,0
2021-07-15,68730,69100,68060,68800,108007,114958,CU2108.SHF,0
2021-07-16,68780,69550,68670,69340,97287,108984,CU2108.SHF,0
2021-07-19,69300,69480,68620,68740,90167,103887,CU2108.SHF,0
2021-07-20,67450,68370,67400,68130,111283,102737,CU2108.SHF,0
2021-07-21,67880,68690,67810,68020,80128,96552,CU2108.SHF,0
2021-07-22,68300,69050,68210,68960,74370,87749,CU2108.SHF,0
2021-07-23,69130,70000,68930,69670,84264,80343,CU2108.SHF,0
2021-07-26,70040,71150,69630,70770,139600,128828,CU2109.SHF,1
2021-07-27,71030,72740,70990,71770,167268,137479,CU2109.SHF,0
2021-07-28,72110,72410,71690,71850,132217,138433,CU2109.SHF,0
2021-07-29,71750,71910,71110,71610,121943,136632,CU2109.SHF,0
2021-07-30,71700,72120,71290,71820,113946,136097,CU2109.SHF,0
2021-08-02,71960,72460,70830,71480,169156,134609,CU2109.SHF,0
2021-08-03,71680,71690,70440,70450,110158,127089,CU2109.SHF,0
2021-08-04,69860,70350,69500,70120,113943,122670,CU2109.SHF,0
2021-08-05,69520,69860,69220,69220,117226,120705,CU2109.SHF,0
2021-08-06,69250,70430,69250,70330,102313,120451,CU2109.SHF,0
2021-08-09,70160,70490,69140,69470,119524,117123,CU2109.SHF,0
2021-08-10,68540,69770,68500,69550,105758,121441,CU2109.SHF,0
2021-08-11,69500,70420,69370,69770,101880,120291,CU2109.SHF,0
2021-08-12,69870,70660,69850,70410,93337,119708,CU2109.SHF,0
2021-08-13,70180,70220,69540,69970,88041,118113,CU2109.SHF,0
2021-08-16,70060,70910,69660,69660,107705,120238,CU2109.SHF,0
2021-08-17,69820,70050,69500,69710,79978,114642,CU2109.SHF,0
2021-08-18,68910,69270,68550,68720,121695,113219,CU2109.SHF,0
2021-08-19,68320,68500,66710,66790,157665,108568,CU2109.SHF,0
2021-08-20,66030,67620,66000,67200,128192,94679,CU2109.SHF,0
2021-08-23,66820,68130,66820,67620,131415,129201,CU2110.SHF,1
2021-08-24,68550,68760,68210,68560,118099,125422,CU2110.SHF,0
2021-08-25,69080,69590,68900,69100,111872,129032,CU2110.SHF,0
2021-08-26,69500,69600,68560,68590,101725,130837,CU2110.SHF,0
2021-08-27,68910,69190,68620,69130,99494,126661,CU2110.SHF,0
2021-08-30,69200,70280,69190,70130,133885,129293,CU2110.SHF,0
2021-08-31,70450,70600,69750,70100,100739,132113,CU2110.SHF,0
2021-09-01,70200,70290,68860,68900,117263,130405,CU2110.SHF,0
2021-09-02,68860,69230,68510,69020,100627,126108,CU2110.SHF,0
2021-09-03,68720,69560,68660,69090,106220,126037,CU2110.SHF,0
2021-09-06,69250,69770,69050,69510,102658,123399,CU2110.SHF,0
2021-09-07,69550,69710,68870,69070,77174,122433,CU2110.SHF,0
2021-09-08,69060,69220,68680,68680,95765,120538,CU2110.SHF,0
2021-09-09,68680,69610,68270,69300,146092,123131,CU2110.SHF,0
2021-09-10,69210,70240,69160,70080,126974,127535,CU2110.SHF,0
2021-09-13,70500,71900,70380,71480,192823,136463,CU2110.SHF,0
2021-09-14,71480,71480,69800,69840,149579,124842,CU2110.SHF,0
2021-09-15,69810,70230,69360,69810,125769,120669,CU2110.SHF,0
2021-09-16,69970,70860,69530,69650,119956,114680,CU2110.SHF,0
2021-09-17,69450,69730,69080,69270,123464,106260,CU2110.SHF,0
2021-09-22,67650,69110,67550,68780,99418,102428,CU2110.SHF,0
2021-09-23,69160,69300,68510,68660,93358,91993,CU2110.SHF,0
2021-09-24,68780,69500,68540,69250,109561,80946,CU2110.SHF,0
2021-09-27,69050,69900,68900,69340,96298,69243,CU2110.SHF,0
2021-09-28,69090,69550,69050,69230,77495,117870,CU2111.SHF,1
2021-09-29,69110,69210,68290,68360,121933,117320,CU2111.SHF,0
2021-09-30,68490,68700,67890,67950,99026,119551,CU2111.SHF,0
2021-10-08,68970,69700,68820,68840,84488,119513,CU2111.SHF,0
2021-10-11,68950,70350,68930,70260,143162,139746,CU2111.SHF,0
2021-10-12,70280,71140,69400,69680,144814,141275,CU2111.SHF,0
2021-10-13,70310,70740,69480,70100,144545,141888,CU2111.SHF,0
2021-10-14,70680,73630,70480,72480,238778,160785,CU2111.SHF,0
2021-10-15,72620,74340,72620,73820,183489,162564,CU2111.SHF,0
2021-10-18,75010,76700,74480,76270,221067,158195,CU2111.SHF,0
2021-10-19,75510,76170,74510,75810,147924,149675,CU2111.SHF,0
2021-10-20,75490,75490,72480,73380,197841,131489,CU2111.SHF,0
2021-10-21,73410,74960,72510,72890,151149,119023,CU2111.SHF,0
2021-10-22,72580,72940,71370,72390,233307,155196,CU2112.SHF,1
2021-10-25,71900,72460,70820,72110,193102,157245,CU2112.SHF,0
2021-10-26,71900,72500,71580,72000,139144,159882,CU2112.SHF,0
2021-10-27,71990,72290,70560,70560,194977,150037,CU2112.SHF,0
2021-10-28,70300,71530,69660,71110,213682,153377,CU2112.SHF,0
2021-10-29,70800,71300,70150,70540,132432,150947,CU2112.SHF,0
2021-11-01,70200,70770,69720,70140,122502,150554,CU2112.SHF,0
2021-11-02,70140,70990,69380,69660,142807,149521,CU2112.SHF,0
2021-11-03,70200,71470,69750,71350,128403,160201,CU2112.SHF,0
2021-11-04,71000,71100,69610,70150,138708,155384,CU2112.SHF,0
2021-11-05,70630,70680,68770,69590,166446,157158,CU2112.SHF,0
2021-11-08,69400,70650,69340,70000,121313,152708,CU2112.SHF,0
2021-11-09,70220,70880,70030,70550,95172,153566,CU2112.SHF,0
2021-11-10,70950,70960,69720,70330,108019,151805,CU2112.SHF,0
2021-11-11,70210,70720,69580,70420,129162,148807,CU2112.SHF,0
2021-11-12,70650,71170,70430,70570,122058,144542,CU2112.SHF,0
2021-11-15,70570,71500,70400,70830,108729,145210,CU2112.SHF,0
2021-11-16,71030,71220,70210,70360,108271,133480,CU2112.SHF,0
2021-11-17,70640,70700,69800,70140,115483,128600,CU2112.SHF,0
2021-11-18,69720,70060,68800,68910,145132,123222,CU2112.SHF,0
2021-11-19,69210,71020,68670,70960,130497,114292,CU2112.SHF,0
2021-11-22,70050,70960,69950,70180,127728,158184,CU2201.SHF,1
2021-11-23,70370,71620,70150,70740,143163,172977,CU2201.SHF,0
2021-11-24,71060,71580,70770,71220,92335,176086,CU2201.SHF,0
2021-11-25,71620,72260,71580,71970,120822,188075,CU2201.SHF,0
2021-11-26,72140,72140,70410,70560,126260,171059,CU2201.SHF,0
2021-11-29,69800,70460,69330,70230,159820,162149,CU2201.SHF,0
2021-11-30,70410,70530,69170,69450,121960,155294,CU2201.SHF,0
2021-12-01,69710,69860,69020,69650,110032,154776,CU2201.SHF,0
2021-12-02,69500,69600,68620,68650,132747,155980,CU2201.SHF,0
2021-12-03,68830,69850,68650,69460,122548,152611,CU2201.SHF,0
2021-12-06,69390,69790,68910,69080,111405,149335,CU2201.SHF,0
2021-12-07,69460,69770,69320,69420,90812,144887,CU2201.SHF,0
2021-12-08,70160,70240,69390,69570,92258,139268,CU2201.SHF,0
2021-12-09,69510,70130,69290,69710,97714,139423,CU2201.SHF,0
2021-12-10,69360,69570,69180,69530,79270,135694,CU2201.SHF,0
2021-12-13,69560,69660,69230,69570,78333,136367,CU2201.SHF,0
2021-12-14,69270,69350,68510,68910,99921,133844,CU2201.SHF,0
2021-12-15,69100,69150,68000,68000,95585,135574,CU2201.SHF,0
2021-12-16,67860,68760,67040,68590,132546,125813,CU2201.SHF,0
2021-12-17,69160,69560,69010,69370,92896,106771,CU2201.SHF,0
2021-12-20,69210,69460,68500,68630,63223,99719,CU2201.SHF,0
2021-12-21,68690,69300,68610,69230,83762,136634,CU2202.SHF,1
2021-12-22,69340,69800,69170,69690,74042,138605,CU2202.SHF,0
2021-12-23,69940,70200,69790,70180,81994,144770,CU2202.SHF,0
2021-12-24,69800,70200,69470,69750,83911,142606,CU2202.SHF,0
2021-12-27,69770,69970,69490,69530,60360,140027,CU2202.SHF,0
2021-12-28,69810,70870,69700,70450,91362,148144,CU2202.SHF,0
2021-12-29,70650,70780,69770,70200,73868,141209,CU2202.SHF,0
2021-12-30,69940,70240,69830,70010,65370,138956,CU2202.SHF,0
2021-12-31,70200,70550,69770,70380,76394,133670,CU2202.SHF,0
2022-01-04,70510,70550,69580,69730,57689,127675,CU2202.SHF,0
2022-01-05,69740,70770,69690,70110,79815,128210,CU2202.SHF,0
2022-01-06,70310,70390,69440,69490,83117,122511,CU2202.SHF,0
2022-01-07,69400,69800,69000,69520,81771,115000,CU2202.SHF,0
2022-01-10,69470,69980,69410,69780,59048,111072,CU2202.SHF,0
2022-01-11,69780,69950,69100,69720,72730,109625,CU2202.SHF,0
2022-01-12,69910,71330,69610,71170,99650,120293,CU2202.SHF,0
2022-01-13,71860,72500,71260,71440,110022,117648,CU2202.SHF,0
2022-01-14,71900,72040,71000,71460,87675,108319,CU2202.SHF,0
2022-01-17,71190,71190,69860,70170,96700,91482,CU2202.SHF,0
2022-01-18,69820,70270,69730,70100,59145,135164,CU2203.SHF,1
2022-01-19,69880,70230,69670,70020,74996,136183,CU2203.SHF,0
2022-01-20,70490,71360,70380,71180,104527,150151,CU2203.SHF,0
2022-01-21,71190,71880,70790,71290,94910,154349,CU2203.SHF,0
2022-01-24,71280,71990,70410,70480,116128,145535,CU2203.SHF,0
2022-01-25,70020,70140,69520,69570,116496,139370,CU2203.SHF,0
2022-01-26,69570,70780,69360,70730,95307,138315,CU2203.SHF,0
2022-01-27,70910,71230,69770,69780,85803,129985,CU2203.SHF,0
2022-01-28,70500,70970,70030,70290,79210,129300,CU2203.SHF,0
2022-02-07,71000,71180,70290,70430,49911,126890,CU2203.SHF,0
2022-02-08,70630,70780,70200,70590,56593,128164,CU2203.SHF,0
2022-02-09,70060,70590,69770,70450,70633,129062,CU2203.SHF,0
2022-02-10,70840,73040,70760,73030,142439,157385,CU2203.SHF,0
2022-02-11,73320,73650,71140,71480,152263,146828,CU2203.SHF,0
2022-02-14,71650,71860,70580,71360,106807,133716,CU2203.SHF,0
2022-02-15,71070,71300,70540,71060,82171,125982,CU2203.SHF,0
2022-02-16,71410,71630,70970,71510,60175,124783,CU2203.SHF,0
2022-02-17,71550,71660,71030,71160,52066,118893,CU2203.SHF,0
2022-02-18,71250,72070,71110,71890,62479,117671,CU2203.SHF,0
2022-02-21,71510,71980,71230,71460,72498,104457,CU2203.SHF,0
2022-02-22,71150,71320,70960,71030,65454,89642,CU2203.SHF,0
2022-02-23,71440,71500,71060,71300,45322,78724,CU2203.SHF,0
2022-02-24,71320,71380,70520,70970,111204,131418,CU2204.SHF,1
2022-02-25,71360,71640,70550,70690,113707,132993,CU2204.SHF,0
2022-02-28,70660,71110,70530,70990,72209,133553,CU2204.SHF,0
2022-03-01,70920,71150,70660,71050,59799,133338,CU2204.SHF,0
2022-03-02,71150,71790,71120,71520,92002,140196,CU2204.SHF,0
2022-03-03,73000,73120,71820,73010,135552,150786,CU2204.SHF,0
2022-03-04,73000,73240,72240,72890,122656,149833,CU2204.SHF,0
2022-03-07,72800,75610,72660,74980,164131,156329,CU2204.SHF,0
2022-03-08,74900,77270,70560,74000,242689,139982,CU2204.SHF,0
2022-03-09,71880,73250,71880,72720,118144,126949,CU2204.SHF,0
2022-03-10,72000,72460,71440,71940,98015,116352,CU2204.SHF,0
2022-03-11,72300,72460,71830,72150,58980,111552,CU2204.SHF,0
2022-03-14,72390,72410,71750,71780,56960,111596,CU2204.SHF,0
2022-03-15,71260,71800,71260,71360,68140,110054,CU2204.SHF,0
2022-03-16,71200,72260,71150,72090,69098,105440,CU2204.SHF,0
2022-03-17,72120,72570,72000,72250,52124,102561,CU2204.SHF,0
2022-03-18,72560,73310,72450,72830,55561,99282,CU2204.SHF,0
2022-03-21,72800,73780,72630,72880,83482,136789,CU2205.SHF,1
2022-03-22,73010,73320,72880,73120,46312,144291,CU2205.SHF,0
2022-03-23,73660,73670,72820,73180,52581,146263,CU2205.SHF,0
2022-03-24,73500,73950,73380,73580,65180,153880,CU2205.SHF,0
2022-03-25,73600,73920,73300,73560,56602,153934,CU2205.SHF,0
2022-03-28,73500,73500,72700,72940,72433,152869,CU2205.SHF,0
2022-03-29,73250,73830,73130,73570,66283,159874,CU2205.SHF,0
2022-03-30,73270,74310,73120,74210,82724,166961,CU2205.SHF,0
2022-03-31,73710,73870,73280,73320,71439,155903,CU2205.SHF,0
2022-04-01,73540,73700,73030,73160,58868,152682,CU2205.SHF,0
2022-04-06,73980,73990,73510,73720,39492,155196,CU2205.SHF,0
2022-04-07,73720,73950,73350,73410,55126,154531,CU2205.SHF,0
2022-04-08,73280,73930,73180,73760,55949,158724,CU2205.SHF,0
2022-04-11,73690,73760,73160,73230,60836,153639,CU2205.SHF,0
2022-04-12,73200,73450,72930,73350,70395,151281,CU2205.SHF,0
2022-04-13,73300,74450,73240,74030,86744,157434,CU2205.SHF,0
2022-04-14,73790,74270,73620,74180,53307,157429,CU2205.SHF,0
2022-04-15,73820,75100,73780,74970,67161,164995,CU2205.SHF,0
2022-04-18,74890,75320,74650,74760,52462,156720,CU2205.SHF,0
2022-04-19,74910,75500,74800,75040,63367,149391,CU2205.SHF,0
2022-04-20,74760,74770,74320,74480,60056,135362,CU2205.SHF,0
2022-04-21,74140,74750,74140,74480,48008,126276,CU2205.SHF,0
2022-04-22,74800,75200,74690,75010,58874,122400,CU2205.SHF,0
2022-04-25,74900,75190,73660,73660,107455,97665,CU2205.SHF,0
2022-04-26,73170,73750,72500,73260,113019,148859,CU2206.SHF,1
2022-04-27,72990,73560,72910,73320,81889,148335,CU2206.SHF,0
2022-04-28,73100,73540,72870,73320,71044,150234,CU2206.SHF,0
2022-04-29,73320,73960,72940,73600,73894,149754,CU2206.SHF,0
2022-05-05,72940,73440,72710,72760,61604,150524,CU2206.SHF,0
2022-05-06,72380,72560,71820,72050,109319,155058,CU2206.SHF,0
2022-05-09,71900,72040,71430,71440,93092,155923,CU2206.SHF,0
2022-05-10,70920,71950,70870,71720,110712,155273,CU2206.SHF,0
2022-05-11,71660,71830,70810,71580,88796,152143,CU2206.SHF,0
2022-05-12,71470,71940,70850,70880,84662,156541,CU2206.SHF,0
2022-05-13,70300,71130,70060,71060,100302,155842,CU2206.SHF,0
2022-05-16,70580,71780,70360,71270,89343,148860,CU2206.SHF,0
2022-05-17,71750,71880,71320,71790,63091,140404,CU2206.SHF,0
2022-05-18,72060,72120,71310,71340,56167,133805,CU2206.SHF,0
2022-05-19,71400,71620,71000,71530,70782,125911,CU2206.SHF,0
2022-05-20,71540,72020,71540,71900,65352,116011,CU2206.SHF,0
2022-05-23,71960,72260,71670,72050,55949,107212,CU2206.SHF,0
2022-05-24,72260,72260,71670,71770,52383,98178,CU2206.SHF,0
2022-05-25,71580,71950,71550,71810,51765,88105,CU2206.SHF,0
2022-05-26,71150,71410,70960,71080,63239,131511,CU2207.SHF,1
2022-05-27,71380,72150,71300,71900,77992,135427,CU2207.SHF,0
2022-05-30,71790,72230,71750,71950,57004,138162,CU2207.SHF,0
2022-05-31,72010,72290,71870,72120,50706,140486,CU2207.SHF,0
2022-06-01,71970,72000,71400,71600,62601,139921,CU2207.SHF,0
2022-06-02,72020,72200,71760,72130,55476,141637,CU2207.SHF,0
2022-06-06,73020,73120,72510,72680,62085,148193,CU2207.SHF,0
2022-06-07,72930,72930,72410,72460,44634,149533,CU2207.SHF,0
2022-06-08,72350,72920,72320,72790,58408,154356,CU2207.SHF,0
2022-06-09,72800,73050,72700,72810,49609,154944,CU2207.SHF,0
2022-06-10,72650,72700,72380,72650,56491,153019,CU2207.SHF,0
2022-06-13,72300,72470,71610,71720,92405,144037,CU2207.SHF,0
2022-06-14,71320,71680,71110,71570,77694,141043,CU2207.SHF,0
2022-06-15,71270,71350,70660,70670,87721,140983,CU2207.SHF,0
2022-06-16,70870,71180,70530,70540,74004,134901,CU2207.SHF,0
2022-06-17,69820,69940,69150,69740,105680,128917,CU2207.SHF,0
2022-06-20,69450,69450,68000,68000,116285,125733,CU2207.SHF,0
2022-06-21,67990,68700,67680,68030,84035,113914,CU2207.SHF,0
2022-06-22,68400,68980,67030,67060,85059,107154,CU2207.SHF,0
2022-06-23,66780,67300,65590,66380,109163,96747,CU2207.SHF,0
2022-06-24,65390,65690,63350,63440,173900,143339,CU2208.SHF,1
2022-06-27,63300,64680,61620,63750,230142,146507,CU2208.SHF,0
2022-06-28,63760,64910,63470,64890,126386,135020,CU2208.SHF,0
2022-06-29,64800,64880,62960,63470,155790,141986,CU2208.SHF,0
2022-06-30,64440,64680,63690,63850,111692,139765,CU2208.SHF,0
2022-07-01,63150,63380,61420,61630,177406,151502,CU2208.SHF,0
2022-07-04,61400,61880,60630,60660,152453,154283,CU2208.SHF,0
2022-07-05,61090,61480,60070,60110,147521,155659,CU2208.SHF,0
2022-07-06,59490,59500,55510,57620,268494,164552,CU2208.SHF,0
2022-07-07,58000,59550,57160,58640,226074,152780,CU2208.SHF,0
2022-07-08,59850,60540,58750,58960,179906,146409,CU2208.SHF,0
2022-07-11,59050,59780,57870,58480,152066,146028,CU2208.SHF,0
2022-07-12,58550,58630,57250,57320,145196,146644,CU2208.SHF,0
2022-07-13,56960,56980,55350,56030,196041,153759,CU2208.SHF,0
2022-07-14,55530,56690,54750,55450,237122,148648,CU2208.SHF,0
2022-07-15,55400,55400,53400,53480,206134,143350,CU2208.SHF,0
2022-07-18,54200,56460,54020,56390,227369,131640,CU2208.SHF,0
2022-07-19,56430,57430,55710,56030,135345,122993,CU2208.SHF,0
2022-07-20,56100,57340,55360,56840,134354,116095,CU2208.SHF,0
2022-07-21,56850,57300,55940,56180,117577,111861,CU2208.SHF,0
2022-07-22,56180,57080,55740,56930,118965,107507,CU2208.SHF,0
2022-07-25,56880,57990,56810,57220,127044,94178,CU2208.SHF,0
2022-07-26,57290,59040,57290,58890,160993,152178,CU2209.SHF,1
2022-07-27,58730,58840,57720,58390,145415,153367,CU2209.SHF,0
2022-07-28,58280,60060,57960,59990,161288,155978,CU2209.SHF,0
2022-07-29,59610,60170,59230,60100,147588,157641,CU2209.SHF,0
2022-08-01,60180,61260,59920,60840,174005,159606,CU2209.SHF,0
2022-08-02,61020,61250,59120,60250,182051,155093,CU2209.SHF,0
2022-08-03,60450,60700,59510,59780,179147,157522,CU2209.SHF,0
2022-08-04,60050,60170,58730,58750,137931,160822,CU2209.SHF,0
2022-08-05,59100,60560,58540,60310,182012,164183,CU2209.SHF,0
2022-08-08,60080,61200,59710,60930,160061,162318,CU2209.SHF,0
2022-08-09,60880,61700,60680,61220,134470,160967,CU2209.SHF,0
2022-08-10,61390,61890,60760,61040,133240,160500,CU2209.SHF,0
2022-08-11,61960,62790,61600,62690,154253,160597,CU2209.SHF,0
2022-08-12,62800,63010,62420,62930,115720,162236,CU2209.SHF,0
2022-08-15,62390,62440,61240,61480,139942,159259,CU2209.SHF,0
2022-08-16,61040,62460,60830,62040,126975,155892,CU2209.SHF,0
2022-08-17,62110,62410,61770,61960,100558,151242,CU2209.SHF,0
2022-08-18,61770,61900,61150,61170,116574,151030,CU2209.SHF,0
2022-08-19,62100,62610,61890,61980,110989,148840,CU2209.SHF,0
2022-08-22,62500,63400,62350,62770,109392,143995,CU2209.SHF,0
2022-08-23,62560,63270,62340,63040,81774,134350,CU2209.SHF,0
2022-08-24,63400,63720,63040,63420,77856,126048,CU2209.SHF,0
2022-08-25,62720,62850,62400,62780,113853,149094,CU2210.SHF,1
2022-08-26,63030,63730,62910,63690,113042,164183,CU2210.SHF,0
2022-08-29,64210,64560,62280,62550,185856,166219,CU2210.SHF,0
2022-08-30,62700,62840,61990,62200,117080,163034,CU2210.SHF,0
2022-08-31,61840,62340,61580,62060,127826,159941,CU2210.SHF,0
2022-09-01,60900,61520,60350,60680,167919,162153,CU2210.SHF,0
2022-09-02,60530,60530,59300,59540,161035,167757,CU2210.SHF,0
2022-09-05,59700,60670,59450,60580,158964,167403,CU2210.SHF,0
2022-09-06,60380,61650,60360,61630,123553,161288,CU2210.SHF,0
2022-09-07,61380,61500,60390,60550,123977,163704,CU2210.SHF,0
2022-09-08,60890,61360,60490,61150,123027,161574,CU2210.SHF,0
2022-09-09,61450,63100,61290,63070,158026,162113,CU2210.SHF,0
2022-09-13,63170,63560,62880,63190,73290,159448,CU2210.SHF,0
2022-09-14,62920,63050,62120,62280,123846,157446,CU2210.SHF,0
2022-09-15,62280,62790,61870,62220,118765,152790,CU2210.SHF,0
2022-09-16,62010,62320,61810,61950,105047,145499,CU2210.SHF,0
2022-09-19,62110,63200,62050,62280,112402,140415,CU2210.SHF,0
2022-09-20,62020,62930,61960,62600,89148,133173,CU2210.SHF,0
2022-09-21,62400,62970,62260,62760,77123,131777,CU2210.SHF,0
2022-09-22,62290,62850,61890,62430,118153,123593,CU2210.SHF,0
2022-09-23,62990,63000,62090,62180,78763,116679,CU2210.SHF,0
2022-09-26,61180,61510,60620,60700,141617,102539,CU2210.SHF,0
2022-09-27,61100,61610,60750,61280,80128,83420,CU2210.SHF,0
2022-09-28,60700,60770,59860,60020,101191,148030,CU2211.SHF,1
2022-09-29,60540,61210,60340,60870,111097,148758,CU2211.SHF,0
2022-09-30,61280,61410,60630,61320,101617,142520,CU2211.SHF,0
2022-10-10,61070,61630,61050,61260,72287,143498,CU2211.SHF,0
2022-10-11,62000,62730,61870,62360,112508,155384,CU2211.SHF,0
2022-10-12,62510,62820,62020,62720,96511,159833,CU2211.SHF,0
2022-10-13,62530,62630,62160,62340,84695,160522,CU2211.SHF,0
2022-10-14,62050,63740,61880,63700,141755,172003,CU2211.SHF,0
2022-10-17,63700,63760,62840,63080,107335,163256,CU2211.SHF,0
2022-10-18,63340,63450,62600,62650,96499,152146,CU2211.SHF,0
2022-10-19,62460,62540,61950,62120,93539,144949,CU2211.SHF,0
2022-10-20,62230,62490,61980,62270,82732,137094,CU2211.SHF,0
2022-10-21,62750,63400,62590,62820,96569,132547,CU2211.SHF,0
2022-10-24,62820,64210,62680,63810,105306,131846,CU2211.SHF,0
2022-10-25,62980,63190,62700,63060,77210,180053,CU2212.SHF,1
2022-10-26,62510,63110,62510,62750,89367,185041,CU2212.SHF,0
2022-10-27,63200,63730,63140,63450,100565,195630,CU2212.SHF,0
2022-10-28,63630,64160,62740,62830,133310,195128,CU2212.SHF,0
2022-10-31,62730,62960,61850,62060,149926,190869,CU2212.SHF,0
2022-11-01,61800,63510,61760,63350,143225,189728,CU2212.SHF,0
2022-11-02,63660,63950,63120,63570,95485,191357,CU2212.SHF,0
2022-11-03,63400,63630,63150,63350,72791,190708,CU2212.SHF,0
2022-11-04,62810,64520,62720,64250,132397,192238,CU2212.SHF,0
2022-11-07,65500,66420,64970,65730,187038,201771,CU2212.SHF,0
2022-11-08,65330,65850,64950,65780,108697,200587,CU2212.SHF,0
2022-11-09,65900,66740,65820,66580,133221,204380,CU2212.SHF,0
2022-11-10,66200,67230,66130,66750,147374,199754,CU2212.SHF,0
2022-11-11,66550,68420,66460,67630,209808,197600,CU2212.SHF,0
2022-11-14,67670,68330,66660,67010,190728,185487,CU2212.SHF,0
2022-11-15,66670,67240,66440,67190,113258,177232,CU2212.SHF,0
2022-11-16,66870,67120,66340,66710,104038,167024,CU2212.SHF,0
2022-11-17,66710,66750,66000,66510,90982,158047,CU2212.SHF,0
2022-11-18,66210,66290,65650,65740,92310,148056,CU2212.SHF,0
2022-11-21,65510,65580,64730,65030,97528,132814,CU2212.SHF,0
2022-11-22,64640,64820,64260,64410,81536,121664,CU2212.SHF,0
2022-11-23,65020,65350,64590,64890,73475,109897,CU2212.SHF,0
2022-11-24,64670,65260,64650,65110,64339,101075,CU2212.SHF,0
2022-11-25,64850,65280,64730,65170,64166,148708,CU2301.SHF,1
2022-11-28,65360,65620,64000,64130,118987,147823,CU2301.SHF,0
2022-11-29,64650,65360,64470,65080,98472,147420,CU2301.SHF,0
2022-11-30,65080,65200,64550,64680,66304,147320,CU2301.SHF,0
2022-12-01,65620,66050,65150,65890,102607,151706,CU2301.SHF,0
2022-12-02,65520,66300,65520,66240,72762,147143,CU2301.SHF,0
2022-12-05,65950,66860,65590,66260,89722,145004,CU2301.SHF,0
2022-12-06,66190,66280,65550,65770,57736,143257,CU2301.SHF,0
2022-12-07,65890,66570,65300,65440,89484,146578,CU2301.SHF,0
2022-12-08,65670,66520,65500,66360,68350,144893,CU2301.SHF,0
2022-12-09,66660,67160,66350,67120,72302,148592,CU2301.SHF,0
2022-12-12,66590,66730,65890,66030,77966,142968,CU2301.SHF,0
2022-12-13,66030,66210,65530,66070,59251,140829,CU2301.SHF,0
2022-12-14,66340,67000,66180,66510,75527,142834,CU2301.SHF,0
2022-12-15,66160,66340,65830,65980,66557,138262,CU2301.SHF,0
2022-12-16,66040,66060,65060,65260,88099,130399,CU2301.SHF,0
2022-12-19,65050,65950,64910,65110,76102,123414,CU2301.SHF,0
2022-12-20,65410,65650,64600,65060,71870,114226,CU2301.SHF,0
2022-12-21,65160,65920,65140,65760,65815,104044,CU2301.SHF,0
2022-12-22,65760,66300,65640,65820,48898,96957,CU2301.SHF,0
2022-12-23,65710,65790,65330,65450,45082,90762,CU2301.SHF,0
2022-12-26,65450,66120,65330,66040,48638,80204,CU2301.SHF,0
2022-12-27,66240,66570,65970,66350,31142,68114,CU2301.SHF,0
2022-12-28,66810,66820,66190,66440,50067,103242,CU2302.SHF,1
2022-12-29,66440,66500,66170,66430,37986,104321,CU2302.SHF,0
2022-12-30,66180,66320,65970,66260,44425,99641,CU2302.SHF,0
2023-01-03,66160,66250,65310,65790,49935,96846,CU2302.SHF,0
2023-01-04,65580,65780,64520,64560,64526,99483,CU2302.SHF,0
2023-01-05,63940,64460,63850,64290,64355,98356,CU2302.SHF,0
2023-01-06,65160,65340,64950,65240,59982,93974,CU2302.SHF,0
2023-01-09,64860,66260,64650,66090,100818,159235,CU2303.SHF,1
2023-01-10,66370,66860,66290,66590,75072,169752,CU2303.SHF,0
2023-01-11,66860,68020,66700,68000,95788,189204,CU2303.SHF,0
2023-01-12,68020,69040,68020,68660,103292,198167,CU2303.SHF,0
2023-01-13,68680,69390,68430,68630,102399,201290,CU2303.SHF,0
2023-01-16,68530,68950,68070,68640,64322,197618,CU2303.SHF,0
2023-01-17,68740,68840,68320,68400,51649,193550,CU2303.SHF,0
2023-01-18,68900,70450,68780,70300,91193,198229,CU2303.SHF,0
2023-01-19,70910,71500,69280,69680,101438,188881,CU2303.SHF,0
2023-01-20,69550,70650,69430,70420,73528,185326,CU2303.SHF,0
2023-01-30,70290,70300,69180,69330,57386,177532,CU2303.SHF,0
2023-01-31,69470,69790,69170,69240,68468,175820,CU2303.SHF,0
2023-02-01,69030,70000,68930,69700,58753,176168,CU2303.SHF,0
2023-02-02,69490,69540,68700,69060,74163,173518,CU2303.SHF,0
2023-02-03,68930,69440,68350,68890,83202,166505,CU2303.SHF,0
2023-02-06,68870,68980,68140,68340,89845,165143,CU2303.SHF,0
2023-02-07,68250,68360,67570,68260,76281,162437,CU2303.SHF,0
2023-02-08,67920,68750,67660,68640,68125,160063,CU2303.SHF,0
2023-02-09,68920,68980,68000,68640,66473,154927,CU2303.SHF,0
2023-02-10,68640,68940,68160,68420,65780,152323,CU2303.SHF,0
2023-02-13,68490,68560,67800,68150,63680,146260,CU2303.SHF,0
2023-02-14,68380,68780,68130,68680,53050,146151,CU2303.SHF,0
2023-02-15,68630,69260,68370,68640,94661,145118,CU2303.SHF,0
2023-02-16,68290,68660,67820,68510,73566,136161,CU2303.SHF,0
2023-02-17,68810,69380,68560,68880,65567,131996,CU2303.SHF,0
2023-02-20,68800,69400,68580,69400,56876,127317,CU2303.SHF,0
2023-02-21,69770,70130,69640,70100,56137,116997,CU2303.SHF,0
2023-02-22,70150,70670,70050,70090,59483,103264,CU2303.SHF,0
2023-02-23,70240,70480,69920,70010,58252,163849,CU2304.SHF,1
2023-02-24,70210,70280,69060,69610,87917,163360,CU2304.SHF,0
2023-02-27,69120,69350,68290,68300,121453,159665,CU2304.SHF,0
2023-02-28,68460,69080,68460,69050,85168,150661,CU2304.SHF,0
2023-03-01,69260,70170,69110,70080,87608,154787,CU2304.SHF,0
2023-03-02,70160,70260,69730,69780,62414,154676,CU2304.SHF,0
2023-03-03,69100,69910,69000,69820,80001,152202,CU2304.SHF,0
2023-03-06,69820,69900,69300,69310,55739,145748,CU2304.SHF,0
2023-03-07,69110,69800,69050,69590,51218,147482,CU2304.SHF,0
2023-03-08,69250,69320,68680,68880,82682,145772,CU2304.SHF,0
2023-03-09,69160,69700,68910,69290,76750,144010,CU2304.SHF,0
2023-03-10,69380,69700,68800,68810,70261,143690,CU2304.SHF,0
2023-03-13,68860,69410,68540,69270,110572,145271,CU2304.SHF,0
2023-03-14,67780,68960,67500,68550,119029,141833,CU2304.SHF,0
2023-03-15,68970,69100,68550,68660,62871,139125,CU2304.SHF,0
2023-03-16,67130,67650,66360,66420,166168,132233,CU2304.SHF,0
2023-03-17,66620,67440,66160,67220,103162,115381,CU2304.SHF,0
2023-03-20,67220,67750,66750,66840,76156,106602,CU2304.SHF,0
2023-03-21,67390,67650,67170,67530,76058,153584,CU2305.SHF,1
2023-03-22,68280,68390,67740,68080,91995,157789,CU2305.SHF,0
2023-03-23,68530,68750,68250,68350,89492,161802,CU2305.SHF,0
2023-03-24,68420,69820,68330,69760,120251,173603,CU2305.SHF,0
2023-03-27,69120,69380,68830,69250,96208,171085,CU2305.SHF,0
2023-03-28,69150,69730,69050,69320,68650,171323,CU2305.SHF,0
2023-03-29,69180,69680,69150,69280,59116,172322,CU2305.SHF,0
2023-03-30,69900,69990,69410,69660,73914,173919,CU2305.SHF,0
2023-03-31,69670,69790,69130,69200,77154,172624,CU2305.SHF,0
2023-04-03,69100,69800,69040,69150,73815,172900,CU2305.SHF,0
2023-04-04,69480,69600,68890,69080,70666,170012,CU2305.SHF,0
2023-04-06,68500,68760,68430,68520,63458,165003,CU2305.SHF,0
2023-04-07,68400,69090,68120,69040,71798,165833,CU2305.SHF,0
2023-04-10,68810,69050,68620,68740,45388,162497,CU2305.SHF,0
2023-04-11,68280,69040,68260,68880,71434,168974,CU2305.SHF,0
2023-04-12,68880,69310,68740,68860,71602,167373,CU2305.SHF,0
2023-04-13,68950,69470,68830,69170,73713,170762,CU2305.SHF,0
2023-04-14,69870,70330,69790,70050,92074,184910,CU2305.SHF,0
2023-04-17,70360,70630,69600,70170,91210,178995,CU2305.SHF,0
2023-04-18,69850,69940,69420,69780,71199,164693,CU2305.SHF,0
2023-04-19,69670,69940,69350,69470,57686,155142,CU2305.SHF,0
2023-04-20,69290,69670,69270,69350,59872,141821,CU2305.SHF,0
2023-04-21,69210,69350,68640,68660,87135,121019,CU2305.SHF,0
2023-04-24,68720,68860,68350,68370,75558,104646,CU2305.SHF,0
2023-04-25,68200,68620,67940,68080,100278,172143,CU2306.SHF,1
2023-04-26,66850,67500,66660,67430,155671,183099,CU2306.SHF,0
2023-04-27,67050,67270,66210,66560,143086,187019,CU2306.SHF,0
2023-04-28,66400,67540,66120,67410,109486,176110,CU2306.SHF,0
2023-05-04,66850,67320,66690,66920,69291,178647,CU2306.SHF,0
2023-05-05,66810,67090,66220,66810,111863,183407,CU2306.SHF,0
2023-05-08,66590,67500,66470,67470,100568,184240,CU2306.SHF,0
2023-05-09,67570,67760,67040,67070,68922,179775,CU2306.SHF,0
2023-05-10,67190,67510,67050,67240,63972,180997,CU2306.SHF,0
2023-05-11,67000,67070,65240,65310,166462,199613,CU2306.SHF,0
2023-05-12,64860,64890,63910,64610,201152,200649,CU2306.SHF,0
2023-05-15,64880,65250,64390,64980,137408,188681,CU2306.SHF,0
2023-05-16,65280,65360,64210,64360,110036,182484,CU2306.SHF,0
2023-05-17,63990,64660,63990,64550,107444,170735,CU2306.SHF,0
2023-05-18,65020,65970,65020,65760,115845,159314,CU2306.SHF,0
2023-05-19,65360,65720,65030,65690,89451,144250,CU2306.SHF,0
2023-05-22,65850,65980,64520,64860,127097,184574,CU2307.SHF,1
2023-05-23,64950,65210,64160,64220,112878,193455,CU2307.SHF,0
2023-05-24,64150,64480,63570,63850,152324,205909,CU2307.SHF,0
2023-05-25,63720,63820,62690,63460,188009,214592,CU2307.SHF,0
2023-05-26,63770,64630,63390,64630,168729,207582,CU2307.SHF,0
2023-05-29,64730,65350,64520,65210,130619,198837,CU2307.SHF,0
2023-05-30,65200,65380,64440,64800,110677,197547,CU2307.SHF,0
2023-05-31,65100,65130,64550,64920,115592,196697,CU2307.SHF,0
2023-06-01,64710,65830,64600,65720,136907,187263,CU2307.SHF,0
2023-06-02,65520,66440,65470,66250,118310,186135,CU2307.SHF,0
2023-06-05,66620,66670,65620,65770,96166,184023,CU2307.SHF,0
2023-06-06,66270,66870,66080,66450,110022,188316,CU2307.SHF,0
2023-06-07,66550,66990,66430,66540,75251,187635,CU2307.SHF,0
2023-06-08,66840,67180,66420,66660,96463,186766,CU2307.SHF,0
2023-06-09,66650,67110,66630,67080,79701,185269,CU2307.SHF,0
2023-06-12,67410,67600,66750,66830,96021,184102,CU2307.SHF,0
2023-06-13,66830,67460,66620,67340,83194,184708,CU2307.SHF,0
2023-06-14,67870,68040,67600,67730,96678,188021,CU2307.SHF,0
2023-06-15,68080,68200,67750,67850,72890,187863,CU2307.SHF,0
2023-06-16,68250,68740,68140,68630,82419,187507,CU2307.SHF,0
2023-06-19,68630,68800,68270,68450,75705,179713,CU2307.SHF,0
2023-06-20,68660,68780,68350,68570,57764,173110,CU2307.SHF,0
2023-06-21,68880,69370,68680,68930,86581,168139,CU2307.SHF,0
2023-06-26,68430,68770,68230,68490,75110,152864,CU2307.SHF,0
2023-06-27,68480,68670,68080,68460,61271,137770,CU2307.SHF,0
2023-06-28,67820,67970,67600,67680,71765,189604,CU2308.SHF,1
2023-06-29,67310,67460,67160,67230,78026,186515,CU2308.SHF,0
2023-06-30,66800,67540,66720,67300,101176,184924,CU2308.SHF,0
2023-07-03,67450,68470,67440,68260,84305,191113,CU2308.SHF,0
2023-07-04,68290,68420,67960,68110,55895,192325,CU2308.SHF,0
2023-07-05,67920,68070,67750,67760,46243,190735,CU2308.SHF,0
2023-07-06,67650,68170,67620,67800,63372,191141,CU2308.SHF,0
2023-07-07,67770,67970,67530,67610,64936,189293,CU2308.SHF,0
2023-07-10,67790,68150,67660,67750,70296,194794,CU2308.SHF,0
2023-07-11,67710,68340,67680,68130,78453,197410,CU2308.SHF,0
2023-07-12,67780,67910,67520,67750,77684,189842,CU2308.SHF,0
2023-07-13,68040,68710,68020,68610,93774,199600,CU2308.SHF,0
2023-07-14,68970,69740,68880,69290,103035,206098,CU2308.SHF,0
2023-07-17,69480,69540,68710,68740,80541,200090,CU2308.SHF,0
2023-07-18,68270,68690,68130,68510,77733,183455,CU2308.SHF,0
2023-07-19,68270,68790,68260,68760,54529,173891,CU2308.SHF,0
2023-07-20,68450,68730,68340,68500,62899,167531,CU2308.SHF,0
2023-07-21,68960,68970,68370,68720,60712,158739,CU2308.SHF,0
2023-07-24,68410,68530,68250,68290,65924,146739,CU2308.SHF,0
2023-07-25,68290,69100,68240,69040,69614,134078,CU2308.SHF,0
2023-07-26,69260,69380,68940,69120,81761,187555,CU2309.SHF,1
2023-07-27,68930,69470,68810,69000,82185,190916,CU2309.SHF,0
2023-07-28,68880,69110,68700,69100,79752,184963,CU2309.SHF,0
2023-07-31,69200,69790,69190,69530,111745,197823,CU2309.SHF,0
2023-08-01,70200,70940,70050,70600,131810,211385,CU2309.SHF,0
2023-08-02,70160,70260,69380,69420,123013,195163,CU2309.SHF,0
2023-08-03,69100,69220,68770,68860,93550,185489,CU2309.SHF,0
2023-08-04,68800,69660,68800,69350,83325,186799,CU2309.SHF,0
2023-08-07,69020,69180,68800,69030,73848,183274,CU2309.SHF,0
2023-08-08,69120,69230,68700,68730,76022,178702,CU2309.SHF,0
2023-08-09,67800,68690,67740,68600,113385,171560,CU2309.SHF,0
2023-08-10,68410,68730,68320,68590,64570,169306,CU2309.SHF,0
2023-08-11,68750,68850,68180,68200,88030,167514,CU2309.SHF,0
2023-08-14,67810,68180,67810,67940,87228,167073,CU2309.SHF,0
2023-08-15,67960,68680,67950,68520,69397,165362,CU2309.SHF,0
2023-08-16,68020,68190,67550,67550,101573,161395,CU2309.SHF,0
2023-08-17,67560,68100,67560,67980,73127,153744,CU2309.SHF,0
2023-08-18,68320,68550,67970,68000,62392,149439,CU2309.SHF,0
2023-08-21,68120,68670,68010,68500,60816,143633,CU2309.SHF,0
2023-08-22,68530,68850,68350,68670,54165,139300,CU2309.SHF,0
2023-08-23,68760,69300,68760,69130,54904,136180,CU2309.SHF,0
2023-08-24,69070,69320,68830,68870,77882,144637,CU2310.SHF,1
2023-08-25,68740,69010,68650,68930,56301,146733,CU2310.SHF,0
2023-08-28,69010,69390,68600,68900,93971,150010,CU2310.SHF,0
2023-08-29,68940,69310,68870,69190,60273,153663,CU2310.SHF,0
2023-08-30,69100,69510,68980,69380,73499,156770,CU2310.SHF,0
2023-08-31,69570,69650,69280,69430,71401,159215,CU2310.SHF,0
2023-09-01,69380,69730,69110,69730,78171,163818,CU2310.SHF,0
2023-09-04,70150,70210,69270,69340,93696,164206,CU2310.SHF,0
2023-09-05,69210,69490,69010,69050,58182,159579,CU2310.SHF,0
2023-09-06,69410,69740,69320,69490,69558,159284,CU2310.SHF,0
2023-09-07,69260,69360,68950,69220,69974,153952,CU2310.SHF,0
2023-09-08,68890,68980,68700,68750,67197,151406,CU2310.SHF,0
2023-09-11,68600,69100,68410,69080,73547,150046,CU2310.SHF,0
2023-09-12,69230,69510,69180,69250,60132,153821,CU2310.SHF,0
2023-09-13,69250,69290,69000,69130,54913,155341,CU2310.SHF,0
2023-09-14,69160,69510,69020,69470,75177,161461,CU2310.SHF,0
2023-09-15,69570,69920,69370,69780,73293,164105,CU2310.SHF,0
2023-09-18,69490,69520,69210,69450,67113,154807,CU2310.SHF,0
2023-09-19,69300,69350,68750,68790,81353,142679,CU2310.SHF,0
2023-09-20,68660,68900,68600,68740,61681,129493,CU2310.SHF,0
2023-09-21,68890,69110,68510,68510,64936,118676,CU2310.SHF,0
2023-09-22,67500,68260,67500,68210,93765,97936,CU2310.SHF,0
2023-09-25,68140,68170,67580,67670,66780,144076,CU2311.SHF,1
2023-09-26,67800,67880,67170,67190,79275,153243,CU2311.SHF,0
2023-09-27,67190,67440,66980,67000,69492,153555,CU2311.SHF,0
2023-09-28,67110,67380,67000,67240,64133,152183,CU2311.SHF,0
2023-10-09,67130,67480,67060,67400,56913,152143,CU2311.SHF,0
2023-10-10,67200,67300,66400,66460,101575,159994,CU2311.SHF,0
2023-10-11,66270,66950,66190,66930,83168,157542,CU2311.SHF,0
2023-10-12,66680,66980,66510,66940,69661,157890,CU2311.SHF,0
2023-10-13,66610,66750,66070,66470,76393,159870,CU2311.SHF,0
2023-10-16,66420,66650,65890,66630,72639,157410,CU2311.SHF,0
2023-10-17,66560,66580,65850,65880,74591,153845,CU2311.SHF,0
2023-10-18,65880,66900,65880,66700,71210,140576,CU2311.SHF,0
2023-10-19,66620,66780,66220,66470,53266,132399,CU2311.SHF,0
2023-10-20,66650,66760,66090,66160,59692,124139,CU2311.SHF,0
2023-10-23,66200,66350,65610,65640,72629,158801,CU2312.SHF,1
2023-10-24,65920,66540,65820,66490,90268,154382,CU2312.SHF,0
2023-10-25,66530,67100,66390,66920,94212,152260,CU2312.SHF,0
2023-10-26,66800,66840,66370,66550,61403,152146,CU2312.SHF,0
2023-10-27,66680,66910,66390,66880,68039,159279,CU2312.SHF,0
2023-10-30,67120,67430,67100,67320,76609,157196,CU2312.SHF,0
2023-10-31,67810,67840,67120,67310,75648,157294,CU2312.SHF,0
2023-11-01,67330,67450,67080,67280,54200,153306,CU2312.SHF,0
2023-11-02,67380,67700,67310,67410,57858,152858,CU2312.SHF,0
2023-11-03,67530,67880,67440,67740,63980,154273,CU2312.SHF,0
2023-11-06,67640,67650,67250,67590,66469,147938,CU2312.SHF,0
2023-11-07,67680,67830,67380,67410,48628,146797,CU2312.SHF,0
2023-11-08,67190,67530,67100,67500,59231,145931,CU2312.SHF,0
2023-11-09,67400,67550,66980,67130,64158,144446,CU2312.SHF,0
2023-11-10,67140,67450,67060,67230,55877,144325,CU2312.SHF,0
2023-11-13,67030,67240,66720,67210,76929,144195,CU2312.SHF,0
2023-11-14,67390,67580,67270,67480,55242,143730,CU2312.SHF,0
2023-11-15,67550,67910,67530,67770,62835,143282,CU2312.SHF,0
2023-11-16,67940,67990,67700,67850,53799,138761,CU2312.SHF,0
2023-11-17,67870,68020,67500,67920,63363,135362,CU2312.SHF,0
2023-11-20,67820,68070,67690,67920,54061,127797,CU2312.SHF,0
2023-11-21,68010,68550,67880,68280,61126,119149,CU2312.SHF,0
2023-11-22,68040,68250,67790,67930,65227,156407,CU2401.SHF,1
2023-11-23,67840,67970,67540,67800,60802,154652,CU2401.SHF,0
2023-11-24,67900,68140,67830,68050,47860,159674,CU2401.SHF,0
2023-11-27,67990,68200,67730,68100,56665,163757,CU2401.SHF,0
2023-11-28,68010,68010,67650,67700,58263,158996,CU2401.SHF,0
2023-11-29,67890,68390,67870,68090,86512,166067,CU2401.SHF,0
2023-11-30,68200,68330,67900,68220,67925,162935,CU2401.SHF,0
2023-12-01,68000,68580,67960,68360,72800,166714,CU2401.SHF,0
2023-12-04,68660,69150,68570,68580,76654,172379,CU2401.SHF,0
2023-12-05,68380,68560,67760,67900,73962,160371,CU2401.SHF,0
2023-12-06,67600,68070,67480,68050,68900,150052,CU2401.SHF,0
2023-12-07,68050,68190,67200,67480,72090,149898,CU2401.SHF,0
2023-12-08,67530,68100,67460,68000,49527,147364,CU2401.SHF,0
2023-12-11,68260,68810,68180,68350,77178,153363,CU2401.SHF,0
2023-12-12,67990,68190,67800,68170,54487,146253,CU2401.SHF,0
2023-12-13,68050,68090,67730,67810,55157,144329,CU2401.SHF,0
2023-12-14,67700,68290,67690,68200,56097,144764,CU2401.SHF,0
2023-12-15,68800,68870,68500,68630,73647,146946,CU2401.SHF,0
2023-12-18,68610,68750,68330,68650,50633,141267,CU2401.SHF,0
2023-12-19,68520,68600,68350,68480,40688,131778,CU2401.SHF,0
2023-12-20,68710,69270,68670,68990,62550,126016,CU2401.SHF,0
2023-12-21,68820,68990,68600,68970,57960,145429,CU2402.SHF,1
2023-12-22,68810,69290,68790,69040,73250,153500,CU2402.SHF,0
2023-12-25,68960,69230,68900,69080,46120,154819,CU2402.SHF,0
2023-12-26,69130,69380,69020,69330,45960,156087,CU2402.SHF,0
2023-12-27,69230,69410,68960,69260,57255,155297,CU2402.SHF,0
2023-12-28,69260,69870,69230,69340,73416,155933,CU2402.SHF,0
2023-12-29,68970,69150,68810,68920,57435,144501,CU2402.SHF,0
2024-01-02,68750,69050,68630,68960,31322,141057,CU2402.SHF,0
2024-01-03,68670,68850,68500,68610,48693,135896,CU2402.SHF,0
2024-01-04,68350,68690,68220,68390,55387,131273,CU2402.SHF,0
2024-01-05,68200,68570,68120,68390,45301,126435,CU2402.SHF,0
2024-01-08,68190,68550,68080,68280,54382,123663,CU2402.SHF,0
2024-01-09,68090,68430,67930,68220,47529,125217,CU2402.SHF,0
2024-01-10,67980,68180,67770,67810,59701,125294,CU2402.SHF,0
2024-01-11,68010,68230,67670,68190,45167,118216,CU2402.SHF,0
2024-01-12,68160,68300,67820,68200,41754,112517,CU2402.SHF,0
2024-01-15,68010,68150,67640,67700,45996,108749,CU2402.SHF,0
2024-01-16,67700,68010,67670,67810,40748,147095,CU2403.SHF,1
2024-01-17,68020,68160,67690,67720,44842,148567,CU2403.SHF,0
2024-01-18,67820,67890,67500,67870,52281,150362,CU2403.SHF,0
2024-01-19,67580,67900,67380,67770,56108,150724,CU2403.SHF,0
2024-01-22,68000,68160,67810,67910,52809,148520,CU2403.SHF,0
2024-01-23,67880,68150,67720,68110,50812,149622,CU2403.SHF,0
2024-01-24,68010,68400,68000,68380,51770,151823,CU2403.SHF,0
2024-01-25,68900,69000,68760,68880,77862,153366,CU2403.SHF,0
2024-01-26,69050,69130,68830,68870,53962,153260,CU2403.SHF,0
2024-01-29,68910,69280,68740,68780,53617,151027,CU2403.SHF,0
2024-01-30,68900,69210,68870,68980,43685,150596,CU2403.SHF,0
2024-01-31,69110,69470,68960,69350,67178,153179,CU2403.SHF,0
2024-02-01,69440,70000,68930,69000,77569,149376,CU2403.SHF,0
2024-02-02,69030,69190,68520,68630,57395,139662,CU2403.SHF,0
2024-02-05,68800,68850,68500,68540,44055,137295,CU2403.SHF,0
2024-02-06,68360,68390,68000,68060,60918,131099,CU2403.SHF,0
2024-02-07,68020,68240,67800,68140,44124,127953,CU2403.SHF,0
2024-02-08,68140,68140,67630,67960,49203,124143,CU2403.SHF,0
2024-02-19,68620,68670,68280,68340,37293,116043,CU2403.SHF,0
2024-02-20,68500,68600,68220,68320,38156,108667,CU2403.SHF,0
2024-02-21,68460,69000,68370,69000,46946,100071,CU2403.SHF,0
2024-02-22,69230,69530,69060,69260,58000,150574,CU2404.SHF,1
2024-02-23,69260,69550,69100,69370,54330,159131,CU2404.SHF,0
2024-02-26,69060,69360,69010,69050,54817,156548,CU2404.SHF,0
2024-02-27,68800,69030,68690,69000,50115,152274,CU2404.SHF,0
2024-02-28,69070,69070,68740,68760,43556,151537,CU2404.SHF,0
2024-02-29,68630,69010,68580,68990,50867,150865,CU2404.SHF,0
2024-03-01,68870,69140,68860,68920,36563,146972,CU2404.SHF,0
2024-03-04,68760,69240,68750,69170,48152,150559,CU2404.SHF,0
2024-03-05,69300,69350,69010,69050,37019,148098,CU2404.SHF,0
2024-03-06,69090,69200,68930,69080,30781,148420,CU2404.SHF,0
2024-03-07,69200,69580,69110,69500,54273,154276,CU2404.SHF,0
2024-03-08,69980,70200,69660,69950,67260,153579,CU2404.SHF,0
2024-03-11,69920,69930,69290,69450,44359,147710,CU2404.SHF,0
2024-03-12,69560,69920,69560,69900,50348,160203,CU2405.SHF,1
2024-03-13,69960,70460,69580,70420,108688,182645,CU2405.SHF,0
2024-03-14,71200,72470,71080,71570,208137,214126,CU2405.SHF,0
2024-03-15,71600,73270,71550,73130,180312,230421,CU2405.SHF,0
2024-03-18,72930,73440,72700,72830,168557,231671,CU2405.SHF,0
2024-03-19,73130,73900,72510,72920,197326,225160,CU2405.SHF,0
2024-03-20,72420,72890,72350,72620,101716,218643,CU2405.SHF,0
2024-03-21,72230,73530,72080,73240,127576,221854,CU2405.SHF,0
2024-03-22,72920,73060,72130,72290,117396,205498,CU2405.SHF,0
2024-03-25,72180,72690,72150,72300,88788,200899,CU2405.SHF,0
2024-03-26,72180,72570,71720,72000,101264,190762,CU2405.SHF,0
2024-03-27,72250,72300,71860,72090,68992,189240,CU2405.SHF,0
2024-03-28,71840,72660,71640,72500,101206,187803,CU2405.SHF,0
2024-03-29,72310,72620,72060,72530,83310,178865,CU2405.SHF,0
2024-04-01,72600,73190,72500,73100,75189,176465,CU2405.SHF,0
2024-04-02,72880,73370,72840,73230,65009,177128,CU2405.SHF,0
2024-04-03,73500,74050,73230,73980,85725,175205,CU2405.SHF,0
2024-04-08,75210,76170,74370,75540,102133,173567,CU2405.SHF,0
2024-04-09,76100,76850,75850,76130,139653,195142,CU2406.SHF,1
2024-04-10,76720,77040,76060,76800,142517,204867,CU2406.SHF,0
2024-04-11,76500,76650,75700,76270,164346,201063,CU2406.SHF,0
2024-04-12,76280,76920,75830,76910,130576,202356,CU2406.SHF,0
2024-04-15,77410,77940,76220,76970,209089,202183,CU2406.SHF,0
2024-04-16,77290,77570,76520,76730,164951,201471,CU2406.SHF,0
2024-04-17,76460,77010,76300,76920,103629,197905,CU2406.SHF,0
2024-04-18,77290,78920,76840,78780,180564,211744,CU2406.SHF,0
2024-04-19,78900,79840,78200,79370,219687,212648,CU2406.SHF,0
2024-04-22,79700,81050,79430,79550,237308,209205,CU2406.SHF,0
2024-04-23,79710,79730,77830,78020,213113,198099,CU2406.SHF,0
2024-04-24,77930,79500,77650,79380,170770,200132,CU2406.SHF,0
2024-04-25,79250,80200,78830,80160,163701,200833,CU2406.SHF,0
2024-04-26,80660,81180,79810,81100,189872,199981,CU2406.SHF,0
2024-04-29,80810,81110,80080,80940,165979,198041,CU2406.SHF,0
2024-04-30,81130,82460,81100,82180,169405,198340,CU2406.SHF,0
2024-05-06,80220,81340,80140,81300,72324,189633,CU2406.SHF,0
2024-05-07,81300,81680,80490,80500,110143,187279,CU2406.SHF,0
2024-05-08,80520,80890,79410,79540,116500,181336,CU2406.SHF,0
2024-05-09,79470,80040,79420,79630,85005,179763,CU2406.SHF,0
2024-05-10,79760,81040,79600,80970,105672,181496,CU2406.SHF,0
2024-05-13,80640,81310,80210,81150,115925,180741,CU2406.SHF,0
2024-05-14,81540,82440,81350,82280,105578,176468,CU2406.SHF,0
2024-05-15,82090,82290,80950,81780,116401,171021,CU2406.SHF,0
2024-05-16,82370,83000,81260,82600,174265,210670,CU2407.SHF,1
2024-05-17,82720,84500,82410,84250,156518,228150,CU2407.SHF,0
2024-05-20,84530,88940,84420,87670,308625,231481,CU2407.SHF,0
2024-05-21,86670,88630,85860,87090,260153,223409,CU2407.SHF,0
2024-05-22,87680,87960,85610,86220,216962,221296,CU2407.SHF,0
2024-05-23,84500,85140,82760,83080,262270,213543,CU2407.SHF,0
2024-05-24,83610,84400,83200,84050,180540,211017,CU2407.SHF,0
2024-05-27,83750,84170,83450,83530,109092,207941,CU2407.SHF,0
2024-05-28,83900,85400,83860,84600,155282,207025,CU2407.SHF,0
2024-05-29,84870,85880,84130,85470,154485,208944,CU2407.SHF,0
2024-05-30,84180,84870,82440,82860,214119,202769,CU2407.SHF,0
2024-05-31,82000,82620,81650,82500,170470,191999,CU2407.SHF,0
2024-06-03,82290,82680,81130,81510,170336,186521,CU2407.SHF,0
2024-06-04,81960,82460,81600,81970,127696,182136,CU2407.SHF,0
2024-06-05,80960,81060,80040,80060,148969,181823,CU2407.SHF,0
2024-06-06,80330,81720,80090,81250,135385,177224,CU2407.SHF,0
2024-06-07,81510,82440,81300,81530,115954,176830,CU2407.SHF,0
2024-06-11,80620,80680,79600,79870,91327,173378,CU2407.SHF,0
2024-06-12,79390,80260,79130,79880,99752,176586,CU2407.SHF,0
2024-06-13,80650,81050,79210,80000,115253,176197,CU2407.SHF,0
2024-06-14,80070,80200,79060,79550,84959,175529,CU2407.SHF,0
2024-06-17,79410,79530,78110,78110,108656,170545,CU2407.SHF,0
2024-06-18,78030,79060,77890,78370,92440,159905,CU2407.SHF,0
2024-06-19,77800,79050,77760,79040,78388,151715,CU2407.SHF,0
2024-06-20,79270,79980,78940,79390,73198,144108,CU2407.SHF,0
2024-06-21,79670,80530,79300,79310,124040,167515,CU2408.SHF,1
2024-06-24,78740,79180,78430,78670,110617,171438,CU2408.SHF,0
2024-06-25,78740,79130,78540,78670,81705,172951,CU2408.SHF,0
2024-06-26,78320,78560,77540,78480,141238,182545,CU2408.SHF,0
2024-06-27,78420,78420,77420,77550,112718,181853,CU2408.SHF,0
2024-06-28,78080,78530,77630,78370,136876,195709,CU2408.SHF,0
2024-07-01,78690,79020,77880,78060,97636,193071,CU2408.SHF,0
2024-07-02,78760,78960,78500,78690,82800,197638,CU2408.SHF,0
2024-07-03,79140,79650,78660,79630,104322,201354,CU2408.SHF,0
2024-07-04,79990,80520,79690,79870,101262,201865,CU2408.SHF,0
2024-07-05,80360,80570,79830,80370,88754,200254,CU2408.SHF,0
2024-07-08,80650,80800,79750,79930,100425,201766,CU2408.SHF,0
2024-07-09,80470,80650,80020,80480,83784,200268,CU2408.SHF,0
2024-07-10,80260,80340,79460,79580,96617,198504,CU2408.SHF,0
2024-07-11,79970,80300,79780,79920,76401,195148,CU2408.SHF,0
2024-07-12,79780,79900,78850,78950,102725,195298,CU2408.SHF,0
2024-07-15,79600,80210,79260,79490,90689,190508,CU2408.SHF,0
2024-07-16,79330,79740,79120,79280,63751,184424,CU2408.SHF,0
2024-07-17,78730,78890,78280,78500,89546,173509,CU2408.SHF,0
2024-07-18,78390,78500,77970,78380,76130,167635,CU2408.SHF,0
2024-07-19,77380,77380,76300,76580,131479,151982,CU2408.SHF,0
2024-07-22,76120,76610,75680,75760,127785,184074,CU2409.SHF,1
2024-07-23,75390,75990,74710,74710,137159,183487,CU2409.SHF,0
2024-07-24,74840,75210,74520,75000,116069,180574,CU2409.SHF,0
2024-07-25,74800,74890,72800,73030,175351,180626,CU2409.SHF,0
2024-07-26,73550,74670,73380,74150,163163,178280,CU2409.SHF,0
2024-07-29,74250,74840,74030,74040,99233,176894,CU2409.SHF,0
2024-07-30,73700,74010,73040,73420,133840,183525,CU2409.SHF,0
2024-07-31,73040,74520,72740,74470,145941,182993,CU2409.SHF,0
2024-08-01,74690,75490,74540,74780,127099,180951,CU2409.SHF,0
2024-08-02,74510,74840,73240,73700,153809,182728,CU2409.SHF,0
2024-08-05,73680,73980,72180,72210,191875,182230,CU2409.SHF,0
2024-08-06,70800,72240,70590,70850,202075,176117,CU2409.SHF,0
2024-08-07,70850,71970,70850,71390,141396,170926,CU2409.SHF,0
2024-08-08,71400,71420,70630,70680,112696,174122,CU2409.SHF,0
2024-08-09,70700,72150,70630,71670,131333,170228,CU2409.SHF,0
2024-08-12,71750,72240,71310,72190,102243,169503,CU2409.SHF,0
2024-08-13,72400,73220,72020,72280,124283,167635,CU2409.SHF,0
2024-08-14,72200,72650,71650,72010,106507,164682,CU2409.SHF,0
2024-08-15,72320,72860,71900,72830,100195,161453,CU2409.SHF,0
2024-08-16,73340,74080,73090,73930,110707,154810,CU2409.SHF,0
2024-08-19,73410,74230,72970,73900,103534,147707,CU2409.SHF,0
2024-08-20,74050,74280,73630,73770,66518,137399,CU2409.SHF,0
2024-08-21,74050,74120,73250,73910,65512,125402,CU2409.SHF,0
2024-08-22,74000,74360,73580,73930,91359,153594,CU2410.SHF,1
2024-08-23,73680,73820,73360,73500,85591,152504,CU2410.SHF,0
2024-08-26,73650,75180,73470,75170,133984,163614,CU2410.SHF,0
2024-08-27,74850,75230,74660,75010,87707,161333,CU2410.SHF,0
2024-08-28,75240,75580,74560,74590,101876,165120,CU2410.SHF,0
2024-08-29,74250,74530,73750,74200,98457,163501,CU2410.SHF,0
2024-08-30,73820,74480,73550,74220,107316,168272,CU2410.SHF,0
2024-09-02,74220,74220,73460,73610,93045,165620,CU2410.SHF,0
2024-09-03,73500,73870,72860,72890,95694,169511,CU2410.SHF,0
2024-09-04,72400,72520,71600,71700,132630,170412,CU2410.SHF,0
2024-09-05,71960,72360,71520,71520,98107,166581,CU2410.SHF,0
2024-09-06,72310,73080,72170,73050,125400,163661,CU2410.SHF,0
2024-09-09,73000,73050,71660,72410,124644,158925,CU2410.SHF,0
2024-09-10,72860,73370,72460,73110,101937,158833,CU2410.SHF,0
2024-09-11,72870,73320,72240,73270,100197,157520,CU2410.SHF,0
2024-09-12,73330,74010,72710,73830,99420,153761,CU2410.SHF,0
2024-09-13,74030,74450,73720,73960,90773,148604,CU2410.SHF,0
2024-09-18,74610,74770,74170,74510,60964,145207,CU2410.SHF,0
2024-09-19,74810,75670,74350,75640,106573,139946,CU2410.SHF,0
2024-09-20,75910,76110,75430,75840,94888,129143,CU2410.SHF,0
2024-09-23,75790,75900,75130,75310,82342,117946,CU2410.SHF,0
2024-09-24,75500,76780,75410,76760,91754,101686,CU2410.SHF,0
2024-09-25,77150,78130,77010,77110,142620,170540,CU2411.SHF,1
2024-09-26,77210,77820,76900,77740,121743,173541,CU2411.SHF,0
2024-09-27,78470,79200,77880,78780,170764,179167,CU2411.SHF,0
2024-09-30,78350,79460,78190,78830,152326,170549,CU2411.SHF,0
2024-10-08,78980,79130,77280,77310,120683,165351,CU2411.SHF,0
2024-10-09,77520,77970,77230,77560,103336,166052,CU2411.SHF,0
2024-10-10,76880,77470,76460,76870,106236,162402,CU2411.SHF,0
2024-10-11,76850,77620,76850,77220,85482,162123,CU2411.SHF,0
2024-10-14,77370,78050,77160,77570,104973,162771,CU2411.SHF,0
2024-10-15,77010,77340,76460,76520,105458,155968,CU2411.SHF,0
2024-10-16,76340,76750,76220,76720,72722,146171,CU2411.SHF,0
2024-10-17,76920,77370,75980,76020,83530,140156,CU2411.SHF,0
2024-10-18,76300,77250,76110,76980,68575,130676,CU2411.SHF,0
2024-10-21,77200,77740,76760,77620,64098,119405,CU2411.SHF,0
2024-10-22,77650,77770,76620,77200,87118,161490,CU2412.SHF,1
2024-10-23,77210,77280,76660,76720,64668,159876,CU2412.SHF,0
2024-10-24,76230,77060,76100,77000,75854,157075,CU2412.SHF,0
2024-10-25,76700,76800,76130,76390,94558,151858,CU2412.SHF,0
2024-10-28,76520,76890,76430,76870,75308,152572,CU2412.SHF,0
2024-10-29,76620,76780,76360,76500,71229,153839,CU2412.SHF,0
2024-10-30,76660,77030,76320,76670,90567,155012,CU2412.SHF,0
2024-10-31,76270,76770,76230,76540,79052,158178,CU2412.SHF,0
2024-11-01,76670,76710,76100,76520,83212,159259,CU2412.SHF,0
2024-11-04,76680,77670,76350,77430,123122,169211,CU2412.SHF,0
2024-11-05,77060,77870,76960,77630,87306,169461,CU2412.SHF,0
2024-11-06,77600,78170,76600,76770,123249,165392,CU2412.SHF,0
2024-11-07,76060,76680,75520,76480,130402,155120,CU2412.SHF,0
2024-11-08,76950,77730,76850,77100,101806,150641,CU2412.SHF,0
2024-11-11,76480,76820,76360,76560,76313,148173,CU2412.SHF,0
2024-11-12,76160,76240,75250,75310,92561,150056,CU2412.SHF,0
2024-11-13,74820,75210,74180,74210,101916,153457,CU2412.SHF,0
2024-11-14,74080,74430,73080,73170,109243,151192,CU2412.SHF,0
2024-11-15,73150,74210,73050,73860,94382,143787,CU2412.SHF,0
2024-11-18,74600,74630,73290,73760,91785,135574,CU2412.SHF,0
2024-11-19,73550,74490,73510,74330,61065,127023,CU2412.SHF,0
2024-11-20,73950,74720,73910,74550,58519,118831,CU2412.SHF,0
2024-11-21,74580,74720,74280,74440,38152,110301,CU2412.SHF,0
2024-11-22,74110,74250,73540,73760,74480,147722,CU2501.SHF,1
2024-11-25,73400,74400,73390,74160,81223,147545,CU2501.SHF,0
2024-11-26,74160,74210,73520,73740,69227,152473,CU2501.SHF,0
2024-11-27,74020,74310,73620,74130,65568,153788,CU2501.SHF,0
2024-11-28,74040,74080,73670,73770,68378,158998,CU2501.SHF,0
2024-11-29,73550,74020,73510,73830,72269,161189,CU2501.SHF,0
2024-12-02,73720,73920,73460,73720,73251,164177,CU2501.SHF,0
2024-12-03,73810,74340,73800,74340,79944,164201,CU2501.SHF,0
2024-12-04,74490,75150,74310,74750,94855,161589,CU2501.SHF,0
2024-12-05,74490,74730,74230,74530,54168,155824,CU2501.SHF,0
2024-12-06,74630,74900,74280,74730,55991,155452,CU2501.SHF,0
2024-12-09,74850,75020,74580,74740,57710,154305,CU2501.SHF,0
2024-12-10,75430,75740,75040,75130,83150,152182,CU2501.SHF,0
2024-12-11,75160,75860,75120,75490,67849,151225,CU2501.SHF,0
2024-12-12,75250,75550,75240,75440,58108,147370,CU2501.SHF,0
2024-12-13,74990,75050,74520,74790,81978,143932,CU2501.SHF,0
2024-12-16,74680,74870,74310,74390,58844,140223,CU2501.SHF,0
2024-12-17,74440,74860,74280,74350,50511,134670,CU2501.SHF,0
2024-12-18,74020,74230,73870,73930,55625,130292,CU2501.SHF,0
2024-12-19,74250,74540,73610,73850,63451,123385,CU2501.SHF,0
2024-12-20,73700,73920,73560,73820,53856,111596,CU2501.SHF,0
2024-12-23,73650,74320,73580,74170,50698,103928,CU2501.SHF,0
2024-12-24,73980,74100,73730,74040,36829,96274,CU2501.SHF,0
2024-12-25,73920,74180,73920,74140,34693,90623,CU2501.SHF,0
2024-12-26,74210,74290,74040,74050,25191,83066,CU2501.SHF,0
2024-12-27,74580,74690,74070,74090,50919,148975,CU2502.SHF,1
2024-12-30,73930,74360,73930,74270,46017,148358,CU2502.SHF,0
2024-12-31,73960,74010,73640,73770,60003,153747,CU2502.SHF,0
2025-01-02,73310,73440,73030,73280,48466,156644,CU2502.SHF,0
2025-01-03,73130,73360,72780,72920,78919,160879,CU2502.SHF,0
2025-01-06,73230,74130,73130,73600,75363,151603,CU2502.SHF,0
2025-01-07,74530,74680,74110,74470,86622,145731,CU2502.SHF,0
2025-01-08,74500,74580,74260,74480,44922,140801,CU2502.SHF,0
2025-01-09,74300,74980,74220,74920,55128,141689,CU2502.SHF,0
2025-01-10,75020,75370,74980,75270,54781,134594,CU2502.SHF,0
2025-01-13,75160,75570,74880,75550,66098,133972,CU2502.SHF,0
2025-01-14,75390,75490,75020,75430,45701,129750,CU2502.SHF,0
2025-01-15,75280,75600,74960,75140,45907,121662,CU2502.SHF,0
2025-01-16,75450,76320,75320,76260,87297,166512,CU2503.SHF,1
2025-01-17,76300,76650,76070,76540,62606,170790,CU2503.SHF,0
2025-01-20,76340,76380,75320,75400,83330,159849,CU2503.SHF,0
2025-01-21,75350,75900,75150,75630,68085,161321,CU2503.SHF,0
2025-01-22,75380,75760,75330,75520,48932,161921,CU2503.SHF,0
2025-01-23,75580,75650,74920,74960,57058,162408,CU2503.SHF,0
2025-01-24,75200,75870,75110,75870,58597,158934,CU2503.SHF,0
2025-01-27,75950,76100,75200,75540,49721,153002,CU2503.SHF,0
2025-02-05,75350,75530,75130,75290,38931,155433,CU2503.SHF,0
2025-02-06,75080,76560,74840,76480,90598,166236,CU2503.SHF,0
2025-02-07,76250,77360,76020,77250,81782,175031,CU2503.SHF,0
2025-02-10,77360,77950,76950,77370,105264,183382,CU2503.SHF,0
2025-02-11,77410,77650,76920,77150,68267,180966,CU2503.SHF,0
2025-02-12,76750,77060,76530,77000,68535,181212,CU2503.SHF,0
2025-02-13,77100,77730,76930,77560,74628,182747,CU2503.SHF,0
2025-02-14,77500,78330,77120,78090,84565,183412,CU2503.SHF,0
2025-02-17,78440,78580,76880,77030,102918,172458,CU2503.SHF,0
2025-02-18,76740,77030,76620,76850,67057,161151,CU2503.SHF,0
2025-02-19,76720,77370,76670,77080,55466,153266,CU2503.SHF,0
2025-02-20,77510,77740,77100,77620,62578,144926,CU2503.SHF,0
2025-02-21,77730,77750,76910,77020,61733,133909,CU2503.SHF,0
2025-02-24,77290,77540,77040,77140,60456,120466,CU2503.SHF,0
2025-02-25,77220,77430,76810,76810,43436,104501,CU2503.SHF,0
2025-02-26,77200,77590,76530,77130,102769,168493,CU2504.SHF,1
2025-02-27,77310,77350,76840,77070,65163,164799,CU2504.SHF,0
2025-02-28,77140,77330,76720,76840,69905,163990,CU2504.SHF,0
2025-03-03,76850,77380,76630,77050,68590,161179,CU2504.SHF,0
2025-03-04,77190,77430,76900,76940,58842,161390,CU2504.SHF,0
2025-03-05,76980,77550,76660,77510,91058,167221,CU2504.SHF,0
2025-03-06,77980,78540,77640,78260,97453,173009,CU2504.SHF,0
2025-03-07,78500,79280,78290,78320,98590,173475,CU2504.SHF,0
2025-03-10,78440,78910,78150,78270,76513,166564,CU2504.SHF,0
2025-03-11,78140,78320,77240,78030,81172,157269,CU2504.SHF,0
2025-03-12,78420,79470,78270,79410,88757,168626,CU2504.SHF,0
2025-03-13,79800,79870,79250,79330,79680,157592,CU2504.SHF,0
2025-03-14,79480,80530,79340,80500,116997,230088,CU2505.SHF,1
2025-03-17,80300,80570,79820,80520,86128,233226,CU2505.SHF,0
2025-03-18,80270,80700,79970,80260,86854,233171,CU2505.SHF,0
2025-03-19,80560,81070,80220,80890,89493,241712,CU2505.SHF,0
2025-03-20,81060,81720,80850,81670,108947,251500,CU2505.SHF,0
2025-03-21,81310,81810,80530,80610,135433,241118,CU2505.SHF,0
2025-03-24,80530,81950,80190,81840,135447,250501,CU2505.SHF,0
2025-03-25,82010,82110,81420,81910,116243,249339,CU2505.SHF,0
2025-03-26,81960,83320,81660,82000,205774,247777,CU2505.SHF,0
2025-03-27,81670,81970,81130,81560,145937,231989,CU2505.SHF,0
2025-03-28,80930,81170,80370,80450,157849,213557,CU2505.SHF,0
2025-03-31,80660,81190,79760,79950,154163,203731,CU2505.SHF,0
2025-04-01,79860,80460,79430,80430,107658,198319,CU2505.SHF,0
2025-04-02,79910,80220,79580,79890,97844,196044,CU2505.SHF,0
2025-04-03,79840,79950,78660,78860,114839,187164,CU2505.SHF,0
2025-04-07,73640,75500,73640,73640,173467,168034,CU2505.SHF,0
2025-04-08,72580,74640,72580,73360,215027,160954,CU2505.SHF,0
2025-04-09,73410,74010,71320,72130,197360,155202,CU2505.SHF,0
2025-04-10,71790,75680,71690,75300,208660,150227,CU2505.SHF,0
2025-04-11,74770,75340,74160,75230,142864,139941,CU2505.SHF,0
2025-04-14,75570,76420,75150,76310,115148,136741,CU2505.SHF,0
2025-04-15,76590,76590,75650,75970,78566,129458,CU2505.SHF,0
2025-04-16,75500,76130,74900,75260,126227,160697,CU2506.SHF,1
2025-04-17,75450,76190,75340,75780,112214,162109,CU2506.SHF,0
2025-04-18,75800,76280,75550,76140,92413,163483,CU2506.SHF,0
2025-04-21,76110,77360,75820,77290,122521,169596,CU2506.SHF,0
2025-04-22,77400,77490,76550,77120,117256,166073,CU2506.SHF,0
2025-04-23,77290,78520,77150,77890,137622,171055,CU2506.SHF,0
2025-04-24,77960,78090,77330,77410,111572,166136,CU2506.SHF,0
2025-04-25,77500,77980,77270,77440,110001,165933,CU2506.SHF,0
2025-04-28,77510,77730,77010,77580,114074,165067,CU2506.SHF,0
2025-04-29,77740,77760,77300,77600,79140,164818,CU2506.SHF,0
2025-04-30,77950,77990,77180,77220,89554,168554,CU2506.SHF,0
2025-05-06,77160,77970,77030,77600,83514,172625,CU2506.SHF,0
2025-05-07,77830,78560,77610,77790,132768,179103,CU2506.SHF,0
2025-05-08,77620,77980,77280,77330,116718,179692,CU2506.SHF,0
2025-05-09,77540,78170,77370,77450,111450,181319,CU2506.SHF,0
2025-05-12,77950,78280,77710,78260,125097,187730,CU2506.SHF,0
2025-05-13,78080,78190,77620,78090,90876,181940,CU2506.SHF,0
2025-05-14,77930,79050,77830,78940,112380,193911,CU2506.SHF,0
2025-05-15,78900,79090,77860,77870,110176,186574,CU2506.SHF,0
2025-05-16,78160,78610,78010,78140,72311,180490,CU2506.SHF,0
2025-05-19,77920,78090,77540,77820,82415,171235,CU2506.SHF,0
2025-05-20,77980,78180,77510,77540,66697,166088,CU2506.SHF,0
2025-05-21,77880,78320,77720,78100,71129,163320,CU2506.SHF,0
2025-05-22,78010,78060,77730,77920,61455,153061,CU2506.SHF,0
2025-05-23,77730,78040,77600,77790,64240,152405,CU2506.SHF,0
2025-05-26,77680,78480,77680,78270,77521,144941,CU2506.SHF,0
2025-05-27,78180,78630,78020,78210,67182,127084,CU2506.SHF,0
2025-05-28,78160,78240,77820,77870,73407,169462,CU2507.SHF,1
2025-05-29,78010,78190,77700,78130,80153,174757,CU2507.SHF,0
2025-05-30,78080,78100,77530,77600,87403,172994,CU2507.SHF,0
2025-06-03,77920,78250,77390,77650,81917,182260,CU2507.SHF,0
2025-06-04,77910,78400,77890,78200,111382,195214,CU2507.SHF,0
2025-06-05,78050,78260,77960,78170,64095,193023,CU2507.SHF,0
2025-06-06,78960,79180,78410,78930,128281,204118,CU2507.SHF,0
2025-06-09,78580,78920,78480,78910,75321,202306,CU2507.SHF,0
2025-06-10,78920,79470,78880,78880,86101,208685,CU2507.SHF,0
2025-06-11,79150,79340,79030,79290,64136,209523,CU2507.SHF,0
2025-06-12,78740,78880,78510,78610,85090,203273,CU2507.SHF,0
2025-06-13,78600,78760,77800,78010,98873,193847,CU2507.SHF,0
2025-06-16,77910,78650,77810,78550,76515,192243,CU2507.SHF,0
2025-06-17,78640,78730,78420,78570,58318,184424,CU2507.SHF,0
2025-06-18,78600,78870,78360,78860,58013,184366,CU2507.SHF,0
2025-06-19,78640,78700,78230,78310,63400,175704,CU2507.SHF,0
2025-06-20,78160,78480,77920,77990,65822,166882,CU2507.SHF,0
2025-06-23,78480,78580,78170,78290,62987,157429,CU2507.SHF,0
2025-06-24,78340,78690,78200,78640,63060,150365,CU2507.SHF,0
2025-06-25,78410,78850,78300,78810,63522,137637,CU2507.SHF,0
2025-06-26,78600,78930,78510,78890,77300,191140,CU2508.SHF,1
2025-06-27,79360,80060,79320,79920,131756,215705,CU2508.SHF,0
2025-06-30,79520,79990,79500,79870,100945,212911,CU2508.SHF,0
2025-07-01,79630,80760,79560,80640,113449,223983,CU2508.SHF,0
2025-07-02,80620,80930,80320,80540,101958,223122,CU2508.SHF,0
2025-07-03,80560,80990,80530,80560,83386,224672,CU2508.SHF,0
2025-07-04,80460,80760,79620,79730,100562,215738,CU2508.SHF,0
2025-07-07,79810,79950,79120,79270,75314,204506,CU2508.SHF,0
2025-07-08,79370,79690,79300,79620,61263,207382,CU2508.SHF,0
2025-07-09,79590,80170,78270,78400,162594,193999,CU2508.SHF,0
2025-07-10,78340,78680,78160,78600,99231,181068,CU2508.SHF,0
2025-07-11,78700,78810,78370,78430,81666,178682,CU2508.SHF,0
2025-07-14,78040,78520,78010,78400,79136,172204,CU2508.SHF,0
2025-07-15,77900,78160,77700,78090,81666,169930,CU2508.SHF,0
2025-07-16,77960,78160,77810,77980,60926,160457,CU2508.SHF,0
2025-07-17,77810,78090,77760,77840,54262,153791,CU2508.SHF,0
2025-07-18,77800,78590,77800,78410,63394,145430,CU2508.SHF,0
2025-07-21,78500,79750,78490,79700,80012,137617,CU2508.SHF,0
2025-07-22,79720,79880,79450,79740,73257,166726,CU2509.SHF,1
2025-07-23,79830,80140,79510,79590,85686,172895,CU2509.SHF,0
2025-07-24,79880,80020,79660,79890,73919,181496,CU2509.SHF,0
2025-07-25,79520,79550,79140,79250,88147,180830,CU2509.SHF,0
2025-07-28,79180,79300,78730,79000,75630,176092,CU2509.SHF,0
2025-07-29,79130,79250,78810,78840,65404,173744,CU2509.SHF,0
2025-07-30,78910,79240,78870,78930,55888,171689,CU2509.SHF,0
2025-07-31,78640,78850,77950,78040,109011,176193,CU2509.SHF,0
2025-08-01,78180,78800,77960,78400,80943,167671,CU2509.SHF,0
2025-08-04,78380,78500,78030,78330,62389,163558,CU2509.SHF,0
2025-08-05,78460,78590,78330,78580,42792,159866,CU2509.SHF,0
2025-08-06,78170,78320,78050,78280,56389,158574,CU2509.SHF,0
2025-08-07,78380,78490,78230,78460,42710,157601,CU2509.SHF,0
2025-08-08,78420,78610,78320,78490,42906,156892,CU2509.SHF,0
2025-08-11,78500,79170,78410,79020,70041,160884,CU2509.SHF,0
2025-08-12,78750,79120,78750,79020,48485,156044,CU2509.SHF,0
2025-08-13,79220,79510,79170,79380,52049,158877,CU2509.SHF,0
2025-08-14,79290,79350,78880,78950,51734,152341,CU2509.SHF,0
2025-08-15,78760,79210,78740,79060,50116,152557,CU2509.SHF,0
2025-08-18,79060,79290,78860,78950,44818,147433,CU2509.SHF,0
2025-08-19,78840,78980,78760,78890,39153,140367,CU2509.SHF,0
2025-08-20,78690,78770,78500,78640,56138,135865,CU2509.SHF,0
2025-08-21,78560,78800,78480,78540,43058,128034,CU2509.SHF,0
2025-08-22,78680,78890,78600,78690,37910,120902,CU2509.SHF,0
2025-08-25,78710,79830,78710,79690,68092,111260,CU2509.SHF,0
2025-08-26,79600,79810,79040,79190,68825,175488,CU2510.SHF,1
2025-08-27,79290,79580,79160,79190,57818,174997,CU2510.SHF,0
2025-08-28,78820,79010,78650,78930,73403,168997,CU2510.SHF,0
2025-08-29,78920,79630,78830,79410,71061,173826,CU2510.SHF,0
2025-09-01,79670,79980,79460,79780,78481,180644,CU2510.SHF,0
2025-09-02,79640,80020,79540,79660,61677,180065,CU2510.SHF,0
2025-09-03,79500,80700,79470,80110,98971,192109,CU2510.SHF,0
2025-09-04,80000,80430,79550,79770,77199,184021,CU2510.SHF,0
2025-09-05,79680,80280,79620,80140,55387,187152,CU2510.SHF,0
2025-09-08,80290,80410,79400,79650,90850,178303,CU2510.SHF,0
2025-09-09,79690,79910,79530,79650,50662,174886,CU2510.SHF,0
2025-09-10,79590,79930,79480,79790,55158,171912,CU2510.SHF,0
2025-09-11,79950,80280,79870,80130,64849,174453,CU2510.SHF,0
2025-09-12,80160,81190,80080,81060,91556,186876,CU2510.SHF,0
2025-09-15,80750,81100,80570,80940,68871,179256,CU2510.SHF,0
2025-09-16,80890,81530,80670,80880,88548,165216,CU2510.SHF,0
2025-09-17,81010,81200,80380,80560,70112,147464,CU2510.SHF,0
2025-09-18,79950,80000,79500,79620,90514,127860,CU2510.SHF,0
2025-09-19,79650,80080,79550,79910,48845,116552,CU2510.SHF,0
2025-09-22,79950,80350,79910,80160,63400,176962,CU2511.SHF,1
2025-09-23,80080,80200,79820,79920,63199,173294,CU2511.SHF,0
2025-09-24,79980,80130,79860,79960,51727,172444,CU2511.SHF,0
2025-09-25,81000,82980,80750,82710,334893,238523,CU2511.SHF,0
2025-09-26,82290,83090,82260,82470,174625,229050,CU2511.SHF,0
2025-09-29,82270,82450,81640,82370,138460,213792,CU2511.SHF,0
2025-09-30,82400,83820,82380,83110,156069,213859,CU2511.SHF,0
2025-10-09,84610,87000,84610,86750,137816,221715,CU2511.SHF,0
2025-10-10,87400,88090,85720,85910,212468,216115,CU2511.SHF,0
2025-10-13,86600,86780,82630,85120,291422,201831,CU2511.SHF,0
2025-10-14,85800,86790,84070,84410,210984,187566,CU2511.SHF,0
2025-10-15,84180,85990,83820,85800,125819,175899,CU2511.SHF,0
2025-10-16,85240,85410,84430,85050,97535,162171,CU2511.SHF,0
2025-10-17,84530,85440,84220,84390,121050,215573,CU2512.SHF,1
2025-10-20,84660,85980,84410,85380,158661,226910,CU2512.SHF,0
2025-10-21,85220,85880,85220,85400,104758,231226,CU2512.SHF,0
2025-10-22,85300,85420,84500,85420,112173,233361,CU2512.SHF,0
2025-10-23,85280,86260,85100,86070,114909,248626,CU2512.SHF,0
2025-10-24,86450,87860,86230,87720,174100,275672,CU2512.SHF,0
2025-10-27,87050,88700,86940,88370,222986,293384,CU2512.SHF,0
2025-10-28,88160,88400,86700,86980,235196,281306,CU2512.SHF,0
2025-10-29,87220,88970,87210,88710,197692,290209,CU2512.SHF,0
2025-10-30,88780,89270,87640,87960,254501,281460,CU2512.SHF,0
2025-10-31,87380,87830,86530,87010,244428,258319,CU2512.SHF,0
2025-11-03,87210,87450,86700,87300,150597,248762,CU2512.SHF,0
2025-11-04,87430,87440,85480,85740,166742,227549,CU2512.SHF,0
2025-11-05,85000,85960,84900,85670,142332,217024,CU2512.SHF,0
2025-11-06,85550,86550,85400,86320,101243,211098,CU2512.SHF,0
2025-11-07,86320,86450,85600,85940,91276,207136,CU2512.SHF,0
2025-11-10,86110,86790,85750,86480,98089,204127,CU2512.SHF,0
2025-11-11,86790,87050,86310,86630,74639,202371,CU2512.SHF,0
2025-11-12,86590,87050,86350,86840,76287,200769,CU2512.SHF,0
2025-11-13,87100,87700,86840,87550,102298,201007,CU2512.SHF,0
2025-11-14,87650,87920,86710,86900,103656,192293,CU2512.SHF,0
2025-11-17,86640,86900,85900,86450,101029,179927,CU2512.SHF,0
2025-11-18,86440,86530,85540,85650,86217,164396,CU2512.SHF,0
2025-11-19,85530,86200,85520,86080,71012,153307,CU2512.SHF,0
2025-11-20,86540,86640,86100,86130,84357,187778,CU2601.SHF,1
2025-11-21,86380,86630,85600,85660,98905,190218,CU2601.SHF,0
2025-11-24,85750,86350,85670,86080,96239,192392,CU2601.SHF,0
2025-11-25,86080,86840,85940,86600,86982,199582,CU2601.SHF,0
2025-11-26,86750,87200,86250,86590,107213,204728,CU2601.SHF,0
2025-11-27,87200,87300,86820,86990,95318,210684,CU2601.SHF,0
2025-11-28,86800,87550,86580,87430,94508,218257,CU2601.SHF,0
2025-12-01,87630,89650,87520,89280,189675,232702,CU2601.SHF,0
2025-12-02,89410,89920,88330,88920,143313,225606,CU2601.SHF,0
2025-12-03,89100,89450,88550,89210,125982,223984,CU2601.SHF,0
2025-12-04,90070,91450,90050,90980,225331,234570,CU2601.SHF,0
2025-12-05,90600,92910,90400,92780,188062,236494,CU2601.SHF,0
2025-12-08,92520,93300,91690,92970,194929,230045,CU2601.SHF,0
2025-12-09,92820,93050,90880,91090,190409,210572,CU2601.SHF,0
2025-12-10,91400,92370,90710,91850,146066,200373,CU2601.SHF,0
2025-12-11,92250,93000,91450,92210,138584,190380,CU2601.SHF,0
2025-12-12,92700,94570,92550,94080,157560,188649,CU2601.SHF,0
2025-12-15,93500,94360,90750,92400,183393,165809,CU2601.SHF,0
2025-12-16,93500,93820,91340,91920,186991,217374,CU2602.SHF,1
2025-12-17,92210,93270,91610,92820,149583,223974,CU2602.SHF,0
2025-12-18,92830,93500,92110,92600,160058,231253,CU2602.SHF,0
2025-12-19,92600,93400,91950,93180,172714,237652,CU2602.SHF,0
2025-12-22,93540,94730,93400,94320,210010,246790,CU2602.SHF,0
2025-12-23,94030,94290,93620,93930,138848,241093,CU2602.SHF,0
2025-12-24,94850,96750,93820,96100,307142,258304,CU2602.SHF,0
2025-12-25,95910,96530,94180,96210,248003,247747,CU2602.SHF,0
2025-12-26,96410,99730,96280,98720,286978,252097,CU2602.SHF,0
2025-12-29,98310,102660,98020,98860,517777,235507,CU2602.SHF,0
2025-12-30,97020,99240,96010,98090,408708,219725,CU2602.SHF,0
2025-12-31,98520,99800,97750,98240,293789,208246,CU2602.SHF,0
2026-01-05,99450,101380,99150,101350,151049,216315,CU2602.SHF,0
2026-01-06,100890,105490,100670,105320,291025,223647,CU2602.SHF,0
2026-01-07,104480,105500,102330,103410,329686,215869,CU2602.SHF,0
2026-01-08,103200,103560,100040,101220,303496,204095,CU2602.SHF,0
2026-01-09,101660,101890,98770,101410,303818,188674,CU2602.SHF,0
2026-01-12,101910,103970,101520,103800,209742,182691,CU2602.SHF,0
2026-01-13,104600,104800,101810,102290,225437,172960,CU2602.SHF,0
2026-01-14,103780,105650,102880,104120,342221,241232,CU2603.SHF,1
2026-01-15,104350,104660,101080,102810,333840,235877,CU2603.SHF,0
2026-01-16,103030,103500,100060,100770,322422,225933,CU2603.SHF,0
2026-01-19,101030,101860,99620,101180,240253,217432,CU2603.SHF,0
2026-01-20,101020,102000,100580,101230,176063,218898,CU2603.SHF,0
2026-01-21,101020,101650,99210,101280,230318,223787,CU2603.SHF,0
2026-01-22,100550,101410,99900,100700,174028,222467,CU2603.SHF,0
2026-01-23,99800,101710,99440,101340,232815,231437,CU2603.SHF,0
2026-01-26,102800,103880,101760,101880,279862,228979,CU2603.SHF,0
2026-01-27,103260,104100,101580,102600,245677,229757,CU2603.SHF,0
2026-01-28,101900,103600,100700,103060,240398,227447,CU2603.SHF,0
2026-01-29,102540,110970,102260,109110,452684,242831,CU2603.SHF,0
2026-01-30,110310,114160,102600,103680,789998,222934,CU2603.SHF,0
2026-02-02,104200,105080,98580,98580,422325,194810,CU2603.SHF,0
2026-02-03,101490,104840,99400,104500,375239,191887,CU2603.SHF,0
2026-02-04,104950,105810,103730,105160,241402,192908,CU2603.SHF,0
2026-02-05,104000,104700,100470,100980,285586,182337,CU2603.SHF,0
2026-02-06,100430,101420,97920,100100,267263,175306,CU2603.SHF,0
2026-02-09,101000,102560,100340,101840,162231,169613,CU2603.SHF,0
2026-02-10,101740,102500,101280,101560,101176,159688,CU2603.SHF,0
2026-02-11,101660,102530,101510,102180,94626,158550,CU2603.SHF,0
2026-02-12,103620,103730,101840,102330,114347,147631,CU2603.SHF,0
2026-02-13,102030,102350,99400,100380,140438,139623,CU2603.SHF,0
2026-02-24,100000,102270,100000,101510,71015,130714,CU2603.SHF,0
2026-02-25,101650,102780,101190,102460,88603,110048,CU2603.SHF,0
2026-02-26,102880,103250,101920,102670,105699,184703,CU2604.SHF,1
2026-02-27,102670,104170,101780,103920,157481,203799,CU2604.SHF,0
2026-03-02,104230,104540,102360,103850,175311,199589,CU2604.SHF,0
2026-03-03,103320,103630,101270,102100,177854,197898,CU2604.SHF,0
2026-03-04,100530,102400,100200,101660,162954,194959,CU2604.SHF,0
2026-03-05,101640,102290,100330,101080,138725,201141,CU2604.SHF,0
2026-03-06,100440,101550,100030,101050,127018,195682,CU2604.SHF,0
2026-03-09,100250,100820,98370,100190,194918,199857,CU2604.SHF,0
2026-03-10,100230,101980,100050,101520,115758,194900,CU2604.SHF,0
2026-03-11,101430,101930,101000,101150,75875,192661,CU2604.SHF,0
2026-03-12,100100,101430,100100,101010,87960,192390,CU2604.SHF,0
2026-03-13,101240,101250,100080,100310,85149,190911,CU2604.SHF,0
2026-03-16,100520,100760,98740,99720,128646,193339,CU2604.SHF,0
2026-03-17,100020,100530,99260,99340,87084,178968,CU2604.SHF,0
2026-03-18,99120,99530,98040,98590,106663,174221,CU2604.SHF,0
2026-03-19,98000,98000,93820,94420,205963,203328,CU2605.SHF,1
2026-03-20,92500,96400,91820,94740,243335,201181,CU2605.SHF,0
2026-03-23,94510,94740,91500,92100,215827,204413,CU2605.SHF,0
2026-03-24,95010,95920,93050,94030,197987,198395,CU2605.SHF,0
2026-03-25,93600,96380,93480,95590,134036,192458,CU2605.SHF,0
2026-03-26,95950,96590,94680,95350,111761,190325,CU2605.SHF,0
2026-03-27,95350,96560,94950,95930,105662,187395,CU2605.SHF,0
2026-03-30,95080,96000,94750,95760,100150,185270,CU2605.SHF,0
2026-03-31,96100,96240,95150,95340,96875,185749,CU2605.SHF,0
2026-04-01,95730,97250,95550,97030,115642,186251,CU2605.SHF,0
2026-04-02,96300,96970,95540,95880,103681,182643,CU2605.SHF,0
2026-04-03,95660,96680,95300,96250,73114,177360,CU2605.SHF,0
2026-04-07,96350,97040,96230,96560,48055,176030,CU2605.SHF,0
2026-04-08,96040,98430,95540,98220,111357,180989,CU2605.SHF,0
2026-04-09,98080,98500,97370,97810,79506,174835,CU2605.SHF,0
2026-04-10,97820,98750,97720,98440,71304,174447,CU2605.SHF,0
2026-04-13,99200,99760,98450,99610,111054,171677,CU2605.SHF,0
2026-04-14,99760,101450,99520,101190,112521,168153,CU2605.SHF,0
2026-04-15,101580,103130,101580,102090,114327,159605,CU2605.SHF,0
2026-04-16,102160,102750,101760,102680,75358,148287,CU2605.SHF,0
2026-04-17,102250,102430,101590,102290,66329,134961,CU2605.SHF,0
2026-04-20,102700,103240,101820,102620,132365,196798,CU2606.SHF,1
2026-04-21,102500,102830,101930,102140,82517,199318,CU2606.SHF,0
2026-04-22,102300,102810,102060,102640,82957,204017,CU2606.SHF,0
2026-04-23,102620,104160,102140,102780,167198,216998,CU2606.SHF,0
2026-04-24,102820,103620,102250,102460,106012,210600,CU2606.SHF,0
2026-04-27,102650,103380,102600,102800,99257,212045,CU2606.SHF,0
2026-04-28,102540,102660,101830,102260,101086,202834,CU2606.SHF,0
2026-04-29,101020,101940,100620,101630,104746,195727,CU2606.SHF,0
2026-04-30,101190,101500,100770,101030,92731,190887,CU2606.SHF,0
