trade_date,open,high,low,close,vol,oi,contract_ts_code,roll_flag
2019-01-02,3398,3439,3371,3382,2149936,2421642,RB1905.SHF,0
2019-01-03,3378,3456,3366,3455,3719028,2474032,RB1905.SHF,0
2019-01-04,3460,3493,3430,3486,3323322,2490386,RB1905.SHF,0
2019-01-07,3490,3526,3466,3520,3053042,2546746,RB1905.SHF,0
2019-01-08,3521,3523,3483,3505,2740906,2458886,RB1905.SHF,0
2019-01-09,3505,3550,3494,3507,3378598,2439334,RB1905.SHF,0
2019-01-10,3512,3543,3502,3514,3134668,2563920,RB1905.SHF,0
2019-01-11,3517,3540,3492,3539,3440962,2560850,RB1905.SHF,0
2019-01-14,3535,3576,3520,3575,2624250,2629794,RB1905.SHF,0
2019-01-15,3576,3576,3508,3519,3128980,2597358,RB1905.SHF,0
2019-01-16,3519,3545,3510,3534,2632026,2608754,RB1905.SHF,0
2019-01-17,3529,3565,3525,3551,2258818,2669110,RB1905.SHF,0
2019-01-18,3552,3636,3540,3633,3599670,2797818,RB1905.SHF,0
2019-01-21,3636,3675,3619,3645,3526340,2771860,RB1905.SHF,0
2019-01-22,3650,3700,3630,3633,3970252,2743884,RB1905.SHF,0
2019-01-23,3639,3658,3625,3644,2631994,2732234,RB1905.SHF,0
2019-01-24,3647,3684,3639,3680,3200450,2846854,RB1905.SHF,0
2019-01-25,3684,3740,3675,3710,3099552,2850624,RB1905.SHF,0
2019-01-28,3712,3757,3680,3681,3337710,2717346,RB1905.SHF,0
2019-01-29,3680,3694,3653,3675,2508228,2641868,RB1905.SHF,0
2019-01-30,3683,3767,3667,3677,4490378,2561852,RB1905.SHF,0
2019-01-31,3682,3718,3673,3707,2724362,2453762,RB1905.SHF,0
2019-02-01,3696,3770,3696,3754,2506846,2334376,RB1905.SHF,0
2019-02-11,3850,3908,3816,3825,3480360,2566884,RB1905.SHF,0
2019-02-12,3818,3830,3771,3785,3109428,2534930,RB1905.SHF,0
2019-02-13,3780,3796,3692,3702,3814494,2536438,RB1905.SHF,0
2019-02-14,3711,3717,3668,3684,3266348,2693958,RB1905.SHF,0
2019-02-15,3680,3696,3593,3599,3916316,2771988,RB1905.SHF,0
2019-02-18,3615,3675,3611,3659,3532344,2643626,RB1905.SHF,0
2019-02-19,3670,3698,3647,3655,2760590,2648856,RB1905.SHF,0
2019-02-20,3650,3669,3578,3641,3918544,2719930,RB1905.SHF,0
2019-02-21,3640,3695,3635,3677,3928972,2638752,RB1905.SHF,0
2019-02-22,3669,3735,3663,3731,3278144,2652012,RB1905.SHF,0
2019-02-25,3736,3766,3681,3682,3659076,2684798,RB1905.SHF,0
2019-02-26,3677,3745,3672,3736,3998202,2607678,RB1905.SHF,0
2019-02-27,3737,3750,3697,3715,2948082,2619830,RB1905.SHF,0
2019-02-28,3728,3755,3705,3750,3461158,2631922,RB1905.SHF,0
2019-03-01,3756,3816,3751,3815,2986416,2652630,RB1905.SHF,0
2019-03-04,3815,3849,3787,3811,3828874,2651222,RB1905.SHF,0
2019-03-05,3822,3825,3755,3793,3598118,2357864,RB1905.SHF,0
2019-03-06,3790,3810,3736,3737,3759206,2421042,RB1905.SHF,0
2019-03-07,3748,3837,3734,3821,3902978,2375706,RB1905.SHF,0
2019-03-08,3821,3824,3756,3772,3712328,2257074,RB1905.SHF,0
2019-03-11,3710,3754,3680,3723,3387246,2255476,RB1905.SHF,0
2019-03-12,3729,3820,3728,3815,3437206,2250166,RB1905.SHF,0
2019-03-13,3825,3842,3784,3790,2998788,2280814,RB1905.SHF,0
2019-03-14,3772,3829,3762,3795,3586828,2300172,RB1905.SHF,0
2019-03-15,3796,3805,3737,3763,3715090,2237542,RB1905.SHF,0
2019-03-18,3758,3804,3754,3781,3280758,2105164,RB1905.SHF,0
2019-03-19,3785,3821,3772,3788,2832806,2139986,RB1905.SHF,0
2019-03-20,3800,3814,3753,3777,3165340,2064104,RB1905.SHF,0
2019-03-21,3780,3826,3770,3772,3234998,2046454,RB1905.SHF,0
2019-03-22,3765,3779,3742,3768,2882038,2040814,RB1905.SHF,0
2019-03-25,3763,3772,3692,3692,3005274,2296222,RB1905.SHF,0
2019-03-26,3699,3718,3682,3705,2088568,2113960,RB1905.SHF,0
2019-03-27,3707,3720,3696,3711,1875650,1949058,RB1905.SHF,0
2019-03-28,3709,3734,3676,3690,2985056,1790910,RB1905.SHF,0
2019-03-29,3690,3774,3673,3758,2608262,1489398,RB1905.SHF,0
2019-04-01,3470,3498,3451,3497,1375404,1807786,RB1910.SHF,1
2019-04-02,3492,3575,3480,3560,2201022,1747516,RB1910.SHF,0
2019-04-03,3560,3596,3546,3587,2869880,1843996,RB1910.SHF,0
2019-04-04,3590,3606,3561,3594,2370430,1972934,RB1910.SHF,0
2019-04-08,3614,3755,3613,3730,3569164,2019198,RB1910.SHF,0
2019-04-09,3735,3795,3728,3757,3938120,2143174,RB1910.SHF,0
2019-04-10,3760,3776,3735,3774,3013560,2182736,RB1910.SHF,0
2019-04-11,3776,3814,3744,3808,3456604,2276632,RB1910.SHF,0
2019-04-12,3810,3829,3734,3794,5184656,2240428,RB1910.SHF,0
2019-04-15,3820,3843,3795,3829,3998834,2399062,RB1910.SHF,0
2019-04-16,3832,3832,3773,3780,3633830,2296314,RB1910.SHF,0
2019-04-17,3779,3804,3757,3795,3439502,2322182,RB1910.SHF,0
2019-04-18,3789,3789,3706,3710,4231128,2338530,RB1910.SHF,0
2019-04-19,3699,3746,3682,3738,3494514,2388974,RB1910.SHF,0
2019-04-22,3744,3819,3739,3773,5132926,2365588,RB1910.SHF,0
2019-04-23,3776,3794,3755,3757,2870758,2509806,RB1910.SHF,0
2019-04-24,3750,3751,3718,3730,3503086,2530532,RB1910.SHF,0
2019-04-25,3727,3780,3712,3712,3779994,2500770,RB1910.SHF,0
2019-04-26,3712,3755,3712,3739,3571488,2523808,RB1910.SHF,0
2019-04-29,3743,3779,3735,3777,3044622,2503928,RB1910.SHF,0
2019-04-30,3783,3833,3783,3828,3395294,2345822,RB1910.SHF,0
2019-05-06,3760,3783,3725,3756,3040168,2305756,RB1910.SHF,0
2019-05-07,3756,3814,3753,3767,3462070,2302372,RB1910.SHF,0
2019-05-08,3757,3764,3721,3731,3487160,2424686,RB1910.SHF,0
2019-05-09,3721,3744,3705,3737,3494278,2356324,RB1910.SHF,0
2019-05-10,3711,3753,3711,3746,3159902,2317490,RB1910.SHF,0
2019-05-13,3747,3760,3690,3691,3440910,2443248,RB1910.SHF,0
2019-05-14,3680,3699,3655,3663,3403408,2532810,RB1910.SHF,0
2019-05-15,3659,3709,3650,3704,2608568,2547198,RB1910.SHF,0
2019-05-16,3701,3749,3694,3742,3511080,2467990,RB1910.SHF,0
2019-05-17,3750,3794,3746,3771,3847274,2364382,RB1910.SHF,0
2019-05-20,3770,3792,3760,3780,2752426,2357766,RB1910.SHF,0
2019-05-21,3780,3920,3777,3919,5032032,2632486,RB1910.SHF,0
2019-05-22,3913,3947,3867,3910,4462532,2481762,RB1910.SHF,0
2019-05-23,3910,3928,3879,3881,3174604,2381190,RB1910.SHF,0
2019-05-24,3879,3894,3826,3889,3750018,2340352,RB1910.SHF,0
2019-05-27,3893,3926,3835,3842,4421734,2355626,RB1910.SHF,0
2019-05-28,3835,3870,3815,3845,3220108,2328866,RB1910.SHF,0
2019-05-29,3835,3839,3796,3825,3088050,2375608,RB1910.SHF,0
2019-05-30,3820,3835,3773,3777,3228754,2462100,RB1910.SHF,0
2019-05-31,3775,3789,3744,3750,2731698,2540810,RB1910.SHF,0
2019-06-03,3740,3763,3699,3707,3063850,2570700,RB1910.SHF,0
2019-06-04,3716,3747,3691,3745,2491734,2592758,RB1910.SHF,0
2019-06-05,3752,3758,3726,3747,2188406,2603960,RB1910.SHF,0
2019-06-06,3741,3746,3670,3737,3975684,2591634,RB1910.SHF,0
2019-06-10,3716,3733,3680,3717,2194802,2705278,RB1910.SHF,0
2019-06-11,3718,3834,3712,3833,5000976,2624268,RB1910.SHF,0
2019-06-12,3836,3844,3772,3776,3388264,2517168,RB1910.SHF,0
2019-06-13,3768,3800,3744,3792,3502002,2504250,RB1910.SHF,0
2019-06-14,3800,3813,3753,3755,3102382,2532062,RB1910.SHF,0
2019-06-17,3750,3754,3700,3704,2968142,2680234,RB1910.SHF,0
2019-06-18,3700,3737,3683,3732,2623144,2721602,RB1910.SHF,0
2019-06-19,3740,3797,3723,3770,3824738,2595294,RB1910.SHF,0
2019-06-20,3750,3836,3740,3825,3770756,2666178,RB1910.SHF,0
2019-06-21,3825,3860,3795,3859,3584776,2704032,RB1910.SHF,0
2019-06-24,3857,3966,3835,3904,4860118,2544514,RB1910.SHF,0
2019-06-25,3920,3999,3915,3994,4513402,2685184,RB1910.SHF,0
2019-06-26,3995,4013,3966,3998,3289568,2530034,RB1910.SHF,0
2019-06-27,4008,4095,3987,4001,4993954,2470936,RB1910.SHF,0
2019-06-28,4004,4071,4002,4065,3424928,2562644,RB1910.SHF,0
2019-07-01,4070,4148,4061,4107,4059936,2527118,RB1910.SHF,0
2019-07-02,4102,4117,4023,4053,3581188,2455326,RB1910.SHF,0
2019-07-03,4045,4098,4001,4030,3491260,2481090,RB1910.SHF,0
2019-07-04,4027,4077,3996,4024,4181700,2476838,RB1910.SHF,0
2019-07-05,4020,4057,3967,3984,3849040,2506022,RB1910.SHF,0
2019-07-08,3980,4025,3976,3992,3352870,2400964,RB1910.SHF,0
2019-07-09,3990,4085,3989,4042,3664226,2424496,RB1910.SHF,0
2019-07-10,4040,4052,4004,4021,2566004,2415562,RB1910.SHF,0
2019-07-11,4020,4046,3974,4017,3807582,2477402,RB1910.SHF,0
2019-07-12,4020,4030,3958,3965,2871884,2559286,RB1910.SHF,0
2019-07-15,3957,4031,3921,4030,3686056,2520808,RB1910.SHF,0
2019-07-16,4029,4064,4019,4037,2872668,2480884,RB1910.SHF,0
2019-07-17,4026,4068,4009,4052,2876118,2495554,RB1910.SHF,0
2019-07-18,4038,4050,3966,3968,2683150,2455950,RB1910.SHF,0
2019-07-19,3958,4006,3942,4001,2808834,2374568,RB1910.SHF,0
2019-07-22,3999,4007,3930,3948,3875196,2459286,RB1910.SHF,0
2019-07-23,3943,3980,3924,3941,2641954,2466078,RB1910.SHF,0
2019-07-24,3930,3930,3878,3899,3165788,2547920,RB1910.SHF,0
2019-07-25,3890,3948,3885,3940,3037812,2537830,RB1910.SHF,0
2019-07-26,3950,3974,3926,3940,2743862,2404082,RB1910.SHF,0
2019-07-29,3930,3945,3875,3877,2575014,2608632,RB1910.SHF,0
2019-07-30,3880,3925,3866,3886,2803966,2596252,RB1910.SHF,0
2019-07-31,3871,3932,3867,3891,2938908,2560900,RB1910.SHF,0
2019-08-01,3888,3904,3846,3846,2829316,2745358,RB1910.SHF,0
2019-08-02,3839,3845,3724,3816,4111132,2582178,RB1910.SHF,0
2019-08-05,3817,3834,3736,3753,3424546,2618142,RB1910.SHF,0
2019-08-06,3753,3773,3707,3707,2847802,2693516,RB1910.SHF,0
2019-08-07,3700,3737,3686,3711,3417292,2539706,RB1910.SHF,0
2019-08-08,3707,3751,3662,3672,3368994,2611468,RB1910.SHF,0
2019-08-09,3688,3690,3538,3591,4505230,2518638,RB1910.SHF,0
2019-08-12,3584,3683,3546,3677,4188360,2308330,RB1910.SHF,0
2019-08-13,3678,3705,3643,3677,3050458,2229472,RB1910.SHF,0
2019-08-14,3683,3740,3658,3670,3466926,2200240,RB1910.SHF,0
2019-08-15,3676,3733,3668,3715,3579628,2070970,RB1910.SHF,0
2019-08-16,3711,3733,3692,3715,2097852,2055080,RB1910.SHF,0
2019-08-19,3707,3753,3698,3747,2417568,1936586,RB1910.SHF,0
2019-08-20,3755,3766,3695,3699,2024620,1906932,RB1910.SHF,0
2019-08-21,3701,3712,3633,3686,2646704,1702558,RB1910.SHF,0
2019-08-22,3420,3438,3360,3418,2055498,2165168,RB2001.SHF,1
2019-08-23,3432,3462,3410,3446,1944648,2270896,RB2001.SHF,0
2019-08-26,3430,3467,3367,3372,2803968,2456260,RB2001.SHF,0
2019-08-27,3362,3377,3281,3281,3268474,2831650,RB2001.SHF,0
2019-08-28,3281,3323,3244,3317,3344346,2850708,RB2001.SHF,0
2019-08-29,3315,3340,3259,3266,3373380,2995622,RB2001.SHF,0
2019-08-30,3283,3350,3278,3350,3598878,2898978,RB2001.SHF,0
2019-09-02,3341,3413,3325,3407,3842376,2877830,RB2001.SHF,0
2019-09-03,3407,3415,3383,3403,2620472,2829992,RB2001.SHF,0
2019-09-04,3395,3443,3380,3423,3164842,2743802,RB2001.SHF,0
2019-09-05,3429,3474,3418,3439,3690626,2823874,RB2001.SHF,0
2019-09-06,3430,3448,3384,3387,2802696,2689382,RB2001.SHF,0
2019-09-09,3411,3502,3398,3497,5035210,2834242,RB2001.SHF,0
2019-09-10,3500,3509,3465,3479,2477584,2712834,RB2001.SHF,0
2019-09-11,3479,3499,3458,3481,2930314,2722682,RB2001.SHF,0
2019-09-12,3486,3549,3467,3549,3077504,2788204,RB2001.SHF,0
2019-09-16,3561,3575,3531,3564,2161624,2851190,RB2001.SHF,0
2019-09-17,3568,3571,3511,3533,2636330,2783088,RB2001.SHF,0
2019-09-18,3529,3535,3487,3493,2954536,2733366,RB2001.SHF,0
2019-09-19,3487,3492,3389,3397,4368150,2863260,RB2001.SHF,0
2019-09-20,3392,3403,3371,3388,2908174,2890054,RB2001.SHF,0
2019-09-23,3388,3513,3381,3510,4535422,2829956,RB2001.SHF,0
2019-09-24,3518,3548,3467,3477,4891038,2957148,RB2001.SHF,0
2019-09-25,3490,3513,3480,3498,3067474,2881758,RB2001.SHF,0
2019-09-26,3500,3511,3433,3445,4803740,2783634,RB2001.SHF,0
2019-09-27,3447,3454,3415,3437,2486410,2643388,RB2001.SHF,0
2019-09-30,3434,3580,3434,3470,3226086,2427578,RB2001.SHF,0
2019-10-08,3458,3458,3402,3404,2568022,2672362,RB2001.SHF,0
2019-10-09,3405,3432,3390,3413,3360416,2885712,RB2001.SHF,0
2019-10-10,3426,3430,3385,3415,3471906,2922546,RB2001.SHF,0
2019-10-11,3415,3417,3372,3407,3343992,2978670,RB2001.SHF,0
2019-10-14,3407,3439,3351,3352,3660176,3157694,RB2001.SHF,0
2019-10-15,3352,3365,3315,3346,3460928,3237628,RB2001.SHF,0
2019-10-16,3343,3357,3281,3291,3761066,3299954,RB2001.SHF,0
2019-10-17,3291,3330,3278,3324,3187284,3300736,RB2001.SHF,0
2019-10-18,3325,3331,3256,3310,4195230,3363954,RB2001.SHF,0
2019-10-21,3314,3321,3276,3290,3073322,3359956,RB2001.SHF,0
2019-10-22,3298,3325,3280,3318,3502856,3401906,RB2001.SHF,0
2019-10-23,3325,3351,3299,3312,3859552,3373536,RB2001.SHF,0
2019-10-24,3310,3327,3285,3318,3710168,3413170,RB2001.SHF,0
2019-10-25,3320,3345,3300,3344,3143752,3326654,RB2001.SHF,0
2019-10-28,3347,3366,3322,3327,3043622,3248826,RB2001.SHF,0
2019-10-29,3331,3359,3316,3348,2710598,3230372,RB2001.SHF,0
2019-10-30,3351,3376,3330,3373,3414488,3252258,RB2001.SHF,0
2019-10-31,3380,3390,3357,3367,2997816,3195424,RB2001.SHF,0
2019-11-01,3363,3381,3343,3380,2748396,3122684,RB2001.SHF,0
2019-11-04,3375,3387,3359,3382,2725220,3176612,RB2001.SHF,0
2019-11-05,3383,3435,3368,3434,3478140,3333290,RB2001.SHF,0
2019-11-06,3430,3467,3426,3441,3358868,3243722,RB2001.SHF,0
2019-11-07,3443,3458,3416,3418,2892120,3201836,RB2001.SHF,0
2019-11-08,3421,3425,3401,3412,2422594,3153390,RB2001.SHF,0
2019-11-11,3402,3407,3346,3373,3723732,3023022,RB2001.SHF,0
2019-11-12,3373,3452,3362,3449,4004954,3137874,RB2001.SHF,0
2019-11-13,3448,3460,3427,3442,2416990,3034802,RB2001.SHF,0
2019-11-14,3447,3520,3435,3511,4208464,3098206,RB2001.SHF,0
2019-11-15,3511,3554,3506,3545,3337714,3015058,RB2001.SHF,0
2019-11-18,3548,3576,3535,3556,3406476,3033850,RB2001.SHF,0
2019-11-19,3559,3639,3548,3635,5042422,3064568,RB2001.SHF,0
2019-11-20,3637,3691,3624,3676,4324080,3034804,RB2001.SHF,0
2019-11-21,3691,3691,3610,3619,4217282,2915298,RB2001.SHF,0
2019-11-22,3621,3659,3618,3655,3398450,2915296,RB2001.SHF,0
2019-11-25,3656,3720,3631,3697,4167718,2840966,RB2001.SHF,0
2019-11-26,3689,3690,3603,3611,3850800,2582980,RB2001.SHF,0
2019-11-27,3605,3622,3588,3596,3012176,2499630,RB2001.SHF,0
2019-11-28,3589,3625,3563,3618,3804958,2333174,RB2001.SHF,0
2019-11-29,3616,3644,3587,3620,3443584,2143086,RB2001.SHF,0
2019-12-02,3601,3645,3566,3634,3101870,2022564,RB2001.SHF,0
2019-12-03,3631,3649,3596,3599,2057360,1943992,RB2001.SHF,0
2019-12-04,3586,3640,3578,3603,2298690,1882538,RB2001.SHF,0
2019-12-05,3417,3458,3401,3404,1968442,1987348,RB2005.SHF,1
2019-12-06,3399,3439,3387,3437,2288212,2167606,RB2005.SHF,0
2019-12-09,3441,3535,3432,3511,3896724,2352334,RB2005.SHF,0
2019-12-10,3511,3537,3496,3505,2314644,2362104,RB2005.SHF,0
2019-12-11,3505,3545,3505,3537,2713564,2462120,RB2005.SHF,0
2019-12-12,3534,3570,3508,3524,3169322,2511280,RB2005.SHF,0
2019-12-13,3530,3548,3502,3523,2837898,2526754,RB2005.SHF,0
2019-12-16,3525,3558,3472,3480,4155020,2586288,RB2005.SHF,0
2019-12-17,3482,3495,3456,3484,2393776,2595910,RB2005.SHF,0
2019-12-18,3489,3503,3469,3476,1956352,2573956,RB2005.SHF,0
2019-12-19,3486,3529,3465,3518,2761054,2645268,RB2005.SHF,0
2019-12-20,3518,3537,3498,3507,2456502,2593398,RB2005.SHF,0
2019-12-23,3510,3549,3508,3538,2558004,2705450,RB2005.SHF,0
2019-12-24,3543,3555,3502,3510,2499360,2758576,RB2005.SHF,0
2019-12-25,3510,3522,3483,3485,1921198,2762568,RB2005.SHF,0
2019-12-26,3482,3534,3470,3529,2527868,2821242,RB2005.SHF,0
2019-12-27,3527,3554,3522,3541,2147774,2903738,RB2005.SHF,0
2019-12-30,3541,3563,3530,3545,1912332,2916172,RB2005.SHF,0
2019-12-31,3545,3577,3535,3569,2519558,2948358,RB2005.SHF,0
2020-01-02,3584,3593,3540,3547,976947,1443715,RB2005.SHF,0
2020-01-03,3547,3567,3542,3543,778292,1398669,RB2005.SHF,0
2020-01-06,3540,3566,3526,3559,966449,1381265,RB2005.SHF,0
2020-01-07,3558,3580,3556,3574,708368,1400763,RB2005.SHF,0
2020-01-08,3574,3621,3571,3617,1051293,1419374,RB2005.SHF,0
2020-01-09,3617,3622,3550,3555,1162066,1337536,RB2005.SHF,0
2020-01-10,3559,3583,3555,3571,641895,1357418,RB2005.SHF,0
2020-01-13,3565,3567,3529,3530,864329,1305835,RB2005.SHF,0
2020-01-14,3528,3572,3518,3570,916208,1311222,RB2005.SHF,0
2020-01-15,3570,3578,3537,3537,866185,1301908,RB2005.SHF,0
2020-01-16,3537,3577,3535,3565,913755,1313248,RB2005.SHF,0
2020-01-17,3565,3608,3562,3595,919377,1396015,RB2005.SHF,0
2020-01-20,3599,3618,3588,3605,652366,1394164,RB2005.SHF,0
2020-01-21,3605,3606,3555,3570,887469,1324051,RB2005.SHF,0
2020-01-22,3565,3568,3506,3558,1161870,1263535,RB2005.SHF,0
2020-01-23,3551,3552,3491,3500,901368,1269146,RB2005.SHF,0
2020-02-03,3233,3294,3233,3233,1223078,1260621,RB2005.SHF,0
2020-02-04,3209,3333,3207,3312,1385797,1243680,RB2005.SHF,0
2020-02-05,3298,3324,3282,3297,1028552,1312971,RB2005.SHF,0
2020-02-06,3297,3316,3270,3304,1139425,1364689,RB2005.SHF,0
2020-02-07,3300,3340,3289,3325,851755,1400638,RB2005.SHF,0
2020-02-10,3308,3321,3279,3305,889861,1396485,RB2005.SHF,0
2020-02-11,3316,3488,3304,3392,2293748,1350758,RB2005.SHF,0
2020-02-12,3410,3423,3382,3404,1088528,1353006,RB2005.SHF,0
2020-02-13,3400,3424,3383,3395,1051409,1439345,RB2005.SHF,0
2020-02-14,3391,3404,3365,3398,988231,1461182,RB2005.SHF,0
2020-02-17,3393,3437,3386,3427,1125505,1520571,RB2005.SHF,0
2020-02-18,3426,3434,3386,3390,1145614,1513733,RB2005.SHF,0
2020-02-19,3385,3403,3376,3394,842101,1523788,RB2005.SHF,0
2020-02-20,3395,3479,3394,3460,1843584,1521918,RB2005.SHF,0
2020-02-21,3465,3488,3453,3485,1226015,1540040,RB2005.SHF,0
2020-02-24,3500,3514,3458,3476,1392277,1509634,RB2005.SHF,0
2020-02-25,3435,3494,3431,3489,1269765,1456094,RB2005.SHF,0
2020-02-26,3470,3488,3440,3447,1267101,1497764,RB2005.SHF,0
2020-02-27,3445,3456,3408,3419,1111680,1512736,RB2005.SHF,0
2020-02-28,3388,3393,3324,3335,1950824,1490719,RB2005.SHF,0
2020-03-02,3321,3446,3321,3422,1806859,1466679,RB2005.SHF,0
2020-03-03,3450,3466,3414,3421,1178454,1468726,RB2005.SHF,0
2020-03-04,3411,3479,3410,3477,1384581,1456822,RB2005.SHF,0
2020-03-05,3478,3496,3461,3469,1102747,1463654,RB2005.SHF,0
2020-03-06,3457,3469,3434,3441,1092230,1454168,RB2005.SHF,0
2020-03-09,3350,3442,3350,3439,1885069,1425767,RB2005.SHF,0
2020-03-10,3438,3494,3427,3479,1469955,1411376,RB2005.SHF,0
2020-03-11,3496,3528,3484,3497,1570594,1425564,RB2005.SHF,0
2020-03-12,3497,3530,3466,3521,1945117,1394189,RB2005.SHF,0
2020-03-13,3494,3574,3465,3569,2353957,1339120,RB2005.SHF,0
2020-03-16,3560,3584,3537,3553,1468238,1258691,RB2005.SHF,0
2020-03-17,3548,3565,3530,3555,1253354,1183732,RB2005.SHF,0
2020-03-18,3545,3592,3531,3548,1635325,1131497,RB2005.SHF,0
2020-03-19,3548,3555,3329,3528,2993126,979193,RB2005.SHF,0
2020-03-20,3445,3471,3343,3359,910757,989541,RB2010.SHF,1
2020-03-23,3310,3329,3240,3270,1071296,1110759,RB2010.SHF,0
2020-03-24,3285,3362,3281,3346,1219523,1096182,RB2010.SHF,0
2020-03-25,3368,3391,3333,3365,989968,1117582,RB2010.SHF,0
2020-03-26,3360,3377,3335,3341,998466,1164251,RB2010.SHF,0
2020-03-27,3351,3362,3321,3329,1074451,1208580,RB2010.SHF,0
2020-03-30,3306,3308,3224,3242,1638094,1371228,RB2010.SHF,0
2020-03-31,3253,3271,3220,3233,1073302,1432887,RB2010.SHF,0
2020-04-01,3245,3245,3154,3169,1710110,1611977,RB2010.SHF,0
2020-04-02,3150,3241,3103,3229,2280121,1551444,RB2010.SHF,0
2020-04-03,3230,3257,3178,3189,1394167,1499548,RB2010.SHF,0
2020-04-07,3218,3244,3191,3206,1364695,1534684,RB2010.SHF,0
2020-04-08,3200,3257,3183,3244,1479143,1501120,RB2010.SHF,0
2020-04-09,3257,3322,3253,3306,1704182,1535127,RB2010.SHF,0
2020-04-10,3306,3376,3298,3373,1563049,1523575,RB2010.SHF,0
2020-04-13,3378,3417,3356,3387,1638618,1584948,RB2010.SHF,0
2020-04-14,3393,3425,3370,3384,1488667,1569799,RB2010.SHF,0
2020-04-15,3378,3405,3358,3373,1449573,1562103,RB2010.SHF,0
2020-04-16,3363,3408,3348,3385,1743734,1546029,RB2010.SHF,0
2020-04-17,3398,3435,3371,3381,1654281,1507800,RB2010.SHF,0
2020-04-20,3399,3405,3360,3362,1123065,1538347,RB2010.SHF,0
2020-04-21,3350,3351,3306,3337,1529213,1527245,RB2010.SHF,0
2020-04-22,3320,3375,3304,3375,1455480,1572868,RB2010.SHF,0
2020-04-23,3376,3388,3325,3330,1510335,1538473,RB2010.SHF,0
2020-04-24,3325,3348,3318,3343,1122495,1521265,RB2010.SHF,0
2020-04-27,3345,3359,3309,3316,1200761,1514312,RB2010.SHF,0
2020-04-28,3309,3333,3276,3292,1652114,1534322,RB2010.SHF,0
2020-04-29,3292,3315,3286,3302,981516,1541709,RB2010.SHF,0
2020-04-30,3312,3368,3311,3367,1351155,1478071,RB2010.SHF,0
2020-05-06,3385,3406,3371,3392,1091440,1455415,RB2010.SHF,0
2020-05-07,3400,3443,3394,3439,1421089,1567775,RB2010.SHF,0
2020-05-08,3443,3480,3439,3452,1430332,1559451,RB2010.SHF,0
2020-05-11,3460,3474,3432,3452,1272924,1542556,RB2010.SHF,0
2020-05-12,3448,3467,3441,3464,1014702,1571098,RB2010.SHF,0
2020-05-13,3470,3495,3434,3464,1638388,1557860,RB2010.SHF,0
2020-05-14,3464,3474,3443,3445,1391639,1572719,RB2010.SHF,0
2020-05-15,3442,3476,3426,3464,1475799,1568331,RB2010.SHF,0
2020-05-18,3469,3544,3455,3528,1869234,1473769,RB2010.SHF,0
2020-05-19,3527,3583,3522,3562,1586398,1486670,RB2010.SHF,0
2020-05-20,3556,3558,3524,3531,1111150,1468224,RB2010.SHF,0
2020-05-21,3535,3571,3527,3568,1233801,1449396,RB2010.SHF,0
2020-05-22,3570,3594,3505,3508,1957742,1375530,RB2010.SHF,0
2020-05-25,3516,3538,3488,3500,1412621,1349237,RB2010.SHF,0
2020-05-26,3500,3520,3488,3493,1211222,1326071,RB2010.SHF,0
2020-05-27,3486,3510,3467,3494,1366527,1305295,RB2010.SHF,0
2020-05-28,3495,3512,3472,3498,1335486,1258513,RB2010.SHF,0
2020-05-29,3498,3580,3495,3579,1609216,1330273,RB2010.SHF,0
2020-06-01,3580,3609,3557,3577,1786836,1267393,RB2010.SHF,0
2020-06-02,3569,3648,3568,3634,1639428,1424237,RB2010.SHF,0
2020-06-03,3641,3663,3622,3634,1617332,1405922,RB2010.SHF,0
2020-06-04,3633,3679,3605,3606,1924866,1383452,RB2010.SHF,0
2020-06-05,3607,3615,3591,3604,1115833,1325018,RB2010.SHF,0
2020-06-08,3605,3666,3583,3616,1779854,1307324,RB2010.SHF,0
2020-06-09,3615,3626,3588,3619,1281325,1325030,RB2010.SHF,0
2020-06-10,3612,3623,3578,3587,1246605,1388278,RB2010.SHF,0
2020-06-11,3585,3621,3572,3596,1440657,1336524,RB2010.SHF,0
2020-06-12,3589,3627,3560,3626,1627885,1383420,RB2010.SHF,0
2020-06-15,3630,3635,3567,3572,1490916,1364692,RB2010.SHF,0
2020-06-16,3577,3605,3575,3599,935338,1347586,RB2010.SHF,0
2020-06-17,3595,3620,3572,3585,1286906,1376871,RB2010.SHF,0
2020-06-18,3589,3619,3583,3615,1625784,1399007,RB2010.SHF,0
2020-06-19,3615,3649,3609,3645,1332869,1443332,RB2010.SHF,0
2020-06-22,3645,3658,3615,3620,1335426,1440433,RB2010.SHF,0
2020-06-23,3615,3624,3606,3610,860391,1403288,RB2010.SHF,0
2020-06-24,3618,3623,3609,3620,710780,1330535,RB2010.SHF,0
2020-06-29,3609,3609,3551,3552,1200046,1376086,RB2010.SHF,0
2020-06-30,3551,3584,3551,3565,937335,1366053,RB2010.SHF,0
2020-07-01,3568,3575,3542,3566,1086114,1361885,RB2010.SHF,0
2020-07-02,3565,3582,3560,3573,809918,1400881,RB2010.SHF,0
2020-07-03,3575,3620,3574,3619,1234028,1407435,RB2010.SHF,0
2020-07-06,3622,3630,3603,3618,949955,1372154,RB2010.SHF,0
2020-07-07,3618,3654,3618,3634,957205,1379963,RB2010.SHF,0
2020-07-08,3638,3706,3636,3702,1368067,1459061,RB2010.SHF,0
2020-07-09,3708,3743,3703,3726,1172500,1440834,RB2010.SHF,0
2020-07-10,3724,3724,3680,3690,1178742,1392024,RB2010.SHF,0
2020-07-13,3692,3768,3692,3739,1377096,1372843,RB2010.SHF,0
2020-07-14,3740,3754,3715,3744,953888,1358974,RB2010.SHF,0
2020-07-15,3744,3762,3720,3746,858734,1370333,RB2010.SHF,0
2020-07-16,3740,3743,3691,3703,1255806,1349287,RB2010.SHF,0
2020-07-17,3705,3734,3685,3726,926286,1309818,RB2010.SHF,0
2020-07-20,3721,3749,3696,3701,1026160,1321592,RB2010.SHF,0
2020-07-21,3700,3765,3696,3764,1025173,1336180,RB2010.SHF,0
2020-07-22,3770,3816,3765,3782,1136590,1349404,RB2010.SHF,0
2020-07-23,3773,3808,3770,3806,820694,1365819,RB2010.SHF,0
2020-07-24,3804,3805,3728,3747,1384951,1342172,RB2010.SHF,0
2020-07-27,3750,3785,3715,3723,1037820,1294974,RB2010.SHF,0
2020-07-28,3722,3770,3715,3724,981517,1291599,RB2010.SHF,0
2020-07-29,3720,3776,3711,3766,856356,1318072,RB2010.SHF,0
2020-07-30,3768,3783,3750,3767,810172,1295074,RB2010.SHF,0
2020-07-31,3765,3780,3722,3777,1159218,1280611,RB2010.SHF,0
2020-08-03,3771,3845,3762,3836,1105480,1305441,RB2010.SHF,0
2020-08-04,3832,3857,3828,3840,704824,1275308,RB2010.SHF,0
2020-08-05,3835,3847,3804,3832,810005,1221511,RB2010.SHF,0
2020-08-06,3836,3879,3834,3858,1050458,1185585,RB2010.SHF,0
2020-08-07,3888,3888,3812,3832,942596,1137326,RB2010.SHF,0
2020-08-10,3830,3841,3805,3822,735550,1114052,RB2010.SHF,0
2020-08-11,3822,3851,3792,3795,881666,1064817,RB2010.SHF,0
2020-08-12,3795,3809,3780,3805,740132,1053986,RB2010.SHF,0
2020-08-13,3810,3817,3766,3791,820073,1023253,RB2010.SHF,0
2020-08-14,3790,3802,3772,3799,682535,1008694,RB2010.SHF,0
2020-08-17,3792,3840,3786,3832,747603,1008394,RB2010.SHF,0
2020-08-18,3832,3850,3824,3848,601564,973409,RB2010.SHF,0
2020-08-19,3840,3856,3792,3794,827835,909520,RB2010.SHF,0
2020-08-20,3794,3795,3755,3765,807143,832444,RB2010.SHF,0
2020-08-21,3765,3800,3764,3783,550678,779082,RB2010.SHF,0
2020-08-24,3775,3810,3775,3781,474701,740580,RB2010.SHF,0
2020-08-25,3781,3819,3770,3773,615545,688362,RB2010.SHF,0
2020-08-26,3705,3735,3687,3726,827155,994949,RB2101.SHF,1
2020-08-27,3734,3747,3702,3717,824348,1049757,RB2101.SHF,0
2020-08-28,3714,3734,3694,3734,772438,1061152,RB2101.SHF,0
2020-08-31,3730,3788,3721,3779,1012018,1116254,RB2101.SHF,0
2020-09-01,3775,3784,3766,3774,511516,1132903,RB2101.SHF,0
2020-09-02,3774,3787,3754,3778,813630,1140413,RB2101.SHF,0
2020-09-03,3777,3818,3776,3790,1087044,1196155,RB2101.SHF,0
2020-09-04,3792,3800,3730,3754,1059478,1143834,RB2101.SHF,0
2020-09-07,3755,3772,3724,3736,1083843,1139801,RB2101.SHF,0
2020-09-08,3741,3760,3718,3719,795130,1156745,RB2101.SHF,0
2020-09-09,3705,3730,3651,3658,1387574,1158237,RB2101.SHF,0
2020-09-10,3675,3684,3631,3640,1060684,1191514,RB2101.SHF,0
2020-09-11,3640,3669,3622,3665,883769,1197894,RB2101.SHF,0
2020-09-14,3678,3680,3642,3664,858379,1203687,RB2101.SHF,0
2020-09-15,3658,3686,3591,3592,1276034,1313209,RB2101.SHF,0
2020-09-16,3593,3613,3562,3575,1283808,1312799,RB2101.SHF,0
2020-09-17,3575,3598,3564,3577,1030993,1269749,RB2101.SHF,0
2020-09-18,3580,3617,3568,3603,994788,1244229,RB2101.SHF,0
2020-09-21,3596,3604,3524,3539,1188490,1290859,RB2101.SHF,0
2020-09-22,3541,3554,3503,3537,982249,1243030,RB2101.SHF,0
2020-09-23,3539,3560,3499,3542,1082034,1253222,RB2101.SHF,0
2020-09-24,3545,3563,3527,3552,944747,1235303,RB2101.SHF,0
2020-09-25,3552,3556,3520,3522,989538,1244934,RB2101.SHF,0
2020-09-28,3518,3551,3505,3540,1189331,1240732,RB2101.SHF,0
2020-09-29,3546,3548,3501,3536,1086275,1222678,RB2101.SHF,0
2020-09-30,3536,3570,3526,3560,1095792,1144068,RB2101.SHF,0
2020-10-09,3596,3643,3580,3633,807001,1143614,RB2101.SHF,0
2020-10-12,3636,3656,3627,3637,708985,1161498,RB2101.SHF,0
2020-10-13,3637,3646,3614,3628,764742,1147934,RB2101.SHF,0
2020-10-14,3625,3642,3606,3618,736791,1155045,RB2101.SHF,0
2020-10-15,3623,3628,3582,3612,955489,1163027,RB2101.SHF,0
2020-10-16,3603,3640,3592,3632,898244,1135625,RB2101.SHF,0
2020-10-19,3636,3664,3591,3611,1300997,1162179,RB2101.SHF,0
2020-10-20,3620,3630,3609,3616,590671,1139026,RB2101.SHF,0
2020-10-21,3616,3652,3613,3650,777874,1156504,RB2101.SHF,0
2020-10-22,3654,3671,3632,3642,875218,1128549,RB2101.SHF,0
2020-10-23,3641,3679,3615,3616,1129201,1149653,RB2101.SHF,0
2020-10-26,3621,3627,3600,3613,864064,1151314,RB2101.SHF,0
2020-10-27,3613,3626,3605,3616,538619,1139848,RB2101.SHF,0
2020-10-28,3620,3670,3615,3668,1189477,1135457,RB2101.SHF,0
2020-10-29,3652,3680,3645,3668,909215,1121275,RB2101.SHF,0
2020-10-30,3664,3714,3653,3702,1092653,1152712,RB2101.SHF,0
2020-11-02,3703,3721,3692,3719,730956,1159303,RB2101.SHF,0
2020-11-03,3720,3730,3706,3708,573928,1159598,RB2101.SHF,0
2020-11-04,3711,3762,3711,3753,945303,1211206,RB2101.SHF,0
2020-11-05,3760,3772,3735,3748,716180,1187604,RB2101.SHF,0
2020-11-06,3748,3790,3747,3782,690166,1235967,RB2101.SHF,0
2020-11-09,3791,3874,3787,3859,1021970,1219769,RB2101.SHF,0
2020-11-10,3875,3888,3818,3826,821818,1187661,RB2101.SHF,0
2020-11-11,3826,3858,3824,3843,560686,1175414,RB2101.SHF,0
2020-11-12,3838,3872,3812,3832,917453,1197561,RB2101.SHF,0
2020-11-13,3830,3848,3816,3840,677706,1192211,RB2101.SHF,0
2020-11-16,3840,3859,3810,3852,921326,1173230,RB2101.SHF,0
2020-11-17,3853,3920,3848,3919,1103475,1225098,RB2101.SHF,0
2020-11-18,3920,3928,3886,3907,663714,1191227,RB2101.SHF,0
2020-11-19,3906,3956,3906,3940,834183,1197284,RB2101.SHF,0
2020-11-20,3930,3980,3930,3977,698059,1209316,RB2101.SHF,0
2020-11-23,3981,4005,3903,3911,1290303,1076051,RB2101.SHF,0
2020-11-24,3911,3924,3895,3910,608878,1037906,RB2101.SHF,0
2020-11-25,3900,3913,3858,3865,1088059,977157,RB2101.SHF,0
2020-11-26,3855,3896,3855,3884,717036,912001,RB2101.SHF,0
2020-11-27,3884,3955,3882,3924,996601,912695,RB2101.SHF,0
2020-11-30,3924,3944,3889,3906,996077,792551,RB2101.SHF,0
2020-12-01,3900,3912,3872,3892,617798,744402,RB2101.SHF,0
2020-12-02,3891,3939,3887,3913,670259,710249,RB2101.SHF,0
2020-12-03,3910,3917,3865,3866,674327,681075,RB2101.SHF,0
2020-12-04,3868,3917,3831,3900,819351,624212,RB2101.SHF,0
2020-12-07,3899,3999,3884,3980,849603,555254,RB2101.SHF,0
2020-12-08,3921,3951,3898,3914,1073612,894870,RB2105.SHF,1
2020-12-09,3904,3993,3893,3989,1260588,1021746,RB2105.SHF,0
2020-12-10,3995,4085,3988,4040,1735315,1005780,RB2105.SHF,0
2020-12-11,4045,4237,3998,4033,3301833,951089,RB2105.SHF,0
2020-12-14,4045,4080,3973,3988,1816593,969923,RB2105.SHF,0
2020-12-15,3988,4083,3964,4073,1673432,1031317,RB2105.SHF,0
2020-12-16,4085,4150,4068,4148,2078000,1100449,RB2105.SHF,0
2020-12-17,4155,4194,4129,4175,1784003,1117529,RB2105.SHF,0
2020-12-18,4185,4317,4174,4316,2335177,1183110,RB2105.SHF,0
2020-12-21,4314,4460,4272,4460,2287800,1168745,RB2105.SHF,0
2020-12-22,4470,4603,4344,4368,4335786,1073185,RB2105.SHF,0
2020-12-23,4381,4406,4241,4283,3592629,1077489,RB2105.SHF,0
2020-12-24,4283,4343,4258,4291,2500667,1140598,RB2105.SHF,0
2020-12-25,4278,4348,4209,4341,2903111,1194466,RB2105.SHF,0
2020-12-28,4340,4383,4228,4244,3061108,1175467,RB2105.SHF,0
2020-12-29,4256,4282,4206,4234,2825002,1177292,RB2105.SHF,0
2020-12-30,4250,4294,4179,4256,3668716,1183457,RB2105.SHF,0
2020-12-31,4256,4400,4247,4388,2649324,1217327,RB2105.SHF,0
2021-01-04,4354,4407,4307,4383,1420698,1220915,RB2105.SHF,0
2021-01-05,4388,4426,4359,4397,1578335,1257064,RB2105.SHF,0
2021-01-06,4400,4447,4315,4377,2154746,1236056,RB2105.SHF,0
2021-01-07,4377,4473,4363,4455,2098980,1313573,RB2105.SHF,0
2021-01-08,4455,4511,4435,4487,2047522,1321813,RB2105.SHF,0
2021-01-11,4495,4500,4331,4348,2787680,1247798,RB2105.SHF,0
2021-01-12,4349,4355,4262,4327,2163248,1193034,RB2105.SHF,0
2021-01-13,4320,4328,4253,4293,1917584,1178576,RB2105.SHF,0
2021-01-14,4289,4304,4251,4294,1497549,1169652,RB2105.SHF,0
2021-01-15,4305,4412,4301,4360,2117861,1265904,RB2105.SHF,0
2021-01-18,4370,4400,4334,4392,1547808,1273675,RB2105.SHF,0
2021-01-19,4392,4392,4282,4288,1908555,1246331,RB2105.SHF,0
2021-01-20,4290,4325,4267,4310,1485631,1249904,RB2105.SHF,0
2021-01-21,4310,4384,4270,4369,2077734,1304359,RB2105.SHF,0
2021-01-22,4367,4387,4280,4294,1858367,1236925,RB2105.SHF,0
2021-01-25,4280,4352,4245,4321,2167772,1243903,RB2105.SHF,0
2021-01-26,4320,4362,4296,4303,1609339,1266940,RB2105.SHF,0
2021-01-27,4314,4398,4291,4385,1878084,1348252,RB2105.SHF,0
2021-01-28,4373,4381,4275,4275,2052146,1192387,RB2105.SHF,0
2021-01-29,4265,4307,4219,4267,1893215,1173970,RB2105.SHF,0
2021-02-01,4273,4303,4211,4221,1588518,1215897,RB2105.SHF,0
2021-02-02,4225,4242,4128,4154,1868757,1272168,RB2105.SHF,0
2021-02-03,4162,4200,4132,4175,1400700,1238189,RB2105.SHF,0
2021-02-04,4181,4249,4172,4246,1474021,1174941,RB2105.SHF,0
2021-02-05,4243,4292,4226,4285,1312422,1130483,RB2105.SHF,0
2021-02-08,4291,4361,4267,4335,1238633,1134679,RB2105.SHF,0
2021-02-09,4335,4420,4323,4420,1047598,1150440,RB2105.SHF,0
2021-02-10,4415,4415,4351,4404,898635,1094782,RB2105.SHF,0
2021-02-18,4486,4547,4468,4529,978913,1181090,RB2105.SHF,0
2021-02-19,4531,4588,4479,4524,1503027,1209469,RB2105.SHF,0
2021-02-22,4524,4676,4488,4582,2081968,1205401,RB2105.SHF,0
2021-02-23,4565,4628,4535,4552,1457647,1213858,RB2105.SHF,0
2021-02-24,4550,4619,4514,4618,1638383,1252201,RB2105.SHF,0
2021-02-25,4615,4746,4612,4686,2078722,1264478,RB2105.SHF,0
2021-02-26,4681,4725,4610,4677,1814382,1259695,RB2105.SHF,0
2021-03-01,4655,4704,4601,4639,2141292,1207873,RB2105.SHF,0
2021-03-02,4639,4733,4620,4732,2176669,1277277,RB2105.SHF,0
2021-03-03,4782,4924,4761,4842,3010753,1265923,RB2105.SHF,0
2021-03-04,4844,4887,4822,4849,1756663,1233841,RB2105.SHF,0
2021-03-05,4822,4822,4633,4696,2869471,1097841,RB2105.SHF,0
2021-03-08,4701,4850,4701,4752,1947568,1105484,RB2105.SHF,0
2021-03-09,4752,4796,4575,4592,2416092,1072298,RB2105.SHF,0
2021-03-10,4616,4636,4558,4589,1983047,1061406,RB2105.SHF,0
2021-03-11,4608,4704,4504,4687,2479092,1065287,RB2105.SHF,0
2021-03-12,4729,4828,4698,4729,2730355,1053642,RB2105.SHF,0
2021-03-15,4729,4790,4670,4787,2242762,1050050,RB2105.SHF,0
2021-03-16,4788,4798,4658,4701,2297261,983475,RB2105.SHF,0
2021-03-17,4689,4794,4666,4785,1886315,1040308,RB2105.SHF,0
2021-03-18,4781,4821,4728,4759,2285393,995590,RB2105.SHF,0
2021-03-19,4741,4805,4721,4746,2295850,966527,RB2105.SHF,0
2021-03-22,4764,4903,4739,4763,2913208,984310,RB2105.SHF,0
2021-03-23,4763,4779,4643,4715,2558890,957353,RB2105.SHF,0
2021-03-24,4703,4819,4657,4816,2385637,996558,RB2105.SHF,0
2021-03-25,4818,4843,4776,4795,1886984,937529,RB2105.SHF,0
2021-03-26,4789,4943,4765,4934,2129811,1038295,RB2105.SHF,0
2021-03-29,4946,5017,4920,4971,2487470,978227,RB2105.SHF,0
2021-03-30,4976,4995,4937,4964,1567060,859089,RB2105.SHF,0
2021-03-31,4955,5032,4910,4935,2185356,754275,RB2105.SHF,0
2021-04-01,4941,5042,4904,5003,1382277,751539,RB2105.SHF,0
2021-04-02,5030,5160,5011,5157,1629759,714857,RB2105.SHF,0
2021-04-06,5163,5200,5133,5180,728002,657322,RB2105.SHF,0
2021-04-07,5147,5178,5057,5117,2433589,1205671,RB2110.SHF,1
2021-04-08,5110,5164,5056,5115,2308312,1288163,RB2110.SHF,0
2021-04-09,5125,5147,5041,5068,2261562,1259830,RB2110.SHF,0
2021-04-12,5066,5096,4937,4985,2901094,1182927,RB2110.SHF,0
2021-04-13,4992,5125,4985,5116,2265296,1298437,RB2110.SHF,0
2021-04-14,5151,5175,5096,5116,1968178,1344602,RB2110.SHF,0
2021-04-15,5129,5165,5087,5107,2177858,1334526,RB2110.SHF,0
2021-04-16,5110,5195,5086,5116,2920906,1324562,RB2110.SHF,0
2021-04-19,5122,5143,5058,5082,2509136,1317620,RB2110.SHF,0
2021-04-20,5091,5171,5070,5165,2137195,1425052,RB2110.SHF,0
2021-04-21,5158,5189,5125,5188,2026507,1488550,RB2110.SHF,0
2021-04-22,5195,5238,5175,5208,2569897,1500543,RB2110.SHF,0
2021-04-23,5225,5300,5205,5299,2115301,1629094,RB2110.SHF,0
2021-04-26,5300,5475,5292,5371,3320401,1600371,RB2110.SHF,0
2021-04-27,5362,5424,5362,5411,1552404,1602700,RB2110.SHF,0
2021-04-28,5411,5422,5308,5358,2425402,1526948,RB2110.SHF,0
2021-04-29,5329,5475,5317,5452,2790743,1626091,RB2110.SHF,0
2021-04-30,5464,5487,5354,5391,2380525,1510979,RB2110.SHF,0
2021-05-06,5520,5672,5520,5665,1811309,1567670,RB2110.SHF,0
2021-05-07,5669,5698,5641,5678,1754729,1533792,RB2110.SHF,0
2021-05-10,5677,6012,5643,6012,2039444,1386351,RB2110.SHF,0
2021-05-11,6113,6208,5905,6086,4185301,1232769,RB2110.SHF,0
2021-05-12,6080,6200,5985,6171,2754563,1276377,RB2110.SHF,0
2021-05-13,6094,6166,5800,5915,4057849,1198382,RB2110.SHF,0
2021-05-14,5885,5900,5640,5641,3135973,1147877,RB2110.SHF,0
2021-05-17,5680,5711,5509,5596,3355072,1156107,RB2110.SHF,0
2021-05-18,5599,5680,5575,5610,1901897,1174025,RB2110.SHF,0
2021-05-19,5599,5600,5287,5309,3005705,1209679,RB2110.SHF,0
2021-05-20,5200,5274,5010,5186,3714645,1162027,RB2110.SHF,0
2021-05-21,5187,5238,5101,5112,2283610,1133681,RB2110.SHF,0
2021-05-24,5100,5125,4807,4974,4036879,1172165,RB2110.SHF,0
2021-05-25,4976,5025,4901,4919,2456109,1169779,RB2110.SHF,0
2021-05-26,4888,4903,4661,4667,3630128,1292360,RB2110.SHF,0
2021-05-27,4647,4848,4626,4817,3189226,1177353,RB2110.SHF,0
2021-05-28,4845,5004,4821,4933,3430514,1149584,RB2110.SHF,0
2021-05-31,4910,5149,4887,5027,3595560,1096371,RB2110.SHF,0
2021-06-01,4972,5133,4850,5128,3394168,1076347,RB2110.SHF,0
2021-06-02,5115,5147,4976,5002,2536533,1065129,RB2110.SHF,0
2021-06-03,4981,5188,4970,5148,2797515,1102969,RB2110.SHF,0
2021-06-04,5160,5275,5094,5159,3095791,1166188,RB2110.SHF,0
2021-06-07,5175,5217,4955,4959,2495752,1191217,RB2110.SHF,0
2021-06-08,4950,5020,4903,5004,2189390,1159547,RB2110.SHF,0
2021-06-09,5004,5100,4977,5035,1898245,1115774,RB2110.SHF,0
2021-06-10,5040,5202,5037,5168,2386753,1282413,RB2110.SHF,0
2021-06-11,5191,5330,5185,5322,2032513,1210229,RB2110.SHF,0
2021-06-15,5200,5228,5110,5168,1761824,1135776,RB2110.SHF,0
2021-06-16,5169,5185,4996,5014,1966255,1158196,RB2110.SHF,0
2021-06-17,5007,5118,4973,5101,2171848,1160418,RB2110.SHF,0
2021-06-18,5090,5177,5015,5061,2683467,1162139,RB2110.SHF,0
2021-06-21,5063,5086,4885,4889,2277214,1234883,RB2110.SHF,0
2021-06-22,4861,4910,4820,4885,1830478,1239361,RB2110.SHF,0
2021-06-23,4875,4975,4846,4934,1936375,1245383,RB2110.SHF,0
2021-06-24,4951,5022,4911,4933,1770624,1190672,RB2110.SHF,0
2021-06-25,4955,5087,4941,5066,1774404,1173304,RB2110.SHF,0
2021-06-28,5077,5100,5005,5070,1619350,1172323,RB2110.SHF,0
2021-06-29,5100,5170,5031,5036,1737958,1176537,RB2110.SHF,0
2021-06-30,5085,5151,5057,5147,1434058,1219369,RB2110.SHF,0
2021-07-01,5156,5198,5113,5146,1419832,1229702,RB2110.SHF,0
2021-07-02,5156,5180,5068,5124,1643131,1197107,RB2110.SHF,0
2021-07-05,5115,5226,5076,5222,1600989,1305433,RB2110.SHF,0
2021-07-06,5230,5305,5220,5304,1395330,1353475,RB2110.SHF,0
2021-07-07,5312,5440,5255,5439,1950730,1521265,RB2110.SHF,0
2021-07-08,5459,5474,5356,5393,1871636,1519485,RB2110.SHF,0
2021-07-09,5368,5438,5280,5428,2140769,1536789,RB2110.SHF,0
2021-07-12,5475,5532,5417,5432,1828594,1482566,RB2110.SHF,0
2021-07-13,5415,5460,5381,5458,1516791,1440842,RB2110.SHF,0
2021-07-14,5458,5580,5440,5580,1695714,1467966,RB2110.SHF,0
2021-07-15,5568,5597,5501,5546,1584452,1397291,RB2110.SHF,0
2021-07-16,5540,5579,5440,5559,1865007,1395450,RB2110.SHF,0
2021-07-19,5580,5650,5565,5568,1558355,1380402,RB2110.SHF,0
2021-07-20,5528,5635,5467,5601,1672424,1399389,RB2110.SHF,0
2021-07-21,5609,5648,5522,5561,1399698,1372989,RB2110.SHF,0
2021-07-22,5550,5660,5481,5648,2184004,1435425,RB2110.SHF,0
2021-07-23,5665,5693,5626,5671,1166075,1365691,RB2110.SHF,0
2021-07-26,5660,5756,5622,5687,1497934,1338751,RB2110.SHF,0
2021-07-27,5680,5750,5581,5613,1464049,1292319,RB2110.SHF,0
2021-07-28,5599,5705,5585,5658,1300624,1261899,RB2110.SHF,0
2021-07-29,5660,5770,5628,5753,1209958,1271187,RB2110.SHF,0
2021-07-30,5763,5793,5669,5737,1597844,1246720,RB2110.SHF,0
2021-08-02,5683,5685,5367,5414,2747833,1158574,RB2110.SHF,0
2021-08-03,5401,5418,5238,5247,1789543,1067241,RB2110.SHF,0
2021-08-04,5218,5463,5218,5454,1813894,1018127,RB2110.SHF,0
2021-08-05,5454,5496,5366,5373,1588552,948427,RB2110.SHF,0
2021-08-06,5360,5445,5318,5379,1239190,892240,RB2110.SHF,0
2021-08-09,5370,5389,5261,5330,1257656,866210,RB2110.SHF,0
2021-08-10,5360,5445,5321,5437,1116740,809003,RB2110.SHF,0
2021-08-11,5500,5600,5496,5597,1296964,961520,RB2201.SHF,1
2021-08-12,5560,5589,5441,5442,1676951,1030048,RB2201.SHF,0
2021-08-13,5438,5502,5386,5482,1791658,1066680,RB2201.SHF,0
2021-08-16,5476,5498,5290,5328,2471691,1108556,RB2201.SHF,0
2021-08-17,5308,5383,5288,5345,1524396,1123010,RB2201.SHF,0
2021-08-18,5344,5363,5121,5144,2805129,1240085,RB2201.SHF,0
2021-08-19,5100,5126,4925,5017,3342898,1252525,RB2201.SHF,0
2021-08-20,4950,5125,4890,5100,2624847,1264779,RB2201.SHF,0
2021-08-23,5104,5167,5063,5102,2370091,1232528,RB2201.SHF,0
2021-08-24,5139,5241,5109,5235,2174181,1187775,RB2201.SHF,0
2021-08-25,5239,5279,5206,5236,1836224,1134685,RB2201.SHF,0
2021-08-26,5220,5285,5104,5108,2386747,1131537,RB2201.SHF,0
2021-08-27,5095,5238,5068,5222,2267319,1124900,RB2201.SHF,0
2021-08-30,5242,5374,5184,5354,2179722,1149924,RB2201.SHF,0
2021-08-31,5361,5377,5287,5308,1796956,1158510,RB2201.SHF,0
2021-09-01,5298,5314,5197,5242,2267865,1178109,RB2201.SHF,0
2021-09-02,5245,5348,5215,5273,2821134,1147372,RB2201.SHF,0
2021-09-03,5265,5449,5243,5408,2450687,1224178,RB2201.SHF,0
2021-09-06,5419,5495,5370,5473,2273077,1261350,RB2201.SHF,0
2021-09-07,5480,5556,5463,5494,1962909,1248290,RB2201.SHF,0
2021-09-08,5481,5488,5400,5452,2116290,1211136,RB2201.SHF,0
2021-09-09,5473,5693,5460,5682,2675888,1402569,RB2201.SHF,0
2021-09-10,5712,5731,5606,5640,2212851,1440779,RB2201.SHF,0
2021-09-13,5640,5763,5622,5642,2099548,1479218,RB2201.SHF,0
2021-09-14,5660,5680,5486,5492,2877975,1378900,RB2201.SHF,0
2021-09-15,5498,5581,5417,5518,2972222,1345649,RB2201.SHF,0
2021-09-16,5550,5685,5531,5541,2833032,1342319,RB2201.SHF,0
2021-09-17,5557,5588,5423,5478,2983056,1195609,RB2201.SHF,0
2021-09-22,5500,5660,5457,5656,1948123,1264601,RB2201.SHF,0
2021-09-23,5651,5688,5563,5605,2312905,1300291,RB2201.SHF,0
2021-09-24,5589,5596,5441,5468,2579122,1226142,RB2201.SHF,0
2021-09-27,5460,5600,5384,5564,2602380,1208773,RB2201.SHF,0
2021-09-28,5579,5640,5548,5634,1931458,1215932,RB2201.SHF,0
2021-09-29,5638,5700,5581,5657,1890899,1191708,RB2201.SHF,0
2021-09-30,5635,5730,5585,5706,1968234,1172256,RB2201.SHF,0
2021-10-08,5775,5843,5701,5750,1384149,1207041,RB2201.SHF,0
2021-10-11,5759,5870,5738,5808,2233485,1345601,RB2201.SHF,0
2021-10-12,5803,5812,5553,5562,2862726,1304162,RB2201.SHF,0
2021-10-13,5534,5566,5267,5421,3359719,1221213,RB2201.SHF,0
2021-10-14,5423,5542,5388,5465,2036258,1212392,RB2201.SHF,0
2021-10-15,5470,5552,5425,5515,1740063,1168438,RB2201.SHF,0
2021-10-18,5515,5532,5311,5422,2607810,1167686,RB2201.SHF,0
2021-10-19,5411,5570,5381,5546,2123050,1143027,RB2201.SHF,0
2021-10-20,5525,5537,5302,5304,2902835,1145737,RB2201.SHF,0
2021-10-21,5296,5390,4976,4976,3829430,1290481,RB2201.SHF,0
2021-10-22,4976,5025,4757,4900,4372677,1299617,RB2201.SHF,0
2021-10-25,4914,4956,4820,4825,3072872,1370440,RB2201.SHF,0
2021-10-26,4830,4946,4778,4917,2990021,1356528,RB2201.SHF,0
2021-10-27,4940,4977,4624,4655,4087900,1371298,RB2201.SHF,0
2021-10-28,4620,4864,4464,4712,5031704,1280885,RB2201.SHF,0
2021-10-29,4712,4793,4576,4646,3331332,1294160,RB2201.SHF,0
2021-11-01,4630,4707,4477,4509,2933969,1387410,RB2201.SHF,0
2021-11-02,4499,4556,4230,4230,3825062,1378300,RB2201.SHF,0
2021-11-03,4250,4444,4233,4385,3354919,1334316,RB2201.SHF,0
2021-11-04,4398,4413,4142,4226,3459112,1396426,RB2201.SHF,0
2021-11-05,4238,4305,4122,4247,3131361,1315842,RB2201.SHF,0
2021-11-08,4255,4397,4215,4312,2993817,1275004,RB2201.SHF,0
2021-11-09,4290,4359,4226,4257,2794490,1274301,RB2201.SHF,0
2021-11-10,4219,4254,4026,4246,3963513,1189585,RB2201.SHF,0
2021-11-11,4275,4466,4236,4443,3680862,1111300,RB2201.SHF,0
2021-11-12,4425,4428,4246,4249,3441240,1136389,RB2201.SHF,0
2021-11-15,4195,4255,4125,4138,3659782,1186129,RB2201.SHF,0
2021-11-16,4153,4285,4120,4128,3126442,1175588,RB2201.SHF,0
2021-11-17,4128,4226,4107,4216,3162586,1099110,RB2201.SHF,0
2021-11-18,4211,4237,4149,4169,2767255,1047299,RB2201.SHF,0
2021-11-19,4160,4322,4113,4285,3324420,1020098,RB2201.SHF,0
2021-11-22,4250,4385,4231,4300,2618633,993798,RB2201.SHF,0
2021-11-23,4300,4444,4254,4315,2505650,940832,RB2201.SHF,0
2021-11-24,4315,4513,4315,4502,2279227,882801,RB2201.SHF,0
2021-11-25,4475,4535,4428,4471,1613432,784938,RB2201.SHF,0
2021-11-26,4248,4255,4100,4104,2459199,1738317,RB2205.SHF,1
2021-11-29,4055,4196,4050,4145,2083315,1696796,RB2205.SHF,0
2021-11-30,4160,4203,4078,4163,2102255,1772171,RB2205.SHF,0
2021-12-01,4165,4315,4163,4306,2311658,1801517,RB2205.SHF,0
2021-12-02,4315,4370,4225,4288,2487761,1834627,RB2205.SHF,0
2021-12-03,4290,4386,4275,4384,2352415,1863221,RB2205.SHF,0
2021-12-06,4408,4449,4334,4359,2090706,1874956,RB2205.SHF,0
2021-12-07,4384,4496,4373,4450,2256706,1868456,RB2205.SHF,0
2021-12-08,4464,4478,4346,4350,2415138,1967774,RB2205.SHF,0
2021-12-09,4338,4396,4271,4293,2557982,1973781,RB2205.SHF,0
2021-12-10,4279,4345,4264,4322,2020021,1934030,RB2205.SHF,0
2021-12-13,4322,4417,4280,4415,2231172,1988270,RB2205.SHF,0
2021-12-14,4413,4429,4352,4382,1646029,1920239,RB2205.SHF,0
2021-12-15,4383,4468,4368,4441,1906505,2010408,RB2205.SHF,0
2021-12-16,4436,4534,4428,4529,1654291,2014297,RB2205.SHF,0
2021-12-17,4529,4563,4484,4505,1582890,1995458,RB2205.SHF,0
2021-12-20,4498,4595,4469,4475,2010427,1997807,RB2205.SHF,0
2021-12-21,4485,4523,4444,4473,1935240,1967053,RB2205.SHF,0
2021-12-22,4480,4498,4412,4438,1709898,1956678,RB2205.SHF,0
2021-12-23,4429,4488,4403,4479,1753140,1992623,RB2205.SHF,0
2021-12-24,4481,4545,4479,4519,1613379,2002893,RB2205.SHF,0
2021-12-27,4510,4523,4292,4307,2238448,2074674,RB2205.SHF,0
2021-12-28,4318,4353,4301,4319,1593516,1985941,RB2205.SHF,0
2021-12-29,4319,4346,4270,4315,1728554,1972822,RB2205.SHF,0
2021-12-30,4321,4368,4265,4282,1916411,1967818,RB2205.SHF,0
2021-12-31,4282,4348,4267,4315,1446800,1877654,RB2205.SHF,0
2022-01-04,4302,4398,4291,4395,1184617,1904095,RB2205.SHF,0
2022-01-05,4400,4449,4385,4444,1277992,1903328,RB2205.SHF,0
2022-01-06,4452,4505,4430,4494,1422849,1935095,RB2205.SHF,0
2022-01-07,4495,4530,4455,4526,1285819,1916326,RB2205.SHF,0
2022-01-10,4525,4537,4463,4492,1133370,1890745,RB2205.SHF,0
2022-01-11,4500,4590,4481,4589,1581977,2014725,RB2205.SHF,0
2022-01-12,4590,4634,4570,4632,1065702,1984861,RB2205.SHF,0
2022-01-13,4632,4701,4629,4633,1371509,1991671,RB2205.SHF,0
2022-01-14,4625,4679,4606,4664,1153063,1945448,RB2205.SHF,0
2022-01-17,4670,4690,4520,4553,1781730,1927580,RB2205.SHF,0
2022-01-18,4547,4619,4537,4599,1066625,1873336,RB2205.SHF,0
2022-01-19,4630,4744,4627,4713,1617199,1932904,RB2205.SHF,0
2022-01-20,4718,4742,4675,4713,1170056,1908425,RB2205.SHF,0
2022-01-21,4713,4758,4680,4711,1318370,1882937,RB2205.SHF,0
2022-01-24,4720,4786,4653,4665,1574388,1877729,RB2205.SHF,0
2022-01-25,4660,4730,4630,4722,1212866,1785229,RB2205.SHF,0
2022-01-26,4722,4740,4635,4694,1237281,1766393,RB2205.SHF,0
2022-01-27,4697,4757,4654,4673,1325881,1727529,RB2205.SHF,0
2022-01-28,4691,4830,4681,4829,1210006,1675744,RB2205.SHF,0
2022-02-07,4875,4879,4801,4847,744755,1680665,RB2205.SHF,0
2022-02-08,4839,4946,4839,4912,1186239,1749557,RB2205.SHF,0
2022-02-09,4900,4935,4825,4843,1324241,1785924,RB2205.SHF,0
2022-02-10,4850,4967,4838,4955,1394586,1867561,RB2205.SHF,0
2022-02-11,4990,5034,4902,4905,1470339,1895139,RB2205.SHF,0
2022-02-14,4900,4910,4791,4817,1874764,1888817,RB2205.SHF,0
2022-02-15,4805,4816,4666,4728,2124511,1921187,RB2205.SHF,0
2022-02-16,4745,4834,4725,4832,1497635,1874486,RB2205.SHF,0
2022-02-17,4835,4842,4684,4686,2132547,1962220,RB2205.SHF,0
2022-02-18,4666,4798,4659,4779,1578103,1929520,RB2205.SHF,0
2022-02-21,4785,4848,4751,4845,1627394,1978620,RB2205.SHF,0
2022-02-22,4845,4883,4723,4734,1766048,1980665,RB2205.SHF,0
2022-02-23,4735,4818,4732,4786,1506852,1966677,RB2205.SHF,0
2022-02-24,4788,4808,4622,4637,2257947,2081475,RB2205.SHF,0
2022-02-25,4635,4666,4525,4617,2155123,2108560,RB2205.SHF,0
2022-02-28,4617,4706,4597,4693,1624958,2004494,RB2205.SHF,0
2022-03-01,4710,4844,4710,4837,1595430,1904382,RB2205.SHF,0
2022-03-02,4850,4893,4803,4860,1480163,1874846,RB2205.SHF,0
2022-03-03,4861,4943,4833,4880,1865890,1845374,RB2205.SHF,0
2022-03-04,4886,4924,4842,4901,1661820,1804366,RB2205.SHF,0
2022-03-07,4902,5096,4887,5094,1930142,1725088,RB2205.SHF,0
2022-03-08,5094,5100,4900,4956,2239561,1563898,RB2205.SHF,0
2022-03-09,4925,5000,4855,4907,1502246,1464164,RB2205.SHF,0
2022-03-10,4850,4955,4822,4896,1593413,1438212,RB2205.SHF,0
2022-03-11,4908,4949,4847,4917,1264426,1380899,RB2205.SHF,0
2022-03-14,4872,4919,4693,4695,1788603,1410730,RB2205.SHF,0
2022-03-15,4694,4825,4681,4753,1735203,1349633,RB2205.SHF,0
2022-03-16,4730,4908,4725,4904,1363006,1330578,RB2205.SHF,0
2022-03-17,4920,4946,4861,4902,1203863,1309488,RB2205.SHF,0
2022-03-18,4902,4956,4890,4953,979085,1271483,RB2205.SHF,0
2022-03-21,4923,4980,4862,4923,1214930,1269415,RB2205.SHF,0
2022-03-22,4909,4955,4897,4918,785470,1188532,RB2205.SHF,0
2022-03-23,4912,4987,4866,4983,1044259,1208811,RB2205.SHF,0
2022-03-24,4985,5014,4935,4945,940925,1081970,RB2205.SHF,0
2022-03-25,4945,5018,4943,5013,803651,1012299,RB2205.SHF,0
2022-03-28,4987,5074,4985,5058,753616,893420,RB2205.SHF,0
2022-03-29,5032,5050,4992,5012,987028,1527965,RB2210.SHF,1
2022-03-30,4976,5037,4918,5034,1352525,1519061,RB2210.SHF,0
2022-03-31,5070,5117,4997,5061,1551132,1541215,RB2210.SHF,0
2022-04-01,5063,5165,5051,5160,1276736,1639645,RB2210.SHF,0
2022-04-06,5158,5190,5083,5121,1062347,1644865,RB2210.SHF,0
2022-04-07,5122,5148,5034,5070,1495053,1681999,RB2210.SHF,0
2022-04-08,5052,5103,4953,5019,1778196,1664699,RB2210.SHF,0
2022-04-11,5018,5039,4859,4867,1756999,1686172,RB2210.SHF,0
2022-04-12,4880,5035,4872,5035,1710656,1712979,RB2210.SHF,0
2022-04-13,5036,5041,4912,4915,1918588,1713890,RB2210.SHF,0
2022-04-14,4940,5035,4931,5004,1699571,1695968,RB2210.SHF,0
2022-04-15,5000,5078,4994,5049,1457183,1721933,RB2210.SHF,0
2022-04-18,5020,5088,4960,5063,1783175,1748021,RB2210.SHF,0
2022-04-19,5080,5128,5000,5011,2283937,1772066,RB2210.SHF,0
2022-04-20,5021,5145,5015,5106,1752642,1824534,RB2210.SHF,0
2022-04-21,5117,5131,5026,5058,1736150,1766237,RB2210.SHF,0
2022-04-22,5065,5078,4963,4964,1591861,1749223,RB2210.SHF,0
2022-04-25,4960,4991,4763,4778,2661872,1749194,RB2210.SHF,0
2022-04-26,4800,4877,4747,4829,1832418,1741533,RB2210.SHF,0
2022-04-27,4849,4905,4816,4864,1914290,1752014,RB2210.SHF,0
2022-04-28,4860,4873,4784,4850,1892895,1745874,RB2210.SHF,0
2022-04-29,4850,4926,4809,4910,1593951,1687884,RB2210.SHF,0
2022-05-05,4930,4953,4866,4923,1096034,1671713,RB2210.SHF,0
2022-05-06,4923,4932,4726,4734,2034752,1888415,RB2210.SHF,0
2022-05-09,4734,4749,4623,4654,2004662,1923461,RB2210.SHF,0
2022-05-10,4630,4657,4531,4607,2024014,1975489,RB2210.SHF,0
2022-05-11,4614,4714,4611,4681,1540902,1932947,RB2210.SHF,0
2022-05-12,4670,4731,4585,4612,1899655,1933319,RB2210.SHF,0
2022-05-13,4585,4690,4555,4670,1711214,1903090,RB2210.SHF,0
2022-05-16,4666,4704,4589,4679,2012180,1949519,RB2210.SHF,0
2022-05-17,4680,4696,4632,4650,1419456,1922217,RB2210.SHF,0
2022-05-18,4660,4666,4531,4532,1882000,2114881,RB2210.SHF,0
2022-05-19,4525,4585,4461,4579,2047231,2065144,RB2210.SHF,0
2022-05-20,4579,4650,4558,4638,1533538,1968756,RB2210.SHF,0
2022-05-23,4629,4700,4567,4604,2154222,1976149,RB2210.SHF,0
2022-05-24,4620,4621,4456,4468,1870396,2104086,RB2210.SHF,0
2022-05-25,4468,4549,4444,4541,2157011,2040853,RB2210.SHF,0
2022-05-26,4500,4520,4427,4505,2591842,2113657,RB2210.SHF,0
2022-05-27,4510,4604,4503,4576,1992558,1994377,RB2210.SHF,0
2022-05-30,4588,4646,4580,4621,1658750,1941132,RB2210.SHF,0
2022-05-31,4621,4690,4604,4684,1562122,1887003,RB2210.SHF,0
2022-06-01,4690,4729,4654,4712,1417079,1871860,RB2210.SHF,0
2022-06-02,4713,4795,4687,4788,1678060,1816719,RB2210.SHF,0
2022-06-06,4798,4798,4738,4750,976089,1800987,RB2210.SHF,0
2022-06-07,4750,4783,4711,4719,1235198,1810732,RB2210.SHF,0
2022-06-08,4706,4807,4696,4795,1705881,1823787,RB2210.SHF,0
2022-06-09,4795,4827,4757,4791,1423160,1836549,RB2210.SHF,0
2022-06-10,4776,4834,4741,4793,1694289,1887652,RB2210.SHF,0
2022-06-13,4793,4793,4660,4691,1768776,1829059,RB2210.SHF,0
2022-06-14,4680,4726,4607,4617,1731426,1783474,RB2210.SHF,0
2022-06-15,4610,4635,4544,4547,1899270,1776348,RB2210.SHF,0
2022-06-16,4555,4601,4494,4506,1692130,1806083,RB2210.SHF,0
2022-06-17,4489,4489,4353,4354,2532863,1852034,RB2210.SHF,0
2022-06-20,4346,4365,4074,4149,3395298,1921252,RB2210.SHF,0
2022-06-21,4145,4256,4103,4224,2444922,1882531,RB2210.SHF,0
2022-06-22,4226,4261,4092,4128,2226834,1899978,RB2210.SHF,0
2022-06-23,4147,4249,4115,4235,2354370,1896277,RB2210.SHF,0
2022-06-24,4260,4275,4182,4189,2063167,1900788,RB2210.SHF,0
2022-06-27,4192,4300,4153,4274,1980808,1878385,RB2210.SHF,0
2022-06-28,4280,4350,4250,4349,1731054,1925971,RB2210.SHF,0
2022-06-29,4350,4420,4340,4360,1941680,1917484,RB2210.SHF,0
2022-06-30,4382,4408,4324,4378,2103300,1954729,RB2210.SHF,0
2022-07-01,4350,4373,4258,4265,2390863,1943605,RB2210.SHF,0
2022-07-04,4270,4312,4150,4168,1981674,1935596,RB2210.SHF,0
2022-07-05,4180,4258,4116,4238,1965705,1945403,RB2210.SHF,0
2022-07-06,4198,4247,4126,4245,2483205,1910606,RB2210.SHF,0
2022-07-07,4250,4269,4182,4209,2336988,1964378,RB2210.SHF,0
2022-07-08,4229,4279,4166,4196,2033395,1977016,RB2210.SHF,0
2022-07-11,4196,4246,3971,4049,3063941,1966756,RB2210.SHF,0
2022-07-12,4049,4069,3891,3910,2511590,2002501,RB2210.SHF,0
2022-07-13,3900,3941,3850,3910,2455104,1977784,RB2210.SHF,0
2022-07-14,3878,3919,3810,3833,2705644,1917507,RB2210.SHF,0
2022-07-15,3798,3798,3588,3589,3298883,1970080,RB2210.SHF,0
2022-07-18,3611,3795,3611,3780,2825094,1880061,RB2210.SHF,0
2022-07-19,3789,3872,3748,3774,2698472,1889735,RB2210.SHF,0
2022-07-20,3767,3877,3712,3830,2659073,1882732,RB2210.SHF,0
2022-07-21,3823,3860,3771,3831,2578896,1892537,RB2210.SHF,0
2022-07-22,3800,3880,3760,3863,2100304,1889528,RB2210.SHF,0
2022-07-25,3865,3900,3843,3859,1899608,1876972,RB2210.SHF,0
2022-07-26,3865,3909,3798,3888,2220357,1889277,RB2210.SHF,0
2022-07-27,3895,3934,3827,3916,2184613,1924464,RB2210.SHF,0
2022-07-28,3911,4068,3878,4058,2248033,1887291,RB2210.SHF,0
2022-07-29,4030,4054,3979,3996,1827254,1859128,RB2210.SHF,0
2022-08-01,4003,4133,4003,4093,2461131,1867672,RB2210.SHF,0
2022-08-02,4070,4115,4013,4104,2177234,1847616,RB2210.SHF,0
2022-08-03,4091,4145,4028,4063,2348397,1825651,RB2210.SHF,0
2022-08-04,4075,4085,3974,3980,2291892,1783755,RB2210.SHF,0
2022-08-05,3978,4081,3963,4036,1914339,1773775,RB2210.SHF,0
2022-08-08,4040,4154,4022,4136,1933791,1759184,RB2210.SHF,0
2022-08-09,4130,4158,4077,4089,1633047,1718371,RB2210.SHF,0
2022-08-10,4089,4118,4047,4066,1834425,1703285,RB2210.SHF,0
2022-08-11,4100,4130,4032,4108,2228055,1688732,RB2210.SHF,0
2022-08-12,4118,4153,4100,4150,1590627,1738768,RB2210.SHF,0
2022-08-15,4120,4199,4095,4126,2399032,1746361,RB2210.SHF,0
2022-08-16,4090,4183,4078,4153,1502797,1732832,RB2210.SHF,0
2022-08-17,4160,4174,3985,3993,2155416,1659566,RB2210.SHF,0
2022-08-18,4003,4075,3980,4041,1958935,1659860,RB2210.SHF,0
2022-08-19,4050,4062,3924,3929,2162701,1514851,RB2210.SHF,0
2022-08-22,3948,4027,3924,4010,1732096,1472526,RB2210.SHF,0
2022-08-23,4005,4064,3973,4052,1237138,1411349,RB2210.SHF,0
2022-08-24,4054,4094,4034,4086,1300583,1288077,RB2210.SHF,0
2022-08-25,4089,4110,4043,4052,1324563,1165706,RB2210.SHF,0
2022-08-26,4052,4112,4043,4097,1168595,1114193,RB2210.SHF,0
2022-08-29,4105,4130,3944,3965,1610705,979188,RB2210.SHF,0
2022-08-30,3965,3972,3861,3875,1171963,870285,RB2210.SHF,0
2022-08-31,3650,3704,3650,3677,1401509,1589990,RB2301.SHF,1
2022-09-01,3694,3729,3626,3642,1969194,1705345,RB2301.SHF,0
2022-09-02,3628,3655,3575,3637,1807756,1712615,RB2301.SHF,0
2022-09-05,3650,3706,3621,3691,1715622,1652554,RB2301.SHF,0
2022-09-06,3708,3709,3672,3693,1231154,1651704,RB2301.SHF,0
2022-09-07,3696,3726,3651,3673,1789661,1661151,RB2301.SHF,0
2022-09-08,3682,3755,3670,3719,1793055,1690538,RB2301.SHF,0
2022-09-09,3730,3792,3718,3791,1378872,1652024,RB2301.SHF,0
2022-09-13,3795,3807,3769,3794,875682,1648566,RB2301.SHF,0
2022-09-14,3770,3778,3704,3741,1528167,1682113,RB2301.SHF,0
2022-09-15,3745,3789,3693,3722,1976576,1711041,RB2301.SHF,0
2022-09-16,3710,3740,3658,3686,1715119,1735896,RB2301.SHF,0
2022-09-19,3689,3737,3687,3696,1476096,1685459,RB2301.SHF,0
2022-09-20,3698,3726,3650,3659,1744328,1708020,RB2301.SHF,0
2022-09-21,3655,3685,3630,3664,1573075,1739827,RB2301.SHF,0
2022-09-22,3665,3768,3662,3765,1843645,1733745,RB2301.SHF,0
2022-09-23,3771,3787,3748,3766,1294449,1714891,RB2301.SHF,0
2022-09-26,3736,3783,3710,3765,1733812,1674462,RB2301.SHF,0
2022-09-27,3775,3845,3773,3837,1813334,1749635,RB2301.SHF,0
2022-09-28,3846,3856,3814,3823,1177884,1727377,RB2301.SHF,0
2022-09-29,3835,3860,3806,3836,1463427,1725569,RB2301.SHF,0
2022-09-30,3836,3852,3785,3799,1260768,1621968,RB2301.SHF,0
2022-10-10,3825,3886,3820,3875,1060636,1663666,RB2301.SHF,0
2022-10-11,3880,3893,3763,3774,1685248,1697534,RB2301.SHF,0
2022-10-12,3782,3790,3711,3754,1723401,1653422,RB2301.SHF,0
2022-10-13,3754,3785,3712,3719,1614102,1669890,RB2301.SHF,0
2022-10-14,3707,3770,3685,3759,1352892,1633530,RB2301.SHF,0
2022-10-17,3758,3763,3655,3675,1989759,1740712,RB2301.SHF,0
2022-10-18,3675,3699,3636,3678,1652862,1750625,RB2301.SHF,0
2022-10-19,3683,3691,3632,3647,1512142,1803156,RB2301.SHF,0
2022-10-20,3645,3648,3588,3594,2105144,1835441,RB2301.SHF,0
2022-10-21,3600,3664,3589,3630,1872506,1749107,RB2301.SHF,0
2022-10-24,3629,3678,3604,3622,1849163,1781095,RB2301.SHF,0
2022-10-25,3615,3618,3561,3574,1694506,1822433,RB2301.SHF,0
2022-10-26,3574,3620,3555,3580,1549716,1785892,RB2301.SHF,0
2022-10-27,3580,3622,3563,3563,1451705,1773458,RB2301.SHF,0
2022-10-28,3558,3564,3478,3490,1981946,1844304,RB2301.SHF,0
2022-10-31,3490,3506,3389,3397,2171777,1861216,RB2301.SHF,0
2022-11-01,3391,3495,3389,3485,2077614,1789906,RB2301.SHF,0
2022-11-02,3485,3515,3450,3485,2015196,1773472,RB2301.SHF,0
2022-11-03,3470,3522,3461,3504,1692427,1760124,RB2301.SHF,0
2022-11-04,3491,3582,3488,3562,1960115,1719886,RB2301.SHF,0
2022-11-07,3585,3607,3513,3535,1870515,1695884,RB2301.SHF,0
2022-11-08,3540,3572,3511,3571,1371946,1696738,RB2301.SHF,0
2022-11-09,3571,3608,3566,3590,1461441,1682606,RB2301.SHF,0
2022-11-10,3580,3584,3524,3538,1912637,1697396,RB2301.SHF,0
2022-11-11,3522,3661,3516,3637,2247442,1651407,RB2301.SHF,0
2022-11-14,3637,3695,3627,3648,1688571,1575348,RB2301.SHF,0
2022-11-15,3655,3695,3644,3692,1258019,1555797,RB2301.SHF,0
2022-11-16,3700,3764,3695,3742,1575266,1539464,RB2301.SHF,0
2022-11-17,3748,3752,3670,3726,1681333,1451721,RB2301.SHF,0
2022-11-18,3719,3736,3697,3716,1411248,1440140,RB2301.SHF,0
2022-11-21,3712,3718,3631,3671,1620175,1387097,RB2301.SHF,0
2022-11-22,3665,3714,3661,3677,1435117,1358722,RB2301.SHF,0
2022-11-23,3660,3704,3652,3691,1317195,1303587,RB2301.SHF,0
2022-11-24,3695,3746,3677,3681,1601967,1228892,RB2301.SHF,0
2022-11-25,3680,3736,3659,3736,1314236,1185293,RB2301.SHF,0
2022-11-28,3736,3756,3711,3738,1271967,1123090,RB2301.SHF,0
2022-11-29,3750,3798,3748,3765,1276059,1027132,RB2301.SHF,0
2022-11-30,3758,3765,3717,3748,1108975,850445,RB2301.SHF,0
2022-12-01,3756,3785,3732,3752,858843,775894,RB2301.SHF,0
2022-12-02,3742,3818,3726,3808,1326667,1679372,RB2305.SHF,1
2022-12-05,3805,3890,3790,3804,1735437,1723182,RB2305.SHF,0
2022-12-06,3799,3825,3780,3808,1189183,1753871,RB2305.SHF,0
2022-12-07,3803,3838,3772,3782,1576075,1761581,RB2305.SHF,0
2022-12-08,3781,3849,3779,3839,1176620,1757505,RB2305.SHF,0
2022-12-09,3850,3960,3850,3945,1942575,1868420,RB2305.SHF,0
2022-12-12,3945,3991,3917,3935,1544896,1857069,RB2305.SHF,0
2022-12-13,3935,3959,3906,3937,1171180,1848719,RB2305.SHF,0
2022-12-14,3933,3990,3923,3986,1500044,1910944,RB2305.SHF,0
2022-12-15,3993,4085,3988,4084,1932793,2002134,RB2305.SHF,0
2022-12-16,4083,4149,3972,4049,2765803,1898413,RB2305.SHF,0
2022-12-19,4041,4044,3915,3927,2411668,1846442,RB2305.SHF,0
2022-12-20,3927,3964,3898,3939,1525034,1822179,RB2305.SHF,0
2022-12-21,3950,4037,3929,4034,1489491,1904049,RB2305.SHF,0
2022-12-22,4047,4047,3950,3961,1655882,1859635,RB2305.SHF,0
2022-12-23,3966,4017,3932,4005,1676702,1900337,RB2305.SHF,0
2022-12-26,4009,4020,3940,4006,1638853,1897487,RB2305.SHF,0
2022-12-27,3999,4078,3994,4066,1413061,1932125,RB2305.SHF,0
2022-12-28,4060,4075,4011,4050,1264540,1918199,RB2305.SHF,0
2022-12-29,4054,4071,4000,4048,1603581,1895064,RB2305.SHF,0
2022-12-30,4052,4125,4049,4105,1699077,1931845,RB2305.SHF,0
2023-01-03,4100,4100,4016,4063,1245821,1882723,RB2305.SHF,0
2023-01-04,4061,4084,4010,4027,1383006,1874643,RB2305.SHF,0
2023-01-05,4015,4024,3970,4017,1522301,1825776,RB2305.SHF,0
2023-01-06,4031,4122,4023,4107,1730447,1923950,RB2305.SHF,0
2023-01-09,4105,4140,4072,4093,1607579,1863784,RB2305.SHF,0
2023-01-10,4103,4136,4087,4124,1083219,1930856,RB2305.SHF,0
2023-01-11,4120,4172,4101,4161,1112383,1955990,RB2305.SHF,0
2023-01-12,4152,4163,4091,4136,1318042,1867251,RB2305.SHF,0
2023-01-13,4131,4186,4113,4173,1278231,1927798,RB2305.SHF,0
2023-01-16,4150,4151,4081,4093,1441664,1829618,RB2305.SHF,0
2023-01-17,4084,4139,4065,4119,1025767,1844213,RB2305.SHF,0
2023-01-18,4140,4176,4125,4165,899703,1856961,RB2305.SHF,0
2023-01-19,4166,4200,4154,4196,914584,1854203,RB2305.SHF,0
2023-01-20,4195,4196,4155,4179,817918,1811643,RB2305.SHF,0
2023-01-30,4230,4273,4190,4201,1048134,1882832,RB2305.SHF,0
2023-01-31,4200,4218,4141,4143,1119159,1953462,RB2305.SHF,0
2023-02-01,4143,4178,4075,4084,1500523,1994916,RB2305.SHF,0
2023-02-02,4090,4135,4029,4042,1540806,1967595,RB2305.SHF,0
2023-02-03,4050,4059,3993,4055,1340933,1962672,RB2305.SHF,0
2023-02-06,4054,4084,4001,4049,1447504,1984665,RB2305.SHF,0
2023-02-07,4040,4055,3978,4018,1511616,1974498,RB2305.SHF,0
2023-02-08,4010,4063,3984,4055,1539318,1981288,RB2305.SHF,0
2023-02-09,4052,4100,4048,4085,1157730,1979876,RB2305.SHF,0
2023-02-10,4085,4096,4016,4074,1582510,1933276,RB2305.SHF,0
2023-02-13,4074,4080,3991,3993,1552262,1942412,RB2305.SHF,0
2023-02-14,3992,4046,3961,4027,1585145,1911228,RB2305.SHF,0
2023-02-15,4036,4088,4030,4066,1287382,1896584,RB2305.SHF,0
2023-02-16,4061,4164,4052,4146,1877414,1906154,RB2305.SHF,0
2023-02-17,4155,4178,4146,4167,1091790,1946318,RB2305.SHF,0
2023-02-20,4150,4194,4130,4184,1366456,1960497,RB2305.SHF,0
2023-02-21,4195,4258,4191,4254,1421583,1971804,RB2305.SHF,0
2023-02-22,4228,4278,4225,4237,1444261,1974418,RB2305.SHF,0
2023-02-23,4260,4289,4220,4228,1896147,2005676,RB2305.SHF,0
2023-02-24,4227,4244,4187,4224,1669416,2057187,RB2305.SHF,0
2023-02-27,4200,4240,4173,4191,1925170,1975574,RB2305.SHF,0
2023-02-28,4190,4193,4150,4174,1369701,1943334,RB2305.SHF,0
2023-03-01,4175,4226,4164,4216,1533443,1983020,RB2305.SHF,0
2023-03-02,4213,4236,4203,4225,993488,1971186,RB2305.SHF,0
2023-03-03,4229,4278,4218,4272,1154498,1981344,RB2305.SHF,0
2023-03-06,4260,4270,4175,4210,1762004,1961814,RB2305.SHF,0
2023-03-07,4212,4273,4199,4248,1464187,2048392,RB2305.SHF,0
2023-03-08,4249,4267,4221,4249,1058647,2048137,RB2305.SHF,0
2023-03-09,4250,4322,4206,4313,2639304,2107683,RB2305.SHF,0
2023-03-10,4325,4348,4303,4314,1652266,2073405,RB2305.SHF,0
2023-03-13,4327,4377,4317,4371,1525232,2073724,RB2305.SHF,0
2023-03-14,4328,4401,4327,4373,1703065,1999189,RB2305.SHF,0
2023-03-15,4379,4394,4318,4332,1575120,1888550,RB2305.SHF,0
2023-03-16,4295,4308,4197,4205,2511599,1691899,RB2305.SHF,0
2023-03-17,4203,4284,4185,4262,1812692,1645579,RB2305.SHF,0
2023-03-20,4266,4279,4192,4194,1524810,1614331,RB2305.SHF,0
2023-03-21,4200,4223,4153,4156,1435222,1583137,RB2305.SHF,0
2023-03-22,4161,4195,4120,4153,1641849,1498897,RB2305.SHF,0
2023-03-23,4159,4181,4066,4070,1805506,1528575,RB2305.SHF,0
2023-03-24,4070,4125,4055,4107,1463299,1461026,RB2305.SHF,0
2023-03-27,4080,4129,4074,4105,1179589,1380095,RB2305.SHF,0
2023-03-28,4110,4147,4095,4136,1156760,1233806,RB2305.SHF,0
2023-03-29,4141,4168,4123,4151,1055543,1123338,RB2305.SHF,0
2023-03-30,4165,4178,4125,4167,1247443,1013872,RB2305.SHF,0
2023-03-31,4176,4200,4153,4161,918121,906146,RB2305.SHF,0
2023-04-03,4161,4166,4043,4044,1081619,863464,RB2305.SHF,0
2023-04-04,4042,4067,4010,4018,741305,767896,RB2305.SHF,0
2023-04-06,3960,3979,3923,3938,1066014,1442365,RB2310.SHF,1
2023-04-07,3952,4008,3948,3989,1293250,1506483,RB2310.SHF,0
2023-04-10,4000,4020,3881,3907,1768635,1655293,RB2310.SHF,0
2023-04-11,3909,3940,3868,3937,1469111,1666310,RB2310.SHF,0
2023-04-12,3940,3945,3890,3900,1205778,1720589,RB2310.SHF,0
2023-04-13,3914,3915,3855,3886,1637913,1748553,RB2310.SHF,0
2023-04-14,3886,3948,3885,3896,1435636,1703998,RB2310.SHF,0
2023-04-17,3900,3938,3873,3928,1636060,1742720,RB2310.SHF,0
2023-04-18,3945,3981,3926,3950,1619625,1778836,RB2310.SHF,0
2023-04-19,3950,3963,3910,3927,1495928,1818464,RB2310.SHF,0
2023-04-20,3911,3929,3868,3914,1895468,1812943,RB2310.SHF,0
2023-04-21,3904,3908,3809,3810,1838698,1918659,RB2310.SHF,0
2023-04-24,3810,3817,3690,3714,2188088,2009878,RB2310.SHF,0
2023-04-25,3715,3747,3680,3685,1706302,2046197,RB2310.SHF,0
2023-04-26,3670,3736,3662,3719,1771843,2010382,RB2310.SHF,0
2023-04-27,3744,3759,3690,3691,1710699,2003400,RB2310.SHF,0
2023-04-28,3691,3710,3660,3660,1458191,1955066,RB2310.SHF,0
2023-05-04,3650,3677,3609,3615,1268068,2022762,RB2310.SHF,0
2023-05-05,3610,3625,3539,3622,1999125,2062499,RB2310.SHF,0
2023-05-08,3611,3733,3605,3732,2562981,2103630,RB2310.SHF,0
2023-05-09,3738,3743,3690,3691,1593264,2051179,RB2310.SHF,0
2023-05-10,3690,3732,3666,3688,1778887,2050699,RB2310.SHF,0
2023-05-11,3692,3709,3591,3600,2626151,2041822,RB2310.SHF,0
2023-05-12,3580,3633,3562,3579,1856249,1995985,RB2310.SHF,0
2023-05-15,3587,3698,3587,3667,2564799,1993296,RB2310.SHF,0
2023-05-16,3680,3697,3627,3640,1743581,2001059,RB2310.SHF,0
2023-05-17,3640,3717,3636,3715,1783507,2018915,RB2310.SHF,0
2023-05-18,3718,3724,3661,3687,1720513,1990809,RB2310.SHF,0
2023-05-19,3684,3695,3613,3645,2021992,1932553,RB2310.SHF,0
2023-05-22,3651,3675,3551,3569,2274723,1967803,RB2310.SHF,0
2023-05-23,3569,3621,3565,3588,1840790,1928799,RB2310.SHF,0
2023-05-24,3590,3595,3462,3466,2270046,2055599,RB2310.SHF,0
2023-05-25,3459,3477,3411,3432,2220314,2085614,RB2310.SHF,0
2023-05-26,3423,3510,3388,3493,2829006,2071715,RB2310.SHF,0
2023-05-29,3495,3517,3463,3511,1986052,2076395,RB2310.SHF,0
2023-05-30,3510,3522,3444,3460,1856823,2092489,RB2310.SHF,0
2023-05-31,3460,3473,3424,3463,1666251,2091644,RB2310.SHF,0
2023-06-01,3455,3548,3445,3546,2124122,2057886,RB2310.SHF,0
2023-06-02,3539,3631,3508,3596,2437115,1932492,RB2310.SHF,0
2023-06-05,3602,3689,3598,3638,2077583,1908666,RB2310.SHF,0
2023-06-06,3638,3686,3624,3641,1651168,1880580,RB2310.SHF,0
2023-06-07,3645,3664,3586,3621,2087487,1881811,RB2310.SHF,0
2023-06-08,3630,3678,3625,3654,1856030,1862472,RB2310.SHF,0
2023-06-09,3659,3722,3656,3711,2034193,1909178,RB2310.SHF,0
2023-06-12,3711,3727,3630,3652,1944009,1881702,RB2310.SHF,0
2023-06-13,3652,3744,3648,3741,2062664,1957459,RB2310.SHF,0
2023-06-14,3749,3763,3718,3739,1754411,1910655,RB2310.SHF,0
2023-06-15,3744,3770,3713,3760,1848995,1948226,RB2310.SHF,0
2023-06-16,3764,3809,3754,3799,1666649,1975804,RB2310.SHF,0
2023-06-19,3800,3815,3743,3752,2146210,1897696,RB2310.SHF,0
2023-06-20,3760,3770,3720,3743,1639611,1871501,RB2310.SHF,0
2023-06-21,3736,3744,3683,3686,1937589,1789953,RB2310.SHF,0
2023-06-26,3643,3672,3633,3667,1275952,1799393,RB2310.SHF,0
2023-06-27,3667,3744,3661,3728,1589090,1849307,RB2310.SHF,0
2023-06-28,3720,3741,3691,3731,1415176,1839521,RB2310.SHF,0
2023-06-29,3722,3751,3700,3723,1741069,1800906,RB2310.SHF,0
2023-06-30,3725,3777,3711,3721,1704726,1802556,RB2310.SHF,0
2023-07-03,3718,3780,3704,3767,2153411,1844614,RB2310.SHF,0
2023-07-04,3766,3793,3751,3768,1458155,1846276,RB2310.SHF,0
2023-07-05,3768,3780,3730,3751,1476438,1836969,RB2310.SHF,0
2023-07-06,3742,3777,3733,3758,1407277,1825369,RB2310.SHF,0
2023-07-07,3758,3770,3670,3671,2169063,1860783,RB2310.SHF,0
2023-07-10,3668,3709,3650,3654,1632546,1823284,RB2310.SHF,0
2023-07-11,3661,3698,3659,3679,1435227,1800885,RB2310.SHF,0
2023-07-12,3685,3717,3672,3716,1405017,1794663,RB2310.SHF,0
2023-07-13,3723,3732,3693,3727,1414138,1753008,RB2310.SHF,0
2023-07-14,3727,3776,3726,3774,1400123,1790969,RB2310.SHF,0
2023-07-17,3778,3782,3681,3687,1937196,1722852,RB2310.SHF,0
2023-07-18,3691,3750,3690,3749,1322481,1733830,RB2310.SHF,0
2023-07-19,3748,3756,3705,3741,1368317,1716805,RB2310.SHF,0
2023-07-20,3747,3790,3747,3784,1876106,1862645,RB2310.SHF,0
2023-07-21,3793,3825,3750,3823,2408389,1947284,RB2310.SHF,0
2023-07-24,3820,3830,3787,3793,2125369,1937737,RB2310.SHF,0
2023-07-25,3807,3870,3790,3857,2164065,2033479,RB2310.SHF,0
2023-07-26,3855,3877,3835,3851,1868445,2018640,RB2310.SHF,0
2023-07-27,3850,3883,3839,3861,2200065,1963212,RB2310.SHF,0
2023-07-28,3854,3863,3823,3851,2154425,1875583,RB2310.SHF,0
2023-07-31,3851,3875,3831,3847,1874903,1840552,RB2310.SHF,0
2023-08-01,3847,3876,3834,3862,1592842,1837995,RB2310.SHF,0
2023-08-02,3853,3871,3800,3801,2246681,1904043,RB2310.SHF,0
2023-08-03,3798,3801,3724,3728,2556807,1808417,RB2310.SHF,0
2023-08-04,3740,3774,3732,3736,1458807,1779600,RB2310.SHF,0
2023-08-07,3732,3739,3706,3732,1524669,1793253,RB2310.SHF,0
2023-08-08,3735,3748,3686,3692,1365258,1813182,RB2310.SHF,0
2023-08-09,3682,3708,3663,3700,1163636,1788140,RB2310.SHF,0
2023-08-10,3700,3716,3664,3671,1536943,1864067,RB2310.SHF,0
2023-08-11,3670,3695,3652,3691,1646084,1813650,RB2310.SHF,0
2023-08-14,3685,3691,3630,3641,1428056,1860600,RB2310.SHF,0
2023-08-15,3650,3698,3640,3694,1555592,1757174,RB2310.SHF,0
2023-08-16,3691,3718,3686,3713,1184152,1672597,RB2310.SHF,0
2023-08-17,3713,3730,3680,3726,1377243,1604495,RB2310.SHF,0
2023-08-18,3726,3739,3693,3700,1135837,1549204,RB2310.SHF,0
2023-08-21,3700,3702,3635,3666,1815011,1561469,RB2310.SHF,0
2023-08-22,3671,3737,3645,3723,1720172,1451795,RB2310.SHF,0
2023-08-23,3723,3755,3716,3723,1446653,1337094,RB2310.SHF,0
2023-08-24,3723,3768,3687,3688,1436149,1279159,RB2310.SHF,0
2023-08-25,3700,3735,3689,3716,1254638,1212885,RB2310.SHF,0
2023-08-28,3717,3743,3642,3667,2237950,1239375,RB2310.SHF,0
2023-08-29,3667,3705,3660,3678,1295318,1120677,RB2310.SHF,0
2023-08-30,3682,3717,3672,3713,1307564,1039387,RB2310.SHF,0
2023-08-31,3716,3746,3714,3740,1259752,919823,RB2310.SHF,0
2023-09-01,3753,3781,3732,3778,1021715,794449,RB2310.SHF,0
2023-09-04,3772,3796,3758,3770,866459,718642,RB2310.SHF,0
2023-09-05,3811,3839,3786,3799,1017159,1457450,RB2401.SHF,1
2023-09-06,3798,3828,3788,3817,894842,1511551,RB2401.SHF,0
2023-09-07,3814,3833,3765,3795,1673420,1532233,RB2401.SHF,0
2023-09-08,3790,3802,3711,3717,1786032,1546003,RB2401.SHF,0
2023-09-11,3718,3771,3707,3759,1503805,1530613,RB2401.SHF,0
2023-09-12,3762,3800,3762,3791,1324021,1539364,RB2401.SHF,0
2023-09-13,3793,3804,3745,3777,1493026,1536524,RB2401.SHF,0
2023-09-14,3778,3795,3759,3794,1502575,1585958,RB2401.SHF,0
2023-09-15,3809,3833,3800,3824,1543446,1669241,RB2401.SHF,0
2023-09-18,3820,3846,3792,3842,1665547,1766006,RB2401.SHF,0
2023-09-19,3846,3874,3830,3831,1475760,1775340,RB2401.SHF,0
2023-09-20,3834,3855,3821,3842,1180974,1773099,RB2401.SHF,0
2023-09-21,3847,3850,3755,3762,1990053,1687100,RB2401.SHF,0
2023-09-22,3752,3793,3751,3779,1160111,1643925,RB2401.SHF,0
2023-09-25,3786,3787,3704,3716,1655226,1710023,RB2401.SHF,0
2023-09-26,3716,3725,3665,3675,1451253,1772900,RB2401.SHF,0
2023-09-27,3679,3697,3673,3682,897787,1767758,RB2401.SHF,0
2023-09-28,3690,3717,3684,3690,1021754,1697143,RB2401.SHF,0
2023-10-09,3670,3670,3620,3638,1025556,1810235,RB2401.SHF,0
2023-10-10,3638,3654,3596,3610,1316197,1877432,RB2401.SHF,0
2023-10-11,3616,3634,3590,3619,1061811,1871876,RB2401.SHF,0
2023-10-12,3619,3632,3595,3627,1253955,1900044,RB2401.SHF,0
2023-10-13,3630,3652,3602,3620,1181367,1910511,RB2401.SHF,0
2023-10-16,3624,3663,3592,3657,1639211,1888586,RB2401.SHF,0
2023-10-17,3658,3672,3637,3647,1068036,1870289,RB2401.SHF,0
2023-10-18,3652,3660,3605,3615,1361935,1951142,RB2401.SHF,0
2023-10-19,3615,3650,3595,3644,1313338,1886883,RB2401.SHF,0
2023-10-20,3650,3659,3601,3610,1418587,1880167,RB2401.SHF,0
2023-10-23,3600,3616,3558,3572,1591543,1953077,RB2401.SHF,0
2023-10-24,3576,3636,3572,3630,1443112,1862178,RB2401.SHF,0
2023-10-25,3645,3687,3634,3673,1688410,1781581,RB2401.SHF,0
2023-10-26,3673,3688,3657,3685,1133648,1759038,RB2401.SHF,0
2023-10-27,3676,3726,3666,3724,1427073,1725232,RB2401.SHF,0
2023-10-30,3720,3743,3708,3740,1066575,1709019,RB2401.SHF,0
2023-10-31,3745,3748,3712,3733,1069766,1692499,RB2401.SHF,0
2023-11-01,3733,3761,3723,3749,1185467,1665545,RB2401.SHF,0
2023-11-02,3756,3767,3737,3756,1009222,1658538,RB2401.SHF,0
2023-11-03,3746,3813,3737,3805,1486028,1665308,RB2401.SHF,0
2023-11-06,3805,3830,3791,3805,1429910,1639478,RB2401.SHF,0
2023-11-07,3800,3818,3780,3791,1267602,1599081,RB2401.SHF,0
2023-11-08,3780,3851,3768,3848,1511907,1645117,RB2401.SHF,0
2023-11-09,3847,3879,3837,3853,1553439,1639732,RB2401.SHF,0
2023-11-10,3853,3884,3849,3879,1287764,1624456,RB2401.SHF,0
2023-11-13,3873,3918,3853,3872,1676739,1590486,RB2401.SHF,0
2023-11-14,3874,3881,3834,3856,1331751,1582876,RB2401.SHF,0
2023-11-15,3868,3962,3868,3920,2343797,1577302,RB2401.SHF,0
2023-11-16,3920,3979,3893,3972,1699371,1638080,RB2401.SHF,0
2023-11-17,3982,3994,3920,3929,1588116,1578094,RB2401.SHF,0
2023-11-20,3928,3995,3911,3983,1661591,1622470,RB2401.SHF,0
2023-11-21,4000,4053,3983,3983,2030063,1628589,RB2401.SHF,0
2023-11-22,3986,4017,3955,4001,2020789,1599519,RB2401.SHF,0
2023-11-23,4003,4016,3896,3934,2420217,1472805,RB2401.SHF,0
2023-11-24,3946,3981,3907,3976,1549819,1424684,RB2401.SHF,0
2023-11-27,3979,3982,3915,3959,1793161,1326302,RB2401.SHF,0
2023-11-28,3959,3959,3883,3893,1814439,1160221,RB2401.SHF,0
2023-11-29,3895,3927,3885,3896,1202436,1035330,RB2401.SHF,0
2023-11-30,3906,3923,3860,3913,1629253,900559,RB2401.SHF,0
2023-12-01,3911,3940,3890,3923,1030167,762768,RB2401.SHF,0
2023-12-04,3930,3932,3866,3871,857612,684740,RB2401.SHF,0
2023-12-05,3862,3891,3855,3870,647001,620615,RB2401.SHF,0
2023-12-06,3870,3923,3854,3918,655122,592003,RB2401.SHF,0
2023-12-07,3953,4021,3945,4011,1040675,1313215,RB2405.SHF,1
2023-12-08,4002,4060,3996,4042,937385,1371697,RB2405.SHF,0
2023-12-11,4042,4076,4010,4025,1295013,1403548,RB2405.SHF,0
2023-12-12,4023,4063,4005,4060,1106310,1462775,RB2405.SHF,0
2023-12-13,4050,4053,3931,3942,1915813,1388556,RB2405.SHF,0
2023-12-14,3951,3979,3920,3925,1284734,1364343,RB2405.SHF,0
2023-12-15,3929,3963,3896,3915,1635283,1378052,RB2405.SHF,0
2023-12-18,3915,3942,3892,3933,1387983,1385700,RB2405.SHF,0
2023-12-19,3933,3950,3906,3925,1241986,1383881,RB2405.SHF,0
2023-12-20,3925,3957,3918,3940,1064645,1370546,RB2405.SHF,0
2023-12-21,3940,3993,3923,3988,1382449,1419138,RB2405.SHF,0
2023-12-22,3988,4029,3982,4004,1242795,1413911,RB2405.SHF,0
2023-12-25,4001,4014,3981,3998,1014394,1395734,RB2405.SHF,0
2023-12-26,4000,4040,3997,4023,1069379,1460390,RB2405.SHF,0
2023-12-27,4023,4034,3990,4023,1119862,1455027,RB2405.SHF,0
2023-12-28,4023,4028,3982,3996,1321056,1442009,RB2405.SHF,0
2023-12-29,3990,4014,3976,4002,1202060,1398474,RB2405.SHF,0
2024-01-02,4005,4058,3983,4047,970394,1541082,RB2405.SHF,0
2024-01-03,4048,4072,4040,4055,964192,1583796,RB2405.SHF,0
2024-01-04,4054,4060,4028,4046,1012620,1565306,RB2405.SHF,0
2024-01-05,4047,4053,3971,3979,1381043,1519864,RB2405.SHF,0
2024-01-08,3986,3990,3937,3950,1112685,1481551,RB2405.SHF,0
2024-01-09,3950,3963,3935,3943,904309,1500557,RB2405.SHF,0
2024-01-10,3943,3946,3885,3887,1306981,1555083,RB2405.SHF,0
2024-01-11,3882,3931,3882,3926,1049723,1518301,RB2405.SHF,0
2024-01-12,3926,3931,3901,3902,946101,1518179,RB2405.SHF,0
2024-01-15,3905,3920,3864,3896,1337484,1534526,RB2405.SHF,0
2024-01-16,3889,3907,3865,3899,1241142,1577068,RB2405.SHF,0
2024-01-17,3913,3925,3855,3858,1343304,1678312,RB2405.SHF,0
2024-01-18,3852,3915,3841,3913,1671022,1624177,RB2405.SHF,0
2024-01-19,3913,3920,3892,3915,938865,1589085,RB2405.SHF,0
2024-01-22,3915,3930,3883,3902,1351690,1547107,RB2405.SHF,0
2024-01-23,3904,3939,3893,3932,1025124,1512174,RB2405.SHF,0
2024-01-24,3930,3955,3928,3955,863883,1504867,RB2405.SHF,0
2024-01-25,3971,3989,3961,3967,1058613,1493572,RB2405.SHF,0
2024-01-26,3961,3987,3959,3973,911318,1498486,RB2405.SHF,0
2024-01-29,3973,3992,3955,3968,933122,1515490,RB2405.SHF,0
2024-01-30,3968,3974,3912,3913,1177825,1548905,RB2405.SHF,0
2024-01-31,3910,3919,3867,3869,1219415,1612323,RB2405.SHF,0
2024-02-01,3868,3886,3855,3868,985874,1668963,RB2405.SHF,0
2024-02-02,3868,3877,3801,3825,1622279,1764601,RB2405.SHF,0
2024-02-05,3825,3855,3814,3833,1108800,1711481,RB2405.SHF,0
2024-02-06,3828,3848,3794,3836,1256479,1729234,RB2405.SHF,0
2024-02-07,3835,3846,3813,3840,753136,1670548,RB2405.SHF,0
2024-02-08,3841,3865,3833,3854,748877,1574632,RB2405.SHF,0
2024-02-19,3877,3883,3803,3808,923941,1698766,RB2405.SHF,0
2024-02-20,3805,3821,3751,3753,1412007,1903502,RB2405.SHF,0
2024-02-21,3753,3848,3734,3791,2460300,1775444,RB2405.SHF,0
2024-02-22,3782,3817,3769,3797,1443443,1821231,RB2405.SHF,0
2024-02-23,3797,3814,3783,3790,993602,1865495,RB2405.SHF,0
2024-02-26,3789,3799,3740,3749,1489032,1931411,RB2405.SHF,0
2024-02-27,3741,3828,3738,3824,1526868,1817302,RB2405.SHF,0
2024-02-28,3822,3827,3798,3810,1104940,1832452,RB2405.SHF,0
2024-02-29,3800,3816,3774,3788,1593839,1840987,RB2405.SHF,0
2024-03-01,3788,3809,3760,3763,1307382,1907770,RB2405.SHF,0
2024-03-04,3751,3776,3709,3762,2064821,1995627,RB2405.SHF,0
2024-03-05,3746,3768,3715,3723,1476512,2105091,RB2405.SHF,0
2024-03-06,3715,3722,3688,3712,1491723,2154551,RB2405.SHF,0
2024-03-07,3710,3733,3695,3708,1453456,2173795,RB2405.SHF,0
2024-03-08,3710,3718,3681,3691,1446243,2234800,RB2405.SHF,0
2024-03-11,3687,3689,3604,3606,1970962,2344611,RB2405.SHF,0
2024-03-12,3604,3641,3596,3636,1442101,2273876,RB2405.SHF,0
2024-03-13,3635,3646,3577,3583,1592420,2322421,RB2405.SHF,0
2024-03-14,3587,3592,3505,3506,2499011,2365042,RB2405.SHF,0
2024-03-15,3500,3525,3484,3490,2252282,2324008,RB2405.SHF,0
2024-03-18,3488,3524,3414,3513,3569146,2233803,RB2405.SHF,0
2024-03-19,3518,3578,3513,3573,2378936,2057185,RB2405.SHF,0
2024-03-20,3580,3603,3558,3570,2019844,1944955,RB2405.SHF,0
2024-03-21,3569,3622,3549,3616,2105708,1816447,RB2405.SHF,0
2024-03-22,3609,3630,3586,3612,1808837,1739877,RB2405.SHF,0
2024-03-25,3612,3629,3570,3585,1982646,1701482,RB2405.SHF,0
2024-03-26,3585,3595,3496,3499,2079364,1706818,RB2405.SHF,0
2024-03-27,3491,3533,3477,3479,2233843,1551457,RB2405.SHF,0
2024-03-28,3470,3504,3441,3481,2313912,1434142,RB2405.SHF,0
2024-03-29,3475,3486,3405,3412,2016762,1299182,RB2405.SHF,0
2024-04-01,3400,3456,3368,3456,1627900,1142343,RB2405.SHF,0
2024-04-02,3459,3493,3431,3463,1217108,1026775,RB2405.SHF,0
2024-04-03,3500,3540,3462,3463,1620584,1674662,RB2410.SHF,1
2024-04-08,3460,3561,3446,3560,1716178,1712789,RB2410.SHF,0
2024-04-09,3558,3603,3540,3594,1882756,1713445,RB2410.SHF,0
2024-04-10,3595,3608,3571,3583,1593959,1738323,RB2410.SHF,0
2024-04-11,3580,3620,3566,3613,1800637,1788118,RB2410.SHF,0
2024-04-12,3615,3637,3599,3628,1440449,1790761,RB2410.SHF,0
2024-04-15,3628,3641,3586,3616,1807915,1804825,RB2410.SHF,0
2024-04-16,3618,3635,3594,3608,1932383,1783614,RB2410.SHF,0
2024-04-17,3606,3685,3602,3682,2046152,1822853,RB2410.SHF,0
2024-04-18,3686,3705,3668,3682,1863700,1760462,RB2410.SHF,0
2024-04-19,3680,3695,3661,3675,1308924,1736610,RB2410.SHF,0
2024-04-22,3664,3694,3651,3670,1479647,1695415,RB2410.SHF,0
2024-04-23,3670,3685,3635,3641,1480656,1726245,RB2410.SHF,0
2024-04-24,3636,3693,3631,3681,1421565,1718813,RB2410.SHF,0
2024-04-25,3680,3706,3662,3669,1606852,1703349,RB2410.SHF,0
2024-04-26,3671,3690,3645,3685,1283568,1735237,RB2410.SHF,0
2024-04-29,3680,3696,3652,3675,1461304,1728962,RB2410.SHF,0
2024-04-30,3688,3710,3634,3656,1694316,1688963,RB2410.SHF,0
2024-05-06,3672,3738,3672,3735,1265164,1820186,RB2410.SHF,0
2024-05-07,3735,3744,3715,3723,994251,1822429,RB2410.SHF,0
2024-05-08,3723,3732,3671,3674,1441955,1842890,RB2410.SHF,0
2024-05-09,3674,3691,3656,3669,1296179,1883846,RB2410.SHF,0
2024-05-10,3674,3679,3627,3662,1591620,1890163,RB2410.SHF,0
2024-05-13,3658,3688,3623,3686,1571537,1883012,RB2410.SHF,0
2024-05-14,3686,3690,3624,3630,1403063,1954528,RB2410.SHF,0
2024-05-15,3626,3632,3607,3621,1358284,1973963,RB2410.SHF,0
2024-05-16,3624,3708,3614,3703,2001330,1948433,RB2410.SHF,0
2024-05-17,3700,3727,3690,3716,1539174,1910315,RB2410.SHF,0
2024-05-20,3710,3759,3695,3735,1653225,1902839,RB2410.SHF,0
2024-05-21,3730,3753,3722,3746,1317680,1906958,RB2410.SHF,0
2024-05-22,3746,3814,3743,3800,1955706,1991310,RB2410.SHF,0
2024-05-23,3790,3806,3754,3775,1545612,1887482,RB2410.SHF,0
2024-05-24,3780,3803,3769,3788,1164093,1880099,RB2410.SHF,0
2024-05-27,3786,3792,3745,3763,1257128,1851637,RB2410.SHF,0
2024-05-28,3768,3797,3738,3745,1352103,1818116,RB2410.SHF,0
2024-05-29,3745,3757,3722,3753,1281620,1806967,RB2410.SHF,0
2024-05-30,3765,3820,3727,3737,2508872,1818782,RB2410.SHF,0
2024-05-31,3735,3739,3700,3706,1427259,1779867,RB2410.SHF,0
2024-06-03,3706,3713,3656,3665,1508167,1806122,RB2410.SHF,0
2024-06-04,3665,3675,3642,3646,1282722,1860282,RB2410.SHF,0
2024-06-05,3636,3662,3630,3632,1239456,1906987,RB2410.SHF,0
2024-06-06,3637,3668,3621,3665,1785129,1908589,RB2410.SHF,0
2024-06-07,3665,3689,3639,3655,1445253,1839352,RB2410.SHF,0
2024-06-11,3640,3650,3591,3597,1219348,1923508,RB2410.SHF,0
2024-06-12,3598,3618,3588,3608,991522,1938347,RB2410.SHF,0
2024-06-13,3630,3639,3583,3621,1316641,1951022,RB2410.SHF,0
2024-06-14,3626,3658,3625,3637,1276433,1881475,RB2410.SHF,0
2024-06-17,3637,3641,3604,3613,1141437,1930901,RB2410.SHF,0
2024-06-18,3609,3654,3609,3618,1363788,1892618,RB2410.SHF,0
2024-06-19,3618,3650,3606,3614,1370036,1924648,RB2410.SHF,0
2024-06-20,3615,3636,3582,3597,2149607,2016628,RB2410.SHF,0
2024-06-21,3594,3615,3563,3563,1429126,2130004,RB2410.SHF,0
2024-06-24,3560,3565,3525,3532,1205595,2171118,RB2410.SHF,0
2024-06-25,3525,3546,3522,3532,1007338,2168862,RB2410.SHF,0
2024-06-26,3531,3567,3524,3563,1172911,2149873,RB2410.SHF,0
2024-06-27,3563,3568,3535,3535,1051877,2177715,RB2410.SHF,0
2024-06-28,3535,3553,3523,3544,1178268,2193732,RB2410.SHF,0
2024-07-01,3547,3566,3532,3562,1261981,2207299,RB2410.SHF,0
2024-07-02,3571,3584,3551,3562,1023302,2181825,RB2410.SHF,0
2024-07-03,3565,3620,3554,3619,1621967,2097856,RB2410.SHF,0
2024-07-04,3619,3629,3604,3616,1161511,2050491,RB2410.SHF,0
2024-07-05,3609,3618,3551,3553,1465825,2081641,RB2410.SHF,0
2024-07-08,3559,3566,3501,3503,1474404,2183700,RB2410.SHF,0
2024-07-09,3505,3522,3494,3515,1099757,2192582,RB2410.SHF,0
2024-07-10,3511,3516,3471,3478,1174823,2263881,RB2410.SHF,0
2024-07-11,3486,3534,3478,3514,1517698,2202912,RB2410.SHF,0
2024-07-12,3517,3529,3505,3523,917664,2183643,RB2410.SHF,0
2024-07-15,3523,3581,3492,3551,1893587,2100492,RB2410.SHF,0
2024-07-16,3548,3558,3525,3544,1202701,2081726,RB2410.SHF,0
2024-07-17,3538,3556,3484,3487,1578526,2186809,RB2410.SHF,0
2024-07-18,3482,3496,3456,3492,1611544,2229663,RB2410.SHF,0
2024-07-19,3480,3488,3455,3479,1363881,2222700,RB2410.SHF,0
2024-07-22,3473,3486,3441,3451,1589548,2233901,RB2410.SHF,0
2024-07-23,3448,3460,3396,3397,1456729,2329380,RB2410.SHF,0
2024-07-24,3405,3413,3384,3391,1376828,2382127,RB2410.SHF,0
2024-07-25,3391,3395,3309,3329,1877270,2399751,RB2410.SHF,0
2024-07-26,3332,3401,3330,3371,1981217,2307823,RB2410.SHF,0
2024-07-29,3371,3376,3341,3363,1475836,2296842,RB2410.SHF,0
2024-07-30,3374,3394,3294,3301,2051883,2289134,RB2410.SHF,0
2024-07-31,3301,3364,3271,3326,2163118,2266687,RB2410.SHF,0
2024-08-01,3346,3384,3331,3355,1582455,2226504,RB2410.SHF,0
2024-08-02,3354,3382,3324,3379,1434418,2176940,RB2410.SHF,0
2024-08-05,3382,3397,3336,3367,1470364,2140088,RB2410.SHF,0
2024-08-06,3350,3379,3296,3306,1667829,2193394,RB2410.SHF,0
2024-08-07,3305,3335,3296,3304,1100349,2143920,RB2410.SHF,0
2024-08-08,3306,3323,3252,3254,1445782,2173101,RB2410.SHF,0
2024-08-09,3260,3324,3255,3277,1694699,2055995,RB2410.SHF,0
2024-08-12,3277,3283,3206,3222,1438848,2065002,RB2410.SHF,0
2024-08-13,3222,3242,3159,3173,1575824,2045327,RB2410.SHF,0
2024-08-14,3171,3176,3056,3099,2366225,1979876,RB2410.SHF,0
2024-08-15,3110,3132,3069,3119,2317984,1899971,RB2410.SHF,0
2024-08-16,3123,3139,3075,3078,1799160,1872344,RB2410.SHF,0
2024-08-19,3067,3159,3042,3156,2725356,1877749,RB2410.SHF,0
2024-08-20,3156,3182,3134,3172,1725185,1785676,RB2410.SHF,0
2024-08-21,3189,3238,3172,3235,1604043,1725001,RB2410.SHF,0
2024-08-22,3226,3233,3168,3174,1630527,1675988,RB2410.SHF,0
2024-08-23,3175,3195,3153,3154,1425130,1602633,RB2410.SHF,0
2024-08-26,3161,3267,3144,3264,2099759,1565422,RB2410.SHF,0
2024-08-27,3259,3289,3239,3249,1529548,1456440,RB2410.SHF,0
2024-08-28,3250,3278,3248,3264,1130551,1379700,RB2410.SHF,0
2024-08-29,3260,3285,3235,3259,1200943,1312947,RB2410.SHF,0
2024-08-30,3252,3274,3206,3222,1270467,1204109,RB2410.SHF,0
2024-09-02,3229,3240,3160,3178,947513,1082665,RB2410.SHF,0
2024-09-03,3223,3238,3142,3149,1716879,1571584,RB2501.SHF,1
2024-09-04,3140,3159,3087,3109,2601602,1645158,RB2501.SHF,0
2024-09-05,3110,3141,3073,3083,2202508,1677290,RB2501.SHF,0
2024-09-06,3101,3124,3014,3051,2823651,1718737,RB2501.SHF,0
2024-09-09,3060,3094,2988,3078,3007110,1800082,RB2501.SHF,0
2024-09-10,3084,3116,3058,3080,2637623,1853061,RB2501.SHF,0
2024-09-11,3080,3138,3038,3137,3139653,1880988,RB2501.SHF,0
2024-09-12,3139,3194,3126,3185,2928057,1855494,RB2501.SHF,0
2024-09-13,3187,3219,3170,3190,2518063,1802789,RB2501.SHF,0
2024-09-18,3185,3231,3123,3150,2600922,1871684,RB2501.SHF,0
2024-09-19,3157,3211,3128,3206,3207683,1977224,RB2501.SHF,0
2024-09-20,3210,3237,3141,3165,3311177,1981675,RB2501.SHF,0
2024-09-23,3163,3167,3084,3087,3220101,2029260,RB2501.SHF,0
2024-09-24,3090,3220,3088,3217,4491637,1967554,RB2501.SHF,0
2024-09-25,3220,3288,3216,3225,3653042,1868854,RB2501.SHF,0
2024-09-26,3223,3297,3211,3281,3295786,1871665,RB2501.SHF,0
2024-09-27,3305,3349,3295,3341,3114689,1695940,RB2501.SHF,0
2024-09-30,3341,3551,3323,3551,2758421,1622556,RB2501.SHF,0
2024-10-08,3680,3780,3434,3486,4220545,1540193,RB2501.SHF,0
2024-10-09,3500,3545,3450,3466,3644952,1622329,RB2501.SHF,0
2024-10-10,3450,3511,3412,3442,3806663,1703228,RB2501.SHF,0
2024-10-11,3442,3484,3421,3468,3198181,1752309,RB2501.SHF,0
2024-10-14,3472,3534,3436,3502,4049131,1740933,RB2501.SHF,0
2024-10-15,3499,3512,3461,3467,3584093,1781904,RB2501.SHF,0
2024-10-16,3470,3502,3444,3447,3479402,1859839,RB2501.SHF,0
2024-10-17,3450,3486,3300,3300,4903326,1898835,RB2501.SHF,0
2024-10-18,3311,3384,3284,3336,3902945,1804647,RB2501.SHF,0
2024-10-21,3350,3376,3335,3358,2416552,1778378,RB2501.SHF,0
2024-10-22,3358,3367,3300,3349,2735345,1751263,RB2501.SHF,0
2024-10-23,3342,3362,3308,3316,2479153,1807359,RB2501.SHF,0
2024-10-24,3307,3340,3290,3330,2641100,1802226,RB2501.SHF,0
2024-10-25,3332,3389,3329,3376,2617330,1728168,RB2501.SHF,0
2024-10-28,3380,3479,3372,3451,2997381,1778152,RB2501.SHF,0
2024-10-29,3450,3460,3411,3422,1928067,1762609,RB2501.SHF,0
2024-10-30,3451,3469,3403,3442,2252191,1732080,RB2501.SHF,0
2024-10-31,3445,3451,3417,3427,2057799,1726259,RB2501.SHF,0
2024-11-01,3425,3434,3370,3393,2381801,1706790,RB2501.SHF,0
2024-11-04,3403,3483,3344,3425,3213882,1701525,RB2501.SHF,0
2024-11-05,3425,3458,3405,3433,2032842,1701597,RB2501.SHF,0
2024-11-06,3445,3446,3354,3392,3356124,1677086,RB2501.SHF,0
2024-11-07,3380,3438,3362,3436,2361478,1674191,RB2501.SHF,0
2024-11-08,3443,3465,3356,3367,3624024,1777628,RB2501.SHF,0
2024-11-11,3348,3388,3307,3331,2744850,1832002,RB2501.SHF,0
2024-11-12,3333,3353,3308,3344,2032597,1817779,RB2501.SHF,0
2024-11-13,3344,3367,3323,3337,1899234,1761405,RB2501.SHF,0
2024-11-14,3345,3350,3304,3313,1803371,1804837,RB2501.SHF,0
2024-11-15,3304,3321,3231,3232,2617529,1803336,RB2501.SHF,0
2024-11-18,3243,3295,3226,3279,2342838,1766798,RB2501.SHF,0
2024-11-19,3285,3330,3254,3322,2389998,1684167,RB2501.SHF,0
2024-11-20,3315,3328,3304,3319,1434021,1605126,RB2501.SHF,0
2024-11-21,3319,3345,3311,3332,1737723,1536631,RB2501.SHF,0
2024-11-22,3338,3343,3269,3277,1794057,1516855,RB2501.SHF,0
2024-11-25,3277,3344,3277,3297,2286942,1418516,RB2501.SHF,0
2024-11-26,3300,3329,3294,3303,1540708,1363289,RB2501.SHF,0
2024-11-27,3305,3316,3274,3309,1572858,1299346,RB2501.SHF,0
2024-11-28,3311,3319,3284,3312,1695442,1233968,RB2501.SHF,0
2024-11-29,3309,3354,3305,3318,1785535,1116449,RB2501.SHF,0
2024-12-02,3318,3349,3298,3333,1414682,1010298,RB2501.SHF,0
2024-12-03,3333,3356,3330,3352,907857,980405,RB2501.SHF,0
2024-12-04,3352,3352,3300,3339,1196526,863032,RB2501.SHF,0
2024-12-05,3333,3342,3268,3280,1044730,820430,RB2501.SHF,0
2024-12-06,3340,3350,3308,3311,1524215,1334694,RB2505.SHF,1
2024-12-09,3305,3347,3288,3330,1721667,1360587,RB2505.SHF,0
2024-12-10,3390,3457,3385,3402,3030547,1333488,RB2505.SHF,0
2024-12-11,3402,3423,3395,3413,1233061,1366184,RB2505.SHF,0
2024-12-12,3413,3436,3402,3428,1334907,1434412,RB2505.SHF,0
2024-12-13,3406,3411,3351,3360,2022355,1446384,RB2505.SHF,0
2024-12-16,3360,3379,3340,3362,1337573,1427400,RB2505.SHF,0
2024-12-17,3369,3377,3352,3364,1096666,1420263,RB2505.SHF,0
2024-12-18,3360,3364,3305,3312,1557154,1590081,RB2505.SHF,0
2024-12-19,3312,3323,3258,3287,2101553,1696609,RB2505.SHF,0
2024-12-20,3288,3293,3273,3279,1000578,1691042,RB2505.SHF,0
2024-12-23,3283,3308,3256,3290,1582804,1678153,RB2505.SHF,0
2024-12-24,3290,3316,3275,3314,1306122,1664902,RB2505.SHF,0
2024-12-25,3308,3315,3293,3300,1008991,1660415,RB2505.SHF,0
2024-12-26,3299,3329,3289,3305,1424785,1578827,RB2505.SHF,0
2024-12-27,3307,3310,3261,3268,1467866,1679845,RB2505.SHF,0
2024-12-30,3265,3320,3262,3317,1632026,1607825,RB2505.SHF,0
2024-12-31,3326,3327,3302,3309,1115370,1561545,RB2505.SHF,0
2025-01-02,3305,3335,3284,3306,1373928,1551112,RB2505.SHF,0
2025-01-03,3305,3309,3260,3272,1560003,1675464,RB2505.SHF,0
2025-01-06,3264,3287,3251,3252,1614675,1746201,RB2505.SHF,0
2025-01-07,3269,3278,3232,3239,1312041,1772105,RB2505.SHF,0
2025-01-08,3239,3250,3204,3211,1273140,1842567,RB2505.SHF,0
2025-01-09,3207,3218,3184,3205,1503533,1842442,RB2505.SHF,0
2025-01-10,3206,3216,3189,3202,1107492,1839478,RB2505.SHF,0
2025-01-13,3213,3255,3208,3249,1647938,1762313,RB2505.SHF,0
2025-01-14,3249,3293,3240,3283,1311180,1742948,RB2505.SHF,0
2025-01-15,3285,3303,3270,3290,1168495,1717577,RB2505.SHF,0
2025-01-16,3290,3332,3284,3327,1462774,1755226,RB2505.SHF,0
2025-01-17,3330,3378,3316,3372,1588746,1809583,RB2505.SHF,0
2025-01-20,3371,3391,3340,3354,1687191,1761893,RB2505.SHF,0
2025-01-21,3356,3385,3344,3354,1411296,1749180,RB2505.SHF,0
2025-01-22,3350,3354,3320,3337,1227104,1693073,RB2505.SHF,0
2025-01-23,3346,3375,3337,3352,1336839,1704493,RB2505.SHF,0
2025-01-24,3342,3383,3329,3377,1312473,1683783,RB2505.SHF,0
2025-01-27,3371,3388,3353,3382,839664,1627909,RB2505.SHF,0
2025-02-05,3395,3398,3307,3320,1169030,1711847,RB2505.SHF,0
2025-02-06,3320,3362,3317,3357,1198192,1773454,RB2505.SHF,0
2025-02-07,3355,3377,3345,3352,1254092,1828012,RB2505.SHF,0
2025-02-10,3355,3374,3312,3331,1851664,1856963,RB2505.SHF,0
2025-02-11,3339,3339,3269,3275,1803197,1947395,RB2505.SHF,0
2025-02-12,3275,3297,3261,3292,1274350,1895628,RB2505.SHF,0
2025-02-13,3292,3299,3255,3265,1297857,1889839,RB2505.SHF,0
2025-02-14,3260,3288,3252,3262,1124905,1885541,RB2505.SHF,0
2025-02-17,3259,3301,3247,3290,1400224,1902224,RB2505.SHF,0
2025-02-18,3289,3320,3276,3313,1316289,1880432,RB2505.SHF,0
2025-02-19,3318,3329,3308,3315,911004,1860033,RB2505.SHF,0
2025-02-20,3311,3364,3305,3358,1572547,1924251,RB2505.SHF,0
2025-02-21,3358,3377,3356,3361,1237733,1937279,RB2505.SHF,0
2025-02-24,3340,3355,3321,3340,1370969,1892131,RB2505.SHF,0
2025-02-25,3338,3343,3268,3273,1783574,1927913,RB2505.SHF,0
2025-02-26,3273,3346,3269,3339,2666374,1936010,RB2505.SHF,0
2025-02-27,3340,3352,3295,3329,2344249,1908752,RB2505.SHF,0
2025-02-28,3332,3337,3301,3328,1588693,1891741,RB2505.SHF,0
2025-03-03,3320,3340,3292,3296,2038460,1904595,RB2505.SHF,0
2025-03-04,3298,3309,3260,3282,1805693,1966385,RB2505.SHF,0
2025-03-05,3279,3288,3252,3259,1789010,2047118,RB2505.SHF,0
2025-03-06,3260,3299,3254,3282,1991285,2039890,RB2505.SHF,0
2025-03-07,3278,3285,3245,3252,1987064,2118487,RB2505.SHF,0
2025-03-10,3240,3266,3215,3220,2009350,2216822,RB2505.SHF,0
2025-03-11,3220,3225,3186,3209,1646378,2206072,RB2505.SHF,0
2025-03-12,3218,3230,3202,3226,1584434,2200520,RB2505.SHF,0
2025-03-13,3230,3258,3228,3256,1928609,2056013,RB2505.SHF,0
2025-03-14,3258,3274,3241,3267,1274506,1963117,RB2505.SHF,0
2025-03-17,3268,3272,3210,3217,1608112,2048429,RB2505.SHF,0
2025-03-18,3215,3217,3186,3191,1498790,2164560,RB2505.SHF,0
2025-03-19,3195,3197,3155,3162,1579305,2173949,RB2505.SHF,0
2025-03-20,3162,3176,3134,3176,1727171,2137880,RB2505.SHF,0
2025-03-21,3172,3178,3151,3156,1355881,2077123,RB2505.SHF,0
2025-03-24,3159,3210,3136,3204,1894792,1930428,RB2505.SHF,0
2025-03-25,3204,3225,3185,3220,1676454,1794958,RB2505.SHF,0
2025-03-26,3220,3229,3202,3209,1163080,1712086,RB2505.SHF,0
2025-03-27,3205,3223,3188,3208,1477756,1607725,RB2505.SHF,0
2025-03-28,3210,3210,3181,3197,1417171,1553390,RB2505.SHF,0
2025-03-31,3197,3201,3153,3159,1286485,1403648,RB2505.SHF,0
2025-04-01,3159,3188,3131,3170,1317976,1272676,RB2505.SHF,0
2025-04-02,3170,3181,3151,3166,724030,1210865,RB2505.SHF,0
2025-04-03,3175,3190,3141,3164,975196,1118015,RB2505.SHF,0
2025-04-07,3080,3108,3041,3083,1042392,939691,RB2505.SHF,0
2025-04-08,3158,3171,3093,3101,1790923,1640009,RB2510.SHF,1
2025-04-09,3102,3115,3033,3088,2234794,1687170,RB2510.SHF,0
2025-04-10,3075,3155,3066,3139,1929556,1686421,RB2510.SHF,0
2025-04-11,3145,3146,3104,3131,1505491,1665377,RB2510.SHF,0
2025-04-14,3130,3145,3118,3126,1066833,1705840,RB2510.SHF,0
2025-04-15,3127,3140,3112,3125,1128992,1708811,RB2510.SHF,0
2025-04-16,3122,3133,3088,3093,1202994,1838220,RB2510.SHF,0
2025-04-17,3096,3118,3086,3092,1414470,1859673,RB2510.SHF,0
2025-04-18,3091,3100,3073,3076,1332522,1926742,RB2510.SHF,0
2025-04-21,3080,3119,3070,3113,1277622,1953540,RB2510.SHF,0
2025-04-22,3118,3123,3065,3075,1344693,2012421,RB2510.SHF,0
2025-04-23,3080,3146,3073,3137,1965374,1968021,RB2510.SHF,0
2025-04-24,3138,3139,3095,3106,1456883,1980197,RB2510.SHF,0
2025-04-25,3114,3130,3096,3101,1679713,1986742,RB2510.SHF,0
2025-04-28,3106,3164,3102,3129,3309555,2032936,RB2510.SHF,0
2025-04-29,3129,3131,3092,3100,1627530,2017637,RB2510.SHF,0
2025-04-30,3100,3104,3085,3096,1034654,1911940,RB2510.SHF,0
2025-05-06,3120,3130,3071,3077,1325224,2004472,RB2510.SHF,0
2025-05-07,3090,3136,3080,3098,2279629,1974322,RB2510.SHF,0
2025-05-08,3101,3102,3047,3052,2053864,2234779,RB2510.SHF,0
2025-05-09,3052,3053,3016,3022,1655962,2344321,RB2510.SHF,0
2025-05-12,3023,3086,3014,3082,2373248,2180461,RB2510.SHF,0
2025-05-13,3105,3115,3066,3079,1930069,2151176,RB2510.SHF,0
2025-05-14,3084,3133,3067,3127,2134942,2111525,RB2510.SHF,0
2025-05-15,3126,3130,3111,3118,1151080,2088127,RB2510.SHF,0
2025-05-16,3119,3119,3080,3082,1485885,2073027,RB2510.SHF,0
2025-05-19,3078,3095,3061,3069,1291096,2113045,RB2510.SHF,0
2025-05-20,3065,3080,3050,3058,1285345,2160329,RB2510.SHF,0
2025-05-21,3062,3074,3053,3061,1023277,2169396,RB2510.SHF,0
2025-05-22,3062,3076,3043,3061,1461626,2174638,RB2510.SHF,0
2025-05-23,3060,3069,3044,3046,1208627,2158221,RB2510.SHF,0
2025-05-26,3040,3045,2996,3004,1829729,2349145,RB2510.SHF,0
2025-05-27,3010,3018,2964,2980,1935755,2399979,RB2510.SHF,0
2025-05-28,2981,2982,2950,2964,1333951,2441388,RB2510.SHF,0
2025-05-29,2960,2990,2954,2978,1945056,2377320,RB2510.SHF,0
2025-05-30,2978,2978,2946,2961,1549422,2296076,RB2510.SHF,0
2025-06-03,2948,2948,2912,2928,1553663,2297854,RB2510.SHF,0
2025-06-04,2930,2988,2925,2974,2066104,2280391,RB2510.SHF,0
2025-06-05,2974,2979,2935,2959,1486968,2257013,RB2510.SHF,0
2025-06-06,2969,3002,2963,2975,1845348,2216449,RB2510.SHF,0
2025-06-09,2975,2990,2962,2981,1433362,2196722,RB2510.SHF,0
2025-06-10,2983,2988,2957,2974,1456363,2165234,RB2510.SHF,0
2025-06-11,2974,3008,2974,2991,1514855,2164232,RB2510.SHF,0
2025-06-12,2994,2994,2963,2968,1312653,2220025,RB2510.SHF,0
2025-06-13,2970,2985,2940,2969,2168544,2135661,RB2510.SHF,0
2025-06-16,2961,2994,2951,2990,1537422,2164732,RB2510.SHF,0
2025-06-17,2986,2994,2972,2981,1046277,2140997,RB2510.SHF,0
2025-06-18,2979,2996,2969,2986,1326973,2133943,RB2510.SHF,0
2025-06-19,2986,3002,2975,2986,1180366,2132733,RB2510.SHF,0
2025-06-20,2990,3010,2982,2992,1414281,2164155,RB2510.SHF,0
2025-06-23,2991,3006,2983,2995,976619,2157949,RB2510.SHF,0
2025-06-24,2992,3005,2975,2977,1530297,2168877,RB2510.SHF,0
2025-06-25,2976,2980,2960,2976,1361264,2172600,RB2510.SHF,0
2025-06-26,2976,2977,2952,2973,1377892,2191778,RB2510.SHF,0
2025-06-27,2975,3005,2971,2995,1500826,2142813,RB2510.SHF,0
2025-06-30,2998,3027,2994,2997,1768212,2124170,RB2510.SHF,0
2025-07-01,2993,3004,2977,3003,1372384,2076067,RB2510.SHF,0
2025-07-02,3003,3071,3003,3065,2371284,2226379,RB2510.SHF,0
2025-07-03,3075,3086,3050,3076,1776150,2237249,RB2510.SHF,0
2025-07-04,3073,3095,3070,3072,1644200,2238587,RB2510.SHF,0
2025-07-07,3070,3085,3053,3061,1226302,2197330,RB2510.SHF,0
2025-07-08,3059,3074,3050,3063,954572,2168547,RB2510.SHF,0
2025-07-09,3061,3077,3054,3063,1026448,2174941,RB2510.SHF,0
2025-07-10,3060,3130,3060,3123,2153427,2230035,RB2510.SHF,0
2025-07-11,3116,3149,3116,3133,1654545,2200525,RB2510.SHF,0
2025-07-14,3133,3143,3122,3138,1164609,2122341,RB2510.SHF,0
2025-07-15,3131,3138,3102,3114,1439493,2153852,RB2510.SHF,0
2025-07-16,3115,3122,3094,3106,1130791,2137057,RB2510.SHF,0
2025-07-17,3105,3135,3105,3133,1501721,2126876,RB2510.SHF,0
2025-07-18,3135,3177,3135,3147,1874850,2075790,RB2510.SHF,0
2025-07-21,3159,3240,3156,3224,2696289,2095912,RB2510.SHF,0
2025-07-22,3224,3335,3215,3307,3266737,2024507,RB2510.SHF,0
2025-07-23,3320,3330,3245,3274,2847460,1922698,RB2510.SHF,0
2025-07-24,3277,3330,3249,3294,2533253,1906352,RB2510.SHF,0
2025-07-25,3318,3358,3288,3356,2878137,1998652,RB2510.SHF,0
2025-07-28,3352,3352,3230,3248,3414713,1935881,RB2510.SHF,0
2025-07-29,3259,3349,3248,3347,2711612,2175237,RB2510.SHF,0
2025-07-30,3350,3384,3291,3315,3510866,2029133,RB2510.SHF,0
2025-07-31,3301,3301,3186,3205,2730966,1816026,RB2510.SHF,0
2025-08-01,3210,3235,3192,3203,1929148,1760703,RB2510.SHF,0
2025-08-04,3206,3216,3164,3204,1634527,1742635,RB2510.SHF,0
2025-08-05,3209,3247,3188,3233,1580653,1708832,RB2510.SHF,0
2025-08-06,3233,3246,3212,3234,1202766,1652569,RB2510.SHF,0
2025-08-07,3234,3262,3214,3231,1648650,1628167,RB2510.SHF,0
2025-08-08,3235,3235,3204,3213,1040873,1612110,RB2510.SHF,0
2025-08-11,3210,3255,3191,3250,1411239,1612625,RB2510.SHF,0
2025-08-12,3250,3269,3235,3258,1141600,1605388,RB2510.SHF,0
2025-08-13,3260,3274,3221,3222,1236428,1652593,RB2510.SHF,0
2025-08-14,3206,3225,3174,3189,1283713,1636544,RB2510.SHF,0
2025-08-15,3189,3200,3167,3188,1119005,1617947,RB2510.SHF,0
2025-08-18,3190,3203,3142,3155,1316477,1609893,RB2510.SHF,0
2025-08-19,3161,3170,3122,3126,1121791,1608694,RB2510.SHF,0
2025-08-20,3130,3141,3104,3132,1317374,1523392,RB2510.SHF,0
2025-08-21,3139,3145,3115,3121,1125179,1458111,RB2510.SHF,0
2025-08-22,3108,3127,3106,3119,801286,1411603,RB2510.SHF,0
2025-08-25,3121,3165,3121,3138,1200313,1347830,RB2510.SHF,0
2025-08-26,3142,3143,3111,3113,770094,1308206,RB2510.SHF,0
2025-08-27,3110,3128,3097,3111,1006734,1234764,RB2510.SHF,0
2025-08-28,3100,3136,3098,3129,947402,1148167,RB2510.SHF,0
2025-08-29,3132,3134,3083,3090,808672,1055710,RB2510.SHF,0
2025-09-01,3150,3161,3094,3115,1342816,1633714,RB2601.SHF,1
2025-09-02,3115,3135,3101,3117,869767,1675244,RB2601.SHF,0
2025-09-03,3120,3146,3099,3106,1169148,1754813,RB2601.SHF,0
2025-09-04,3107,3132,3088,3117,1231326,1736432,RB2601.SHF,0
2025-09-05,3117,3153,3100,3143,1385167,1737894,RB2601.SHF,0
2025-09-08,3146,3151,3106,3132,1257953,1798654,RB2601.SHF,0
2025-09-09,3138,3152,3115,3123,1329359,1778829,RB2601.SHF,0
2025-09-10,3115,3126,3092,3109,1264549,1867674,RB2601.SHF,0
2025-09-11,3110,3119,3082,3092,1542810,2000701,RB2601.SHF,0
2025-09-12,3092,3137,3075,3127,2108701,1912184,RB2601.SHF,0
2025-09-15,3127,3144,3110,3136,1471013,1978070,RB2601.SHF,0
2025-09-16,3150,3180,3144,3166,1965356,1956248,RB2601.SHF,0
2025-09-17,3168,3170,3141,3168,1242094,1963371,RB2601.SHF,0
2025-09-18,3166,3176,3123,3147,1727718,1999684,RB2601.SHF,0
2025-09-19,3144,3175,3141,3172,1250591,1970510,RB2601.SHF,0
2025-09-22,3172,3202,3171,3185,1652529,1861142,RB2601.SHF,0
2025-09-23,3182,3182,3146,3155,1290376,1881412,RB2601.SHF,0
2025-09-24,3156,3179,3140,3164,1205152,1882224,RB2601.SHF,0
2025-09-25,3168,3175,3152,3167,883015,1870449,RB2601.SHF,0
2025-09-26,3165,3171,3113,3114,1388756,1976545,RB2601.SHF,0
2025-09-29,3115,3117,3097,3097,1145688,1926639,RB2601.SHF,0
2025-09-30,3106,3111,3068,3072,959828,1873832,RB2601.SHF,0
2025-10-09,3088,3100,3073,3096,823683,1908129,RB2601.SHF,0
2025-10-10,3110,3124,3093,3103,1039362,1926153,RB2601.SHF,0
2025-10-13,3107,3114,3066,3083,1231858,1952748,RB2601.SHF,0
2025-10-14,3090,3093,3039,3061,1158107,1991462,RB2601.SHF,0
2025-10-15,3061,3063,3027,3034,1018136,2051545,RB2601.SHF,0
2025-10-16,3036,3054,3021,3049,1036367,2039387,RB2601.SHF,0
2025-10-17,3053,3061,3032,3037,854671,2004317,RB2601.SHF,0
2025-10-20,3040,3076,3040,3045,1232540,2005926,RB2601.SHF,0
2025-10-21,3045,3065,3036,3047,894573,1995833,RB2601.SHF,0
2025-10-22,3048,3068,3045,3068,822987,1977511,RB2601.SHF,0
2025-10-23,3072,3083,3059,3071,930140,1969325,RB2601.SHF,0
2025-10-24,3072,3076,3038,3046,1081693,2050545,RB2601.SHF,0
2025-10-27,3050,3100,3048,3100,1696201,1953001,RB2601.SHF,0
2025-10-28,3100,3119,3087,3091,1333406,1930357,RB2601.SHF,0
2025-10-29,3094,3135,3092,3133,1239602,1894007,RB2601.SHF,0
2025-10-30,3137,3143,3096,3106,1440978,1894916,RB2601.SHF,0
2025-10-31,3106,3126,3097,3106,985855,1879450,RB2601.SHF,0
2025-11-03,3105,3108,3076,3079,1150576,1919017,RB2601.SHF,0
2025-11-04,3083,3084,3040,3044,1016465,1966544,RB2601.SHF,0
2025-11-05,3046,3046,3009,3024,1149565,2031781,RB2601.SHF,0
2025-11-06,3026,3042,3017,3037,884740,2020353,RB2601.SHF,0
2025-11-07,3038,3045,3025,3034,800946,1960886,RB2601.SHF,0
2025-11-10,3037,3050,3022,3044,1049513,1923733,RB2601.SHF,0
2025-11-11,3040,3046,3020,3025,753110,1923701,RB2601.SHF,0
2025-11-12,3025,3049,3022,3038,775671,1868036,RB2601.SHF,0
2025-11-13,3040,3054,3026,3046,885545,1857343,RB2601.SHF,0
2025-11-14,3048,3057,3034,3053,769087,1837133,RB2601.SHF,0
2025-11-17,3047,3104,3040,3097,1329238,1729748,RB2601.SHF,0
2025-11-18,3100,3100,3075,3090,801889,1655469,RB2601.SHF,0
2025-11-19,3084,3096,3065,3070,912064,1631133,RB2601.SHF,0
2025-11-20,3065,3075,3040,3050,1151053,1573323,RB2601.SHF,0
2025-11-21,3057,3072,3050,3057,778562,1513411,RB2601.SHF,0
2025-11-24,3057,3117,3050,3089,1264959,1432705,RB2601.SHF,0
2025-11-25,3089,3113,3086,3106,929789,1301038,RB2601.SHF,0
2025-11-26,3106,3107,3085,3099,753169,1200700,RB2601.SHF,0
2025-11-27,3099,3099,3077,3093,753252,1069617,RB2601.SHF,0
2025-11-28,3093,3113,3084,3110,680875,972278,RB2601.SHF,0
2025-12-01,3111,3142,3100,3134,802417,882576,RB2601.SHF,0
2025-12-02,3133,3146,3127,3133,504172,780154,RB2601.SHF,0
2025-12-03,3167,3174,3154,3169,750667,1297106,RB2605.SHF,1
2025-12-04,3171,3175,3150,3175,873461,1411905,RB2605.SHF,0
2025-12-05,3178,3181,3155,3157,680567,1474541,RB2605.SHF,0
2025-12-08,3157,3157,3110,3123,1256787,1477577,RB2605.SHF,0
2025-12-09,3117,3124,3066,3079,1324333,1593747,RB2605.SHF,0
2025-12-10,3082,3140,3077,3117,1519252,1514218,RB2605.SHF,0
2025-12-11,3117,3118,3061,3069,1360006,1602075,RB2605.SHF,0
2025-12-12,3077,3082,3057,3060,974336,1607057,RB2605.SHF,0
2025-12-15,3040,3086,3031,3074,1232643,1627666,RB2605.SHF,0
2025-12-16,3075,3095,3065,3081,778715,1615142,RB2605.SHF,0
2025-12-17,3081,3093,3071,3084,593611,1604729,RB2605.SHF,0
2025-12-18,3083,3134,3081,3125,1215549,1575943,RB2605.SHF,0
2025-12-19,3125,3125,3103,3119,686113,1568866,RB2605.SHF,0
2025-12-22,3119,3138,3104,3126,842412,1591974,RB2605.SHF,0
2025-12-23,3128,3149,3118,3128,849315,1580041,RB2605.SHF,0
2025-12-24,3130,3144,3111,3136,837866,1597429,RB2605.SHF,0
2025-12-25,3141,3144,3123,3127,502388,1581839,RB2605.SHF,0
2025-12-26,3132,3132,3090,3118,1132633,1534424,RB2605.SHF,0
2025-12-29,3118,3150,3116,3130,1051146,1530792,RB2605.SHF,0
2025-12-30,3130,3148,3128,3134,635547,1560806,RB2605.SHF,0
2025-12-31,3138,3142,3114,3122,651840,1505284,RB2605.SHF,0
2026-01-05,3135,3135,3097,3104,697016,1548351,RB2605.SHF,0
2026-01-06,3103,3119,3085,3111,841618,1562948,RB2605.SHF,0
2026-01-07,3113,3192,3110,3187,1937222,1741383,RB2605.SHF,0
2026-01-08,3180,3198,3156,3168,1350602,1781802,RB2605.SHF,0
2026-01-09,3173,3174,3128,3144,1169507,1714863,RB2605.SHF,0
2026-01-12,3145,3174,3141,3165,957432,1726703,RB2605.SHF,0
2026-01-13,3169,3173,3150,3158,837879,1687943,RB2605.SHF,0
2026-01-14,3158,3175,3152,3162,764719,1691461,RB2605.SHF,0
2026-01-15,3161,3172,3149,3160,754088,1685122,RB2605.SHF,0
2026-01-16,3165,3194,3156,3163,1365347,1755339,RB2605.SHF,0
2026-01-19,3163,3171,3134,3140,1056242,1727955,RB2605.SHF,0
2026-01-20,3140,3147,3110,3111,936583,1741235,RB2605.SHF,0
2026-01-21,3111,3122,3104,3117,633661,1742258,RB2605.SHF,0
2026-01-22,3116,3135,3112,3124,615894,1747274,RB2605.SHF,0
2026-01-23,3120,3147,3119,3142,657796,1741762,RB2605.SHF,0
2026-01-26,3148,3160,3140,3143,809245,1730856,RB2605.SHF,0
2026-01-27,3143,3145,3121,3126,673796,1714659,RB2605.SHF,0
2026-01-28,3126,3131,3115,3123,607256,1744406,RB2605.SHF,0
2026-01-29,3123,3159,3120,3157,1026450,1785380,RB2605.SHF,0
2026-01-30,3157,3174,3124,3128,1218321,1734110,RB2605.SHF,0
2026-02-02,3128,3139,3093,3098,1134404,1784097,RB2605.SHF,0
2026-02-03,3112,3118,3095,3099,685806,1805126,RB2605.SHF,0
2026-02-04,3105,3119,3100,3110,614090,1798227,RB2605.SHF,0
2026-02-05,3111,3113,3086,3101,681405,1847671,RB2605.SHF,0
2026-02-06,3105,3111,3074,3077,723307,1915253,RB2605.SHF,0
2026-02-09,3079,3083,3060,3064,665539,2005501,RB2605.SHF,0
2026-02-10,3071,3072,3047,3052,528327,2065537,RB2605.SHF,0
2026-02-11,3053,3068,3043,3054,557284,2063660,RB2605.SHF,0
2026-02-12,3058,3060,3041,3050,444164,2029537,RB2605.SHF,0
2026-02-13,3051,3066,3042,3055,555957,1942442,RB2605.SHF,0
2026-02-24,3055,3060,3005,3027,746349,2034509,RB2605.SHF,0
2026-02-25,3029,3084,3024,3076,1150036,1988709,RB2605.SHF,0
2026-02-26,3076,3083,3050,3063,692924,1952420,RB2605.SHF,0
2026-02-27,3063,3070,3047,3067,595003,1948194,RB2605.SHF,0
2026-03-02,3075,3098,3050,3067,1029503,1903813,RB2605.SHF,0
2026-03-03,3070,3078,3057,3074,788272,1881888,RB2605.SHF,0
2026-03-04,3074,3085,3061,3071,710699,1839511,RB2605.SHF,0
2026-03-05,3071,3093,3068,3075,806140,1837275,RB2605.SHF,0
2026-03-06,3075,3092,3064,3088,704303,1798732,RB2605.SHF,0
2026-03-09,3092,3142,3091,3119,1576431,1740832,RB2605.SHF,0
2026-03-10,3119,3121,3091,3104,795516,1731363,RB2605.SHF,0
2026-03-11,3106,3117,3096,3115,534162,1722422,RB2605.SHF,0
2026-03-12,3115,3136,3112,3120,765830,1676246,RB2605.SHF,0
2026-03-13,3142,3150,3134,3142,919808,1626779,RB2605.SHF,0
2026-03-16,3130,3146,3121,3140,735893,1574064,RB2605.SHF,0
2026-03-17,3140,3150,3134,3148,592481,1549534,RB2605.SHF,0
2026-03-18,3148,3167,3135,3140,860500,1514911,RB2605.SHF,0
2026-03-19,3140,3145,3122,3135,648797,1449246,RB2605.SHF,0
2026-03-20,3130,3136,3113,3123,724139,1387220,RB2605.SHF,0
2026-03-23,3120,3165,3111,3154,1011355,1351388,RB2605.SHF,0
2026-03-24,3145,3155,3135,3145,618964,1263489,RB2605.SHF,0
2026-03-25,3147,3155,3126,3132,593608,1207317,RB2605.SHF,0
2026-03-26,3131,3138,3125,3128,406440,1167209,RB2605.SHF,0
2026-03-27,3135,3136,3112,3124,517368,1076159,RB2605.SHF,0
2026-03-30,3124,3151,3121,3139,616755,976441,RB2605.SHF,0
2026-03-31,3145,3145,3116,3121,477403,901052,RB2605.SHF,0
2026-04-01,3121,3141,3116,3120,426930,870166,RB2605.SHF,0
2026-04-02,3127,3127,3086,3106,631229,821053,RB2605.SHF,0
2026-04-03,3120,3123,3091,3097,336335,761769,RB2605.SHF,0
2026-04-07,3098,3108,3087,3091,214689,727786,RB2605.SHF,0
2026-04-08,3120,3120,3097,3114,486843,1221262,RB2610.SHF,1
2026-04-09,3119,3119,3093,3096,425537,1324703,RB2610.SHF,0
2026-04-10,3101,3105,3083,3099,488279,1389937,RB2610.SHF,0
2026-04-13,3096,3109,3088,3100,439355,1442559,RB2610.SHF,0
2026-04-14,3105,3105,3088,3094,404178,1497766,RB2610.SHF,0
2026-04-15,3094,3105,3093,3103,355919,1516241,RB2610.SHF,0
2026-04-16,3103,3136,3103,3133,698682,1483685,RB2610.SHF,0
2026-04-17,3137,3139,3128,3133,481135,1437049,RB2610.SHF,0
2026-04-20,3133,3178,3124,3172,1001836,1558248,RB2610.SHF,0
2026-04-21,3172,3184,3169,3176,715710,1627367,RB2610.SHF,0
2026-04-22,3171,3188,3165,3186,643975,1663643,RB2610.SHF,0
2026-04-23,3189,3203,3176,3181,781128,1710033,RB2610.SHF,0
2026-04-24,3181,3196,3179,3191,525851,1759257,RB2610.SHF,0
2026-04-27,3191,3214,3185,3190,732162,1790156,RB2610.SHF,0
2026-04-28,3191,3195,3162,3176,667771,1749901,RB2610.SHF,0
2026-04-29,3176,3198,3166,3195,583210,1802387,RB2610.SHF,0
2026-04-30,3195,3220,3191,3214,658964,1885016,RB2610.SHF,0
