trade_date,open,high,low,close,vol,oi,contract_ts_code,roll_flag
2019-01-02,380.8,383.0,369.4,370.9,155324,47524,SC1903.INE,0
2019-01-03,370.9,397.3,370.2,385.4,612956,44910,SC1903.INE,0
2019-01-04,391.4,401.8,386.2,398.0,661536,46186,SC1903.INE,0
2019-01-07,401.9,411.5,398.9,407.5,703896,46310,SC1903.INE,0
2019-01-08,409.1,415.5,402.7,405.5,600078,46406,SC1903.INE,0
2019-01-09,409.0,419.8,407.3,416.3,557344,45180,SC1903.INE,0
2019-01-10,419.5,428.9,416.5,421.5,636884,43364,SC1903.INE,0
2019-01-11,424.0,427.5,419.7,426.9,508960,48972,SC1903.INE,0
2019-01-14,426.5,426.5,412.5,414.8,606728,49450,SC1903.INE,0
2019-01-15,416.1,420.2,413.1,416.3,506802,52220,SC1903.INE,0
2019-01-16,417.1,423.5,414.5,422.9,468574,51958,SC1903.INE,0
2019-01-17,420.0,425.8,418.0,425.2,548660,48976,SC1903.INE,0
2019-01-18,419.2,433.3,418.2,432.0,516038,48930,SC1903.INE,0
2019-01-21,431.0,441.5,429.4,438.8,545476,50558,SC1903.INE,0
2019-01-22,438.2,442.2,432.2,434.5,357922,49238,SC1903.INE,0
2019-01-23,430.9,433.2,423.9,432.4,456382,48142,SC1903.INE,0
2019-01-24,434.6,435.7,421.5,425.7,531904,48488,SC1903.INE,0
2019-01-25,424.0,433.0,423.2,430.8,497512,48172,SC1903.INE,0
2019-01-28,426.5,430.7,421.9,422.0,401152,50116,SC1903.INE,0
2019-01-29,421.6,423.4,413.0,418.5,373126,48580,SC1903.INE,0
2019-01-30,420.5,429.2,419.5,425.1,368132,44332,SC1903.INE,0
2019-01-31,429.4,434.0,427.2,431.6,318880,42048,SC1903.INE,0
2019-02-01,430.0,437.6,422.7,423.2,312950,34014,SC1903.INE,0
2019-02-11,424.9,430.8,423.0,429.6,72378,32460,SC1903.INE,0
2019-02-12,431.0,434.5,424.2,427.4,237138,31828,SC1903.INE,0
2019-02-13,432.4,438.4,429.1,432.5,314590,33180,SC1903.INE,0
2019-02-14,432.0,442.8,430.1,441.8,286410,34344,SC1903.INE,0
2019-02-15,441.8,447.6,434.5,444.3,289782,29098,SC1903.INE,0
2019-02-18,454.0,467.9,450.9,461.1,181348,41730,SC1904.INE,1
2019-02-19,460.0,462.0,456.0,461.2,173320,46850,SC1904.INE,0
2019-02-20,460.9,460.9,453.7,456.4,250302,45150,SC1904.INE,0
2019-02-21,453.6,462.6,450.5,457.3,291430,47000,SC1904.INE,0
2019-02-22,456.8,457.5,452.4,456.8,239458,47084,SC1904.INE,0
2019-02-25,459.6,460.7,446.2,449.0,276492,47640,SC1904.INE,0
2019-02-26,441.3,441.9,427.5,433.1,328414,46346,SC1904.INE,0
2019-02-27,437.0,440.5,433.0,438.3,254924,42476,SC1904.INE,0
2019-02-28,443.1,445.0,438.2,439.7,262114,43972,SC1904.INE,0
2019-03-01,440.4,450.2,439.8,449.3,246056,42116,SC1904.INE,0
2019-03-04,445.0,447.2,431.6,436.1,336684,43662,SC1904.INE,0
2019-03-05,438.0,443.6,433.2,434.5,251926,45128,SC1904.INE,0
2019-03-06,438.0,440.0,426.1,438.6,327370,40326,SC1904.INE,0
2019-03-07,438.2,445.7,434.9,440.0,349816,38266,SC1904.INE,0
2019-03-08,444.8,445.5,436.5,437.0,278732,36664,SC1904.INE,0
2019-03-11,431.0,440.9,426.5,439.7,286090,35130,SC1904.INE,0
2019-03-12,440.0,448.5,439.7,444.2,287550,36480,SC1904.INE,0
2019-03-13,447.5,448.0,440.8,445.5,240012,32498,SC1904.INE,0
2019-03-14,446.4,453.9,446.3,452.7,258524,32812,SC1904.INE,0
2019-03-15,453.1,457.4,448.1,455.0,257276,26774,SC1904.INE,0
2019-03-18,450.0,453.9,443.4,451.2,67612,34596,SC1905.INE,1
2019-03-19,453.0,458.7,451.6,457.3,139738,41768,SC1905.INE,0
2019-03-20,459.0,459.8,452.3,457.5,224314,42176,SC1905.INE,0
2019-03-21,453.8,464.9,453.2,463.9,309556,48976,SC1905.INE,0
2019-03-22,462.6,463.4,457.0,460.9,255788,44852,SC1905.INE,0
2019-03-25,456.8,457.2,448.6,450.2,295100,40322,SC1905.INE,0
2019-03-26,452.2,456.6,450.4,454.8,239912,37118,SC1905.INE,0
2019-03-27,458.3,460.8,456.6,458.8,214722,38798,SC1905.INE,0
2019-03-28,459.0,461.2,453.1,453.2,290626,40172,SC1905.INE,0
2019-03-29,450.0,459.6,446.9,457.9,299682,36078,SC1905.INE,0
2019-04-01,462.0,463.6,455.8,461.1,245490,33716,SC1905.INE,0
2019-04-02,463.5,473.0,460.7,470.2,315862,39900,SC1905.INE,0
2019-04-03,467.9,475.5,467.9,472.4,259958,42392,SC1905.INE,0
2019-04-04,471.5,472.5,467.0,469.0,288444,39220,SC1905.INE,0
2019-04-08,477.1,479.4,476.1,476.1,89040,39960,SC1905.INE,0
2019-04-09,475.0,481.9,475.0,478.2,277158,39856,SC1905.INE,0
2019-04-10,477.0,479.1,472.8,475.7,268000,37900,SC1905.INE,0
2019-04-11,476.0,482.8,475.6,480.1,254698,37354,SC1905.INE,0
2019-04-12,479.0,479.7,472.4,475.2,237404,32954,SC1905.INE,0
2019-04-15,479.4,480.2,467.5,471.8,240048,30204,SC1905.INE,0
2019-04-16,469.8,472.2,464.7,465.6,247434,26174,SC1905.INE,0
2019-04-17,471.3,477.5,469.1,476.3,58462,36372,SC1906.INE,1
2019-04-18,476.1,476.1,471.6,472.6,172316,43902,SC1906.INE,0
2019-04-19,476.0,476.9,473.4,475.9,187136,47534,SC1906.INE,0
2019-04-22,475.9,495.2,475.1,490.2,223512,50252,SC1906.INE,0
2019-04-23,490.5,499.3,488.6,498.3,261146,52238,SC1906.INE,0
2019-04-24,495.4,500.3,495.2,497.0,249936,51580,SC1906.INE,0
2019-04-25,500.0,506.9,498.0,505.9,309824,51094,SC1906.INE,0
2019-04-26,507.0,508.3,497.3,498.0,240910,47170,SC1906.INE,0
2019-04-29,492.3,495.4,481.2,482.8,408794,40358,SC1906.INE,0
2019-04-30,485.3,489.1,483.1,487.6,244428,36922,SC1906.INE,0
2019-05-06,471.9,474.8,465.3,472.0,100108,34552,SC1906.INE,0
2019-05-07,478.8,486.5,476.7,485.2,263596,34914,SC1906.INE,0
2019-05-08,480.8,482.8,475.1,482.3,312368,33732,SC1906.INE,0
2019-05-09,480.7,486.6,476.8,481.7,324868,33014,SC1906.INE,0
2019-05-10,483.6,491.8,481.1,487.7,333746,31760,SC1906.INE,0
2019-05-13,487.8,497.4,486.5,496.8,260830,33738,SC1906.INE,0
2019-05-14,500.9,511.4,491.0,496.3,380802,32438,SC1906.INE,0
2019-05-15,500.8,503.4,498.2,500.9,249164,33672,SC1906.INE,0
2019-05-16,499.9,510.0,499.1,506.5,266284,31598,SC1906.INE,0
2019-05-17,510.4,515.0,507.2,512.0,258828,27884,SC1906.INE,0
2019-05-20,513.8,521.5,508.6,520.5,222208,24694,SC1906.INE,0
2019-05-21,512.7,514.3,504.8,508.9,213274,35278,SC1907.INE,1
2019-05-22,509.0,509.9,501.8,504.7,224690,38154,SC1907.INE,0
2019-05-23,502.4,506.3,491.8,493.0,261802,38786,SC1907.INE,0
2019-05-24,484.5,485.0,463.6,472.5,414570,35930,SC1907.INE,0
2019-05-27,474.0,477.9,464.9,469.7,330574,32662,SC1907.INE,0
2019-05-28,472.3,481.1,469.5,476.9,235302,32918,SC1907.INE,0
2019-05-29,477.0,479.4,473.0,473.8,264712,33670,SC1907.INE,0
2019-05-30,465.2,477.0,460.7,476.1,326984,32384,SC1907.INE,0
2019-05-31,472.6,474.2,447.4,447.7,379962,33298,SC1907.INE,0
2019-06-03,443.9,445.8,429.6,429.6,309890,32942,SC1907.INE,0
2019-06-04,438.0,439.0,418.4,422.5,351034,34888,SC1907.INE,0
2019-06-05,421.0,430.4,419.3,425.0,373720,35354,SC1907.INE,0
2019-06-06,423.8,426.4,409.7,416.2,426258,33388,SC1907.INE,0
2019-06-10,434.7,437.5,430.3,434.8,88062,32728,SC1907.INE,0
2019-06-11,433.9,436.6,425.5,431.0,355748,32934,SC1907.INE,0
2019-06-12,432.0,433.8,419.1,423.0,309622,32692,SC1907.INE,0
2019-06-13,419.0,435.9,413.1,427.7,412346,31752,SC1907.INE,0
2019-06-14,431.8,433.9,420.5,425.7,342788,29220,SC1907.INE,0
2019-06-17,426.2,431.7,424.3,426.0,263798,23762,SC1907.INE,0
2019-06-18,424.4,426.4,412.3,413.5,225018,47994,SC1908.INE,1
2019-06-19,416.5,432.1,416.4,424.8,396952,47896,SC1908.INE,0
2019-06-20,422.1,436.5,418.0,433.0,472352,50544,SC1908.INE,0
2019-06-21,433.5,445.0,432.3,439.5,444474,46746,SC1908.INE,0
2019-06-24,443.1,448.8,440.9,447.6,325584,46530,SC1908.INE,0
2019-06-25,446.4,447.3,436.6,440.0,370744,42486,SC1908.INE,0
2019-06-26,441.4,451.5,440.7,450.1,352010,40604,SC1908.INE,0
2019-06-27,449.0,455.3,446.4,447.9,364606,38740,SC1908.INE,0
2019-06-28,448.8,452.0,443.1,443.5,278966,36602,SC1908.INE,0
2019-07-01,446.8,453.4,438.0,451.6,307400,35960,SC1908.INE,0
2019-07-02,451.9,452.4,434.2,444.2,369098,35584,SC1908.INE,0
2019-07-03,438.0,442.9,423.6,427.7,428314,37454,SC1908.INE,0
2019-07-04,429.5,437.4,427.0,430.4,369456,32044,SC1908.INE,0
2019-07-05,433.4,434.3,428.6,432.1,200982,30448,SC1908.INE,0
2019-07-08,429.7,442.4,429.7,441.7,297186,31084,SC1908.INE,0
2019-07-09,441.0,449.6,438.8,441.3,295342,30482,SC1908.INE,0
2019-07-10,445.8,445.8,437.2,443.8,246040,30156,SC1908.INE,0
2019-07-11,447.9,462.2,447.2,461.6,320884,33338,SC1908.INE,0
2019-07-12,459.8,462.0,454.1,458.2,246716,31092,SC1908.INE,0
2019-07-15,455.7,457.6,451.0,454.5,215574,29374,SC1908.INE,0
2019-07-16,457.1,461.5,451.6,454.9,35362,33636,SC1909.INE,1
2019-07-17,457.5,458.8,436.5,441.5,57030,37294,SC1909.INE,0
2019-07-18,444.8,446.4,435.0,437.0,89708,41650,SC1909.INE,0
2019-07-19,437.8,438.4,420.2,431.4,289852,50872,SC1909.INE,0
2019-07-22,429.7,436.8,424.3,434.7,289556,49196,SC1909.INE,0
2019-07-23,434.0,437.9,430.6,436.8,219738,50154,SC1909.INE,0
2019-07-24,433.8,442.9,432.1,440.5,229532,44556,SC1909.INE,0
2019-07-25,441.4,446.7,433.1,440.6,304744,42984,SC1909.INE,0
2019-07-26,444.5,445.3,438.8,444.2,221622,38304,SC1909.INE,0
2019-07-29,445.3,445.3,438.2,439.2,215918,37360,SC1909.INE,0
2019-07-30,441.0,445.0,436.2,444.1,226612,35642,SC1909.INE,0
2019-07-31,443.7,449.7,440.3,446.4,203216,31578,SC1909.INE,0
2019-08-01,447.7,448.7,438.1,442.9,243008,30250,SC1909.INE,0
2019-08-02,440.9,442.8,416.4,428.4,329664,32756,SC1909.INE,0
2019-08-05,430.4,437.8,429.0,433.0,294686,31020,SC1909.INE,0
2019-08-06,432.3,433.2,399.6,430.5,261790,30482,SC1909.INE,0
2019-08-07,427.3,428.4,417.4,419.1,216468,33308,SC1909.INE,0
2019-08-08,412.2,415.0,401.5,413.5,390538,31434,SC1909.INE,0
2019-08-09,410.7,413.0,405.9,412.2,217562,31490,SC1909.INE,0
2019-08-12,415.6,423.3,413.7,417.9,235946,28580,SC1909.INE,0
2019-08-13,419.5,422.7,416.8,418.0,183256,28450,SC1909.INE,0
2019-08-14,418.5,435.0,417.7,431.6,283820,25664,SC1909.INE,0
2019-08-15,422.8,425.5,414.0,420.0,45524,31426,SC1910.INE,1
2019-08-16,417.5,418.7,410.8,418.0,57640,32090,SC1910.INE,0
2019-08-19,416.4,425.7,414.1,424.8,76632,35164,SC1910.INE,0
2019-08-20,424.2,427.9,422.9,427.0,167724,40672,SC1910.INE,0
2019-08-21,426.0,428.1,418.1,426.4,253880,38510,SC1910.INE,0
2019-08-22,428.6,433.0,423.1,425.7,252010,37792,SC1910.INE,0
2019-08-23,430.0,430.2,421.3,427.1,230598,38052,SC1910.INE,0
2019-08-26,415.7,424.8,415.6,422.1,320820,35384,SC1910.INE,0
2019-08-27,427.8,429.4,419.2,421.8,222324,32202,SC1910.INE,0
2019-08-28,423.1,430.0,417.9,427.3,218430,30512,SC1910.INE,0
2019-08-29,429.0,435.9,427.8,430.4,258770,26992,SC1910.INE,0
2019-08-30,431.8,442.2,428.9,439.5,263684,29152,SC1910.INE,0
2019-09-02,440.3,441.9,429.2,431.5,251734,25884,SC1910.INE,0
2019-09-03,431.5,433.8,425.2,429.6,168258,25176,SC1910.INE,0
2019-09-04,423.5,429.9,420.3,429.9,204192,25286,SC1910.INE,0
2019-09-05,435.1,444.9,433.1,439.0,224896,22252,SC1910.INE,0
2019-09-06,444.0,451.5,441.1,443.3,237732,19978,SC1910.INE,0
2019-09-09,432.2,445.4,430.2,445.0,42394,23344,SC1911.INE,1
2019-09-10,443.6,451.0,442.2,447.2,108484,30600,SC1911.INE,0
2019-09-11,448.9,454.9,445.9,448.9,230900,33400,SC1911.INE,0
2019-09-12,449.4,451.7,433.6,436.5,293978,34164,SC1911.INE,0
2019-09-16,477.5,477.5,468.4,470.3,107460,37252,SC1911.INE,0
2019-09-17,478.0,496.0,471.6,489.9,406772,37906,SC1911.INE,0
2019-09-18,489.3,489.8,465.0,470.6,487338,40006,SC1911.INE,0
2019-09-19,464.2,468.0,457.4,458.4,297932,41740,SC1911.INE,0
2019-09-20,465.9,467.1,461.0,463.9,235612,40156,SC1911.INE,0
2019-09-23,464.6,470.3,463.0,466.5,242532,37938,SC1911.INE,0
2019-09-24,463.2,467.1,461.2,462.0,205690,37060,SC1911.INE,0
2019-09-25,460.8,463.3,452.0,452.6,231796,33806,SC1911.INE,0
2019-09-26,450.0,453.5,445.3,450.5,242942,31920,SC1911.INE,0
2019-09-27,448.6,453.5,445.1,448.5,203472,29108,SC1911.INE,0
2019-09-30,444.0,452.2,442.7,447.0,197200,23548,SC1911.INE,0
2019-10-08,432.3,441.8,431.5,440.0,44698,26974,SC1911.INE,0
2019-10-09,434.3,469.3,434.2,449.3,254332,25848,SC1911.INE,0
2019-10-10,451.9,457.1,447.9,450.4,211586,26134,SC1911.INE,0
2019-10-11,446.9,463.0,444.5,460.2,44976,31124,SC1912.INE,1
2019-10-14,459.0,469.4,458.4,466.7,59478,35342,SC1912.INE,0
2019-10-15,463.0,464.6,455.4,455.9,54826,35558,SC1912.INE,0
2019-10-16,457.6,459.4,451.5,453.1,59936,35786,SC1912.INE,0
2019-10-17,452.0,453.4,443.0,444.1,74740,37684,SC1912.INE,0
2019-10-18,445.0,447.3,442.3,447.3,80344,38636,SC1912.INE,0
2019-10-21,450.0,450.8,441.0,446.1,136906,42046,SC1912.INE,0
2019-10-22,445.0,445.5,440.3,442.3,139372,40604,SC1912.INE,0
2019-10-23,445.7,447.3,442.4,443.6,168554,41860,SC1912.INE,0
2019-10-24,440.1,450.1,439.0,448.4,189560,41548,SC1912.INE,0
2019-10-25,452.0,455.4,450.0,451.7,152940,35690,SC1912.INE,0
2019-10-28,449.2,457.3,449.1,456.3,147522,36304,SC1912.INE,0
2019-10-29,457.2,460.5,453.3,454.9,138400,32784,SC1912.INE,0
2019-10-30,451.6,458.3,450.8,452.6,136244,31892,SC1912.INE,0
2019-10-31,453.2,456.0,448.1,449.3,170804,31168,SC1912.INE,0
2019-11-01,447.1,448.3,442.0,443.6,135110,30498,SC1912.INE,0
2019-11-04,447.0,454.5,445.7,450.2,145370,28114,SC1912.INE,0
2019-11-05,456.2,460.9,453.4,458.7,151540,28532,SC1912.INE,0
2019-11-06,461.4,462.7,457.5,458.0,117880,28862,SC1912.INE,0
2019-11-07,458.4,463.4,452.9,453.8,186856,28510,SC1912.INE,0
2019-11-08,457.8,459.1,450.9,451.6,156504,27502,SC1912.INE,0
2019-11-11,450.0,457.9,445.4,452.3,178388,25400,SC1912.INE,0
2019-11-12,452.2,459.4,451.3,457.2,150168,26598,SC1912.INE,0
2019-11-13,457.3,459.2,449.1,450.1,160808,26372,SC1912.INE,0
2019-11-14,450.3,458.6,448.1,455.6,159752,24630,SC1912.INE,0
2019-11-15,457.2,457.5,450.5,450.6,35300,27950,SC2001.INE,1
2019-11-18,448.7,456.5,446.5,455.8,57964,29184,SC2001.INE,0
2019-11-19,455.8,455.8,450.1,453.1,113590,31192,SC2001.INE,0
2019-11-20,450.8,451.4,441.8,443.3,165824,35698,SC2001.INE,0
2019-11-21,446.2,453.0,444.7,452.4,180326,31362,SC2001.INE,0
2019-11-22,453.2,460.0,453.2,458.9,172658,34364,SC2001.INE,0
2019-11-25,460.6,464.9,457.5,463.3,184198,34596,SC2001.INE,0
2019-11-26,461.9,463.2,458.4,460.2,169044,32208,SC2001.INE,0
2019-11-27,462.2,465.8,459.5,463.3,153682,31740,SC2001.INE,0
2019-11-28,464.4,465.3,459.7,461.8,152480,32002,SC2001.INE,0
2019-11-29,462.2,464.0,460.5,463.5,103688,31870,SC2001.INE,0
2019-12-02,462.8,463.4,450.7,451.5,215772,28580,SC2001.INE,0
2019-12-03,453.9,455.0,449.8,450.5,168514,27036,SC2001.INE,0
2019-12-04,447.2,452.0,445.4,448.7,173306,27042,SC2001.INE,0
2019-12-05,452.4,459.2,450.4,455.7,191952,23168,SC2001.INE,0
2019-12-06,458.6,461.0,455.0,458.0,165356,21408,SC2001.INE,0
2019-12-09,457.9,469.5,455.1,467.9,200508,19802,SC2001.INE,0
2019-12-10,463.1,468.7,461.5,466.7,107824,33428,SC2002.INE,1
2019-12-11,465.0,468.5,464.6,465.4,138786,34704,SC2002.INE,0
2019-12-12,466.0,468.1,460.6,466.4,180602,36176,SC2002.INE,0
2019-12-13,467.1,470.7,464.8,466.2,188018,35280,SC2002.INE,0
2019-12-16,467.8,473.9,467.2,470.9,225240,38692,SC2002.INE,0
2019-12-17,472.3,474.2,469.7,470.7,122678,38370,SC2002.INE,0
2019-12-18,472.2,477.9,471.7,473.6,149050,39086,SC2002.INE,0
2019-12-19,474.9,479.0,473.7,478.5,163836,39930,SC2002.INE,0
2019-12-20,478.1,481.9,477.0,480.2,122436,41234,SC2002.INE,0
2019-12-23,479.1,481.0,476.2,476.8,139382,38200,SC2002.INE,0
2019-12-24,478.4,481.7,477.3,480.4,96150,37894,SC2002.INE,0
2019-12-25,481.7,488.8,480.2,484.2,104448,37548,SC2002.INE,0
2019-12-26,484.2,486.0,481.1,484.8,46628,34108,SC2002.INE,0
2019-12-27,484.2,492.0,482.8,489.6,126412,36890,SC2002.INE,0
2019-12-30,488.9,493.5,487.3,489.3,152836,30784,SC2002.INE,0
2019-12-31,491.0,494.2,481.2,483.5,166386,23718,SC2002.INE,0
2020-01-02,483.1,484.4,480.5,482.5,11787,10614,SC2002.INE,0
2020-01-03,480.6,502.4,478.6,499.0,51402,17776,SC2003.INE,1
2020-01-06,503.1,517.5,497.4,516.1,90369,19223,SC2003.INE,0
2020-01-07,511.0,513.1,498.8,502.2,90211,19100,SC2003.INE,0
2020-01-08,500.7,529.8,498.2,508.1,137033,19722,SC2003.INE,0
2020-01-09,500.0,502.7,479.1,481.5,148785,18810,SC2003.INE,0
2020-01-10,481.9,482.9,475.8,479.1,98522,19346,SC2003.INE,0
2020-01-13,480.2,480.4,473.5,476.9,84094,19966,SC2003.INE,0
2020-01-14,475.8,476.5,461.9,465.4,94882,21279,SC2003.INE,0
2020-01-15,467.6,471.0,462.6,463.3,71774,22468,SC2003.INE,0
2020-01-16,463.9,465.6,458.6,463.6,75761,22523,SC2003.INE,0
2020-01-17,461.1,468.0,461.0,464.0,72015,21731,SC2003.INE,0
2020-01-20,465.2,470.8,463.6,466.0,65715,19687,SC2003.INE,0
2020-01-21,465.0,466.4,460.1,460.9,47983,17884,SC2003.INE,0
2020-01-22,460.1,464.3,457.1,459.8,54377,15726,SC2003.INE,0
2020-01-23,458.2,459.2,443.7,447.2,66758,12402,SC2003.INE,0
2020-02-03,415.5,415.5,415.5,415.5,771,11922,SC2003.INE,0
2020-02-04,390.2,399.4,379.8,397.5,24178,10778,SC2003.INE,0
2020-02-05,392.0,403.3,392.0,399.0,17003,15851,SC2004.INE,1
2020-02-06,407.0,411.2,403.7,409.1,25588,19862,SC2004.INE,0
2020-02-07,406.1,407.5,402.4,404.9,21457,22730,SC2004.INE,0
2020-02-10,391.9,401.8,391.8,399.9,24122,25819,SC2004.INE,0
2020-02-11,396.6,400.5,396.3,397.8,29529,29091,SC2004.INE,0
2020-02-12,398.1,403.5,398.1,403.3,35605,31630,SC2004.INE,0
2020-02-13,406.3,410.6,405.3,406.1,33153,31478,SC2004.INE,0
2020-02-14,410.1,410.5,406.0,408.2,25236,30635,SC2004.INE,0
2020-02-17,410.5,411.2,408.5,410.4,23664,30722,SC2004.INE,0
2020-02-18,410.0,410.5,405.8,406.0,24445,30619,SC2004.INE,0
2020-02-19,409.6,415.2,407.3,413.5,33957,30238,SC2004.INE,0
2020-02-20,419.0,422.0,417.1,419.6,27734,29527,SC2004.INE,0
2020-02-21,418.0,419.3,413.6,415.4,24528,29196,SC2004.INE,0
2020-02-24,405.0,405.0,399.8,400.2,29599,26779,SC2004.INE,0
2020-02-25,397.0,399.7,395.1,399.3,29531,25393,SC2004.INE,0
2020-02-26,389.1,390.3,382.4,382.4,36761,24390,SC2004.INE,0
2020-02-27,378.0,378.0,371.8,374.9,21967,28092,SC2005.INE,1
2020-02-28,365.0,367.6,358.7,360.0,27123,28975,SC2005.INE,0
2020-03-02,355.2,371.8,354.3,367.9,44515,34047,SC2005.INE,0
2020-03-03,385.0,385.4,371.8,376.5,35194,33111,SC2005.INE,0
2020-03-04,376.0,377.9,373.2,375.1,29805,35218,SC2005.INE,0
2020-03-05,374.3,375.9,372.4,373.7,33329,39377,SC2005.INE,0
2020-03-06,365.0,366.6,354.5,357.3,65930,41188,SC2005.INE,0
2020-03-09,338.1,338.1,338.1,338.1,302,41059,SC2005.INE,0
2020-03-10,307.6,307.6,307.6,307.6,1371,40535,SC2005.INE,0
2020-03-11,287.0,294.2,273.7,275.0,148779,41637,SC2005.INE,0
2020-03-12,270.0,272.4,256.2,261.1,104010,41269,SC2005.INE,0
2020-03-13,257.0,269.4,250.8,267.1,97296,39007,SC2005.INE,0
2020-03-16,255.6,263.7,247.7,248.2,98454,38875,SC2005.INE,0
2020-03-17,250.0,251.6,241.5,246.5,98341,38530,SC2005.INE,0
2020-03-18,236.0,247.7,236.0,241.0,34019,42860,SC2006.INE,1
2020-03-19,225.0,240.0,220.1,236.2,54148,42325,SC2006.INE,0
2020-03-20,249.0,251.5,244.1,251.5,40114,43413,SC2006.INE,0
2020-03-23,225.0,249.5,223.0,248.9,60781,46833,SC2006.INE,0
2020-03-24,259.9,262.5,253.4,260.0,47118,45906,SC2006.INE,0
2020-03-25,260.7,267.1,260.7,264.4,40062,44839,SC2006.INE,0
2020-03-26,266.8,266.9,257.2,258.7,38830,43094,SC2006.INE,0
2020-03-27,260.8,260.8,253.0,255.6,47920,42312,SC2006.INE,0
2020-03-30,250.0,253.2,243.4,252.0,68789,43143,SC2006.INE,0
2020-03-31,253.3,271.0,253.3,265.3,100343,43960,SC2006.INE,0
2020-04-01,264.0,265.9,259.6,262.2,71104,43890,SC2006.INE,0
2020-04-02,266.0,289.0,263.8,289.0,142041,47568,SC2006.INE,0
2020-04-03,297.0,299.8,276.3,283.5,155096,46215,SC2006.INE,0
2020-04-07,298.0,298.5,292.4,297.7,90805,46206,SC2006.INE,0
2020-04-08,290.0,296.4,286.3,292.8,90970,47072,SC2006.INE,0
2020-04-09,297.0,302.9,297.0,301.6,78742,48615,SC2006.INE,0
2020-04-10,287.2,295.0,286.0,290.0,70584,48204,SC2006.INE,0
2020-04-13,295.1,304.9,284.6,285.1,115339,51621,SC2006.INE,0
2020-04-14,287.8,289.5,279.2,280.8,94765,55641,SC2006.INE,0
2020-04-15,273.0,279.0,270.4,274.5,102720,57263,SC2006.INE,0
2020-04-16,275.8,278.5,258.5,258.6,144437,62522,SC2006.INE,0
2020-04-17,262.2,263.6,242.1,253.7,203634,67631,SC2006.INE,0
2020-04-20,242.0,245.8,234.2,242.8,152002,65372,SC2006.INE,0
2020-04-21,233.0,239.6,226.8,229.2,210567,61152,SC2006.INE,0
2020-04-22,210.6,217.7,210.6,210.6,20657,58591,SC2006.INE,0
2020-04-23,210.6,238.0,205.3,227.5,220367,51631,SC2006.INE,0
2020-04-24,247.4,251.9,241.6,245.1,62006,52597,SC2007.INE,1
2020-04-27,240.5,240.9,230.8,230.9,81762,52823,SC2007.INE,0
2020-04-28,227.0,237.4,221.4,232.4,97144,53256,SC2007.INE,0
2020-04-29,237.2,249.9,237.2,243.7,86795,52345,SC2007.INE,0
2020-04-30,255.8,259.4,247.9,248.7,74753,50433,SC2007.INE,0
2020-05-06,287.3,287.3,261.7,263.6,65463,53158,SC2007.INE,0
2020-05-07,257.7,264.8,253.9,261.4,102970,53700,SC2007.INE,0
2020-05-08,271.7,273.8,251.8,262.3,134996,53036,SC2007.INE,0
2020-05-11,260.2,263.7,254.8,258.8,146748,54447,SC2007.INE,0
2020-05-12,259.0,259.8,251.5,253.2,105750,56336,SC2007.INE,0
2020-05-13,256.3,256.5,248.8,251.3,163824,60878,SC2007.INE,0
2020-05-14,252.0,252.6,240.8,245.3,207303,64551,SC2007.INE,0
2020-05-15,245.3,262.2,244.5,259.5,263795,65371,SC2007.INE,0
2020-05-18,260.3,269.5,256.2,267.6,297529,68376,SC2007.INE,0
2020-05-19,270.0,279.5,263.2,267.4,378163,70466,SC2007.INE,0
2020-05-20,268.0,270.8,265.0,268.6,218089,70339,SC2007.INE,0
2020-05-21,271.9,279.0,271.3,278.2,245635,70909,SC2007.INE,0
2020-05-22,279.3,280.0,260.1,265.7,318918,67052,SC2007.INE,0
2020-05-25,268.0,274.2,264.2,271.7,249897,66497,SC2007.INE,0
2020-05-26,271.3,275.9,270.2,274.8,145154,65163,SC2007.INE,0
2020-05-27,275.3,276.7,270.2,272.8,197154,61099,SC2007.INE,0
2020-05-28,271.3,276.8,270.2,273.1,239585,54898,SC2007.INE,0
2020-05-29,274.5,278.8,273.0,275.2,193600,51200,SC2007.INE,0
2020-06-01,274.2,279.9,273.9,278.1,157039,49546,SC2007.INE,0
2020-06-02,278.6,279.8,276.1,278.6,122956,47944,SC2007.INE,0
2020-06-03,279.7,292.6,279.1,290.6,204652,48271,SC2007.INE,0
2020-06-04,287.0,287.2,276.7,280.4,200082,44711,SC2007.INE,0
2020-06-05,281.6,286.0,279.3,284.9,140924,42850,SC2007.INE,0
2020-06-08,293.7,298.1,287.0,295.7,210566,39965,SC2007.INE,0
2020-06-09,290.0,293.5,285.4,289.2,157648,36243,SC2007.INE,0
2020-06-10,286.5,290.9,285.1,286.3,121846,34684,SC2007.INE,0
2020-06-11,286.8,289.0,279.1,281.5,142765,32708,SC2007.INE,0
2020-06-12,277.0,277.5,262.0,266.0,194488,29863,SC2007.INE,0
2020-06-15,271.0,275.5,259.5,260.6,165122,24999,SC2007.INE,0
2020-06-16,261.5,276.4,260.7,275.5,65322,17438,SC2007.INE,0
2020-06-17,296.6,299.6,290.9,294.6,233711,53464,SC2008.INE,1
2020-06-18,294.3,296.3,291.9,295.3,147317,54176,SC2008.INE,0
2020-06-19,296.5,300.6,293.9,299.3,118060,54343,SC2008.INE,0
2020-06-22,301.6,302.8,294.4,297.3,184688,52787,SC2008.INE,0
2020-06-23,297.2,301.8,295.9,298.6,153205,51311,SC2008.INE,0
2020-06-24,300.7,301.2,296.5,299.0,124007,46193,SC2008.INE,0
2020-06-29,290.8,291.8,283.6,285.7,72550,45778,SC2008.INE,0
2020-06-30,289.1,294.5,288.7,292.4,107528,42889,SC2008.INE,0
2020-07-01,291.0,294.0,288.7,293.3,105446,43110,SC2008.INE,0
2020-07-02,293.0,300.0,291.0,298.2,126720,43621,SC2008.INE,0
2020-07-03,299.5,301.5,296.3,297.8,104822,41984,SC2008.INE,0
2020-07-06,297.3,299.5,294.1,298.7,82133,39973,SC2008.INE,0
2020-07-07,298.2,299.6,294.9,295.9,89389,38742,SC2008.INE,0
2020-07-08,297.9,303.3,296.1,298.7,94168,37360,SC2008.INE,0
2020-07-09,300.2,301.0,297.8,298.9,74149,34957,SC2008.INE,0
2020-07-10,299.5,299.7,290.0,292.1,113440,34547,SC2008.INE,0
2020-07-13,294.0,297.9,293.8,295.5,84905,31393,SC2008.INE,0
2020-07-14,295.7,297.1,288.1,292.3,87480,30277,SC2008.INE,0
2020-07-15,291.0,296.6,290.3,294.6,75469,28074,SC2008.INE,0
2020-07-16,297.2,297.5,286.0,288.7,98245,26592,SC2008.INE,0
2020-07-17,302.3,305.3,300.2,300.7,83421,55941,SC2009.INE,1
2020-07-20,301.0,302.4,292.5,293.3,111145,62668,SC2009.INE,0
2020-07-21,293.5,302.7,293.0,299.4,112967,62962,SC2009.INE,0
2020-07-22,305.7,305.7,299.6,301.3,106156,60398,SC2009.INE,0
2020-07-23,300.0,301.7,297.7,301.1,89022,59014,SC2009.INE,0
2020-07-24,298.9,302.1,294.1,295.8,109905,60664,SC2009.INE,0
2020-07-27,296.7,298.5,292.8,294.8,98145,59110,SC2009.INE,0
2020-07-28,296.5,297.0,288.6,291.9,119902,61056,SC2009.INE,0
2020-07-29,290.2,292.2,288.0,291.1,87553,59686,SC2009.INE,0
2020-07-30,291.7,295.5,290.3,290.9,92109,56108,SC2009.INE,0
2020-07-31,288.8,291.3,279.5,286.1,174975,54559,SC2009.INE,0
2020-08-03,286.3,286.9,277.9,279.7,120129,57591,SC2009.INE,0
2020-08-04,281.7,284.1,279.4,281.3,96822,53007,SC2009.INE,0
2020-08-05,279.0,283.7,277.1,280.0,97875,50913,SC2009.INE,0
2020-08-06,287.0,287.4,277.8,282.9,133190,48927,SC2009.INE,0
2020-08-07,284.4,285.0,279.7,281.8,81399,47850,SC2009.INE,0
2020-08-10,281.8,287.0,279.4,284.3,85035,45408,SC2009.INE,0
2020-08-11,285.0,286.8,282.8,285.3,71810,42609,SC2009.INE,0
2020-08-12,287.0,287.4,278.8,284.2,93924,37696,SC2009.INE,0
2020-08-13,284.6,286.2,282.4,282.7,49570,35515,SC2009.INE,0
2020-08-14,283.3,284.0,280.3,282.3,38429,33260,SC2009.INE,0
2020-08-17,281.9,282.0,279.1,279.2,42429,27950,SC2009.INE,0
2020-08-18,287.9,291.9,283.8,284.1,91330,69492,SC2010.INE,1
2020-08-19,284.9,291.8,283.5,288.8,97471,67356,SC2010.INE,0
2020-08-20,288.6,290.5,287.8,288.8,65021,66287,SC2010.INE,0
2020-08-21,289.0,289.3,284.3,286.3,78116,67020,SC2010.INE,0
2020-08-24,284.8,290.8,282.2,288.7,117425,58746,SC2010.INE,0
2020-08-25,290.0,295.0,288.7,293.3,79578,55216,SC2010.INE,0
2020-08-26,295.8,296.6,293.1,294.4,77552,54670,SC2010.INE,0
2020-08-27,294.1,295.8,293.3,294.9,49253,52889,SC2010.INE,0
2020-08-28,294.1,296.2,291.4,293.6,75368,52043,SC2010.INE,0
2020-08-31,293.6,299.9,293.6,298.0,74943,52152,SC2010.INE,0
2020-09-01,297.9,298.6,292.2,294.8,65373,50094,SC2010.INE,0
2020-09-02,294.0,295.6,292.0,292.7,53465,50658,SC2010.INE,0
2020-09-03,292.8,292.9,284.1,285.8,89085,53164,SC2010.INE,0
2020-09-04,283.8,287.0,282.3,284.4,77223,51074,SC2010.INE,0
2020-09-07,285.2,285.5,272.2,272.5,123291,50044,SC2010.INE,0
2020-09-08,272.5,275.2,268.1,269.1,68528,45209,SC2010.INE,0
2020-09-09,262.9,263.0,251.0,251.0,82119,37045,SC2010.INE,0
2020-09-10,251.2,253.5,245.6,248.2,111942,21330,SC2010.INE,0
2020-09-11,246.0,250.5,242.7,243.3,46671,13910,SC2010.INE,0
2020-09-14,258.0,264.5,256.8,262.0,101352,54742,SC2011.INE,1
2020-09-15,260.1,262.6,258.7,260.7,69794,55503,SC2011.INE,0
2020-09-16,264.1,272.3,261.8,270.6,129009,52710,SC2011.INE,0
2020-09-17,271.1,273.8,268.3,270.0,110973,50992,SC2011.INE,0
2020-09-18,271.0,279.2,270.0,277.8,106364,49924,SC2011.INE,0
2020-09-21,275.1,281.3,274.4,276.7,106238,49227,SC2011.INE,0
2020-09-22,275.0,277.0,258.6,264.8,175306,47968,SC2011.INE,0
2020-09-23,267.4,269.1,262.2,265.0,102969,45711,SC2011.INE,0
2020-09-24,266.4,269.5,259.7,261.7,138030,45061,SC2011.INE,0
2020-09-25,262.0,269.1,261.5,266.7,106874,38802,SC2011.INE,0
2020-09-28,265.2,268.5,261.2,262.3,104302,37329,SC2011.INE,0
2020-09-29,265.3,267.2,262.5,265.6,77124,31357,SC2011.INE,0
2020-09-30,266.5,266.5,253.9,254.7,124120,30004,SC2011.INE,0
2020-10-09,264.0,267.2,261.4,264.5,35866,25790,SC2011.INE,0
2020-10-12,263.5,266.2,259.0,262.8,63450,24175,SC2011.INE,0
2020-10-13,262.0,263.7,256.5,259.7,69027,23039,SC2011.INE,0
2020-10-14,261.5,261.5,255.3,257.1,59095,22270,SC2011.INE,0
2020-10-15,260.0,263.0,258.6,260.2,53939,17480,SC2011.INE,0
2020-10-16,268.0,277.3,263.3,271.4,138130,50896,SC2012.INE,1
2020-10-19,271.5,276.0,269.9,271.6,107620,52765,SC2012.INE,0
2020-10-20,270.9,274.6,267.7,270.7,103743,56170,SC2012.INE,0
2020-10-21,270.4,272.3,268.5,269.8,94296,56398,SC2012.INE,0
2020-10-22,269.1,271.4,263.7,266.7,135217,59576,SC2012.INE,0
2020-10-23,267.1,268.3,264.6,265.3,99199,57236,SC2012.INE,0
2020-10-26,266.7,266.7,255.3,255.8,126336,59198,SC2012.INE,0
2020-10-27,255.8,257.6,253.4,256.4,108578,56017,SC2012.INE,0
2020-10-28,255.6,259.1,249.4,252.0,124164,54461,SC2012.INE,0
2020-10-29,245.6,247.4,235.6,237.7,173441,51848,SC2012.INE,0
2020-10-30,226.5,234.7,221.9,223.7,246158,45499,SC2012.INE,0
2020-11-02,227.2,228.4,215.0,221.0,168258,42866,SC2012.INE,0
2020-11-03,223.7,233.4,223.3,229.3,153542,38985,SC2012.INE,0
2020-11-04,235.0,239.6,231.9,238.2,154057,33329,SC2012.INE,0
2020-11-05,239.9,240.6,232.3,234.2,122597,30813,SC2012.INE,0
2020-11-06,236.1,239.7,227.7,230.7,114047,29762,SC2012.INE,0
2020-11-09,229.8,238.3,229.2,237.2,120189,28635,SC2012.INE,0
2020-11-10,250.0,252.2,243.4,248.1,128326,23172,SC2012.INE,0
2020-11-11,250.2,257.4,248.0,255.9,96826,21878,SC2012.INE,0
2020-11-12,256.8,258.1,248.6,251.9,100166,17493,SC2012.INE,0
2020-11-13,250.3,255.7,248.0,248.5,78380,16157,SC2012.INE,0
2020-11-16,257.2,261.5,254.6,260.8,118740,52389,SC2101.INE,1
2020-11-17,265.2,266.2,258.5,259.8,123778,55467,SC2101.INE,0
2020-11-18,258.9,262.9,256.4,259.7,138567,58442,SC2101.INE,0
2020-11-19,264.0,264.5,257.4,260.9,112660,58109,SC2101.INE,0
2020-11-20,260.7,264.0,259.4,260.6,96971,57646,SC2101.INE,0
2020-11-23,260.8,268.1,260.5,267.9,132757,58745,SC2101.INE,0
2020-11-24,268.5,282.6,264.9,281.4,189061,59783,SC2101.INE,0
2020-11-25,282.0,293.9,280.4,289.8,235797,55607,SC2101.INE,0
2020-11-26,289.8,297.4,287.3,288.5,180380,52849,SC2101.INE,0
2020-11-27,285.0,292.2,284.0,289.1,145411,50022,SC2101.INE,0
2020-11-30,291.3,293.2,277.4,281.6,168893,47247,SC2101.INE,0
2020-12-01,283.0,291.5,282.6,286.7,161983,43889,SC2101.INE,0
2020-12-02,287.4,288.0,279.6,284.1,130209,41724,SC2101.INE,0
2020-12-03,285.1,292.5,283.6,286.8,141883,40457,SC2101.INE,0
2020-12-04,286.7,302.6,282.3,295.9,205620,39696,SC2101.INE,0
2020-12-07,295.1,297.5,290.7,293.9,126004,35128,SC2101.INE,0
2020-12-08,292.6,296.5,281.4,283.6,115823,31476,SC2101.INE,0
2020-12-09,285.0,287.6,280.5,284.8,99923,24896,SC2101.INE,0
2020-12-10,285.1,289.8,281.6,282.6,99799,20455,SC2101.INE,0
2020-12-11,286.3,297.0,284.8,288.3,107277,14189,SC2101.INE,0
2020-12-14,301.5,305.6,300.2,304.9,113532,52978,SC2102.INE,1
2020-12-15,304.2,309.9,295.7,300.5,166639,53101,SC2102.INE,0
2020-12-16,302.9,304.9,299.8,301.8,111647,52274,SC2102.INE,0
2020-12-17,302.2,316.7,302.0,314.7,168644,56815,SC2102.INE,0
2020-12-18,313.5,319.6,311.6,315.4,127305,54191,SC2102.INE,0
2020-12-21,316.0,322.7,306.1,308.8,200765,51355,SC2102.INE,0
2020-12-22,308.0,309.5,294.5,295.2,193299,48019,SC2102.INE,0
2020-12-23,299.4,301.6,286.5,291.4,183681,42333,SC2102.INE,0
2020-12-24,294.5,308.6,293.4,307.2,197944,38799,SC2102.INE,0
2020-12-25,304.4,310.4,302.1,309.6,129456,36595,SC2102.INE,0
2020-12-28,309.6,313.0,303.8,306.6,105510,34910,SC2102.INE,0
2020-12-29,309.4,312.7,301.6,305.0,131801,33646,SC2102.INE,0
2020-12-30,306.7,308.7,299.9,305.1,136755,31171,SC2102.INE,0
2020-12-31,306.7,307.1,300.8,301.7,123311,31114,SC2102.INE,0
2021-01-04,302.9,321.5,301.6,320.1,91239,32033,SC2102.INE,0
2021-01-05,313.5,319.4,308.0,311.1,152795,28425,SC2102.INE,0
2021-01-06,316.2,326.9,311.2,323.7,158366,27801,SC2102.INE,0
2021-01-07,320.7,337.5,320.3,335.3,137801,28196,SC2102.INE,0
2021-01-08,334.3,338.7,328.1,336.5,123119,27427,SC2102.INE,0
2021-01-11,338.0,344.8,312.0,325.7,147644,21499,SC2102.INE,0
2021-01-12,326.5,339.5,324.0,336.9,104764,20129,SC2102.INE,0
2021-01-13,339.9,345.7,334.5,342.4,76956,18408,SC2102.INE,0
2021-01-14,348.5,350.0,340.2,342.4,129001,46676,SC2103.INE,1
2021-01-15,342.0,347.6,335.0,339.4,159692,46932,SC2103.INE,0
2021-01-18,338.3,339.2,326.8,333.0,161671,46064,SC2103.INE,0
2021-01-19,332.5,338.6,331.8,334.3,99435,45654,SC2103.INE,0
2021-01-20,335.4,343.8,335.1,342.7,123996,47340,SC2103.INE,0
2021-01-21,342.4,344.3,337.2,340.0,116190,45812,SC2103.INE,0
2021-01-22,339.2,341.8,332.0,332.3,130119,47164,SC2103.INE,0
2021-01-25,329.0,336.7,324.6,332.1,161179,43103,SC2103.INE,0
2021-01-26,330.5,332.8,327.7,328.0,107960,41631,SC2103.INE,0
2021-01-27,332.5,335.7,330.4,335.0,92348,39174,SC2103.INE,0
2021-01-28,332.2,339.3,329.0,333.3,140516,37516,SC2103.INE,0
2021-01-29,334.5,340.9,332.8,335.0,130152,36018,SC2103.INE,0
2021-02-01,336.5,339.8,329.7,336.3,134066,34182,SC2103.INE,0
2021-02-02,336.8,347.6,334.6,346.8,117974,35632,SC2103.INE,0
2021-02-03,351.9,351.9,344.0,347.1,110049,29003,SC2103.INE,0
2021-02-04,348.8,360.0,347.9,357.5,127925,25937,SC2103.INE,0
2021-02-05,357.5,360.6,351.6,358.1,84733,18529,SC2103.INE,0
2021-02-08,359.2,367.4,358.1,362.1,74007,10808,SC2103.INE,0
2021-02-09,362.7,378.3,361.4,376.0,34170,2950,SC2103.INE,0
2021-02-10,376.1,376.5,367.3,371.2,95910,47103,SC2104.INE,1
2021-02-18,392.1,405.3,392.1,399.0,47685,48960,SC2104.INE,0
2021-02-19,397.7,400.6,380.1,388.4,114593,48545,SC2104.INE,0
2021-02-22,387.6,396.0,384.6,392.2,122174,49205,SC2104.INE,0
2021-02-23,390.8,419.2,390.0,412.9,167885,48906,SC2104.INE,0
2021-02-24,409.2,412.3,400.3,405.8,140181,43960,SC2104.INE,0
2021-02-25,412.0,422.2,408.1,417.8,163926,43297,SC2104.INE,0
2021-02-26,418.0,419.2,402.1,405.9,158243,38669,SC2104.INE,0
2021-03-01,402.3,414.5,398.1,409.0,155225,34855,SC2104.INE,0
2021-03-02,407.3,408.1,385.4,387.1,155349,31410,SC2104.INE,0
2021-03-03,393.8,398.0,386.5,392.8,118187,27791,SC2104.INE,0
2021-03-04,395.5,402.4,390.0,399.4,143111,25044,SC2104.INE,0
2021-03-05,399.9,424.8,397.0,423.6,225414,25109,SC2104.INE,0
2021-03-08,425.0,444.6,424.2,441.4,141785,22927,SC2104.INE,0
2021-03-09,433.5,435.5,420.5,422.7,136609,19323,SC2104.INE,0
2021-03-10,427.0,427.7,405.7,412.0,133296,17125,SC2104.INE,0
2021-03-11,417.4,421.1,410.2,416.2,107405,15122,SC2104.INE,0
2021-03-12,418.3,425.5,417.5,418.8,80530,13797,SC2104.INE,0
2021-03-15,425.4,434.4,421.3,428.1,120400,44193,SC2105.INE,1
2021-03-16,422.1,422.7,414.6,416.0,129211,44371,SC2105.INE,0
2021-03-17,415.5,422.2,410.2,420.9,140951,46156,SC2105.INE,0
2021-03-18,414.0,416.2,407.4,411.5,164656,46598,SC2105.INE,0
2021-03-19,408.6,408.9,379.5,379.5,268668,51163,SC2105.INE,0
2021-03-22,378.9,393.7,377.5,390.1,224117,48345,SC2105.INE,0
2021-03-23,390.1,395.9,388.6,390.8,134770,48269,SC2105.INE,0
2021-03-24,379.6,388.2,372.7,378.1,223694,49164,SC2105.INE,0
2021-03-25,382.1,395.1,380.9,383.2,226964,45180,SC2105.INE,0
2021-03-26,379.5,386.8,374.7,384.3,227299,42184,SC2105.INE,0
2021-03-29,385.7,397.2,385.3,388.0,213632,38213,SC2105.INE,0
2021-03-30,397.2,402.7,390.1,398.6,185852,35738,SC2105.INE,0
2021-03-31,393.1,400.8,392.0,399.7,155362,30560,SC2105.INE,0
2021-04-01,395.9,399.4,383.5,392.8,171283,29285,SC2105.INE,0
2021-04-02,392.9,409.0,387.6,408.8,228120,29871,SC2105.INE,0
2021-04-06,390.7,393.1,383.6,388.1,74580,31201,SC2105.INE,0
2021-04-07,388.6,394.2,384.1,386.0,128994,30554,SC2105.INE,0
2021-04-08,387.7,388.9,379.4,383.5,151938,30577,SC2105.INE,0
2021-04-09,384.7,389.7,382.5,386.6,128074,28959,SC2105.INE,0
2021-04-12,385.9,393.2,381.9,382.4,124130,27697,SC2105.INE,0
2021-04-13,388.2,395.0,386.4,392.8,121917,22151,SC2105.INE,0
2021-04-14,394.0,398.3,389.8,397.8,92517,19985,SC2105.INE,0
2021-04-15,398.0,412.1,397.5,411.0,101789,16825,SC2105.INE,0
2021-04-16,409.2,414.1,407.3,412.8,62756,11671,SC2105.INE,0
2021-04-19,416.6,417.3,408.8,412.3,107549,41739,SC2106.INE,1
2021-04-20,414.2,418.5,410.4,414.3,117599,42473,SC2106.INE,0
2021-04-21,412.8,414.4,400.0,402.5,172578,41785,SC2106.INE,0
2021-04-22,396.2,403.5,391.7,395.3,187496,40009,SC2106.INE,0
2021-04-23,397.6,400.3,394.3,399.0,124231,38217,SC2106.INE,0
2021-04-26,395.8,405.7,394.6,396.5,147019,38743,SC2106.INE,0
2021-04-27,394.0,404.6,391.2,402.4,132602,39553,SC2106.INE,0
2021-04-28,402.4,408.2,400.3,408.1,114219,39012,SC2106.INE,0
2021-04-29,410.0,416.5,408.2,414.9,114970,39924,SC2106.INE,0
2021-04-30,421.9,423.6,415.2,420.1,128071,33686,SC2106.INE,0
2021-05-06,423.6,432.4,423.3,428.3,46304,35217,SC2106.INE,0
2021-05-07,428.1,428.5,420.2,425.7,96704,33569,SC2106.INE,0
2021-05-10,419.7,431.1,417.7,428.3,120656,30440,SC2106.INE,0
2021-05-11,426.3,427.7,416.6,418.6,102975,28206,SC2106.INE,0
2021-05-12,416.0,426.0,414.2,425.8,116689,25929,SC2106.INE,0
2021-05-13,426.6,434.5,421.9,423.8,115876,22214,SC2106.INE,0
2021-05-14,421.0,423.2,410.6,414.3,98175,18918,SC2106.INE,0
2021-05-17,418.9,431.2,418.5,427.1,75715,15512,SC2106.INE,0
2021-05-18,425.0,438.0,424.2,436.6,105637,53658,SC2107.INE,1
2021-05-19,436.6,436.6,419.0,421.2,173481,51215,SC2107.INE,0
2021-05-20,417.2,418.0,405.3,411.0,175018,51190,SC2107.INE,0
2021-05-21,408.8,410.8,399.8,400.2,157404,52740,SC2107.INE,0
2021-05-24,406.8,415.8,405.6,414.0,142604,46020,SC2107.INE,0
2021-05-25,415.7,426.2,415.0,425.0,121127,40507,SC2107.INE,0
2021-05-26,423.6,428.2,422.6,426.3,108974,36437,SC2107.INE,0
2021-05-27,421.3,427.1,420.5,421.9,111621,33934,SC2107.INE,0
2021-05-28,421.0,436.0,421.0,429.9,131196,37628,SC2107.INE,0
2021-05-31,438.0,438.0,424.5,428.8,103954,33549,SC2107.INE,0
2021-06-01,432.0,453.6,427.5,440.0,93810,39361,SC2107.INE,0
2021-06-02,445.5,447.1,435.4,438.9,115269,36796,SC2107.INE,0
2021-06-03,441.2,451.5,440.2,448.1,101389,40781,SC2107.INE,0
2021-06-04,446.0,447.3,438.6,445.2,119979,36085,SC2107.INE,0
2021-06-07,447.0,454.4,440.6,442.8,124786,36191,SC2107.INE,0
2021-06-08,444.4,448.6,437.2,443.0,96028,33260,SC2107.INE,0
2021-06-09,442.5,455.5,441.5,453.2,104789,39818,SC2107.INE,0
2021-06-10,452.6,454.4,442.5,446.4,104666,31194,SC2107.INE,0
2021-06-11,450.1,454.0,439.2,453.5,119805,31443,SC2107.INE,0
2021-06-15,458.3,463.7,451.7,454.4,46035,26885,SC2107.INE,0
2021-06-16,458.0,463.5,455.1,458.5,74637,17225,SC2107.INE,0
2021-06-17,460.8,463.2,454.3,457.9,128360,53444,SC2108.INE,1
2021-06-18,457.0,460.6,441.7,442.4,183534,49096,SC2108.INE,0
2021-06-21,440.8,457.6,440.7,451.8,138834,47093,SC2108.INE,0
2021-06-22,449.4,461.8,446.4,461.8,139253,49839,SC2108.INE,0
2021-06-23,460.5,467.2,456.5,466.0,129946,54160,SC2108.INE,0
2021-06-24,467.0,470.3,462.3,465.5,125224,52362,SC2108.INE,0
2021-06-25,460.3,471.4,460.2,466.3,136052,52741,SC2108.INE,0
2021-06-28,467.8,473.8,459.4,463.9,165278,49168,SC2108.INE,0
2021-06-29,465.9,466.1,455.2,456.3,127142,44781,SC2108.INE,0
2021-06-30,461.0,463.1,458.3,459.0,89149,39989,SC2108.INE,0
2021-07-01,462.5,464.6,454.5,459.5,110784,38050,SC2108.INE,0
2021-07-02,470.1,473.0,464.1,468.1,131311,38073,SC2108.INE,0
2021-07-05,469.2,472.4,464.6,471.6,102514,38948,SC2108.INE,0
2021-07-06,471.9,479.0,465.7,474.1,99543,38234,SC2108.INE,0
2021-07-07,468.0,468.7,448.3,450.9,162057,33755,SC2108.INE,0
2021-07-08,450.9,453.3,437.2,438.9,148715,33401,SC2108.INE,0
2021-07-09,439.9,446.7,436.1,444.6,120023,32248,SC2108.INE,0
2021-07-12,447.0,454.6,447.0,448.6,80511,28577,SC2108.INE,0
2021-07-13,444.6,455.6,444.6,454.7,67119,26277,SC2108.INE,0
2021-07-14,452.2,462.0,450.8,460.9,80700,22738,SC2108.INE,0
2021-07-15,461.5,461.8,439.0,439.3,109257,19616,SC2108.INE,0
2021-07-16,439.3,443.9,431.8,434.0,87634,18713,SC2108.INE,0
2021-07-19,437.5,438.9,424.0,427.9,72666,10688,SC2108.INE,0
2021-07-20,425.1,426.0,409.8,414.5,208812,46327,SC2109.INE,1
2021-07-21,408.1,418.1,407.2,413.1,158550,47372,SC2109.INE,0
2021-07-22,420.0,427.5,418.5,426.4,134824,42553,SC2109.INE,0
2021-07-23,426.8,440.6,426.7,436.6,126069,37300,SC2109.INE,0
2021-07-26,437.8,444.4,436.2,439.2,109932,36271,SC2109.INE,0
2021-07-27,442.4,452.2,442.3,446.0,109300,35010,SC2109.INE,0
2021-07-28,447.7,454.1,442.8,450.5,101602,35319,SC2109.INE,0
2021-07-29,452.0,453.9,448.6,452.9,76901,34708,SC2109.INE,0
2021-07-30,452.9,458.6,449.6,452.2,91374,32083,SC2109.INE,0
2021-08-02,454.0,460.4,443.8,449.3,109173,30955,SC2109.INE,0
2021-08-03,449.0,452.4,434.6,435.2,121153,31751,SC2109.INE,0
2021-08-04,427.4,436.6,424.4,436.4,130443,31769,SC2109.INE,0
2021-08-05,429.7,433.4,420.3,421.4,142491,33681,SC2109.INE,0
2021-08-06,424.4,435.6,422.5,433.2,96168,29969,SC2109.INE,0
2021-08-09,435.6,439.1,415.7,418.6,146352,31376,SC2109.INE,0
2021-08-10,414.3,424.9,413.2,424.4,107221,29463,SC2109.INE,0
2021-08-11,423.5,433.7,423.2,433.2,96372,26737,SC2109.INE,0
2021-08-12,427.1,436.1,422.8,431.4,108508,25824,SC2109.INE,0
2021-08-13,430.5,435.4,425.8,429.1,80483,24512,SC2109.INE,0
2021-08-16,429.4,435.0,421.3,423.9,69266,23242,SC2109.INE,0
2021-08-17,417.7,428.0,416.7,422.0,57911,18375,SC2109.INE,0
2021-08-18,420.9,426.0,416.6,422.5,113908,38394,SC2110.INE,1
2021-08-19,423.4,424.4,405.3,405.9,166260,45183,SC2110.INE,0
2021-08-20,402.6,406.1,398.1,405.3,155592,45308,SC2110.INE,0
2021-08-23,397.3,409.1,395.2,405.5,155518,44767,SC2110.INE,0
2021-08-24,410.0,425.4,408.8,422.6,148972,40921,SC2110.INE,0
2021-08-25,425.6,433.0,423.7,429.5,118644,37567,SC2110.INE,0
2021-08-26,433.9,435.5,429.3,432.7,113911,32844,SC2110.INE,0
2021-08-27,432.5,440.3,427.2,438.2,132826,33296,SC2110.INE,0
2021-08-30,440.7,441.5,436.5,438.3,110363,32351,SC2110.INE,0
2021-08-31,440.6,442.6,436.6,440.8,87416,32426,SC2110.INE,0
2021-09-01,438.3,446.7,436.3,446.5,101038,35403,SC2110.INE,0
2021-09-02,444.9,445.2,434.0,444.8,139100,33063,SC2110.INE,0
2021-09-03,448.8,458.8,448.6,456.0,102423,30510,SC2110.INE,0
2021-09-06,458.8,459.5,445.3,447.5,90290,27223,SC2110.INE,0
2021-09-07,451.5,459.0,450.0,456.9,69185,24270,SC2110.INE,0
2021-09-08,450.5,454.8,447.6,453.8,78746,17642,SC2110.INE,0
2021-09-09,456.3,459.2,451.8,457.1,40566,10437,SC2110.INE,0
2021-09-10,447.0,452.5,439.2,447.3,156877,37084,SC2111.INE,1
2021-09-13,452.1,462.0,451.5,460.0,108744,42007,SC2111.INE,0
2021-09-14,461.6,467.0,457.5,464.1,95163,42630,SC2111.INE,0
2021-09-15,465.6,468.8,458.0,467.3,94766,42409,SC2111.INE,0
2021-09-16,471.8,483.9,471.3,473.7,138888,39284,SC2111.INE,0
2021-09-17,471.7,478.2,468.0,474.6,93153,37058,SC2111.INE,0
2021-09-22,468.9,476.4,467.5,473.9,45127,37467,SC2111.INE,0
2021-09-23,473.3,482.7,472.1,479.4,92809,37624,SC2111.INE,0
2021-09-24,479.6,490.8,477.1,488.6,113626,39349,SC2111.INE,0
2021-09-27,486.4,501.1,483.8,494.5,114256,36651,SC2111.INE,0
2021-09-28,497.7,509.4,496.3,507.6,112029,36812,SC2111.INE,0
2021-09-29,505.0,508.1,486.0,489.2,128645,28455,SC2111.INE,0
2021-09-30,493.2,500.6,491.1,494.6,88967,22563,SC2111.INE,0
2021-10-08,523.2,529.8,522.1,528.1,50004,26109,SC2111.INE,0
2021-10-11,524.4,532.6,519.9,530.0,92557,24685,SC2111.INE,0
2021-10-12,532.0,534.3,526.8,529.5,73322,22343,SC2111.INE,0
2021-10-13,529.0,535.3,520.0,524.0,102273,16460,SC2111.INE,0
2021-10-14,519.5,530.2,514.3,526.5,67431,12804,SC2111.INE,0
2021-10-15,528.5,531.7,520.0,529.2,53539,9371,SC2111.INE,0
2021-10-18,535.0,546.5,529.3,543.0,110532,43018,SC2112.INE,1
2021-10-19,542.9,544.1,526.3,530.4,117269,40699,SC2112.INE,0
2021-10-20,529.3,530.7,521.4,524.4,118380,35789,SC2112.INE,0
2021-10-21,523.0,539.5,519.5,529.8,110284,34766,SC2112.INE,0
2021-10-22,528.0,533.3,517.6,520.2,162178,30151,SC2112.INE,0
2021-10-25,529.4,537.3,523.4,533.2,121021,32846,SC2112.INE,0
2021-10-26,536.2,537.8,530.5,531.6,100638,31922,SC2112.INE,0
2021-10-27,535.5,535.6,527.1,528.3,113594,29929,SC2112.INE,0
2021-10-28,528.2,531.4,505.5,517.5,199525,31403,SC2112.INE,0
2021-10-29,517.0,526.5,512.7,525.5,122257,29943,SC2112.INE,0
2021-11-01,520.1,526.6,515.8,520.3,115450,28659,SC2112.INE,0
2021-11-02,528.2,535.9,527.7,534.8,97727,30223,SC2112.INE,0
2021-11-03,532.3,533.6,520.3,524.3,111395,28603,SC2112.INE,0
2021-11-04,518.8,519.8,506.6,510.2,123377,31173,SC2112.INE,0
2021-11-05,525.3,530.8,501.6,508.5,174718,29199,SC2112.INE,0
2021-11-08,509.8,534.0,508.1,532.0,135409,27759,SC2112.INE,0
2021-11-09,530.0,530.6,523.2,524.9,83081,27395,SC2112.INE,0
2021-11-10,527.0,539.9,524.0,538.0,90879,28683,SC2112.INE,0
2021-11-11,531.7,536.6,517.5,519.3,114467,24948,SC2112.INE,0
2021-11-12,516.0,522.7,513.2,514.7,103146,25643,SC2112.INE,0
2021-11-15,508.7,519.3,506.2,508.1,89795,23197,SC2112.INE,0
2021-11-16,505.1,520.3,503.7,518.0,76643,17329,SC2112.INE,0
2021-11-17,517.4,519.8,510.1,519.0,53462,13577,SC2112.INE,0
2021-11-18,510.2,510.4,489.2,489.9,147728,37099,SC2201.INE,1
2021-11-19,492.8,509.9,492.2,506.3,140972,33160,SC2201.INE,0
2021-11-22,485.0,497.0,484.3,487.5,177130,33596,SC2201.INE,0
2021-11-23,487.5,496.6,484.6,491.2,146673,34114,SC2201.INE,0
2021-11-24,495.3,515.0,494.8,513.4,163843,35050,SC2201.INE,0
2021-11-25,511.1,515.3,507.6,509.1,103737,32243,SC2201.INE,0
2021-11-26,510.6,511.4,495.3,496.3,102288,31261,SC2201.INE,0
2021-11-29,485.0,487.3,464.1,473.6,257013,30055,SC2201.INE,0
2021-11-30,475.0,480.7,446.5,447.8,249820,30848,SC2201.INE,0
2021-12-01,451.1,454.9,428.7,451.4,253532,28383,SC2201.INE,0
2021-12-02,455.2,455.9,435.5,441.1,225469,28834,SC2201.INE,0
2021-12-03,435.4,449.5,417.5,446.7,305326,29333,SC2201.INE,0
2021-12-06,451.0,457.9,443.1,451.2,197015,26588,SC2201.INE,0
2021-12-07,453.7,466.9,448.3,463.8,153649,25154,SC2201.INE,0
2021-12-08,470.0,479.8,466.3,473.4,145878,22161,SC2201.INE,0
2021-12-09,476.9,481.8,470.8,477.7,110916,19033,SC2201.INE,0
2021-12-10,470.0,477.6,464.6,465.0,105758,14144,SC2201.INE,0
2021-12-13,472.0,486.5,471.0,486.0,69252,6948,SC2201.INE,0
2021-12-14,471.6,473.5,463.4,469.0,170125,35946,SC2202.INE,1
2021-12-15,467.1,469.2,456.4,460.0,196038,39154,SC2202.INE,0
2021-12-16,460.8,472.8,457.1,470.5,167934,36162,SC2202.INE,0
2021-12-17,467.5,475.0,467.2,469.2,148674,37047,SC2202.INE,0
2021-12-20,465.0,468.6,446.9,450.5,210591,38995,SC2202.INE,0
2021-12-21,445.0,457.1,438.4,454.4,210100,37715,SC2202.INE,0
2021-12-22,455.8,469.6,455.3,465.6,170220,37120,SC2202.INE,0
2021-12-23,464.6,476.0,462.7,472.6,136391,38068,SC2202.INE,0
2021-12-24,473.5,478.9,470.9,478.6,111904,39194,SC2202.INE,0
2021-12-27,475.3,484.5,470.8,472.9,92894,38552,SC2202.INE,0
2021-12-28,473.0,494.6,472.4,494.0,162817,43804,SC2202.INE,0
2021-12-29,497.0,498.0,489.3,493.4,148949,39188,SC2202.INE,0
2021-12-30,490.3,501.1,488.9,498.6,183633,35976,SC2202.INE,0
2021-12-31,496.0,501.7,490.3,499.0,141418,32206,SC2202.INE,0
2022-01-04,494.8,497.0,491.0,494.1,47269,30206,SC2202.INE,0
2022-01-05,496.8,505.2,495.4,502.8,134441,30763,SC2202.INE,0
2022-01-06,503.3,509.5,498.3,501.0,113525,28042,SC2202.INE,0
2022-01-07,512.6,519.7,511.4,519.4,120332,24669,SC2202.INE,0
2022-01-10,516.8,517.5,506.5,512.0,92155,14844,SC2202.INE,0
2022-01-11,508.9,513.1,504.2,504.6,46818,8209,SC2202.INE,0
2022-01-12,510.6,522.1,507.2,518.4,158691,45356,SC2203.INE,1
2022-01-13,519.4,527.8,519.1,524.1,124782,47714,SC2203.INE,0
2022-01-14,523.2,528.6,521.2,527.0,128615,51791,SC2203.INE,0
2022-01-17,528.8,537.7,524.3,534.8,162814,51570,SC2203.INE,0
2022-01-18,532.8,544.9,529.5,543.4,109890,56034,SC2203.INE,0
2022-01-19,541.1,552.3,538.8,544.6,169080,53224,SC2203.INE,0
2022-01-20,545.5,552.0,539.7,545.4,146296,53696,SC2203.INE,0
2022-01-21,544.4,551.6,527.7,536.4,183939,51447,SC2203.INE,0
2022-01-24,537.3,547.8,534.5,543.8,163670,49769,SC2203.INE,0
2022-01-25,540.7,540.9,522.5,533.8,240361,45387,SC2203.INE,0
2022-01-26,530.7,540.3,528.1,539.1,151929,36250,SC2203.INE,0
2022-01-27,544.0,549.7,539.5,542.6,122569,33647,SC2203.INE,0
2022-01-28,551.0,551.2,532.5,534.5,126600,26406,SC2203.INE,0
2022-02-07,560.0,571.6,558.2,566.9,41203,28773,SC2203.INE,0
2022-02-08,562.0,562.8,553.3,558.4,93369,27237,SC2203.INE,0
2022-02-09,549.0,552.3,543.7,544.4,90885,23375,SC2203.INE,0
2022-02-10,544.4,553.7,541.9,549.7,82384,21494,SC2203.INE,0
2022-02-11,554.6,560.8,544.7,546.1,78802,19384,SC2203.INE,0
2022-02-14,560.0,582.0,557.1,576.8,132879,45977,SC2204.INE,1
2022-02-15,566.0,578.0,564.0,577.7,142518,49746,SC2204.INE,0
2022-02-16,563.3,568.4,553.6,562.1,188973,48488,SC2204.INE,0
2022-02-17,568.0,573.9,550.0,565.9,173264,49402,SC2204.INE,0
2022-02-18,564.5,570.1,559.5,567.3,198957,50798,SC2204.INE,0
2022-02-21,559.5,579.1,556.2,569.5,239083,51239,SC2204.INE,0
2022-02-22,573.4,597.5,572.6,596.9,177226,54840,SC2204.INE,0
2022-02-23,593.2,596.6,584.0,590.0,178329,52079,SC2204.INE,0
2022-02-24,590.0,624.4,587.8,620.8,266122,49643,SC2204.INE,0
2022-02-25,635.0,637.0,608.3,612.3,275761,42271,SC2204.INE,0
2022-02-28,599.6,622.2,586.2,621.2,257846,38230,SC2204.INE,0
2022-03-01,609.9,625.5,608.1,622.8,173902,36771,SC2204.INE,0
2022-03-02,642.9,663.9,633.9,663.9,246876,42995,SC2204.INE,0
2022-03-03,678.0,719.9,669.1,719.9,230032,38679,SC2204.INE,0
2022-03-04,729.8,732.9,683.7,693.2,263674,37148,SC2204.INE,0
2022-03-07,706.0,761.4,700.8,761.4,136345,38444,SC2204.INE,0
2022-03-08,761.6,803.0,733.2,785.0,270165,37263,SC2204.INE,0
2022-03-09,781.9,823.6,768.2,806.6,247280,36586,SC2204.INE,0
2022-03-10,760.0,775.8,700.3,700.3,191044,34148,SC2204.INE,0
2022-03-11,712.0,731.8,660.3,683.0,268524,32716,SC2204.INE,0
2022-03-14,679.0,696.6,667.7,683.5,169079,29469,SC2204.INE,0
2022-03-15,674.4,675.6,618.0,628.1,223676,28224,SC2204.INE,0
2022-03-16,624.7,641.0,606.1,632.9,199261,27374,SC2204.INE,0
2022-03-17,629.0,635.7,604.7,619.4,140686,23523,SC2204.INE,0
2022-03-18,639.7,679.6,638.5,676.0,86749,18284,SC2204.INE,0
2022-03-21,660.5,684.9,653.2,676.1,184351,28359,SC2205.INE,1
2022-03-22,683.9,722.7,682.2,713.0,194842,31434,SC2205.INE,0
2022-03-23,704.3,712.5,690.3,699.0,226311,30701,SC2205.INE,0
2022-03-24,722.2,747.7,720.1,723.0,221178,31388,SC2205.INE,0
2022-03-25,731.2,733.8,709.5,722.6,218040,31079,SC2205.INE,0
2022-03-28,706.5,734.8,698.4,704.9,266981,27798,SC2205.INE,0
2022-03-29,697.6,697.6,673.3,677.8,245505,28431,SC2205.INE,0
2022-03-30,642.0,690.9,638.0,690.7,269101,27135,SC2205.INE,0
2022-03-31,695.0,701.5,661.1,675.1,216920,25559,SC2205.INE,0
2022-04-01,664.1,681.6,647.4,648.7,233864,23017,SC2205.INE,0
2022-04-06,663.2,680.8,660.5,677.1,57806,24435,SC2205.INE,0
2022-04-07,680.0,680.7,623.3,628.7,246482,28556,SC2205.INE,0
2022-04-08,626.7,632.0,602.4,625.6,228551,29833,SC2205.INE,0
2022-04-11,627.5,641.1,615.1,624.6,180614,27104,SC2205.INE,0
2022-04-12,610.0,636.8,606.8,635.4,176449,27307,SC2205.INE,0
2022-04-13,637.4,655.9,635.8,650.5,147922,25635,SC2205.INE,0
2022-04-14,662.2,675.0,652.7,666.0,135255,23878,SC2205.INE,0
2022-04-15,662.9,693.7,661.1,690.2,115528,21941,SC2205.INE,0
2022-04-18,693.0,704.7,683.4,695.7,60501,19421,SC2205.INE,0
2022-04-19,698.2,711.8,693.3,695.9,154448,35010,SC2206.INE,1
2022-04-20,684.9,687.0,665.0,676.6,226790,32685,SC2206.INE,0
2022-04-21,676.6,684.2,658.6,682.4,227251,32179,SC2206.INE,0
2022-04-22,675.8,693.4,665.5,674.0,233243,32082,SC2206.INE,0
2022-04-25,676.0,677.0,631.1,635.2,225190,30877,SC2206.INE,0
2022-04-26,630.0,648.1,619.0,642.1,216816,27309,SC2206.INE,0
2022-04-27,644.1,666.4,643.2,664.7,231518,26676,SC2206.INE,0
2022-04-28,656.9,662.1,639.3,652.8,228410,25187,SC2206.INE,0
2022-04-29,655.3,682.5,653.4,673.4,188675,22387,SC2206.INE,0
2022-05-05,690.0,698.8,686.6,693.1,42571,23251,SC2206.INE,0
2022-05-06,700.6,713.0,683.1,697.7,197279,23684,SC2206.INE,0
2022-05-09,701.5,716.4,692.3,702.7,210305,23787,SC2206.INE,0
2022-05-10,695.0,702.3,646.8,657.4,244782,22658,SC2206.INE,0
2022-05-11,661.0,667.5,641.5,661.2,230761,22691,SC2206.INE,0
2022-05-12,664.0,688.6,663.1,678.7,206364,20288,SC2206.INE,0
2022-05-13,678.0,703.0,676.1,690.6,171172,19037,SC2206.INE,0
2022-05-16,706.9,716.7,696.5,702.5,142445,18162,SC2206.INE,0
2022-05-17,708.1,734.5,705.4,729.9,124835,16655,SC2206.INE,0
2022-05-18,729.3,732.6,707.6,711.7,95093,11876,SC2206.INE,0
2022-05-19,711.4,714.0,682.1,694.4,260010,32677,SC2207.INE,1
2022-05-20,668.0,703.9,667.0,697.9,266582,32912,SC2207.INE,0
2022-05-23,700.4,709.1,690.2,706.0,210143,34102,SC2207.INE,0
2022-05-24,706.0,706.0,684.1,685.8,216242,34778,SC2207.INE,0
2022-05-25,696.1,713.2,692.5,709.4,213439,35794,SC2207.INE,0
2022-05-26,710.0,716.8,701.4,714.9,178375,36310,SC2207.INE,0
2022-05-27,716.1,742.7,713.4,730.3,175685,38352,SC2207.INE,0
2022-05-30,728.0,744.2,724.0,734.8,163744,36974,SC2207.INE,0
2022-05-31,736.3,760.2,734.0,757.2,122120,36732,SC2207.INE,0
2022-06-01,758.5,763.5,725.1,734.9,228051,33750,SC2207.INE,0
2022-06-02,736.0,744.6,710.0,714.5,203933,30233,SC2207.INE,0
2022-06-06,756.1,757.8,743.0,750.2,52101,31614,SC2207.INE,0
2022-06-07,744.9,755.6,741.2,753.9,138492,32627,SC2207.INE,0
2022-06-08,748.9,759.7,742.0,758.0,156159,33259,SC2207.INE,0
2022-06-09,762.8,783.4,757.2,770.1,164872,34291,SC2207.INE,0
2022-06-10,770.0,775.9,761.2,767.9,133797,32530,SC2207.INE,0
2022-06-13,770.5,771.0,747.1,753.5,199443,30637,SC2207.INE,0
2022-06-14,757.0,778.3,748.2,774.8,198833,30927,SC2207.INE,0
2022-06-15,780.0,787.2,756.1,758.0,180194,28403,SC2207.INE,0
2022-06-16,757.9,760.3,740.8,745.4,168045,24071,SC2207.INE,0
2022-06-17,733.9,738.9,717.0,738.0,146111,17438,SC2207.INE,0
2022-06-20,732.4,733.7,687.0,692.9,302822,36648,SC2208.INE,1
2022-06-21,692.9,714.3,690.0,708.2,166119,35636,SC2208.INE,0
2022-06-22,712.0,721.2,682.9,683.9,234871,39152,SC2208.INE,0
2022-06-23,676.0,703.3,672.5,694.4,284977,40444,SC2208.INE,0
2022-06-24,698.6,706.2,670.2,675.1,292048,41656,SC2208.INE,0
2022-06-27,690.5,703.7,676.3,700.5,258983,39533,SC2208.INE,0
2022-06-28,702.1,729.0,693.3,727.6,231393,37218,SC2208.INE,0
2022-06-29,728.7,736.2,719.7,727.7,219041,32812,SC2208.INE,0
2022-06-30,743.3,747.6,720.4,720.6,201127,29260,SC2208.INE,0
2022-07-01,722.1,724.1,693.9,696.6,242438,28440,SC2208.INE,0
2022-07-04,716.4,719.2,702.8,716.9,207050,31372,SC2208.INE,0
2022-07-05,723.9,736.6,719.1,723.0,138248,33871,SC2208.INE,0
2022-07-06,714.4,714.7,658.1,676.0,377837,34498,SC2208.INE,0
2022-07-07,673.8,673.8,631.7,642.3,334908,33968,SC2208.INE,0
2022-07-08,651.4,685.7,651.2,678.1,258762,30686,SC2208.INE,0
2022-07-11,681.0,695.7,677.9,680.3,244690,30455,SC2208.INE,0
2022-07-12,669.6,689.3,667.7,677.4,208966,29402,SC2208.INE,0
2022-07-13,663.8,667.4,639.6,658.5,219653,26720,SC2208.INE,0
2022-07-14,646.4,659.3,641.9,650.3,189891,24691,SC2208.INE,0
2022-07-15,647.3,655.9,621.0,648.0,202787,22682,SC2208.INE,0
2022-07-18,665.0,683.1,655.3,683.0,127407,15300,SC2208.INE,0
2022-07-19,660.0,672.4,659.5,663.1,210653,50389,SC2209.INE,1
2022-07-20,652.4,672.8,646.1,662.2,256974,52505,SC2209.INE,0
2022-07-21,660.1,669.6,656.0,659.7,218898,53574,SC2209.INE,0
2022-07-22,646.0,660.7,643.2,659.9,259257,53878,SC2209.INE,0
2022-07-25,647.0,664.2,637.2,639.6,263672,52738,SC2209.INE,0
2022-07-26,652.9,681.5,648.0,678.5,216500,54265,SC2209.INE,0
2022-07-27,679.2,682.7,652.3,659.9,214878,48354,SC2209.INE,0
2022-07-28,663.3,691.8,654.6,690.7,231351,46082,SC2209.INE,0
2022-07-29,691.2,691.3,675.7,686.6,213163,41643,SC2209.INE,0
2022-08-01,695.7,711.7,687.3,692.1,205426,36729,SC2209.INE,0
2022-08-02,680.2,681.4,663.4,681.0,238704,32378,SC2209.INE,0
2022-08-03,680.1,689.9,675.3,677.8,203495,31801,SC2209.INE,0
2022-08-04,692.8,692.8,655.0,657.7,215806,31642,SC2209.INE,0
2022-08-05,660.1,660.2,643.6,653.0,155469,31275,SC2209.INE,0
2022-08-08,646.0,668.3,642.3,665.2,165875,28455,SC2209.INE,0
2022-08-09,654.9,675.4,653.0,671.3,131645,27586,SC2209.INE,0
2022-08-10,682.0,684.4,671.4,675.5,119188,25910,SC2209.INE,0
2022-08-11,678.4,693.6,666.2,691.1,139603,25329,SC2209.INE,0
2022-08-12,698.9,705.0,691.0,703.6,92978,24611,SC2209.INE,0
2022-08-15,696.6,700.7,691.0,697.2,97031,21609,SC2209.INE,0
2022-08-16,673.5,691.6,672.0,687.6,72892,18029,SC2209.INE,0
2022-08-17,662.9,670.3,654.2,663.4,145434,39577,SC2210.INE,1
2022-08-18,661.4,682.2,660.2,679.1,168414,44110,SC2210.INE,0
2022-08-19,688.5,703.6,684.8,692.7,165545,47423,SC2210.INE,0
2022-08-22,689.6,709.6,689.2,699.3,156505,47340,SC2210.INE,0
2022-08-23,702.0,713.5,686.0,712.8,184052,47431,SC2210.INE,0
2022-08-24,715.0,734.8,711.5,734.1,162118,51209,SC2210.INE,0
2022-08-25,734.0,752.4,730.1,745.2,200700,48421,SC2210.INE,0
2022-08-26,744.5,750.8,732.1,740.0,151698,44563,SC2210.INE,0
2022-08-29,732.5,736.3,719.6,729.5,185594,41819,SC2210.INE,0
2022-08-30,733.1,747.4,729.7,736.7,130185,42524,SC2210.INE,0
2022-08-31,723.0,728.0,712.6,716.5,144205,37870,SC2210.INE,0
2022-09-01,701.8,714.4,695.4,698.9,148610,34820,SC2210.INE,0
2022-09-02,694.1,702.0,688.8,695.4,136414,33785,SC2210.INE,0
2022-09-05,701.5,704.9,687.2,703.9,135891,32931,SC2210.INE,0
2022-09-06,709.7,715.4,699.0,703.5,94958,31911,SC2210.INE,0
2022-09-07,692.6,699.0,680.0,684.1,120851,29007,SC2210.INE,0
2022-09-08,686.8,686.8,663.1,664.9,132491,25490,SC2210.INE,0
2022-09-09,665.7,675.0,661.1,672.0,105443,18446,SC2210.INE,0
2022-09-13,699.0,725.4,688.6,703.9,33978,8123,SC2210.INE,0
2022-09-14,644.9,653.6,636.7,646.5,162182,36786,SC2211.INE,1
2022-09-15,649.0,680.3,647.4,675.9,189650,39617,SC2211.INE,0
2022-09-16,671.0,672.6,661.5,663.5,148784,37385,SC2211.INE,0
2022-09-19,661.3,662.6,634.1,634.7,179200,38120,SC2211.INE,0
2022-09-20,624.8,645.4,623.5,642.1,132815,36116,SC2211.INE,0
2022-09-21,643.3,660.8,633.6,660.0,172332,36030,SC2211.INE,0
2022-09-22,655.9,660.8,640.3,652.1,163377,33859,SC2211.INE,0
2022-09-23,660.6,664.8,649.1,651.1,143426,34278,SC2211.INE,0
2022-09-26,640.4,641.3,607.1,610.3,174453,36910,SC2211.INE,0
2022-09-27,616.3,623.3,602.3,608.8,146265,34803,SC2211.INE,0
2022-09-28,610.8,620.5,605.0,608.5,145423,33218,SC2211.INE,0
2022-09-29,620.5,637.8,616.9,630.9,128869,28137,SC2211.INE,0
2022-09-30,636.1,638.0,626.0,634.4,106564,23436,SC2211.INE,0
2022-10-10,705.0,705.9,694.1,701.9,40685,21862,SC2211.INE,0
2022-10-11,701.7,709.5,693.5,695.3,81258,21281,SC2211.INE,0
2022-10-12,692.7,694.5,679.5,690.9,76277,20048,SC2211.INE,0
2022-10-13,685.7,689.5,679.6,685.3,70499,19138,SC2211.INE,0
2022-10-14,679.7,694.7,678.6,690.1,63913,15860,SC2211.INE,0
2022-10-17,677.5,678.8,665.9,671.0,114703,29106,SC2212.INE,1
2022-10-18,671.9,677.6,663.0,675.7,108433,30533,SC2212.INE,0
2022-10-19,671.8,673.0,655.7,662.6,140660,30213,SC2212.INE,0
2022-10-20,667.4,676.9,660.6,672.4,144985,33675,SC2212.INE,0
2022-10-21,672.0,680.2,663.0,664.0,135036,31988,SC2212.INE,0
2022-10-24,664.0,681.7,662.8,666.2,150797,31405,SC2212.INE,0
2022-10-25,661.9,677.2,661.7,673.1,138481,32076,SC2212.INE,0
2022-10-26,672.5,679.5,665.7,666.7,120391,31169,SC2212.INE,0
2022-10-27,674.2,686.2,671.8,678.9,132871,31520,SC2212.INE,0
2022-10-28,686.4,692.8,684.1,684.6,108944,32414,SC2212.INE,0
2022-10-31,686.9,690.4,676.6,679.8,121496,27186,SC2212.INE,0
2022-11-01,677.6,696.1,674.8,692.4,123793,28574,SC2212.INE,0
2022-11-02,696.8,703.1,690.2,698.5,92078,30311,SC2212.INE,0
2022-11-03,694.7,703.1,687.9,701.8,100952,31711,SC2212.INE,0
2022-11-04,698.4,711.9,693.5,710.5,99869,31539,SC2212.INE,0
2022-11-07,718.0,722.5,711.0,714.9,85884,31685,SC2212.INE,0
2022-11-08,718.0,721.5,712.1,714.7,77253,29797,SC2212.INE,0
2022-11-09,714.0,714.4,684.7,689.9,104123,24669,SC2212.INE,0
2022-11-10,683.9,688.0,666.8,670.7,91404,23702,SC2212.INE,0
2022-11-11,668.1,681.7,667.8,677.2,104577,21345,SC2212.INE,0
2022-11-14,680.5,684.6,661.6,665.1,91876,18568,SC2212.INE,0
2022-11-15,663.0,670.3,644.4,649.7,62488,16176,SC2212.INE,0
2022-11-16,644.7,648.7,637.2,640.2,120185,36096,SC2301.INE,1
2022-11-17,643.6,645.2,624.8,628.9,123145,40086,SC2301.INE,0
2022-11-18,625.3,629.6,615.8,618.1,131671,41746,SC2301.INE,0
2022-11-21,609.7,611.1,592.7,600.2,175826,44884,SC2301.INE,0
2022-11-22,600.2,602.4,571.1,593.5,202001,45900,SC2301.INE,0
2022-11-23,600.5,607.1,594.5,597.0,120611,44662,SC2301.INE,0
2022-11-24,586.0,586.4,569.2,570.1,163499,49334,SC2301.INE,0
2022-11-25,571.2,576.7,567.4,572.6,113299,46919,SC2301.INE,0
2022-11-28,578.7,579.7,540.8,548.2,156833,44971,SC2301.INE,0
2022-11-29,544.8,585.3,543.5,573.6,171362,38256,SC2301.INE,0
2022-11-30,576.7,580.3,562.3,570.6,150039,36550,SC2301.INE,0
2022-12-01,576.5,585.3,570.3,572.0,125464,35569,SC2301.INE,0
2022-12-02,579.5,586.4,566.0,572.5,127198,34616,SC2301.INE,0
2022-12-05,575.3,580.9,555.6,558.6,156328,35105,SC2301.INE,0
2022-12-06,569.0,574.6,536.7,544.2,167076,33354,SC2301.INE,0
2022-12-07,536.0,538.3,513.3,515.0,173994,30868,SC2301.INE,0
2022-12-08,518.7,525.4,502.1,511.7,176450,28012,SC2301.INE,0
2022-12-09,518.6,519.0,495.6,501.0,163639,23214,SC2301.INE,0
2022-12-12,501.8,508.7,495.0,499.3,83837,12260,SC2301.INE,0
2022-12-13,503.9,528.5,501.4,527.4,201067,44871,SC2302.INE,1
2022-12-14,525.8,534.5,522.4,529.4,170471,43973,SC2302.INE,0
2022-12-15,531.5,543.0,531.1,536.9,153268,40450,SC2302.INE,0
2022-12-16,540.8,543.2,529.5,536.2,175222,39610,SC2302.INE,0
2022-12-19,529.2,539.9,518.6,533.5,190648,36480,SC2302.INE,0
2022-12-20,533.5,544.3,530.3,535.7,148353,35051,SC2302.INE,0
2022-12-21,535.8,543.2,527.9,542.3,143551,35053,SC2302.INE,0
2022-12-22,550.2,552.9,544.2,546.4,115513,34756,SC2302.INE,0
2022-12-23,552.1,554.5,540.1,544.4,127914,34138,SC2302.INE,0
2022-12-26,549.8,566.0,549.4,559.4,114702,34215,SC2302.INE,0
2022-12-27,559.0,568.9,555.7,566.4,63151,32284,SC2302.INE,0
2022-12-28,564.4,571.6,559.6,559.7,101256,31646,SC2302.INE,0
2022-12-29,560.0,562.4,547.5,552.2,106694,27967,SC2302.INE,0
2022-12-30,553.6,563.0,546.9,562.8,104157,24285,SC2302.INE,0
2023-01-03,568.2,571.5,563.3,567.1,29554,19216,SC2302.INE,0
2023-01-04,562.1,563.0,533.6,538.0,57189,10648,SC2302.INE,0
2023-01-05,530.0,534.2,522.5,524.1,143079,36733,SC2303.INE,1
2023-01-06,526.9,531.8,519.4,528.8,143323,36664,SC2303.INE,0
2023-01-09,523.5,534.1,522.0,526.3,145187,36737,SC2303.INE,0
2023-01-10,534.0,534.8,519.1,522.1,124944,38505,SC2303.INE,0
2023-01-11,525.5,528.2,517.1,519.8,132225,39089,SC2303.INE,0
2023-01-12,525.0,536.4,523.6,530.8,148651,38061,SC2303.INE,0
2023-01-13,535.6,539.8,530.8,538.0,133595,38796,SC2303.INE,0
2023-01-16,538.5,545.3,536.7,542.3,112955,35672,SC2303.INE,0
2023-01-17,543.9,550.6,538.9,547.3,92113,33014,SC2303.INE,0
2023-01-18,553.0,566.1,552.9,563.5,107287,30256,SC2303.INE,0
2023-01-19,568.2,568.2,544.1,549.3,106186,25953,SC2303.INE,0
2023-01-20,551.3,564.5,549.5,563.9,94337,23213,SC2303.INE,0
2023-01-30,562.0,563.7,550.0,552.4,29861,22816,SC2303.INE,0
2023-01-31,554.9,557.0,539.6,540.5,99683,22771,SC2303.INE,0
2023-02-01,539.2,554.1,538.1,551.4,81967,21961,SC2303.INE,0
2023-02-02,551.5,553.7,531.7,534.2,108121,22422,SC2303.INE,0
2023-02-03,531.7,538.8,525.3,531.9,109377,22800,SC2303.INE,0
2023-02-06,532.9,545.8,515.4,518.6,147379,24262,SC2303.INE,0
2023-02-07,522.0,532.9,513.8,530.3,114848,22974,SC2303.INE,0
2023-02-08,529.2,545.3,527.1,544.6,102360,22370,SC2303.INE,0
2023-02-09,546.0,556.8,543.9,554.8,90676,19332,SC2303.INE,0
2023-02-10,552.8,556.3,546.6,554.0,88306,15586,SC2303.INE,0
2023-02-13,565.0,567.8,557.0,563.0,66578,12677,SC2303.INE,0
2023-02-14,559.9,568.9,556.9,566.9,115083,33799,SC2304.INE,1
2023-02-15,565.1,566.3,552.9,562.3,149425,33795,SC2304.INE,0
2023-02-16,562.1,575.2,555.8,574.2,143508,35845,SC2304.INE,0
2023-02-17,571.5,574.6,563.2,564.3,117885,35442,SC2304.INE,0
2023-02-20,557.8,558.6,547.4,556.6,155136,35298,SC2304.INE,0
2023-02-21,557.7,559.5,546.5,548.0,108280,37293,SC2304.INE,0
2023-02-22,550.1,553.5,542.4,546.0,149224,35856,SC2304.INE,0
2023-02-23,546.2,551.2,533.8,534.9,142041,39034,SC2304.INE,0
2023-02-24,539.5,552.9,537.6,551.9,137993,35262,SC2304.INE,0
2023-02-27,551.1,555.3,541.5,547.9,158223,30485,SC2304.INE,0
2023-02-28,548.5,549.0,542.0,548.2,113646,29050,SC2304.INE,0
2023-03-01,551.8,559.8,551.7,557.6,109882,30820,SC2304.INE,0
2023-03-02,552.7,562.0,549.0,559.0,135846,30537,SC2304.INE,0
2023-03-03,562.0,569.6,561.0,568.3,99507,30338,SC2304.INE,0
2023-03-06,568.1,575.2,555.3,570.6,146804,30312,SC2304.INE,0
2023-03-07,568.4,589.7,568.0,582.8,107012,32115,SC2304.INE,0
2023-03-08,580.3,580.9,563.6,564.7,139643,30287,SC2304.INE,0
2023-03-09,563.7,565.2,556.7,560.7,122333,30060,SC2304.INE,0
2023-03-10,560.2,568.2,545.4,546.0,138167,32486,SC2304.INE,0
2023-03-13,546.9,558.3,545.1,552.6,151605,29611,SC2304.INE,0
2023-03-14,522.3,544.8,522.2,529.5,155473,28225,SC2304.INE,0
2023-03-15,528.5,536.6,517.5,522.6,145248,27859,SC2304.INE,0
2023-03-16,506.3,507.8,485.2,493.8,189747,25192,SC2304.INE,0
2023-03-17,493.6,505.2,483.2,498.5,133987,21370,SC2304.INE,0
2023-03-20,497.0,502.9,480.6,481.5,268331,54567,SC2305.INE,1
2023-03-21,491.0,497.5,485.4,492.8,239170,53664,SC2305.INE,0
2023-03-22,499.9,505.4,498.1,503.5,186406,51179,SC2305.INE,0
2023-03-23,507.0,513.3,502.1,507.0,186045,46534,SC2305.INE,0
2023-03-24,509.0,515.6,500.5,508.0,189666,43012,SC2305.INE,0
2023-03-27,497.0,507.8,494.0,507.7,211047,44245,SC2305.INE,0
2023-03-28,510.1,522.6,509.2,519.7,155048,38545,SC2305.INE,0
2023-03-29,519.7,527.5,517.6,526.2,136532,35259,SC2305.INE,0
2023-03-30,528.8,530.2,519.3,523.3,154678,33156,SC2305.INE,0
2023-03-31,525.0,529.8,521.5,527.4,128679,32585,SC2305.INE,0
2023-04-03,529.2,572.7,527.6,569.7,167785,32259,SC2305.INE,0
2023-04-04,573.8,583.7,570.0,583.4,124834,29304,SC2305.INE,0
2023-04-06,580.0,585.7,577.4,584.2,36231,28070,SC2305.INE,0
2023-04-07,585.4,593.6,581.4,592.0,102614,27538,SC2305.INE,0
2023-04-10,592.0,595.3,585.3,587.9,56966,25871,SC2305.INE,0
2023-04-11,582.0,590.5,580.9,588.6,84715,24326,SC2305.INE,0
2023-04-12,585.0,596.3,583.8,593.8,81578,23274,SC2305.INE,0
2023-04-13,596.9,606.5,594.4,601.0,81029,20357,SC2305.INE,0
2023-04-14,600.3,602.5,592.0,596.2,63761,17086,SC2305.INE,0
2023-04-17,596.9,602.8,592.4,601.3,48270,13544,SC2305.INE,0
2023-04-18,590.1,591.9,580.5,587.1,125631,33882,SC2306.INE,1
2023-04-19,582.4,588.3,578.3,580.8,132831,34252,SC2306.INE,0
2023-04-20,576.4,576.7,564.7,567.0,155160,35254,SC2306.INE,0
2023-04-21,564.1,565.6,554.1,554.2,142994,32638,SC2306.INE,0
2023-04-24,558.4,564.4,553.0,553.9,131135,30550,SC2306.INE,0
2023-04-25,556.2,571.0,554.8,567.9,123406,29942,SC2306.INE,0
2023-04-26,563.6,564.6,549.3,556.9,152286,25218,SC2306.INE,0
2023-04-27,549.1,550.1,524.5,526.1,169284,30828,SC2306.INE,0
2023-04-28,525.9,532.3,523.8,531.7,130659,25645,SC2306.INE,0
2023-05-04,488.0,499.2,488.0,496.9,55512,28465,SC2306.INE,0
2023-05-05,494.0,497.8,485.3,495.1,142289,32000,SC2306.INE,0
2023-05-08,500.3,514.0,499.8,513.9,120938,31725,SC2306.INE,0
2023-05-09,518.0,523.3,515.0,515.6,91194,28912,SC2306.INE,0
2023-05-10,516.0,524.5,508.4,519.4,122016,27784,SC2306.INE,0
2023-05-11,523.1,523.8,505.2,513.0,137300,28282,SC2306.INE,0
2023-05-12,505.7,508.2,494.5,494.8,134633,28502,SC2306.INE,0
2023-05-15,501.8,506.3,489.7,494.4,134845,26172,SC2306.INE,0
2023-05-16,497.2,510.3,497.2,503.6,82244,20653,SC2306.INE,0
2023-05-17,505.6,511.2,496.9,498.0,72466,16486,SC2306.INE,0
2023-05-18,506.8,520.5,506.0,518.0,168648,38442,SC2307.INE,1
2023-05-19,514.9,525.8,512.4,523.9,154783,40406,SC2307.INE,0
2023-05-22,529.0,529.6,505.7,507.0,181390,40109,SC2307.INE,0
2023-05-23,511.5,520.0,509.8,515.5,146257,37001,SC2307.INE,0
2023-05-24,522.7,529.4,518.3,527.0,122708,36007,SC2307.INE,0
2023-05-25,528.4,534.7,523.2,531.5,144900,33033,SC2307.INE,0
2023-05-26,526.9,527.2,513.3,521.9,153732,30376,SC2307.INE,0
2023-05-29,525.5,535.6,524.5,532.1,125191,27756,SC2307.INE,0
2023-05-30,526.0,538.6,522.7,529.7,90857,26887,SC2307.INE,0
2023-05-31,520.6,521.4,502.7,503.9,148717,29466,SC2307.INE,0
2023-06-01,491.5,506.9,489.9,505.9,143690,29363,SC2307.INE,0
2023-06-02,502.8,518.8,497.8,518.3,141946,28540,SC2307.INE,0
2023-06-05,523.2,530.0,517.9,527.8,131353,27140,SC2307.INE,0
2023-06-06,532.0,532.4,523.2,525.0,131853,26518,SC2307.INE,0
2023-06-07,521.8,528.3,518.2,523.7,124565,27992,SC2307.INE,0
2023-06-08,531.0,537.2,527.8,535.6,112048,28741,SC2307.INE,0
2023-06-09,537.6,538.1,514.7,525.5,174571,26904,SC2307.INE,0
2023-06-12,529.8,533.4,513.8,514.5,133293,27898,SC2307.INE,0
2023-06-13,506.7,510.8,501.5,507.9,119427,26860,SC2307.INE,0
2023-06-14,515.0,524.7,514.0,524.4,83262,23133,SC2307.INE,0
2023-06-15,526.5,527.9,512.5,516.0,87466,19560,SC2307.INE,0
2023-06-16,520.0,531.8,519.4,531.1,131950,28550,SC2308.INE,1
2023-06-19,534.3,535.3,525.0,529.9,142107,27689,SC2308.INE,0
2023-06-20,535.0,538.2,531.1,534.8,96381,27606,SC2308.INE,0
2023-06-21,532.7,554.8,527.8,551.2,203340,29787,SC2308.INE,0
2023-06-26,543.1,546.1,535.7,543.3,46544,28596,SC2308.INE,0
2023-06-27,540.0,546.3,536.6,543.2,122043,26607,SC2308.INE,0
2023-06-28,536.0,541.5,530.3,534.0,141623,27332,SC2308.INE,0
2023-06-29,531.9,545.1,530.0,542.6,143196,25971,SC2308.INE,0
2023-06-30,542.8,549.4,540.2,546.1,127949,26528,SC2308.INE,0
2023-07-03,549.6,555.5,547.4,550.6,107109,26655,SC2308.INE,0
2023-07-04,556.1,557.0,546.5,549.0,128267,26938,SC2308.INE,0
2023-07-05,553.7,556.6,551.1,553.0,84514,26538,SC2308.INE,0
2023-07-06,555.5,561.4,553.9,557.9,119658,26919,SC2308.INE,0
2023-07-07,555.8,563.8,549.7,560.8,144665,27276,SC2308.INE,0
2023-07-10,560.0,570.6,555.7,567.2,117165,28442,SC2308.INE,0
2023-07-11,566.0,571.9,565.1,567.6,102747,27844,SC2308.INE,0
2023-07-12,568.6,578.3,568.0,574.3,101488,27000,SC2308.INE,0
2023-07-13,577.4,580.9,575.5,580.0,100787,24674,SC2308.INE,0
2023-07-14,578.4,591.5,576.3,586.5,97919,21562,SC2308.INE,0
2023-07-17,587.5,588.2,574.8,576.7,75383,19060,SC2308.INE,0
2023-07-18,573.2,577.9,570.9,573.6,136176,40003,SC2309.INE,1
2023-07-19,573.7,584.7,573.4,584.0,150647,42705,SC2309.INE,0
2023-07-20,587.3,594.4,582.0,583.7,170738,40655,SC2309.INE,0
2023-07-21,584.7,589.6,576.8,588.8,174451,41693,SC2309.INE,0
2023-07-24,591.0,592.5,585.1,589.6,147832,40195,SC2309.INE,0
2023-07-25,595.5,603.1,592.1,601.5,154301,43463,SC2309.INE,0
2023-07-26,598.2,606.2,596.0,602.7,136982,41890,SC2309.INE,0
2023-07-27,599.9,606.7,599.1,603.2,156777,40245,SC2309.INE,0
2023-07-28,606.3,610.2,602.6,607.4,178659,40904,SC2309.INE,0
2023-07-31,608.4,612.1,602.4,610.8,174470,40135,SC2309.INE,0
2023-08-01,614.6,621.3,613.8,619.5,136310,41694,SC2309.INE,0
2023-08-02,618.0,627.6,615.6,625.0,149918,40395,SC2309.INE,0
2023-08-03,623.9,624.1,605.4,605.5,195465,33616,SC2309.INE,0
2023-08-04,612.0,624.2,610.5,622.1,159999,35232,SC2309.INE,0
2023-08-07,623.2,632.2,620.1,628.7,146580,37540,SC2309.INE,0
2023-08-08,625.8,628.5,621.1,621.4,121618,34352,SC2309.INE,0
2023-08-09,614.6,633.8,614.6,631.3,155098,36001,SC2309.INE,0
2023-08-10,636.6,642.8,633.2,640.2,151699,37526,SC2309.INE,0
2023-08-11,637.8,642.6,635.0,642.2,140374,35671,SC2309.INE,0
2023-08-14,647.4,673.6,644.0,656.7,211907,30840,SC2309.INE,0
2023-08-15,655.9,665.7,651.9,662.9,131681,28480,SC2309.INE,0
2023-08-16,656.0,661.2,652.4,654.2,103464,23623,SC2309.INE,0
2023-08-17,658.0,661.0,649.2,654.4,81869,19426,SC2309.INE,0
2023-08-18,639.8,643.7,636.3,638.7,117187,35553,SC2310.INE,1
2023-08-21,634.0,655.8,630.5,652.9,214602,39893,SC2310.INE,0
2023-08-22,654.1,654.6,639.5,640.1,140193,38675,SC2310.INE,0
2023-08-23,640.0,643.2,632.6,633.1,153434,38061,SC2310.INE,0
2023-08-24,627.0,630.6,618.4,623.1,184375,35649,SC2310.INE,0
2023-08-25,623.1,636.1,619.4,632.1,165408,33929,SC2310.INE,0
2023-08-28,636.0,640.7,625.8,637.3,189665,34278,SC2310.INE,0
2023-08-29,636.0,642.5,632.3,633.8,137758,32007,SC2310.INE,0
2023-08-30,637.9,645.4,630.0,644.5,147918,32571,SC2310.INE,0
2023-08-31,642.9,647.0,640.6,643.4,128124,30727,SC2310.INE,0
2023-09-01,649.6,655.5,644.1,654.1,133193,32944,SC2310.INE,0
2023-09-04,659.6,671.9,657.6,664.8,150426,32778,SC2310.INE,0
2023-09-05,664.7,672.4,662.4,670.2,86878,31766,SC2310.INE,0
2023-09-06,669.3,696.7,668.6,686.6,164841,32171,SC2310.INE,0
2023-09-07,686.0,698.8,682.4,691.7,142437,32026,SC2310.INE,0
2023-09-08,691.6,700.8,687.2,690.6,148294,31936,SC2310.INE,0
2023-09-11,697.3,703.2,685.4,686.4,168966,30602,SC2310.INE,0
2023-09-12,688.0,699.3,687.5,696.4,126270,29073,SC2310.INE,0
2023-09-13,702.2,712.5,702.2,707.9,97029,26985,SC2310.INE,0
2023-09-14,708.5,730.0,704.0,728.3,162649,22803,SC2310.INE,0
2023-09-15,735.0,758.0,730.4,735.8,112222,17272,SC2310.INE,0
2023-09-18,733.0,750.2,721.2,743.7,51228,9200,SC2310.INE,0
2023-09-19,705.8,708.5,693.3,699.6,138277,37851,SC2311.INE,1
2023-09-20,704.5,705.9,688.0,690.7,160745,37562,SC2311.INE,0
2023-09-21,691.7,699.5,683.9,685.2,154675,36838,SC2311.INE,0
2023-09-22,692.3,700.5,692.1,695.7,164831,35444,SC2311.INE,0
2023-09-25,700.3,701.5,684.4,692.2,193801,34468,SC2311.INE,0
2023-09-26,687.8,690.8,681.4,682.3,156135,31371,SC2311.INE,0
2023-09-27,684.6,708.7,683.1,701.3,147352,29634,SC2311.INE,0
2023-09-28,709.3,723.9,706.1,717.0,142313,28001,SC2311.INE,0
2023-10-09,668.5,689.0,653.0,656.8,71343,25471,SC2311.INE,0
2023-10-10,658.1,665.5,654.4,657.2,127900,23269,SC2311.INE,0
2023-10-11,659.9,663.1,651.5,662.4,128909,22871,SC2311.INE,0
2023-10-12,653.7,660.7,643.9,648.4,152574,20575,SC2311.INE,0
2023-10-13,658.0,660.7,645.1,656.7,149938,18054,SC2311.INE,0
2023-10-16,677.3,689.3,666.8,678.3,130556,15065,SC2311.INE,0
2023-10-17,682.8,682.8,668.4,674.2,98748,13767,SC2311.INE,0
2023-10-18,674.5,694.0,670.5,688.1,93053,10610,SC2311.INE,0
2023-10-19,681.2,688.3,678.8,683.4,147328,28738,SC2312.INE,1
2023-10-20,681.0,700.7,677.0,695.8,178372,32243,SC2312.INE,0
2023-10-23,698.6,699.4,682.6,685.6,172123,30869,SC2312.INE,0
2023-10-24,687.7,689.3,670.6,677.2,192011,29108,SC2312.INE,0
2023-10-25,676.4,676.5,660.0,661.4,187600,31337,SC2312.INE,0
2023-10-26,665.2,678.0,656.5,668.4,234521,29092,SC2312.INE,0
2023-10-27,659.8,670.8,656.6,670.0,197140,27699,SC2312.INE,0
2023-10-30,668.8,675.7,661.0,667.2,229563,25670,SC2312.INE,0
2023-10-31,665.5,666.0,649.1,653.8,200197,29626,SC2312.INE,0
2023-11-01,652.7,659.1,644.3,646.5,211653,29368,SC2312.INE,0
2023-11-02,655.5,657.6,641.5,649.0,195596,29159,SC2312.INE,0
2023-11-03,647.8,658.6,641.6,656.8,202328,27035,SC2312.INE,0
2023-11-06,660.1,661.0,641.0,645.8,234050,28086,SC2312.INE,0
2023-11-07,647.0,650.0,621.9,623.0,229782,29989,SC2312.INE,0
2023-11-08,618.8,621.2,601.9,607.9,205105,29797,SC2312.INE,0
2023-11-09,600.0,605.2,588.6,594.6,238260,30038,SC2312.INE,0
2023-11-10,596.4,604.6,592.1,596.6,182139,28932,SC2312.INE,0
2023-11-13,599.9,607.4,590.5,594.7,168206,27432,SC2312.INE,0
2023-11-14,599.0,607.8,596.8,604.7,126735,24256,SC2312.INE,0
2023-11-15,601.9,611.1,597.8,603.1,131730,19753,SC2312.INE,0
2023-11-16,600.0,601.0,582.7,588.6,136726,18146,SC2312.INE,0
2023-11-17,586.1,590.0,556.4,562.2,146098,14038,SC2312.INE,0
2023-11-20,570.6,587.6,569.0,586.7,213948,41801,SC2401.INE,1
2023-11-21,591.5,596.4,586.3,587.5,175959,41189,SC2401.INE,0
2023-11-22,588.4,595.8,584.8,591.2,212846,40430,SC2401.INE,0
2023-11-23,580.0,584.7,563.2,579.0,267460,40280,SC2401.INE,0
2023-11-24,579.0,584.7,572.2,583.6,185627,40430,SC2401.INE,0
2023-11-27,583.4,587.6,567.6,571.5,212988,40666,SC2401.INE,0
2023-11-28,572.5,579.2,566.6,571.2,211371,39095,SC2401.INE,0
2023-11-29,574.6,584.4,570.1,578.6,197930,35986,SC2401.INE,0
2023-11-30,588.6,590.8,574.1,589.4,247639,33714,SC2401.INE,0
2023-12-01,592.0,598.8,566.1,569.7,320463,36235,SC2401.INE,0
2023-12-04,571.9,579.4,549.2,553.2,252933,37741,SC2401.INE,0
2023-12-05,552.7,565.1,550.3,555.1,232423,34477,SC2401.INE,0
2023-12-06,554.0,562.3,546.6,554.1,241029,33694,SC2401.INE,0
2023-12-07,549.3,549.4,529.6,535.4,206736,36204,SC2401.INE,0
2023-12-08,536.6,558.4,536.3,548.5,255579,29634,SC2401.INE,0
2023-12-11,549.7,556.5,546.0,556.1,173966,28505,SC2401.INE,0
2023-12-12,551.8,555.6,543.5,554.6,162622,27171,SC2401.INE,0
2023-12-13,548.0,548.1,519.7,521.1,181224,28321,SC2401.INE,0
2023-12-14,527.0,534.3,524.5,529.6,130888,20876,SC2401.INE,0
2023-12-15,537.0,547.4,536.3,543.9,74458,17294,SC2401.INE,0
2023-12-18,549.5,552.6,537.5,552.1,208988,35175,SC2402.INE,1
2023-12-19,552.8,564.6,551.7,555.8,192060,35086,SC2402.INE,0
2023-12-20,553.0,564.1,552.9,563.0,175037,36796,SC2402.INE,0
2023-12-21,568.0,571.7,559.7,565.0,212287,36855,SC2402.INE,0
2023-12-22,559.0,569.4,551.0,566.6,231374,35078,SC2402.INE,0
2023-12-25,566.5,569.7,540.8,553.7,240761,35006,SC2402.INE,0
2023-12-26,553.8,562.7,552.5,558.9,112420,33828,SC2402.INE,0
2023-12-27,562.5,576.6,562.2,574.8,185793,33874,SC2402.INE,0
2023-12-28,572.0,573.5,561.9,564.3,200599,31079,SC2402.INE,0
2023-12-29,558.7,558.8,542.0,542.7,213635,31942,SC2402.INE,0
2024-01-02,544.0,556.5,544.0,555.7,52295,30105,SC2402.INE,0
2024-01-03,557.0,562.0,535.6,538.6,201192,32728,SC2402.INE,0
2024-01-04,543.8,561.4,540.3,560.1,189938,32004,SC2402.INE,0
2024-01-05,560.7,561.7,543.4,552.7,216914,30881,SC2402.INE,0
2024-01-08,554.4,562.7,549.2,550.2,205014,31009,SC2402.INE,0
2024-01-09,543.4,544.1,533.5,540.0,195187,28372,SC2402.INE,0
2024-01-10,552.9,558.3,546.4,558.1,195172,27341,SC2402.INE,0
2024-01-11,561.6,566.0,553.0,556.7,181825,25255,SC2402.INE,0
2024-01-12,564.2,576.5,558.0,570.0,186632,25343,SC2402.INE,0
2024-01-15,577.9,579.1,553.9,555.6,194804,25809,SC2402.INE,0
2024-01-16,546.0,556.9,544.6,556.1,120611,20885,SC2402.INE,0
2024-01-17,560.0,563.6,549.8,552.5,128959,18966,SC2402.INE,0
2024-01-18,545.8,556.6,543.9,555.8,101839,15121,SC2402.INE,0
2024-01-19,558.1,566.8,551.6,566.3,199105,30001,SC2403.INE,1
2024-01-22,562.8,569.0,557.2,559.9,224449,28139,SC2403.INE,0
2024-01-23,562.2,573.3,562.0,570.9,172861,31219,SC2403.INE,0
2024-01-24,567.5,572.0,562.1,569.6,218987,28883,SC2403.INE,0
2024-01-25,567.0,576.8,566.4,572.4,225172,30914,SC2403.INE,0
2024-01-26,574.4,591.1,573.3,588.4,206661,34162,SC2403.INE,0
2024-01-29,587.5,599.5,583.6,596.5,232063,30629,SC2403.INE,0
2024-01-30,594.5,594.8,585.3,586.1,210833,30450,SC2403.INE,0
2024-01-31,580.5,588.8,575.5,585.3,214978,26795,SC2403.INE,0
2024-02-01,581.0,585.3,574.8,575.7,265894,25676,SC2403.INE,0
2024-02-02,578.1,582.2,560.7,562.7,288726,23925,SC2403.INE,0
2024-02-05,560.0,561.2,552.7,556.1,231735,23205,SC2403.INE,0
2024-02-06,554.4,560.3,551.4,559.5,175535,19398,SC2403.INE,0
2024-02-07,562.3,565.2,557.2,561.8,141099,14791,SC2403.INE,0
2024-02-08,564.9,572.8,563.4,572.4,108100,10661,SC2403.INE,0
2024-02-19,589.8,597.0,589.8,595.0,16436,4796,SC2403.INE,0
2024-02-20,604.0,606.2,601.9,603.8,92005,27419,SC2404.INE,1
2024-02-21,598.7,603.7,594.3,595.6,174911,27261,SC2404.INE,0
2024-02-22,594.3,601.9,593.7,601.1,176267,30434,SC2404.INE,0
2024-02-23,598.7,607.6,596.7,603.7,160646,30495,SC2404.INE,0
2024-02-26,598.8,602.9,591.3,593.4,178995,27712,SC2404.INE,0
2024-02-27,592.4,602.6,592.1,602.1,120455,30576,SC2404.INE,0
2024-02-28,600.0,609.8,599.6,606.8,116420,35033,SC2404.INE,0
2024-02-29,605.0,614.1,604.5,606.0,160773,31298,SC2404.INE,0
2024-03-01,607.0,610.8,603.4,606.1,170151,30657,SC2404.INE,0
2024-03-04,614.6,626.2,611.9,619.0,173407,34546,SC2404.INE,0
2024-03-05,618.1,621.6,609.8,610.2,139706,31460,SC2404.INE,0
2024-03-06,608.0,613.6,603.5,609.2,201624,29596,SC2404.INE,0
2024-03-07,611.2,619.2,611.0,613.3,146011,29971,SC2404.INE,0
2024-03-08,611.0,618.0,608.2,617.8,162914,32642,SC2404.INE,0
2024-03-11,610.6,615.4,604.0,608.4,187380,28320,SC2404.INE,0
2024-03-12,609.3,622.7,607.4,621.6,156148,30897,SC2404.INE,0
2024-03-13,618.6,623.4,618.0,622.2,133597,28095,SC2404.INE,0
2024-03-14,631.6,634.3,625.6,631.9,106412,27821,SC2404.INE,0
2024-03-15,636.8,655.7,634.8,644.6,133847,25087,SC2404.INE,0
2024-03-18,642.8,644.2,630.6,631.7,100305,20255,SC2404.INE,0
2024-03-19,630.3,637.0,626.1,634.5,40683,12147,SC2404.INE,0
2024-03-20,634.1,641.3,633.5,637.2,111512,39083,SC2405.INE,1
2024-03-21,631.8,635.5,628.5,633.3,143521,38085,SC2405.INE,0
2024-03-22,631.0,632.2,623.7,627.4,123711,35130,SC2405.INE,0
2024-03-25,632.0,635.4,627.7,629.0,131447,34103,SC2405.INE,0
2024-03-26,628.5,639.9,628.4,634.3,124269,34827,SC2405.INE,0
2024-03-27,636.3,637.6,626.1,626.9,127408,30182,SC2405.INE,0
2024-03-28,628.0,637.5,627.6,634.8,119807,29966,SC2405.INE,0
2024-03-29,640.2,649.2,639.4,645.5,104996,29878,SC2405.INE,0
2024-04-01,645.3,647.5,641.8,645.9,51715,27736,SC2405.INE,0
2024-04-02,644.9,651.7,640.6,650.3,118681,28958,SC2405.INE,0
2024-04-03,655.0,660.9,650.6,660.9,121407,27742,SC2405.INE,0
2024-04-08,660.0,666.4,650.3,660.7,57050,26796,SC2405.INE,0
2024-04-09,664.0,671.9,659.4,667.3,139015,27091,SC2405.INE,0
2024-04-10,665.2,668.7,658.1,662.5,103232,25262,SC2405.INE,0
2024-04-11,664.7,673.0,658.4,668.5,128709,24570,SC2405.INE,0
2024-04-12,664.0,673.5,662.8,669.7,100655,22659,SC2405.INE,0
2024-04-15,675.6,682.8,660.8,663.5,99235,19513,SC2405.INE,0
2024-04-16,661.6,671.0,656.5,667.4,64860,15781,SC2405.INE,0
2024-04-17,661.3,667.1,659.6,661.6,87930,35210,SC2406.INE,1
2024-04-18,657.6,660.2,641.8,642.4,143139,34908,SC2406.INE,0
2024-04-19,643.5,670.5,638.5,651.7,213683,35659,SC2406.INE,0
2024-04-22,641.6,648.4,632.5,633.2,156938,34170,SC2406.INE,0
2024-04-23,634.7,642.9,631.5,637.8,116141,32679,SC2406.INE,0
2024-04-24,632.0,651.9,630.1,651.2,119665,32048,SC2406.INE,0
2024-04-25,650.1,653.7,647.0,650.3,114863,30679,SC2406.INE,0
2024-04-26,648.2,655.4,642.1,653.3,119604,28984,SC2406.INE,0
2024-04-29,655.9,658.0,646.4,647.9,99542,25310,SC2406.INE,0
2024-04-30,649.8,652.3,642.6,645.8,80995,20946,SC2406.INE,0
2024-05-06,615.9,619.9,611.0,619.4,39482,22088,SC2406.INE,0
2024-05-07,618.3,620.8,612.7,617.8,84887,21728,SC2406.INE,0
2024-05-08,613.3,620.9,610.5,611.3,89447,23057,SC2406.INE,0
2024-05-09,611.1,618.5,609.5,617.0,78027,22183,SC2406.INE,0
2024-05-10,618.8,624.8,615.6,624.6,77658,21032,SC2406.INE,0
2024-05-13,623.3,623.7,608.7,615.0,77421,21558,SC2406.INE,0
2024-05-14,618.5,620.9,615.8,618.0,55329,20168,SC2406.INE,0
2024-05-15,613.9,617.4,609.4,614.4,85621,18777,SC2406.INE,0
2024-05-16,610.0,615.7,600.8,614.7,77713,15425,SC2406.INE,0
2024-05-17,616.0,620.5,613.0,620.5,49670,12056,SC2406.INE,0
2024-05-20,618.4,623.8,613.4,622.9,94833,35730,SC2407.INE,1
2024-05-21,617.3,623.6,611.9,612.6,127521,36661,SC2407.INE,0
2024-05-22,608.9,617.3,604.6,605.6,122491,37940,SC2407.INE,0
2024-05-23,605.2,610.2,596.8,602.5,120095,35158,SC2407.INE,0
2024-05-24,609.9,611.1,596.1,599.0,119974,36497,SC2407.INE,0
2024-05-27,600.3,608.0,598.6,606.8,95421,34601,SC2407.INE,0
2024-05-28,609.2,613.3,608.6,610.5,68721,31183,SC2407.INE,0
2024-05-29,614.5,622.3,612.2,619.7,90866,28266,SC2407.INE,0
2024-05-30,619.5,621.6,611.2,611.5,91029,27069,SC2407.INE,0
2024-05-31,611.0,613.7,599.3,602.8,119758,26757,SC2407.INE,0
2024-06-03,607.5,607.8,592.5,595.8,114993,27160,SC2407.INE,0
2024-06-04,595.5,596.5,571.0,571.9,146495,30120,SC2407.INE,0
2024-06-05,570.3,573.3,566.5,570.3,108397,31245,SC2407.INE,0
2024-06-06,574.5,579.3,568.7,577.0,100383,29929,SC2407.INE,0
2024-06-07,574.8,587.7,574.4,583.9,90439,27096,SC2407.INE,0
2024-06-11,598.8,599.0,595.1,597.6,31686,24795,SC2407.INE,0
2024-06-12,597.8,606.4,595.9,605.3,78555,24428,SC2407.INE,0
2024-06-13,610.4,611.1,601.9,604.5,82978,21849,SC2407.INE,0
2024-06-14,604.9,610.6,601.7,602.8,78949,19878,SC2407.INE,0
2024-06-17,610.0,611.0,600.5,602.0,70459,16247,SC2407.INE,0
2024-06-18,606.1,617.9,604.7,613.5,34099,10756,SC2407.INE,0
2024-06-19,609.0,618.2,608.8,614.7,86119,27282,SC2408.INE,1
2024-06-20,619.2,620.8,615.1,617.9,77047,27704,SC2408.INE,0
2024-06-21,620.9,623.5,617.6,617.6,89968,28933,SC2408.INE,0
2024-06-24,619.1,624.1,613.4,617.4,105365,28099,SC2408.INE,0
2024-06-25,617.0,625.2,614.6,622.1,84975,27987,SC2408.INE,0
2024-06-26,620.2,623.8,615.5,620.3,80913,25910,SC2408.INE,0
2024-06-27,619.0,623.4,614.1,618.3,122467,24473,SC2408.INE,0
2024-06-28,623.7,628.6,620.5,628.3,107859,26696,SC2408.INE,0
2024-07-01,626.8,627.4,619.3,626.9,92905,24953,SC2408.INE,0
2024-07-02,626.2,634.7,623.5,634.0,90920,28226,SC2408.INE,0
2024-07-03,638.2,639.0,631.1,636.3,88173,27532,SC2408.INE,0
2024-07-04,635.3,639.7,629.7,633.3,95820,26678,SC2408.INE,0
2024-07-05,634.0,639.1,633.7,635.5,70928,28172,SC2408.INE,0
2024-07-08,637.2,641.1,627.7,628.0,88727,27153,SC2408.INE,0
2024-07-09,628.5,629.7,624.5,626.2,64828,26349,SC2408.INE,0
2024-07-10,624.4,626.7,612.8,614.5,94035,25114,SC2408.INE,0
2024-07-11,616.2,627.8,614.5,625.3,87968,24501,SC2408.INE,0
2024-07-12,622.7,624.2,616.5,623.3,76770,24312,SC2408.INE,0
2024-07-15,623.7,624.4,613.7,619.0,77584,24645,SC2408.INE,0
2024-07-16,619.9,620.5,611.5,612.8,60382,22751,SC2408.INE,0
2024-07-17,605.9,611.7,604.3,606.5,53386,20059,SC2408.INE,0
2024-07-18,611.0,619.2,609.7,618.6,86366,29975,SC2409.INE,1
2024-07-19,612.6,616.0,609.1,611.2,98355,29327,SC2409.INE,0
2024-07-22,613.9,614.4,594.5,597.4,133262,33069,SC2409.INE,0
2024-07-23,591.9,597.3,590.3,593.1,81899,31226,SC2409.INE,0
2024-07-24,588.6,592.7,583.5,588.7,108787,27120,SC2409.INE,0
2024-07-25,591.2,592.7,583.2,585.5,111033,26333,SC2409.INE,0
2024-07-26,582.0,594.6,578.2,592.9,123766,25268,SC2409.INE,0
2024-07-29,588.7,590.5,579.5,586.7,133504,23783,SC2409.INE,0
2024-07-30,585.0,588.6,573.6,573.9,111448,24102,SC2409.INE,0
2024-07-31,572.0,581.2,569.6,580.4,112492,21902,SC2409.INE,0
2024-08-01,586.0,594.0,580.9,593.1,108019,21891,SC2409.INE,0
2024-08-02,593.7,594.6,579.2,581.7,108712,22025,SC2409.INE,0
2024-08-05,567.8,569.7,542.7,546.9,174325,28939,SC2409.INE,0
2024-08-06,544.2,557.6,541.1,548.0,129897,27493,SC2409.INE,0
2024-08-07,540.8,550.7,540.3,545.0,128207,29122,SC2409.INE,0
2024-08-08,555.0,559.6,551.0,552.4,116534,24896,SC2409.INE,0
2024-08-09,556.7,564.9,554.5,561.4,90875,22960,SC2409.INE,0
2024-08-12,562.5,568.6,558.6,568.1,78804,22134,SC2409.INE,0
2024-08-13,570.8,584.0,569.0,579.7,80747,20998,SC2409.INE,0
2024-08-14,579.0,585.8,571.0,574.3,105446,22521,SC2409.INE,0
2024-08-15,574.3,575.7,565.0,567.9,80170,19104,SC2409.INE,0
2024-08-16,569.9,578.1,569.9,571.7,54687,16480,SC2409.INE,0
2024-08-19,563.3,567.9,557.4,560.2,54949,13630,SC2409.INE,0
2024-08-20,560.6,563.9,545.0,547.7,127192,29473,SC2410.INE,1
2024-08-21,549.7,554.6,542.9,547.4,130727,28345,SC2410.INE,0
2024-08-22,548.4,552.3,534.6,537.8,145605,31134,SC2410.INE,0
2024-08-23,541.5,547.3,539.2,545.3,112487,29453,SC2410.INE,0
2024-08-26,551.4,562.8,550.1,562.7,103094,26050,SC2410.INE,0
2024-08-27,570.9,572.2,566.1,570.4,87464,24455,SC2410.INE,0
2024-08-28,566.6,567.6,557.7,559.3,97408,23242,SC2410.INE,0
2024-08-29,555.1,556.9,549.6,550.1,114225,23896,SC2410.INE,0
2024-08-30,554.0,561.5,553.0,558.9,128584,19042,SC2410.INE,0
2024-09-02,556.8,556.8,538.6,540.6,137897,22799,SC2410.INE,0
2024-09-03,543.8,551.9,543.2,550.1,88903,20242,SC2410.INE,0
2024-09-04,538.0,538.3,520.7,522.8,130666,24425,SC2410.INE,0
2024-09-05,526.0,528.7,518.8,521.4,128722,24347,SC2410.INE,0
2024-09-06,523.6,528.4,515.8,522.1,144467,23138,SC2410.INE,0
2024-09-09,520.1,524.1,502.6,512.6,172002,22420,SC2410.INE,0
2024-09-10,510.4,516.6,504.3,510.2,130377,21975,SC2410.INE,0
2024-09-11,510.9,513.6,492.2,503.1,163916,17258,SC2410.INE,0
2024-09-12,504.9,513.1,494.0,512.5,145558,14827,SC2410.INE,0
2024-09-13,511.2,518.8,507.1,513.1,96946,10492,SC2410.INE,0
2024-09-18,523.6,523.6,513.2,513.6,17337,5746,SC2410.INE,0
2024-09-19,516.2,522.7,511.6,522.7,150589,33738,SC2411.INE,1
2024-09-20,526.1,527.5,520.4,523.1,129530,32742,SC2411.INE,0
2024-09-23,520.9,527.4,518.2,525.1,126691,32528,SC2411.INE,0
2024-09-24,523.6,529.4,515.4,527.4,172409,30731,SC2411.INE,0
2024-09-25,529.5,536.4,526.8,535.7,157725,32547,SC2411.INE,0
2024-09-26,530.9,541.2,516.0,523.2,225797,28048,SC2411.INE,0
2024-09-27,523.0,530.5,515.2,524.4,170635,23271,SC2411.INE,0
2024-09-30,521.8,544.0,518.5,543.5,152215,20968,SC2411.INE,0
2024-10-08,580.1,580.1,580.1,580.1,2339,19879,SC2411.INE,0
2024-10-09,589.0,589.0,557.5,562.0,140540,22127,SC2411.INE,0
2024-10-10,557.4,559.7,546.4,556.7,143657,23273,SC2411.INE,0
2024-10-11,561.9,577.9,558.4,570.4,142458,23526,SC2411.INE,0
2024-10-14,571.0,587.5,564.4,566.5,155591,19672,SC2411.INE,0
2024-10-15,561.5,571.4,540.1,546.5,129519,20652,SC2411.INE,0
2024-10-16,544.0,545.5,535.4,536.9,106089,17384,SC2411.INE,0
2024-10-17,538.4,541.8,533.0,534.0,74335,14825,SC2411.INE,0
2024-10-18,534.0,538.1,526.9,537.4,126870,26864,SC2412.INE,1
2024-10-21,532.6,533.4,522.6,527.9,163214,27932,SC2412.INE,0
2024-10-22,532.9,537.4,530.4,532.8,129231,26833,SC2412.INE,0
2024-10-23,538.3,548.8,536.4,544.7,148979,27157,SC2412.INE,0
2024-10-24,540.0,546.9,537.7,543.6,136098,27005,SC2412.INE,0
2024-10-25,541.0,544.4,532.0,537.4,121572,28142,SC2412.INE,0
2024-10-28,541.8,548.0,520.6,523.8,162206,29032,SC2412.INE,0
2024-10-29,514.0,519.1,511.7,512.1,118139,31294,SC2412.INE,0
2024-10-30,517.6,518.2,510.6,516.5,125847,27111,SC2412.INE,0
2024-10-31,520.2,524.4,516.5,523.6,118384,24432,SC2412.INE,0
2024-11-01,524.9,535.2,522.1,532.6,120247,22483,SC2412.INE,0
2024-11-04,534.9,535.9,526.2,531.9,108126,20889,SC2412.INE,0
2024-11-05,535.9,538.9,532.5,536.0,102451,21196,SC2412.INE,0
2024-11-06,539.8,542.8,527.0,532.7,112098,21368,SC2412.INE,0
2024-11-07,530.4,547.1,526.3,542.7,157516,22531,SC2412.INE,0
2024-11-08,535.9,543.0,533.5,538.1,135286,20480,SC2412.INE,0
2024-11-11,533.9,538.7,528.5,533.3,117888,19944,SC2412.INE,0
2024-11-12,522.2,525.0,519.4,521.5,92389,21020,SC2412.INE,0
2024-11-13,524.6,528.8,522.9,525.2,95803,18299,SC2412.INE,0
2024-11-14,526.0,527.6,516.2,523.5,105385,15940,SC2412.INE,0
2024-11-15,528.6,533.0,519.7,520.3,78960,14480,SC2412.INE,0
2024-11-18,525.0,526.3,515.0,518.6,64644,11954,SC2412.INE,0
2024-11-19,515.1,529.8,513.4,528.6,129119,28995,SC2501.INE,1
2024-11-20,526.3,531.3,523.6,528.6,133528,27401,SC2501.INE,0
2024-11-21,532.0,533.5,526.7,528.6,115604,25377,SC2501.INE,0
2024-11-22,534.6,540.9,532.3,538.0,133254,26586,SC2501.INE,0
2024-11-25,535.6,546.0,531.8,539.1,130868,25283,SC2501.INE,0
2024-11-26,541.3,541.8,525.7,528.9,147926,22256,SC2501.INE,0
2024-11-27,530.1,537.4,524.1,530.0,142804,20671,SC2501.INE,0
2024-11-28,532.6,532.6,523.8,526.7,118816,19005,SC2501.INE,0
2024-11-29,529.6,531.2,525.9,530.4,90219,17522,SC2501.INE,0
2024-12-02,531.8,534.6,523.6,530.9,123475,17493,SC2501.INE,0
2024-12-03,532.9,534.0,526.1,531.0,107890,17758,SC2501.INE,0
2024-12-04,536.6,541.3,533.0,540.5,101181,20620,SC2501.INE,0
2024-12-05,539.1,542.3,528.5,529.5,107830,18110,SC2501.INE,0
2024-12-06,530.3,532.5,524.8,526.0,90193,18034,SC2501.INE,0
2024-12-09,522.0,526.5,518.6,526.5,90737,18606,SC2501.INE,0
2024-12-10,528.9,532.3,524.9,526.7,76884,16284,SC2501.INE,0
2024-12-11,527.3,533.3,526.8,532.9,66346,17360,SC2501.INE,0
2024-12-12,535.2,545.0,533.1,543.0,80395,18343,SC2501.INE,0
2024-12-13,543.5,546.8,536.6,546.0,93245,20276,SC2501.INE,0
2024-12-16,547.1,552.9,544.2,549.6,62333,19173,SC2501.INE,0
2024-12-17,547.4,550.6,546.5,549.7,34624,15997,SC2501.INE,0
2024-12-18,541.3,543.4,537.2,540.8,91873,29925,SC2502.INE,1
2024-12-19,544.9,549.0,540.1,543.4,95719,31079,SC2502.INE,0
2024-12-20,543.4,546.9,536.2,537.6,107963,30990,SC2502.INE,0
2024-12-23,538.4,543.5,533.7,542.3,103426,30971,SC2502.INE,0
2024-12-24,538.2,542.5,535.5,540.7,83612,29181,SC2502.INE,0
2024-12-25,542.2,549.6,541.2,547.5,80975,33439,SC2502.INE,0
2024-12-26,548.8,549.0,545.7,546.8,38191,32963,SC2502.INE,0
2024-12-27,548.7,551.6,543.3,544.9,99660,30169,SC2502.INE,0
2024-12-30,549.2,552.4,547.3,549.8,95854,30252,SC2502.INE,0
2024-12-31,551.2,562.1,550.6,559.9,107322,31421,SC2502.INE,0
2025-01-02,563.0,566.7,559.4,560.7,32064,29570,SC2502.INE,0
2025-01-03,566.5,574.3,565.3,572.1,96634,32271,SC2502.INE,0
2025-01-06,572.5,582.4,570.8,577.0,89295,29899,SC2502.INE,0
2025-01-07,581.1,585.0,575.5,580.7,112057,30119,SC2502.INE,0
2025-01-08,584.4,594.8,583.0,589.1,107786,31122,SC2502.INE,0
2025-01-09,589.5,590.6,576.1,580.5,105140,27717,SC2502.INE,0
2025-01-10,581.7,589.5,581.0,588.3,71720,25079,SC2502.INE,0
2025-01-13,601.6,626.3,599.4,626.3,120295,21472,SC2502.INE,0
2025-01-14,629.2,629.8,615.5,619.4,74907,13578,SC2502.INE,0
2025-01-15,610.9,628.1,608.8,626.7,172493,39124,SC2503.INE,1
2025-01-16,626.5,639.5,624.4,633.9,194801,37642,SC2503.INE,0
2025-01-17,628.0,634.6,623.5,631.8,180274,37704,SC2503.INE,0
2025-01-20,628.5,630.2,619.7,622.0,168015,35852,SC2503.INE,0
2025-01-21,625.0,627.4,614.5,620.7,175373,36683,SC2503.INE,0
2025-01-22,614.7,622.0,612.3,618.3,136363,37232,SC2503.INE,0
2025-01-23,620.5,622.9,607.1,609.0,151903,33362,SC2503.INE,0
2025-01-24,613.9,617.4,602.9,605.5,141388,28938,SC2503.INE,0
2025-01-27,608.5,609.7,596.5,602.4,115726,22182,SC2503.INE,0
2025-02-05,597.9,606.6,592.6,605.5,49873,25584,SC2503.INE,0
2025-02-06,599.5,601.5,594.5,599.1,90020,24594,SC2503.INE,0
2025-02-07,599.5,604.0,593.7,603.8,117962,25266,SC2503.INE,0
2025-02-10,603.5,614.2,599.8,607.0,112036,24498,SC2503.INE,0
2025-02-11,609.7,621.4,608.9,619.8,83585,26042,SC2503.INE,0
2025-02-12,625.0,625.4,617.9,620.8,71459,24731,SC2503.INE,0
2025-02-13,617.8,618.3,592.3,593.0,100093,19953,SC2503.INE,0
2025-02-14,591.0,597.1,590.4,595.7,55638,18080,SC2503.INE,0
2025-02-17,598.6,609.4,596.9,599.9,72422,14016,SC2503.INE,0
2025-02-18,598.7,612.5,596.6,609.0,21455,10756,SC2503.INE,0
2025-02-19,559.9,566.0,558.3,565.4,98503,32519,SC2504.INE,1
2025-02-20,566.4,571.6,561.9,564.0,92646,34102,SC2504.INE,0
2025-02-21,566.8,568.4,559.8,562.0,83665,33089,SC2504.INE,0
2025-02-24,559.6,561.5,543.3,545.9,113085,35616,SC2504.INE,0
2025-02-25,546.0,552.6,544.6,551.7,83153,32455,SC2504.INE,0
2025-02-26,545.0,547.4,535.3,539.1,113105,31794,SC2504.INE,0
2025-02-27,536.9,539.6,533.6,537.2,105024,30463,SC2504.INE,0
2025-02-28,540.8,546.9,538.6,540.0,100897,26931,SC2504.INE,0
2025-03-03,537.4,545.1,535.2,538.6,98027,27445,SC2504.INE,0
2025-03-04,540.4,541.0,519.3,521.3,122631,28163,SC2504.INE,0
2025-03-05,514.5,519.4,512.8,518.5,121189,27201,SC2504.INE,0
2025-03-06,513.0,515.0,502.3,509.6,141239,27677,SC2504.INE,0
2025-03-07,509.9,512.9,507.6,512.5,109623,25907,SC2504.INE,0
2025-03-10,519.0,525.5,516.0,520.8,126235,23742,SC2504.INE,0
2025-03-11,524.8,525.4,507.4,516.5,101097,23617,SC2504.INE,0
2025-03-12,520.0,520.7,514.2,515.1,93358,22039,SC2504.INE,0
2025-03-13,521.0,527.0,519.4,523.0,87536,19000,SC2504.INE,0
2025-03-14,521.8,522.1,515.3,521.8,78165,16413,SC2504.INE,0
2025-03-17,521.1,531.5,515.8,525.6,58629,12849,SC2504.INE,0
2025-03-18,525.0,526.7,520.3,526.2,80382,30048,SC2505.INE,1
2025-03-19,528.6,528.8,515.0,516.2,112886,33118,SC2505.INE,0
2025-03-20,518.1,527.3,517.8,527.1,114895,32608,SC2505.INE,0
2025-03-21,524.8,537.4,522.6,534.5,143923,33286,SC2505.INE,0
2025-03-24,533.2,536.7,530.3,534.4,105476,32461,SC2505.INE,0
2025-03-25,535.0,540.1,533.4,538.3,104318,31764,SC2505.INE,0
2025-03-26,541.5,542.7,535.1,541.8,104965,32010,SC2505.INE,0
2025-03-27,543.8,545.9,540.7,540.7,100860,30336,SC2505.INE,0
2025-03-28,542.6,545.0,537.5,542.3,110554,29420,SC2505.INE,0
2025-03-31,544.0,544.1,532.6,537.5,124692,25018,SC2505.INE,0
2025-04-01,540.2,556.7,538.8,556.1,118614,28500,SC2505.INE,0
2025-04-02,555.4,558.5,551.3,552.2,93023,26731,SC2505.INE,0
2025-04-03,550.5,556.4,540.9,542.0,117387,23044,SC2505.INE,0
2025-04-07,510.1,510.1,510.1,510.1,772,22614,SC2505.INE,0
2025-04-08,486.7,494.3,473.2,478.6,246401,19597,SC2505.INE,0
2025-04-09,477.2,482.6,447.9,458.1,217278,19038,SC2505.INE,0
2025-04-10,444.0,490.0,443.7,480.0,330938,18738,SC2505.INE,0
2025-04-11,467.0,474.8,459.2,472.8,216713,16565,SC2505.INE,0
2025-04-14,468.3,476.9,463.5,473.9,151168,14635,SC2505.INE,0
2025-04-15,479.5,479.7,469.1,477.0,90401,12503,SC2505.INE,0
2025-04-16,473.0,478.4,465.8,469.5,63730,12175,SC2505.INE,0
2025-04-17,476.2,487.8,473.9,482.7,149939,27079,SC2506.INE,1
2025-04-18,487.0,496.8,484.1,490.7,165162,28654,SC2506.INE,0
2025-04-21,489.9,493.7,484.5,489.2,89503,29738,SC2506.INE,0
2025-04-22,486.3,494.9,482.1,494.0,159937,31108,SC2506.INE,0
2025-04-23,495.0,506.0,492.4,503.8,161586,29527,SC2506.INE,0
2025-04-24,496.0,498.5,484.3,493.4,200840,28111,SC2506.INE,0
2025-04-25,493.6,498.1,489.4,496.1,150921,27428,SC2506.INE,0
2025-04-28,489.0,500.8,486.7,498.0,166600,27708,SC2506.INE,0
2025-04-29,495.7,496.0,480.3,483.6,137568,26227,SC2506.INE,0
2025-04-30,480.1,481.7,469.0,471.1,128314,22870,SC2506.INE,0
2025-05-06,455.3,460.5,455.0,458.9,59247,23637,SC2506.INE,0
2025-05-07,461.0,469.5,460.5,468.2,106678,21739,SC2506.INE,0
2025-05-08,464.1,465.1,457.4,461.0,113932,21747,SC2506.INE,0
2025-05-09,465.4,473.0,463.3,472.4,100159,20091,SC2506.INE,0
2025-05-12,475.0,482.8,469.9,482.3,95840,17723,SC2506.INE,0
2025-05-13,489.3,489.9,477.1,479.5,77046,15073,SC2506.INE,0
2025-05-14,483.7,492.5,481.4,486.6,92522,14162,SC2506.INE,0
2025-05-15,485.9,487.7,463.0,463.2,81962,11614,SC2506.INE,0
2025-05-16,465.1,469.1,455.8,456.2,58686,8740,SC2506.INE,0
2025-05-19,459.7,464.5,457.5,462.8,111464,30835,SC2507.INE,1
2025-05-20,464.6,468.0,461.4,465.4,129178,30310,SC2507.INE,0
2025-05-21,464.6,475.6,462.1,470.1,155010,29076,SC2507.INE,0
2025-05-22,470.1,470.5,452.3,453.7,161053,30906,SC2507.INE,0
2025-05-23,454.0,456.9,452.3,452.8,126299,33430,SC2507.INE,0
2025-05-26,451.7,460.1,449.5,459.7,156979,31330,SC2507.INE,0
2025-05-27,458.5,460.3,454.4,458.3,111919,29488,SC2507.INE,0
2025-05-28,456.0,457.4,449.4,453.0,136370,28965,SC2507.INE,0
2025-05-29,457.6,468.1,456.6,467.1,180346,26374,SC2507.INE,0
2025-05-30,459.5,459.9,447.5,447.9,161097,27307,SC2507.INE,0
2025-06-03,462.8,468.7,461.3,462.5,64117,22685,SC2507.INE,0
2025-06-04,466.0,470.7,463.8,468.2,109921,23118,SC2507.INE,0
2025-06-05,466.7,469.8,460.5,463.7,134999,20707,SC2507.INE,0
2025-06-06,468.0,470.2,464.7,466.1,109200,21135,SC2507.INE,0
2025-06-09,468.8,476.8,467.7,474.3,120628,22536,SC2507.INE,0
2025-06-10,478.2,482.4,474.8,479.8,92429,22834,SC2507.INE,0
2025-06-11,481.1,485.0,476.9,478.1,101107,21387,SC2507.INE,0
2025-06-12,486.6,500.7,484.7,495.7,143726,24283,SC2507.INE,0
2025-06-13,492.9,535.2,490.8,529.9,165385,19611,SC2507.INE,0
2025-06-16,539.4,553.6,532.5,541.6,228321,16919,SC2507.INE,0
2025-06-17,529.7,534.9,515.0,529.8,174918,12001,SC2507.INE,0
2025-06-18,533.4,556.3,530.2,552.7,315667,38030,SC2508.INE,1
2025-06-19,554.5,571.0,546.1,570.9,479375,41225,SC2508.INE,0
2025-06-20,570.9,582.9,560.6,566.6,455538,41211,SC2508.INE,0
2025-06-23,562.8,588.6,557.8,574.5,422722,43660,SC2508.INE,0
2025-06-24,566.9,572.1,518.6,518.6,526467,42731,SC2508.INE,0
2025-06-25,513.0,516.8,500.2,508.6,303969,35409,SC2508.INE,0
2025-06-26,506.7,511.6,498.6,502.9,283709,35444,SC2508.INE,0
2025-06-27,501.0,506.5,496.5,498.5,210680,31946,SC2508.INE,0
2025-06-30,498.6,502.4,488.2,496.7,238748,30055,SC2508.INE,0
2025-07-01,498.0,500.2,492.8,499.4,141647,30335,SC2508.INE,0
2025-07-02,503.1,503.8,495.6,498.2,137513,29708,SC2508.INE,0
2025-07-03,501.6,509.4,499.0,506.3,179412,27063,SC2508.INE,0
2025-07-04,508.3,509.2,502.4,503.5,135161,25655,SC2508.INE,0
2025-07-07,501.6,505.6,493.6,502.3,133489,26349,SC2508.INE,0
2025-07-08,505.5,513.8,505.4,510.7,151790,24527,SC2508.INE,0
2025-07-09,513.0,521.0,511.7,519.7,128915,24508,SC2508.INE,0
2025-07-10,519.7,523.6,517.6,522.5,113995,23430,SC2508.INE,0
2025-07-11,519.0,519.7,511.1,513.9,129191,20067,SC2508.INE,0
2025-07-14,515.5,528.1,515.3,527.5,118839,20909,SC2508.INE,0
2025-07-15,530.0,530.2,516.7,518.2,124246,18513,SC2508.INE,0
2025-07-16,520.2,520.9,514.1,517.4,86719,14961,SC2508.INE,0
2025-07-17,513.0,520.5,509.1,516.8,86327,12929,SC2508.INE,0
2025-07-18,517.9,549.4,516.6,532.0,55711,9707,SC2508.INE,0
2025-07-21,517.7,520.4,511.3,512.3,150393,38281,SC2509.INE,1
2025-07-22,511.6,512.1,501.6,504.3,143753,36584,SC2509.INE,0
2025-07-23,503.2,509.1,501.2,503.7,128828,36294,SC2509.INE,0
2025-07-24,502.0,511.0,500.0,508.9,123664,38720,SC2509.INE,0
2025-07-25,509.0,513.1,503.1,512.9,152592,39971,SC2509.INE,0
2025-07-28,513.4,513.7,501.0,505.9,117652,37812,SC2509.INE,0
2025-07-29,510.3,517.5,509.8,515.0,126393,38672,SC2509.INE,0
2025-07-30,518.1,530.7,517.6,528.6,136660,37676,SC2509.INE,0
2025-07-31,529.7,535.9,529.2,531.3,107487,35066,SC2509.INE,0
2025-08-01,529.6,532.6,524.5,527.9,119348,32526,SC2509.INE,0
2025-08-04,527.6,527.7,509.7,514.3,145838,28232,SC2509.INE,0
2025-08-05,502.7,513.2,502.2,508.8,107222,28256,SC2509.INE,0
2025-08-06,504.5,506.3,501.0,505.9,110667,30722,SC2509.INE,0
2025-08-07,508.4,510.9,497.5,501.0,147562,31576,SC2509.INE,0
2025-08-08,500.5,501.0,488.6,489.8,97506,32725,SC2509.INE,0
2025-08-11,494.5,497.5,488.1,489.4,135691,29970,SC2509.INE,0
2025-08-12,495.4,496.6,492.3,495.2,80626,26535,SC2509.INE,0
2025-08-13,491.7,493.6,486.7,489.5,77476,24566,SC2509.INE,0
2025-08-14,490.2,490.5,480.0,481.9,77681,20420,SC2509.INE,0
2025-08-15,482.6,489.4,482.6,486.3,54720,16072,SC2509.INE,0
2025-08-18,486.4,488.2,480.5,486.5,110520,34937,SC2510.INE,1
2025-08-19,487.9,490.4,480.9,484.2,117329,36350,SC2510.INE,0
2025-08-20,482.2,484.7,479.0,482.8,114618,37855,SC2510.INE,0
2025-08-21,483.9,491.0,483.2,490.9,116216,36440,SC2510.INE,0
2025-08-22,488.7,494.6,487.1,493.6,109851,37322,SC2510.INE,0
2025-08-25,494.0,495.8,491.1,492.9,102824,37424,SC2510.INE,0
2025-08-26,494.5,500.8,494.0,496.1,95625,37040,SC2510.INE,0
2025-08-27,491.7,493.3,478.0,479.7,125394,39460,SC2510.INE,0
2025-08-28,482.5,483.6,478.4,481.7,93391,35842,SC2510.INE,0
2025-08-29,483.4,486.8,479.8,485.2,98327,31938,SC2510.INE,0
2025-09-01,487.0,487.2,479.3,483.5,81087,32147,SC2510.INE,0
2025-09-02,487.0,492.5,487.0,490.4,79810,30160,SC2510.INE,0
2025-09-03,487.7,496.0,486.4,493.2,90880,28983,SC2510.INE,0
2025-09-04,487.0,487.7,479.9,481.0,117977,27643,SC2510.INE,0
2025-09-05,480.2,484.8,478.5,482.0,88635,25244,SC2510.INE,0
2025-09-08,475.6,491.4,468.8,490.5,130455,24608,SC2510.INE,0
2025-09-09,490.5,492.6,479.3,482.8,111076,24849,SC2510.INE,0
2025-09-10,483.0,489.4,481.9,486.2,103360,23689,SC2510.INE,0
2025-09-11,485.1,492.8,485.1,489.2,88080,21916,SC2510.INE,0
2025-09-12,483.0,483.5,473.7,475.3,93831,21383,SC2510.INE,0
2025-09-15,486.6,491.2,483.3,488.1,81997,16504,SC2510.INE,0
2025-09-16,488.3,495.2,486.8,493.6,46450,13395,SC2510.INE,0
2025-09-17,499.5,502.5,496.3,499.3,95493,34848,SC2511.INE,1
2025-09-18,498.3,500.5,491.7,491.8,95903,33886,SC2511.INE,0
2025-09-19,496.0,496.8,484.1,487.0,108898,33781,SC2511.INE,0
2025-09-22,485.2,487.4,481.8,483.0,96133,35314,SC2511.INE,0
2025-09-23,476.6,478.7,471.6,473.1,102117,37823,SC2511.INE,0
2025-09-24,479.2,485.3,478.5,482.3,90734,33039,SC2511.INE,0
2025-09-25,486.3,491.3,485.8,490.6,82583,32112,SC2511.INE,0
2025-09-26,489.1,493.1,485.2,491.3,88721,29079,SC2511.INE,0
2025-09-29,492.1,499.2,490.0,492.6,95916,27883,SC2511.INE,0
2025-09-30,487.6,487.7,476.7,479.7,82294,24643,SC2511.INE,0
2025-10-09,470.9,472.5,465.8,471.0,44465,26218,SC2511.INE,0
2025-10-10,471.0,472.1,461.6,461.9,67799,28515,SC2511.INE,0
2025-10-13,455.5,457.3,444.5,453.7,130132,25616,SC2511.INE,0
2025-10-14,451.1,455.2,446.9,448.6,76219,24309,SC2511.INE,0
2025-10-15,442.4,447.1,439.7,443.7,82036,23219,SC2511.INE,0
2025-10-16,446.7,447.4,439.2,443.8,54700,18198,SC2511.INE,0
2025-10-17,442.6,443.4,430.5,432.6,61924,13488,SC2511.INE,0
2025-10-20,438.6,441.9,435.5,435.8,92978,44145,SC2512.INE,1
2025-10-21,435.0,440.2,431.8,437.7,97283,44704,SC2512.INE,0
2025-10-22,441.4,452.0,434.0,447.2,176213,46980,SC2512.INE,0
2025-10-23,446.5,463.7,445.8,459.7,151649,43154,SC2512.INE,0
2025-10-24,464.0,471.3,462.5,464.9,162707,41065,SC2512.INE,0
2025-10-27,467.1,470.6,465.7,468.9,109341,39325,SC2512.INE,0
2025-10-28,467.7,469.3,462.5,462.7,101862,36126,SC2512.INE,0
2025-10-29,458.5,463.2,455.0,462.6,120627,32997,SC2512.INE,0
2025-10-30,461.5,466.1,458.0,458.9,108683,31508,SC2512.INE,0
2025-10-31,458.4,463.2,456.3,458.7,80193,29622,SC2512.INE,0
2025-11-03,462.6,469.7,460.3,467.9,124089,30489,SC2512.INE,0
2025-11-04,464.7,468.4,462.9,463.5,78050,29025,SC2512.INE,0
2025-11-05,460.5,465.6,459.0,463.7,81799,27163,SC2512.INE,0
2025-11-06,462.3,465.8,456.0,460.4,92752,27991,SC2512.INE,0
2025-11-07,461.5,461.5,452.9,460.6,100862,26307,SC2512.INE,0
2025-11-10,459.5,463.9,457.3,461.8,92416,25682,SC2512.INE,0
2025-11-11,460.5,462.1,457.0,458.8,71503,23898,SC2512.INE,0
2025-11-12,462.1,470.4,461.7,466.2,77751,22869,SC2512.INE,0
2025-11-13,464.0,464.1,446.9,449.5,93962,18452,SC2512.INE,0
2025-11-14,452.0,462.9,450.9,457.4,71110,11067,SC2512.INE,0
2025-11-17,456.6,462.2,455.4,458.1,43586,7113,SC2512.INE,0
2025-11-18,462.8,466.2,457.8,458.8,77617,38629,SC2601.INE,1
2025-11-19,462.0,469.4,458.5,464.5,112595,41058,SC2601.INE,0
2025-11-20,456.0,458.4,451.8,455.5,119095,39074,SC2601.INE,0
2025-11-21,459.1,460.4,445.6,447.4,141488,41969,SC2601.INE,0
2025-11-24,449.1,449.5,442.5,447.9,108095,41574,SC2601.INE,0
2025-11-25,447.9,450.6,443.3,448.6,86242,40610,SC2601.INE,0
2025-11-26,442.1,446.8,438.8,445.0,116740,38698,SC2601.INE,0
2025-11-27,442.8,448.1,442.8,447.6,77681,36011,SC2601.INE,0
2025-11-28,450.2,455.0,448.1,453.9,65822,33652,SC2601.INE,0
2025-12-01,451.9,458.4,449.5,455.7,74267,33224,SC2601.INE,0
2025-12-02,452.0,456.0,450.1,453.8,65841,31766,SC2601.INE,0
2025-12-03,452.2,452.8,444.6,448.1,89293,31517,SC2601.INE,0
2025-12-04,451.5,453.3,448.7,452.6,66483,29819,SC2601.INE,0
2025-12-05,452.5,456.8,449.5,453.7,66825,29337,SC2601.INE,0
2025-12-08,453.7,459.2,452.3,457.6,67558,29341,SC2601.INE,0
2025-12-09,451.6,453.3,444.4,446.1,74995,29784,SC2601.INE,0
2025-12-10,447.4,447.8,442.3,443.7,53767,29089,SC2601.INE,0
2025-12-11,444.7,445.8,438.2,439.7,66227,28200,SC2601.INE,0
2025-12-12,437.8,440.4,433.5,437.6,60695,26529,SC2601.INE,0
2025-12-15,435.9,439.7,434.9,436.5,60331,23884,SC2601.INE,0
2025-12-16,433.2,435.4,427.3,430.5,44705,18878,SC2601.INE,0
2025-12-17,427.0,428.4,419.6,426.7,94714,39057,SC2602.INE,1
2025-12-18,427.3,432.5,425.1,429.4,82779,39043,SC2602.INE,0
2025-12-19,426.8,430.3,424.8,426.6,71483,40686,SC2602.INE,0
2025-12-22,428.9,438.3,428.2,437.9,81884,39797,SC2602.INE,0
2025-12-23,441.4,445.5,439.7,440.9,79792,36910,SC2602.INE,0
2025-12-24,442.9,444.8,439.7,444.7,65801,36678,SC2602.INE,0
2025-12-25,444.0,444.5,440.9,442.7,45862,34826,SC2602.INE,0
2025-12-26,442.5,447.6,440.2,441.8,46549,32823,SC2602.INE,0
2025-12-29,441.5,441.8,431.9,434.8,73241,32180,SC2602.INE,0
2025-12-30,439.7,441.1,434.9,436.1,66125,30384,SC2602.INE,0
2025-12-31,438.5,439.6,428.4,432.2,51990,29568,SC2602.INE,0
2026-01-05,436.0,436.3,421.5,421.7,44486,34256,SC2602.INE,0
2026-01-06,427.5,429.9,425.0,428.2,68944,31596,SC2602.INE,0
2026-01-07,430.5,437.3,411.0,416.3,110999,32970,SC2602.INE,0
2026-01-08,421.4,422.5,414.1,416.2,70288,33068,SC2602.INE,0
2026-01-09,419.8,433.9,419.3,432.7,85331,29929,SC2602.INE,0
2026-01-12,431.7,440.1,429.8,437.5,86573,25051,SC2602.INE,0
2026-01-13,436.0,445.7,432.0,445.6,65173,22578,SC2602.INE,0
2026-01-14,451.2,454.0,442.9,445.5,97963,19768,SC2602.INE,0
2026-01-15,456.4,458.7,441.3,444.9,56646,14486,SC2602.INE,0
2026-01-16,441.8,442.5,437.1,438.8,88633,41539,SC2603.INE,1
2026-01-19,443.2,446.4,436.7,437.4,77853,40770,SC2603.INE,0
2026-01-20,437.5,440.8,436.3,437.0,51993,40047,SC2603.INE,0
2026-01-21,440.0,444.9,437.3,440.8,78058,39936,SC2603.INE,0
2026-01-22,444.5,448.6,444.1,446.4,84207,43267,SC2603.INE,0
2026-01-23,439.6,442.5,434.3,441.9,95141,45295,SC2603.INE,0
2026-01-26,446.0,459.2,444.0,457.3,136743,52435,SC2603.INE,0
2026-01-27,452.3,454.2,442.4,446.7,121039,48163,SC2603.INE,0
2026-01-28,447.5,463.4,446.5,460.3,143169,48237,SC2603.INE,0
2026-01-29,462.1,475.5,461.1,472.5,144280,48382,SC2603.INE,0
2026-01-30,477.0,499.6,465.8,470.8,310515,44117,SC2603.INE,0
2026-02-02,478.2,485.6,449.0,449.0,197282,36200,SC2603.INE,0
2026-02-03,450.5,453.9,446.4,449.4,119915,32924,SC2603.INE,0
2026-02-04,453.0,466.7,451.7,462.4,99401,27679,SC2603.INE,0
2026-02-05,460.8,475.0,457.5,463.5,97941,21605,SC2603.INE,0
2026-02-06,460.4,470.0,454.4,465.4,77889,16308,SC2603.INE,0
2026-02-09,464.8,474.7,457.2,464.2,119646,43008,SC2604.INE,1
2026-02-10,468.5,477.9,465.2,476.1,109979,44264,SC2604.INE,0
2026-02-11,476.4,478.8,471.9,476.8,82615,45913,SC2604.INE,0
2026-02-12,483.9,486.4,476.2,476.8,89585,43716,SC2604.INE,0
2026-02-13,473.5,475.7,454.4,460.7,105973,37537,SC2604.INE,0
2026-02-24,487.0,495.0,484.3,493.3,57134,39126,SC2604.INE,0
2026-02-25,492.4,495.9,484.8,488.3,101539,41464,SC2604.INE,0
2026-02-26,490.4,491.4,482.4,483.6,75182,40598,SC2604.INE,0
2026-02-27,474.2,494.5,470.8,488.4,144312,38973,SC2604.INE,0
2026-03-02,498.2,527.8,495.0,527.8,190029,44601,SC2604.INE,0
2026-03-03,545.0,572.3,544.1,572.3,208805,43887,SC2604.INE,0
2026-03-04,624.7,641.1,594.1,641.1,254949,40178,SC2604.INE,0
2026-03-05,625.0,711.3,619.0,664.1,469446,35820,SC2604.INE,0
2026-03-06,688.0,696.6,622.1,664.8,404196,34310,SC2604.INE,0
2026-03-09,729.9,771.8,715.0,771.8,261752,36101,SC2604.INE,0
2026-03-10,805.5,818.0,625.0,666.3,319095,31422,SC2604.INE,0
2026-03-11,670.0,680.0,619.1,662.0,159647,34615,SC2604.INE,0
2026-03-12,689.8,776.0,665.2,722.3,165749,32742,SC2604.INE,0
2026-03-13,727.1,778.0,724.0,750.8,142180,29825,SC2604.INE,0
2026-03-16,728.3,799.8,705.0,765.5,100580,20840,SC2604.INE,0
2026-03-17,735.0,777.7,713.9,761.2,172491,56587,SC2605.INE,1
2026-03-18,745.9,772.8,722.6,735.4,153715,56313,SC2605.INE,0
2026-03-19,787.3,823.0,776.3,814.9,197074,61651,SC2605.INE,0
2026-03-20,805.0,814.0,731.2,773.6,178214,58100,SC2605.INE,0
2026-03-23,781.0,838.4,776.6,834.6,140734,56999,SC2605.INE,0
2026-03-24,740.1,799.0,715.0,739.1,208071,55694,SC2605.INE,0
2026-03-25,752.0,757.8,686.0,723.9,143986,54405,SC2605.INE,0
2026-03-26,726.0,743.6,711.6,733.1,96646,53038,SC2605.INE,0
2026-03-27,755.7,756.8,726.6,740.8,95496,52438,SC2605.INE,0
2026-03-30,756.0,789.0,745.1,763.5,102605,53411,SC2605.INE,0
2026-03-31,755.1,766.8,725.0,740.6,91655,49215,SC2605.INE,0
2026-04-01,745.0,745.6,653.0,653.8,150389,50690,SC2605.INE,0
2026-04-02,670.0,735.5,649.1,721.3,131450,48365,SC2605.INE,0
2026-04-03,760.0,763.3,694.8,722.0,146924,48232,SC2605.INE,0
2026-04-07,715.5,724.5,706.6,710.0,40502,44391,SC2605.INE,0
2026-04-08,711.6,716.1,608.4,621.0,99641,43122,SC2605.INE,0
2026-04-09,604.4,649.9,604.4,640.0,72085,38807,SC2605.INE,0
2026-04-10,647.8,649.0,623.7,637.3,63642,35351,SC2605.INE,0
2026-04-13,635.3,675.0,631.4,658.0,54358,32509,SC2605.INE,0
2026-04-14,656.0,662.0,640.0,651.2,47034,31735,SC2605.INE,0
2026-04-15,646.5,648.3,624.1,629.9,42209,25732,SC2605.INE,0
2026-04-16,631.9,641.7,630.5,636.0,25049,20710,SC2605.INE,0
2026-04-17,637.8,643.6,628.0,636.2,36411,34499,SC2606.INE,1
2026-04-20,595.7,625.3,592.0,618.4,81797,41536,SC2606.INE,0
2026-04-21,620.0,620.0,608.2,615.5,39351,40951,SC2606.INE,0
2026-04-22,618.7,638.8,615.7,623.7,53572,42639,SC2606.INE,0
2026-04-23,633.1,653.5,626.1,641.7,56772,42743,SC2606.INE,0
2026-04-24,638.0,660.8,636.4,648.4,50186,41561,SC2606.INE,0
2026-04-27,647.0,656.6,637.0,653.5,43989,39785,SC2606.INE,0
2026-04-28,654.2,672.4,650.9,669.3,37707,39634,SC2606.INE,0
2026-04-29,673.6,676.3,659.0,666.6,37145,38671,SC2606.INE,0
2026-04-30,678.0,695.7,675.3,689.0,49082,38650,SC2606.INE,0
