ts_code,trade_date,close,open,high,low,pre_close,change,pct_chg,vol,amount
NHCI.NH,20260430,3099.99,3085.05,3104.99,3075.53,3079.81,20.18,0.0066,13380426,20883081
NHCI.NH,20260429,3079.81,3077.57,3080.95,3064.64,3078.86,0.95,0.0003,13448258,21384797
NHCI.NH,20260428,3078.86,3076.9,3079.59,3059.24,3078.99,-0.13,0.0,15301362,21528375
NHCI.NH,20260427,3078.99,3059.2,3083.73,3056.73,3055.53,23.46,0.0077,13241738,21518239
NHCI.NH,20260424,3055.53,3058.79,3078.31,3053.68,3059.45,-3.92,-0.0013,13205974,21467321
NHCI.NH,20260423,3059.45,3064.58,3069.77,3051.18,3054.76,4.69,0.0015,14776058,21594204
NHCI.NH,20260422,3054.76,3036.27,3060.68,3035.21,3031.6,23.16,0.0076,14339637,21531650
NHCI.NH,20260421,3031.6,3035.31,3037.29,3021.84,3036.57,-4.97,-0.0016,13656431,21365756
NHCI.NH,20260420,3036.57,3007.22,3038.54,3003.21,3042.14,-5.57,-0.0018,17967854,21290399
NHCI.NH,20260417,3042.14,3044.46,3046.5,3030.66,3043.2,-1.06,-0.0003,14789405,21369091
NHCI.NH,20260416,3043.2,3018.81,3044.7,3018.81,3016.6,26.6,0.0088,15522290,21345127
NHCI.NH,20260415,3016.6,3011.29,3024.25,3003.07,3016.65,-0.05,0.0,15102443,21081017
NHCI.NH,20260414,3016.65,3010.59,3016.76,2996.95,3006.74,9.91,0.0033,14484348,21079671
NHCI.NH,20260413,3006.74,2986.49,3016.03,2980.71,2985.88,20.86,0.007,15578378,20965141
NHCI.NH,20260410,2985.88,3005.96,3005.96,2983.82,2991.21,-5.33,-0.0018,16608330,20994071
NHCI.NH,20260409,2991.21,2976.19,3001.7,2974.16,2990.58,0.63,0.0002,14082430,20748107
NHCI.NH,20260408,2990.58,3058.39,3062.85,2974.48,3061.32,-70.74,-0.0231,19343254,20615936
NHCI.NH,20260407,3061.32,3070.0,3075.63,3060.7,3065.99,-4.67,-0.0015,12819070,20918757
NHCI.NH,20260403,3065.99,3091.47,3091.47,3041.48,3055.49,10.5,0.0034,17358805,20465522
NHCI.NH,20260402,3055.49,3030.96,3069.46,3018.62,3012.73,42.76,0.0142,19590895,20448930
NHCI.NH,20260401,3012.73,3087.13,3095.12,3011.19,3074.62,-61.89,-0.0201,20164026,20210805
NHCI.NH,20260331,3074.62,3100.44,3108.18,3068.26,3102.9,-28.28,-0.0091,17644112,20103372
NHCI.NH,20260330,3102.9,3077.97,3113.14,3075.62,3073.18,29.72,0.0097,18498797,20248026
NHCI.NH,20260327,3073.18,3070.3,3076.26,3047.42,3058.4,14.78,0.0048,16039505,20183908
NHCI.NH,20260326,3058.4,3059.02,3071.59,3045.13,3052.19,6.21,0.002,16164924,20124898
NHCI.NH,20260325,3052.19,3058.1,3066.15,3021.08,3049.76,2.43,0.0008,17785458,19753145
NHCI.NH,20260324,3049.76,3068.74,3087.0,3047.57,3100.2,-50.44,-0.0163,20158850,19804738
NHCI.NH,20260323,3100.2,3088.81,3116.04,3065.65,3080.83,19.37,0.0063,22892243,20167084
NHCI.NH,20260320,3080.83,3072.63,3099.98,3050.6,3119.75,-38.92,-0.0125,20070550,20090588
NHCI.NH,20260319,3119.75,3148.29,3166.11,3107.81,3102.4,17.35,0.0056,20514189,20364983
NHCI.NH,20260318,3102.4,3137.44,3156.13,3088.73,3148.22,-45.82,-0.0146,18750244,20481375
NHCI.NH,20260317,3148.22,3129.65,3165.35,3104.16,3160.68,-12.46,-0.0039,18148548,20485087
NHCI.NH,20260316,3160.68,3136.54,3190.92,3124.73,3157.22,3.46,0.0011,22242485,20487164
NHCI.NH,20260313,3157.22,3160.04,3196.36,3140.95,3137.21,20.01,0.0064,23958255,20463397
NHCI.NH,20260312,3137.21,3103.49,3197.63,3085.83,3077.03,60.18,0.0196,25533394,20571868
NHCI.NH,20260311,3077.03,3057.7,3083.73,3011.57,3052.9,24.13,0.0079,21781057,20747775
NHCI.NH,20260310,3052.9,3167.15,3167.15,2997.69,3118.32,-65.42,-0.021,24926388,20272296
NHCI.NH,20260309,3118.32,3055.51,3147.22,3044.89,3001.7,116.62,0.0389,31525293,21196084
NHCI.NH,20260306,3001.7,2978.29,3007.24,2939.95,2963.75,37.95,0.0128,21470662,21625258
NHCI.NH,20260305,2963.75,2949.4,3039.53,2933.46,2959.25,4.5,0.0015,23862711,21186040
NHCI.NH,20260304,2959.25,2939.65,2969.87,2910.54,2917.01,42.24,0.0145,24731726,21064229
NHCI.NH,20260303,2917.01,2912.77,2932.43,2882.29,2894.68,22.33,0.0077,24134194,21541025
NHCI.NH,20260302,2894.68,2833.04,2895.19,2825.68,2820.27,74.41,0.0264,21005573,21745441
NHCI.NH,20260227,2820.27,2791.16,2820.8,2782.66,2807.29,12.98,0.0046,12509523,21509278
NHCI.NH,20260226,2807.29,2826.3,2830.75,2799.68,2827.26,-19.97,-0.0071,13061955,21370274
NHCI.NH,20260225,2827.26,2803.45,2835.9,2802.55,2806.4,20.86,0.0074,14548621,21052946
NHCI.NH,20260224,2806.4,2790.47,2816.53,2779.86,2723.32,83.08,0.0305,10184759,20362107
NHCI.NH,20260213,2723.32,2763.43,2770.64,2714.81,2770.18,-46.86,-0.0169,11011861,19749082
NHCI.NH,20260212,2770.18,2800.22,2800.22,2769.75,2779.86,-9.68,-0.0035,10517074,20455167
NHCI.NH,20260211,2779.86,2760.38,2781.05,2758.29,2758.96,20.9,0.0076,10382909,20879338
NHCI.NH,20260210,2758.96,2759.7,2773.44,2745.05,2756.35,2.61,0.0009,11366836,21068369
NHCI.NH,20260209,2756.35,2737.2,2765.13,2720.91,2729.62,26.73,0.0098,13978184,21057269
NHCI.NH,20260206,2729.62,2735.85,2754.28,2697.6,2753.3,-23.68,-0.0086,15746656,20996941
NHCI.NH,20260205,2753.3,2802.82,2810.38,2731.24,2813.65,-60.35,-0.0214,19193943,21117552
NHCI.NH,20260204,2813.65,2775.34,2813.72,2773.68,2758.41,55.24,0.02,17491122,21188050
NHCI.NH,20260203,2758.41,2753.11,2771.76,2730.13,2733.02,25.39,0.0093,17954577,20879689
NHCI.NH,20260202,2733.02,2845.88,2873.76,2728.71,2858.0,-124.98,-0.0437,24283981,20786097
NHCI.NH,20260130,2858.0,2942.79,2991.38,2842.92,2930.69,-72.69,-0.0248,28321211,21500707
NHCI.NH,20260129,2930.69,2866.99,2939.74,2858.41,2866.28,64.41,0.0225,19652855,21984013
NHCI.NH,20260128,2866.28,2826.34,2870.2,2810.76,2824.26,42.02,0.0149,18506751,21998585
NHCI.NH,20260127,2824.26,2831.57,2845.64,2807.38,2829.85,-5.59,-0.002,18038983,21833160
NHCI.NH,20260126,2829.85,2798.93,2836.67,2786.24,2785.69,44.16,0.0159,20168887,22009278
NHCI.NH,20260123,2785.69,2741.19,2785.91,2737.8,2754.3,31.39,0.0114,17798860,21928567
NHCI.NH,20260122,2754.3,2738.83,2754.51,2730.18,2734.17,20.13,0.0074,15565087,21661151
NHCI.NH,20260121,2734.17,2732.34,2742.21,2718.39,2723.27,10.9,0.004,15463083,21408573
NHCI.NH,20260120,2723.27,2724.75,2733.06,2713.88,2725.69,-2.42,-0.0009,15105883,21166237
NHCI.NH,20260119,2725.69,2729.37,2742.31,2713.71,2728.81,-3.12,-0.0011,17222383,21013110
NHCI.NH,20260116,2728.81,2744.88,2760.31,2721.57,2748.86,-20.05,-0.0073,20726610,21308779
NHCI.NH,20260115,2748.86,2784.4,2788.32,2730.15,2762.87,-14.01,-0.0051,21098973,21477929
NHCI.NH,20260114,2762.87,2748.76,2777.26,2748.35,2736.38,26.49,0.0097,20020513,21391067
NHCI.NH,20260113,2736.38,2744.22,2756.71,2718.23,2742.94,-6.56,-0.0024,20891080,21370462
NHCI.NH,20260112,2742.94,2700.45,2743.44,2693.22,2698.26,44.68,0.0166,21589822,21289785
NHCI.NH,20260109,2698.26,2675.7,2702.12,2651.17,2670.47,27.79,0.0104,19812706,20825281
NHCI.NH,20260108,2670.47,2711.06,2718.13,2657.36,2709.54,-39.07,-0.0144,24951185,20793315
NHCI.NH,20260107,2709.54,2699.2,2724.43,2688.02,2695.42,14.12,0.0052,26470041,20487224
NHCI.NH,20260106,2695.42,2649.08,2697.71,2648.61,2645.01,50.41,0.0191,18296934,19955185
NHCI.NH,20260105,2645.01,2631.43,2660.41,2631.43,2631.32,13.69,0.0052,11973369,19326008
NHCI.NH,20251231,2631.32,2659.72,2666.36,2622.74,2648.57,-17.25,-0.0065,17352355,18801319
NHCI.NH,20251230,2648.57,2635.98,2658.48,2620.32,2637.12,11.45,0.0043,19689225,19649431
NHCI.NH,20251229,2637.12,2647.34,2673.8,2626.65,2650.23,-13.11,-0.0049,22305021,19906730
NHCI.NH,20251226,2650.23,2624.88,2659.13,2624.53,2624.17,26.06,0.0099,19988918,20225117
NHCI.NH,20251225,2624.17,2627.26,2627.73,2604.29,2628.39,-4.22,-0.0016,15890142,20382648
NHCI.NH,20251224,2628.39,2605.03,2630.66,2589.53,2597.02,31.37,0.0121,18858536,20597418
NHCI.NH,20251223,2597.02,2586.12,2597.93,2585.17,2584.69,12.33,0.0048,16259236,20857987
NHCI.NH,20251222,2584.69,2550.66,2585.07,2546.36,2548.39,36.3,0.0142,17498106,20942687
NHCI.NH,20251219,2548.39,2548.54,2554.81,2536.71,2553.1,-4.71,-0.0018,15949720,20792775
NHCI.NH,20251218,2553.1,2540.51,2559.65,2539.55,2540.53,12.57,0.0049,16379746,20661435
NHCI.NH,20251217,2540.53,2524.38,2547.51,2515.63,2529.16,11.37,0.0045,14670526,21040450
NHCI.NH,20251216,2529.16,2543.49,2543.49,2520.88,2542.74,-13.58,-0.0053,17025754,21189681
NHCI.NH,20251215,2542.74,2539.02,2559.12,2530.07,2545.98,-3.24,-0.0013,19803883,21406459
NHCI.NH,20251212,2545.98,2543.75,2555.51,2538.29,2542.38,3.6,0.0014,17737404,21888215
NHCI.NH,20251211,2542.38,2549.54,2563.54,2540.98,2548.28,-5.9,-0.0023,17119642,21937682
NHCI.NH,20251210,2548.28,2543.79,2557.01,2535.5,2538.31,9.97,0.0039,18718226,21935657
NHCI.NH,20251209,2538.31,2564.29,2564.46,2534.68,2572.7,-34.39,-0.0134,15882476,21975181
NHCI.NH,20251208,2572.7,2574.93,2581.5,2564.71,2577.08,-4.38,-0.0017,17055225,22103670
NHCI.NH,20251205,2577.08,2571.78,2580.64,2565.56,2573.06,4.02,0.0016,14283115,22224879
NHCI.NH,20251204,2573.06,2575.47,2578.06,2565.68,2569.4,3.66,0.0014,16134833,22167835
NHCI.NH,20251203,2569.4,2575.71,2578.6,2564.53,2576.56,-7.16,-0.0028,15311194,22070132
NHCI.NH,20251202,2576.56,2573.33,2580.1,2569.74,2576.24,0.32,0.0001,15081400,21971024
NHCI.NH,20251201,2576.24,2551.11,2577.18,2545.95,2552.44,23.8,0.0093,18122468,21862870
NHCI.NH,20251128,2552.44,2538.09,2553.62,2534.39,2536.16,16.28,0.0064,14690554,21667769
NHCI.NH,20251127,2536.16,2527.65,2536.67,2523.4,2527.16,9.0,0.0036,15801839,21806240
NHCI.NH,20251126,2527.16,2516.3,2531.94,2508.4,2524.55,2.61,0.001,15689131,21995424
NHCI.NH,20251125,2524.55,2518.01,2534.9,2511.26,2516.25,8.3,0.0033,14412860,22096717
NHCI.NH,20251124,2516.25,2505.78,2524.33,2495.95,2502.56,13.69,0.0055,18656693,22326959
NHCI.NH,20251121,2502.56,2529.33,2535.19,2501.98,2521.77,-19.21,-0.0076,18561807,22591850
NHCI.NH,20251120,2521.77,2538.77,2538.77,2520.99,2544.28,-22.51,-0.0088,19046464,22931310
NHCI.NH,20251119,2544.28,2534.76,2548.92,2533.3,2528.48,15.8,0.0062,17229368,22968614
NHCI.NH,20251118,2528.48,2546.56,2550.04,2523.86,2541.86,-13.38,-0.0053,14490033,22839229
NHCI.NH,20251117,2541.86,2542.03,2546.71,2530.75,2548.8,-6.94,-0.0027,17749122,22893282
NHCI.NH,20251114,2548.8,2562.66,2564.15,2546.93,2558.41,-9.61,-0.0038,15796760,23120441
NHCI.NH,20251113,2558.41,2552.06,2558.95,2540.68,2554.88,3.53,0.0014,15119841,22851240
NHCI.NH,20251112,2554.88,2542.68,2556.8,2541.83,2538.78,16.1,0.0063,12135473,22839419
NHCI.NH,20251111,2538.78,2541.24,2547.51,2535.98,2540.39,-1.61,-0.0006,12725763,22739692
NHCI.NH,20251110,2540.39,2525.8,2542.34,2520.14,2526.83,13.56,0.0054,16110728,22500423
NHCI.NH,20251107,2526.83,2537.03,2537.03,2518.99,2534.42,-7.59,-0.003,12535219,22223866
NHCI.NH,20251106,2534.42,2520.4,2534.71,2514.17,2522.54,11.88,0.0047,13484736,22131203
NHCI.NH,20251105,2522.54,2516.06,2525.61,2506.86,2521.7,0.84,0.0003,15574643,21984548
NHCI.NH,20251104,2521.7,2537.53,2539.77,2519.77,2542.22,-20.52,-0.0081,13595795,21780795
NHCI.NH,20251103,2542.22,2542.64,2550.06,2532.67,2538.87,3.35,0.0013,16945373,21727099
NHCI.NH,20251031,2538.87,2540.36,2551.64,2534.41,2543.12,-4.25,-0.0017,14550097,21511309
NHCI.NH,20251030,2543.12,2559.24,2563.89,2536.81,2557.68,-14.56,-0.0057,16028484,21509467
NHCI.NH,20251029,2557.68,2533.45,2559.17,2533.21,2539.68,18.0,0.0071,15269598,21190762
NHCI.NH,20251028,2539.68,2557.88,2561.95,2539.36,2563.19,-23.51,-0.0092,15392230,21316059
NHCI.NH,20251027,2563.19,2544.93,2564.18,2544.23,2545.63,17.56,0.0069,15698988,21463785
NHCI.NH,20251024,2545.63,2552.46,2556.95,2539.3,2543.71,1.92,0.0008,13820472,21548395
NHCI.NH,20251023,2543.71,2518.4,2547.24,2517.0,2525.19,18.52,0.0073,14229872,21416264
NHCI.NH,20251022,2525.19,2519.27,2529.24,2502.91,2526.06,-0.87,-0.0003,14159257,21638725
NHCI.NH,20251021,2526.06,2521.27,2534.92,2514.09,2515.75,10.31,0.0041,13697114,21648179
NHCI.NH,20251020,2515.75,2523.56,2536.49,2515.01,2521.9,-6.15,-0.0024,17158867,21622719
NHCI.NH,20251017,2521.9,2534.74,2542.08,2520.49,2536.77,-14.87,-0.0059,16663263,21567569
NHCI.NH,20251016,2536.77,2537.01,2542.99,2521.22,2533.7,3.07,0.0012,14354569,21352534
NHCI.NH,20251015,2533.7,2516.21,2537.44,2510.93,2526.51,7.19,0.0028,13852867,21324463
NHCI.NH,20251014,2526.51,2549.22,2554.35,2517.76,2548.19,-21.68,-0.0085,18418539,21072975
NHCI.NH,20251013,2548.19,2550.37,2553.92,2524.62,2550.86,-2.67,-0.001,17644470,20635688
NHCI.NH,20251010,2550.86,2582.14,2591.19,2547.16,2572.47,-21.61,-0.0084,15845730,20521940
NHCI.NH,20251009,2572.47,2555.22,2576.24,2549.31,2539.12,33.35,0.0131,11117057,19887700
NHCI.NH,20250930,2539.12,2553.58,2553.58,2538.92,2558.3,-19.18,-0.0075,11647288,19129358
NHCI.NH,20250929,2558.3,2558.2,2562.8,2548.91,2557.19,1.11,0.0004,14402891,19882940
NHCI.NH,20250926,2557.19,2566.98,2567.66,2555.21,2568.05,-10.86,-0.0042,14943382,20653079
NHCI.NH,20250925,2568.05,2554.62,2569.98,2553.71,2543.67,24.38,0.0096,15990408,20921809
NHCI.NH,20250924,2543.67,2535.3,2551.47,2531.33,2524.39,19.28,0.0076,17445392,21134636
NHCI.NH,20250923,2524.39,2541.82,2541.82,2517.19,2552.17,-27.78,-0.0109,17288393,21265625
NHCI.NH,20250922,2552.17,2546.85,2560.02,2545.63,2546.21,5.96,0.0023,14620397,21185996
NHCI.NH,20250919,2546.21,2547.87,2551.48,2539.07,2540.33,5.88,0.0023,12911348,21241604
NHCI.NH,20250918,2540.33,2564.28,2567.59,2536.5,2568.42,-28.09,-0.0109,15485768,21170804
NHCI.NH,20250917,2568.42,2582.33,2582.54,2565.79,2573.68,-5.26,-0.002,13544562,21108607
NHCI.NH,20250916,2573.68,2561.4,2580.89,2560.21,2556.26,17.42,0.0068,16328485,21127695
NHCI.NH,20250915,2556.26,2551.26,2559.21,2544.14,2540.08,16.18,0.0064,14368256,21431824
NHCI.NH,20250912,2540.08,2536.69,2543.86,2527.84,2542.12,-2.04,-0.0008,14133819,21496619
NHCI.NH,20250911,2542.12,2539.41,2548.49,2534.13,2539.02,3.1,0.0012,12285399,21492079
NHCI.NH,20250910,2539.02,2536.19,2545.23,2528.05,2539.92,-0.9,-0.0004,13788230,21297020
NHCI.NH,20250909,2539.92,2545.6,2548.94,2534.53,2543.32,-3.4,-0.0013,12974760,21309614
NHCI.NH,20250908,2543.32,2538.25,2544.32,2518.22,2539.51,3.81,0.0015,15624918,21183001
NHCI.NH,20250905,2539.51,2523.78,2542.6,2519.03,2523.56,15.95,0.0063,14489029,21064641
NHCI.NH,20250904,2523.56,2529.32,2530.16,2517.88,2533.93,-10.37,-0.0041,14077161,21116223
NHCI.NH,20250903,2533.93,2526.23,2547.69,2524.96,2529.24,4.69,0.0019,12174238,21110121
NHCI.NH,20250902,2529.24,2524.52,2537.53,2523.72,2520.51,8.73,0.0035,11584370,20997553
NHCI.NH,20250901,2520.51,2522.19,2524.12,2508.59,2521.31,-0.8,-0.0003,15578976,21026291
NHCI.NH,20250829,2521.31,2526.4,2526.59,2514.04,2522.51,-1.2,-0.0005,13736557,20929695
NHCI.NH,20250828,2522.51,2517.73,2522.9,2510.33,2517.1,5.41,0.0021,14207771,21042024
NHCI.NH,20250827,2517.1,2528.14,2538.3,2516.23,2534.11,-17.01,-0.0067,13349783,21320775
NHCI.NH,20250826,2534.11,2545.88,2548.28,2533.63,2544.65,-10.54,-0.0041,12950565,21396866
NHCI.NH,20250825,2544.65,2526.7,2548.53,2526.2,2525.13,19.52,0.0077,16903987,21311032
NHCI.NH,20250822,2525.13,2517.14,2528.77,2514.11,2519.86,5.27,0.0021,12954339,21273019
NHCI.NH,20250821,2519.86,2516.48,2526.18,2515.95,2511.88,7.98,0.0032,15257135,21452824
NHCI.NH,20250820,2511.88,2521.11,2522.41,2496.49,2523.65,-11.77,-0.0047,19520791,21571513
NHCI.NH,20250819,2523.65,2534.49,2536.06,2523.44,2532.31,-8.66,-0.0034,14876493,22190447
NHCI.NH,20250818,2532.31,2535.82,2544.04,2524.11,2536.21,-3.9,-0.0015,17244507,22176630
NHCI.NH,20250815,2536.21,2535.59,2545.69,2530.43,2534.95,1.26,0.0005,17634711,22324406
NHCI.NH,20250814,2534.95,2552.55,2555.6,2529.62,2555.72,-20.77,-0.0081,17713076,22381460
NHCI.NH,20250813,2555.72,2557.37,2565.87,2552.79,2556.2,-0.48,-0.0002,19709351,22342274
NHCI.NH,20250812,2556.2,2538.78,2561.73,2536.2,2535.38,20.82,0.0082,19528536,22100138
NHCI.NH,20250811,2535.38,2526.41,2538.79,2522.63,2523.12,12.26,0.0049,17315935,22113518
NHCI.NH,20250808,2523.12,2535.25,2535.25,2521.79,2534.0,-10.88,-0.0043,13409803,22026274
NHCI.NH,20250807,2534.0,2541.74,2545.62,2526.77,2536.97,-2.97,-0.0012,15900501,21906094
NHCI.NH,20250806,2536.97,2533.11,2540.55,2524.88,2536.46,0.51,0.0002,15545008,21866967
NHCI.NH,20250805,2536.46,2517.15,2539.96,2516.61,2526.67,9.79,0.0039,16069623,21909346
NHCI.NH,20250804,2526.67,2535.76,2539.26,2508.19,2532.3,-5.63,-0.0022,16415716,21909160
NHCI.NH,20250801,2532.3,2534.79,2542.66,2528.1,2537.12,-4.82,-0.0019,18438757,21846518
NHCI.NH,20250731,2537.12,2564.46,2564.97,2531.92,2569.74,-32.62,-0.0127,22285925,21763294
NHCI.NH,20250730,2569.74,2564.72,2591.39,2562.95,2561.52,8.22,0.0032,26693284,21877090
NHCI.NH,20250729,2561.52,2549.83,2563.27,2541.19,2544.91,16.61,0.0065,21306478,21729896
NHCI.NH,20250728,2544.91,2592.93,2592.93,2539.34,2596.21,-51.3,-0.0198,29592858,21629882
NHCI.NH,20250725,2596.21,2584.35,2596.66,2575.12,2585.23,10.98,0.0042,26000444,22154442
NHCI.NH,20250724,2585.23,2568.52,2598.44,2560.61,2568.04,17.19,0.0067,29178050,22016710
NHCI.NH,20250723,2568.04,2579.73,2584.93,2558.1,2577.21,-9.17,-0.0036,25723326,22390182
NHCI.NH,20250722,2577.21,2558.28,2580.56,2551.2,2557.99,19.22,0.0075,26187385,22529573
NHCI.NH,20250721,2557.99,2534.5,2565.45,2532.87,2527.11,30.88,0.0122,25089263,23036246
NHCI.NH,20250718,2527.11,2507.99,2534.62,2507.36,2507.65,19.46,0.0078,18575673,23763909
NHCI.NH,20250717,2507.65,2491.34,2508.61,2489.56,2497.63,10.02,0.004,15929372,23707680
NHCI.NH,20250716,2497.63,2495.62,2501.6,2491.08,2495.02,2.61,0.001,12453496,23629788
NHCI.NH,20250715,2495.02,2508.5,2510.8,2488.52,2510.15,-15.13,-0.006,16592406,23569694
NHCI.NH,20250714,2510.15,2495.39,2511.98,2494.55,2493.92,16.23,0.0065,15645813,23367078
NHCI.NH,20250711,2493.92,2496.0,2502.91,2486.81,2499.26,-5.34,-0.0021,19193094,23410061
NHCI.NH,20250710,2499.26,2471.32,2502.47,2470.25,2472.58,26.68,0.0108,19765489,23317893
NHCI.NH,20250709,2472.58,2472.13,2477.35,2468.99,2471.24,1.34,0.0005,13596906,23615928
NHCI.NH,20250708,2471.24,2460.19,2474.53,2458.66,2457.35,13.89,0.0057,12131225,23655305
NHCI.NH,20250707,2457.35,2465.35,2470.42,2453.84,2468.87,-11.52,-0.0047,12413420,23599839
NHCI.NH,20250704,2468.87,2476.46,2483.92,2467.82,2477.37,-8.5,-0.0034,15450753,23500527
NHCI.NH,20250703,2477.37,2471.83,2482.26,2466.09,2464.82,12.55,0.0051,17512783,23454751
NHCI.NH,20250702,2464.82,2451.02,2467.24,2443.84,2447.2,17.62,0.0072,19482982,23130682
NHCI.NH,20250701,2447.2,2443.89,2447.83,2429.82,2444.29,2.91,0.0012,13958172,23125590
NHCI.NH,20250630,2444.29,2446.95,2456.62,2437.25,2449.47,-5.18,-0.0021,16495676,22711098
NHCI.NH,20250627,2449.47,2445.25,2457.63,2443.58,2445.63,3.84,0.0016,15476946,22789083
NHCI.NH,20250626,2445.63,2438.14,2447.58,2433.58,2442.73,2.9,0.0012,15764198,22900067
NHCI.NH,20250625,2442.73,2441.84,2445.17,2429.62,2447.83,-5.1,-0.0021,13744672,22954980
NHCI.NH,20250624,2447.83,2499.23,2504.68,2444.25,2507.37,-59.54,-0.0237,19649231,23097141
NHCI.NH,20250623,2507.37,2498.94,2525.64,2493.33,2499.45,7.92,0.0032,15948891,23193490
NHCI.NH,20250620,2499.45,2508.15,2520.52,2493.87,2507.38,-7.93,-0.0032,17054590,23014131
NHCI.NH,20250619,2507.38,2495.3,2509.62,2486.0,2494.28,13.1,0.0053,17260383,22997363
NHCI.NH,20250618,2494.28,2467.98,2496.59,2463.67,2458.21,36.07,0.0147,16998527,23026135
NHCI.NH,20250617,2458.21,2456.11,2464.01,2439.13,2468.24,-10.03,-0.0041,15457393,22753920
NHCI.NH,20250616,2468.24,2451.14,2470.63,2440.48,2443.44,24.8,0.0102,19793142,22681303
NHCI.NH,20250613,2443.44,2408.58,2468.69,2402.4,2409.47,33.97,0.0141,21566861,22465337
NHCI.NH,20250612,2409.47,2409.87,2420.46,2401.78,2404.43,5.04,0.0021,13848449,22751081
NHCI.NH,20250611,2404.43,2402.48,2409.53,2398.87,2400.26,4.17,0.0017,14374779,22561655
NHCI.NH,20250610,2400.26,2401.82,2409.57,2391.39,2398.92,1.34,0.0006,15406071,22458351
NHCI.NH,20250609,2398.92,2391.6,2404.08,2388.8,2392.35,6.57,0.0027,16387483,22539063
NHCI.NH,20250606,2392.35,2386.34,2397.3,2382.94,2371.61,20.74,0.0087,19400513,22180025
NHCI.NH,20250605,2371.61,2379.45,2381.78,2363.08,2382.69,-11.08,-0.0047,14473716,22295821
NHCI.NH,20250604,2382.69,2367.78,2385.83,2363.04,2361.76,20.93,0.0089,17848171,21999591
NHCI.NH,20250603,2361.76,2370.84,2379.22,2359.37,2349.69,12.07,0.0051,13328468,22286768
NHCI.NH,20250530,2349.69,2374.39,2374.39,2346.05,2380.52,-30.83,-0.013,15611103,20966652
NHCI.NH,20250529,2380.52,2367.79,2386.61,2357.58,2362.26,18.26,0.0077,18189727,21562943
NHCI.NH,20250528,2362.26,2377.72,2378.86,2360.15,2379.4,-17.14,-0.0072,13235924,21355738
NHCI.NH,20250527,2379.4,2387.24,2387.71,2370.28,2387.74,-8.34,-0.0035,15192458,21272848
NHCI.NH,20250526,2387.74,2385.72,2399.55,2381.15,2388.28,-0.54,-0.0002,15435560,21169672
NHCI.NH,20250523,2388.28,2397.51,2403.59,2387.39,2400.95,-12.67,-0.0053,12607321,20987883
NHCI.NH,20250522,2400.95,2420.01,2420.61,2398.0,2421.88,-20.93,-0.0086,13542784,20880887
NHCI.NH,20250521,2421.88,2406.02,2427.0,2401.86,2401.9,19.98,0.0083,13219114,20831966
NHCI.NH,20250520,2401.9,2405.03,2411.69,2398.0,2403.39,-1.49,-0.0006,12370202,20758938
NHCI.NH,20250519,2403.39,2397.25,2410.54,2396.96,2400.18,3.21,0.0013,14112604,20552304
NHCI.NH,20250516,2400.18,2417.04,2420.82,2399.96,2415.14,-14.96,-0.0062,14504439,20338759
NHCI.NH,20250515,2415.14,2445.18,2448.51,2412.61,2452.83,-37.69,-0.0154,15741019,20161451
NHCI.NH,20250514,2452.83,2418.39,2455.35,2411.43,2412.68,40.15,0.0166,19250540,20158329
NHCI.NH,20250513,2412.68,2435.36,2437.93,2406.94,2424.02,-11.34,-0.0047,16722445,20270481
NHCI.NH,20250512,2424.02,2395.42,2424.58,2387.78,2387.17,36.85,0.0154,18847048,19976294
NHCI.NH,20250509,2387.17,2387.55,2396.84,2384.12,2381.95,5.22,0.0022,13299700,20084331
NHCI.NH,20250508,2381.95,2397.45,2397.69,2376.8,2405.16,-23.21,-0.0097,16661650,19734052
NHCI.NH,20250507,2405.16,2395.6,2421.54,2395.4,2390.26,14.9,0.0062,16339455,18972865
NHCI.NH,20250506,2390.26,2394.61,2404.99,2386.25,2407.42,-17.16,-0.0071,10412804,18314225
NHCI.NH,20250430,2407.42,2426.26,2428.86,2405.12,2428.53,-21.11,-0.0087,13888223,17785626
NHCI.NH,20250429,2428.53,2447.18,2447.18,2422.07,2447.13,-18.6,-0.0076,13887012,18639281
NHCI.NH,20250428,2447.13,2443.79,2455.45,2439.57,2452.83,-5.7,-0.0023,19492126,19137819
NHCI.NH,20250425,2452.83,2458.2,2473.23,2445.27,2454.26,-1.43,-0.0006,17336842,19415433
NHCI.NH,20250424,2454.26,2458.59,2460.09,2442.3,2466.51,-12.25,-0.005,17567939,19492685
NHCI.NH,20250423,2466.51,2438.24,2469.35,2430.59,2437.03,29.48,0.0121,20528452,19619784
NHCI.NH,20250422,2437.03,2439.14,2443.09,2424.7,2440.55,-3.52,-0.0014,16071532,20053705
NHCI.NH,20250421,2440.55,2420.47,2443.84,2415.8,2421.42,19.13,0.0079,15566426,19944649
NHCI.NH,20250418,2421.42,2425.77,2435.12,2418.13,2422.61,-1.19,-0.0005,15897813,20205265
NHCI.NH,20250417,2422.61,2416.4,2438.93,2407.4,2402.19,20.42,0.0085,16147746,20188138
NHCI.NH,20250416,2402.19,2413.55,2422.72,2397.07,2419.07,-16.88,-0.007,15405633,20187829
NHCI.NH,20250415,2419.07,2428.73,2428.73,2412.25,2421.61,-2.54,-0.001,15136002,20129853
NHCI.NH,20250414,2421.61,2412.78,2426.22,2406.33,2411.7,9.91,0.0041,16913179,19979654
NHCI.NH,20250411,2411.7,2399.78,2415.5,2385.54,2415.62,-3.92,-0.0016,19402701,19807894
NHCI.NH,20250410,2415.62,2332.95,2425.26,2330.71,2352.92,62.7,0.0266,26197948,19924907
NHCI.NH,20250409,2352.92,2391.33,2400.24,2314.04,2390.37,-37.45,-0.0157,28372670,20324233
NHCI.NH,20250408,2390.37,2404.75,2435.64,2383.53,2432.81,-42.44,-0.0174,24215318,20391121
NHCI.NH,20250407,2432.81,2541.39,2541.39,2418.81,2541.39,-108.58,-0.0427,18510475,20134807
NHCI.NH,20250403,2541.39,2563.52,2566.87,2539.38,2564.18,-22.79,-0.0089,18746339,20871079
NHCI.NH,20250402,2564.18,2564.11,2569.79,2558.91,2565.83,-1.65,-0.0006,14879754,21051686
NHCI.NH,20250401,2565.83,2536.43,2571.44,2526.22,2534.37,31.46,0.0124,18363306,21110350
NHCI.NH,20250331,2534.37,2555.64,2555.8,2528.09,2552.76,-18.39,-0.0072,16508048,21335119
NHCI.NH,20250328,2552.76,2559.13,2563.5,2547.34,2554.19,-1.43,-0.0006,17085621,21404967
NHCI.NH,20250327,2554.19,2551.55,2558.74,2548.73,2548.84,5.35,0.0021,14311054,21278362
NHCI.NH,20250326,2548.84,2546.89,2554.46,2543.75,2542.65,6.19,0.0024,15510726,21257693
NHCI.NH,20250325,2542.65,2543.2,2546.9,2536.17,2544.41,-1.76,-0.0007,14867666,21212811
NHCI.NH,20250324,2544.41,2520.68,2546.05,2510.51,2521.5,22.91,0.0091,17139022,21276332
NHCI.NH,20250321,2521.5,2525.67,2536.22,2518.54,2529.45,-7.95,-0.0031,14371241,21481312
NHCI.NH,20250320,2529.45,2519.16,2532.27,2511.34,2514.89,14.56,0.0058,16062582,21615590
NHCI.NH,20250319,2514.89,2538.25,2538.25,2512.33,2530.61,-15.72,-0.0062,14866164,21570085
NHCI.NH,20250318,2530.61,2534.51,2537.12,2525.72,2535.5,-4.89,-0.0019,14634458,21589640
NHCI.NH,20250317,2535.5,2547.49,2553.39,2528.43,2547.21,-11.71,-0.0046,16216212,21410847
NHCI.NH,20250314,2547.21,2527.16,2548.58,2523.17,2528.72,18.49,0.0073,15538447,21303483
NHCI.NH,20250313,2528.72,2518.21,2532.66,2515.25,2507.32,21.4,0.0085,16492245,21300526
NHCI.NH,20250312,2507.32,2511.2,2519.24,2503.87,2503.62,3.7,0.0015,16025061,21524724
NHCI.NH,20250311,2503.62,2522.52,2522.81,2486.67,2518.22,-14.6,-0.0058,16492290,21239388
NHCI.NH,20250310,2518.22,2518.66,2535.52,2509.2,2513.28,4.94,0.002,19397526,21341677
NHCI.NH,20250307,2513.28,2510.16,2521.9,2507.17,2509.45,3.83,0.0015,15351089,21101947
NHCI.NH,20250306,2509.45,2503.85,2512.53,2488.55,2505.16,4.29,0.0017,17130698,20844547
NHCI.NH,20250305,2505.16,2517.66,2520.74,2498.62,2521.8,-16.64,-0.0066,17986029,20870314
NHCI.NH,20250304,2521.8,2552.0,2558.03,2517.64,2546.98,-25.18,-0.0099,18997965,20659844
NHCI.NH,20250303,2546.98,2548.78,2565.06,2537.76,2552.92,-5.94,-0.0023,18245042,20277017
NHCI.NH,20250228,2552.92,2558.46,2561.61,2545.91,2551.28,1.64,0.0006,14871813,19899097
NHCI.NH,20250227,2551.28,2546.56,2552.27,2538.15,2546.42,4.86,0.0019,16234773,19999977
NHCI.NH,20250226,2546.42,2550.43,2556.46,2536.31,2557.96,-11.54,-0.0045,16661986,19762767
NHCI.NH,20250225,2557.96,2575.09,2577.8,2556.2,2576.42,-18.46,-0.0072,14314558,19663727
NHCI.NH,20250224,2576.42,2590.74,2598.28,2568.04,2597.05,-20.63,-0.0079,14556418,19611663
NHCI.NH,20250221,2597.05,2610.04,2616.63,2594.41,2606.5,-9.45,-0.0036,15099151,19754951
NHCI.NH,20250220,2606.5,2585.99,2608.21,2583.5,2583.78,22.72,0.0088,13543263,19514728
NHCI.NH,20250219,2583.78,2572.9,2586.64,2568.88,2573.51,10.27,0.004,11734019,19170361
NHCI.NH,20250218,2573.51,2561.08,2577.07,2558.84,2563.53,9.98,0.0039,11823099,19030088
NHCI.NH,20250217,2563.53,2580.26,2581.08,2552.0,2577.74,-14.21,-0.0055,16314864,18936235
NHCI.NH,20250214,2577.74,2558.51,2585.75,2555.2,2561.57,16.17,0.0063,14241464,18804701
NHCI.NH,20250213,2561.57,2597.66,2600.87,2560.74,2603.51,-41.94,-0.0161,14406358,18626689
NHCI.NH,20250212,2603.51,2596.66,2605.82,2591.35,2597.67,5.84,0.0022,13252809,18591398
NHCI.NH,20250211,2597.67,2611.74,2613.94,2591.92,2605.28,-7.61,-0.0029,14000976,18386466
NHCI.NH,20250210,2605.28,2599.97,2606.68,2593.6,2600.41,4.87,0.0019,15392856,18074004
NHCI.NH,20250207,2600.41,2581.47,2605.27,2575.75,2580.22,20.19,0.0078,12269350,17488470
NHCI.NH,20250206,2580.22,2559.77,2584.09,2558.06,2566.68,13.54,0.0053,11442605,17040570
NHCI.NH,20250205,2566.68,2559.97,2577.82,2555.28,2559.97,6.71,0.0026,9071471,16402600
NHCI.NH,20250127,2559.97,2564.13,2564.13,2548.61,2560.85,-0.88,-0.0003,9450636,15789270
NHCI.NH,20250124,2560.85,2556.14,2563.09,2543.11,2551.68,9.17,0.0036,11310010,16413169
NHCI.NH,20250123,2551.68,2573.84,2581.21,2549.34,2571.3,-19.62,-0.0076,12447634,16899642
NHCI.NH,20250122,2571.3,2574.0,2577.94,2563.18,2581.52,-10.22,-0.004,12123630,17080445
NHCI.NH,20250121,2581.52,2575.91,2588.87,2570.9,2573.89,7.63,0.003,13102329,17281572
NHCI.NH,20250120,2573.89,2590.83,2591.69,2564.33,2594.26,-20.37,-0.0079,13925335,17361438
NHCI.NH,20250117,2594.26,2579.96,2599.52,2573.4,2586.22,8.04,0.0031,14685319,17659448
NHCI.NH,20250116,2586.22,2565.37,2592.37,2561.85,2564.61,21.61,0.0084,15266898,17678433
NHCI.NH,20250115,2564.61,2556.08,2566.54,2551.3,2554.61,10.0,0.0039,11579615,17634027
NHCI.NH,20250114,2554.61,2547.14,2558.8,2534.38,2551.5,3.11,0.0012,13303110,17655861
NHCI.NH,20250113,2551.5,2511.02,2552.99,2507.77,2492.87,58.63,0.0235,16299978,17703464
NHCI.NH,20250110,2492.87,2482.35,2496.17,2478.04,2479.73,13.14,0.0053,11846417,17740994
NHCI.NH,20250109,2479.73,2477.18,2482.81,2463.27,2477.96,1.77,0.0007,13989984,17749770
NHCI.NH,20250108,2477.96,2483.98,2489.51,2475.96,2478.37,-0.41,-0.0002,12356712,17705491
NHCI.NH,20250107,2478.37,2495.39,2495.56,2469.09,2477.13,1.24,0.0005,13705224,17470085
NHCI.NH,20250106,2477.13,2487.19,2504.29,2476.49,2485.73,-8.6,-0.0035,15219459,17278208
NHCI.NH,20250103,2485.73,2505.17,2507.26,2482.62,2499.96,-14.23,-0.0057,14548682,17200954
NHCI.NH,20250102,2499.96,2496.77,2518.25,2496.77,2496.47,3.49,0.0014,10466133,17008627
NHCI.NH,20241231,2496.47,2492.32,2500.22,2487.31,2489.24,7.23,0.0029,12422932,17050192
NHCI.NH,20241230,2489.24,2478.19,2492.3,2475.14,2475.77,13.47,0.0054,12322182,17515239
NHCI.NH,20241227,2475.77,2491.28,2496.47,2473.85,2487.11,-11.34,-0.0046,12352771,17747582
NHCI.NH,20241226,2487.11,2490.06,2497.64,2482.53,2489.39,-2.28,-0.0009,10773808,17797563
NHCI.NH,20241225,2489.39,2490.0,2496.61,2483.87,2488.88,0.51,0.0002,10758614,18119255
NHCI.NH,20241224,2488.88,2478.87,2489.17,2471.27,2483.97,4.91,0.002,11239416,18211484
NHCI.NH,20241223,2483.97,2467.39,2485.63,2457.92,2469.27,14.7,0.006,14812747,18386630
NHCI.NH,20241220,2469.27,2470.86,2476.62,2461.68,2471.67,-2.4,-0.001,14443806,18597746
NHCI.NH,20241219,2471.67,2485.72,2492.81,2460.66,2482.0,-10.33,-0.0042,16399082,18882670
NHCI.NH,20241218,2482.0,2507.45,2512.25,2479.12,2516.27,-34.27,-0.0136,14876845,19023243
NHCI.NH,20241217,2516.27,2524.5,2529.74,2514.95,2527.22,-10.95,-0.0043,12139805,18891146
NHCI.NH,20241216,2527.22,2528.6,2530.6,2516.28,2527.15,0.07,0.0,14764081,18786233
NHCI.NH,20241213,2527.15,2543.43,2543.65,2523.02,2551.47,-24.32,-0.0095,15371928,18796506
NHCI.NH,20241212,2551.47,2535.1,2555.06,2533.13,2533.76,17.71,0.007,14253204,19038028
NHCI.NH,20241211,2533.76,2516.12,2534.39,2515.64,2517.09,16.67,0.0066,12716424,18917733
NHCI.NH,20241210,2517.09,2524.17,2547.17,2512.17,2501.19,15.9,0.0064,19462061,18713477
NHCI.NH,20241209,2501.19,2496.69,2507.32,2488.19,2501.82,-0.63,-0.0003,14928303,19101968
NHCI.NH,20241206,2501.82,2503.52,2507.26,2493.42,2502.81,-0.99,-0.0004,14767100,19151261
NHCI.NH,20241205,2502.81,2523.75,2534.96,2498.4,2528.87,-26.06,-0.0103,16959866,19167534
NHCI.NH,20241204,2528.87,2537.7,2541.1,2522.82,2530.56,-1.69,-0.0007,15901663,19076851
NHCI.NH,20241203,2530.56,2523.7,2530.97,2512.96,2521.62,8.94,0.0035,13059720,18922471
NHCI.NH,20241202,2521.62,2524.54,2526.75,2510.91,2522.64,-1.02,-0.0004,14233442,18747262
NHCI.NH,20241129,2522.64,2509.23,2533.62,2504.91,2504.02,18.62,0.0074,14295694,18797304
NHCI.NH,20241128,2504.02,2517.81,2518.21,2497.02,2517.58,-13.56,-0.0054,13323028,18975766
NHCI.NH,20241127,2517.58,2513.24,2519.68,2497.7,2507.21,10.37,0.0041,12981781,18864175
NHCI.NH,20241126,2507.21,2523.25,2524.37,2502.71,2519.87,-12.66,-0.005,14425378,18848468
NHCI.NH,20241125,2519.87,2509.03,2532.97,2504.69,2510.37,9.5,0.0038,16648343,18938347
NHCI.NH,20241122,2510.37,2532.66,2534.28,2505.6,2526.05,-15.68,-0.0062,15512814,19189829
NHCI.NH,20241121,2526.05,2525.51,2530.35,2515.33,2521.51,4.54,0.0018,14240287,19113843
NHCI.NH,20241120,2521.51,2516.74,2526.34,2512.99,2521.14,0.37,0.0001,11860872,19212663
NHCI.NH,20241119,2521.14,2486.98,2527.48,2481.32,2488.57,32.57,0.0131,15082535,19219461
NHCI.NH,20241118,2488.57,2493.63,2495.19,2469.76,2478.92,9.65,0.0039,17024274,19349008
NHCI.NH,20241115,2478.92,2503.31,2512.76,2478.09,2496.7,-17.78,-0.0071,18355186,19480821
NHCI.NH,20241114,2496.7,2521.11,2524.72,2494.12,2518.95,-22.25,-0.0088,14977769,19249396
NHCI.NH,20241113,2518.95,2530.33,2534.96,2517.84,2527.59,-8.64,-0.0034,15305205,19102140
NHCI.NH,20241112,2527.59,2545.44,2546.0,2519.09,2557.19,-29.6,-0.0116,16407053,19347875
NHCI.NH,20241111,2557.19,2564.21,2586.57,2543.06,2573.99,-16.8,-0.0065,20054758,19653058
NHCI.NH,20241108,2573.99,2578.56,2607.68,2568.56,2580.55,-6.56,-0.0025,21338871,19749028
NHCI.NH,20241107,2580.55,2543.09,2582.3,2535.03,2549.32,31.23,0.0123,20133386,19675247
NHCI.NH,20241106,2549.32,2575.79,2583.51,2539.61,2568.04,-18.72,-0.0073,19357747,19521387
NHCI.NH,20241105,2568.04,2564.07,2578.82,2554.54,2560.07,7.97,0.0031,14232277,19376514
NHCI.NH,20241104,2560.07,2559.48,2569.47,2532.09,2550.63,9.44,0.0037,17844910,19138652
NHCI.NH,20241101,2550.63,2552.2,2559.15,2531.03,2550.29,0.34,0.0001,17104769,19347207
NHCI.NH,20241031,2550.29,2554.67,2558.1,2536.44,2550.68,-0.39,-0.0002,16056698,19187225
NHCI.NH,20241030,2550.68,2545.1,2560.3,2529.53,2532.97,17.71,0.007,18778713,19146598
NHCI.NH,20241029,2532.97,2546.42,2555.29,2529.34,2560.17,-27.2,-0.0106,17487574,19213496
NHCI.NH,20241028,2560.17,2552.57,2575.38,2542.83,2548.42,11.75,0.0046,20356818,19068874
NHCI.NH,20241025,2548.42,2551.59,2567.12,2539.29,2553.24,-4.82,-0.0019,18831254,19079683
NHCI.NH,20241024,2553.24,2532.55,2555.64,2529.3,2543.3,9.94,0.0039,18108047,18958350
NHCI.NH,20241023,2543.3,2543.57,2560.7,2536.96,2536.43,6.87,0.0027,18065766,18852222
NHCI.NH,20241022,2536.43,2536.19,2548.15,2518.6,2531.26,5.17,0.002,19832767,18602095
NHCI.NH,20241021,2531.26,2521.14,2532.62,2507.34,2523.76,7.5,0.003,19621708,18653585
NHCI.NH,20241018,2523.76,2502.98,2539.02,2501.63,2494.73,29.03,0.0116,22508896,18466495
NHCI.NH,20241017,2494.73,2555.42,2571.86,2494.67,2550.69,-55.96,-0.0219,27396901,18574861
NHCI.NH,20241016,2550.69,2551.24,2570.47,2546.93,2553.56,-2.87,-0.0011,21402216,18325545
NHCI.NH,20241015,2553.56,2568.93,2589.79,2549.27,2580.92,-27.36,-0.0106,23410849,17993991
NHCI.NH,20241014,2580.92,2575.83,2613.76,2561.04,2570.06,10.86,0.0042,25281674,17878437
NHCI.NH,20241011,2570.06,2544.67,2578.47,2544.67,2537.41,32.65,0.0129,18897841,17734395
NHCI.NH,20241010,2537.41,2542.42,2568.92,2515.53,2554.99,-17.58,-0.0069,22472830,17282775
NHCI.NH,20241009,2554.99,2586.79,2586.79,2551.23,2576.84,-21.85,-0.0085,22475535,17054883
NHCI.NH,20241008,2576.84,2586.67,2666.56,2574.85,2586.67,-9.83,-0.0038,21503250,16603745
NHCI.NH,20240930,2586.67,2495.41,2588.13,2486.94,2501.7,84.97,0.034,24153153,16370941
NHCI.NH,20240927,2501.7,2480.76,2503.65,2470.69,2471.55,30.15,0.0122,24379309,17106078
NHCI.NH,20240926,2471.55,2450.23,2482.64,2447.38,2455.78,15.77,0.0064,24230993,17866397
NHCI.NH,20240925,2455.78,2440.17,2491.08,2440.17,2434.41,21.37,0.0088,26718929,18001135
NHCI.NH,20240924,2434.41,2377.76,2434.69,2379.25,2378.7,55.71,0.0234,22747982,18326801
NHCI.NH,20240923,2378.7,2396.88,2397.06,2374.46,2399.01,-20.31,-0.0085,19190364,18722155
NHCI.NH,20240920,2399.01,2410.69,2412.38,2391.5,2407.02,-8.01,-0.0033,17704760,18687119
NHCI.NH,20240919,2407.02,2376.78,2407.19,2356.2,2374.06,32.96,0.0139,21305872,18540751
NHCI.NH,20240918,2374.06,2369.2,2392.86,2361.21,2367.18,6.88,0.0029,14675976,18290030
NHCI.NH,20240913,2367.18,2365.79,2387.52,2359.18,2364.54,2.64,0.0011,18534688,18034220
NHCI.NH,20240912,2364.54,2345.33,2367.06,2321.0,2345.29,19.25,0.0082,20873654,18368389
NHCI.NH,20240911,2345.29,2321.19,2345.8,2291.75,2323.17,22.12,0.0095,21058598,18327794
NHCI.NH,20240910,2323.17,2339.01,2348.57,2322.42,2337.15,-13.98,-0.006,17590575,18646019
NHCI.NH,20240909,2337.15,2355.51,2357.08,2308.32,2354.49,-17.34,-0.0074,22103381,18323119
NHCI.NH,20240906,2354.49,2355.96,2375.33,2330.44,2345.45,9.04,0.0039,18833054,18176084
NHCI.NH,20240905,2345.45,2364.03,2378.51,2342.25,2358.6,-13.15,-0.0056,17904956,18285276
NHCI.NH,20240904,2358.6,2397.66,2400.1,2355.84,2412.05,-53.45,-0.0222,19583583,18208644
NHCI.NH,20240903,2412.05,2412.96,2426.66,2406.4,2409.28,2.77,0.0012,18243474,18166209
NHCI.NH,20240902,2409.28,2471.13,2471.13,2408.29,2472.97,-63.69,-0.0258,17682111,18157254
NHCI.NH,20240830,2472.97,2467.45,2486.96,2463.45,2465.84,7.13,0.0029,15311963,17668066
NHCI.NH,20240829,2465.84,2464.19,2474.86,2455.7,2472.45,-6.61,-0.0027,13665830,17743894
NHCI.NH,20240828,2472.45,2485.05,2490.69,2467.88,2486.73,-14.28,-0.0057,14857658,17760945
NHCI.NH,20240827,2486.73,2478.88,2494.52,2470.21,2473.92,12.81,0.0052,14617645,17577181
NHCI.NH,20240826,2473.92,2423.94,2474.05,2418.34,2416.49,57.43,0.0238,17995546,17865778
NHCI.NH,20240823,2416.49,2421.24,2428.47,2409.77,2418.72,-2.23,-0.0009,13949005,17819401
NHCI.NH,20240822,2418.72,2448.26,2449.53,2416.65,2448.0,-29.28,-0.012,15585380,17918556
NHCI.NH,20240821,2448.0,2428.17,2448.21,2421.82,2419.51,28.49,0.0118,14749655,17756543
NHCI.NH,20240820,2419.51,2422.21,2429.29,2407.45,2420.43,-0.92,-0.0004,14639031,17929371
NHCI.NH,20240819,2420.43,2402.51,2424.76,2390.67,2413.07,7.36,0.0031,17863858,18121947
NHCI.NH,20240816,2413.07,2416.95,2440.02,2410.46,2411.18,1.89,0.0008,15788434,17940985
NHCI.NH,20240815,2411.18,2409.36,2417.21,2390.74,2407.29,3.89,0.0016,17746336,18068293
NHCI.NH,20240814,2407.29,2437.33,2438.78,2399.08,2438.52,-31.23,-0.0128,18532776,18254677
NHCI.NH,20240813,2438.52,2454.43,2467.44,2431.03,2450.36,-11.84,-0.0048,16409321,18406089
NHCI.NH,20240812,2450.36,2459.32,2460.99,2434.49,2455.27,-4.91,-0.002,14758311,18294553
NHCI.NH,20240809,2455.27,2432.89,2473.4,2432.89,2427.92,27.35,0.0113,16450197,18206839
NHCI.NH,20240808,2427.92,2446.69,2453.72,2427.77,2436.85,-8.93,-0.0037,14851016,18470362
NHCI.NH,20240807,2436.85,2434.06,2450.92,2432.02,2441.11,-4.26,-0.0017,14951641,18583890
NHCI.NH,20240806,2441.11,2453.11,2481.48,2438.78,2473.14,-32.03,-0.013,18530500,18510708
NHCI.NH,20240805,2473.14,2513.62,2514.75,2467.29,2526.06,-52.92,-0.021,18950325,18330098
NHCI.NH,20240802,2526.06,2523.72,2529.14,2496.21,2523.81,2.25,0.0009,16072728,18179807
NHCI.NH,20240801,2523.81,2522.08,2541.44,2512.09,2510.83,12.98,0.0052,15803924,18331711
NHCI.NH,20240731,2510.83,2477.57,2519.32,2470.29,2482.46,28.37,0.0114,17403964,18282702
NHCI.NH,20240730,2482.46,2515.56,2518.16,2479.06,2517.4,-34.94,-0.0139,15255896,18523203
NHCI.NH,20240729,2517.4,2527.17,2527.49,2506.87,2530.71,-13.31,-0.0053,16192955,18358754
NHCI.NH,20240726,2530.71,2503.11,2541.76,2502.85,2505.12,25.59,0.0102,15219128,18302167
NHCI.NH,20240725,2505.12,2546.04,2547.4,2500.61,2544.88,-39.76,-0.0156,15933565,18530978
NHCI.NH,20240724,2544.88,2544.05,2555.57,2535.85,2544.23,0.65,0.0003,13760418,18532332
NHCI.NH,20240723,2544.23,2562.02,2576.82,2543.77,2570.28,-26.05,-0.0101,13018654,18462610
NHCI.NH,20240722,2570.28,2588.83,2592.82,2566.2,2592.11,-21.83,-0.0084,14724862,18257473
NHCI.NH,20240719,2592.11,2608.19,2610.22,2584.83,2620.55,-28.44,-0.0109,14396132,18083248
NHCI.NH,20240718,2620.55,2610.76,2621.26,2597.38,2606.64,13.91,0.0053,13997993,18135101
NHCI.NH,20240717,2606.64,2615.18,2634.09,2602.64,2625.36,-18.72,-0.0071,16095392,18033231
NHCI.NH,20240716,2625.36,2630.05,2631.87,2618.92,2630.21,-4.85,-0.0018,12416132,17954911
NHCI.NH,20240715,2630.21,2634.06,2643.84,2619.6,2633.23,-3.02,-0.0011,15341426,17922185
NHCI.NH,20240712,2633.23,2638.4,2641.9,2622.33,2634.25,-1.02,-0.0004,12983615,17925357
NHCI.NH,20240711,2634.25,2619.14,2644.85,2619.14,2613.39,20.86,0.008,12846689,18000356
NHCI.NH,20240710,2613.39,2650.99,2652.9,2610.5,2655.38,-41.99,-0.0158,14750392,17951673
NHCI.NH,20240709,2655.38,2658.08,2663.77,2642.25,2656.63,-1.25,-0.0005,12824559,17924763
NHCI.NH,20240708,2656.63,2686.03,2692.68,2654.2,2680.22,-23.59,-0.0088,15180698,18028177
NHCI.NH,20240705,2680.22,2699.42,2708.08,2677.74,2698.82,-18.6,-0.0069,13622935,17993106
NHCI.NH,20240704,2698.82,2711.28,2717.7,2693.21,2707.5,-8.68,-0.0032,14416849,18159617
NHCI.NH,20240703,2707.5,2692.38,2707.72,2679.23,2685.69,21.81,0.0081,13953143,18052165
NHCI.NH,20240702,2685.69,2665.25,2686.6,2662.06,2662.37,23.32,0.0088,12522670,17613071
NHCI.NH,20240701,2662.37,2650.33,2663.07,2638.92,2648.18,14.19,0.0054,13584696,17472687
NHCI.NH,20240628,2648.18,2631.14,2648.98,2626.13,2620.69,27.49,0.0105,12465947,17241471
NHCI.NH,20240627,2620.69,2638.71,2638.88,2619.88,2640.84,-20.15,-0.0076,11604348,17150086
NHCI.NH,20240626,2640.84,2625.3,2640.95,2608.14,2629.32,11.52,0.0044,13000847,17070831
NHCI.NH,20240625,2629.32,2621.54,2634.34,2618.11,2619.72,9.6,0.0037,12255219,17165923
NHCI.NH,20240624,2619.72,2636.96,2643.65,2615.4,2639.2,-19.48,-0.0074,13861510,17007255
NHCI.NH,20240621,2639.2,2659.37,2671.26,2639.2,2656.89,-17.69,-0.0067,13805443,16968642
NHCI.NH,20240620,2656.89,2652.36,2663.07,2640.45,2647.86,9.03,0.0034,13434683,16841331
NHCI.NH,20240619,2647.86,2626.73,2655.23,2626.18,2629.91,17.95,0.0068,11757579,16700852
NHCI.NH,20240618,2629.91,2620.61,2651.66,2620.61,2618.58,11.33,0.0043,12707022,16713382
NHCI.NH,20240617,2618.58,2655.6,2658.88,2614.94,2652.78,-34.2,-0.0129,14635425,16879364
NHCI.NH,20240614,2652.78,2651.82,2663.61,2642.07,2649.35,3.43,0.0013,13342182,16826534
NHCI.NH,20240613,2649.35,2671.86,2659.36,2630.81,2658.89,-9.54,-0.0036,15401015,17043022
NHCI.NH,20240612,2658.89,2641.67,2664.43,2644.65,2641.53,17.36,0.0066,11315985,16861071
NHCI.NH,20240611,2641.53,2663.12,2675.36,2638.66,2680.41,-38.88,-0.0145,11186055,16749565
NHCI.NH,20240607,2680.41,2665.27,2704.68,2673.58,2669.31,11.1,0.0042,15802425,16807378
NHCI.NH,20240606,2669.31,2643.03,2670.7,2641.31,2636.77,32.54,0.0123,15347008,17043489
NHCI.NH,20240605,2636.77,2647.51,2650.8,2636.19,2658.78,-22.01,-0.0083,14676012,16966043
NHCI.NH,20240604,2658.78,2681.3,2669.29,2650.37,2678.05,-19.27,-0.0072,14716429,16882396
NHCI.NH,20240603,2678.05,2734.76,2704.73,2670.33,2727.22,-49.17,-0.018,19034727,16859817
NHCI.NH,20240531,2727.22,2736.43,2733.43,2711.93,2741.68,-14.46,-0.0053,14846869,16693813
NHCI.NH,20240530,2741.68,2774.67,2788.53,2734.92,2781.64,-39.96,-0.0144,19082842,16883572
NHCI.NH,20240529,2781.64,2757.15,2783.33,2757.2,2750.97,30.67,0.0111,17203474,16877678
NHCI.NH,20240528,2750.97,2747.06,2780.2,2749.71,2741.64,9.33,0.0034,15804740,16824850
NHCI.NH,20240527,2741.64,2741.53,2752.98,2736.09,2740.97,0.67,0.0002,13879073,16722598
NHCI.NH,20240524,2740.97,2743.97,2751.34,2726.04,2733.38,7.59,0.0028,15810625,16705953
NHCI.NH,20240523,2733.38,2761.96,2758.27,2715.97,2773.84,-40.46,-0.0146,18597169,16730386
NHCI.NH,20240522,2773.84,2762.17,2775.87,2760.02,2758.82,15.02,0.0054,17165386,17148492
NHCI.NH,20240521,2758.82,2750.47,2784.73,2739.13,2763.94,-5.12,-0.0019,19620549,16988234
NHCI.NH,20240520,2763.94,2730.98,2770.82,2743.02,2725.16,38.78,0.0142,16857424,17200644
NHCI.NH,20240517,2725.16,2687.45,2725.98,2699.76,2687.3,37.86,0.0141,14267873,17269777
NHCI.NH,20240516,2687.3,2659.92,2693.62,2657.52,2660.37,26.93,0.0101,15824967,17088086
NHCI.NH,20240515,2660.37,2658.72,2663.17,2645.87,2663.34,-2.97,-0.0011,13620410,17132929
NHCI.NH,20240514,2663.34,2681.49,2682.01,2657.89,2675.91,-12.57,-0.0047,13727970,17068220
NHCI.NH,20240513,2675.91,2665.97,2676.19,2642.06,2671.34,4.57,0.0017,13810444,16997278
NHCI.NH,20240510,2671.34,2663.63,2673.39,2649.39,2659.64,11.7,0.0044,15648143,16805623
NHCI.NH,20240509,2659.64,2657.01,2672.31,2657.56,2658.42,1.22,0.0005,12694794,16720385
NHCI.NH,20240508,2658.42,2684.34,2688.12,2657.28,2688.36,-29.94,-0.0111,13307658,16392850
NHCI.NH,20240507,2688.36,2689.37,2702.84,2683.56,2688.06,0.3,0.0001,13167445,16130401
NHCI.NH,20240506,2688.06,2670.37,2688.63,2650.74,2682.11,5.95,0.0022,9337792,15597922
NHCI.NH,20240430,2682.11,2689.44,2699.32,2669.43,2686.38,-4.27,-0.0016,13171296,15059599
NHCI.NH,20240429,2686.38,2698.97,2691.81,2674.86,2698.94,-12.56,-0.0047,13321677,15585813
NHCI.NH,20240426,2698.94,2680.97,2699.98,2667.21,2677.73,21.21,0.0079,14029284,15895822
NHCI.NH,20240425,2677.73,2680.19,2684.17,2662.4,2681.32,-3.59,-0.0013,16367358,15948949
NHCI.NH,20240424,2681.32,2634.1,2683.4,2653.57,2641.47,39.85,0.0151,14550514,15983646
NHCI.NH,20240423,2641.47,2659.43,2676.29,2641.34,2660.19,-18.72,-0.007,17606689,15976587
NHCI.NH,20240422,2660.19,2672.96,2689.14,2658.24,2678.67,-18.48,-0.0069,17048344,16297646
NHCI.NH,20240419,2678.67,2670.12,2705.06,2657.85,2668.91,9.76,0.0037,19909132,16419971
NHCI.NH,20240418,2668.91,2664.9,2673.58,2650.93,2664.98,3.93,0.0015,18173958,16661837
NHCI.NH,20240417,2664.98,2642.92,2667.19,2637.4,2647.52,17.46,0.0066,17997634,16780204
NHCI.NH,20240416,2647.52,2664.52,2668.55,2643.5,2665.21,-17.69,-0.0066,18792348,16887835
NHCI.NH,20240415,2665.21,2675.31,2672.18,2651.98,2667.5,-2.29,-0.0009,23221776,16990923
NHCI.NH,20240412,2667.5,2644.35,2667.56,2635.81,2648.37,19.13,0.0072,16676121,17012075
NHCI.NH,20240411,2648.37,2640.88,2653.11,2630.99,2640.16,8.21,0.0031,17147555,17135336
NHCI.NH,20240410,2640.16,2635.99,2640.96,2630.16,2632.88,7.28,0.0028,16530960,17213252
NHCI.NH,20240409,2632.88,2613.35,2633.82,2610.57,2609.11,23.77,0.0091,17247134,17174033
NHCI.NH,20240408,2609.11,2579.78,2612.39,2563.87,2571.61,37.5,0.0146,14033331,17098699
NHCI.NH,20240403,2571.61,2565.15,2585.06,2567.7,2558.69,12.92,0.005,16698275,17130880
NHCI.NH,20240402,2558.69,2552.08,2562.13,2545.45,2554.22,4.47,0.0018,14711569,17347143
NHCI.NH,20240401,2554.22,2533.59,2554.4,2517.39,2534.39,19.83,0.0078,15474898,17298065
NHCI.NH,20240329,2534.39,2533.64,2539.81,2526.49,2530.35,4.04,0.0016,15205387,17236906
NHCI.NH,20240328,2530.35,2522.67,2538.71,2516.25,2524.23,6.12,0.0024,15251081,17086943
NHCI.NH,20240327,2524.23,2548.31,2548.03,2523.93,2545.21,-20.98,-0.0082,15651612,17163517
NHCI.NH,20240326,2545.21,2564.67,2579.73,2544.38,2564.27,-19.06,-0.0074,13920574,17235825
NHCI.NH,20240325,2564.27,2576.05,2577.04,2563.0,2571.76,-7.49,-0.0029,15739797,17021099
NHCI.NH,20240322,2571.76,2591.08,2584.9,2559.72,2596.0,-24.24,-0.0093,15134582,17032346
NHCI.NH,20240321,2596.0,2570.97,2601.12,2570.69,2577.47,18.53,0.0072,16198256,17279068
NHCI.NH,20240320,2577.47,2573.67,2586.36,2574.0,2575.28,2.19,0.0009,13330100,17456350
NHCI.NH,20240319,2575.28,2560.6,2579.48,2561.87,2558.1,17.18,0.0067,15703784,17399835
NHCI.NH,20240318,2558.1,2548.61,2564.91,2547.36,2549.82,8.28,0.0032,19005954,17478713
NHCI.NH,20240315,2549.82,2541.32,2560.86,2543.33,2538.24,11.58,0.0046,15390476,17350105
NHCI.NH,20240314,2538.24,2539.52,2556.7,2536.98,2529.81,8.43,0.0033,17173322,17299808
NHCI.NH,20240313,2529.81,2537.39,2538.52,2523.54,2537.25,-7.44,-0.0029,12039024,17006304
NHCI.NH,20240312,2537.25,2527.18,2543.46,2528.84,2525.75,11.5,0.0046,12459158,16818850
NHCI.NH,20240311,2525.75,2556.65,2538.44,2523.14,2562.25,-36.5,-0.0142,14428532,16837590
NHCI.NH,20240308,2562.25,2549.91,2563.37,2542.92,2547.01,15.24,0.006,13134160,16656263
NHCI.NH,20240307,2547.01,2538.32,2552.51,2541.59,2533.64,13.37,0.0053,11556590,16426680
NHCI.NH,20240306,2533.64,2530.6,2538.11,2516.91,2530.19,3.45,0.0014,12441544,16242999
NHCI.NH,20240305,2530.19,2538.76,2544.35,2527.15,2538.89,-8.7,-0.0034,13062393,15964899
NHCI.NH,20240304,2538.89,2526.04,2539.79,2518.9,2522.54,16.35,0.0065,13072305,15722218
NHCI.NH,20240301,2522.54,2524.87,2536.09,2522.02,2524.89,-2.35,-0.0009,10521870,15615329
NHCI.NH,20240229,2524.89,2516.17,2529.89,2516.1,2518.84,6.05,0.0024,10659688,15447421
NHCI.NH,20240228,2518.84,2522.55,2528.98,2516.48,2521.86,-3.02,-0.0012,10587522,15499887
NHCI.NH,20240227,2521.86,2487.13,2523.22,2492.86,2489.47,32.39,0.013,10486007,15305306
NHCI.NH,20240226,2489.47,2513.28,2508.94,2484.55,2518.02,-28.55,-0.0113,11003741,15344274
NHCI.NH,20240223,2518.02,2515.44,2528.18,2515.02,2516.41,1.61,0.0006,9246029,15127445
NHCI.NH,20240222,2516.41,2501.3,2517.28,2505.66,2502.37,14.04,0.0056,9416317,15016848
NHCI.NH,20240221,2502.37,2491.76,2523.41,2485.33,2494.61,7.76,0.0031,11480593,14664718
NHCI.NH,20240220,2494.61,2511.39,2515.11,2493.48,2508.11,-13.5,-0.0054,9146703,14520069
NHCI.NH,20240219,2508.11,2527.45,2527.45,2508.0,2504.05,4.06,0.0016,6691882,13990992
NHCI.NH,20240208,2504.05,2480.99,2505.73,2484.98,2477.79,26.26,0.0106,7207266,13533023
NHCI.NH,20240207,2477.79,2477.34,2486.48,2468.32,2477.55,0.24,0.0001,8140309,14131558
NHCI.NH,20240206,2477.55,2471.94,2482.24,2463.39,2475.56,1.99,0.0008,8845689,14413283
NHCI.NH,20240205,2475.56,2481.63,2486.52,2470.35,2483.15,-7.59,-0.0031,9795721,14572393
NHCI.NH,20240202,2483.15,2507.14,2505.26,2473.13,2507.19,-24.04,-0.0096,11677673,14770326
NHCI.NH,20240201,2507.19,2523.26,2519.83,2503.15,2518.66,-11.47,-0.0046,10597710,14876289
NHCI.NH,20240131,2518.66,2523.64,2535.12,2518.52,2527.64,-8.98,-0.0036,10771152,15039659
NHCI.NH,20240130,2527.64,2557.28,2554.22,2526.1,2557.96,-30.32,-0.0119,10710687,15114475
NHCI.NH,20240129,2557.96,2557.82,2570.94,2552.18,2557.8,0.16,0.0001,11133521,14983621
NHCI.NH,20240126,2557.8,2552.04,2570.16,2555.24,2549.94,7.86,0.0031,11319372,14871119
NHCI.NH,20240125,2549.94,2550.89,2559.18,2549.3,2547.32,2.62,0.001,10726552,14736832
NHCI.NH,20240124,2547.32,2530.64,2547.32,2531.19,2533.18,14.14,0.0056,10378725,14603469
NHCI.NH,20240123,2533.18,2511.3,2536.81,2520.14,2508.57,24.61,0.0098,10843418,14522669
NHCI.NH,20240122,2508.57,2514.69,2526.33,2503.35,2515.5,-6.93,-0.0028,13020262,14711821
NHCI.NH,20240119,2515.5,2502.25,2515.82,2496.68,2505.99,9.51,0.0038,10091561,14846138
NHCI.NH,20240118,2505.99,2478.44,2506.5,2476.99,2485.36,20.63,0.0083,13202294,14797097
NHCI.NH,20240117,2485.36,2507.13,2511.17,2484.87,2502.56,-17.2,-0.0069,10794141,14811555
NHCI.NH,20240116,2502.56,2485.49,2502.73,2488.22,2493.32,9.24,0.0037,10421883,14678407
NHCI.NH,20240115,2493.32,2510.34,2504.61,2488.97,2504.74,-11.42,-0.0046,11651758,14921335
NHCI.NH,20240112,2504.74,2512.84,2515.47,2495.58,2507.2,-2.46,-0.001,10995369,14978398
NHCI.NH,20240111,2507.2,2493.61,2510.56,2492.68,2491.29,15.91,0.0064,10754306,15093678
NHCI.NH,20240110,2491.29,2503.72,2504.12,2488.67,2494.12,-2.83,-0.0011,11737800,15384272
NHCI.NH,20240109,2494.12,2495.58,2502.78,2486.08,2502.85,-8.73,-0.0035,10571240,15593220
NHCI.NH,20240108,2502.85,2518.02,2524.43,2499.51,2518.44,-15.59,-0.0062,11705791,15947585
NHCI.NH,20240105,2518.44,2538.63,2531.43,2517.01,2539.29,-20.85,-0.0082,10508780,16355078
NHCI.NH,20240104,2539.29,2539.11,2555.4,2533.5,2538.56,0.73,0.0003,10519312,16670940
NHCI.NH,20240103,2538.56,2549.96,2547.75,2532.51,2550.77,-12.21,-0.0048,10486282,16917131
NHCI.NH,20240102,2550.77,2531.2,2554.52,2521.5,2528.38,22.39,0.0089,8393352,17094890
NHCI.NH,20231229,2528.38,2548.31,2553.91,2523.71,2556.09,-27.71,-0.0108,12887919,16826979
NHCI.NH,20231228,2556.09,2570.96,2570.86,2549.68,2573.14,-17.05,-0.0066,12123188,17318259
NHCI.NH,20231227,2573.14,2556.21,2574.08,2555.35,2554.62,18.52,0.0073,11790014,17647635
NHCI.NH,20231226,2554.62,2548.0,2562.21,2552.03,2546.49,8.13,0.0032,9812845,17865005
NHCI.NH,20231225,2546.49,2562.33,2555.4,2530.92,2563.48,-16.99,-0.0066,12711934,18091919
NHCI.NH,20231222,2563.48,2544.69,2573.54,2542.25,2550.83,12.65,0.005,14852964,18388137
NHCI.NH,20231221,2550.83,2537.6,2550.94,2526.14,2534.59,16.24,0.0064,13359910,18424638
NHCI.NH,20231220,2534.59,2517.52,2543.44,2523.31,2517.26,17.33,0.0069,11982543,18546030
NHCI.NH,20231219,2517.26,2521.04,2526.6,2512.42,2520.76,-3.5,-0.0014,11272143,18584496
NHCI.NH,20231218,2520.76,2519.0,2521.66,2499.87,2514.32,6.44,0.0026,13440127,18713076
NHCI.NH,20231215,2514.32,2515.39,2533.48,2510.04,2502.02,12.3,0.0049,14104083,18958358
NHCI.NH,20231214,2502.02,2496.07,2520.2,2499.14,2489.99,12.03,0.0048,13018160,19361320
NHCI.NH,20231213,2489.99,2543.94,2519.43,2484.24,2552.23,-62.24,-0.0244,16202213,19507333
NHCI.NH,20231212,2552.23,2534.63,2553.85,2529.16,2540.94,11.29,0.0044,13087648,19466282
NHCI.NH,20231211,2540.94,2545.43,2545.12,2522.7,2547.02,-6.08,-0.0024,15722939,19513935
NHCI.NH,20231208,2547.02,2517.77,2549.74,2528.06,2517.49,29.53,0.0117,16107590,19545667
NHCI.NH,20231207,2517.49,2508.63,2518.1,2492.35,2514.26,3.23,0.0013,16923125,19805887
NHCI.NH,20231206,2514.26,2498.65,2514.26,2490.29,2502.18,12.08,0.0048,16124408,19620277
NHCI.NH,20231205,2502.18,2512.04,2516.25,2498.15,2514.49,-12.31,-0.0049,15582629,19617740
NHCI.NH,20231204,2514.49,2543.23,2548.2,2512.24,2538.53,-24.04,-0.0095,16647947,19904270
NHCI.NH,20231201,2538.53,2556.1,2551.16,2522.96,2556.96,-18.43,-0.0072,16621846,20075418
NHCI.NH,20231130,2556.96,2545.56,2559.03,2533.5,2535.55,21.41,0.0084,16243612,20186769
NHCI.NH,20231129,2535.55,2537.38,2558.49,2531.89,2531.85,3.7,0.0015,15972280,20361912
NHCI.NH,20231128,2531.85,2543.79,2542.95,2521.07,2543.42,-11.57,-0.0045,17160805,20290748
NHCI.NH,20231127,2543.42,2548.27,2551.07,2530.37,2549.15,-5.73,-0.0022,18094386,20693897
NHCI.NH,20231124,2549.15,2534.39,2550.54,2532.14,2532.87,16.28,0.0064,13981804,20702309
NHCI.NH,20231123,2532.87,2553.09,2541.36,2518.43,2561.36,-28.49,-0.0111,19069212,20765641
NHCI.NH,20231122,2561.36,2552.34,2569.89,2548.4,2551.71,9.65,0.0038,18013764,20935449
NHCI.NH,20231121,2551.71,2569.11,2583.94,2551.55,2564.37,-12.66,-0.0049,19258896,20884012
NHCI.NH,20231120,2564.37,2546.62,2570.63,2549.15,2542.63,21.74,0.0086,18104091,21077707
NHCI.NH,20231117,2542.63,2579.0,2559.04,2538.1,2578.8,-36.17,-0.014,19961386,20910861
NHCI.NH,20231116,2578.8,2579.81,2579.12,2558.47,2580.55,-1.75,-0.0007,16029172,20913065
NHCI.NH,20231115,2580.55,2563.46,2593.81,2569.5,2561.94,18.61,0.0073,17343144,20644397
NHCI.NH,20231114,2561.94,2550.1,2566.17,2550.02,2548.73,13.21,0.0052,15335246,20373438
NHCI.NH,20231113,2548.73,2555.38,2561.82,2538.93,2555.29,-6.56,-0.0026,18327469,20342244
NHCI.NH,20231110,2555.29,2538.16,2558.23,2544.95,2536.51,18.78,0.0074,18895028,20576688
NHCI.NH,20231109,2536.51,2537.63,2543.23,2524.61,2547.27,-10.76,-0.0042,17510310,20738548
NHCI.NH,20231108,2547.27,2536.04,2547.27,2520.82,2543.52,3.75,0.0015,16564488,20631999
NHCI.NH,20231107,2543.52,2565.95,2566.8,2538.96,2563.91,-20.39,-0.008,15426715,20391786
NHCI.NH,20231106,2563.91,2569.89,2565.01,2550.0,2565.38,-1.47,-0.0006,16517736,20415766
NHCI.NH,20231103,2565.38,2541.26,2569.54,2553.71,2541.98,23.4,0.0092,14204881,20250064
NHCI.NH,20231102,2541.98,2539.97,2542.97,2525.25,2530.0,11.98,0.0047,13853989,20161489
NHCI.NH,20231101,2530.0,2532.61,2540.46,2520.02,2533.81,-3.81,-0.0015,14160861,19899907
NHCI.NH,20231031,2533.81,2559.03,2537.22,2518.08,2556.72,-22.91,-0.009,14323734,19816923
NHCI.NH,20231030,2556.72,2545.09,2559.69,2546.96,2544.53,12.19,0.0048,14434745,19894305
NHCI.NH,20231027,2544.53,2524.9,2546.15,2513.79,2533.41,11.12,0.0044,15140683,19963286
NHCI.NH,20231026,2533.41,2526.71,2535.6,2519.49,2523.57,9.84,0.0039,14022928,19937201
NHCI.NH,20231025,2523.57,2517.01,2531.66,2518.33,2517.85,5.72,0.0023,15836393,19944362
NHCI.NH,20231024,2517.85,2509.39,2517.98,2495.34,2507.31,10.54,0.0042,14409491,20020405
NHCI.NH,20231023,2507.31,2527.94,2527.82,2499.71,2524.36,-17.05,-0.0068,15763294,20160697
NHCI.NH,20231020,2524.36,2540.11,2551.61,2520.22,2540.38,-16.02,-0.0063,14864870,20129548
NHCI.NH,20231019,2540.38,2535.17,2546.7,2527.56,2534.27,6.11,0.0024,13795274,20249006
NHCI.NH,20231018,2534.27,2532.96,2555.52,2531.95,2531.94,2.33,0.0009,14569595,20344774
NHCI.NH,20231017,2531.94,2551.43,2542.98,2528.8,2547.41,-15.47,-0.0061,13231624,20150407
NHCI.NH,20231016,2547.41,2526.67,2548.57,2522.96,2507.44,39.97,0.0159,14205189,20006866
NHCI.NH,20231013,2507.44,2505.35,2510.63,2486.87,2498.37,9.07,0.0036,13043275,19916356
NHCI.NH,20231012,2498.37,2485.77,2499.6,2475.7,2491.56,6.81,0.0027,13874907,19790250
NHCI.NH,20231011,2491.56,2483.18,2498.38,2477.95,2482.3,9.26,0.0037,13716288,19648209
NHCI.NH,20231010,2482.3,2516.97,2510.24,2478.85,2516.7,-34.4,-0.0137,15840238,19426036
NHCI.NH,20231009,2516.7,2578.66,2578.66,2508.62,2584.31,-67.61,-0.0262,11405205,18877939
NHCI.NH,20230928,2584.31,2564.98,2597.99,2575.47,2557.9,26.41,0.0103,12870199,18544159
NHCI.NH,20230927,2557.9,2548.65,2568.26,2552.08,2545.29,12.61,0.005,12600117,19363965
NHCI.NH,20230926,2545.29,2566.85,2571.96,2543.2,2570.02,-24.73,-0.0096,13985401,19966714
NHCI.NH,20230925,2570.02,2599.1,2590.82,2561.64,2592.98,-22.96,-0.0089,15884158,20524049
NHCI.NH,20230922,2592.98,2565.32,2597.69,2573.41,2567.34,25.64,0.01,14290420,20964883
NHCI.NH,20230921,2567.34,2611.05,2605.9,2566.61,2607.92,-40.58,-0.0156,16466535,21209577
NHCI.NH,20230920,2607.92,2607.31,2618.29,2597.28,2603.53,4.39,0.0017,14648370,21500642
NHCI.NH,20230919,2603.53,2620.19,2624.67,2603.3,2619.33,-15.8,-0.006,16137114,21822183
NHCI.NH,20230918,2619.33,2620.13,2621.11,2600.94,2625.6,-6.27,-0.0024,17821333,21903247
NHCI.NH,20230915,2625.6,2617.14,2635.8,2617.05,2608.14,17.46,0.0067,17695507,21901526
NHCI.NH,20230914,2608.14,2587.91,2608.91,2588.35,2586.22,21.92,0.0085,16749282,21847698
NHCI.NH,20230913,2586.22,2597.16,2601.5,2574.07,2591.93,-5.71,-0.0022,18499443,21692857
NHCI.NH,20230912,2591.93,2581.22,2600.77,2585.59,2579.61,12.32,0.0048,15828902,21741624
NHCI.NH,20230911,2579.61,2560.88,2585.98,2572.57,2555.88,23.73,0.0093,17950874,21514832
NHCI.NH,20230908,2555.88,2580.65,2580.36,2553.71,2582.94,-27.06,-0.0105,19337804,21450695
NHCI.NH,20230907,2582.94,2597.89,2600.58,2570.25,2600.19,-17.25,-0.0066,19343209,21719786
NHCI.NH,20230906,2600.19,2582.6,2609.12,2593.04,2582.68,17.51,0.0068,17490673,21746078
NHCI.NH,20230905,2582.68,2575.48,2598.86,2578.05,2576.88,5.8,0.0023,16440801,21452337
NHCI.NH,20230904,2576.88,2596.46,2611.08,2570.35,2587.72,-10.84,-0.0042,24102019,21371707
NHCI.NH,20230901,2587.72,2557.12,2589.56,2559.61,2551.16,36.56,0.0143,21785644,21725089
NHCI.NH,20230831,2551.16,2543.54,2555.2,2543.58,2542.85,8.31,0.0033,18374730,21701788
NHCI.NH,20230830,2542.85,2510.92,2543.29,2523.89,2506.62,36.23,0.0145,20288393,21945628
NHCI.NH,20230829,2506.62,2513.27,2521.38,2503.07,2514.1,-7.48,-0.003,19432727,22033959
NHCI.NH,20230828,2514.1,2532.09,2547.46,2502.67,2526.93,-12.83,-0.0051,25328290,22273473
NHCI.NH,20230825,2526.93,2501.73,2530.44,2510.82,2501.66,25.27,0.0101,19817631,22693506
NHCI.NH,20230824,2501.66,2503.79,2527.68,2501.37,2506.98,-5.32,-0.0021,23400698,22746015
NHCI.NH,20230823,2506.98,2504.44,2515.93,2498.04,2502.22,4.76,0.0019,20255651,22758000
NHCI.NH,20230822,2502.22,2495.23,2507.57,2481.73,2491.38,10.84,0.0044,22471281,23082733
NHCI.NH,20230821,2491.38,2455.08,2496.69,2452.21,2458.51,32.87,0.0134,23803162,23507413
NHCI.NH,20230818,2458.51,2457.98,2467.48,2453.04,2451.57,6.94,0.0028,21868824,23866545
NHCI.NH,20230817,2451.57,2430.46,2451.86,2419.6,2426.12,25.45,0.0105,21653271,24278098
NHCI.NH,20230816,2426.12,2438.04,2434.18,2424.97,2446.84,-20.72,-0.0085,18647548,24708615
NHCI.NH,20230815,2446.84,2414.0,2452.49,2416.51,2415.31,31.53,0.0131,19225957,24780569
NHCI.NH,20230814,2415.31,2432.42,2433.5,2411.61,2433.66,-18.35,-0.0075,21084778,24821628
NHCI.NH,20230811,2433.66,2423.29,2435.75,2419.23,2422.46,11.2,0.0046,19910933,24877726
NHCI.NH,20230810,2422.46,2427.6,2432.4,2418.49,2426.52,-4.06,-0.0017,17565070,24950946
NHCI.NH,20230809,2426.52,2396.56,2428.49,2403.57,2408.16,18.36,0.0076,18502183,24857354
NHCI.NH,20230808,2408.16,2425.07,2425.11,2407.81,2425.23,-17.07,-0.007,17480284,24872336
NHCI.NH,20230807,2425.23,2431.97,2436.1,2418.98,2431.76,-6.53,-0.0027,20450204,24605951
NHCI.NH,20230804,2431.76,2419.38,2448.22,2429.05,2410.78,20.98,0.0087,20073610,24375014
NHCI.NH,20230803,2410.78,2461.38,2438.3,2410.35,2467.22,-56.44,-0.0229,25120617,24227554
NHCI.NH,20230802,2467.22,2466.02,2480.08,2465.28,2472.67,-5.45,-0.0022,21243400,24441349
NHCI.NH,20230801,2472.67,2454.98,2472.96,2458.04,2446.8,25.87,0.0106,20423553,24385144
NHCI.NH,20230731,2446.8,2450.41,2447.46,2433.21,2447.58,-0.78,-0.0003,22447861,24302381
NHCI.NH,20230728,2447.58,2452.73,2450.88,2428.99,2451.43,-3.85,-0.0016,26595905,24452683
NHCI.NH,20230727,2451.43,2454.19,2470.64,2447.35,2459.4,-7.97,-0.0032,24271658,24348510
NHCI.NH,20230726,2459.4,2438.76,2466.72,2450.7,2438.56,20.84,0.0085,22094391,24719605
NHCI.NH,20230725,2438.56,2420.47,2442.5,2429.63,2407.8,30.76,0.0128,19787613,24843237
NHCI.NH,20230724,2407.8,2419.2,2420.65,2405.29,2421.18,-13.38,-0.0055,20867669,24597014
NHCI.NH,20230721,2421.18,2424.77,2423.84,2408.07,2422.22,-1.04,-0.0004,21252335,24514849
NHCI.NH,20230720,2422.22,2409.21,2423.57,2409.51,2401.82,20.4,0.0085,20860909,24387171
NHCI.NH,20230719,2401.82,2382.75,2404.1,2385.45,2387.16,14.66,0.0061,18719018,24201938
NHCI.NH,20230718,2387.16,2367.54,2388.66,2374.77,2367.07,20.09,0.0085,16962728,23955094
NHCI.NH,20230717,2367.07,2406.25,2385.86,2365.19,2400.11,-33.04,-0.0138,20886818,23909620
NHCI.NH,20230714,2400.11,2381.91,2408.2,2390.54,2379.98,20.13,0.0085,19300980,24081394
NHCI.NH,20230713,2379.98,2376.34,2384.3,2368.14,2367.31,12.67,0.0054,19202491,23988722
NHCI.NH,20230712,2367.31,2350.82,2367.77,2355.05,2348.66,18.65,0.0079,17001937,23912159
NHCI.NH,20230711,2348.66,2325.43,2354.52,2342.66,2324.27,24.39,0.0105,20129698,24081626
NHCI.NH,20230710,2324.27,2321.26,2337.3,2321.21,2322.04,2.23,0.001,17779373,23963991
NHCI.NH,20230707,2322.04,2334.09,2344.03,2321.52,2339.09,-17.05,-0.0073,19232733,23803288
NHCI.NH,20230706,2339.09,2320.24,2343.26,2328.44,2318.71,20.38,0.0088,16590766,23382288
NHCI.NH,20230705,2318.71,2322.39,2326.67,2310.22,2319.06,-0.35,-0.0002,15038608,23110913
NHCI.NH,20230704,2319.06,2332.49,2329.45,2310.88,2326.16,-7.1,-0.0031,17113945,22761204
NHCI.NH,20230703,2326.16,2299.79,2332.01,2315.03,2297.63,28.53,0.0124,17957189,22898240
NHCI.NH,20230630,2297.63,2280.56,2310.92,2292.97,2285.75,11.88,0.0052,17929812,22768805
NHCI.NH,20230629,2285.75,2273.05,2292.27,2278.63,2281.11,4.64,0.002,17935516,23289705
NHCI.NH,20230628,2281.11,2276.11,2281.65,2265.39,2288.22,-7.11,-0.0031,17228107,23332133
NHCI.NH,20230627,2288.22,2268.33,2296.2,2264.49,2270.71,17.51,0.0077,16900495,23151318
NHCI.NH,20230626,2270.71,2276.85,2277.89,2254.28,2293.24,-22.53,-0.0098,12876464,23008744
NHCI.NH,20230621,2293.24,2293.5,2308.0,2284.08,2298.53,-5.29,-0.0023,19616086,22840611
NHCI.NH,20230620,2298.53,2294.93,2302.29,2288.72,2290.07,8.46,0.0037,16199721,23097841
NHCI.NH,20230619,2290.07,2307.91,2313.77,2283.52,2304.1,-14.03,-0.0061,21161341,23297602
NHCI.NH,20230616,2304.1,2274.39,2307.98,2278.83,2267.65,36.45,0.0161,18974365,23650143
NHCI.NH,20230615,2267.65,2271.86,2274.47,2252.22,2265.85,1.8,0.0008,18321402,23566891
NHCI.NH,20230614,2265.85,2244.7,2274.86,2246.5,2236.55,29.3,0.0131,19131838,23623212
NHCI.NH,20230613,2236.55,2208.69,2237.92,2207.24,2214.51,22.04,0.01,20021570,23534281
NHCI.NH,20230612,2214.51,2247.96,2243.88,2210.41,2246.04,-31.53,-0.014,20286932,23571614
NHCI.NH,20230609,2246.04,2226.95,2247.13,2223.69,2223.19,22.85,0.0103,18784281,23150243
NHCI.NH,20230608,2223.19,2213.58,2235.99,2213.66,2206.06,17.13,0.0078,19048768,23193456
NHCI.NH,20230607,2206.06,2204.75,2222.85,2198.45,2207.62,-1.56,-0.0007,18117879,22859101
NHCI.NH,20230606,2207.62,2207.93,2227.76,2202.9,2205.53,2.09,0.0009,20145860,22754817
NHCI.NH,20230605,2205.53,2206.43,2224.85,2195.48,2200.04,5.49,0.0025,22974157,22645333
NHCI.NH,20230602,2200.04,2172.76,2209.1,2168.6,2173.35,26.69,0.0123,24190471,22586564
NHCI.NH,20230601,2173.35,2119.41,2173.52,2133.29,2134.04,39.31,0.0184,24255027,22641683
NHCI.NH,20230531,2134.04,2152.43,2138.99,2121.48,2159.02,-24.98,-0.0116,21354941,22433699
NHCI.NH,20230530,2159.02,2179.55,2187.74,2149.39,2178.18,-19.16,-0.0088,20107982,22630546
NHCI.NH,20230529,2178.18,2170.41,2181.06,2165.61,2167.0,11.18,0.0052,22278920,22611059
NHCI.NH,20230526,2167.0,2143.16,2168.26,2124.95,2148.12,18.88,0.0088,26631171,22808362
NHCI.NH,20230525,2148.12,2157.93,2167.35,2135.62,2157.67,-9.55,-0.0044,23242822,23059776
NHCI.NH,20230524,2157.67,2180.25,2180.36,2153.32,2174.67,-17.0,-0.0078,21177887,23084923
NHCI.NH,20230523,2174.67,2182.02,2203.85,2172.62,2177.74,-3.07,-0.0014,22970089,22880769
NHCI.NH,20230522,2177.74,2225.13,2205.34,2171.91,2218.23,-40.49,-0.0183,25949383,22823800
NHCI.NH,20230519,2218.23,2223.52,2222.05,2195.59,2228.78,-10.55,-0.0047,24466963,22116759
NHCI.NH,20230518,2228.78,2221.27,2234.23,2220.36,2216.76,12.02,0.0054,18274812,22108532
NHCI.NH,20230517,2216.76,2204.84,2217.45,2195.97,2202.47,14.29,0.0065,18503255,22123809
NHCI.NH,20230516,2202.47,2215.81,2225.72,2197.38,2210.45,-7.98,-0.0036,17459624,22020139
NHCI.NH,20230515,2210.45,2189.86,2212.59,2190.35,2183.53,26.92,0.0123,22011886,21937040
NHCI.NH,20230512,2183.53,2199.45,2199.95,2182.01,2209.13,-25.6,-0.0116,21743683,21847630
NHCI.NH,20230511,2209.13,2252.69,2236.19,2208.59,2250.21,-41.08,-0.0183,21140426,21851687
NHCI.NH,20230510,2250.21,2246.33,2265.87,2243.69,2246.38,3.83,0.0017,17945102,21547878
NHCI.NH,20230509,2246.38,2272.4,2271.1,2246.36,2268.72,-22.34,-0.0098,16428615,21298986
NHCI.NH,20230508,2268.72,2230.34,2269.09,2229.67,2226.38,42.34,0.019,21029371,21067056
NHCI.NH,20230505,2226.38,2220.49,2228.66,2198.57,2222.4,3.98,0.0018,18702645,20869032
NHCI.NH,20230504,2222.4,2246.89,2246.89,2215.44,2250.58,-28.18,-0.0125,14088205,20223525
NHCI.NH,20230428,2250.58,2242.35,2257.26,2245.52,2243.18,7.4,0.0033,17022940,19700140
NHCI.NH,20230427,2243.18,2272.44,2278.23,2242.29,2276.58,-33.4,-0.0147,18030329,20310732
NHCI.NH,20230426,2276.58,2278.69,2281.13,2256.8,2284.69,-8.11,-0.0036,20710147,20705218
NHCI.NH,20230425,2284.69,2278.96,2306.36,2283.94,2277.85,6.84,0.003,18457635,20919247
NHCI.NH,20230424,2277.85,2305.41,2298.05,2274.68,2301.46,-23.61,-0.0103,21616069,21181694
NHCI.NH,20230421,2301.46,2337.83,2322.65,2300.96,2341.42,-39.96,-0.0171,19684403,21262805
NHCI.NH,20230420,2341.42,2358.91,2351.87,2330.96,2364.83,-23.41,-0.0099,20995123,21587972
NHCI.NH,20230419,2364.83,2371.65,2384.31,2362.26,2371.71,-6.88,-0.0029,18505135,21689155
NHCI.NH,20230418,2371.71,2367.8,2373.02,2358.88,2367.67,4.04,0.0017,17037581,21432541
NHCI.NH,20230417,2367.67,2351.22,2369.96,2343.95,2350.51,17.16,0.0073,19214841,21583771
NHCI.NH,20230414,2350.51,2343.3,2374.77,2343.3,2340.23,10.28,0.0044,19034564,21371950
NHCI.NH,20230413,2340.23,2349.79,2351.04,2334.28,2346.43,-6.2,-0.0026,18200629,21487017
NHCI.NH,20230412,2346.43,2350.56,2358.24,2341.26,2352.69,-6.26,-0.0027,18619089,21528647
NHCI.NH,20230411,2352.69,2338.48,2355.4,2325.14,2337.66,15.03,0.0064,17497911,21539271
NHCI.NH,20230410,2337.66,2361.84,2361.84,2332.7,2362.93,-25.27,-0.0107,17058696,21329739
NHCI.NH,20230407,2362.93,2346.07,2366.58,2347.02,2347.13,15.8,0.0067,17499010,21247431
NHCI.NH,20230406,2347.13,2358.87,2360.8,2345.88,2359.36,-12.23,-0.0052,13494962,21059014
NHCI.NH,20230404,2359.36,2364.25,2364.09,2353.64,2359.07,0.29,0.0001,16072442,20586328
NHCI.NH,20230403,2359.07,2348.9,2389.92,2357.53,2346.96,12.11,0.0052,20068632,20742336
NHCI.NH,20230331,2346.96,2345.57,2356.14,2341.95,2340.76,6.2,0.0026,15860609,20782855
NHCI.NH,20230330,2340.76,2337.81,2341.76,2325.53,2332.41,8.35,0.0036,14838314,20785542
NHCI.NH,20230329,2332.41,2324.7,2340.8,2323.48,2322.31,10.1,0.0043,15654691,20837943
NHCI.NH,20230328,2322.31,2311.11,2328.73,2308.88,2307.66,14.65,0.0063,15120028,20708250
NHCI.NH,20230327,2307.66,2299.57,2314.6,2300.29,2315.17,-7.51,-0.0032,18689184,20798968
NHCI.NH,20230324,2315.17,2287.33,2317.1,2279.82,2287.48,27.69,0.0121,20044398,20864458
NHCI.NH,20230323,2287.48,2304.49,2313.77,2285.02,2300.35,-12.87,-0.0056,17115483,20569540
NHCI.NH,20230322,2300.35,2302.9,2308.53,2286.12,2294.91,5.44,0.0024,16803391,20435229
NHCI.NH,20230321,2294.91,2301.81,2315.28,2290.26,2291.51,3.4,0.0015,17431475,20403600
NHCI.NH,20230320,2291.51,2315.22,2334.67,2289.56,2321.05,-29.54,-0.0127,20133996,20324155
NHCI.NH,20230317,2321.05,2299.71,2333.3,2305.43,2299.72,21.33,0.0093,19599548,20127491
NHCI.NH,20230316,2299.72,2339.79,2329.14,2297.12,2357.94,-58.22,-0.0247,21100325,20186360
NHCI.NH,20230315,2357.94,2365.26,2373.38,2354.89,2364.53,-6.59,-0.0028,15476365,20296082
NHCI.NH,20230314,2364.53,2383.72,2388.89,2361.16,2391.86,-27.33,-0.0114,18347134,20477192
NHCI.NH,20230313,2391.86,2375.14,2393.46,2377.14,2372.86,19.0,0.008,17281407,20723012
NHCI.NH,20230310,2372.86,2395.19,2409.44,2371.87,2394.07,-21.21,-0.0089,17661842,20692640
NHCI.NH,20230309,2394.07,2394.87,2397.11,2380.28,2395.92,-1.85,-0.0008,15505305,20611257
NHCI.NH,20230308,2395.92,2418.74,2407.68,2392.12,2420.2,-24.28,-0.01,15240079,20600481
NHCI.NH,20230307,2420.2,2406.47,2430.3,2411.12,2406.35,13.85,0.0058,12642143,20236043
NHCI.NH,20230306,2406.35,2417.23,2418.97,2397.87,2420.68,-14.33,-0.0059,15515400,19973526
NHCI.NH,20230303,2420.68,2408.66,2423.94,2405.03,2407.3,13.38,0.0056,12723886,20033000
NHCI.NH,20230302,2407.3,2407.11,2412.75,2401.36,2410.13,-2.83,-0.0012,12285787,19771167
NHCI.NH,20230301,2410.13,2387.95,2411.03,2382.42,2384.69,25.44,0.0107,13787758,19519234
NHCI.NH,20230228,2384.69,2383.95,2388.02,2376.66,2382.25,2.44,0.001,12570339,19159075
NHCI.NH,20230227,2382.25,2406.21,2402.74,2378.45,2410.7,-28.45,-0.0118,14775962,19383565
NHCI.NH,20230224,2410.7,2401.7,2410.97,2396.07,2398.89,11.81,0.0049,13801637,19481617
NHCI.NH,20230223,2398.89,2412.76,2415.68,2396.68,2406.35,-7.46,-0.0031,13918177,19619086
NHCI.NH,20230222,2406.35,2411.71,2422.09,2405.83,2411.72,-5.37,-0.0022,12967412,19511500
NHCI.NH,20230221,2411.72,2395.43,2416.98,2403.58,2392.77,18.95,0.0079,12424468,19496013
NHCI.NH,20230220,2392.77,2373.8,2395.31,2372.56,2382.75,10.02,0.0042,13339371,19525208
NHCI.NH,20230217,2382.75,2379.82,2394.34,2378.4,2381.06,1.69,0.0007,12661105,19534613
NHCI.NH,20230216,2381.06,2354.67,2384.44,2349.8,2356.17,24.89,0.0106,13641659,19285944
NHCI.NH,20230215,2356.17,2361.09,2374.47,2350.92,2363.61,-7.44,-0.0031,14398064,19346681
NHCI.NH,20230214,2363.61,2347.64,2365.54,2344.7,2344.56,19.05,0.0081,12787493,19226248
NHCI.NH,20230213,2344.56,2371.3,2363.47,2344.1,2362.57,-18.01,-0.0076,14479338,19140745
NHCI.NH,20230210,2362.57,2376.15,2375.73,2347.18,2376.39,-13.82,-0.0058,17782328,19287212
NHCI.NH,20230209,2376.39,2371.69,2384.27,2363.79,2370.08,6.31,0.0027,12619366,19149734
NHCI.NH,20230208,2370.08,2350.04,2371.56,2346.13,2353.15,16.93,0.0072,13644466,19193209
NHCI.NH,20230207,2353.15,2355.91,2358.77,2333.91,2356.32,-3.17,-0.0013,14529698,18885444
NHCI.NH,20230206,2356.32,2378.07,2364.46,2337.12,2379.16,-22.84,-0.0096,15925854,18837313
NHCI.NH,20230203,2379.16,2377.57,2381.75,2358.81,2375.16,4.0,0.0017,14949407,18639735
NHCI.NH,20230202,2375.16,2414.62,2404.97,2372.14,2413.49,-38.33,-0.0159,15797292,18686868
NHCI.NH,20230201,2413.49,2403.38,2430.86,2410.48,2404.63,8.86,0.0037,13504597,18439953
NHCI.NH,20230131,2404.63,2428.71,2430.33,2404.36,2425.61,-20.98,-0.0086,11846860,17961452
NHCI.NH,20230130,2425.61,2405.03,2451.47,2421.0,2434.3,-8.69,-0.0036,9384764,17588060
NHCI.NH,20230120,2434.3,2405.03,2435.17,2409.1,2402.99,31.31,0.013,10064135,17304385
NHCI.NH,20230119,2402.99,2410.12,2414.25,2386.53,2403.96,-0.97,-0.0004,12646916,17821638
NHCI.NH,20230118,2403.96,2377.62,2406.98,2387.2,2371.0408,32.9192,0.0139,12801435,18209278
NHCI.NH,20230117,2371.0408,2360.9321,2380.1568,2359.8134,2360.9321,10.1087,0.0043,11393630,18341326
NHCI.NH,20230116,2360.9321,2372.7345,2374.6925,2355.1025,2379.6903,-18.7582,-0.0079,14232940,18456470
NHCI.NH,20230113,2379.6903,2358.1584,2380.8958,2356.7781,2353.795,25.8953,0.011,15824348,18902415
NHCI.NH,20230112,2353.795,2350.9177,2355.2356,2339.7423,2345.6565,8.1386,0.0035,14055628,18886803
NHCI.NH,20230111,2345.6565,2328.0973,2348.0432,2324.9095,2324.5571,21.0993,0.0091,12175876,18680194
NHCI.NH,20230110,2324.5571,2335.1471,2331.6721,2313.5127,2326.3276,-1.7705,-0.0008,13321235,18530350
NHCI.NH,20230109,2326.3276,2321.7119,2334.6249,2318.458,2328.7528,-2.4251,-0.001,15006737,18430076
NHCI.NH,20230106,2328.7528,2319.7164,2330.5287,2306.7761,2316.1372,12.6155,0.0054,14250180,18496567
NHCI.NH,20230105,2316.1372,2331.6195,2325.161,2310.0507,2341.6753,-25.5381,-0.0109,14333974,18259304
NHCI.NH,20230104,2341.6753,2372.8849,2372.1739,2335.6312,2377.1321,-35.4568,-0.0149,13572473,18391472
NHCI.NH,20230103,2377.1321,2381.25,2381.25,2348.7097,2380.6581,-3.526,-0.0015,11619754,18252572
NHCI.NH,20221230,2380.6581,2358.0166,2385.265,2357.3386,2356.4125,24.2456,0.0103,13993534,18167843
NHCI.NH,20221229,2356.4125,2362.2112,2358.1193,2343.6603,2361.2273,-4.8148,-0.002,12617954,18374558
NHCI.NH,20221228,2361.2273,2373.7583,2366.5921,2353.0076,2373.7727,-12.5454,-0.0053,12383878,18635937
NHCI.NH,20221227,2373.7727,2340.9608,2377.3196,2343.5882,2340.0471,33.7256,0.0144,13326910,18862120
NHCI.NH,20221226,2340.0471,2314.8456,2344.2623,2319.172,2310.3499,29.6972,0.0129,14533471,18754010
NHCI.NH,20221223,2310.3499,2316.6972,2315.5396,2297.9677,2311.9543,-1.6044,-0.0007,15321229,19069518
NHCI.NH,20221222,2311.9543,2336.9746,2341.7705,2311.341,2328.6565,-16.7022,-0.0072,14546882,19104537
NHCI.NH,20221221,2328.6565,2296.4638,2328.8745,2299.3082,2293.3557,35.3008,0.0154,14617857,19186844
NHCI.NH,20221220,2293.3557,2293.1015,2311.5914,2281.3465,2291.6175,1.7382,0.0008,15001204,19031709
NHCI.NH,20221219,2291.6175,2326.4864,2321.5363,2289.7329,2330.9313,-39.3138,-0.0169,19123549,19215689
NHCI.NH,20221216,2330.9313,2346.1067,2352.3493,2311.0128,2343.6492,-12.718,-0.0054,20068104,19543315
NHCI.NH,20221215,2343.6492,2329.8527,2344.9463,2321.3392,2328.0958,15.5534,0.0067,16238129,19782151
NHCI.NH,20221214,2328.0958,2314.6731,2330.8323,2311.9366,2314.8792,13.2166,0.0057,15121617,19800679
NHCI.NH,20221213,2314.8792,2293.1617,2315.4653,2295.3346,2294.4404,20.4388,0.0089,14561400,19768253
NHCI.NH,20221212,2294.4404,2309.6287,2317.3077,2290.387,2310.8986,-16.4582,-0.0071,17986534,19963070
NHCI.NH,20221209,2310.8986,2294.2015,2314.6524,2290.1167,2287.5999,23.2988,0.0102,18061379,20435934
NHCI.NH,20221208,2287.5999,2257.2544,2289.6071,2263.789,2255.0047,32.5952,0.0145,16635831,20387120
NHCI.NH,20221207,2255.0047,2278.2649,2290.6972,2251.8188,2281.6854,-26.6807,-0.0117,17972229,20705872
NHCI.NH,20221206,2281.6854,2305.169,2290.4233,2270.8518,2299.2669,-17.5815,-0.0076,16256376,20234027
NHCI.NH,20221205,2299.2669,2306.6723,2331.1229,2295.4219,2305.993,-6.7261,-0.0029,20248130,20321625
NHCI.NH,20221202,2305.993,2292.3415,2308.7207,2278.8588,2288.2108,17.7822,0.0078,16668119,20366784
NHCI.NH,20221201,2288.2108,2285.4882,2305.2331,2283.2918,2276.5459,11.665,0.0051,17219726,20242629
NHCI.NH,20221130,2276.5459,2284.469,2285.5015,2262.6028,2282.8153,-6.2694,-0.0027,14912358,20101766
NHCI.NH,20221129,2282.8153,2243.1486,2297.9309,2267.4462,2241.2769,41.5383,0.0185,16895232,20022280
NHCI.NH,20221128,2241.2769,2279.8261,2263.8258,2228.0601,2273.7242,-32.4472,-0.0143,18242372,20142400
NHCI.NH,20221125,2273.7242,2254.3646,2274.6629,2255.4866,2254.4992,19.225,0.0085,14878143,20288851
NHCI.NH,20221124,2254.4992,2254.7338,2272.0247,2250.5925,2257.0631,-2.5639,-0.0011,16247679,20298066
NHCI.NH,20221123,2257.0631,2248.0675,2260.7662,2242.6437,2244.174,12.8891,0.0057,15017705,20212000
NHCI.NH,20221122,2244.174,2250.7811,2261.6858,2232.9444,2252.8632,-8.6892,-0.0039,16304947,20045405
NHCI.NH,20221121,2252.8632,2287.0784,2267.5422,2234.8808,2291.7916,-38.9284,-0.017,19340427,20038378
NHCI.NH,20221118,2291.7916,2291.391,2298.3333,2280.1594,2296.149,-4.3574,-0.0019,17231403,19972023
NHCI.NH,20221117,2296.149,2311.5935,2296.1796,2274.415,2306.665,-10.5159,-0.0046,16573225,19873613
NHCI.NH,20221116,2306.665,2297.2187,2314.1168,2296.8678,2300.9632,5.7017,0.0025,15059242,19597016
NHCI.NH,20221115,2300.9632,2286.0421,2307.3239,2286.5926,2287.7401,13.2231,0.0058,14620547,19590927
NHCI.NH,20221114,2287.7401,2305.892,2329.4357,2282.7652,2305.1469,-17.4068,-0.0076,18198329,19480335
NHCI.NH,20221111,2305.1469,2252.0135,2320.6547,2274.6993,2257.4503,47.6966,0.0211,21412511,19790223
NHCI.NH,20221110,2257.4503,2268.2014,2266.3709,2250.5543,2275.8918,-18.4415,-0.0081,17747839,19791937
NHCI.NH,20221109,2275.8918,2274.1586,2286.3967,2262.8562,2275.0926,0.7992,0.0004,16768364,19687518
NHCI.NH,20221108,2275.0926,1851.5919,2275.7409,2252.0438,2255.7374,19.3553,0.0086,15141604,19411317
NHCI.NH,20221107,2255.7374,2257.596,2277.5449,2243.1462,2250.0106,5.7268,0.0025,17774985,19188694
NHCI.NH,20221104,2250.0106,2202.2446,2252.4742,2208.2308,2209.2702,40.7404,0.0184,18883270,19242922
NHCI.NH,20221103,2209.2702,2166.2955,2218.7696,2198.0483,2205.4534,3.8168,0.0017,15845428,19290154
NHCI.NH,20221102,2205.4534,2182.8361,2219.5519,2191.7167,2189.2676,16.1858,0.0074,17908889,19336636
NHCI.NH,20221101,2189.2676,2133.6892,2191.4565,2145.659,2135.7835,53.4841,0.025,18864529,19280823
NHCI.NH,20221031,2135.7835,2171.2616,2160.9671,2131.2398,2170.7747,-34.9912,-0.0161,18632414,19357626
NHCI.NH,20221028,2170.7747,2200.5058,2199.8524,2166.1929,2195.7425,-24.9678,-0.0114,17440383,19148654
NHCI.NH,20221027,2195.7425,2207.6778,2220.9397,2195.5629,2202.9723,-7.2298,-0.0033,13726741,19010315
NHCI.NH,20221026,2202.9723,2210.4603,2228.5614,2201.4164,2211.7587,-8.7864,-0.004,14031424,18724602
NHCI.NH,20221025,2211.7587,2212.0662,2219.6706,2202.5158,2215.0749,-3.3162,-0.0015,15331476,18603218
NHCI.NH,20221024,2215.0749,2201.0307,2240.3792,2210.8693,2203.6335,11.4414,0.0052,16547442,18343908
NHCI.NH,20221021,2203.6335,2210.4784,2226.4608,2202.5056,2208.1957,-4.5622,-0.0021,14759298,18205975
NHCI.NH,20221020,2208.1957,2215.6498,2224.438,2206.3122,2216.6568,-8.4612,-0.0038,15684482,18317470
NHCI.NH,20221019,2216.6568,2219.525,2226.089,2208.2068,2220.6899,-4.0331,-0.0018,13806037,18089260
NHCI.NH,20221018,2220.6899,2223.9386,2226.8038,2203.827,2220.3764,0.3135,0.0001,14008830,17763884
NHCI.NH,20221017,2220.3764,2256.6687,2234.0777,2213.2378,2263.976,-43.5996,-0.0193,15757206,17957294
NHCI.NH,20221014,2263.976,2223.3882,2268.3248,2246.4752,2233.6061,30.3699,0.0136,14445738,17725664
NHCI.NH,20221013,2233.6061,2250.0155,2260.3922,2232.5211,2250.8092,-17.2031,-0.0076,13874115,17487317
NHCI.NH,20221012,2250.8092,2260.559,2252.6736,2229.6275,2260.9941,-10.1849,-0.0045,14079441,17026427
NHCI.NH,20221011,2260.9941,2283.0006,2281.8016,2257.4631,2278.676,-17.682,-0.0078,13898450,16988145
NHCI.NH,20221010,2278.676,2274.3263,2283.4545,2270.0054,2274.4713,4.2047,0.0018,10390859,16391488
NHCI.NH,20220930,2274.4713,2272.3793,2277.8528,2264.373,2266.8935,7.5778,0.0033,13957462,16198449
NHCI.NH,20220929,2266.8935,2243.3557,2276.8598,2257.1988,2233.0827,33.8108,0.0151,15185000,17060869
NHCI.NH,20220928,2233.0827,2257.1213,2250.5757,2227.1773,2198.8032,34.2796,0.0156,14798355,17521539
NHCI.NH,20220927,2198.8032,2186.5309,2204.0657,2176.6983,2178.9943,19.8088,0.0091,16070545,17594017
NHCI.NH,20220926,2178.9943,2213.6892,2209.2264,2172.5272,2229.5662,-50.5719,-0.0227,17869732,17634967
NHCI.NH,20220923,2229.5662,2252.1912,2252.4015,2227.9897,2242.2565,-12.6903,-0.0057,14340393,17828430
NHCI.NH,20220922,2242.2565,2232.4222,2249.7559,2206.8493,2234.2415,8.015,0.0036,15156167,17947603
NHCI.NH,20220921,2234.2415,2208.2143,2237.1098,2197.8762,2208.2637,25.9778,0.0118,13980236,17672534
NHCI.NH,20220920,2208.2637,2195.032,2228.8907,2206.353,2201.9789,6.2848,0.0029,13865899,17783122
NHCI.NH,20220919,2201.9789,2213.9012,2238.456,2201.9789,2215.2589,-13.2801,-0.006,14044897,17700972
NHCI.NH,20220916,2215.2589,2232.7661,2232.5529,2206.2609,2236.3165,-21.0575,-0.0094,14284918,17878072
NHCI.NH,20220915,2236.3165,2218.3647,2254.4353,2225.6497,2217.7213,18.5951,0.0084,15263979,17866949
NHCI.NH,20220914,2217.7213,2229.8313,2221.0,2204.0407,2236.9067,-19.1854,-0.0086,13106245,17909997
NHCI.NH,20220913,2236.9067,2206.5033,2241.4729,2206.5033,2201.7888,35.1179,0.016,9702460,17733792
NHCI.NH,20220909,2201.7888,2162.833,2204.6163,2164.5265,2180.7952,20.9936,0.0096,13550488,17693639
NHCI.NH,20220908,2180.7952,2164.2018,2188.5218,2170.362,2161.3092,19.486,0.009,13676452,17892190
NHCI.NH,20220907,2161.3092,2176.8121,2169.7466,2156.6284,2182.0553,-20.7461,-0.0095,14493022,17791316
NHCI.NH,20220906,2182.0553,2178.6402,2184.3072,2170.8638,2176.898,5.1573,0.0024,13549044,17899127
NHCI.NH,20220905,2176.898,2157.1598,2179.4513,2154.2596,2153.557,23.341,0.0108,16239167,17733129
NHCI.NH,20220902,2153.557,2159.5708,2158.691,2139.0835,2164.884,-11.327,-0.0052,16817224,17747626
NHCI.NH,20220901,2164.884,2188.6288,2197.6384,2160.7387,2198.2876,-33.4036,-0.0152,15037442,17566716
NHCI.NH,20220831,2198.2876,2193.6103,2202.8517,2187.2556,2201.5248,-3.2372,-0.0015,13090298,17375477
NHCI.NH,20220830,2201.5248,2229.6944,2235.6637,2198.7442,2227.507,-25.9821,-0.0117,13744142,17281797
NHCI.NH,20220829,2227.507,2265.2417,2250.1225,2218.0775,2269.1555,-41.6485,-0.0184,16473844,17312172
NHCI.NH,20220826,2269.1555,2252.2502,2269.325,2244.8698,2252.6267,16.5288,0.0073,13430670,17416645
NHCI.NH,20220825,2252.6267,2248.75,2263.3843,2243.4897,2248.8194,3.8073,0.0017,14693774,17630399
NHCI.NH,20220824,2248.8194,2231.3609,2249.1045,2224.2561,2226.6152,22.2042,0.01,13205165,17536392
NHCI.NH,20220823,2226.6152,2209.2973,2233.7329,2208.0821,2207.5788,19.0364,0.0086,14596087,17720328
NHCI.NH,20220822,2207.5788,2172.4842,2214.9584,2198.3163,2172.828,34.7509,0.016,14339345,17585489
NHCI.NH,20220819,2172.828,2184.0292,2189.4995,2169.3992,2174.91,-2.082,-0.001,16113868,17929884
NHCI.NH,20220818,2174.91,2183.6836,2198.6044,2174.1208,2187.2782,-12.3682,-0.0057,15068750,17815168
NHCI.NH,20220817,2187.2782,2217.0862,2214.3929,2186.4561,2215.5405,-28.2623,-0.0128,15166666,17761687
NHCI.NH,20220816,2215.5405,2189.0884,2224.2293,2196.1768,2213.6356,1.9049,0.0009,14505183,17541520
NHCI.NH,20220815,2213.6356,2235.6809,2246.503,2205.5444,2241.78,-28.1444,-0.0126,16371268,17718569
NHCI.NH,20220812,2241.78,2229.7151,2245.577,2224.1898,2225.3411,16.4389,0.0074,13339441,17799061
NHCI.NH,20220811,2225.3411,2196.1775,2229.7949,2200.024,2188.0074,37.3337,0.0171,15761865,17854343
NHCI.NH,20220810,2188.0074,2200.7242,2210.4549,2180.6247,2197.8603,-9.8529,-0.0045,14245470,17927892
NHCI.NH,20220809,2197.8603,2195.0115,2211.2606,2187.8004,2195.7873,2.0731,0.0009,13480031,17673125
NHCI.NH,20220808,2195.7873,2164.5534,2198.2549,2171.7561,2168.979,26.8083,0.0124,14966928,17654295
NHCI.NH,20220805,2168.979,2146.5042,2183.7504,2145.5192,2144.1702,24.8088,0.0116,15338094,17759038
NHCI.NH,20220804,2144.1702,2193.4924,2173.1587,2139.4739,2187.4538,-43.2836,-0.0198,14948761,17543086
NHCI.NH,20220803,2187.4538,2199.5061,2206.619,2178.205,2202.1112,-14.6574,-0.0067,15155632,17390238
NHCI.NH,20220802,2202.1112,2197.6021,2202.8662,2168.7142,2207.2207,-5.1095,-0.0023,16465481,17374778
NHCI.NH,20220801,2207.2207,2202.5005,2233.9601,2199.0111,2194.9217,12.299,0.0056,16712127,17694876
NHCI.NH,20220729,2194.9217,2185.1255,2198.9641,2175.1011,2189.8965,5.0252,0.0023,15898047,17725487
NHCI.NH,20220728,2189.8965,2118.6864,2193.1103,2137.6563,2115.4145,74.482,0.0352,16491261,17954034
NHCI.NH,20220727,2115.4145,2134.5957,2123.8822,2088.3976,2132.5732,-17.1587,-0.008,14389718,17884537
NHCI.NH,20220726,2132.5732,2080.7811,2134.8952,2079.5114,2076.734,55.8392,0.0269,15397005,17745593
NHCI.NH,20220725,2076.734,2067.7074,2100.4941,2070.436,2072.7281,4.0058,0.0019,16351965,17688753
NHCI.NH,20220722,2072.7281,2034.2919,2077.7185,2037.5901,2049.7061,23.0221,0.0112,17280149,17829545
NHCI.NH,20220721,2049.7061,2060.0733,2066.4234,2042.7338,2061.0523,-11.3462,-0.0055,16438171,17643880
NHCI.NH,20220720,2061.0523,2025.8789,2085.2378,2048.4342,2039.0195,22.0328,0.0108,18792340,17669138
NHCI.NH,20220719,2039.0195,2067.0685,2086.636,2032.0618,2064.1645,-25.145,-0.0122,17961757,17585869
NHCI.NH,20220718,2064.1645,1978.7767,2069.2061,2011.2699,1964.4025,99.7619,0.0508,19425754,17589678
NHCI.NH,20220715,1964.4025,2021.025,2014.6289,1964.0164,2043.0098,-78.6072,-0.0385,20919788,17922938
NHCI.NH,20220714,2043.0098,2061.8214,2079.3987,2042.3795,2078.6805,-35.6708,-0.0172,18698183,17617239
NHCI.NH,20220713,2078.6805,2092.2582,2085.4648,2048.6053,2099.4469,-20.7664,-0.0099,18795971,17745650
NHCI.NH,20220712,2099.4469,2142.6765,2149.0712,2097.0955,2144.9957,-45.5489,-0.0212,16575194,17651353
NHCI.NH,20220711,2144.9957,2156.8968,2159.2871,2123.0133,2155.6123,-10.6166,-0.0049,17846899,17638910
NHCI.NH,20220708,2155.6123,2160.4877,2190.594,2152.8859,2177.1574,-21.545,-0.0099,15014644,16838552
NHCI.NH,20220707,2177.1574,2193.7949,2206.8625,2145.2055,2191.8656,-14.7082,-0.0067,19336516,17023930
NHCI.NH,20220706,2191.8656,2225.8269,2197.611,2127.8567,2240.3463,-48.4807,-0.0216,21493180,16924865
NHCI.NH,20220705,2240.3463,2236.5277,2268.4579,2237.7156,2233.293,7.0533,0.0032,14754498,16761756
NHCI.NH,20220704,2233.293,2243.8761,2245.0406,2215.4235,2240.1366,-6.8436,-0.0031,15223066,16482945
NHCI.NH,20220701,2240.1366,2300.8566,2281.3736,2229.8728,2304.7349,-64.5983,-0.028,17715665,16411206
NHCI.NH,20220630,2304.7349,2323.3676,2332.6071,2302.5579,2316.529,-11.7941,-0.0051,13603412,16096771
NHCI.NH,20220629,2316.529,2334.1526,2336.6296,2301.8154,2334.1455,-17.6166,-0.0075,14701115,16305003
NHCI.NH,20220628,2334.1455,2288.5804,2335.2064,2285.0173,2283.937,50.2086,0.022,14397103,16249118
NHCI.NH,20220627,2283.937,2246.9755,2290.7985,2256.7708,2231.2247,52.7123,0.0236,17158961,16438230
NHCI.NH,20220624,2231.2247,2303.5801,2284.4352,2229.6872,2297.8617,-66.6371,-0.029,19095535,16772560
NHCI.NH,20220623,2297.8617,2271.5614,2304.5009,2250.0764,2276.4472,21.4145,0.0094,17798537,16586700
NHCI.NH,20220622,2276.4472,2330.4996,2343.9386,2266.3135,2328.3701,-51.9228,-0.0223,15580206,16447792
NHCI.NH,20220621,2328.3701,2315.6752,2359.1079,2322.7468,2316.1409,12.2292,0.0053,15081611,16317964
NHCI.NH,20220620,2316.1409,2398.856,2358.9169,2308.7222,2406.2943,-90.1535,-0.0375,17436531,16276912
NHCI.NH,20220617,2406.2943,2431.6646,2425.9288,2403.2347,2438.2539,-31.9595,-0.0131,14400132,16058144
NHCI.NH,20220616,2438.2539,2451.7413,2468.5604,2435.4246,2449.4838,-11.23,-0.0046,12238419,15834902
NHCI.NH,20220615,2449.4838,2501.7652,2488.7513,2449.2793,2501.4751,-51.9912,-0.0208,13190596,16069393
NHCI.NH,20220614,2501.4751,2508.88,2510.8931,2483.0363,2510.2277,-8.7527,-0.0035,13560509,16077716
NHCI.NH,20220613,2510.2277,2540.2122,2523.9697,2498.415,2541.9222,-31.6945,-0.0125,13882672,16197717
NHCI.NH,20220610,2541.9222,2544.5751,2553.2104,2529.8568,2547.9854,-6.0632,-0.0024,12975103,16343782
NHCI.NH,20220609,2547.9854,2564.0852,2577.231,2544.4157,2565.8173,-17.832,-0.007,12256987,16216846
NHCI.NH,20220608,2565.8173,2538.3523,2573.3226,2546.771,2543.4581,22.3593,0.0088,13567995,16219683
NHCI.NH,20220607,2543.4581,2546.1721,2555.7576,2539.455,2545.0042,-1.5462,-0.0006,11211871,15962368
NHCI.NH,20220606,2545.0042,2524.8884,2559.7561,2524.8884,2518.9948,26.0094,0.0103,8798015,15900117
NHCI.NH,20220602,2518.9948,2504.9593,2519.7511,2489.9349,2500.5252,18.4697,0.0074,11027642,15604467
NHCI.NH,20220601,2500.5252,2511.9147,2502.6904,2480.1513,2512.6207,-12.0955,-0.0048,11996245,15810515
NHCI.NH,20220531,2512.6207,2482.1965,2518.7598,2493.2825,2481.5329,31.0878,0.0125,11471639,16252871
NHCI.NH,20220530,2481.5329,2467.8764,2498.2724,2472.9343,2469.9735,11.5594,0.0047,12819399,16197372
NHCI.NH,20220527,2469.9735,2430.7248,2480.7924,2462.2549,2430.2351,39.7384,0.0164,13302941,16137015
NHCI.NH,20220526,2430.2351,2428.7681,2433.2386,2401.6362,2435.0494,-4.8143,-0.002,13861093,16270898
NHCI.NH,20220525,2435.0494,2414.8256,2440.2654,2412.4702,2406.4585,28.5909,0.0119,12657937,16115779
NHCI.NH,20220524,2406.4585,2449.2216,2440.4167,2406.1446,2447.251,-40.7925,-0.0167,12975517,16124214
NHCI.NH,20220523,2447.251,2447.5998,2472.0868,2434.725,2448.2603,-1.0093,-0.0004,13397859,16047196
NHCI.NH,20220520,2448.2603,2397.8798,2448.595,2427.6886,2416.8272,31.4331,0.013,14226460,15941977
NHCI.NH,20220519,2416.8272,2407.2054,2420.7459,2376.5795,2403.1665,13.6608,0.0057,13001190,15681918
NHCI.NH,20220518,2403.1665,2454.4846,2448.2479,2402.8655,2451.4427,-48.2762,-0.0197,12313267,15886613
NHCI.NH,20220517,2451.4427,2439.1019,2466.5009,2440.295,2434.4694,16.9733,0.007,11811018,15587374
NHCI.NH,20220516,2434.4694,2423.3497,2443.7722,2411.2612,2413.6411,20.8283,0.0086,13621200,15733679
NHCI.NH,20220513,2413.6411,2378.076,2421.865,2388.2171,2383.9235,29.7176,0.0125,14671780,15659833
NHCI.NH,20220512,2383.9235,2395.681,2429.1831,2374.0987,2395.3826,-11.4591,-0.0048,16101747,15569609
NHCI.NH,20220511,2395.3826,2372.4821,2405.6734,2349.291,2366.5904,28.7922,0.0122,12654684,15082483
NHCI.NH,20220510,2366.5904,2402.7053,2374.7118,2335.7102,2414.9484,-48.3579,-0.02,15110914,14996181
NHCI.NH,20220509,2414.9484,2444.5718,2439.006,2406.0266,2440.8845,-25.9361,-0.0106,14310421,14921890
NHCI.NH,20220506,2440.8845,2496.0572,2472.7494,2439.6273,2486.805,-45.9205,-0.0185,13821618,14763261
NHCI.NH,20220505,2486.805,2491.2447,2497.4661,2472.4876,2487.7524,-0.9475,-0.0004,7833788,14153270
NHCI.NH,20220429,2487.7524,2444.3271,2493.0343,2445.1254,2445.4242,42.3282,0.0173,13048619,14164359
NHCI.NH,20220428,2445.4242,2440.9419,2446.7214,2417.9293,2438.0383,7.386,0.003,14058247,14304670
NHCI.NH,20220427,2438.0383,2423.2663,2445.7051,2418.8246,2411.7364,26.3019,0.0109,13423674,14591762
NHCI.NH,20220426,2411.7364,2384.3887,2427.4448,2370.8661,2390.326,21.4104,0.009,13795794,14464905
NHCI.NH,20220425,2390.326,2494.5513,2450.5943,2389.0638,2490.9993,-100.6733,-0.0404,17709015,14661380
NHCI.NH,20220422,2490.9993,2515.7524,2526.9591,2486.4358,2521.3045,-30.3051,-0.012,13220515,15060900
NHCI.NH,20220421,2521.3045,2512.558,2531.2878,2507.8195,2510.6887,10.6158,0.0042,11811118,15233941
NHCI.NH,20220420,2510.6887,2518.7634,2533.8446,2503.1484,2527.0169,-16.3283,-0.0065,13719417,15195767
NHCI.NH,20220419,2527.0169,2542.1391,2569.4719,2523.3756,2536.9363,-9.9194,-0.0039,12815828,15269318
NHCI.NH,20220418,2536.9363,2522.9536,2547.4159,2529.8356,2524.2705,12.6659,0.005,12950706,15287013
NHCI.NH,20220415,2524.2705,2489.8398,2531.5757,2500.7517,2490.0085,34.262,0.0138,11918726,15489685
NHCI.NH,20220414,2490.0085,2470.547,2498.8752,2474.1145,2458.6411,31.3674,0.0128,12414356,15179408
NHCI.NH,20220413,2458.6411,2466.9632,2482.7332,2451.9316,2462.484,-3.8429,-0.0016,13520204,15332157
NHCI.NH,20220412,2462.484,2403.6657,2463.7382,2406.5002,2404.5963,57.8876,0.0241,12773574,15083828
NHCI.NH,20220411,2404.5963,2436.4306,2432.0255,2392.5749,2435.1888,-30.5925,-0.0126,12592505,14896747
NHCI.NH,20220408,2435.1888,2427.4053,2435.4911,2403.9757,2424.0641,11.1247,0.0046,12390565,14720120
NHCI.NH,20220407,2424.0641,2480.962,2460.2008,2417.3807,2479.3335,-55.2694,-0.0223,12122433,14594883
NHCI.NH,20220406,2479.3335,2439.9225,2491.9027,2439.9225,2438.139,41.1946,0.0169,8534804,14393753
NHCI.NH,20220401,2438.139,2440.9018,2453.5391,2430.5033,2447.0471,-8.9082,-0.0036,13529606,14371817
NHCI.NH,20220331,2447.0471,2470.54,2476.0456,2422.3589,2462.3327,-15.2855,-0.0062,13887795,15020686
NHCI.NH,20220330,2462.3327,2399.7446,2462.4697,2409.5907,2442.8839,19.4488,0.008,14853878,15510713
NHCI.NH,20220329,2442.8839,2451.3627,2449.3284,2425.1798,2454.7914,-11.9076,-0.0049,12646554,15715810
NHCI.NH,20220328,2454.7914,2477.3842,2483.6923,2445.0133,2487.4225,-32.6311,-0.0131,15904360,16002672
NHCI.NH,20220325,2487.4225,2454.9001,2490.2579,2459.4457,2446.8975,40.525,0.0166,15236266,16221981
NHCI.NH,20220324,2446.8975,2426.1173,2482.2394,2446.6145,2407.1789,39.7186,0.0165,14587098,16215442
NHCI.NH,20220323,2407.1789,2387.9534,2414.7787,2381.2159,2397.4983,9.6806,0.004,12935318,16235878
NHCI.NH,20220322,2397.4983,2377.2151,2416.6379,2377.2151,2376.2913,21.207,0.0089,12446131,16174258
NHCI.NH,20220321,2376.2913,2376.0708,2397.1729,2369.8955,2390.1743,-13.8831,-0.0058,13355414,16023200
NHCI.NH,20220318,2390.1743,2348.3784,2390.2581,2348.3784,2327.4473,62.7271,0.027,12897381,15685855
NHCI.NH,20220317,2327.4473,2351.2246,2351.2246,2312.8386,2347.7415,-20.2942,-0.0086,13552237,15456729
NHCI.NH,20220316,2347.7415,2278.5447,2348.3682,2278.5447,2286.9114,60.8301,0.0266,13641372,15255969
NHCI.NH,20220315,2286.9114,2331.385,2331.385,2281.856,2337.8679,-50.9565,-0.0218,15912964,15179853
NHCI.NH,20220314,2337.8679,2390.0952,2390.0952,2337.2395,2406.436,-68.5681,-0.0285,15927407,15154727
NHCI.NH,20220311,2406.436,2444.3086,2444.3086,2380.1409,2429.8115,-23.3755,-0.0096,15423743,15059547
NHCI.NH,20220310,2429.8115,2489.6284,2489.6284,2398.145,2527.8862,-98.0747,-0.0388,18053752,14859536
NHCI.NH,20220309,2527.8862,2478.7017,2544.4705,2478.7017,2495.9585,31.9277,0.0128,19901380,15544438
NHCI.NH,20220308,2495.9585,2473.0252,2519.3962,2446.2554,2477.429,18.5295,0.0075,20582968,15707984
NHCI.NH,20220307,2477.429,2360.4126,2477.9714,2360.4126,2350.1318,127.2971,0.0542,18336198,16133683
NHCI.NH,20220304,2350.1318,2377.0606,2377.0798,2331.7341,2374.6902,-24.5584,-0.0103,18226688,16053981
NHCI.NH,20220303,2374.6902,2317.4988,2375.7539,2317.4988,2303.0794,71.6108,0.0311,18117104,16225881
NHCI.NH,20220302,2303.0794,2269.9731,2314.5117,2269.9731,2248.9175,54.1619,0.0241,18331644,16349757
NHCI.NH,20220301,2248.9175,2209.3289,2249.9661,2209.3289,2214.7739,34.1436,0.0154,14041544,16176158
NHCI.NH,20220228,2214.7739,2174.1072,2215.7629,2174.1072,2187.7222,27.0518,0.0124,17180672,16292900
NHCI.NH,20220225,2187.7222,2241.6831,2241.6831,2162.6511,2229.8652,-42.1431,-0.0189,20841960,16686212
NHCI.NH,20220224,2229.8652,2199.7,2239.2178,2198.8015,2199.5054,30.3599,0.0138,17403218,16731330
NHCI.NH,20220223,2199.5054,2184.2407,2209.0994,2184.2407,2189.9541,9.5513,0.0044,13996076,16488216
NHCI.NH,20220222,2189.9541,2184.2957,2212.6245,2184.2957,2178.5857,11.3684,0.0052,13004447,16485901
NHCI.NH,20220221,2178.5857,2158.8406,2179.7339,2157.3577,2165.0347,13.551,0.0063,12709941,16334104
NHCI.NH,20220218,2165.0347,2136.0818,2168.9563,2136.0818,2137.9575,27.0772,0.0127,13146605,16324470
NHCI.NH,20220217,2137.9575,2160.8875,2160.8875,2125.7788,2156.2195,-18.262,-0.0085,14052562,16223063
NHCI.NH,20220216,2156.2195,2142.9629,2158.0271,2134.4544,2158.0266,-1.8071,-0.0008,12971380,15922895
NHCI.NH,20220215,2158.0266,2175.7231,2175.7231,2144.9854,2188.4207,-30.394,-0.0139,14387964,15932667
NHCI.NH,20220214,2188.4207,2170.5386,2200.9983,2170.5386,2163.8879,24.5327,0.0113,13860422,15712247
NHCI.NH,20220211,2163.8879,2198.5872,2198.5872,2163.7424,2188.8579,-24.97,-0.0114,15177930,15722774
NHCI.NH,20220210,2188.8579,2154.5566,2190.7315,2154.5566,2153.0493,35.8086,0.0166,12178730,15528384
NHCI.NH,20220209,2153.0493,2179.4597,2179.4597,2151.6648,2188.9187,-35.8694,-0.0164,12952743,15146630
NHCI.NH,20220208,2188.9187,2177.5444,2198.0818,2177.5444,2179.813,9.1057,0.0042,11862356,14837522
NHCI.NH,20220207,2179.813,2158.4382,2191.5222,2158.4382,2136.7012,43.1118,0.0202,8158771,14344290
NHCI.NH,20220128,2136.7012,2114.011,2136.8115,2114.011,2108.3447,28.3564,0.0135,11431557,14242322
NHCI.NH,20220127,2108.3447,2118.5344,2122.261,2106.1526,2111.8367,-3.4919,-0.0017,11762556,14919324
NHCI.NH,20220126,2111.8367,2095.2637,2112.9746,2093.9526,2096.5349,15.3018,0.0073,10999151,15311545
NHCI.NH,20220125,2096.5349,2094.5828,2096.8894,2079.6807,2100.9102,-4.3753,-0.0021,11553239,15412476
NHCI.NH,20220124,2100.9102,2114.9185,2130.4634,2100.8499,2113.3503,-12.4402,-0.0059,12979973,15787403
NHCI.NH,20220121,2113.3503,2118.8355,2118.8355,2097.6548,2119.3127,-5.9624,-0.0028,13421806,15959802
NHCI.NH,20220120,2119.3127,2095.9775,2124.6355,2095.9775,2092.2588,27.054,0.0129,12192095,16065801
NHCI.NH,20220119,2092.2588,2076.0774,2106.7659,2076.0774,2075.7898,16.469,0.0079,13854637,16025569
NHCI.NH,20220118,2075.7898,2053.8303,2076.8232,2050.0625,2054.9605,20.8293,0.0101,11145769,15902981
NHCI.NH,20220117,2054.9605,2081.4233,2081.4233,2047.4917,2081.5188,-26.5584,-0.0128,13441209,15811272
NHCI.NH,20220114,2081.5188,2070.5278,2082.4797,2069.2627,2070.1834,11.3355,0.0055,12694194,15860318
NHCI.NH,20220113,2070.1834,2072.2639,2090.6523,2070.1834,2069.4045,0.7788,0.0004,12061711,15765861
NHCI.NH,20220112,2069.4045,2051.2246,2071.3733,2051.2246,2043.7164,25.6881,0.0126,11902519,15551419
NHCI.NH,20220111,2043.7164,2034.695,2046.455,2025.89,2035.2269,8.4895,0.0042,11871815,15493626
NHCI.NH,20220110,2035.2269,2041.0249,2041.0249,2026.8243,2043.6143,-8.3873,-0.0041,12539606,15360805
NHCI.NH,20220107,2043.6143,2018.5884,2043.8058,2018.5884,2017.5852,26.0291,0.0129,12647863,15469727
NHCI.NH,20220106,2017.5852,2019.5118,2021.6759,2011.9556,2017.3922,0.193,0.0001,12500713,15423603
NHCI.NH,20220105,2017.3922,2001.9542,2023.9606,2001.9542,1997.8232,19.569,0.0098,12476547,15343058
NHCI.NH,20220104,1997.8232,1989.9716,1999.6831,1983.4194,1989.474,8.3492,0.0042,10019568,15185198
NHCI.NH,20211231,1989.474,1976.8234,1991.298,1970.0676,1978.6538,10.8202,0.0055,12250513,15107800
NHCI.NH,20211230,1978.6538,1973.2478,1990.0834,1972.2527,1975.6979,2.9559,0.0015,12313851,15480706
NHCI.NH,20211229,1975.6979,1981.0468,1981.0468,1960.6953,1979.5252,-3.8273,-0.0019,12042438,15453994
NHCI.NH,20211228,1979.5252,1957.9747,1982.089,1957.9747,1957.8754,21.6498,0.0111,12787102,15754927
NHCI.NH,20211227,1957.8754,1995.7173,1995.7173,1956.6097,1998.129,-40.2537,-0.0201,13030247,15738857
NHCI.NH,20211224,1998.129,1979.3723,1998.2361,1979.3723,1979.1633,18.9657,0.0096,12393898,15860008
NHCI.NH,20211223,1979.1633,1957.7828,1980.3109,1957.7828,1957.9624,21.2009,0.0108,13040488,15881590
NHCI.NH,20211222,1957.9624,1948.2228,1967.5504,1948.2228,1947.1491,10.8134,0.0056,12825296,15792239
NHCI.NH,20211221,1947.1491,1921.6575,1952.1606,1921.6575,1924.7347,22.4143,0.0116,13674899,15802455
NHCI.NH,20211220,1924.7347,1957.4934,1961.4495,1924.3311,1961.1491,-36.4143,-0.0186,15318218,15821942
NHCI.NH,20211217,1961.1491,1952.5171,1972.8337,1952.5171,1954.4885,6.6605,0.0034,13703263,15744522
NHCI.NH,20211216,1954.4885,1921.4376,1956.1932,1921.4376,1921.1013,33.3872,0.0174,13745682,15874458
NHCI.NH,20211215,1921.1013,1931.3527,1936.0429,1919.5104,1932.7776,-11.6763,-0.006,14212707,16128889
NHCI.NH,20211214,1932.7776,1949.212,1949.212,1926.6713,1955.286,-22.5084,-0.0115,12888716,15945837
NHCI.NH,20211213,1955.286,1921.0424,1955.9851,1921.0424,1918.295,36.991,0.0193,15276688,16217258
NHCI.NH,20211210,1918.295,1917.997,1930.5501,1911.3621,1928.7949,-10.4999,-0.0054,14855169,16100263
NHCI.NH,20211209,1928.7949,1934.7594,1949.8715,1927.7701,1934.6477,-5.8528,-0.003,15808405,16142987
NHCI.NH,20211208,1934.6477,1943.6958,1954.8254,1934.4036,1936.8886,-2.2408,-0.0012,14812281,16162870
NHCI.NH,20211207,1936.8886,1904.7201,1948.7665,1904.7201,1900.8522,36.0364,0.019,14879998,16244278
NHCI.NH,20211206,1900.8522,1905.9431,1917.7921,1893.9625,1900.3366,0.5156,0.0003,15616216,16416890
NHCI.NH,20211203,1900.3366,1871.9302,1903.7236,1871.9302,1879.0613,21.2753,0.0113,17881332,16589497
NHCI.NH,20211202,1879.0613,1912.6425,1912.6425,1878.8386,1909.32,-30.2587,-0.0158,17302434,16324457
NHCI.NH,20211201,1909.32,1889.1978,1916.9096,1882.1108,1885.9356,23.3844,0.0124,18091244,16230166
NHCI.NH,20211130,1885.9356,1922.9627,1922.9627,1874.9032,1921.6953,-35.7598,-0.0186,18410458,16327691
NHCI.NH,20211129,1921.6953,1916.9347,1931.5875,1905.1823,1932.2483,-10.553,-0.0055,19242498,16237055
NHCI.NH,20211126,1932.2483,1984.0623,1984.0623,1931.6307,1983.9298,-51.6815,-0.0261,16067882,16277584
NHCI.NH,20211125,1983.9298,1981.1899,1994.6314,1977.1805,1983.818,0.1118,0.0001,15794490,16206614
NHCI.NH,20211124,1983.818,1935.8081,1984.4524,1935.8081,1934.0966,49.7214,0.0257,17731370,16258340
NHCI.NH,20211123,1934.0966,1919.1519,1958.0132,1919.1519,1920.006,14.0906,0.0073,18371168,16468345
NHCI.NH,20211122,1920.006,1902.8818,1927.467,1902.8818,1924.3613,-4.3554,-0.0023,18922998,16431411
NHCI.NH,20211119,1924.3613,1884.0983,1933.3698,1884.0983,1879.6976,44.6637,0.0238,18689884,16453048
NHCI.NH,20211118,1879.6976,1911.7345,1911.7345,1877.9541,1909.4965,-29.7988,-0.0156,16912624,16611711
NHCI.NH,20211117,1909.4965,1905.0143,1920.5283,1896.3539,1905.3486,4.1478,0.0022,15820916,16266194
NHCI.NH,20211116,1905.3486,1898.6956,1930.3052,1898.6956,1898.0356,7.313,0.0039,16521885,16105435
NHCI.NH,20211115,1898.0356,1917.3381,1930.3733,1897.4294,1925.8451,-27.8095,-0.0144,18363424,16237391
NHCI.NH,20211112,1925.8451,1950.3796,1950.3796,1922.7506,1952.7367,-26.8916,-0.0138,17481580,16158291
NHCI.NH,20211111,1952.7367,1923.7661,1961.0802,1919.8922,1926.0646,26.6721,0.0138,19682814,15782155
NHCI.NH,20211110,1926.0646,1925.0057,1926.6785,1896.9813,1925.726,0.3386,0.0002,19669408,16013432
NHCI.NH,20211109,1925.726,1937.0652,1937.0652,1920.4869,1938.3115,-12.5856,-0.0065,15460982,15933457
NHCI.NH,20211108,1938.3115,1910.8637,1942.903,1910.8637,1910.7396,27.5719,0.0144,20124334,15862563
NHCI.NH,20211105,1910.7396,1937.3814,1937.3814,1900.8883,1922.8408,-12.1012,-0.0063,19822576,15930497
NHCI.NH,20211104,1922.8408,1966.1738,1966.1738,1912.8196,1970.6835,-47.8427,-0.0243,20144330,15862849
NHCI.NH,20211103,1970.6835,1943.8236,1977.6223,1940.2535,1945.1054,25.5781,0.0132,20379920,15721129
NHCI.NH,20211102,1945.1054,1963.568,1979.9191,1916.8573,1957.1925,-12.0872,-0.0062,21857024,15651824
NHCI.NH,20211101,1957.1925,1978.407,1987.4779,1955.7957,1982.7022,-25.5097,-0.0129,20694220,15490134
NHCI.NH,20211029,1982.7022,2008.7112,2015.2749,1970.5407,2006.8709,-24.1687,-0.012,23129296,15359424
NHCI.NH,20211028,2006.8709,2016.4132,2032.1693,1960.8208,2032.6826,-25.8118,-0.0127,30600032,14998579
NHCI.NH,20211027,2032.6826,2089.0938,2089.0938,2025.0874,2085.5061,-52.8235,-0.0253,25013902,15436820
NHCI.NH,20211026,2085.5061,2071.9229,2090.1719,2055.8108,2068.9854,16.5208,0.008,21015178,15211888
NHCI.NH,20211025,2068.9854,2060.9131,2087.8071,2055.9605,2052.2515,16.7339,0.0082,22879876,14949222
NHCI.NH,20211022,2052.2515,2065.1306,2072.8887,2022.9834,2066.4973,-14.2459,-0.0069,28234384,14749133
NHCI.NH,20211021,2066.4973,2100.1194,2154.4307,2064.8613,2108.1838,-41.6865,-0.0198,24314082,14971320
NHCI.NH,20211020,2108.1838,2145.7476,2145.7476,2100.7122,2152.03,-43.8462,-0.0204,21225492,14641807
NHCI.NH,20211019,2152.03,2153.3613,2161.5064,2127.595,2153.5752,-1.5452,-0.0007,19589160,14765968
NHCI.NH,20211018,2153.5752,2130.5986,2161.1111,2119.9697,2129.4485,24.1267,0.0113,22954854,14778094
NHCI.NH,20211015,2129.4485,2108.6824,2137.2554,2103.6939,2104.3638,25.0847,0.0119,20284448,14784377
NHCI.NH,20211014,2104.3638,2083.5742,2112.1785,2077.6204,2085.7659,18.5979,0.0089,20172812,14540005
NHCI.NH,20211013,2085.7659,2108.3931,2112.8127,2046.3055,2109.6516,-23.8857,-0.0113,25189480,14473680
NHCI.NH,20211012,2109.6516,2125.3433,2125.3433,2101.6853,2124.9402,-15.2886,-0.0072,20716828,14594752
NHCI.NH,20211011,2124.9402,2083.5056,2125.627,2083.5056,2078.9888,45.9514,0.0221,20853984,14727729
NHCI.NH,20211008,2078.9888,2051.2881,2088.5493,2051.2881,2022.3058,56.683,0.028,13085187,13930388
NHCI.NH,20210930,2022.3058,1996.9345,2022.6018,1996.9345,1992.6553,29.6505,0.0149,17365516,13753758
NHCI.NH,20210929,1992.6553,2001.4763,2001.4763,1982.7247,2004.2974,-11.6421,-0.0058,18030638,14369324
NHCI.NH,20210928,2004.2974,1987.9939,2008.0476,1981.8556,1986.533,17.7644,0.0089,17897856,15053960
NHCI.NH,20210927,1986.533,1970.8895,2003.0295,1970.8895,1971.061,15.4719,0.0079,20578494,15271806
NHCI.NH,20210924,1971.061,1967.6605,1978.2192,1953.5165,1967.3038,3.7572,0.0019,18762386,15213179
NHCI.NH,20210923,1967.3038,1958.2632,1972.3492,1952.8203,1956.2949,11.0089,0.0056,17560300,15317762
NHCI.NH,20210922,1956.2949,1918.0919,1956.4213,1906.4479,1924.6751,31.6199,0.0164,13165737,14926320
NHCI.NH,20210917,1924.6751,1943.5873,1943.5873,1921.7333,1947.2269,-22.5519,-0.0116,18431550,14731844
NHCI.NH,20210916,1947.2269,1959.7556,1975.0464,1944.6925,1956.0216,-8.7947,-0.0045,18459530,15308875
NHCI.NH,20210915,1956.0216,1951.8582,1961.9948,1937.2706,1950.4338,5.5878,0.0029,17339276,15452631
NHCI.NH,20210914,1950.4338,1958.5051,1967.7492,1949.6572,1957.0696,-6.6357,-0.0034,16587267,15489368
NHCI.NH,20210913,1957.0696,1961.5723,1987.4804,1954.3223,1956.8395,0.2301,0.0001,17157772,15842868
NHCI.NH,20210910,1956.8395,1968.092,1971.3173,1951.85,1971.4036,-14.5641,-0.0074,17029704,15688528
NHCI.NH,20210909,1971.4036,1957.5911,1980.864,1949.5903,1953.5555,17.848,0.0091,16842884,15845716
NHCI.NH,20210908,1953.5555,1965.119,1965.119,1943.9656,1970.1001,-16.5446,-0.0084,16684980,15611291
NHCI.NH,20210907,1970.1001,1948.4019,1971.0573,1948.4019,1944.5629,25.5372,0.0131,13819023,15365960
NHCI.NH,20210906,1944.5629,1955.1432,1955.1432,1938.5698,1952.4218,-7.8589,-0.004,15022804,15161730
NHCI.NH,20210903,1952.4218,1932.7083,1956.1661,1932.7083,1930.9106,21.5111,0.0111,15421211,14937668
NHCI.NH,20210902,1930.9106,1920.3798,1936.7615,1916.9131,1920.5658,10.3448,0.0054,17020112,14878620
NHCI.NH,20210901,1920.5658,1930.7116,1930.7116,1911.0107,1936.3535,-15.7877,-0.0082,16688327,15014029
NHCI.NH,20210831,1936.3535,1946.0392,1948.0394,1933.749,1944.3773,-8.0238,-0.0041,13935771,15103937
NHCI.NH,20210830,1944.3773,1935.6642,1950.8936,1935.4086,1932.8425,11.5348,0.006,16114845,15108036
NHCI.NH,20210827,1932.8425,1918.4801,1934.7932,1908.6958,1918.6711,14.1714,0.0074,15671914,15093093
NHCI.NH,20210826,1918.6711,1935.1068,1941.4525,1918.5051,1929.9116,-11.2405,-0.0058,15710273,15290062
NHCI.NH,20210825,1929.9116,1920.7015,1934.6141,1919.1554,1916.0407,13.871,0.0072,13992728,15228219
NHCI.NH,20210824,1916.0407,1877.6301,1917.4216,1877.6301,1873.1268,42.9138,0.0229,16480317,15262998
NHCI.NH,20210823,1873.1268,1856.7083,1881.0442,1856.7083,1863.9724,9.1544,0.0049,18101844,15553022
NHCI.NH,20210820,1863.9724,1856.5505,1869.1687,1851.2716,1864.3491,-0.3767,-0.0002,17757904,15314446
NHCI.NH,20210819,1864.3491,1903.196,1903.196,1861.9504,1907.2753,-42.9262,-0.0225,19843116,15552757
NHCI.NH,20210818,1907.2753,1929.3982,1929.3982,1901.1585,1930.6428,-23.3676,-0.0121,17671628,15770693
NHCI.NH,20210817,1930.6428,1923.3925,1938.5139,1923.3925,1926.9801,3.6627,0.0019,14779254,15834840
NHCI.NH,20210816,1926.9801,1932.0029,1941.3905,1922.4019,1929.5472,-2.5671,-0.0013,18181340,15842149
NHCI.NH,20210813,1929.5472,1924.082,1931.4185,1916.7282,1925.0513,4.496,0.0023,15548929,15642834
NHCI.NH,20210812,1925.0513,1936.4855,1937.9822,1925.0513,1936.2643,-11.213,-0.0058,16720826,15687928
NHCI.NH,20210811,1936.2643,1913.7076,1936.5001,1913.7076,1914.9043,21.36,0.0112,15999561,15662313
NHCI.NH,20210810,1914.9043,1892.5306,1914.9043,1890.7634,1900.2341,14.6702,0.0077,16084983,15433246
NHCI.NH,20210809,1900.2341,1932.817,1932.817,1889.106,1931.945,-31.7108,-0.0164,18671756,15522774
NHCI.NH,20210806,1931.945,1910.6045,1938.2097,1910.6045,1908.3723,23.5726,0.0124,16709180,15441620
NHCI.NH,20210805,1908.3723,1936.0073,1936.0073,1906.4508,1940.9486,-32.5763,-0.0168,18358288,15299795
NHCI.NH,20210804,1940.9486,1911.6115,1942.4346,1911.6115,1918.7747,22.174,0.0116,16191961,15274592
NHCI.NH,20210803,1918.7747,1948.7954,1948.7954,1918.311,1949.8886,-31.1139,-0.016,16256738,15122113
NHCI.NH,20210802,1949.8886,1969.8961,1969.8961,1935.4063,1971.4273,-21.5387,-0.0109,19880868,15320605
NHCI.NH,20210730,1971.4273,1985.5438,1987.0198,1955.9211,1984.7001,-13.2728,-0.0067,16898724,15813627
NHCI.NH,20210729,1984.7001,1975.2152,1985.2026,1971.6326,1974.1747,10.5254,0.0053,13985049,15509066
NHCI.NH,20210728,1974.1747,1960.9982,1983.554,1960.9982,1958.1433,16.0314,0.0082,14686115,15584987
NHCI.NH,20210727,1958.1433,1959.8606,1985.6248,1955.6216,1955.5815,2.5618,0.0013,15805356,15628100
NHCI.NH,20210726,1955.5815,1946.2452,1969.0365,1946.2452,1945.5388,10.0427,0.0052,16343957,15683236
NHCI.NH,20210723,1945.5388,1945.5388,1950.0748,1931.2979,1930.9482,14.5906,0.0076,15763120,15860383
NHCI.NH,20210722,1930.9482,1922.2282,1933.6951,1915.2875,1916.6692,14.2791,0.0075,16017485,15923293
NHCI.NH,20210721,1916.6692,1925.4633,1933.1238,1910.4771,1930.3362,-13.667,-0.0071,15562319,15602343
NHCI.NH,20210720,1930.3362,1940.9034,1940.9034,1913.0139,1950.1693,-19.8331,-0.0102,17610268,15712515
NHCI.NH,20210719,1950.1693,1958.4127,1961.577,1943.4883,1954.3069,-4.1376,-0.0021,16736016,15713841
NHCI.NH,20210716,1954.3069,1946.7068,1964.8574,1943.0183,1946.8297,7.4772,0.0038,15640386,15689386
NHCI.NH,20210715,1946.8297,1957.3972,1957.3972,1930.0532,1957.4066,-10.5769,-0.0054,16089010,15573472
NHCI.NH,20210714,1957.4066,1943.8124,1959.1133,1941.5826,1946.1268,11.2798,0.0058,14845144,15650826
NHCI.NH,20210713,1946.1268,1924.5544,1946.353,1924.5544,1927.3224,18.8044,0.0098,13157663,15408843
NHCI.NH,20210712,1927.3224,1923.6672,1946.7986,1922.3289,1920.6456,6.6768,0.0035,15913169,15432536
NHCI.NH,20210709,1920.6456,1910.9634,1926.2089,1906.4227,1910.1947,10.4509,0.0055,16301290,15431939
NHCI.NH,20210708,1910.1947,1941.5402,1941.5402,1904.9565,1941.839,-31.6443,-0.0163,17440576,15389938
NHCI.NH,20210707,1941.839,1965.4398,1965.4398,1920.0313,1965.4398,-23.6008,-0.012,21159466,15677651
NHCI.NH,20210706,1965.4398,1954.7784,1971.0635,1954.7784,1954.0983,11.3416,0.0058,14728309,15913732
NHCI.NH,20210705,1954.0983,1928.4028,1955.4525,1927.6897,1925.6316,28.4667,0.0148,16848468,15824466
NHCI.NH,20210702,1925.6316,1921.4209,1927.194,1911.4689,1908.9843,16.6473,0.0087,15811055,15385367
NHCI.NH,20210701,1908.9843,1909.3933,1925.6177,1907.8606,1906.3241,2.6602,0.0014,16260819,15127326
NHCI.NH,20210630,1906.3241,1897.9586,1909.7883,1895.7145,1893.3656,12.9585,0.0068,14391666,15146912
NHCI.NH,20210629,1893.3656,1920.7776,1920.7776,1889.1129,1918.8106,-25.445,-0.0133,15583410,15003580
NHCI.NH,20210628,1918.8106,1926.1755,1926.1755,1904.8842,1923.5054,-4.6948,-0.0024,17990340,15273728
NHCI.NH,20210625,1923.5054,1899.6417,1930.8931,1899.6417,1903.0879,20.4175,0.0107,17738040,15366823
NHCI.NH,20210624,1903.0879,1906.2161,1912.0269,1894.2465,1903.7169,-0.629,-0.0003,15454187,15121014
NHCI.NH,20210623,1903.7169,1876.1978,1908.9912,1876.1978,1878.814,24.903,0.0133,15948994,15078035
NHCI.NH,20210622,1878.814,1851.257,1881.0725,1851.257,1853.4933,25.3207,0.0137,15338611,14888730
NHCI.NH,20210621,1853.4933,1875.1443,1882.9431,1853.4807,1873.2704,-19.7771,-0.0106,16871516,14570297
NHCI.NH,20210618,1873.2704,1904.5407,1904.5407,1873.2344,1907.4221,-34.1517,-0.0179,20096012,14396246
NHCI.NH,20210617,1907.4221,1901.4486,1911.6917,1889.53,1901.5281,5.894,0.0031,16650197,14725667
NHCI.NH,20210616,1901.5281,1918.6919,1923.0133,1897.6901,1916.1467,-14.6187,-0.0076,15505275,14568503
NHCI.NH,20210615,1916.1467,1937.8461,1937.8461,1893.7174,1940.9879,-24.8412,-0.0128,13422610,14389931
NHCI.NH,20210611,1940.9879,1910.3618,1941.0051,1910.3618,1903.5833,37.4047,0.0197,16058361,14408414
NHCI.NH,20210610,1903.5833,1909.5023,1913.2924,1897.6843,1909.6964,-6.1132,-0.0032,15555399,14695455
NHCI.NH,20210609,1909.6964,1890.4536,1918.5983,1890.4536,1888.0969,21.5995,0.0114,14141962,14574989
NHCI.NH,20210608,1888.0969,1883.2654,1890.927,1873.702,1881.7102,6.3867,0.0034,15450311,14484252
NHCI.NH,20210607,1881.7102,1914.8549,1923.6172,1881.7102,1904.1899,-22.4797,-0.0118,16562419,14685815
NHCI.NH,20210604,1904.1899,1918.7073,1918.7073,1890.213,1932.2557,-28.0658,-0.0145,16703615,13116188
NHCI.NH,20210603,1932.2557,1906.4627,1944.9027,1906.4627,1904.7738,27.4819,0.0144,15057108,13187213
NHCI.NH,20210602,1904.7738,1918.4535,1918.4535,1896.9946,1915.2859,-10.5121,-0.0055,15288240,12884222
NHCI.NH,20210601,1915.2859,1878.7393,1915.4628,1873.9601,1878.7393,36.5466,0.0195,16400428,14178528
NHCI.NH,20210531,1878.7393,1868.1824,1890.0521,1868.1824,1865.3315,13.4077,0.0072,17902932,13963613
NHCI.NH,20210528,1865.3315,1841.2393,1882.0579,1841.2393,1838.5512,26.7804,0.0146,18879800,13942183
NHCI.NH,20210527,1838.5512,1820.6826,1845.2539,1820.6826,1828.0161,10.535,0.0058,18902476,14011314
NHCI.NH,20210526,1828.0161,1844.644,1852.3453,1825.8848,1848.5759,-20.5598,-0.0111,18848030,14147310
NHCI.NH,20210525,1848.5759,1840.778,1861.0471,1840.778,1838.6582,9.9177,0.0054,16270822,13820731
NHCI.NH,20210524,1838.6582,1849.2958,1849.2958,1806.6783,1837.4767,1.1815,0.0006,21999412,13979383
NHCI.NH,20210521,1837.4767,1867.264,1867.264,1837.2161,1871.2087,-33.7321,-0.018,18998552,13987305
NHCI.NH,20210520,1871.2087,1882.3923,1882.3923,1839.8804,1899.6035,-28.3948,-0.0149,22735632,14170321
NHCI.NH,20210519,1899.6035,1950.7429,1950.7429,1898.0906,1949.4896,-49.8861,-0.0256,19425896,14470324
NHCI.NH,20210518,1949.4896,1916.8423,1951.5096,1916.8423,1917.193,32.2966,0.0168,16627208,14405161
NHCI.NH,20210517,1917.193,1904.2655,1927.1134,1904.2655,1897.7419,19.4511,0.0103,19689168,14208246
NHCI.NH,20210514,1897.7419,1935.9705,1935.9705,1876.8565,1941.2932,-43.5513,-0.0224,22961172,14132149
NHCI.NH,20210513,1941.2932,1990.3849,1990.3849,1926.1804,1995.6161,-54.3229,-0.0272,24746052,14255244
NHCI.NH,20210512,1995.6161,1957.947,1998.0635,1957.947,1959.8109,35.8052,0.0183,19130096,14547568
NHCI.NH,20210511,1959.8109,1985.3127,1985.3127,1936.1646,1986.2704,-26.4595,-0.0133,19525742,14143604
NHCI.NH,20210510,1986.2704,1942.0526,1995.0366,1942.0526,1944.4702,41.8002,0.0215,18604048,14624127
NHCI.NH,20210507,1944.4702,1925.4638,1946.8814,1925.4638,1923.4465,21.0237,0.0109,16385284,14844116
NHCI.NH,20210506,1923.4465,1872.9945,1927.8569,1872.9945,1861.449,61.9976,0.0333,11389813,14406073
NHCI.NH,20210430,1861.449,1887.8831,1887.8831,1850.1389,1876.8179,-15.3689,-0.0082,16268206,13987180
NHCI.NH,20210429,1876.8179,1864.2087,1883.4712,1864.2087,1861.6126,15.2053,0.0082,15509553,14875927
NHCI.NH,20210428,1861.6126,1864.5869,1864.5869,1847.6368,1864.8744,-3.2618,-0.0017,17855958,15049963
NHCI.NH,20210427,1864.8744,1841.6998,1869.3906,1841.6998,1842.0745,22.7999,0.0124,16109197,15196714
NHCI.NH,20210426,1842.0745,1830.501,1861.8551,1830.501,1832.0142,10.0603,0.0055,19885414,15177955
NHCI.NH,20210423,1832.0142,1824.1791,1833.7767,1821.7098,1821.7333,10.2809,0.0056,15266068,15205759
NHCI.NH,20210422,1821.7333,1816.2594,1826.2485,1811.4678,1822.6013,-0.868,-0.0005,17810544,15041031
NHCI.NH,20210421,1822.6013,1830.7186,1830.7186,1807.7339,1832.1271,-9.5258,-0.0052,15192616,15110498
NHCI.NH,20210420,1832.1271,1819.5653,1835.4857,1816.0632,1817.8812,14.2459,0.0078,14497744,15114173
NHCI.NH,20210419,1817.8812,1823.3899,1823.3899,1806.563,1822.6698,-4.7886,-0.0026,15535378,14909640
NHCI.NH,20210416,1822.6698,1804.8364,1829.8903,1804.8364,1806.5348,16.135,0.0089,17043716,14827715
NHCI.NH,20210415,1806.5348,1778.666,1807.9791,1778.666,1778.0617,28.4731,0.016,16031825,14866014
NHCI.NH,20210414,1778.0617,1773.5881,1779.4919,1768.7709,1767.7437,10.318,0.0058,14577860,14730009
NHCI.NH,20210413,1767.7437,1755.5469,1768.8925,1750.8433,1751.6502,16.0935,0.0092,15805146,14749961
NHCI.NH,20210412,1751.6502,1763.3311,1763.3757,1745.5189,1764.391,-12.7408,-0.0072,18914870,14898844
NHCI.NH,20210409,1764.391,1773.1379,1781.9847,1762.6578,1769.894,-5.5031,-0.0031,16118502,15191110
NHCI.NH,20210408,1769.894,1778.2345,1780.3108,1765.1259,1778.1931,-8.2991,-0.0047,17104880,15004257
NHCI.NH,20210407,1778.1931,1776.1805,1784.0217,1768.142,1773.4194,4.7737,0.0027,15901761,15088489
NHCI.NH,20210406,1773.4194,1772.8346,1785.3059,1766.6122,1789.6248,-16.2053,-0.0091,12018820,14910227
NHCI.NH,20210402,1789.6248,1753.8267,1789.7692,1753.8267,1753.1674,36.4574,0.0208,17948522,14747106
NHCI.NH,20210401,1753.1674,1741.896,1758.1261,1740.0968,1743.5739,9.5935,0.0055,18521048,14552424
NHCI.NH,20210331,1743.5739,1748.1224,1750.6069,1732.1779,1755.4581,-11.8843,-0.0068,17719762,14676437
NHCI.NH,20210330,1755.4581,1763.3435,1764.2253,1753.8136,1754.5648,0.8933,0.0005,15685793,14735993
NHCI.NH,20210329,1754.5648,1742.3084,1762.2511,1742.3084,1739.8207,14.7441,0.0085,18037284,14873757
NHCI.NH,20210326,1739.8207,1719.0907,1740.5186,1719.0907,1726.3469,13.4738,0.0078,19763786,14871886
NHCI.NH,20210325,1726.3469,1729.7753,1738.3082,1723.3696,1723.7358,2.6111,0.0015,15362085,14984746
NHCI.NH,20210324,1723.7358,1720.2095,1724.6091,1704.9453,1734.4359,-10.7001,-0.0062,17770652,14925308
NHCI.NH,20210323,1734.4359,1725.4172,1736.749,1721.2969,1724.2225,10.2134,0.0059,16711705,14762046
NHCI.NH,20210322,1724.2225,1719.587,1739.4237,1719.587,1720.6409,3.5817,0.0021,18402792,14718243
NHCI.NH,20210319,1720.6409,1772.0752,1772.0752,1718.0692,1777.8405,-57.1996,-0.0322,22101868,14782342
NHCI.NH,20210318,1777.8405,1776.8137,1785.8597,1768.4271,1784.3246,-6.4841,-0.0036,17718680,14852823
NHCI.NH,20210317,1784.3246,1769.7758,1785.1908,1765.7118,1772.0416,12.283,0.0069,16401136,14771154
NHCI.NH,20210316,1772.0416,1779.7269,1784.2913,1770.2178,1783.3792,-11.3375,-0.0064,16604119,14724472
NHCI.NH,20210315,1783.3792,1780.9124,1796.4246,1773.3502,1779.4216,3.9575,0.0022,18857200,14937467
NHCI.NH,20210312,1779.4216,1792.4857,1805.1522,1776.2362,1790.2263,-10.8047,-0.006,19651088,14987441
NHCI.NH,20210311,1790.2263,1770.9993,1793.8574,1755.9871,1762.9413,27.285,0.0155,20299432,14872164
NHCI.NH,20210310,1762.9413,1780.6209,1782.9706,1756.145,1772.3514,-9.4102,-0.0053,21533408,15042763
NHCI.NH,20210309,1772.3514,1816.5828,1817.2009,1772.146,1823.6001,-51.2487,-0.0281,19776604,15108260
NHCI.NH,20210308,1823.6001,1803.4788,1850.1831,1803.4788,1799.4045,24.1956,0.0134,20147116,15254021
NHCI.NH,20210305,1799.4045,1801.3756,1805.7831,1771.1672,1803.8922,-4.4877,-0.0025,24262236,15178394
NHCI.NH,20210304,1803.8922,1809.4981,1814.6571,1797.5064,1811.5877,-7.6954,-0.0042,18761672,15212114
NHCI.NH,20210303,1811.5877,1807.1545,1821.9066,1799.4266,1797.3052,14.2825,0.0079,19159172,15117193
NHCI.NH,20210302,1797.3052,1818.846,1818.846,1778.0487,1821.213,-23.9078,-0.0131,20928812,15134616
NHCI.NH,20210301,1821.213,1820.969,1843.9806,1811.3744,1829.095,-7.882,-0.0043,23104410,15165068
NHCI.NH,20210226,1829.095,1866.7256,1866.7256,1821.9524,1866.0678,-36.9728,-0.0198,24697952,15088834
NHCI.NH,20210225,1866.0678,1839.1504,1886.1971,1839.1504,1830.499,35.5687,0.0194,21462236,15624447
NHCI.NH,20210224,1830.499,1826.6793,1836.6586,1813.6465,1832.2396,-1.7406,-0.001,18957184,15430663
NHCI.NH,20210223,1832.2396,1812.1084,1852.5405,1812.1084,1813.6351,18.6045,0.0103,19910242,15477257
NHCI.NH,20210222,1813.6351,1788.8503,1830.3765,1788.8503,1788.7672,24.8679,0.0139,17812208,15327040
NHCI.NH,20210219,1788.7672,1789.1952,1791.1279,1762.6148,1789.5544,-0.7872,-0.0004,16058625,14899207
NHCI.NH,20210218,1789.5544,1747.6416,1790.098,1747.6416,1718.4185,71.136,0.0414,9746156,14098198
NHCI.NH,20210210,1718.4185,1725.325,1725.325,1710.746,1727.4823,-9.0638,-0.0052,11304304,13794037
NHCI.NH,20210209,1727.4823,1703.131,1732.683,1703.131,1701.7506,25.7317,0.0151,11809100,14261249
NHCI.NH,20210208,1701.7506,1687.3239,1708.9838,1687.3239,1685.8136,15.937,0.0095,14549588,14541827
NHCI.NH,20210205,1685.8136,1675.6334,1689.3717,1674.0532,1676.4686,9.345,0.0056,14464694,14568540
NHCI.NH,20210204,1676.4686,1650.7982,1676.7513,1650.7982,1646.8346,29.634,0.018,14998361,14753824
NHCI.NH,20210203,1646.8346,1655.2145,1655.2145,1640.0181,1652.1659,-5.3313,-0.0032,17047180,14839149
NHCI.NH,20210202,1652.1659,1661.4885,1670.3661,1649.1902,1661.0801,-8.9142,-0.0054,17373940,14970222
NHCI.NH,20210201,1661.0801,1655.3103,1667.657,1648.3606,1652.4956,8.5845,0.0052,17464946,14791859
NHCI.NH,20210129,1652.4956,1647.9397,1657.3517,1644.8322,1649.8435,2.6521,0.0016,18354684,14678467
NHCI.NH,20210128,1649.8435,1667.0194,1667.0194,1649.5804,1670.6259,-20.7823,-0.0124,12125547,14797350
NHCI.NH,20210127,1670.6259,1654.0702,1672.294,1654.0702,1648.7606,21.8652,0.0133,14058309,14867187
NHCI.NH,20210126,1648.7606,1665.548,1671.999,1648.7054,1667.1619,-18.4013,-0.011,14774132,14818683
NHCI.NH,20210125,1667.1619,1662.7883,1672.9172,1662.5087,1667.1338,0.0281,0.0,18130868,14798680
NHCI.NH,20210122,1667.1338,1694.0231,1694.0231,1664.1356,1694.5942,-27.4605,-0.0162,18030700,14970083
NHCI.NH,20210121,1694.5942,1684.9771,1702.0548,1680.7472,1685.9072,8.687,0.0052,16118708,15196736
NHCI.NH,20210120,1685.9072,1678.9242,1691.7631,1678.3201,1677.2284,8.6788,0.0052,17152116,15056274
NHCI.NH,20210119,1677.2284,1692.1067,1694.3794,1674.2571,1693.3097,-16.0813,-0.0095,14422246,14934263
NHCI.NH,20210118,1693.3097,1686.2759,1695.2992,1673.5171,1687.1823,6.1274,0.0036,17472548,14985813
NHCI.NH,20210115,1687.1823,1685.0774,1711.1956,1682.4775,1684.3477,2.8346,0.0017,19585782,15230043
NHCI.NH,20210114,1684.3477,1693.842,1693.842,1677.5354,1695.752,-11.4043,-0.0067,17359704,14944890
NHCI.NH,20210113,1695.752,1692.455,1704.719,1689.1431,1689.614,6.1379,0.0036,18199724,14873782
NHCI.NH,20210112,1689.614,1677.5817,1692.2483,1670.4861,1675.9771,13.637,0.0081,18901258,14855313
NHCI.NH,20210111,1675.9771,1727.3164,1727.3164,1670.9174,1724.1625,-48.1854,-0.0279,25479556,14834751
NHCI.NH,20210108,1724.1625,1721.9998,1729.663,1707.096,1725.453,-1.2905,-0.0007,17617592,15446166
NHCI.NH,20210107,1725.453,1695.542,1727.9382,1695.542,1697.2566,28.1964,0.0166,19608620,15338152
NHCI.NH,20210106,1697.2566,1686.5187,1702.1326,1684.3767,1679.5645,17.6921,0.0105,17723704,15084385
NHCI.NH,20210105,1679.5645,1676.8254,1680.3699,1667.8208,1682.7029,-3.1384,-0.0019,16869018,14886937
NHCI.NH,20210104,1682.7029,1644.9697,1685.9628,1651.7377,1644.9697,37.7332,0.0229,14038638,14751325
NHCI.NH,20201231,1644.9697,1638.5809,1647.5106,1632.7511,1638.3351,6.6347,0.0041,19280534,14209101
NHCI.NH,20201230,1638.3351,1637.6032,1642.8748,1630.2075,1634.9839,3.3512,0.0021,21367268,14342459
NHCI.NH,20201229,1634.9839,1654.1821,1656.2502,1630.3187,1650.0897,-15.1058,-0.0092,20719652,14313291
NHCI.NH,20201228,1650.0897,1667.0862,1669.5895,1640.6611,1667.7236,-17.6339,-0.0106,20689150,14640760
NHCI.NH,20201225,1667.7236,1667.7236,1668.5728,1640.3131,1648.4279,19.2958,0.0117,17850990,14780556
NHCI.NH,20201224,1648.4279,1626.4943,1655.2886,1646.6897,1621.1669,27.261,0.0168,20353568,14817664
NHCI.NH,20201223,1621.1669,1643.1643,1643.1643,1599.4246,1633.6953,-12.5284,-0.0077,23712692,14559892
NHCI.NH,20201222,1633.6953,1685.1987,1689.2582,1631.3186,1692.1306,-58.4353,-0.0345,28340608,14926141
NHCI.NH,20201221,1692.1306,1669.0593,1694.9982,1669.0593,1668.0206,24.11,0.0145,23190448,15571063
NHCI.NH,20201218,1668.0206,1644.8597,1668.3666,1644.8597,1644.6863,23.3344,0.0142,20926006,15792185
NHCI.NH,20201217,1644.6863,1618.208,1645.9638,1618.208,1616.146,28.5403,0.0177,19751296,15926655
NHCI.NH,20201216,1616.146,1610.457,1617.799,1606.7168,1606.7515,9.3945,0.0058,17621276,15889668
NHCI.NH,20201215,1606.7515,1600.3926,1609.2512,1593.8989,1600.1571,6.5944,0.0041,18110864,15929017
NHCI.NH,20201214,1600.1571,1597.011,1608.4662,1594.6437,1597.7114,2.4457,0.0015,20687136,15964762
NHCI.NH,20201211,1597.7114,1583.0696,1630.0895,1583.0696,1578.7484,18.963,0.012,25351472,15924170
NHCI.NH,20201210,1578.7484,1570.2968,1584.4923,1569.813,1569.5214,9.2271,0.0059,20019324,16133496
NHCI.NH,20201209,1569.5214,1563.1466,1572.595,1561.6583,1562.8558,6.6655,0.0043,18369652,16237778
NHCI.NH,20201208,1562.8558,1574.8375,1583.0985,1560.7814,1577.1388,-14.283,-0.0091,19577738,16410019
NHCI.NH,20201207,1577.1388,1565.7886,1577.9375,1563.656,1567.0906,10.0482,0.0064,19930172,16536526
NHCI.NH,20201204,1567.0906,1548.8804,1570.255,1548.2714,1548.1965,18.8941,0.0122,22289640,16455901
NHCI.NH,20201203,1548.1965,1548.7234,1555.6239,1545.67,1548.8551,-0.6586,-0.0004,18852752,16361811
NHCI.NH,20201202,1548.8551,1548.1729,1551.7003,1540.6991,1545.7898,3.0653,0.002,17513796,16196556
NHCI.NH,20201201,1545.7898,1543.0111,1549.0835,1537.0752,1541.4509,4.3389,0.0028,17197114,16402686
NHCI.NH,20201130,1541.4509,1552.9016,1559.6257,1531.9731,1550.1516,-8.7007,-0.0056,21418536,16483195
NHCI.NH,20201127,1550.1516,1535.3285,1552.431,1535.3285,1540.4106,9.741,0.0063,16077252,16646171
NHCI.NH,20201126,1540.4106,1536.5678,1548.579,1536.5678,1536.9166,3.494,0.0023,17193416,16600732
NHCI.NH,20201125,1536.9166,1532.0277,1546.9961,1532.0277,1533.1543,3.7623,0.0025,19466964,16727062
NHCI.NH,20201124,1533.1543,1517.6126,1534.6776,1508.0745,1516.4907,16.6636,0.011,18081712,16693057
NHCI.NH,20201123,1516.4907,1512.7927,1523.1425,1510.9839,1511.8097,4.681,0.0031,19546116,16889722
NHCI.NH,20201120,1511.8097,1501.7423,1513.9326,1501.7423,1503.7035,8.1062,0.0054,17443366,17007060
NHCI.NH,20201119,1503.7035,1499.4045,1503.8766,1495.5481,1494.2904,9.4131,0.0063,17780710,17016440
NHCI.NH,20201118,1494.2904,1494.3849,1497.1296,1490.2773,1495.4188,-1.1284,-0.0008,16593855,16934688
NHCI.NH,20201117,1495.4188,1502.0122,1502.0122,1492.5241,1497.3674,-1.9486,-0.0013,17523328,17041702
NHCI.NH,20201116,1497.3674,1482.9076,1497.6593,1482.9076,1482.2853,15.0822,0.0102,19922648,16990388
NHCI.NH,20201113,1482.2853,1484.2758,1484.9788,1475.924,1485.7905,-3.5053,-0.0024,17278104,16970464
NHCI.NH,20201112,1485.7905,1494.2426,1494.2426,1482.0646,1492.9812,-7.1907,-0.0048,18064316,16586560
NHCI.NH,20201111,1492.9812,1473.2296,1493.4083,1473.2296,1470.8783,22.1029,0.015,19871688,16668510
NHCI.NH,20201110,1470.8783,1485.7466,1485.7466,1462.1708,1464.1046,6.7737,0.0046,22689350,16554099
NHCI.NH,20201109,1464.1046,1446.6422,1467.9072,1446.6422,1446.3217,17.783,0.0123,22905416,16599992
NHCI.NH,20201106,1446.3217,1450.4568,1455.073,1443.3866,1445.6544,0.6672,0.0005,19559308,16640682
NHCI.NH,20201105,1445.6544,1455.2411,1456.9983,1440.839,1452.2922,-6.6378,-0.0046,19421252,16300180
NHCI.NH,20201104,1452.2922,1446.303,1458.6764,1441.7706,1437.33,14.9623,0.0104,19365576,15989226
NHCI.NH,20201103,1437.33,1427.6552,1443.2859,1427.6552,1422.969,14.361,0.0101,17303868,15819820
NHCI.NH,20201102,1422.969,1428.5907,1434.1823,1410.5503,1423.7481,-0.7791,-0.0005,19640932,15847440
NHCI.NH,20201030,1423.7481,1426.0563,1445.8311,1419.0875,1443.8168,-20.0687,-0.0139,25987880,15802360
NHCI.NH,20201029,1443.8168,1458.3093,1458.3093,1439.6298,1473.1085,-29.2918,-0.0199,21206094,15774587
NHCI.NH,20201028,1473.1085,1463.7571,1476.7168,1455.7157,1463.7948,9.3137,0.0064,19525656,15927507
NHCI.NH,20201027,1463.7948,1458.5822,1466.2328,1458.311,1457.5396,6.2553,0.0043,15607076,15660040
NHCI.NH,20201026,1457.5396,1472.9231,1472.9231,1455.9226,1470.8964,-13.3568,-0.0091,19318346,15625531
NHCI.NH,20201023,1470.8964,1484.3782,1487.3825,1470.788,1484.4147,-13.5183,-0.0091,18688632,15612841
NHCI.NH,20201022,1484.4147,1491.1105,1491.1105,1478.1497,1490.3671,-5.9524,-0.004,18618028,15546085
NHCI.NH,20201021,1490.3671,1482.434,1493.168,1482.434,1481.5426,8.8245,0.006,21126206,15837428
NHCI.NH,20201020,1481.5426,1476.1268,1481.932,1471.1016,1474.9047,6.6379,0.0045,16680583,15136992
NHCI.NH,20201019,1474.9047,1477.1849,1489.1953,1468.7749,1476.4553,-1.5507,-0.0011,21327316,15080263
NHCI.NH,20201016,1476.4553,1465.0675,1482.1373,1465.0675,1472.2891,4.1663,0.0028,20243180,14972681
NHCI.NH,20201015,1472.2891,1473.7938,1475.4956,1467.6675,1470.5514,1.7377,0.0012,18266292,14748807
NHCI.NH,20201014,1470.5514,1475.3763,1475.3763,1463.6852,1474.8046,-4.2532,-0.0029,16743316,14604381
NHCI.NH,20201013,1474.8046,1480.9102,1480.9102,1468.6144,1480.533,-5.7284,-0.0039,15694757,14085183
NHCI.NH,20201012,1480.533,1471.693,1482.839,1471.5571,1470.4703,10.0626,0.0068,16770586,13923630
NHCI.NH,20201009,1470.4703,1446.7611,1472.4288,1446.7611,1427.0105,43.4598,0.0305,9620751,12951543
NHCI.NH,20200930,1427.0105,1434.8678,1434.8678,1422.2915,1435.5364,-8.5259,-0.0059,14569768,12809358
NHCI.NH,20200929,1435.5364,1431.1675,1435.6028,1427.689,1426.6333,8.9031,0.0062,13893943,13397061
NHCI.NH,20200928,1426.6333,1430.2929,1435.8893,1421.7653,1431.6017,-4.9684,-0.0035,16921598,13899087
NHCI.NH,20200925,1431.6017,1423.1959,1434.8628,1423.1959,1424.2814,7.3203,0.0051,17758548,13932697
NHCI.NH,20200924,1424.2814,1432.8645,1432.8645,1418.7578,1431.8916,-7.6102,-0.0053,19909492,14240947
NHCI.NH,20200923,1431.8916,1444.2576,1444.2576,1420.8326,1443.5201,-11.6285,-0.0081,20664020,14404091
NHCI.NH,20200922,1443.5201,1465.3672,1465.3672,1441.0011,1468.1901,-24.6699,-0.0168,23455862,14531524
NHCI.NH,20200921,1468.1901,1480.2324,1482.3496,1467.0837,1481.9474,-13.7573,-0.0093,17001516,14904070
NHCI.NH,20200918,1481.9474,1459.9008,1483.5768,1459.9008,1461.1726,20.7748,0.0142,17425852,14573882
NHCI.NH,20200917,1461.1726,1466.3481,1467.0851,1460.4096,1465.7473,-4.5747,-0.0031,12154499,14700825
NHCI.NH,20200916,1465.7473,1470.4873,1476.1499,1460.2896,1467.4396,-1.6923,-0.0012,17076696,14442240
NHCI.NH,20200915,1467.4396,1472.002,1477.2936,1466.4103,1473.1462,-5.7067,-0.0039,15064894,14662125
NHCI.NH,20200914,1473.1462,1459.5407,1475.0957,1459.5407,1459.4854,13.6609,0.0094,14175156,14244338
NHCI.NH,20200911,1459.4854,1455.5891,1461.095,1453.0031,1456.6242,2.8612,0.002,15226623,14135218
NHCI.NH,20200910,1456.6242,1461.4275,1471.355,1456.2942,1456.048,0.5762,0.0004,15350128,13906712
NHCI.NH,20200909,1456.048,1486.8212,1486.8212,1455.8047,1499.3638,-43.3158,-0.0289,21768900,13937647
NHCI.NH,20200908,1499.3638,1499.1957,1507.0575,1498.4659,1498.7677,0.5961,0.0004,13437754,14196956
NHCI.NH,20200907,1498.7677,1508.7435,1510.3622,1494.7722,1508.403,-9.6353,-0.0064,16816600,14175297
NHCI.NH,20200904,1508.403,1512.5807,1512.5807,1498.9854,1513.5192,-5.1162,-0.0034,17836816,14074437
NHCI.NH,20200903,1513.5192,1525.8098,1525.9556,1511.2678,1525.9268,-12.4076,-0.0081,16351232,14400801
NHCI.NH,20200902,1525.9268,1530.1195,1530.1195,1520.0425,1529.528,-3.6012,-0.0024,13607899,14404149
NHCI.NH,20200901,1529.528,1524.4335,1530.2112,1517.0536,1523.5277,6.0002,0.0039,13033685,14389743
NHCI.NH,20200831,1523.5277,1509.5619,1528.1877,1509.5619,1508.907,14.6207,0.0097,15479274,14026703
NHCI.NH,20200828,1508.907,1500.9286,1509.316,1497.4857,1501.5764,7.3306,0.0049,17103138,14069926
NHCI.NH,20200827,1501.5764,1500.8933,1507.2358,1499.7451,1501.5358,0.0407,0.0,13740780,13948354
NHCI.NH,20200826,1501.5358,1495.9992,1501.8507,1495.9992,1493.6802,7.8556,0.0053,14260970,14064514
NHCI.NH,20200825,1493.6802,1495.1395,1500.1338,1487.4685,1493.0586,0.6216,0.0004,14594661,13894040
NHCI.NH,20200824,1493.0586,1489.7828,1494.9468,1488.4716,1491.4905,1.5681,0.0011,15638530,13973289
NHCI.NH,20200821,1491.4905,1496.2194,1498.125,1487.7,1495.5975,-4.1071,-0.0027,14792018,13907514
NHCI.NH,20200820,1495.5975,1507.4757,1507.4757,1493.4435,1507.129,-11.5315,-0.0077,17937506,14191418
NHCI.NH,20200819,1507.129,1506.3804,1512.0147,1505.5792,1503.9967,3.1323,0.0021,18046350,14347025
NHCI.NH,20200818,1503.9967,1497.9077,1511.1378,1497.9077,1498.4675,5.5292,0.0037,14960357,14496531
NHCI.NH,20200817,1498.4675,1490.1272,1501.0872,1490.1272,1493.2065,5.261,0.0035,17571644,14461508
NHCI.NH,20200814,1493.2065,1492.2345,1495.9651,1490.009,1490.6666,2.5399,0.0017,17103120,14511201
NHCI.NH,20200813,1490.6666,1490.9104,1491.4965,1484.5427,1489.0136,1.6531,0.0011,16452251,14498766
NHCI.NH,20200812,1489.0136,1497.3296,1497.3296,1475.9401,1496.4636,-7.4501,-0.005,17132856,14739312
NHCI.NH,20200811,1496.4636,1501.2682,1508.8243,1493.6055,1500.7256,-4.262,-0.0028,17297432,14906455
NHCI.NH,20200810,1500.7256,1503.0859,1503.0859,1487.6594,1502.0642,-1.3386,-0.0009,18441072,15176191
NHCI.NH,20200807,1502.0642,1504.0459,1510.8417,1492.9847,1502.5,-0.4358,-0.0003,19195350,15404322
NHCI.NH,20200806,1502.5,1498.6388,1503.5457,1490.9425,1489.1812,13.3189,0.0089,18668322,15301499
NHCI.NH,20200805,1489.1812,1481.4402,1491.2183,1481.4402,1485.507,3.6742,0.0025,17114680,15353923
NHCI.NH,20200804,1485.507,1481.7324,1488.1965,1481.1747,1476.9327,8.5742,0.0058,12539905,15090482
NHCI.NH,20200803,1476.9327,1477.4736,1478.8657,1466.4104,1478.5436,-1.6108,-0.0011,16345735,15079862
NHCI.NH,20200731,1478.5436,1475.7,1480.3373,1470.4476,1478.2631,0.2805,0.0002,19148804,14777276
NHCI.NH,20200730,1478.2631,1481.8943,1485.6726,1476.1389,1480.8242,-2.5612,-0.0017,15671871,14859498
NHCI.NH,20200729,1480.8242,1467.6907,1481.5586,1467.6907,1470.0217,10.8025,0.0073,15571665,14697697
NHCI.NH,20200728,1470.0217,1478.5038,1486.3534,1465.3529,1475.5247,-5.5029,-0.0037,18238616,14818220
NHCI.NH,20200727,1475.5247,1474.7002,1482.6957,1470.9771,1472.8031,2.7216,0.0018,18104388,14842686
NHCI.NH,20200724,1472.8031,1483.2128,1489.7144,1462.767,1486.4102,-13.6071,-0.0092,21037896,14950453
NHCI.NH,20200723,1486.4102,1477.2802,1486.5736,1471.4495,1480.0632,6.3469,0.0043,17229862,14962672
NHCI.NH,20200722,1480.0632,1480.449,1491.9226,1476.8286,1470.656,9.4072,0.0064,16362253,15063727
NHCI.NH,20200721,1470.656,1453.3989,1471.9249,1453.3989,1452.3247,18.3313,0.0126,15074614,14822689
NHCI.NH,20200720,1452.3247,1461.8134,1461.8134,1449.1998,1460.9928,-8.6681,-0.0059,15214991,14679246
NHCI.NH,20200717,1460.9928,1457.6943,1464.1094,1455.4565,1456.1447,4.8482,0.0033,15772330,14506290
NHCI.NH,20200716,1456.1447,1474.954,1474.954,1451.6556,1473.1791,-17.0344,-0.0116,16482173,14453897
NHCI.NH,20200715,1473.1791,1468.0888,1475.903,1468.0888,1469.1954,3.9837,0.0027,14412722,14659505
NHCI.NH,20200714,1469.1954,1471.3445,1471.3445,1457.1605,1471.5418,-2.3463,-0.0016,15586520,14663421
NHCI.NH,20200713,1471.5418,1449.1951,1476.4221,1449.1951,1444.7124,26.8294,0.0186,16020795,14657084
NHCI.NH,20200710,1444.7124,1465.375,1465.375,1443.4075,1464.8881,-20.1757,-0.0138,16489398,14898360
NHCI.NH,20200709,1464.8881,1459.5504,1466.6536,1459.5504,1456.5901,8.298,0.0057,13445711,14790618
NHCI.NH,20200708,1456.5901,1441.5049,1458.0879,1441.5049,1439.901,16.6891,0.0116,12932062,14683233
NHCI.NH,20200707,1439.901,1443.8988,1451.4541,1437.2177,1442.7712,-2.8702,-0.002,13822876,14611462
NHCI.NH,20200706,1442.7712,1435.4193,1445.2274,1430.9304,1436.0905,6.6808,0.0047,14213979,14533449
NHCI.NH,20200703,1436.0905,1429.7832,1437.1388,1429.7832,1429.6248,6.4657,0.0045,12947904,14369347
NHCI.NH,20200702,1429.6248,1419.8992,1432.5971,1419.0768,1421.601,8.0238,0.0056,14439520,14415588
NHCI.NH,20200701,1421.601,1418.4963,1424.0105,1415.8082,1418.8691,2.7318,0.0019,12790366,14322618
NHCI.NH,20200630,1418.8691,1411.5034,1423.6711,1411.5034,1406.0828,12.7864,0.0091,10577960,14064621
NHCI.NH,20200629,1406.0828,1436.0551,1414.7085,1404.1255,1436.0551,-29.9723,-0.0209,11405721,14156553
NHCI.NH,20200624,1436.0551,1435.0822,1437.5302,1433.295,1433.6792,2.3759,0.0017,9905350,13902440
NHCI.NH,20200623,1433.6792,1430.891,1438.9028,1429.0894,1431.8846,1.7946,0.0013,13700925,14390923
NHCI.NH,20200622,1431.8846,1446.1793,1446.1793,1429.4606,1442.1127,-10.228,-0.0071,14232025,14556773
NHCI.NH,20200619,1442.1127,1430.4369,1443.0916,1430.4369,1428.5033,13.6094,0.0095,13832450,14622206
NHCI.NH,20200618,1428.5033,1424.9587,1429.6808,1422.3453,1425.9603,2.543,0.0018,12648753,14375197
NHCI.NH,20200617,1425.9603,1432.2308,1432.2308,1418.6604,1426.588,-0.6277,-0.0004,14443642,14448755
NHCI.NH,20200616,1426.588,1396.1725,1428.3937,1396.1725,1397.2736,29.3145,0.021,13619600,14308160
NHCI.NH,20200615,1397.2736,1417.2372,1417.2372,1396.0429,1416.363,-19.0895,-0.0135,17770380,14492089
NHCI.NH,20200612,1416.363,1420.757,1420.757,1394.5429,1426.9989,-10.6359,-0.0075,18828382,14518034
NHCI.NH,20200611,1426.9989,1434.3939,1439.571,1422.0383,1433.4431,-6.4442,-0.0045,16850182,14717845
NHCI.NH,20200610,1433.4431,1439.0088,1443.9729,1430.0797,1440.6818,-7.2386,-0.005,13627096,14891108
NHCI.NH,20200609,1440.6818,1442.4186,1442.4186,1436.2855,1446.0983,-5.4165,-0.0037,15663315,14823067
NHCI.NH,20200608,1446.0983,1435.475,1452.0054,1435.475,1429.4866,16.6117,0.0116,19087604,14818714
NHCI.NH,20200605,1429.4866,1416.7202,1430.3331,1416.7202,1417.9363,11.5503,0.0081,14902995,14722721
NHCI.NH,20200604,1417.9363,1430.7524,1433.6986,1417.6057,1434.2983,-16.3621,-0.0114,18503152,14724819
NHCI.NH,20200603,1434.2983,1420.4907,1436.1111,1420.4907,1419.1222,15.1762,0.0107,17880988,14812821
NHCI.NH,20200602,1419.1222,1413.4996,1422.3097,1412.6688,1414.3096,4.8126,0.0034,15442556,14726570
NHCI.NH,20200601,1414.3096,1398.7502,1420.2118,1398.7502,1399.5399,14.7697,0.0106,18627106,14525554
NHCI.NH,20200529,1399.5399,1387.0886,1399.7052,1387.0886,1386.1019,13.438,0.0097,15786989,14336627
NHCI.NH,20200528,1386.1019,1384.2419,1388.7022,1380.4512,1383.7793,2.3226,0.0017,15527306,14142375
NHCI.NH,20200527,1383.7793,1385.246,1387.7717,1377.6606,1385.8141,-2.0348,-0.0015,16254196,14194309
NHCI.NH,20200526,1385.8141,1386.5483,1389.8828,1382.6831,1386.371,-0.5569,-0.0004,12712673,14073612
NHCI.NH,20200525,1386.371,1373.4902,1390.7721,1376.6576,1373.4902,12.8807,0.0094,15342919,13936852
NHCI.NH,20200522,1373.4902,1398.9573,1398.9573,1369.8478,1398.3324,-24.8422,-0.0178,19734496,13936130
NHCI.NH,20200521,1398.3324,1389.885,1399.8557,1389.885,1387.8389,10.4935,0.0076,14905052,14106394
NHCI.NH,20200520,1387.8389,1385.0324,1391.0148,1384.3102,1384.3521,3.4868,0.0025,14851278,14050393
NHCI.NH,20200519,1384.3521,1376.5337,1391.4586,1376.5337,1374.0337,10.3184,0.0075,15203005,14020437
NHCI.NH,20200518,1374.0337,1357.1631,1380.7501,1357.1631,1354.9766,19.0571,0.0141,16379587,13933583
NHCI.NH,20200515,1354.9766,1335.5864,1358.2457,1335.5864,1335.6333,19.3433,0.0145,14013515,13865371
NHCI.NH,20200514,1335.6333,1341.1325,1341.1325,1327.6556,1340.3303,-4.697,-0.0035,12491132,13593437
NHCI.NH,20200513,1340.3303,1343.8179,1343.8179,1329.0502,1340.9205,-0.5902,-0.0004,13461420,13594214
NHCI.NH,20200512,1340.9205,1345.5576,1345.9551,1338.764,1345.8033,-4.8828,-0.0036,11030083,13485851
NHCI.NH,20200511,1345.8033,1350.2249,1353.32,1342.4672,1350.0077,-4.2044,-0.0031,14020963,13364975
NHCI.NH,20200508,1350.0077,1344.2029,1351.0881,1343.9533,1342.291,7.7167,0.0057,14143595,13233952
NHCI.NH,20200507,1342.291,1331.1877,1344.6245,1331.1877,1335.5521,6.7389,0.005,11921787,13122102
NHCI.NH,20200506,1335.5521,1342.9929,1342.994,1328.6198,1319.2656,16.2865,0.0123,9242471,12501834
NHCI.NH,20200430,1319.2656,1315.3798,1320.396,1309.4219,1301.6572,17.6084,0.0135,10134061,12403546
NHCI.NH,20200429,1301.6572,1297.2468,1305.4373,1295.6985,1289.3785,12.2787,0.0095,10189484,12819171
NHCI.NH,20200428,1289.3785,1297.5579,1297.683,1284.519,1304.665,-15.2865,-0.0117,13295875,13091040
NHCI.NH,20200427,1304.665,1311.3759,1318.323,1303.7866,1309.0743,-4.4093,-0.0034,12749774,13092449
NHCI.NH,20200424,1309.0743,1302.0267,1316.3888,1301.8129,1301.7482,7.3262,0.0056,11650966,13071315
NHCI.NH,20200423,1301.7482,1282.3695,1312.7581,1282.3695,1278.7701,22.978,0.018,14117212,13102889
NHCI.NH,20200422,1278.7701,1280.937,1280.937,1262.0559,1286.1497,-7.3795,-0.0057,14455084,13365471
NHCI.NH,20200421,1286.1497,1312.6829,1312.6829,1281.7396,1315.839,-29.6893,-0.0226,15068990,13495136
NHCI.NH,20200420,1315.839,1321.0188,1321.0188,1306.6389,1321.0558,-5.2168,-0.0039,11990259,13658642
NHCI.NH,20200417,1321.0558,1318.5282,1332.3988,1314.2372,1317.1664,3.8894,0.003,14426140,13650961
NHCI.NH,20200416,1317.1664,1327.8243,1331.2595,1315.5549,1328.9125,-11.7461,-0.0088,15084112,13797273
NHCI.NH,20200415,1328.9125,1334.882,1341.6897,1327.3113,1336.395,-7.4825,-0.0056,14041480,13755811
NHCI.NH,20200414,1336.395,1337.4543,1344.3373,1332.2564,1337.2062,-0.8112,-0.0006,16161901,13808990
NHCI.NH,20200413,1337.2062,1346.8004,1354.7112,1336.9955,1342.674,-5.4678,-0.0041,16011060,13744272
NHCI.NH,20200410,1342.674,1331.3096,1344.068,1325.5514,1334.8502,7.8237,0.0059,14338158,13454885
NHCI.NH,20200409,1334.8502,1322.2163,1335.7075,1322.2163,1319.7438,15.1065,0.0114,13634669,13489502
NHCI.NH,20200408,1319.7438,1308.7369,1325.2655,1296.1348,1310.6392,9.1046,0.0069,13624165,13393144
NHCI.NH,20200407,1310.6392,1287.4675,1313.9132,1287.4675,1287.3369,23.3023,0.0181,12294986,13232549
NHCI.NH,20200403,1287.3369,1296.9918,1301.7564,1277.2138,1293.2861,-5.9492,-0.0046,14314721,13129294
NHCI.NH,20200402,1293.2861,1258.4469,1295.038,1250.5523,1260.5286,32.7576,0.026,18572490,13668899
NHCI.NH,20200401,1260.5286,1278.9186,1279.5159,1257.7037,1278.2457,-17.7172,-0.0139,15889196,14007735
NHCI.NH,20200331,1278.2457,1266.2318,1287.3624,1266.2318,1263.6543,14.5914,0.0115,13489991,13799001
NHCI.NH,20200330,1263.6543,1281.2981,1281.2981,1259.9003,1286.4871,-22.8328,-0.0177,15972291,13861085
NHCI.NH,20200327,1286.4871,1287.7341,1295.1244,1279.4067,1286.2329,0.2542,0.0002,15633132,13624002
NHCI.NH,20200326,1286.2329,1298.1011,1298.1011,1283.9103,1299.1771,-12.9442,-0.01,14346862,13431301
NHCI.NH,20200325,1299.1771,1286.4979,1300.7344,1286.4979,1281.4209,17.7562,0.0139,14952273,13422573
NHCI.NH,20200324,1281.4209,1264.6868,1287.5271,1261.4425,1260.4345,20.9865,0.0167,16948700,13181632
NHCI.NH,20200323,1260.4345,1276.297,1276.297,1245.0811,1285.552,-25.1176,-0.0195,15213143,13040832
NHCI.NH,20200320,1285.552,1273.3247,1289.2993,1271.8923,1266.4192,19.1328,0.0151,16797196,12811456
NHCI.NH,20200319,1266.4192,1287.4484,1287.4484,1228.8792,1287.3654,-20.9462,-0.0163,21092240,13016505
NHCI.NH,20200318,1287.3654,1314.3809,1318.0032,1284.9155,1316.7334,-29.368,-0.0223,16816404,13390421
NHCI.NH,20200317,1316.7334,1319.7195,1320.3076,1305.9231,1321.6902,-4.9568,-0.0038,13374822,13314215
NHCI.NH,20200316,1321.6902,1342.945,1342.945,1321.3003,1345.645,-23.9548,-0.0178,13607767,13254607
NHCI.NH,20200313,1345.645,1336.4804,1345.8748,1307.3944,1339.9181,5.7269,0.0043,17542152,13326249
NHCI.NH,20200312,1339.9181,1353.8744,1353.8744,1326.047,1356.0085,-16.0905,-0.0119,14543027,13585931
NHCI.NH,20200311,1356.0085,1376.8351,1376.8351,1355.652,1375.1812,-19.1726,-0.0139,10786485,13598802
NHCI.NH,20200310,1375.1812,1361.5394,1381.7487,1356.6415,1368.6365,6.5447,0.0048,13912576,13571562
NHCI.NH,20200309,1368.6365,1385.7111,1385.7111,1355.5322,1402.3311,-33.6946,-0.024,12311635,13942434
NHCI.NH,20200306,1402.3311,1415.8596,1415.8596,1401.8444,1419.1754,-16.8444,-0.0119,10660778,14340069
NHCI.NH,20200305,1419.1754,1418.1056,1423.1337,1415.2518,1416.7518,2.4236,0.0017,10857365,14298870
NHCI.NH,20200304,1416.7518,1408.8837,1417.5796,1404.8265,1409.3781,7.3738,0.0052,11037433,14095315
NHCI.NH,20200303,1409.3781,1408.3772,1426.6901,1403.8792,1406.7601,2.6179,0.0019,12217224,14089408
NHCI.NH,20200302,1406.7601,1373.3467,1409.9042,1370.9161,1373.2242,33.5359,0.0244,14638550,13821382
NHCI.NH,20200228,1373.2242,1406.6924,1406.6924,1371.2474,1411.1331,-37.9088,-0.0269,16321734,13657163
NHCI.NH,20200227,1411.1331,1426.3102,1426.3102,1410.8468,1427.6335,-16.5005,-0.0116,10214059,13707447
NHCI.NH,20200226,1427.6335,1447.52,1447.52,1427.3057,1450.8691,-23.2356,-0.016,10789491,13631925
NHCI.NH,20200225,1450.8691,1451.5623,1451.6102,1436.7178,1451.5623,-0.6931,-0.0005,10179190,13524634
NHCI.NH,20200224,1451.5623,1461.4196,1461.4196,1445.5398,1462.6934,-11.1311,-0.0076,11079888,13695555
NHCI.NH,20200221,1462.6934,1462.1478,1467.42,1459.8234,1462.5673,0.1261,0.0001,10233515,13642369
NHCI.NH,20200220,1462.5673,1444.3864,1464.0389,1444.3864,1443.7417,18.8256,0.013,11980528,13561674
NHCI.NH,20200219,1443.7417,1436.6758,1446.0563,1436.6758,1437.5708,6.1709,0.0043,8614745,13554873
NHCI.NH,20200218,1437.5708,1445.6151,1446.8254,1435.5461,1445.747,-8.1762,-0.0057,9592583,13547788
NHCI.NH,20200217,1445.747,1432.3168,1446.423,1431.0957,1433.1934,12.5536,0.0088,9013935,13385356
NHCI.NH,20200214,1433.1934,1432.1201,1434.625,1426.8785,1432.5223,0.671,0.0005,8951120,13127169
NHCI.NH,20200213,1432.5223,1430.6132,1438.2114,1427.3132,1429.6603,2.8621,0.002,9930349,13072404
NHCI.NH,20200212,1429.6603,1426.5106,1433.6532,1419.9172,1426.0825,3.5778,0.0025,9854740,12875228
NHCI.NH,20200211,1426.0825,1412.3724,1433.7091,1412.2163,1412.4303,13.6522,0.0097,10610444,12608474
NHCI.NH,20200210,1412.4303,1415.2087,1417.7731,1407.4597,1418.4125,-5.9822,-0.0042,7661023,12480169
NHCI.NH,20200207,1418.4125,1418.798,1419.9451,1413.0693,1419.9085,-1.496,-0.0011,6747484,12295365
NHCI.NH,20200206,1419.9085,1409.8044,1421.9342,1409.6711,1408.0337,11.8748,0.0084,8491045,12049571
NHCI.NH,20200205,1408.0337,1407.8396,1416.4791,1403.3363,1408.585,-0.5513,-0.0004,8425616,11681982
NHCI.NH,20200204,1408.585,1390.4614,1411.3464,1376.158,1404.8849,3.7001,0.0026,9802201,11152481
NHCI.NH,20200203,1404.8849,1449.2285,1449.2285,1402.2505,1486.5596,-81.6747,-0.0549,6937030,11071491
NHCI.NH,20200123,1486.5596,1505.6383,1505.6383,1483.5621,1506.8562,-20.2966,-0.0135,9166994,11541488
NHCI.NH,20200122,1506.8562,1509.578,1509.578,1493.0941,1510.3705,-3.5143,-0.0023,10809290,12028741
NHCI.NH,20200121,1510.3705,1522.4584,1522.4584,1509.2892,1522.698,-12.3275,-0.0081,10075500,12459162
NHCI.NH,20200120,1522.698,1522.3346,1526.2239,1520.88,1523.32,-0.622,-0.0004,8549899,12807100
NHCI.NH,20200117,1523.32,1519.5075,1525.044,1519.5075,1519.0769,4.2431,0.0028,9046582,12981497
NHCI.NH,20200116,1519.0769,1518.7968,1524.7572,1517.5968,1518.4603,0.6166,0.0004,10868405,12991009
NHCI.NH,20200115,1518.4603,1523.2776,1523.2776,1517.8273,1522.7621,-4.3018,-0.0028,11021654,13127856
NHCI.NH,20200114,1522.7621,1525.8707,1525.8707,1519.4138,1526.4124,-3.6503,-0.0024,11835031,13327803
NHCI.NH,20200113,1526.4124,1529.8752,1532.7085,1525.8756,1530.1699,-3.7576,-0.0025,12605546,13520672
NHCI.NH,20200110,1530.1699,1527.8054,1532.1931,1524.9879,1526.6077,3.5623,0.0023,11391628,13323404
NHCI.NH,20200109,1526.6077,1548.9464,1548.9464,1525.7932,1552.4138,-25.8062,-0.0166,14294342,13328457
NHCI.NH,20200108,1552.4138,1540.6118,1558.4014,1540.6118,1541.6727,10.7411,0.007,13800833,13361795
NHCI.NH,20200107,1541.6727,1540.494,1541.7509,1534.4924,1542.9182,-1.2455,-0.0008,11390262,13175588
NHCI.NH,20200106,1542.9182,1531.9885,1543.6527,1531.9885,1531.7087,11.2095,0.0073,12525933,13030917
NHCI.NH,20200103,1531.7087,1527.9346,1540.1121,1527.9346,1528.0452,3.6636,0.0024,12072363,13010326
NHCI.NH,20200102,1528.0452,1531.9446,1534.9905,1525.6075,1531.4804,-3.4352,-0.0022,7775821,12808065
NHCI.NH,20191231,1531.4804,1532.9645,1533.3052,1529.6012,1532.0482,-0.5679,-0.0004,25814964,25791444
NHCI.NH,20191230,1532.0482,1527.6887,1535.3137,1527.6887,1530.0129,2.0353,0.0013,23305822,26183250
NHCI.NH,20191227,1530.0129,1525.452,1534.509,1525.452,1525.0359,4.9771,0.0033,24064406,26178120
NHCI.NH,20191226,1525.0359,1519.6429,1525.3379,1515.394,1519.4583,5.5776,0.0037,18850420,25928302
NHCI.NH,20191225,1519.4583,1519.0798,1523.3251,1519.0383,1519.78,-0.3218,-0.0002,17000228,25906094
NHCI.NH,20191224,1519.78,1519.48,1522.15,1513.0,1518.04,1.74,0.0011,21647154,25876634
NHCI.NH,20191223,1518.04,1517.43,1524.28,1515.99,1516.8,1.24,0.0008,23485104,25876130
NHCI.NH,20191220,1516.8,1518.26,1523.58,1515.8,1517.47,-0.67,-0.0004,22952306,26013960
NHCI.NH,20191219,1517.47,1511.92,1518.73,1510.49,1509.76,7.71,0.0051,23368610,26219610
NHCI.NH,20191218,1509.76,1517.78,1518.73,1509.17,1515.78,-6.02,-0.004,20957270,26510342
NHCI.NH,20191217,1515.78,1515.29,1519.87,1511.97,1514.37,1.41,0.0009,21850042,26592048
NHCI.NH,20191216,1514.37,1514.49,1522.79,1508.26,1513.95,0.42,0.0003,30722494,26868966
NHCI.NH,20191213,1513.95,1513.41,1516.31,1510.23,1514.02,-0.07,0.0,30398148,27101796
NHCI.NH,20191212,1514.02,1513.44,1514.93,1510.44,1513.75,0.27,0.0002,26494672,27070962
NHCI.NH,20191211,1513.75,1509.08,1515.75,1509.08,1508.51,5.24,0.0035,25517008,27216966
NHCI.NH,20191210,1509.2347,1507.34,1515.9207,1507.34,1508.6442,0.5906,0.0004,25399650,26960962
NHCI.NH,20191209,1508.6442,1488.4989,1515.8077,1488.4989,1488.0797,20.5645,0.0138,34557420,27208622
NHCI.NH,20191206,1488.0797,1483.3676,1489.6262,1483.3676,1482.8739,5.2058,0.0035,25917024,27157810
NHCI.NH,20191205,1482.8739,1479.3508,1486.2467,1479.3508,1477.4948,5.3792,0.0036,28048936,27119788
NHCI.NH,20191204,1477.4948,1475.7079,1479.2275,1472.1653,1475.7079,1.7869,0.0012,28732998,27446152
NHCI.NH,20191203,1475.7079,1475.7865,1476.6162,1473.9395,1475.7865,-0.0786,-0.0001,13448666,14537256
NHCI.NH,20191202,1475.7865,1473.2481,1476.4428,1465.7341,1473.2481,2.5385,0.0017,27037740,26500644
NHCI.NH,20191129,1473.2481,1473.8157,1474.9851,1469.3801,1473.8157,-0.5676,-0.0004,24234022,23335484
NHCI.NH,20191128,1473.8157,1473.4905,1474.2129,1468.4434,1473.4905,0.3252,0.0002,25800600,27067612
NHCI.NH,20191127,1473.4905,1477.7406,1479.8881,1473.314,1477.7406,-4.2501,-0.0029,25025064,27054930
NHCI.NH,20191126,1477.7406,1491.983,1491.7136,1472.3328,1491.983,-14.2424,-0.0095,30931692,27171022
NHCI.NH,20191125,1491.983,1475.4835,1494.1298,1478.5846,1475.4835,16.4995,0.0112,28878758,27201294
NHCI.NH,20191122,1475.4835,1471.3456,1477.3397,1472.3304,1471.3456,4.1379,0.0028,24459408,27670268
NHCI.NH,20191121,1471.3456,1469.5956,1471.7802,1466.426,1469.5956,1.75,0.0012,27604380,27955834
NHCI.NH,20191120,1469.5956,1465.1117,1472.2366,1463.6115,1465.1117,4.4839,0.0031,28913762,28268182
NHCI.NH,20191119,1465.1117,1458.2931,1465.3152,1453.9113,1458.2931,6.8186,0.0047,28103432,28272476
NHCI.NH,20191118,1458.2931,1455.4695,1461.4275,1453.3857,1455.4695,2.8236,0.0019,24216624,27771356
NHCI.NH,20191115,1455.4695,1458.334,1459.3417,1454.9872,1458.334,-2.8645,-0.002,27771664,27767988
NHCI.NH,20191114,1458.334,1449.9987,1458.8771,1447.5503,1449.9987,8.3353,0.0057,27396174,28249900
NHCI.NH,20191113,1449.9987,1454.7791,1454.8287,1447.9377,1454.7791,-4.7804,-0.0033,22801676,27803630
NHCI.NH,20191112,1454.7791,1443.0256,1455.488,1439.6473,1443.0256,11.7534,0.0081,28127852,27846110
NHCI.NH,20191111,1443.0256,1454.4564,1454.17,1442.5181,1454.4564,-11.4308,-0.0079,29272412,27966412
NHCI.NH,20191108,1454.4564,1462.6724,1463.1857,1454.21,1462.6724,-8.2159,-0.0056,25903286,27550796
NHCI.NH,20191107,1462.6724,1467.8009,1471.1521,1462.2114,1467.8009,-5.1285,-0.0035,27139888,27463740
NHCI.NH,20191106,1467.8009,1473.0093,1475.7799,1467.6433,1473.0093,-5.2084,-0.0035,26724542,27592430
NHCI.NH,20191105,1473.0093,1463.673,1473.3687,1462.3724,1463.6699,9.3394,0.0064,23121280,23991710
NHCI.NH,20191104,1463.6699,1462.398,1465.6733,1460.4617,1462.398,1.272,0.0009,20484944,27042552
NHCI.NH,20191101,1462.398,1462.8187,1462.8455,1452.7313,1462.8187,-0.4208,-0.0003,24128128,26772658
NHCI.NH,20191031,1462.8187,1466.3737,1467.8997,1461.5526,1466.3737,-3.5549,-0.0024,22587378,26530810
NHCI.NH,20191030,1466.3737,1462.9924,1467.0835,1459.4075,1462.9924,3.3812,0.0023,22754632,26614004
NHCI.NH,20191029,1462.9924,1462.5936,1466.8374,1458.3235,1462.5936,0.3988,0.0003,20869930,26339886
NHCI.NH,20191028,1462.5936,1468.2398,1473.0335,1459.6619,1468.2398,-5.6461,-0.0038,25026944,26651926
NHCI.NH,20191025,1468.2398,1464.3502,1469.1444,1461.8591,1464.3502,3.8895,0.0027,23937158,26653376
NHCI.NH,20191024,1464.3502,1455.9802,1464.6779,1455.9193,1455.9802,8.37,0.0057,22038582,26283734
NHCI.NH,20191023,1455.9802,1449.9153,1459.7822,1450.1249,1449.9153,6.0649,0.0042,23936752,26432698
NHCI.NH,20191022,1449.9153,1448.9498,1451.635,1443.7321,1449.2096,0.7057,0.0005,22068998,26130346
NHCI.NH,20191021,1449.2096,1450.0923,1452.3345,1442.2938,1450.0923,-0.8827,-0.0006,25148892,26005682
NHCI.NH,20191018,1450.0923,1446.9158,1450.8413,1438.0271,1446.9158,3.1765,0.0022,24711110,25281164
NHCI.NH,20191017,1446.9158,1450.2742,1450.4762,1442.2909,1450.2742,-3.3584,-0.0023,22382856,24862892
NHCI.NH,20191016,1450.2742,1464.6338,1466.5869,1448.6986,1464.6338,-14.3596,-0.0098,24226950,24771284
NHCI.NH,20191015,1464.6338,1470.6323,1467.9096,1458.8613,1470.6323,-5.9985,-0.0041,22401460,24167204
NHCI.NH,20191014,1470.6323,1473.0122,1484.9572,1470.2725,1473.0122,-2.3799,-0.0016,25535156,23643292
NHCI.NH,20191011,1473.0122,1476.6549,1482.7118,1471.1681,1475.7423,-2.7301,-0.0019,15669438,23191156
NHCI.NH,20191010,1475.7423,1470.7124,1476.2388,1469.0789,1470.7124,5.0299,0.0034,21956698,22616436
NHCI.NH,20191009,1470.7124,1469.4266,1478.9804,1469.5624,1469.4266,1.2858,0.0009,21857472,22231282
NHCI.NH,20191008,1469.4266,1462.9974,1474.1615,1461.9252,1470.2749,-0.8483,-0.0006,14242124,20294320
NHCI.NH,20190930,1470.2749,1465.4083,1478.2854,1467.7062,1465.4083,4.8666,0.0033,17901240,17029466
NHCI.NH,20190927,1465.4083,1475.5793,1474.9453,1462.6409,1475.5793,-10.171,-0.0069,21519174,20786742
NHCI.NH,20190926,1475.5793,1479.4592,1483.9716,1470.3458,1479.4592,-3.8799,-0.0026,23418108,19043746
NHCI.NH,20190925,1479.4592,1478.0541,1480.8158,1476.9128,1478.0541,1.4052,0.001,21090234,19481620
NHCI.NH,20190924,1478.0541,1492.5418,1496.5204,1477.3012,1492.5418,-14.4877,-0.0097,25317856,23246150
NHCI.NH,20190923,1492.5418,1479.3978,1493.8462,1479.3978,1479.3978,13.1439,0.0089,25425102,23191444
NHCI.NH,20190920,1479.3978,1484.723,1484.723,1476.9829,1484.723,-5.3252,-0.0036,21711688,23304298
NHCI.NH,20190919,1484.723,1500.7687,1500.9569,1484.0928,1500.7686,-16.0455,-0.0107,23493294,19748884
NHCI.NH,20190918,1500.7686,1513.6054,1513.6054,1499.1456,1513.6054,-12.8368,-0.0085,26505878,22931608
NHCI.NH,20190917,1513.6054,1509.4989,1520.7418,1507.8879,1509.4989,4.1065,0.0027,27730250,23166206
NHCI.NH,20190916,1509.4989,1517.6881,1517.9424,1508.8389,1499.3362,10.1627,0.0068,19067944,22831328
NHCI.NH,20190912,1499.3362,1492.3328,1499.7858,1489.1433,1492.3328,7.0034,0.0047,19138502,19598766
NHCI.NH,20190911,1492.3328,1489.6198,1494.6464,1486.6688,1489.6198,2.713,0.0018,21503706,20035864
NHCI.NH,20190910,1489.6198,1492.0043,1494.3632,1486.2163,1492.0043,-2.3845,-0.0016,23420888,23657868
NHCI.NH,20190909,1492.0043,1472.9784,1492.0463,1472.3063,1472.9784,19.0259,0.0129,31951302,24002182
NHCI.NH,20190906,1472.9784,1485.7566,1488.8195,1472.6532,1485.7566,-12.7782,-0.0086,30322038,23938122
NHCI.NH,20190905,1485.7566,1486.7824,1500.3135,1485.1558,1486.7824,-1.0258,-0.0007,32530944,24785444
NHCI.NH,20190904,1486.7824,1477.8995,1488.1871,1477.7982,1477.8995,8.8828,0.006,28613000,24192150
NHCI.NH,20190903,1477.8995,1471.868,1479.6162,1471.9104,1471.868,6.0315,0.0041,24072428,24146194
NHCI.NH,20190902,1471.868,1461.1178,1473.981,1461.1178,1461.1178,10.7502,0.0074,24874532,24548336
NHCI.NH,20190830,1461.1178,1444.8676,1461.5071,1444.8159,1444.8676,16.2503,0.0112,27393378,24770262
NHCI.NH,20190829,1444.8676,1448.6571,1452.236,1443.3944,1448.6571,-3.7896,-0.0026,25395760,25463156
NHCI.NH,20190828,1448.6571,1439.1315,1449.7244,1439.2451,1439.1315,9.5256,0.0066,26004194,24828054
NHCI.NH,20190827,1439.1315,1444.4523,1446.1779,1437.9784,1444.4523,-5.3208,-0.0037,25151962,24969216
NHCI.NH,20190826,1444.4523,1452.8103,1452.4799,1443.8855,1452.8103,-8.358,-0.0058,29506228,24635112
NHCI.NH,20190823,1452.8103,1447.8903,1453.9059,1441.3701,1447.8903,4.92,0.0034,23053236,24580078
NHCI.NH,20190822,1447.8903,1444.6942,1449.0714,1437.3868,1444.6942,3.1961,0.0022,24479228,24638190
NHCI.NH,20190821,1444.6942,1453.7338,1453.6693,1438.3643,1453.7338,-9.0396,-0.0062,21271206,20868500
NHCI.NH,20190820,1453.7338,1457.5512,1458.3441,1452.5523,1457.5512,-3.8174,-0.0026,19914436,24048478
NHCI.NH,20190819,1457.5512,1453.5811,1461.2385,1451.6365,1453.5811,3.9701,0.0027,20404264,23866348
NHCI.NH,20190816,1453.5811,1456.1997,1458.4663,1450.8655,1456.1997,-2.6187,-0.0018,23464572,23910674
NHCI.NH,20190815,1456.1997,1457.5053,1460.3397,1452.1265,1457.5053,-1.3055,-0.0009,23089708,20224000
NHCI.NH,20190814,1457.5053,1458.0877,1467.4463,1456.9807,1458.0877,-0.5824,-0.0004,35208472,24534762
NHCI.NH,20190813,1458.0877,1457.4895,1461.9995,1453.2084,1457.4895,0.5982,0.0004,26909004,24709464
NHCI.NH,20190812,1457.4895,1450.5845,1458.9689,1442.6251,1450.5845,6.905,0.0048,30666442,24412218
NHCI.NH,20190809,1450.5845,1458.6509,1464.3502,1441.1119,1458.6509,-8.0664,-0.0055,26746126,20970736
NHCI.NH,20190808,1458.6509,1453.554,1466.6195,1453.744,1453.554,5.0969,0.0035,31356308,25030308
NHCI.NH,20190807,1453.554,1462.0818,1467.2721,1451.3115,1463.1991,-9.6451,-0.0066,26912612,24764474
NHCI.NH,20190806,1463.1991,1461.1915,1469.1481,1459.8938,1461.1915,2.0076,0.0014,27072562,24560494
NHCI.NH,20190805,1461.1915,1471.0557,1471.1295,1459.8745,1471.0557,-9.8641,-0.0067,27732188,21001984
NHCI.NH,20190802,1471.0557,1480.5811,1479.8599,1459.1877,1480.5811,-9.5254,-0.0064,31418074,24483864
NHCI.NH,20190801,1480.5811,1493.6558,1493.6558,1480.5043,1493.6558,-13.0747,-0.0088,22467686,25113332
NHCI.NH,20190731,1493.6558,1494.316,1500.1194,1493.4624,1494.316,-0.6603,-0.0004,22948960,24933414
NHCI.NH,20190730,1494.316,1485.7063,1500.1365,1485.7063,1485.7063,8.6097,0.0058,18320844,21050110
NHCI.NH,20190729,1485.7063,1485.7063,1491.0398,1484.785,1490.8565,-5.1502,-0.0035,16859252,20803552
NHCI.NH,20190726,1490.8565,1485.9175,1491.8488,1483.9889,1485.9175,4.939,0.0033,20532804,20927790
NHCI.NH,20190725,1485.9175,1483.3013,1487.5564,1483.0659,1483.3013,2.6162,0.0018,23983830,24880756
NHCI.NH,20190724,1483.3013,1489.8243,1489.4236,1477.6852,1489.8243,-6.5231,-0.0044,28442550,24647742
NHCI.NH,20190723,1489.8243,1493.493,1497.817,1489.6979,1493.493,-3.6687,-0.0025,23149852,24778424
NHCI.NH,20190722,1493.493,1513.8026,1514.2972,1493.493,1510.3342,-16.8412,-0.0112,32922344,24381456
NHCI.NH,20190719,1510.3342,1504.4083,1510.7058,1498.3184,1504.4083,5.9259,0.0039,24902214,24324756
NHCI.NH,20190718,1504.4083,1505.4181,1509.7507,1503.4048,1505.4181,-1.0098,-0.0007,20829390,20601758
NHCI.NH,20190717,1505.4181,1506.4746,1506.8038,1498.6397,1506.4746,-1.0565,-0.0007,25354306,24186378
NHCI.NH,20190716,1506.4746,1506.4869,1509.3295,1503.0949,1506.4869,-0.0123,0.0,23765786,24126558
NHCI.NH,20190715,1506.4869,1491.693,1506.6906,1491.1875,1491.693,14.794,0.0099,25536046,23832850
NHCI.NH,20190712,1491.693,1496.2368,1496.5187,1489.7325,1496.2368,-4.5438,-0.003,24384326,23822756
NHCI.NH,20190711,1496.2368,1489.1118,1500.0768,1489.5062,1489.1118,7.125,0.0048,28049356,23557812
NHCI.NH,20190710,1489.1118,1485.7763,1489.9993,1482.0354,1485.7763,3.3356,0.0022,26466108,23450670
NHCI.NH,20190709,1485.7763,1490.3792,1499.6235,1482.7025,1490.3792,-4.6029,-0.0031,30970196,23425212
NHCI.NH,20190708,1490.3792,1480.9076,1492.7533,1480.9076,1480.9076,9.4716,0.0064,28509480,23180426
NHCI.NH,20190705,1480.9076,1487.4418,1490.8043,1475.3295,1489.8379,-8.9303,-0.006,29754844,23048592
NHCI.NH,20190704,1489.8379,1490.5872,1500.5189,1489.582,1490.5872,-0.7493,-0.0005,23925554,23319568
NHCI.NH,20190703,1490.5872,1498.4078,1498.221,1484.6174,1498.4078,-7.8207,-0.0052,32906836,23484674
NHCI.NH,20190702,1498.4078,1500.2545,1500.2767,1488.4408,1500.2545,-1.8467,-0.0012,22790700,19558062
NHCI.NH,20190701,1500.2545,1485.46,1502.1455,1485.7438,1485.46,14.7946,0.01,30065776,23668394
NHCI.NH,20190628,1485.46,1483.646,1494.6294,1483.6238,1483.646,1.814,0.0012,27320560,23282450
NHCI.NH,20190627,1483.646,1479.2947,1496.715,1482.995,1479.2947,4.3513,0.0029,31297472,23311098
NHCI.NH,20190626,1479.2947,1478.4657,1481.2383,1473.1932,1478.4657,0.829,0.0006,20627854,19037682
NHCI.NH,20190625,1478.4657,1468.8569,1479.4799,1471.2832,1474.9251,3.5406,0.0024,24819638,23044500
NHCI.NH,20190624,1474.9251,1468.8569,1477.3976,1468.554,1468.8569,6.0681,0.0041,26825434,22987646
NHCI.NH,20190621,1468.8569,1467.3458,1472.0593,1462.5158,1467.3458,1.5111,0.001,27486894,23238302
NHCI.NH,20190620,1467.3458,1453.8324,1468.9721,1454.0382,1453.8324,13.5134,0.0093,26053618,23088662
NHCI.NH,20190619,1453.8324,1442.53,1460.4548,1443.1353,1442.53,11.3024,0.0078,29717478,23034790
NHCI.NH,20190618,1442.53,1442.7407,1443.4952,1434.7965,1442.7407,-0.2107,-0.0001,21239632,23092452
NHCI.NH,20190617,1442.7407,1451.8495,1451.6899,1442.1877,1451.8495,-9.1088,-0.0063,22674384,23149746
NHCI.NH,20190614,1451.8495,1458.6685,1462.5963,1449.1471,1458.6685,-6.819,-0.0047,23631684,22740228
NHCI.NH,20190613,1458.6685,1442.1447,1458.6685,1440.1063,1442.1447,16.5238,0.0115,27556536,22864302
NHCI.NH,20190612,1442.1447,1458.1741,1457.8423,1441.0984,1458.1741,-16.0294,-0.011,24444032,22503890
NHCI.NH,20190611,1458.1741,1437.5037,1458.5376,1437.3147,1437.5037,20.6704,0.0144,25205202,22542934
NHCI.NH,20190610,1437.5037,1427.0388,1439.3347,1426.6085,1429.119,8.3846,0.0059,10419528,22083322
NHCI.NH,20190606,1429.119,1438.6893,1437.876,1410.8214,1438.6893,-9.5703,-0.0067,31288342,22184226
NHCI.NH,20190605,1438.6893,1439.5342,1443.9896,1436.1602,1439.5342,-0.8449,-0.0006,21801212,22768472
NHCI.NH,20190604,1439.5342,1432.2849,1439.894,1428.5161,1432.2849,7.2493,0.0051,26841722,22219708
NHCI.NH,20190603,1432.2849,1454.2655,1453.9535,1430.4388,1454.2655,-21.9806,-0.0151,27203646,22127544
NHCI.NH,20190531,1454.2655,1467.8746,1470.5953,1454.2655,1467.8746,-13.6091,-0.0093,19492346,21772872
NHCI.NH,20190530,1467.8746,1479.571,1480.0781,1465.6312,1479.571,-11.6964,-0.0079,23687356,21634880
NHCI.NH,20190529,1479.571,1477.6261,1480.0767,1470.1599,1477.6261,1.9449,0.0013,23078202,21522646
NHCI.NH,20190528,1477.6261,1474.0049,1482.1696,1472.2523,1474.0049,3.6212,0.0025,20519442,21256468
NHCI.NH,20190527,1474.0049,1472.2253,1482.2174,1471.4515,1472.2253,1.7795,0.0012,26288598,21254348
NHCI.NH,20190524,1472.2253,1468.5398,1472.2253,1459.8124,1468.5398,3.6856,0.0025,23175396,21226748
NHCI.NH,20190523,1468.5398,1482.4961,1482.4961,1467.6394,1482.4961,-13.9563,-0.0094,23324344,21353214
NHCI.NH,20190522,1482.4961,1494.3709,1494.3709,1475.9358,1494.3709,-11.8748,-0.0079,29140578,21489384
NHCI.NH,20190521,1494.3709,1477.1749,1494.8682,1474.2175,1477.1749,17.1959,0.0116,24010430,21410292
NHCI.NH,20190520,1477.1749,1474.8041,1478.9723,1473.343,1474.8041,2.3709,0.0016,21514240,21090138
NHCI.NH,20190517,1474.8041,1468.9036,1478.9572,1468.9036,1468.9036,5.9005,0.004,22491420,21027690
NHCI.NH,20190516,1468.9036,1451.8657,1470.898,1451.8657,1451.8657,17.0378,0.0117,23499076,20983542
NHCI.NH,20190515,1451.8657,1435.4147,1451.9788,1435.4147,1435.4147,16.4511,0.0115,17634746,20704172
NHCI.NH,20190514,1435.4147,1449.9862,1449.9862,1434.2251,1449.9862,-14.5715,-0.01,26287876,20732310
NHCI.NH,20190513,1449.9862,1455.3221,1456.6259,1447.3384,1455.3221,-5.3359,-0.0037,20018928,20394984
NHCI.NH,20190510,1455.3221,1449.6896,1457.7161,1449.6896,1449.6896,5.6326,0.0039,22659734,19857158
NHCI.NH,20190509,1449.6896,1450.8378,1451.0015,1445.5278,1450.8378,-1.1482,-0.0008,22382110,19925714
NHCI.NH,20190508,1450.8378,1457.3832,1457.3832,1447.5435,1457.3832,-6.5454,-0.0045,17486396,19544018
NHCI.NH,20190507,1457.3832,1440.5365,1461.3097,1440.5365,1440.5365,16.8467,0.0117,18576268,19263380
NHCI.NH,20190506,1440.5365,1434.387,1441.8453,1430.6384,1454.8981,-14.3616,-0.0099,14795246,18898382
NHCI.NH,20190430,1454.8981,1446.5175,1455.2352,1445.2672,1446.5175,8.3806,0.0058,17374668,19216096
NHCI.NH,20190429,1446.5175,1444.1231,1446.8943,1441.2839,1444.1231,2.3944,0.0017,16118574,20117764
NHCI.NH,20190426,1444.1231,1450.7658,1452.218,1440.4479,1450.7658,-6.6427,-0.0046,21187206,20652824
NHCI.NH,20190425,1450.7658,1449.9038,1459.7927,1449.2501,1449.9038,0.8619,0.0006,19802076,20680316
NHCI.NH,20190424,1449.9038,1457.6965,1457.6965,1447.8174,1457.6965,-7.7927,-0.0053,19464080,20880868
NHCI.NH,20190423,1457.6965,1455.1315,1460.6289,1455.1315,1455.1315,2.5651,0.0018,16171936,20850460
NHCI.NH,20190422,1455.1315,1449.4225,1464.298,1449.4225,1449.4225,5.709,0.0039,23722866,20935560
NHCI.NH,20190419,1449.4225,1441.22,1449.9783,1441.22,1441.22,8.2025,0.0057,19841714,21051592
NHCI.NH,20190418,1441.22,1458.8315,1458.8315,1440.9432,1458.8315,-17.6116,-0.0121,24457254,21466374
NHCI.NH,20190417,1458.8315,1461.426,1463.5349,1456.302,1461.426,-2.5945,-0.0018,19535672,21261536
NHCI.NH,20190416,1461.426,1470.6743,1470.9959,1460.0759,1470.745,-9.319,-0.0063,21862566,21302462
NHCI.NH,20190415,1470.745,1468.2445,1474.7509,1468.2445,1468.2445,2.5005,0.0017,24657728,21588606
NHCI.NH,20190412,1468.2445,1471.4303,1471.4303,1459.8261,1471.4303,-3.1858,-0.0022,25316946,21245206
NHCI.NH,20190411,1471.4303,1469.8341,1474.269,1463.9728,1469.8341,1.5962,0.0011,20369534,21256842
NHCI.NH,20190410,1469.8341,1468.9318,1472.484,1464.1917,1468.9318,0.9024,0.0006,19897996,21039004
NHCI.NH,20190409,1468.9318,1470.5719,1477.7247,1464.4974,1470.5719,-1.6401,-0.0011,21458420,20770686
NHCI.NH,20190408,1470.5719,1453.8164,1473.5106,1453.8164,1450.9224,19.6495,0.0135,20712732,20641268
NHCI.NH,20190404,1450.9224,1449.8925,1451.0612,1445.2521,1449.8925,1.0299,0.0007,19578392,20503718
NHCI.NH,20190403,1449.8925,1437.4176,1453.5671,1437.4176,1437.4176,12.4749,0.0087,21901836,20774452
NHCI.NH,20190402,1437.4176,1432.3059,1439.6747,1431.4071,1432.3059,5.1117,0.0036,20549566,20914296
NHCI.NH,20190401,1432.3059,1414.9459,1432.9316,1414.9459,1414.9459,17.36,0.0123,18113806,21306856
NHCI.NH,20190329,1414.9459,1403.687,1420.4869,1403.2345,1403.8591,11.0868,0.0079,22649242,21413902
NHCI.NH,20190328,1403.8591,1412.6318,1412.6318,1403.1335,1412.6318,-8.7727,-0.0062,20592020,21911302
NHCI.NH,20190327,1412.6318,1412.4238,1418.7835,1411.0483,1412.4238,0.208,0.0001,15333970,21571886
NHCI.NH,20190326,1412.4238,1409.8212,1417.1548,1409.8212,1409.8212,2.6027,0.0018,14739744,21372952
NHCI.NH,20190325,1409.8212,1426.9529,1426.9529,1409.7786,1426.9529,-17.1317,-0.012,18260342,21354380
NHCI.NH,20190322,1426.9529,1428.4271,1428.4271,1420.3923,1428.4271,-1.4742,-0.001,17370150,21115340
NHCI.NH,20190321,1428.4271,1422.4043,1432.4087,1422.4043,1422.4043,6.0228,0.0042,16942196,20979198
NHCI.NH,20190320,1422.4043,1427.8538,1427.8538,1417.6588,1427.8538,-5.4495,-0.0038,19588882,21223048
NHCI.NH,20190319,1427.8538,1423.7102,1430.9503,1422.9312,1423.7102,4.1436,0.0029,16960654,21262574
NHCI.NH,20190318,1423.7102,1426.7959,1430.4412,1422.3293,1426.7959,-3.0857,-0.0022,20257112,20937020
NHCI.NH,20190315,1426.7959,1434.0732,1434.0732,1420.4036,1434.0732,-7.2773,-0.0051,22703596,20620930
NHCI.NH,20190314,1434.0732,1428.1235,1438.4905,1428.1235,1428.1235,5.9497,0.0042,21530956,20590968
NHCI.NH,20190313,1428.1235,1433.3643,1437.2659,1427.3574,1433.3643,-5.2407,-0.0037,17210650,20258632
NHCI.NH,20190312,1433.3643,1420.9083,1434.5348,1420.9083,1420.9083,12.4559,0.0088,19368426,20184866
NHCI.NH,20190311,1420.9083,1425.7439,1426.1011,1419.2804,1425.7439,-4.8356,-0.0034,18998938,20061016
NHCI.NH,20190308,1425.7439,1438.924,1438.924,1425.0892,1438.924,-13.1801,-0.0092,20843314,19979122
NHCI.NH,20190307,1438.924,1437.391,1442.3302,1434.6045,1437.391,1.533,0.0011,21837930,20142986
NHCI.NH,20190306,1437.391,1440.2822,1443.6708,1435.0619,1440.2822,-2.8912,-0.002,21358176,20429478
NHCI.NH,20190305,1440.2822,1444.6903,1444.6903,1434.9729,1444.6903,-4.4081,-0.0031,19999206,19961174
NHCI.NH,20190304,1444.6903,1460.7647,1460.7647,1443.8368,1460.7647,-16.0743,-0.011,25395604,20402262
NHCI.NH,20190301,1460.7647,1437.0624,1460.8645,1437.0624,1437.0624,23.7023,0.0165,22401886,19967988
NHCI.NH,20190228,1437.0624,1430.8651,1438.4865,1430.8651,1430.8651,6.1973,0.0043,16582132,19762832
NHCI.NH,20190227,1430.8651,1435.2571,1440.5581,1428.8057,1435.2571,-4.392,-0.0031,17356976,19704202
NHCI.NH,20190226,1435.2571,1441.5043,1441.5043,1427.5929,1441.5043,-6.2472,-0.0043,21957588,19570874
NHCI.NH,20190225,1441.5043,1451.994,1459.4721,1441.3179,1451.994,-10.4898,-0.0072,21046072,19708016
NHCI.NH,20190222,1451.994,1442.186,1452.0067,1440.3884,1442.186,9.808,0.0068,18101382,19428910
NHCI.NH,20190221,1442.186,1441.7692,1451.2212,1439.74,1441.7692,0.4169,0.0003,19705458,19431140
NHCI.NH,20190220,1441.7692,1442.3984,1443.4784,1433.2114,1442.3984,-0.6293,-0.0004,21048094,19641716
NHCI.NH,20190219,1442.3984,1433.6477,1442.7296,1433.6477,1432.5413,9.8572,0.0069,17117414,19266914
NHCI.NH,20190218,1432.5413,1419.2997,1439.4679,1419.2997,1416.7252,15.816,0.0112,21585226,19201532
NHCI.NH,20190215,1416.7252,1428.5983,1428.5983,1414.1876,1428.5983,-11.8731,-0.0083,21588140,19000486
NHCI.NH,20190214,1428.5983,1423.4784,1429.3284,1422.2585,1423.4784,5.1199,0.0036,17840012,18512968
NHCI.NH,20190213,1423.4784,1433.0547,1433.0547,1418.9022,1433.0547,-9.5763,-0.0067,19827440,18040278
NHCI.NH,20190212,1433.0547,1434.5726,1440.3773,1431.3041,1434.5726,-1.5179,-0.0011,17908568,17846928
NHCI.NH,20190211,1434.5726,1432.879,1442.7395,1432.6567,1428.0587,6.5139,0.0046,12062306,16876298
NHCI.NH,20190201,1428.0587,1415.3367,1428.5142,1415.3367,1415.3367,12.7221,0.009,16017222,16289490
NHCI.NH,20190131,1415.3367,1401.8551,1416.6022,1401.8551,1401.8551,13.4816,0.0096,16918566,17006940
NHCI.NH,20190130,1401.8551,1391.7841,1411.4368,1391.7841,1391.7841,10.071,0.0072,19995470,17732120
NHCI.NH,20190129,1391.7841,1393.705,1395.8044,1386.0861,1393.705,-1.9209,-0.0014,17413912,17940148
NHCI.NH,20190128,1393.705,1392.0626,1409.3805,1391.3859,1392.0626,1.6423,0.0012,18583982,17749792
NHCI.NH,20190125,1392.0626,1387.5474,1399.4528,1387.5474,1387.5474,4.5153,0.0033,17844072,17930692
NHCI.NH,20190124,1387.5474,1388.4258,1390.9802,1382.329,1388.4258,-0.8784,-0.0006,17569856,17892628
NHCI.NH,20190123,1388.4258,1385.9891,1389.5127,1380.9243,1384.837,3.5887,0.0026,16375116,17755014
NHCI.NH,20190122,1384.837,1395.7778,1401.1967,1384.2888,1395.7778,-10.9408,-0.0078,20212670,17721708
NHCI.NH,20190121,1395.7778,1388.5565,1400.6776,1388.5565,1388.5565,7.2213,0.0052,22457258,18041608
NHCI.NH,20190118,1388.5565,1367.306,1389.0344,1367.306,1369.1453,19.4113,0.0142,19621640,17907250
NHCI.NH,20190117,1369.1453,1368.8173,1371.5706,1367.0153,1368.8173,0.328,0.0002,14473416,17319976
NHCI.NH,20190116,1368.8173,1361.4146,1370.464,1360.778,1361.4146,7.4027,0.0054,17339582,17188242
NHCI.NH,20190115,1361.4146,1361.7805,1363.2898,1355.8189,1361.7805,-0.366,-0.0003,15812654,16683718
NHCI.NH,20190114,1361.7805,1365.7869,1367.8118,1356.6488,1365.7869,-4.0064,-0.0029,16942180,16640462
NHCI.NH,20190111,1365.7869,1359.4752,1365.9347,1356.5342,1359.4752,6.3117,0.0046,16682162,16193020
NHCI.NH,20190110,1359.4752,1361.2382,1366.1599,1358.5505,1361.2382,-1.7629,-0.0013,16434876,16104726
NHCI.NH,20190109,1361.2382,1355.0179,1369.3705,1355.0179,1355.0179,6.2202,0.0046,16420556,15917626
NHCI.NH,20190108,1355.0179,1358.5892,1358.756,1351.0376,1358.5892,-3.5713,-0.0026,15703988,15871108
NHCI.NH,20190107,1358.5892,1351.4247,1360.228,1351.4247,1351.4247,7.1646,0.0053,16966842,15872052
NHCI.NH,20190104,1351.4247,1333.1945,1351.8311,1333.1945,1333.1945,18.2302,0.0137,20062464,15936222
NHCI.NH,20190103,1333.1945,1312.5625,1333.3361,1312.5625,1314.4473,18.7472,0.0143,17302318,15976618
NHCI.NH,20190102,1314.4473,1323.1574,1326.8417,1313.4464,1325.0085,-10.5613,-0.008,10272178,15712722
NHII.NH,20260430,4204.53,4192.09,4216.16,4178.52,4177.62,26.91,0.0064,11677417,15260451
NHII.NH,20260429,4177.62,4175.47,4178.45,4158.03,4173.83,3.79,0.0009,11180070,15707577
NHII.NH,20260428,4173.83,4161.19,4174.57,4130.03,4162.21,11.62,0.0028,13626386,15851090
NHII.NH,20260427,4162.21,4125.57,4169.28,4121.21,4122.9,39.31,0.0095,11840061,15727927
NHII.NH,20260424,4122.9,4115.69,4152.18,4112.95,4119.06,3.84,0.0009,10149524,15694383
NHII.NH,20260423,4119.06,4119.12,4138.61,4106.07,4098.67,20.39,0.005,12245371,15744540
NHII.NH,20260422,4098.67,4073.57,4108.07,4069.82,4065.42,33.25,0.0082,10773468,15740560
NHII.NH,20260421,4065.42,4073.26,4076.93,4051.7,4074.96,-9.54,-0.0023,11872748,15735410
NHII.NH,20260420,4074.96,4018.59,4078.23,4011.56,4084.45,-9.49,-0.0023,16177980,15799785
NHII.NH,20260417,4084.45,4088.18,4091.0,4068.82,4082.83,1.62,0.0004,12953251,15931646
NHII.NH,20260416,4082.83,4051.0,4084.43,4051.0,4047.58,35.25,0.0087,13835094,15956280
NHII.NH,20260415,4047.58,4042.72,4057.71,4019.91,4048.72,-1.14,-0.0003,13690628,15840327
NHII.NH,20260414,4048.72,4053.41,4057.61,4023.44,4045.62,3.1,0.0008,12777619,15734315
NHII.NH,20260413,4045.62,4000.13,4058.97,3988.53,4003.49,42.13,0.0105,13935581,15596363
NHII.NH,20260410,4003.49,4046.88,4046.88,3997.2,4028.85,-25.36,-0.0063,14078607,15515534
NHII.NH,20260409,4028.85,3992.97,4051.48,3989.53,4018.21,10.64,0.0026,13273818,15380325
NHII.NH,20260408,4018.21,4143.88,4154.12,3988.58,4144.65,-126.44,-0.0305,17937793,15219432
NHII.NH,20260407,4144.65,4164.63,4174.48,4144.65,4158.8,-14.15,-0.0034,12595267,15505429
NHII.NH,20260403,4158.8,4208.01,4209.75,4106.95,4147.44,11.36,0.0027,16463578,14981413
NHII.NH,20260402,4147.44,4082.26,4170.14,4062.55,4050.85,96.59,0.0238,17895181,14918243
NHII.NH,20260401,4050.85,4194.75,4199.58,4050.77,4182.83,-131.98,-0.0316,17728479,14675577
NHII.NH,20260331,4182.83,4243.49,4256.01,4171.23,4255.04,-72.21,-0.017,16074976,14630134
NHII.NH,20260330,4255.04,4239.62,4296.08,4233.11,4222.06,32.98,0.0078,16816956,14729875
NHII.NH,20260327,4222.06,4228.31,4237.26,4183.73,4197.4,24.66,0.0059,14628400,14717327
NHII.NH,20260326,4197.4,4192.34,4217.22,4165.49,4181.97,15.43,0.0037,15329279,14683522
NHII.NH,20260325,4181.97,4233.96,4246.7,4118.33,4213.15,-31.18,-0.0074,17345872,14331348
NHII.NH,20260324,4213.15,4237.5,4284.31,4203.9,4345.97,-132.82,-0.0306,19159434,14395842
NHII.NH,20260323,4345.97,4235.51,4358.77,4223.28,4220.17,125.8,0.0298,20789102,14790594
NHII.NH,20260320,4220.17,4217.62,4246.46,4164.98,4264.49,-44.32,-0.0104,18787020,14729882
NHII.NH,20260319,4264.49,4286.59,4323.32,4238.76,4191.72,72.77,0.0174,20741844,15071802
NHII.NH,20260318,4191.72,4233.97,4271.95,4167.19,4255.82,-64.1,-0.0151,18479243,15162536
NHII.NH,20260317,4255.82,4223.75,4287.43,4179.37,4273.97,-18.15,-0.0042,18294073,15051004
NHII.NH,20260316,4273.97,4212.61,4333.62,4194.88,4257.28,16.69,0.0039,20851973,15115953
NHII.NH,20260313,4257.28,4236.56,4303.2,4213.93,4204.8,52.48,0.0125,21898860,15195330
NHII.NH,20260312,4204.8,4153.83,4314.77,4130.12,4106.95,97.85,0.0238,25979019,15247488
NHII.NH,20260311,4106.95,4062.19,4115.37,3989.07,4058.3,48.65,0.012,19714241,15437550
NHII.NH,20260310,4058.3,4256.52,4256.52,3972.46,4179.67,-121.37,-0.029,26755625,15039280
NHII.NH,20260309,4179.67,4106.46,4230.28,4087.98,4005.41,174.26,0.0435,28660675,16005973
NHII.NH,20260306,4005.41,3966.94,4012.35,3908.28,3940.49,64.92,0.0165,24145701,16418635
NHII.NH,20260305,3940.49,3912.16,4064.29,3884.18,3928.64,11.85,0.003,29974899,16307780
NHII.NH,20260304,3928.64,3899.51,3954.58,3850.36,3851.6,77.04,0.02,27979242,16284835
NHII.NH,20260303,3851.6,3812.84,3857.35,3783.56,3783.93,67.67,0.0179,23973236,16733333
NHII.NH,20260302,3783.93,3714.94,3785.93,3693.77,3694.04,89.89,0.0243,20443638,16931903
NHII.NH,20260227,3694.04,3661.54,3695.07,3648.0,3683.23,10.81,0.0029,12258287,16524584
NHII.NH,20260226,3683.23,3711.25,3715.0,3670.53,3709.95,-26.72,-0.0072,11971808,16367998
NHII.NH,20260225,3709.95,3678.05,3718.18,3676.99,3679.15,30.8,0.0084,12089483,15945997
NHII.NH,20260224,3679.15,3661.97,3695.96,3649.91,3605.09,74.06,0.0205,9392559,15538450
NHII.NH,20260213,3605.09,3650.14,3658.82,3599.16,3659.21,-54.12,-0.0148,9781858,14964257
NHII.NH,20260212,3659.21,3690.18,3692.76,3658.01,3667.91,-8.7,-0.0024,9148789,15595043
NHII.NH,20260211,3667.91,3645.66,3675.3,3640.86,3645.09,22.82,0.0063,9347388,15962244
NHII.NH,20260210,3645.09,3645.48,3657.66,3627.12,3634.91,10.18,0.0028,10724135,16086203
NHII.NH,20260209,3634.91,3622.89,3645.29,3601.17,3623.58,11.33,0.0031,13587154,16068893
NHII.NH,20260206,3623.58,3634.67,3651.22,3591.44,3644.42,-20.84,-0.0057,15155692,15998953
NHII.NH,20260205,3644.42,3690.46,3692.65,3632.39,3702.57,-58.15,-0.0157,15110797,16046741
NHII.NH,20260204,3702.57,3657.32,3706.77,3655.26,3644.59,57.98,0.0159,16144732,16159944
NHII.NH,20260203,3644.59,3635.63,3661.71,3612.17,3594.36,50.23,0.014,16643545,15937013
NHII.NH,20260202,3594.36,3717.35,3759.73,3588.82,3710.33,-115.97,-0.0313,24002154,15796169
NHII.NH,20260130,3710.33,3790.83,3868.14,3687.46,3773.37,-63.04,-0.0167,27099138,16511817
NHII.NH,20260129,3773.37,3710.3,3782.5,3695.29,3705.54,67.83,0.0183,18511535,16884509
NHII.NH,20260128,3705.54,3659.33,3712.61,3649.45,3660.54,45.0,0.0123,16753270,16898729
NHII.NH,20260127,3660.54,3692.99,3692.99,3638.15,3689.42,-28.88,-0.0078,15907290,16749245
NHII.NH,20260126,3689.42,3680.29,3703.68,3659.89,3660.83,28.59,0.0078,19692604,17000880
NHII.NH,20260123,3660.83,3606.07,3660.93,3600.89,3624.02,36.81,0.0102,17112079,16937468
NHII.NH,20260122,3624.02,3601.49,3624.29,3595.4,3596.59,27.43,0.0076,13600580,16598533
NHII.NH,20260121,3596.59,3594.68,3606.54,3571.02,3586.63,9.96,0.0028,13316410,16406375
NHII.NH,20260120,3586.63,3602.62,3606.95,3578.21,3604.8,-18.17,-0.005,13727483,16274792
NHII.NH,20260119,3604.8,3628.85,3634.25,3602.59,3621.64,-16.84,-0.0047,14301894,16152691
NHII.NH,20260116,3621.64,3662.2,3676.81,3613.99,3672.4,-50.76,-0.0138,18978918,16375328
NHII.NH,20260115,3672.4,3709.09,3719.42,3647.89,3680.51,-8.11,-0.0022,19646557,16586107
NHII.NH,20260114,3680.51,3667.79,3705.89,3665.65,3651.95,28.56,0.0078,18277721,16523446
NHII.NH,20260113,3651.95,3675.09,3688.3,3632.27,3674.29,-22.34,-0.0061,18725995,16526601
NHII.NH,20260112,3674.29,3641.21,3676.49,3621.71,3635.84,38.45,0.0106,19827150,16513044
NHII.NH,20260109,3635.84,3614.53,3641.69,3574.37,3603.79,32.05,0.0089,18794789,16077333
NHII.NH,20260108,3603.79,3660.45,3673.24,3579.59,3657.23,-53.44,-0.0146,22200583,16137470
NHII.NH,20260107,3657.23,3616.94,3667.11,3606.99,3609.73,47.5,0.0132,24873787,15778868
NHII.NH,20260106,3609.73,3552.88,3612.84,3550.63,3544.39,65.34,0.0184,15812074,15333168
NHII.NH,20260105,3544.39,3550.46,3574.68,3538.23,3549.74,-5.35,-0.0015,10859793,14824911
NHII.NH,20251231,3549.74,3573.3,3579.57,3539.26,3561.07,-11.33,-0.0032,13921647,14290540
NHII.NH,20251230,3561.07,3535.17,3577.91,3525.67,3534.24,26.83,0.0076,15913238,15102390
NHII.NH,20251229,3534.24,3553.32,3573.26,3524.4,3558.94,-24.7,-0.0069,18546551,15326637
NHII.NH,20251226,3558.94,3532.91,3567.59,3516.86,3533.48,25.46,0.0072,18401545,15509403
NHII.NH,20251225,3533.48,3540.2,3542.67,3512.11,3543.43,-9.95,-0.0028,12501300,15680506
NHII.NH,20251224,3543.43,3519.8,3545.94,3496.63,3507.98,35.45,0.0101,16087622,15745469
NHII.NH,20251223,3507.98,3495.4,3515.23,3488.13,3493.62,14.36,0.0041,14349447,16051482
NHII.NH,20251222,3493.62,3464.51,3494.02,3455.66,3460.46,33.16,0.0096,14701934,16166173
NHII.NH,20251219,3460.46,3458.8,3465.37,3443.55,3463.38,-2.92,-0.0008,12237839,15993677
NHII.NH,20251218,3463.38,3432.64,3469.47,3430.61,3430.24,33.14,0.0097,14070523,15745125
NHII.NH,20251217,3430.24,3412.68,3439.37,3401.39,3420.43,9.81,0.0029,11249342,16127855
NHII.NH,20251216,3420.43,3434.06,3435.68,3406.07,3436.31,-15.88,-0.0046,13646458,16364029
NHII.NH,20251215,3436.31,3413.38,3454.85,3409.38,3427.15,9.16,0.0027,16768355,16541342
NHII.NH,20251212,3427.15,3436.05,3445.68,3423.76,3434.53,-7.38,-0.0021,14822522,17209804
NHII.NH,20251211,3434.53,3459.35,3471.81,3432.3,3458.08,-23.55,-0.0068,14610390,17242172
NHII.NH,20251210,3458.08,3474.06,3478.01,3443.68,3453.72,4.36,0.0013,14373651,17249207
NHII.NH,20251209,3453.72,3495.58,3495.58,3449.3,3509.33,-55.61,-0.0158,13442802,17378055
NHII.NH,20251208,3509.33,3507.63,3512.71,3492.97,3511.97,-2.64,-0.0008,13161070,17371495
NHII.NH,20251205,3511.97,3523.24,3527.94,3509.87,3523.97,-12.0,-0.0034,11846416,17605879
NHII.NH,20251204,3523.97,3516.69,3524.96,3504.75,3509.24,14.73,0.0042,12056777,17541702
NHII.NH,20251203,3509.24,3522.47,3526.3,3497.69,3525.18,-15.94,-0.0045,11657577,17408347
NHII.NH,20251202,3525.18,3519.93,3526.56,3515.54,3526.23,-1.05,-0.0003,10933301,17218462
NHII.NH,20251201,3526.23,3496.63,3527.89,3487.27,3499.25,26.98,0.0077,13875167,17149980
NHII.NH,20251128,3499.25,3484.19,3500.56,3477.93,3481.81,17.44,0.005,12118525,16915122
NHII.NH,20251127,3481.81,3478.72,3483.91,3471.77,3478.0,3.81,0.0011,12465506,17160623
NHII.NH,20251126,3478.0,3471.94,3484.57,3457.86,3482.63,-4.63,-0.0013,13122782,17363625
NHII.NH,20251125,3482.63,3480.93,3496.73,3471.5,3480.25,2.38,0.0007,11133935,17389929
NHII.NH,20251124,3480.25,3459.9,3493.91,3447.37,3456.21,24.04,0.007,15489068,17563349
NHII.NH,20251121,3456.21,3490.82,3500.78,3451.43,3479.64,-23.43,-0.0067,14254589,17803396
NHII.NH,20251120,3479.64,3495.58,3497.38,3478.09,3509.36,-29.72,-0.0085,15778771,18097345
NHII.NH,20251119,3509.36,3510.31,3522.64,3500.54,3505.01,4.35,0.0012,13299057,18143743
NHII.NH,20251118,3505.01,3537.24,3539.98,3496.11,3531.97,-26.96,-0.0076,11390529,17961880
NHII.NH,20251117,3531.97,3518.17,3539.2,3511.47,3523.03,8.94,0.0025,12954816,18016952
NHII.NH,20251114,3523.03,3540.47,3546.18,3519.84,3534.28,-11.25,-0.0032,12501696,18168946
NHII.NH,20251113,3534.28,3540.71,3542.49,3510.18,3545.02,-10.74,-0.003,11939958,18053450
NHII.NH,20251112,3545.02,3527.21,3551.34,3526.55,3521.79,23.23,0.0066,9646673,18042642
NHII.NH,20251111,3521.79,3540.89,3545.8,3519.27,3543.72,-21.93,-0.0062,10134583,18032231
NHII.NH,20251110,3543.72,3530.97,3547.58,3518.91,3531.08,12.64,0.0036,13388681,17794377
NHII.NH,20251107,3531.08,3548.99,3548.99,3524.67,3546.5,-15.42,-0.0043,10148185,17568108
NHII.NH,20251106,3546.5,3529.07,3547.7,3515.97,3533.38,13.12,0.0037,11304315,17494966
NHII.NH,20251105,3533.38,3525.02,3538.89,3509.01,3534.2,-0.82,-0.0002,12452026,17289632
NHII.NH,20251104,3534.2,3559.97,3561.61,3532.06,3565.86,-31.66,-0.0089,10843307,17090485
NHII.NH,20251103,3565.86,3564.48,3580.47,3553.16,3556.67,9.19,0.0026,14396652,17011307
NHII.NH,20251031,3556.67,3567.07,3583.22,3551.14,3572.89,-16.22,-0.0045,11141193,16698014
NHII.NH,20251030,3572.89,3604.36,3612.61,3566.52,3606.61,-33.72,-0.0093,13610789,16735152
NHII.NH,20251029,3606.61,3563.49,3610.34,3563.2,3570.13,36.48,0.0102,12009602,16374340
NHII.NH,20251028,3570.13,3592.0,3598.73,3569.41,3595.45,-25.32,-0.007,11854349,16505490
NHII.NH,20251027,3595.45,3562.57,3596.2,3561.08,3562.25,33.2,0.0093,13629963,16500063
NHII.NH,20251024,3562.25,3567.4,3576.06,3550.18,3555.56,6.69,0.0019,11274448,16421188
NHII.NH,20251023,3555.56,3515.6,3559.57,3510.39,3514.73,40.83,0.0116,10828828,16183308
NHII.NH,20251022,3514.73,3491.73,3521.75,3480.78,3483.7,31.03,0.0089,9584707,16268878
NHII.NH,20251021,3483.7,3476.99,3499.48,3461.81,3478.1,5.6,0.0016,9946667,16275925
NHII.NH,20251020,3478.1,3476.25,3504.96,3476.25,3466.89,11.21,0.0032,11623607,16247202
NHII.NH,20251017,3466.89,3504.71,3508.42,3464.93,3509.05,-42.16,-0.012,11157102,16122204
NHII.NH,20251016,3509.05,3509.87,3510.98,3482.89,3502.24,6.81,0.0019,10292510,15972138
NHII.NH,20251015,3502.24,3492.56,3510.69,3485.43,3508.62,-6.38,-0.0018,9849911,15946397
NHII.NH,20251014,3508.62,3547.25,3551.28,3493.14,3546.48,-37.86,-0.0107,13109578,15727496
NHII.NH,20251013,3546.48,3569.02,3570.84,3523.97,3573.12,-26.64,-0.0075,13567500,15311379
NHII.NH,20251010,3573.12,3605.08,3620.66,3566.56,3596.46,-23.34,-0.0065,11422628,15214177
NHII.NH,20251009,3596.46,3576.97,3601.13,3565.72,3573.84,22.62,0.0063,9121136,14497839
NHII.NH,20250930,3573.84,3606.29,3606.66,3573.71,3610.89,-37.05,-0.0103,9771379,13740608
NHII.NH,20250929,3610.89,3628.74,3628.74,3599.43,3626.85,-15.96,-0.0044,11768710,14339209
NHII.NH,20250926,3626.85,3652.47,3652.7,3626.52,3658.15,-31.3,-0.0086,12159585,14927514
NHII.NH,20250925,3658.15,3634.35,3661.9,3630.78,3619.32,38.83,0.0107,12731070,15281391
NHII.NH,20250924,3619.32,3597.41,3634.93,3594.39,3583.16,36.16,0.0101,14924128,15366908
NHII.NH,20250923,3583.16,3605.47,3605.47,3573.54,3618.48,-35.32,-0.0098,11735812,15468673
NHII.NH,20250922,3618.48,3631.13,3641.19,3608.12,3630.65,-12.17,-0.0034,11913036,15394448
NHII.NH,20250919,3630.65,3630.68,3636.34,3617.59,3622.29,8.36,0.0023,10931839,15462806
NHII.NH,20250918,3622.29,3656.32,3662.92,3614.5,3664.1,-41.81,-0.0114,13153496,15330417
NHII.NH,20250917,3664.1,3673.81,3675.01,3651.88,3660.71,3.39,0.0009,10324931,15245355
NHII.NH,20250916,3660.71,3643.66,3678.45,3640.9,3634.79,25.92,0.0071,14528554,15237756
NHII.NH,20250915,3634.79,3615.73,3641.28,3608.22,3596.01,38.78,0.0108,12242526,15646793
NHII.NH,20250912,3596.01,3599.48,3602.42,3579.77,3609.51,-13.5,-0.0037,11789662,15802005
NHII.NH,20250911,3609.51,3604.4,3619.51,3595.91,3604.42,5.09,0.0014,10396195,15760423
NHII.NH,20250910,3604.42,3586.85,3614.16,3579.15,3593.15,11.27,0.0031,11185152,15579342
NHII.NH,20250909,3593.15,3610.61,3613.32,3589.18,3610.53,-17.38,-0.0048,10585615,15579744
NHII.NH,20250908,3610.53,3605.65,3612.55,3573.43,3612.46,-1.93,-0.0005,12899063,15499283
NHII.NH,20250905,3612.46,3582.97,3621.07,3575.29,3583.12,29.34,0.0082,12878727,15315036
NHII.NH,20250904,3583.12,3592.15,3592.7,3567.99,3602.48,-19.36,-0.0054,11351513,15392959
NHII.NH,20250903,3602.48,3598.5,3627.49,3596.99,3601.21,1.27,0.0004,9827577,15364682
NHII.NH,20250902,3601.21,3599.63,3616.65,3594.18,3591.67,9.54,0.0027,9848959,15238668
NHII.NH,20250901,3591.67,3616.13,3619.09,3569.64,3614.83,-23.16,-0.0064,13208880,15224077
NHII.NH,20250829,3614.83,3625.92,3627.03,3602.17,3621.35,-6.52,-0.0018,11743352,15132249
NHII.NH,20250828,3621.35,3612.91,3621.82,3595.46,3611.26,10.09,0.0028,11997500,15134769
NHII.NH,20250827,3611.26,3632.51,3648.71,3609.18,3638.62,-27.36,-0.0075,11437858,15260426
NHII.NH,20250826,3638.62,3667.58,3671.6,3636.31,3665.33,-26.71,-0.0073,11697399,15274686
NHII.NH,20250825,3665.33,3633.13,3674.88,3632.6,3630.95,34.38,0.0095,15841750,15314626
NHII.NH,20250822,3630.95,3616.14,3632.75,3609.2,3621.21,9.74,0.0027,11484342,15276652
NHII.NH,20250821,3621.21,3614.43,3634.36,3614.27,3610.11,11.1,0.0031,12994837,15353421
NHII.NH,20250820,3610.11,3621.19,3622.51,3579.79,3621.82,-11.71,-0.0032,17167877,15249990
NHII.NH,20250819,3621.82,3644.24,3647.55,3621.46,3640.41,-18.59,-0.0051,12751287,15618662
NHII.NH,20250818,3640.41,3655.44,3667.7,3623.52,3658.04,-17.63,-0.0048,14641044,15541680
NHII.NH,20250815,3658.04,3655.14,3674.8,3647.02,3650.38,7.66,0.0021,15382397,15646584
NHII.NH,20250814,3650.38,3675.49,3683.36,3637.61,3683.1,-32.72,-0.0089,14778623,15650978
NHII.NH,20250813,3683.1,3708.04,3716.12,3681.65,3713.92,-30.82,-0.0083,14340058,15560825
NHII.NH,20250812,3713.92,3677.96,3725.38,3674.64,3672.16,41.76,0.0114,16682872,15468463
NHII.NH,20250811,3672.16,3652.25,3676.71,3643.03,3644.95,27.21,0.0075,13329811,15496152
NHII.NH,20250808,3644.95,3672.24,3672.24,3640.75,3672.25,-27.3,-0.0074,11202708,15264804
NHII.NH,20250807,3672.25,3687.23,3693.37,3655.99,3679.31,-7.06,-0.0019,13690024,15117893
NHII.NH,20250806,3679.31,3671.85,3688.03,3656.35,3679.36,-0.05,0.0,12609911,15026673
NHII.NH,20250805,3679.36,3651.47,3689.52,3646.39,3668.63,10.73,0.0029,13751413,15076313
NHII.NH,20250804,3668.63,3681.54,3685.77,3630.32,3680.14,-11.51,-0.0031,13930562,15130745
NHII.NH,20250801,3680.14,3693.09,3709.13,3669.94,3694.96,-14.82,-0.004,15822078,15000871
NHII.NH,20250731,3694.96,3751.77,3754.7,3681.91,3758.81,-63.85,-0.017,19366496,15005137
NHII.NH,20250730,3758.81,3750.31,3804.81,3741.14,3744.06,14.75,0.0039,24586398,15130937
NHII.NH,20250729,3744.06,3719.8,3746.23,3702.47,3709.04,35.02,0.0094,19123054,15032231
NHII.NH,20250728,3709.04,3818.55,3818.55,3697.41,3823.66,-114.62,-0.03,28444140,14878165
NHII.NH,20250725,3823.66,3797.52,3825.24,3778.03,3793.68,29.98,0.0079,25008992,15371518
NHII.NH,20250724,3793.68,3744.37,3830.41,3726.45,3744.51,49.17,0.0131,25621058,15098692
NHII.NH,20250723,3744.51,3774.59,3786.12,3718.77,3774.48,-29.97,-0.0079,24194894,15280567
NHII.NH,20250722,3774.48,3720.79,3782.39,3706.69,3722.07,52.41,0.0141,24691162,15466465
NHII.NH,20250721,3722.07,3651.82,3738.03,3649.71,3640.04,82.03,0.0225,24364946,15971968
NHII.NH,20250718,3640.04,3620.3,3663.11,3620.19,3617.37,22.67,0.0063,15973880,16571237
NHII.NH,20250717,3617.37,3592.81,3617.91,3589.75,3604.32,13.05,0.0036,11910071,16638301
NHII.NH,20250716,3604.32,3608.33,3616.56,3594.88,3604.43,-0.11,0.0,10690778,16678882
NHII.NH,20250715,3604.43,3630.99,3634.1,3590.96,3633.84,-29.41,-0.0081,14831001,16669513
NHII.NH,20250714,3633.84,3611.31,3636.1,3610.78,3612.73,21.11,0.0058,13022992,16374010
NHII.NH,20250711,3612.73,3624.64,3629.35,3605.66,3630.72,-17.99,-0.005,16529304,16494401
NHII.NH,20250710,3630.72,3574.14,3637.4,3572.44,3574.6,56.12,0.0157,18198565,16375048
NHII.NH,20250709,3574.6,3564.12,3577.31,3562.46,3560.35,14.25,0.004,11597972,16715014
NHII.NH,20250708,3560.35,3548.98,3568.88,3545.17,3543.08,17.27,0.0049,10520396,16805719
NHII.NH,20250707,3543.08,3552.59,3559.0,3534.81,3557.51,-14.43,-0.0041,10791516,16933236
NHII.NH,20250704,3557.51,3571.08,3586.8,3555.36,3570.98,-13.47,-0.0038,13961403,16849881
NHII.NH,20250703,3570.98,3568.8,3580.01,3553.01,3560.57,10.41,0.0029,15355933,16748205
NHII.NH,20250702,3560.57,3524.09,3563.07,3514.06,3519.01,41.56,0.0118,17846654,16500687
NHII.NH,20250701,3519.01,3522.65,3524.07,3491.59,3523.57,-4.56,-0.0013,12512814,16612160
NHII.NH,20250630,3523.57,3533.88,3551.85,3518.58,3533.86,-10.29,-0.0029,14114373,16222301
NHII.NH,20250627,3533.86,3518.19,3543.21,3516.73,3518.77,15.09,0.0043,14128681,16158251
NHII.NH,20250626,3518.77,3504.28,3519.47,3496.3,3508.53,10.24,0.0029,12830673,16263024
NHII.NH,20250625,3508.53,3503.69,3509.77,3484.31,3510.37,-1.84,-0.0005,11691067,16349519
NHII.NH,20250624,3510.37,3597.35,3605.62,3505.45,3610.13,-99.76,-0.0276,18774984,16409696
NHII.NH,20250623,3610.13,3592.14,3640.31,3584.63,3593.71,16.42,0.0046,15379844,16474736
NHII.NH,20250620,3593.71,3606.06,3625.7,3585.33,3604.74,-11.03,-0.0031,16272268,16305647
NHII.NH,20250619,3604.74,3581.17,3605.61,3564.61,3578.23,26.51,0.0074,15575298,16267877
NHII.NH,20250618,3578.23,3535.69,3580.99,3528.03,3522.01,56.22,0.016,15195027,16222215
NHII.NH,20250617,3522.01,3517.59,3532.47,3494.17,3540.76,-18.75,-0.0053,13528240,16051196
NHII.NH,20250616,3540.76,3518.04,3542.4,3498.31,3507.97,32.79,0.0093,16073750,16130231
NHII.NH,20250613,3507.97,3451.7,3549.72,3440.35,3455.78,52.19,0.0151,19722666,16080360
NHII.NH,20250612,3455.78,3463.89,3477.2,3447.86,3455.16,0.62,0.0002,11205725,16252944
NHII.NH,20250611,3455.16,3446.22,3465.52,3441.14,3443.7,11.46,0.0033,11258006,16008733
NHII.NH,20250610,3443.7,3443.77,3462.25,3424.57,3437.64,6.06,0.0018,12702625,16006162
NHII.NH,20250609,3437.64,3430.14,3450.47,3425.56,3431.2,6.44,0.0019,14131175,16118424
NHII.NH,20250606,3431.2,3427.91,3449.38,3422.38,3409.91,21.29,0.0062,15263160,15847029
NHII.NH,20250605,3409.91,3431.75,3434.68,3394.7,3439.76,-29.85,-0.0087,13481668,16149985
NHII.NH,20250604,3439.76,3394.99,3445.14,3389.92,3385.02,54.74,0.0162,16369498,15800585
NHII.NH,20250603,3385.02,3406.77,3415.18,3380.66,3383.03,1.99,0.0006,11141972,16089838
NHII.NH,20250530,3383.03,3423.39,3423.54,3376.28,3436.82,-53.79,-0.0157,13984862,15972437
NHII.NH,20250529,3436.82,3410.7,3445.46,3395.24,3401.53,35.29,0.0104,16668089,16510152
NHII.NH,20250528,3401.53,3433.76,3434.44,3398.52,3434.97,-33.44,-0.0097,11778835,16255200
NHII.NH,20250527,3434.97,3451.3,3451.3,3418.92,3453.38,-18.41,-0.0053,13953930,16032242
NHII.NH,20250526,3453.38,3447.16,3473.32,3440.53,3452.21,1.17,0.0003,13305930,15833362
NHII.NH,20250523,3452.21,3473.35,3481.75,3451.12,3476.36,-24.15,-0.0069,10342384,15735112
NHII.NH,20250522,3476.36,3508.67,3509.75,3470.39,3510.81,-34.45,-0.0098,10964025,15485142
NHII.NH,20250521,3510.81,3494.32,3523.28,3488.6,3490.98,19.83,0.0057,10457129,15394669
NHII.NH,20250520,3490.98,3497.83,3508.71,3483.03,3496.62,-5.64,-0.0016,10480428,15397069
NHII.NH,20250519,3496.62,3495.81,3515.12,3488.61,3493.78,2.84,0.0008,12523708,15268227
NHII.NH,20250516,3493.78,3525.56,3530.53,3492.87,3525.32,-31.54,-0.0089,12379307,15088514
NHII.NH,20250515,3525.32,3567.69,3572.09,3522.27,3571.21,-45.89,-0.0129,13554738,14884355
NHII.NH,20250514,3571.21,3512.13,3574.99,3499.46,3498.53,72.68,0.0208,18117638,14915055
NHII.NH,20250513,3498.53,3539.14,3542.84,3488.6,3512.72,-14.19,-0.004,13743806,15111266
NHII.NH,20250512,3512.72,3458.43,3513.55,3444.92,3446.32,66.4,0.0193,15280870,14855774
NHII.NH,20250509,3446.32,3444.49,3463.45,3437.39,3438.11,8.21,0.0024,10294575,14932089
NHII.NH,20250508,3438.11,3458.7,3459.34,3429.46,3470.47,-32.36,-0.0093,13528841,14584922
NHII.NH,20250507,3470.47,3454.92,3504.71,3454.71,3445.43,25.04,0.0073,13487154,13816982
NHII.NH,20250506,3445.43,3454.15,3473.91,3438.16,3478.21,-32.78,-0.0094,8830704,13360314
NHII.NH,20250430,3478.21,3509.26,3511.71,3474.6,3513.5,-35.29,-0.01,11133379,12759300
NHII.NH,20250429,3513.5,3545.17,3545.17,3500.7,3546.91,-33.41,-0.0094,10954166,13512817
NHII.NH,20250428,3546.91,3525.49,3555.07,3520.19,3539.28,7.63,0.0022,15165289,13927244
NHII.NH,20250425,3539.28,3549.35,3567.64,3529.19,3544.03,-4.75,-0.0013,12334676,14165022
NHII.NH,20250424,3544.03,3558.85,3562.74,3524.27,3572.68,-28.65,-0.008,11925873,14315113
NHII.NH,20250423,3572.68,3512.69,3576.77,3502.98,3507.34,65.34,0.0186,14582915,14462054
NHII.NH,20250422,3507.34,3525.66,3526.54,3497.47,3529.84,-22.5,-0.0064,11185475,14932898
NHII.NH,20250421,3529.84,3501.65,3537.53,3491.33,3501.22,28.62,0.0082,11977101,14785534
NHII.NH,20250418,3501.22,3504.0,3521.02,3497.02,3498.22,3.0,0.0009,12435392,15081852
NHII.NH,20250417,3498.22,3491.21,3528.7,3476.5,3469.95,28.27,0.0081,12338478,15019044
NHII.NH,20250416,3469.95,3498.79,3513.62,3463.15,3507.56,-37.61,-0.0107,10701679,14974778
NHII.NH,20250415,3507.56,3525.31,3525.31,3497.74,3512.31,-4.75,-0.0014,11139460,14860889
NHII.NH,20250414,3512.31,3499.44,3520.02,3489.46,3501.54,10.77,0.0031,11511562,14712089
NHII.NH,20250411,3501.54,3486.94,3506.91,3455.2,3513.3,-11.76,-0.0033,15065880,14664662
NHII.NH,20250410,3513.3,3370.0,3527.0,3367.14,3410.15,103.15,0.0302,21762702,14776463
NHII.NH,20250409,3410.15,3483.9,3496.09,3346.39,3480.83,-70.68,-0.0203,22794691,15155064
NHII.NH,20250408,3480.83,3509.58,3564.76,3471.93,3562.68,-81.85,-0.023,18710773,15234702
NHII.NH,20250407,3562.68,3727.58,3727.58,3529.69,3727.58,-164.9,-0.0442,12801641,15244496
NHII.NH,20250403,3727.58,3768.31,3775.0,3726.24,3772.25,-44.67,-0.0118,13382910,15866902
NHII.NH,20250402,3772.25,3776.23,3780.0,3762.32,3781.19,-8.94,-0.0024,11075267,16036028
NHII.NH,20250401,3781.19,3724.24,3790.46,3713.6,3719.05,62.14,0.0167,13913772,16034102
NHII.NH,20250331,3719.05,3768.16,3769.04,3714.08,3761.81,-42.76,-0.0114,13114444,16250101
NHII.NH,20250328,3761.81,3780.94,3781.92,3752.41,3781.51,-19.7,-0.0052,12459459,16245923
NHII.NH,20250327,3781.51,3776.24,3790.82,3771.93,3774.09,7.42,0.002,11544441,16212071
NHII.NH,20250326,3774.09,3773.44,3785.56,3766.21,3766.58,7.51,0.002,11392461,16111863
NHII.NH,20250325,3766.58,3765.97,3770.06,3752.88,3765.82,0.76,0.0002,11721627,16113115
NHII.NH,20250324,3765.82,3713.43,3768.27,3703.65,3713.34,52.48,0.0141,14855244,16196519
NHII.NH,20250321,3713.34,3721.15,3737.64,3708.72,3724.68,-11.34,-0.003,10693534,16442613
NHII.NH,20250320,3724.68,3707.28,3725.48,3695.33,3699.95,24.73,0.0067,10915600,16482907
NHII.NH,20250319,3699.95,3735.68,3735.68,3692.77,3725.21,-25.26,-0.0068,11021550,16562901
NHII.NH,20250318,3725.21,3744.4,3745.12,3721.84,3744.94,-19.73,-0.0053,11077866,16531572
NHII.NH,20250317,3744.94,3762.48,3770.57,3730.84,3763.92,-18.98,-0.005,12186356,16345918
NHII.NH,20250314,3763.92,3732.6,3766.42,3726.18,3736.47,27.45,0.0073,11115900,16215211
NHII.NH,20250313,3736.47,3729.63,3746.73,3722.85,3709.82,26.65,0.0072,11280463,16374987
NHII.NH,20250312,3709.82,3722.01,3734.07,3704.02,3710.36,-0.54,-0.0001,11580619,16505752
NHII.NH,20250311,3710.36,3727.28,3729.85,3677.45,3718.3,-7.94,-0.0021,10280694,16092117
NHII.NH,20250310,3718.3,3731.58,3749.51,3712.17,3722.62,-4.32,-0.0012,11815574,16026401
NHII.NH,20250307,3722.62,3725.16,3741.1,3716.57,3720.62,2.0,0.0005,10610644,15759955
NHII.NH,20250306,3720.62,3715.41,3729.31,3692.13,3719.94,0.68,0.0002,11819428,15462392
NHII.NH,20250305,3719.94,3738.3,3742.76,3710.4,3747.23,-27.29,-0.0073,11890178,15335890
NHII.NH,20250304,3747.23,3793.15,3803.2,3742.45,3787.61,-40.38,-0.0107,11517896,14904153
NHII.NH,20250303,3787.61,3794.24,3819.86,3777.79,3799.86,-12.25,-0.0032,11819974,14646770
NHII.NH,20250228,3799.86,3805.78,3811.84,3789.24,3793.88,5.98,0.0016,10224136,14598344
NHII.NH,20250227,3793.88,3787.35,3795.36,3769.38,3787.54,6.34,0.0017,11921645,14669579
NHII.NH,20250226,3787.54,3792.69,3805.39,3772.12,3803.25,-15.71,-0.0041,12733283,14522894
NHII.NH,20250225,3803.25,3834.04,3837.4,3798.93,3835.39,-32.14,-0.0084,10580553,14263705
NHII.NH,20250224,3835.39,3856.95,3868.86,3823.49,3867.52,-32.13,-0.0083,9972427,14094638
NHII.NH,20250221,3867.52,3892.99,3897.69,3863.19,3885.01,-17.49,-0.0045,10179325,14142624
NHII.NH,20250220,3885.01,3853.29,3888.5,3850.07,3850.35,34.66,0.009,9915998,14005140
NHII.NH,20250219,3850.35,3843.59,3856.65,3832.99,3846.47,3.88,0.001,8232182,13775374
NHII.NH,20250218,3846.47,3827.7,3852.94,3824.21,3832.84,13.63,0.0036,8854802,13774556
NHII.NH,20250217,3832.84,3845.9,3847.37,3811.89,3840.56,-7.72,-0.002,11932119,13724374
NHII.NH,20250214,3840.56,3819.52,3862.31,3813.37,3822.75,17.81,0.0047,9773143,13518635
NHII.NH,20250213,3822.75,3885.37,3890.58,3821.26,3891.1,-68.35,-0.0176,10893903,13455052
NHII.NH,20250212,3891.1,3877.53,3892.01,3868.48,3877.34,13.76,0.0035,8820536,13315115
NHII.NH,20250211,3877.34,3901.68,3908.81,3867.08,3894.69,-17.35,-0.0045,9422588,13242418
NHII.NH,20250210,3894.69,3891.44,3894.99,3877.91,3889.91,4.78,0.0012,10153035,13062101
NHII.NH,20250207,3889.91,3860.97,3900.69,3853.06,3861.22,28.69,0.0074,9589855,12734436
NHII.NH,20250206,3861.22,3824.28,3865.36,3821.58,3835.68,25.54,0.0067,8248375,12464328
NHII.NH,20250205,3835.68,3861.58,3861.76,3819.86,3861.58,-25.9,-0.0067,7132453,11814775
NHII.NH,20250127,3861.58,3874.05,3874.05,3848.59,3868.72,-7.14,-0.0018,6947035,11289670
NHII.NH,20250124,3868.72,3864.98,3872.97,3841.79,3856.68,12.04,0.0031,8403266,11786631
NHII.NH,20250123,3856.68,3889.64,3902.55,3850.47,3885.95,-29.27,-0.0075,9522765,12136949
NHII.NH,20250122,3885.95,3888.84,3891.02,3871.92,3902.62,-16.67,-0.0043,8684271,12182928
NHII.NH,20250121,3902.62,3899.59,3921.19,3893.82,3893.87,8.75,0.0022,9063882,12374799
NHII.NH,20250120,3893.87,3932.11,3934.94,3883.04,3937.16,-43.29,-0.011,11074507,12478047
NHII.NH,20250117,3937.16,3916.84,3948.23,3900.71,3924.46,12.7,0.0032,11688704,12691124
NHII.NH,20250116,3924.46,3876.72,3928.31,3871.06,3874.98,49.48,0.0128,11979725,12783796
NHII.NH,20250115,3874.98,3860.32,3877.07,3852.78,3857.39,17.59,0.0046,9231197,12857800
NHII.NH,20250114,3857.39,3844.26,3863.75,3821.47,3846.56,10.83,0.0028,10429393,12842472
NHII.NH,20250113,3846.56,3785.62,3851.03,3781.93,3753.64,92.92,0.0248,12759398,12967791
NHII.NH,20250110,3753.64,3745.89,3762.24,3735.59,3743.6,10.04,0.0027,8729686,13087521
NHII.NH,20250109,3743.6,3730.03,3749.4,3714.52,3731.95,11.65,0.0031,11613871,13067918
NHII.NH,20250108,3731.95,3739.0,3750.68,3728.33,3730.17,1.78,0.0005,9435639,13131125
NHII.NH,20250107,3730.17,3763.8,3764.61,3720.4,3738.88,-8.71,-0.0023,9638394,12858923
NHII.NH,20250106,3738.88,3752.31,3780.44,3737.85,3750.87,-11.99,-0.0032,11696484,12797318
NHII.NH,20250103,3750.87,3786.2,3788.29,3745.13,3781.19,-30.32,-0.008,11072383,12789363
NHII.NH,20250102,3781.19,3776.69,3799.8,3771.21,3777.47,3.72,0.001,7746426,12572714
NHII.NH,20241231,3777.47,3766.7,3783.6,3759.29,3761.79,15.68,0.0042,9675423,12397960
NHII.NH,20241230,3761.79,3734.89,3767.31,3731.61,3729.43,32.36,0.0087,9749982,12700371
NHII.NH,20241227,3729.43,3761.81,3770.8,3725.28,3755.14,-25.71,-0.0068,9591315,12920906
NHII.NH,20241226,3755.14,3764.09,3776.98,3754.19,3762.08,-6.94,-0.0018,8445123,12845689
NHII.NH,20241225,3762.08,3764.02,3773.18,3754.21,3761.17,0.91,0.0002,8426458,13124950
NHII.NH,20241224,3761.17,3742.03,3761.96,3730.75,3751.39,9.78,0.0026,8983455,13186038
NHII.NH,20241223,3751.39,3726.28,3755.24,3710.41,3727.93,23.46,0.0063,10387635,13348331
NHII.NH,20241220,3727.93,3739.08,3751.52,3724.59,3742.59,-14.66,-0.0039,9270325,13441394
NHII.NH,20241219,3742.59,3757.04,3768.69,3723.01,3746.08,-3.49,-0.0009,12143878,13591533
NHII.NH,20241218,3746.08,3776.47,3784.25,3741.68,3789.8,-43.72,-0.0115,10210353,13601822
NHII.NH,20241217,3789.8,3800.68,3809.77,3787.56,3803.2,-13.4,-0.0035,8954959,13556948
NHII.NH,20241216,3803.2,3807.1,3809.59,3786.78,3803.51,-0.31,-0.0001,11202381,13548601
NHII.NH,20241213,3803.51,3824.96,3825.16,3793.59,3839.5,-35.99,-0.0094,11360261,13564102
NHII.NH,20241212,3839.5,3805.65,3843.18,3803.93,3803.18,36.32,0.0096,10698630,13730676
NHII.NH,20241211,3803.18,3778.92,3803.51,3778.92,3781.75,21.43,0.0057,8874778,13594994
NHII.NH,20241210,3781.75,3787.96,3827.52,3774.14,3750.73,31.02,0.0083,15951492,13563884
NHII.NH,20241209,3750.73,3742.92,3758.05,3729.74,3752.59,-1.86,-0.0005,10810166,14019529
NHII.NH,20241206,3752.59,3755.76,3766.35,3740.26,3755.06,-2.47,-0.0007,10773340,14044636
NHII.NH,20241205,3755.06,3797.96,3810.48,3746.39,3802.86,-47.8,-0.0126,11532508,13999008
NHII.NH,20241204,3802.86,3811.66,3814.68,3787.73,3799.99,2.87,0.0008,11543756,13916241
NHII.NH,20241203,3799.99,3796.66,3801.33,3777.79,3793.81,6.18,0.0016,9023057,13893397
NHII.NH,20241202,3793.81,3786.31,3803.68,3773.4,3783.5,10.31,0.0027,11261859,13845824
NHII.NH,20241129,3783.5,3767.83,3801.48,3761.79,3763.95,19.55,0.0052,10995345,13858223
NHII.NH,20241128,3763.95,3786.97,3787.03,3757.59,3783.96,-20.01,-0.0053,10036763,14094021
NHII.NH,20241127,3783.96,3783.61,3788.66,3757.71,3775.6,8.36,0.0022,9728375,13987367
NHII.NH,20241126,3775.6,3794.91,3796.32,3767.43,3788.49,-12.89,-0.0034,9614522,13935517
NHII.NH,20241125,3788.49,3767.16,3808.98,3762.91,3771.03,17.46,0.0046,12102255,13865049
NHII.NH,20241122,3771.03,3805.51,3810.39,3761.49,3795.04,-24.01,-0.0063,10824559,14092367
NHII.NH,20241121,3795.04,3785.98,3799.06,3775.13,3779.31,15.73,0.0042,10078764,14005730
NHII.NH,20241120,3779.31,3763.7,3784.49,3759.86,3772.52,6.79,0.0018,8724971,14143918
NHII.NH,20241119,3772.52,3721.77,3780.75,3713.28,3727.05,45.47,0.0122,11114414,14124997
NHII.NH,20241118,3727.05,3728.06,3736.48,3687.31,3708.14,18.91,0.0051,12401661,14199130
NHII.NH,20241115,3708.14,3749.33,3765.43,3707.55,3739.76,-31.62,-0.0085,13364912,14306741
NHII.NH,20241114,3739.76,3775.98,3778.53,3735.48,3772.43,-32.67,-0.0087,10792720,14294682
NHII.NH,20241113,3772.43,3777.92,3788.6,3763.98,3773.96,-1.53,-0.0004,10621023,14088599
NHII.NH,20241112,3773.96,3787.05,3790.54,3757.61,3806.98,-33.02,-0.0087,11152167,14157072
NHII.NH,20241111,3806.98,3825.39,3858.09,3782.61,3848.42,-41.44,-0.0108,14947941,14330268
NHII.NH,20241108,3848.42,3865.98,3907.78,3839.83,3871.41,-22.99,-0.0059,15983498,14274672
NHII.NH,20241107,3871.41,3802.19,3872.38,3792.38,3815.89,55.52,0.0146,13435358,14046767
NHII.NH,20241106,3815.89,3863.01,3875.09,3800.98,3850.18,-34.29,-0.0089,15127034,14000995
NHII.NH,20241105,3850.18,3833.39,3864.04,3817.11,3827.56,22.62,0.0059,11732973,13862675
NHII.NH,20241104,3827.56,3822.59,3841.62,3777.07,3809.03,18.53,0.0049,14354166,13723501
NHII.NH,20241101,3809.03,3816.38,3824.45,3784.31,3815.0,-5.97,-0.0016,12928830,13800230
NHII.NH,20241031,3815.0,3814.58,3826.07,3791.71,3807.74,7.26,0.0019,13020266,13813569
NHII.NH,20241030,3807.74,3803.59,3827.43,3775.48,3782.16,25.58,0.0068,15128405,13778974
NHII.NH,20241029,3782.16,3818.94,3830.47,3774.55,3839.5,-57.34,-0.0149,14286974,13862364
NHII.NH,20241028,3839.5,3823.97,3861.56,3812.63,3816.15,23.35,0.0061,16599863,13706151
NHII.NH,20241025,3816.15,3818.88,3843.29,3800.46,3826.71,-10.56,-0.0028,14959127,13635425
NHII.NH,20241024,3826.71,3784.11,3831.54,3778.73,3800.29,26.42,0.007,14445843,13740333
NHII.NH,20241023,3800.29,3812.14,3833.11,3792.01,3801.53,-1.24,-0.0003,13560213,13635768
NHII.NH,20241022,3801.53,3806.1,3825.3,3772.9,3799.64,1.89,0.0005,16549870,13487165
NHII.NH,20241021,3799.64,3796.12,3800.66,3767.35,3800.28,-0.64,-0.0002,14758241,13683204
NHII.NH,20241018,3800.28,3765.49,3826.49,3763.64,3751.49,48.79,0.013,17826995,13534718
NHII.NH,20241017,3751.49,3859.42,3885.56,3751.43,3852.95,-101.46,-0.0263,24377059,13611924
NHII.NH,20241016,3852.95,3874.17,3898.18,3848.31,3878.91,-25.96,-0.0067,19321158,13464375
NHII.NH,20241015,3878.91,3906.38,3939.4,3872.1,3924.54,-45.63,-0.0116,21393509,13217539
NHII.NH,20241014,3924.54,3917.11,3977.45,3894.02,3908.81,15.73,0.004,21882740,13171623
NHII.NH,20241011,3908.81,3865.23,3919.99,3865.23,3852.6,56.21,0.0146,16113621,13006092
NHII.NH,20241010,3852.6,3868.09,3908.1,3822.21,3891.67,-39.07,-0.01,19763575,12699614
NHII.NH,20241009,3891.67,3938.83,3942.66,3885.36,3922.55,-30.88,-0.0079,20096616,12516201
NHII.NH,20241008,3922.55,3931.59,4073.61,3913.01,3931.59,-9.04,-0.0023,19472603,12085636
NHII.NH,20240930,3931.59,3759.53,3934.54,3744.72,3766.92,164.67,0.0437,21105351,12039544
NHII.NH,20240927,3766.92,3727.14,3769.44,3711.61,3711.55,55.37,0.0149,20565761,12837971
NHII.NH,20240926,3711.55,3686.23,3733.06,3678.08,3697.17,14.38,0.0039,20562904,13694337
NHII.NH,20240925,3697.17,3678.91,3757.55,3677.7,3668.01,29.16,0.008,23068991,13855001
NHII.NH,20240924,3668.01,3565.84,3668.53,3566.92,3566.0,102.01,0.0286,20111238,14456914
NHII.NH,20240923,3566.0,3601.43,3603.83,3565.32,3607.79,-41.79,-0.0116,15639679,14936844
NHII.NH,20240920,3607.79,3638.72,3641.06,3597.19,3632.05,-24.26,-0.0067,14608014,14883113
NHII.NH,20240919,3632.05,3574.93,3632.13,3543.81,3569.94,62.11,0.0174,17438360,14745799
NHII.NH,20240918,3569.94,3578.92,3614.66,3547.15,3576.86,-6.92,-0.0019,13073897,14662381
NHII.NH,20240913,3576.86,3584.03,3606.71,3570.55,3584.56,-7.7,-0.0021,14485462,14456929
NHII.NH,20240912,3584.56,3548.28,3588.95,3507.29,3543.74,40.82,0.0115,17913991,14730947
NHII.NH,20240911,3543.74,3506.65,3545.11,3457.42,3512.66,31.08,0.0088,19035553,14705502
NHII.NH,20240910,3512.66,3544.29,3557.24,3511.28,3543.3,-30.64,-0.0086,14876475,15073385
NHII.NH,20240909,3543.3,3566.57,3568.13,3494.98,3564.6,-21.3,-0.006,16822193,14730725
NHII.NH,20240906,3564.6,3568.77,3597.81,3522.38,3552.23,12.37,0.0035,15665732,14539718
NHII.NH,20240905,3552.23,3594.77,3615.77,3546.09,3587.39,-35.16,-0.0098,13929804,14586759
NHII.NH,20240904,3587.39,3651.1,3656.2,3583.27,3677.5,-90.11,-0.0245,15851717,14371908
NHII.NH,20240903,3677.5,3695.49,3710.92,3676.46,3692.34,-14.84,-0.004,11766658,14239499
NHII.NH,20240902,3692.34,3792.01,3792.01,3690.0,3797.05,-104.71,-0.0276,14170470,14150016
NHII.NH,20240830,3797.05,3792.51,3821.91,3786.12,3791.11,5.94,0.0016,12656276,13527004
NHII.NH,20240829,3791.11,3786.64,3806.26,3773.59,3800.67,-9.56,-0.0025,11059421,13512914
NHII.NH,20240828,3800.67,3823.87,3830.2,3794.63,3825.37,-24.7,-0.0065,11181155,13492066
NHII.NH,20240827,3825.37,3815.22,3837.39,3797.49,3803.06,22.31,0.0059,12223622,13282732
NHII.NH,20240826,3803.06,3728.65,3803.35,3716.47,3716.66,86.4,0.0232,13642475,13535577
NHII.NH,20240823,3716.66,3723.68,3735.71,3707.18,3720.7,-4.04,-0.0011,11346513,13643447
NHII.NH,20240822,3720.7,3774.37,3776.12,3717.2,3775.23,-54.53,-0.0144,12912319,13773311
NHII.NH,20240821,3775.23,3737.13,3775.65,3728.44,3723.69,51.54,0.0138,12037215,13591514
NHII.NH,20240820,3723.69,3737.55,3749.76,3701.9,3731.85,-8.16,-0.0022,11858388,13730636
NHII.NH,20240819,3731.85,3701.96,3740.95,3685.74,3725.17,6.68,0.0018,14134200,13851109
NHII.NH,20240816,3725.17,3731.52,3767.67,3722.16,3719.51,5.66,0.0015,12445366,13724022
NHII.NH,20240815,3719.51,3724.23,3735.87,3687.33,3719.8,-0.29,-0.0001,14321739,13824409
NHII.NH,20240814,3719.8,3770.68,3772.98,3704.93,3773.57,-53.77,-0.0142,14032860,13924802
NHII.NH,20240813,3773.57,3787.59,3812.08,3761.2,3780.64,-7.07,-0.0019,11722370,14101994
NHII.NH,20240812,3780.64,3798.46,3799.83,3757.8,3790.96,-10.32,-0.0027,11099843,14068237
NHII.NH,20240809,3790.96,3755.96,3823.52,3755.96,3747.83,43.13,0.0115,12394698,13878784
NHII.NH,20240808,3747.83,3783.65,3795.4,3747.13,3767.79,-19.96,-0.0053,10778192,14015959
NHII.NH,20240807,3767.79,3762.7,3790.82,3759.77,3773.25,-5.46,-0.0014,10202321,13874853
NHII.NH,20240806,3773.25,3783.53,3829.66,3769.01,3804.34,-31.09,-0.0082,11817535,13804842
NHII.NH,20240805,3804.34,3863.69,3867.95,3798.61,3887.61,-83.27,-0.0214,12864947,13671796
NHII.NH,20240802,3887.61,3888.36,3894.79,3842.54,3890.24,-2.63,-0.0007,10803169,13489438
NHII.NH,20240801,3890.24,3884.72,3917.29,3871.52,3865.4,24.84,0.0064,11727209,13702201
NHII.NH,20240731,3865.4,3803.05,3875.68,3793.7,3810.36,55.04,0.0144,13087209,13773999
NHII.NH,20240730,3810.36,3868.79,3877.13,3805.44,3872.68,-62.32,-0.0161,10638892,14175664
NHII.NH,20240729,3872.68,3884.26,3888.38,3862.33,3891.76,-19.08,-0.0049,10642997,13916105
NHII.NH,20240726,3891.76,3849.99,3914.11,3849.99,3852.85,38.91,0.0101,10592998,13828224
NHII.NH,20240725,3852.85,3913.18,3914.48,3845.19,3910.27,-57.42,-0.0147,10614439,14107549
NHII.NH,20240724,3910.27,3899.43,3920.0,3890.91,3904.05,6.22,0.0016,9124495,13958068
NHII.NH,20240723,3904.05,3937.45,3954.73,3903.16,3952.71,-48.66,-0.0123,9220724,13981789
NHII.NH,20240722,3952.71,3995.07,3999.9,3950.53,3998.97,-46.26,-0.0116,10422986,13717985
NHII.NH,20240719,3998.97,4017.28,4025.44,3989.27,4040.09,-41.12,-0.0102,9613808,13577553
NHII.NH,20240718,4040.09,4025.49,4041.87,4007.33,4018.34,21.75,0.0054,9581818,13552283
NHII.NH,20240717,4018.34,4043.07,4063.45,4013.22,4061.31,-42.97,-0.0106,10414067,13511500
NHII.NH,20240716,4061.31,4076.73,4078.67,4050.93,4078.06,-16.75,-0.0041,8867936,13320540
NHII.NH,20240715,4078.06,4085.49,4106.84,4058.68,4082.15,-4.09,-0.001,11743915,13463080
NHII.NH,20240712,4082.15,4092.36,4095.63,4063.53,4089.9,-7.75,-0.0019,8571195,13447253
NHII.NH,20240711,4089.9,4057.81,4106.18,4057.25,4048.88,41.02,0.0101,10062429,13507068
NHII.NH,20240710,4048.88,4107.66,4110.12,4043.54,4114.32,-65.44,-0.0159,10016787,13465351
NHII.NH,20240709,4114.32,4107.17,4121.74,4090.72,4103.08,11.24,0.0027,8767954,13363290
NHII.NH,20240708,4103.08,4156.05,4160.4,4099.4,4145.42,-42.34,-0.0102,11062483,13372112
NHII.NH,20240705,4145.42,4186.24,4197.66,4142.07,4184.87,-39.45,-0.0094,10745739,13321340
NHII.NH,20240704,4184.87,4207.47,4211.38,4177.37,4203.48,-18.61,-0.0044,9845118,13328003
NHII.NH,20240703,4203.48,4178.91,4203.78,4157.76,4166.71,36.77,0.0088,9955311,13348237
NHII.NH,20240702,4166.71,4143.39,4169.06,4137.68,4137.55,29.16,0.007,8751398,13038386
NHII.NH,20240701,4137.55,4121.68,4138.58,4103.03,4120.2,17.35,0.0042,9810910,12999114
NHII.NH,20240628,4120.2,4091.58,4121.64,4080.24,4077.05,43.15,0.0106,9998939,12894769
NHII.NH,20240627,4077.05,4105.82,4107.27,4076.22,4108.56,-31.51,-0.0077,8732045,12761170
NHII.NH,20240626,4108.56,4077.89,4109.3,4054.8,4085.03,23.53,0.0058,9497102,12580990
NHII.NH,20240625,4085.03,4063.04,4093.6,4062.1,4059.8,25.23,0.0062,9473913,12698914
NHII.NH,20240624,4059.8,4083.85,4096.28,4055.13,4088.2,-28.4,-0.0069,10042559,12569293
NHII.NH,20240621,4088.2,4123.8,4141.92,4088.2,4118.57,-30.37,-0.0074,9976041,12498089
NHII.NH,20240620,4118.57,4117.36,4131.55,4094.71,4108.77,9.8,0.0024,10249884,12389167
NHII.NH,20240619,4108.77,4075.57,4121.56,4074.43,4079.71,29.06,0.0071,9104468,12260670
NHII.NH,20240618,4079.71,4069.68,4120.77,4069.68,4066.13,13.58,0.0033,9479285,12180739
NHII.NH,20240617,4066.13,4117.56,4122.84,4062.37,4117.89,-51.76,-0.0126,11132628,12336030
NHII.NH,20240614,4117.89,4118.11,4136.39,4101.82,4113.36,4.53,0.0011,10082176,12276059
NHII.NH,20240613,4113.36,4144.11,4122.03,4081.78,4124.7,-11.34,-0.0027,10517689,12411854
NHII.NH,20240612,4124.7,4096.26,4133.93,4097.81,4101.17,23.53,0.0057,9181925,12396355
NHII.NH,20240611,4101.17,4127.74,4151.65,4096.07,4139.71,-38.54,-0.0093,9215243,12300604
NHII.NH,20240607,4139.71,4122.42,4178.7,4128.95,4125.81,13.9,0.0034,11672502,12266591
NHII.NH,20240606,4125.81,4093.49,4130.11,4085.27,4084.47,41.34,0.0101,12378406,12608817
NHII.NH,20240605,4084.47,4106.35,4115.15,4083.86,4121.86,-37.39,-0.0091,11245882,12581084
NHII.NH,20240604,4121.86,4163.58,4144.58,4110.85,4160.63,-38.77,-0.0093,11915890,12526149
NHII.NH,20240603,4160.63,4246.49,4206.65,4150.6,4236.34,-75.71,-0.0179,15147550,12511374
NHII.NH,20240531,4236.34,4260.02,4254.32,4215.85,4270.03,-33.69,-0.0079,12420951,12934933
NHII.NH,20240530,4270.03,4316.27,4340.66,4257.96,4323.97,-53.94,-0.0125,17272375,13062432
NHII.NH,20240529,4323.97,4281.82,4326.95,4279.91,4273.32,50.65,0.0119,11847615,13027372
NHII.NH,20240528,4273.32,4281.12,4326.2,4271.91,4272.78,0.54,0.0001,12504568,12873376
NHII.NH,20240527,4272.78,4273.07,4292.75,4262.69,4271.88,0.9,0.0002,11752381,12863418
NHII.NH,20240524,4271.88,4264.88,4287.64,4246.96,4246.74,25.14,0.0059,14962758,12784919
NHII.NH,20240523,4246.74,4287.52,4285.3,4220.73,4308.9,-62.16,-0.0144,13552891,12774338
NHII.NH,20240522,4308.9,4291.79,4316.13,4285.83,4288.06,20.84,0.0049,13056953,13136349
NHII.NH,20240521,4288.06,4276.03,4321.69,4251.81,4296.31,-8.25,-0.0019,13725297,13013936
NHII.NH,20240520,4296.31,4252.12,4311.87,4264.31,4244.06,52.25,0.0123,14939076,13263076
NHII.NH,20240517,4244.06,4181.01,4245.48,4205.34,4180.08,63.98,0.0153,13699858,13438717
NHII.NH,20240516,4180.08,4130.48,4189.11,4126.52,4135.11,44.97,0.0109,12122866,13188732
NHII.NH,20240515,4135.11,4134.14,4141.3,4116.41,4142.88,-7.77,-0.0019,10221772,13198729
NHII.NH,20240514,4142.88,4173.69,4174.27,4133.08,4164.42,-21.54,-0.0052,11141181,13172594
NHII.NH,20240513,4164.42,4155.26,4166.27,4106.82,4163.25,1.17,0.0003,11195234,13159600
NHII.NH,20240510,4163.25,4149.53,4167.45,4126.74,4143.64,19.61,0.0047,12132815,12936608
NHII.NH,20240509,4143.64,4130.77,4162.35,4137.92,4133.08,10.56,0.0026,9670883,12925080
NHII.NH,20240508,4133.08,4180.92,4186.03,4131.29,4188.31,-55.23,-0.0132,10612097,12760920
NHII.NH,20240507,4188.31,4204.19,4215.37,4180.46,4202.72,-14.41,-0.0034,10448582,12607123
NHII.NH,20240506,4202.72,4178.39,4203.77,4143.02,4196.3,6.42,0.0015,8245807,12213192
NHII.NH,20240430,4196.3,4207.22,4223.66,4176.41,4201.99,-5.69,-0.0014,10993190,11775347
NHII.NH,20240429,4201.99,4224.7,4211.04,4181.23,4224.84,-22.85,-0.0054,10896741,12278010
NHII.NH,20240426,4224.84,4198.51,4226.5,4174.44,4193.21,31.63,0.0075,12059008,12550395
NHII.NH,20240425,4193.21,4181.11,4197.97,4166.44,4183.62,9.59,0.0023,13541232,12663910
NHII.NH,20240424,4183.62,4104.83,4186.41,4136.92,4120.46,63.16,0.0153,13069475,12796882
NHII.NH,20240423,4120.46,4167.19,4182.36,4120.14,4164.51,-44.05,-0.0106,12922118,12921620
NHII.NH,20240422,4164.51,4176.44,4211.1,4161.81,4183.9,-19.39,-0.0046,14796673,13223345
NHII.NH,20240419,4183.9,4162.84,4221.96,4149.27,4160.37,23.53,0.0057,16635474,13423926
NHII.NH,20240418,4160.37,4149.58,4166.08,4133.73,4149.71,10.66,0.0026,16021693,13551142
NHII.NH,20240417,4149.71,4094.94,4153.49,4098.6,4103.41,46.3,0.0113,11974988,13871011
NHII.NH,20240416,4103.41,4134.35,4137.45,4097.66,4137.74,-34.33,-0.0083,13983453,13900245
NHII.NH,20240415,4137.74,4150.24,4141.99,4111.26,4136.55,1.19,0.0003,14888828,13972052
NHII.NH,20240412,4136.55,4103.5,4139.75,4088.05,4112.42,24.13,0.0059,12567208,13808810
NHII.NH,20240411,4112.42,4097.13,4118.96,4081.51,4092.82,19.6,0.0048,13432138,14065943
NHII.NH,20240410,4092.82,4081.11,4093.45,4073.34,4075.41,17.41,0.0043,13495332,13988424
NHII.NH,20240409,4075.41,4046.58,4077.27,4038.33,4036.47,38.94,0.0096,13319963,14042983
NHII.NH,20240408,4036.47,3978.93,4037.4,3959.85,3967.66,68.81,0.0173,11769142,14062728
NHII.NH,20240403,3967.66,3975.36,4001.31,3965.36,3964.05,3.61,0.0009,11900365,14148877
NHII.NH,20240402,3964.05,3954.69,3975.49,3943.97,3957.27,6.78,0.0017,11775546,14460755
NHII.NH,20240401,3957.27,3924.71,3957.58,3894.81,3926.1,31.17,0.0079,13356639,14390554
NHII.NH,20240329,3926.1,3937.11,3940.74,3914.35,3933.0,-6.9,-0.0018,12669497,14437169
NHII.NH,20240328,3933.0,3918.33,3951.0,3911.41,3922.56,10.44,0.0027,12639657,14290322
NHII.NH,20240327,3922.56,3958.32,3963.4,3921.87,3954.1,-31.54,-0.008,13489518,14261039
NHII.NH,20240326,3954.1,3987.61,4011.55,3953.35,3988.53,-34.43,-0.0086,11807542,14295352
NHII.NH,20240325,3988.53,4012.02,4013.58,3987.13,4005.88,-17.35,-0.0043,12681952,14012139
NHII.NH,20240322,4005.88,4031.42,4026.15,3983.38,4038.67,-32.79,-0.0081,12410730,13923889
NHII.NH,20240321,4038.67,4007.63,4047.15,4001.49,4019.2,19.47,0.0048,13074989,14133968
NHII.NH,20240320,4019.2,4021.7,4045.9,4018.82,4025.6,-6.4,-0.0016,11714664,14352560
NHII.NH,20240319,4025.6,3994.42,4034.42,3999.67,3991.86,33.74,0.0085,13979192,14353831
NHII.NH,20240318,3991.86,3979.3,3998.64,3965.81,3980.6,11.26,0.0028,16758072,14406613
NHII.NH,20240315,3980.6,3965.1,3998.81,3968.06,3958.08,22.52,0.0057,12691581,14234572
NHII.NH,20240314,3958.08,3973.69,3992.54,3955.21,3956.8,1.28,0.0003,13561951,14154526
NHII.NH,20240313,3956.8,3974.18,3974.79,3947.26,3972.48,-15.68,-0.0039,10061918,13935127
NHII.NH,20240312,3972.48,3956.45,3983.51,3956.76,3953.75,18.73,0.0047,10782119,13759933
NHII.NH,20240311,3953.75,4007.41,3976.26,3947.62,4017.36,-63.61,-0.0158,12615295,13856849
NHII.NH,20240308,4017.36,4006.52,4021.45,3990.59,4002.13,15.23,0.0038,10318907,13447486
NHII.NH,20240307,4002.13,3992.63,4015.06,3993.66,3984.84,17.29,0.0043,10273128,13261160
NHII.NH,20240306,3984.84,3984.26,3991.76,3955.45,3984.38,0.46,0.0001,10106892,12931808
NHII.NH,20240305,3984.38,4011.55,4018.51,3980.43,4011.49,-27.11,-0.0068,10785909,12751126
NHII.NH,20240304,4011.49,3994.67,4014.74,3975.91,3988.85,22.64,0.0057,11899885,12511908
NHII.NH,20240301,3988.85,4005.39,4015.34,3987.81,4004.38,-15.53,-0.0039,8719245,12341044
NHII.NH,20240229,4004.38,3989.68,4015.3,3986.99,3994.0,10.38,0.0026,10137241,12264745
NHII.NH,20240228,3994.0,4004.58,4015.08,3990.78,4005.0,-11.0,-0.0027,10250160,12283256
NHII.NH,20240227,4005.0,3946.1,4007.22,3953.49,3948.67,56.33,0.0143,9656993,12009316
NHII.NH,20240226,3948.67,3991.2,3983.41,3941.61,4000.46,-51.79,-0.0129,10124635,11964344
NHII.NH,20240223,4000.46,3991.22,4020.52,3995.99,3991.76,8.7,0.0022,8372005,11768423
NHII.NH,20240222,3991.76,3960.68,3995.36,3972.65,3962.75,29.01,0.0073,8642137,11750321
NHII.NH,20240221,3962.75,3945.05,4004.19,3933.05,3951.03,11.72,0.003,11247477,11552064
NHII.NH,20240220,3951.03,3986.81,3990.51,3949.17,3980.33,-29.3,-0.0074,9087410,11548487
NHII.NH,20240219,3980.33,4022.31,4024.4,3980.22,3984.57,-4.24,-0.0011,6344882,10933074
NHII.NH,20240208,3984.57,3950.16,3987.73,3959.01,3944.27,40.3,0.0102,6314251,10354587
NHII.NH,20240207,3944.27,3935.6,3952.84,3928.81,3935.73,8.54,0.0022,7242465,10938727
NHII.NH,20240206,3935.73,3926.28,3943.45,3907.79,3933.69,2.04,0.0005,8777564,11355794
NHII.NH,20240205,3933.69,3939.66,3954.3,3924.59,3942.6,-8.91,-0.0023,8358475,11534865
NHII.NH,20240202,3942.6,3988.28,3982.05,3926.64,3985.99,-43.39,-0.0109,10516126,11736162
NHII.NH,20240201,3985.99,4024.83,4015.01,3980.68,4015.09,-29.1,-0.0072,9969766,11843672
NHII.NH,20240131,4015.09,4026.65,4040.66,4014.69,4034.16,-19.07,-0.0047,9768316,11968468
NHII.NH,20240130,4034.16,4080.75,4078.39,4030.78,4081.61,-47.45,-0.0116,9003172,11843030
NHII.NH,20240129,4081.61,4069.02,4102.59,4070.3,4068.7,12.91,0.0032,10154404,11851075
NHII.NH,20240126,4068.7,4057.72,4090.81,4063.74,4053.07,15.63,0.0039,10443040,11771779
NHII.NH,20240125,4053.07,4053.39,4071.03,4051.81,4047.5,5.57,0.0014,9568292,11723134
NHII.NH,20240124,4047.5,4018.74,4047.5,4016.94,4022.84,24.66,0.0061,9933487,11645087
NHII.NH,20240123,4022.84,3979.83,4027.74,3997.21,3976.83,46.01,0.0116,10007694,11501812
NHII.NH,20240122,3976.83,3974.1,4002.32,3961.0,3977.12,-0.29,-0.0001,12797435,11672884
NHII.NH,20240119,3977.12,3962.82,3977.5,3952.68,3969.51,7.61,0.0019,9198477,11787016
NHII.NH,20240118,3969.51,3921.69,3971.88,3920.93,3935.6,33.91,0.0086,12034953,11773060
NHII.NH,20240117,3935.6,3966.21,3976.27,3934.09,3956.55,-20.95,-0.0053,9790562,11892047
NHII.NH,20240116,3956.55,3927.47,3956.78,3932.69,3941.34,15.21,0.0039,10241491,11789340
NHII.NH,20240115,3941.34,3968.0,3963.31,3935.45,3959.79,-18.45,-0.0047,10917425,12157927
NHII.NH,20240112,3959.79,3973.14,3981.17,3946.21,3962.96,-3.17,-0.0008,9925404,12273740
NHII.NH,20240111,3962.96,3933.66,3968.43,3937.01,3929.5,33.46,0.0085,10432884,12674689
NHII.NH,20240110,3929.5,3968.61,3963.75,3926.85,3951.63,-22.13,-0.0056,12336953,13045796
NHII.NH,20240109,3951.63,3963.53,3969.1,3947.36,3974.98,-23.35,-0.0059,10393752,13249328
NHII.NH,20240108,3974.98,4001.74,4014.26,3965.93,4002.3,-27.32,-0.0068,11969718,13585035
NHII.NH,20240105,4002.3,4041.87,4023.53,3999.83,4042.97,-40.67,-0.0101,10847950,13870563
NHII.NH,20240104,4042.97,4048.61,4077.69,4033.56,4045.41,-2.44,-0.0006,10585754,14017738
NHII.NH,20240103,4045.41,4053.32,4058.07,4032.95,4053.91,-8.5,-0.0021,10632162,14398002
NHII.NH,20240102,4053.91,4011.62,4058.09,3995.17,4005.96,47.95,0.012,8003474,14637160
NHII.NH,20231229,4005.96,4031.56,4041.08,3995.11,4045.18,-39.22,-0.0097,11639296,14527029
NHII.NH,20231228,4045.18,4071.95,4069.34,4033.11,4075.43,-30.25,-0.0074,11759725,15015956
NHII.NH,20231227,4075.43,4049.63,4077.88,4044.17,4046.47,28.96,0.0072,11128847,15214945
NHII.NH,20231226,4046.47,4040.57,4061.59,4042.81,4038.3,8.17,0.002,9555127,15377307
NHII.NH,20231225,4038.3,4068.93,4057.29,4011.28,4073.19,-34.89,-0.0086,11639680,15571960
NHII.NH,20231222,4073.19,4036.36,4097.93,4038.96,4046.66,26.53,0.0066,13986780,15897890
NHII.NH,20231221,4046.66,4019.97,4046.74,3997.99,4013.59,33.07,0.0082,12590219,16074130
NHII.NH,20231220,4013.59,3976.54,4028.57,3989.35,3975.86,37.73,0.0095,12289855,16144448
NHII.NH,20231219,3975.86,3981.46,3994.05,3967.55,3981.39,-5.53,-0.0014,11148582,16120002
NHII.NH,20231218,3981.39,3980.37,3983.79,3946.4,3972.09,9.3,0.0023,13264054,16215425
NHII.NH,20231215,3972.09,3971.29,4004.46,3965.2,3947.64,24.45,0.0062,13840916,16344835
NHII.NH,20231214,3947.64,3940.62,3977.6,3944.89,3929.61,18.03,0.0046,11818387,16708982
NHII.NH,20231213,3929.61,4021.62,3983.64,3918.53,4035.65,-106.04,-0.0263,15816167,16833105
NHII.NH,20231212,4035.65,4006.95,4039.99,3996.68,4018.53,17.12,0.0043,12493971,16873763
NHII.NH,20231211,4018.53,4025.88,4028.02,3986.9,4026.82,-8.29,-0.0021,14559212,16925240
NHII.NH,20231208,4026.82,3981.0,4036.89,3999.74,3982.26,44.56,0.0112,16118516,17028508
NHII.NH,20231207,3982.26,3958.28,3984.13,3936.89,3968.27,13.99,0.0035,16148267,17199004
NHII.NH,20231206,3968.27,3926.73,3968.27,3916.71,3931.42,36.85,0.0094,14331007,16928421
NHII.NH,20231205,3931.42,3942.44,3954.78,3922.84,3945.54,-14.12,-0.0036,13870060,16975227
NHII.NH,20231204,3945.54,4007.68,4005.07,3940.35,3997.0,-51.46,-0.0129,16261975,17016981
NHII.NH,20231201,3997.0,4014.48,4005.44,3961.54,4016.72,-19.72,-0.0049,15797764,17153062
NHII.NH,20231130,4016.72,4000.95,4020.34,3974.78,3983.34,33.38,0.0084,14902522,17215979
NHII.NH,20231129,3983.34,3981.82,4015.3,3976.77,3971.63,11.71,0.0029,14224599,17423977
NHII.NH,20231128,3971.63,3996.13,3992.17,3952.56,3995.96,-24.33,-0.0061,15373654,17223758
NHII.NH,20231127,3995.96,4014.95,4010.13,3977.4,4015.9,-19.94,-0.005,14976297,17564289
NHII.NH,20231124,4015.9,3983.96,4018.26,3984.08,3980.01,35.89,0.009,13530768,17732689
NHII.NH,20231123,3980.01,4009.39,3992.53,3954.25,4024.66,-44.65,-0.0111,17616453,17940249
NHII.NH,20231122,4024.66,4021.09,4043.78,4005.06,4018.86,5.8,0.0014,16190518,18035051
NHII.NH,20231121,4018.86,4056.59,4076.22,4017.83,4046.0,-27.14,-0.0067,17336160,17889481
NHII.NH,20231120,4046.0,4009.56,4054.4,4021.62,4002.54,43.46,0.0109,16174715,17984637
NHII.NH,20231117,4002.54,4060.3,4029.09,3993.39,4060.35,-57.81,-0.0142,17572291,17682484
NHII.NH,20231116,4060.35,4053.95,4061.81,4022.24,4056.3,4.05,0.001,13992492,17737911
NHII.NH,20231115,4056.3,4033.84,4081.73,4037.1,4031.01,25.29,0.0063,15041770,17472848
NHII.NH,20231114,4031.01,4022.96,4041.72,4014.26,4020.7,10.31,0.0026,12870616,17371587
NHII.NH,20231113,4020.7,4036.18,4047.13,4003.76,4033.36,-12.66,-0.0031,16704519,17367883
NHII.NH,20231110,4033.36,4003.99,4041.26,4017.66,4000.69,32.67,0.0082,16916042,17648549
NHII.NH,20231109,4000.69,3998.77,4010.19,3977.62,4015.87,-15.18,-0.0038,15137040,17724295
NHII.NH,20231108,4015.87,3999.02,4015.97,3966.47,4009.58,6.29,0.0016,14059307,17574653
NHII.NH,20231107,4009.58,4043.85,4046.26,4000.52,4039.1,-29.52,-0.0073,13649157,17405932
NHII.NH,20231106,4039.1,4050.14,4044.06,4016.84,4045.12,-6.02,-0.0015,13463465,17454238
NHII.NH,20231103,4045.12,3998.27,4053.35,4025.36,4000.49,44.63,0.0112,13002532,17428272
NHII.NH,20231102,4000.49,4009.6,4004.71,3981.93,3991.65,8.84,0.0022,11393828,17433548
NHII.NH,20231101,3991.65,3999.05,4008.07,3977.63,4000.42,-8.77,-0.0022,11809761,17158191
NHII.NH,20231031,4000.42,4033.0,4006.32,3971.53,4030.23,-29.81,-0.0074,12337112,17167692
NHII.NH,20231030,4030.23,4012.89,4032.33,4006.06,4010.87,19.36,0.0048,12557969,17235801
NHII.NH,20231027,4010.87,3972.99,4013.7,3955.45,3987.57,23.3,0.0058,13592149,17340192
NHII.NH,20231026,3987.57,3994.3,4000.01,3968.27,3989.17,-1.6,-0.0004,12436228,17434978
NHII.NH,20231025,3989.17,3973.0,3997.73,3978.8,3972.28,16.89,0.0043,14276102,17511930
NHII.NH,20231024,3972.28,3947.61,3972.39,3931.49,3944.37,27.91,0.0071,12547121,17754829
NHII.NH,20231023,3944.37,3977.94,3973.51,3927.4,3971.81,-27.44,-0.0069,14531092,17976935
NHII.NH,20231020,3971.81,3997.56,4022.15,3965.73,3997.69,-25.88,-0.0065,13171976,17904150
NHII.NH,20231019,3997.69,3984.01,4008.29,3970.21,3982.95,14.74,0.0037,12703650,18163265
NHII.NH,20231018,3982.95,3985.25,4021.61,3979.6,3985.0,-2.05,-0.0005,12625364,18253712
NHII.NH,20231017,3985.0,4023.81,4008.52,3982.43,4017.17,-32.17,-0.008,12530529,18002690
NHII.NH,20231016,4017.17,3978.25,4019.68,3966.54,3949.55,67.62,0.0171,12738814,17883713
NHII.NH,20231013,3949.55,3962.37,3955.7,3925.11,3948.37,1.18,0.0003,11464801,17797586
NHII.NH,20231012,3948.37,3931.82,3950.56,3912.87,3941.84,6.53,0.0017,12699327,17623004
NHII.NH,20231011,3941.84,3924.42,3951.28,3920.01,3922.99,18.85,0.0048,12169276,17446126
NHII.NH,20231010,3922.99,3981.12,3975.38,3917.51,3978.54,-55.55,-0.014,14240080,17154523
NHII.NH,20231009,3978.54,4074.26,4074.26,3964.04,4078.2,-99.66,-0.0244,10494148,16572973
NHII.NH,20230928,4078.2,4049.16,4111.62,4067.88,4033.92,44.28,0.011,11837071,16132854
NHII.NH,20230927,4033.92,4026.3,4057.04,4032.34,4019.98,13.94,0.0035,11479286,16926580
NHII.NH,20230926,4019.98,4060.94,4065.07,4015.18,4066.05,-46.07,-0.0113,12860481,17384180
NHII.NH,20230925,4066.05,4123.53,4106.63,4053.34,4111.93,-45.88,-0.0112,15184732,17834272
NHII.NH,20230922,4111.93,4072.73,4121.67,4079.46,4073.19,38.74,0.0095,13817620,18174192
NHII.NH,20230921,4073.19,4143.67,4134.36,4071.05,4137.98,-64.79,-0.0157,15559631,18318968
NHII.NH,20230920,4137.98,4143.78,4164.95,4122.74,4137.62,0.36,0.0001,14683193,18730827
NHII.NH,20230919,4137.62,4158.02,4173.47,4133.95,4154.86,-17.24,-0.0041,14856041,19056508
NHII.NH,20230918,4154.86,4141.31,4158.09,4110.15,4150.65,4.21,0.001,17549016,19282587
NHII.NH,20230915,4150.65,4135.92,4160.56,4126.63,4118.47,32.18,0.0078,16167503,19318344
NHII.NH,20230914,4118.47,4091.43,4119.77,4084.53,4088.29,30.18,0.0074,15312403,19230303
NHII.NH,20230913,4088.29,4107.34,4114.5,4065.97,4096.29,-8.0,-0.002,17689441,19148646
NHII.NH,20230912,4096.29,4075.25,4110.18,4079.46,4070.08,26.21,0.0064,15710638,19218886
NHII.NH,20230911,4070.08,4033.45,4081.99,4047.25,4023.25,46.83,0.0116,17143555,18884109
NHII.NH,20230908,4023.25,4068.88,4071.66,4022.48,4072.88,-49.63,-0.0122,18609969,18766672
NHII.NH,20230907,4072.88,4095.74,4100.85,4047.25,4099.42,-26.54,-0.0065,19908532,19022060
NHII.NH,20230906,4099.42,4065.08,4109.89,4084.51,4066.4,33.02,0.0081,17234200,19144665
NHII.NH,20230905,4066.4,4048.86,4093.89,4057.41,4050.26,16.14,0.004,17284728,18874431
NHII.NH,20230904,4050.26,4068.35,4106.64,4037.71,4053.75,-3.49,-0.0009,24473127,18756341
NHII.NH,20230901,4053.75,3990.73,4057.94,3999.98,3979.68,74.07,0.0186,22221322,19074813
NHII.NH,20230831,3979.68,3967.03,3987.61,3963.36,3966.57,13.11,0.0033,18628604,19118066
NHII.NH,20230830,3966.57,3900.18,3967.25,3924.54,3892.13,74.44,0.0191,19974117,19419841
NHII.NH,20230829,3892.13,3913.15,3918.73,3885.08,3913.9,-21.77,-0.0056,18114695,19362920
NHII.NH,20230828,3913.9,3954.03,3971.79,3894.58,3945.89,-31.99,-0.0081,23070035,19718645
NHII.NH,20230825,3945.89,3910.03,3953.76,3922.7,3909.48,36.41,0.0093,18161960,20157237
NHII.NH,20230824,3909.48,3926.22,3955.8,3909.12,3932.81,-23.33,-0.0059,21703314,20258175
NHII.NH,20230823,3932.81,3930.33,3953.15,3924.7,3925.72,7.09,0.0018,19024515,20469284
NHII.NH,20230822,3925.72,3902.25,3934.98,3879.24,3898.84,26.88,0.0069,20871241,20913690
NHII.NH,20230821,3898.84,3835.09,3908.17,3829.1,3840.67,58.17,0.0151,23053901,21209935
NHII.NH,20230818,3840.67,3836.84,3854.5,3829.53,3825.76,14.91,0.0039,20344315,21530127
NHII.NH,20230817,3825.76,3786.03,3826.37,3768.36,3779.64,46.12,0.0122,20101793,21941914
NHII.NH,20230816,3779.64,3803.28,3794.02,3777.68,3820.38,-40.74,-0.0107,16657365,22333801
NHII.NH,20230815,3820.38,3774.44,3829.58,3776.68,3778.18,42.2,0.0112,16801857,22331316
NHII.NH,20230814,3778.18,3814.78,3814.57,3771.79,3817.6,-39.42,-0.0103,19939624,22384149
NHII.NH,20230811,3817.6,3795.57,3821.34,3790.37,3794.83,22.77,0.006,17496993,22401764
NHII.NH,20230810,3794.83,3804.7,3815.47,3790.95,3801.85,-7.02,-0.0018,16434428,22472545
NHII.NH,20230809,3801.85,3754.79,3804.71,3766.23,3774.54,27.31,0.0072,16115273,22359468
NHII.NH,20230808,3774.54,3795.6,3799.8,3774.01,3795.46,-20.92,-0.0055,16427831,22400518
NHII.NH,20230807,3795.46,3810.26,3808.13,3784.2,3812.08,-16.62,-0.0044,18608243,22281628
NHII.NH,20230804,3812.08,3795.05,3843.03,3806.52,3777.36,34.72,0.0092,18873181,22020107
NHII.NH,20230803,3777.36,3858.08,3821.61,3775.72,3867.67,-90.31,-0.0234,24365028,21866991
NHII.NH,20230802,3867.67,3871.94,3893.47,3864.41,3880.84,-13.17,-0.0034,20694827,22147961
NHII.NH,20230801,3880.84,3858.65,3886.48,3859.01,3843.58,37.26,0.0097,20084765,22129243
NHII.NH,20230731,3843.58,3839.41,3844.52,3820.17,3835.36,8.22,0.0021,20741022,22112537
NHII.NH,20230728,3835.36,3831.54,3839.96,3802.11,3827.21,8.15,0.0021,25127960,22378711
NHII.NH,20230727,3827.21,3829.53,3860.52,3819.18,3838.83,-11.62,-0.003,22686475,22073770
NHII.NH,20230726,3838.83,3808.03,3857.04,3827.77,3808.08,30.75,0.0081,21471634,22497125
NHII.NH,20230725,3808.08,3766.71,3812.38,3788.55,3751.47,56.61,0.0151,17273564,22837987
NHII.NH,20230724,3751.47,3770.95,3775.06,3746.79,3772.0,-20.53,-0.0054,18206204,22614081
NHII.NH,20230721,3772.0,3773.93,3772.61,3743.68,3767.24,4.76,0.0013,18736784,22489907
NHII.NH,20230720,3767.24,3745.74,3772.03,3745.72,3738.85,28.39,0.0076,18953667,22313283
NHII.NH,20230719,3738.85,3713.95,3744.31,3712.05,3722.56,16.29,0.0044,14937301,22168455
NHII.NH,20230718,3722.56,3686.02,3723.22,3698.46,3685.47,37.09,0.0101,14346700,22259943
NHII.NH,20230717,3685.47,3766.48,3723.93,3680.55,3756.77,-71.3,-0.019,19289407,22265295
NHII.NH,20230714,3756.77,3717.18,3764.15,3733.34,3717.46,39.31,0.0106,17149945,22595093
NHII.NH,20230713,3717.46,3710.24,3721.38,3696.98,3696.42,21.04,0.0057,16973530,22603146
NHII.NH,20230712,3696.42,3669.31,3696.64,3676.14,3665.28,31.14,0.0085,15072573,22792375
NHII.NH,20230711,3665.28,3622.71,3678.0,3651.31,3622.24,43.04,0.0119,18071620,23028538
NHII.NH,20230710,3622.24,3621.35,3649.25,3620.19,3623.37,-1.13,-0.0003,15212365,23069633
NHII.NH,20230707,3623.37,3636.02,3663.16,3622.49,3640.6,-17.23,-0.0047,17632664,22911853
NHII.NH,20230706,3640.6,3608.49,3651.18,3621.04,3604.79,35.81,0.0099,13775489,22496382
NHII.NH,20230705,3604.79,3611.99,3616.86,3592.18,3606.27,-1.48,-0.0004,13624602,22366216
NHII.NH,20230704,3606.27,3616.11,3622.45,3589.57,3605.65,0.62,0.0002,14690976,21961947
NHII.NH,20230703,3605.65,3592.62,3616.25,3594.14,3589.04,16.61,0.0046,14659906,21976628
NHII.NH,20230630,3589.04,3566.14,3615.02,3583.08,3572.29,16.75,0.0047,16175096,21723542
NHII.NH,20230629,3572.29,3545.91,3585.11,3560.97,3557.61,14.68,0.0041,16237868,22167683
NHII.NH,20230628,3557.61,3559.76,3565.89,3535.57,3576.98,-19.37,-0.0054,14449438,22118074
NHII.NH,20230627,3576.98,3535.0,3587.91,3530.56,3543.05,33.93,0.0096,15380228,21926470
NHII.NH,20230626,3543.05,3565.92,3565.92,3518.86,3594.05,-51.0,-0.0142,12290481,21793330
NHII.NH,20230621,3594.05,3583.07,3620.73,3567.27,3590.35,3.7,0.001,16254036,21474340
NHII.NH,20230620,3590.35,3590.97,3598.94,3575.26,3581.35,9.0,0.0025,15184657,21901002
NHII.NH,20230619,3581.35,3620.98,3622.62,3569.15,3616.97,-35.62,-0.0098,20240952,22092215
NHII.NH,20230616,3616.97,3584.07,3625.41,3586.96,3571.64,45.33,0.0127,17336573,22455961
NHII.NH,20230615,3571.64,3579.4,3585.04,3543.23,3567.93,3.71,0.001,17261929,22494149
NHII.NH,20230614,3567.93,3526.37,3586.42,3534.91,3514.54,53.39,0.0152,18899805,22564161
NHII.NH,20230613,3514.54,3466.42,3515.84,3466.19,3477.57,36.97,0.0106,19333046,22583704
NHII.NH,20230612,3477.57,3538.02,3527.65,3469.31,3533.74,-56.17,-0.0159,19317869,22611245
NHII.NH,20230609,3533.74,3512.96,3535.41,3498.8,3507.92,25.82,0.0074,16666642,22183275
NHII.NH,20230608,3507.92,3489.59,3531.5,3492.41,3475.97,31.95,0.0092,17879764,22327052
NHII.NH,20230607,3475.97,3474.59,3504.34,3461.79,3478.13,-2.16,-0.0006,17110932,21955185
NHII.NH,20230606,3478.13,3483.08,3513.19,3470.83,3478.44,-0.31,-0.0001,17903349,21612365
NHII.NH,20230605,3478.44,3490.01,3517.18,3460.3,3480.06,-1.62,-0.0005,20853064,21448308
NHII.NH,20230602,3480.06,3425.17,3496.53,3419.27,3427.79,52.27,0.0152,22934159,21408888
NHII.NH,20230601,3427.79,3343.28,3428.12,3361.9,3365.05,62.74,0.0186,21043313,21367675
NHII.NH,20230531,3365.05,3396.17,3374.57,3341.16,3411.3,-46.25,-0.0136,18960489,19714296
NHII.NH,20230530,3411.3,3447.21,3466.9,3395.04,3446.52,-35.22,-0.0102,19011709,19816569
NHII.NH,20230529,3446.52,3430.43,3450.7,3419.47,3425.4,21.12,0.0062,20736178,19663511
NHII.NH,20230526,3425.4,3387.25,3431.37,3348.53,3397.25,28.15,0.0083,24573143,19871111
NHII.NH,20230525,3397.25,3420.17,3441.21,3377.41,3421.05,-23.8,-0.007,20888266,19932581
NHII.NH,20230524,3421.05,3455.73,3457.19,3412.71,3445.89,-24.84,-0.0072,19716237,19834119
NHII.NH,20230523,3445.89,3455.52,3496.88,3440.01,3447.27,-1.38,-0.0004,21478000,19502479
NHII.NH,20230522,3447.27,3546.51,3506.28,3439.23,3535.58,-88.31,-0.025,23567822,19485018
NHII.NH,20230519,3535.58,3556.33,3543.93,3494.49,3565.3,-29.72,-0.0083,22767741,18897259
NHII.NH,20230518,3565.3,3555.35,3582.4,3550.66,3547.59,17.71,0.005,16345251,18783461
NHII.NH,20230517,3547.59,3513.17,3549.39,3503.51,3509.4,38.19,0.0109,15809557,18821048
NHII.NH,20230516,3509.4,3529.51,3548.87,3497.99,3520.15,-10.75,-0.0031,15061093,18742010
NHII.NH,20230515,3520.15,3490.28,3525.39,3483.98,3478.41,41.74,0.012,19709635,18812232
NHII.NH,20230512,3478.41,3494.33,3508.91,3472.37,3511.71,-33.3,-0.0095,18293050,18695724
NHII.NH,20230511,3511.71,3581.83,3561.28,3510.6,3578.03,-66.32,-0.0185,18656863,18542629
NHII.NH,20230510,3578.03,3570.07,3606.71,3564.56,3571.3,6.73,0.0019,15002996,18192663
NHII.NH,20230509,3571.3,3622.08,3621.49,3571.16,3616.81,-45.51,-0.0126,14518620,17977322
NHII.NH,20230508,3616.81,3538.28,3617.85,3535.5,3530.04,86.77,0.0246,18279508,17655836
NHII.NH,20230505,3530.04,3524.35,3534.03,3471.68,3528.37,1.67,0.0005,15780239,17484028
NHII.NH,20230504,3528.37,3595.39,3595.39,3516.89,3604.92,-76.55,-0.0212,12256419,16906138
NHII.NH,20230428,3604.92,3595.94,3620.83,3594.79,3598.41,6.51,0.0018,13777644,16254628
NHII.NH,20230427,3598.41,3660.29,3666.65,3597.05,3665.55,-67.14,-0.0183,15822375,16807113
NHII.NH,20230426,3665.55,3679.58,3678.65,3638.31,3691.05,-25.5,-0.0069,16920076,17117104
NHII.NH,20230425,3691.05,3684.13,3735.8,3689.52,3682.7,8.35,0.0023,16252145,17480459
NHII.NH,20230424,3682.7,3731.58,3719.74,3673.86,3725.19,-42.49,-0.0114,20034222,17867339
NHII.NH,20230421,3725.19,3790.35,3762.68,3724.59,3795.63,-70.44,-0.0186,18880327,17845788
NHII.NH,20230420,3795.63,3825.49,3811.81,3770.94,3838.02,-42.39,-0.011,19264727,18283555
NHII.NH,20230419,3838.02,3850.2,3877.49,3831.81,3850.11,-12.09,-0.0031,15099087,18239731
NHII.NH,20230418,3850.11,3845.61,3856.75,3826.97,3844.93,5.18,0.0013,13672279,18124502
NHII.NH,20230417,3844.93,3806.37,3847.69,3803.8,3806.93,38.0,0.01,14277330,18276822
NHII.NH,20230414,3806.93,3786.86,3848.58,3786.86,3785.05,21.88,0.0058,14345797,18023132
NHII.NH,20230413,3785.05,3802.51,3809.25,3775.35,3796.52,-11.47,-0.003,13553098,18136200
NHII.NH,20230412,3796.52,3804.15,3814.03,3783.55,3806.51,-9.99,-0.0026,13798109,18157480
NHII.NH,20230411,3806.51,3782.25,3811.95,3757.45,3781.91,24.6,0.0065,14254503,18151243
NHII.NH,20230410,3781.91,3825.39,3827.08,3771.92,3826.72,-44.81,-0.0117,14006882,18013841
NHII.NH,20230407,3826.72,3801.08,3834.14,3801.93,3801.0,25.72,0.0068,12892632,17770299
NHII.NH,20230406,3801.0,3837.44,3837.44,3798.67,3837.7,-36.7,-0.0096,11503662,17662913
NHII.NH,20230404,3837.7,3856.46,3847.18,3826.64,3847.36,-9.66,-0.0025,13174687,17296482
NHII.NH,20230403,3847.36,3831.96,3901.55,3845.12,3829.68,17.68,0.0046,16590866,17377930
NHII.NH,20230331,3829.68,3828.11,3850.97,3822.0,3822.04,7.64,0.002,12610273,17464363
NHII.NH,20230330,3822.04,3824.19,3825.76,3797.73,3815.42,6.62,0.0017,12236277,17636733
NHII.NH,20230329,3815.42,3804.91,3827.95,3794.48,3801.46,13.96,0.0037,12942211,17742841
NHII.NH,20230328,3801.46,3782.38,3812.67,3774.71,3777.11,24.35,0.0064,12670864,17674541
NHII.NH,20230327,3777.11,3754.15,3786.39,3761.48,3782.14,-5.03,-0.0013,15031217,17654789
NHII.NH,20230324,3782.14,3726.52,3786.46,3718.7,3727.48,54.66,0.0147,15653944,17707267
NHII.NH,20230323,3727.48,3754.13,3772.18,3721.76,3747.8,-20.32,-0.0054,13957540,17399514
NHII.NH,20230322,3747.8,3738.13,3758.63,3721.34,3724.77,23.03,0.0062,14310614,17311757
NHII.NH,20230321,3724.77,3742.8,3763.97,3715.81,3724.69,0.08,0.0,14973688,17410054
NHII.NH,20230320,3724.69,3772.12,3803.1,3720.56,3781.58,-56.89,-0.015,16891823,17259231
NHII.NH,20230317,3781.58,3739.12,3806.29,3756.62,3739.89,41.69,0.0111,16731742,17057029
NHII.NH,20230316,3739.89,3820.81,3800.26,3735.98,3856.82,-116.93,-0.0303,19018987,17158674
NHII.NH,20230315,3856.82,3879.56,3889.77,3850.69,3877.89,-21.07,-0.0054,14048710,17185638
NHII.NH,20230314,3877.89,3920.24,3928.49,3873.22,3940.16,-62.27,-0.0158,16226372,17311205
NHII.NH,20230313,3940.16,3904.13,3941.39,3907.3,3899.44,40.72,0.0104,15031801,17438755
NHII.NH,20230310,3899.44,3943.37,3970.75,3897.6,3941.58,-42.14,-0.0107,15310354,17372345
NHII.NH,20230309,3941.58,3946.25,3947.73,3912.07,3947.25,-5.67,-0.0014,13911638,17266797
NHII.NH,20230308,3947.25,3979.78,3968.62,3938.81,3980.57,-33.32,-0.0084,13355109,17278822
NHII.NH,20230307,3980.57,3955.84,4001.28,3963.59,3955.13,25.44,0.0064,11315462,16953476
NHII.NH,20230306,3955.13,3976.89,3978.19,3933.7,3983.85,-28.72,-0.0072,14584952,16728244
NHII.NH,20230303,3983.85,3967.7,3991.65,3954.05,3965.23,18.62,0.0047,11202872,16863570
NHII.NH,20230302,3965.23,3970.48,3980.83,3955.32,3974.77,-9.54,-0.0024,10553582,16586700
NHII.NH,20230301,3974.77,3932.88,3976.64,3921.11,3925.8,48.97,0.0125,12306249,16445029
NHII.NH,20230228,3925.8,3923.54,3930.64,3907.64,3920.66,5.14,0.0013,10721015,16142147
NHII.NH,20230227,3920.66,3960.95,3961.33,3914.28,3967.8,-47.14,-0.0119,12653358,16403879
NHII.NH,20230224,3967.8,3953.15,3970.17,3938.73,3949.33,18.47,0.0047,12396000,16468284
NHII.NH,20230223,3949.33,3976.12,3987.53,3946.49,3958.16,-8.83,-0.0022,12972627,16571774
NHII.NH,20230222,3958.16,3974.16,3988.34,3956.35,3975.43,-17.27,-0.0043,11604853,16466504
NHII.NH,20230221,3975.43,3935.02,3981.03,3958.07,3930.03,45.4,0.0116,11933802,16424175
NHII.NH,20230220,3930.03,3898.15,3932.92,3892.56,3915.44,14.59,0.0037,11608350,16537395
NHII.NH,20230217,3915.44,3912.83,3938.24,3906.11,3914.57,0.87,0.0002,11670039,16574536
NHII.NH,20230216,3914.57,3867.43,3923.49,3859.89,3867.81,46.76,0.0121,12177567,16420678
NHII.NH,20230215,3867.81,3869.72,3898.55,3858.04,3874.25,-6.44,-0.0017,11968210,16515852
NHII.NH,20230214,3874.25,3849.39,3879.56,3843.72,3845.48,28.77,0.0075,11928729,16439207
NHII.NH,20230213,3845.48,3903.21,3884.66,3844.48,3887.55,-42.07,-0.0108,13038039,16349643
NHII.NH,20230210,3887.55,3905.26,3908.72,3854.47,3906.48,-18.93,-0.0048,15945861,16449537
NHII.NH,20230209,3906.48,3894.21,3918.88,3880.18,3892.23,14.25,0.0037,11118313,16373331
NHII.NH,20230208,3892.23,3855.58,3895.4,3841.73,3861.8,30.43,0.0079,12428470,16423043
NHII.NH,20230207,3861.8,3868.31,3872.37,3827.11,3869.32,-7.52,-0.0019,13188360,16106647
NHII.NH,20230206,3869.32,3897.36,3884.03,3833.07,3899.13,-29.81,-0.0076,12990880,15972631
NHII.NH,20230203,3899.13,3894.57,3905.22,3860.34,3891.73,7.4,0.0019,12429380,15780144
NHII.NH,20230202,3891.73,3970.48,3951.68,3885.54,3966.63,-74.9,-0.0189,14073878,15826232
NHII.NH,20230201,3966.63,3959.34,4004.83,3960.11,3961.82,4.81,0.0012,12286010,15668909
NHII.NH,20230131,3961.82,4001.36,4009.01,3960.89,3996.51,-34.69,-0.0087,10275212,15241443
NHII.NH,20230130,3996.51,3969.51,4054.63,3987.75,4020.81,-24.3,-0.006,9009920,14821184
NHII.NH,20230120,4020.81,3969.51,4022.31,3974.22,3966.18,54.63,0.0138,8115432,14446193
NHII.NH,20230119,3966.18,3965.17,3979.76,3937.6,3954.48,11.7,0.003,10377100,14869873
NHII.NH,20230118,3954.48,3902.88,3959.72,3923.43,3890.3509,64.1291,0.0165,11214554,15240212
NHII.NH,20230117,3890.3509,3871.4007,3907.4513,3863.7804,3871.4007,18.9502,0.0049,10101016,15319598
NHII.NH,20230116,3871.4007,3898.7096,3894.9654,3853.6104,3910.2271,-38.8264,-0.0099,12873530,15405860
NHII.NH,20230113,3910.2271,3864.0849,3913.2284,3867.6316,3857.0046,53.2225,0.0138,13643989,15871197
NHII.NH,20230112,3857.0046,3849.8467,3860.8479,3829.938,3841.1299,15.8747,0.0041,11988534,15982506
NHII.NH,20230111,3841.1299,3802.3579,3845.7852,3795.2751,3798.5874,42.5425,0.0112,10889245,15820329
NHII.NH,20230110,3798.5874,3807.9677,3808.6629,3777.1463,3793.2079,5.3795,0.0014,12093862,15659954
NHII.NH,20230109,3793.2079,3790.673,3807.4753,3778.7675,3801.618,-8.4101,-0.0022,13146144,15600803
NHII.NH,20230106,3801.618,3779.4385,3804.0346,3759.3668,3771.8541,29.7639,0.0079,12593675,15670486
NHII.NH,20230105,3771.8541,3790.3854,3783.1849,3754.5772,3808.399,-36.545,-0.0096,12509634,15326321
NHII.NH,20230104,3808.399,3867.2995,3866.0056,3798.3291,3874.6264,-66.2274,-0.0171,12121367,15362283
NHII.NH,20230103,3874.6264,3891.6685,3891.6685,3822.6019,3891.0869,-16.4605,-0.0042,10533267,15187748
NHII.NH,20221230,3891.0869,3855.3339,3900.5675,3852.0944,3852.9507,38.1362,0.0099,12813965,15185096
NHII.NH,20221229,3852.9507,3868.2965,3857.7407,3830.81,3865.7344,-12.7837,-0.0033,11446844,15392234
NHII.NH,20221228,3865.7344,3887.8994,3873.0912,3847.0556,3888.2751,-22.5407,-0.0058,10595735,15569199
NHII.NH,20221227,3888.2751,3831.302,3894.2915,3834.2935,3830.7298,57.5453,0.015,11957618,15773801
NHII.NH,20221226,3830.7298,3787.0918,3839.3417,3786.8528,3779.9802,50.7497,0.0134,12807350,15658612
NHII.NH,20221223,3779.9802,3792.9871,3792.9228,3761.3694,3783.6903,-3.7101,-0.001,14010641,15933761
NHII.NH,20221222,3783.6903,3834.5758,3839.2243,3781.5816,3817.7859,-34.0956,-0.0089,13040272,15887206
NHII.NH,20221221,3817.7859,3761.9645,3818.5364,3758.89,3758.7566,59.0294,0.0157,12227292,15985337
NHII.NH,20221220,3758.7566,3754.9151,3789.0053,3734.2922,3753.1601,5.5965,0.0015,13421430,15847364
NHII.NH,20221219,3753.1601,3828.8283,3817.4374,3749.6408,3835.6387,-82.4786,-0.0215,17249639,15972712
NHII.NH,20221216,3835.6387,3868.721,3880.7552,3794.6703,3864.2903,-28.6516,-0.0074,17769837,16259066
NHII.NH,20221215,3864.2903,3829.3394,3867.1417,3814.1091,3826.1063,38.184,0.01,14811788,16451092
NHII.NH,20221214,3826.1063,3803.7722,3831.0602,3795.1101,3805.9755,20.1307,0.0053,11527190,16370778
NHII.NH,20221213,3805.9755,3766.0185,3806.8229,3772.6133,3767.9166,38.0589,0.0101,12657238,16380262
NHII.NH,20221212,3767.9166,3780.851,3800.5703,3761.3729,3784.2983,-16.3816,-0.0043,15508890,16531171
NHII.NH,20221209,3784.2983,3754.7883,3792.7553,3746.4528,3741.3869,42.9114,0.0115,15846786,16961036
NHII.NH,20221208,3741.3869,3685.7924,3744.8666,3700.6551,3683.4326,57.9543,0.0157,13707145,16950453
NHII.NH,20221207,3683.4326,3725.0766,3753.7527,3676.4367,3734.9781,-51.5455,-0.0138,15628350,17374039
NHII.NH,20221206,3734.9781,3776.497,3753.1621,3718.9658,3766.2308,-31.2526,-0.0083,13701476,16986002
NHII.NH,20221205,3766.2308,3777.3818,3817.3907,3758.5027,3774.4336,-8.2029,-0.0022,17366512,17060896
NHII.NH,20221202,3774.4336,3745.0363,3781.3617,3722.9536,3736.2282,38.2054,0.0102,13862662,17015339
NHII.NH,20221201,3736.2282,3740.7207,3774.0789,3728.6475,3725.0417,11.1864,0.003,14105684,16905502
NHII.NH,20221130,3725.0417,3738.3672,3741.2167,3697.9211,3736.3132,-11.2715,-0.003,12903410,16882020
NHII.NH,20221129,3736.3132,3667.6701,3763.7255,3716.1306,3664.0001,72.3132,0.0197,14914078,16864852
NHII.NH,20221128,3664.0001,3732.4932,3703.5288,3639.6895,3722.1692,-58.1691,-0.0156,16146954,16943835
NHII.NH,20221125,3722.1692,3682.3117,3723.0309,3681.716,3681.4851,40.6841,0.0111,13886686,16932225
NHII.NH,20221124,3681.4851,3686.0794,3711.249,3678.2283,3690.6726,-9.1874,-0.0025,14281524,17027046
NHII.NH,20221123,3690.6726,3671.9694,3699.5942,3663.1866,3664.2152,26.4574,0.0072,13240732,17031155
NHII.NH,20221122,3664.2152,3682.3713,3697.3009,3651.7646,3684.6454,-20.4303,-0.0055,13971603,16866412
NHII.NH,20221121,3684.6454,3746.7353,3711.217,3655.0547,3756.4589,-71.8134,-0.0191,16978284,16801254
NHII.NH,20221118,3756.4589,3752.4016,3764.3261,3729.4845,3757.3005,-0.8417,-0.0002,14478353,16690303
NHII.NH,20221117,3757.3005,3786.6676,3757.6687,3716.5879,3779.8343,-22.5338,-0.006,14660554,16474939
NHII.NH,20221116,3779.8343,3762.3909,3790.9949,3758.517,3767.1076,12.7267,0.0034,11958678,16172099
NHII.NH,20221115,3767.1076,3742.2683,3778.1315,3738.9792,3744.622,22.4856,0.006,12167395,16154364
NHII.NH,20221114,3744.622,3767.6498,3814.3034,3733.9809,3763.7098,-19.0878,-0.0051,15391407,16176221
NHII.NH,20221111,3763.7098,3657.646,3791.7034,3699.2768,3666.0291,97.6807,0.0266,17722929,16394522
NHII.NH,20221110,3666.0291,3692.5417,3686.1014,3654.8141,3705.3744,-39.3452,-0.0106,14334212,16498573
NHII.NH,20221109,3705.3744,3704.8422,3721.4335,3683.4831,3707.5845,-2.2102,-0.0006,13708181,16444969
NHII.NH,20221108,3707.5845,2990.3754,3708.302,3660.4701,3670.8368,36.7477,0.01,12437996,16297232
NHII.NH,20221107,3670.8368,3684.9646,3712.8821,3650.3815,3670.9313,-0.0944,0.0,15298722,16144927
NHII.NH,20221104,3670.9313,3586.4358,3677.6536,3592.0941,3595.9104,75.0208,0.0209,16228560,16154920
NHII.NH,20221103,3595.9104,3521.2851,3612.8898,3574.9347,3588.574,7.3364,0.002,13377685,16257575
NHII.NH,20221102,3588.574,3548.2824,3613.1265,3560.3039,3579.6206,8.9535,0.0025,15086711,16324620
NHII.NH,20221101,3579.6206,3482.7957,3586.4116,3503.5424,3484.8058,94.8148,0.0272,15445155,16256420
NHII.NH,20221031,3484.8058,3559.8121,3540.1974,3476.2034,3558.2467,-73.4409,-0.0206,16037779,16578278
NHII.NH,20221028,3558.2467,3611.4724,3612.2059,3548.8162,3603.1259,-44.8792,-0.0125,15144344,16312980
NHII.NH,20221027,3603.1259,3624.5231,3653.5275,3602.6643,3614.4682,-11.3423,-0.0031,11822753,16199251
NHII.NH,20221026,3614.4682,3630.9552,3661.36,3612.2611,3630.5198,-16.0516,-0.0044,11821498,15907386
NHII.NH,20221025,3630.5198,3642.4401,3652.602,3616.7098,3649.5659,-19.0462,-0.0052,13065078,15918894
NHII.NH,20221024,3649.5659,3626.4398,3696.1447,3643.1162,3630.5149,19.0511,0.0052,13612220,15596321
NHII.NH,20221021,3630.5149,3641.6924,3671.8019,3629.0134,3638.395,-7.8801,-0.0022,12768624,15483235
NHII.NH,20221020,3638.395,3653.6142,3671.0483,3635.9659,3653.6524,-15.2575,-0.0042,13373144,15551612
NHII.NH,20221019,3653.6524,3663.2242,3673.3004,3642.6881,3666.2106,-12.5581,-0.0034,11808776,15453403
NHII.NH,20221018,3666.2106,3673.9744,3679.0339,3636.7227,3671.2348,-5.0243,-0.0014,11858454,15083199
NHII.NH,20221017,3671.2348,3745.5422,3700.5286,3657.4637,3749.0399,-77.8051,-0.0208,13347253,15260397
NHII.NH,20221014,3749.0399,3684.7802,3758.8683,3721.6412,3700.8401,48.1998,0.013,11201436,14923810
NHII.NH,20221013,3700.8401,3738.59,3754.1914,3698.6684,3739.289,-38.4489,-0.0103,11861802,14887860
NHII.NH,20221012,3739.289,3766.8568,3744.6092,3699.3533,3764.5188,-25.2298,-0.0067,12085119,14530690
NHII.NH,20221011,3764.5188,3811.468,3811.142,3758.0896,3807.0165,-42.4977,-0.0112,11851639,14524537
NHII.NH,20221010,3807.0165,3788.7265,3812.5453,3708.049,3694.6617,112.3549,0.0304,9025606,13961984
NHII.NH,20220930,3694.6617,3723.1954,3720.4644,3678.0593,3712.6039,-17.9422,-0.0048,11185132,13679652
NHII.NH,20220929,3712.6039,3682.0403,3730.8705,3697.3399,3663.5655,49.0384,0.0134,13148039,14480089
NHII.NH,20220928,3663.5655,3710.382,3694.5926,3637.1061,3694.558,-30.9925,-0.0084,12407137,14967540
NHII.NH,20220927,3694.558,3669.0029,3703.4425,3652.7104,3657.3848,37.1732,0.0102,14463800,15098417
NHII.NH,20220926,3657.3848,3702.7704,3705.8306,3647.7319,3725.8609,-68.4761,-0.0184,15806881,15122089
NHII.NH,20220923,3725.8609,3767.9145,3767.5308,3723.5036,3750.1928,-24.3319,-0.0065,12853355,15263467
NHII.NH,20220922,3750.1928,3722.5814,3760.4492,3687.5014,3725.4834,24.7094,0.0066,14151760,15512653
NHII.NH,20220921,3725.4834,3688.0719,3730.517,3666.9764,3686.155,39.3284,0.0107,12617193,15265132
NHII.NH,20220920,3686.155,3676.9668,3735.1988,3682.2777,3687.5256,-1.3706,-0.0004,12539067,15467680
NHII.NH,20220919,3687.5256,3708.8065,3749.7908,3687.3174,3709.9888,-22.4632,-0.0061,12978559,15494361
NHII.NH,20220916,3709.9888,3716.2662,3729.7221,3689.7525,3724.6222,-14.6335,-0.0039,13080577,15629452
NHII.NH,20220915,3724.6222,3692.8353,3756.2626,3705.0384,3692.2185,32.4038,0.0088,13884548,15621354
NHII.NH,20220914,3692.2185,3731.4074,3724.1605,3687.1799,3741.1457,-48.9273,-0.0131,12314186,15613865
NHII.NH,20220913,3741.1457,3700.8931,3750.5305,3700.8931,3695.8358,45.31,0.0123,8805399,15459947
NHII.NH,20220909,3695.8358,3616.7096,3699.6374,3622.9811,3641.5093,54.3265,0.0149,12583217,15437858
NHII.NH,20220908,3641.5093,3609.6845,3655.3946,3620.4371,3605.102,36.4073,0.0101,13203486,15640075
NHII.NH,20220907,3605.102,3619.2783,3621.8386,3587.4275,3625.9721,-20.8701,-0.0058,12968648,15548403
NHII.NH,20220906,3625.9721,3605.7323,3627.1121,3592.0435,3602.3167,23.6554,0.0066,13262917,15794567
NHII.NH,20220905,3602.3167,3562.8594,3605.9148,3557.6107,3557.5359,44.7808,0.0126,15098344,15560494
NHII.NH,20220902,3557.5359,3564.4454,3566.3611,3529.6848,3571.5349,-13.999,-0.0039,15385107,15620658
NHII.NH,20220901,3571.5349,3606.9398,3619.5153,3565.1139,3618.5599,-47.025,-0.013,13943420,15531989
NHII.NH,20220831,3618.5599,3613.7577,3628.611,3604.0091,3625.8658,-7.3059,-0.002,13134895,15504922
NHII.NH,20220830,3625.8658,3674.8244,3685.0718,3620.3627,3672.1861,-46.3203,-0.0126,13313895,15614265
NHII.NH,20220829,3672.1861,3737.6385,3715.0077,3655.8927,3744.3553,-72.1692,-0.0193,14957430,15560124
NHII.NH,20220826,3744.3553,3700.4155,3744.5175,3691.5068,3699.2477,45.1076,0.0122,12564321,15674491
NHII.NH,20220825,3699.2477,3687.288,3720.3006,3686.2447,3687.1317,12.116,0.0033,14106555,15814122
NHII.NH,20220824,3687.1317,3669.3015,3687.5646,3648.1119,3662.1756,24.9561,0.0068,12157978,15645303
NHII.NH,20220823,3662.1756,3601.4462,3675.1224,3633.3744,3597.7796,64.396,0.0179,13414092,15924474
NHII.NH,20220822,3597.7796,3552.8371,3653.4142,3595.4931,3552.0778,45.7018,0.0129,13859713,15868257
NHII.NH,20220819,3552.0778,3570.4877,3587.2908,3546.4685,3557.0196,-4.9418,-0.0014,15362511,16386212
NHII.NH,20220818,3557.0196,3564.4892,3601.8761,3555.6826,3568.0843,-11.0647,-0.0031,13774264,16308277
NHII.NH,20220817,3568.0843,3634.2767,3622.9687,3567.4102,3630.9462,-62.8619,-0.0173,14490561,16197897
NHII.NH,20220816,3630.9462,3588.369,3648.0767,3602.5163,3623.3199,7.6263,0.0021,13240948,15873596
NHII.NH,20220815,3623.3199,3678.8955,3682.3916,3608.7183,3691.8257,-68.5059,-0.0186,14713996,15804966
NHII.NH,20220812,3691.8257,3663.4163,3700.0676,3661.3634,3657.5388,34.2869,0.0094,12502589,15801217
NHII.NH,20220811,3657.5388,3605.7273,3664.8363,3605.2989,3593.2531,64.2858,0.0179,14976838,15954063
NHII.NH,20220810,3593.2531,3615.3307,3633.5793,3581.4888,3611.5171,-18.264,-0.0051,13655285,16018173
NHII.NH,20220809,3611.5171,3618.662,3634.5098,3594.6315,3622.4176,-10.9005,-0.003,12565242,15701637
NHII.NH,20220808,3622.4176,3563.8195,3629.0089,3581.2138,3567.6131,54.8046,0.0154,14841436,15674390
NHII.NH,20220805,3567.6131,3543.5222,3598.6481,3539.8419,3541.0257,26.5873,0.0075,14500007,15763524
NHII.NH,20220804,3541.0257,3626.5085,3599.4193,3534.3439,3618.2881,-77.2623,-0.0214,13969191,15512817
NHII.NH,20220803,3618.2881,3637.8242,3652.7253,3605.0608,3641.6565,-23.3684,-0.0064,13845349,15398775
NHII.NH,20220802,3641.6565,3617.1326,3642.4617,3572.4454,3631.4361,10.2203,0.0028,15176000,15357593
NHII.NH,20220801,3631.4361,3620.6289,3678.1146,3617.9018,3610.0272,21.409,0.0059,15477926,15623892
NHII.NH,20220729,3610.0272,3610.7998,3624.8649,3577.2473,3621.0418,-11.0146,-0.003,15004889,15659743
NHII.NH,20220728,3621.0418,3488.9398,3626.0026,3527.1247,3484.7008,136.341,0.0391,15234545,15916496
NHII.NH,20220727,3484.7008,3516.3211,3499.3152,3436.4851,3514.1783,-29.4775,-0.0084,13126485,15912661
NHII.NH,20220726,3514.1783,3425.6258,3515.4214,3418.5472,3418.998,95.1802,0.0278,14285565,15813937
NHII.NH,20220725,3418.998,3399.984,3459.8385,3407.7267,3407.3735,11.6245,0.0034,15053986,15714523
NHII.NH,20220722,3407.3735,3339.0963,3418.5091,3341.105,3363.1687,44.2048,0.0131,15522278,15937937
NHII.NH,20220721,3363.1687,3379.8016,3391.514,3351.3803,3383.7578,-20.5891,-0.0061,15500071,15748469
NHII.NH,20220720,3383.7578,3346.8952,3437.3528,3368.34,3367.4597,16.2981,0.0048,17072828,15758221
NHII.NH,20220719,3367.4597,3410.0777,3450.8533,3356.1601,3408.5516,-41.0919,-0.0121,16235810,15563065
NHII.NH,20220718,3408.5516,3251.59,3417.4668,3320.7212,3232.8658,175.6858,0.0543,18070233,15483614
NHII.NH,20220715,3232.8658,3337.3164,3326.4044,3232.1881,3369.7889,-136.9231,-0.0406,18570515,15890468
NHII.NH,20220714,3369.7889,3420.4768,3430.258,3368.6008,3443.6839,-73.895,-0.0215,16277151,15607733
NHII.NH,20220713,3443.6839,3450.0547,3453.4401,3391.944,3466.1248,-22.4408,-0.0065,17058931,15763975
NHII.NH,20220712,3466.1248,3539.2806,3551.7436,3461.978,3543.5809,-77.4562,-0.0219,15637615,15679363
NHII.NH,20220711,3543.5809,3569.683,3561.9959,3504.8638,3568.6096,-25.0286,-0.007,17176302,15678857
NHII.NH,20220708,3568.6096,3584.6118,3633.7435,3567.1223,3565.6288,2.9808,0.0008,13664285,15261022
NHII.NH,20220707,3565.6288,3577.7654,3614.2142,3504.5506,3577.0857,-11.4569,-0.0032,17327749,15290126
NHII.NH,20220706,3577.0857,3627.212,3583.1971,3471.3036,3650.6485,-73.5628,-0.0202,18708406,15183222
NHII.NH,20220705,3650.6485,3635.282,3693.5585,3647.9404,3627.5043,23.1442,0.0064,13550181,15242812
NHII.NH,20220704,3627.5043,3648.2516,3647.879,3593.6116,3638.4245,-10.9202,-0.003,14003442,15075782
NHII.NH,20220701,3638.4245,3726.8788,3697.9124,3614.6788,3731.973,-93.5485,-0.0251,15848802,15052668
NHII.NH,20220630,3731.973,3775.5767,3790.2833,3728.9841,3764.6453,-32.6722,-0.0087,13229803,14853362
NHII.NH,20220629,3764.6453,3786.4193,3795.5164,3731.9182,3785.3881,-20.7429,-0.0055,14660826,14983255
NHII.NH,20220628,3785.3881,3703.093,3787.1246,3702.6602,3699.3845,86.0036,0.0232,13218997,14947063
NHII.NH,20220627,3699.3845,3631.4781,3708.8097,3654.4289,3609.5048,89.8798,0.0249,15973655,15025154
NHII.NH,20220624,3609.5048,3719.7487,3692.2037,3606.6366,3708.081,-98.5763,-0.0266,16548321,15140987
NHII.NH,20220623,3708.081,3650.6614,3721.5647,3621.9866,3655.3484,52.7326,0.0144,15891059,15001200
NHII.NH,20220622,3655.3484,3750.1569,3768.3994,3640.1378,3745.3322,-89.9837,-0.024,15067693,14862390
NHII.NH,20220621,3745.3322,3713.7016,3790.4051,3719.9396,3714.56,30.7722,0.0083,15878581,14673012
NHII.NH,20220620,3714.56,3869.6478,3797.5193,3701.8269,3882.7861,-168.2261,-0.0433,17887825,14637841
NHII.NH,20220617,3882.7861,3921.5906,3922.0622,3877.9307,3933.313,-50.5269,-0.0128,15039170,14569533
NHII.NH,20220616,3933.313,3950.7646,3983.6704,3929.0904,3949.4005,-16.0875,-0.0041,11964761,14402280
NHII.NH,20220615,3949.4005,4042.0951,4020.8775,3949.1292,4041.3572,-91.9567,-0.0228,13618616,14601893
NHII.NH,20220614,4041.3572,4055.1328,4062.3827,4011.4142,4056.9977,-15.6405,-0.0039,14217123,14649016
NHII.NH,20220613,4056.9977,4119.3271,4077.8969,4037.4974,4120.0308,-63.0331,-0.0153,12861688,14692990
NHII.NH,20220610,4120.0308,4127.9211,4136.6325,4094.2185,4135.7132,-15.6824,-0.0038,13119833,14725645
NHII.NH,20220609,4135.7132,4163.9932,4185.1386,4128.4219,4163.7391,-28.0259,-0.0067,12960632,14766070
NHII.NH,20220608,4163.7391,4109.4656,4171.3169,4126.4932,4117.1141,46.625,0.0113,13808419,14742752
NHII.NH,20220607,4117.1141,4115.0155,4141.7225,4110.4267,4113.7443,3.3698,0.0008,11785185,14562859
NHII.NH,20220606,4113.7443,4082.4626,4146.9652,4082.4626,4073.9178,39.8265,0.0098,9510898,14473904
NHII.NH,20220602,4073.9178,4044.3421,4078.1919,4024.0086,4037.6436,36.2742,0.009,11457455,14038626
NHII.NH,20220601,4037.6436,4056.3949,4049.2138,4010.1549,4057.0286,-19.385,-0.0048,12095650,14208316
NHII.NH,20220531,4057.0286,3999.2318,4057.4529,4016.7768,3996.7818,60.2468,0.0151,10581620,13968564
NHII.NH,20220530,3996.7818,3959.1805,4024.2036,3986.3918,3960.933,35.8489,0.0091,11795439,14020122
NHII.NH,20220527,3960.933,3894.2748,3979.9025,3946.8163,3892.5808,68.3521,0.0176,12038445,13902385
NHII.NH,20220526,3892.5808,3885.158,3900.1292,3836.5883,3893.805,-1.2242,-0.0003,13370305,14064408
NHII.NH,20220525,3893.805,3855.2571,3903.0074,3850.9808,3844.7312,49.0739,0.0128,12186483,13945088
NHII.NH,20220524,3844.7312,3924.3298,3915.2366,3844.3813,3921.9658,-77.2347,-0.0197,12004496,13927572
NHII.NH,20220523,3921.9658,3917.9205,3963.3035,3896.3593,3914.5471,7.4187,0.0019,12389246,13738237
NHII.NH,20220520,3914.5471,3844.7518,3927.5658,3891.0472,3872.0635,42.4836,0.011,12585220,13714959
NHII.NH,20220519,3872.0635,3857.3589,3885.4097,3802.6665,3851.7232,20.3403,0.0053,12394617,13543946
NHII.NH,20220518,3851.7232,3941.4914,3928.3233,3851.1397,3936.4414,-84.7182,-0.0215,11843798,13706724
NHII.NH,20220517,3936.4414,3914.8941,3971.5597,3914.987,3908.4231,28.0184,0.0072,10611810,13411105
NHII.NH,20220516,3908.4231,3893.1535,3922.6965,3865.9292,3874.8932,33.5298,0.0087,12536143,13461269
NHII.NH,20220513,3874.8932,3811.4584,3884.8196,3827.4095,3818.8278,56.0654,0.0147,13040900,13411564
NHII.NH,20220512,3818.8278,3848.5955,3900.8994,3804.9069,3848.2468,-29.419,-0.0076,15292148,13403072
NHII.NH,20220511,3848.2468,3794.457,3872.9518,3765.154,3785.9395,62.3073,0.0165,11854962,12987149
NHII.NH,20220510,3785.9395,3853.4326,3802.092,3730.7329,3873.0735,-87.134,-0.0225,14457654,12950442
NHII.NH,20220509,3873.0735,3928.7561,3905.399,3846.9328,3924.852,-51.7784,-0.0132,14009353,12973512
NHII.NH,20220506,3924.852,4020.8067,3979.7818,3921.7722,4005.4911,-80.6391,-0.0201,12075905,12734146
NHII.NH,20220505,4005.4911,3990.6544,4020.7512,3982.4687,3988.7301,16.761,0.0042,7270686,11951535
NHII.NH,20220429,3988.7301,3922.1177,3994.0738,3912.5976,3924.2418,64.4883,0.0164,11650719,11968142
NHII.NH,20220428,3924.2418,3905.4115,3927.9513,3873.5532,3911.4186,12.8232,0.0033,12129024,12100619
NHII.NH,20220427,3911.4186,3877.7314,3934.4945,3881.5395,3872.1265,39.2921,0.0101,12223632,12450558
NHII.NH,20220426,3872.1265,3832.8769,3913.6296,3811.981,3840.0346,32.0919,0.0084,12601886,12287026
NHII.NH,20220425,3840.0346,4024.6722,3946.1514,3837.9074,4026.4807,-186.4462,-0.0463,15327255,12469813
NHII.NH,20220422,4026.4807,4070.8894,4085.8985,4019.1912,4076.305,-49.8243,-0.0122,11307241,12577487
NHII.NH,20220421,4076.305,4067.2694,4098.7665,4054.3162,4066.691,9.614,0.0024,10956322,12744418
NHII.NH,20220420,4066.691,4071.5145,4106.2589,4056.9209,4082.6585,-15.9675,-0.0039,11478973,12684146
NHII.NH,20220419,4082.6585,4114.5403,4166.8324,4076.0848,4107.3556,-24.6971,-0.006,11763065,12664772
NHII.NH,20220418,4107.3556,4084.3497,4122.9663,4092.8505,4086.0815,21.2741,0.0052,11542497,12778785
NHII.NH,20220415,4086.0815,4029.2962,4101.5937,4047.4166,4027.9115,58.17,0.0144,10511328,12865641
NHII.NH,20220414,4027.9115,3985.8631,4041.7143,3995.7605,3969.177,58.7345,0.0148,10523996,12588265
NHII.NH,20220413,3969.177,3981.2354,4007.4708,3953.6345,3977.0055,-7.8286,-0.002,12136973,12767997
NHII.NH,20220412,3977.0055,3877.1978,3978.2121,3883.2394,3879.5684,97.4371,0.0251,11370672,12598434
NHII.NH,20220411,3879.5684,3954.9241,3932.9605,3856.05,3952.5554,-72.987,-0.0185,11069372,12469072
NHII.NH,20220408,3952.5554,3953.734,3956.7478,3902.5547,3950.0926,2.4628,0.0006,10898689,12259393
NHII.NH,20220407,3950.0926,4050.0122,4014.3636,3941.0317,4045.7347,-95.6421,-0.0236,11038228,12163888
NHII.NH,20220406,4045.7347,3996.3372,4073.0172,3996.3372,3995.1249,50.6099,0.0127,7210710,11944769
NHII.NH,20220401,3995.1249,3989.8152,4016.6065,3979.3374,3999.8351,-4.7102,-0.0012,11034433,11858765
NHII.NH,20220331,3999.8351,4047.3112,4060.266,3960.9775,4035.1437,-35.3086,-0.0088,12330154,12122501
NHII.NH,20220330,4035.1437,3942.0757,4035.1934,3947.932,4002.4053,32.7385,0.0082,12339883,12547010
NHII.NH,20220329,4002.4053,4010.1119,4012.3879,3970.7421,4014.9811,-12.5758,-0.0031,10632781,12695967
NHII.NH,20220328,4014.9811,4054.3124,4064.857,3996.8595,4072.4927,-57.5117,-0.0141,13284238,12866766
NHII.NH,20220325,4072.4927,4004.9878,4079.0597,4020.571,3996.3916,76.1011,0.019,11823354,12985952
NHII.NH,20220324,3996.3916,3953.0936,4052.2673,3992.3371,3928.9237,67.4679,0.0172,10862069,12884168
NHII.NH,20220323,3928.9237,3891.2193,3938.2081,3882.4033,3903.0789,25.8449,0.0066,10203902,12934417
NHII.NH,20220322,3903.0789,3876.7483,3941.7075,3876.7483,3879.2129,23.866,0.0062,9537089,12840064
NHII.NH,20220321,3879.2129,3880.8699,3916.6189,3862.0178,3901.9229,-22.71,-0.0058,10923548,12786118
NHII.NH,20220318,3901.9229,3815.7122,3901.9229,3815.7122,3784.3381,117.5847,0.0311,10486859,12529051
NHII.NH,20220317,3784.3381,3825.1189,3825.1189,3754.3521,3821.1162,-36.7781,-0.0096,10622863,12445791
NHII.NH,20220316,3821.1162,3688.7405,3821.7671,3688.7405,3707.2742,113.842,0.0307,11103476,12265259
NHII.NH,20220315,3707.2742,3770.2817,3782.5713,3695.5606,3778.5164,-71.2422,-0.0189,13408740,12236533
NHII.NH,20220314,3778.5164,3885.1555,3885.1555,3777.6335,3909.9712,-131.4548,-0.0336,12564000,12206984
NHII.NH,20220311,3909.9712,3984.802,3984.802,3867.4817,3961.1902,-51.219,-0.0129,13439689,12232294
NHII.NH,20220310,3961.1902,4054.2476,4054.2476,3890.3604,4112.5181,-151.3279,-0.0368,15185876,12075040
NHII.NH,20220309,4112.5181,4055.6738,4156.8076,4055.6738,4083.0266,29.4915,0.0072,15630073,12854469
NHII.NH,20220308,4083.0266,4076.6775,4136.7564,4025.1143,4083.8416,-0.8149,-0.0002,17725294,13009353
NHII.NH,20220307,4083.8416,3852.7607,4084.6963,3852.7607,3841.1719,242.6697,0.0632,14832597,13580926
NHII.NH,20220304,3841.1719,3878.8245,3878.967,3800.1257,3873.2976,-32.1257,-0.0083,15685955,13542452
NHII.NH,20220303,3873.2976,3775.502,3882.0056,3775.502,3749.2524,124.0452,0.0331,16394706,13720884
NHII.NH,20220302,3749.2524,3677.5505,3760.4771,3677.5505,3644.7896,104.4629,0.0287,13715779,13669082
NHII.NH,20220301,3644.7896,3570.179,3646.8171,3570.179,3577.1941,67.5955,0.0189,11331285,13388699
NHII.NH,20220228,3577.1941,3506.4668,3583.7966,3506.4668,3515.0864,62.1077,0.0177,12818921,13435749
NHII.NH,20220225,3515.0864,3620.0606,3620.0606,3466.5371,3595.7556,-80.6692,-0.0224,15623032,13665024
NHII.NH,20220224,3595.7556,3576.5706,3617.5867,3557.6785,3576.7073,19.0483,0.0053,13790823,13666525
NHII.NH,20220223,3576.7073,3556.5698,3594.4656,3553.3127,3551.876,24.8313,0.007,9566763,13419531
NHII.NH,20220222,3551.876,3561.0276,3608.9475,3551.2107,3553.6668,-1.7908,-0.0005,11138964,13431841
NHII.NH,20220221,3553.6668,3507.3469,3555.8025,3507.2752,3520.4063,33.2605,0.0094,10565191,13335384
NHII.NH,20220218,3520.4063,3456.519,3524.6084,3456.519,3462.7915,57.6148,0.0166,10427509,13266062
NHII.NH,20220217,3462.7915,3516.7966,3516.7966,3445.9736,3508.5125,-45.721,-0.013,11757268,13287869
NHII.NH,20220216,3508.5125,3487.8135,3513.2529,3471.54,3505.6384,2.874,0.0008,10834210,12969000
NHII.NH,20220215,3505.6384,3556.8662,3556.8662,3479.6199,3576.4263,-70.7878,-0.0198,12546048,12992579
NHII.NH,20220214,3576.4263,3556.5754,3609.8315,3556.5754,3546.6477,29.7786,0.0084,12216353,12882177
NHII.NH,20220211,3546.6477,3615.585,3617.1765,3546.5098,3594.8079,-48.1602,-0.0134,12200564,12973707
NHII.NH,20220210,3594.8079,3521.6865,3599.6897,3521.6865,3531.3828,63.4251,0.018,9784030,12800296
NHII.NH,20220209,3531.3828,3608.4797,3608.4797,3526.8123,3621.7693,-90.3865,-0.025,11058084,12489708
NHII.NH,20220208,3621.7693,3576.2034,3628.208,3576.2034,3578.2681,43.5012,0.0122,9673561,12366834
NHII.NH,20220207,3578.2681,3518.553,3589.4026,3518.553,3489.5132,88.7549,0.0254,7418873,11987351
NHII.NH,20220128,3489.5132,3463.2241,3489.5132,3458.2249,3449.928,39.5852,0.0115,9615222,11825622
NHII.NH,20220127,3449.928,3456.978,3475.5652,3442.8604,3445.3877,4.5403,0.0013,9726877,12294215
NHII.NH,20220126,3445.3877,3412.7566,3447.3765,3408.4094,3412.9712,32.4165,0.0095,10128517,12741191
NHII.NH,20220125,3412.9712,3400.0684,3413.554,3373.8496,3404.8511,8.1201,0.0024,10145054,12831307
NHII.NH,20220124,3404.8511,3440.7644,3480.8716,3404.4343,3438.3193,-33.4683,-0.0097,11931502,13175261
NHII.NH,20220121,3438.3193,3460.063,3460.063,3415.9085,3463.728,-25.4087,-0.0073,11991596,13432176
NHII.NH,20220120,3463.728,3427.6292,3470.5437,3415.3501,3423.5803,40.1477,0.0117,10627419,13529369
NHII.NH,20220119,3423.5803,3396.8237,3459.1892,3396.8237,3393.074,30.5064,0.009,12085634,13503750
NHII.NH,20220118,3393.074,3340.6504,3393.5088,3334.1968,3342.303,50.771,0.0152,10320909,13340191
NHII.NH,20220117,3342.303,3386.0513,3386.0513,3327.6563,3385.3347,-43.0317,-0.0127,11670352,13223526
NHII.NH,20220114,3385.3347,3361.48,3387.3208,3360.7471,3361.2532,24.0816,0.0072,11047518,13360810
NHII.NH,20220113,3361.2532,3376.6255,3412.4041,3360.7192,3370.6489,-9.3958,-0.0028,10715732,13249407
NHII.NH,20220112,3370.6489,3334.0618,3373.9329,3334.0618,3322.2671,48.3818,0.0146,10484698,13054159
NHII.NH,20220111,3322.2671,3310.9199,3328.7427,3286.9815,3311.1672,11.0999,0.0034,10337020,12960095
NHII.NH,20220110,3311.1672,3334.0393,3334.0393,3298.3965,3337.6296,-26.4624,-0.0079,9992901,12709440
NHII.NH,20220107,3337.6296,3291.3677,3339.0898,3291.3677,3288.696,48.9336,0.0149,11511926,12937841
NHII.NH,20220106,3288.696,3281.9956,3298.1692,3270.8865,3278.3377,10.3584,0.0032,10460025,12873752
NHII.NH,20220105,3278.3377,3258.936,3288.7122,3258.936,3252.375,25.9627,0.008,10459888,12763864
NHII.NH,20220104,3252.375,3229.7842,3253.2637,3216.6152,3210.7527,41.6223,0.013,8667906,12695862
NHII.NH,20211231,3210.7527,3191.5679,3215.0728,3175.0225,3194.971,15.7817,0.0049,10682515,12686827
NHII.NH,20211230,3194.971,3188.5327,3215.6257,3181.3687,3189.3743,5.5967,0.0018,11354589,13049405
NHII.NH,20211229,3189.3743,3183.7322,3193.6687,3158.3879,3183.0859,6.2883,0.002,10603424,13033930
NHII.NH,20211228,3183.0859,3156.0315,3192.9546,3156.0315,3156.356,26.73,0.0085,11037240,13276993
NHII.NH,20211227,3156.356,3239.8816,3239.8816,3153.5164,3242.137,-85.781,-0.0265,12621474,13308509
NHII.NH,20211224,3242.137,3211.0151,3246.6091,3211.0151,3209.6406,32.4963,0.0101,11084961,13358967
NHII.NH,20211223,3209.6406,3175.2595,3214.365,3175.2595,3176.095,33.5457,0.0106,10702254,13418725
NHII.NH,20211222,3176.095,3159.4731,3200.3865,3159.4731,3164.0064,12.0886,0.0038,11603436,13323044
NHII.NH,20211221,3164.0064,3124.1182,3173.731,3124.1182,3128.5256,35.4807,0.0113,12523890,13265138
NHII.NH,20211220,3128.5256,3187.9023,3203.9734,3126.1323,3193.9988,-65.4732,-0.0205,14236179,13284333
NHII.NH,20211217,3193.9988,3171.2507,3212.5134,3171.2507,3174.0068,19.9919,0.0063,11698270,13128294
NHII.NH,20211216,3174.0068,3108.7856,3176.6814,3108.7856,3109.561,64.4458,0.0207,11588497,13240297
NHII.NH,20211215,3109.561,3124.6594,3137.6785,3103.5479,3126.8398,-17.2788,-0.0055,11519057,13418823
NHII.NH,20211214,3126.8398,3151.3496,3151.3496,3111.803,3163.0278,-36.188,-0.0114,10780588,13280367
NHII.NH,20211213,3163.0278,3082.3909,3164.1277,3082.3909,3078.3088,84.719,0.0275,13256011,13520204
NHII.NH,20211210,3078.3088,3081.3533,3103.8149,3065.9502,3099.1343,-20.8254,-0.0067,12296285,13309846
NHII.NH,20211209,3099.1343,3110.596,3134.1184,3093.1619,3109.8516,-10.7173,-0.0034,13607830,13489829
NHII.NH,20211208,3109.8516,3125.2439,3149.7195,3105.7024,3114.4546,-4.603,-0.0015,12622615,13500434
NHII.NH,20211207,3114.4546,3055.2227,3137.5103,3055.2227,3047.0657,67.3889,0.0221,13336153,13549866
NHII.NH,20211206,3047.0657,3068.5408,3084.4675,3031.5396,3060.0996,-13.0339,-0.0043,13381707,13732148
NHII.NH,20211203,3060.0996,3010.7817,3072.2988,3010.7817,3024.7688,35.3308,0.0117,16066193,13894213
NHII.NH,20211202,3024.7688,3083.7026,3083.7026,3024.3997,3076.7175,-51.9487,-0.0169,15203715,13601185
NHII.NH,20211201,3076.7175,3038.9011,3096.4556,3032.5291,3033.176,43.5415,0.0144,15377617,13562588
NHII.NH,20211130,3033.176,3072.7693,3090.5962,3007.6665,3071.907,-38.731,-0.0126,15938676,13640276
NHII.NH,20211129,3071.907,3061.7669,3094.1809,3043.781,3090.5496,-18.6426,-0.006,16832116,13524535
NHII.NH,20211126,3090.5496,3216.6514,3216.6514,3089.0313,3213.7148,-123.1653,-0.0383,15187611,13478765
NHII.NH,20211125,3213.7148,3204.6318,3238.0244,3196.2068,3208.5244,5.1904,0.0016,14516154,13362528
NHII.NH,20211124,3208.5244,3098.7893,3209.0227,3098.7893,3094.8596,113.6648,0.0367,16190519,13466968
NHII.NH,20211123,3094.8596,3059.2571,3141.0974,3059.2571,3058.1646,36.6951,0.012,16342368,13687311
NHII.NH,20211122,3058.1646,3018.3899,3075.3381,3018.3899,3056.656,1.5085,0.0005,17220560,13696221
NHII.NH,20211119,3056.656,2970.6978,3077.1387,2970.6978,2965.1318,91.5242,0.0309,18298642,13604255
NHII.NH,20211118,2965.1318,3033.4536,3033.4536,2963.7249,3031.6646,-66.5327,-0.0219,15772885,13803070
NHII.NH,20211117,3031.6646,3010.2336,3052.4441,2994.1816,3018.4807,13.1838,0.0044,15058195,13446489
NHII.NH,20211116,3018.4807,3014.8335,3072.2271,3014.8335,3014.6692,3.8115,0.0013,15615354,13191457
NHII.NH,20211115,3014.6692,3073.6677,3092.2739,3012.3579,3090.5017,-75.8325,-0.0245,17381634,13323692
NHII.NH,20211112,3090.5017,3157.4734,3157.4734,3084.1809,3160.2483,-69.7466,-0.0221,16961388,13217285
NHII.NH,20211111,3160.2483,3099.8237,3181.1013,3085.0659,3102.9431,57.3052,0.0185,18068588,12774538
NHII.NH,20211110,3102.9431,3113.0776,3113.0776,3041.116,3115.0166,-12.0735,-0.0039,18986532,13050279
NHII.NH,20211109,3115.0166,3147.0496,3149.2241,3105.7854,3149.2566,-34.24,-0.0109,13837408,12914122
NHII.NH,20211108,3149.2566,3116.6074,3175.5183,3116.6074,3110.2017,39.0549,0.0126,15809709,12782875
NHII.NH,20211105,3110.2017,3157.8032,3157.8032,3090.4292,3138.3735,-28.1719,-0.009,18463120,12917069
NHII.NH,20211104,3138.3735,3230.8601,3230.8601,3109.5369,3232.9124,-94.5388,-0.0292,18924616,12726494
NHII.NH,20211103,3232.9124,3150.7168,3250.4712,3150.7168,3151.948,80.9644,0.0257,18875812,12483661
NHII.NH,20211102,3151.948,3198.9248,3238.1084,3089.3611,3194.1375,-42.1895,-0.0132,20654986,12470851
NHII.NH,20211101,3194.1375,3239.9888,3256.3064,3187.5032,3245.8001,-51.6626,-0.0159,19134444,12226010
NHII.NH,20211029,3245.8001,3322.8523,3342.6824,3215.2925,3321.4399,-75.6399,-0.0228,21932068,12002804
NHII.NH,20211028,3321.4399,3337.1392,3397.7617,3232.3364,3383.6443,-62.2044,-0.0184,29506272,11719354
NHII.NH,20211027,3383.6443,3522.064,3522.064,3375.6816,3518.4998,-134.8555,-0.0383,23881402,12204177
NHII.NH,20211026,3518.4998,3510.9885,3532.2048,3449.8245,3508.6304,9.8694,0.0028,20583524,11986553
NHII.NH,20211025,3508.6304,3519.1655,3556.3403,3499.6025,3506.0044,2.626,0.0007,21593816,11769173
NHII.NH,20211022,3506.0044,3545.6873,3566.8254,3446.7336,3584.1917,-78.1873,-0.0218,26726950,11587860
NHII.NH,20211021,3584.1917,3648.0073,3763.9514,3578.2554,3703.8123,-119.6206,-0.0323,22540552,11692416
NHII.NH,20211020,3703.8123,3822.5327,3822.5327,3697.4207,3836.4141,-132.6018,-0.0346,19800400,11301696
NHII.NH,20211019,3836.4141,3853.4185,3873.1692,3803.1558,3846.3648,-9.9507,-0.0026,18413288,11494344
NHII.NH,20211018,3846.3648,3783.7048,3861.8289,3754.1016,3771.344,75.0208,0.0199,20851192,11562281
NHII.NH,20211015,3771.344,3717.0574,3783.1133,3699.4551,3707.1848,64.1592,0.0173,19317956,11530691
NHII.NH,20211014,3707.1848,3664.189,3729.7866,3634.5859,3665.7898,41.395,0.0113,17988192,11323071
NHII.NH,20211013,3665.7898,3712.2363,3745.7595,3578.9009,3709.3811,-43.5913,-0.0118,23642040,11246500
NHII.NH,20211012,3709.3811,3735.7483,3749.3516,3691.6248,3724.9922,-15.6111,-0.0042,19168016,11416678
NHII.NH,20211011,3724.9922,3610.5842,3725.9436,3610.5842,3604.0149,120.9773,0.0336,17571594,11594290
NHII.NH,20211008,3604.0149,3568.9356,3653.1086,3565.115,3544.5747,59.4402,0.0168,11750450,10938860
NHII.NH,20210930,3544.5747,3471.4885,3545.709,3471.4885,3463.0701,81.5046,0.0235,14839314,10829770
NHII.NH,20210929,3463.0701,3488.4902,3488.4902,3442.8242,3491.9819,-28.9119,-0.0083,16217429,11459940
NHII.NH,20210928,3491.9819,3431.2127,3495.5784,3427.0291,3428.471,63.511,0.0185,15955783,12164487
NHII.NH,20210927,3428.471,3383.9473,3471.5637,3383.9473,3378.2388,50.2322,0.0149,18787228,12261054
NHII.NH,20210924,3378.2388,3395.7095,3411.616,3348.4797,3398.4326,-20.1939,-0.0059,18361188,12219535
NHII.NH,20210923,3398.4326,3357.6335,3412.7366,3357.6335,3357.3721,41.0606,0.0122,16299344,12414676
NHII.NH,20210922,3357.3721,3265.8958,3357.5422,3241.6602,3279.5815,77.7905,0.0237,12219867,12009528
NHII.NH,20210917,3279.5815,3309.1282,3314.523,3274.3184,3311.3284,-31.7468,-0.0096,16173743,11803701
NHII.NH,20210916,3311.3284,3330.3023,3380.189,3310.6511,3323.6311,-12.3027,-0.0037,17733302,12357290
NHII.NH,20210915,3323.6311,3303.4468,3339.2544,3273.687,3301.0335,22.5977,0.0068,16511621,12582566
NHII.NH,20210914,3301.0335,3325.5794,3343.3296,3299.2424,3320.0169,-18.9834,-0.0057,16136169,12662360
NHII.NH,20210913,3320.0169,3319.8069,3383.6777,3312.2029,3304.7253,15.2915,0.0046,15840883,13156439
NHII.NH,20210910,3304.7253,3336.844,3339.8042,3293.169,3344.3491,-39.6238,-0.0118,14344649,12964430
NHII.NH,20210909,3344.3491,3303.2451,3372.8284,3296.52,3295.3709,48.9783,0.0149,14572585,13119795
NHII.NH,20210908,3295.3709,3311.6768,3311.6768,3263.0742,3319.9695,-24.5986,-0.0074,14840145,12882574
NHII.NH,20210907,3319.9695,3268.3027,3324.6438,3268.3027,3261.7324,58.2371,0.0179,12310405,12737962
NHII.NH,20210906,3261.7324,3264.7483,3279.9368,3245.9668,3258.8079,2.9246,0.0009,13209487,12479942
NHII.NH,20210903,3258.8079,3222.7905,3264.9229,3222.7905,3227.4563,31.3516,0.0097,13803168,12416174
NHII.NH,20210902,3227.4563,3188.9619,3244.5413,3188.9619,3190.7095,36.7468,0.0115,15725243,12291135
NHII.NH,20210901,3190.7095,3200.6204,3200.6204,3169.9976,3206.595,-15.8855,-0.005,14799493,12367263
NHII.NH,20210831,3206.595,3228.0161,3229.728,3198.6165,3224.4099,-17.8149,-0.0055,12103828,12512394
NHII.NH,20210830,3224.4099,3202.4072,3235.5764,3199.1775,3197.6165,26.7935,0.0084,14028724,12535276
NHII.NH,20210827,3197.6165,3164.0505,3200.4749,3146.9661,3167.0132,30.6033,0.0097,14378899,12535672
NHII.NH,20210826,3167.0132,3206.6624,3215.9517,3166.6721,3199.1387,-32.1255,-0.01,13784504,12748698
NHII.NH,20210825,3199.1387,3174.6782,3206.7261,3174.6782,3168.7127,30.426,0.0096,12349191,12635924
NHII.NH,20210824,3168.7127,3101.8806,3169.512,3101.8806,3094.9465,73.7661,0.0238,14745768,12691710
NHII.NH,20210823,3094.9465,3042.843,3110.1475,3042.843,3051.1182,43.8284,0.0144,15649032,13047698
NHII.NH,20210820,3051.1182,3034.396,3060.4631,3026.0151,3045.5225,5.5957,0.0018,15722922,12928969
NHII.NH,20210819,3045.5225,3108.669,3108.669,3039.5991,3113.7329,-68.2105,-0.0219,18465234,13116926
NHII.NH,20210818,3113.7329,3146.9963,3146.9963,3100.8506,3149.2515,-35.5186,-0.0113,15768422,13199323
NHII.NH,20210817,3149.2515,3134.8835,3159.1934,3134.8835,3142.9165,6.335,0.002,12744955,13065026
NHII.NH,20210816,3142.9165,3164.2612,3175.2595,3138.8535,3161.0898,-18.1733,-0.0057,15312805,13022390
NHII.NH,20210813,3161.0898,3154.3599,3165.0706,3138.9197,3156.3948,4.6951,0.0015,12864092,12864221
NHII.NH,20210812,3156.3948,3185.2383,3187.9932,3156.3948,3187.5366,-31.1418,-0.0098,14344820,12963588
NHII.NH,20210811,3187.5366,3150.5618,3187.8696,3150.5618,3151.2996,36.2371,0.0115,13282659,12974556
NHII.NH,20210810,3151.2996,3107.7239,3151.2996,3107.7239,3117.9126,33.387,0.0107,14489428,12815774
NHII.NH,20210809,3117.9126,3164.376,3164.376,3097.8557,3161.7742,-43.8616,-0.0139,16349932,12913097
NHII.NH,20210806,3161.7742,3120.2644,3173.2512,3120.2644,3116.6194,45.1548,0.0145,14552161,12867661
NHII.NH,20210805,3116.6194,3166.6038,3166.6038,3114.718,3175.8269,-59.2075,-0.0186,16395093,12804568
NHII.NH,20210804,3175.8269,3120.9348,3178.4334,3120.9348,3132.5117,43.3152,0.0138,14146773,12747069
NHII.NH,20210803,3132.5117,3193.8018,3193.8018,3131.6882,3193.9075,-61.3958,-0.0192,14637956,12600388
NHII.NH,20210802,3193.9075,3235.9294,3235.9294,3165.3333,3244.7527,-50.8452,-0.0157,18447426,12923177
NHII.NH,20210730,3244.7527,3259.0337,3272.2078,3211.3057,3258.5476,-13.7949,-0.0042,15365625,13533980
NHII.NH,20210729,3258.5476,3234.0957,3259.2366,3229.3731,3231.4219,27.1257,0.0084,12043639,13086625
NHII.NH,20210728,3231.4219,3201.5464,3247.5369,3201.5464,3198.5208,32.9011,0.0103,12589622,13068064
NHII.NH,20210727,3198.5208,3211.5952,3256.2427,3190.9468,3205.429,-6.9082,-0.0022,13190803,13137738
NHII.NH,20210726,3205.429,3190.2173,3233.4351,3190.2173,3189.2566,16.1724,0.0051,14076725,13357787
NHII.NH,20210723,3189.2566,3189.2566,3199.1016,3166.5588,3164.4192,24.8374,0.0078,12843332,13383686
NHII.NH,20210722,3164.4192,3147.575,3169.971,3133.7263,3135.8523,28.5669,0.0091,14602899,13496550
NHII.NH,20210721,3135.8523,3151.4182,3169.3108,3124.2092,3158.7869,-22.9346,-0.0073,13526674,13173758
NHII.NH,20210720,3158.7869,3177.8091,3177.8091,3122.489,3192.8618,-34.075,-0.0107,15841101,13219210
NHII.NH,20210719,3192.8618,3191.4204,3210.5154,3173.2271,3186.3508,6.511,0.002,13698324,13220601
NHII.NH,20210716,3186.3508,3169.6577,3210.6628,3165.0559,3166.9822,19.3687,0.0061,14295769,13193666
NHII.NH,20210715,3166.9822,3198.2288,3198.2288,3141.2942,3202.0689,-35.0867,-0.011,14490806,13035190
NHII.NH,20210714,3202.0689,3173.3296,3202.6797,3167.9932,3176.7178,25.3511,0.008,12561869,13061758
NHII.NH,20210713,3176.7178,3130.6609,3176.8132,3130.6609,3134.5877,42.1301,0.0134,10879393,12737403
NHII.NH,20210712,3134.5877,3119.6597,3164.3081,3119.6597,3115.0068,19.5808,0.0063,13608928,12742548
NHII.NH,20210709,3115.0068,3092.1611,3126.4482,3089.0313,3091.238,23.7688,0.0077,13642668,12714368
NHII.NH,20210708,3091.238,3150.2622,3150.2622,3079.459,3147.3086,-56.0706,-0.0178,15393844,12682457
NHII.NH,20210707,3147.3086,3179.947,3179.947,3107.9998,3179.947,-32.6384,-0.0103,17575210,12973370
NHII.NH,20210706,3179.947,3165.7483,3194.6594,3165.7483,3165.6377,14.3093,0.0045,13059132,13151178
NHII.NH,20210705,3165.6377,3105.8999,3168.4014,3105.8999,3101.8225,63.8152,0.0206,14287675,13022904
NHII.NH,20210702,3101.8225,3091.5466,3104.585,3074.6899,3073.2781,28.5444,0.0093,12967695,12521790
NHII.NH,20210701,3073.2781,3095.0151,3112.5801,3072.4331,3088.6504,-15.3723,-0.005,12740990,12331824
NHII.NH,20210630,3088.6504,3074.7874,3098.2651,3066.5132,3064.6345,24.0159,0.0078,12029836,12422410
NHII.NH,20210629,3064.6345,3112.8543,3112.8543,3060.0789,3111.0689,-46.4343,-0.0149,13346047,12260229
NHII.NH,20210628,3111.0689,3141.7495,3141.7495,3092.2876,3139.0881,-28.0193,-0.0089,15023151,12568774
NHII.NH,20210625,3139.0881,3093.4824,3152.2979,3093.4824,3100.1548,38.9333,0.0126,15991297,12624934
NHII.NH,20210624,3100.1548,3103.7791,3119.5652,3080.0584,3099.3425,0.8123,0.0003,12716202,12286517
NHII.NH,20210623,3099.3425,3049.4177,3109.3003,3048.1079,3052.0183,47.3242,0.0155,14229868,12256418
NHII.NH,20210622,3052.0183,3002.4487,3057.4172,3002.4487,3005.4941,46.5242,0.0155,13244523,11905476
NHII.NH,20210621,3005.4941,3043.1357,3062.1604,3002.8232,3043.0728,-37.5786,-0.0123,13624006,11532717
NHII.NH,20210618,3043.0728,3096.8792,3096.8792,3043.0435,3099.3406,-56.2678,-0.0182,16253338,11408128
NHII.NH,20210617,3099.3406,3073.6279,3105.8276,3062.5051,3073.8084,25.5322,0.0083,13528816,11753651
NHII.NH,20210616,3073.8084,3103.0105,3113.023,3064.2434,3099.384,-25.5757,-0.0083,13094292,11648793
NHII.NH,20210615,3099.384,3125.0435,3125.0435,3057.23,3115.0515,-15.6675,-0.005,10846093,11527994
NHII.NH,20210611,3115.0515,3043.8213,3115.3049,3043.8213,3031.9595,83.092,0.0274,13299124,11572655
NHII.NH,20210610,3031.9595,3046.428,3055.5801,3028.7205,3046.0608,-14.1013,-0.0046,12799589,11870091
NHII.NH,20210609,3046.0608,3011.1616,3061.9763,3011.1616,3008.3425,37.7183,0.0125,11301224,11729877
NHII.NH,20210608,3008.3425,2989.0068,3010.2266,2974.1892,2986.9944,21.3482,0.0071,12566221,11730132
NHII.NH,20210607,2986.9944,3057.1204,3071.3709,2986.8552,3038.355,-51.3606,-0.0169,14732121,11862339
NHII.NH,20210604,3038.355,3071.2007,3071.2007,3011.0442,3091.657,-53.302,-0.0172,15820836,11676743
NHII.NH,20210603,3091.657,3049.2625,3120.5989,3049.2625,3045.8201,45.8369,0.015,14303913,11770506
NHII.NH,20210602,3045.8201,3067.8765,3067.8765,3034.2617,3066.8657,-21.0457,-0.0069,14818642,11678158
NHII.NH,20210601,3066.8657,2995.9504,3067.2949,2987.1228,2995.9504,70.9153,0.0237,14189379,10522864
NHII.NH,20210531,2995.9504,2976.1655,3015.9424,2976.1655,2972.2661,23.6843,0.008,14678817,10416521
NHII.NH,20210528,2972.2661,2928.9358,3000.6375,2928.9358,2926.4031,45.863,0.0157,15639281,10403905
NHII.NH,20210527,2926.4031,2890.8003,2940.707,2890.8003,2904.8235,21.5796,0.0074,15150345,10401166
NHII.NH,20210526,2904.8235,2930.0686,2945.6799,2899.4165,2937.1948,-32.3713,-0.011,14767939,10442960
NHII.NH,20210525,2937.1948,2918.5596,2962.6028,2918.5596,2915.7849,21.4099,0.0073,13010491,10145309
NHII.NH,20210524,2915.7849,2935.0064,2935.0064,2860.1572,2914.6362,1.1487,0.0004,17420812,10245697
NHII.NH,20210521,2914.6362,2975.0369,2975.0369,2914.1716,2980.6113,-65.9751,-0.0221,14977815,10180719
NHII.NH,20210520,2980.6113,3020.0022,3020.0022,2934.7783,3048.6245,-68.0132,-0.0223,18218658,10299921
NHII.NH,20210519,3048.6245,3142.8074,3142.8074,3045.1953,3141.9895,-93.365,-0.0297,15641613,10586666
NHII.NH,20210518,3141.9895,3091.3411,3148.0581,3091.3411,3092.1714,49.8181,0.0161,13329283,10490084
NHII.NH,20210517,3092.1714,3069.3765,3113.4473,3069.3765,3052.1985,39.9729,0.0131,16535548,10423605
NHII.NH,20210514,3052.1985,3128.0476,3128.0476,3011.0735,3134.5127,-82.3142,-0.0263,19304588,10396396
NHII.NH,20210513,3134.5127,3229.4033,3232.4089,3105.3738,3239.1538,-104.6411,-0.0323,20728094,10457672
NHII.NH,20210512,3239.1538,3174.0283,3244.4524,3174.0283,3178.8987,60.2551,0.019,15156532,10691881
NHII.NH,20210511,3178.8987,3228.9622,3228.9622,3132.574,3230.0603,-51.1616,-0.0158,16734090,10257864
NHII.NH,20210510,3230.0603,3135.4558,3242.8267,3135.4558,3144.5044,85.5559,0.0272,15036180,10692310
NHII.NH,20210507,3144.5044,3113.115,3146.2288,3108.5166,3108.7578,35.7466,0.0115,12444834,10896168
NHII.NH,20210506,3108.7578,3010.3267,3116.5073,3010.3267,2997.8948,110.863,0.037,9309505,10609081
NHII.NH,20210430,2997.8948,3038.5645,3038.5645,2977.4717,3019.3254,-21.4307,-0.0071,13374001,10425752
NHII.NH,20210429,3019.3254,2995.5923,3033.3198,2995.5923,2990.4815,28.844,0.0096,12585911,11022431
NHII.NH,20210428,2990.4815,2990.084,2992.2078,2964.0361,2991.9612,-1.4797,-0.0005,13363874,11120880
NHII.NH,20210427,2991.9612,2953.238,3000.5225,2953.238,2953.5618,38.3994,0.013,12755686,11219519
NHII.NH,20210426,2953.5618,2919.0071,2982.9346,2919.0071,2921.8057,31.7561,0.0109,16033131,11159887
NHII.NH,20210423,2921.8057,2909.4399,2924.8086,2902.846,2903.5542,18.2515,0.0063,11731203,11109138
NHII.NH,20210422,2903.5542,2901.4099,2917.1711,2887.0071,2911.6677,-8.1135,-0.0028,14742589,11004111
NHII.NH,20210421,2911.6677,2939.1609,2939.1609,2889.3911,2942.8594,-31.1917,-0.0106,12638572,11098781
NHII.NH,20210420,2942.8594,2923.5657,2950.0964,2917.0757,2919.709,23.1504,0.0079,11656329,11076473
NHII.NH,20210419,2919.709,2926.6245,2929.3474,2900.7918,2926.4905,-6.7815,-0.0023,13192391,10927781
NHII.NH,20210416,2926.4905,2900.2122,2938.9639,2900.2122,2902.8413,23.6492,0.0081,14104572,10937469
NHII.NH,20210415,2902.8413,2851.2263,2905.6626,2851.2263,2850.0676,52.7737,0.0185,13626686,10838313
NHII.NH,20210414,2850.0676,2838.6218,2852.9006,2830.5044,2828.1243,21.9434,0.0078,12194033,10699520
NHII.NH,20210413,2828.1243,2802.7395,2829.8982,2801.4502,2795.4089,32.7153,0.0117,12313371,10783487
NHII.NH,20210412,2795.4089,2815.4026,2815.4026,2782.8193,2817.9993,-22.5903,-0.008,15294555,10934629
NHII.NH,20210409,2817.9993,2833.8481,2847.1558,2814.5115,2828.6819,-10.6826,-0.0038,12695015,11044255
NHII.NH,20210408,2828.6819,2847.5588,2847.5588,2822.0332,2847.908,-19.2261,-0.0068,13467784,10868646
NHII.NH,20210407,2847.908,2848.0435,2862.5098,2830.8384,2845.9924,1.9155,0.0007,13208087,10891696
NHII.NH,20210406,2845.9924,2845.8799,2869.679,2831.835,2871.8919,-25.8994,-0.009,9515665,10702823
NHII.NH,20210402,2871.8919,2808.7415,2872.4666,2808.7415,2808.3379,63.554,0.0226,14493543,10588822
NHII.NH,20210401,2808.3379,2803.988,2817.6128,2786.302,2806.9668,1.3711,0.0005,12391373,10461855
NHII.NH,20210331,2806.9668,2812.7041,2823.1121,2791.9729,2822.8679,-15.9011,-0.0056,13922789,10496043
NHII.NH,20210330,2822.8679,2829.4627,2839.198,2820.2766,2815.6323,7.2356,0.0026,12309756,10558613
NHII.NH,20210329,2815.6323,2788.9468,2832.2112,2788.9468,2784.7456,30.8867,0.0111,14400194,10692758
NHII.NH,20210326,2784.7456,2739.0405,2785.7246,2739.0405,2747.9197,36.8259,0.0134,13976164,10683651
NHII.NH,20210325,2747.9197,2757.5684,2772.2398,2743.4915,2745.4824,2.4373,0.0009,12602320,10773371
NHII.NH,20210324,2745.4824,2738.6311,2746.3013,2711.3364,2763.7231,-18.2407,-0.0066,14501445,10730810
NHII.NH,20210323,2763.7231,2759.3767,2773.658,2739.762,2757.7622,5.9609,0.0022,13594557,10603109
NHII.NH,20210322,2757.7622,2747.2642,2784.2925,2747.2642,2748.4756,9.2866,0.0034,15332313,10541513
NHII.NH,20210319,2748.4756,2837.1824,2837.1824,2742.5935,2844.5649,-96.0894,-0.0338,18905738,10625020
NHII.NH,20210318,2844.5649,2850.0398,2863.5645,2829.3347,2861.5544,-16.9895,-0.0059,13911713,10519079
NHII.NH,20210317,2861.5544,2830.2627,2863.1594,2822.5271,2834.884,26.6704,0.0094,12776736,10465331
NHII.NH,20210316,2834.884,2845.2708,2858.4421,2830.8272,2853.8606,-18.9766,-0.0066,13670782,10414854
NHII.NH,20210315,2853.8606,2850.2883,2876.168,2833.7488,2846.877,6.9837,0.0025,15020017,10538337
NHII.NH,20210312,2846.877,2870.3672,2892.2041,2839.511,2867.4194,-20.5425,-0.0072,15188440,10495737
NHII.NH,20210311,2867.4194,2827.3843,2874.3831,2802.3044,2811.5781,55.8413,0.0199,15236260,10394496
NHII.NH,20210310,2811.5781,2837.324,2845.6372,2801.209,2825.3616,-13.7834,-0.0049,16193473,10522085
NHII.NH,20210309,2825.3616,2910.4841,2911.6658,2825.3616,2921.7607,-96.3992,-0.033,16012727,10583123
NHII.NH,20210308,2921.7607,2886.9619,2968.281,2886.9619,2879.5964,42.1643,0.0146,15124623,10805255
NHII.NH,20210305,2879.5964,2878.6204,2890.9251,2825.1453,2883.9597,-4.3633,-0.0015,19526828,10744629
NHII.NH,20210304,2883.9597,2895.3162,2906.134,2875.4983,2897.636,-13.6763,-0.0047,14805700,10742890
NHII.NH,20210303,2897.636,2885.1611,2914.9885,2872.1528,2869.2976,28.3384,0.0099,16176386,10711320
NHII.NH,20210302,2869.2976,2889.1716,2889.1716,2827.0764,2892.1719,-22.8743,-0.0079,16370723,10618185
NHII.NH,20210301,2892.1719,2902.1157,2940.0371,2872.157,2914.9512,-22.7793,-0.0078,18208512,10616532
NHII.NH,20210226,2914.9512,2969.043,2969.043,2894.0156,2968.2688,-53.3176,-0.018,18965088,10661888
NHII.NH,20210225,2968.2688,2909.4844,3002.2737,2909.4844,2894.6392,73.6296,0.0254,17479256,11078879
NHII.NH,20210224,2894.6392,2881.8606,2903.0559,2864.186,2892.353,2.2861,0.0008,15517477,10946262
NHII.NH,20210223,2892.353,2872.2622,2936.54,2872.2622,2874.603,17.75,0.0062,16121167,11002044
NHII.NH,20210222,2874.603,2832.4163,2907.6306,2832.4163,2833.054,41.5491,0.0147,14430056,10972785
NHII.NH,20210219,2833.054,2838.5823,2838.5823,2789.6296,2838.072,-5.0181,-0.0018,12427036,10735148
NHII.NH,20210218,2838.072,2742.0088,2839.6091,2742.0088,2694.9705,143.1016,0.0531,8079320,10043987
NHII.NH,20210210,2694.9705,2708.1624,2708.1624,2682.3743,2712.3084,-17.3379,-0.0064,8514340,9756128
NHII.NH,20210209,2712.3084,2673.6799,2720.874,2673.6799,2672.4385,39.8699,0.0149,8700641,10162835
NHII.NH,20210208,2672.4385,2645.8059,2685.0237,2645.8059,2643.6736,28.7649,0.0109,10847577,10477273
NHII.NH,20210205,2643.6736,2626.7312,2650.1118,2625.5735,2627.6155,16.0581,0.0061,10175762,10444764
NHII.NH,20210204,2627.6155,2577.3401,2628.0034,2577.3401,2570.2964,57.3191,0.0223,10870736,10595298
NHII.NH,20210203,2570.2964,2577.7918,2583.8506,2558.5193,2569.2656,1.0308,0.0004,11325918,10653741
NHII.NH,20210202,2569.2656,2583.8345,2599.4839,2562.8003,2583.394,-14.1284,-0.0055,11878658,10754793
NHII.NH,20210201,2583.394,2582.8013,2596.8154,2566.947,2578.9561,4.438,0.0017,12394387,10533327
NHII.NH,20210129,2578.9561,2575.8543,2590.5618,2565.7202,2579.9714,-1.0154,-0.0004,13556481,10494935
NHII.NH,20210128,2579.9714,2609.457,2609.457,2579.5342,2614.636,-34.6646,-0.0133,8817312,10536759
NHII.NH,20210127,2614.636,2586.7971,2617.1184,2586.7971,2579.1157,35.5203,0.0138,10180001,10638844
NHII.NH,20210126,2579.1157,2611.9412,2622.4089,2579.0591,2614.7517,-35.636,-0.0136,10761075,10610883
NHII.NH,20210125,2614.7517,2605.9165,2626.6221,2605.9165,2613.9016,0.8501,0.0003,13553619,10629992
NHII.NH,20210122,2613.9016,2654.4202,2654.4202,2607.5169,2655.637,-41.7354,-0.0157,13699705,10802593
NHII.NH,20210121,2655.637,2637.1602,2666.5588,2626.3901,2639.0442,16.5928,0.0063,11978903,10913064
NHII.NH,20210120,2639.0442,2621.3518,2649.5295,2621.3518,2619.1218,19.9224,0.0076,11339342,10804058
NHII.NH,20210119,2619.1218,2648.2327,2648.8835,2613.0488,2650.8362,-31.7144,-0.012,11241857,10625232
NHII.NH,20210118,2650.8362,2639.9563,2653.8496,2622.3032,2641.5779,9.2583,0.0035,12473693,10697671
NHII.NH,20210115,2641.5779,2632.1924,2675.9126,2630.6602,2631.8228,9.7551,0.0037,14487513,10924869
NHII.NH,20210114,2631.8228,2637.855,2638.5637,2613.0725,2640.9199,-9.0972,-0.0034,13155218,10605735
NHII.NH,20210113,2640.9199,2643.4304,2659.186,2628.3574,2638.9065,2.0134,0.0008,13265926,10507850
NHII.NH,20210112,2638.9065,2622.1209,2644.0776,2605.2803,2619.6523,19.2542,0.0074,14352284,10546802
NHII.NH,20210111,2619.6523,2695.4238,2695.4238,2610.7136,2690.3574,-70.7051,-0.0263,18228002,10556123
NHII.NH,20210108,2690.3574,2682.179,2702.8711,2662.2544,2687.8308,2.5266,0.0009,13917929,11126452
NHII.NH,20210107,2687.8308,2633.3816,2692.2371,2633.3816,2636.0593,51.7715,0.0196,14764924,10919371
NHII.NH,20210106,2636.0593,2623.0779,2647.8389,2615.8679,2611.989,24.0703,0.0092,13393249,10683948
NHII.NH,20210105,2611.989,2605.1001,2613.5686,2591.1492,2615.6816,-3.6926,-0.0014,12114444,10647599
NHII.NH,20210104,2615.6816,2550.4883,2621.4685,2562.7056,2550.4883,65.1934,0.0256,10340069,10499976
NHII.NH,20201231,2550.4883,2543.3272,2553.749,2525.3428,2542.813,7.6753,0.003,14941571,10136108
NHII.NH,20201230,2542.813,2550.4749,2552.5667,2528.1831,2545.8823,-3.0693,-0.0012,16621356,10309944
NHII.NH,20201229,2545.8823,2580.2693,2582.6853,2537.615,2571.9666,-26.0842,-0.0101,15545940,10320174
NHII.NH,20201228,2571.9666,2603.4375,2606.5093,2557.7319,2604.0962,-32.1296,-0.0123,16326774,10608680
NHII.NH,20201225,2604.0962,2604.0962,2606.4685,2559.9019,2576.0198,28.0764,0.0109,13586468,10657697
NHII.NH,20201224,2576.0198,2539.1345,2588.6272,2571.8936,2530.6672,45.3525,0.0179,15334526,10716710
NHII.NH,20201223,2530.6672,2568.999,2568.999,2491.7412,2553.1531,-22.4858,-0.0088,18216570,10569891
NHII.NH,20201222,2553.1531,2644.8164,2652.9919,2548.0339,2654.4085,-101.2554,-0.0381,21456560,10951109
NHII.NH,20201221,2654.4085,2624.2288,2661.2271,2624.2288,2623.4023,31.0061,0.0118,18695574,11456717
NHII.NH,20201218,2623.4023,2582.8247,2624.0757,2582.8247,2583.8833,39.519,0.0153,16079726,11670109
NHII.NH,20201217,2583.8833,2540.0066,2585.8843,2540.0066,2537.1521,46.7312,0.0184,15451892,11679730
NHII.NH,20201216,2537.1521,2530.7131,2540.9077,2519.915,2524.4063,12.7459,0.005,13792797,11608147
NHII.NH,20201215,2524.4063,2514.5457,2529.3789,2502.6821,2513.2437,11.1626,0.0044,13911695,11654229
NHII.NH,20201214,2513.2437,2512.0647,2533.5134,2502.7231,2513.0986,0.145,0.0001,18333376,11661949
NHII.NH,20201211,2513.0986,2488.3579,2575.8225,2485.1521,2481.5313,31.5674,0.0127,21946928,11611477
NHII.NH,20201210,2481.5313,2460.6794,2491.1172,2460.6794,2458.6821,22.8491,0.0093,16704049,11877989
NHII.NH,20201209,2458.6821,2440.1936,2465.1397,2440.1936,2439.1528,19.5293,0.008,14844366,11870793
NHII.NH,20201208,2439.1528,2461.9585,2472.011,2435.54,2464.7752,-25.6223,-0.0104,14836806,12006193
NHII.NH,20201207,2464.7752,2444.3645,2466.3237,2440.593,2446.019,18.7561,0.0077,16119428,12088971
NHII.NH,20201204,2446.019,2413.0193,2452.4224,2409.9595,2412.2202,33.7988,0.014,18846408,11988706
NHII.NH,20201203,2412.2202,2420.0356,2428.0845,2407.9646,2422.1011,-9.8809,-0.0041,14864606,11954158
NHII.NH,20201202,2422.1011,2414.0356,2426.0635,2399.6106,2411.1348,10.9663,0.0045,12843847,11743683
NHII.NH,20201201,2411.1348,2404.6895,2415.7083,2395.3731,2401.762,9.3728,0.0039,12932504,11922552
NHII.NH,20201130,2401.762,2411.2322,2428.0757,2385.9868,2406.4822,-4.7202,-0.002,15233318,11984286
NHII.NH,20201127,2406.4822,2375.1419,2410.0493,2375.1419,2383.8279,22.6543,0.0095,13098556,12174210
NHII.NH,20201126,2383.8279,2375.9226,2399.7195,2375.9226,2377.5115,6.3164,0.0027,13935770,12082858
NHII.NH,20201125,2377.5115,2369.4226,2394.5264,2369.4226,2367.9941,9.5173,0.004,15953699,12179684
NHII.NH,20201124,2367.9941,2332.4158,2370.7573,2324.76,2331.1848,36.8093,0.0158,12547476,12161513
NHII.NH,20201123,2331.1848,2318.7947,2340.3689,2318.7947,2317.2051,13.9797,0.006,13919518,12299111
NHII.NH,20201120,2317.2051,2299.2009,2318.4822,2299.196,2300.8799,16.3252,0.0071,11893657,12298662
NHII.NH,20201119,2300.8799,2296.0564,2301.187,2285.6296,2287.1311,13.7488,0.006,12707969,12329910
NHII.NH,20201118,2287.1311,2279.4519,2290.1072,2277.8716,2281.1016,6.0295,0.0026,12493842,12261371
NHII.NH,20201117,2281.1016,2295.084,2295.084,2276.1047,2285.6711,-4.5696,-0.002,12870132,12301236
NHII.NH,20201116,2285.6711,2263.4273,2286.6777,2260.2634,2263.1638,22.5073,0.0099,14365650,12298353
NHII.NH,20201113,2263.1638,2261.6013,2266.334,2250.6355,2264.6189,-1.4551,-0.0006,13394609,12299925
NHII.NH,20201112,2264.6189,2273.2839,2275.6213,2253.7041,2270.8867,-6.2678,-0.0028,12188418,11876777
NHII.NH,20201111,2270.8867,2240.5999,2271.5127,2240.5999,2236.3655,34.5212,0.0154,13262060,11973201
NHII.NH,20201110,2236.3655,2255.7778,2255.7778,2223.7918,2221.3328,15.0327,0.0068,15370709,11878160
NHII.NH,20201109,2221.3328,2188.7615,2225.666,2188.7615,2188.4595,32.8733,0.015,15967418,11933519
NHII.NH,20201106,2188.4595,2198.4749,2203.3579,2184.5718,2190.3958,-1.9363,-0.0009,12594637,11896992
NHII.NH,20201105,2190.3958,2208.031,2210.4912,2183.4338,2203.3252,-12.9295,-0.0059,12463266,11598512
NHII.NH,20201104,2203.3252,2196.3623,2215.8445,2189.1843,2181.9802,21.345,0.0098,13838175,11481054
NHII.NH,20201103,2181.9802,2173.0176,2197.2261,2173.0176,2166.2422,15.738,0.0073,12564168,11382697
NHII.NH,20201102,2166.2422,2167.7932,2179.8672,2141.1885,2160.9507,5.2915,0.0024,14807198,11476716
NHII.NH,20201030,2160.9507,2162.6304,2194.6719,2153.6746,2192.5159,-31.5652,-0.0144,19795126,11284982
NHII.NH,20201029,2192.5159,2214.0137,2214.0137,2186.043,2234.4646,-41.9487,-0.0188,14862226,11244927
NHII.NH,20201028,2234.4646,2220.4219,2239.0969,2206.6187,2220.3586,14.106,0.0064,14157731,11257073
NHII.NH,20201027,2220.3586,2209.021,2223.5813,2208.8565,2209.2695,11.0891,0.005,10315219,11063690
NHII.NH,20201026,2209.2695,2233.0117,2233.0117,2205.6548,2229.8894,-20.6199,-0.0092,13217186,11023380
NHII.NH,20201023,2229.8894,2247.2463,2252.6045,2229.6406,2246.3438,-16.4544,-0.0073,12190277,10985871
NHII.NH,20201022,2246.3438,2257.4585,2257.4585,2237.905,2256.9014,-10.5576,-0.0047,12176347,10890918
NHII.NH,20201021,2256.9014,2242.3352,2259.074,2242.3352,2240.3657,16.5357,0.0074,14118229,11192529
NHII.NH,20201020,2240.3657,2231.4097,2240.717,2223.5564,2229.6851,10.6807,0.0048,9832244,10545353
NHII.NH,20201019,2229.6851,2233.8115,2255.5249,2222.1043,2232.0845,-2.3994,-0.0011,13325598,10603861
NHII.NH,20201016,2232.0845,2213.8945,2241.4519,2213.8945,2224.7,7.3845,0.0033,13440912,10622918
NHII.NH,20201015,2224.7,2226.3621,2231.1555,2217.2888,2221.7063,2.9937,0.0013,12806842,10447428
NHII.NH,20201014,2221.7063,2226.8992,2226.8992,2211.8616,2225.2612,-3.5549,-0.0016,11279637,10303007
NHII.NH,20201013,2225.2612,2234.0442,2234.0442,2217.8064,2233.8401,-8.5789,-0.0038,9879751,9859164
NHII.NH,20201012,2233.8401,2225.6621,2235.5928,2218.0947,2225.6741,8.166,0.0037,10125757,9708833
NHII.NH,20201009,2225.6741,2191.3909,2228.1697,2191.3909,2165.1812,60.4929,0.0279,6504058,8920036
NHII.NH,20200930,2165.1812,2181.6272,2181.6272,2157.0576,2181.1675,-15.9863,-0.0073,10291861,8869591
NHII.NH,20200929,2181.1675,2175.0823,2181.1675,2166.0347,2167.9409,13.2266,0.0061,9601471,9348286
NHII.NH,20200928,2167.9409,2168.613,2178.9324,2157.3418,2170.5942,-2.6533,-0.0012,10550319,9754136
NHII.NH,20200925,2170.5942,2157.2107,2175.3919,2157.2107,2158.419,12.1753,0.0056,11215739,9767268
NHII.NH,20200924,2158.419,2173.3701,2173.3701,2150.4275,2171.5132,-13.0942,-0.006,11424470,9965009
NHII.NH,20200923,2171.5132,2182.4214,2182.4214,2153.1768,2182.78,-11.2669,-0.0052,11711812,10064158
NHII.NH,20200922,2182.78,2211.1589,2211.1589,2178.6687,2213.4465,-30.6665,-0.0139,14181555,10063465
NHII.NH,20200921,2213.4465,2233.8648,2235.8618,2210.9719,2237.0999,-23.6533,-0.0106,11777122,10272815
NHII.NH,20200918,2237.0999,2204.7664,2240.1558,2204.7664,2206.207,30.8928,0.014,10680132,10008263
NHII.NH,20200917,2206.207,2214.5864,2214.6292,2205.824,2214.2791,-8.072,-0.0036,7405337,10116347
NHII.NH,20200916,2214.2791,2219.7398,2230.0566,2204.3337,2214.8799,-0.6008,-0.0003,12189482,10025824
NHII.NH,20200915,2214.8799,2225.4736,2234.6917,2213.4475,2227.3555,-12.4756,-0.0056,11304398,10218701
NHII.NH,20200914,2227.3555,2208.3193,2230.3533,2208.3193,2208.3027,19.0527,0.0086,9023913,9795925
NHII.NH,20200911,2208.3027,2203.2969,2211.4565,2200.0081,2205.3267,2.9761,0.0013,10316547,9869402
NHII.NH,20200910,2205.3267,2217.4338,2232.2798,2205.0664,2209.1074,-3.7808,-0.0017,10519956,9823298
NHII.NH,20200909,2209.1074,2257.4089,2257.4089,2208.7373,2275.7669,-66.6594,-0.0293,15605754,9907394
NHII.NH,20200908,2275.7669,2286.457,2297.396,2273.9717,2285.8789,-10.1121,-0.0044,8612340,10040145
NHII.NH,20200907,2285.8789,2305.5039,2306.8914,2278.7473,2304.4304,-18.5515,-0.0081,11510500,10204714
NHII.NH,20200904,2304.4304,2313.4627,2313.4627,2288.2454,2316.4436,-12.0132,-0.0052,11389539,10164676
NHII.NH,20200903,2316.4436,2335.0679,2335.0679,2312.7256,2334.5501,-18.1065,-0.0078,11125319,10339693
NHII.NH,20200902,2334.5501,2335.0354,2338.9924,2321.7556,2333.8601,0.6899,0.0003,10142317,10285098
NHII.NH,20200901,2333.8601,2324.2542,2335.0549,2314.7393,2322.7087,11.1514,0.0048,8505255,10277255
NHII.NH,20200831,2322.7087,2300.4966,2329.5923,2300.4966,2299.6856,23.0232,0.01,10657621,9924356
NHII.NH,20200828,2299.6856,2288.0679,2299.6856,2281.2666,2289.8052,9.8804,0.0043,9795614,10008655
NHII.NH,20200827,2289.8052,2292.0574,2298.7669,2287.9927,2292.8882,-3.083,-0.0013,8645264,9918682
NHII.NH,20200826,2292.8882,2283.905,2293.7832,2283.905,2279.9722,12.916,0.0057,9688259,10002951
NHII.NH,20200825,2279.9722,2280.7585,2288.6917,2269.9941,2279.2222,0.75,0.0003,9495625,9875916
NHII.NH,20200824,2279.2222,2270.4255,2282.762,2270.4077,2272.9053,6.3169,0.0028,9697353,9878589
NHII.NH,20200821,2272.9053,2282.3523,2286.8098,2267.9917,2280.7581,-7.8528,-0.0034,9635500,9766974
NHII.NH,20200820,2280.7581,2289.667,2289.7957,2277.8396,2289.7986,-9.0405,-0.0039,10430395,10031884
NHII.NH,20200819,2289.7986,2285.627,2296.1223,2285.627,2282.3125,7.4861,0.0033,9372624,10057218
NHII.NH,20200818,2282.3125,2274.0247,2293.5947,2274.0247,2275.4273,6.8853,0.003,8553720,10187157
NHII.NH,20200817,2275.4273,2262.8989,2279.2349,2262.8989,2267.6885,7.7388,0.0034,9007987,10059274
NHII.NH,20200814,2267.6885,2263.2515,2268.0579,2254.3145,2260.5803,7.1082,0.0031,8748069,10161726
NHII.NH,20200813,2260.5803,2267.2888,2267.2888,2251.4995,2264.1831,-3.6028,-0.0016,8612183,10131296
NHII.NH,20200812,2264.1831,2272.0466,2272.0466,2241.614,2267.9214,-3.7383,-0.0016,12491185,10390186
NHII.NH,20200811,2267.9214,2273.3113,2284.9426,2265.1951,2272.2466,-4.3252,-0.0019,9636910,10539524
NHII.NH,20200810,2272.2466,2280.5503,2280.5503,2257.6924,2280.1597,-7.9131,-0.0035,11173066,10738153
NHII.NH,20200807,2280.1597,2282.5657,2290.1902,2263.5835,2281.7717,-1.6121,-0.0007,11284460,10885814
NHII.NH,20200806,2281.7717,2277.8655,2283.0266,2263.5024,2262.3909,19.3809,0.0086,12267695,10816137
NHII.NH,20200805,2262.3909,2252.8701,2266.6118,2252.8701,2259.4456,2.9453,0.0013,10532846,10902948
NHII.NH,20200804,2259.4456,2252.9773,2266.0203,2252.8569,2244.5872,14.8584,0.0066,8487538,10728697
NHII.NH,20200803,2244.5872,2247.6067,2250.5693,2226.0928,2250.0962,-5.509,-0.0024,10322943,10805243
NHII.NH,20200731,2250.0962,2247.0596,2255.3772,2236.7087,2250.7981,-0.7019,-0.0003,13251381,10641894
NHII.NH,20200730,2250.7981,2253.812,2261.021,2246.6528,2252.1704,-1.3723,-0.0006,10167594,10686838
NHII.NH,20200729,2252.1704,2227.8838,2255.1314,2227.8838,2231.4341,20.7363,0.0093,9414808,10564904
NHII.NH,20200728,2231.4341,2238.8848,2251.8777,2223.4302,2234.9919,-3.5579,-0.0016,10685109,10686109
NHII.NH,20200727,2234.9919,2236.624,2247.1233,2228.0981,2233.9702,1.0217,0.0005,9946782,10613466
NHII.NH,20200724,2233.9702,2256.2988,2264.5855,2219.7783,2261.1223,-27.1521,-0.012,13722190,10858882
NHII.NH,20200723,2261.1223,2248.7256,2261.6108,2239.0012,2253.9233,7.199,0.0032,10327620,10832575
NHII.NH,20200722,2253.9233,2259.7085,2274.8442,2248.4929,2245.1758,8.7476,0.0039,11843069,10920602
NHII.NH,20200721,2245.1758,2213.5649,2247.9517,2213.5649,2213.6917,31.4841,0.0142,10152921,10761507
NHII.NH,20200720,2213.6917,2235.7202,2235.7202,2210.0071,2235.157,-21.4653,-0.0096,11222633,10672883
NHII.NH,20200717,2235.157,2229.8359,2240.5227,2225.2129,2226.5669,8.5901,0.0039,11896801,10574862
NHII.NH,20200716,2226.5669,2260.4243,2260.4243,2218.9905,2257.6897,-31.1228,-0.0138,12535530,10547135
NHII.NH,20200715,2257.6897,2251.5877,2263.3513,2249.7578,2253.5166,4.1731,0.0019,11073607,10734343
NHII.NH,20200714,2253.5166,2261.4861,2261.4861,2235.1919,2261.5488,-8.0322,-0.0036,11763144,10785922
NHII.NH,20200713,2261.5488,2219.0491,2270.8919,2219.0491,2211.6863,49.8626,0.0225,12256240,10788399
NHII.NH,20200710,2211.6863,2242.7468,2242.7468,2207.4841,2241.7244,-30.0381,-0.0134,12675721,11154608
NHII.NH,20200709,2241.7244,2233.1968,2243.928,2232.6777,2228.783,12.9414,0.0058,10364104,11023886
NHII.NH,20200708,2228.783,2205.8699,2232.0645,2205.8699,2202.8379,25.9451,0.0118,10491853,11047312
NHII.NH,20200707,2202.8379,2205.7825,2219.1577,2197.8079,2204.6152,-1.7773,-0.0008,10762693,11040791
NHII.NH,20200706,2204.6152,2191.0588,2208.5418,2182.9251,2191.8469,12.7683,0.0058,11077830,10985927
NHII.NH,20200703,2191.8469,2180.7898,2193.6702,2180.7898,2180.3545,11.4924,0.0053,10344995,10777461
NHII.NH,20200702,2180.3545,2164.2952,2185.2051,2163.2607,2167.271,13.0835,0.006,10579841,10789008
NHII.NH,20200701,2167.271,2165.1431,2171.0769,2156.9109,2165.29,1.981,0.0009,8522216,10632571
NHII.NH,20200630,2165.29,2151.0562,2173.1069,2151.0562,2142.9678,22.3223,0.0104,8801548,10479693
NHII.NH,20200629,2142.9678,2190.3069,2155.3877,2137.5974,2190.3069,-47.3391,-0.0216,9439778,10486039
NHII.NH,20200624,2190.3069,2188.1182,2190.8799,2183.0227,2186.5137,3.7932,0.0017,7452930,10247490
NHII.NH,20200623,2186.5137,2178.3804,2192.4988,2175.9856,2180.1856,6.3281,0.0029,9469449,10721424
NHII.NH,20200622,2180.1856,2206.3176,2206.3176,2174.947,2199.9031,-19.7175,-0.009,10585694,10786705
NHII.NH,20200619,2199.9031,2180.2078,2201.4912,2180.2078,2177.0232,22.8799,0.0105,10555541,10831639
NHII.NH,20200618,2177.0232,2170.1133,2180.2542,2164.9023,2171.387,5.6362,0.0026,10304527,10773456
NHII.NH,20200617,2171.387,2183.5332,2183.5332,2160.3674,2174.366,-2.979,-0.0014,11128784,10832731
NHII.NH,20200616,2174.366,2121.6328,2177.6514,2121.6328,2122.7647,51.6013,0.0243,10799188,10742203
NHII.NH,20200615,2122.7647,2152.1523,2152.1785,2119.8337,2151.1069,-28.3423,-0.0132,13344934,10866851
NHII.NH,20200612,2151.1069,2156.5244,2157.0337,2113.749,2167.4871,-16.3801,-0.0076,14821957,10936228
NHII.NH,20200611,2167.4871,2182.2214,2188.9951,2159.5513,2180.2859,-12.7988,-0.0059,12740679,11029434
NHII.NH,20200610,2180.2859,2186.5588,2196.9417,2174.6731,2190.5918,-10.3059,-0.0047,10533043,11117643
NHII.NH,20200609,2190.5918,2193.1953,2194.0864,2182.5889,2199.7754,-9.1836,-0.0042,12241910,11164379
NHII.NH,20200608,2199.7754,2180.8108,2208.8486,2180.8108,2166.8389,32.9365,0.0152,15395268,11228312
NHII.NH,20200605,2166.8389,2147.3611,2168.1624,2147.3611,2148.314,18.5249,0.0086,10560887,11166617
NHII.NH,20200604,2148.314,2169.5657,2176.0862,2147.7803,2176.6467,-28.3328,-0.013,14478058,11227523
NHII.NH,20200603,2176.6467,2152.0989,2179.6487,2152.0989,2150.8154,25.8313,0.012,14231650,11454347
NHII.NH,20200602,2150.8154,2141.1362,2157.0281,2141.1067,2142.5066,8.3088,0.0039,12451682,11335089
NHII.NH,20200601,2142.5066,2113.979,2152.0989,2113.979,2116.6826,25.824,0.0122,14475046,11220431
NHII.NH,20200529,2116.6826,2094.0674,2117.363,2094.0674,2092.1941,24.4885,0.0117,13062168,11073283
NHII.NH,20200528,2092.1941,2086.1978,2094.78,2077.4675,2086.0181,6.176,0.003,12661797,10838552
NHII.NH,20200527,2086.0181,2088.4063,2093.4575,2073.8069,2089.5759,-3.5579,-0.0017,13463781,10932725
NHII.NH,20200526,2089.5759,2090.3047,2096.9829,2084.1411,2090.1257,-0.5498,-0.0003,10771001,10840886
NHII.NH,20200525,2090.1257,2071.1633,2098.1235,2071.8928,2071.1633,18.9624,0.0092,12710144,10767778
NHII.NH,20200522,2071.1633,2118.5234,2118.5234,2065.3555,2118.1101,-46.9468,-0.0222,17557064,10814119
NHII.NH,20200521,2118.1101,2096.4277,2119.9509,2096.4277,2093.031,25.0791,0.012,13335629,10851677
NHII.NH,20200520,2093.031,2090.4673,2099.7107,2085.9558,2090.2434,2.7876,0.0013,13337857,10833261
NHII.NH,20200519,2090.2434,2071.5515,2103.8005,2071.5515,2067.6257,22.6177,0.0109,15251667,10911062
NHII.NH,20200518,2067.6257,2037.6685,2079.6116,2037.6685,2038.6321,28.9937,0.0142,14679152,10797947
NHII.NH,20200515,2038.6321,2008.6951,2044.1719,2008.6951,2009.2748,29.3573,0.0146,13066472,10674070
NHII.NH,20200514,2009.2748,2013.661,2013.661,1994.2763,2011.8594,-2.5846,-0.0013,11141503,10505164
NHII.NH,20200513,2011.8594,2018.3257,2018.3257,1992.717,2012.5353,-0.6759,-0.0003,13427417,10604384
NHII.NH,20200512,2012.5353,2015.1348,2020.1842,2006.0707,2016.0482,-3.5129,-0.0017,10178160,10429468
NHII.NH,20200511,2016.0482,2027.7726,2031.9716,2010.2754,2027.6311,-11.5829,-0.0057,12299163,10332265
NHII.NH,20200508,2027.6311,2019.2169,2029.3403,2017.2772,2016.3644,11.2667,0.0056,12821901,10178365
NHII.NH,20200507,2016.3644,1997.6984,2020.9928,1997.6984,2004.113,12.2513,0.0061,12132773,10178686
NHII.NH,20200506,2004.113,2018.0706,2018.0706,1990.7529,1971.1223,32.9907,0.0167,9632123,9622838
NHII.NH,20200430,1971.1223,1962.3971,1975.8071,1956.2954,1938.306,32.8163,0.0169,11821580,9639058
NHII.NH,20200429,1938.306,1929.4694,1946.0825,1926.7615,1916.5066,21.7994,0.0114,12434233,9979399
NHII.NH,20200428,1916.5066,1925.4509,1933.0585,1903.3156,1937.1133,-20.6067,-0.0106,15272532,10222863
NHII.NH,20200427,1937.1133,1953.0313,1962.6757,1936.9248,1955.3596,-18.2463,-0.0093,12943608,10276756
NHII.NH,20200424,1955.3596,1949.3346,1970.981,1943.0317,1949.465,5.8947,0.003,12956540,10143528
NHII.NH,20200423,1949.465,1918.3593,1971.5109,1918.3593,1914.0656,35.3994,0.0185,15042252,10240034
NHII.NH,20200422,1914.0656,1926.8064,1926.8064,1888.3558,1936.5809,-22.5154,-0.0116,12113253,10531719
NHII.NH,20200421,1936.5809,1983.9839,1983.9839,1925.3745,1988.9069,-52.3259,-0.0263,15863497,10606584
NHII.NH,20200420,1988.9069,1996.8699,1996.8699,1970.3573,1997.4762,-8.5693,-0.0043,11847083,10688921
NHII.NH,20200417,1997.4762,1986.7792,2015.6686,1981.9225,1985.2288,12.2474,0.0062,14491018,10580666
NHII.NH,20200416,1985.2288,1997.1805,2002.1278,1981.0885,1998.7384,-13.5096,-0.0068,13953133,10659170
NHII.NH,20200415,1998.7384,2006.9022,2020.2889,1994.4164,2009.3872,-10.6488,-0.0053,13131153,10598205
NHII.NH,20200414,2009.3872,2013.8908,2027.5034,2003.1876,2013.3377,-3.9504,-0.002,14627199,10703022
NHII.NH,20200413,2013.3377,2026.8003,2040.3353,2012.0121,2020.679,-7.3413,-0.0036,15466093,10617733
NHII.NH,20200410,2020.679,1993.9927,2021.6886,1979.4164,2000.5414,20.1376,0.0101,12587150,10357924
NHII.NH,20200409,2000.5414,1976.3495,2002.7893,1976.3495,1972.7953,27.7461,0.0141,12383342,10363880
NHII.NH,20200408,1972.7953,1957.1989,1983.8012,1936.2244,1961.1698,11.6255,0.0059,12895158,10276613
NHII.NH,20200407,1961.1698,1928.1119,1967.1797,1928.1119,1928.1119,33.0579,0.0171,11475679,10235177
NHII.NH,20200403,1928.1119,1944.5455,1953.4619,1910.8392,1937.9476,-9.8357,-0.0051,13438516,10135459
NHII.NH,20200402,1937.9476,1877.5917,1942.9043,1860.8549,1880.0533,57.8943,0.0308,18161612,10536602
NHII.NH,20200401,1880.0533,1903.7467,1907.7521,1875.7052,1903.6005,-23.5471,-0.0124,12280656,10849114
NHII.NH,20200331,1903.6005,1881.1818,1921.1058,1881.1818,1877.8379,25.7626,0.0137,12442719,10499414
NHII.NH,20200330,1877.8379,1908.653,1908.653,1868.5692,1918.9683,-41.1304,-0.0214,13513794,10528635
NHII.NH,20200327,1918.9683,1923.9044,1934.3048,1905.8281,1923.1161,-4.1478,-0.0022,12495000,10356968
NHII.NH,20200326,1923.1161,1944.2529,1944.2529,1921.4453,1944.8208,-21.7047,-0.0112,11863204,10213737
NHII.NH,20200325,1944.8208,1927.8899,1947.8095,1927.6113,1921.5217,23.2991,0.0121,11741108,10120835
NHII.NH,20200324,1921.5217,1894.9556,1928.3108,1887.3042,1890.1692,31.3525,0.0166,14947082,9961780
NHII.NH,20200323,1890.1692,1931.0039,1931.0587,1868.2545,1948.8218,-58.6526,-0.0301,13610875,9774154
NHII.NH,20200320,1948.8218,1930.8562,1963.38,1925.5972,1924.9248,23.897,0.0124,14995407,9506503
NHII.NH,20200319,1924.9248,1964.7767,1964.7767,1860.3783,1965.8296,-40.9048,-0.0208,17934092,9635084
NHII.NH,20200318,1965.8296,2013.5414,2019.6748,1962.063,2017.6606,-51.8311,-0.0257,12810582,9903044
NHII.NH,20200317,2017.6606,2014.4426,2024.752,2001.9818,2016.4861,1.1746,0.0006,10748773,9690187
NHII.NH,20200316,2016.4861,2056.8127,2056.8127,2015.7025,2061.3286,-44.8425,-0.0218,11131606,9665734
NHII.NH,20200313,2061.3286,2035.6648,2062.3508,1996.7642,2039.9186,21.41,0.0105,14813191,9746481
NHII.NH,20200312,2039.9186,2057.4568,2057.4568,2015.3079,2059.5232,-19.6046,-0.0095,13260915,9860281
NHII.NH,20200311,2059.5232,2096.7266,2096.7266,2058.7385,2094.2883,-34.7651,-0.0166,11019212,9707097
NHII.NH,20200310,2094.2883,2076.2263,2105.1211,2060.8604,2088.783,5.5054,0.0026,11168794,9555437
NHII.NH,20200309,2088.783,2123.2051,2123.2051,2067.0147,2143.6841,-54.9011,-0.0256,6595727,9624815
NHII.NH,20200306,2143.6841,2172.8721,2172.8721,2142.1101,2175.6985,-32.0144,-0.0147,8296645,9782919
NHII.NH,20200305,2175.6985,2176.6746,2181.6006,2170.6548,2174.9707,0.7278,0.0003,7117910,9712556
NHII.NH,20200304,2174.9707,2165.7744,2175.9441,2154.293,2166.5676,8.4031,0.0039,7762793,9536961
NHII.NH,20200303,2166.5676,2161.593,2195.7534,2158.4092,2159.6279,6.9397,0.0032,8465164,9456136
NHII.NH,20200302,2159.6279,2097.5186,2164.6924,2097.1211,2098.9802,60.6477,0.0289,10658185,9399920
NHII.NH,20200228,2098.9802,2150.4185,2150.4185,2095.294,2158.8076,-59.8274,-0.0277,11479029,9412721
NHII.NH,20200227,2158.8076,2184.6006,2184.6006,2157.6794,2185.7263,-26.9187,-0.0123,7868388,9332465
NHII.NH,20200226,2185.7263,2222.1274,2222.1274,2184.8232,2226.7288,-41.0024,-0.0184,8509509,9245827
NHII.NH,20200225,2226.7288,2222.5996,2228.4871,2199.5852,2222.5996,4.1292,0.0019,7626305,9085240
NHII.NH,20200224,2222.5996,2241.9668,2241.9668,2210.4553,2244.0293,-21.4297,-0.0096,8122620,9154657
NHII.NH,20200221,2244.0293,2248.762,2252.093,2238.7305,2249.2617,-5.2324,-0.0023,6998973,9104012
NHII.NH,20200220,2249.2617,2223.3337,2254.1519,2223.3337,2221.6065,27.6553,0.0124,8324576,9001028
NHII.NH,20200219,2221.6065,2210.5908,2225.7222,2208.7737,2212.0728,9.5337,0.0043,5726653,8887916
NHII.NH,20200218,2212.0728,2225.0852,2226.7981,2207.948,2224.7329,-12.6602,-0.0057,6652386,8903566
NHII.NH,20200217,2224.7329,2207.9902,2226.0347,2202.6074,2209.4106,15.3223,0.0069,6274773,8805800
NHII.NH,20200214,2209.4106,2202.4929,2209.7417,2197.1484,2202.4963,6.9143,0.0031,5711220,8572831
NHII.NH,20200213,2202.4963,2200.6443,2211.9629,2194.1108,2199.7805,2.7158,0.0012,6251598,8560351
NHII.NH,20200212,2199.7805,2187.1304,2203.8406,2182.5457,2187.1804,12.6001,0.0058,7163637,8413804
NHII.NH,20200211,2187.1804,2155.6111,2200.7432,2155.5007,2155.262,31.9185,0.0148,8545604,8158860
NHII.NH,20200210,2155.262,2162.2976,2163.3447,2144.0068,2166.8933,-11.6314,-0.0054,5474345,8016881
NHII.NH,20200207,2166.8933,2168.7522,2170.0356,2156.0813,2170.28,-3.3867,-0.0016,5085468,7792806
NHII.NH,20200206,2170.28,2148.7327,2173.6675,2148.7327,2146.8306,23.4495,0.0109,6292928,7569240
NHII.NH,20200205,2146.8306,2146.7927,2162.5378,2139.1187,2147.4551,-0.6245,-0.0003,6290946,7328696
NHII.NH,20200204,2147.4551,2122.9678,2150.9194,2093.2644,2146.7263,0.7288,0.0003,7305233,6881960
NHII.NH,20200203,2146.7263,2251.2642,2251.2642,2142.8306,2291.4009,-144.6746,-0.0631,4629746,6838872
NHII.NH,20200123,2291.4009,2325.9941,2325.9941,2286.3547,2330.8477,-39.4468,-0.0169,6375085,6946550
NHII.NH,20200122,2330.8477,2333.8162,2333.8162,2305.9712,2334.9243,-4.0767,-0.0017,7572081,7318706
NHII.NH,20200121,2334.9243,2357.3945,2357.3945,2331.7615,2358.3447,-23.4204,-0.0099,6421132,7539209
NHII.NH,20200120,2358.3447,2356.0647,2364.8872,2354.7124,2355.96,2.3848,0.001,5875994,7734085
NHII.NH,20200117,2355.96,2351.137,2360.9597,2351.137,2350.468,5.4919,0.0023,7015430,7821570
NHII.NH,20200116,2350.468,2345.458,2358.5789,2345.458,2344.8325,5.6355,0.0024,6678960,7747686
NHII.NH,20200115,2344.8325,2358.7581,2358.7581,2343.9756,2357.7236,-12.8911,-0.0055,7736459,7791968
NHII.NH,20200114,2357.7236,2358.9744,2362.4805,2349.8599,2359.3774,-1.6538,-0.0007,7903963,7807212
NHII.NH,20200113,2359.3774,2362.7708,2366.5877,2355.6265,2362.9653,-3.5879,-0.0015,8456403,7878264
NHII.NH,20200110,2362.9653,2355.2017,2365.0874,2354.3757,2354.1792,8.7861,0.0037,5913106,7700573
NHII.NH,20200109,2354.1792,2391.782,2391.782,2350.7637,2396.0232,-41.844,-0.0175,10569764,7733348
NHII.NH,20200108,2396.0232,2371.5271,2405.4077,2371.5271,2372.811,23.2122,0.0098,10120583,7908094
NHII.NH,20200107,2372.811,2372.2683,2372.8574,2360.8696,2376.6445,-3.8335,-0.0016,7476947,7752849
NHII.NH,20200106,2376.6445,2352.1145,2376.7195,2352.1145,2351.6045,25.04,0.0106,8510389,7693131
NHII.NH,20200103,2351.6045,2340.5559,2361.2307,2340.5559,2341.7214,9.8831,0.0042,7795740,7707354
NHII.NH,20200102,2341.7214,2347.5994,2355.6738,2337.0125,2345.4695,-3.748,-0.0016,5147032,7581795
NHII.NH,20191231,2345.4695,2349.3718,2350.6255,2342.0957,2348.2092,-2.7398,-0.0012,17175972,15474994
NHII.NH,20191230,2348.2092,2340.0222,2354.2058,2340.0222,2340.9839,7.2253,0.0031,14107682,16123996
NHII.NH,20191227,2340.9839,2332.0576,2348.1738,2332.0576,2333.2336,7.7503,0.0033,15250718,16362848
NHII.NH,20191226,2333.2336,2328.9736,2334.7539,2320.4541,2328.1284,5.1052,0.0022,12697910,16293052
NHII.NH,20191225,2328.1284,2329.2524,2336.7031,2327.4316,2330.57,-2.4416,-0.001,13283298,16624102
NHII.NH,20191224,2330.57,2332.3,2335.09,2319.45,2329.55,1.02,0.0004,15603096,16643116
NHII.NH,20191223,2329.55,2329.59,2342.55,2326.4,2328.02,1.53,0.0007,16415280,16713528
NHII.NH,20191220,2328.02,2333.21,2340.86,2326.26,2331.66,-3.64,-0.0016,15934064,16865504
NHII.NH,20191219,2331.66,2318.56,2334.15,2317.79,2313.58,18.08,0.0078,17192254,17282632
NHII.NH,20191218,2313.58,2323.46,2326.14,2312.26,2320.13,-6.55,-0.0028,14513560,17559190
NHII.NH,20191217,2320.13,2319.31,2326.47,2311.33,2316.73,3.4,0.0015,16302978,17554048
NHII.NH,20191216,2316.73,2324.15,2336.97,2308.5,2322.27,-5.54,-0.0024,22520640,17877190
NHII.NH,20191213,2322.27,2319.57,2327.51,2314.21,2321.27,1.0,0.0004,17876682,18054060
NHII.NH,20191212,2321.27,2320.81,2322.64,2313.54,2320.51,0.76,0.0003,20712380,18273236
NHII.NH,20191211,2320.51,2310.2,2321.67,2310.2,2309.29,11.22,0.0049,19526756,18536772
NHII.NH,20191210,2310.6616,2306.5281,2323.7883,2306.5281,2309.9321,0.7295,0.0003,16719962,18256776
NHII.NH,20191209,2309.9321,2270.9844,2322.8235,2270.9844,2270.7417,39.1904,0.0173,25132632,18652116
NHII.NH,20191206,2270.7417,2261.666,2272.7258,2261.666,2260.3225,10.4192,0.0046,17483648,18663424
NHII.NH,20191205,2260.3225,2253.1155,2267.251,2253.1155,2248.6914,11.6311,0.0052,18258340,18759858
NHII.NH,20191204,2248.6914,2253.0239,2253.0239,2242.7944,2253.0239,-4.3325,-0.0019,19993472,19023444
NHII.NH,20191203,2253.0239,2255.9209,2255.9209,2251.4917,2255.9209,-2.897,-0.0013,12512196,14259594
NHII.NH,20191202,2255.9209,2251.3638,2257.3125,2237.2522,2251.3638,4.5571,0.002,19986280,18546038
NHII.NH,20191129,2251.3638,2254.7861,2256.0388,2245.3389,2254.7861,-3.4224,-0.0015,16731150,16317280
NHII.NH,20191128,2254.7861,2254.3486,2255.5352,2244.6392,2254.3486,0.4375,0.0002,19256488,19039682
NHII.NH,20191127,2254.3486,2257.9534,2263.9114,2253.8689,2257.9534,-3.6047,-0.0016,16124218,18960322
NHII.NH,20191126,2257.9534,2284.5794,2284.5794,2249.7307,2284.5794,-26.626,-0.0117,19695668,19113980
NHII.NH,20191125,2284.5794,2253.584,2288.533,2261.3562,2253.584,30.9954,0.0138,20450322,18844172
NHII.NH,20191122,2253.584,2243.9451,2258.4795,2248.3347,2243.9451,9.6389,0.0043,20223820,19563488
NHII.NH,20191121,2243.9451,2237.0049,2245.2727,2233.4663,2237.0049,6.9402,0.0031,21083830,19785382
NHII.NH,20191120,2237.0049,2236.9165,2246.1472,2232.5173,2236.9165,0.0884,0.0,20431374,20108320
NHII.NH,20191119,2236.9165,2225.5396,2237.8084,2218.3648,2225.5396,11.377,0.0051,21313800,20218708
NHII.NH,20191118,2225.5396,2215.8032,2227.3328,2213.7151,2215.8032,9.7363,0.0044,18567210,19843742
NHII.NH,20191115,2215.8032,2223.6773,2225.3445,2215.3521,2223.6773,-7.874,-0.0035,20885276,20082196
NHII.NH,20191114,2223.6773,2202.2293,2224.5466,2200.0557,2202.2293,21.448,0.0097,20244844,20279584
NHII.NH,20191113,2202.2293,2213.6309,2213.6309,2197.926,2213.6309,-11.4016,-0.0052,14963522,19766132
NHII.NH,20191112,2213.6309,2191.6731,2216.0623,2186.522,2191.6731,21.9578,0.01,18254144,19753102
NHII.NH,20191111,2191.6731,2214.7329,2214.7329,2190.8198,2214.7329,-23.0598,-0.0104,17950736,19896536
NHII.NH,20191108,2214.7329,2225.7466,2227.2783,2214.4617,2225.7466,-11.0137,-0.0049,14301468,19605064
NHII.NH,20191107,2225.7466,2235.6311,2239.364,2224.8469,2235.6311,-9.8845,-0.0044,15276998,19532924
NHII.NH,20191106,2235.6311,2239.8279,2250.1267,2235.3611,2239.8279,-4.1968,-0.0019,15040472,19367216
NHII.NH,20191105,2239.8279,2223.1206,2240.7227,2220.0176,2223.1206,16.7073,0.0075,14028292,16817256
NHII.NH,20191104,2223.1206,2224.2727,2227.3906,2218.0203,2224.2727,-1.1521,-0.0005,12734024,18989074
NHII.NH,20191101,2224.2727,2226.5815,2226.5815,2207.6262,2226.5815,-2.3088,-0.001,15125302,19003966
NHII.NH,20191031,2226.5815,2233.9106,2234.6802,2224.7451,2233.9106,-7.3291,-0.0033,13047552,18771356
NHII.NH,20191030,2233.9106,2228.8057,2234.833,2219.6209,2228.8057,5.105,0.0023,14973392,19098878
NHII.NH,20191029,2228.8057,2226.2854,2233.7561,2221.7288,2226.2854,2.5203,0.0011,14152428,18989354
NHII.NH,20191028,2226.2854,2236.3835,2250.1692,2223.2312,2236.3835,-10.0981,-0.0045,15858802,19214352
NHII.NH,20191025,2236.3835,2231.9639,2236.8164,2224.324,2231.9639,4.4197,0.002,14681268,19055874
NHII.NH,20191024,2231.9639,2214.7798,2233.3364,2214.7798,2214.7798,17.1841,0.0078,16447392,18879786
NHII.NH,20191023,2214.7798,2207.3379,2224.041,2207.3379,2207.3379,7.4419,0.0034,16692462,19240022
NHII.NH,20191022,2207.3379,2201.5273,2211.1585,2196.8872,2201.5273,5.8106,0.0026,14308758,19044880
NHII.NH,20191021,2201.5273,2216.4375,2217.6946,2194.522,2216.4375,-14.9102,-0.0067,16308654,19020688
NHII.NH,20191018,2216.4375,2212.3887,2218.0681,2194.3648,2212.3887,4.0488,0.0018,16848390,18767326
NHII.NH,20191017,2212.3887,2217.3042,2217.3042,2204.105,2217.3042,-4.9155,-0.0022,17601670,18703594
NHII.NH,20191016,2217.3042,2245.8232,2248.1084,2214.272,2245.8232,-28.519,-0.0127,18096288,18611154
NHII.NH,20191015,2245.8232,2258.1892,2250.7861,2235.8027,2258.1892,-12.366,-0.0055,17882042,18010528
NHII.NH,20191014,2258.1892,2258.9185,2287.8962,2258.1892,2258.9185,-0.7293,-0.0003,18193548,17529040
NHII.NH,20191011,2258.9185,2267.1777,2277.0774,2255.2637,2265.4451,-6.5266,-0.0029,12230920,17149522
NHII.NH,20191010,2265.4451,2256.2305,2266.5908,2252.9885,2256.2305,9.2146,0.0041,16611726,16901618
NHII.NH,20191009,2256.2305,2259.4248,2271.2603,2254.3438,2259.4248,-3.1943,-0.0014,15073794,16620986
NHII.NH,20191008,2259.4248,2264.2466,2268.5408,2251.8516,2275.4976,-16.0728,-0.0071,10344750,15484700
NHII.NH,20190930,2275.4976,2262.384,2288.1423,2270.4648,2262.384,13.1135,0.0058,13633190,13224846
NHII.NH,20190927,2262.384,2277.5432,2277.5432,2256.7512,2277.5432,-15.1592,-0.0067,15643518,15902560
NHII.NH,20190926,2277.5432,2282.8191,2295.3318,2269.1348,2282.8191,-5.2759,-0.0023,18426858,14621756
NHII.NH,20190925,2282.8191,2284.2227,2286.5623,2278.0237,2284.2227,-1.4036,-0.0006,14610208,14694452
NHII.NH,20190924,2284.2227,2316.2036,2321.3159,2282.9858,2316.2036,-31.981,-0.0138,19794346,17320104
NHII.NH,20190923,2316.2036,2288.1702,2319.1072,2288.1702,2288.1702,28.0334,0.0123,19500082,17033282
NHII.NH,20190920,2288.1702,2296.4429,2296.4429,2282.2429,2296.4429,-8.2727,-0.0036,17546632,17264956
NHII.NH,20190919,2296.4429,2324.4795,2324.4795,2295.4409,2324.4795,-28.0366,-0.0121,18877018,14572678
NHII.NH,20190918,2324.4795,2351.3901,2351.3901,2320.9375,2351.3901,-26.9107,-0.0114,24065884,16774382
NHII.NH,20190917,2351.3901,2344.3865,2365.916,2341.1231,2344.3865,7.0037,0.003,23931592,17041786
NHII.NH,20190916,2344.3865,2366.7285,2366.7285,2342.7041,2325.7842,18.6023,0.008,16816720,17061870
NHII.NH,20190912,2325.7842,2308.647,2326.4326,2303.9675,2308.647,17.1372,0.0074,14262502,15033560
NHII.NH,20190911,2308.647,2304.3491,2312.5708,2297.9177,2304.3491,4.2979,0.0019,14279416,15166160
NHII.NH,20190910,2304.3491,2306.3565,2313.6506,2297.2222,2306.3565,-2.0073,-0.0009,16909262,17795342
NHII.NH,20190909,2306.3565,2262.4641,2306.3826,2262.4641,2262.4641,43.8923,0.0194,22546644,18130166
NHII.NH,20190906,2262.4641,2275.0276,2289.5374,2261.6057,2275.0276,-12.5635,-0.0055,17919386,17894956
NHII.NH,20190905,2275.0276,2267.4741,2296.7268,2267.4741,2267.4741,7.5535,0.0033,23893444,18333006
NHII.NH,20190904,2267.4741,2252.7073,2267.781,2248.5342,2252.7073,14.7668,0.0066,17922732,17776736
NHII.NH,20190903,2252.7073,2245.1419,2257.9729,2243.4094,2245.1419,7.5654,0.0034,17697530,17789734
NHII.NH,20190902,2245.1419,2225.2068,2246.3779,2225.2068,2225.2068,19.9351,0.009,17790018,18410940
NHII.NH,20190830,2225.2068,2186.3242,2225.4214,2186.3242,2186.3242,38.8826,0.0178,19456560,18588706
NHII.NH,20190829,2186.3242,2200.044,2206.3906,2184.0964,2200.044,-13.7197,-0.0062,18493574,19144062
NHII.NH,20190828,2200.044,2184.5383,2202.2439,2184.5383,2184.5383,15.5056,0.0071,18935042,18765874
NHII.NH,20190827,2184.5383,2194.5906,2198.7251,2184.4624,2194.5906,-10.0523,-0.0046,18099150,18933608
NHII.NH,20190826,2194.5906,2222.876,2222.876,2193.0408,2222.876,-28.2854,-0.0127,20228324,18391710
NHII.NH,20190823,2222.876,2217.3608,2227.1511,2206.5725,2217.3608,5.5151,0.0025,17543762,18561082
NHII.NH,20190822,2217.3608,2215.6987,2220.5557,2198.023,2215.6987,1.6621,0.0008,19493984,18732036
NHII.NH,20190821,2215.6987,2233.7981,2233.7981,2203.187,2233.7981,-18.0994,-0.0081,17899270,16131558
NHII.NH,20190820,2233.7981,2243.0252,2244.8835,2232.0081,2243.0252,-9.2271,-0.0041,15679804,18280244
NHII.NH,20190819,2243.0252,2231.2044,2248.6704,2231.2044,2231.2044,11.8208,0.0053,16344536,18149866
NHII.NH,20190816,2231.2044,2235.1326,2238.2202,2225.0029,2235.1326,-3.9282,-0.0018,16907316,18133058
NHII.NH,20190815,2235.1326,2239.03,2243.127,2227.2346,2239.03,-3.8975,-0.0017,18004810,15394216
NHII.NH,20190814,2239.03,2228.9168,2261.7192,2228.9168,2228.9168,10.1133,0.0045,23784004,18472850
NHII.NH,20190813,2228.9168,2236.5291,2238.1348,2223.584,2236.5291,-7.6123,-0.0034,18217780,18241620
NHII.NH,20190812,2236.5291,2219.9214,2238.8164,2205.3889,2219.9214,16.6077,0.0075,23831304,18235770
NHII.NH,20190809,2219.9214,2239.2959,2244.8215,2202.3477,2239.2959,-19.3745,-0.0087,20715404,15723940
NHII.NH,20190808,2239.2959,2232.6082,2254.1367,2232.6082,2232.6082,6.6878,0.003,23534998,18763076
NHII.NH,20190807,2232.6082,2255.2061,2259.2908,2230.394,2257.3381,-24.73,-0.011,21023520,18597912
NHII.NH,20190806,2257.3381,2259.5701,2268.9927,2253.8965,2259.5701,-2.2319,-0.001,18668532,18516812
NHII.NH,20190805,2259.5701,2287.1323,2287.1323,2256.5642,2287.1323,-27.5623,-0.0121,19930560,15923700
NHII.NH,20190802,2287.1323,2317.563,2317.563,2264.0376,2317.563,-30.4307,-0.0131,24891702,18753798
NHII.NH,20190801,2317.563,2333.5313,2333.5313,2317.2053,2333.5313,-15.9683,-0.0068,17587224,19197820
NHII.NH,20190731,2333.5313,2334.0144,2347.3928,2332.8535,2334.0144,-0.4832,-0.0002,19378414,18965018
NHII.NH,20190730,2334.0144,2320.4587,2345.4844,2320.4587,2320.4587,13.5557,0.0058,15518304,16145190
NHII.NH,20190729,2320.4587,2320.4587,2333.4294,2319.7278,2333.4294,-12.9707,-0.0056,13093296,15796378
NHII.NH,20190726,2333.4294,2324.5493,2336.2949,2323.3113,2324.5493,8.8801,0.0038,16699612,15879126
NHII.NH,20190725,2324.5493,2318.9326,2327.794,2318.4756,2318.9326,5.6167,0.0024,18926564,18637496
NHII.NH,20190724,2318.9326,2331.9119,2331.9119,2309.2783,2331.9119,-12.9793,-0.0056,21601940,18247232
NHII.NH,20190723,2331.9119,2335.7927,2344.3496,2331.5942,2335.7927,-3.8809,-0.0017,18405072,18427458
NHII.NH,20190722,2335.7927,2369.301,2369.301,2335.781,2362.3643,-26.5715,-0.0112,25135418,17957386
NHII.NH,20190719,2362.3643,2354.7048,2362.719,2339.9153,2354.7048,7.6594,0.0033,20762274,17908670
NHII.NH,20190718,2354.7048,2359.3272,2363.5164,2351.5498,2359.3272,-4.6223,-0.002,15096742,15266550
NHII.NH,20190717,2359.3272,2360.5588,2361.9529,2344.6394,2360.5588,-1.2317,-0.0005,20739336,18074348
NHII.NH,20190716,2360.5588,2359.1702,2366.4292,2354.4973,2359.1702,1.3887,0.0006,20629550,18162022
NHII.NH,20190715,2359.1702,2337.9395,2359.4468,2332.0,2337.9395,21.2307,0.0091,20790640,17880484
NHII.NH,20190712,2337.9395,2347.8953,2347.8953,2333.8152,2347.8953,-9.9558,-0.0042,21047396,18004248
NHII.NH,20190711,2347.8953,2332.8333,2356.8491,2332.8333,2332.8333,15.062,0.0065,24795030,17779008
NHII.NH,20190710,2332.8333,2327.2449,2334.7012,2318.1292,2327.2449,5.5884,0.0024,22556736,17581668
NHII.NH,20190709,2327.2449,2329.6902,2351.6519,2324.7,2329.6902,-2.4453,-0.0011,25275960,17375768
NHII.NH,20190708,2329.6902,2313.8044,2334.9085,2313.8044,2313.8044,15.8858,0.0069,22576918,17078712
NHII.NH,20190705,2313.8044,2329.6304,2334.6668,2304.6372,2333.5894,-19.7849,-0.0085,24910164,16899800
NHII.NH,20190704,2333.5894,2336.0518,2352.356,2333.1499,2336.0518,-2.4624,-0.0011,20697446,17232106
NHII.NH,20190703,2336.0518,2358.5347,2358.5347,2326.0859,2358.5347,-22.4829,-0.0095,27886500,17487782
NHII.NH,20190702,2358.5347,2364.7205,2364.7205,2337.5747,2364.7205,-6.1858,-0.0026,18987120,14589662
NHII.NH,20190701,2364.7205,2329.3774,2367.9321,2329.3774,2329.3774,35.343,0.0152,22334794,18007284
NHII.NH,20190628,2329.3774,2322.0508,2342.8032,2322.0508,2322.0508,7.3267,0.0032,22668898,17663150
NHII.NH,20190627,2322.0508,2316.835,2347.2261,2320.8872,2316.835,5.2158,0.0023,27016374,17628372
NHII.NH,20190626,2316.835,2308.905,2320.1148,2305.8372,2308.905,7.9299,0.0034,15586496,14208200
NHII.NH,20190625,2308.905,2290.5942,2310.9949,2296.3794,2302.5884,6.3167,0.0027,19399690,17254666
NHII.NH,20190624,2302.5884,2290.5942,2308.384,2290.5942,2290.5942,11.9941,0.0052,22027642,17227632
NHII.NH,20190621,2290.5942,2292.6169,2297.7749,2276.7952,2292.6169,-2.0227,-0.0009,21118574,17575260
NHII.NH,20190620,2292.6169,2266.509,2295.7908,2266.509,2266.509,26.1079,0.0115,21689122,17461498
NHII.NH,20190619,2266.509,2238.5618,2281.0085,2238.5618,2238.5618,27.9473,0.0125,23038252,17528014
NHII.NH,20190618,2238.5618,2235.0603,2239.0996,2224.5103,2235.0603,3.5015,0.0016,16589348,17578416
NHII.NH,20190617,2235.0603,2253.7546,2253.7546,2233.4746,2253.7546,-18.6943,-0.0083,16049216,17581660
NHII.NH,20190614,2253.7546,2269.3994,2273.3718,2248.8565,2269.3994,-15.6448,-0.0069,18868728,17232634
NHII.NH,20190613,2269.3994,2248.9539,2269.3994,2241.1558,2248.9539,20.4456,0.0091,19034342,17366378
NHII.NH,20190612,2248.9539,2282.7854,2282.7854,2248.1277,2282.7854,-33.8315,-0.0148,17840764,17085836
NHII.NH,20190611,2282.7854,2242.3001,2283.4473,2241.9766,2242.3001,40.4854,0.0181,20759648,17153956
NHII.NH,20190610,2242.3001,2224.7156,2244.7346,2224.2693,2223.4419,18.8582,0.0085,6756288,16692548
NHII.NH,20190606,2223.4419,2228.7588,2228.7588,2189.4058,2228.7588,-5.3169,-0.0024,22580672,16787518
NHII.NH,20190605,2228.7588,2227.8945,2237.4146,2223.4878,2227.8945,0.8643,0.0004,14205112,16966264
NHII.NH,20190604,2227.8945,2221.4168,2227.8945,2211.5613,2221.4168,6.4778,0.0029,15268026,16469810
NHII.NH,20190603,2221.4168,2263.0574,2263.0574,2218.6196,2263.0574,-41.6406,-0.0184,19816588,16559956
NHII.NH,20190531,2263.0574,2291.5164,2293.0051,2263.0574,2291.5164,-28.459,-0.0124,13659778,15326344
NHII.NH,20190530,2291.5164,2308.4094,2312.8035,2287.8232,2308.4094,-16.8931,-0.0073,15361730,15214946
NHII.NH,20190529,2308.4094,2313.8816,2309.9187,2295.0708,2313.8816,-5.4722,-0.0024,15370752,14744932
NHII.NH,20190528,2313.8816,2310.3672,2325.4248,2305.1416,2310.3672,3.5144,0.0015,16094966,14776292
NHII.NH,20190527,2310.3672,2309.7595,2326.0977,2307.3359,2309.7595,0.6077,0.0003,19996434,14736354
NHII.NH,20190524,2309.7595,2302.6121,2309.7595,2285.1895,2302.6121,7.1475,0.0031,18790750,14777450
NHII.NH,20190523,2302.6121,2329.2478,2329.2478,2300.7363,2329.2478,-26.6357,-0.0114,16522632,14778236
NHII.NH,20190522,2329.2478,2344.0794,2344.0794,2318.041,2344.0794,-14.8316,-0.0063,20599002,14885516
NHII.NH,20190521,2344.0794,2313.4641,2345.2869,2308.2437,2313.4641,30.6152,0.0132,18038224,14864270
NHII.NH,20190520,2313.4641,2307.7268,2316.1108,2305.898,2307.7268,5.7373,0.0025,16451114,14671042
NHII.NH,20190517,2307.7268,2292.8084,2314.6819,2292.8084,2292.8084,14.9185,0.0065,16847288,14743858
NHII.NH,20190516,2292.8084,2264.644,2296.1838,2264.644,2264.644,28.1643,0.0124,16926716,14721188
NHII.NH,20190515,2264.644,2233.9783,2264.9846,2233.9783,2233.9783,30.6658,0.0137,13199526,14595782
NHII.NH,20190514,2233.9783,2262.0505,2262.0505,2232.3374,2262.0505,-28.0723,-0.0124,19080302,14532050
NHII.NH,20190513,2262.0505,2270.4175,2271.6499,2256.7573,2270.4175,-8.3669,-0.0037,14853108,14186190
NHII.NH,20190510,2270.4175,2256.3337,2275.8013,2256.3337,2256.3337,14.0837,0.0062,15177322,13778760
NHII.NH,20190509,2256.3337,2262.9158,2262.9158,2251.6516,2262.9158,-6.582,-0.0029,15126278,13790548
NHII.NH,20190508,2262.9158,2275.4097,2275.4097,2256.1836,2275.4097,-12.4939,-0.0055,14067438,13510146
NHII.NH,20190507,2275.4097,2247.1533,2284.4353,2247.1533,2247.1533,28.2564,0.0126,14014204,13300638
NHII.NH,20190506,2247.1533,2233.1841,2249.9453,2226.9807,2274.4646,-27.3113,-0.012,10928542,12904334
NHII.NH,20190430,2274.4646,2256.7856,2275.1126,2256.7856,2256.7856,17.679,0.0078,13016208,12993972
NHII.NH,20190429,2256.7856,2250.8018,2256.8677,2245.6834,2250.8018,5.9839,0.0027,12738716,13562522
NHII.NH,20190426,2250.8018,2260.6231,2264.8528,2244.0596,2260.6231,-9.8213,-0.0043,15871036,13956084
NHII.NH,20190425,2260.6231,2257.2185,2275.865,2255.7163,2257.2185,3.4045,0.0015,14688950,13930678
NHII.NH,20190424,2257.2185,2269.7703,2269.7703,2254.5115,2269.7703,-12.5518,-0.0055,14454150,14158372
NHII.NH,20190423,2269.7703,2262.9377,2274.9539,2262.9377,2262.9377,6.8325,0.003,12706210,14092232
NHII.NH,20190422,2262.9377,2253.1926,2279.4473,2253.1926,2253.1926,9.7451,0.0043,19169862,14128674
NHII.NH,20190419,2253.1926,2239.2952,2254.1021,2239.2952,2239.2952,13.8975,0.0062,14544180,14056348
NHII.NH,20190418,2239.2952,2268.5371,2268.5371,2238.8401,2268.5371,-29.2419,-0.0129,19615884,14331628
NHII.NH,20190417,2268.5371,2272.4927,2278.0447,2264.1997,2272.4927,-3.9556,-0.0017,15058990,14083888
NHII.NH,20190416,2272.4927,2288.6252,2288.6252,2269.6819,2288.2156,-15.7229,-0.0069,15887102,14062422
NHII.NH,20190415,2288.2156,2286.115,2295.5173,2284.4363,2286.115,2.1006,0.0009,17938690,14371556
NHII.NH,20190412,2286.115,2289.6697,2289.6697,2270.5046,2289.6697,-3.5547,-0.0016,20514938,14379426
NHII.NH,20190411,2289.6697,2286.4607,2292.8135,2274.6043,2286.4607,3.209,0.0014,15775698,14485486
NHII.NH,20190410,2286.4607,2285.3574,2290.644,2275.585,2285.3574,1.1033,0.0005,14967962,14311568
NHII.NH,20190409,2285.3574,2288.8872,2303.074,2277.4214,2288.8872,-3.5298,-0.0015,17755778,14242134
NHII.NH,20190408,2288.8872,2257.0857,2294.438,2257.0857,2252.592,36.2952,0.0161,17802854,14101942
NHII.NH,20190404,2252.592,2250.5046,2252.8674,2243.2327,2250.5046,2.0874,0.0009,16316050,13911856
NHII.NH,20190403,2250.5046,2228.5584,2257.4058,2228.5584,2228.5584,21.9463,0.0098,17931846,14136274
NHII.NH,20190402,2228.5584,2223.971,2234.0703,2220.374,2223.971,4.5874,0.0021,16098586,14238052
NHII.NH,20190401,2223.971,2191.335,2225.3608,2191.335,2191.335,32.636,0.0149,15127214,14546874
NHII.NH,20190329,2191.335,2164.655,2199.9878,2164.655,2163.3169,28.0181,0.013,18394204,14591170
NHII.NH,20190328,2163.3169,2173.3379,2176.5974,2162.7703,2173.3379,-10.021,-0.0046,16109118,14984606
NHII.NH,20190327,2173.3379,2172.1038,2184.3582,2170.2752,2172.1038,1.2341,0.0006,12331958,14756676
NHII.NH,20190326,2172.1038,2168.0117,2179.9021,2168.0117,2168.0117,4.092,0.0019,11873250,14557864
NHII.NH,20190325,2168.0117,2200.0405,2200.0405,2167.9929,2200.0405,-32.0288,-0.0146,15085894,14485026
NHII.NH,20190322,2200.0405,2201.429,2201.429,2187.4207,2201.429,-1.3884,-0.0006,13464052,14249216
NHII.NH,20190321,2201.429,2192.2256,2209.5464,2192.2256,2192.2256,9.2034,0.0042,14056680,14123410
NHII.NH,20190320,2192.2256,2202.5225,2202.5225,2184.041,2202.5225,-10.2969,-0.0047,16200426,14360892
NHII.NH,20190319,2202.5225,2193.3601,2207.2588,2193.1631,2193.3601,9.1624,0.0042,13778434,14465362
NHII.NH,20190318,2193.3601,2200.9246,2206.3418,2191.293,2200.9246,-7.5645,-0.0034,16490462,14263188
NHII.NH,20190315,2200.9246,2213.4739,2213.4739,2189.3189,2213.4739,-12.5493,-0.0057,18691328,13979408
NHII.NH,20190314,2213.4739,2201.2083,2219.3137,2201.2083,2201.2083,12.2656,0.0056,15702970,13885052
NHII.NH,20190313,2201.2083,2212.8259,2218.3394,2199.7571,2212.8259,-11.6177,-0.0053,13673070,13485008
NHII.NH,20190312,2212.8259,2186.8919,2214.0586,2186.8919,2186.8919,25.9341,0.0119,15354464,13446420
NHII.NH,20190311,2186.8919,2198.5317,2198.5317,2183.5891,2198.5317,-11.6399,-0.0053,14633100,13342376
NHII.NH,20190308,2198.5317,2225.1799,2225.1799,2197.8748,2225.1799,-26.6482,-0.012,16376560,13295836
NHII.NH,20190307,2225.1799,2220.8364,2231.7344,2216.7576,2220.8364,4.3435,0.002,17271176,13446470
NHII.NH,20190306,2220.8364,2229.6958,2233.5413,2217.4651,2229.6958,-8.8594,-0.004,16822598,13635662
NHII.NH,20190305,2229.6958,2237.6968,2237.6968,2218.7105,2237.6968,-8.001,-0.0036,16288204,13171672
NHII.NH,20190304,2237.6968,2261.9463,2261.9463,2235.8565,2261.9463,-24.2495,-0.0107,19544052,13676548
NHII.NH,20190301,2261.9463,2219.468,2262.137,2219.468,2219.468,42.4783,0.0191,15836536,13498796
NHII.NH,20190228,2219.468,2207.3909,2222.9009,2207.3909,2207.3909,12.0772,0.0055,13242412,13247830
NHII.NH,20190227,2207.3909,2212.3562,2224.7637,2203.1829,2212.3562,-4.9653,-0.0022,13091426,13207732
NHII.NH,20190226,2212.3562,2220.5374,2220.5374,2196.2566,2220.5374,-8.1812,-0.0037,17109844,13269190
NHII.NH,20190225,2220.5374,2236.9346,2252.8901,2220.3091,2236.9346,-16.3972,-0.0073,16643230,13474930
NHII.NH,20190222,2236.9346,2218.7219,2236.9751,2215.5029,2218.7219,18.2127,0.0082,14425216,13203694
NHII.NH,20190221,2218.7219,2215.9744,2233.426,2213.9043,2215.9744,2.7476,0.0012,16229624,13356236
NHII.NH,20190220,2215.9744,2213.9348,2218.2961,2196.8872,2213.9348,2.0396,0.0009,15992818,13631164
NHII.NH,20190219,2213.9348,2197.9219,2214.7285,2197.9219,2196.2532,17.6816,0.0081,14352550,13569798
NHII.NH,20190218,2196.2532,2174.5447,2208.2708,2174.5447,2169.4971,26.7561,0.0123,18205320,13603572
NHII.NH,20190215,2169.4971,2191.9565,2191.9565,2164.7932,2191.9565,-22.4595,-0.0102,18498110,13593426
NHII.NH,20190214,2191.9565,2179.0176,2192.9512,2178.5125,2179.0176,12.939,0.0059,14049548,13069402
NHII.NH,20190213,2179.0176,2196.553,2196.553,2170.5676,2196.553,-17.5354,-0.008,16545992,12623572
NHII.NH,20190212,2196.553,2199.9685,2210.3867,2193.7893,2199.9685,-3.4155,-0.0016,14480852,12404954
NHII.NH,20190211,2199.9685,2201.2192,2219.4805,2198.1753,2191.3174,8.6511,0.0039,9600170,11719686
NHII.NH,20190201,2191.3174,2166.0994,2192.2683,2166.0994,2166.0994,25.218,0.0116,12806922,11233926
NHII.NH,20190131,2166.0994,2141.8147,2168.7175,2141.8147,2141.8147,24.2847,0.0113,14077944,11811734
NHII.NH,20190130,2141.8147,2121.6545,2160.5627,2121.6545,2121.6545,20.1602,0.0095,16942010,12276690
NHII.NH,20190129,2121.6545,2125.655,2129.2117,2111.846,2125.655,-4.0005,-0.0019,13847014,12357488
NHII.NH,20190128,2125.655,2127.428,2156.71,2125.2891,2127.428,-1.773,-0.0008,15118180,12204636
NHII.NH,20190125,2127.428,2118.4756,2140.6624,2118.4756,2118.4756,8.9524,0.0042,14722328,12484784
NHII.NH,20190124,2118.4756,2120.0349,2124.667,2109.6917,2120.0349,-1.5593,-0.0007,14366782,12411612
NHII.NH,20190123,2120.0349,2116.0056,2121.8413,2106.9448,2114.1213,5.9136,0.0028,12788624,12282646
NHII.NH,20190122,2114.1213,2132.9788,2144.2947,2113.3926,2132.9788,-18.8574,-0.0088,16193736,12300304
NHII.NH,20190121,2132.9788,2122.1628,2141.8906,2122.1628,2122.1628,10.8159,0.0051,17553790,12559820
NHII.NH,20190118,2122.1628,2086.2065,2123.0254,2086.2065,2089.3701,32.7927,0.0157,15607620,12416604
NHII.NH,20190117,2089.3701,2088.616,2094.2078,2084.4456,2088.616,0.7542,0.0004,11052474,11835290
NHII.NH,20190116,2088.616,2073.3552,2091.1148,2073.3552,2073.3552,15.2608,0.0074,12910726,11867134
NHII.NH,20190115,2073.3552,2074.3218,2077.2231,2062.8186,2074.3218,-0.9666,-0.0005,13245534,11710730
NHII.NH,20190114,2074.3218,2079.0923,2084.4287,2065.1262,2079.0923,-4.7705,-0.0023,12731482,11691108
NHII.NH,20190111,2079.0923,2063.9106,2079.2869,2061.1482,2063.9106,15.1817,0.0074,13669530,11426976
NHII.NH,20190110,2063.9106,2067.2249,2074.0288,2061.417,2067.2249,-3.3142,-0.0016,12875516,11366926
NHII.NH,20190109,2067.2249,2055.2859,2082.1426,2055.2859,2055.2859,11.939,0.0058,13795296,11200026
NHII.NH,20190108,2055.2859,2062.0703,2062.3496,2049.2798,2062.0703,-6.7844,-0.0033,12476096,11211884
NHII.NH,20190107,2062.0703,2048.8804,2065.1099,2048.8804,2048.8804,13.1899,0.0064,13563152,11217730
NHII.NH,20190104,2048.8804,2017.0878,2049.7564,2017.0878,2017.0878,31.7926,0.0158,16622908,11224026
NHII.NH,20190103,2017.0878,1982.641,2018.2561,1982.641,1986.4545,30.6333,0.0154,14412864,11247116
NHII.NH,20190102,1986.4545,2008.4463,2013.5104,1985.3676,2011.8857,-25.4313,-0.0126,8733922,11062378
NHAI.NH,20260430,1096.26,1094.72,1098.94,1091.48,1093.02,3.24,0.003,6240029,13095444
NHAI.NH,20260429,1093.02,1091.47,1093.79,1087.31,1090.56,2.46,0.0023,6555779,13372694
NHAI.NH,20260428,1090.56,1087.45,1090.9,1082.17,1087.64,2.92,0.0027,7026978,13447680
NHAI.NH,20260427,1087.64,1087.19,1091.33,1086.58,1087.4,0.24,0.0002,6460340,13592018
NHAI.NH,20260424,1087.4,1089.56,1094.99,1084.45,1091.03,-3.63,-0.0033,7581177,13583566
NHAI.NH,20260423,1091.03,1095.2,1097.05,1088.49,1094.66,-3.63,-0.0033,8192690,13726520
NHAI.NH,20260422,1094.66,1082.17,1096.73,1082.17,1081.73,12.93,0.012,9733744,13685653
NHAI.NH,20260421,1081.73,1075.06,1084.54,1073.47,1075.41,6.32,0.0059,7719038,13391041
NHAI.NH,20260420,1075.41,1070.46,1080.13,1067.61,1075.81,-0.4,-0.0004,8044952,13132041
NHAI.NH,20260417,1075.81,1073.46,1076.32,1069.53,1072.87,2.94,0.0027,7246785,12989606
NHAI.NH,20260416,1072.87,1066.91,1073.21,1063.21,1066.2,6.67,0.0063,7008686,12854351
NHAI.NH,20260415,1066.2,1058.21,1066.3,1052.48,1058.13,8.07,0.0076,6578623,12703116
NHAI.NH,20260414,1058.13,1058.18,1059.08,1052.78,1057.4,0.73,0.0007,6000727,12742887
NHAI.NH,20260413,1057.4,1062.53,1064.8,1056.69,1063.58,-6.18,-0.0058,7519335,12785971
NHAI.NH,20260410,1063.58,1061.66,1068.77,1061.33,1060.39,3.19,0.003,8241047,12827875
NHAI.NH,20260409,1060.39,1055.5,1061.44,1054.12,1056.37,4.02,0.0038,6081643,12617256
NHAI.NH,20260408,1056.37,1065.75,1066.04,1050.82,1065.72,-9.35,-0.0088,6735571,12504257
NHAI.NH,20260407,1065.72,1068.3,1069.71,1063.08,1068.3,-2.58,-0.0024,4709903,12564564
NHAI.NH,20260403,1068.3,1077.7,1077.99,1066.86,1074.85,-6.55,-0.0061,5614006,12481508
NHAI.NH,20260402,1074.85,1071.39,1078.11,1071.5,1070.33,4.52,0.0042,5855674,12520483
NHAI.NH,20260401,1070.33,1083.22,1088.32,1069.7,1079.7,-9.37,-0.0087,7715175,12413134
NHAI.NH,20260331,1079.7,1087.28,1089.99,1079.23,1087.19,-7.49,-0.0069,6247359,12338635
NHAI.NH,20260330,1087.19,1089.27,1090.83,1081.68,1087.68,-0.49,-0.0005,6626284,12358110
NHAI.NH,20260327,1087.68,1087.15,1088.82,1081.24,1085.85,1.83,0.0017,6123917,12347151
NHAI.NH,20260326,1085.85,1081.07,1087.26,1079.59,1080.4,5.45,0.005,5571096,12302207
NHAI.NH,20260325,1080.4,1086.45,1087.93,1078.35,1086.56,-6.16,-0.0057,5905862,12171805
NHAI.NH,20260324,1086.56,1096.85,1096.85,1084.69,1099.65,-13.09,-0.0119,6506291,12235430
NHAI.NH,20260323,1099.65,1100.21,1104.24,1096.32,1100.35,-0.7,-0.0006,7617308,12385310
NHAI.NH,20260320,1100.35,1102.04,1104.79,1096.1,1102.02,-1.67,-0.0015,7130641,12235183
NHAI.NH,20260319,1102.02,1102.76,1108.32,1099.64,1097.83,4.19,0.0038,6371600,12315945
NHAI.NH,20260318,1097.83,1113.55,1114.31,1097.28,1111.86,-14.03,-0.0126,6832414,12333934
NHAI.NH,20260317,1111.86,1114.07,1116.14,1107.2,1118.06,-6.2,-0.0055,7428437,12484889
NHAI.NH,20260316,1118.06,1120.31,1123.93,1113.06,1121.69,-3.63,-0.0032,8954839,12362325
NHAI.NH,20260313,1121.69,1116.24,1132.52,1113.23,1113.86,7.83,0.007,10933006,12310441
NHAI.NH,20260312,1113.86,1119.45,1121.94,1111.85,1112.48,1.38,0.0012,8483341,12310871
NHAI.NH,20260311,1112.48,1103.54,1113.28,1100.93,1101.13,11.35,0.0103,9540694,12341607
NHAI.NH,20260310,1101.13,1112.38,1113.86,1093.56,1114.15,-13.02,-0.0117,7981775,12204737
NHAI.NH,20260309,1114.15,1097.31,1135.22,1096.53,1092.03,22.12,0.0203,14181859,12467059
NHAI.NH,20260306,1092.03,1083.93,1093.78,1083.69,1083.79,8.24,0.0076,7340890,12926213
NHAI.NH,20260305,1083.79,1078.05,1087.16,1075.35,1079.1,4.69,0.0043,5082287,12574309
NHAI.NH,20260304,1079.1,1079.08,1082.52,1074.96,1077.75,1.35,0.0013,5251807,12443671
NHAI.NH,20260303,1077.75,1074.13,1081.02,1071.77,1073.45,4.3,0.004,6521137,12493419
NHAI.NH,20260302,1073.45,1072.73,1077.33,1068.36,1072.23,1.22,0.0011,6419928,12541770
NHAI.NH,20260227,1072.23,1067.9,1072.27,1067.65,1068.19,4.04,0.0038,4841275,12532359
NHAI.NH,20260226,1068.19,1071.27,1074.26,1066.38,1072.32,-4.13,-0.0039,5618701,12537342
NHAI.NH,20260225,1072.32,1062.07,1075.62,1061.7,1062.74,9.58,0.009,6329649,12416325
NHAI.NH,20260224,1062.74,1062.23,1066.12,1062.23,1059.62,3.12,0.0029,4412382,11912593
NHAI.NH,20260213,1059.62,1061.32,1064.0,1057.64,1060.82,-1.2,-0.0011,4786959,11649605
NHAI.NH,20260212,1060.82,1061.6,1063.89,1059.97,1061.11,-0.29,-0.0003,4837023,12027332
NHAI.NH,20260211,1061.11,1054.44,1061.99,1053.87,1054.59,6.52,0.0062,4847475,12281823
NHAI.NH,20260210,1054.59,1056.74,1058.38,1053.29,1055.84,-1.25,-0.0012,4252093,12257952
NHAI.NH,20260209,1055.84,1057.31,1059.62,1054.4,1057.14,-1.3,-0.0012,4327325,12213891
NHAI.NH,20260206,1057.14,1057.29,1061.36,1056.36,1057.86,-0.72,-0.0007,3909810,12271920
NHAI.NH,20260205,1057.86,1059.43,1064.62,1057.39,1062.2,-4.34,-0.0041,5993780,12388110
NHAI.NH,20260204,1062.2,1061.6,1063.52,1059.16,1057.6,4.6,0.0043,4259359,12290261
NHAI.NH,20260203,1057.6,1058.47,1063.54,1056.96,1056.8,0.8,0.0008,5267630,12224032
NHAI.NH,20260202,1056.8,1069.17,1072.04,1054.95,1069.77,-12.97,-0.0121,6040220,12136742
NHAI.NH,20260130,1069.77,1080.03,1080.8,1066.59,1079.46,-9.69,-0.009,6415727,12434960
NHAI.NH,20260129,1079.46,1074.65,1081.07,1073.91,1073.87,5.59,0.0052,5630923,12713638
NHAI.NH,20260128,1073.87,1069.58,1074.54,1068.59,1068.9,4.97,0.0047,5410732,12739802
NHAI.NH,20260127,1068.9,1068.76,1070.07,1065.27,1069.51,-0.61,-0.0006,4992563,12784615
NHAI.NH,20260126,1069.51,1062.47,1069.85,1061.95,1061.11,8.4,0.0079,5715258,12750648
NHAI.NH,20260123,1061.11,1062.72,1063.96,1060.18,1062.99,-1.88,-0.0018,4583438,12702740
NHAI.NH,20260122,1062.99,1054.0,1063.05,1053.36,1052.78,10.21,0.0097,5157170,12642729
NHAI.NH,20260121,1052.78,1053.35,1055.41,1050.82,1052.92,-0.14,-0.0001,4615002,12480226
NHAI.NH,20260120,1052.92,1052.45,1055.55,1051.16,1052.34,0.58,0.0006,4854693,12298403
NHAI.NH,20260119,1052.34,1058.58,1060.63,1050.74,1061.51,-9.17,-0.0086,5706871,12232349
NHAI.NH,20260116,1061.51,1059.6,1066.85,1056.55,1059.68,1.83,0.0017,5764884,12203060
NHAI.NH,20260115,1059.68,1066.24,1066.81,1058.84,1065.94,-6.26,-0.0059,5287124,12145517
NHAI.NH,20260114,1065.94,1062.76,1066.99,1060.5,1063.61,2.33,0.0022,5430920,12131481
NHAI.NH,20260113,1063.61,1063.81,1068.86,1060.69,1062.8,0.81,0.0008,6052817,12113527
NHAI.NH,20260112,1062.8,1061.11,1065.11,1058.93,1063.06,-0.26,-0.0002,5389766,12019703
NHAI.NH,20260109,1063.06,1060.54,1064.83,1056.74,1058.85,4.21,0.004,4858277,11823386
NHAI.NH,20260108,1058.85,1065.81,1067.12,1056.47,1064.3,-5.45,-0.0051,6880065,11663882
NHAI.NH,20260107,1064.3,1057.38,1064.4,1056.91,1058.0,6.3,0.006,6632854,11522912
NHAI.NH,20260106,1058.0,1051.53,1058.15,1051.12,1050.68,7.32,0.007,4698324,11106542
NHAI.NH,20260105,1050.68,1049.98,1052.26,1047.19,1051.03,-0.35,-0.0003,4509158,10934994
NHAI.NH,20251231,1051.03,1054.75,1055.24,1049.57,1055.07,-4.04,-0.0038,4259680,10738260
NHAI.NH,20251230,1055.07,1048.58,1055.93,1048.58,1049.3,5.77,0.0055,5013841,10966559
NHAI.NH,20251229,1049.3,1051.58,1053.91,1048.82,1050.54,-1.24,-0.0012,5479475,10987280
NHAI.NH,20251226,1050.54,1041.34,1052.6,1041.34,1040.93,9.61,0.0092,6137414,11059919
NHAI.NH,20251225,1040.93,1038.6,1041.69,1036.76,1037.49,3.44,0.0033,4494391,11097229
NHAI.NH,20251224,1037.49,1033.92,1038.5,1033.47,1033.59,3.9,0.0038,4864296,11256742
NHAI.NH,20251223,1033.59,1031.42,1033.72,1029.84,1030.32,3.27,0.0032,4133749,11418267
NHAI.NH,20251222,1030.32,1024.23,1030.57,1023.28,1024.66,5.66,0.0055,5201379,11485046
NHAI.NH,20251219,1024.66,1029.18,1029.48,1021.65,1029.65,-4.99,-0.0048,4985843,11670958
NHAI.NH,20251218,1029.65,1033.14,1035.82,1029.12,1033.03,-3.38,-0.0033,5100380,11785809
NHAI.NH,20251217,1033.03,1035.12,1036.98,1032.11,1036.3,-3.27,-0.0032,5076952,11815249
NHAI.NH,20251216,1036.3,1040.31,1040.66,1035.16,1040.72,-4.42,-0.0042,6031611,11818740
NHAI.NH,20251215,1040.72,1044.64,1046.36,1040.66,1046.81,-6.09,-0.0058,5604718,11845861
NHAI.NH,20251212,1046.81,1046.48,1049.63,1045.64,1046.7,0.11,0.0001,5832529,11807457
NHAI.NH,20251211,1046.7,1045.56,1050.14,1044.75,1043.69,3.01,0.0029,6363434,11942619
NHAI.NH,20251210,1043.69,1046.12,1048.25,1041.95,1046.21,-2.52,-0.0024,7002020,11867514
NHAI.NH,20251209,1046.21,1050.3,1050.71,1044.89,1050.79,-4.58,-0.0044,5861763,11845850
NHAI.NH,20251208,1050.79,1054.38,1054.58,1047.82,1053.88,-3.09,-0.0029,6649134,12020674
NHAI.NH,20251205,1053.88,1055.6,1057.32,1053.15,1055.8,-1.92,-0.0018,5166072,12034750
NHAI.NH,20251204,1055.8,1059.58,1060.51,1053.36,1059.7,-3.9,-0.0037,6148119,11976352
NHAI.NH,20251203,1059.7,1060.41,1061.66,1057.98,1059.97,-0.27,-0.0003,5289756,11874916
NHAI.NH,20251202,1059.97,1055.49,1061.01,1053.55,1056.59,3.38,0.0032,5265464,11866484
NHAI.NH,20251201,1056.59,1058.11,1060.34,1054.13,1057.23,-0.64,-0.0006,5441047,11823754
NHAI.NH,20251128,1057.23,1055.41,1058.4,1055.41,1055.83,1.4,0.0013,5048668,11813240
NHAI.NH,20251127,1055.83,1050.91,1056.92,1049.99,1051.13,4.7,0.0045,5895852,11801787
NHAI.NH,20251126,1051.13,1045.55,1052.12,1045.06,1047.26,3.87,0.0037,5832643,11835744
NHAI.NH,20251125,1047.26,1046.13,1050.19,1045.28,1047.3,-0.04,0.0,5637072,11788078
NHAI.NH,20251124,1047.3,1044.97,1050.24,1042.35,1045.84,1.46,0.0014,5725628,11677424
NHAI.NH,20251121,1045.84,1049.06,1051.04,1045.58,1048.47,-2.63,-0.0025,5852638,11573950
NHAI.NH,20251120,1048.47,1054.51,1055.76,1047.03,1055.51,-7.04,-0.0067,5096370,11525641
NHAI.NH,20251119,1055.51,1055.87,1059.08,1053.97,1053.73,1.78,0.0017,5766548,11499179
NHAI.NH,20251118,1053.73,1058.37,1062.35,1053.2,1057.68,-3.95,-0.0037,5398471,11518352
NHAI.NH,20251117,1057.68,1062.98,1064.64,1053.76,1062.32,-4.64,-0.0044,6157633,11464156
NHAI.NH,20251114,1062.32,1066.2,1066.33,1060.42,1066.06,-3.74,-0.0035,5451614,11539864
NHAI.NH,20251113,1066.06,1059.47,1066.45,1057.24,1061.03,5.03,0.0047,5356081,11397058
NHAI.NH,20251112,1061.03,1059.96,1061.99,1058.01,1060.31,0.72,0.0007,4820758,11293223
NHAI.NH,20251111,1060.31,1060.01,1064.82,1059.44,1059.69,0.62,0.0006,5162986,11183439
NHAI.NH,20251110,1059.69,1055.21,1060.75,1052.96,1055.24,4.45,0.0042,4945063,11126424
NHAI.NH,20251107,1055.24,1058.47,1058.65,1051.41,1058.03,-2.79,-0.0026,4836179,11101812
NHAI.NH,20251106,1058.03,1052.18,1058.3,1051.19,1052.34,5.69,0.0054,5586225,11046193
NHAI.NH,20251105,1052.34,1043.53,1053.77,1045.7,1044.6,7.74,0.0074,6284212,10963005
NHAI.NH,20251104,1044.6,1047.73,1053.29,1044.35,1049.26,-4.66,-0.0044,5074707,10815437
NHAI.NH,20251103,1049.26,1047.97,1052.67,1043.21,1049.31,-0.05,0.0,6286492,10812465
NHAI.NH,20251031,1049.31,1052.85,1053.24,1048.26,1051.68,-2.37,-0.0023,5953296,10846688
NHAI.NH,20251030,1051.68,1053.44,1056.21,1049.33,1054.18,-2.5,-0.0024,5031065,10919408
NHAI.NH,20251029,1054.18,1057.45,1057.45,1047.9,1058.58,-4.4,-0.0042,6196117,10882534
NHAI.NH,20251028,1058.58,1058.13,1060.85,1056.06,1058.25,0.33,0.0003,5736587,10875244
NHAI.NH,20251027,1058.25,1055.79,1059.65,1055.07,1055.84,2.41,0.0023,5559712,10962665
NHAI.NH,20251024,1055.84,1057.79,1057.79,1051.82,1056.53,-0.69,-0.0007,5162468,11095900
NHAI.NH,20251023,1056.53,1053.19,1057.31,1050.73,1053.1,3.43,0.0033,5863644,11190561
NHAI.NH,20251022,1053.1,1057.52,1057.86,1050.81,1058.23,-5.13,-0.0048,5264191,11322623
NHAI.NH,20251021,1058.23,1058.06,1061.34,1054.73,1058.04,0.19,0.0002,4958822,11269513
NHAI.NH,20251020,1058.04,1045.64,1062.05,1045.64,1044.65,13.39,0.0128,5635526,11248159
NHAI.NH,20251017,1044.65,1052.48,1053.34,1044.26,1051.62,-6.97,-0.0066,5459229,11265675
NHAI.NH,20251016,1051.62,1056.58,1057.68,1050.62,1056.43,-4.81,-0.0046,4207431,11117176
NHAI.NH,20251015,1056.43,1056.46,1061.63,1054.16,1057.71,-1.28,-0.0012,4494431,11044552
NHAI.NH,20251014,1057.71,1057.42,1062.91,1054.59,1057.77,-0.06,-0.0001,6137467,10959181
NHAI.NH,20251013,1057.77,1060.28,1063.41,1055.32,1060.79,-3.02,-0.0028,5752467,10815213
NHAI.NH,20251010,1060.79,1067.45,1069.41,1059.24,1067.92,-7.13,-0.0067,5659167,10767477
NHAI.NH,20251009,1067.92,1064.02,1068.46,1063.09,1065.8,2.12,0.002,4744776,10496782
NHAI.NH,20250930,1065.8,1064.91,1065.85,1061.27,1065.97,-0.17,-0.0002,3982732,10320251
NHAI.NH,20250929,1065.97,1070.94,1072.17,1064.98,1070.81,-4.84,-0.0045,4639724,10698522
NHAI.NH,20250926,1070.81,1076.72,1077.44,1070.39,1076.18,-5.37,-0.005,5267957,11010051
NHAI.NH,20250925,1076.18,1071.98,1077.03,1071.05,1068.16,8.02,0.0075,5800287,10971663
NHAI.NH,20250924,1068.16,1067.34,1069.27,1063.28,1066.22,1.94,0.0018,5844893,11150384
NHAI.NH,20250923,1066.22,1080.89,1080.89,1062.08,1084.62,-18.4,-0.017,8843230,11195562
NHAI.NH,20250922,1084.62,1084.49,1087.34,1083.1,1084.14,0.48,0.0004,5652776,11180644
NHAI.NH,20250919,1084.14,1082.35,1087.11,1081.67,1081.74,2.4,0.0022,4930884,11185956
NHAI.NH,20250918,1081.74,1087.53,1089.07,1080.06,1087.56,-5.82,-0.0054,5266693,11232516
NHAI.NH,20250917,1087.56,1096.91,1098.44,1087.29,1095.22,-7.66,-0.007,5891311,11249593
NHAI.NH,20250916,1095.22,1095.03,1098.82,1094.07,1094.03,1.19,0.0011,5289639,11076483
NHAI.NH,20250915,1094.03,1094.18,1095.06,1089.4,1092.71,1.32,0.0012,6992036,11010259
NHAI.NH,20250912,1092.71,1095.12,1098.91,1092.16,1095.42,-2.71,-0.0025,4592531,11120216
NHAI.NH,20250911,1095.42,1089.5,1095.48,1089.04,1088.16,7.26,0.0067,5022621,11167902
NHAI.NH,20250910,1088.16,1095.46,1095.46,1087.93,1095.72,-7.56,-0.0069,5630172,11132572
NHAI.NH,20250909,1095.72,1099.66,1100.51,1094.15,1099.21,-3.49,-0.0032,5403886,11113282
NHAI.NH,20250908,1099.21,1099.6,1099.62,1094.15,1099.85,-0.64,-0.0006,5530713,11109318
NHAI.NH,20250905,1099.85,1093.38,1100.79,1093.15,1094.16,5.69,0.0052,5471948,11096337
NHAI.NH,20250904,1094.16,1095.96,1097.5,1092.52,1096.53,-2.37,-0.0022,5733062,10997146
NHAI.NH,20250903,1096.53,1097.02,1101.03,1095.87,1098.02,-1.49,-0.0014,5515273,11010952
NHAI.NH,20250902,1098.02,1097.95,1102.68,1095.02,1097.3,0.72,0.0007,5590407,11112481
NHAI.NH,20250901,1097.3,1095.91,1098.82,1091.4,1096.43,0.87,0.0008,5610922,11270950
NHAI.NH,20250829,1096.43,1097.15,1097.4,1094.44,1095.92,0.51,0.0005,6033300,11310941
NHAI.NH,20250828,1095.92,1100.35,1102.47,1093.97,1099.61,-3.69,-0.0034,6598364,11449430
NHAI.NH,20250827,1099.61,1102.18,1103.42,1099.34,1103.49,-3.88,-0.0035,6184116,11518875
NHAI.NH,20250826,1103.49,1110.56,1111.6,1103.34,1109.32,-5.83,-0.0053,5322150,11470821
NHAI.NH,20250825,1109.32,1107.89,1113.63,1106.81,1107.04,2.28,0.0021,5598188,11422088
NHAI.NH,20250822,1107.04,1103.59,1108.6,1101.24,1103.62,3.42,0.0031,6394572,11416622
NHAI.NH,20250821,1103.62,1108.9,1110.19,1102.36,1109.43,-5.81,-0.0052,6402589,11532039
NHAI.NH,20250820,1109.43,1112.96,1113.79,1103.18,1114.54,-5.11,-0.0046,6631655,11664230
NHAI.NH,20250819,1114.54,1114.7,1119.6,1112.95,1113.57,0.97,0.0009,5905661,11938375
NHAI.NH,20250818,1113.57,1114.26,1119.07,1111.23,1112.3,1.27,0.0011,6712160,11921031
NHAI.NH,20250815,1112.3,1111.96,1113.11,1108.41,1113.19,-0.89,-0.0008,6154598,11819539
NHAI.NH,20250814,1113.19,1123.33,1123.33,1111.56,1122.89,-9.7,-0.0086,8387774,11835211
NHAI.NH,20250813,1122.89,1119.67,1129.66,1115.94,1111.62,11.27,0.0101,9953017,12002227
NHAI.NH,20250812,1111.62,1101.66,1113.24,1100.43,1100.99,10.63,0.0097,7429778,11876814
NHAI.NH,20250811,1100.99,1097.93,1102.19,1095.73,1098.55,2.44,0.0022,7671589,11960461
NHAI.NH,20250808,1098.55,1096.39,1099.6,1094.95,1095.24,3.31,0.003,5472654,12035778
NHAI.NH,20250807,1095.24,1095.82,1098.77,1092.39,1094.71,0.53,0.0005,5743044,11928887
NHAI.NH,20250806,1094.71,1093.63,1096.43,1089.58,1092.84,1.87,0.0017,6345809,11932931
NHAI.NH,20250805,1092.84,1087.09,1092.99,1086.89,1088.14,4.7,0.0043,6017479,11948883
NHAI.NH,20250804,1088.14,1090.71,1091.36,1084.31,1090.74,-2.6,-0.0024,5837921,11739015
NHAI.NH,20250801,1090.74,1090.2,1092.98,1086.64,1090.92,-0.18,-0.0002,5612994,11753408
NHAI.NH,20250731,1090.92,1097.29,1098.61,1089.97,1098.55,-7.63,-0.0069,6047571,11697095
NHAI.NH,20250730,1098.55,1096.4,1102.03,1095.85,1096.24,2.31,0.0021,6163866,11703110
NHAI.NH,20250729,1096.24,1096.21,1097.37,1089.86,1095.72,0.52,0.0005,6312330,11666005
NHAI.NH,20250728,1095.72,1102.13,1103.47,1089.67,1102.32,-6.6,-0.006,6803549,11692755
NHAI.NH,20250725,1102.32,1105.79,1108.01,1100.42,1105.81,-3.49,-0.0032,5504892,11737352
NHAI.NH,20250724,1105.81,1109.13,1111.07,1099.82,1108.77,-2.96,-0.0027,7545287,11843548
NHAI.NH,20250723,1108.77,1103.3,1118.65,1102.09,1104.56,4.21,0.0038,6541967,11960622
NHAI.NH,20250722,1104.56,1103.43,1106.91,1100.91,1104.2,0.36,0.0003,6071021,12024155
NHAI.NH,20250721,1104.2,1103.15,1107.23,1100.79,1102.29,1.91,0.0017,5762937,12055782
NHAI.NH,20250718,1102.29,1094.17,1103.11,1093.25,1093.27,9.02,0.0083,6425677,12192768
NHAI.NH,20250717,1093.27,1085.41,1093.97,1084.97,1085.9,7.37,0.0068,6604615,12097966
NHAI.NH,20250716,1085.9,1087.32,1089.68,1084.97,1086.82,-0.92,-0.0008,4426359,11973449
NHAI.NH,20250715,1086.82,1089.38,1091.68,1085.53,1088.65,-1.83,-0.0017,4818866,11864281
NHAI.NH,20250714,1088.65,1086.04,1089.18,1082.31,1086.68,1.97,0.0018,5685443,11949519
NHAI.NH,20250711,1086.68,1083.93,1091.02,1083.39,1084.83,1.85,0.0017,5681754,11909675
NHAI.NH,20250710,1084.83,1082.17,1086.18,1079.37,1082.9,1.93,0.0018,5328517,11948421
NHAI.NH,20250709,1082.9,1080.96,1083.84,1079.77,1081.72,1.18,0.0011,4550028,11905724
NHAI.NH,20250708,1081.72,1077.71,1083.09,1075.95,1077.54,4.18,0.0039,4933197,11826040
NHAI.NH,20250707,1077.54,1082.97,1084.41,1077.06,1083.9,-6.36,-0.0059,5263287,11660936
NHAI.NH,20250704,1083.9,1088.41,1089.14,1083.04,1086.72,-2.82,-0.0026,4312921,11522337
NHAI.NH,20250703,1086.72,1086.02,1089.31,1085.15,1084.91,1.81,0.0017,4745949,11517045
NHAI.NH,20250702,1084.91,1075.96,1086.02,1073.88,1076.59,8.32,0.0077,5567920,11572058
NHAI.NH,20250701,1076.59,1076.51,1077.72,1073.47,1075.84,0.75,0.0007,4418568,11515607
NHAI.NH,20250630,1075.84,1077.55,1080.08,1072.36,1078.11,-2.27,-0.0021,5390882,11512487
NHAI.NH,20250627,1078.11,1078.32,1078.9,1074.88,1077.63,0.48,0.0004,4570078,11674782
NHAI.NH,20250626,1077.63,1077.07,1080.59,1074.81,1078.75,-1.12,-0.001,6876089,11753133
NHAI.NH,20250625,1078.75,1080.74,1081.91,1077.24,1081.29,-2.54,-0.0023,5749994,11661425
NHAI.NH,20250624,1081.29,1087.99,1088.52,1079.26,1089.53,-8.24,-0.0076,5477347,11705302
NHAI.NH,20250623,1089.53,1093.48,1094.74,1086.9,1092.4,-2.87,-0.0026,5347480,11858902
NHAI.NH,20250620,1092.4,1089.07,1094.2,1088.01,1089.28,3.12,0.0029,4797957,11891628
NHAI.NH,20250619,1089.28,1088.26,1089.65,1086.59,1088.61,0.67,0.0006,4847316,11826011
NHAI.NH,20250618,1088.61,1084.38,1090.28,1083.83,1083.68,4.93,0.0045,5597356,11809866
NHAI.NH,20250617,1083.68,1081.1,1084.77,1078.14,1080.19,3.49,0.0032,5956610,11749167
NHAI.NH,20250616,1080.19,1070.47,1082.33,1068.11,1069.97,10.22,0.0096,7352072,11604558
NHAI.NH,20250613,1069.97,1064.42,1074.1,1063.14,1063.02,6.95,0.0065,6252621,11527755
NHAI.NH,20250612,1063.02,1060.84,1063.48,1058.65,1059.78,3.24,0.0031,5282426,11625111
NHAI.NH,20250611,1059.78,1062.83,1064.04,1059.59,1063.47,-3.69,-0.0035,5939931,11608920
NHAI.NH,20250610,1063.47,1061.12,1065.64,1059.44,1060.97,2.5,0.0024,5147382,11511484
NHAI.NH,20250609,1060.97,1057.8,1061.77,1057.23,1058.54,2.43,0.0023,5248238,11447859
NHAI.NH,20250606,1058.54,1055.3,1062.82,1054.24,1054.65,3.89,0.0037,6383086,11298978
NHAI.NH,20250605,1054.65,1054.78,1055.62,1051.68,1053.62,1.03,0.001,4468326,11251613
NHAI.NH,20250604,1053.62,1056.77,1056.95,1050.3,1056.05,-2.43,-0.0023,5234182,11256132
NHAI.NH,20250603,1056.05,1058.5,1061.66,1054.86,1059.01,-2.96,-0.0028,5239395,11276320
NHAI.NH,20250530,1059.01,1060.88,1062.94,1057.42,1063.17,-4.16,-0.0039,5571060,11165624
NHAI.NH,20250529,1063.17,1058.95,1064.0,1053.45,1058.84,4.33,0.0041,5714121,11364685
NHAI.NH,20250528,1058.84,1060.4,1061.23,1057.6,1059.42,-0.58,-0.0005,4608524,11399667
NHAI.NH,20250527,1059.42,1057.28,1059.61,1053.15,1056.65,2.77,0.0026,4884014,11482694
NHAI.NH,20250526,1056.65,1056.78,1060.15,1055.57,1058.61,-1.96,-0.0019,4787738,11448453
NHAI.NH,20250523,1058.61,1059.22,1064.87,1057.88,1059.05,-0.44,-0.0004,4692713,11384531
NHAI.NH,20250522,1059.05,1063.52,1064.03,1057.84,1063.77,-4.72,-0.0044,4990760,11454573
NHAI.NH,20250521,1063.77,1061.56,1064.5,1060.39,1061.18,2.59,0.0024,5611482,11484873
NHAI.NH,20250520,1061.18,1059.22,1063.0,1057.18,1058.19,2.99,0.0028,4888684,11416821
NHAI.NH,20250519,1058.19,1056.66,1060.68,1055.91,1057.85,0.34,0.0003,4492241,11353154
NHAI.NH,20250516,1057.85,1061.81,1063.31,1056.72,1063.54,-5.69,-0.0054,5237539,11305928
NHAI.NH,20250515,1063.54,1070.24,1071.74,1062.06,1072.53,-8.99,-0.0084,5201139,11305113
NHAI.NH,20250514,1072.53,1062.58,1073.18,1062.02,1060.85,11.68,0.011,5441251,11397051
NHAI.NH,20250513,1060.85,1068.8,1068.8,1059.37,1066.06,-5.21,-0.0049,6212414,11425713
NHAI.NH,20250512,1066.06,1063.31,1066.25,1059.17,1060.79,5.27,0.005,7284586,11385212
NHAI.NH,20250509,1060.79,1062.92,1065.04,1060.06,1060.58,0.21,0.0002,4875435,11451021
NHAI.NH,20250508,1060.58,1062.16,1062.16,1056.68,1063.71,-3.13,-0.0029,5730416,11380598
NHAI.NH,20250507,1063.71,1060.27,1066.59,1060.27,1061.44,2.27,0.0021,6281273,11362095
NHAI.NH,20250506,1061.44,1068.42,1068.42,1060.17,1066.98,-5.54,-0.0052,4583809,11123938
NHAI.NH,20250430,1066.98,1068.81,1069.68,1065.19,1069.45,-2.47,-0.0023,5954577,10982878
NHAI.NH,20250429,1069.45,1076.38,1076.67,1069.21,1076.82,-7.37,-0.0068,6099172,11311195
NHAI.NH,20250428,1076.82,1086.59,1086.81,1075.56,1087.74,-10.92,-0.01,7780402,11532900
NHAI.NH,20250425,1087.74,1083.13,1091.41,1081.1,1082.79,4.95,0.0046,8021928,11630681
NHAI.NH,20250424,1082.79,1082.49,1083.62,1079.54,1083.63,-0.84,-0.0008,7828077,11669115
NHAI.NH,20250423,1083.63,1081.84,1084.03,1077.7,1081.61,2.02,0.0019,6920380,11693442
NHAI.NH,20250422,1081.61,1076.84,1082.92,1075.17,1077.93,3.68,0.0034,7670731,11799000
NHAI.NH,20250421,1077.93,1071.67,1078.23,1070.38,1072.31,5.62,0.0052,7608023,11796004
NHAI.NH,20250418,1072.31,1076.46,1078.4,1071.41,1077.61,-5.3,-0.0049,6754261,11796261
NHAI.NH,20250417,1077.61,1071.85,1078.11,1070.93,1070.02,7.59,0.0071,6339617,11833692
NHAI.NH,20250416,1070.02,1074.33,1080.46,1068.56,1075.88,-5.86,-0.0054,8485426,11910863
NHAI.NH,20250415,1075.88,1081.3,1082.61,1073.72,1081.43,-5.55,-0.0051,7830151,11957888
NHAI.NH,20250414,1081.43,1081.01,1085.54,1079.15,1079.44,1.99,0.0018,8015638,11942456
NHAI.NH,20250411,1079.44,1073.21,1080.82,1071.8,1074.64,4.8,0.0045,7742080,11820928
NHAI.NH,20250410,1074.64,1066.57,1078.7,1065.58,1068.46,6.18,0.0058,10177345,11855584
NHAI.NH,20250409,1068.46,1079.04,1080.27,1063.78,1079.39,-10.93,-0.0101,12296842,11973134
NHAI.NH,20250408,1079.39,1070.41,1079.45,1069.55,1068.79,10.6,0.0099,11386802,12047569
NHAI.NH,20250407,1068.79,1085.95,1086.17,1068.0,1085.34,-16.55,-0.0152,10514178,12074892
NHAI.NH,20250403,1085.34,1083.53,1086.88,1079.78,1083.94,1.4,0.0013,9399271,12574825
NHAI.NH,20250402,1083.94,1076.51,1085.4,1075.15,1074.78,9.16,0.0085,7490368,12651604
NHAI.NH,20250401,1074.78,1078.08,1078.67,1072.16,1078.55,-3.77,-0.0035,7950972,12673848
NHAI.NH,20250331,1078.55,1076.79,1079.68,1074.07,1076.44,2.11,0.002,7455003,12623382
NHAI.NH,20250328,1076.44,1077.93,1082.76,1074.48,1074.59,1.85,0.0017,7237045,12678998
NHAI.NH,20250327,1074.59,1075.43,1075.5,1070.35,1074.05,0.54,0.0005,6697887,12672819
NHAI.NH,20250326,1074.05,1070.19,1076.72,1070.14,1070.53,3.52,0.0033,7741722,12742074
NHAI.NH,20250325,1070.53,1072.56,1077.37,1069.5,1073.88,-3.35,-0.0031,6717669,12677640
NHAI.NH,20250324,1073.88,1076.34,1076.34,1070.69,1077.41,-3.53,-0.0033,7240002,12637557
NHAI.NH,20250321,1077.41,1078.54,1082.83,1076.6,1079.83,-2.42,-0.0022,7631099,12710297
NHAI.NH,20250320,1079.83,1083.96,1087.31,1078.63,1083.16,-3.33,-0.0031,10173920,12820175
NHAI.NH,20250319,1083.16,1087.51,1089.97,1082.13,1086.88,-3.72,-0.0034,7557435,12675368
NHAI.NH,20250318,1086.88,1084.21,1088.39,1081.9,1083.73,3.15,0.0029,7508904,12679580
NHAI.NH,20250317,1083.73,1087.88,1092.52,1083.62,1087.35,-3.62,-0.0033,8352232,12545289
NHAI.NH,20250314,1087.35,1080.78,1088.17,1079.95,1079.87,7.48,0.0069,8480098,12526146
NHAI.NH,20250313,1079.87,1076.05,1080.4,1074.56,1076.72,3.15,0.0029,11474128,12413428
NHAI.NH,20250312,1076.72,1078.16,1079.02,1073.95,1076.98,-0.26,-0.0002,11242524,12567788
NHAI.NH,20250311,1076.98,1084.84,1084.91,1074.87,1083.66,-6.68,-0.0062,12577006,12489438
NHAI.NH,20250310,1083.66,1071.19,1089.97,1068.67,1070.56,13.1,0.0122,10897582,12406623
NHAI.NH,20250307,1070.56,1067.47,1071.39,1065.52,1067.5,3.06,0.0029,8745150,12512592
NHAI.NH,20250306,1067.5,1061.4,1068.27,1057.29,1059.46,8.04,0.0076,9455913,12429276
NHAI.NH,20250305,1059.46,1069.59,1070.78,1058.98,1070.82,-11.36,-0.0106,11591272,12439050
NHAI.NH,20250304,1070.82,1079.23,1080.92,1066.51,1079.16,-8.34,-0.0077,12760404,12559524
NHAI.NH,20250303,1079.16,1071.86,1080.83,1069.49,1072.18,6.98,0.0065,10939869,12469982
NHAI.NH,20250228,1072.18,1074.52,1074.72,1068.95,1073.86,-1.68,-0.0016,8200279,12184464
NHAI.NH,20250227,1073.86,1069.7,1074.27,1067.79,1070.2,3.66,0.0034,8829759,12340790
NHAI.NH,20250226,1070.2,1069.92,1071.07,1064.98,1071.85,-1.65,-0.0015,7793633,12248099
NHAI.NH,20250225,1071.85,1074.89,1077.55,1069.39,1076.43,-4.58,-0.0043,7344894,12209290
NHAI.NH,20250224,1076.43,1079.28,1082.78,1073.16,1079.66,-3.23,-0.003,8916240,12250940
NHAI.NH,20250221,1079.66,1077.8,1085.93,1077.8,1078.15,1.51,0.0014,8569416,12390256
NHAI.NH,20250220,1078.15,1075.33,1078.44,1071.38,1073.49,4.66,0.0043,7322182,12185750
NHAI.NH,20250219,1073.49,1066.81,1073.88,1066.81,1065.5,7.99,0.0075,6783152,11986998
NHAI.NH,20250218,1065.5,1064.96,1068.83,1064.14,1064.46,1.04,0.001,6610990,11790591
NHAI.NH,20250217,1064.46,1072.68,1072.93,1061.86,1072.1,-7.64,-0.0071,7756930,11742409
NHAI.NH,20250214,1072.1,1062.39,1072.81,1061.75,1063.93,8.17,0.0077,8060650,11666472
NHAI.NH,20250213,1063.93,1070.23,1071.08,1063.16,1071.61,-7.68,-0.0072,7514364,11525834
NHAI.NH,20250212,1071.61,1070.77,1072.95,1065.58,1069.2,2.41,0.0023,8230036,11640692
NHAI.NH,20250211,1069.2,1068.97,1073.71,1065.13,1066.99,2.21,0.0021,7484683,11514051
NHAI.NH,20250210,1066.99,1067.21,1073.11,1065.42,1068.43,-1.44,-0.0013,9048392,11441116
NHAI.NH,20250207,1068.43,1064.44,1069.13,1059.75,1063.0,5.43,0.0051,7047582,11095147
NHAI.NH,20250206,1063.0,1061.35,1064.02,1056.77,1063.42,-0.42,-0.0004,6918520,10874466
NHAI.NH,20250205,1063.42,1048.78,1064.42,1048.78,1048.78,14.64,0.014,4833166,10622540
NHAI.NH,20250127,1048.78,1039.67,1049.04,1037.83,1038.8,9.98,0.0096,5224124,10363806
NHAI.NH,20250124,1038.8,1037.05,1041.61,1033.32,1035.37,3.43,0.0033,5782895,10784343
NHAI.NH,20250123,1035.37,1040.64,1044.18,1034.92,1040.27,-4.9,-0.0047,6586155,11180594
NHAI.NH,20250122,1040.27,1043.74,1046.03,1039.08,1044.56,-4.29,-0.0041,6457174,11310215
NHAI.NH,20250121,1044.56,1038.93,1047.63,1036.91,1039.63,4.93,0.0047,7248139,11364380
NHAI.NH,20250120,1039.63,1036.05,1039.9,1032.74,1037.17,2.46,0.0024,7161603,11431378
NHAI.NH,20250117,1037.17,1032.14,1038.28,1026.29,1033.83,3.34,0.0032,7268475,11476653
NHAI.NH,20250116,1033.83,1042.3,1046.94,1031.55,1042.46,-8.63,-0.0083,7677777,11472108
NHAI.NH,20250115,1042.46,1046.56,1047.35,1041.28,1047.31,-4.85,-0.0046,6444302,11456636
NHAI.NH,20250114,1047.31,1044.53,1049.75,1043.47,1045.4,1.91,0.0018,6497987,11431923
NHAI.NH,20250113,1045.4,1027.0,1045.41,1025.42,1025.61,19.79,0.0193,7568338,11453484
NHAI.NH,20250110,1025.61,1017.89,1026.55,1017.64,1017.3,8.31,0.0082,7175724,11487685
NHAI.NH,20250109,1017.3,1026.12,1026.92,1015.47,1026.11,-8.81,-0.0086,6646431,11571396
NHAI.NH,20250108,1026.11,1028.75,1030.93,1025.03,1029.04,-2.93,-0.0028,6201477,11456496
NHAI.NH,20250107,1029.04,1035.08,1035.45,1023.72,1031.83,-2.79,-0.0027,7869954,11418115
NHAI.NH,20250106,1031.83,1032.96,1041.05,1030.4,1033.99,-2.16,-0.0021,8041551,11234312
NHAI.NH,20250103,1033.99,1044.11,1046.05,1030.63,1043.54,-9.55,-0.0092,8568215,11178733
NHAI.NH,20250102,1043.54,1043.88,1054.86,1042.92,1042.52,1.02,0.001,6315580,11201235
NHAI.NH,20241231,1042.52,1042.0,1044.28,1039.56,1041.89,0.63,0.0006,6806878,11232943
NHAI.NH,20241230,1041.89,1043.84,1045.21,1038.47,1043.02,-1.13,-0.0011,6710025,11477200
NHAI.NH,20241227,1043.02,1039.02,1047.28,1038.45,1038.48,4.54,0.0044,6954167,11513453
NHAI.NH,20241226,1038.48,1037.35,1039.11,1034.1,1038.29,0.19,0.0002,5722140,11666669
NHAI.NH,20241225,1038.29,1038.61,1041.52,1034.63,1037.64,0.65,0.0006,6856123,11756285
NHAI.NH,20241224,1037.64,1034.44,1038.07,1031.73,1033.0,4.64,0.0045,5762151,11779615
NHAI.NH,20241223,1033.0,1033.87,1034.14,1029.34,1034.35,-1.35,-0.0013,8670843,11810931
NHAI.NH,20241220,1034.35,1022.85,1035.24,1021.54,1021.31,13.04,0.0128,9479769,11984499
NHAI.NH,20241219,1021.31,1028.73,1030.95,1018.45,1030.4,-9.09,-0.0088,8632578,12081084
NHAI.NH,20241218,1030.4,1050.04,1050.41,1028.88,1051.5,-21.1,-0.0201,9151442,12291701
NHAI.NH,20241217,1051.5,1057.91,1059.3,1050.21,1060.21,-8.71,-0.0082,7036833,12243905
NHAI.NH,20241216,1060.21,1062.11,1062.68,1054.72,1061.25,-1.04,-0.001,8234234,12086828
NHAI.NH,20241213,1061.25,1063.72,1064.13,1059.66,1062.74,-1.49,-0.0014,7293241,12076067
NHAI.NH,20241212,1062.74,1066.75,1069.26,1061.29,1069.28,-6.54,-0.0061,6950950,12130386
NHAI.NH,20241211,1069.28,1062.29,1070.47,1061.26,1063.01,6.27,0.0059,7532089,12135482
NHAI.NH,20241210,1063.01,1067.63,1072.26,1061.26,1064.86,-1.85,-0.0017,8436793,11933460
NHAI.NH,20241209,1064.86,1066.76,1068.64,1061.53,1066.56,-1.7,-0.0016,7522582,12069582
NHAI.NH,20241206,1066.56,1067.37,1070.45,1063.39,1067.37,-0.81,-0.0008,7560968,12065415
NHAI.NH,20241205,1067.37,1067.38,1069.7,1059.06,1069.05,-1.68,-0.0016,10344949,12054341
NHAI.NH,20241204,1069.05,1080.44,1082.3,1068.65,1078.59,-9.54,-0.0088,8882368,12157569
NHAI.NH,20241203,1078.59,1078.83,1079.82,1071.44,1080.31,-1.72,-0.0016,7792920,11932619
NHAI.NH,20241202,1080.31,1085.6,1089.0,1079.07,1085.75,-5.44,-0.005,7377213,11672575
NHAI.NH,20241129,1085.75,1080.7,1089.04,1078.37,1078.43,7.32,0.0068,7205367,11521085
NHAI.NH,20241128,1078.43,1079.54,1081.63,1073.81,1080.77,-2.34,-0.0022,5407140,11353536
NHAI.NH,20241127,1080.77,1076.62,1081.07,1073.82,1074.83,5.94,0.0055,6468781,11318652
NHAI.NH,20241126,1074.83,1078.91,1079.32,1073.75,1079.99,-5.16,-0.0048,7470896,11226453
NHAI.NH,20241125,1079.99,1072.96,1081.69,1070.77,1073.84,6.15,0.0057,6871050,11300347
NHAI.NH,20241122,1073.84,1085.89,1085.89,1073.45,1083.14,-9.3,-0.0086,8169725,11424488
NHAI.NH,20241121,1083.14,1089.86,1090.21,1081.04,1092.4,-9.26,-0.0085,6686010,11345688
NHAI.NH,20241120,1092.4,1091.22,1093.52,1088.7,1092.53,-0.13,-0.0001,5642152,11160174
NHAI.NH,20241119,1092.53,1085.87,1096.04,1081.63,1085.76,6.77,0.0062,6340960,11000647
NHAI.NH,20241118,1085.76,1092.35,1092.35,1083.97,1088.21,-2.45,-0.0023,7294292,11015407
NHAI.NH,20241115,1088.21,1097.17,1098.16,1085.61,1095.06,-6.85,-0.0063,8554862,11124383
NHAI.NH,20241114,1095.06,1102.71,1103.72,1094.19,1099.35,-4.29,-0.0039,6436869,10869664
NHAI.NH,20241113,1099.35,1110.73,1113.32,1099.1,1111.98,-12.63,-0.0114,7551802,10933825
NHAI.NH,20241112,1111.98,1118.94,1121.13,1109.74,1119.14,-7.16,-0.0064,7652176,11091876
NHAI.NH,20241111,1119.14,1111.36,1121.67,1110.32,1109.65,9.49,0.0086,9067990,11206976
NHAI.NH,20241108,1109.65,1110.25,1118.47,1106.0,1109.76,-0.11,-0.0001,9356472,11278135
NHAI.NH,20241107,1109.76,1092.79,1113.61,1091.6,1092.76,17.0,0.0156,10369144,11274233
NHAI.NH,20241106,1092.76,1090.91,1095.25,1089.82,1089.81,2.95,0.0027,7040092,11121662
NHAI.NH,20241105,1089.81,1097.91,1098.61,1089.67,1097.98,-8.17,-0.0074,5879248,11129102
NHAI.NH,20241104,1097.98,1097.21,1101.84,1094.97,1095.67,2.31,0.0021,7042922,10971558
NHAI.NH,20241101,1095.67,1089.4,1096.52,1085.67,1086.13,9.54,0.0088,6892259,11085569
NHAI.NH,20241031,1086.13,1087.78,1088.81,1082.99,1085.89,0.24,0.0002,5728171,10903496
NHAI.NH,20241030,1085.89,1080.25,1086.14,1076.39,1076.19,9.7,0.009,7120594,10829682
NHAI.NH,20241029,1076.19,1073.93,1077.58,1071.67,1076.69,-0.5,-0.0005,6153182,10741030
NHAI.NH,20241028,1076.69,1079.0,1081.87,1070.38,1078.73,-2.04,-0.0019,6692041,10705704
NHAI.NH,20241025,1078.73,1085.38,1090.32,1078.42,1082.45,-3.72,-0.0034,6905727,10805468
NHAI.NH,20241024,1082.45,1078.51,1083.09,1076.03,1079.87,2.58,0.0024,6126129,10614659
NHAI.NH,20241023,1079.87,1066.42,1080.11,1066.42,1065.34,14.53,0.0136,7313356,10536079
NHAI.NH,20241022,1065.34,1060.46,1065.58,1059.47,1059.31,6.03,0.0057,5194640,10378081
NHAI.NH,20241021,1059.31,1065.84,1067.51,1051.79,1066.9,-7.59,-0.0071,7977937,10248462
NHAI.NH,20241018,1066.9,1061.41,1073.13,1057.71,1061.12,5.78,0.0054,7532907,10107825
NHAI.NH,20241017,1061.12,1071.71,1076.06,1060.38,1071.09,-9.97,-0.0093,7156566,10168895
NHAI.NH,20241016,1071.09,1064.96,1074.31,1064.84,1064.8,6.29,0.0059,6144906,10040761
NHAI.NH,20241015,1064.8,1066.9,1070.32,1062.06,1068.86,-4.06,-0.0038,5867143,9922356
NHAI.NH,20241014,1068.86,1070.38,1077.58,1063.02,1068.32,0.54,0.0005,7856274,9918301
NHAI.NH,20241011,1068.32,1069.49,1075.5,1066.15,1069.39,-1.07,-0.001,6506294,9890872
NHAI.NH,20241010,1069.39,1071.06,1078.06,1066.62,1072.62,-3.23,-0.003,7033468,9674595
NHAI.NH,20241009,1072.62,1070.45,1079.82,1066.6,1070.33,2.29,0.0021,7365638,9572369
NHAI.NH,20241008,1070.33,1079.36,1091.38,1068.76,1079.36,-9.03,-0.0084,6872801,9283538
NHAI.NH,20240930,1079.36,1068.43,1083.81,1067.05,1073.1,6.26,0.0058,7666460,8968146
NHAI.NH,20240927,1073.1,1072.15,1075.3,1066.29,1068.2,4.9,0.0046,8008297,9202912
NHAI.NH,20240926,1068.2,1056.4,1071.58,1055.68,1057.28,10.92,0.0103,8682439,9403015
NHAI.NH,20240925,1057.28,1066.48,1073.09,1057.16,1062.3,-5.02,-0.0047,8134714,9570540
NHAI.NH,20240924,1062.3,1054.74,1062.79,1054.05,1053.69,8.61,0.0082,6814381,9499933
NHAI.NH,20240923,1053.69,1060.4,1060.48,1050.74,1062.32,-8.63,-0.0081,7618410,9558552
NHAI.NH,20240920,1062.32,1058.9,1063.3,1054.86,1059.64,2.68,0.0025,7315952,9562145
NHAI.NH,20240919,1059.64,1054.52,1061.12,1051.79,1054.43,5.21,0.0049,7852776,9544098
NHAI.NH,20240918,1054.43,1046.31,1054.98,1044.18,1044.39,10.04,0.0096,6339560,9371618
NHAI.NH,20240913,1044.39,1042.38,1050.46,1038.69,1041.43,2.96,0.0028,8031794,9286894
NHAI.NH,20240912,1041.43,1043.36,1045.16,1034.56,1043.59,-2.16,-0.0021,8244564,9467425
NHAI.NH,20240911,1043.59,1038.65,1043.86,1032.74,1038.67,4.92,0.0047,9394546,9478901
NHAI.NH,20240910,1038.67,1044.7,1046.54,1037.94,1044.05,-5.38,-0.0052,10401811,9537542
NHAI.NH,20240909,1044.05,1054.58,1055.41,1034.88,1052.91,-8.86,-0.0084,14075188,9605298
NHAI.NH,20240906,1052.91,1051.39,1057.65,1048.31,1050.36,2.55,0.0024,12142397,9746384
NHAI.NH,20240905,1050.36,1048.5,1055.82,1047.76,1047.03,3.33,0.0032,12278921,9863796
NHAI.NH,20240904,1047.03,1054.52,1056.38,1043.82,1054.43,-7.4,-0.007,11562652,9709475
NHAI.NH,20240903,1054.43,1038.73,1060.04,1036.94,1037.85,16.58,0.016,13117424,9962300
NHAI.NH,20240902,1037.85,1050.69,1051.26,1037.76,1049.11,-11.26,-0.0107,7507562,9997212
NHAI.NH,20240830,1049.11,1043.89,1051.96,1042.15,1042.06,7.05,0.0068,6513998,10113417
NHAI.NH,20240829,1042.06,1039.84,1043.9,1038.94,1042.76,-0.7,-0.0007,5797061,10213548
NHAI.NH,20240828,1042.76,1039.82,1043.79,1039.09,1039.65,3.11,0.003,7324583,10306001
NHAI.NH,20240827,1039.65,1034.82,1041.42,1034.04,1036.04,3.61,0.0035,6733421,10337702
NHAI.NH,20240826,1036.04,1023.76,1036.18,1022.66,1021.33,14.71,0.0144,8416205,10429087
NHAI.NH,20240823,1021.33,1029.26,1030.65,1021.28,1028.55,-7.22,-0.007,6530461,10370471
NHAI.NH,20240822,1028.55,1027.18,1032.66,1023.71,1026.06,2.49,0.0024,7206493,10317991
NHAI.NH,20240821,1026.06,1023.4,1026.78,1020.03,1023.94,2.12,0.0021,6523706,10340572
NHAI.NH,20240820,1023.94,1020.05,1026.24,1019.86,1020.6,3.34,0.0033,6272530,10333908
NHAI.NH,20240819,1020.6,1014.93,1022.76,1013.2,1017.12,3.48,0.0034,7289276,10408220
NHAI.NH,20240816,1017.12,1020.1,1026.72,1016.9,1022.16,-5.04,-0.0049,7078196,10423117
NHAI.NH,20240815,1022.16,1017.36,1023.02,1016.97,1015.65,6.51,0.0064,7634948,10492384
NHAI.NH,20240814,1015.65,1019.37,1019.81,1006.43,1019.03,-3.38,-0.0033,9481475,10706165
NHAI.NH,20240813,1019.03,1035.24,1035.55,1017.15,1035.59,-16.56,-0.016,9873263,10806659
NHAI.NH,20240812,1035.59,1040.98,1041.55,1032.34,1039.61,-4.02,-0.0039,7582415,10765435
NHAI.NH,20240809,1039.61,1031.27,1041.11,1030.31,1029.79,9.82,0.0095,7981893,10870415
NHAI.NH,20240808,1029.79,1032.77,1035.85,1029.66,1029.88,-0.09,-0.0001,8055661,11035940
NHAI.NH,20240807,1029.88,1027.06,1031.11,1024.95,1028.46,1.42,0.0014,9054928,11281330
NHAI.NH,20240806,1028.46,1043.86,1045.9,1028.28,1046.46,-18.0,-0.0172,9728677,11220007
NHAI.NH,20240805,1046.46,1053.09,1053.59,1046.1,1054.67,-8.21,-0.0078,8247316,11218439
NHAI.NH,20240802,1054.67,1046.01,1055.63,1042.84,1046.5,8.17,0.0078,8366860,11176059
NHAI.NH,20240801,1046.5,1052.05,1053.49,1041.85,1051.4,-4.9,-0.0047,8423662,11130435
NHAI.NH,20240731,1051.4,1046.59,1053.25,1043.51,1049.12,2.28,0.0022,7734539,10995811
NHAI.NH,20240730,1049.12,1054.77,1054.83,1047.73,1055.1,-5.98,-0.0057,8025885,11004205
NHAI.NH,20240729,1055.1,1057.65,1059.08,1039.45,1060.07,-4.97,-0.0047,10747702,10987099
NHAI.NH,20240726,1060.07,1055.86,1062.89,1055.15,1054.28,5.79,0.0055,8322761,10944255
NHAI.NH,20240725,1054.28,1059.54,1060.44,1049.93,1059.93,-5.65,-0.0053,8566551,10981681
NHAI.NH,20240724,1059.93,1068.26,1070.0,1057.99,1066.23,-6.3,-0.0059,8966188,11073410
NHAI.NH,20240723,1066.23,1069.29,1075.37,1066.12,1070.01,-3.78,-0.0035,8694970,11085545
NHAI.NH,20240722,1070.01,1064.29,1071.14,1058.8,1062.32,7.69,0.0072,8754755,11227711
NHAI.NH,20240719,1062.32,1059.88,1063.7,1056.92,1060.85,1.47,0.0014,9650234,11228461
NHAI.NH,20240718,1060.85,1055.61,1061.03,1050.23,1055.36,5.49,0.0052,9378179,11198533
NHAI.NH,20240717,1055.36,1051.07,1061.57,1050.92,1052.31,3.05,0.0029,13041088,11172888
NHAI.NH,20240716,1052.31,1050.48,1055.2,1047.44,1050.47,1.84,0.0018,7666355,11076885
NHAI.NH,20240715,1050.47,1052.36,1052.82,1045.99,1052.01,-1.54,-0.0015,8198055,10886555
NHAI.NH,20240712,1052.01,1051.57,1059.26,1050.84,1051.3,0.71,0.0007,6904670,10824153
NHAI.NH,20240711,1051.3,1051.13,1054.9,1048.09,1047.98,3.32,0.0032,6303816,10840034
NHAI.NH,20240710,1047.98,1066.27,1066.73,1045.75,1067.19,-19.21,-0.018,8462367,10720733
NHAI.NH,20240709,1067.19,1073.63,1073.78,1063.25,1075.5,-8.31,-0.0077,7806227,10816189
NHAI.NH,20240708,1075.5,1079.21,1083.29,1073.58,1079.25,-3.75,-0.0035,7281481,10833387
NHAI.NH,20240705,1079.25,1079.6,1083.79,1078.34,1079.66,-0.41,-0.0004,6554975,10828983
NHAI.NH,20240704,1079.66,1087.29,1090.05,1078.16,1085.36,-5.7,-0.0053,8643113,11008170
NHAI.NH,20240703,1085.36,1087.21,1089.03,1080.43,1085.05,0.31,0.0003,7074783,10773471
NHAI.NH,20240702,1085.05,1074.31,1085.47,1072.91,1075.18,9.87,0.0092,7194032,10545243
NHAI.NH,20240701,1075.18,1067.85,1075.44,1066.86,1068.04,7.14,0.0067,7727608,10427926
NHAI.NH,20240628,1068.04,1064.82,1069.74,1063.31,1062.14,5.9,0.0056,5991162,10271351
NHAI.NH,20240627,1062.14,1063.04,1065.81,1060.85,1063.74,-1.6,-0.0015,6707290,10277376
NHAI.NH,20240626,1063.74,1054.73,1063.87,1051.63,1055.35,8.39,0.008,6686779,10273022
NHAI.NH,20240625,1055.35,1059.0,1060.93,1051.74,1059.47,-4.12,-0.0039,6654919,10201848
NHAI.NH,20240624,1059.47,1057.62,1063.02,1056.04,1057.15,2.32,0.0022,7069913,10094493
NHAI.NH,20240621,1057.15,1062.94,1064.52,1055.59,1062.51,-5.36,-0.005,6669188,10173906
NHAI.NH,20240620,1062.51,1063.54,1065.35,1060.49,1063.15,-0.64,-0.0006,6108163,10249279
NHAI.NH,20240619,1063.15,1056.77,1063.46,1055.51,1056.08,7.07,0.0067,6008349,10295803
NHAI.NH,20240618,1056.08,1057.12,1062.23,1055.75,1057.84,-1.76,-0.0017,7061400,10353554
NHAI.NH,20240617,1057.84,1077.01,1077.48,1055.37,1076.66,-18.82,-0.0175,7658285,10354693
NHAI.NH,20240614,1076.66,1074.65,1081.2,1073.81,1074.43,2.23,0.0021,6477251,10340011
NHAI.NH,20240613,1074.43,1087.55,1084.81,1073.29,1087.31,-12.88,-0.0118,7694829,10515408
NHAI.NH,20240612,1087.31,1083.08,1088.35,1082.14,1082.51,4.8,0.0044,5779819,10326367
NHAI.NH,20240611,1082.51,1086.51,1088.62,1079.13,1088.17,-5.66,-0.0052,5248088,10297093
NHAI.NH,20240607,1088.17,1087.8,1096.03,1086.92,1087.27,0.9,0.0008,6974394,10372379
NHAI.NH,20240606,1087.27,1079.98,1087.28,1079.1,1079.82,7.45,0.0069,6345075,10361229
NHAI.NH,20240605,1079.82,1080.56,1085.14,1079.65,1080.85,-1.03,-0.001,6486298,10357166
NHAI.NH,20240604,1080.85,1084.8,1082.75,1076.88,1082.9,-2.05,-0.0019,6983402,10302313
NHAI.NH,20240603,1082.9,1096.56,1093.57,1082.34,1094.95,-12.05,-0.011,8016175,10325587
NHAI.NH,20240531,1094.95,1091.24,1096.86,1089.73,1091.21,3.74,0.0034,6643785,10430759
NHAI.NH,20240530,1091.21,1098.42,1099.55,1090.07,1100.01,-8.8,-0.008,6989357,10407988
NHAI.NH,20240529,1100.01,1099.63,1100.27,1094.78,1099.41,0.6,0.0005,9019328,10478648
NHAI.NH,20240528,1099.41,1096.1,1107.62,1097.67,1095.98,3.43,0.0031,7269063,10585671
NHAI.NH,20240527,1095.98,1099.12,1104.69,1094.46,1098.83,-2.85,-0.0026,7149092,10535481
NHAI.NH,20240524,1098.83,1101.43,1104.02,1098.27,1100.36,-1.53,-0.0014,7540255,10533528
NHAI.NH,20240523,1100.36,1104.62,1106.22,1094.03,1105.44,-5.08,-0.0046,9354592,10577300
NHAI.NH,20240522,1105.44,1098.19,1105.54,1097.17,1098.27,7.17,0.0065,6991901,10555845
NHAI.NH,20240521,1098.27,1097.53,1105.01,1093.86,1097.32,0.95,0.0009,8759970,10504215
NHAI.NH,20240520,1097.32,1098.36,1102.61,1096.21,1098.36,-1.04,-0.0009,7127207,10469742
NHAI.NH,20240517,1098.36,1084.55,1098.79,1086.42,1085.24,13.12,0.0121,7150980,10436829
NHAI.NH,20240516,1085.24,1086.37,1087.21,1083.06,1086.15,-0.91,-0.0008,6890091,10341654
NHAI.NH,20240515,1086.15,1080.81,1086.85,1078.11,1086.01,0.14,0.0001,7473369,10339534
NHAI.NH,20240514,1086.01,1086.84,1091.49,1083.67,1087.02,-1.01,-0.0009,7977074,10282695
NHAI.NH,20240513,1087.02,1076.69,1087.11,1077.74,1076.85,10.17,0.0094,7066158,10218329
NHAI.NH,20240510,1076.85,1080.36,1078.46,1068.34,1081.41,-4.56,-0.0042,8752868,10216554
NHAI.NH,20240509,1081.41,1087.3,1087.37,1080.72,1087.97,-6.56,-0.006,8344571,10216224
NHAI.NH,20240508,1087.97,1087.25,1091.52,1086.22,1088.52,-0.55,-0.0005,9213569,9975117
NHAI.NH,20240507,1088.52,1071.88,1089.77,1082.28,1071.77,16.75,0.0156,9372822,9850332
NHAI.NH,20240506,1071.77,1064.7,1074.19,1064.7,1063.64,8.13,0.0076,5355405,9544774
NHAI.NH,20240430,1063.64,1065.78,1066.76,1059.9,1065.39,-1.75,-0.0016,6460663,9300207
NHAI.NH,20240429,1065.39,1066.95,1070.32,1063.53,1067.27,-1.88,-0.0018,6828530,9597853
NHAI.NH,20240426,1067.27,1060.16,1068.0,1058.67,1060.57,6.7,0.0063,7540804,9699355
NHAI.NH,20240425,1060.57,1074.18,1073.31,1059.07,1074.05,-13.48,-0.0126,7941380,9735167
NHAI.NH,20240424,1074.05,1066.78,1075.45,1069.67,1068.65,5.4,0.0051,6507562,9683889
NHAI.NH,20240423,1068.65,1063.18,1078.39,1067.4,1062.67,5.98,0.0056,9016013,9610463
NHAI.NH,20240422,1062.67,1063.81,1068.88,1062.2,1064.57,-1.9,-0.0018,6652290,9633198
NHAI.NH,20240419,1064.57,1062.31,1069.03,1058.4,1063.68,0.89,0.0008,7922061,9619749
NHAI.NH,20240418,1063.68,1063.68,1066.26,1058.88,1063.4,0.28,0.0003,6676204,9728463
NHAI.NH,20240417,1063.4,1073.01,1070.16,1059.1,1075.37,-11.97,-0.0111,9382418,9685370
NHAI.NH,20240416,1075.37,1084.31,1086.39,1074.07,1084.39,-9.02,-0.0083,8021366,9831831
NHAI.NH,20240415,1084.39,1084.04,1090.17,1083.88,1082.68,1.71,0.0016,8520862,9779551
NHAI.NH,20240412,1082.68,1088.1,1085.24,1076.89,1088.63,-5.95,-0.0055,7257825,9765757
NHAI.NH,20240411,1088.63,1095.86,1091.89,1087.88,1095.79,-7.16,-0.0065,6964128,9848579
NHAI.NH,20240410,1095.79,1096.79,1097.54,1092.91,1097.2,-1.41,-0.0013,6564441,9933434
NHAI.NH,20240409,1097.2,1092.6,1098.36,1088.03,1091.65,5.55,0.0051,6994092,9918085
NHAI.NH,20240408,1091.65,1099.34,1100.35,1091.06,1099.34,-7.69,-0.007,6232690,9710120
NHAI.NH,20240403,1099.34,1091.27,1099.4,1091.47,1090.26,9.08,0.0083,8524225,9741374
NHAI.NH,20240402,1090.26,1092.91,1093.05,1087.77,1093.33,-3.07,-0.0028,6943355,9729995
NHAI.NH,20240401,1093.33,1087.72,1093.67,1083.64,1087.61,5.72,0.0053,7940890,9684865
NHAI.NH,20240329,1087.61,1084.31,1090.22,1081.62,1083.39,4.22,0.0039,7306370,9522283
NHAI.NH,20240328,1083.39,1085.81,1087.61,1078.78,1086.18,-2.79,-0.0026,7783683,9564829
NHAI.NH,20240327,1086.18,1094.59,1094.68,1082.77,1094.25,-8.07,-0.0074,7297314,9701889
NHAI.NH,20240326,1094.25,1099.53,1104.32,1093.73,1098.89,-4.64,-0.0042,7062429,9774540
NHAI.NH,20240325,1098.89,1102.96,1100.61,1092.49,1102.53,-3.64,-0.0033,8964215,9787675
NHAI.NH,20240322,1102.53,1109.17,1110.12,1101.35,1110.23,-7.7,-0.0069,7886577,9847112
NHAI.NH,20240321,1110.23,1107.43,1120.05,1109.06,1107.07,3.16,0.0029,8351073,9756850
NHAI.NH,20240320,1107.07,1097.24,1108.0,1098.16,1100.05,7.02,0.0064,7072815,9754571
NHAI.NH,20240319,1100.05,1098.75,1101.22,1095.88,1098.31,1.74,0.0016,7378304,9630053
NHAI.NH,20240318,1098.31,1094.55,1105.57,1097.24,1094.89,3.42,0.0031,9186676,9564901
NHAI.NH,20240315,1094.89,1089.97,1098.12,1087.11,1089.89,5.0,0.0046,8791561,9452537
NHAI.NH,20240314,1089.89,1086.13,1094.56,1086.24,1085.84,4.05,0.0037,8872344,9540610
NHAI.NH,20240313,1085.84,1090.35,1093.01,1083.43,1090.66,-4.82,-0.0044,6807463,9500767
NHAI.NH,20240312,1090.66,1083.38,1092.58,1088.26,1083.4,7.26,0.0067,7217260,9357587
NHAI.NH,20240311,1083.4,1088.59,1090.35,1081.52,1089.3,-5.9,-0.0054,7071950,9282132
NHAI.NH,20240308,1089.3,1078.17,1089.43,1078.05,1075.35,13.95,0.013,7249911,9372968
NHAI.NH,20240307,1075.35,1075.72,1077.12,1073.87,1074.28,1.07,0.001,5276552,9335631
NHAI.NH,20240306,1074.28,1064.66,1075.59,1066.73,1064.95,9.33,0.0088,5806719,9341662
NHAI.NH,20240305,1064.95,1063.33,1066.51,1059.93,1063.31,1.64,0.0015,5949633,9225610
NHAI.NH,20240304,1063.31,1064.16,1064.15,1059.41,1064.31,-1.0,-0.0009,5877107,9249568
NHAI.NH,20240301,1064.31,1055.24,1064.57,1055.7,1055.69,8.62,0.0082,6144560,9377881
NHAI.NH,20240229,1055.69,1051.97,1057.08,1052.93,1052.62,3.07,0.0029,5378456,9326246
NHAI.NH,20240228,1052.62,1053.03,1055.42,1051.86,1051.65,0.97,0.0009,5282837,9316266
NHAI.NH,20240227,1051.65,1041.98,1052.21,1046.54,1042.42,9.23,0.0089,5220252,9222033
NHAI.NH,20240226,1042.42,1047.42,1048.48,1040.55,1047.89,-5.47,-0.0052,5906453,9250609
NHAI.NH,20240223,1047.89,1048.78,1048.32,1043.14,1050.02,-2.13,-0.002,5614609,9170409
NHAI.NH,20240222,1050.02,1042.52,1050.45,1041.16,1044.58,5.44,0.0052,5478930,9031749
NHAI.NH,20240221,1044.58,1044.79,1046.85,1040.56,1044.85,-0.27,-0.0003,5348292,8773123
NHAI.NH,20240220,1044.85,1046.86,1049.69,1043.89,1045.62,-0.77,-0.0007,4813199,8485296
NHAI.NH,20240219,1045.62,1040.47,1046.13,1036.28,1039.9,5.72,0.0055,3744443,8261448
NHAI.NH,20240208,1039.9,1032.19,1040.87,1031.4,1032.31,7.59,0.0074,3877166,8092485
NHAI.NH,20240207,1032.31,1037.64,1038.28,1029.03,1036.32,-4.01,-0.0039,4291444,8460230
NHAI.NH,20240206,1036.32,1033.48,1038.21,1033.7,1033.13,3.19,0.0031,4320091,8545264
NHAI.NH,20240205,1033.13,1034.78,1036.25,1030.86,1034.15,-1.02,-0.001,5142235,8599097
NHAI.NH,20240202,1034.15,1042.87,1042.34,1031.51,1043.56,-9.41,-0.009,5547486,8701213
NHAI.NH,20240201,1043.56,1037.63,1045.92,1038.6,1040.2,3.36,0.0032,5497691,8832122
NHAI.NH,20240131,1040.2,1036.82,1047.13,1037.07,1035.98,4.22,0.0041,6040606,9003019
NHAI.NH,20240130,1035.98,1050.34,1047.7,1035.57,1050.66,-14.68,-0.014,6001845,9265889
NHAI.NH,20240129,1050.66,1057.96,1055.98,1049.37,1058.07,-7.41,-0.007,6689952,9201931
NHAI.NH,20240126,1058.07,1062.08,1062.29,1053.78,1062.93,-4.86,-0.0046,6568230,9133336
NHAI.NH,20240125,1062.93,1063.62,1067.96,1062.36,1063.51,-0.58,-0.0005,5143938,8981931
NHAI.NH,20240124,1063.51,1057.18,1064.26,1059.79,1057.06,6.45,0.0061,4928262,8796065
NHAI.NH,20240123,1057.06,1053.39,1059.1,1054.1,1053.78,3.28,0.0031,5121379,8899835
NHAI.NH,20240122,1053.78,1057.47,1060.18,1052.7,1057.18,-3.4,-0.0032,5984969,8998800
NHAI.NH,20240119,1057.18,1052.6,1058.22,1050.75,1051.82,5.36,0.0051,5604533,9021894
NHAI.NH,20240118,1051.82,1046.5,1052.76,1044.3,1047.86,3.96,0.0038,7368513,8937268
NHAI.NH,20240117,1047.86,1056.57,1056.61,1047.46,1056.61,-8.75,-0.0083,5450456,8889925
NHAI.NH,20240116,1056.61,1051.7,1057.03,1048.56,1052.72,3.89,0.0037,5376481,8763169
NHAI.NH,20240115,1052.72,1050.97,1054.2,1044.86,1049.53,3.19,0.003,5791768,8816039
NHAI.NH,20240112,1049.53,1051.82,1051.81,1046.26,1052.02,-2.49,-0.0024,5700467,8910594
NHAI.NH,20240111,1052.02,1046.25,1053.56,1043.18,1046.85,5.17,0.0049,6226250,8863437
NHAI.NH,20240110,1046.85,1047.09,1048.76,1044.56,1045.39,1.46,0.0014,5577716,9053108
NHAI.NH,20240109,1045.39,1043.23,1048.48,1037.54,1044.4,0.99,0.0009,5619405,9260662
NHAI.NH,20240108,1044.4,1049.77,1050.33,1042.25,1049.79,-5.39,-0.0051,5412853,9412961
NHAI.NH,20240105,1049.79,1058.04,1055.8,1049.47,1057.69,-7.9,-0.0075,5069226,9549493
NHAI.NH,20240104,1057.69,1057.32,1061.25,1056.03,1056.3,1.39,0.0013,4129820,9611178
NHAI.NH,20240103,1056.3,1060.6,1057.34,1052.63,1060.7,-4.4,-0.0041,5126356,9782037
NHAI.NH,20240102,1060.7,1064.36,1064.87,1056.98,1064.36,-3.66,-0.0034,4711073,9866767
NHAI.NH,20231229,1064.36,1075.54,1076.49,1064.27,1075.33,-10.97,-0.0102,7041416,9679885
NHAI.NH,20231228,1075.33,1077.0,1079.44,1074.67,1079.49,-4.16,-0.0039,5656992,9887290
NHAI.NH,20231227,1079.49,1075.7,1079.9,1074.95,1074.86,4.63,0.0043,6309992,10064685
NHAI.NH,20231226,1074.86,1073.72,1078.29,1074.32,1073.56,1.3,0.0012,5436930,10142005
NHAI.NH,20231225,1073.56,1068.71,1075.3,1064.82,1068.88,4.68,0.0044,6952253,10246273
NHAI.NH,20231222,1068.88,1070.8,1072.32,1058.95,1072.36,-3.48,-0.0032,8009095,10416736
NHAI.NH,20231221,1072.36,1069.53,1073.01,1065.58,1067.9,4.46,0.0042,7120405,10516992
NHAI.NH,20231220,1067.9,1064.6,1070.77,1064.31,1065.6,2.3,0.0022,6300469,10665020
NHAI.NH,20231219,1065.6,1072.59,1075.57,1065.39,1073.28,-7.68,-0.0072,6461112,10739552
NHAI.NH,20231218,1073.28,1078.2,1076.63,1068.17,1077.66,-4.38,-0.0041,7131551,10730341
NHAI.NH,20231215,1077.66,1080.33,1087.24,1076.56,1078.64,-0.98,-0.0009,6243184,10773728
NHAI.NH,20231214,1078.64,1084.37,1085.27,1078.09,1084.37,-5.73,-0.0053,6138440,10860759
NHAI.NH,20231213,1084.37,1092.02,1090.19,1083.7,1094.81,-10.44,-0.0095,6577492,10945368
NHAI.NH,20231212,1094.81,1085.4,1097.96,1084.96,1086.35,8.46,0.0078,6612496,10931768
NHAI.NH,20231211,1086.35,1090.5,1091.99,1083.05,1090.91,-4.56,-0.0042,6573454,10889521
NHAI.NH,20231208,1090.91,1069.09,1091.38,1071.8,1067.93,22.98,0.0215,7022741,10921010
NHAI.NH,20231207,1067.93,1071.66,1068.15,1058.02,1071.2,-3.27,-0.0031,7765115,11207337
NHAI.NH,20231206,1071.2,1071.46,1071.92,1061.05,1072.43,-1.23,-0.0011,7956492,11313627
NHAI.NH,20231205,1072.43,1081.42,1083.77,1071.71,1081.1,-8.67,-0.008,7324745,11307096
NHAI.NH,20231204,1081.1,1086.48,1091.06,1080.21,1086.01,-4.91,-0.0045,7078707,11415088
NHAI.NH,20231201,1086.01,1102.81,1102.77,1083.39,1103.08,-17.07,-0.0155,8154739,11440971
NHAI.NH,20231130,1103.08,1102.15,1106.49,1101.2,1100.27,2.81,0.0026,6029025,11361701
NHAI.NH,20231129,1100.27,1106.99,1110.22,1099.23,1106.42,-6.15,-0.0056,6108701,11382002
NHAI.NH,20231128,1106.42,1103.55,1107.77,1101.27,1103.31,3.11,0.0028,6829531,11387313
NHAI.NH,20231127,1103.31,1115.17,1114.72,1098.37,1116.26,-12.95,-0.0116,7113207,11425860
NHAI.NH,20231124,1116.26,1119.72,1121.85,1114.3,1119.81,-3.55,-0.0032,5631258,11406437
NHAI.NH,20231123,1119.81,1128.07,1127.06,1118.7,1130.42,-10.61,-0.0094,7150482,11378736
NHAI.NH,20231122,1130.42,1130.02,1134.94,1127.35,1129.65,0.77,0.0007,7424571,11379876
NHAI.NH,20231121,1129.65,1131.76,1137.66,1127.64,1131.76,-2.11,-0.0019,7825546,11442668
NHAI.NH,20231120,1131.76,1129.98,1134.86,1126.54,1128.93,2.83,0.0025,7349064,11465243
NHAI.NH,20231117,1128.93,1140.65,1133.57,1126.14,1142.22,-13.29,-0.0116,7790671,11525839
NHAI.NH,20231116,1142.22,1145.23,1145.21,1139.45,1144.71,-2.49,-0.0022,6427595,11621168
NHAI.NH,20231115,1144.71,1137.97,1145.93,1141.82,1137.21,7.5,0.0066,6933822,11589565
NHAI.NH,20231114,1137.21,1126.45,1137.89,1126.21,1126.56,10.65,0.0095,7504392,11475305
NHAI.NH,20231113,1126.56,1124.27,1130.17,1123.16,1123.65,2.91,0.0026,7080854,11482893
NHAI.NH,20231110,1123.65,1125.66,1127.05,1120.05,1125.88,-2.23,-0.002,9197242,11564088
NHAI.NH,20231109,1125.88,1131.1,1130.19,1121.56,1132.05,-6.17,-0.0055,7807287,11602532
NHAI.NH,20231108,1132.05,1126.65,1133.13,1126.87,1127.65,4.4,0.0039,7867300,11568200
NHAI.NH,20231107,1127.65,1135.14,1138.6,1127.13,1134.82,-7.17,-0.0063,8018481,11485107
NHAI.NH,20231106,1134.82,1128.12,1135.4,1122.3,1126.79,8.03,0.0071,8130196,11361175
NHAI.NH,20231103,1126.79,1122.65,1128.45,1121.88,1122.0,4.79,0.0043,6778864,11187373
NHAI.NH,20231102,1122.0,1112.22,1122.78,1109.06,1111.84,10.16,0.0091,7470964,11168755
NHAI.NH,20231101,1111.84,1111.99,1114.77,1104.96,1110.18,1.66,0.0015,7617141,11096257
NHAI.NH,20231031,1110.18,1121.05,1111.92,1106.06,1122.05,-11.87,-0.0106,7751962,10968593
NHAI.NH,20231030,1122.05,1118.22,1123.55,1118.06,1115.99,6.06,0.0054,7538161,10926471
NHAI.NH,20231027,1115.99,1115.07,1116.85,1108.83,1115.66,0.33,0.0003,7204539,10846460
NHAI.NH,20231026,1115.66,1103.9,1115.68,1102.53,1103.32,12.34,0.0112,7289259,10834686
NHAI.NH,20231025,1103.32,1107.77,1113.53,1102.6,1106.81,-3.49,-0.0032,7397553,10785451
NHAI.NH,20231024,1106.81,1117.04,1117.73,1103.07,1116.58,-9.77,-0.0088,7597492,10704402
NHAI.NH,20231023,1116.58,1121.29,1124.41,1115.44,1121.81,-5.23,-0.0047,7905075,10655860
NHAI.NH,20231020,1121.81,1133.33,1132.55,1120.24,1134.12,-12.31,-0.0109,7374934,10643710
NHAI.NH,20231019,1134.12,1132.46,1139.05,1129.76,1132.43,1.69,0.0015,6963771,10676599
NHAI.NH,20231018,1132.43,1136.92,1144.59,1131.4,1136.99,-4.56,-0.004,7479063,10695297
NHAI.NH,20231017,1136.99,1140.8,1140.61,1134.1,1140.97,-3.98,-0.0035,6659730,10658365
NHAI.NH,20231016,1140.97,1138.35,1142.97,1136.74,1137.25,3.72,0.0033,6884399,10475508
NHAI.NH,20231013,1137.25,1130.47,1138.02,1127.22,1128.65,8.6,0.0076,6913031,10479150
NHAI.NH,20231012,1128.65,1118.78,1128.74,1118.88,1121.79,6.86,0.0061,7224197,10482040
NHAI.NH,20231011,1121.79,1123.39,1126.94,1116.66,1122.95,-1.16,-0.001,8081468,10475713
NHAI.NH,20231010,1122.95,1141.02,1136.01,1122.52,1141.02,-18.07,-0.0158,8044182,10303463
NHAI.NH,20231009,1141.02,1167.77,1167.77,1139.7,1169.09,-28.07,-0.024,6199134,9965534
NHAI.NH,20230928,1169.09,1163.01,1169.23,1162.01,1162.86,6.23,0.0054,6128311,9861447
NHAI.NH,20230927,1162.86,1153.5,1163.07,1152.35,1153.52,9.34,0.0081,7339038,10191126
NHAI.NH,20230926,1153.52,1155.02,1161.55,1152.12,1154.67,-1.15,-0.001,7062543,10457167
NHAI.NH,20230925,1154.67,1157.69,1161.22,1151.49,1156.38,-1.71,-0.0015,7615358,10623440
NHAI.NH,20230922,1156.38,1148.27,1157.24,1148.45,1148.69,7.69,0.0067,7193423,10809302
NHAI.NH,20230921,1148.69,1165.19,1162.99,1148.49,1165.88,-17.19,-0.0147,7697347,10986390
NHAI.NH,20230920,1165.88,1158.53,1166.93,1159.35,1157.91,7.97,0.0069,6939759,11014340
NHAI.NH,20230919,1157.91,1166.56,1163.26,1156.07,1167.53,-9.62,-0.0082,7933541,11099914
NHAI.NH,20230918,1167.53,1182.1,1175.82,1163.17,1183.53,-16.0,-0.0135,7705802,10968061
NHAI.NH,20230915,1183.53,1170.31,1184.57,1175.03,1169.66,13.87,0.0119,7944553,10935168
NHAI.NH,20230914,1169.66,1165.79,1172.25,1164.24,1163.66,6.0,0.0052,7333818,10930828
NHAI.NH,20230913,1163.66,1175.68,1175.1,1160.9,1175.2,-11.54,-0.0098,9359475,10981777
NHAI.NH,20230912,1175.2,1172.62,1180.59,1172.46,1174.44,0.76,0.0006,6920193,10936695
NHAI.NH,20230911,1174.44,1173.3,1183.13,1171.53,1170.6,3.84,0.0033,7798906,10925516
NHAI.NH,20230908,1170.6,1183.58,1176.87,1169.23,1183.88,-13.28,-0.0112,8645771,11002386
NHAI.NH,20230907,1183.88,1191.85,1191.8,1180.23,1191.59,-7.71,-0.0065,7889121,11156853
NHAI.NH,20230906,1191.59,1188.76,1199.33,1190.37,1188.09,3.5,0.0029,7600439,11271054
NHAI.NH,20230905,1188.09,1184.83,1191.19,1186.08,1185.16,2.93,0.0025,6783738,11165090
NHAI.NH,20230904,1185.16,1203.67,1198.04,1182.61,1202.14,-16.98,-0.0141,9802560,11126026
NHAI.NH,20230901,1202.14,1199.68,1202.5,1195.77,1199.05,3.09,0.0026,9262846,11168687
NHAI.NH,20230831,1199.05,1198.88,1203.38,1197.7,1198.06,0.99,0.0008,7867537,10990513
NHAI.NH,20230830,1198.06,1194.3,1202.46,1195.21,1194.01,4.05,0.0034,7822745,11096887
NHAI.NH,20230829,1194.01,1191.71,1201.32,1193.17,1191.54,2.47,0.0021,8511547,11073049
NHAI.NH,20230828,1191.54,1196.67,1206.73,1187.68,1195.83,-4.29,-0.0036,10567566,11019288
NHAI.NH,20230825,1195.83,1181.34,1196.21,1186.63,1181.4,14.43,0.0122,8671772,11094304
NHAI.NH,20230824,1181.4,1175.01,1188.04,1181.15,1174.34,7.06,0.006,8835708,10995467
NHAI.NH,20230823,1174.34,1171.9,1177.21,1164.89,1170.66,3.68,0.0031,8218107,10954003
NHAI.NH,20230822,1170.66,1182.79,1181.43,1166.67,1181.95,-11.29,-0.0096,9531488,10988567
NHAI.NH,20230821,1181.95,1166.72,1184.33,1168.9,1168.77,13.18,0.0113,10015661,11175102
NHAI.NH,20230818,1168.77,1162.55,1172.18,1166.08,1161.96,6.81,0.0059,9070509,11386902
NHAI.NH,20230817,1161.96,1162.23,1164.59,1158.89,1159.18,2.78,0.0024,9609565,11400909
NHAI.NH,20230816,1159.18,1164.11,1163.29,1158.81,1165.43,-6.25,-0.0054,8493972,11359146
NHAI.NH,20230815,1165.43,1153.63,1167.68,1153.89,1153.74,11.69,0.0101,8783157,11359159
NHAI.NH,20230814,1153.74,1156.18,1159.87,1150.13,1155.59,-1.85,-0.0016,9162462,11377446
NHAI.NH,20230811,1155.59,1156.77,1158.96,1153.2,1157.66,-2.07,-0.0018,9831950,11446476
NHAI.NH,20230810,1157.66,1164.27,1163.99,1152.53,1163.63,-5.97,-0.0051,8567623,11488348
NHAI.NH,20230809,1163.63,1147.19,1164.87,1152.29,1151.22,12.41,0.0108,10119701,11471578
NHAI.NH,20230808,1151.22,1156.26,1159.98,1150.94,1158.32,-7.1,-0.0061,8635225,11366369
NHAI.NH,20230807,1158.32,1161.02,1164.06,1156.78,1160.55,-2.23,-0.0019,9785475,11194334
NHAI.NH,20230804,1160.55,1151.53,1162.27,1152.15,1150.87,9.68,0.0084,8852273,11135348
NHAI.NH,20230803,1150.87,1159.37,1160.37,1150.18,1162.02,-11.15,-0.0096,10246862,11017580
NHAI.NH,20230802,1162.02,1155.94,1164.68,1154.21,1157.45,4.57,0.0039,8332803,10963260
NHAI.NH,20230801,1157.45,1150.98,1157.72,1149.95,1151.65,5.8,0.005,8266047,10996635
NHAI.NH,20230731,1151.65,1155.32,1151.92,1143.82,1155.64,-3.99,-0.0035,9441540,11048146
NHAI.NH,20230728,1155.64,1157.32,1157.6,1149.98,1157.24,-1.6,-0.0014,8622019,11063042
NHAI.NH,20230727,1157.24,1152.1,1161.26,1151.79,1154.38,2.86,0.0025,9276015,11154659
NHAI.NH,20230726,1154.38,1144.12,1155.15,1145.8,1146.39,7.99,0.007,8479068,11199386
NHAI.NH,20230725,1146.39,1144.17,1150.68,1141.7,1135.84,10.55,0.0093,8581565,11149131
NHAI.NH,20230724,1135.84,1130.94,1140.68,1131.57,1133.63,2.21,0.0019,9690763,11141262
NHAI.NH,20230721,1133.63,1144.82,1143.29,1133.04,1143.67,-10.04,-0.0088,9257865,11192651
NHAI.NH,20230720,1143.67,1140.63,1144.44,1138.84,1135.35,8.32,0.0073,9453032,11228540
NHAI.NH,20230719,1135.35,1128.97,1136.19,1128.22,1127.06,8.29,0.0074,9251889,11156418
NHAI.NH,20230718,1127.06,1126.96,1133.51,1126.11,1125.12,1.94,0.0017,9338938,11001404
NHAI.NH,20230717,1125.12,1127.05,1131.76,1119.03,1123.63,1.49,0.0013,9918167,11002494
NHAI.NH,20230714,1123.63,1125.03,1133.81,1123.3,1121.3,2.33,0.0021,9203521,10982692
NHAI.NH,20230713,1121.3,1127.5,1130.54,1115.36,1126.12,-4.82,-0.0043,9129338,10962265
NHAI.NH,20230712,1126.12,1123.99,1133.08,1124.25,1122.96,3.16,0.0028,8359665,10889112
NHAI.NH,20230711,1122.96,1120.85,1130.32,1120.3,1118.83,4.13,0.0037,9073995,10779444
NHAI.NH,20230710,1118.83,1122.56,1120.72,1111.29,1122.33,-3.5,-0.0031,8575998,10729367
NHAI.NH,20230707,1122.33,1126.99,1126.18,1120.1,1128.31,-5.98,-0.0053,9124756,10678535
NHAI.NH,20230706,1128.31,1126.21,1129.31,1121.95,1126.43,1.88,0.0017,8713209,10663352
NHAI.NH,20230705,1126.43,1123.44,1129.33,1119.84,1124.18,2.25,0.002,7869149,10415947
NHAI.NH,20230704,1124.18,1135.64,1127.22,1122.07,1132.5,-8.32,-0.0073,9949165,10413955
NHAI.NH,20230703,1132.5,1095.81,1132.9,1103.57,1095.56,36.94,0.0337,10000451,10595495
NHAI.NH,20230630,1095.56,1086.33,1100.18,1088.57,1088.6,6.96,0.0064,9020279,10597728
NHAI.NH,20230629,1088.6,1084.66,1089.7,1083.6,1089.6,-1.0,-0.0009,7834881,10699985
NHAI.NH,20230628,1089.6,1079.49,1092.26,1080.21,1085.16,4.44,0.0041,8627591,10701474
NHAI.NH,20230627,1085.16,1086.71,1091.02,1080.84,1084.43,0.73,0.0007,8587817,10611096
NHAI.NH,20230626,1084.43,1085.66,1087.1,1075.75,1088.48,-4.05,-0.0037,6476362,10676859
NHAI.NH,20230621,1088.48,1091.22,1093.1,1082.09,1093.42,-4.94,-0.0045,9347483,10696372
NHAI.NH,20230620,1093.42,1086.91,1097.13,1090.31,1086.58,6.84,0.0063,8023217,10727227
NHAI.NH,20230619,1086.58,1088.67,1095.59,1085.78,1086.13,0.45,0.0004,9806131,10760706
NHAI.NH,20230616,1086.13,1071.16,1092.45,1073.53,1069.29,16.84,0.0157,9581242,10903161
NHAI.NH,20230615,1069.29,1060.69,1071.84,1061.36,1061.7,7.59,0.0071,8078199,10877731
NHAI.NH,20230614,1061.7,1056.7,1065.03,1054.87,1053.62,8.08,0.0077,7360578,10772014
NHAI.NH,20230613,1053.62,1048.07,1055.47,1045.33,1046.76,6.86,0.0066,7576892,10699674
NHAI.NH,20230612,1046.76,1051.32,1055.34,1044.93,1051.38,-4.62,-0.0044,8503104,10597065
NHAI.NH,20230609,1051.38,1039.35,1051.75,1042.19,1038.42,12.96,0.0125,8590807,10562456
NHAI.NH,20230608,1038.42,1038.45,1042.49,1035.7,1038.09,0.33,0.0003,7445093,10548579
NHAI.NH,20230607,1038.09,1040.31,1046.75,1036.13,1041.95,-3.86,-0.0037,8300401,10542549
NHAI.NH,20230606,1041.95,1040.7,1047.28,1036.1,1041.37,0.58,0.0006,9816122,10556283
NHAI.NH,20230605,1041.37,1034.82,1047.13,1039.86,1033.45,7.92,0.0077,11314108,10625133
NHAI.NH,20230602,1033.45,1037.8,1035.82,1027.17,1036.11,-2.66,-0.0026,10847835,10512463
NHAI.NH,20230601,1036.11,1014.56,1036.24,1020.31,1019.61,16.5,0.0162,10006319,10607714
NHAI.NH,20230531,1019.61,1033.75,1026.74,1017.86,1034.11,-14.5,-0.014,6759773,9065580
NHAI.NH,20230530,1034.11,1041.08,1040.28,1031.15,1040.47,-6.36,-0.0061,6476234,9119141
NHAI.NH,20230529,1040.47,1045.14,1045.44,1039.34,1044.04,-3.57,-0.0034,6928209,9146821
NHAI.NH,20230526,1044.04,1038.56,1044.47,1037.03,1038.11,5.93,0.0057,8457735,9144678
NHAI.NH,20230525,1038.11,1035.95,1038.46,1032.21,1035.69,2.42,0.0023,7532862,9332442
NHAI.NH,20230524,1035.69,1040.35,1042.38,1034.42,1038.97,-3.28,-0.0032,6614159,9421005
NHAI.NH,20230523,1038.97,1037.52,1044.69,1037.17,1035.9,3.07,0.003,6662096,9443287
NHAI.NH,20230522,1035.9,1043.08,1044.24,1031.47,1040.46,-4.56,-0.0044,8791301,9428774
NHAI.NH,20230519,1040.46,1040.73,1044.93,1037.17,1042.23,-1.77,-0.0017,7193467,9237074
NHAI.NH,20230518,1042.23,1040.78,1044.02,1037.28,1040.82,1.41,0.0014,6559746,9285656
NHAI.NH,20230517,1040.82,1045.32,1042.6,1036.89,1046.0,-5.18,-0.005,6783897,9240315
NHAI.NH,20230516,1046.0,1050.0,1052.35,1044.3,1048.59,-2.59,-0.0025,6361347,9215514
NHAI.NH,20230515,1048.59,1045.02,1048.91,1036.6,1043.67,4.92,0.0047,8093289,9211444
NHAI.NH,20230512,1043.67,1039.66,1045.72,1040.57,1041.65,2.02,0.0019,8332257,9232128
NHAI.NH,20230511,1041.65,1053.07,1051.06,1041.14,1052.55,-10.9,-0.0104,7022819,9293145
NHAI.NH,20230510,1052.55,1060.54,1059.39,1052.17,1059.78,-7.23,-0.0068,7767852,9241907
NHAI.NH,20230509,1059.78,1068.53,1065.54,1059.34,1067.54,-7.76,-0.0073,6425472,9148660
NHAI.NH,20230508,1067.54,1060.43,1068.31,1060.43,1060.25,7.29,0.0069,7892158,9071685
NHAI.NH,20230505,1060.25,1052.16,1060.41,1049.06,1051.41,8.84,0.0084,7365148,9002889
NHAI.NH,20230504,1051.41,1055.32,1055.32,1043.51,1053.88,-2.47,-0.0023,6227459,8819833
NHAI.NH,20230428,1053.88,1047.2,1054.36,1046.7,1046.51,7.37,0.007,7385364,8764265
NHAI.NH,20230427,1046.51,1052.01,1055.66,1045.75,1054.26,-7.75,-0.0074,6777966,8920396
NHAI.NH,20230426,1054.26,1050.26,1056.09,1046.71,1051.76,2.5,0.0024,8633169,9023856
NHAI.NH,20230425,1051.76,1055.72,1059.4,1050.43,1055.39,-3.63,-0.0034,7095858,8961929
NHAI.NH,20230424,1055.39,1054.15,1060.02,1051.68,1053.84,1.55,0.0015,7828696,8884059
NHAI.NH,20230421,1053.84,1060.35,1059.86,1053.44,1061.82,-7.98,-0.0075,7741576,8999078
NHAI.NH,20230420,1061.82,1071.09,1070.38,1058.95,1072.02,-10.2,-0.0095,7576821,8949993
NHAI.NH,20230419,1072.02,1070.63,1076.84,1069.36,1071.42,0.6,0.0006,7287062,8962210
NHAI.NH,20230418,1071.42,1061.95,1071.59,1061.95,1061.84,9.58,0.009,6658209,8784285
NHAI.NH,20230417,1061.84,1050.38,1062.59,1047.21,1049.77,12.07,0.0115,7565762,8795193
NHAI.NH,20230414,1049.77,1052.27,1058.13,1049.02,1051.72,-1.95,-0.0019,7487429,8668204
NHAI.NH,20230413,1051.72,1057.73,1054.01,1049.62,1057.58,-5.86,-0.0055,7216177,8653387
NHAI.NH,20230412,1057.58,1065.06,1065.31,1056.17,1065.48,-7.9,-0.0074,7228569,8563661
NHAI.NH,20230411,1065.48,1064.88,1067.49,1062.22,1064.37,1.11,0.001,6864652,8603998
NHAI.NH,20230410,1064.37,1069.32,1070.3,1063.53,1068.92,-4.55,-0.0043,7178146,8502366
NHAI.NH,20230407,1068.92,1064.22,1072.26,1064.83,1065.64,3.28,0.0031,7819071,8601124
NHAI.NH,20230406,1065.64,1070.68,1070.68,1064.39,1070.76,-5.12,-0.0048,4841919,8437019
NHAI.NH,20230404,1070.76,1071.48,1073.33,1069.53,1070.64,0.12,0.0001,6168334,8329072
NHAI.NH,20230403,1070.64,1063.78,1077.99,1068.21,1063.23,7.41,0.007,7336306,8465874
NHAI.NH,20230331,1063.23,1066.04,1067.85,1061.29,1063.43,-0.2,-0.0002,6473789,8527296
NHAI.NH,20230330,1063.43,1061.75,1064.12,1058.33,1060.25,3.18,0.003,5347093,8470257
NHAI.NH,20230329,1060.25,1061.77,1068.21,1057.58,1060.88,-0.63,-0.0006,5548707,8467456
NHAI.NH,20230328,1060.88,1054.97,1062.11,1055.19,1052.55,8.33,0.0079,5725963,8499191
NHAI.NH,20230327,1052.55,1059.24,1062.25,1050.73,1063.31,-10.76,-0.0101,6957865,8667901
NHAI.NH,20230324,1063.31,1060.97,1064.15,1047.69,1061.12,2.19,0.0021,7868748,8579422
NHAI.NH,20230323,1061.12,1072.48,1071.69,1060.7,1071.51,-10.39,-0.0097,5802584,8615212
NHAI.NH,20230322,1071.51,1080.59,1077.49,1067.46,1077.21,-5.7,-0.0053,6002836,8531583
NHAI.NH,20230321,1077.21,1080.63,1083.44,1075.18,1078.7,-1.49,-0.0014,5700048,8395037
NHAI.NH,20230320,1078.7,1089.46,1096.14,1078.59,1090.62,-11.92,-0.0109,5991275,8364812
NHAI.NH,20230317,1090.62,1092.5,1096.36,1089.61,1091.08,-0.46,-0.0004,5549256,8326624
NHAI.NH,20230316,1091.08,1098.49,1098.2,1088.73,1102.58,-11.5,-0.0104,5664711,8350397
NHAI.NH,20230315,1102.58,1104.28,1109.25,1101.49,1103.48,-0.9,-0.0008,4256834,8451504
NHAI.NH,20230314,1103.48,1097.45,1105.22,1099.28,1104.73,-1.25,-0.0011,5073758,8502458
NHAI.NH,20230313,1104.73,1110.88,1111.15,1100.53,1111.84,-7.11,-0.0064,4971788,8584065
NHAI.NH,20230310,1111.84,1119.26,1121.32,1111.28,1118.24,-6.4,-0.0057,5672596,8551203
NHAI.NH,20230309,1118.24,1123.58,1125.78,1117.71,1124.51,-6.27,-0.0056,4319572,8571091
NHAI.NH,20230308,1124.51,1128.9,1127.8,1122.45,1129.69,-5.18,-0.0046,3985320,8504383
NHAI.NH,20230307,1129.69,1127.46,1132.13,1128.75,1128.22,1.47,0.0013,4146685,8513289
NHAI.NH,20230306,1128.22,1135.4,1137.3,1126.77,1135.27,-7.05,-0.0062,4392115,8534824
NHAI.NH,20230303,1135.27,1134.58,1137.22,1133.14,1134.48,0.79,0.0007,3884897,8444482
NHAI.NH,20230302,1134.48,1129.89,1135.28,1128.75,1129.98,4.5,0.004,3961022,8399948
NHAI.NH,20230301,1129.98,1129.48,1130.77,1123.54,1130.06,-0.08,-0.0001,4010313,8294357
NHAI.NH,20230228,1130.06,1133.4,1132.8,1127.83,1132.42,-2.36,-0.0021,3836620,8296111
NHAI.NH,20230227,1132.42,1140.54,1138.63,1129.3,1141.82,-9.4,-0.0082,4305034,8284908
NHAI.NH,20230224,1141.82,1138.12,1142.0,1136.26,1136.57,5.25,0.0046,3965536,8267623
NHAI.NH,20230223,1136.57,1139.88,1143.73,1135.11,1140.79,-4.22,-0.0037,3903579,8203659
NHAI.NH,20230222,1140.79,1136.47,1144.04,1137.04,1136.25,4.54,0.004,3821856,8172538
NHAI.NH,20230221,1136.25,1133.6,1138.83,1133.06,1133.19,3.06,0.0027,3273194,8090166
NHAI.NH,20230220,1133.19,1130.78,1135.31,1130.0,1131.09,2.1,0.0019,3895991,8053352
NHAI.NH,20230217,1131.09,1123.59,1131.43,1122.91,1123.32,7.77,0.0069,3717740,8052915
NHAI.NH,20230216,1123.32,1116.36,1123.8,1114.81,1116.67,6.65,0.006,3874903,7940757
NHAI.NH,20230215,1116.67,1119.02,1121.2,1115.11,1119.09,-2.42,-0.0022,4473784,7917417
NHAI.NH,20230214,1119.09,1114.34,1119.76,1111.08,1113.15,5.94,0.0053,4115544,7861603
NHAI.NH,20230213,1113.15,1108.88,1118.99,1111.24,1108.17,4.98,0.0045,4560592,7885422
NHAI.NH,20230210,1108.17,1112.66,1112.0,1104.06,1111.59,-3.42,-0.0031,4936602,7907912
NHAI.NH,20230209,1111.59,1114.72,1116.05,1109.55,1114.6,-3.01,-0.0027,4165990,7883073
NHAI.NH,20230208,1114.6,1115.72,1118.75,1113.3,1115.73,-1.13,-0.001,4017613,7767030
NHAI.NH,20230207,1115.73,1119.3,1116.01,1111.86,1118.95,-3.22,-0.0029,4091199,7712709
NHAI.NH,20230206,1118.95,1116.88,1119.22,1111.69,1116.98,1.97,0.0018,5001059,7710030
NHAI.NH,20230203,1116.98,1114.45,1117.57,1109.2,1115.24,1.74,0.0016,4663484,7649396
NHAI.NH,20230202,1115.24,1122.03,1120.32,1113.4,1122.13,-6.89,-0.0061,4633300,7679530
NHAI.NH,20230201,1122.13,1119.29,1124.61,1118.89,1120.16,1.97,0.0018,4406697,7558077
NHAI.NH,20230131,1120.16,1124.81,1126.55,1119.53,1123.28,-3.12,-0.0028,4569041,7451949
NHAI.NH,20230130,1123.28,1116.79,1130.19,1119.85,1120.66,2.62,0.0023,3550750,7404625
NHAI.NH,20230120,1120.66,1116.79,1121.34,1114.15,1116.41,4.25,0.0038,3178313,7278979
NHAI.NH,20230119,1116.41,1120.31,1120.84,1111.35,1120.77,-4.36,-0.0039,3996546,7505451
NHAI.NH,20230118,1120.77,1110.56,1122.97,1111.5,1110.5472,10.2228,0.0092,4160874,7661551
NHAI.NH,20230117,1110.5472,1111.1581,1113.901,1108.3709,1111.1581,-0.6109,-0.0006,3333314,7690878
NHAI.NH,20230116,1111.1581,1108.2813,1113.337,1108.1231,1110.6932,0.4649,0.0004,3628860,7788723
NHAI.NH,20230113,1110.6932,1106.6187,1112.7921,1103.3441,1106.0952,4.598,0.0042,5090481,7870038
NHAI.NH,20230112,1106.0952,1105.0593,1107.3111,1102.3387,1103.8234,2.2718,0.0021,4231783,7809132
NHAI.NH,20230111,1103.8234,1108.5991,1109.4571,1102.6465,1107.0652,-3.2418,-0.0029,3520096,7756741
NHAI.NH,20230110,1107.0652,1118.5191,1114.3036,1106.1571,1116.7164,-9.6512,-0.0086,4235088,7748136
NHAI.NH,20230109,1116.7164,1117.4654,1123.5014,1114.8023,1119.4665,-2.7501,-0.0025,4310059,7747116
NHAI.NH,20230106,1119.4665,1121.0777,1120.396,1112.7709,1120.4374,-0.9709,-0.0009,4132113,7718231
NHAI.NH,20230105,1120.4374,1122.422,1124.004,1116.9596,1123.6348,-3.1974,-0.0028,4354568,7666048
NHAI.NH,20230104,1123.6348,1126.6492,1125.0505,1118.7824,1126.9908,-3.3559,-0.003,4495829,7686431
NHAI.NH,20230103,1126.9908,1122.8749,1128.8292,1115.0927,1122.5942,4.3966,0.0039,3807686,7747049
NHAI.NH,20221230,1122.5942,1116.6221,1123.8703,1113.0496,1116.7028,5.8914,0.0053,4365604,7681140
NHAI.NH,20221229,1116.7028,1119.3439,1117.5775,1112.3523,1119.3962,-2.6934,-0.0024,3875461,7789559
NHAI.NH,20221228,1119.3962,1121.4415,1121.0583,1114.6883,1121.6494,-2.2532,-0.002,4463606,7825564
NHAI.NH,20221227,1121.6494,1109.6132,1123.1856,1111.4868,1109.3977,12.2517,0.011,4320292,7923309
NHAI.NH,20221226,1109.3977,1084.7873,1110.9798,1087.3359,1084.2422,25.1555,0.0232,4720456,7962907
NHAI.NH,20221223,1084.2422,1089.7867,1088.0312,1082.7993,1089.3515,-5.1093,-0.0047,4161932,8055303
NHAI.NH,20221222,1089.3515,1090.9978,1094.2365,1087.9363,1090.6527,-1.3012,-0.0012,4099164,8109427
NHAI.NH,20221221,1090.6527,1085.1525,1091.7657,1081.3024,1084.7018,5.951,0.0055,4999090,8120116
NHAI.NH,20221220,1084.7018,1086.4583,1094.2126,1082.5093,1084.6222,0.0795,0.0001,4489067,8113613
NHAI.NH,20221219,1084.6222,1097.4809,1096.5439,1083.3105,1099.309,-14.6868,-0.0134,5706309,8177583
NHAI.NH,20221216,1099.309,1103.5745,1108.1376,1096.0832,1103.4405,-4.1315,-0.0037,6107150,8285117
NHAI.NH,20221215,1103.4405,1101.7587,1106.7445,1099.6663,1101.9754,1.4651,0.0013,5031594,8362388
NHAI.NH,20221214,1101.9754,1100.3452,1105.1072,1100.0539,1099.9543,2.0211,0.0018,5569346,8341388
NHAI.NH,20221213,1099.9543,1100.9086,1105.8743,1099.3694,1101.6839,-1.7296,-0.0016,4769795,8326423
NHAI.NH,20221212,1101.6839,1123.7851,1124.8665,1100.902,1124.1487,-22.4648,-0.02,6511432,8394341
NHAI.NH,20221209,1124.1487,1118.1369,1126.1487,1119.2731,1117.408,6.7407,0.006,5465742,8446635
NHAI.NH,20221208,1117.408,1117.1354,1120.6506,1114.7138,1115.8124,1.5957,0.0014,5779489,8446205
NHAI.NH,20221207,1115.8124,1125.2117,1126.889,1115.6037,1123.0697,-7.2573,-0.0065,5624294,8311445
NHAI.NH,20221206,1123.0697,1122.8764,1123.0961,1116.4093,1121.7763,1.2934,0.0012,4690741,8130522
NHAI.NH,20221205,1121.7763,1123.5463,1127.9038,1120.6685,1124.6057,-2.8294,-0.0025,5802933,8133440
NHAI.NH,20221202,1124.6057,1123.2532,1125.9886,1118.0424,1124.5824,0.0233,0.0,5289883,8209713
NHAI.NH,20221201,1124.5824,1124.1011,1126.0575,1122.0001,1121.8505,2.732,0.0024,5287399,8205552
NHAI.NH,20221130,1121.8505,1122.2672,1122.662,1116.8421,1122.488,-0.6375,-0.0006,4840553,8147610
NHAI.NH,20221129,1122.488,1114.5078,1125.5872,1116.2563,1113.7755,8.7125,0.0078,4722052,8092654
NHAI.NH,20221128,1113.7755,1123.0881,1118.9207,1108.1547,1121.2406,-7.4651,-0.0067,5826885,8093091
NHAI.NH,20221125,1121.2406,1116.4939,1123.9105,1118.0337,1117.3994,3.8412,0.0034,4502120,8133006
NHAI.NH,20221124,1117.3994,1106.0093,1118.153,1107.4607,1107.258,10.1414,0.0092,4626983,8131574
NHAI.NH,20221123,1107.258,1109.0759,1110.8134,1105.6704,1108.0836,-0.8256,-0.0007,4597363,8215602
NHAI.NH,20221122,1108.0836,1104.9613,1111.0997,1102.5076,1105.3397,2.7439,0.0025,4763447,8249442
NHAI.NH,20221121,1105.3397,1115.6941,1113.5248,1101.5513,1115.1879,-9.8482,-0.0088,5792785,8285750
NHAI.NH,20221118,1115.1879,1116.1661,1120.7058,1112.6738,1119.7956,-4.6077,-0.0041,5572487,8305036
NHAI.NH,20221117,1119.7956,1124.3947,1121.1448,1116.0272,1124.138,-4.3424,-0.0039,5011520,8354006
NHAI.NH,20221116,1124.138,1124.2903,1129.7811,1122.7862,1126.9592,-2.8212,-0.0025,5050871,8272204
NHAI.NH,20221115,1126.9592,1122.6308,1129.3871,1121.6632,1122.9303,4.0289,0.0036,5073848,8255647
NHAI.NH,20221114,1122.9303,1132.4594,1135.0615,1120.5454,1133.0373,-10.107,-0.0089,6167047,8275471
NHAI.NH,20221111,1133.0373,1123.9565,1136.5148,1125.2917,1126.4699,6.5674,0.0058,6556824,8344774
NHAI.NH,20221110,1126.4699,1122.0911,1129.5331,1123.0427,1124.1285,2.3414,0.0021,6039592,8360405
NHAI.NH,20221109,1124.1285,1131.3344,1130.5115,1118.9451,1131.4877,-7.3592,-0.0065,5258840,8343056
NHAI.NH,20221108,1131.4877,1137.2285,1137.0535,1130.9808,1136.0747,-4.587,-0.004,5194473,8318278
NHAI.NH,20221107,1136.0747,1139.1946,1140.729,1128.3855,1136.8465,-0.7718,-0.0007,6087529,8234618
NHAI.NH,20221104,1136.8465,1124.425,1138.2487,1127.4557,1127.3399,9.5066,0.0084,6177104,8282974
NHAI.NH,20221103,1127.3399,1124.7143,1130.5694,1123.9884,1127.7368,-0.3969,-0.0004,5710542,8286061
NHAI.NH,20221102,1127.7368,1121.4214,1133.7654,1120.2459,1105.0722,22.6646,0.0205,6583450,8275964
NHAI.NH,20221101,1105.0722,1089.0989,1106.0182,1091.086,1090.5177,14.5545,0.0133,6996929,8301849
NHAI.NH,20221031,1090.5177,1090.7525,1097.4333,1083.0866,1090.6364,-0.1187,-0.0001,6574637,8076209
NHAI.NH,20221028,1090.6364,1101.6297,1097.6112,1086.4629,1100.4969,-9.8604,-0.009,5726530,8083861
NHAI.NH,20221027,1100.4969,1104.4417,1106.9312,1100.2314,1103.4606,-2.9637,-0.0027,4633689,8136375
NHAI.NH,20221026,1103.4606,1110.2398,1114.8769,1102.035,1110.6289,-7.1683,-0.0065,4805173,8017957
NHAI.NH,20221025,1110.6289,1107.0446,1111.349,1102.1852,1106.8335,3.7954,0.0034,5391885,7868502
NHAI.NH,20221024,1106.8335,1116.1629,1120.8894,1105.5644,1117.7427,-10.9092,-0.0098,5435051,7840111
NHAI.NH,20221021,1117.7427,1120.0486,1121.2177,1115.4985,1118.9336,-1.1909,-0.0011,4952500,7828317
NHAI.NH,20221020,1118.9336,1120.0906,1124.788,1116.7947,1121.6652,-2.7316,-0.0024,5273103,7797510
NHAI.NH,20221019,1121.6652,1119.2852,1123.486,1116.9243,1118.484,3.1812,0.0028,4985944,7691983
NHAI.NH,20221018,1118.484,1116.7341,1120.0264,1110.0506,1114.496,3.988,0.0036,5098796,7628237
NHAI.NH,20221017,1114.496,1119.3609,1118.7346,1112.1832,1121.0174,-6.5214,-0.0058,5320573,7659955
NHAI.NH,20221014,1121.0174,1105.4515,1121.3544,1112.1845,1108.818,12.1994,0.011,5693904,7734600
NHAI.NH,20221013,1108.818,1107.6019,1115.2304,1108.203,1109.7382,-0.9202,-0.0008,5252744,7482508
NHAI.NH,20221012,1109.7382,1102.7909,1110.5722,1103.9876,1104.871,4.8672,0.0044,4805475,7250514
NHAI.NH,20221011,1104.871,1106.8914,1106.0838,1100.9146,1104.0328,0.8382,0.0008,5278384,7223590
NHAI.NH,20221010,1104.0328,1104.3853,1105.7028,1101.5654,1104.6225,-0.5897,-0.0005,4173889,7117799
NHAI.NH,20220930,1104.6225,1105.0279,1108.7126,1099.2594,1103.9131,0.7094,0.0006,5168416,7132587
NHAI.NH,20220929,1103.9131,1096.4612,1105.3575,1095.6691,1096.9588,6.9543,0.0063,4819800,7386155
NHAI.NH,20220928,1096.9588,1103.5284,1102.239,1095.1589,1098.2397,-1.2808,-0.0012,4856603,7443284
NHAI.NH,20220927,1098.2397,1094.0128,1099.8206,1089.6102,1091.9655,6.2741,0.0057,4580736,7390759
NHAI.NH,20220926,1091.9655,1108.9548,1105.5008,1088.7011,1113.9957,-22.0302,-0.0198,5450131,7408221
NHAI.NH,20220923,1113.9957,1123.2156,1122.2457,1112.2927,1123.0168,-9.021,-0.008,4400513,7392586
NHAI.NH,20220922,1123.0168,1123.3199,1130.9647,1118.9544,1123.008,0.0087,0.0,4366530,7288016
NHAI.NH,20220921,1123.008,1114.96,1124.4814,1112.52,1115.4357,7.5723,0.0068,4501960,7215380
NHAI.NH,20220920,1115.4357,1120.4179,1119.4593,1113.9921,1122.5019,-7.0662,-0.0063,4292455,7103824
NHAI.NH,20220919,1122.5019,1122.0176,1132.1428,1122.5019,1123.0716,-0.5697,-0.0005,3917414,7052941
NHAI.NH,20220916,1123.0716,1130.1869,1133.1427,1121.669,1130.7844,-7.7128,-0.0068,3918480,7043183
NHAI.NH,20220915,1130.7844,1132.0279,1134.5284,1128.8447,1131.4149,-0.6305,-0.0006,4302822,7080002
NHAI.NH,20220914,1131.4149,1132.2607,1134.5789,1128.3916,1135.0824,-3.6675,-0.0032,3547131,7094530
NHAI.NH,20220913,1135.0824,1117.0384,1136.7971,1117.0384,1112.9072,22.1751,0.0199,3759268,7092621
NHAI.NH,20220909,1112.9072,1113.214,1115.0409,1107.3484,1115.7958,-2.8886,-0.0026,4146392,7040824
NHAI.NH,20220908,1115.7958,1123.767,1124.9431,1115.7191,1121.3965,-5.6007,-0.005,4128086,7082963
NHAI.NH,20220907,1121.3965,1124.45,1125.0752,1117.8588,1128.348,-6.9515,-0.0062,4514340,7073929
NHAI.NH,20220906,1128.348,1131.4342,1133.172,1125.6037,1131.2983,-2.9502,-0.0026,4028116,6983244
NHAI.NH,20220905,1131.2983,1127.1609,1133.4741,1127.8381,1124.4933,6.805,0.0061,4640605,6972479
NHAI.NH,20220902,1124.4933,1132.8677,1127.4239,1119.4258,1134.7911,-10.2978,-0.0091,5067567,6906870
NHAI.NH,20220901,1134.7911,1143.7675,1147.0233,1133.0593,1148.4302,-13.6391,-0.0119,3904548,6839616
NHAI.NH,20220831,1148.4302,1141.2039,1149.3751,1141.3223,1144.0417,4.3885,0.0038,3706390,6717921
NHAI.NH,20220830,1144.0417,1152.5729,1150.693,1139.7495,1152.7708,-8.7291,-0.0076,3919730,6746916
NHAI.NH,20220829,1152.7708,1151.5845,1154.7073,1143.9181,1151.8926,0.8782,0.0008,4836415,6798378
NHAI.NH,20220826,1151.8926,1147.5697,1152.9802,1145.8972,1149.7037,2.1889,0.0019,4317307,6811680
NHAI.NH,20220825,1149.7037,1152.0719,1151.4454,1146.7314,1151.8,-2.0963,-0.0018,4249729,6830144
NHAI.NH,20220824,1151.8,1143.4833,1153.1677,1147.4407,1141.9714,9.8285,0.0086,4529869,6853724
NHAI.NH,20220823,1141.9714,1133.3867,1145.9835,1132.1676,1133.4183,8.5531,0.0075,5054466,6823233
NHAI.NH,20220822,1133.4183,1123.2168,1136.3508,1128.0455,1124.3396,9.0787,0.0081,4190847,6757397
NHAI.NH,20220819,1124.3396,1119.8476,1125.7518,1116.2251,1117.9525,6.3871,0.0057,4583953,6734601
NHAI.NH,20220818,1117.9525,1132.4162,1129.121,1117.137,1132.8063,-14.8538,-0.0131,4732113,6756812
NHAI.NH,20220817,1132.8063,1133.9503,1136.2487,1127.4651,1133.0696,-0.2633,-0.0002,4574319,6789471
NHAI.NH,20220816,1133.0696,1125.3229,1135.8634,1125.0385,1132.4351,0.6345,0.0006,4879875,6799257
NHAI.NH,20220815,1132.4351,1126.0628,1140.9882,1130.8161,1127.1092,5.3259,0.0047,5318944,6921052
NHAI.NH,20220812,1127.1092,1122.413,1128.2395,1121.3958,1118.1208,8.9884,0.008,4399214,7020153
NHAI.NH,20220811,1118.1208,1112.3617,1119.0412,1111.8665,1108.9496,9.1712,0.0083,4762959,7002346
NHAI.NH,20220810,1108.9496,1111.7146,1115.3086,1107.6195,1108.8818,0.0678,0.0001,4242998,7030604
NHAI.NH,20220809,1108.8818,1104.221,1111.174,1102.6301,1106.3868,2.4951,0.0023,4076155,7017095
NHAI.NH,20220808,1106.3868,1103.5109,1109.3662,1103.3566,1105.3769,1.0099,0.0009,4424676,7006987
NHAI.NH,20220805,1105.3769,1094.6459,1106.439,1093.2871,1091.2123,14.1645,0.013,4454325,6992966
NHAI.NH,20220804,1091.2123,1104.8615,1094.888,1086.3585,1102.2185,-11.0062,-0.01,4404702,6978603
NHAI.NH,20220803,1102.2185,1103.7581,1106.9337,1099.7907,1105.0846,-2.8661,-0.0026,4540490,6829813
NHAI.NH,20220802,1105.0846,1111.182,1113.6246,1100.8623,1115.283,-10.1984,-0.0091,5112497,6823294
NHAI.NH,20220801,1115.283,1129.5039,1133.5669,1111.8006,1124.3678,-9.0849,-0.0081,5058344,6951232
NHAI.NH,20220729,1124.3678,1111.9843,1125.9884,1116.8264,1113.4999,10.8679,0.0098,4722778,6957597
NHAI.NH,20220728,1113.4999,1097.6911,1114.361,1102.4317,1093.9272,19.5728,0.0179,4693251,7015698
NHAI.NH,20220727,1093.9272,1093.3066,1094.2892,1082.9807,1091.5327,2.3944,0.0022,4348358,7075010
NHAI.NH,20220726,1091.5327,1082.1321,1099.0705,1084.9953,1079.4095,12.1232,0.0112,4800981,7078701
NHAI.NH,20220725,1079.4095,1083.3032,1093.5677,1076.7456,1083.8935,-4.484,-0.0041,5183072,7101154
NHAI.NH,20220722,1083.8935,1078.822,1086.1567,1073.9711,1084.5071,-0.6136,-0.0006,5647436,7123863
NHAI.NH,20220721,1084.5071,1090.133,1092.3769,1082.1902,1090.1027,-5.5956,-0.0051,4789312,7081454
NHAI.NH,20220720,1090.1027,1084.065,1100.2951,1085.9453,1088.1001,2.0026,0.0018,6354683,7028903
NHAI.NH,20220719,1088.1001,1113.3245,1109.8439,1087.4908,1109.521,-21.4209,-0.0193,6048612,7131782
NHAI.NH,20220718,1109.521,1079.2057,1110.8859,1090.4804,1075.106,34.415,0.032,5892121,7131034
NHAI.NH,20220715,1075.106,1089.9538,1090.0022,1074.6398,1096.5654,-21.4594,-0.0196,6380825,7089007
NHAI.NH,20220714,1096.5654,1086.1542,1106.8111,1092.3474,1095.6518,0.9136,0.0008,5456024,7109980
NHAI.NH,20220713,1095.6518,1104.9859,1098.3395,1080.5195,1110.5911,-14.9393,-0.0135,6262667,7062856
NHAI.NH,20220712,1110.5911,1119.008,1126.7908,1109.8468,1121.4593,-10.8682,-0.0097,4474959,7055990
NHAI.NH,20220711,1121.4593,1124.8128,1131.6658,1112.8847,1123.3031,-1.8438,-0.0016,4980914,7045062
NHAI.NH,20220708,1123.3031,1116.1648,1128.3427,1118.5204,1107.6999,15.6032,0.0141,5351284,6979828
NHAI.NH,20220707,1107.6999,1106.4293,1119.9954,1095.0674,1104.1151,3.5848,0.0032,6357147,6925494
NHAI.NH,20220706,1104.1151,1127.4763,1115.7322,1084.3854,1130.5399,-26.4248,-0.0234,7770493,6945600
NHAI.NH,20220705,1130.5399,1146.8835,1147.738,1128.0616,1149.6329,-19.093,-0.0166,4701038,6878353
NHAI.NH,20220704,1149.6329,1142.0663,1151.2919,1127.401,1139.5649,10.068,0.0088,5040568,6755665
NHAI.NH,20220701,1139.5649,1152.9373,1146.4218,1131.0468,1154.992,-15.4271,-0.0134,6128355,6755134
NHAI.NH,20220630,1154.992,1158.8078,1159.7201,1151.8272,1155.6572,-0.6652,-0.0006,4013918,6671206
NHAI.NH,20220629,1155.6572,1158.8932,1159.0347,1149.178,1159.5824,-3.9253,-0.0034,4031592,6706276
NHAI.NH,20220628,1159.5824,1150.1414,1160.1979,1148.5754,1144.8441,14.7384,0.0129,4840618,6721347
NHAI.NH,20220627,1144.8441,1133.3443,1147.6492,1131.5772,1126.583,18.261,0.0162,5124672,6807099
NHAI.NH,20220624,1126.583,1154.978,1149.544,1122.5372,1155.0597,-28.4767,-0.0247,6671072,6915338
NHAI.NH,20220623,1155.0597,1162.6525,1165.1382,1142.5465,1168.68,-13.6203,-0.0117,6916833,6876342
NHAI.NH,20220622,1168.68,1186.8757,1191.938,1168.2705,1186.6672,-17.9872,-0.0152,5061643,6968751
NHAI.NH,20220621,1186.6672,1197.4407,1196.8705,1186.5878,1198.8459,-12.1787,-0.0102,4301881,7020559
NHAI.NH,20220620,1198.8459,1205.4325,1200.9903,1191.7985,1204.9873,-6.1414,-0.0051,4395306,7058326
NHAI.NH,20220617,1204.9873,1201.7167,1207.316,1200.9152,1201.694,3.2933,0.0027,3542717,7061933
NHAI.NH,20220616,1201.694,1209.8379,1212.4739,1199.7637,1209.7349,-8.0409,-0.0066,3539644,7093298
NHAI.NH,20220615,1209.7349,1223.0771,1218.5822,1209.3659,1223.021,-13.2861,-0.0109,3587541,7149926
NHAI.NH,20220614,1223.021,1220.9389,1224.4508,1216.0972,1220.9213,2.0997,0.0017,3298230,7096892
NHAI.NH,20220613,1220.9213,1220.8113,1225.3347,1216.2944,1223.8847,-2.9634,-0.0024,4026361,7174601
NHAI.NH,20220610,1223.8847,1220.7247,1228.1069,1222.8832,1220.2748,3.61,0.003,3525080,7369913
NHAI.NH,20220609,1220.2748,1232.1238,1233.2775,1220.005,1230.9415,-10.6668,-0.0087,3674435,7241669
NHAI.NH,20220608,1230.9415,1227.6139,1238.6276,1229.0004,1228.6456,2.2959,0.0019,3714555,7210364
NHAI.NH,20220607,1228.6456,1236.4123,1237.0586,1228.3778,1237.0561,-8.4105,-0.0068,2885790,7103516
NHAI.NH,20220606,1237.0561,1232.8426,1238.6812,1230.9004,1230.7727,6.2834,0.0051,2478287,7065562
NHAI.NH,20220602,1230.7727,1225.9783,1231.1933,1221.6992,1225.4035,5.3692,0.0044,3356831,7098870
NHAI.NH,20220601,1225.4035,1234.0677,1229.6976,1223.6544,1235.2899,-9.8864,-0.008,4040718,7110542
NHAI.NH,20220531,1235.2899,1223.4611,1237.0313,1228.105,1224.2909,10.999,0.009,3515300,7677071
NHAI.NH,20220530,1224.2909,1236.3271,1238.4218,1224.1365,1238.6483,-14.3575,-0.0116,4106511,7660851
NHAI.NH,20220527,1238.6483,1228.7094,1241.2996,1234.6125,1227.614,11.0343,0.009,4599402,7645282
NHAI.NH,20220526,1227.614,1229.0693,1230.2907,1224.0111,1232.6313,-5.0173,-0.0041,3935914,7557266
NHAI.NH,20220525,1232.6313,1235.7762,1234.8222,1228.9162,1231.9315,0.6998,0.0006,4366693,7577324
NHAI.NH,20220524,1231.9315,1234.7485,1234.8718,1227.6258,1234.43,-2.4985,-0.002,4546313,7605982
NHAI.NH,20220523,1234.43,1237.068,1243.7857,1231.6161,1241.3549,-6.9249,-0.0056,4264612,7643155
NHAI.NH,20220520,1241.3549,1222.7273,1241.4314,1226.4716,1229.4898,11.8652,0.0097,5020344,7533226
NHAI.NH,20220519,1229.4898,1228.1138,1229.8726,1222.1355,1227.693,1.7968,0.0015,4107461,7351515
NHAI.NH,20220518,1227.693,1232.9007,1235.9807,1227.4948,1231.1275,-3.4345,-0.0028,3542055,7403588
NHAI.NH,20220517,1231.1275,1233.7342,1237.4085,1228.9756,1233.5247,-2.3972,-0.0019,4229204,7403657
NHAI.NH,20220516,1233.5247,1228.6552,1237.7977,1227.5483,1228.9892,4.5355,0.0037,4355841,7356833
NHAI.NH,20220513,1228.9892,1214.3669,1233.7342,1221.2988,1215.1189,13.8703,0.0114,4826144,7351956
NHAI.NH,20220512,1215.1189,1215.35,1223.6275,1213.8785,1215.645,-0.5261,-0.0004,4404361,7214021
NHAI.NH,20220511,1215.645,1211.2812,1216.0891,1205.5914,1211.2117,4.4333,0.0037,3924981,7159330
NHAI.NH,20220510,1211.2117,1211.4616,1213.3027,1199.2799,1213.1089,-1.8972,-0.0016,5087041,7053212
NHAI.NH,20220509,1213.1089,1222.0511,1222.8496,1210.6988,1221.1914,-8.0825,-0.0066,4398692,7130161
NHAI.NH,20220506,1221.1914,1236.0304,1231.2835,1219.5874,1236.9366,-15.7452,-0.0127,5169810,7199761
NHAI.NH,20220505,1236.9366,1251.6171,1251.6171,1233.0774,1247.7175,-10.781,-0.0086,3265745,7369243
NHAI.NH,20220429,1247.7175,1239.1712,1249.8975,1238.0435,1239.7124,8.0051,0.0065,5235958,7344828
NHAI.NH,20220428,1239.7124,1236.3967,1239.7869,1229.2593,1222.0056,17.7068,0.0145,5967566,7434039
NHAI.NH,20220427,1222.0056,1229.4574,1222.678,1214.2728,1214.4498,7.5558,0.0062,4990941,7324603
NHAI.NH,20220426,1214.4498,1193.2576,1214.8656,1196.117,1197.5659,16.8839,0.0141,5201752,7376766
NHAI.NH,20220425,1197.5659,1217.0569,1216.0208,1197.4532,1205.9692,-8.4033,-0.007,7261523,7343024
NHAI.NH,20220422,1205.9692,1211.3653,1219.1574,1204.8326,1213.6779,-7.7087,-0.0064,5181911,7666009
NHAI.NH,20220421,1213.6779,1212.2509,1217.6525,1211.5648,1209.7845,3.8934,0.0032,4041986,7800875
NHAI.NH,20220420,1209.7845,1212.0516,1219.8079,1204.3733,1215.4446,-5.6601,-0.0047,5593751,7752395
NHAI.NH,20220419,1215.4446,1204.6798,1216.6605,1208.1262,1203.1935,12.2511,0.0102,4569523,7753028
NHAI.NH,20220418,1203.1935,1205.8848,1213.8485,1201.4485,1205.6492,-2.4557,-0.002,4891340,7649232
NHAI.NH,20220415,1205.6492,1196.0311,1206.1479,1196.4261,1196.6659,8.9833,0.0075,4564533,7752619
NHAI.NH,20220414,1196.6659,1189.4119,1201.2038,1188.2599,1186.5585,10.1074,0.0085,4763339,7698412
NHAI.NH,20220413,1186.5585,1194.8066,1196.8869,1185.9808,1193.6269,-7.0684,-0.0059,4332605,7629798
NHAI.NH,20220412,1193.6269,1184.3382,1194.4423,1185.2264,1185.5717,8.0552,0.0068,4464571,7595723
NHAI.NH,20220411,1185.5717,1183.1618,1192.6527,1183.2809,1181.8786,3.6931,0.0031,5048279,7524576
NHAI.NH,20220408,1181.8786,1169.179,1182.181,1170.1211,1168.3674,13.5111,0.0116,4888849,7491238
NHAI.NH,20220407,1168.3674,1178.7916,1177.631,1167.0693,1180.6924,-12.3249,-0.0104,4788786,7465911
NHAI.NH,20220406,1180.6924,1154.7382,1182.4189,1154.7382,1152.2859,28.4065,0.0247,4188317,7551218
NHAI.NH,20220401,1152.2859,1165.5113,1165.203,1149.7046,1166.6129,-14.3269,-0.0123,6188716,7475797
NHAI.NH,20220331,1166.6129,1163.6767,1168.4582,1158.0271,1161.2845,5.3284,0.0046,5206922,8016406
NHAI.NH,20220330,1161.2845,1158.7256,1165.9373,1160.6901,1171.1398,-9.8553,-0.0084,6438671,8142183
NHAI.NH,20220329,1171.1398,1172.2101,1175.5884,1166.6514,1174.0388,-2.8991,-0.0025,5536384,8380769
NHAI.NH,20220328,1174.0388,1182.591,1185.3991,1173.5919,1182.1633,-8.1245,-0.0069,6753090,8533588
NHAI.NH,20220325,1182.1633,1178.7622,1186.3687,1174.4204,1179.645,2.5183,0.0021,6970817,8658604
NHAI.NH,20220324,1179.645,1183.4605,1198.1506,1179.5496,1178.9468,0.6983,0.0006,7426501,8734485
NHAI.NH,20220323,1178.9468,1170.0379,1180.2416,1163.9715,1172.3823,6.5645,0.0056,5669846,8652806
NHAI.NH,20220322,1172.3823,1156.54,1173.343,1156.54,1155.9932,16.3892,0.0142,5927283,8608932
NHAI.NH,20220321,1155.9932,1148.9877,1160.9222,1148.9877,1157.3648,-1.3716,-0.0012,5703664,8377942
NHAI.NH,20220318,1157.3648,1155.8241,1161.7029,1154.1017,1146.8921,10.4727,0.0091,5742318,8211091
NHAI.NH,20220317,1146.8921,1160.0125,1160.0125,1143.8792,1159.0715,-12.1794,-0.0105,5726449,7954910
NHAI.NH,20220316,1159.0715,1141.0084,1162.2759,1141.0084,1138.8307,20.2408,0.0178,5730183,7916846
NHAI.NH,20220315,1138.8307,1162.2866,1162.2866,1138.6094,1163.6471,-24.8164,-0.0213,6581744,7846587
NHAI.NH,20220314,1163.6471,1174.4691,1174.4691,1160.6265,1181.4996,-17.8525,-0.0151,6955216,7924216
NHAI.NH,20220311,1181.4996,1186.1864,1188.6234,1176.7351,1180.7394,0.7603,0.0006,5888439,7903744
NHAI.NH,20220310,1180.7394,1193.2234,1193.2234,1171.3805,1205.6681,-24.9287,-0.0207,7577116,7832339
NHAI.NH,20220309,1205.6681,1186.5769,1208.3367,1186.5769,1194.9509,10.7172,0.009,7946362,8072839
NHAI.NH,20220308,1194.9509,1183.5538,1198.8777,1172.7393,1186.6996,8.2514,0.007,8509465,8146828
NHAI.NH,20220307,1186.6996,1168.7721,1191.4305,1168.7721,1162.6521,24.0475,0.0207,7754644,8216822
NHAI.NH,20220304,1162.6521,1177.4216,1177.4216,1155.5682,1182.256,-19.6039,-0.0166,7826987,8091285
NHAI.NH,20220303,1182.256,1171.9574,1186.17,1171.6538,1173.3745,8.8815,0.0076,6954672,8122191
NHAI.NH,20220302,1173.3745,1169.6876,1183.0753,1165.4209,1161.9834,11.3911,0.0098,9637018,8216167
NHAI.NH,20220301,1161.9834,1139.5715,1166.027,1139.5715,1139.695,22.2885,0.0196,7255950,8368140
NHAI.NH,20220228,1139.695,1130.8865,1142.0004,1129.7606,1142.8311,-3.1361,-0.0027,8980281,8212338
NHAI.NH,20220225,1142.8311,1157.2113,1157.2113,1136.5007,1159.0396,-16.2085,-0.014,10081401,8325748
NHAI.NH,20220224,1159.0396,1133.1544,1159.1074,1133.1544,1132.88,26.1596,0.0231,8630024,8365035
NHAI.NH,20220223,1132.88,1115.8062,1138.0168,1115.8062,1123.3119,9.5681,0.0085,8029251,8383612
NHAI.NH,20220222,1123.3119,1115.058,1126.2852,1115.058,1113.9652,9.3467,0.0084,5820351,8246976
NHAI.NH,20220221,1113.9652,1111.1746,1117.1277,1111.1746,1112.0294,1.9358,0.0017,5536198,8170796
NHAI.NH,20220218,1112.0294,1105.9148,1113.0254,1104.493,1102.9125,9.1169,0.0083,5550251,8146230
NHAI.NH,20220217,1102.9125,1098.79,1104.4922,1095.6672,1099.6073,3.3052,0.003,5833110,8096953
NHAI.NH,20220216,1099.6073,1096.2142,1099.9797,1091.2703,1100.4728,-0.8655,-0.0008,5595943,8055218
NHAI.NH,20220215,1100.4728,1099.4688,1100.8558,1096.4065,1102.0631,-1.5903,-0.0014,5724602,8003079
NHAI.NH,20220214,1102.0631,1099.6638,1106.7098,1098.9216,1095.7362,6.3269,0.0058,5117603,7879069
NHAI.NH,20220211,1095.7362,1105.7926,1105.7926,1093.2208,1103.5,-7.7638,-0.007,6827104,7849108
NHAI.NH,20220210,1103.5,1102.9773,1106.1823,1100.2566,1098.0664,5.4336,0.0049,5775860,7855584
NHAI.NH,20220209,1098.0664,1098.7394,1098.9938,1092.9207,1100.9601,-2.8937,-0.0026,5877504,7709668
NHAI.NH,20220208,1100.9601,1103.0183,1110.4647,1099.5343,1103.0183,-2.0582,-0.0019,5948253,7545623
NHAI.NH,20220207,1103.0183,1096.797,1114.3008,1096.797,1078.3648,24.6536,0.0229,3856564,7313036
NHAI.NH,20220128,1078.3648,1072.8746,1079.2717,1072.8746,1072.6635,5.7013,0.0053,4666944,7227460
NHAI.NH,20220127,1072.6635,1063.5938,1074.8469,1063.5938,1061.9548,10.7086,0.0101,5011388,7576327
NHAI.NH,20220126,1061.9548,1055.7017,1062.358,1055.7017,1056.3955,5.5593,0.0053,4077160,7674799
NHAI.NH,20220125,1056.3955,1057.0818,1058.0668,1052.5011,1058.1519,-1.7564,-0.0017,4625089,7667969
NHAI.NH,20220124,1058.1519,1062.6002,1064.4139,1056.9948,1060.3641,-2.2123,-0.0021,4827355,7730758
NHAI.NH,20220121,1060.3641,1055.0245,1060.6266,1053.9009,1055.3178,5.0464,0.0048,5022008,7736548
NHAI.NH,20220120,1055.3178,1042.0626,1056.5422,1042.0626,1040.5366,14.7811,0.0142,4968211,7818514
NHAI.NH,20220119,1040.5366,1031.7954,1042.8923,1031.7954,1032.7332,7.8035,0.0076,5251807,7760260
NHAI.NH,20220118,1032.7332,1026.2418,1034.2682,1025.7167,1025.9939,6.7393,0.0066,4319039,7721919
NHAI.NH,20220117,1025.9939,1032.7875,1032.7875,1020.0665,1031.8621,-5.8682,-0.0057,5458104,7699001
NHAI.NH,20220114,1031.8621,1031.9131,1031.9563,1026.339,1030.9727,0.8894,0.0009,5639721,7635737
NHAI.NH,20220113,1030.9727,1029.9524,1035.8226,1029.6213,1030.2218,0.7509,0.0007,4909571,7581311
NHAI.NH,20220112,1030.2218,1030.7537,1031.8643,1026.4407,1028.9377,1.2841,0.0012,5069517,7516037
NHAI.NH,20220111,1028.9377,1030.3494,1030.3494,1022.4153,1031.8806,-2.9429,-0.0029,4530140,7435278
NHAI.NH,20220110,1031.8806,1027.4894,1033.8536,1023.3663,1028.3617,3.5189,0.0034,5549326,7487373
NHAI.NH,20220107,1028.3617,1014.7825,1030.4683,1014.7825,1014.7048,13.6569,0.0135,4629994,7498813
NHAI.NH,20220106,1014.7048,1023.4628,1023.4628,1013.7824,1023.1478,-8.443,-0.0083,5548538,7483118
NHAI.NH,20220105,1023.1478,1020.7435,1029.713,1019.9103,1019.3113,3.8364,0.0038,5490874,7488363
NHAI.NH,20220104,1019.3113,1019.4923,1022.2529,1017.0366,1017.4841,1.8272,0.0018,4543555,7463038
NHAI.NH,20211231,1017.4841,1014.0131,1017.92,1010.9425,1016.5587,0.9254,0.0009,4770583,7427057
NHAI.NH,20211230,1016.5587,1010.784,1017.994,1010.784,1011.8514,4.7073,0.0047,4703428,7548666
NHAI.NH,20211229,1011.8514,1023.3236,1023.3236,1010.0944,1021.5877,-9.7363,-0.0095,5009861,7508401
NHAI.NH,20211228,1021.5877,1014.614,1023.9149,1014.614,1013.6485,7.9392,0.0078,5276269,7469295
NHAI.NH,20211227,1013.6485,1015.2761,1015.2761,1011.1088,1015.8416,-2.1931,-0.0022,4688164,7418833
NHAI.NH,20211224,1015.8416,1006.2382,1016.2275,1006.2382,1007.4926,8.349,0.0083,4839379,7502069
NHAI.NH,20211223,1007.4926,998.488,1007.7857,998.488,998.1927,9.2999,0.0093,5838466,7482596
NHAI.NH,20211222,998.1927,995.9122,999.6357,995.9122,995.4667,2.726,0.0027,4927289,7474899
NHAI.NH,20211221,995.4667,987.2585,997.2971,987.2585,988.3813,7.0854,0.0072,5073839,7502116
NHAI.NH,20211220,988.3813,1000.626,1003.493,988.3079,1002.9547,-14.5734,-0.0145,5720428,7489647
NHAI.NH,20211217,1002.9547,1002.5423,1009.457,1002.0731,1002.4295,0.5252,0.0005,5382144,7557131
NHAI.NH,20211216,1002.4295,996.8076,1003.8835,996.8076,997.1891,5.2404,0.0053,5823154,7566937
NHAI.NH,20211215,997.1891,997.3072,1001.228,994.4619,997.2509,-0.0618,-0.0001,6045797,7701234
NHAI.NH,20211214,997.2509,1006.2685,1006.2685,996.8291,1006.0504,-8.7995,-0.0087,5444753,7639953
NHAI.NH,20211213,1006.0504,1005.7093,1009.9694,1002.82,1003.2262,2.8242,0.0028,6384677,7716783
NHAI.NH,20211210,1003.2262,1002.5405,1009.3056,1001.2662,1006.1378,-2.9116,-0.0029,6004178,7633469
NHAI.NH,20211209,1006.1378,1009.5653,1015.574,1006.0461,1010.299,-4.1613,-0.0041,5957177,7531341
NHAI.NH,20211208,1010.299,1020.5697,1020.5697,1009.1996,1018.9844,-8.6854,-0.0085,5719319,7555479
NHAI.NH,20211207,1018.9844,1013.6971,1020.8461,1013.6971,1013.5735,5.411,0.0053,5265208,7597576
NHAI.NH,20211206,1013.5735,1013.7101,1018.7114,1012.5332,1013.2664,0.3071,0.0003,5756267,7662096
NHAI.NH,20211203,1013.2664,999.2275,1014.0393,999.2275,999.2224,14.044,0.0141,6162491,7683964
NHAI.NH,20211202,999.2224,1005.6358,1005.6358,996.5847,1007.2148,-7.9924,-0.0079,5912712,7636876
NHAI.NH,20211201,1007.2148,1000.3897,1008.6784,995.6688,1002.2688,4.946,0.0049,6462007,7508996
NHAI.NH,20211130,1002.2688,1018.0,1018.0,1001.4366,1017.9357,-15.6669,-0.0154,6610469,7576656
NHAI.NH,20211129,1017.9357,1022.6534,1025.3514,1017.4042,1026.7952,-8.8594,-0.0086,6531613,7639101
NHAI.NH,20211126,1026.7952,1028.2881,1030.2781,1022.3456,1029.8695,-3.0743,-0.003,5080234,7648176
NHAI.NH,20211125,1029.8695,1030.7338,1031.9188,1027.0391,1029.9943,-0.1248,-0.0001,5033269,7701695
NHAI.NH,20211124,1029.9943,1025.5568,1030.631,1025.5568,1026.5812,3.4131,0.0033,5337901,7657167
NHAI.NH,20211123,1026.5812,1031.7094,1037.0874,1026.416,1032.1462,-5.5651,-0.0054,6206321,7673205
NHAI.NH,20211122,1032.1462,1038.9866,1040.988,1031.1065,1044.1727,-12.0265,-0.0115,6595889,7635356
NHAI.NH,20211119,1044.1727,1042.8774,1044.1753,1036.39,1041.433,2.7398,0.0026,5693520,7793439
NHAI.NH,20211118,1041.433,1032.8634,1041.4994,1032.0034,1030.5216,10.9114,0.0106,5492845,7757688
NHAI.NH,20211117,1030.5216,1033.786,1034.7485,1029.8981,1032.5211,-1.9995,-0.0019,4992042,7680657
NHAI.NH,20211116,1032.5211,1028.9479,1035.3573,1028.5335,1028.1764,4.3447,0.0042,5469612,7652724
NHAI.NH,20211115,1028.1764,1024.7369,1034.4434,1024.7369,1026.5042,1.6722,0.0016,5819084,7588478
NHAI.NH,20211112,1026.5042,1024.1371,1030.8821,1023.5704,1024.006,2.4982,0.0024,5604230,7612247
NHAI.NH,20211111,1024.006,1023.0624,1027.1337,1022.0048,1023.2834,0.7226,0.0007,6012422,7630825
NHAI.NH,20211110,1023.2834,1007.7598,1023.424,1007.7598,1006.5064,16.777,0.0167,6175083,7693517
NHAI.NH,20211109,1006.5064,1012.5699,1012.5699,1002.2078,1012.8778,-6.3714,-0.0063,6561468,7670237
NHAI.NH,20211108,1012.8778,1015.691,1016.1954,1005.976,1017.8029,-4.9251,-0.0048,9759944,7639743
NHAI.NH,20211105,1017.8029,1021.0277,1021.0277,1013.6791,1019.6033,-1.8004,-0.0018,7204694,7609853
NHAI.NH,20211104,1019.6033,1037.2451,1037.2451,1019.3932,1037.6705,-18.0672,-0.0174,6694978,7607658
NHAI.NH,20211103,1037.6705,1031.7291,1037.8814,1026.5087,1031.7684,5.9021,0.0057,6928061,7561907
NHAI.NH,20211102,1031.7684,1021.1484,1033.5457,1016.6887,1019.8026,11.9658,0.0117,7305031,7495929
NHAI.NH,20211101,1019.8026,1030.1237,1030.1237,1019.7022,1030.1244,-10.3218,-0.01,7317678,7459096
NHAI.NH,20211029,1030.1244,1023.4922,1031.8101,1022.7233,1021.6088,8.5156,0.0083,7281009,7491894
NHAI.NH,20211028,1021.6088,1032.3618,1032.3618,1008.5467,1033.2134,-11.6046,-0.0112,9629401,7320659
NHAI.NH,20211027,1033.2134,1040.3909,1040.3909,1030.1149,1040.8682,-7.6548,-0.0074,7811496,7504056
NHAI.NH,20211026,1040.8682,1037.1666,1042.8397,1034.2717,1037.0123,3.8558,0.0037,7441286,7458923
NHAI.NH,20211025,1037.0123,1022.4985,1038.3187,1019.1263,1017.1141,19.8982,0.0196,8162866,7410669
NHAI.NH,20211022,1017.1141,1019.5825,1020.2481,1010.3794,1020.4368,-3.3226,-0.0033,9145768,7292202
NHAI.NH,20211021,1020.4368,1020.4693,1030.751,1020.265,1018.544,1.8928,0.0019,7642019,7519698
NHAI.NH,20211020,1018.544,1009.8079,1019.6559,1005.1207,1014.3129,4.2311,0.0042,7235011,7502632
NHAI.NH,20211019,1014.3129,1009.8616,1019.2919,1006.3591,1011.7589,2.554,0.0025,6889485,7522873
NHAI.NH,20211018,1011.7589,1006.8002,1014.4214,1000.522,1005.8326,5.9263,0.0059,8366084,7455417
NHAI.NH,20211015,1005.8326,995.0724,1008.2978,995.0724,994.7112,11.1213,0.0112,6680368,7470497
NHAI.NH,20211014,994.7112,998.9797,998.9797,988.4851,999.1133,-4.4021,-0.0044,7194406,7307640
NHAI.NH,20211013,999.1133,1004.6099,1004.6099,976.8667,1004.1283,-5.015,-0.005,8882627,7433492
NHAI.NH,20211012,1004.1283,1001.7288,1004.6743,995.7852,1002.8195,1.3088,0.0013,6930506,7426757
NHAI.NH,20211011,1002.8195,989.7518,1006.4728,984.2082,984.776,18.0435,0.0183,8450561,7411838
NHAI.NH,20211008,984.776,984.6027,989.2829,982.0923,968.1525,16.6235,0.0172,5075359,7068937
NHAI.NH,20210930,968.1525,957.0634,968.4341,957.0634,953.7816,14.3709,0.0151,6540017,6909908
NHAI.NH,20210929,953.7816,948.8698,956.1767,945.2099,948.1225,5.6591,0.006,6092421,7109598
NHAI.NH,20210928,948.1225,946.3749,950.0252,939.6112,946.8054,1.3171,0.0014,6435024,7357721
NHAI.NH,20210927,946.8054,950.5098,953.2481,946.5777,951.6296,-4.8243,-0.0051,7229876,7540616
NHAI.NH,20210924,951.6296,939.9471,952.2518,938.4868,938.8204,12.8093,0.0136,5823338,7662813
NHAI.NH,20210923,938.8204,934.5286,938.9938,931.8473,931.0093,7.811,0.0084,6154473,7617581
NHAI.NH,20210922,931.0093,923.4188,931.3665,921.9946,922.8167,8.1926,0.0089,5116103,7513151
NHAI.NH,20210917,922.8167,928.1423,929.7732,920.4717,929.332,-6.5153,-0.007,6679936,7484903
NHAI.NH,20210916,929.332,924.415,931.7244,924.415,923.5678,5.7643,0.0062,6400806,7705752
NHAI.NH,20210915,923.5678,920.2054,925.2308,919.0446,919.683,3.8847,0.0042,6314439,7629861
NHAI.NH,20210914,919.683,920.8478,921.4819,917.233,920.7212,-1.0382,-0.0011,5745956,7649866
NHAI.NH,20210913,920.7212,919.0724,924.705,918.5535,918.3269,2.3943,0.0026,6431276,7539692
NHAI.NH,20210910,918.3269,924.3262,926.4647,916.4934,925.8798,-7.5529,-0.0082,7145174,7636743
NHAI.NH,20210909,925.8798,926.6846,926.6846,919.5335,922.8122,3.0676,0.0033,6621646,7593897
NHAI.NH,20210908,922.8122,927.1932,927.1932,922.1014,927.4959,-4.6837,-0.0051,6239012,7575230
NHAI.NH,20210907,927.4959,924.7955,928.3187,923.1758,924.6459,2.85,0.0031,4952572,7471023
NHAI.NH,20210906,924.6459,926.5032,926.5032,919.74,927.2922,-2.6462,-0.0029,5715147,7467714
NHAI.NH,20210903,927.2922,916.6761,929.0998,916.6761,915.8255,11.4667,0.0125,6093971,7327984
NHAI.NH,20210902,915.8255,912.1752,918.4906,908.3939,911.9881,3.8374,0.0042,6410447,7265663
NHAI.NH,20210901,911.9881,922.5709,922.5709,911.9881,924.9486,-12.9605,-0.014,6172203,7409579
NHAI.NH,20210831,924.9486,923.096,927.2073,922.5647,923.5225,1.4261,0.0015,5319779,7393071
NHAI.NH,20210830,923.5225,927.7461,933.8865,922.708,927.3425,-3.8201,-0.0041,6257226,7427416
NHAI.NH,20210827,927.3425,929.7162,930.9009,924.0246,929.1666,-1.824,-0.002,6005993,7461493
NHAI.NH,20210826,929.1666,931.8927,933.9449,929.1346,929.8257,-0.6592,-0.0007,6013171,7408827
NHAI.NH,20210825,929.8257,926.1587,930.7444,926.1587,925.2336,4.5921,0.005,5405459,7432604
NHAI.NH,20210824,925.2336,920.0933,926.0245,917.0684,919.7166,5.517,0.006,6048320,7330502
NHAI.NH,20210823,919.7166,920.2134,922.2649,911.8834,921.5684,-1.8518,-0.002,7168941,7347638
NHAI.NH,20210820,921.5684,929.2299,929.2299,919.9989,933.5159,-11.9475,-0.0128,7300149,7183196
NHAI.NH,20210819,933.5159,937.5483,937.5483,929.7593,938.8848,-5.3689,-0.0057,6619300,7189875
NHAI.NH,20210818,938.8848,948.3386,948.3386,935.5302,948.8562,-9.9714,-0.0105,7300642,7375443
NHAI.NH,20210817,948.8562,942.9434,952.3997,942.9434,943.5328,5.3234,0.0056,6323547,7592134
NHAI.NH,20210816,943.5328,936.406,947.7112,936.406,935.15,8.3828,0.009,8228455,7573256
NHAI.NH,20210813,935.15,927.8969,935.183,927.4811,927.6754,7.4746,0.0081,7125109,7554709
NHAI.NH,20210812,927.6754,930.3986,930.3986,927.4012,929.8194,-2.144,-0.0023,6820478,7441918
NHAI.NH,20210811,929.8194,921.4752,929.9223,920.8143,919.8767,9.9428,0.0108,6763908,7400953
NHAI.NH,20210810,919.8767,914.936,920.6506,914.936,919.4847,0.392,0.0004,6101238,7298040
NHAI.NH,20210809,919.4847,921.575,924.4172,917.1389,920.8622,-1.3775,-0.0015,6892574,7284650
NHAI.NH,20210806,920.8622,916.7431,922.3172,916.7431,916.6345,4.2277,0.0046,6404577,7269053
NHAI.NH,20210805,916.6345,919.0425,919.4144,914.9365,918.7985,-2.164,-0.0024,6072740,7169368
NHAI.NH,20210804,918.7985,909.1014,920.6153,907.3405,910.6767,8.1218,0.0089,6638025,7182757
NHAI.NH,20210803,910.6767,908.3098,911.9915,904.7678,908.9424,1.7343,0.0019,6394535,7159088
NHAI.NH,20210802,908.9424,915.427,915.427,905.4747,918.6503,-9.7079,-0.0106,7939349,7176806
NHAI.NH,20210730,918.6503,919.5328,919.5328,913.2117,918.856,-0.2057,-0.0002,6600169,7276107
NHAI.NH,20210729,918.856,916.0272,919.2069,915.5742,914.6102,4.2459,0.0046,5796299,7275966
NHAI.NH,20210728,914.6102,918.8356,920.9915,913.8916,918.1361,-3.5259,-0.0038,6003185,7294083
NHAI.NH,20210727,918.1361,908.7231,921.0155,908.7231,906.6335,11.5025,0.0127,7072311,7377895
NHAI.NH,20210726,906.6335,908.2559,908.2559,903.1306,907.4703,-0.8367,-0.0009,6895549,7413551
NHAI.NH,20210723,907.4703,907.4703,909.7398,903.897,906.9912,0.4791,0.0005,6730300,7604079
NHAI.NH,20210722,906.9912,911.0667,911.0667,905.1934,909.7318,-2.7407,-0.003,5883262,7537796
NHAI.NH,20210721,909.7318,915.0523,916.4435,906.6824,914.9551,-5.2233,-0.0057,5911766,7474640
NHAI.NH,20210720,914.9551,913.751,917.8447,910.0106,916.1585,-1.2034,-0.0013,6662185,7478408
NHAI.NH,20210719,916.1585,917.7222,927.9761,916.1585,915.7549,0.4035,0.0004,7493568,7530020
NHAI.NH,20210716,915.7549,914.1321,918.3156,911.8573,913.1,2.655,0.0029,6285636,7462079
NHAI.NH,20210715,913.1,911.6499,915.6184,910.0197,911.1022,1.9978,0.0022,6273623,7487586
NHAI.NH,20210714,911.1022,905.8651,913.2366,905.3052,905.1851,5.9171,0.0065,6635760,7482768
NHAI.NH,20210713,905.1851,901.0712,907.5786,901.0712,901.6265,3.5587,0.0039,6097692,7502769
NHAI.NH,20210712,901.6265,903.3749,909.97,900.5605,903.0442,-1.4177,-0.0016,6928281,7466324
NHAI.NH,20210709,903.0442,899.5847,904.1731,897.3856,900.3162,2.728,0.003,6555513,7393238
NHAI.NH,20210708,900.3162,899.45,901.181,896.6162,901.869,-1.5528,-0.0017,6632395,7327429
NHAI.NH,20210707,901.869,911.7654,911.7654,897.9994,911.7654,-9.8964,-0.0109,8612577,7307133
NHAI.NH,20210706,911.7654,909.3535,913.6954,909.139,908.502,3.2635,0.0036,5430733,7329238
NHAI.NH,20210705,908.502,909.1001,909.4719,903.1971,908.4793,0.0226,0.0,7003433,7241395
NHAI.NH,20210702,908.4793,904.8329,908.5627,902.9977,900.3976,8.0817,0.009,7292292,7140976
NHAI.NH,20210701,900.3976,884.8892,901.1122,884.8892,886.3359,14.0617,0.0159,7798228,6987714
NHAI.NH,20210630,886.3359,880.5825,886.7369,880.5825,879.1904,7.1456,0.0081,5686145,6903822
NHAI.NH,20210629,879.1904,882.1946,882.1946,876.5085,880.9132,-1.7228,-0.002,6432197,6940862
NHAI.NH,20210628,880.9132,877.6075,881.5111,868.4674,876.4533,4.4599,0.0051,7925475,6974546
NHAI.NH,20210625,876.4533,872.4512,877.8049,872.4512,872.6216,3.8317,0.0044,6114981,6986873
NHAI.NH,20210624,872.6216,873.7956,875.0119,869.5499,874.7856,-2.164,-0.0025,6529171,6994957
NHAI.NH,20210623,874.7856,869.0963,877.8716,869.0963,869.8848,4.9008,0.0056,6086656,6960820
NHAI.NH,20210622,869.8848,864.5759,874.3817,864.5759,864.821,5.0639,0.0059,5905167,7010278
NHAI.NH,20210621,864.821,870.3089,871.6735,864.4762,864.7979,0.0231,0.0,7179708,7029525
NHAI.NH,20210618,864.7979,874.7703,874.7703,857.8739,879.2931,-14.4952,-0.0165,8770435,6905870
NHAI.NH,20210617,879.2931,879.2581,881.8692,871.6294,878.8569,0.4362,0.0005,6747462,6929779
NHAI.NH,20210616,878.8569,888.4476,888.4476,877.8708,888.475,-9.6182,-0.0108,5978872,6936598
NHAI.NH,20210615,888.475,903.2161,903.2161,879.9574,911.2101,-22.7351,-0.025,6759854,6853527
NHAI.NH,20210611,911.2101,913.4348,913.8159,907.8869,913.9058,-2.6957,-0.003,6714738,6838153
NHAI.NH,20210610,913.9058,910.038,918.6976,908.4898,912.1549,1.7509,0.0019,6476951,6886745
NHAI.NH,20210609,912.1549,910.5874,915.7402,910.1375,908.769,3.3859,0.0037,6065050,6875446
NHAI.NH,20210608,908.769,920.6727,920.6727,906.5345,919.8856,-11.1166,-0.0121,6748962,6799237
NHAI.NH,20210607,919.8856,920.1471,927.944,919.809,916.6108,3.2748,0.0036,6386705,6800665
NHAI.NH,20210604,916.6108,920.4199,920.4199,910.507,922.6005,-5.9897,-0.0065,6348042,6608312
NHAI.NH,20210603,922.6005,910.944,924.1821,910.944,910.2292,12.3713,0.0136,6103132,6604707
NHAI.NH,20210602,910.2292,907.7993,910.9476,904.5562,904.8328,5.3964,0.006,5943467,6544640
NHAI.NH,20210601,904.8328,899.7081,906.1978,899.157,899.7081,5.1247,0.0057,5431366,6757866
NHAI.NH,20210531,899.7081,901.6128,908.4547,897.8109,902.3272,-2.6191,-0.0029,6340284,6772409
NHAI.NH,20210528,902.3272,897.4364,911.5748,897.4364,894.8179,7.5092,0.0084,6713204,6753309
NHAI.NH,20210527,894.8179,897.2453,898.8593,892.4333,897.7706,-2.9527,-0.0033,7051699,6816390
NHAI.NH,20210526,897.7706,908.4727,908.4727,897.0548,909.5508,-11.7802,-0.013,7356475,6842558
NHAI.NH,20210525,909.5508,907.9522,913.4554,906.6683,907.6105,1.9404,0.0021,6233198,6719505
NHAI.NH,20210524,907.6105,913.9246,915.5,898.2597,911.1903,-3.5798,-0.0039,8151834,6704396
NHAI.NH,20210521,911.1903,913.1855,916.5643,907.5986,916.3835,-5.1932,-0.0057,7812605,6835834
NHAI.NH,20210520,916.3835,907.0278,916.5145,901.32,912.6816,3.7018,0.0041,7490880,6908982
NHAI.NH,20210519,912.6816,920.9514,920.9514,910.3378,919.7869,-7.1053,-0.0077,6738165,6984199
NHAI.NH,20210518,919.7869,914.5945,921.3595,914.5945,913.2504,6.5366,0.0072,5684825,6954813
NHAI.NH,20210517,913.2504,915.6325,919.0181,909.149,913.8889,-0.6385,-0.0007,7323339,6887129
NHAI.NH,20210514,913.8889,921.4799,921.4799,907.6041,925.2227,-11.3339,-0.0123,7902460,6809304
NHAI.NH,20210513,925.2227,932.9067,932.9067,919.6074,935.6708,-10.4481,-0.0112,8211093,6924035
NHAI.NH,20210512,935.6708,919.0782,936.0751,919.0782,916.5266,19.1442,0.0209,7922527,7100510
NHAI.NH,20210511,916.5266,919.7028,919.7028,911.2971,920.3034,-3.7769,-0.0041,6274047,6966722
NHAI.NH,20210510,920.3034,923.4882,926.2179,917.8357,921.0624,-0.759,-0.0008,7280246,7052270
NHAI.NH,20210507,921.0624,908.7288,924.9676,908.7288,908.7377,12.3247,0.0136,7004240,7096245
NHAI.NH,20210506,908.7377,903.3585,910.8741,901.57,889.826,18.9117,0.0213,4977730,6890018
NHAI.NH,20210430,889.826,898.5336,898.5336,885.7744,896.9259,-7.0999,-0.0079,6054434,6632618
NHAI.NH,20210429,896.9259,896.6967,900.5408,895.8715,896.9056,0.0203,0.0,5802449,7034202
NHAI.NH,20210428,896.9056,903.5045,903.5045,892.8712,902.8185,-5.9128,-0.0065,7390559,7144340
NHAI.NH,20210427,902.8185,896.5922,904.7254,896.5922,896.3932,6.4253,0.0072,6857339,7236328
NHAI.NH,20210426,896.3932,906.4724,914.1303,896.3932,907.8607,-11.4675,-0.0126,7276741,7287595
NHAI.NH,20210423,907.8607,902.6073,910.6749,902.6073,902.8527,5.008,0.0055,6455455,7430515
NHAI.NH,20210422,902.8527,888.8896,903.6962,888.8896,889.9843,12.8684,0.0145,6818549,7326297
NHAI.NH,20210421,889.9843,882.4667,891.0752,882.4667,882.3402,7.6442,0.0087,5819863,7320449
NHAI.NH,20210420,882.3402,879.5007,882.9984,877.5571,879.6965,2.6436,0.003,6072501,7288260
NHAI.NH,20210419,879.6965,882.457,882.7387,878.1116,883.9748,-4.2783,-0.0048,5846296,7259323
NHAI.NH,20210416,883.9748,873.644,885.5679,873.644,873.3165,10.6583,0.0122,6660217,7182040
NHAI.NH,20210415,873.3165,866.5352,874.1184,866.5352,866.0909,7.2255,0.0083,6410127,7273281
NHAI.NH,20210414,866.0909,865.8304,867.3308,863.621,867.3876,-1.2967,-0.0015,5727064,7295603
NHAI.NH,20210413,867.3876,862.5443,868.2333,855.8778,862.6853,4.7023,0.0055,7078862,7296154
NHAI.NH,20210412,862.6853,867.8398,869.4125,860.8009,865.4955,-2.8102,-0.0032,7783847,7348249
NHAI.NH,20210409,865.4955,871.0797,873.4076,865.4769,870.5601,-5.0646,-0.0058,6652085,7449902
NHAI.NH,20210408,870.5601,871.5024,874.1649,866.8774,871.4967,-0.9366,-0.0011,6732302,7349959
NHAI.NH,20210407,871.4967,868.8153,871.6535,866.4091,865.4842,6.0125,0.0069,6036001,7373996
NHAI.NH,20210406,865.4842,864.006,866.7093,858.479,865.2303,0.2539,0.0003,5181664,7363882
NHAI.NH,20210402,865.2303,865.9341,865.9341,858.2897,866.0301,-0.7998,-0.0009,7101498,7351142
NHAI.NH,20210401,866.0301,850.636,868.0375,850.636,849.96,16.0701,0.0189,10025153,7279526
NHAI.NH,20210331,849.96,856.3413,856.9727,844.2748,857.8159,-7.8558,-0.0092,7286704,7408719
NHAI.NH,20210330,857.8159,863.3774,863.473,856.5622,861.8914,-4.0756,-0.0047,6340143,7440231
NHAI.NH,20210329,861.8914,865.525,865.525,857.8895,865.2278,-3.3364,-0.0039,7973384,7457221
NHAI.NH,20210326,865.2278,873.4567,873.4567,861.0626,876.5391,-11.3113,-0.0129,8683451,7363891
NHAI.NH,20210325,876.5391,876.2963,879.0135,874.8434,876.6436,-0.1044,-0.0001,5928013,7354724
NHAI.NH,20210324,876.6436,871.6751,877.9307,871.6751,874.2678,2.3758,0.0027,6395683,7407134
NHAI.NH,20210323,874.2678,866.6751,875.2208,866.6751,865.009,9.2587,0.0107,6814818,7416622
NHAI.NH,20210322,865.009,864.5742,870.473,861.6104,864.5397,0.4693,0.0005,6479968,7440281
NHAI.NH,20210319,864.5397,873.2317,873.2317,864.0214,875.2609,-10.7212,-0.0122,7206436,7439878
NHAI.NH,20210318,875.2609,879.2246,879.2246,870.9237,881.1252,-5.8643,-0.0067,7088758,7528820
NHAI.NH,20210317,881.1252,883.3868,885.8842,879.6814,883.1237,-1.9985,-0.0023,6985992,7525852
NHAI.NH,20210316,883.1237,885.1777,888.8676,882.5552,884.5419,-1.4182,-0.0016,6600513,7565782
NHAI.NH,20210315,884.5419,888.2906,889.539,882.9926,889.2839,-4.742,-0.0053,7443042,7618400
NHAI.NH,20210312,889.2839,886.8062,894.2482,885.3143,886.1058,3.1781,0.0036,8060694,7671707
NHAI.NH,20210311,886.1058,887.6636,887.6636,878.4584,888.4614,-2.3556,-0.0027,8328669,7626294
NHAI.NH,20210310,888.4614,898.2115,898.2115,885.7942,894.4553,-5.9938,-0.0067,9087130,7641935
NHAI.NH,20210309,894.4553,903.1614,903.1614,894.2132,903.949,-9.4938,-0.0105,6952811,7581285
NHAI.NH,20210308,903.949,899.2512,915.0732,899.2512,898.6588,5.2902,0.0059,8306425,7701205
NHAI.NH,20210305,898.6588,897.1577,900.3736,891.6599,896.0258,2.6331,0.0029,8227124,7632621
NHAI.NH,20210304,896.0258,898.3179,901.87,894.1329,899.8279,-3.8022,-0.0042,7287722,7724997
NHAI.NH,20210303,899.8279,896.6374,902.3725,895.1096,893.8283,5.9997,0.0067,6847756,7698914
NHAI.NH,20210302,893.8283,902.5363,902.5363,889.7537,902.8855,-9.0573,-0.01,7595319,7704553
NHAI.NH,20210301,902.8855,902.584,915.8771,902.584,905.3054,-2.4199,-0.0027,8316614,7764040
NHAI.NH,20210226,905.3054,922.35,922.35,903.2703,922.5284,-17.223,-0.0187,9324199,7710587
NHAI.NH,20210225,922.5284,915.5374,928.5537,915.5374,914.4589,8.0695,0.0088,8192110,7919082
NHAI.NH,20210224,914.4589,915.3603,919.0548,912.1545,914.6418,-0.1829,-0.0002,6674125,7889231
NHAI.NH,20210223,914.6418,906.3726,919.5605,905.6727,906.697,7.9449,0.0088,7766738,7829989
NHAI.NH,20210222,906.697,907.3964,914.9741,905.5281,906.7139,-0.017,0.0,7607632,7765256
NHAI.NH,20210219,906.7139,898.4855,907.5023,895.7081,898.4308,8.2831,0.0092,6446109,7708431
NHAI.NH,20210218,898.4308,889.3514,899.7806,889.3514,884.6787,13.7521,0.0155,4460230,7435611
NHAI.NH,20210210,884.6787,885.281,886.0147,880.1671,884.753,-0.0743,-0.0001,4538460,7253606
NHAI.NH,20210209,884.753,875.6616,887.1675,875.6616,875.3538,9.3992,0.0107,5318651,7427469
NHAI.NH,20210208,875.3538,879.9089,881.7331,873.8055,879.4668,-4.113,-0.0047,6019290,7488640
NHAI.NH,20210205,879.4668,869.1782,880.7211,869.1782,869.1892,10.2776,0.0118,6044405,7612791
NHAI.NH,20210204,869.1892,861.9225,870.4315,861.9225,861.8782,7.311,0.0085,5777550,7619173
NHAI.NH,20210203,861.8782,867.2216,867.2216,857.9212,867.525,-5.6469,-0.0065,6642454,7596513
NHAI.NH,20210202,867.525,874.2121,874.2121,867.0381,873.9802,-6.4551,-0.0074,5780745,7574062
NHAI.NH,20210201,873.9802,870.9113,876.6182,868.5822,869.59,4.3901,0.005,6548403,7550484
NHAI.NH,20210129,869.59,870.1037,870.3929,865.5893,869.4895,0.1005,0.0001,6234831,7580587
NHAI.NH,20210128,869.4895,873.7506,873.7506,867.244,873.8466,-4.3571,-0.005,5074514,7693035
NHAI.NH,20210127,873.8466,865.7535,875.0346,865.7535,863.7288,10.1178,0.0117,6614831,7641806
NHAI.NH,20210126,863.7288,862.7314,869.705,861.8776,863.8925,-0.1636,-0.0002,6215331,7558350
NHAI.NH,20210125,863.8925,869.3715,869.3715,858.7919,868.8381,-4.9457,-0.0057,7990939,7515142
NHAI.NH,20210122,868.8381,880.5508,880.5508,867.0167,880.1616,-11.3235,-0.0129,7789837,7581877
NHAI.NH,20210121,880.1616,877.0218,884.8804,877.0218,876.713,3.4486,0.0039,6095825,7667682
NHAI.NH,20210120,876.713,891.3705,891.3705,873.6754,890.8054,-14.0924,-0.0158,8681573,7644221
NHAI.NH,20210119,890.8054,895.907,898.7022,888.1974,895.4702,-4.6648,-0.0052,6272937,7730117
NHAI.NH,20210118,895.4702,887.6531,898.1539,885.6428,887.5168,7.9534,0.009,7481018,7714800
NHAI.NH,20210115,887.5168,884.2969,893.4196,884.2969,883.8132,3.7036,0.0042,7826225,7714780
NHAI.NH,20210114,883.8132,897.7858,897.7858,883.4548,897.9625,-14.1492,-0.0158,7428291,7673360
NHAI.NH,20210113,897.9625,891.7703,904.0427,891.7703,891.6782,6.2842,0.007,8332134,7740929
NHAI.NH,20210112,891.6782,890.5515,892.3098,885.9028,890.1215,1.5568,0.0017,7084185,7677927
NHAI.NH,20210111,890.1215,897.523,904.1787,886.9923,897.2477,-7.1263,-0.0079,9621786,7643660
NHAI.NH,20210108,897.2477,897.1531,898.0219,890.6837,897.9525,-0.7048,-0.0008,6605994,7710205
NHAI.NH,20210107,897.9525,896.7406,898.4896,891.8429,895.5803,2.3723,0.0026,7024312,7671675
NHAI.NH,20210106,895.5803,886.5555,895.598,884.7589,884.5078,11.0725,0.0125,6761178,7653259
NHAI.NH,20210105,884.5078,886.4332,886.4332,880.6899,886.0023,-1.4946,-0.0017,6186674,7447635
NHAI.NH,20210104,886.0023,883.9462,890.3968,882.2567,883.9462,2.0562,0.0023,6116329,7396728
NHAI.NH,20201231,883.9462,877.2936,885.7468,877.2936,877.1078,6.8384,0.0078,7264732,7172641
NHAI.NH,20201230,877.1078,865.7546,879.1268,865.7546,865.6259,11.4819,0.0133,7738587,7163092
NHAI.NH,20201229,865.6259,872.9976,874.167,864.5552,872.5261,-6.9002,-0.0079,7290887,7082352
NHAI.NH,20201228,872.5261,876.3978,880.6932,868.6722,876.9366,-4.4105,-0.005,8311832,7183918
NHAI.NH,20201225,876.9366,876.9366,877.039,869.0683,869.2039,7.7327,0.0089,7513900,7276452
NHAI.NH,20201224,869.2039,864.2512,870.1368,867.2735,861.9061,7.2978,0.0085,7733881,7205770
NHAI.NH,20201223,861.9061,861.4152,863.7876,855.2543,858.3524,3.5538,0.0041,8138813,7113092
NHAI.NH,20201222,858.3524,864.3632,871.155,857.7925,865.26,-6.9076,-0.008,9534786,7082363
NHAI.NH,20201221,865.26,854.4006,866.7305,854.4006,854.1016,11.1583,0.0131,7292454,7226140
NHAI.NH,20201218,854.1016,847.2214,855.6373,847.2214,847.416,6.6857,0.0079,7265971,7343364
NHAI.NH,20201217,847.416,842.8562,848.1824,842.8562,842.5015,4.9145,0.0058,6628362,7432519
NHAI.NH,20201216,842.5015,836.5529,842.9741,836.5529,836.7507,5.7507,0.0069,6086512,7483509
NHAI.NH,20201215,836.7507,841.4432,841.4432,835.4675,841.0731,-4.3224,-0.0051,6897609,7538131
NHAI.NH,20201214,841.0731,836.8546,841.5667,833.4552,836.9951,4.078,0.0049,6926530,7634441
NHAI.NH,20201211,836.9951,834.6192,838.8766,833.7882,834.1277,2.8674,0.0034,7679509,7678012
NHAI.NH,20201210,834.1277,829.5952,835.4433,828.4612,829.26,4.8677,0.0059,7192676,7680137
NHAI.NH,20201209,829.26,831.8702,832.7011,828.4094,832.0389,-2.7789,-0.0033,6329428,7894147
NHAI.NH,20201208,832.0389,838.6987,839.6027,832.0339,838.8518,-6.8129,-0.0081,6689999,7970034
NHAI.NH,20201207,838.8518,836.4641,839.1787,834.4133,836.5122,2.3395,0.0028,7008482,8086382
NHAI.NH,20201204,836.5122,837.1178,837.8325,834.5594,836.9085,-0.3963,-0.0005,6762607,8132421
NHAI.NH,20201203,836.9085,835.8198,837.8517,834.9717,834.9588,1.9497,0.0023,7125704,8201309
NHAI.NH,20201202,834.9588,844.6931,844.6931,834.8328,844.4035,-9.4447,-0.0112,7383659,8264153
NHAI.NH,20201201,844.4035,849.1381,849.1381,840.9619,848.3385,-3.935,-0.0046,7278801,8334850
NHAI.NH,20201130,848.3385,849.0205,857.1769,845.0831,848.3391,-0.0006,0.0,8957367,8382856
NHAI.NH,20201127,848.3391,849.8598,850.6755,847.1356,849.7875,-1.4485,-0.0017,6827135,8473297
NHAI.NH,20201126,849.7875,850.958,851.4379,847.537,851.0895,-1.302,-0.0015,6261046,8487575
NHAI.NH,20201125,851.0895,847.9824,854.2332,847.9824,850.6321,0.4574,0.0005,7372548,8470518
NHAI.NH,20201124,850.6321,852.4854,854.4606,845.7887,851.3619,-0.7298,-0.0009,8441993,8445865
NHAI.NH,20201123,851.3619,849.2846,853.2246,849.2846,849.0666,2.2954,0.0027,9691633,8598859
NHAI.NH,20201120,849.0666,850.7595,854.465,847.5443,853.4981,-4.4315,-0.0052,8398210,8606474
NHAI.NH,20201119,853.4981,848.2005,854.7124,848.2005,847.5293,5.9688,0.007,8224376,8619314
NHAI.NH,20201118,847.5293,851.3384,851.3384,846.2639,851.4056,-3.8763,-0.0046,7506357,8558600
NHAI.NH,20201117,851.4056,849.9338,851.9814,847.4623,849.1165,2.2891,0.0027,7499951,8568373
NHAI.NH,20201116,849.1165,847.2354,852.4389,846.8666,846.4592,2.6574,0.0031,9137106,8492417
NHAI.NH,20201113,846.4592,849.3948,849.7887,844.5319,848.8434,-2.3842,-0.0028,7531893,8480463
NHAI.NH,20201112,848.8434,851.9041,853.9486,848.2938,851.2261,-2.3828,-0.0028,8150559,8430933
NHAI.NH,20201111,851.2261,837.1534,851.4393,837.1534,837.1428,14.0833,0.0168,9884716,8413896
NHAI.NH,20201110,837.1428,838.8596,838.8596,833.4142,832.6438,4.499,0.0054,9107735,8337599
NHAI.NH,20201109,832.6438,838.2161,839.2819,831.4924,837.6643,-5.0205,-0.006,10455762,8337366
NHAI.NH,20201106,837.6643,841.1509,843.8073,836.9819,841.0885,-3.4242,-0.0041,9218655,8472862
NHAI.NH,20201105,841.0885,841.1219,845.2648,838.2495,841.0653,0.0233,0.0,10099527,8451422
NHAI.NH,20201104,841.0653,838.8675,843.1799,836.2313,838.1148,2.9504,0.0035,7950505,8303033
NHAI.NH,20201103,838.1148,832.0077,839.6,832.0077,831.3095,6.8054,0.0082,8018264,8243916
NHAI.NH,20201102,831.3095,838.2479,840.2561,831.1214,838.0316,-6.7221,-0.008,9304187,8179786
NHAI.NH,20201030,838.0316,838.2749,845.4537,835.5703,839.2368,-1.2053,-0.0014,10705364,8349339
NHAI.NH,20201029,839.2368,839.1695,840.3465,835.1376,842.3748,-3.138,-0.0037,9203907,8397410
NHAI.NH,20201028,842.3748,838.5912,842.4971,833.3308,838.2339,4.1409,0.0049,9158977,8436633
NHAI.NH,20201027,838.2339,840.6763,842.0645,837.423,838.3799,-0.1461,-0.0002,7227616,8331463
NHAI.NH,20201026,838.3799,835.6526,844.2515,835.6526,835.2755,3.1045,0.0037,8855558,8321081
NHAI.NH,20201023,835.2755,843.7346,845.5516,835.0862,843.4787,-8.2033,-0.0097,8526048,8362760
NHAI.NH,20201022,843.4787,844.2566,844.2566,833.9943,844.4481,-0.9694,-0.0011,8445583,8440725
NHAI.NH,20201021,844.4481,848.2781,850.3529,840.8034,848.6426,-4.1945,-0.0049,9814892,8413927
NHAI.NH,20201020,848.6426,842.9955,851.0549,842.5324,842.8262,5.8164,0.0069,8969112,8371491
NHAI.NH,20201019,842.8262,843.8153,850.802,839.9271,844.0747,-1.2485,-0.0015,11574838,8213998
NHAI.NH,20201016,844.0747,839.6402,846.6647,839.6402,840.8143,3.2604,0.0039,9634161,8229004
NHAI.NH,20201015,840.8143,843.1611,845.4742,836.4146,843.1169,-2.3026,-0.0027,8646055,8080453
NHAI.NH,20201014,843.1169,842.3934,844.0375,838.5451,841.7858,1.3311,0.0016,7529757,8081252
NHAI.NH,20201013,841.7858,843.7377,843.7377,833.5186,843.6865,-1.9007,-0.0023,7614513,7995250
NHAI.NH,20201012,843.6865,831.6478,847.3278,831.6478,830.0063,13.6802,0.0165,8705940,7873335
NHAI.NH,20201009,830.0063,807.0437,830.9398,807.0437,795.5402,34.4661,0.0433,5523552,7531906
NHAI.NH,20200930,795.5402,795.0964,796.2315,792.0881,797.2682,-1.728,-0.0022,6300689,7297384
NHAI.NH,20200929,797.2682,800.303,800.303,795.1215,799.5973,-2.3291,-0.0029,5584774,7565715
NHAI.NH,20200928,799.5973,801.6171,806.0136,798.601,800.8041,-1.2069,-0.0015,8143029,7743765
NHAI.NH,20200925,800.8041,802.0066,804.2031,800.6952,802.6159,-1.8118,-0.0023,7497168,7809893
NHAI.NH,20200924,802.6159,802.4344,804.0612,797.7369,802.3033,0.3126,0.0004,9744250,7952049
NHAI.NH,20200923,802.3033,814.3215,814.6183,799.4672,812.1262,-9.8229,-0.0121,11896384,8079992
NHAI.NH,20200922,812.1262,819.3057,819.3057,807.9713,821.216,-9.0898,-0.0111,11606386,8464714
NHAI.NH,20200921,821.216,820.1981,825.4988,819.2087,819.5269,1.6891,0.0021,9180948,8730624
NHAI.NH,20200918,819.5269,806.7337,821.1827,806.7337,810.4883,9.0385,0.0112,9612698,8659674
NHAI.NH,20200917,810.4883,806.9394,813.5471,806.9394,806.0183,4.47,0.0055,6641642,8496467
NHAI.NH,20200916,806.0183,808.3875,808.5006,803.5411,807.6939,-1.6755,-0.0021,8179390,8232340
NHAI.NH,20200915,807.6939,805.5018,808.4394,804.8391,806.0188,1.6751,0.0021,7039947,8213721
NHAI.NH,20200914,806.0188,795.7318,806.6765,795.7318,795.5637,10.4551,0.0131,8303063,8231898
NHAI.NH,20200911,795.5637,791.6574,795.8771,787.5145,791.0483,4.5154,0.0057,7471189,8060013
NHAI.NH,20200910,791.0483,790.5435,793.9456,789.5358,787.7347,3.3136,0.0042,7197093,7791933
NHAI.NH,20200909,787.7347,796.7603,796.7603,787.7347,800.9368,-13.2022,-0.0165,7758686,7686329
NHAI.NH,20200908,800.9368,789.9594,801.477,789.9594,789.855,11.0819,0.014,7394179,7835059
NHAI.NH,20200907,789.855,785.4863,790.4531,785.3488,785.5977,4.2573,0.0054,7188178,7682201
NHAI.NH,20200904,785.5977,782.35,785.9614,779.9802,780.7653,4.8324,0.0062,7593389,7542550
NHAI.NH,20200903,780.7653,782.3104,786.3621,780.3996,783.3341,-2.5689,-0.0033,6276946,7597095
NHAI.NH,20200902,783.3341,784.9161,786.3079,781.6586,785.1945,-1.8604,-0.0024,5241764,7664623
NHAI.NH,20200901,785.1945,785.9766,785.9766,779.3208,785.4728,-0.2783,-0.0004,5463653,7496389
NHAI.NH,20200831,785.4728,781.8859,787.3303,781.8859,781.9201,3.5527,0.0045,5806979,7481348
NHAI.NH,20200828,781.9201,778.2795,783.2979,778.1318,777.4568,4.4633,0.0057,6731886,7521603
NHAI.NH,20200827,777.4568,778.8005,780.6406,776.3492,778.9755,-1.5187,-0.002,5952693,7508820
NHAI.NH,20200826,778.9755,774.4597,779.0101,774.2584,774.311,4.6645,0.006,6391462,7486227
NHAI.NH,20200825,774.311,777.824,779.4874,773.728,774.8695,-0.5584,-0.0007,5468515,7469528
NHAI.NH,20200824,774.8695,775.0468,777.2687,774.1619,775.2734,-0.404,-0.0005,5506890,7432896
NHAI.NH,20200821,775.2734,776.1613,776.214,773.0082,776.281,-1.0076,-0.0013,5970821,7439037
NHAI.NH,20200820,776.281,783.3749,783.3837,775.7833,782.7634,-6.4824,-0.0083,6634452,7555354
NHAI.NH,20200819,782.7634,780.4178,782.9965,779.7978,779.4421,3.3213,0.0043,6320402,7627056
NHAI.NH,20200818,779.4421,779.2737,782.5078,778.6635,778.7078,0.7343,0.0009,6278230,7581877
NHAI.NH,20200817,778.7078,775.8268,779.5975,775.8268,775.4082,3.2996,0.0043,7386805,7648046
NHAI.NH,20200814,775.4082,775.3639,779.0085,774.2324,775.7936,-0.3854,-0.0005,7482230,7632729
NHAI.NH,20200813,775.7936,768.655,776.0142,768.655,767.1934,8.6002,0.0112,7402932,7492801
NHAI.NH,20200812,767.1934,767.3845,769.3392,763.926,768.2476,-1.0542,-0.0014,6668874,7428435
NHAI.NH,20200811,768.2476,770.5943,774.8394,765.968,770.8065,-2.5588,-0.0033,6846539,7527477
NHAI.NH,20200810,770.8065,768.5641,771.6663,761.3751,769.1763,1.6301,0.0021,8213479,7499140
NHAI.NH,20200807,769.1763,772.0617,773.3356,766.36,771.2503,-2.074,-0.0027,8704624,7590670
NHAI.NH,20200806,771.2503,772.2729,773.1359,769.5723,771.7285,-0.4781,-0.0006,7258637,7672110
NHAI.NH,20200805,771.7285,778.9888,778.9888,771.3266,779.9316,-8.2031,-0.0105,6886683,7625083
NHAI.NH,20200804,779.9316,778.0239,780.6909,776.2385,777.8272,2.1044,0.0027,6327434,7654989
NHAI.NH,20200803,777.8272,772.3224,778.812,772.3224,772.328,5.4992,0.0071,8092928,7554783
NHAI.NH,20200731,772.328,772.6594,774.5743,770.472,772.8076,-0.4796,-0.0006,7835277,7356163
NHAI.NH,20200730,772.8076,772.6129,774.5093,771.3517,772.29,0.5176,0.0007,7697797,7433523
NHAI.NH,20200729,772.29,769.8696,772.449,769.8336,770.0698,2.2202,0.0029,6999129,7320209
NHAI.NH,20200728,770.0698,780.5924,780.5924,768.9555,778.5614,-8.4916,-0.0109,10326786,7307708
NHAI.NH,20200727,778.5614,779.0737,782.4817,776.4426,777.1764,1.385,0.0018,10247454,7329605
NHAI.NH,20200724,777.1764,774.7109,778.8466,768.8139,774.9355,2.2409,0.0029,10317012,7262873
NHAI.NH,20200723,774.9355,773.7065,778.9055,767.8927,772.3655,2.57,0.0033,9544608,7301593
NHAI.NH,20200722,772.3655,770.7493,778.6877,770.5735,770.8101,1.5554,0.002,8746241,7136841
NHAI.NH,20200721,770.8101,773.7917,773.7917,769.8209,773.3677,-2.5576,-0.0033,8092166,7101815
NHAI.NH,20200720,773.3677,765.308,774.618,765.308,764.1223,9.2454,0.0121,8392531,7210497
NHAI.NH,20200717,764.1223,759.2278,765.5147,759.2278,759.515,4.6073,0.0061,6859233,7043507
NHAI.NH,20200716,759.515,762.7313,765.4268,758.4158,762.0314,-2.5165,-0.0033,7256087,6990971
NHAI.NH,20200715,762.0314,759.1165,763.0472,759.1165,758.7696,3.2618,0.0043,6435284,6994597
NHAI.NH,20200714,758.7696,755.832,758.9141,753.655,756.7419,2.0277,0.0027,6918174,6921534
NHAI.NH,20200713,756.7419,758.0553,759.3366,755.9578,756.5916,0.1503,0.0002,6406333,6914382
NHAI.NH,20200710,756.5916,765.1834,765.1834,756.3032,765.159,-8.5674,-0.0112,6338781,6934651
NHAI.NH,20200709,765.159,760.8425,765.9708,760.8425,759.8994,5.2597,0.0069,5771680,6999959
NHAI.NH,20200708,759.8994,756.7057,761.1187,756.7057,756.17,3.7294,0.0049,5160108,6844082
NHAI.NH,20200707,756.17,761.0682,761.3259,755.0843,761.2562,-5.0863,-0.0067,5717462,6876663
NHAI.NH,20200706,761.2562,755.9738,762.2499,755.9738,756.5428,4.7134,0.0062,6038215,6919631
NHAI.NH,20200703,756.5428,754.9688,757.9026,754.9688,754.9602,1.5826,0.0021,5441407,6878048
NHAI.NH,20200702,754.9602,749.2755,755.7676,749.2755,749.0192,5.941,0.0079,5973157,6868200
NHAI.NH,20200701,749.0192,744.1379,749.8093,744.1379,744.9357,4.0836,0.0055,6115621,6906152
NHAI.NH,20200630,744.9357,743.437,746.3482,743.437,742.4171,2.5186,0.0034,5163308,6823414
NHAI.NH,20200629,742.4171,746.3081,743.4442,741.5433,746.3081,-3.8911,-0.0052,5481541,6857195
NHAI.NH,20200624,746.3081,748.9598,748.9598,746.2023,747.9892,-1.6811,-0.0022,5039075,6747508
NHAI.NH,20200623,747.9892,749.6419,752.1743,747.2907,749.8812,-1.892,-0.0025,7442200,6810573
NHAI.NH,20200622,749.8812,753.9276,753.9276,749.3982,753.3076,-3.4263,-0.0045,6359246,6952949
NHAI.NH,20200619,753.3076,753.4189,755.9185,752.7056,753.1871,0.1204,0.0002,6423991,6997442
NHAI.NH,20200618,753.1871,750.7573,753.9952,750.6611,750.7255,2.4617,0.0033,6548649,6900804
NHAI.NH,20200617,750.7255,750.9276,751.2263,747.2466,750.5851,0.1404,0.0002,6112900,6914573
NHAI.NH,20200616,750.5851,744.3893,750.8823,744.3893,743.7806,6.8045,0.0091,5753774,6801410
NHAI.NH,20200615,743.7806,749.504,750.3709,743.2731,748.7067,-4.9262,-0.0066,7533602,6751475
NHAI.NH,20200612,748.7067,747.7213,749.0575,741.1187,748.7709,-0.0642,-0.0001,7217489,6665201
NHAI.NH,20200611,748.7709,751.2493,752.4454,745.4193,751.3694,-2.5984,-0.0035,7514311,6811454
NHAI.NH,20200610,751.3694,753.3581,756.0322,750.3398,754.3008,-2.9314,-0.0039,6280177,6882903
NHAI.NH,20200609,754.3008,751.3121,755.2317,749.3149,751.2618,3.039,0.004,6477778,6739287
NHAI.NH,20200608,751.2618,750.0332,752.0024,747.7047,750.0093,1.2525,0.0017,6474553,6618608
NHAI.NH,20200605,750.0093,747.9905,752.0325,747.9905,748.9672,1.0421,0.0014,6044009,6585316
NHAI.NH,20200604,748.9672,749.8602,750.4738,746.8551,748.7665,0.2006,0.0003,6159721,6484131
NHAI.NH,20200603,748.7665,747.4211,751.856,747.4211,746.2358,2.5307,0.0034,5108248,6396372
NHAI.NH,20200602,746.2358,746.6359,747.4563,745.1937,746.904,-0.6682,-0.0009,5240531,6383677
NHAI.NH,20200601,746.904,746.1331,755.8187,739.8364,746.1777,0.7263,0.001,6262321,6253244
NHAI.NH,20200529,746.1777,744.0724,747.2732,743.7318,744.1553,2.0223,0.0027,6492117,6708078
NHAI.NH,20200528,744.1553,746.0668,747.4738,743.3492,745.4394,-1.2841,-0.0017,7499085,6753956
NHAI.NH,20200527,745.4394,741.1022,746.5231,740.6594,740.9005,4.5389,0.0061,6561450,6750787
NHAI.NH,20200526,740.9005,741.6121,741.6436,738.8123,741.5991,-0.6986,-0.0009,5003964,6639899
NHAI.NH,20200525,741.5991,736.2929,742.8742,738.51,736.2929,5.3062,0.0072,6830359,6625828
NHAI.NH,20200522,736.2929,737.8841,739.5053,734.7493,737.3925,-1.0996,-0.0015,7373948,6581308
NHAI.NH,20200521,737.3925,739.0543,741.5355,736.4729,738.4572,-1.0646,-0.0014,6013363,6718588
NHAI.NH,20200520,738.4572,740.1827,740.1827,736.7831,739.7223,-1.2651,-0.0017,5875337,6655891
NHAI.NH,20200519,739.7223,737.5321,741.1147,737.5321,737.0239,2.6984,0.0037,5605151,6625954
NHAI.NH,20200518,737.0239,736.5736,740.0087,735.1811,734.266,2.7579,0.0038,6454087,6634259
NHAI.NH,20200515,734.266,731.8848,735.4755,731.8848,731.4828,2.7832,0.0038,5514762,6738380
NHAI.NH,20200514,731.4828,739.4553,739.4553,729.5014,739.6889,-8.2061,-0.0111,6309897,6849866
NHAI.NH,20200513,739.6889,741.1245,741.6931,736.5769,741.0659,-1.377,-0.0019,5382892,6793148
NHAI.NH,20200512,741.0659,745.3295,745.3295,740.3656,745.038,-3.9722,-0.0053,5145872,6798321
NHAI.NH,20200511,745.038,743.2486,746.4273,741.8496,741.9219,3.1161,0.0042,6162005,6709043
NHAI.NH,20200508,741.9219,742.6013,744.9432,740.4525,742.2667,-0.3448,-0.0005,6389912,6716803
NHAI.NH,20200507,742.2667,738.5999,743.6662,738.5999,740.1362,2.1306,0.0029,4859639,6613407
NHAI.NH,20200506,740.1362,741.7828,745.9982,736.7098,740.5014,-0.3652,-0.0005,4176379,6455963
NHAI.NH,20200430,740.5014,741.4502,742.8216,736.1787,738.2429,2.2585,0.0031,4408559,6310974
NHAI.NH,20200429,738.2429,739.4849,739.5756,736.9138,737.5152,0.7277,0.001,3960020,6622263
NHAI.NH,20200428,737.5152,742.488,743.0632,733.8249,744.7011,-7.1859,-0.0096,5572078,6756447
NHAI.NH,20200427,744.7011,744.6422,748.0776,741.3712,738.1143,6.5868,0.0089,6045404,6745782
NHAI.NH,20200424,738.1143,732.8745,740.1398,732.777,733.251,4.8633,0.0066,4919381,6647970
NHAI.NH,20200423,733.251,731.3859,733.4893,728.5377,728.1884,5.0626,0.007,5239033,6572591
NHAI.NH,20200422,728.1884,717.6381,728.3749,715.9082,717.6695,10.5189,0.0147,5659517,6474069
NHAI.NH,20200421,717.6695,728.2826,728.2826,716.8839,728.8765,-11.207,-0.0154,5687516,6532835
NHAI.NH,20200420,728.8765,733.823,735.9163,728.8765,733.6478,-4.7714,-0.0065,5388577,6640189
NHAI.NH,20200417,733.6478,730.9091,734.5214,728.9575,729.7145,3.9333,0.0054,4849975,6684679
NHAI.NH,20200416,729.7145,741.098,743.2164,729.3467,741.4232,-11.7087,-0.0158,6584767,6772715
NHAI.NH,20200415,741.4232,738.4298,742.7546,737.2344,738.6307,2.7925,0.0038,5230519,6826169
NHAI.NH,20200414,738.6307,737.8154,740.924,734.7354,738.328,0.3027,0.0004,5250605,6702301
NHAI.NH,20200413,738.328,745.7989,747.7705,738.0494,743.2869,-4.9589,-0.0067,5356307,6718216
NHAI.NH,20200410,743.2869,746.9357,752.3885,743.149,746.98,-3.6932,-0.0049,5601534,6733445
NHAI.NH,20200409,746.98,745.0812,748.6901,743.8391,744.0688,2.9113,0.0039,5984087,6858850
NHAI.NH,20200408,744.0688,733.3596,744.6336,731.0273,733.2265,10.8423,0.0148,5961090,6860090
NHAI.NH,20200407,733.2265,727.4279,735.3877,727.4279,725.2809,7.9456,0.011,5811926,6692307
NHAI.NH,20200403,725.2809,731.8555,731.8555,721.8745,731.6092,-6.3283,-0.0087,7074152,6740495
NHAI.NH,20200402,731.6092,724.9262,731.6939,721.8881,727.5665,4.0427,0.0056,7714064,6900436
NHAI.NH,20200401,727.5665,741.1591,741.1591,725.2956,740.061,-12.4946,-0.0169,9078161,7037886
NHAI.NH,20200331,740.061,740.4139,742.5173,738.0895,738.1567,1.9043,0.0026,6995813,7121980
NHAI.NH,20200330,738.1567,737.5742,743.3787,736.7089,735.8047,2.3521,0.0032,8145766,7183068
NHAI.NH,20200327,735.8047,731.109,738.6933,731.109,729.1886,6.6161,0.0091,8597181,6927345
NHAI.NH,20200326,729.1886,729.9718,732.9889,726.709,732.6215,-3.4329,-0.0047,7817484,6813053
NHAI.NH,20200325,732.6215,729.3612,733.0086,727.0287,725.7853,6.8362,0.0094,7467089,6834471
NHAI.NH,20200324,725.7853,726.7697,727.4728,718.839,723.2365,2.5488,0.0035,7896097,6506860
NHAI.NH,20200323,723.2365,719.0411,725.5253,716.7775,719.1312,4.1054,0.0057,6952612,6602000
NHAI.NH,20200320,719.1312,720.1316,722.4638,715.1385,712.9633,6.1678,0.0087,7918605,6425457
NHAI.NH,20200319,712.9633,716.5021,718.6379,702.0428,715.162,-2.1987,-0.0031,9188090,6490976
NHAI.NH,20200318,715.162,721.6042,725.9271,713.7548,722.4147,-7.2527,-0.01,8368622,6683124
NHAI.NH,20200317,722.4147,717.3848,723.7401,715.3001,719.3545,3.0602,0.0043,7458028,6838590
NHAI.NH,20200316,719.3545,715.9045,726.6064,713.0299,717.1383,2.2162,0.0031,8120112,6891612
NHAI.NH,20200313,717.1383,717.4515,718.1253,704.9142,720.0663,-2.928,-0.0041,8577674,6871313
NHAI.NH,20200312,720.0663,728.6918,729.1466,716.048,730.7731,-10.7068,-0.0147,7412923,7035292
NHAI.NH,20200311,730.7731,734.8565,736.8964,730.6866,734.4836,-3.7105,-0.0051,5678853,7145296
NHAI.NH,20200310,734.4836,730.5234,739.0052,730.5234,729.8307,4.6529,0.0064,6685322,6987549
NHAI.NH,20200309,729.8307,730.1961,734.4896,723.5237,742.3026,-12.4719,-0.0168,7326531,7055195
NHAI.NH,20200306,742.3026,744.6408,745.0844,741.3809,748.6736,-6.371,-0.0085,6241603,7451777
NHAI.NH,20200305,748.6736,745.5771,751.2425,744.4255,744.2203,4.4532,0.006,6999636,7518702
NHAI.NH,20200304,744.2203,741.8304,745.233,739.4367,742.2307,1.9897,0.0027,6371701,7422136
NHAI.NH,20200303,742.2307,745.1165,749.8995,738.856,743.5564,-1.3258,-0.0018,7468224,7436915
NHAI.NH,20200302,743.5564,728.6863,745.4137,728.6863,727.0906,16.4658,0.0226,8342172,7231256
NHAI.NH,20200228,727.0906,742.6112,743.0746,726.865,742.8569,-15.7663,-0.0212,9182076,7054577
NHAI.NH,20200227,742.8569,747.506,749.6389,742.616,748.9045,-6.0477,-0.0081,5945374,7255445
NHAI.NH,20200226,748.9045,752.4276,754.5383,748.7868,754.653,-5.7484,-0.0076,5211670,7177216
NHAI.NH,20200225,754.653,754.7382,755.1121,748.9141,754.7382,-0.0852,-0.0001,5570459,7202856
NHAI.NH,20200224,754.7382,759.4648,760.3113,752.0706,760.0459,-5.3077,-0.007,6190152,7227514
NHAI.NH,20200221,760.0459,758.0477,762.1653,757.8258,758.7501,1.2958,0.0017,5845005,7180735
NHAI.NH,20200220,758.7501,752.9774,758.8897,752.0847,752.8726,5.8775,0.0078,7041568,7163437
NHAI.NH,20200219,752.8726,751.6919,755.2705,751.6404,751.4038,1.4688,0.002,5760927,7263027
NHAI.NH,20200218,751.4038,756.3674,756.9995,750.942,757.6599,-6.2561,-0.0083,5919135,7174450
NHAI.NH,20200217,757.6599,747.1832,758.0247,747.0419,747.007,10.6529,0.0143,6106939,7133992
NHAI.NH,20200214,747.007,751.5765,751.7527,745.9569,752.2306,-5.2236,-0.0069,5705050,6968018
NHAI.NH,20200213,752.2306,752.6275,756.6043,750.0073,751.694,0.5366,0.0007,6662293,6932502
NHAI.NH,20200212,751.694,755.5881,757.2969,748.0369,754.7886,-3.0947,-0.0041,5667426,6857108
NHAI.NH,20200211,754.7886,757.1508,758.7672,753.8806,757.2822,-2.4935,-0.0033,5000138,6832132
NHAI.NH,20200210,757.2822,754.9379,759.2987,754.4885,756.7606,0.5216,0.0007,4972281,6811575
NHAI.NH,20200207,756.7606,754.3442,757.002,752.9025,755.3898,1.3709,0.0018,4138859,6799405
NHAI.NH,20200206,755.3898,750.1766,755.7901,748.9973,748.74,6.6498,0.0089,4859787,6665999
NHAI.NH,20200205,748.74,745.3701,750.8496,745.1835,746.4786,2.2614,0.003,4932823,6399780
NHAI.NH,20200204,746.4786,729.5775,747.1803,729.5775,734.205,12.2737,0.0167,5223569,6285861
NHAI.NH,20200203,734.205,732.3593,740.585,729.5559,767.9675,-33.7625,-0.044,4083206,6278045
NHAI.NH,20200123,767.9675,773.5224,773.5224,763.9816,772.0253,-4.0579,-0.0053,5096143,6750821
NHAI.NH,20200122,772.0253,772.7777,772.7777,765.5763,772.587,-0.5617,-0.0007,5968060,7068796
NHAI.NH,20200121,772.587,779.4952,780.4313,772.1812,779.4619,-6.8749,-0.0088,5820187,7469154
NHAI.NH,20200120,779.4619,780.3374,781.2616,777.4501,781.6636,-2.2017,-0.0028,5079874,7826189
NHAI.NH,20200117,781.6636,779.0075,782.4239,778.4385,779.1335,2.5301,0.0032,4598949,8049026
NHAI.NH,20200116,779.1335,778.5184,780.4326,777.6807,778.6765,0.457,0.0006,6917003,8140243
NHAI.NH,20200115,778.6765,778.485,780.5658,777.6086,778.6758,0.0007,0.0,6334027,8243091
NHAI.NH,20200114,778.6758,781.4974,781.4974,778.0334,781.8566,-3.1809,-0.0041,6181765,8427497
NHAI.NH,20200113,781.8566,785.0457,787.7037,780.9876,784.6772,-2.8206,-0.0036,6642392,8546119
NHAI.NH,20200110,784.6772,783.4994,786.3588,782.1886,783.4711,1.2061,0.0015,7634187,8566718
NHAI.NH,20200109,783.4711,784.1649,787.1016,783.2613,784.446,-0.975,-0.0012,6538354,8568058
NHAI.NH,20200108,784.446,785.782,787.3586,783.4426,786.5717,-2.1256,-0.0027,6153278,8394503
NHAI.NH,20200107,786.5717,780.2238,786.8516,780.2238,780.5507,6.021,0.0077,6068208,8321306
NHAI.NH,20200106,780.5507,783.7199,783.7199,780.0076,783.8474,-3.2968,-0.0042,5901052,8180825
NHAI.NH,20200103,783.8474,788.1806,790.7365,783.6775,787.5336,-3.6862,-0.0047,5999124,8155010
NHAI.NH,20200102,787.5336,786.3533,789.1354,786.3533,787.589,-0.0554,-0.0001,4377365,8136827
NHAI.NH,20191231,787.589,788.1698,788.7411,786.5823,787.1526,0.4364,0.0006,12939842,16092676
NHAI.NH,20191230,787.1526,783.8892,788.0238,783.8892,786.8508,0.3018,0.0004,13634872,16078346
NHAI.NH,20191227,786.8508,784.4132,790.3058,784.4132,783.4237,3.4271,0.0044,12444470,15692976
NHAI.NH,20191226,783.4237,779.8922,783.707,778.693,780.295,3.1287,0.004,8538228,15361994
NHAI.NH,20191225,780.295,780.4286,780.7018,779.1233,780.2557,0.0392,0.0001,6850948,15005060
NHAI.NH,20191224,780.2557,781.8694,782.0851,778.1928,781.5943,-1.3386,-0.0017,9480642,14858174
NHAI.NH,20191223,781.5943,782.4495,784.609,781.4817,782.3647,-0.7704,-0.001,10749882,14872374
NHAI.NH,20191220,782.3647,781.3914,784.5499,781.1566,780.8135,1.5512,0.002,11643442,15068904
NHAI.NH,20191219,780.8135,781.6551,782.7404,780.1235,781.2062,-0.3927,-0.0005,10838098,14988046
NHAI.NH,20191218,781.2062,784.99,785.8541,780.9955,785.2261,-4.02,-0.0051,9992226,14842274
NHAI.NH,20191217,785.2261,784.2429,787.3398,784.2429,784.5029,0.7232,0.0009,9941074,14960222
NHAI.NH,20191216,784.5029,781.0448,784.9685,780.4705,781.8665,2.6365,0.0034,11787434,14848912
NHAI.NH,20191213,781.8665,781.5273,783.4255,780.5699,781.5848,0.2816,0.0004,15572922,14940768
NHAI.NH,20191212,781.5848,782.5786,782.5925,780.4174,783.0936,-1.5088,-0.0019,9650338,14788326
NHAI.NH,20191211,783.0936,782.3428,786.2772,781.4581,782.7842,0.3095,0.0004,11333856,14693314
NHAI.NH,20191210,782.7842,782.2114,784.3785,781.385,781.7773,1.0069,0.0013,13196746,14728016
NHAI.NH,20191209,781.7773,780.1955,784.5575,780.1955,780.0431,1.7342,0.0022,13043084,14691444
NHAI.NH,20191206,780.0431,777.5281,781.5801,776.3047,777.5179,2.5252,0.0032,13014840,14681004
NHAI.NH,20191205,777.5179,776.3622,778.2401,775.1077,775.9274,1.5906,0.0021,12323418,14630600
NHAI.NH,20191204,775.9274,772.8436,776.6599,772.3309,772.8436,3.0837,0.004,11355866,14291910
NHAI.NH,20191203,772.8436,769.3165,772.9274,768.7283,769.3165,3.5271,0.0046,4521630,5968386
NHAI.NH,20191202,769.3165,768.8591,770.0204,767.5704,768.8591,0.4574,0.0006,12175886,14706528
NHAI.NH,20191129,768.8591,765.1675,769.226,764.5349,765.1675,3.6916,0.0048,13153384,13693228
NHAI.NH,20191128,765.1675,765.0799,767.1672,764.1345,765.0799,0.0876,0.0001,11575388,14744184
NHAI.NH,20191127,765.0799,770.3488,770.3097,764.8473,770.3488,-5.2689,-0.0068,11031070,14852834
NHAI.NH,20191126,770.3488,773.3876,772.9556,767.2683,773.3876,-3.0388,-0.0039,15079704,14773020
NHAI.NH,20191125,773.3876,771.4059,776.796,771.0522,771.4059,1.9818,0.0026,12489270,15113086
NHAI.NH,20191122,771.4059,772.7394,772.7394,770.9153,772.7394,-1.3336,-0.0017,8573540,14492282
NHAI.NH,20191121,772.7394,775.9009,775.843,771.4945,775.9009,-3.1614,-0.0041,11791250,14727204
NHAI.NH,20191120,775.9009,768.2557,776.4133,768.4155,768.2557,7.6452,0.01,13531538,15192708
NHAI.NH,20191119,768.2557,767.5176,768.2834,764.7791,767.5176,0.7381,0.001,10466152,15013068
NHAI.NH,20191118,767.5176,769.4559,770.4298,766.3522,769.4559,-1.9383,-0.0025,11800848,14967022
NHAI.NH,20191115,769.4559,770.9518,770.5537,767.3845,770.9518,-1.4959,-0.0019,12655856,14781756
NHAI.NH,20191114,770.9518,775.4745,775.1614,770.7866,775.4745,-4.5227,-0.0058,11232188,14989530
NHAI.NH,20191113,775.4745,776.2512,777.4106,774.2763,776.2512,-0.7767,-0.001,11125270,15018484
NHAI.NH,20191112,776.2512,775.2842,776.2983,771.1575,775.2842,0.9669,0.0012,13213984,14939582
NHAI.NH,20191111,775.2842,777.4997,777.9128,772.1774,777.4997,-2.2155,-0.0028,15665318,15025810
NHAI.NH,20191108,777.4997,775.78,778.5178,775.0888,775.78,1.7197,0.0022,13121528,14915542
NHAI.NH,20191107,775.78,778.3005,779.8881,775.2377,778.3005,-2.5206,-0.0032,15497754,14689252
NHAI.NH,20191106,778.3005,782.7454,783.0836,776.9731,782.7454,-4.4449,-0.0057,14307800,14918040
NHAI.NH,20191105,782.7454,778.5313,782.9757,778.3906,778.5385,4.207,0.0054,12993912,13735652
NHAI.NH,20191104,778.5385,776.2418,779.4218,776.2418,776.2418,2.2966,0.003,11667224,14554266
NHAI.NH,20191101,776.2418,775.0152,776.2431,771.8486,775.0152,1.2266,0.0016,12235062,14289980
NHAI.NH,20191031,775.0152,776.0743,780.4454,774.0516,776.0743,-1.0591,-0.0014,14495488,14222084
NHAI.NH,20191030,776.0743,773.7197,777.7291,773.7197,773.7197,2.3546,0.003,10491008,13869386
NHAI.NH,20191029,773.7197,769.6459,774.923,769.4045,769.6459,4.0738,0.0053,9809194,13592234
NHAI.NH,20191028,769.6459,769.8384,769.9595,766.2414,769.8384,-0.1925,-0.0003,11833468,13395686
NHAI.NH,20191025,769.8384,769.8128,772.8107,768.6572,769.8128,0.0256,0.0,10778766,13305286
NHAI.NH,20191024,769.8128,769.6527,770.0601,767.4316,769.6527,0.1601,0.0002,8936536,13157316
NHAI.NH,20191023,769.6527,767.4442,772.9454,766.4004,767.4442,2.2086,0.0029,10676378,12912028
NHAI.NH,20191022,767.4442,769.1719,769.2939,764.9013,769.5987,-2.1545,-0.0028,9319884,12809130
NHAI.NH,20191021,769.5987,758.2136,769.8501,758.91,758.2136,11.3851,0.015,11243494,12608832
NHAI.NH,20191018,758.2136,755.5064,758.9917,752.8249,755.5064,2.7072,0.0036,10148388,12102350
NHAI.NH,20191017,755.5064,756.1972,757.5074,754.3469,756.1972,-0.6909,-0.0009,7288730,11719462
NHAI.NH,20191016,756.1972,753.9829,758.3254,754.2473,753.9829,2.2144,0.0029,8618542,11690114
NHAI.NH,20191015,753.9829,754.764,755.4901,751.0129,754.764,-0.7812,-0.001,7025334,11180226
NHAI.NH,20191014,754.764,757.5157,757.5157,753.1389,757.5157,-2.7517,-0.0036,9905640,11461624
NHAI.NH,20191011,757.5157,754.6508,758.7242,753.5662,754.6508,2.8649,0.0038,5877294,11230654
NHAI.NH,20191010,754.6508,753.2301,755.0169,752.3833,753.2301,1.4207,0.0019,7371132,10853046
NHAI.NH,20191009,753.2301,749.789,754.439,750.069,749.789,3.4411,0.0046,8758680,10631392
NHAI.NH,20191008,749.789,736.3561,751.0378,736.3561,736.7342,13.0548,0.0177,6168354,9599378
NHAI.NH,20190930,736.7342,739.7009,740.2775,735.0808,739.7009,-2.9667,-0.004,5506858,8348602
NHAI.NH,20190927,739.7009,745.5507,744.5595,738.4175,745.5507,-5.8498,-0.0078,7365504,9470362
NHAI.NH,20190926,745.5507,747.6504,748.0364,742.8027,747.6504,-2.0997,-0.0028,5816206,9055610
NHAI.NH,20190925,747.6504,745.5566,748.8161,744.322,745.5566,2.0938,0.0028,6833574,9255546
NHAI.NH,20190924,745.5566,749.1717,749.4805,744.8593,749.1717,-3.6151,-0.0048,7147740,10466148
NHAI.NH,20190923,749.1717,752.7969,754.1422,746.1593,752.7969,-3.6253,-0.0048,7528034,10591100
NHAI.NH,20190920,752.7969,757.2937,757.2937,752.736,757.2937,-4.4968,-0.0059,7046366,10680898
NHAI.NH,20190919,757.2937,762.2152,762.5533,757.2708,762.2152,-4.9215,-0.0065,6747226,9695240
NHAI.NH,20190918,762.2152,764.4752,764.4752,760.8921,764.4752,-2.26,-0.003,6810436,10709982
NHAI.NH,20190917,764.4752,761.3941,766.4313,761.4933,761.3941,3.0811,0.004,8089860,10697404
NHAI.NH,20190916,761.3941,758.0096,762.1273,758.0096,756.5994,4.7947,0.0063,5827476,10450226
NHAI.NH,20190912,756.5994,759.4585,759.7849,755.6019,759.4585,-2.8591,-0.0038,6609498,9345028
NHAI.NH,20190911,759.4585,760.6028,763.4099,758.3558,760.6028,-1.1443,-0.0015,7360752,9608750
NHAI.NH,20190910,760.6028,760.3852,763.2717,759.6874,760.3852,0.2176,0.0003,6787202,10560282
NHAI.NH,20190909,760.3852,762.8948,762.629,759.6614,762.8948,-2.5096,-0.0033,8471210,10615714
NHAI.NH,20190906,762.8948,766.4706,766.4706,761.1302,766.4706,-3.5758,-0.0047,11370882,10613620
NHAI.NH,20190905,766.4706,776.8778,776.9678,766.356,776.8778,-10.4072,-0.0134,9691310,10865760
NHAI.NH,20190904,776.8778,777.5625,779.8639,776.494,777.5625,-0.6848,-0.0009,9629900,10818146
NHAI.NH,20190903,777.5625,775.9784,779.5934,774.8795,775.9784,1.5841,0.002,6964750,10356304
NHAI.NH,20190902,775.9784,773.9432,780.0272,773.9432,773.9432,2.0352,0.0026,8453948,10615788
NHAI.NH,20190830,773.9432,777.0743,777.617,773.0756,777.0743,-3.1311,-0.004,7755880,10443652
NHAI.NH,20190829,777.0743,776.0581,778.5826,775.4663,776.0581,1.0162,0.0013,6974556,10541262
NHAI.NH,20190828,776.0581,773.2261,776.9742,773.4151,773.2261,2.832,0.0037,7270270,10458598
NHAI.NH,20190827,773.2261,777.834,777.4805,769.8018,777.834,-4.6079,-0.0059,9152984,10397758
NHAI.NH,20190826,777.834,775.8621,781.3184,775.3161,775.8621,1.9719,0.0025,10670468,10764320
NHAI.NH,20190823,775.8621,771.2222,775.9453,769.5337,771.2222,4.6399,0.006,9005874,10635906
NHAI.NH,20190822,771.2222,766.088,771.2561,766.088,766.088,5.1342,0.0067,8276172,10438664
NHAI.NH,20190821,766.088,764.9647,767.2071,762.0137,764.9647,1.1232,0.0015,6957818,9223916
NHAI.NH,20190820,764.9647,763.2518,765.453,761.195,763.2518,1.713,0.0022,6561840,10134844
NHAI.NH,20190819,763.2518,763.4008,764.8288,760.7857,763.4008,-0.149,-0.0002,6519772,10087090
NHAI.NH,20190816,763.4008,765.1393,767.7951,762.9381,765.1393,-1.7386,-0.0023,8283342,10111088
NHAI.NH,20190815,765.1393,766.2374,766.5298,762.9485,766.2374,-1.0981,-0.0014,6340342,9174624
NHAI.NH,20190814,766.2374,770.6742,770.7457,762.9742,770.6742,-4.4368,-0.0058,12819676,10288130
NHAI.NH,20190813,770.6742,768.6142,771.3057,766.9538,768.6142,2.06,0.0027,10606110,10674134
NHAI.NH,20190812,768.6142,766.7496,772.3171,767.551,766.7496,1.8646,0.0024,10074652,10486604
NHAI.NH,20190809,766.7496,763.712,768.596,761.3935,763.712,3.0376,0.004,9658940,9529342
NHAI.NH,20190808,763.712,764.8002,766.2049,762.308,764.8002,-1.0883,-0.0014,8900110,10270530
NHAI.NH,20190807,764.8002,765.9076,766.9063,763.7601,765.9076,-1.1074,-0.0014,7238168,10442612
NHAI.NH,20190806,765.9076,760.291,766.6226,760.1875,760.291,5.6166,0.0074,9606424,10307978
NHAI.NH,20190805,760.291,760.1007,763.4022,759.052,760.1007,0.1903,0.0003,9192062,9302064
NHAI.NH,20190802,760.1007,756.6806,761.2462,754.981,756.6806,3.4201,0.0045,9868416,10234032
NHAI.NH,20190801,756.6806,761.2708,761.2708,756.4481,761.2708,-4.5902,-0.006,6529948,10484182
NHAI.NH,20190731,761.2708,760.0159,762.4896,759.8898,760.0159,1.2548,0.0017,6095650,10375188
NHAI.NH,20190730,760.0159,757.5801,761.9374,757.2278,757.5801,2.4359,0.0032,5422254,9310778
NHAI.NH,20190729,757.5801,757.5801,759.6915,756.3398,758.5508,-0.9707,-0.0013,6352568,9426894
NHAI.NH,20190726,758.5508,759.9644,759.871,755.7231,759.9644,-1.4136,-0.0019,6078400,9395336
NHAI.NH,20190725,759.9644,759.8363,760.7277,758.8232,759.8363,0.1281,0.0002,6642020,10463052
NHAI.NH,20190724,759.8363,756.8422,760.5408,754.7304,756.8422,2.9941,0.004,8891628,10551170
NHAI.NH,20190723,756.8422,759.6953,762.7022,756.2123,759.6953,-2.853,-0.0038,6703632,10596896
NHAI.NH,20190722,759.6953,762.9288,763.7032,758.7663,762.6943,-2.999,-0.0039,8325504,10669480
NHAI.NH,20190719,762.6943,763.8028,764.1134,759.6905,763.8028,-1.1085,-0.0015,6224890,10624408
NHAI.NH,20190718,763.8028,763.6906,765.429,762.7845,763.6906,0.1122,0.0001,6903720,9689340
NHAI.NH,20190717,763.6906,764.9841,767.1431,762.9741,764.9841,-1.2935,-0.0017,6865996,10641006
NHAI.NH,20190716,764.9841,768.78,768.6312,762.4626,768.78,-3.7958,-0.0049,6809620,10630490
NHAI.NH,20190715,768.78,762.3934,769.4404,761.5942,762.3934,6.3865,0.0084,8777422,10636722
NHAI.NH,20190712,762.3934,761.1118,763.7477,758.5106,761.1118,1.2816,0.0017,7276246,10569980
NHAI.NH,20190711,761.1118,760.4701,763.1392,757.229,760.4701,0.6417,0.0008,7260340,10577740
NHAI.NH,20190710,760.4701,759.7842,761.8085,758.176,759.7842,0.6859,0.0009,8160498,10584382
NHAI.NH,20190709,759.7842,765.3342,765.5317,755.4887,765.3342,-5.5501,-0.0073,9828922,10817154
NHAI.NH,20190708,765.3342,762.8035,767.0486,762.8035,762.8035,2.5307,0.0033,8425772,10795302
NHAI.NH,20190705,762.8035,758.0411,762.8754,758.2961,757.505,5.2985,0.007,7906374,10766336
NHAI.NH,20190704,757.505,754.436,760.5821,754.8848,754.436,3.069,0.0041,5546158,10639776
NHAI.NH,20190703,754.436,756.3302,756.0383,751.2672,756.3302,-1.8942,-0.0025,7447522,10572524
NHAI.NH,20190702,756.3302,758.9747,759.0093,753.5538,758.9747,-2.6445,-0.0035,7071030,9677106
NHAI.NH,20190701,758.9747,761.0297,762.5092,754.6827,761.0297,-2.055,-0.0027,12124660,10487042
NHAI.NH,20190628,761.0297,761.3862,765.1606,760.8643,761.3862,-0.3565,-0.0005,8040496,10514046
NHAI.NH,20190627,761.3862,759.0736,763.9917,758.0544,759.0736,2.3126,0.003,8090000,10529142
NHAI.NH,20190626,759.0736,761.8264,761.8264,757.9162,761.8264,-2.7527,-0.0036,7687024,9696434
NHAI.NH,20190625,761.8264,760.6558,762.3873,759.3689,760.9402,0.8862,0.0012,8064230,10665894
NHAI.NH,20190624,760.9402,760.6558,762.6755,758.3159,760.6558,0.2844,0.0004,8800552,10633074
NHAI.NH,20190621,760.6558,757.9219,762.569,757.6897,757.9219,2.7339,0.0036,10243888,10404852
NHAI.NH,20190620,757.9219,760.1354,761.1311,755.9816,760.1354,-2.2135,-0.0029,7489900,10356446
NHAI.NH,20190619,760.1354,761.8204,762.8092,756.6339,761.8204,-1.685,-0.0022,11433806,10374270
NHAI.NH,20190618,761.8204,768.7311,768.6962,761.1742,768.7311,-6.9107,-0.009,7993626,10464892
NHAI.NH,20190617,768.7311,765.2474,770.2018,764.9872,765.2474,3.4837,0.0046,9896072,10473308
NHAI.NH,20190614,765.2474,768.7909,771.3347,765.0153,768.7909,-3.5435,-0.0046,8510036,10324042
NHAI.NH,20190613,768.7909,757.6668,771.1136,757.9797,757.6668,11.1241,0.0147,13198648,10258320
NHAI.NH,20190612,757.6668,761.0945,760.5587,754.8356,761.0945,-3.4277,-0.0045,10365296,10149084
NHAI.NH,20190611,761.0945,756.7737,761.8183,757.8101,756.7737,4.3208,0.0057,8481572,10093594
NHAI.NH,20190610,756.7737,751.842,759.1794,751.842,757.5009,-0.7271,-0.001,4894830,9989878
NHAI.NH,20190606,757.5009,772.1484,770.7976,753.7002,772.1484,-14.6476,-0.019,13238038,9925408
NHAI.NH,20190605,772.1484,776.273,777.0339,771.9535,776.273,-4.1246,-0.0053,10602942,10282504
NHAI.NH,20190604,776.273,769.3922,779.3866,770.3057,769.3922,6.8808,0.0089,16139040,10272038
NHAI.NH,20190603,769.3922,776.163,776.1884,766.5785,776.163,-6.7708,-0.0087,12663992,9935152
NHAI.NH,20190531,776.163,775.6652,779.6069,774.6384,775.6652,0.4977,0.0006,8215668,8850228
NHAI.NH,20190530,775.6652,786.2985,786.2985,773.5158,786.2985,-10.6332,-0.0135,11294046,8911290
NHAI.NH,20190529,786.2985,771.6047,789.5795,771.6047,771.6047,14.6938,0.019,11154162,9403446
NHAI.NH,20190528,771.6047,769.0228,771.7515,768.6764,769.0228,2.5819,0.0034,6640362,9117936
NHAI.NH,20190527,769.0228,762.724,771.4306,762.724,762.724,6.2988,0.0083,9109836,9141634
NHAI.NH,20190524,762.724,760.4457,763.6746,760.0477,760.4457,2.2783,0.003,5866634,8960186
NHAI.NH,20190523,760.4457,763.3924,765.0194,759.8894,763.3924,-2.9467,-0.0039,9225094,9126024
NHAI.NH,20190522,763.3924,774.799,774.799,759.377,774.799,-11.4066,-0.0147,10687342,9181036
NHAI.NH,20190521,774.799,769.6253,776.3853,769.6253,769.6253,5.1737,0.0067,8050708,9218466
NHAI.NH,20190520,769.6253,769.0184,772.6166,768.7504,769.0184,0.6069,0.0008,7460292,9152116
NHAI.NH,20190517,769.0184,770.7327,773.0128,768.663,770.7327,-1.7143,-0.0022,7185136,9031744
NHAI.NH,20190516,770.7327,763.8475,773.4429,763.8475,763.8475,6.8852,0.009,9092202,9019952
NHAI.NH,20190515,763.8475,757.4786,763.8527,757.4786,757.4786,6.369,0.0084,6061770,8813768
NHAI.NH,20190514,757.4786,760.4491,763.4123,756.0898,760.4491,-2.9705,-0.0039,8462170,8729792
NHAI.NH,20190513,760.4491,761.8323,763.8793,757.6865,761.8323,-1.3832,-0.0018,6791316,8862202
NHAI.NH,20190510,761.8323,764.6212,765.1976,758.5471,764.6212,-2.7889,-0.0036,8823158,8664744
NHAI.NH,20190509,764.6212,756.8366,766.48,756.8366,756.8366,7.7846,0.0103,8791850,8767996
NHAI.NH,20190508,756.8366,758.1523,758.8088,756.382,758.1523,-1.3157,-0.0017,4451034,8652108
NHAI.NH,20190507,758.1523,752.4923,758.1523,752.4923,752.4923,5.66,0.0075,5682282,8611694
NHAI.NH,20190506,752.4923,753.6671,756.0862,749.2562,754.9332,-2.4409,-0.0032,5277874,8637910
NHAI.NH,20190430,754.9332,755.069,755.3538,751.3886,755.069,-0.1357,-0.0002,5421656,8939174
NHAI.NH,20190429,755.069,754.4983,756.5913,754.4983,754.4983,0.5707,0.0008,4342136,9377478
NHAI.NH,20190426,754.4983,761.533,761.533,752.942,761.533,-7.0347,-0.0092,6901112,9579686
NHAI.NH,20190425,761.533,765.616,765.7343,761.1237,765.616,-4.083,-0.0053,6249642,9796766
NHAI.NH,20190424,765.616,769.2188,769.2188,764.2369,769.2188,-3.6027,-0.0047,6580082,9760018
NHAI.NH,20190423,769.2188,769.736,770.6043,768.4409,769.736,-0.5172,-0.0007,4806214,9840742
NHAI.NH,20190422,769.736,768.9147,772.6489,768.9147,768.9147,0.8213,0.0011,6733296,9865128
NHAI.NH,20190419,768.9147,765.6749,771.3519,765.6749,765.6749,3.2398,0.0042,6689102,9692072
NHAI.NH,20190418,765.6749,771.493,771.493,765.2539,771.493,-5.8182,-0.0075,6870714,10003050
NHAI.NH,20190417,771.493,772.977,772.977,770.6307,772.977,-1.484,-0.0019,5654356,10115326
NHAI.NH,20190416,772.977,775.3083,775.3083,771.0964,775.3083,-2.3313,-0.003,7227748,10160956
NHAI.NH,20190415,775.3083,769.374,777.0629,769.374,769.374,5.9343,0.0077,8963360,10255088
NHAI.NH,20190412,769.374,768.7369,769.4757,765.7369,768.7369,0.637,0.0008,6432728,9990038
NHAI.NH,20190411,768.7369,768.605,771.5463,767.7518,768.605,0.132,0.0002,6104476,9829334
NHAI.NH,20190410,768.605,766.6917,770.8366,766.3031,766.6917,1.9133,0.0025,6510584,9790720
NHAI.NH,20190409,766.6917,767.5753,767.5753,763.8354,767.5753,-0.8836,-0.0012,5703308,9572926
NHAI.NH,20190408,767.5753,767.6158,769.9353,766.856,766.5327,1.0426,0.0014,4359790,9629130
NHAI.NH,20190404,766.5327,764.5858,766.7357,763.0834,764.5858,1.9469,0.0025,5791616,9730376
NHAI.NH,20190403,764.5858,761.8914,765.0243,761.8914,761.8914,2.6945,0.0035,5700748,9818392
NHAI.NH,20190402,761.8914,756.833,762.283,756.833,756.833,5.0584,0.0067,6003522,9788274
NHAI.NH,20190401,756.833,754.3441,757.7388,754.3441,754.3441,2.4889,0.0033,4621880,9929076
NHAI.NH,20190329,754.3441,756.6082,757.3574,754.0214,756.6082,-2.264,-0.003,5267678,9973746
NHAI.NH,20190328,756.6082,764.9247,764.9247,755.6859,764.9247,-8.3165,-0.0109,6031934,10006484
NHAI.NH,20190327,764.9247,764.5829,766.4045,764.4516,764.5829,0.3418,0.0004,4401210,9934282
NHAI.NH,20190326,764.5829,764.0179,766.6661,764.0179,764.0179,0.565,0.0007,3953436,9919238
NHAI.NH,20190325,764.0179,767.5188,767.5188,763.4611,767.5188,-3.5009,-0.0046,4414852,9954660
NHAI.NH,20190322,767.5188,768.8787,768.8787,766.464,768.8787,-1.3599,-0.0018,5601024,9931818
NHAI.NH,20190321,768.8787,769.1753,770.3134,767.7039,769.1753,-0.2966,-0.0004,3786524,9896050
NHAI.NH,20190320,769.1753,769.3562,769.3562,766.9559,769.3562,-0.1809,-0.0002,5421830,9823566
NHAI.NH,20190319,769.3562,772.2755,772.6055,768.9127,772.2755,-2.9193,-0.0038,4621288,9717662
NHAI.NH,20190318,772.2755,770.6378,774.4325,770.6378,770.6378,1.6377,0.0021,5233616,9512776
NHAI.NH,20190315,770.6378,771.2628,771.3769,768.093,771.2628,-0.6249,-0.0008,5405356,9485994
NHAI.NH,20190314,771.2628,769.7747,775.1339,769.7747,769.7747,1.488,0.0019,7324208,9538698
NHAI.NH,20190313,769.7747,771.0122,775.3294,769.3053,771.0122,-1.2374,-0.0016,5700674,9565318
NHAI.NH,20190312,771.0122,774.2884,774.5851,770.0903,774.2884,-3.2762,-0.0042,6038690,9488550
NHAI.NH,20190311,774.2884,772.1236,774.7367,772.1236,772.1236,2.1648,0.0028,5814450,9490894
NHAI.NH,20190308,772.1236,773.385,773.385,770.7578,773.385,-1.2614,-0.0016,6065592,9411344
NHAI.NH,20190307,773.385,773.9733,774.8979,771.3569,773.9733,-0.5883,-0.0008,6900080,9417676
NHAI.NH,20190306,773.9733,771.0809,776.0735,771.0809,771.0809,2.8925,0.0038,6539456,9574210
NHAI.NH,20190305,771.0809,770.3829,772.7601,769.2846,770.3829,0.6979,0.0009,5186132,9484328
NHAI.NH,20190304,770.3829,772.8779,776.124,769.8655,772.8779,-2.4949,-0.0032,6880846,9425748
NHAI.NH,20190301,772.8779,766.2991,773.3858,766.2991,766.2991,6.5788,0.0086,8244398,9135732
NHAI.NH,20190228,766.2991,763.0976,766.3099,763.0976,763.0976,3.2015,0.0042,4718460,9195554
NHAI.NH,20190227,763.0976,766.7747,766.9429,762.718,766.7747,-3.6771,-0.0048,5200228,9113990
NHAI.NH,20190226,766.7747,771.2973,771.8773,766.3635,771.2973,-4.5226,-0.0059,6429716,8828572
NHAI.NH,20190225,771.2973,776.0889,776.0889,770.4612,776.0889,-4.7916,-0.0062,5837844,8713306
NHAI.NH,20190222,776.0889,772.6297,776.8633,772.6297,772.6297,3.4592,0.0045,4678390,8637446
NHAI.NH,20190221,772.6297,772.7504,775.6258,771.932,772.7504,-0.1207,-0.0002,4281086,8459386
NHAI.NH,20190220,772.7504,780.2215,780.2215,772.1228,780.2215,-7.4711,-0.0096,5778996,8336496
NHAI.NH,20190219,780.2215,775.5071,780.3967,775.5071,775.5071,4.7144,0.0061,4038342,8003418
NHAI.NH,20190218,775.5071,774.0656,778.3552,774.0656,774.0656,1.4415,0.0019,4361102,7833620
NHAI.NH,20190215,774.0656,777.8593,777.8593,773.9234,777.8593,-3.7936,-0.0049,3901394,7695198
NHAI.NH,20190214,777.8593,782.3167,782.3167,777.3234,782.3167,-4.4574,-0.0057,4679360,7746778
NHAI.NH,20190213,782.3167,784.3981,784.3981,780.5508,784.3981,-2.0815,-0.0027,3984970,7694952
NHAI.NH,20190212,784.3981,785.0964,785.5757,782.7304,785.0964,-0.6982,-0.0009,4186790,7714380
NHAI.NH,20190211,785.0964,780.819,786.2798,777.7618,779.5433,5.553,0.0071,3418224,7389158
NHAI.NH,20190201,779.5433,778.6578,780.5969,777.7083,778.6578,0.8856,0.0011,3793390,7226942
NHAI.NH,20190131,778.6578,776.6701,779.4227,775.4741,776.6701,1.9877,0.0026,3460566,7437880
NHAI.NH,20190130,776.6701,778.5504,778.5504,775.7603,778.5504,-1.8803,-0.0024,3316142,7728760
NHAI.NH,20190129,778.5504,779.3658,779.6696,777.188,779.3658,-0.8154,-0.001,4044128,7858278
NHAI.NH,20190128,779.3658,777.3873,781.8084,777.0336,777.3873,1.9785,0.0025,3788688,7875770
NHAI.NH,20190125,777.3873,776.5148,778.7944,775.4642,776.5148,0.8725,0.0011,4535404,7872020
NHAI.NH,20190124,776.5148,774.5328,777.5631,773.682,774.5328,1.982,0.0026,4053328,8006588
NHAI.NH,20190123,774.5328,773.6522,775.3691,772.155,773.6522,0.8806,0.0011,4413744,8000214
NHAI.NH,20190122,773.6522,777.0732,778.4119,771.462,777.0732,-3.421,-0.0044,5333100,7969936
NHAI.NH,20190121,777.0732,766.3397,777.9334,766.3397,766.3397,10.7335,0.014,5897806,8055006
NHAI.NH,20190118,766.3397,759.4842,766.4747,759.4346,759.4842,6.8555,0.009,4649738,8051168
NHAI.NH,20190117,759.4842,760.8383,762.0517,758.6827,760.8383,-1.3541,-0.0018,4222482,8061038
NHAI.NH,20190116,760.8383,761.6805,762.4465,757.0529,761.6805,-0.8422,-0.0011,5712324,7872274
NHAI.NH,20190115,761.6805,760.6801,762.4027,759.9467,760.6801,1.0004,0.0013,3254212,7587142
NHAI.NH,20190114,760.6801,765.9647,765.9647,760.1711,765.9647,-5.2847,-0.0069,5196238,7539480
NHAI.NH,20190111,765.9647,770.3295,770.3295,765.1356,770.3295,-4.3648,-0.0057,3681502,7287706
NHAI.NH,20190110,770.3295,772.9581,774.5516,770.2078,772.9581,-2.6285,-0.0034,3964914,7143496
NHAI.NH,20190109,772.9581,772.4418,773.9564,770.5829,772.4418,0.5162,0.0007,3193232,7107254
NHAI.NH,20190108,772.4418,771.3015,773.4532,768.9971,771.3015,1.1403,0.0015,3983314,7089912
NHAI.NH,20190107,771.3015,770.5233,772.8815,768.5148,770.5233,0.7782,0.001,3923422,6930834
NHAI.NH,20190104,770.5233,766.6582,770.6173,766.6582,766.6582,3.8651,0.005,3797362,6924938
NHAI.NH,20190103,766.6582,763.7031,767.1754,763.2571,763.7031,2.9551,0.0039,3243230,6903258
NHAI.NH,20190102,763.7031,758.4207,763.8815,758.4207,758.959,4.7441,0.0063,2314926,6919896
NHMI.NH,20260430,7402.27,7392.75,7416.57,7362.27,7407.17,-4.9,-0.0007,4471839,7672542
NHMI.NH,20260429,7407.17,7359.23,7409.74,7349.39,7374.36,32.81,0.0044,4281040,7666838
NHMI.NH,20260428,7374.36,7424.67,7424.67,7336.48,7426.29,-51.93,-0.007,5272790,7690328
NHMI.NH,20260427,7426.29,7379.34,7453.2,7379.34,7369.6,56.69,0.0077,5464266,7831203
NHMI.NH,20260424,7369.6,7368.38,7398.29,7364.47,7356.25,13.35,0.0018,4267961,7856893
NHMI.NH,20260423,7356.25,7368.86,7407.59,7326.32,7361.85,-5.6,-0.0008,4675316,7762218
NHMI.NH,20260422,7361.85,7339.7,7371.38,7326.49,7325.58,36.27,0.005,3603601,7754346
NHMI.NH,20260421,7325.58,7350.17,7368.46,7309.1,7354.37,-28.79,-0.0039,4458546,7748250
NHMI.NH,20260420,7354.37,7348.34,7364.63,7280.51,7338.9,15.47,0.0021,5708529,7819776
NHMI.NH,20260417,7338.9,7322.77,7340.59,7298.48,7336.1,2.8,0.0004,4189336,7843148
NHMI.NH,20260416,7336.1,7245.57,7338.8,7245.57,7243.21,92.89,0.0128,5038674,7815883
NHMI.NH,20260415,7243.21,7212.62,7260.14,7207.95,7205.54,37.67,0.0052,4260978,7861676
NHMI.NH,20260414,7205.54,7175.63,7218.17,7155.47,7161.19,44.35,0.0062,3987893,7820740
NHMI.NH,20260413,7161.19,7110.48,7162.49,7087.27,7088.03,73.16,0.0103,4415383,7724761
NHMI.NH,20260410,7088.03,7067.4,7107.8,7062.31,7061.4,26.63,0.0038,3655035,7643166
NHMI.NH,20260409,7061.4,7140.76,7144.25,7057.23,7138.88,-77.48,-0.0109,3890534,7576284
NHMI.NH,20260408,7138.88,7106.01,7145.19,7072.56,7104.91,33.97,0.0048,4284321,7464614
NHMI.NH,20260407,7104.91,7126.95,7150.38,7101.29,7125.11,-20.2,-0.0028,2875210,7428349
NHMI.NH,20260403,7125.11,7134.73,7161.95,7119.55,7137.88,-12.77,-0.0018,3742328,7293665
NHMI.NH,20260402,7137.88,7176.88,7163.96,7125.16,7176.09,-38.21,-0.0053,5217286,7292317
NHMI.NH,20260401,7176.09,7176.39,7222.87,7165.13,7157.68,18.41,0.0026,4382988,7218748
NHMI.NH,20260331,7157.68,7244.35,7251.02,7157.46,7243.02,-85.34,-0.0118,4904641,7227072
NHMI.NH,20260330,7243.02,7172.95,7249.92,7166.96,7194.1,48.92,0.0068,4802524,7267328
NHMI.NH,20260327,7194.1,7138.12,7206.98,7125.87,7138.86,55.24,0.0077,4751148,7241794
NHMI.NH,20260326,7138.86,7177.22,7185.9,7120.07,7147.01,-8.15,-0.0011,4306739,7226644
NHMI.NH,20260325,7147.01,7116.96,7184.74,7112.01,7123.66,23.35,0.0033,5574548,7253759
NHMI.NH,20260324,7123.66,7137.26,7172.91,7101.19,7069.79,53.87,0.0076,6286746,7272252
NHMI.NH,20260323,7069.79,7091.16,7111.45,7036.64,7091.47,-21.68,-0.0031,7209646,7345292
NHMI.NH,20260320,7091.47,6963.37,7159.86,6958.14,7059.05,32.42,0.0046,8110670,7347667
NHMI.NH,20260319,7059.05,7184.11,7185.06,7027.11,7204.39,-145.34,-0.0202,5635218,7296110
NHMI.NH,20260318,7204.39,7267.98,7276.45,7179.66,7265.62,-61.23,-0.0084,5263060,7424211
NHMI.NH,20260317,7265.62,7262.53,7315.71,7247.97,7253.82,11.8,0.0016,5110845,7424670
NHMI.NH,20260316,7253.82,7240.26,7263.83,7193.48,7258.94,-5.12,-0.0007,5261753,7464179
NHMI.NH,20260313,7258.94,7322.35,7331.18,7247.34,7261.75,-2.81,-0.0004,5487454,7518265
NHMI.NH,20260312,7261.75,7224.28,7294.18,7212.27,7238.22,23.53,0.0033,4948425,7576438
NHMI.NH,20260311,7238.22,7231.69,7262.43,7224.04,7230.19,8.03,0.0011,4006535,7580602
NHMI.NH,20260310,7230.19,7214.75,7262.27,7201.77,7216.83,13.36,0.0019,5562274,7514610
NHMI.NH,20260309,7216.83,7180.23,7280.91,7167.98,7179.37,37.46,0.0052,9673952,7574008
NHMI.NH,20260306,7179.37,7134.34,7194.64,7103.35,7144.79,34.58,0.0048,4792124,7668975
NHMI.NH,20260305,7144.79,7169.59,7235.39,7110.78,7147.51,-2.72,-0.0004,6138885,7723845
NHMI.NH,20260304,7147.51,7091.57,7170.85,7069.4,7110.81,36.7,0.0052,5897547,7717534
NHMI.NH,20260303,7110.81,7229.65,7238.51,7074.85,7246.75,-135.94,-0.0188,6750867,7748772
NHMI.NH,20260302,7246.75,7227.99,7252.27,7150.14,7225.54,21.21,0.0029,6336894,7873120
NHMI.NH,20260227,7225.54,7161.93,7228.7,7127.94,7173.93,51.61,0.0072,5752910,7841997
NHMI.NH,20260226,7173.93,7183.45,7219.83,7146.66,7188.37,-14.44,-0.002,5433609,7744703
NHMI.NH,20260225,7188.37,7076.5,7211.54,7075.06,7073.28,115.09,0.0163,4888239,7729092
NHMI.NH,20260224,7073.28,7047.1,7102.08,7036.51,7011.05,62.23,0.0089,3441835,7617861
NHMI.NH,20260213,7011.05,7093.5,7106.52,6994.77,7110.74,-99.69,-0.014,4365666,7308969
NHMI.NH,20260212,7110.74,7163.57,7163.57,7100.73,7126.36,-15.62,-0.0022,3752982,7495199
NHMI.NH,20260211,7126.36,7030.73,7134.25,7025.97,7036.28,90.08,0.0128,4120854,7598819
NHMI.NH,20260210,7036.28,7065.97,7075.97,7027.66,7057.45,-21.17,-0.003,3575033,7641239
NHMI.NH,20260209,7057.45,7013.76,7083.09,6980.06,6981.69,75.76,0.0109,5386150,7627951
NHMI.NH,20260206,6981.69,7014.39,7051.18,6931.45,7037.01,-55.32,-0.0079,6802956,7527042
NHMI.NH,20260205,7037.01,7172.21,7189.21,7002.97,7202.58,-165.57,-0.023,6367009,7515712
NHMI.NH,20260204,7202.58,7169.8,7226.13,7160.76,7150.53,52.05,0.0073,5369988,7568367
NHMI.NH,20260203,7150.53,7072.93,7166.9,7039.13,6982.18,168.35,0.0241,7725813,7517393
NHMI.NH,20260202,6982.18,7240.34,7294.44,6975.48,7258.81,-276.63,-0.0381,9507598,7477724
NHMI.NH,20260130,7258.81,7521.24,7617.89,7232.3,7488.48,-229.67,-0.0307,11367461,7726328
NHMI.NH,20260129,7488.48,7342.97,7534.08,7315.53,7348.82,139.66,0.019,9103380,8069894
NHMI.NH,20260128,7348.82,7316.59,7356.65,7243.28,7322.68,26.14,0.0036,7918497,8098775
NHMI.NH,20260127,7322.68,7320.29,7340.1,7253.46,7269.46,53.22,0.0073,6163900,8071767
NHMI.NH,20260126,7269.46,7358.98,7419.85,7266.95,7318.26,-48.8,-0.0067,8013826,8176171
NHMI.NH,20260123,7318.26,7186.25,7334.73,7175.95,7211.98,106.28,0.0147,6404252,8287327
NHMI.NH,20260122,7211.98,7202.23,7225.54,7156.5,7212.16,-0.18,0.0,5855147,8272903
NHMI.NH,20260121,7212.16,7179.8,7238.34,7106.75,7170.98,41.18,0.0057,6187031,8268141
NHMI.NH,20260120,7170.98,7174.05,7213.88,7126.98,7179.57,-8.59,-0.0012,6625584,8214092
NHMI.NH,20260119,7179.57,7207.33,7224.5,7140.62,7218.64,-39.07,-0.0054,6940197,8144890
NHMI.NH,20260116,7218.64,7346.54,7387.14,7196.34,7349.16,-130.52,-0.0178,9866219,8241556
NHMI.NH,20260115,7349.16,7347.06,7421.77,7276.85,7319.7,29.46,0.004,10085916,8357463
NHMI.NH,20260114,7319.7,7282.29,7387.09,7278.13,7246.91,72.79,0.01,8365422,8349268
NHMI.NH,20260113,7246.91,7326.24,7363.55,7217.67,7304.37,-57.46,-0.0079,9565071,8386281
NHMI.NH,20260112,7304.37,7193.39,7309.76,7181.29,7168.35,136.02,0.019,7490636,8533436
NHMI.NH,20260109,7168.35,7157.06,7190.11,7061.3,7138.95,29.4,0.0041,9141690,8388810
NHMI.NH,20260108,7138.95,7293.87,7320.37,7073.78,7311.59,-172.64,-0.0236,11635320,8419298
NHMI.NH,20260107,7311.59,7174.38,7326.58,7174.38,7164.63,146.96,0.0205,12012473,8424134
NHMI.NH,20260106,7164.63,6991.22,7171.53,6979.75,7004.16,160.47,0.0229,7563737,8109038
NHMI.NH,20260105,7004.16,6906.41,7009.42,6906.41,6902.02,102.14,0.0148,4953464,7829962
NHMI.NH,20251231,6902.02,6910.27,6937.66,6861.03,6894.27,7.75,0.0011,7086711,7529221
NHMI.NH,20251230,6894.27,6839.65,6927.21,6806.81,6866.03,28.24,0.0041,7584076,7785680
NHMI.NH,20251229,6866.03,6866.55,6990.49,6837.54,6870.35,-4.32,-0.0006,10119930,7812526
NHMI.NH,20251226,6870.35,6795.69,6892.49,6791.87,6792.24,78.11,0.0115,7894461,7872756
NHMI.NH,20251225,6792.24,6816.95,6818.86,6725.71,6823.77,-31.53,-0.0046,5995297,7983198
NHMI.NH,20251224,6823.77,6769.96,6831.56,6712.05,6743.95,79.82,0.0118,7592143,8045951
NHMI.NH,20251223,6743.95,6705.5,6745.21,6703.17,6723.72,20.23,0.003,5566150,8047237
NHMI.NH,20251222,6723.72,6677.99,6723.79,6665.44,6672.06,51.66,0.0077,6395024,8095159
NHMI.NH,20251219,6672.06,6618.96,6676.59,6605.32,6617.3,54.76,0.0083,5763383,8009517
NHMI.NH,20251218,6617.3,6589.19,6645.52,6587.14,6585.95,31.35,0.0048,6071232,8026654
NHMI.NH,20251217,6585.95,6528.04,6596.7,6517.35,6523.73,62.22,0.0095,5095888,8044374
NHMI.NH,20251216,6523.73,6566.51,6567.76,6502.37,6551.05,-27.32,-0.0042,5233330,8125243
NHMI.NH,20251215,6551.05,6543.53,6593.03,6506.07,6580.25,-29.2,-0.0044,7408686,8161826
NHMI.NH,20251212,6580.25,6550.45,6598.74,6550.01,6532.58,47.67,0.0073,5690796,8273136
NHMI.NH,20251211,6532.58,6571.6,6591.9,6520.68,6569.77,-37.19,-0.0057,5659224,8299134
NHMI.NH,20251210,6569.77,6529.83,6602.77,6507.7,6517.48,52.29,0.008,6277474,8240404
NHMI.NH,20251209,6517.48,6591.31,6593.31,6501.82,6601.24,-83.76,-0.0127,5868839,8344089
NHMI.NH,20251208,6601.24,6599.36,6609.6,6564.57,6612.13,-10.89,-0.0016,6395499,8435199
NHMI.NH,20251205,6612.13,6598.25,6620.63,6587.48,6604.95,7.18,0.0011,5324756,8511073
NHMI.NH,20251204,6604.95,6585.3,6613.31,6577.29,6573.5,31.45,0.0048,5953704,8421060
NHMI.NH,20251203,6573.5,6573.38,6585.09,6554.38,6573.12,0.38,0.0001,4856820,8293325
NHMI.NH,20251202,6573.12,6580.3,6589.01,6549.49,6577.54,-4.42,-0.0007,4628107,8272834
NHMI.NH,20251201,6577.54,6503.67,6583.36,6492.24,6500.08,77.46,0.0119,6566371,8214207
NHMI.NH,20251128,6500.08,6484.74,6505.28,6469.56,6491.71,8.37,0.0013,4967527,8174277
NHMI.NH,20251127,6491.71,6498.59,6500.09,6478.15,6486.92,4.79,0.0007,5020665,8155164
NHMI.NH,20251126,6486.92,6485.76,6507.72,6480.14,6482.03,4.89,0.0008,5381008,8162916
NHMI.NH,20251125,6482.03,6449.72,6493.87,6446.7,6444.05,37.98,0.0059,5176854,8150128
NHMI.NH,20251124,6444.05,6407.16,6478.12,6399.17,6404.75,39.3,0.0061,5930695,8127537
NHMI.NH,20251121,6404.75,6457.05,6474.46,6401.46,6446.68,-41.93,-0.0065,6144863,8240490
NHMI.NH,20251120,6446.68,6475.09,6478.42,6440.61,6469.13,-22.45,-0.0035,6832530,8394475
NHMI.NH,20251119,6469.13,6449.66,6490.83,6446.08,6451.4,17.73,0.0027,6364502,8407594
NHMI.NH,20251118,6451.4,6492.67,6493.13,6430.61,6497.29,-45.89,-0.0071,6335430,8220485
NHMI.NH,20251117,6497.29,6433.89,6505.72,6418.34,6446.27,51.02,0.0079,6897944,8326611
NHMI.NH,20251114,6446.27,6487.93,6498.78,6439.87,6485.99,-39.72,-0.0061,4790704,8411168
NHMI.NH,20251113,6485.99,6457.88,6497.5,6449.94,6457.13,28.86,0.0045,5486167,8433594
NHMI.NH,20251112,6457.13,6424.66,6465.65,6422.35,6427.72,29.41,0.0046,5045966,8336766
NHMI.NH,20251111,6427.72,6451.35,6454.5,6415.61,6446.77,-19.05,-0.003,4430297,8280233
NHMI.NH,20251110,6446.77,6406.43,6452.97,6395.31,6399.37,47.4,0.0074,5558115,8246719
NHMI.NH,20251107,6399.37,6434.4,6435.05,6386.3,6430.0,-30.63,-0.0048,4364544,8188545
NHMI.NH,20251106,6430.0,6392.23,6436.06,6381.09,6399.5,30.5,0.0048,4099817,8113226
NHMI.NH,20251105,6399.5,6394.15,6408.72,6360.52,6406.24,-6.74,-0.0011,4619488,8005840
NHMI.NH,20251104,6406.24,6479.15,6479.15,6396.81,6476.41,-70.17,-0.0108,5013157,7902103
NHMI.NH,20251103,6476.41,6493.26,6502.69,6449.85,6485.9,-9.49,-0.0015,4649668,7866233
NHMI.NH,20251031,6485.9,6498.9,6525.81,6476.38,6515.93,-30.03,-0.0046,5233976,7709187
NHMI.NH,20251030,6515.93,6561.54,6571.9,6501.47,6556.67,-40.74,-0.0062,5532678,7777413
NHMI.NH,20251029,6556.67,6481.37,6563.6,6481.12,6471.32,85.35,0.0132,5039191,7698369
NHMI.NH,20251028,6471.32,6502.99,6517.23,6468.31,6508.56,-37.24,-0.0057,5324437,7696604
NHMI.NH,20251027,6508.56,6426.82,6510.27,6426.38,6439.19,69.37,0.0108,5453824,7776680
NHMI.NH,20251024,6439.19,6447.18,6450.99,6401.28,6433.7,5.49,0.0009,4872456,7825103
NHMI.NH,20251023,6433.7,6401.01,6434.1,6391.49,6400.1,33.6,0.0053,3928019,7662267
NHMI.NH,20251022,6400.1,6377.31,6401.92,6362.61,6372.97,27.13,0.0043,3519948,7575130
NHMI.NH,20251021,6372.97,6358.6,6400.05,6348.53,6357.97,15.0,0.0024,3543793,7543133
NHMI.NH,20251020,6357.97,6351.45,6388.2,6345.9,6349.75,8.22,0.0013,4159017,7577962
NHMI.NH,20251017,6349.75,6364.71,6382.36,6339.92,6369.86,-20.11,-0.0032,4192365,7548055
NHMI.NH,20251016,6369.86,6364.86,6371.17,6333.49,6368.06,1.8,0.0003,4158280,7547080
NHMI.NH,20251015,6368.06,6360.07,6394.43,6342.91,6364.98,3.08,0.0005,4063382,7498077
NHMI.NH,20251014,6364.98,6439.59,6452.55,6346.88,6423.15,-58.17,-0.0091,4789316,7379361
NHMI.NH,20251013,6423.15,6469.12,6480.92,6391.35,6449.77,-26.62,-0.0041,5265482,7285009
NHMI.NH,20251010,6449.77,6500.52,6526.37,6439.64,6475.78,-26.01,-0.004,4414791,7191810
NHMI.NH,20251009,6475.78,6403.61,6486.11,6392.91,6349.4,126.38,0.0199,4003623,7006606
NHMI.NH,20250930,6349.4,6375.94,6413.34,6348.65,6365.45,-16.05,-0.0025,4290314,6771586
NHMI.NH,20250929,6365.45,6384.2,6384.2,6348.98,6387.58,-22.13,-0.0035,5260774,7065613
NHMI.NH,20250926,6387.58,6448.28,6454.51,6386.74,6456.92,-69.34,-0.0107,5407306,7308825
NHMI.NH,20250925,6456.92,6408.68,6466.38,6403.11,6390.69,66.23,0.0104,4677422,7483999
NHMI.NH,20250924,6390.69,6381.85,6413.09,6369.72,6376.38,14.31,0.0022,4042966,7537312
NHMI.NH,20250923,6376.38,6410.52,6413.02,6363.9,6416.13,-39.75,-0.0062,4814889,7595626
NHMI.NH,20250922,6416.13,6413.79,6454.35,6397.97,6411.66,4.47,0.0007,5440603,7670512
NHMI.NH,20250919,6411.66,6384.71,6425.44,6373.91,6380.04,31.62,0.005,4409799,7856489
NHMI.NH,20250918,6380.04,6412.16,6419.87,6364.11,6429.11,-49.07,-0.0076,6146496,7886104
NHMI.NH,20250917,6429.11,6446.77,6449.03,6394.56,6438.98,-9.87,-0.0015,4397019,7963302
NHMI.NH,20250916,6438.98,6425.28,6475.8,6423.21,6414.66,24.32,0.0038,6285767,7986963
NHMI.NH,20250915,6414.66,6400.4,6425.08,6381.81,6402.98,11.68,0.0018,4924400,8130221
NHMI.NH,20250912,6402.98,6362.05,6410.07,6345.11,6357.1,45.88,0.0072,5399363,8126889
NHMI.NH,20250911,6357.1,6365.86,6383.97,6341.11,6365.65,-8.55,-0.0013,4441672,8194276
NHMI.NH,20250910,6365.65,6363.72,6381.83,6329.6,6371.75,-6.1,-0.001,4577591,8051369
NHMI.NH,20250909,6371.75,6377.47,6414.15,6355.05,6375.77,-4.02,-0.0006,4653803,7989503
NHMI.NH,20250908,6375.77,6393.39,6406.98,6342.52,6382.3,-6.53,-0.001,4751586,7972097
NHMI.NH,20250905,6382.3,6349.62,6398.99,6331.81,6353.81,28.49,0.0045,5383081,7947117
NHMI.NH,20250904,6353.81,6344.85,6369.13,6319.8,6344.2,9.61,0.0015,4907613,7970431
NHMI.NH,20250903,6344.2,6345.41,6388.24,6339.6,6348.19,-3.99,-0.0006,4181561,7952211
NHMI.NH,20250902,6348.19,6348.27,6382.64,6340.93,6346.75,1.44,0.0002,4174571,7870320
NHMI.NH,20250901,6346.75,6395.0,6400.33,6323.74,6394.54,-47.79,-0.0075,5736964,7847865
NHMI.NH,20250829,6394.54,6411.89,6415.23,6374.63,6408.84,-14.3,-0.0022,5110840,7830480
NHMI.NH,20250828,6408.84,6375.62,6409.7,6354.15,6387.77,21.07,0.0033,5359295,7755566
NHMI.NH,20250827,6387.77,6386.8,6427.71,6384.09,6383.33,4.44,0.0007,5200017,7782210
NHMI.NH,20250826,6383.33,6435.71,6441.01,6375.63,6436.44,-53.11,-0.0083,4335760,7746218
NHMI.NH,20250825,6436.44,6368.38,6444.06,6368.38,6365.05,71.39,0.0112,5600428,7796751
NHMI.NH,20250822,6365.05,6369.83,6390.89,6350.22,6376.85,-11.8,-0.0019,4526390,7766106
NHMI.NH,20250821,6376.85,6380.81,6404.97,6373.54,6377.1,-0.25,0.0,4931744,7811716
NHMI.NH,20250820,6377.1,6401.81,6403.93,6341.41,6400.47,-23.37,-0.0037,5988882,7868150
NHMI.NH,20250819,6400.47,6437.35,6445.29,6394.98,6438.34,-37.87,-0.0059,5322834,8059156
NHMI.NH,20250818,6438.34,6463.23,6483.04,6415.03,6466.21,-27.87,-0.0043,5758571,8018546
NHMI.NH,20250815,6466.21,6465.02,6481.55,6433.19,6464.57,1.64,0.0003,5398799,8036375
NHMI.NH,20250814,6464.57,6521.73,6535.96,6446.95,6531.47,-66.9,-0.0102,6110894,8028817
NHMI.NH,20250813,6531.47,6559.21,6572.47,6530.98,6553.85,-22.38,-0.0034,6291236,8135166
NHMI.NH,20250812,6553.85,6501.58,6579.39,6497.88,6509.11,44.74,0.0069,6874473,8031227
NHMI.NH,20250811,6509.11,6438.72,6518.72,6421.96,6437.79,71.32,0.0111,4862765,7909571
NHMI.NH,20250808,6437.79,6444.02,6446.27,6412.24,6444.9,-7.11,-0.0011,5069003,7829564
NHMI.NH,20250807,6444.9,6440.96,6468.48,6414.21,6429.94,14.96,0.0023,6230073,7798124
NHMI.NH,20250806,6429.94,6415.29,6440.18,6387.98,6420.41,9.53,0.0015,5324250,7712631
NHMI.NH,20250805,6420.41,6394.44,6432.16,6377.22,6388.13,32.28,0.0051,5130476,7666213
NHMI.NH,20250804,6388.13,6362.2,6396.96,6332.21,6362.56,25.57,0.004,5351023,7648988
NHMI.NH,20250801,6362.56,6360.75,6393.82,6352.05,6358.3,4.26,0.0007,6062719,7600666
NHMI.NH,20250731,6358.3,6467.14,6469.05,6330.48,6478.21,-119.91,-0.0185,8408626,7684754
NHMI.NH,20250730,6478.21,6502.54,6562.08,6453.9,6501.65,-23.44,-0.0036,10441495,8095387
NHMI.NH,20250729,6501.65,6448.75,6505.83,6422.92,6439.39,62.26,0.0097,9131155,8198755
NHMI.NH,20250728,6439.39,6587.24,6591.38,6409.88,6594.47,-155.08,-0.0235,12986358,7968482
NHMI.NH,20250725,6594.47,6564.68,6595.02,6512.89,6562.57,31.9,0.0049,10426982,8399324
NHMI.NH,20250724,6562.57,6525.55,6608.93,6497.03,6510.09,52.48,0.0081,9119380,8065338
NHMI.NH,20250723,6510.09,6586.72,6599.34,6473.1,6576.36,-66.27,-0.0101,9581638,7963437
NHMI.NH,20250722,6576.36,6493.79,6599.45,6483.09,6490.8,85.56,0.0132,9827774,8148220
NHMI.NH,20250721,6490.8,6341.51,6513.3,6341.51,6332.06,158.74,0.0251,9000607,8157963
NHMI.NH,20250718,6332.06,6297.42,6377.48,6297.42,6295.33,36.73,0.0058,6525920,7954429
NHMI.NH,20250717,6295.33,6259.49,6299.62,6256.47,6268.85,26.48,0.0042,5182991,8025334
NHMI.NH,20250716,6268.85,6267.16,6291.52,6252.67,6266.23,2.62,0.0004,4165486,8018629
NHMI.NH,20250715,6266.23,6273.2,6289.01,6236.37,6290.59,-24.36,-0.0039,5199929,8061190
NHMI.NH,20250714,6290.59,6271.48,6298.76,6257.38,6281.86,8.73,0.0014,5074024,8055826
NHMI.NH,20250711,6281.86,6296.22,6313.5,6269.56,6296.81,-14.95,-0.0024,5320984,8176440
NHMI.NH,20250710,6296.81,6190.6,6306.26,6188.22,6190.95,105.86,0.0171,6250647,8212821
NHMI.NH,20250709,6190.95,6201.96,6217.16,6181.73,6203.35,-12.4,-0.002,3963672,8110200
NHMI.NH,20250708,6203.35,6182.22,6213.46,6173.83,6182.4,20.95,0.0034,3979848,8145823
NHMI.NH,20250707,6182.4,6212.55,6224.6,6168.56,6216.34,-33.94,-0.0055,3861588,8136050
NHMI.NH,20250704,6216.34,6230.84,6263.28,6212.87,6232.75,-16.41,-0.0026,4620379,8235072
NHMI.NH,20250703,6232.75,6224.43,6248.16,6198.68,6213.26,19.49,0.0031,4855893,8261394
NHMI.NH,20250702,6213.26,6140.23,6220.28,6139.55,6141.28,71.98,0.0117,6081835,8213117
NHMI.NH,20250701,6141.28,6137.76,6141.63,6097.24,6146.28,-5.0,-0.0008,4400696,8053991
NHMI.NH,20250630,6146.28,6151.35,6177.44,6137.47,6150.34,-4.06,-0.0007,4949543,8056841
NHMI.NH,20250627,6150.34,6107.55,6161.81,6102.71,6096.11,54.23,0.0089,5464224,8142989
NHMI.NH,20250626,6096.11,6062.35,6098.9,6058.68,6060.65,35.46,0.0059,4933994,8158768
NHMI.NH,20250625,6060.65,6039.26,6064.28,6025.42,6042.15,18.5,0.0031,4564680,8203530
NHMI.NH,20250624,6042.15,6042.1,6059.98,6023.63,6040.42,1.73,0.0003,5214606,8217704
NHMI.NH,20250623,6040.42,6043.13,6073.82,6032.42,6031.96,8.46,0.0014,4056936,8234673
NHMI.NH,20250620,6031.96,6043.76,6074.74,6029.67,6043.23,-11.27,-0.0019,4875653,8171927
NHMI.NH,20250619,6043.23,6045.13,6066.26,6028.22,6048.67,-5.44,-0.0009,3795722,8129008
NHMI.NH,20250618,6048.67,6028.46,6056.84,6020.2,6028.74,19.93,0.0033,4500392,8143945
NHMI.NH,20250617,6028.74,6046.0,6049.13,6013.06,6044.59,-15.85,-0.0026,3465136,8125520
NHMI.NH,20250616,6044.59,6010.99,6050.52,5986.93,6021.88,22.71,0.0038,4851410,8200577
NHMI.NH,20250613,6021.88,6048.64,6070.37,6012.48,6046.68,-24.8,-0.0041,6105674,8185531
NHMI.NH,20250612,6046.68,6070.51,6073.77,6039.16,6082.29,-35.61,-0.0059,4151336,8287427
NHMI.NH,20250611,6082.29,6043.27,6100.26,6041.93,6036.8,45.49,0.0075,4813456,8192768
NHMI.NH,20250610,6036.8,6063.31,6065.23,6028.46,6060.55,-23.75,-0.0039,4618380,8151436
NHMI.NH,20250609,6060.55,6057.84,6076.21,6043.38,6071.06,-10.51,-0.0017,4669754,8121904
NHMI.NH,20250606,6071.06,6061.74,6095.09,6054.49,6038.52,32.54,0.0054,5629112,8092364
NHMI.NH,20250605,6038.52,6071.49,6077.59,6016.02,6075.85,-37.33,-0.0061,4848193,8170181
NHMI.NH,20250604,6075.85,6007.03,6089.63,6005.16,5996.25,79.6,0.0133,6191766,8126653
NHMI.NH,20250603,5996.25,6026.88,6030.12,5978.43,6023.71,-27.46,-0.0046,5105144,8139956
NHMI.NH,20250530,6023.71,6062.27,6063.69,6010.92,6058.81,-35.1,-0.0058,4361068,6982066
NHMI.NH,20250529,6058.81,6029.04,6076.5,6013.6,6027.4,31.41,0.0052,5030767,7104117
NHMI.NH,20250528,6027.4,6069.18,6074.68,6021.63,6062.7,-35.3,-0.0058,3672666,7147879
NHMI.NH,20250527,6062.7,6092.93,6107.77,6043.85,6094.68,-31.98,-0.0052,4973909,7052003
NHMI.NH,20250526,6094.68,6114.11,6142.59,6087.62,6124.3,-29.62,-0.0048,4488258,7003369
NHMI.NH,20250523,6124.3,6156.38,6167.0,6122.16,6165.27,-40.97,-0.0066,4057471,6818445
NHMI.NH,20250522,6165.27,6164.23,6181.24,6149.41,6169.77,-4.5,-0.0007,4209694,6775730
NHMI.NH,20250521,6169.77,6156.25,6181.19,6144.78,6141.73,28.04,0.0046,2948925,6761412
NHMI.NH,20250520,6141.73,6153.6,6168.82,6132.09,6158.31,-16.58,-0.0027,3219965,6739494
NHMI.NH,20250519,6158.31,6167.5,6194.23,6145.41,6181.94,-23.63,-0.0038,3530439,6713315
NHMI.NH,20250516,6181.94,6208.64,6222.5,6177.68,6208.97,-27.03,-0.0044,3702741,6710518
NHMI.NH,20250515,6208.97,6251.83,6255.44,6198.87,6243.75,-34.78,-0.0056,3456561,6805339
NHMI.NH,20250514,6243.75,6144.95,6247.43,6127.23,6141.25,102.5,0.0167,5288612,6839195
NHMI.NH,20250513,6141.25,6184.6,6195.21,6126.25,6168.15,-26.9,-0.0044,4579379,6841330
NHMI.NH,20250512,6168.15,6064.9,6169.71,6051.39,6047.02,121.13,0.02,5992636,6842167
NHMI.NH,20250509,6047.02,6060.5,6078.02,6043.12,6054.24,-7.22,-0.0012,3924376,7024182
NHMI.NH,20250508,6054.24,6098.52,6114.43,6049.65,6105.56,-51.32,-0.0084,5387667,6888750
NHMI.NH,20250507,6105.56,6111.82,6179.56,6090.71,6100.54,5.02,0.0008,5405333,6521008
NHMI.NH,20250506,6100.54,6110.44,6149.29,6081.08,6106.89,-6.35,-0.001,3677824,6400523
NHMI.NH,20250430,6106.89,6136.49,6144.99,6099.97,6131.06,-24.17,-0.0039,3371607,6184297
NHMI.NH,20250429,6131.06,6158.37,6160.06,6116.04,6150.69,-19.63,-0.0032,3847126,6417497
NHMI.NH,20250428,6150.69,6142.89,6165.22,6124.15,6148.72,1.97,0.0003,6404056,6560803
NHMI.NH,20250425,6148.72,6176.4,6193.92,6134.09,6163.24,-14.52,-0.0024,4662629,6724650
NHMI.NH,20250424,6163.24,6198.55,6209.13,6144.54,6196.24,-33.0,-0.0053,4053034,6784723
NHMI.NH,20250423,6196.24,6124.42,6206.56,6110.47,6115.12,81.12,0.0133,4934801,6795220
NHMI.NH,20250422,6115.12,6165.52,6168.12,6099.34,6159.94,-44.82,-0.0073,3855202,6944404
NHMI.NH,20250421,6159.94,6085.14,6170.73,6067.9,6080.39,79.55,0.0131,3906865,6892518
NHMI.NH,20250418,6080.39,6096.37,6121.35,6074.73,6098.26,-17.87,-0.0029,3944998,6937513
NHMI.NH,20250417,6098.26,6084.68,6140.43,6073.34,6073.31,24.95,0.0041,4192221,6886905
NHMI.NH,20250416,6073.31,6112.96,6132.02,6056.95,6119.35,-46.04,-0.0075,4061339,6902504
NHMI.NH,20250415,6119.35,6124.54,6129.48,6095.5,6115.49,3.86,0.0006,3615030,6763707
NHMI.NH,20250414,6115.49,6103.51,6133.05,6087.52,6084.77,30.72,0.005,3817049,6719410
NHMI.NH,20250411,6084.77,6088.97,6099.57,6017.73,6094.42,-9.65,-0.0016,4952637,6672246
NHMI.NH,20250410,6094.42,5904.91,6111.49,5893.87,5948.16,146.26,0.0246,6699532,6730346
NHMI.NH,20250409,5948.16,6013.32,6037.63,5872.65,6008.99,-60.83,-0.0101,7479946,6849771
NHMI.NH,20250408,6008.99,6070.69,6144.16,5996.7,6080.99,-72.0,-0.0118,6746999,6875207
NHMI.NH,20250407,6080.99,6355.45,6355.45,5995.6,6355.45,-274.46,-0.0432,6996916,6663254
NHMI.NH,20250403,6355.45,6403.07,6409.2,6331.38,6408.17,-52.72,-0.0082,4801005,6891256
NHMI.NH,20250402,6408.17,6408.32,6425.82,6390.88,6422.24,-14.07,-0.0022,3940070,6947066
NHMI.NH,20250401,6422.24,6357.0,6437.49,6329.38,6359.12,63.12,0.0099,5096776,6931323
NHMI.NH,20250331,6359.12,6446.5,6451.47,6348.75,6431.0,-71.88,-0.0112,5018558,7006822
NHMI.NH,20250328,6431.0,6447.47,6448.17,6403.73,6455.41,-24.41,-0.0038,4701776,7041279
NHMI.NH,20250327,6455.41,6435.9,6469.39,6432.48,6439.79,15.62,0.0024,4381029,7016167
NHMI.NH,20250326,6439.79,6429.43,6475.43,6421.51,6427.82,11.97,0.0019,4204465,6996925
NHMI.NH,20250325,6427.82,6433.47,6442.39,6402.31,6436.21,-8.39,-0.0013,4310701,7002006
NHMI.NH,20250324,6436.21,6352.86,6440.76,6331.84,6347.44,88.77,0.014,4851244,7059833
NHMI.NH,20250321,6347.44,6395.25,6410.04,6342.18,6394.81,-47.37,-0.0074,4065399,7193715
NHMI.NH,20250320,6394.81,6396.0,6399.78,6342.86,6385.92,8.89,0.0014,4631791,7243519
NHMI.NH,20250319,6385.92,6415.79,6417.34,6358.64,6399.35,-13.43,-0.0021,4343253,7232784
NHMI.NH,20250318,6399.35,6460.68,6460.39,6392.79,6468.38,-69.03,-0.0107,4315247,7154867
NHMI.NH,20250317,6468.38,6518.38,6518.38,6440.01,6518.66,-50.28,-0.0077,4612672,7142980
NHMI.NH,20250314,6518.66,6445.34,6524.74,6432.62,6447.7,70.96,0.011,4930141,7049666
NHMI.NH,20250313,6447.7,6449.12,6464.03,6418.04,6417.91,29.79,0.0046,4421252,7075366
NHMI.NH,20250312,6417.91,6407.01,6440.73,6391.37,6390.05,27.86,0.0044,4264827,7125583
NHMI.NH,20250311,6390.05,6397.2,6408.5,6331.04,6388.08,1.97,0.0003,4304853,6966997
NHMI.NH,20250310,6388.08,6388.08,6442.3,6367.41,6387.91,0.17,0.0,4859837,6986920
NHMI.NH,20250307,6387.91,6402.72,6434.81,6384.19,6386.27,1.64,0.0003,4890129,6815222
NHMI.NH,20250306,6386.27,6358.72,6409.81,6342.23,6349.02,37.25,0.0059,5225880,6651601
NHMI.NH,20250305,6349.02,6365.04,6376.05,6322.18,6354.57,-5.55,-0.0009,4382362,6498558
NHMI.NH,20250304,6354.57,6373.7,6401.21,6336.02,6360.47,-5.9,-0.0009,4091958,6333548
NHMI.NH,20250303,6360.47,6382.9,6418.9,6348.16,6392.03,-31.56,-0.0049,4714486,6225391
NHMI.NH,20250228,6392.03,6407.18,6427.26,6371.57,6396.04,-4.01,-0.0006,3928878,6110478
NHMI.NH,20250227,6396.04,6420.6,6429.05,6360.15,6408.87,-12.83,-0.002,4921683,6106414
NHMI.NH,20250226,6408.87,6380.29,6425.96,6371.03,6380.33,28.54,0.0045,5301180,6132021
NHMI.NH,20250225,6380.33,6466.73,6471.47,6372.48,6471.41,-91.08,-0.0141,4588959,6186421
NHMI.NH,20250224,6471.41,6461.87,6487.1,6445.72,6478.62,-7.21,-0.0011,3785622,6227616
NHMI.NH,20250221,6478.62,6512.61,6520.56,6472.07,6504.56,-25.94,-0.004,3537990,6351276
NHMI.NH,20250220,6504.56,6426.82,6511.46,6416.44,6423.73,80.83,0.0126,3866752,6280431
NHMI.NH,20250219,6423.73,6412.21,6438.55,6402.09,6411.16,12.57,0.002,2707875,6130422
NHMI.NH,20250218,6411.16,6378.06,6419.6,6366.36,6385.76,25.4,0.004,3737484,6145824
NHMI.NH,20250217,6385.76,6418.53,6421.04,6345.03,6410.71,-24.95,-0.0039,4078118,6169334
NHMI.NH,20250214,6410.71,6380.51,6450.6,6358.28,6383.74,26.97,0.0042,3784190,6163605
NHMI.NH,20250213,6383.74,6420.86,6441.87,6377.74,6419.93,-36.19,-0.0056,3748265,6121301
NHMI.NH,20250212,6419.93,6383.13,6422.43,6376.21,6398.33,21.6,0.0034,3998766,6112468
NHMI.NH,20250211,6398.33,6482.28,6484.01,6394.4,6480.4,-82.07,-0.0127,5597574,6242607
NHMI.NH,20250210,6480.4,6487.54,6505.57,6442.11,6479.09,1.31,0.0002,5145692,6189839
NHMI.NH,20250207,6479.09,6449.65,6501.66,6442.34,6455.55,23.54,0.0036,4372321,6044636
NHMI.NH,20250206,6455.55,6333.06,6459.22,6330.71,6341.06,114.49,0.0181,4602517,5779597
NHMI.NH,20250205,6341.06,6394.02,6402.94,6328.52,6394.02,-52.96,-0.0083,2991172,5324127
NHMI.NH,20250127,6394.02,6389.73,6403.57,6367.92,6387.73,6.29,0.001,2882360,5142395
NHMI.NH,20250124,6387.73,6351.21,6394.35,6332.81,6345.79,41.94,0.0066,3729462,5308972
NHMI.NH,20250123,6345.79,6380.76,6395.34,6330.79,6380.83,-35.04,-0.0055,3620621,5350877
NHMI.NH,20250122,6380.83,6405.98,6407.65,6367.4,6415.85,-35.02,-0.0055,3648796,5387408
NHMI.NH,20250121,6415.85,6389.11,6439.05,6389.11,6388.58,27.27,0.0043,3825962,5512280
NHMI.NH,20250120,6388.58,6445.5,6450.01,6372.19,6440.97,-52.39,-0.0081,4703233,5597992
NHMI.NH,20250117,6440.97,6401.83,6449.88,6374.16,6393.4,47.57,0.0074,4426610,5695142
NHMI.NH,20250116,6393.4,6328.29,6397.19,6320.42,6322.97,70.43,0.0111,5023087,5620186
NHMI.NH,20250115,6322.97,6334.75,6338.56,6300.52,6334.59,-11.62,-0.0018,3663396,5558067
NHMI.NH,20250114,6334.59,6299.02,6349.91,6274.26,6302.16,32.43,0.0051,3849783,5494623
NHMI.NH,20250113,6302.16,6253.0,6308.69,6234.77,6230.71,71.45,0.0115,4121246,5440563
NHMI.NH,20250110,6230.71,6213.95,6244.4,6197.38,6217.4,13.31,0.0021,3279232,5481220
NHMI.NH,20250109,6217.4,6178.72,6234.15,6159.17,6190.05,27.35,0.0044,3826006,5500523
NHMI.NH,20250108,6190.05,6194.78,6214.73,6175.46,6181.91,8.14,0.0013,3261954,5501105
NHMI.NH,20250107,6181.91,6223.13,6229.7,6165.01,6171.62,10.29,0.0017,3330561,5438823
NHMI.NH,20250106,6171.62,6198.04,6239.55,6170.35,6199.92,-28.3,-0.0046,3989762,5350687
NHMI.NH,20250103,6199.92,6252.4,6265.81,6189.09,6269.49,-69.57,-0.0111,3931939,5261207
NHMI.NH,20250102,6269.49,6277.45,6300.33,6238.11,6279.75,-10.26,-0.0016,3058532,5142704
NHMI.NH,20241231,6279.75,6296.23,6296.41,6256.52,6287.99,-8.24,-0.0013,3179785,5102251
NHMI.NH,20241230,6287.99,6221.07,6302.06,6219.86,6230.75,57.24,0.0092,3814163,5219674
NHMI.NH,20241227,6230.75,6303.71,6314.56,6227.1,6290.11,-59.36,-0.0094,3535559,5439857
NHMI.NH,20241226,6290.11,6288.26,6329.49,6273.38,6286.1,4.01,0.0006,3342171,5353056
NHMI.NH,20241225,6286.1,6297.2,6304.04,6273.88,6296.96,-10.86,-0.0017,2513066,5563212
NHMI.NH,20241224,6296.96,6275.02,6301.02,6240.04,6284.04,12.92,0.0021,3183119,5611638
NHMI.NH,20241223,6284.04,6230.8,6303.41,6210.67,6234.24,49.8,0.008,3772406,5683480
NHMI.NH,20241220,6234.24,6240.78,6256.23,6223.54,6250.04,-15.8,-0.0025,2769181,5782761
NHMI.NH,20241219,6250.04,6284.33,6300.07,6217.84,6276.26,-26.22,-0.0042,4431171,5776318
NHMI.NH,20241218,6276.26,6337.47,6352.79,6270.53,6347.78,-71.52,-0.0113,3831312,5684778
NHMI.NH,20241217,6347.78,6382.94,6398.94,6341.79,6385.42,-37.64,-0.0059,3064388,5493328
NHMI.NH,20241216,6385.42,6412.8,6416.25,6346.61,6407.76,-22.34,-0.0035,3500091,5520343
NHMI.NH,20241213,6407.76,6459.7,6460.87,6388.72,6488.82,-81.06,-0.0125,4447409,5539918
NHMI.NH,20241212,6488.82,6423.8,6491.16,6423.8,6429.3,59.52,0.0093,3328752,5587920
NHMI.NH,20241211,6429.3,6413.93,6444.53,6409.15,6424.62,4.68,0.0007,3369414,5526037
NHMI.NH,20241210,6424.62,6424.94,6495.03,6409.35,6362.43,62.19,0.0098,6300401,5498612
NHMI.NH,20241209,6362.43,6321.11,6378.41,6316.36,6329.07,33.36,0.0053,4271486,5650728
NHMI.NH,20241206,6329.07,6343.17,6365.53,6303.72,6339.16,-10.09,-0.0016,4307264,5687327
NHMI.NH,20241205,6339.16,6402.01,6418.97,6324.83,6411.87,-72.71,-0.0113,4188927,5630221
NHMI.NH,20241204,6411.87,6407.17,6421.36,6375.07,6394.96,16.91,0.0026,3972056,5478560
NHMI.NH,20241203,6394.96,6363.02,6396.11,6347.27,6364.45,30.51,0.0048,3185931,5529451
NHMI.NH,20241202,6364.45,6344.58,6378.98,6325.62,6341.26,23.19,0.0037,4003793,5505939
NHMI.NH,20241129,6341.26,6318.31,6385.15,6316.23,6321.64,19.62,0.0031,4454687,5530663
NHMI.NH,20241128,6321.64,6349.46,6351.73,6309.76,6350.11,-28.47,-0.0045,4639029,5543347
NHMI.NH,20241127,6350.11,6347.29,6357.59,6293.92,6331.88,18.23,0.0029,4111226,5560099
NHMI.NH,20241126,6331.88,6338.36,6366.16,6328.64,6331.66,0.22,0.0,3796094,5486636
NHMI.NH,20241125,6331.66,6272.61,6360.51,6272.14,6275.49,56.17,0.009,4799633,5475356
NHMI.NH,20241122,6275.49,6355.34,6360.73,6265.07,6358.12,-82.63,-0.013,4216665,5571532
NHMI.NH,20241121,6358.12,6347.92,6372.21,6325.48,6344.52,13.6,0.0021,3547414,5583417
NHMI.NH,20241120,6344.52,6306.81,6354.13,6303.49,6320.06,24.46,0.0039,3198495,5674382
NHMI.NH,20241119,6320.06,6242.79,6338.47,6229.4,6257.25,62.81,0.01,4622862,5750695
NHMI.NH,20241118,6257.25,6229.79,6273.85,6169.06,6195.59,61.66,0.01,5384169,5862061
NHMI.NH,20241115,6195.59,6249.39,6271.1,6193.68,6254.18,-58.59,-0.0094,5043017,5987087
NHMI.NH,20241114,6254.18,6320.91,6328.87,6246.48,6313.89,-59.71,-0.0095,4101765,5946644
NHMI.NH,20241113,6313.89,6350.44,6365.63,6310.02,6361.62,-47.73,-0.0075,4008924,5838362
NHMI.NH,20241112,6361.62,6394.85,6407.92,6324.8,6402.1,-40.48,-0.0063,4288332,5874072
NHMI.NH,20241111,6402.1,6428.59,6479.48,6364.77,6471.66,-69.56,-0.0107,5270380,5925032
NHMI.NH,20241108,6471.66,6532.42,6574.31,6448.06,6509.54,-37.88,-0.0058,6645330,5894563
NHMI.NH,20241107,6509.54,6395.25,6511.27,6380.29,6424.46,85.08,0.0132,5039704,5753521
NHMI.NH,20241106,6424.46,6491.79,6516.39,6399.99,6476.03,-51.57,-0.008,6029193,5675447
NHMI.NH,20241105,6476.03,6441.11,6502.01,6417.54,6451.35,24.68,0.0038,4103548,5712576
NHMI.NH,20241104,6451.35,6421.06,6468.55,6361.72,6393.25,58.1,0.0091,5925564,5645809
NHMI.NH,20241101,6393.25,6426.73,6436.64,6355.21,6427.19,-33.94,-0.0053,4575563,5595445
NHMI.NH,20241031,6427.19,6442.0,6450.86,6405.91,6450.54,-23.35,-0.0036,4079711,5647228
NHMI.NH,20241030,6450.54,6437.82,6486.92,6395.36,6416.16,34.38,0.0054,4321228,5650588
NHMI.NH,20241029,6416.16,6463.6,6479.1,6403.82,6472.5,-56.34,-0.0087,4053580,5724224
NHMI.NH,20241028,6472.5,6406.1,6496.39,6405.04,6400.75,71.75,0.0112,5415806,5764672
NHMI.NH,20241025,6400.75,6374.06,6421.01,6365.95,6385.19,15.56,0.0024,5317118,5752754
NHMI.NH,20241024,6385.19,6313.23,6400.19,6307.67,6333.83,51.36,0.0081,4923749,5891023
NHMI.NH,20241023,6333.83,6390.35,6408.54,6319.63,6388.68,-54.85,-0.0086,4603726,5835871
NHMI.NH,20241022,6388.68,6442.7,6446.84,6336.12,6453.92,-65.24,-0.0101,4916992,5723675
NHMI.NH,20241021,6453.92,6416.55,6461.44,6382.03,6394.99,58.93,0.0092,4468226,5759031
NHMI.NH,20241018,6394.99,6347.24,6450.73,6332.92,6329.09,65.9,0.0104,6329203,5740388
NHMI.NH,20241017,6329.09,6532.29,6583.33,6328.92,6521.62,-192.53,-0.0295,7960171,5836727
NHMI.NH,20241016,6521.62,6533.08,6580.87,6520.05,6532.43,-10.81,-0.0017,5802605,5774438
NHMI.NH,20241015,6532.43,6576.74,6603.49,6527.3,6606.1,-73.67,-0.0112,6036373,5698109
NHMI.NH,20241014,6606.1,6584.11,6652.09,6540.75,6568.0,38.1,0.0058,6930599,5648947
NHMI.NH,20241011,6568.0,6509.25,6585.56,6509.25,6495.1,72.9,0.0112,5644466,5589845
NHMI.NH,20241010,6495.1,6499.55,6583.33,6439.21,6538.62,-43.52,-0.0067,6689619,5427940
NHMI.NH,20241009,6538.62,6562.48,6627.31,6523.48,6547.99,-9.37,-0.0014,6539287,5282679
NHMI.NH,20241008,6547.99,6653.68,6835.37,6518.23,6653.68,-105.69,-0.0159,7551299,5121360
NHMI.NH,20240930,6653.68,6385.06,6686.85,6364.65,6392.24,261.44,0.0409,6650895,5255014
NHMI.NH,20240927,6392.24,6324.74,6406.38,6311.53,6291.79,100.45,0.016,6539304,5519238
NHMI.NH,20240926,6291.79,6213.13,6293.7,6207.25,6212.85,78.94,0.0127,6208483,5838038
NHMI.NH,20240925,6212.85,6189.66,6325.11,6188.45,6174.08,38.77,0.0063,7476523,5943709
NHMI.NH,20240924,6174.08,5996.25,6176.51,5997.36,5989.39,184.69,0.0308,7861900,6168390
NHMI.NH,20240923,5989.39,6094.74,6097.38,5988.68,6099.88,-110.49,-0.0181,6027311,6339494
NHMI.NH,20240920,6099.88,6150.69,6173.22,6078.28,6145.3,-45.42,-0.0074,5973154,6245031
NHMI.NH,20240919,6145.3,6056.29,6145.88,5993.38,6042.11,103.19,0.0171,6393589,6268226
NHMI.NH,20240918,6042.11,6078.18,6136.13,6006.69,6077.61,-35.5,-0.0058,4671390,6177468
NHMI.NH,20240913,6077.61,6101.21,6134.65,6063.22,6093.03,-15.42,-0.0025,5042428,6156149
NHMI.NH,20240912,6093.03,6017.41,6104.95,5976.94,6012.96,80.07,0.0133,6028658,6304341
NHMI.NH,20240911,6012.96,5928.44,6016.57,5865.04,5935.56,77.4,0.013,6153948,6420533
NHMI.NH,20240910,5935.56,5962.03,5987.01,5925.58,5947.5,-11.94,-0.002,5322598,6491434
NHMI.NH,20240909,5947.5,5971.15,5978.63,5849.12,5962.71,-15.21,-0.0026,6318372,6424575
NHMI.NH,20240906,5962.71,5965.45,6013.64,5886.93,5933.66,29.05,0.0049,6018026,6365294
NHMI.NH,20240905,5933.66,6005.62,6045.1,5928.95,5998.71,-65.05,-0.0108,5106260,6386066
NHMI.NH,20240904,5998.71,6071.55,6081.65,5992.0,6091.3,-92.59,-0.0152,5810346,6375636
NHMI.NH,20240903,6091.3,6163.23,6185.27,6088.57,6167.06,-75.76,-0.0123,4408691,6293515
NHMI.NH,20240902,6167.06,6302.35,6302.35,6155.97,6303.74,-136.68,-0.0217,4615241,6266555
NHMI.NH,20240830,6303.74,6313.1,6352.61,6280.73,6326.82,-23.08,-0.0036,4651054,6262881
NHMI.NH,20240829,6326.82,6306.47,6350.23,6280.59,6327.44,-0.62,-0.0001,4303906,6255386
NHMI.NH,20240828,6327.44,6352.53,6375.59,6312.58,6339.36,-11.92,-0.0019,3869708,6231675
NHMI.NH,20240827,6339.36,6324.83,6377.1,6308.66,6331.72,7.64,0.0012,4318298,6202661
NHMI.NH,20240826,6331.72,6200.91,6334.17,6178.43,6197.3,134.42,0.0217,5512027,6298142
NHMI.NH,20240823,6197.3,6207.26,6233.44,6177.69,6213.79,-16.49,-0.0027,3991788,6255728
NHMI.NH,20240822,6213.79,6271.66,6284.09,6205.11,6278.03,-64.24,-0.0102,4436609,6244748
NHMI.NH,20240821,6278.03,6197.67,6280.98,6181.77,6167.44,110.59,0.0179,4530598,6248192
NHMI.NH,20240820,6167.44,6183.06,6197.03,6135.84,6170.56,-3.12,-0.0005,4256910,6332444
NHMI.NH,20240819,6170.56,6060.65,6173.92,6035.99,6088.52,82.04,0.0135,6072848,6434110
NHMI.NH,20240816,6088.52,6116.3,6163.25,6081.98,6097.08,-8.56,-0.0014,5386184,6387816
NHMI.NH,20240815,6097.08,6081.95,6110.94,6027.2,6065.29,31.79,0.0052,5825573,6407028
NHMI.NH,20240814,6065.29,6141.91,6159.83,6026.03,6149.69,-84.4,-0.0137,5725593,6455247
NHMI.NH,20240813,6149.69,6184.92,6230.22,6125.18,6179.07,-29.38,-0.0048,4447010,6503243
NHMI.NH,20240812,6179.07,6229.47,6243.47,6132.86,6216.41,-37.34,-0.006,4049345,6493137
NHMI.NH,20240809,6216.41,6119.03,6277.78,6119.03,6114.64,101.77,0.0166,4851697,6439700
NHMI.NH,20240808,6114.64,6197.91,6213.86,6109.94,6200.06,-85.42,-0.0138,4074773,6539149
NHMI.NH,20240807,6200.06,6209.88,6253.85,6189.77,6207.87,-7.81,-0.0013,3629478,6417238
NHMI.NH,20240806,6207.87,6240.73,6309.94,6184.66,6286.98,-79.11,-0.0126,4881127,6474891
NHMI.NH,20240805,6286.98,6355.35,6371.74,6264.48,6362.53,-75.55,-0.0119,4818661,6405622
NHMI.NH,20240802,6362.53,6342.3,6364.21,6265.8,6351.94,10.59,0.0017,4369710,6382436
NHMI.NH,20240801,6351.94,6336.65,6398.94,6320.66,6303.01,48.93,0.0078,4408005,6400588
NHMI.NH,20240731,6303.01,6187.73,6333.42,6173.71,6201.23,101.78,0.0164,5180966,6475847
NHMI.NH,20240730,6201.23,6296.34,6315.24,6189.56,6301.13,-99.9,-0.0159,4893891,6536242
NHMI.NH,20240729,6301.13,6298.74,6326.83,6276.73,6299.1,2.03,0.0003,3786652,6421785
NHMI.NH,20240726,6299.1,6228.96,6339.77,6228.96,6218.84,80.26,0.0129,4808446,6440001
NHMI.NH,20240725,6218.84,6343.24,6346.84,6201.83,6347.72,-128.88,-0.0203,4983569,6686366
NHMI.NH,20240724,6347.72,6333.14,6366.73,6310.76,6330.47,17.25,0.0027,3657012,6653781
NHMI.NH,20240723,6330.47,6404.97,6442.66,6328.38,6425.21,-94.74,-0.0147,4029661,6626962
NHMI.NH,20240722,6425.21,6456.74,6482.11,6423.36,6480.01,-54.8,-0.0085,3953169,6502891
NHMI.NH,20240719,6480.01,6500.71,6510.87,6444.99,6542.64,-62.63,-0.0096,4072025,6503647
NHMI.NH,20240718,6542.64,6543.22,6552.29,6487.7,6543.32,-0.68,-0.0001,3781271,6495494
NHMI.NH,20240717,6543.32,6614.86,6638.76,6542.47,6641.46,-98.14,-0.0148,4118312,6425121
NHMI.NH,20240716,6641.46,6662.52,6669.25,6616.96,6668.44,-26.98,-0.004,3146128,6227105
NHMI.NH,20240715,6668.44,6656.65,6723.8,6615.23,6644.29,24.15,0.0036,4296404,6285273
NHMI.NH,20240712,6644.29,6685.58,6693.89,6612.5,6671.14,-26.85,-0.004,3231984,6424927
NHMI.NH,20240711,6671.14,6628.65,6704.93,6624.65,6610.97,60.17,0.0091,3831773,6434749
NHMI.NH,20240710,6610.97,6709.12,6715.32,6605.36,6724.41,-113.44,-0.0169,3815176,6512231
NHMI.NH,20240709,6724.41,6716.8,6742.18,6669.53,6704.99,19.42,0.0029,3683347,6419819
NHMI.NH,20240708,6704.99,6789.24,6803.46,6694.88,6766.64,-61.65,-0.0091,4245423,6404919
NHMI.NH,20240705,6766.64,6818.21,6834.62,6751.85,6814.82,-48.18,-0.0071,3835435,6268125
NHMI.NH,20240704,6814.82,6836.42,6849.36,6793.91,6814.56,0.26,0.0,3493581,6244655
NHMI.NH,20240703,6814.56,6753.85,6815.56,6721.12,6738.27,76.29,0.0113,3909168,6269706
NHMI.NH,20240702,6738.27,6736.65,6756.12,6719.53,6713.12,25.15,0.0037,2948213,6334931
NHMI.NH,20240701,6713.12,6690.29,6718.31,6652.39,6679.41,33.71,0.005,3555974,6355836
NHMI.NH,20240628,6679.41,6642.01,6685.98,6611.42,6620.97,58.44,0.0088,3765177,6330212
NHMI.NH,20240627,6620.97,6678.91,6684.56,6620.6,6681.6,-60.63,-0.0091,3722399,6333282
NHMI.NH,20240626,6681.6,6613.98,6682.27,6566.32,6628.21,53.39,0.0081,4071808,6321418
NHMI.NH,20240625,6628.21,6614.7,6652.04,6598.47,6611.15,17.06,0.0026,3323719,6380210
NHMI.NH,20240624,6611.15,6646.68,6665.25,6595.27,6662.98,-51.83,-0.0078,3849863,6422224
NHMI.NH,20240621,6662.98,6727.51,6768.61,6661.94,6727.58,-64.6,-0.0096,3993458,6416043
NHMI.NH,20240620,6727.58,6716.0,6762.11,6681.37,6711.83,15.75,0.0023,4855855,6307687
NHMI.NH,20240619,6711.83,6658.71,6738.74,6657.81,6676.94,34.89,0.0052,4627434,6225820
NHMI.NH,20240618,6676.94,6645.71,6754.52,6645.71,6654.79,22.15,0.0033,4676670,6147397
NHMI.NH,20240617,6654.79,6727.86,6741.44,6648.46,6749.01,-94.22,-0.014,4120439,6254065
NHMI.NH,20240614,6749.01,6763.78,6791.85,6718.16,6754.41,-5.4,-0.0008,4348357,6221377
NHMI.NH,20240613,6754.41,6793.93,6788.28,6676.33,6762.78,-8.37,-0.0012,5822099,6359263
NHMI.NH,20240612,6762.78,6729.49,6791.44,6724.44,6747.64,15.14,0.0022,3571574,6444835
NHMI.NH,20240611,6747.64,6838.3,6850.46,6737.51,6895.19,-147.55,-0.0214,4097213,6399062
NHMI.NH,20240607,6895.19,6886.63,6960.72,6870.08,6889.83,5.36,0.0008,5036024,6277960
NHMI.NH,20240606,6889.83,6815.48,6906.81,6818.28,6815.58,74.25,0.0109,5519832,6382797
NHMI.NH,20240605,6815.58,6889.82,6905.43,6814.92,6931.21,-115.63,-0.0167,4984099,6469045
NHMI.NH,20240604,6931.21,6953.02,6978.88,6915.76,6944.61,-13.4,-0.0019,6377184,6414732
NHMI.NH,20240603,6944.61,7098.76,7034.61,6922.47,7095.89,-151.28,-0.0213,7408460,6577790
NHMI.NH,20240531,7095.89,7083.83,7110.01,7045.96,7109.92,-14.03,-0.002,8312575,6713262
NHMI.NH,20240530,7109.92,7201.16,7260.9,7091.37,7235.54,-125.62,-0.0174,9493316,6950186
NHMI.NH,20240529,7235.54,7181.67,7243.15,7152.33,7172.39,63.15,0.0088,5877894,6817064
NHMI.NH,20240528,7172.39,7181.31,7274.04,7168.69,7166.08,6.31,0.0009,7838940,6741366
NHMI.NH,20240527,7166.08,7186.13,7200.64,7147.32,7191.28,-25.2,-0.0035,5613993,6742946
NHMI.NH,20240524,7191.28,7152.81,7223.51,7126.4,7137.86,53.42,0.0075,6410754,6688454
NHMI.NH,20240523,7137.86,7235.47,7210.79,7098.39,7300.99,-163.13,-0.0223,7262254,6632178
NHMI.NH,20240522,7300.99,7281.32,7317.65,7239.36,7252.69,48.3,0.0067,7218631,6829542
NHMI.NH,20240521,7252.69,7182.16,7306.63,7159.18,7217.78,34.91,0.0048,8597838,6657653
NHMI.NH,20240520,7217.78,7127.8,7285.73,7150.41,7111.91,105.87,0.0149,7716502,6714622
NHMI.NH,20240517,7111.91,6995.96,7119.84,7040.82,7003.78,108.13,0.0154,6500990,6715688
NHMI.NH,20240516,7003.78,6905.72,7032.45,6903.01,6901.8,101.98,0.0148,7972210,6730497
NHMI.NH,20240515,6901.8,6916.6,6913.26,6867.51,6925.96,-24.16,-0.0035,8708150,6716964
NHMI.NH,20240514,6925.96,6978.46,6990.97,6897.43,6963.74,-37.78,-0.0054,8183895,6706893
NHMI.NH,20240513,6963.74,6919.65,6974.77,6842.85,6940.57,23.17,0.0033,7373855,6743410
NHMI.NH,20240510,6940.57,6868.49,6941.44,6843.91,6863.55,77.02,0.0112,6369262,6571418
NHMI.NH,20240509,6863.55,6837.48,6907.95,6850.1,6846.39,17.16,0.0025,5212009,6411205
NHMI.NH,20240508,6846.39,6944.46,6954.22,6842.85,6947.16,-100.77,-0.0145,6253889,6287254
NHMI.NH,20240507,6947.16,6993.69,7014.58,6928.39,6989.89,-42.73,-0.0061,4351963,6139898
NHMI.NH,20240506,6989.89,6882.77,6997.09,6881.4,6913.8,76.09,0.011,4242770,5989377
NHMI.NH,20240430,6913.8,6900.99,6970.08,6867.44,6886.74,27.06,0.0039,7174404,5733590
NHMI.NH,20240429,6886.74,6913.63,6902.7,6843.79,6928.18,-41.44,-0.006,6314543,5852870
NHMI.NH,20240426,6928.18,6891.72,6929.86,6839.36,6873.73,54.45,0.0079,5394965,5857110
NHMI.NH,20240425,6873.73,6852.93,6882.96,6813.54,6856.15,17.58,0.0026,5722441,5779536
NHMI.NH,20240424,6856.15,6698.76,6859.23,6740.49,6720.92,135.23,0.0201,6263718,5850060
NHMI.NH,20240423,6720.92,6840.29,6855.78,6719.19,6837.06,-116.14,-0.017,5617967,5803508
NHMI.NH,20240422,6837.06,6840.03,6932.9,6824.63,6822.81,14.25,0.0021,6182893,5886177
NHMI.NH,20240419,6822.81,6800.24,6846.26,6755.87,6800.42,22.39,0.0033,4788106,5910187
NHMI.NH,20240418,6800.42,6744.15,6806.34,6729.15,6727.48,72.94,0.0108,5360653,6001873
NHMI.NH,20240417,6727.48,6589.46,6738.84,6604.39,6593.36,134.12,0.0203,5133755,6068035
NHMI.NH,20240416,6593.36,6690.55,6675.26,6580.15,6695.58,-102.22,-0.0153,5783026,6099102
NHMI.NH,20240415,6695.58,6699.12,6710.74,6637.29,6689.71,5.87,0.0009,6262067,6297043
NHMI.NH,20240412,6689.71,6625.71,6697.45,6584.97,6636.69,53.02,0.008,5072212,6381005
NHMI.NH,20240411,6636.69,6620.08,6646.79,6584.9,6611.34,25.35,0.0038,5583670,6425504
NHMI.NH,20240410,6611.34,6586.64,6617.12,6570.58,6558.43,52.91,0.0081,5150674,6422847
NHMI.NH,20240409,6558.43,6506.41,6562.16,6486.9,6485.28,73.15,0.0113,5358648,6372944
NHMI.NH,20240408,6485.28,6347.53,6486.68,6326.34,6303.63,181.65,0.0288,5110267,6484291
NHMI.NH,20240403,6303.63,6338.15,6379.35,6303.31,6323.2,-19.57,-0.0031,5027731,6495006
NHMI.NH,20240402,6323.2,6298.12,6345.88,6282.69,6304.45,18.75,0.003,5309745,6603101
NHMI.NH,20240401,6304.45,6223.71,6305.23,6163.18,6227.91,76.54,0.0123,5926643,6629801
NHMI.NH,20240329,6227.91,6275.08,6273.98,6213.89,6283.61,-55.7,-0.0089,5318516,6700366
NHMI.NH,20240328,6283.61,6265.74,6321.95,6237.75,6279.52,4.09,0.0007,5765981,6585199
NHMI.NH,20240327,6279.52,6317.95,6334.19,6278.24,6319.5,-39.98,-0.0063,5768885,6600491
NHMI.NH,20240326,6319.5,6418.48,6445.19,6316.51,6422.62,-103.12,-0.0161,5117944,6553145
NHMI.NH,20240325,6422.62,6450.7,6466.37,6417.06,6449.06,-26.44,-0.0041,4637825,6306157
NHMI.NH,20240322,6449.06,6496.88,6484.3,6407.93,6507.03,-57.97,-0.0089,4667193,6297088
NHMI.NH,20240321,6507.03,6403.18,6508.39,6410.46,6411.48,95.55,0.0149,4982380,6405541
NHMI.NH,20240320,6411.48,6418.01,6453.6,6404.08,6429.83,-18.35,-0.0029,4506695,6464134
NHMI.NH,20240319,6429.83,6393.85,6452.67,6380.86,6384.91,44.92,0.007,5628458,6586766
NHMI.NH,20240318,6384.91,6350.27,6399.95,6329.89,6352.61,32.3,0.0051,6944686,6792381
NHMI.NH,20240315,6352.61,6342.77,6402.45,6335.76,6346.73,5.88,0.0009,4975907,6855868
NHMI.NH,20240314,6346.73,6407.7,6453.37,6344.97,6388.64,-41.91,-0.0066,5606870,6786372
NHMI.NH,20240313,6388.64,6440.6,6429.48,6375.56,6426.81,-38.17,-0.0059,4095763,6540377
NHMI.NH,20240312,6426.81,6393.38,6436.67,6391.34,6386.38,40.43,0.0063,3714096,6403024
NHMI.NH,20240311,6386.38,6511.17,6443.23,6385.34,6516.51,-130.13,-0.02,4452308,6432128
NHMI.NH,20240308,6516.51,6530.37,6529.78,6477.87,6510.42,6.09,0.0009,3717764,6185590
NHMI.NH,20240307,6510.42,6485.52,6529.48,6488.95,6476.66,33.76,0.0052,3468731,6103975
NHMI.NH,20240306,6476.66,6488.92,6485.78,6426.4,6483.67,-7.01,-0.0011,3586766,6002460
NHMI.NH,20240305,6483.67,6524.93,6537.33,6473.0,6518.36,-34.69,-0.0053,3381426,5909037
NHMI.NH,20240304,6518.36,6468.91,6524.96,6437.33,6488.45,29.91,0.0046,4654384,5748280
NHMI.NH,20240301,6488.45,6538.49,6561.0,6487.5,6538.47,-50.02,-0.0077,3269860,5566056
NHMI.NH,20240229,6538.47,6500.09,6560.54,6496.55,6505.77,32.7,0.005,3888243,5490289
NHMI.NH,20240228,6505.77,6538.76,6539.69,6494.16,6531.72,-25.95,-0.004,3119951,5483053
NHMI.NH,20240227,6531.72,6448.77,6538.11,6433.68,6453.57,78.15,0.0121,3679439,5425636
NHMI.NH,20240226,6453.57,6526.71,6507.57,6440.25,6533.23,-79.66,-0.0122,3688557,5595840
NHMI.NH,20240223,6533.23,6499.85,6573.96,6520.71,6492.14,41.09,0.0063,3073793,5484767
NHMI.NH,20240222,6492.14,6465.91,6501.37,6458.82,6466.23,25.91,0.004,3370421,5429665
NHMI.NH,20240221,6466.23,6440.92,6536.35,6418.31,6438.23,28.0,0.0043,4897304,5342002
NHMI.NH,20240220,6438.23,6525.34,6527.11,6436.58,6518.36,-80.13,-0.0123,3234921,5464296
NHMI.NH,20240219,6518.36,6589.4,6604.17,6515.61,6557.55,-39.19,-0.006,2160704,5168496
NHMI.NH,20240208,6557.55,6503.55,6570.08,6521.75,6500.42,57.13,0.0088,2130942,4949982
NHMI.NH,20240207,6500.42,6491.98,6516.79,6472.96,6496.33,4.09,0.0006,2077483,5178037
NHMI.NH,20240206,6496.33,6496.33,6509.37,6460.68,6508.79,-12.46,-0.0019,2862918,5282230
NHMI.NH,20240205,6508.79,6527.83,6548.31,6494.95,6522.26,-13.47,-0.0021,2916656,5291665
NHMI.NH,20240202,6522.26,6591.75,6579.17,6498.6,6591.05,-68.79,-0.0104,3531318,5339938
NHMI.NH,20240201,6591.05,6647.16,6642.15,6570.75,6610.51,-19.46,-0.0029,3108415,5274991
NHMI.NH,20240131,6610.51,6655.37,6661.02,6610.46,6654.86,-44.35,-0.0067,3187051,5085721
NHMI.NH,20240130,6654.86,6731.07,6729.87,6650.91,6724.44,-69.58,-0.0103,2901003,5033778
NHMI.NH,20240129,6724.44,6732.25,6752.36,6701.77,6723.75,0.69,0.0001,2886592,5026154
NHMI.NH,20240126,6723.75,6714.28,6755.41,6707.33,6704.93,18.82,0.0028,3081056,5042914
NHMI.NH,20240125,6704.93,6706.81,6729.62,6699.49,6683.34,21.59,0.0032,3041106,5129095
NHMI.NH,20240124,6683.34,6628.93,6683.54,6634.43,6629.05,54.29,0.0082,2752430,5195589
NHMI.NH,20240123,6629.05,6552.68,6637.14,6591.38,6557.33,71.72,0.0109,2971273,5253870
NHMI.NH,20240122,6557.33,6591.0,6593.15,6538.19,6585.55,-28.22,-0.0043,3235978,5283810
NHMI.NH,20240119,6585.55,6570.25,6591.04,6550.0,6579.95,5.6,0.0009,2665561,5312247
NHMI.NH,20240118,6579.95,6512.91,6583.5,6497.05,6519.47,60.48,0.0093,3682338,5330685
NHMI.NH,20240117,6519.47,6561.39,6592.22,6517.11,6548.55,-29.08,-0.0044,3520352,5395610
NHMI.NH,20240116,6548.55,6539.13,6558.42,6508.89,6542.22,6.33,0.001,2949731,5269353
NHMI.NH,20240115,6542.22,6584.9,6594.77,6541.24,6592.1,-49.88,-0.0076,3375066,5294573
NHMI.NH,20240112,6592.1,6643.25,6636.42,6591.39,6641.88,-49.78,-0.0075,2682836,5269005
NHMI.NH,20240111,6641.88,6553.54,6652.64,6575.02,6555.44,86.44,0.0132,2989692,5396519
NHMI.NH,20240110,6555.44,6631.47,6618.71,6553.84,6637.51,-82.07,-0.0124,3068762,5501469
NHMI.NH,20240109,6637.51,6626.92,6651.11,6616.41,6636.01,1.5,0.0002,2677677,5539337
NHMI.NH,20240108,6636.01,6651.25,6681.14,6620.55,6658.61,-22.6,-0.0034,2974475,5642828
NHMI.NH,20240105,6658.61,6725.49,6704.09,6651.33,6730.57,-71.96,-0.0107,3240101,5750589
NHMI.NH,20240104,6730.57,6755.57,6773.05,6711.85,6772.33,-41.76,-0.0062,2823604,5887819
NHMI.NH,20240103,6772.33,6751.43,6797.42,6746.94,6756.84,15.49,0.0023,2948084,5996314
NHMI.NH,20240102,6756.84,6680.25,6760.28,6645.36,6677.62,79.22,0.0119,2559280,6092838
NHMI.NH,20231229,6677.62,6689.03,6719.97,6668.4,6704.12,-26.5,-0.004,3649748,5996774
NHMI.NH,20231228,6704.12,6740.67,6764.48,6688.4,6737.04,-32.92,-0.0049,3958612,6265666
NHMI.NH,20231227,6737.04,6719.3,6743.53,6687.51,6721.05,15.99,0.0024,3456856,6480367
NHMI.NH,20231226,6721.05,6705.28,6740.65,6707.22,6702.98,18.07,0.0027,3386702,6681216
NHMI.NH,20231225,6702.98,6704.55,6714.15,6667.21,6709.72,-6.74,-0.001,3382325,6721783
NHMI.NH,20231222,6709.72,6675.52,6747.27,6672.86,6675.66,34.06,0.0051,3938757,6814749
NHMI.NH,20231221,6675.66,6615.17,6675.66,6591.73,6620.12,55.54,0.0084,3702064,6933089
NHMI.NH,20231220,6620.12,6582.75,6639.1,6580.09,6571.96,48.16,0.0073,3240731,6961434
NHMI.NH,20231219,6571.96,6591.73,6590.79,6539.23,6595.29,-23.33,-0.0035,3476930,6972055
NHMI.NH,20231218,6595.29,6597.28,6598.28,6555.16,6580.24,15.05,0.0023,3801425,7012451
NHMI.NH,20231215,6580.24,6606.23,6632.07,6565.33,6575.28,4.96,0.0008,4237515,7122433
NHMI.NH,20231214,6575.28,6555.93,6621.94,6567.96,6552.41,22.87,0.0035,3560319,7207074
NHMI.NH,20231213,6552.41,6644.52,6626.58,6525.09,6655.85,-103.44,-0.0155,4802235,7334511
NHMI.NH,20231212,6655.85,6603.38,6661.89,6592.9,6617.96,37.89,0.0057,3512521,7512346
NHMI.NH,20231211,6617.96,6644.38,6649.48,6581.58,6651.77,-33.81,-0.0051,4154777,7517750
NHMI.NH,20231208,6651.77,6567.06,6670.06,6603.05,6581.42,70.35,0.0107,4475871,7574220
NHMI.NH,20231207,6581.42,6531.39,6589.07,6505.07,6539.76,41.66,0.0064,4266972,7714389
NHMI.NH,20231206,6539.76,6430.59,6540.93,6423.1,6436.44,103.32,0.0161,4191389,7593932
NHMI.NH,20231205,6436.44,6476.0,6492.34,6421.35,6486.55,-50.11,-0.0077,3981985,7557164
NHMI.NH,20231204,6486.55,6554.43,6583.31,6479.67,6529.83,-43.28,-0.0066,4154762,7542343
NHMI.NH,20231201,6529.83,6517.7,6551.29,6496.76,6535.4,-5.57,-0.0009,4232757,7654765
NHMI.NH,20231130,6535.4,6520.94,6546.04,6493.47,6509.55,25.85,0.004,5161425,7695287
NHMI.NH,20231129,6509.55,6502.57,6546.8,6495.24,6494.88,14.67,0.0023,4444228,7751975
NHMI.NH,20231128,6494.88,6523.37,6517.03,6443.53,6523.62,-28.74,-0.0044,5399508,7769300
NHMI.NH,20231127,6523.62,6566.66,6551.07,6494.27,6575.01,-51.39,-0.0078,5027136,7928543
NHMI.NH,20231124,6575.01,6536.94,6580.06,6526.53,6525.45,49.56,0.0076,4242834,7989268
NHMI.NH,20231123,6525.45,6592.8,6563.0,6486.4,6592.36,-66.91,-0.0102,5795246,8017057
NHMI.NH,20231122,6592.36,6601.08,6639.97,6555.89,6603.72,-11.36,-0.0017,5100913,8143997
NHMI.NH,20231121,6603.72,6617.54,6678.06,6602.75,6609.52,-5.8,-0.0009,5013683,8120221
NHMI.NH,20231120,6609.52,6577.48,6627.21,6570.04,6583.92,25.6,0.0039,4538816,8092302
NHMI.NH,20231117,6583.92,6652.16,6628.34,6573.75,6650.74,-66.82,-0.01,4702904,8005502
NHMI.NH,20231116,6650.74,6653.82,6655.11,6603.65,6647.46,3.28,0.0005,4626590,8048936
NHMI.NH,20231115,6647.46,6611.55,6694.76,6614.64,6593.29,54.17,0.0082,5834367,7954842
NHMI.NH,20231114,6593.29,6598.42,6611.02,6568.82,6605.57,-12.28,-0.0019,3644262,7869646
NHMI.NH,20231113,6605.57,6604.89,6617.1,6562.33,6615.0,-9.43,-0.0014,4877841,7831574
NHMI.NH,20231110,6615.0,6576.77,6624.03,6586.48,6584.93,30.07,0.0046,3750655,7838377
NHMI.NH,20231109,6584.93,6573.09,6600.73,6559.35,6582.96,1.97,0.0003,4066312,7779960
NHMI.NH,20231108,6582.96,6520.57,6583.4,6495.91,6534.38,48.58,0.0074,4241479,7690183
NHMI.NH,20231107,6534.38,6557.92,6572.09,6519.37,6549.8,-15.42,-0.0024,4092925,7512688
NHMI.NH,20231106,6549.8,6550.1,6570.43,6517.97,6549.67,0.13,0.0,4195244,7453589
NHMI.NH,20231103,6549.67,6509.82,6565.19,6521.35,6510.8,38.87,0.006,4326189,7401764
NHMI.NH,20231102,6510.8,6497.3,6520.0,6487.38,6481.08,29.72,0.0046,3674668,7349202
NHMI.NH,20231101,6481.08,6472.35,6506.02,6457.9,6476.24,4.84,0.0007,3967902,7287859
NHMI.NH,20231031,6476.24,6528.67,6488.82,6443.51,6510.64,-34.4,-0.0053,3878882,7207877
NHMI.NH,20231030,6510.64,6469.51,6513.59,6475.32,6456.25,54.39,0.0084,3805327,7199918
NHMI.NH,20231027,6456.25,6415.05,6463.34,6372.87,6422.46,33.79,0.0053,4466470,7124808
NHMI.NH,20231026,6422.46,6431.24,6431.35,6378.78,6429.83,-7.37,-0.0011,3732853,7127244
NHMI.NH,20231025,6429.83,6381.51,6453.53,6415.36,6379.22,50.61,0.0079,4896231,7117680
NHMI.NH,20231024,6379.22,6293.47,6379.96,6289.37,6291.96,87.26,0.0139,4230221,7212091
NHMI.NH,20231023,6291.96,6318.79,6334.23,6275.78,6308.92,-16.96,-0.0027,4223820,7350913
NHMI.NH,20231020,6308.92,6415.18,6408.65,6299.13,6405.36,-96.44,-0.0151,4317204,7329020
NHMI.NH,20231019,6405.36,6386.23,6421.32,6361.59,6386.07,19.29,0.003,3688922,7312861
NHMI.NH,20231018,6386.07,6388.79,6440.4,6383.03,6387.25,-1.18,-0.0002,3873613,7358437
NHMI.NH,20231017,6387.25,6433.69,6424.63,6377.84,6431.17,-43.92,-0.0068,3557728,7206173
NHMI.NH,20231016,6431.17,6369.35,6434.79,6353.3,6365.07,66.1,0.0104,4217776,7153557
NHMI.NH,20231013,6365.07,6379.48,6374.24,6331.21,6382.62,-17.55,-0.0028,3549412,7076556
NHMI.NH,20231012,6382.62,6342.72,6383.74,6321.44,6349.7,32.92,0.0052,3730548,6955664
NHMI.NH,20231011,6349.7,6321.1,6365.67,6310.9,6324.12,25.58,0.004,3522041,6828078
NHMI.NH,20231010,6324.12,6385.59,6387.98,6309.35,6385.15,-61.03,-0.0096,4137748,6751424
NHMI.NH,20231009,6385.15,6457.87,6457.87,6363.07,6459.27,-74.12,-0.0115,3226167,6651686
NHMI.NH,20230928,6459.27,6446.45,6505.62,6438.75,6431.84,27.43,0.0043,3667410,6522847
NHMI.NH,20230927,6431.84,6463.61,6456.84,6426.9,6462.32,-30.48,-0.0047,3621329,6882644
NHMI.NH,20230926,6462.32,6503.58,6522.71,6450.75,6502.7,-40.38,-0.0062,4587856,7081001
NHMI.NH,20230925,6502.7,6591.06,6591.12,6481.94,6578.48,-75.78,-0.0115,5250793,7332284
NHMI.NH,20230922,6578.48,6501.52,6590.84,6514.4,6537.97,40.51,0.0062,4564242,7565929
NHMI.NH,20230921,6537.97,6656.49,6635.47,6534.38,6645.62,-107.65,-0.0162,5480488,7728913
NHMI.NH,20230920,6645.62,6608.84,6665.41,6620.72,6608.66,36.96,0.0056,3908445,7910469
NHMI.NH,20230919,6608.66,6651.02,6673.11,6604.68,6652.24,-43.58,-0.0066,4469206,8000249
NHMI.NH,20230918,6652.24,6646.34,6653.99,6597.17,6662.47,-10.23,-0.0015,4705528,8151707
NHMI.NH,20230915,6662.47,6632.99,6670.48,6629.65,6613.21,49.26,0.0074,4370000,8205537
NHMI.NH,20230914,6613.21,6572.06,6614.14,6558.0,6571.82,41.39,0.0063,4363686,8151931
NHMI.NH,20230913,6571.82,6604.06,6602.21,6533.27,6595.0,-23.18,-0.0035,4383066,8082230
NHMI.NH,20230912,6595.0,6591.85,6631.19,6585.16,6585.4,9.6,0.0015,4200093,8173657
NHMI.NH,20230911,6585.4,6509.73,6592.65,6527.72,6509.9,75.5,0.0116,4498655,8149931
NHMI.NH,20230908,6509.9,6572.72,6576.55,6503.65,6587.72,-77.82,-0.0118,5341673,8138652
NHMI.NH,20230907,6587.72,6638.4,6625.86,6554.81,6651.32,-63.6,-0.0096,5701324,8196608
NHMI.NH,20230906,6651.32,6621.76,6662.93,6626.41,6615.31,36.01,0.0054,3790375,8220285
NHMI.NH,20230905,6615.31,6612.9,6663.2,6599.19,6617.72,-2.41,-0.0004,4444800,8128082
NHMI.NH,20230904,6617.72,6642.24,6692.88,6600.52,6625.03,-7.31,-0.0011,5818633,8077344
NHMI.NH,20230901,6625.03,6573.3,6626.81,6554.16,6571.87,53.16,0.0081,5235136,8114632
NHMI.NH,20230831,6571.87,6522.41,6577.42,6540.84,6518.35,53.52,0.0082,5383349,8036613
NHMI.NH,20230830,6518.35,6455.38,6520.06,6465.74,6453.43,64.92,0.0101,4610663,8052027
NHMI.NH,20230829,6453.43,6461.44,6488.82,6429.36,6456.33,-2.9,-0.0004,4521879,8035882
NHMI.NH,20230828,6456.33,6521.29,6556.45,6423.17,6519.49,-63.16,-0.0097,6475598,8048048
NHMI.NH,20230825,6519.49,6469.73,6532.11,6485.15,6467.51,51.98,0.008,4475969,8009297
NHMI.NH,20230824,6467.51,6507.1,6553.22,6465.69,6501.19,-33.68,-0.0052,5183597,7998605
NHMI.NH,20230823,6501.19,6478.32,6532.26,6478.38,6469.85,31.34,0.0048,4963800,8025361
NHMI.NH,20230822,6469.85,6375.55,6483.8,6365.92,6364.99,104.86,0.0165,5309468,8125100
NHMI.NH,20230821,6364.99,6348.3,6385.46,6310.06,6347.82,17.17,0.0027,5598018,8243036
NHMI.NH,20230818,6347.82,6356.31,6385.98,6333.99,6341.63,6.19,0.001,4301038,8347658
NHMI.NH,20230817,6341.63,6264.47,6344.78,6243.33,6260.51,81.12,0.013,4796829,8458365
NHMI.NH,20230816,6260.51,6278.8,6279.4,6248.79,6306.5,-45.99,-0.0073,4164470,8583987
NHMI.NH,20230815,6306.5,6227.1,6316.33,6226.49,6236.12,70.38,0.0113,4840404,8584259
NHMI.NH,20230814,6236.12,6273.87,6291.62,6222.18,6305.04,-68.92,-0.0109,5154394,8657967
NHMI.NH,20230811,6305.04,6261.19,6311.96,6248.56,6255.88,49.16,0.0079,4852840,8611484
NHMI.NH,20230810,6255.88,6283.73,6303.23,6246.75,6300.19,-44.31,-0.007,4479719,8698868
NHMI.NH,20230809,6300.19,6242.78,6305.71,6245.01,6278.84,21.35,0.0034,4146862,8581896
NHMI.NH,20230808,6278.84,6317.8,6329.63,6276.97,6306.81,-27.97,-0.0044,4077986,8514855
NHMI.NH,20230807,6306.81,6332.19,6319.03,6278.91,6347.9,-41.09,-0.0065,4669739,8425124
NHMI.NH,20230804,6347.9,6323.29,6401.34,6343.6,6309.47,38.43,0.0061,4844233,8328138
NHMI.NH,20230803,6309.47,6391.78,6362.95,6305.19,6417.71,-108.24,-0.0169,6784624,8263811
NHMI.NH,20230802,6417.71,6445.8,6473.22,6416.62,6463.79,-46.08,-0.0071,6150971,8317442
NHMI.NH,20230801,6463.79,6463.48,6509.84,6442.07,6443.96,19.83,0.0031,4918967,8170535
NHMI.NH,20230731,6443.96,6416.89,6445.55,6396.07,6410.23,33.73,0.0053,5188694,7987314
NHMI.NH,20230728,6410.23,6426.32,6427.91,6360.9,6429.52,-19.29,-0.003,5870514,7972364
NHMI.NH,20230727,6429.52,6454.81,6501.1,6414.82,6472.96,-43.44,-0.0067,6050377,8016772
NHMI.NH,20230726,6472.96,6450.73,6495.62,6454.52,6437.17,35.79,0.0056,5019953,8012246
NHMI.NH,20230725,6437.17,6357.45,6450.37,6415.09,6348.18,88.99,0.014,5626823,7976116
NHMI.NH,20230724,6348.18,6371.63,6388.78,6336.78,6386.94,-38.76,-0.0061,5235168,7711771
NHMI.NH,20230721,6386.94,6391.65,6388.86,6318.65,6371.4,15.54,0.0024,5394379,7687982
NHMI.NH,20230720,6371.4,6298.55,6382.83,6322.87,6296.0,75.4,0.012,5231161,7592393
NHMI.NH,20230719,6296.0,6277.93,6321.01,6253.41,6305.33,-9.33,-0.0015,4280652,7270109
NHMI.NH,20230718,6305.33,6248.4,6309.12,6260.08,6257.29,48.04,0.0077,3851895,7246696
NHMI.NH,20230717,6257.29,6365.5,6327.06,6250.99,6349.27,-91.98,-0.0145,5377263,7251685
NHMI.NH,20230714,6349.27,6296.5,6355.16,6320.57,6291.36,57.91,0.0092,4423758,7407263
NHMI.NH,20230713,6291.36,6260.74,6301.45,6265.72,6239.74,51.62,0.0083,4393400,7284639
NHMI.NH,20230712,6239.74,6202.8,6240.18,6192.08,6202.01,37.73,0.0061,4017732,7216358
NHMI.NH,20230711,6202.01,6131.86,6215.13,6177.16,6134.27,67.74,0.011,4347652,7164706
NHMI.NH,20230710,6134.27,6168.64,6207.27,6133.4,6176.9,-42.63,-0.0069,4397776,7133662
NHMI.NH,20230707,6176.9,6250.45,6263.4,6175.49,6256.22,-79.32,-0.0127,4898287,7161518
NHMI.NH,20230706,6256.22,6198.92,6283.98,6225.45,6198.92,57.3,0.0092,4048000,7184166
NHMI.NH,20230705,6198.92,6205.88,6222.57,6172.17,6212.76,-13.84,-0.0022,3903733,7134298
NHMI.NH,20230704,6212.76,6219.8,6241.24,6183.0,6215.52,-2.76,-0.0004,3821937,7025764
NHMI.NH,20230703,6215.52,6169.13,6238.31,6182.63,6171.54,43.98,0.0071,5105658,7012721
NHMI.NH,20230630,6171.54,6148.68,6236.42,6166.11,6164.44,7.1,0.0012,4924325,7018564
NHMI.NH,20230629,6164.44,6166.02,6196.84,6148.97,6193.75,-29.31,-0.0047,4259842,7104320
NHMI.NH,20230628,6193.75,6191.62,6201.99,6155.51,6200.62,-6.87,-0.0011,3955665,7170888
NHMI.NH,20230627,6200.62,6113.91,6211.37,6108.07,6128.2,72.42,0.0118,4669812,7175918
NHMI.NH,20230626,6128.2,6141.13,6143.54,6092.18,6186.42,-58.22,-0.0094,3802209,7061921
NHMI.NH,20230621,6186.42,6211.12,6250.07,6176.11,6224.1,-37.68,-0.0061,4981561,7022124
NHMI.NH,20230620,6224.1,6237.37,6245.4,6193.49,6231.93,-7.83,-0.0013,4164314,7147311
NHMI.NH,20230619,6231.93,6303.4,6299.54,6210.36,6303.41,-71.48,-0.0113,5553821,7234874
NHMI.NH,20230616,6303.41,6264.94,6319.02,6239.6,6243.37,60.04,0.0096,4762423,7391487
NHMI.NH,20230615,6243.37,6230.83,6265.67,6194.06,6206.12,37.25,0.006,4915164,7380418
NHMI.NH,20230614,6206.12,6139.61,6236.95,6160.9,6134.82,71.3,0.0116,5087850,7365679
NHMI.NH,20230613,6134.82,6064.41,6135.76,6062.05,6067.47,67.35,0.0111,5266907,7382886
NHMI.NH,20230612,6067.47,6146.86,6124.13,6050.65,6150.02,-82.55,-0.0134,5370866,7332032
NHMI.NH,20230609,6150.02,6053.56,6150.79,6074.23,6048.78,101.24,0.0167,5477344,7432491
NHMI.NH,20230608,6048.78,6000.27,6086.84,6017.67,5993.78,55.0,0.0092,5127649,7381610
NHMI.NH,20230607,5993.78,5996.23,6051.56,5966.67,5992.63,1.15,0.0002,5297564,7336372
NHMI.NH,20230606,5992.63,5955.44,6056.49,5976.78,5959.54,33.09,0.0056,5023494,7256492
NHMI.NH,20230605,5959.54,5985.73,6027.91,5933.64,5975.34,-15.8,-0.0026,5567581,7246932
NHMI.NH,20230602,5975.34,5915.55,6007.07,5890.34,5917.21,58.13,0.0098,6198174,7227802
NHMI.NH,20230601,5917.21,5770.75,5920.6,5794.62,5780.68,136.53,0.0236,6228760,7387974
NHMI.NH,20230531,5780.68,5816.04,5792.71,5733.02,5815.16,-34.48,-0.0059,5300192,7406928
NHMI.NH,20230530,5815.16,5861.74,5900.42,5789.28,5858.27,-43.11,-0.0074,5186994,7373548
NHMI.NH,20230529,5858.27,5822.3,5861.74,5778.45,5823.67,34.6,0.0059,5441431,7376296
NHMI.NH,20230526,5823.67,5707.25,5825.65,5667.11,5707.25,116.42,0.0204,7618980,7458411
NHMI.NH,20230525,5707.25,5717.2,5757.41,5654.73,5717.24,-9.99,-0.0017,6533386,7538699
NHMI.NH,20230524,5717.24,5817.05,5808.18,5708.47,5814.43,-97.19,-0.0167,6242339,7431701
NHMI.NH,20230523,5814.43,5868.53,5926.79,5804.2,5870.28,-55.85,-0.0095,5247959,7180097
NHMI.NH,20230522,5870.28,5986.5,5959.53,5849.99,5978.16,-107.88,-0.018,6414281,7144779
NHMI.NH,20230519,5978.16,6006.38,5981.73,5897.83,6012.37,-34.21,-0.0057,5720326,6990299
NHMI.NH,20230518,6012.37,5994.17,6029.7,5981.03,5991.61,20.76,0.0035,5024554,7067367
NHMI.NH,20230517,5991.61,5914.09,5993.36,5891.83,5907.2,84.41,0.0143,5243711,7170983
NHMI.NH,20230516,5907.2,5984.14,5979.99,5883.23,5972.61,-65.41,-0.011,5223814,7183110
NHMI.NH,20230515,5972.61,5867.01,5984.63,5906.3,5861.65,110.96,0.0189,6216911,7071916
NHMI.NH,20230512,5861.65,5890.05,5912.82,5842.81,5904.0,-42.35,-0.0072,5748556,7097616
NHMI.NH,20230511,5904.0,6079.24,6002.11,5901.91,6079.24,-175.24,-0.0288,6460993,7122979
NHMI.NH,20230510,6079.24,6064.63,6116.64,6052.44,6059.22,20.02,0.0033,4709461,6981915
NHMI.NH,20230509,6059.22,6134.2,6138.84,6058.91,6127.89,-68.67,-0.0112,4499629,6938784
NHMI.NH,20230508,6127.89,6011.72,6128.84,6011.72,6014.01,113.88,0.0189,6084739,6956283
NHMI.NH,20230505,6014.01,6024.75,6024.75,5921.81,6033.01,-19.0,-0.0031,5668018,6908638
NHMI.NH,20230504,6033.01,6066.58,6104.75,6016.8,6069.17,-36.16,-0.006,3842539,6705439
NHMI.NH,20230428,6069.17,6038.76,6105.1,6059.89,6041.92,27.25,0.0045,4578874,6519622
NHMI.NH,20230427,6041.92,6087.61,6106.84,6037.64,6079.5,-37.58,-0.0062,5401324,6711968
NHMI.NH,20230426,6079.5,6078.99,6093.76,6016.02,6089.91,-10.41,-0.0017,5562484,6844096
NHMI.NH,20230425,6089.91,6113.28,6161.64,6088.93,6117.78,-27.87,-0.0046,5518166,7085757
NHMI.NH,20230424,6117.78,6208.77,6167.24,6100.57,6206.62,-88.84,-0.0143,6620965,7146721
NHMI.NH,20230421,6206.62,6345.83,6286.5,6204.84,6357.36,-150.74,-0.0237,6616675,7116347
NHMI.NH,20230420,6357.36,6390.22,6392.02,6331.01,6395.68,-38.32,-0.006,5815288,7024089
NHMI.NH,20230419,6395.68,6389.44,6452.21,6384.03,6389.44,6.24,0.001,5709865,7005346
NHMI.NH,20230418,6389.44,6372.52,6415.07,6351.89,6364.67,24.77,0.0039,5716440,6968325
NHMI.NH,20230417,6364.67,6300.3,6376.14,6293.5,6298.42,66.25,0.0105,5634706,7050740
NHMI.NH,20230414,6298.42,6245.98,6362.59,6245.98,6241.67,56.75,0.0091,4957933,6884043
NHMI.NH,20230413,6241.67,6276.89,6281.2,6219.85,6273.5,-31.83,-0.0051,4957548,6928223
NHMI.NH,20230412,6273.5,6300.34,6320.93,6260.62,6297.83,-24.33,-0.0039,4551792,6929306
NHMI.NH,20230411,6297.83,6243.82,6304.65,6191.47,6238.7,59.13,0.0095,5060398,6910584
NHMI.NH,20230410,6238.7,6306.36,6320.16,6223.66,6311.6,-72.9,-0.0116,5148861,6867865
NHMI.NH,20230407,6311.6,6236.11,6324.75,6258.72,6239.76,71.84,0.0115,4837833,6738274
NHMI.NH,20230406,6239.76,6307.1,6307.1,6227.29,6307.67,-67.91,-0.0108,4030799,6727805
NHMI.NH,20230404,6307.67,6362.17,6361.08,6291.9,6352.37,-44.7,-0.007,4546798,6611286
NHMI.NH,20230403,6352.37,6400.12,6436.5,6351.88,6399.64,-47.27,-0.0074,5089272,6646469
NHMI.NH,20230331,6399.64,6425.71,6438.09,6389.58,6418.98,-19.34,-0.003,4051744,6555490
NHMI.NH,20230330,6418.98,6406.3,6426.68,6367.91,6399.43,19.55,0.0031,4544744,6595978
NHMI.NH,20230329,6399.43,6393.47,6438.28,6367.47,6385.16,14.27,0.0022,4372628,6590063
NHMI.NH,20230328,6385.16,6330.89,6403.0,6347.14,6326.83,58.33,0.0092,4069741,6582739
NHMI.NH,20230327,6326.83,6322.63,6366.43,6309.71,6342.7,-15.87,-0.0025,4484191,6661296
NHMI.NH,20230324,6342.7,6209.13,6363.39,6231.28,6216.87,125.83,0.0202,5800825,6740528
NHMI.NH,20230323,6216.87,6285.97,6313.5,6205.71,6280.58,-63.71,-0.0101,5914267,6790523
NHMI.NH,20230322,6280.58,6274.48,6313.41,6232.29,6274.16,6.42,0.001,5366777,6666033
NHMI.NH,20230321,6274.16,6284.47,6336.09,6263.68,6279.18,-5.02,-0.0008,4577078,6671324
NHMI.NH,20230320,6279.18,6370.63,6406.0,6276.96,6377.53,-98.35,-0.0154,5302623,6667392
NHMI.NH,20230317,6377.53,6295.33,6406.33,6320.73,6297.55,79.98,0.0127,6232838,6663657
NHMI.NH,20230316,6297.55,6438.13,6389.94,6284.42,6460.36,-162.81,-0.0252,7454285,6769250
NHMI.NH,20230315,6460.36,6475.57,6517.11,6449.63,6466.61,-6.25,-0.001,5311252,6941259
NHMI.NH,20230314,6466.61,6493.15,6514.7,6455.92,6506.55,-39.94,-0.0061,5667010,6944363
NHMI.NH,20230313,6506.55,6458.13,6506.69,6433.53,6450.6,55.95,0.0087,5395885,6947858
NHMI.NH,20230310,6450.6,6525.43,6554.57,6448.36,6521.65,-71.05,-0.0109,5889859,6856611
NHMI.NH,20230309,6521.65,6495.48,6531.34,6457.35,6493.97,27.68,0.0043,6200669,6829817
NHMI.NH,20230308,6493.97,6521.01,6517.5,6475.13,6521.02,-27.05,-0.0041,3824899,6750371
NHMI.NH,20230307,6521.02,6486.39,6552.08,6493.01,6481.78,39.24,0.0061,3892385,6679512
NHMI.NH,20230306,6481.78,6539.61,6533.43,6441.23,6553.25,-71.47,-0.0109,5389331,6543181
NHMI.NH,20230303,6553.25,6526.52,6566.67,6500.95,6530.93,22.32,0.0034,4030031,6552073
NHMI.NH,20230302,6530.93,6566.46,6559.77,6510.43,6564.16,-33.23,-0.0051,3319181,6522014
NHMI.NH,20230301,6564.16,6499.52,6569.11,6462.73,6494.86,69.3,0.0107,4274867,6482836
NHMI.NH,20230228,6494.86,6461.02,6509.88,6470.31,6461.02,33.84,0.0052,3657372,6384346
NHMI.NH,20230227,6461.02,6570.01,6537.23,6449.56,6585.31,-124.29,-0.0189,5138509,6442696
NHMI.NH,20230224,6585.31,6608.99,6591.47,6537.29,6610.54,-25.23,-0.0038,4685425,6552099
NHMI.NH,20230223,6610.54,6631.65,6659.83,6602.6,6629.32,-18.78,-0.0028,4572384,6530710
NHMI.NH,20230222,6629.32,6650.48,6679.02,6627.54,6660.5,-31.18,-0.0047,4481570,6552249
NHMI.NH,20230221,6660.5,6551.71,6664.96,6622.36,6543.47,117.03,0.0179,4531456,6571870
NHMI.NH,20230220,6543.47,6478.39,6549.1,6484.0,6493.71,49.76,0.0077,4014591,6601170
NHMI.NH,20230217,6493.71,6477.59,6530.93,6474.81,6476.02,17.69,0.0027,4260315,6559965
NHMI.NH,20230216,6476.02,6417.35,6493.15,6401.71,6418.14,57.88,0.009,4916514,6495743
NHMI.NH,20230215,6418.14,6415.86,6476.9,6404.72,6418.11,0.03,0.0,4428914,6539539
NHMI.NH,20230214,6418.11,6369.68,6431.72,6369.97,6371.92,46.19,0.0072,4790676,6484434
NHMI.NH,20230213,6371.92,6490.64,6455.23,6371.14,6494.19,-122.27,-0.0188,4790513,6514026
NHMI.NH,20230210,6494.19,6485.65,6525.21,6436.46,6485.49,8.7,0.0013,5199824,6487617
NHMI.NH,20230209,6485.49,6471.78,6497.4,6433.75,6469.93,15.56,0.0024,4079291,6483079
NHMI.NH,20230208,6469.93,6412.32,6475.63,6387.14,6416.76,53.17,0.0083,4479114,6455379
NHMI.NH,20230207,6416.76,6463.87,6438.69,6373.17,6471.86,-55.1,-0.0085,4831706,6393643
NHMI.NH,20230206,6471.86,6527.05,6499.44,6401.94,6532.74,-60.88,-0.0093,4891931,6386829
NHMI.NH,20230203,6532.74,6510.31,6544.6,6461.81,6496.36,36.38,0.0056,4477960,6371379
NHMI.NH,20230202,6496.36,6607.74,6605.92,6479.18,6612.6,-116.24,-0.0176,4657287,6342362
NHMI.NH,20230201,6612.6,6606.59,6675.25,6605.32,6604.97,7.63,0.0012,4063116,6366363
NHMI.NH,20230131,6604.97,6637.75,6664.98,6604.61,6633.71,-28.74,-0.0043,3677890,6254445
NHMI.NH,20230130,6633.71,6574.2,6711.77,6622.66,6656.03,-22.32,-0.0034,3379966,6129390
NHMI.NH,20230120,6656.03,6574.2,6657.17,6573.58,6570.92,85.11,0.013,3527817,5973944
NHMI.NH,20230119,6570.92,6515.3,6581.42,6525.94,6506.97,63.95,0.0098,4111568,6091336
NHMI.NH,20230118,6506.97,6431.81,6512.2,6462.6,6428.2476,78.7224,0.0122,4007848,6169966
NHMI.NH,20230117,6428.2476,6409.3946,6452.4814,6405.4871,6409.7807,18.4669,0.0029,4346864,6192388
NHMI.NH,20230116,6409.7807,6495.9807,6482.6261,6392.338,6530.6353,-120.8546,-0.0185,5500412,6157831
NHMI.NH,20230113,6530.6353,6439.2494,6553.6949,6443.2371,6437.9777,92.6575,0.0144,5047473,6366407
NHMI.NH,20230112,6437.9777,6447.6925,6444.6107,6388.5578,6440.5418,-2.5641,-0.0004,4419898,6271129
NHMI.NH,20230111,6440.5418,6372.2459,6455.7403,6374.2377,6367.8894,72.6525,0.0114,4107757,6322646
NHMI.NH,20230110,6367.8894,6350.0956,6381.6648,6329.6955,6339.4561,28.4333,0.0045,4079133,6219228
NHMI.NH,20230109,6339.4561,6338.5201,6355.2165,6314.8794,6356.1112,-16.6551,-0.0026,5632367,6107255
NHMI.NH,20230106,6356.1112,6329.3791,6366.4415,6281.3533,6321.3833,34.7278,0.0055,5047028,6170516
NHMI.NH,20230105,6321.3833,6366.9205,6340.0556,6282.9005,6376.3509,-54.9676,-0.0086,4653985,6043413
NHMI.NH,20230104,6376.3509,6438.3184,6456.7014,6363.3325,6439.2132,-62.8623,-0.0098,4577509,6100698
NHMI.NH,20230103,6439.2132,6515.5941,6515.5941,6381.6806,6517.2768,-78.0635,-0.012,3555467,5979819
NHMI.NH,20221230,6517.2768,6457.1405,6529.8508,6448.3055,6453.8945,63.3823,0.0098,4494370,6067855
NHMI.NH,20221229,6453.8945,6438.5044,6459.2852,6402.9341,6436.1721,17.7224,0.0028,4363173,6106035
NHMI.NH,20221228,6436.1721,6448.533,6443.4902,6399.0328,6446.0752,-9.9031,-0.0015,3713929,6128372
NHMI.NH,20221227,6446.0752,6341.2205,6449.5548,6346.0037,6341.2205,104.8547,0.0165,4182073,6170208
NHMI.NH,20221226,6341.2205,6308.4871,6347.1009,6267.3588,6305.3553,35.8652,0.0057,4463927,6139381
NHMI.NH,20221223,6305.3553,6301.3226,6311.3585,6253.8382,6297.2304,8.1249,0.0013,5332301,6255821
NHMI.NH,20221222,6297.2304,6331.0588,6371.2063,6291.0597,6324.4312,-27.2008,-0.0043,5396934,6304853
NHMI.NH,20221221,6324.4312,6221.3139,6324.904,6239.0483,6218.029,106.4022,0.0171,4934572,6372863
NHMI.NH,20221220,6218.029,6202.6253,6260.9595,6169.3981,6202.8908,15.1382,0.0024,5186560,6302734
NHMI.NH,20221219,6202.8908,6333.2773,6302.8452,6199.6974,6333.9106,-131.0197,-0.0207,6877290,6340022
NHMI.NH,20221216,6333.9106,6398.5572,6409.3227,6273.2637,6399.1713,-65.2607,-0.0102,7141105,6602475
NHMI.NH,20221215,6399.1713,6350.4143,6401.6352,6316.1363,6349.5966,49.5747,0.0078,5531339,6811557
NHMI.NH,20221214,6349.5966,6333.1537,6353.1971,6294.815,6332.5216,17.075,0.0027,5014423,6765795
NHMI.NH,20221213,6332.5216,6292.6012,6334.5665,6276.3494,6293.855,38.6666,0.0061,4779069,6642000
NHMI.NH,20221212,6293.855,6367.9457,6370.7535,6284.3413,6376.8869,-83.0319,-0.013,5190897,6680097
NHMI.NH,20221209,6376.8869,6271.5124,6395.2467,6296.5209,6262.7844,114.1025,0.0182,6110258,6822946
NHMI.NH,20221208,6262.7844,6129.7352,6273.9738,6187.7638,6128.7891,133.9953,0.0219,4624245,6745286
NHMI.NH,20221207,6128.7891,6168.9185,6234.315,6110.4747,6168.7683,-39.9792,-0.0065,5751201,6736457
NHMI.NH,20221206,6168.7683,6175.122,6201.0291,6139.3965,6179.802,-11.0337,-0.0018,4453181,6784784
NHMI.NH,20221205,6179.802,6149.4746,6252.0926,6169.8172,6144.8105,34.9915,0.0057,6061255,6822587
NHMI.NH,20221202,6144.8105,6075.5709,6155.095,6061.1847,6073.0256,71.7849,0.0118,5077322,6845127
NHMI.NH,20221201,6073.0256,6037.0787,6108.2306,6053.8219,6022.8055,50.2201,0.0083,4911145,6661542
NHMI.NH,20221130,6022.8055,6025.9551,6040.6136,5980.8995,6026.7862,-3.9807,-0.0007,4558643,6579918
NHMI.NH,20221129,6026.7862,5940.6029,6060.754,6015.2101,5935.0948,91.6915,0.0154,5395013,6634154
NHMI.NH,20221128,5935.0948,6003.5317,5989.7721,5896.2007,5997.8944,-62.7996,-0.0105,5246170,6503996
NHMI.NH,20221125,5997.8944,5923.1656,6002.5764,5913.3824,5921.8666,76.0277,0.0128,5143251,6561878
NHMI.NH,20221124,5921.8666,5900.9746,5982.1059,5915.0151,5903.5435,18.3231,0.0031,5572032,6582533
NHMI.NH,20221123,5903.5435,5863.5426,5919.5535,5861.6458,5866.1216,37.4219,0.0064,5449823,6576050
NHMI.NH,20221122,5866.1216,5915.8631,5928.129,5863.9613,5918.3936,-52.272,-0.0088,5393173,6545072
NHMI.NH,20221121,5918.3936,5995.039,5961.7637,5853.2638,5995.039,-76.6453,-0.0128,6191771,6571819
NHMI.NH,20221118,5995.039,5992.7866,6012.5843,5951.7868,5992.7866,2.2524,0.0004,5429569,6702971
NHMI.NH,20221117,5992.7866,6017.1004,5992.7866,5909.0983,6010.1404,-17.3538,-0.0029,5843933,6596190
NHMI.NH,20221116,6010.1404,5962.2452,6035.5489,5967.9086,5966.0745,44.0659,0.0074,5450520,6664447
NHMI.NH,20221115,5966.0745,5887.4819,5981.9873,5909.689,5885.6459,80.4286,0.0137,4809375,6603303
NHMI.NH,20221114,5885.6459,5921.6498,6008.524,5865.6812,5913.6727,-28.0268,-0.0047,6317012,6536112
NHMI.NH,20221111,5913.6727,5731.8521,5973.1885,5812.3463,5747.2198,166.4529,0.029,7575275,6604620
NHMI.NH,20221110,5747.2198,5753.0211,5772.424,5711.6214,5758.3724,-11.1526,-0.0019,5822033,6542260
NHMI.NH,20221109,5758.3724,5711.0439,5772.5119,5718.8229,5710.6082,47.7642,0.0084,5151391,6527338
NHMI.NH,20221108,5710.6082,5121.8217,5718.3504,5625.6136,5646.4823,64.1259,0.0114,4769411,6463804
NHMI.NH,20221107,5646.4823,5643.8486,5727.4105,5611.5181,5640.2304,6.252,0.0011,6032367,6433625
NHMI.NH,20221104,5640.2304,5516.6396,5655.6098,5515.8313,5525.8462,114.3842,0.0207,6219827,6408020
NHMI.NH,20221103,5525.8462,5298.1478,5558.5645,5483.8131,5507.1164,18.7298,0.0034,5249997,6480264
NHMI.NH,20221102,5507.1164,5383.514,5551.3943,5468.0152,5444.2913,62.8251,0.0115,5646152,6522561
NHMI.NH,20221101,5444.2913,5299.993,5456.0073,5319.7827,5297.9644,146.327,0.0276,6256344,6508333
NHMI.NH,20221031,5297.9644,5422.9289,5392.0498,5287.8074,5422.3447,-124.3803,-0.0229,6186704,6566613
NHMI.NH,20221028,5422.3447,5524.5336,5528.5429,5408.9235,5528.97,-106.6253,-0.0193,5778519,6479958
NHMI.NH,20221027,5528.97,5569.9746,5609.6316,5527.075,5568.5519,-39.5819,-0.0071,4348532,6352269
NHMI.NH,20221026,5568.5519,5587.1928,5632.271,5560.0413,5587.0141,-18.4623,-0.0033,4375287,6303819
NHMI.NH,20221025,5587.0141,5605.7022,5615.6298,5557.0488,5609.2105,-22.1964,-0.004,5060128,6297507
NHMI.NH,20221024,5609.2105,5554.9925,5667.812,5599.177,5560.149,49.0615,0.0088,5504224,6204913
NHMI.NH,20221021,5560.149,5561.7831,5635.9646,5555.28,5554.6369,5.5121,0.001,5496614,6164563
NHMI.NH,20221020,5554.6369,5584.0006,5604.0615,5552.2304,5587.4521,-32.8152,-0.0059,5524437,6284737
NHMI.NH,20221019,5587.4521,5587.26,5617.1659,5571.5,5582.0801,5.372,0.001,4446078,6147839
NHMI.NH,20221018,5582.0801,5601.1467,5600.4431,5547.9978,5598.8324,-16.7523,-0.003,4655611,6016865
NHMI.NH,20221017,5598.8324,5696.5081,5638.7873,5571.3832,5717.0631,-118.2307,-0.0207,5239730,6030099
NHMI.NH,20221014,5717.0631,5598.9644,5734.3403,5655.8874,5613.4504,103.6127,0.0185,4501720,5881180
NHMI.NH,20221013,5613.4504,5672.4838,5709.23,5608.7571,5671.6404,-58.19,-0.0103,4564766,5874239
NHMI.NH,20221012,5671.6404,5707.2053,5678.7921,5621.2102,5702.1635,-30.5231,-0.0054,4495718,5790917
NHMI.NH,20221011,5702.1635,5743.1121,5766.4889,5685.8179,5734.8918,-32.7283,-0.0057,4580167,5821738
NHMI.NH,20221010,5734.8918,5718.4428,5740.4385,5702.8956,5718.4428,16.449,0.0029,3278092,5739205
NHMI.NH,20220930,5718.4428,5695.3635,5740.7743,5694.4403,5694.5261,23.9167,0.0042,4047221,5583987
NHMI.NH,20220929,5694.5261,5641.3634,5728.234,5670.5165,5634.6319,59.8942,0.0106,4243192,5808227
NHMI.NH,20220928,5634.6319,5717.1878,5684.3918,5625.6827,5693.9173,-59.2854,-0.0104,4307864,5876296
NHMI.NH,20220927,5693.9173,5639.4913,5710.3089,5624.6661,5636.9624,56.955,0.0101,5027070,5920523
NHMI.NH,20220926,5636.9624,5709.584,5702.7582,5622.5211,5726.3481,-89.3857,-0.0156,5383811,5925754
NHMI.NH,20220923,5726.3481,5779.3175,5775.9085,5720.955,5757.374,-31.0259,-0.0054,4076440,6028289
NHMI.NH,20220922,5757.374,5712.4977,5777.9132,5639.354,5716.0864,41.2876,0.0072,5267326,6087584
NHMI.NH,20220921,5716.0864,5657.8056,5731.5403,5634.9778,5658.2322,57.8541,0.0102,4569405,6058113
NHMI.NH,20220920,5658.2322,5659.6343,5739.3199,5655.1009,5659.2065,-0.9743,-0.0002,4527171,6020127
NHMI.NH,20220919,5659.2065,5649.4905,5767.1125,5656.8039,5648.9245,10.282,0.0018,4479148,6043686
NHMI.NH,20220916,5648.9245,5699.1831,5709.7241,5625.9219,5700.5649,-51.6404,-0.0091,4835253,6093975
NHMI.NH,20220915,5700.5649,5692.4547,5774.667,5668.0246,5699.5653,0.9996,0.0002,5406915,6175610
NHMI.NH,20220914,5699.5653,5763.7033,5713.3362,5654.0876,5773.2042,-73.6388,-0.0128,4450185,6127592
NHMI.NH,20220913,5773.2042,5744.8035,5801.7295,5737.559,5744.4104,28.7937,0.005,3077016,6140344
NHMI.NH,20220909,5744.4104,5532.3119,5754.4779,5584.7957,5530.6472,213.7632,0.0387,4776108,6167653
NHMI.NH,20220908,5530.6472,5458.3167,5552.6819,5474.8484,5458.3167,72.3305,0.0133,4966513,6219196
NHMI.NH,20220907,5458.3167,5491.5794,5487.9606,5442.0111,5494.1119,-35.7953,-0.0065,4679517,6207881
NHMI.NH,20220906,5494.1119,5463.5936,5503.1202,5469.2123,5461.0781,33.0338,0.006,3830497,6170335
NHMI.NH,20220905,5461.0781,5410.9577,5471.6572,5371.7348,5410.9577,50.1204,0.0093,5306780,6143311
NHMI.NH,20220902,5410.9577,5434.9617,5422.3121,5374.2959,5447.0702,-36.1125,-0.0066,5750424,6270573
NHMI.NH,20220901,5447.0702,5541.0319,5536.1859,5440.9486,5533.211,-86.1408,-0.0156,5666438,6236481
NHMI.NH,20220831,5533.211,5513.0407,5542.0792,5502.4269,5506.2009,27.0101,0.0049,4673766,6140572
NHMI.NH,20220830,5506.2009,5608.9689,5601.9722,5499.8186,5607.5666,-101.3657,-0.0181,5348080,6136676
NHMI.NH,20220829,5607.5666,5752.2446,5716.9894,5574.8265,5753.1627,-145.5961,-0.0253,6548031,6117044
NHMI.NH,20220826,5753.1627,5678.9238,5758.6386,5685.2003,5673.3873,79.7754,0.0141,4809477,6176826
NHMI.NH,20220825,5673.3873,5685.9574,5696.8071,5651.2158,5683.4272,-10.0399,-0.0018,5130186,6142533
NHMI.NH,20220824,5683.4272,5655.3679,5684.4243,5606.5972,5644.6683,38.7589,0.0069,4683508,6180225
NHMI.NH,20220823,5644.6683,5596.1685,5662.8166,5605.9791,5596.1685,48.4998,0.0087,4422579,6267452
NHMI.NH,20220822,5596.1685,5489.1546,5622.123,5571.5272,5486.5579,109.6106,0.02,5249753,6401805
NHMI.NH,20220819,5486.5579,5511.8402,5557.4666,5476.4666,5500.4156,-13.8576,-0.0025,5671521,6451031
NHMI.NH,20220818,5500.4156,5550.8442,5594.7,5496.9139,5552.4118,-51.9963,-0.0094,5594456,6546135
NHMI.NH,20220817,5552.4118,5656.387,5674.0008,5547.3244,5657.2213,-104.8095,-0.0185,5848721,6447080
NHMI.NH,20220816,5657.2213,5596.3112,5691.061,5600.1257,5608.9462,48.275,0.0086,4373666,6390297
NHMI.NH,20220815,5608.9462,5731.3817,5722.367,5584.6606,5740.1743,-131.2281,-0.0229,5912004,6440803
NHMI.NH,20220812,5740.1743,5723.5243,5765.9317,5684.743,5723.5243,16.65,0.0029,4545721,6432428
NHMI.NH,20220811,5723.5243,5606.4032,5739.136,5638.7893,5591.7335,131.7908,0.0236,5523755,6472122
NHMI.NH,20220810,5591.7335,5602.7358,5643.781,5559.9536,5596.1567,-4.4231,-0.0008,4810295,6411704
NHMI.NH,20220809,5596.1567,5636.5126,5640.3737,5576.4214,5632.4553,-36.2986,-0.0064,4736575,6405772
NHMI.NH,20220808,5632.4553,5602.9587,5654.0137,5600.3176,5611.2048,21.2505,0.0038,5145283,6408013
NHMI.NH,20220805,5611.2048,5470.5427,5647.7145,5504.6532,5467.0498,144.155,0.0264,5512083,6427194
NHMI.NH,20220804,5467.0498,5573.7449,5568.2341,5459.782,5575.2749,-108.2251,-0.0194,5401571,6349616
NHMI.NH,20220803,5575.2749,5635.7202,5648.7752,5558.9036,5640.2031,-64.9282,-0.0115,5371294,6320582
NHMI.NH,20220802,5640.2031,5633.9312,5648.4221,5535.7515,5641.3856,-1.1825,-0.0002,5355628,6354373
NHMI.NH,20220801,5641.3856,5563.297,5718.5528,5620.2637,5559.5955,81.79,0.0147,6164292,6411536
NHMI.NH,20220729,5559.5955,5548.4031,5572.9022,5494.8246,5566.6572,-7.0617,-0.0013,4961229,6329237
NHMI.NH,20220728,5566.6572,5367.4857,5578.1885,5401.5423,5367.8487,198.8085,0.037,5678138,6365137
NHMI.NH,20220727,5367.8487,5413.268,5389.6144,5278.263,5408.9504,-41.1017,-0.0076,5292353,6414741
NHMI.NH,20220726,5408.9504,5250.2138,5409.1645,5244.0327,5247.0774,161.873,0.0309,5338156,6334037
NHMI.NH,20220725,5247.0774,5208.8472,5310.4412,5228.9148,5194.2598,52.8176,0.0102,5336620,6312406
NHMI.NH,20220722,5194.2598,5111.5125,5210.7474,5104.3994,5126.4353,67.8245,0.0132,5034119,6302080
NHMI.NH,20220721,5126.4353,5154.0731,5158.5941,5085.3184,5147.8715,-21.4362,-0.0042,5502054,6269570
NHMI.NH,20220720,5147.8715,5021.7571,5192.8569,5080.2543,5040.256,107.6155,0.0214,6157656,6230116
NHMI.NH,20220719,5040.256,5084.3314,5168.1085,5014.8878,5084.3314,-44.0754,-0.0087,6185395,6238108
NHMI.NH,20220718,5084.3314,4844.2491,5102.779,4983.8981,4836.2823,248.0491,0.0513,6868032,6219335
NHMI.NH,20220715,4836.2823,5078.6723,5007.8181,4834.4949,5111.7986,-275.5163,-0.0539,7697384,6418558
NHMI.NH,20220714,5111.7986,5246.2306,5239.6367,5110.6326,5263.8036,-152.005,-0.0289,6748430,6300088
NHMI.NH,20220713,5263.8036,5245.8206,5296.9228,5180.1232,5256.8809,6.9227,0.0013,6260983,6319870
NHMI.NH,20220712,5256.8809,5398.8269,5419.3537,5244.2556,5398.8269,-141.946,-0.0263,5884571,6257528
NHMI.NH,20220711,5398.8269,5445.3443,5411.8871,5314.2569,5438.8815,-40.0546,-0.0074,6395774,6132193
NHMI.NH,20220708,5438.8815,5476.4403,5545.862,5421.8221,5455.3095,-16.428,-0.003,4926847,6092514
NHMI.NH,20220707,5455.3095,5454.0878,5515.0642,5357.5321,5449.2147,6.0947,0.0011,5859967,6073981
NHMI.NH,20220706,5449.2147,5458.2664,5453.2104,5256.6772,5482.9844,-33.7696,-0.0062,6684335,6045355
NHMI.NH,20220705,5482.9844,5438.0543,5555.2552,5475.4134,5430.4361,52.5482,0.0097,5130876,6012086
NHMI.NH,20220704,5430.4361,5515.4571,5491.7977,5411.9241,5512.7454,-82.3093,-0.0149,5151286,5944436
NHMI.NH,20220701,5512.7454,5699.9026,5646.4837,5498.0806,5719.8787,-207.1333,-0.0362,5727126,5871817
NHMI.NH,20220630,5719.8787,5738.1706,5789.5906,5701.715,5720.7716,-0.8928,-0.0002,4910189,5831784
NHMI.NH,20220629,5720.7716,5789.1774,5790.3948,5683.421,5790.2811,-69.5095,-0.012,5024254,5831793
NHMI.NH,20220628,5790.2811,5665.4334,5794.1793,5621.0885,5663.9129,126.3682,0.0223,4802474,5797882
NHMI.NH,20220627,5663.9129,5551.3865,5715.9053,5589.3522,5532.3556,131.5573,0.0238,6241444,5836237
NHMI.NH,20220624,5532.3556,5743.5051,5668.9536,5525.8766,5726.4575,-194.1019,-0.0339,5910768,5893532
NHMI.NH,20220623,5726.4575,5653.8988,5754.3996,5576.532,5647.1851,79.2724,0.014,6013198,5842242
NHMI.NH,20220622,5647.1851,5808.7598,5830.7698,5611.9929,5802.1753,-154.9902,-0.0267,5368784,5838793
NHMI.NH,20220621,5802.1753,5747.2066,5900.5014,5787.1925,5748.972,53.2033,0.0093,5644554,5683139
NHMI.NH,20220620,5748.972,5974.5092,5891.4645,5728.5809,5987.7552,-238.7832,-0.0399,7022718,5721102
NHMI.NH,20220617,5987.7552,6135.3141,6076.7015,5976.4259,6152.6545,-164.8993,-0.0268,5664380,5526855
NHMI.NH,20220616,6152.6545,6153.1477,6248.4858,6142.8826,6146.166,6.4885,0.0011,4067459,5402261
NHMI.NH,20220615,6146.166,6256.8968,6268.0764,6146.166,6266.9225,-120.7565,-0.0193,4421464,5432446
NHMI.NH,20220614,6266.9225,6309.1264,6298.1595,6206.3481,6307.6429,-40.7204,-0.0065,4040046,5436018
NHMI.NH,20220613,6307.6429,6453.4641,6379.8592,6274.7891,6458.0003,-150.3575,-0.0233,4409769,5467033
NHMI.NH,20220610,6458.0003,6480.8597,6490.3409,6408.4571,6492.0646,-34.0643,-0.0052,3685581,5533607
NHMI.NH,20220609,6492.0646,6531.2716,6544.0954,6476.1913,6522.6122,-30.5476,-0.0047,3392568,5517803
NHMI.NH,20220608,6522.6122,6445.7084,6539.1605,6454.782,6453.4794,69.1328,0.0107,3969453,5523932
NHMI.NH,20220607,6453.4794,6480.7183,6511.9208,6439.7985,6472.3112,-18.8317,-0.0029,3020947,5434988
NHMI.NH,20220606,6472.3112,6470.5785,6534.0626,6458.5239,6470.3307,1.9805,0.0003,2629925,5398652
NHMI.NH,20220602,6470.3307,6370.2497,6471.5762,6370.3283,6361.3094,109.0213,0.0171,3794628,5395341
NHMI.NH,20220601,6361.3094,6365.8074,6380.8109,6302.0863,6369.5989,-8.2895,-0.0013,3658997,5441200
NHMI.NH,20220531,6369.5989,6319.0587,6391.3955,6352.0429,6314.2191,55.3797,0.0088,3496950,5732218
NHMI.NH,20220530,6314.2191,6230.1036,6336.2689,6269.6291,6230.7833,83.4358,0.0134,3877778,5788858
NHMI.NH,20220527,6230.7833,6103.6892,6255.8836,6184.0889,6100.3112,130.4721,0.0214,4262293,5803136
NHMI.NH,20220526,6100.3112,6134.2959,6119.4901,6017.7624,6151.6947,-51.3835,-0.0084,5420599,5924303
NHMI.NH,20220525,6151.6947,6085.3148,6167.3685,6068.507,6088.48,63.2147,0.0104,4456157,5827804
NHMI.NH,20220524,6088.48,6224.053,6226.4833,6079.2334,6221.7034,-133.2234,-0.0214,4151855,5889994
NHMI.NH,20220523,6221.7034,6224.852,6318.5539,6174.1771,6222.78,-1.0766,-0.0002,4706481,5753031
NHMI.NH,20220520,6222.78,6113.012,6228.2613,6165.9098,6116.8219,105.9581,0.0173,3689388,5705966
NHMI.NH,20220519,6116.8219,6016.1287,6126.3005,5959.4939,6018.893,97.929,0.0163,4543425,5838300
NHMI.NH,20220518,6018.893,6180.9752,6156.9663,6017.4716,6160.494,-141.601,-0.023,4104739,5866018
NHMI.NH,20220517,6160.494,6161.3251,6209.5462,6114.1721,6163.3388,-2.8448,-0.0005,3459919,5625463
NHMI.NH,20220516,6163.3388,6133.6409,6190.5567,6075.9445,6138.5055,24.8334,0.004,4714561,5716240
NHMI.NH,20220513,6138.5055,6036.4787,6151.1417,6033.7469,6052.1817,86.3238,0.0143,4339399,5658272
NHMI.NH,20220512,6052.1817,6153.1262,6223.2821,6030.4564,6157.9683,-105.7867,-0.0172,4642899,5687796
NHMI.NH,20220511,6157.9683,6046.1253,6201.2475,6027.1982,6035.3915,122.5768,0.0203,4108348,5659659
NHMI.NH,20220510,6035.3915,6110.5308,6045.2643,5931.8834,6129.1131,-93.7216,-0.0153,5127425,5711046
NHMI.NH,20220509,6129.1131,6242.2575,6212.7988,6100.8628,6236.9683,-107.8552,-0.0173,5042552,5651660
NHMI.NH,20220506,6236.9683,6473.5358,6375.1209,6230.3306,6459.8385,-222.8702,-0.0345,4775623,5539067
NHMI.NH,20220505,6459.8385,6513.4982,6513.4982,6420.0175,6513.4982,-53.6597,-0.0082,2743754,5136547
NHMI.NH,20220429,6513.4982,6427.1908,6525.1303,6377.1474,6430.1023,83.3959,0.013,3800779,5114982
NHMI.NH,20220428,6430.1023,6382.9662,6439.763,6345.3923,6385.1391,44.9632,0.007,4282836,5281760
NHMI.NH,20220427,6385.1391,6324.8216,6394.0687,6310.2196,6312.4825,72.6566,0.0115,4446970,5323082
NHMI.NH,20220426,6312.4825,6263.6905,6383.6848,6221.5308,6266.482,46.0005,0.0073,4592160,5320912
NHMI.NH,20220425,6266.482,6609.505,6427.8706,6261.376,6616.4663,-349.9843,-0.0529,6577992,5413029
NHMI.NH,20220422,6616.4663,6673.7193,6702.1978,6608.1251,6669.9237,-53.4574,-0.008,3791965,5488153
NHMI.NH,20220421,6669.9237,6689.0897,6733.0853,6634.712,6682.3821,-12.4585,-0.0019,3909366,5521430
NHMI.NH,20220420,6682.3821,6657.157,6754.2125,6652.4129,6655.7191,26.6631,0.004,4163983,5637047
NHMI.NH,20220419,6655.7191,6699.6899,6798.8622,6650.5128,6693.1129,-37.3938,-0.0056,5059202,5594480
NHMI.NH,20220418,6693.1129,6667.5846,6720.8465,6645.3266,6671.5452,21.5676,0.0032,3946296,5568567
NHMI.NH,20220415,6671.5452,6586.7565,6694.9104,6628.73,6579.8463,91.699,0.0139,3535842,5543647
NHMI.NH,20220414,6579.8463,6525.0171,6607.7903,6497.1125,6509.7022,70.144,0.0108,4083835,5521043
NHMI.NH,20220413,6509.7022,6560.4637,6598.5754,6472.2461,6564.3197,-54.6175,-0.0083,4747131,5596459
NHMI.NH,20220412,6564.3197,6392.8214,6568.3707,6409.4969,6384.0322,180.2875,0.0282,4267987,5545161
NHMI.NH,20220411,6384.0322,6579.3444,6520.3272,6361.5093,6579.4123,-195.3801,-0.0297,4515939,5466011
NHMI.NH,20220408,6579.4123,6557.0097,6609.5116,6494.5517,6548.1386,31.2737,0.0048,4169443,5482264
NHMI.NH,20220407,6548.1386,6673.5286,6636.4437,6529.9788,6668.8517,-120.7131,-0.0181,4041615,5537712
NHMI.NH,20220406,6668.8517,6644.4443,6731.9389,6597.5484,6644.4443,24.4074,0.0037,2731774,5549424
NHMI.NH,20220401,6644.4443,6561.6268,6653.7247,6570.4961,6561.5049,82.9394,0.0126,3628312,5557355
NHMI.NH,20220331,6561.5049,6623.4714,6640.6971,6496.5389,6613.26,-51.7551,-0.0078,4366031,5536635
NHMI.NH,20220330,6613.26,6458.3351,6616.8692,6436.8004,6514.9207,98.3393,0.0151,4374938,5720439
NHMI.NH,20220329,6514.9207,6527.7177,6531.3378,6484.3415,6513.9614,0.9592,0.0001,3715683,5842188
NHMI.NH,20220328,6513.9614,6594.2469,6554.9609,6463.5664,6593.1747,-79.2132,-0.012,4502149,5908992
NHMI.NH,20220325,6593.1747,6449.3168,6609.2136,6510.7153,6432.2219,160.9528,0.025,4105971,5938869
NHMI.NH,20220324,6432.2219,6320.119,6488.2324,6425.5544,6312.867,119.3549,0.0189,3768816,5902383
NHMI.NH,20220323,6312.867,6217.4463,6315.1419,6214.9819,6222.4146,90.4524,0.0145,3775975,5977679
NHMI.NH,20220322,6222.4146,6260.7441,6295.3652,6219.1289,6271.9028,-49.4883,-0.0079,3199472,5886354
NHMI.NH,20220321,6271.9028,6322.3994,6351.8853,6231.5903,6324.688,-52.7852,-0.0083,4189341,5868736
NHMI.NH,20220318,6324.688,6234.7461,6324.688,6234.7461,6234.1797,90.5083,0.0145,3541283,5765992
NHMI.NH,20220317,6234.1797,6300.8403,6300.8403,6191.436,6268.7603,-34.5806,-0.0055,4062592,5735090
NHMI.NH,20220316,6268.7603,6017.6494,6269.02,6017.6494,6040.6792,228.0811,0.0378,4385465,5691674
NHMI.NH,20220315,6040.6792,6039.5186,6154.9556,6007.8936,6035.9233,4.7559,0.0008,5333317,5625706
NHMI.NH,20220314,6035.9233,6233.8965,6233.8965,6034.8208,6271.1333,-235.21,-0.0375,5458377,5662124
NHMI.NH,20220311,6271.1333,6387.6841,6387.6841,6186.6675,6360.4131,-89.2798,-0.014,4103462,5655050
NHMI.NH,20220310,6360.4131,6374.1216,6411.2446,6231.9507,6401.9898,-41.5767,-0.0065,5362131,5473661
NHMI.NH,20220309,6401.9898,6343.8677,6529.146,6343.8677,6431.1929,-29.2031,-0.0045,5423609,5774800
NHMI.NH,20220308,6431.1929,6458.1289,6549.9653,6346.792,6463.9824,-32.7896,-0.0051,7558140,5954849
NHMI.NH,20220307,6463.9824,6143.3213,6467.0591,6143.3213,6143.9868,319.9956,0.0521,6634717,6291975
NHMI.NH,20220304,6143.9868,6134.4863,6176.8965,6080.1963,6131.479,12.5078,0.002,6015365,6318050
NHMI.NH,20220303,6131.479,6000.7896,6149.0562,6000.7896,5963.6148,167.8643,0.0281,6571910,6366225
NHMI.NH,20220302,5963.6148,5896.0044,5982.9898,5896.0044,5881.251,82.3638,0.014,4660520,6298457
NHMI.NH,20220301,5881.251,5778.6714,5889.9863,5778.6714,5772.9321,108.3189,0.0188,4707943,6227589
NHMI.NH,20220228,5772.9321,5665.1304,5781.4722,5665.1304,5659.2031,113.729,0.0201,4919961,6205418
NHMI.NH,20220225,5659.2031,5744.6035,5744.6035,5570.2637,5734.8491,-75.646,-0.0132,6388941,6363274
NHMI.NH,20220224,5734.8491,5776.3066,5781.8516,5710.877,5778.6123,-43.7632,-0.0076,5844259,6304160
NHMI.NH,20220223,5778.6123,5745.5552,5827.043,5736.2881,5735.0518,43.5605,0.0076,4535319,6139568
NHMI.NH,20220222,5735.0518,5826.9805,5852.6226,5731.6626,5817.7246,-82.6729,-0.0142,4693766,6105082
NHMI.NH,20220221,5817.7246,5766.7944,5819.418,5699.356,5764.0811,53.6436,0.0093,4629134,6061484
NHMI.NH,20220218,5764.0811,5663.626,5779.2202,5663.626,5684.8628,79.2183,0.0139,4481682,5992483
NHMI.NH,20220217,5684.8628,5822.4131,5822.4131,5672.334,5812.374,-127.5112,-0.0219,5116114,6015162
NHMI.NH,20220216,5812.374,5741.1665,5824.3189,5733.561,5729.2915,83.0825,0.0145,4060500,5832633
NHMI.NH,20220215,5729.2915,5894.8774,5894.8774,5679.376,5919.4883,-190.1968,-0.0321,5843601,5849388
NHMI.NH,20220214,5919.4883,5964.2109,5980.5122,5893.0615,5986.4321,-66.9439,-0.0112,5414978,5780865
NHMI.NH,20220211,5986.4321,6102.7705,6119.7598,5985.9619,6076.2964,-89.8643,-0.0148,4822515,5832016
NHMI.NH,20220210,6076.2964,5897.4395,6084.1997,5897.4395,5896.626,179.6704,0.0305,4303419,5723757
NHMI.NH,20220209,5896.626,6003.6265,6003.6265,5887.7188,6002.5518,-105.9258,-0.0176,4352530,5535496
NHMI.NH,20220208,6002.5518,5941.8584,6046.4287,5941.8584,5941.8584,60.6934,0.0102,3914631,5444853
NHMI.NH,20220207,5941.8584,5890.9312,5987.2441,5889.3843,5917.1421,24.7163,0.0042,2525186,5304654
NHMI.NH,20220128,5917.1421,5731.6831,5917.4478,5731.6831,5731.6831,185.459,0.0324,3756326,5274754
NHMI.NH,20220127,5731.6831,5775.147,5789.397,5718.231,5769.4102,-37.7271,-0.0065,3846378,5381709
NHMI.NH,20220126,5769.4102,5737.6699,5775.2861,5700.1382,5729.8301,39.5801,0.0069,4178900,5552861
NHMI.NH,20220125,5729.8301,5694.7886,5734.3911,5669.1392,5714.2256,15.6045,0.0027,4113569,5642017
NHMI.NH,20220124,5714.2256,5796.606,5847.6084,5713.1362,5799.0444,-84.8188,-0.0146,5043755,5812858
NHMI.NH,20220121,5799.0444,5775.7617,5818.7622,5747.3125,5768.4111,30.6333,0.0053,4437134,5867985
NHMI.NH,20220120,5768.4111,5695.6763,5791.5835,5695.6763,5681.855,86.5562,0.0152,4287208,5892328
NHMI.NH,20220119,5681.855,5609.1089,5704.98,5609.1089,5597.2686,84.5864,0.0151,4665169,5872443
NHMI.NH,20220118,5597.2686,5551.4614,5599.6821,5531.2349,5552.1128,45.1558,0.0081,3554158,5843466
NHMI.NH,20220117,5552.1128,5666.4551,5666.4551,5522.1621,5671.0225,-118.9097,-0.021,5073989,5942463
NHMI.NH,20220114,5671.0225,5638.9092,5675.9951,5634.6904,5643.7383,27.2842,0.0048,4031863,6027069
NHMI.NH,20220113,5643.7383,5681.8189,5728.79,5642.5459,5667.2734,-23.5352,-0.0042,4672531,6104461
NHMI.NH,20220112,5667.2734,5588.5864,5678.1587,5588.5864,5579.1045,88.169,0.0158,3732419,6095436
NHMI.NH,20220111,5579.1045,5487.6841,5584.7026,5486.0342,5478.3193,100.7852,0.0184,4415689,6113099
NHMI.NH,20220110,5478.3193,5508.0889,5508.1006,5457.2432,5514.1929,-35.8735,-0.0065,3692883,5892167
NHMI.NH,20220107,5514.1929,5474.2852,5525.7607,5446.2466,5474.2852,39.9077,0.0073,4181464,5984371
NHMI.NH,20220106,5474.2852,5431.9526,5485.0523,5429.3711,5425.1548,49.1304,0.0091,4144718,6024676
NHMI.NH,20220105,5425.1548,5393.5068,5441.8584,5391.3618,5381.2896,43.8652,0.0082,3890472,5983362
NHMI.NH,20220104,5381.2896,5343.0737,5385.9893,5291.7671,5343.0737,38.2158,0.0072,3298607,5974827
NHMI.NH,20211231,5343.0737,5309.9614,5354.3823,5296.6123,5305.5889,37.4849,0.0071,4115620,5980050
NHMI.NH,20211230,5305.5889,5302.7378,5363.708,5288.1274,5294.1963,11.3926,0.0022,5160719,6151267
NHMI.NH,20211229,5294.1963,5304.1025,5317.2393,5234.6836,5313.5356,-19.3394,-0.0036,4598446,6180215
NHMI.NH,20211228,5313.5356,5299.4097,5341.0898,5289.2329,5298.7017,14.834,0.0028,4406467,6260839
NHMI.NH,20211227,5298.7017,5458.8237,5458.8237,5297.4033,5457.1997,-158.4981,-0.029,5797390,6460457
NHMI.NH,20211224,5457.1997,5417.3179,5469.8906,5417.3179,5418.8198,38.3799,0.0071,4607677,6418440
NHMI.NH,20211223,5418.8198,5369.0762,5425.6089,5350.6221,5371.6021,47.2178,0.0088,4908405,6426606
NHMI.NH,20211222,5371.6021,5372.2207,5407.8213,5340.0752,5368.1055,3.4966,0.0007,4776282,6352804
NHMI.NH,20211221,5368.1055,5313.8823,5388.042,5313.6157,5303.833,64.2725,0.0121,5380734,6344527
NHMI.NH,20211220,5303.833,5361.9575,5422.0747,5297.0552,5362.7173,-58.8843,-0.011,5703359,6358788
NHMI.NH,20211217,5362.7173,5319.9478,5389.8643,5319.9478,5319.9478,42.7695,0.008,5111557,6382372
NHMI.NH,20211216,5319.9478,5212.5571,5330.4492,5212.5571,5213.9336,106.0142,0.0203,4932313,6409471
NHMI.NH,20211215,5213.9336,5227.2915,5272.4336,5198.5835,5228.0054,-14.0718,-0.0027,5005207,6481126
NHMI.NH,20211214,5228.0054,5291.2315,5291.2315,5214.124,5290.8189,-62.8135,-0.0119,4609100,6389590
NHMI.NH,20211213,5290.8189,5194.4346,5297.2466,5168.7568,5189.1426,101.6763,0.0196,5895981,6495519
NHMI.NH,20211210,5189.1426,5174.8882,5207.9048,5152.3291,5189.3628,-0.2202,0.0,5273180,6398221
NHMI.NH,20211209,5189.3628,5239.6333,5266.1245,5172.749,5246.8779,-57.5151,-0.011,6357541,6493451
NHMI.NH,20211208,5246.8779,5281.9546,5322.9819,5243.1685,5272.688,-25.8101,-0.0049,5890278,6550119
NHMI.NH,20211207,5272.688,5151.6382,5321.0054,5151.6382,5140.6118,132.0762,0.0257,6073196,6505465
NHMI.NH,20211206,5140.6118,5195.3189,5228.2837,5114.502,5186.9834,-46.3716,-0.0089,5974721,6549839
NHMI.NH,20211203,5186.9834,5109.9224,5204.8159,5103.3262,5125.4224,61.561,0.012,6968303,6611841
NHMI.NH,20211202,5125.4224,5209.8047,5218.6553,5121.7227,5203.9009,-78.4785,-0.0151,7050348,6543579
NHMI.NH,20211201,5203.9009,5120.0278,5227.9214,5120.0278,5106.7095,97.1914,0.019,6899583,6511454
NHMI.NH,20211130,5106.7095,5126.2319,5166.3921,5040.3062,5123.1304,-16.4209,-0.0032,6739359,6532586
NHMI.NH,20211129,5123.1304,5036.7451,5168.2402,5036.7451,5052.353,70.7773,0.014,7188918,6518560
NHMI.NH,20211126,5052.353,5225.8232,5225.8232,5050.8691,5225.1211,-172.7681,-0.0331,7706969,6695692
NHMI.NH,20211125,5225.1211,5212.8648,5261.8672,5183.1948,5205.6367,19.4844,0.0037,7581460,6547730
NHMI.NH,20211124,5205.6367,5046.9443,5214.6709,5046.9443,5048.814,156.8228,0.0311,8736082,6565302
NHMI.NH,20211123,5048.814,4948.6978,5135.0156,4948.6978,4945.6514,103.1626,0.0209,9342523,6732457
NHMI.NH,20211122,4945.6514,4889.8872,4974.4717,4889.8872,4906.4321,39.2192,0.008,8442268,6741314
NHMI.NH,20211119,4906.4321,4740.8477,4936.6572,4740.8477,4734.1162,172.3159,0.0364,10109905,6706283
NHMI.NH,20211118,4734.1162,4846.6455,4846.6455,4731.644,4849.8355,-115.7192,-0.0239,7849337,6844154
NHMI.NH,20211117,4849.8355,4818.8242,4880.6172,4800.0088,4821.8267,28.0088,0.0058,8027418,6561971
NHMI.NH,20211116,4821.8267,4870.2607,4940.6826,4819.9092,4857.1152,-35.2886,-0.0073,7531499,6421352
NHMI.NH,20211115,4857.1152,4914.8418,4943.1753,4843.7871,4919.6387,-62.5234,-0.0127,8855143,6324107
NHMI.NH,20211112,4919.6387,5042.2324,5042.2324,4910.168,5038.919,-119.2803,-0.0237,8403833,6177347
NHMI.NH,20211111,5038.919,4867.5679,5067.0308,4867.5679,4867.2778,171.6411,0.0353,9422334,6038747
NHMI.NH,20211110,4867.2778,4920.9624,4920.9624,4738.5679,4930.0498,-62.772,-0.0127,9466706,6198181
NHMI.NH,20211109,4930.0498,4946.8687,4982.5264,4895.1382,4948.2598,-18.21,-0.0037,6580730,6167083
NHMI.NH,20211108,4948.2598,4908.5254,4973.5977,4888.2393,4898.1079,50.1519,0.0102,7341467,6005310
NHMI.NH,20211105,4898.1079,4990.6753,4990.6753,4852.0889,4985.5064,-87.3984,-0.0175,8234228,6008459
NHMI.NH,20211104,4985.5064,5097.2251,5097.2251,4922.6685,5098.4273,-112.9209,-0.0221,8169682,5979600
NHMI.NH,20211103,5098.4273,4957.9019,5129.374,4957.9019,4952.7925,145.6348,0.0294,8031425,5756057
NHMI.NH,20211102,4952.7925,5160.1494,5160.1494,4921.9136,5158.7861,-205.9937,-0.0399,9272718,5816656
NHMI.NH,20211101,5158.7861,5238.1812,5265.7251,5151.1963,5242.54,-83.7539,-0.016,8094054,5663828
NHMI.NH,20211029,5242.54,5366.7432,5370.9053,5188.7022,5368.6201,-126.0801,-0.0235,8857062,5362661
NHMI.NH,20211028,5368.6201,5360.9819,5469.958,5177.9429,5395.2129,-26.5928,-0.0049,12376198,5201024
NHMI.NH,20211027,5395.2129,5574.8853,5574.8853,5351.458,5568.8716,-173.6587,-0.0312,10323003,5335504
NHMI.NH,20211026,5568.8716,5490.6289,5597.4727,5467.022,5494.6372,74.2344,0.0135,8001819,5212906
NHMI.NH,20211025,5494.6372,5541.0254,5591.3101,5485.8604,5535.7275,-41.0903,-0.0074,8625810,5083588
NHMI.NH,20211022,5535.7275,5533.9565,5564.209,5425.4722,5539.5859,-3.8584,-0.0007,11184970,4844917
NHMI.NH,20211021,5539.5859,5735.2573,5890.0117,5521.5806,5735.0347,-195.4487,-0.0341,10133178,4839277
NHMI.NH,20211020,5735.0347,5906.2573,5906.2573,5724.8501,5909.5327,-174.498,-0.0295,8669233,4521977
NHMI.NH,20211019,5909.5327,5890.6904,5937.645,5814.8267,5900.061,9.4717,0.0016,6356897,4492742
NHMI.NH,20211018,5900.061,5865.6538,5929.5308,5776.3691,5853.9966,46.0645,0.0079,8022785,4446337
NHMI.NH,20211015,5853.9966,5825.2808,5877.5425,5789.7622,5809.7451,44.2515,0.0076,6171369,4410536
NHMI.NH,20211014,5809.7451,5717.2256,5860.2207,5717.2256,5713.5034,96.2417,0.0168,6562265,4326741
NHMI.NH,20211013,5713.5034,5804.7524,5811.4849,5617.5947,5803.4541,-89.9507,-0.0155,8531425,4266218
NHMI.NH,20211012,5803.4541,5929.957,5929.957,5790.938,5925.5855,-122.1314,-0.0206,6885006,4333020
NHMI.NH,20211011,5925.5855,5804.5303,5928.0542,5804.5303,5799.9351,125.6504,0.0217,5953827,4343548
NHMI.NH,20211008,5799.9351,5661.1714,5826.4253,5661.1714,5661.1714,138.7637,0.0245,3890160,4083159
NHMI.NH,20210930,5661.1714,5626.041,5723.6206,5626.041,5623.2651,37.9063,0.0067,5793809,4000826
NHMI.NH,20210929,5623.2651,5592.7256,5636.8032,5579.8711,5593.0879,30.1773,0.0054,5452213,4262490
NHMI.NH,20210928,5593.0879,5628.8091,5628.8091,5544.9263,5629.8599,-36.772,-0.0065,5392419,4393138
NHMI.NH,20210927,5629.8599,5584.3672,5689.8945,5584.3672,5587.0713,42.7886,0.0077,7179045,4464595
NHMI.NH,20210924,5587.0713,5590.3106,5633.9121,5546.7861,5588.8765,-1.8052,-0.0003,7279193,4562144
NHMI.NH,20210923,5588.8765,5610.5181,5622.3779,5540.7202,5606.7793,-17.9028,-0.0032,6467674,4710994
NHMI.NH,20210922,5606.7793,5452.7647,5610.1729,5395.0391,5477.9961,128.7832,0.0235,5328250,4649621
NHMI.NH,20210917,5477.9961,5581.7725,5581.7725,5471.2695,5579.5356,-101.5396,-0.0182,7070170,4537916
NHMI.NH,20210916,5579.5356,5621.2319,5664.9839,5553.8066,5621.2319,-41.6963,-0.0074,7378499,4716958
NHMI.NH,20210915,5621.2319,5645.0215,5657.0957,5577.251,5641.3174,-20.0855,-0.0036,7337606,4741387
NHMI.NH,20210914,5641.3174,5741.3213,5747.8525,5638.0708,5743.1489,-101.8316,-0.0177,7300821,4847476
NHMI.NH,20210913,5743.1489,5778.8521,5874.0693,5726.8511,5775.7363,-32.5874,-0.0056,6955615,5138723
NHMI.NH,20210910,5775.7363,5758.8359,5808.1714,5746.6357,5760.4736,15.2627,0.0027,5875754,5075201
NHMI.NH,20210909,5760.4736,5681.2715,5805.144,5638.5337,5681.6777,78.7959,0.0139,6951651,5038959
NHMI.NH,20210908,5681.6777,5703.374,5712.4644,5640.5747,5707.166,-25.4883,-0.0045,5669639,4795320
NHMI.NH,20210907,5707.166,5646.3272,5724.606,5646.3272,5645.3608,61.8052,0.0109,5096345,4818672
NHMI.NH,20210906,5645.3608,5706.209,5717.7432,5627.6943,5702.9214,-57.5606,-0.0101,6394175,4907702
NHMI.NH,20210903,5702.9214,5631.1299,5723.3301,5631.1299,5634.2856,68.6358,0.0122,6212797,4791936
NHMI.NH,20210902,5634.2856,5601.6133,5680.3076,5600.4971,5599.9644,34.3213,0.0061,6608683,4645304
NHMI.NH,20210901,5599.9644,5706.3457,5706.3457,5588.2246,5719.4941,-119.5298,-0.0209,6044201,4732808
NHMI.NH,20210831,5719.4941,5778.7456,5794.3862,5715.9419,5780.0581,-60.564,-0.0105,5064794,4765640
NHMI.NH,20210830,5780.0581,5687.585,5798.0952,5687.585,5680.9297,99.1284,0.0174,6447410,4762875
NHMI.NH,20210827,5680.9297,5591.4912,5686.6519,5591.4912,5590.2661,90.6636,0.0162,5954115,4735954
NHMI.NH,20210826,5590.2661,5648.9175,5702.8569,5587.8286,5642.0396,-51.7734,-0.0092,5999164,4737351
NHMI.NH,20210825,5642.0396,5649.3555,5680.1616,5610.3076,5640.8535,1.186,0.0002,5128477,4766882
NHMI.NH,20210824,5640.8535,5481.2578,5648.9072,5481.2578,5480.6523,160.2012,0.0292,5881950,4790785
NHMI.NH,20210823,5480.6523,5492.9165,5534.4365,5459.3086,5492.9165,-12.2642,-0.0022,6252365,4909934
NHMI.NH,20210820,5492.9165,5413.2905,5520.7295,5408.6162,5439.0503,53.8662,0.0099,6738115,4941679
NHMI.NH,20210819,5439.0503,5570.394,5570.394,5428.9458,5595.6401,-156.5899,-0.028,7955940,4962010
NHMI.NH,20210818,5595.6401,5719.6987,5719.6987,5590.3765,5732.9624,-137.3223,-0.024,7052361,4957512
NHMI.NH,20210817,5732.9624,5739.103,5771.9155,5725.0493,5736.8574,-3.895,-0.0007,4568400,4882095
NHMI.NH,20210816,5736.8574,5767.272,5809.479,5703.3535,5767.0571,-30.1997,-0.0052,6290772,4846640
NHMI.NH,20210813,5767.0571,5766.3355,5776.0493,5700.3965,5766.9356,0.1216,0.0,5238050,4891128
NHMI.NH,20210812,5766.9356,5812.7817,5825.5356,5766.9356,5812.7817,-45.8462,-0.0079,5265764,4959787
NHMI.NH,20210811,5812.7817,5756.3037,5829.1065,5744.3755,5753.7031,59.0786,0.0103,4905990,4922637
NHMI.NH,20210810,5753.7031,5698.6528,5754.1953,5656.4971,5712.813,40.8901,0.0072,5182584,4868986
NHMI.NH,20210809,5712.813,5828.6909,5828.6909,5674.3711,5828.8008,-115.9878,-0.0199,5391898,4785671
NHMI.NH,20210806,5828.8008,5775.9575,5862.9077,5772.5376,5775.3032,53.4976,0.0093,4755949,4774722
NHMI.NH,20210805,5775.3032,5891.5371,5891.5371,5765.5454,5896.2554,-120.9522,-0.0205,6164494,4810851
NHMI.NH,20210804,5896.2554,5810.2461,5907.335,5810.2461,5815.8184,80.437,0.0138,5661561,4864344
NHMI.NH,20210803,5815.8184,5919.897,5919.897,5813.1362,5917.6919,-101.8735,-0.0172,5644670,4829643
NHMI.NH,20210802,5917.6919,6002.2886,6002.2886,5866.4746,6008.978,-91.2861,-0.0152,8274667,5063439
NHMI.NH,20210730,6008.978,6101.7315,6101.7315,5952.438,6098.8208,-89.8428,-0.0147,5846447,5449709
NHMI.NH,20210729,6098.8208,6071.1519,6105.6816,6032.2886,6068.2852,30.5356,0.005,4501984,5306407
NHMI.NH,20210728,6068.2852,6025.6939,6114.8491,6025.6939,6021.6392,46.646,0.0077,4561872,5248545
NHMI.NH,20210727,6021.6392,6076.2554,6165.9321,6001.8052,6071.6055,-49.9663,-0.0082,4922743,5298681
NHMI.NH,20210726,6071.6055,6016.8403,6138.1274,6016.8403,6014.7407,56.8648,0.0095,4894625,5345564
NHMI.NH,20210723,6014.7407,6014.7407,6034.2686,5984.2114,5981.8638,32.877,0.0055,4047908,5271687
NHMI.NH,20210722,5981.8638,5969.3721,5994.8906,5900.8833,5964.7842,17.0796,0.0029,5757737,5253070
NHMI.NH,20210721,5964.7842,6068.5981,6084.9565,5964.7842,6068.5981,-103.814,-0.0171,4284522,5048386
NHMI.NH,20210720,6068.5981,6074.4453,6086.3013,5989.8584,6077.8794,-9.2813,-0.0015,4815783,5082923
NHMI.NH,20210719,6077.8794,6102.6104,6131.9634,6071.898,6102.1392,-24.2598,-0.004,4382546,5113120
NHMI.NH,20210716,6102.1392,6062.9028,6148.999,6045.6406,6063.2549,38.8843,0.0064,5074285,5168081
NHMI.NH,20210715,6063.2549,6051.1694,6074.8169,5980.0938,6063.9858,-0.731,-0.0001,4410235,5149624
NHMI.NH,20210714,6063.9858,6025.0713,6064.6094,5980.5239,6026.9531,37.0327,0.0061,4549217,5187236
NHMI.NH,20210713,6026.9531,5964.7866,6029.3565,5964.7866,5964.7866,62.1665,0.0104,4067261,5107414
NHMI.NH,20210712,5964.7866,5937.2539,6044.041,5937.2539,5935.127,29.6597,0.005,4971332,5110299
NHMI.NH,20210709,5935.127,5924.4146,5970.9448,5885.2319,5925.7197,9.4072,0.0016,5404839,5161973
NHMI.NH,20210708,5925.7197,6007.0908,6007.0908,5902.5054,6003.3047,-77.585,-0.0129,5122851,5041659
NHMI.NH,20210707,6003.3047,5967.4072,6008.4858,5890.229,5967.4072,35.8975,0.006,5404660,5031836
NHMI.NH,20210706,5967.4072,5915.1538,5976.7256,5915.1538,5915.4307,51.9766,0.0088,3827819,4750804
NHMI.NH,20210705,5915.4307,5793.6001,5923.3906,5788.666,5790.3027,125.1279,0.0216,4529563,4643050
NHMI.NH,20210702,5790.3027,5782.106,5800.522,5732.1406,5777.2754,13.0273,0.0023,4211675,4427091
NHMI.NH,20210701,5777.2754,5802.1045,5845.8252,5767.228,5798.4858,-21.2105,-0.0037,3941916,4442411
NHMI.NH,20210630,5798.4858,5741.4731,5799.1748,5739.1357,5726.5933,71.8926,0.0126,4023910,4400738
NHMI.NH,20210629,5726.5933,5797.9204,5826.8765,5702.1753,5798.0986,-71.5054,-0.0123,4560256,4326927
NHMI.NH,20210628,5798.0986,5787.0527,5820.3931,5727.3618,5782.29,15.8086,0.0027,4647048,4323488
NHMI.NH,20210625,5782.29,5685.0566,5813.6738,5685.0566,5685.0566,97.2334,0.0171,4824868,4309862
NHMI.NH,20210624,5685.0566,5703.2485,5750.1118,5643.9746,5691.5361,-6.4795,-0.0011,4762482,4306264
NHMI.NH,20210623,5691.5361,5611.7178,5719.8579,5601.5996,5615.749,75.7871,0.0135,4912614,4378506
NHMI.NH,20210622,5615.749,5555.2383,5631.5381,5543.5566,5554.7056,61.0435,0.011,4997673,4347603
NHMI.NH,20210621,5554.7056,5729.8565,5729.8565,5554.2183,5725.2622,-170.5566,-0.0298,5686946,4275319
NHMI.NH,20210618,5725.2622,5800.8555,5812.9551,5719.291,5800.8555,-75.5933,-0.013,6423135,4159295
NHMI.NH,20210617,5800.8555,5729.6177,5815.5586,5719.29,5729.0386,71.8169,0.0125,5353344,4195527
NHMI.NH,20210616,5729.0386,5873.1421,5873.1421,5714.0298,5875.4741,-146.4356,-0.0249,4907527,4179329
NHMI.NH,20210615,5875.4741,6002.6924,6002.6924,5803.6685,6004.7749,-129.3008,-0.0215,4181050,4153839
NHMI.NH,20210611,6004.7749,5830.1865,6006.0269,5830.1865,5819.5313,185.2437,0.0318,5188985,4272941
NHMI.NH,20210610,5819.5313,5787.9619,5867.3706,5787.9619,5788.2358,31.2954,0.0054,5251129,4288010
NHMI.NH,20210609,5788.2358,5726.7573,5832.6045,5726.7573,5722.1729,66.063,0.0115,4562531,4147550
NHMI.NH,20210608,5722.1729,5668.1807,5734.273,5656.5483,5671.0054,51.1675,0.009,4923211,4160455
NHMI.NH,20210607,5671.0054,5839.6289,5854.1353,5670.4014,5798.8667,-127.8613,-0.022,5523309,4213784
NHMI.NH,20210604,5798.8667,5833.7471,5874.8711,5749.855,5878.3662,-79.4995,-0.0135,6917733,4207433
NHMI.NH,20210603,5878.3662,5798.9849,5940.542,5798.9849,5811.8164,66.5498,0.0115,6583723,4195454
NHMI.NH,20210602,5811.8164,5854.1773,5864.3574,5782.1143,5879.1885,-67.3721,-0.0115,5978244,4108916
NHMI.NH,20210601,5879.1885,5754.2158,5880.8296,5720.7344,5754.2158,124.9727,0.0217,5871517,3416801
NHMI.NH,20210531,5754.2158,5643.0264,5795.3804,5643.0264,5660.9771,93.2388,0.0165,6400745,3394814
NHMI.NH,20210528,5660.9771,5547.9287,5703.6406,5547.9287,5536.8643,124.1128,0.0224,6446877,3429655
NHMI.NH,20210527,5536.8643,5398.499,5564.8892,5398.499,5406.7148,130.1494,0.0241,5612679,3422018
NHMI.NH,20210526,5406.7148,5546.4815,5567.6445,5404.9526,5561.2588,-154.544,-0.0278,5946589,3530686
NHMI.NH,20210525,5561.2588,5555.853,5626.5957,5553.7793,5559.4658,1.793,0.0003,4717700,3328633
NHMI.NH,20210524,5559.4658,5698.6841,5698.6841,5440.9307,5670.1812,-110.7153,-0.0195,7736365,3366654
NHMI.NH,20210521,5670.1812,5802.1523,5802.1523,5669.2012,5805.7188,-135.5376,-0.0233,5467833,3316475
NHMI.NH,20210520,5805.7188,5881.2417,5881.2417,5675.0928,5943.208,-137.4893,-0.0231,7322057,3328906
NHMI.NH,20210519,5943.208,6143.9585,6143.9585,5933.3652,6148.5034,-205.2954,-0.0334,5804348,3450121
NHMI.NH,20210518,6148.5034,6040.436,6168.6797,6040.436,6027.228,121.2754,0.0201,4527718,3436491
NHMI.NH,20210517,6027.228,5986.2827,6070.0181,5972.1875,5975.1743,52.0537,0.0087,6385740,3387104
NHMI.NH,20210514,5975.1743,6128.002,6128.002,5893.6353,6130.1401,-154.9658,-0.0253,6563676,3299330
NHMI.NH,20210513,6130.1401,6344.7935,6344.7935,6059.082,6398.2002,-268.0601,-0.0419,7685520,3378433
NHMI.NH,20210512,6398.2002,6312.2832,6428.8599,6294.0425,6314.062,84.1382,0.0133,5577449,3485419
NHMI.NH,20210511,6314.062,6384.1856,6384.1856,6177.7388,6375.5176,-61.4556,-0.0096,7914300,3400450
NHMI.NH,20210510,6375.5176,6106.9902,6394.8081,6106.9902,6101.0576,274.46,0.045,5574102,3679381
NHMI.NH,20210507,6101.0576,6005.3237,6106.6489,6005.3237,5988.0278,113.0298,0.0189,4569832,3907081
NHMI.NH,20210506,5988.0278,5763.46,5991.8755,5763.46,5755.6021,232.4258,0.0404,3712832,3913054
NHMI.NH,20210430,5755.6021,5846.9468,5846.9468,5707.1709,5824.854,-69.252,-0.0119,5246522,3856920
NHMI.NH,20210429,5824.854,5775.3027,5862.2813,5775.3027,5766.9717,57.8823,0.01,5702890,4085813
NHMI.NH,20210428,5766.9717,5811.8208,5811.8208,5724.8423,5825.0689,-58.0972,-0.01,4957640,3979664
NHMI.NH,20210427,5825.0689,5747.2617,5840.3936,5747.2617,5737.1611,87.9077,0.0153,4252450,4117998
NHMI.NH,20210426,5737.1611,5623.9834,5775.3355,5623.9834,5615.7632,121.398,0.0216,6371362,4111672
NHMI.NH,20210423,5615.7632,5570.2749,5623.6069,5553.8149,5561.1895,54.5737,0.0098,4707105,4222111
NHMI.NH,20210422,5561.1895,5566.3481,5599.7495,5537.5103,5563.8086,-2.6191,-0.0005,5132146,4071761
NHMI.NH,20210421,5563.8086,5577.8081,5577.8081,5522.2622,5579.6406,-15.832,-0.0028,4501867,4043645
NHMI.NH,20210420,5579.6406,5526.3311,5598.0347,5513.5562,5523.7578,55.8828,0.0101,4345372,4026897
NHMI.NH,20210419,5523.7578,5501.6255,5540.4522,5467.7485,5501.6255,22.1323,0.004,5040778,3926776
NHMI.NH,20210416,5501.6255,5487.4356,5537.457,5487.4356,5484.8208,16.8047,0.0031,5845001,3922652
NHMI.NH,20210415,5484.8208,5402.6758,5491.8716,5402.6758,5393.9873,90.8335,0.0168,4797596,4027384
NHMI.NH,20210414,5393.9873,5419.7891,5419.7891,5376.6553,5396.4043,-2.417,-0.0004,4172668,3945207
NHMI.NH,20210413,5396.4043,5346.271,5403.0923,5342.669,5345.9898,50.4146,0.0094,4707409,3898554
NHMI.NH,20210412,5345.9898,5374.8374,5374.8374,5287.6211,5374.1992,-28.2095,-0.0052,6070365,3766788
NHMI.NH,20210409,5374.1992,5409.1548,5436.0313,5361.5415,5400.0566,-25.8574,-0.0048,4685166,3931959
NHMI.NH,20210408,5400.0566,5393.21,5425.6631,5347.2383,5404.5454,-4.4888,-0.0008,5093363,4005810
NHMI.NH,20210407,5404.5454,5390.2402,5438.1152,5364.3267,5386.2573,18.2881,0.0034,5406284,4022470
NHMI.NH,20210406,5386.2573,5391.1016,5435.9829,5374.4766,5373.1851,13.0723,0.0024,3280810,4038306
NHMI.NH,20210402,5373.1851,5272.8281,5375.4815,5272.8281,5272.8281,100.3569,0.019,5602618,4000532
NHMI.NH,20210401,5272.8281,5239.4595,5307.7231,5237.4121,5230.8613,41.9668,0.008,4498693,3828398
NHMI.NH,20210331,5230.8613,5286.3013,5293.9136,5212.0498,5291.7778,-60.9165,-0.0115,5850262,3725643
NHMI.NH,20210330,5291.7778,5327.6133,5327.6133,5269.9238,5329.7105,-37.9326,-0.0071,4359054,3829656
NHMI.NH,20210329,5329.7105,5273.2148,5366.3501,5273.2148,5271.8472,57.8633,0.011,5660935,3911283
NHMI.NH,20210326,5271.8472,5161.9956,5275.0352,5161.9956,5168.6572,103.1899,0.02,5252277,3930354
NHMI.NH,20210325,5168.6572,5200.4614,5209.2871,5161.9121,5183.3096,-14.6523,-0.0028,4660159,3849662
NHMI.NH,20210324,5183.3096,5164.228,5187.019,5096.3916,5174.8877,8.4219,0.0016,5366606,3905859
NHMI.NH,20210323,5174.8877,5156.7114,5206.7354,5103.2041,5150.0742,24.8135,0.0048,6413805,3818835
NHMI.NH,20210322,5150.0742,5148.0005,5222.5171,5133.6089,5145.0933,4.981,0.001,6567738,3803168
NHMI.NH,20210319,5145.0933,5209.729,5234.1494,5139.5708,5215.769,-70.6758,-0.0136,5635181,3736741
NHMI.NH,20210318,5215.769,5210.6065,5270.0928,5187.0156,5209.9688,5.8003,0.0011,5126122,3817047
NHMI.NH,20210317,5209.9688,5168.6973,5214.5918,5148.4761,5181.1748,28.794,0.0056,4354337,3859361
NHMI.NH,20210316,5181.1748,5195.9014,5240.3662,5162.2144,5191.3052,-10.1304,-0.002,5328774,3782331
NHMI.NH,20210315,5191.3052,5178.2964,5206.9824,5120.3696,5177.5347,13.7705,0.0027,5679818,3885979
NHMI.NH,20210312,5177.5347,5219.8574,5262.7754,5149.9312,5223.939,-46.4043,-0.0089,5860838,3831687
NHMI.NH,20210311,5223.939,5093.419,5238.1157,5044.2715,5067.8633,156.0757,0.0308,5787300,3828182
NHMI.NH,20210310,5067.8633,5078.5571,5113.6162,5052.0264,5063.023,4.8403,0.001,5043329,3730089
NHMI.NH,20210309,5063.023,5242.8481,5282.4771,5059.5767,5244.1626,-181.1397,-0.0345,5865118,3739770
NHMI.NH,20210308,5244.1626,5219.96,5339.9663,5219.96,5209.2398,34.9229,0.0067,5136958,3732993
NHMI.NH,20210305,5209.2398,5337.8731,5337.8731,5130.3018,5346.2231,-136.9834,-0.0256,7163642,3751219
NHMI.NH,20210304,5346.2231,5387.4419,5401.7549,5340.7539,5415.1431,-68.9199,-0.0127,4854714,3863554
NHMI.NH,20210303,5415.1431,5350.3013,5474.501,5350.3013,5341.8257,73.3174,0.0137,6161130,3839089
NHMI.NH,20210302,5341.8257,5305.4619,5342.5811,5237.9038,5303.9756,37.8501,0.0071,5008858,3755410
NHMI.NH,20210301,5303.9756,5347.6563,5361.3931,5275.5308,5367.8418,-63.8662,-0.0119,5403120,3664552
NHMI.NH,20210226,5367.8418,5409.0913,5418.6958,5296.7686,5409.939,-42.0972,-0.0078,5484106,3747804
NHMI.NH,20210225,5409.939,5320.2598,5484.064,5320.2598,5305.9092,104.0298,0.0196,5705298,3764846
NHMI.NH,20210224,5305.9092,5271.4185,5331.5317,5243.0195,5289.0801,16.8291,0.0032,4573766,3710039
NHMI.NH,20210223,5289.0801,5331.1177,5361.9111,5265.3823,5332.4888,-43.4087,-0.0081,4504694,3649994
NHMI.NH,20210222,5332.4888,5217.4951,5403.6182,5217.4951,5215.1167,117.3721,0.0225,5283840,3656624
NHMI.NH,20210219,5215.1167,5190.9517,5227.4898,5133.9023,5182.0952,33.0215,0.0064,3877691,3604009
NHMI.NH,20210218,5182.0952,5016.3516,5184.5571,5016.3516,4993.1094,188.9858,0.0378,2412198,3446919
NHMI.NH,20210210,4993.1094,4953.2876,4993.3438,4922.6279,4953.3066,39.8027,0.008,2700444,3253502
NHMI.NH,20210209,4953.3066,4865.2676,4960.0591,4865.2676,4865.2676,88.0391,0.0181,2837025,3326353
NHMI.NH,20210208,4865.2676,4805.2588,4869.0669,4805.2588,4805.2588,60.0088,0.0125,3161515,3302031
NHMI.NH,20210205,4805.2588,4750.7065,4811.1875,4745.3672,4751.8662,53.3926,0.0112,3544994,3298555
NHMI.NH,20210204,4751.8662,4663.8921,4753.4497,4663.8921,4650.6323,101.2339,0.0218,3603019,3335970
NHMI.NH,20210203,4650.6323,4637.2275,4672.5112,4623.4273,4635.6636,14.9688,0.0032,3569514,3394872
NHMI.NH,20210202,4635.6636,4729.8364,4735.293,4618.5337,4732.4634,-96.7998,-0.0205,4176962,3426029
NHMI.NH,20210201,4732.4634,4734.8247,4755.0044,4709.5767,4731.5181,0.9453,0.0002,4190174,3360871
NHMI.NH,20210129,4731.5181,4733.5059,4766.0078,4707.1719,4763.5664,-32.0483,-0.0067,4358009,3320586
NHMI.NH,20210128,4763.5664,4857.8301,4857.8301,4761.7593,4859.4692,-95.9028,-0.0197,3619190,3406308
NHMI.NH,20210127,4859.4692,4820.1714,4869.7554,4820.1714,4820.1714,39.2979,0.0082,3951344,3515358
NHMI.NH,20210126,4820.1714,4876.7734,4893.894,4819.5513,4879.9043,-59.7329,-0.0122,3688318,3423955
NHMI.NH,20210125,4879.9043,4836.6865,4906.6631,4836.6865,4844.4731,35.4312,0.0073,4678995,3420010
NHMI.NH,20210122,4844.4731,4915.0459,4915.9448,4828.5708,4915.0615,-70.5884,-0.0144,4194491,3393663
NHMI.NH,20210121,4915.0615,4872.2944,4935.8023,4854.2651,4876.2158,38.8457,0.008,4339796,3523209
NHMI.NH,20210120,4876.2158,4846.8555,4885.0591,4846.8555,4846.0698,30.146,0.0062,3707505,3411471
NHMI.NH,20210119,4846.0698,4924.5942,4924.5942,4835.9453,4928.1572,-82.0874,-0.0167,3894017,3392082
NHMI.NH,20210118,4928.1572,4868.6011,4931.3442,4853.8926,4868.6011,59.5562,0.0122,4011093,3450855
NHMI.NH,20210115,4868.6011,4856.2334,4940.9683,4856.2334,4851.9673,16.6338,0.0034,4831404,3458486
NHMI.NH,20210114,4851.9673,4831.0493,4860.875,4808.2612,4831.707,20.2603,0.0042,3946974,3347175
NHMI.NH,20210113,4831.707,4855.0132,4867.2183,4805.4985,4856.9775,-25.2705,-0.0052,4414723,3313492
NHMI.NH,20210112,4856.9775,4849.1895,4866.3955,4775.6919,4850.9688,6.0088,0.0012,4888306,3291707
NHMI.NH,20210111,4850.9688,4990.0103,4990.0103,4828.7334,4990.0103,-139.0415,-0.0279,5989867,3373872
NHMI.NH,20210108,4990.0103,4952.4497,5024.0967,4939.2388,4964.9072,25.103,0.0051,4671299,3486026
NHMI.NH,20210107,4964.9072,4898.876,4975.2686,4883.5381,4883.4258,81.4815,0.0167,4639884,3499573
NHMI.NH,20210106,4883.4258,4879.2495,4896.0986,4838.7007,4873.0864,10.3394,0.0021,4384683,3379435
NHMI.NH,20210105,4873.0864,4846.2949,4877.4922,4829.9473,4838.5088,34.5776,0.0071,3815663,3395968
NHMI.NH,20210104,4838.5088,4780.2119,4850.7705,4781.293,4780.2119,58.2969,0.0122,3161803,3319076
NHMI.NH,20201231,4780.2119,4748.999,4784.0527,4723.2227,4756.5303,23.6816,0.005,5066524,3315555
NHMI.NH,20201230,4756.5303,4785.4878,4785.4878,4722.8511,4779.8745,-23.3442,-0.0049,6524239,3328769
NHMI.NH,20201229,4779.8745,4836.8574,4857.4849,4760.4033,4829.6148,-49.7402,-0.0103,5474763,3397865
NHMI.NH,20201228,4829.6148,4904.1939,4904.1939,4808.8999,4905.4697,-75.855,-0.0155,5514344,3445082
NHMI.NH,20201225,4905.4697,4905.4697,4913.9565,4792.3648,4838.919,66.5508,0.0138,5181635,3513024
NHMI.NH,20201224,4838.919,4810.7178,4872.085,4835.6455,4806.7754,32.1436,0.0067,4864565,3459235
NHMI.NH,20201223,4806.7754,4889.5547,4889.5547,4741.0571,4872.5518,-65.7764,-0.0135,6963865,3432310
NHMI.NH,20201222,4872.5518,5053.292,5066.5391,4860.022,5077.9639,-205.4121,-0.0405,8176454,3524739
NHMI.NH,20201221,5077.9639,4961.3901,5086.6641,4961.3901,4963.5176,114.4463,0.0231,7259636,3794703
NHMI.NH,20201218,4963.5176,4853.835,4966.0415,4853.835,4847.0474,116.4702,0.024,6098140,3854230
NHMI.NH,20201217,4847.0474,4798.3745,4847.7026,4781.8023,4789.938,57.1094,0.0119,4454315,3756078
NHMI.NH,20201216,4789.938,4758.8047,4795.1445,4740.1748,4751.7568,38.1812,0.008,5391911,3689239
NHMI.NH,20201215,4751.7568,4704.8481,4765.6514,4684.8828,4696.0855,55.6714,0.0119,4491115,3650520
NHMI.NH,20201214,4696.0855,4723.9536,4759.918,4680.0347,4725.6025,-29.5171,-0.0062,5550280,3635787
NHMI.NH,20201211,4725.6025,4683.9971,4892.9888,4676.1948,4678.0669,47.5357,0.0102,9734441,3656972
NHMI.NH,20201210,4678.0669,4585.1353,4692.6279,4585.1353,4579.9067,98.1602,0.0214,6179507,3860904
NHMI.NH,20201209,4579.9067,4539.1006,4596.1572,4527.853,4544.3418,35.5649,0.0078,4920562,3892548
NHMI.NH,20201208,4544.3418,4537.563,4585.1133,4532.7007,4539.7354,4.6065,0.001,5126741,3819300
NHMI.NH,20201207,4539.7354,4496.8252,4540.519,4494.2334,4496.2705,43.4648,0.0097,6100007,3842917
NHMI.NH,20201204,4496.2705,4444.3828,4501.4375,4429.7476,4434.8027,61.4678,0.0139,5145534,3912348
NHMI.NH,20201203,4434.8027,4460.6709,4462.1943,4430.9106,4475.3125,-40.5098,-0.0091,4414119,3941647
NHMI.NH,20201202,4475.3125,4437.3247,4482.3491,4437.3247,4433.7881,41.5244,0.0094,4284021,3950073
NHMI.NH,20201201,4433.7881,4465.0469,4465.0469,4410.9629,4465.105,-31.3169,-0.007,4038466,3970110
NHMI.NH,20201130,4465.105,4420.4863,4481.856,4411.7959,4418.3154,46.7896,0.0106,5085332,4064423
NHMI.NH,20201127,4418.3154,4365.6187,4422.2935,4365.6187,4372.8521,45.4634,0.0104,4889884,4181674
NHMI.NH,20201126,4372.8521,4317.0596,4373.4766,4317.0596,4324.4697,48.3823,0.0112,3899435,4089507
NHMI.NH,20201125,4324.4697,4340.0874,4346.9238,4317.2139,4340.3135,-15.8438,-0.0037,4492490,4047030
NHMI.NH,20201124,4340.3135,4313.8789,4347.5747,4307.5732,4313.8789,26.4346,0.0061,3235864,4064862
NHMI.NH,20201123,4313.8789,4339.1323,4364.2148,4306.895,4336.98,-23.1011,-0.0053,4606641,4033603
NHMI.NH,20201120,4336.98,4283.0523,4339.6118,4283.0523,4287.3301,49.6499,0.0116,3291689,4163492
NHMI.NH,20201119,4287.3301,4258.001,4294.6006,4258.001,4260.0195,27.3106,0.0064,3687007,4092705
NHMI.NH,20201118,4260.0195,4240.1616,4262.7256,4233.8799,4240.1616,19.8579,0.0047,3180757,4093847
NHMI.NH,20201117,4240.1616,4236.1025,4243.2979,4219.98,4235.25,4.9116,0.0012,4240352,4095279
NHMI.NH,20201116,4235.25,4189.2017,4235.4907,4174.9878,4188.6128,46.6372,0.0111,4454812,4054140
NHMI.NH,20201113,4188.6128,4181.1719,4192.5933,4164.3862,4181.3047,7.3081,0.0017,3637856,3998400
NHMI.NH,20201112,4181.3047,4181.585,4209.0903,4167.898,4182.5898,-1.2852,-0.0003,3922989,3994313
NHMI.NH,20201111,4182.5898,4148.9458,4195.6426,4148.9458,4150.1235,32.4663,0.0078,3196304,3939083
NHMI.NH,20201110,4150.1235,4175.3486,4191.1533,4145.7168,4158.1265,-8.0029,-0.0019,4096669,3879873
NHMI.NH,20201109,4158.1265,4087.6423,4168.9995,4087.6423,4079.4858,78.6406,0.0193,4778005,3930031
NHMI.NH,20201106,4079.4858,4063.9312,4090.1335,4063.9312,4061.9988,17.4871,0.0043,3007937,3903812
NHMI.NH,20201105,4061.9988,4071.1108,4084.5437,4042.0183,4067.2144,-5.2156,-0.0013,3588734,3867333
NHMI.NH,20201104,4067.2144,4065.9824,4085.3565,4042.2083,4060.2661,6.9482,0.0017,4107130,3872139
NHMI.NH,20201103,4060.2661,4064.8054,4069.5337,4052.7534,4063.6499,-3.3838,-0.0008,3167320,3879160
NHMI.NH,20201102,4063.6499,4041.7446,4066.4241,4029.0156,4040.5794,23.0706,0.0057,3451758,3863524
NHMI.NH,20201030,4040.5794,4030.6318,4072.3013,4014.4993,4045.4148,-4.8354,-0.0012,4647066,3805998
NHMI.NH,20201029,4045.4148,4050.9163,4053.0425,4023.8687,4079.5144,-34.0996,-0.0084,3840307,3830113
NHMI.NH,20201028,4079.5144,4014.0315,4084.9815,4007.969,4011.4587,68.0557,0.017,4554064,3914211
NHMI.NH,20201027,4011.4587,3987.2734,4019.9363,3987.2734,3994.4712,16.9876,0.0043,2898944,3859329
NHMI.NH,20201026,3994.4712,4025.1257,4025.1257,3986.605,4023.6052,-29.134,-0.0072,3640798,3864260
NHMI.NH,20201023,4023.6052,4058.6397,4075.2146,4023.1267,4062.4629,-38.8577,-0.0096,3832053,3827079
NHMI.NH,20201022,4062.4629,4080.9392,4086.2629,4048.2571,4074.2588,-11.7959,-0.0029,3385816,3782584
NHMI.NH,20201021,4074.2588,4035.3044,4077.8135,4035.3044,4026.8516,47.4072,0.0118,3714834,3823075
NHMI.NH,20201020,4026.8516,4020.146,4030.4981,4014.6172,4009.4544,17.3972,0.0043,3214496,3733956
NHMI.NH,20201019,4009.4544,4022.1143,4053.1877,3995.5571,4018.2595,-8.8052,-0.0022,4524718,3743636
NHMI.NH,20201016,4018.2595,4004.6702,4031.9544,4004.6702,4009.022,9.2376,0.0023,3710219,3638278
NHMI.NH,20201015,4009.022,4024.5508,4024.5508,3992.0669,4020.8198,-11.7979,-0.0029,3495370,3616599
NHMI.NH,20201014,4020.8198,4037.8586,4039.9319,4003.2734,4038.4695,-17.6497,-0.0044,3501100,3553849
NHMI.NH,20201013,4038.4695,4064.6389,4064.6389,4030.6148,4060.8792,-22.4097,-0.0055,3337491,3508395
NHMI.NH,20201012,4060.8792,4056.4072,4065.0391,4037.8286,4050.6992,10.1799,0.0025,3153442,3490021
NHMI.NH,20201009,4050.6992,3984.0269,4054.7732,3984.0269,3972.894,77.8052,0.0196,2503945,3399930
NHMI.NH,20200930,3972.894,3945.5122,3977.0335,3943.2981,3945.5122,27.3818,0.0069,4014158,3399239
NHMI.NH,20200929,3945.5122,3933.8189,3945.822,3911.8428,3928.5508,16.9614,0.0043,3714457,3621446
NHMI.NH,20200928,3928.5508,3911.467,3933.6633,3898.4685,3910.8804,17.6704,0.0045,4326349,3709445
NHMI.NH,20200925,3910.8804,3900.3257,3920.5857,3889.7507,3902.3513,8.5291,0.0022,4816789,3791247
NHMI.NH,20200924,3902.3513,3924.178,3927.773,3882.5007,3931.22,-28.8687,-0.0073,4557447,3807882
NHMI.NH,20200923,3931.22,3951.2795,3952.6726,3886.9673,3954.2139,-22.9939,-0.0058,4799874,3814547
NHMI.NH,20200922,3954.2139,3974.6646,3980.7,3946.6555,3977.0149,-22.801,-0.0057,4689430,3821974
NHMI.NH,20200921,3977.0149,4042.845,4043.7585,3968.3525,4042.845,-65.8301,-0.0163,4593825,3906984
NHMI.NH,20200918,4042.845,3987.5933,4054.3589,3987.5933,3991.4463,51.3987,0.0129,4189874,3841765
NHMI.NH,20200917,3991.4463,4018.6162,4018.6162,3989.6365,4015.8533,-24.407,-0.0061,2929470,3925612
NHMI.NH,20200916,4015.8533,4070.2835,4070.2835,4002.6948,4069.7195,-53.8662,-0.0132,4760030,3907724
NHMI.NH,20200915,4069.7195,4108.4971,4108.4971,4069.7195,4106.6675,-36.948,-0.009,3973421,3887051
NHMI.NH,20200914,4106.6675,4073.8928,4109.0435,4073.8928,4062.9338,43.7336,0.0108,3691187,3758409
NHMI.NH,20200911,4062.9338,4037.4197,4066.885,4026.3545,4034.044,28.8899,0.0072,3823306,3747272
NHMI.NH,20200910,4034.044,4055.1775,4088.6597,4028.4417,4048.4221,-14.3782,-0.0036,4018467,3750237
NHMI.NH,20200909,4048.4221,4125.3091,4125.3091,4047.9492,4130.3589,-81.9368,-0.0198,4968720,3712642
NHMI.NH,20200908,4130.3589,4137.8843,4160.8096,4128.5288,4134.544,-4.1851,-0.001,3224795,3735765
NHMI.NH,20200907,4134.544,4124.9673,4172.7119,4116.2529,4123.855,10.689,0.0026,4179395,3750205
NHMI.NH,20200904,4123.855,4157.7832,4157.7832,4088.7437,4155.0054,-31.1504,-0.0075,4059183,3749559
NHMI.NH,20200903,4155.0054,4173.4815,4199.4443,4148.2315,4170.5093,-15.5039,-0.0037,4039014,3852700
NHMI.NH,20200902,4170.5093,4184.646,4184.646,4143.0576,4182.9463,-12.437,-0.003,3344342,3835405
NHMI.NH,20200901,4182.9463,4151.3574,4183.9409,4149.0581,4145.2847,37.6616,0.0091,2706759,3883041
NHMI.NH,20200831,4145.2847,4124.0723,4167.7402,4124.0723,4122.0874,23.1973,0.0056,3852905,3833302
NHMI.NH,20200828,4122.0874,4079.2136,4122.0874,4079.2136,4080.4248,41.6626,0.0102,3701556,3873463
NHMI.NH,20200827,4080.4248,4097.5801,4107.353,4075.0149,4099.4424,-19.0176,-0.0046,3435691,3882439
NHMI.NH,20200826,4099.4424,4061.2698,4099.4424,4061.2698,4060.4409,39.0015,0.0096,3827240,3903397
NHMI.NH,20200825,4060.4409,4091.2275,4105.4614,4051.636,4094.1438,-33.7029,-0.0082,4088086,3888710
NHMI.NH,20200824,4094.1438,4103.7964,4106.3716,4080.7764,4103.7964,-9.6526,-0.0024,3173885,3889903
NHMI.NH,20200821,4103.7964,4115.7813,4139.4712,4092.0955,4112.1094,-8.313,-0.002,3724868,3945742
NHMI.NH,20200820,4112.1094,4135.4014,4135.4014,4103.3906,4134.669,-22.5596,-0.0055,4231106,4009067
NHMI.NH,20200819,4134.669,4129.312,4146.2368,4121.8599,4121.7974,12.8716,0.0031,4216881,4092005
NHMI.NH,20200818,4121.7974,4081.7974,4122.7564,4081.7974,4078.4353,43.3621,0.0106,3243085,4139906
NHMI.NH,20200817,4078.4353,4032.866,4087.0105,4032.866,4049.3294,29.106,0.0072,3923982,4114689
NHMI.NH,20200814,4049.3294,4033.1902,4050.6375,4002.5911,4030.3948,18.9346,0.0047,3487738,4100638
NHMI.NH,20200813,4030.3948,4028.5393,4036.5569,4001.855,4027.1704,3.2244,0.0008,3874043,4091428
NHMI.NH,20200812,4027.1704,4032.7156,4032.7156,3986.6719,4030.8259,-3.6555,-0.0009,4416453,4134114
NHMI.NH,20200811,4030.8259,4032.5388,4075.8709,4025.8447,4030.2915,0.5344,0.0001,4088878,4187516
NHMI.NH,20200810,4030.2915,4062.1216,4062.1216,3995.1748,4060.7236,-30.4321,-0.0075,4244971,4216838
NHMI.NH,20200807,4060.7236,4074.9846,4086.1887,4025.4822,4075.1516,-14.428,-0.0035,4459703,4220566
NHMI.NH,20200806,4075.1516,4034.7222,4089.5947,4034.7222,4027.3774,47.7742,0.0119,5530812,4303522
NHMI.NH,20200805,4027.3774,4018.551,4041.4756,4007.5586,4025.3967,1.9807,0.0005,3848628,4258598
NHMI.NH,20200804,4025.3967,4000.3032,4036.9939,4000.3032,3985.4194,39.9773,0.01,3482503,4257760
NHMI.NH,20200803,3985.4194,3960.9077,3993.1516,3929.0078,3971.1946,14.2249,0.0036,4324829,4233082
NHMI.NH,20200731,3971.1946,3952.7737,3971.7688,3939.2698,3954.4609,16.7336,0.0042,4706781,4174919
NHMI.NH,20200730,3954.4609,3945.1169,3968.3152,3938.9155,3944.1697,10.2913,0.0026,3934252,4185265
NHMI.NH,20200729,3944.1697,3880.3816,3951.1636,3880.3816,3881.9353,62.2344,0.016,3494573,4147191
NHMI.NH,20200728,3881.9353,3883.96,3932.5801,3872.3279,3883.4133,-1.478,-0.0004,3949548,4067820
NHMI.NH,20200727,3883.4133,3883.3313,3908.4309,3871.9546,3880.1572,3.2561,0.0008,4076110,4095152
NHMI.NH,20200724,3880.1572,3921.7717,3934.0549,3855.4653,3922.1773,-42.02,-0.0107,5041352,4125881
NHMI.NH,20200723,3922.1773,3911.4502,3924.2925,3886.0337,3920.4097,1.7676,0.0005,3523260,4201463
NHMI.NH,20200722,3920.4097,3903.7986,3967.6065,3903.7986,3895.2461,25.1636,0.0065,4261849,4195388
NHMI.NH,20200721,3895.2461,3836.0752,3901.6184,3836.0752,3837.9705,57.2756,0.0149,3837096,4169680
NHMI.NH,20200720,3837.9705,3861.3816,3861.3816,3822.1958,3862.5803,-24.6099,-0.0064,3623540,4097193
NHMI.NH,20200717,3862.5803,3844.5767,3869.4041,3841.5442,3836.8137,25.7666,0.0067,3855034,4064983
NHMI.NH,20200716,3836.8137,3907.8938,3907.8938,3823.6599,3907.394,-70.5803,-0.0181,4919639,4107482
NHMI.NH,20200715,3907.394,3914.1589,3922.4309,3887.6143,3913.3782,-5.9841,-0.0015,3544315,4177995
NHMI.NH,20200714,3913.3782,3914.5515,3925.2454,3881.7483,3915.5967,-2.2185,-0.0006,4416397,4209480
NHMI.NH,20200713,3915.5967,3800.6101,3940.0474,3800.6101,3792.1382,123.4585,0.0326,5656444,4226114
NHMI.NH,20200710,3792.1382,3815.9602,3817.7524,3781.9705,3812.1353,-19.9971,-0.0052,4271934,4234813
NHMI.NH,20200709,3812.1353,3782.543,3815.6335,3782.543,3776.9749,35.1604,0.0093,4288715,4279169
NHMI.NH,20200708,3776.9749,3719.1753,3778.3694,3719.1753,3717.1738,59.801,0.0161,4182581,4302120
NHMI.NH,20200707,3717.1738,3698.5952,3737.4729,3698.5952,3692.9426,24.2312,0.0066,3538177,4159258
NHMI.NH,20200706,3692.9426,3678.613,3706.8826,3663.4487,3678.3269,14.6157,0.004,3822431,4127477
NHMI.NH,20200703,3678.3269,3655.501,3682.0418,3655.501,3652.6658,25.6611,0.007,3625046,4146603
NHMI.NH,20200702,3652.6658,3644.9629,3660.2979,3644.9629,3649.4741,3.1917,0.0009,2953934,4109524
NHMI.NH,20200701,3649.4741,3650.1921,3658.7,3626.6738,3645.6523,3.8218,0.001,3311468,4079151
NHMI.NH,20200630,3645.6523,3622.0732,3658.1145,3622.0732,3619.8176,25.8347,0.0071,3010323,4036015
NHMI.NH,20200629,3619.8176,3660.7127,3639.9512,3617.2542,3660.7127,-40.895,-0.0112,3521658,4006155
NHMI.NH,20200624,3660.7127,3647.7195,3663.7866,3639.4529,3644.4077,16.3049,0.0045,2578562,3976054
NHMI.NH,20200623,3644.4077,3640.5828,3654.8518,3631.7114,3640.0169,4.3909,0.0012,3112927,4083742
NHMI.NH,20200622,3640.0169,3682.8418,3682.8418,3634.4336,3676.4138,-36.397,-0.0099,4090663,4154509
NHMI.NH,20200619,3676.4138,3644.2878,3679.9373,3644.2878,3638.408,38.0059,0.0104,3991696,4124125
NHMI.NH,20200618,3638.408,3632.6755,3650.3015,3623.9211,3632.6218,5.7861,0.0016,4433233,4073621
NHMI.NH,20200617,3632.6218,3655.9075,3655.9075,3619.3496,3655.0957,-22.4739,-0.0061,4019120,4062037
NHMI.NH,20200616,3655.0957,3588.4475,3663.3645,3588.4475,3588.2202,66.8755,0.0186,3622315,4059015
NHMI.NH,20200615,3588.2202,3640.2158,3640.2158,3581.9241,3638.0686,-49.8484,-0.0137,4806134,4039803
NHMI.NH,20200612,3638.0686,3605.8535,3641.7363,3565.1987,3610.1709,27.8977,0.0077,4724821,4062497
NHMI.NH,20200611,3610.1709,3616.6921,3653.8279,3593.4475,3617.2383,-7.0674,-0.002,4905092,3983395
NHMI.NH,20200610,3617.2383,3629.5081,3648.1223,3603.8442,3631.1675,-13.9292,-0.0038,4137484,4048312
NHMI.NH,20200609,3631.1675,3631.6834,3640.6511,3621.1668,3630.4546,0.7129,0.0002,4395174,3976394
NHMI.NH,20200608,3630.4546,3590.9927,3650.4209,3590.9927,3575.2954,55.1592,0.0154,5275741,4002036
NHMI.NH,20200605,3575.2954,3546.4304,3579.804,3546.4304,3548.6384,26.657,0.0075,3640018,4002322
NHMI.NH,20200604,3548.6384,3582.8237,3606.8162,3547.0972,3582.8237,-34.1853,-0.0095,5231233,4029010
NHMI.NH,20200603,3582.8237,3574.2903,3591.9072,3569.3926,3576.457,6.3667,0.0018,4431630,4074962
NHMI.NH,20200602,3576.457,3556.1084,3589.7395,3544.2202,3559.3621,17.095,0.0048,4697846,4092142
NHMI.NH,20200601,3559.3621,3529.96,3587.1155,3529.96,3533.3335,26.0286,0.0074,5352666,3955875
NHMI.NH,20200529,3533.3335,3461.8179,3534.6604,3461.8179,3460.0171,73.3164,0.0212,5231157,4658803
NHMI.NH,20200528,3460.0171,3443.4251,3467.4961,3437.9846,3444.3457,15.6714,0.0046,4286424,4474634
NHMI.NH,20200527,3444.3457,3441.5347,3458.0815,3427.3486,3445.5881,-1.2424,-0.0004,4812694,4496184
NHMI.NH,20200526,3445.5881,3461.0627,3466.145,3440.5017,3462.4211,-16.833,-0.0049,4114932,4455206
NHMI.NH,20200525,3462.4211,3451.0122,3474.1487,3442.9263,3451.0122,11.4089,0.0033,4525666,4519805
NHMI.NH,20200522,3451.0122,3510.2354,3510.2354,3447.5156,3510.2354,-59.2231,-0.0169,6643054,4575329
NHMI.NH,20200521,3510.2354,3473.5481,3514.1533,3473.5481,3473.5481,36.6873,0.0106,4529578,4704704
NHMI.NH,20200520,3473.5481,3483.3762,3488.905,3473.5481,3486.1748,-12.6267,-0.0036,3692559,4667271
NHMI.NH,20200519,3486.1748,3436.9946,3488.3694,3436.9946,3435.1199,51.0549,0.0149,4436248,4665245
NHMI.NH,20200518,3435.1199,3375.0193,3455.8911,3375.0193,3380.5623,54.5576,0.0161,5225949,4610033
NHMI.NH,20200515,3380.5623,3353.0012,3383.3921,3353.0012,3354.4675,26.0947,0.0078,4350223,4734456
NHMI.NH,20200514,3354.4675,3362.5403,3365.8657,3344.9324,3361.0664,-6.5989,-0.002,3716983,4670932
NHMI.NH,20200513,3361.0664,3359.9839,3362.6157,3329.6509,3354.5203,6.5462,0.002,4654927,4651802
NHMI.NH,20200512,3354.5203,3354.9055,3365.8137,3347.6616,3355.9526,-1.4324,-0.0004,3437865,4629199
NHMI.NH,20200511,3355.9526,3365.1899,3376.7627,3350.21,3358.7102,-2.7576,-0.0008,3966606,4564615
NHMI.NH,20200508,3358.7102,3334.3782,3362.6716,3334.3782,3332.3596,26.3506,0.0079,4464827,4529506
NHMI.NH,20200507,3332.3596,3299.3677,3332.5147,3299.3677,3294.1958,38.1638,0.0116,4092857,4510395
NHMI.NH,20200506,3294.1958,3275.5107,3300.5647,3272.6448,3280.918,13.2778,0.004,3072406,4254280
NHMI.NH,20200430,3280.918,3251.7305,3281.1946,3251.4558,3236.7048,44.2131,0.0137,3408324,4210467
NHMI.NH,20200429,3236.7048,3229.0642,3248.73,3228.9312,3224.4312,12.2737,0.0038,2979867,4356492
NHMI.NH,20200428,3224.4312,3236.2593,3249.4402,3213.2105,3244.241,-19.8098,-0.0061,4228964,4399283
NHMI.NH,20200427,3244.241,3252.7249,3277.0198,3238.7532,3232.5584,11.6826,0.0036,3538095,4379234
NHMI.NH,20200424,3232.5584,3226.7835,3242.1807,3218.0195,3226.28,6.2783,0.0019,3391413,4395254
NHMI.NH,20200423,3226.28,3231.9185,3254.5393,3220.0059,3229.4331,-3.1531,-0.001,4035128,4482752
NHMI.NH,20200422,3229.4331,3211.311,3229.7073,3170.438,3216.3518,13.0813,0.0041,4284484,4530488
NHMI.NH,20200421,3216.3518,3270.8901,3270.8901,3199.3425,3274.877,-58.5251,-0.0179,4598852,4483863
NHMI.NH,20200420,3274.877,3268.2588,3290.7988,3252.1074,3263.228,11.6489,0.0036,3696486,4533365
NHMI.NH,20200417,3263.228,3228.821,3279.8562,3228.821,3225.8076,37.4204,0.0116,4442692,4473043
NHMI.NH,20200416,3225.8076,3216.0674,3235.8721,3203.01,3219.5732,6.2344,0.0019,4282945,4526106
NHMI.NH,20200415,3219.5732,3222.3335,3247.22,3206.3125,3223.3364,-3.7632,-0.0012,4041199,4664672
NHMI.NH,20200414,3223.3364,3211.9829,3237.8147,3209.6143,3209.9502,13.3862,0.0042,3948820,4703476
NHMI.NH,20200413,3209.9502,3212.2105,3232.2568,3194.1375,3211.7048,-1.7546,-0.0005,4152321,4693731
NHMI.NH,20200410,3211.7048,3158.3367,3214.1606,3152.4358,3158.3367,53.3682,0.0169,4455183,4723236
NHMI.NH,20200409,3158.3367,3129.0244,3166.1985,3129.0244,3128.0137,30.323,0.0097,4630431,4812167
NHMI.NH,20200408,3128.0137,3091.6758,3136.1924,3067.1094,3092.6807,35.333,0.0114,4683965,4824344
NHMI.NH,20200407,3092.6807,3070.8831,3115.5752,3068.5544,3070.8831,21.7976,0.0071,4186601,4897943
NHMI.NH,20200403,3070.8831,3084.0295,3092.2217,3050.9439,3080.5938,-9.7107,-0.0032,4316661,4823367
NHMI.NH,20200402,3080.5938,3028.908,3086.0176,2978.0183,3032.4944,48.0994,0.0159,7033247,4942620
NHMI.NH,20200401,3032.4944,3070.0056,3085.752,3021.3154,3066.8916,-34.3972,-0.0112,5339873,5141803
NHMI.NH,20200331,3066.8916,3060.5806,3088.1697,3060.5806,3059.686,7.2056,0.0024,3625591,4867895
NHMI.NH,20200330,3059.686,3110.811,3110.811,3048.0715,3116.6116,-56.9255,-0.0183,5346071,4881730
NHMI.NH,20200327,3116.6116,3099.6692,3122.5076,3092.001,3097.4619,19.1497,0.0062,4331784,4751218
NHMI.NH,20200326,3097.4619,3115.9026,3122.1301,3092.2905,3117.6721,-20.2102,-0.0065,4479088,4771164
NHMI.NH,20200325,3117.6721,3076.2144,3119.5852,3075.3103,3064.009,53.6631,0.0175,5378015,4738829
NHMI.NH,20200324,3064.009,3018.7183,3077.2495,3010.3347,3016.0039,48.0051,0.0159,6579539,4678041
NHMI.NH,20200323,3016.0039,3120.7561,3120.7561,3003.0161,3135.5144,-119.5105,-0.0381,6218558,4795729
NHMI.NH,20200320,3135.5144,3125.2417,3170.7842,3106.1055,3123.0689,12.4456,0.004,6961031,4637720
NHMI.NH,20200319,3123.0689,3187.124,3187.124,3013.4297,3187.124,-64.0552,-0.0201,9651447,4735364
NHMI.NH,20200318,3187.124,3267.1116,3274.1443,3178.3513,3268.0308,-80.9067,-0.0248,6265933,4859605
NHMI.NH,20200317,3268.0308,3256.8887,3271.26,3235.8069,3258.283,9.7478,0.003,4348576,4798151
NHMI.NH,20200316,3258.283,3297.7759,3306.0474,3254.2737,3300.9985,-42.7156,-0.0129,4317914,4963926
NHMI.NH,20200313,3300.9985,3270.0523,3302.8987,3208.874,3275.179,25.8196,0.0079,6918194,5003537
NHMI.NH,20200312,3275.179,3282.0664,3287.1599,3239.7822,3282.5403,-7.3613,-0.0022,5190773,5118827
NHMI.NH,20200311,3282.5403,3302.6213,3319.884,3281.2065,3300.2712,-17.731,-0.0054,4124905,5153053
NHMI.NH,20200310,3300.2712,3228.4839,3313.9395,3228.4839,3230.3889,69.8823,0.0216,4508107,5175564
NHMI.NH,20200309,3230.3889,3253.8325,3253.8325,3191.575,3282.4199,-52.031,-0.0159,5449315,5184498
NHMI.NH,20200306,3282.4199,3312.3179,3312.3179,3280.876,3315.6082,-33.1882,-0.01,3480978,5297186
NHMI.NH,20200305,3315.6082,3312.3623,3325.8347,3302.0557,3309.5237,6.0845,0.0018,3573101,5337089
NHMI.NH,20200304,3309.5237,3288.7603,3312.0686,3268.0042,3288.7603,20.7634,0.0063,4275147,5256581
NHMI.NH,20200303,3288.7603,3289.8577,3330.616,3285.0032,3289.8577,-1.0974,-0.0003,3842753,5175191
NHMI.NH,20200302,3289.8577,3192.408,3294.6755,3192.408,3192.8965,96.9612,0.0304,5367423,5091377
NHMI.NH,20200228,3192.8965,3261.8648,3261.8648,3181.196,3274.5549,-81.6585,-0.0249,5793198,5108627
NHMI.NH,20200227,3274.5549,3299.3682,3304.9841,3270.144,3299.8499,-25.2949,-0.0077,3537451,5075565
NHMI.NH,20200226,3299.8499,3343.9146,3343.9146,3295.7813,3350.9666,-51.1167,-0.0153,4136101,5077568
NHMI.NH,20200225,3350.9666,3350.6953,3354.8418,3315.2637,3350.6953,0.2712,0.0001,3982356,5039148
NHMI.NH,20200224,3350.6953,3362.9338,3367.8086,3333.5374,3360.5869,-9.8916,-0.0029,4321189,5106740
NHMI.NH,20200221,3360.5869,3360.7158,3369.3269,3348.583,3360.7158,-0.1289,0.0,3743007,5151863
NHMI.NH,20200220,3360.7158,3318.3516,3372.9168,3318.3516,3318.8367,41.8792,0.0126,4739513,4990850
NHMI.NH,20200219,3318.8367,3310.9932,3322.842,3303.1726,3315.3955,3.4412,0.001,2682858,4972498
NHMI.NH,20200218,3315.3955,3330.9614,3333.959,3306.4539,3329.9788,-14.5833,-0.0044,3479021,4920711
NHMI.NH,20200217,3329.9788,3300.8784,3332.2422,3289.5994,3302.8618,27.1169,0.0082,3348572,4931405
NHMI.NH,20200214,3302.8618,3293.5073,3303.6575,3285.0923,3295.0007,7.8611,0.0024,2893665,4716443
NHMI.NH,20200213,3295.0007,3289.594,3304.4475,3279.4641,3288.0918,6.9089,0.0021,3235933,4651973
NHMI.NH,20200212,3288.0918,3273.6345,3297.813,3263.5981,3273.1245,14.9673,0.0046,3456095,4510194
NHMI.NH,20200211,3273.1245,3214.4248,3306.5859,3214.4248,3213.9033,59.2212,0.0184,5505533,4418254
NHMI.NH,20200210,3213.9033,3228.1394,3228.1394,3198.5259,3234.3779,-20.4746,-0.0063,2738729,4374822
NHMI.NH,20200207,3234.3779,3233.6191,3242.4885,3215.5579,3235.6887,-1.3108,-0.0004,2587934,4280239
NHMI.NH,20200206,3235.6887,3213.7502,3244.5862,3209.6912,3212.7014,22.9873,0.0072,3458639,4160640
NHMI.NH,20200205,3212.7014,3223.5737,3237.2698,3206.8296,3224.0884,-11.387,-0.0035,3078830,4043911
NHMI.NH,20200204,3224.0884,3167.2756,3235.1751,3150.7622,3203.1531,20.9353,0.0065,3954286,3796466
NHMI.NH,20200203,3203.1531,3371.5144,3371.5144,3191.5886,3414.1672,-211.0142,-0.0618,3088122,3701464
NHMI.NH,20200123,3414.1672,3464.2786,3464.2786,3405.6853,3475.0923,-60.9251,-0.0175,3010308,3701757
NHMI.NH,20200122,3475.0923,3471.1311,3480.094,3434.0891,3470.5364,4.5559,0.0013,3377845,3807082
NHMI.NH,20200121,3470.5364,3500.8877,3500.8877,3461.9487,3499.0686,-28.5322,-0.0082,2975714,3933559
NHMI.NH,20200120,3499.0686,3499.9605,3508.0898,3493.5483,3499.9605,-0.8919,-0.0003,2279602,4081101
NHMI.NH,20200117,3499.9605,3493.6047,3505.4905,3482.5488,3485.3584,14.6021,0.0042,2967673,4096306
NHMI.NH,20200116,3485.3584,3471.6873,3497.4966,3471.6873,3469.7151,15.6433,0.0045,2976554,3968848
NHMI.NH,20200115,3469.7151,3483.063,3490.115,3469.7151,3485.2561,-15.541,-0.0045,2504170,3965550
NHMI.NH,20200114,3485.2561,3466.9033,3489.0969,3466.9033,3467.802,17.4541,0.005,3151601,3995500
NHMI.NH,20200113,3467.802,3480.9683,3483.4077,3465.7041,3483.8713,-16.0693,-0.0046,3033481,3969027
NHMI.NH,20200110,3483.8713,3474.4236,3491.4314,3470.6282,3472.5811,11.2903,0.0033,2473418,4019900
NHMI.NH,20200109,3472.5811,3508.3369,3513.3386,3470.396,3507.2183,-34.6372,-0.0099,3714692,4002447
NHMI.NH,20200108,3507.2183,3475.8223,3509.2866,3475.8223,3478.1316,29.0867,0.0084,3666176,4153148
NHMI.NH,20200107,3478.1316,3465.8521,3478.1316,3461.4121,3467.0654,11.0662,0.0032,2589151,4074109
NHMI.NH,20200106,3467.0654,3447.8015,3468.3096,3447.8015,3453.4924,13.573,0.0039,3194293,4060192
NHMI.NH,20200103,3453.4924,3464.2148,3477.9619,3453.0171,3465.0151,-11.5227,-0.0033,3235022,4117844
NHMI.NH,20200102,3465.0151,3469.3872,3485.0503,3457.1338,3467.8738,-2.8586,-0.0008,2749737,4119420
NHMI.NH,20191231,3467.8738,3457.7524,3474.3943,3455.6729,3459.5403,8.3335,0.0024,7328824,8293450
NHMI.NH,20191230,3459.5403,3453.5625,3470.544,3453.5625,3455.0615,4.4788,0.0013,6585718,8576510
NHMI.NH,20191227,3455.0615,3450.7483,3466.9639,3448.1707,3452.3545,2.707,0.0008,7066416,8710520
NHMI.NH,20191226,3452.3545,3441.155,3454.5049,3426.6841,3440.6868,11.6677,0.0034,7104376,8703994
NHMI.NH,20191225,3440.6868,3451.7776,3459.3787,3439.6726,3455.335,-14.6482,-0.0042,6151560,8802712
NHMI.NH,20191224,3455.335,3456.6502,3460.5867,3436.7202,3454.8677,0.4673,0.0001,8107822,8809300
NHMI.NH,20191223,3454.8677,3437.752,3468.127,3437.752,3435.1399,19.7278,0.0057,8632606,8809442
NHMI.NH,20191220,3435.1399,3450.4397,3462.7419,3430.0767,3450.7044,-15.5645,-0.0045,7951980,8748298
NHMI.NH,20191219,3450.7044,3424.1038,3451.8489,3419.6318,3415.7786,34.9258,0.0102,8177252,9010780
NHMI.NH,20191218,3415.7786,3427.6873,3434.9876,3410.5134,3427.8086,-12.03,-0.0035,6799480,9044770
NHMI.NH,20191217,3427.8086,3432.9495,3439.5574,3415.2622,3430.1875,-2.3789,-0.0007,7551880,9161600
NHMI.NH,20191216,3430.1875,3456.0762,3479.1267,3420.7847,3452.5928,-22.4053,-0.0065,12155688,9263454
NHMI.NH,20191213,3452.5928,3445.2527,3462.0186,3436.8833,3446.7249,5.8679,0.0017,9169904,9357866
NHMI.NH,20191212,3446.7249,3447.9275,3452.158,3436.3792,3446.793,-0.0681,0.0,10314008,9407508
NHMI.NH,20191211,3446.793,3413.582,3448.2183,3413.582,3414.0354,32.7576,0.0096,9735614,9500176
NHMI.NH,20191210,3414.0354,3409.313,3434.7041,3406.144,3411.8853,2.1502,0.0006,8681430,9459704
NHMI.NH,20191209,3411.8853,3340.988,3427.6748,3340.988,3340.6328,71.2524,0.0213,13184874,9545292
NHMI.NH,20191206,3340.6328,3322.0005,3344.7087,3322.0005,3324.9211,15.7117,0.0047,8650026,9522714
NHMI.NH,20191205,3324.9211,3327.2813,3345.9756,3323.8565,3324.2368,0.6843,0.0002,8246828,9570860
NHMI.NH,20191204,3324.2368,3322.7024,3334.9009,3313.2554,3322.7024,1.5344,0.0005,10152822,9619476
NHMI.NH,20191203,3322.7024,3339.407,3339.407,3321.8809,3339.407,-16.7046,-0.005,5719936,7444336
NHMI.NH,20191202,3339.407,3328.1628,3342.3137,3299.4568,3328.1628,11.2441,0.0034,10748876,8959306
NHMI.NH,20191129,3328.1628,3336.7512,3336.7512,3315.3919,3336.7512,-8.5884,-0.0026,9825246,9413298
NHMI.NH,20191128,3336.7512,3328.1045,3339.1743,3316.7686,3328.1045,8.6467,0.0026,10129654,9482020
NHMI.NH,20191127,3328.1045,3339.5205,3345.2275,3323.3726,3339.5205,-11.416,-0.0034,8972706,9509480
NHMI.NH,20191126,3339.5205,3374.5498,3374.5498,3327.6858,3374.5498,-35.0293,-0.0104,10354820,9715636
NHMI.NH,20191125,3374.5498,3341.1438,3383.4194,3353.6877,3341.1438,33.406,0.01,10302984,9395404
NHMI.NH,20191122,3341.1438,3328.885,3344.9583,3325.5457,3328.885,12.2588,0.0037,9078190,10092134
NHMI.NH,20191121,3328.885,3336.0642,3336.0642,3311.5967,3336.0642,-7.1792,-0.0022,10360912,10014552
NHMI.NH,20191120,3336.0642,3330.8835,3352.5269,3330.8835,3330.8835,5.1807,0.0016,10713060,10091958
NHMI.NH,20191119,3330.8835,3316.9414,3332.7,3304.2034,3316.9414,13.9421,0.0042,10921494,10111928
NHMI.NH,20191118,3316.9414,3310.9968,3324.1423,3301.0642,3310.9968,5.9446,0.0018,9496762,10108342
NHMI.NH,20191115,3310.9968,3303.7041,3317.0981,3299.7549,3303.7041,7.2927,0.0022,9596722,10086556
NHMI.NH,20191114,3303.7041,3269.6882,3306.4829,3259.6685,3269.6882,34.0159,0.0104,10728768,10115820
NHMI.NH,20191113,3269.6882,3281.6274,3284.6416,3263.314,3281.6274,-11.9392,-0.0036,7175606,9846192
NHMI.NH,20191112,3281.6274,3245.1519,3284.5999,3232.2881,3245.1519,36.4756,0.0112,10091056,10015152
NHMI.NH,20191111,3245.1519,3274.8035,3274.8035,3243.3535,3274.8035,-29.6516,-0.0091,9201470,10028634
NHMI.NH,20191108,3274.8035,3290.0286,3291.2034,3273.7722,3290.0286,-15.2251,-0.0046,6819308,9959032
NHMI.NH,20191107,3290.0286,3307.4277,3317.5276,3289.2759,3307.4277,-17.3992,-0.0053,7641150,9985456
NHMI.NH,20191106,3307.4277,3311.6174,3328.5125,3306.5703,3311.6174,-4.1897,-0.0013,8026720,10022548
NHMI.NH,20191105,3311.6174,3294.9512,3312.8762,3281.6602,3294.9121,16.7053,0.0051,8299996,10076410
NHMI.NH,20191104,3294.9121,3304.8467,3304.8467,3286.1462,3304.8467,-9.9346,-0.003,6660048,9821004
NHMI.NH,20191101,3304.8467,3297.041,3305.8013,3277.2097,3297.041,7.8057,0.0024,7510372,9718560
NHMI.NH,20191031,3297.041,3307.228,3310.918,3292.981,3307.228,-10.187,-0.0031,7295894,9729108
NHMI.NH,20191030,3307.228,3292.7127,3308.9233,3279.1858,3292.7127,14.5154,0.0044,8085092,9900260
NHMI.NH,20191029,3292.7127,3291.6306,3305.5195,3280.0305,3291.6306,1.082,0.0003,7850544,9869822
NHMI.NH,20191028,3291.6306,3300.4556,3323.9724,3287.1475,3300.4556,-8.825,-0.0027,8216906,9969346
NHMI.NH,20191025,3300.4556,3289.5339,3300.7415,3272.9285,3289.5339,10.9216,0.0033,7823094,10091566
NHMI.NH,20191024,3289.5339,3261.0837,3290.5659,3261.0837,3261.0837,28.4502,0.0087,9327784,10222108
NHMI.NH,20191023,3261.0837,3251.5281,3277.9976,3251.1475,3251.5281,9.5557,0.0029,9486678,10188662
NHMI.NH,20191022,3251.5281,3237.4436,3257.2676,3230.6502,3237.4436,14.0845,0.0044,8039346,10217362
NHMI.NH,20191021,3237.4436,3249.3374,3259.9951,3228.0198,3249.3374,-11.8938,-0.0037,8406980,10137330
NHMI.NH,20191018,3249.3374,3250.4597,3256.9011,3213.4817,3250.4597,-1.1223,-0.0003,10039092,10210388
NHMI.NH,20191017,3250.4597,3255.6243,3255.6243,3232.7278,3255.6243,-5.1646,-0.0016,9664432,10065124
NHMI.NH,20191016,3255.6243,3301.7188,3304.3418,3252.5195,3301.7188,-46.0945,-0.014,9668104,9982804
NHMI.NH,20191015,3301.7188,3305.8452,3307.8049,3282.8198,3305.8452,-4.1265,-0.0012,9914692,9766982
NHMI.NH,20191014,3305.8452,3323.6003,3359.9763,3305.6123,3323.6003,-17.7551,-0.0053,9762820,9586798
NHMI.NH,20191011,3323.6003,3344.8374,3349.8967,3321.2065,3344.8374,-21.2371,-0.0063,5472482,9393408
NHMI.NH,20191010,3344.8374,3322.6228,3347.0056,3318.2559,3322.6228,22.2146,0.0067,9586176,9227616
NHMI.NH,20191009,3322.6228,3341.5252,3346.6897,3320.7844,3341.5252,-18.9024,-0.0057,7860288,8945926
NHMI.NH,20191008,3341.5252,3362.189,3367.1843,3338.7432,3369.5283,-28.0032,-0.0083,5998922,8455800
NHMI.NH,20190930,3369.5283,3343.2537,3390.0808,3361.6843,3343.2537,26.2747,0.0079,8626578,8098086
NHMI.NH,20190927,3343.2537,3339.9602,3347.7258,3323.1482,3339.9602,3.2935,0.001,7833696,8606194
NHMI.NH,20190926,3339.9602,3342.9504,3366.6074,3325.8274,3342.9504,-2.9902,-0.0009,11487222,8987916
NHMI.NH,20190925,3342.9504,3345.9302,3352.4539,3336.8784,3345.9302,-2.9797,-0.0009,8309648,9070342
NHMI.NH,20190924,3345.9302,3377.6143,3394.6165,3342.2649,3377.6143,-31.6841,-0.0094,12070412,9224782
NHMI.NH,20190923,3377.6143,3330.1343,3381.7385,3330.1343,3330.1343,47.48,0.0143,11257536,9154962
NHMI.NH,20190920,3330.1343,3330.4463,3336.3291,3313.6755,3330.4463,-0.312,-0.0001,9260378,9310270
NHMI.NH,20190919,3330.4463,3391.2188,3391.2188,3326.846,3391.2188,-60.7725,-0.0179,11558138,9258726
NHMI.NH,20190918,3391.2188,3403.8479,3423.5376,3387.3894,3403.8479,-12.6292,-0.0037,9291216,9073740
NHMI.NH,20190917,3403.8479,3431.72,3432.3618,3387.6553,3431.72,-27.8721,-0.0081,8498634,9029308
NHMI.NH,20190916,3431.72,3473.2698,3473.8003,3430.4351,3455.9356,-24.2156,-0.007,6464978,9103302
NHMI.NH,20190912,3455.9356,3411.6821,3456.9087,3405.6235,3411.6821,44.2534,0.013,9221566,9253764
NHMI.NH,20190911,3411.6821,3403.562,3419.8994,3390.0791,3403.562,8.1201,0.0024,9722696,9360652
NHMI.NH,20190910,3403.562,3404.0647,3415.4641,3388.0222,3404.0647,-0.5027,-0.0001,9113966,9226576
NHMI.NH,20190909,3404.0647,3331.5908,3404.3294,3331.5908,3331.5908,72.4739,0.0218,14276666,9464438
NHMI.NH,20190906,3331.5908,3367.7913,3382.3582,3331.116,3367.7913,-36.2004,-0.0107,9870600,9405868
NHMI.NH,20190905,3367.7913,3362.8796,3405.3201,3362.3057,3362.8796,4.9116,0.0015,12156424,9613052
NHMI.NH,20190904,3362.8796,3344.0891,3363.8506,3337.2627,3344.0891,18.7905,0.0056,10163506,9541034
NHMI.NH,20190903,3344.0891,3317.3752,3357.0845,3317.3752,3317.3752,26.7139,0.0081,9895898,9578936
NHMI.NH,20190902,3317.3752,3263.0654,3319.0515,3263.0654,3263.0654,54.3098,0.0166,9116136,9973020
NHMI.NH,20190830,3263.0654,3198.0757,3263.7041,3198.0757,3198.0757,64.9898,0.0203,11200600,10251828
NHMI.NH,20190829,3198.0757,3217.3706,3230.2476,3192.8257,3217.3706,-19.2949,-0.006,9433826,10479308
NHMI.NH,20190828,3217.3706,3199.343,3221.4829,3192.2839,3199.343,18.0276,0.0056,10292906,10457280
NHMI.NH,20190827,3199.343,3219.2976,3228.6863,3199.2705,3219.2976,-19.9546,-0.0062,10264438,10395194
NHMI.NH,20190826,3219.2976,3267.4756,3267.4756,3215.8201,3267.4756,-48.178,-0.0147,10729490,9966006
NHMI.NH,20190823,3267.4756,3249.7678,3271.4873,3237.5427,3249.7678,17.7078,0.0054,9288446,9983010
NHMI.NH,20190822,3249.7678,3234.7998,3256.4443,3212.155,3234.7998,14.968,0.0046,10240126,10042410
NHMI.NH,20190821,3234.7998,3260.2852,3260.2852,3210.7927,3260.2852,-25.4854,-0.0078,10769960,9821836
NHMI.NH,20190820,3260.2852,3288.0107,3288.0107,3260.25,3288.0107,-27.7256,-0.0084,7624646,9491518
NHMI.NH,20190819,3288.0107,3286.1201,3302.895,3266.6543,3286.1201,1.8906,0.0006,8377006,9515806
NHMI.NH,20190816,3286.1201,3270.165,3296.0859,3270.165,3270.165,15.9551,0.0049,8683568,9503588
NHMI.NH,20190815,3270.165,3275.2481,3289.24,3256.5247,3275.2481,-5.083,-0.0016,11516162,9530178
NHMI.NH,20190814,3275.2481,3270.7102,3307.0828,3270.7102,3270.7102,4.5378,0.0014,11426236,9616954
NHMI.NH,20190813,3270.7102,3275.9116,3283.8264,3253.5181,3275.9116,-5.2014,-0.0016,11301396,9744290
NHMI.NH,20190812,3275.9116,3256.3164,3282.4531,3210.5681,3256.3164,19.5952,0.006,15051616,9665586
NHMI.NH,20190809,3256.3164,3292.9919,3300.4978,3228.898,3292.9919,-36.6755,-0.0111,13614612,9776350
NHMI.NH,20190808,3292.9919,3270.2712,3325.6189,3270.2712,3270.2712,22.7207,0.0069,11722126,9784352
NHMI.NH,20190807,3270.2712,3313.4233,3324.8108,3264.0947,3313.4233,-43.1521,-0.013,12079752,9590082
NHMI.NH,20190806,3313.4233,3329.5344,3343.0618,3313.0029,3329.5344,-16.1111,-0.0048,9847174,9540140
NHMI.NH,20190805,3329.5344,3381.0867,3381.0867,3321.8491,3381.0867,-51.5523,-0.0152,12470972,9540694
NHMI.NH,20190802,3381.0867,3403.4856,3403.4856,3344.4294,3403.4856,-22.3989,-0.0066,11973436,9475576
NHMI.NH,20190801,3403.4856,3426.6829,3436.3149,3403.1538,3426.6829,-23.1973,-0.0068,8627246,9657702
NHMI.NH,20190731,3426.6829,3444.3596,3457.3572,3422.4668,3444.3596,-17.6768,-0.0051,8771550,9498500
NHMI.NH,20190730,3444.3596,3409.0701,3463.769,3409.0701,3409.0701,35.2896,0.0104,8441466,9468520
NHMI.NH,20190729,3409.0701,3409.0701,3435.75,3407.176,3435.75,-26.6799,-0.0078,7618270,9315314
NHMI.NH,20190726,3435.75,3418.4138,3440.6187,3412.9548,3418.4138,17.3362,0.0051,9292006,9070974
NHMI.NH,20190725,3418.4138,3405.3357,3422.7986,3406.4619,3405.3357,13.0781,0.0038,8657766,8997046
NHMI.NH,20190724,3405.3357,3435.7388,3435.7388,3381.3733,3435.7388,-30.4031,-0.0088,10456526,8964168
NHMI.NH,20190723,3435.7388,3445.3093,3460.8936,3435.3865,3445.3093,-9.5706,-0.0028,8111620,8910738
NHMI.NH,20190722,3445.3093,3512.7449,3512.7449,3444.8887,3501.4651,-56.1558,-0.016,11240730,8977962
NHMI.NH,20190719,3501.4651,3458.6406,3501.8584,3458.6748,3458.6406,42.8245,0.0124,8850514,9155804
NHMI.NH,20190718,3458.6406,3468.5164,3481.905,3458.1663,3468.5164,-9.8757,-0.0028,8660102,9105394
NHMI.NH,20190717,3468.5164,3461.9148,3472.0398,3441.4309,3461.9148,6.6016,0.0019,10255424,9126208
NHMI.NH,20190716,3461.9148,3440.8257,3473.1226,3440.8257,3440.8257,21.0891,0.0061,10025856,9036880
NHMI.NH,20190715,3440.8257,3391.7651,3441.1394,3387.929,3391.7651,49.0605,0.0145,9978336,9075134
NHMI.NH,20190712,3391.7651,3399.3477,3408.489,3383.5505,3399.3477,-7.5825,-0.0022,7824260,9047488
NHMI.NH,20190711,3399.3477,3399.9104,3416.6282,3387.5576,3399.9104,-0.5627,-0.0002,10233030,8872998
NHMI.NH,20190710,3399.9104,3396.6191,3408.0833,3377.9561,3396.6191,3.2913,0.001,8923532,8829862
NHMI.NH,20190709,3396.6191,3375.2024,3424.6511,3375.2024,3375.2024,21.4168,0.0063,10954478,8815548
NHMI.NH,20190708,3375.2024,3342.2568,3382.7022,3342.2568,3342.2568,32.9456,0.0099,10283876,8784386
NHMI.NH,20190705,3342.2568,3385.3591,3396.4815,3331.5408,3400.169,-57.9121,-0.017,11917956,8869782
NHMI.NH,20190704,3400.169,3410.1399,3427.2537,3399.8479,3410.1399,-9.9709,-0.0029,7222604,9096514
NHMI.NH,20190703,3410.1399,3416.4832,3416.4832,3388.4883,3416.4832,-6.3433,-0.0019,9898004,9145586
NHMI.NH,20190702,3416.4832,3436.166,3436.166,3389.8362,3436.166,-19.6829,-0.0057,10819710,9157114
NHMI.NH,20190701,3436.166,3399.7537,3445.0681,3399.7537,3399.7537,36.4124,0.0107,10807488,9335378
NHMI.NH,20190628,3399.7537,3373.1978,3407.1189,3373.1978,3373.1978,26.5559,0.0079,9897112,9280144
NHMI.NH,20190627,3373.1978,3360.085,3408.467,3366.2407,3360.085,13.1128,0.0039,12980346,9138056
NHMI.NH,20190626,3360.085,3349.2109,3364.2971,3334.2261,3349.211,10.8739,0.0032,9927514,9143228
NHMI.NH,20190625,3349.211,3307.8792,3351.3411,3321.7869,3321.7869,27.4242,0.0083,10726264,9385880
NHMI.NH,20190624,3321.7869,3307.8792,3334.3076,3307.8792,3307.8792,13.9077,0.0042,12982730,9384136
NHMI.NH,20190621,3307.8792,3320.0559,3320.0559,3281.2461,3320.0559,-12.1768,-0.0037,10812738,9668480
NHMI.NH,20190620,3320.0559,3281.0833,3326.459,3281.0833,3281.0833,38.9727,0.0119,11470962,9612560
NHMI.NH,20190619,3281.0833,3241.1123,3299.6172,3241.1123,3241.1123,39.971,0.0123,12150192,9477658
NHMI.NH,20190618,3241.1123,3219.0667,3242.4746,3212.6167,3219.0667,22.0457,0.0068,8423996,9596042
NHMI.NH,20190617,3219.0667,3254.2669,3254.2669,3216.3428,3254.2669,-35.2002,-0.0108,8637302,9685320
NHMI.NH,20190614,3254.2669,3263.312,3281.6011,3245.7542,3263.312,-9.0452,-0.0028,9857844,9436260
NHMI.NH,20190613,3263.312,3238.2959,3263.4065,3227.979,3238.2959,25.0161,0.0077,8985728,9360618
NHMI.NH,20190612,3238.2959,3260.426,3267.7795,3236.3943,3260.426,-22.1301,-0.0068,9484354,9201086
NHMI.NH,20190611,3260.426,3174.6262,3261.6497,3174.6262,3174.6262,85.7998,0.027,11594148,9294716
NHMI.NH,20190610,3174.6262,3167.7441,3186.5178,3157.4898,3173.8272,0.7991,0.0003,1465038,9064414
NHMI.NH,20190606,3173.8272,3189.7236,3189.7236,3129.3377,3189.7236,-15.8965,-0.005,11073172,9015550
NHMI.NH,20190605,3189.7236,3187.3994,3197.8308,3181.3176,3187.3994,2.3242,0.0007,6482928,9046090
NHMI.NH,20190604,3187.3994,3170.2539,3188.5859,3162.385,3170.2539,17.1455,0.0054,7533010,8994064
NHMI.NH,20190603,3170.2539,3204.2295,3204.6228,3166.5103,3204.2295,-33.9756,-0.0106,9343808,8984686
NHMI.NH,20190531,3204.2295,3228.3469,3240.375,3204.0405,3228.3469,-24.1174,-0.0075,7250294,8128396
NHMI.NH,20190530,3228.3469,3254.4243,3256.4634,3220.4187,3254.4243,-26.0774,-0.008,7952146,7981104
NHMI.NH,20190529,3254.4243,3280.7419,3269.3398,3234.6216,3280.7419,-26.3176,-0.008,8869302,7775150
NHMI.NH,20190528,3280.7419,3285.582,3308.4746,3265.397,3285.582,-4.8401,-0.0015,9290584,7776532
NHMI.NH,20190527,3285.582,3260.968,3304.3855,3257.8171,3260.968,24.614,0.0075,12166266,7824942
NHMI.NH,20190524,3260.968,3231.4395,3261.8171,3225.6587,3231.4395,29.5286,0.0091,9995284,7676628
NHMI.NH,20190523,3231.4395,3250.7993,3250.7993,3227.1592,3250.7993,-19.3599,-0.006,8518216,7690680
NHMI.NH,20190522,3250.7993,3257.4829,3262.5037,3236.8811,3257.4829,-6.6836,-0.0021,11292246,7733570
NHMI.NH,20190521,3257.4829,3218.2376,3259.2864,3218.2376,3218.2376,39.2454,0.0122,11011790,7793924
NHMI.NH,20190520,3218.2376,3217.2398,3227.7925,3205.5535,3217.2398,0.9978,0.0003,7716314,7581868
NHMI.NH,20190517,3217.2398,3188.342,3228.5898,3188.342,3188.342,28.8977,0.0091,10224810,7576770
NHMI.NH,20190516,3188.342,3152.7634,3195.875,3152.7634,3152.7634,35.5786,0.0113,10082702,7546024
NHMI.NH,20190515,3152.7634,3111.2293,3153.4155,3111.2293,3111.2293,41.5342,0.0134,7386384,7604722
NHMI.NH,20190514,3111.2293,3134.4219,3141.9341,3107.6665,3134.4219,-23.1926,-0.0074,9753276,7462884
NHMI.NH,20190513,3134.4219,3149.3152,3149.3152,3129.7715,3149.3152,-14.8933,-0.0047,8326640,7315376
NHMI.NH,20190510,3149.3152,3123.4443,3153.5505,3123.4443,3123.4443,25.8709,0.0083,8647846,7137126
NHMI.NH,20190509,3123.4443,3131.4829,3131.4829,3108.5491,3131.4829,-8.0386,-0.0026,8028426,7042364
NHMI.NH,20190508,3131.4829,3161.3733,3161.3733,3121.3352,3161.3733,-29.8904,-0.0095,8023246,7017296
NHMI.NH,20190507,3161.3733,3132.6179,3182.8823,3132.6179,3132.6179,28.7554,0.0092,8405304,6896802
NHMI.NH,20190506,3132.6179,3115.9268,3140.4326,3104.7605,3179.7202,-47.1023,-0.0148,6657624,6741994
NHMI.NH,20190430,3179.7202,3163.4688,3182.5813,3163.4688,3163.4688,16.2515,0.0051,7865962,6752028
NHMI.NH,20190429,3163.4688,3136.2183,3163.71,3136.2183,3136.2183,27.2505,0.0087,7620404,7185144
NHMI.NH,20190426,3136.2183,3129.2266,3143.8586,3120.4685,3129.2266,6.9917,0.0022,8657268,7305556
NHMI.NH,20190425,3129.2266,3127.8291,3160.1289,3127.8291,3127.8291,1.3975,0.0004,8515422,7371290
NHMI.NH,20190424,3127.8291,3156.8472,3156.8472,3125.1314,3156.8472,-29.0181,-0.0092,8330534,7473352
NHMI.NH,20190423,3156.8472,3159.4417,3169.2007,3154.1963,3159.4417,-2.5945,-0.0008,7055584,7485932
NHMI.NH,20190422,3159.4417,3149.8525,3190.1653,3149.8525,3149.8525,9.5891,0.003,11938140,7335106
NHMI.NH,20190419,3149.8525,3138.7251,3150.8096,3132.1262,3138.7251,11.1274,0.0035,8018632,7431784
NHMI.NH,20190418,3138.7251,3166.1516,3166.1516,3136.9675,3166.1516,-27.4265,-0.0087,10068270,7409894
NHMI.NH,20190417,3166.1516,3181.9653,3183.6773,3155.4954,3181.9653,-15.8137,-0.005,9326400,7404398
NHMI.NH,20190416,3181.9653,3214.269,3214.269,3181.9653,3214.7388,-32.7734,-0.0102,9081990,7384616
NHMI.NH,20190415,3214.7388,3202.8433,3224.4917,3202.8433,3202.8433,11.8955,0.0037,9675902,7715134
NHMI.NH,20190412,3202.8433,3213.2129,3213.2129,3180.5288,3213.2129,-10.3696,-0.0032,12008740,7579682
NHMI.NH,20190411,3213.2129,3207.9539,3213.9519,3183.9114,3207.9539,5.259,0.0016,8643314,7724764
NHMI.NH,20190410,3207.9539,3206.842,3213.5376,3190.196,3206.842,1.1118,0.0003,8297800,7651098
NHMI.NH,20190409,3206.842,3198.3508,3224.438,3186.4612,3198.3508,8.4912,0.0027,10274738,7608880
NHMI.NH,20190408,3198.3508,3142.0205,3207.9224,3142.0205,3145.5855,52.7654,0.0168,8948460,7568418
NHMI.NH,20190404,3145.5855,3147.1616,3150.4067,3129.427,3147.1616,-1.5762,-0.0005,8614272,7516314
NHMI.NH,20190403,3147.1616,3103.24,3155.4536,3103.24,3103.24,43.9216,0.0142,11117012,7470890
NHMI.NH,20190402,3103.24,3093.2022,3109.771,3075.7859,3093.2022,10.0378,0.0032,8528246,7526854
NHMI.NH,20190401,3093.2022,3037.6936,3097.7981,3037.6936,3037.6936,55.5086,0.0183,7532832,7728984
NHMI.NH,20190329,3037.6936,2988.6133,3048.5964,2988.6133,2985.5151,52.1785,0.0175,9366476,7627558
NHMI.NH,20190328,2985.5151,2995.1065,3005.1257,2984.1907,2995.1065,-9.5913,-0.0032,8512514,7869584
NHMI.NH,20190327,2995.1065,2982.5901,3005.1377,2982.5901,2982.5901,12.5164,0.0042,6161190,7871188
NHMI.NH,20190326,2982.5901,2973.2332,2994.0015,2973.2332,2973.2332,9.3569,0.0031,6231074,7926446
NHMI.NH,20190325,2973.2332,3015.5164,3015.5164,2972.864,3015.5164,-42.2832,-0.014,7478714,7891142
NHMI.NH,20190322,3015.5164,3024.6155,3024.6155,3001.7131,3024.6155,-9.0991,-0.003,6998776,7510512
NHMI.NH,20190321,3024.6155,3013.9912,3044.0879,3013.9912,3013.9912,10.6243,0.0035,8360642,7533412
NHMI.NH,20190320,3013.9912,3048.7256,3048.7256,3006.0181,3048.7256,-34.7344,-0.0114,9161388,7512698
NHMI.NH,20190319,3048.7256,3033.8052,3049.8137,3032.9417,3033.8052,14.9204,0.0049,7795354,7741888
NHMI.NH,20190318,3033.8052,3026.9209,3054.2825,3025.8023,3026.9209,6.8843,0.0023,9121338,7623868
NHMI.NH,20190315,3026.9209,3035.1577,3035.1577,3005.2114,3035.1577,-8.2368,-0.0027,10501950,7663642
NHMI.NH,20190314,3035.1577,3008.1162,3041.9885,3008.1162,3008.1162,27.0415,0.009,9185448,7686354
NHMI.NH,20190313,3008.1162,3024.9275,3036.335,3006.3164,3024.9275,-16.8113,-0.0056,7454052,7476740
NHMI.NH,20190312,3024.9275,2984.116,3027.3345,2984.116,2984.116,40.8115,0.0137,8069160,7425282
NHMI.NH,20190311,2984.116,3003.8323,3003.8323,2972.7671,3003.8323,-19.7163,-0.0066,8270540,7445078
NHMI.NH,20190308,3003.8323,3037.3301,3037.3301,3001.8054,3037.3301,-33.4978,-0.011,8430774,7268898
NHMI.NH,20190307,3037.3301,3015.1687,3045.8828,3012.0515,3015.1687,22.1614,0.0074,8762140,7376550
NHMI.NH,20190306,3015.1687,3041.3257,3043.8071,3014.6768,3041.3257,-26.157,-0.0086,8611598,7471730
NHMI.NH,20190305,3041.3257,3050.1929,3050.1929,3019.5603,3050.1929,-8.8672,-0.0029,9574744,7313334
NHMI.NH,20190304,3050.1929,3064.7283,3081.4041,3047.1055,3064.7283,-14.5354,-0.0047,10103954,7662886
NHMI.NH,20190301,3064.7283,3015.7888,3065.624,3015.7888,3015.7888,48.9395,0.0162,7590904,7672544
NHMI.NH,20190228,3015.7888,2985.0654,3016.7769,2985.0654,2985.0654,30.7234,0.0103,7849492,7729178
NHMI.NH,20190227,2985.0654,2992.125,3005.3494,2978.7803,2992.125,-7.0596,-0.0024,7147560,7689438
NHMI.NH,20190226,2992.125,2997.4968,3002.4634,2974.0772,2997.4968,-5.3718,-0.0018,9049126,7656208
NHMI.NH,20190225,2997.4968,3017.0261,3041.1834,2997.2661,3017.0261,-19.5293,-0.0065,9274412,7776130
NHMI.NH,20190222,3017.0261,2988.1074,3017.1375,2983.3926,2988.1074,28.9187,0.0097,8716692,7670502
NHMI.NH,20190221,2988.1074,2986.9561,3006.6411,2982.0195,2986.9561,1.1514,0.0004,8701884,7664626
NHMI.NH,20190220,2986.9561,2989.3696,2996.1987,2963.9482,2989.3696,-2.4136,-0.0008,9339518,7783156
NHMI.NH,20190219,2989.3696,2985.7261,3000.9812,2983.2991,2983.1648,6.2048,0.0021,6896526,7621632
NHMI.NH,20190218,2983.1648,2953.645,2995.1409,2953.645,2942.1824,40.9824,0.0139,9120064,7553786
NHMI.NH,20190215,2942.1824,2976.2102,2976.2102,2934.4558,2976.2102,-34.0278,-0.0114,8913408,7629078
NHMI.NH,20190214,2976.2102,2968.0803,2979.8462,2961.1658,2968.0803,8.1299,0.0027,7587748,7387624
NHMI.NH,20190213,2968.0803,3000.4219,3000.4219,2959.0391,3000.4219,-32.3416,-0.0108,8884504,7113812
NHMI.NH,20190212,3000.4219,3031.0881,3032.082,2997.4214,3031.0881,-30.6663,-0.0101,7930302,7051172
NHMI.NH,20190211,3031.0881,3018.8296,3053.5103,3017.7139,2994.2031,36.885,0.0123,5765614,6841238
NHMI.NH,20190201,2994.2031,2936.1104,2996.2647,2936.1104,2936.1104,58.0928,0.0198,6855120,6461264
NHMI.NH,20190131,2936.1104,2915.354,2941.1377,2912.4673,2915.354,20.7564,0.0071,7190822,6676694
NHMI.NH,20190130,2915.354,2873.501,2936.3235,2873.501,2873.501,41.853,0.0146,9162064,6898298
NHMI.NH,20190129,2873.501,2864.3306,2877.5537,2854.6685,2864.3306,9.1704,0.0032,5953140,6803050
NHMI.NH,20190128,2864.3306,2844.0156,2902.4697,2844.0156,2844.0156,20.3149,0.0071,7856446,6775312
NHMI.NH,20190125,2844.0156,2835.4817,2856.4277,2835.4817,2835.4817,8.5339,0.003,6289172,6909752
NHMI.NH,20190124,2835.4817,2822.136,2837.8262,2820.749,2822.136,13.3457,0.0047,6868892,6881928
NHMI.NH,20190123,2822.136,2819.1389,2826.658,2812.9876,2814.2095,7.9265,0.0028,5676582,6697272
NHMI.NH,20190122,2814.2095,2835.8181,2849.0701,2813.6013,2835.8181,-21.6087,-0.0076,7419738,6641038
NHMI.NH,20190121,2835.8181,2825.0559,2849.2981,2825.0559,2825.0559,10.7622,0.0038,8055940,6784276
NHMI.NH,20190118,2825.0559,2772.1907,2827.2236,2772.1907,2772.1907,52.8652,0.0191,8132600,6826100
NHMI.NH,20190117,2772.1907,2767.3626,2778.7627,2761.3565,2767.3626,4.8281,0.0017,5163110,6577402
NHMI.NH,20190116,2767.3626,2750.7444,2769.4356,2750.7444,2750.7444,16.6182,0.006,6401084,6497910
NHMI.NH,20190115,2750.7444,2756.9585,2756.9585,2737.4546,2756.9585,-6.2141,-0.0023,6592052,6401888
NHMI.NH,20190114,2756.9585,2754.3093,2762.1394,2741.2964,2754.3093,2.6492,0.001,6015632,6381672
NHMI.NH,20190111,2754.3093,2749.0662,2755.2129,2735.4153,2749.0662,5.2432,0.0019,6893610,6268380
NHMI.NH,20190110,2749.0662,2756.5501,2761.4492,2745.553,2756.5501,-7.4839,-0.0027,6091588,6224030
NHMI.NH,20190109,2756.5501,2751.158,2776.2813,2751.158,2751.158,5.3921,0.002,6945930,6137710
NHMI.NH,20190108,2751.158,2756.0606,2759.0938,2740.1606,2756.0606,-4.9026,-0.0018,5807050,6190356
NHMI.NH,20190107,2756.0606,2737.3926,2759.4277,2737.3926,2737.3926,18.668,0.0068,7078318,6224514
NHMI.NH,20190104,2737.3926,2707.4063,2738.3809,2694.8652,2707.4063,29.9863,0.0111,8162360,6196014
NHMI.NH,20190103,2707.4063,2674.9238,2711.7588,2674.9238,2684.6697,22.7366,0.0085,7508926,6108352
NHMI.NH,20190102,2684.6697,2708.6885,2718.3814,2683.2639,2718.7505,-34.0808,-0.0125,4393666,6004806
NHEI.NH,20260430,1462.38,1446.8,1473.38,1441.11,1428.17,34.21,0.024,719820,585748
NHEI.NH,20260429,1428.17,1434.62,1437.6,1413.69,1429.22,-1.05,-0.0007,526944,565867
NHEI.NH,20260428,1429.22,1400.84,1429.94,1393.9,1399.67,29.55,0.0211,581041,556905
NHEI.NH,20260427,1399.67,1385.46,1403.28,1371.7,1385.47,14.2,0.0102,463586,531947
NHEI.NH,20260424,1385.47,1366.25,1404.97,1364.72,1373.68,11.79,0.0086,614501,528114
NHEI.NH,20260423,1373.68,1360.11,1392.87,1350.55,1344.15,29.53,0.022,727949,510014
NHEI.NH,20260422,1344.15,1335.13,1363.59,1330.18,1329.94,14.21,0.0107,568404,505023
NHEI.NH,20260421,1329.94,1335.2,1335.2,1314.99,1333.68,-3.74,-0.0028,606897,511069
NHEI.NH,20260420,1333.68,1287.69,1337.54,1282.63,1353.3,-19.62,-0.0145,963512,529881
NHEI.NH,20260417,1353.3,1360.54,1366.71,1340.5,1350.97,2.33,0.0017,546866,515978
NHEI.NH,20260416,1350.97,1345.95,1357.14,1338.37,1344.14,6.83,0.0051,516960,521230
NHEI.NH,20260415,1344.14,1353.38,1362.31,1329.98,1362.09,-17.95,-0.0132,768460,534592
NHEI.NH,20260414,1362.09,1379.03,1380.83,1342.76,1375.04,-12.95,-0.0094,719540,531131
NHEI.NH,20260413,1375.04,1330.99,1391.2,1325.66,1338.41,36.63,0.0274,842235,544163
NHEI.NH,20260410,1338.41,1368.66,1368.66,1327.57,1353.99,-15.58,-0.0115,862191,543675
NHEI.NH,20260409,1353.99,1290.0,1365.62,1287.32,1314.97,39.02,0.0297,1234680,558887
NHEI.NH,20260408,1314.97,1456.64,1466.53,1298.89,1457.35,-142.38,-0.0977,1318407,573419
NHEI.NH,20260407,1457.35,1465.85,1476.14,1447.85,1465.85,-8.5,-0.0058,696895,596437
NHEI.NH,20260403,1465.85,1513.86,1516.9,1417.68,1455.54,10.31,0.0071,1696860,612203
NHEI.NH,20260402,1455.54,1385.35,1479.0,1372.27,1357.33,98.21,0.0724,1594261,619410
NHEI.NH,20260401,1357.33,1507.34,1507.34,1345.97,1499.31,-141.98,-0.0947,1532305,611608
NHEI.NH,20260331,1499.31,1534.77,1549.2,1477.48,1545.62,-46.31,-0.03,1176725,633490
NHEI.NH,20260330,1545.62,1534.91,1579.43,1521.38,1511.54,34.08,0.0225,1114090,654872
NHEI.NH,20260327,1511.54,1528.25,1534.52,1485.59,1497.44,14.1,0.0094,1039722,661837
NHEI.NH,20260326,1497.44,1485.76,1514.2,1464.51,1483.41,14.03,0.0095,1151298,672662
NHEI.NH,20260325,1483.41,1541.48,1551.31,1423.3,1522.9,-39.49,-0.0259,1767221,702877
NHEI.NH,20260324,1522.9,1539.16,1607.5,1494.86,1675.17,-152.27,-0.0909,2192241,742774
NHEI.NH,20260323,1675.17,1572.19,1681.52,1563.32,1558.79,116.38,0.0747,1641956,759818
NHEI.NH,20260320,1558.79,1590.55,1612.63,1491.91,1606.9,-48.11,-0.0299,1909957,727532
NHEI.NH,20260319,1606.9,1562.96,1619.46,1558.07,1480.45,126.45,0.0854,1855089,788536
NHEI.NH,20260318,1480.45,1495.46,1536.95,1460.95,1520.51,-40.06,-0.0263,1409458,764038
NHEI.NH,20260317,1520.51,1482.98,1546.17,1449.72,1537.1,-16.59,-0.0108,1740611,787104
NHEI.NH,20260316,1537.1,1468.91,1589.79,1454.38,1507.13,29.97,0.0199,1882183,813338
NHEI.NH,20260313,1507.13,1471.06,1543.01,1465.17,1462.24,44.89,0.0307,2168170,835492
NHEI.NH,20260312,1462.24,1406.55,1546.41,1373.18,1362.33,99.91,0.0733,3145828,841517
NHEI.NH,20260311,1362.33,1357.67,1381.27,1289.31,1363.07,-0.74,-0.0005,2250520,866215
NHEI.NH,20260310,1363.07,1563.66,1563.66,1293.24,1480.13,-117.06,-0.0791,4499080,846936
NHEI.NH,20260309,1480.13,1416.38,1490.07,1401.26,1320.61,159.52,0.1208,2860975,881332
NHEI.NH,20260306,1320.61,1320.24,1336.68,1259.96,1292.93,27.68,0.0214,5629285,934745
NHEI.NH,20260305,1292.93,1272.88,1400.82,1246.79,1294.09,-1.16,-0.0009,7744136,998911
NHEI.NH,20260304,1294.09,1269.16,1311.13,1225.19,1213.26,80.83,0.0666,5454096,1023498
NHEI.NH,20260303,1213.26,1160.98,1213.88,1151.02,1126.31,86.95,0.0772,3255183,1026634
NHEI.NH,20260302,1126.31,1073.49,1127.25,1069.66,1058.2,68.11,0.0644,1995195,943849
NHEI.NH,20260227,1058.2,1040.26,1064.13,1031.93,1054.68,3.52,0.0033,1406409,850013
NHEI.NH,20260226,1054.68,1065.32,1068.94,1051.12,1060.89,-6.21,-0.0059,1476751,846830
NHEI.NH,20260225,1060.89,1062.13,1069.54,1051.98,1063.88,-2.99,-0.0028,1127692,817767
NHEI.NH,20260224,1063.88,1057.6,1069.14,1052.15,1018.32,45.56,0.0447,919226,799335
NHEI.NH,20260213,1018.32,1036.64,1040.32,1012.45,1041.88,-23.56,-0.0226,1122687,737328
NHEI.NH,20260212,1041.88,1053.98,1059.35,1040.17,1041.65,0.23,0.0002,1378724,792240
NHEI.NH,20260211,1041.65,1040.46,1046.3,1035.64,1039.81,1.84,0.0018,1017645,816297
NHEI.NH,20260210,1039.81,1032.25,1042.96,1023.15,1025.17,14.64,0.0143,1357543,821847
NHEI.NH,20260209,1025.17,1026.24,1037.56,1011.7,1034.36,-9.19,-0.0089,1527890,828038
NHEI.NH,20260206,1034.36,1030.95,1044.76,1017.61,1031.95,2.41,0.0023,1774630,855276
NHEI.NH,20260205,1031.95,1031.43,1049.0,1024.12,1034.23,-2.28,-0.0022,1570117,856188
NHEI.NH,20260204,1034.23,1010.33,1037.3,1009.76,1004.87,29.36,0.0292,1517771,875172
NHEI.NH,20260203,1004.87,1008.54,1015.29,998.99,996.23,8.64,0.0087,1497412,870099
NHEI.NH,20260202,996.23,1051.68,1069.07,995.12,1039.83,-43.6,-0.0419,2485958,891116
NHEI.NH,20260130,1039.83,1051.23,1094.14,1030.45,1043.55,-3.72,-0.0036,3134168,988707
NHEI.NH,20260129,1043.55,1024.21,1046.73,1021.01,1018.37,25.18,0.0247,1903885,1016537
NHEI.NH,20260128,1018.37,995.56,1022.75,992.32,994.01,24.36,0.0245,1713351,1005366
NHEI.NH,20260127,994.01,1011.62,1011.84,986.97,1019.12,-25.11,-0.0246,1645079,996913
NHEI.NH,20260126,1019.12,996.6,1021.02,993.53,988.87,30.25,0.0306,2144941,995081
NHEI.NH,20260123,988.87,978.54,990.05,974.39,988.19,0.68,0.0007,1137271,881151
NHEI.NH,20260122,988.19,982.42,991.81,981.46,976.48,11.71,0.012,993476,867502
NHEI.NH,20260121,976.48,974.31,982.23,969.04,968.59,7.89,0.0081,905458,872279
NHEI.NH,20260120,968.59,975.6,977.08,967.75,976.03,-7.44,-0.0076,685319,889504
NHEI.NH,20260119,976.03,986.27,995.22,974.62,977.72,-1.69,-0.0017,1020257,899998
NHEI.NH,20260116,977.72,987.25,987.33,975.47,996.17,-18.45,-0.0185,1230149,911942
NHEI.NH,20260115,996.17,1016.2,1018.78,988.07,997.23,-1.06,-0.0011,2048783,959270
NHEI.NH,20260114,997.23,996.4,1005.22,988.66,990.15,7.08,0.0072,1969507,965307
NHEI.NH,20260113,990.15,977.25,990.23,968.87,980.18,9.97,0.0102,1205413,950383
NHEI.NH,20260112,980.18,971.23,981.06,964.47,972.99,7.19,0.0074,1605517,949608
NHEI.NH,20260109,972.99,954.67,974.37,951.25,948.9,24.09,0.0254,1552328,914042
NHEI.NH,20260108,948.9,957.93,963.16,944.79,950.41,-1.51,-0.0016,1186109,891975
NHEI.NH,20260107,950.41,958.97,970.17,936.27,955.2,-4.79,-0.005,1557678,876855
NHEI.NH,20260106,955.2,951.92,956.63,948.04,942.08,13.12,0.0139,1014308,816222
NHEI.NH,20260105,942.08,960.3,965.39,941.76,960.42,-18.34,-0.0191,940612,820224
NHEI.NH,20251231,960.42,974.85,975.39,959.39,969.13,-8.71,-0.009,978649,780989
NHEI.NH,20251230,969.13,968.43,976.52,965.44,961.05,8.08,0.0084,1018909,767184
NHEI.NH,20251229,961.05,975.41,977.47,959.55,977.06,-16.01,-0.0164,1118456,772489
NHEI.NH,20251226,977.06,978.34,986.49,971.15,979.47,-2.41,-0.0025,1102091,771342
NHEI.NH,20251225,979.47,981.4,983.27,974.65,982.2,-2.73,-0.0028,727068,806475
NHEI.NH,20251224,982.2,978.8,982.2,972.75,975.61,6.59,0.0068,902196,822173
NHEI.NH,20251223,975.61,978.63,985.31,971.98,972.56,3.05,0.0031,1083664,840903
NHEI.NH,20251222,972.56,956.36,972.99,954.41,953.02,19.54,0.0205,1259565,890157
NHEI.NH,20251219,953.02,955.15,959.94,948.22,959.64,-6.62,-0.0069,1007993,965947
NHEI.NH,20251218,959.64,947.06,961.29,945.65,946.12,13.52,0.0143,1093171,924309
NHEI.NH,20251217,946.12,943.57,949.2,933.71,950.8,-4.68,-0.0049,1223116,969392
NHEI.NH,20251216,950.8,955.91,960.58,946.28,961.7,-10.9,-0.0113,1072072,996153
NHEI.NH,20251215,961.7,952.1,963.94,951.95,955.64,6.06,0.0063,1289781,967392
NHEI.NH,20251212,955.64,963.31,965.08,955.04,966.21,-10.57,-0.0109,1165014,995068
NHEI.NH,20251211,966.21,978.04,981.41,965.88,977.53,-11.32,-0.0116,1309309,996566
NHEI.NH,20251210,977.53,995.74,995.74,976.44,979.4,-1.87,-0.0019,806193,985347
NHEI.NH,20251209,979.4,991.9,994.3,976.52,1001.72,-22.32,-0.0223,1128671,995685
NHEI.NH,20251208,1001.72,996.94,1002.72,993.04,996.74,4.98,0.005,1005229,954216
NHEI.NH,20251205,996.74,1001.46,1005.54,996.29,1000.35,-3.61,-0.0036,872948,976290
NHEI.NH,20251204,1000.35,994.48,1001.11,990.57,989.69,10.66,0.0108,783409,1008803
NHEI.NH,20251203,989.69,999.0,1000.93,982.83,1001.53,-11.84,-0.0118,1159622,1015710
NHEI.NH,20251202,1001.53,999.86,1004.26,996.53,1005.99,-4.46,-0.0044,714709,990209
NHEI.NH,20251201,1005.99,997.22,1008.26,992.33,1001.23,4.76,0.0048,1007055,971347
NHEI.NH,20251128,1001.23,993.31,1002.39,988.47,989.89,11.34,0.0115,1048752,962320
NHEI.NH,20251127,989.89,984.68,990.53,981.93,987.52,2.37,0.0024,994086,978561
NHEI.NH,20251126,987.52,984.01,990.09,975.36,995.28,-7.76,-0.0078,1389768,992833
NHEI.NH,20251125,995.28,993.62,999.29,987.3,993.81,1.47,0.0015,965826,975481
NHEI.NH,20251124,993.81,994.9,997.31,984.84,992.08,1.73,0.0017,1105232,941171
NHEI.NH,20251121,992.08,1012.61,1015.81,991.29,1006.77,-14.69,-0.0146,1192396,938944
NHEI.NH,20251120,1006.77,1006.73,1011.07,1000.0,1021.47,-14.7,-0.0144,1428203,939751
NHEI.NH,20251119,1021.47,1019.31,1027.5,1012.38,1014.04,7.43,0.0073,1016969,920248
NHEI.NH,20251118,1014.04,1029.58,1031.52,1011.95,1023.4,-9.36,-0.0091,876353,918490
NHEI.NH,20251117,1023.4,1018.33,1029.85,1016.85,1019.23,4.17,0.0041,875979,892136
NHEI.NH,20251114,1019.23,1015.55,1030.86,1013.84,1010.11,9.12,0.009,1162454,872724
NHEI.NH,20251113,1010.11,1033.79,1033.79,1003.95,1037.62,-27.51,-0.0265,1199379,906337
NHEI.NH,20251112,1037.62,1030.49,1042.56,1030.49,1025.09,12.53,0.0122,740313,838921
NHEI.NH,20251111,1025.09,1034.23,1035.91,1024.75,1036.73,-11.64,-0.0112,648822,842901
NHEI.NH,20251110,1036.73,1033.71,1038.06,1028.68,1035.52,1.21,0.0012,838709,829948
NHEI.NH,20251107,1035.52,1041.14,1041.14,1025.42,1038.98,-3.46,-0.0033,976977,822719
NHEI.NH,20251106,1038.98,1037.7,1043.27,1029.85,1040.06,-1.08,-0.001,725210,786907
NHEI.NH,20251105,1040.06,1031.6,1043.64,1028.31,1037.61,2.45,0.0024,884044,773555
NHEI.NH,20251104,1037.61,1044.04,1049.11,1037.47,1050.05,-12.44,-0.0118,797402,765639
NHEI.NH,20251103,1050.05,1040.02,1051.89,1039.73,1034.65,15.4,0.0149,1082177,759103
NHEI.NH,20251031,1034.65,1035.22,1044.36,1032.3,1036.34,-1.69,-0.0016,672107,762977
NHEI.NH,20251030,1036.34,1040.75,1048.13,1034.9,1043.82,-7.48,-0.0072,1007397,767273
NHEI.NH,20251029,1043.82,1031.79,1045.46,1029.14,1039.5,4.32,0.0042,926756,762900
NHEI.NH,20251028,1039.5,1049.64,1051.25,1039.04,1051.57,-12.07,-0.0115,828780,765565
NHEI.NH,20251027,1051.57,1046.42,1054.17,1043.94,1042.63,8.94,0.0086,953453,764375
NHEI.NH,20251024,1042.63,1040.78,1051.52,1038.75,1033.37,9.26,0.009,1244664,750037
NHEI.NH,20251023,1033.37,1005.86,1036.63,1004.3,1005.89,27.48,0.0273,1142873,758041
NHEI.NH,20251022,1005.89,991.25,1012.24,981.5,985.1,20.79,0.0211,1161172,802902
NHEI.NH,20251021,985.1,986.34,992.66,977.66,986.52,-1.42,-0.0014,762401,805907
NHEI.NH,20251020,986.52,987.69,997.89,985.44,980.68,5.84,0.006,750589,799214
NHEI.NH,20251017,980.68,996.94,999.67,977.19,999.35,-18.67,-0.0187,988981,802641
NHEI.NH,20251016,999.35,999.97,1000.22,986.27,993.06,6.29,0.0063,842231,774759
NHEI.NH,20251015,993.06,986.59,994.03,984.85,999.22,-6.16,-0.0062,884252,764941
NHEI.NH,20251014,999.22,1002.58,1008.4,991.19,1006.69,-7.47,-0.0074,1013102,752131
NHEI.NH,20251013,1006.69,1015.43,1016.16,995.83,1023.68,-16.99,-0.0166,1148610,724303
NHEI.NH,20251010,1023.68,1036.49,1039.69,1021.94,1036.43,-12.75,-0.0123,813242,693628
NHEI.NH,20251009,1036.43,1033.32,1037.87,1026.4,1049.41,-12.98,-0.0124,628285,651189
NHEI.NH,20250930,1049.41,1065.8,1065.8,1048.51,1072.59,-23.18,-0.0216,853272,648092
NHEI.NH,20250929,1072.59,1078.11,1085.94,1068.02,1075.27,-2.68,-0.0025,1124768,693217
NHEI.NH,20250926,1075.27,1078.13,1081.78,1069.1,1080.42,-5.15,-0.0048,1003956,732676
NHEI.NH,20250925,1080.42,1070.78,1081.34,1069.41,1063.9,16.52,0.0155,803413,732898
NHEI.NH,20250924,1063.9,1055.88,1068.81,1055.57,1045.33,18.57,0.0178,1316148,737347
NHEI.NH,20250923,1045.33,1050.92,1053.26,1040.76,1060.66,-15.33,-0.0145,830902,678566
NHEI.NH,20250922,1060.66,1069.2,1070.29,1058.02,1070.73,-10.07,-0.0094,853419,672498
NHEI.NH,20250919,1070.73,1081.87,1084.04,1064.49,1074.39,-3.66,-0.0034,948434,688274
NHEI.NH,20250918,1074.39,1087.59,1091.51,1073.2,1090.08,-15.69,-0.0144,766166,675035
NHEI.NH,20250917,1090.08,1090.42,1093.69,1084.02,1080.66,9.42,0.0087,831762,693250
NHEI.NH,20250916,1080.66,1071.7,1086.13,1069.45,1070.43,10.23,0.0096,793557,681722
NHEI.NH,20250915,1070.43,1060.97,1074.14,1059.07,1041.11,29.32,0.0282,1177401,693772
NHEI.NH,20250912,1041.11,1054.08,1054.08,1037.5,1064.69,-23.58,-0.0221,949133,712629
NHEI.NH,20250911,1064.69,1056.65,1065.59,1054.2,1057.07,7.62,0.0072,726289,681693
NHEI.NH,20250910,1057.07,1044.56,1061.16,1044.28,1046.29,10.78,0.0103,923251,673885
NHEI.NH,20250909,1046.29,1054.63,1056.06,1041.43,1054.82,-8.53,-0.0081,751729,671099
NHEI.NH,20250908,1054.82,1040.45,1056.66,1028.5,1050.29,4.53,0.0043,988019,675660
NHEI.NH,20250905,1050.29,1043.31,1053.76,1038.17,1042.97,7.32,0.007,791578,674203
NHEI.NH,20250904,1042.97,1053.54,1054.25,1040.23,1064.52,-21.55,-0.0202,1028677,687849
NHEI.NH,20250903,1064.52,1058.79,1070.71,1057.23,1062.67,1.85,0.0017,772680,686478
NHEI.NH,20250902,1062.67,1057.31,1065.83,1055.67,1050.35,12.32,0.0117,768755,685787
NHEI.NH,20250901,1050.35,1057.81,1058.76,1041.21,1056.77,-6.42,-0.0061,859653,687567
NHEI.NH,20250829,1056.77,1059.16,1059.16,1048.82,1056.14,0.63,0.0006,828114,682524
NHEI.NH,20250828,1056.14,1057.5,1059.5,1048.01,1053.33,2.81,0.0027,803328,689857
NHEI.NH,20250827,1053.33,1071.17,1074.48,1051.11,1077.35,-24.02,-0.0223,1094442,699054
NHEI.NH,20250826,1077.35,1081.23,1089.88,1076.83,1078.8,-1.45,-0.0013,1053725,733719
NHEI.NH,20250825,1078.8,1069.26,1081.71,1068.1,1068.99,9.81,0.0092,1838585,808808
NHEI.NH,20250822,1068.99,1059.87,1069.2,1055.37,1062.34,6.65,0.0063,1511838,820004
NHEI.NH,20250821,1062.34,1053.46,1064.75,1052.33,1051.54,10.8,0.0103,990821,867417
NHEI.NH,20250820,1051.54,1053.51,1053.82,1042.51,1055.37,-3.83,-0.0036,1004437,898832
NHEI.NH,20250819,1055.37,1062.47,1065.51,1052.22,1059.25,-3.88,-0.0037,824445,911647
NHEI.NH,20250818,1059.25,1062.1,1067.56,1052.84,1064.36,-5.11,-0.0048,1008331,922839
NHEI.NH,20250815,1064.36,1061.31,1069.45,1058.76,1058.07,6.29,0.0059,845015,940655
NHEI.NH,20250814,1058.07,1068.31,1069.1,1052.57,1069.32,-11.25,-0.0105,914631,960123
NHEI.NH,20250813,1069.32,1077.12,1079.21,1065.23,1084.31,-14.99,-0.0138,939672,962925
NHEI.NH,20250812,1084.31,1074.88,1087.37,1072.51,1067.38,16.93,0.0159,772615,946940
NHEI.NH,20250811,1067.38,1074.35,1078.09,1061.59,1066.74,0.64,0.0006,1161544,947835
NHEI.NH,20250808,1066.74,1082.5,1082.5,1064.59,1082.32,-15.58,-0.0144,1007864,919896
NHEI.NH,20250807,1082.32,1092.13,1095.61,1076.72,1087.79,-5.47,-0.005,1026369,870728
NHEI.NH,20250806,1087.79,1082.44,1089.74,1078.22,1088.79,-1.0,-0.0009,831174,837931
NHEI.NH,20250805,1088.79,1075.03,1093.31,1075.03,1094.08,-5.29,-0.0048,993268,820017
NHEI.NH,20250804,1094.08,1112.56,1113.37,1079.15,1112.54,-18.46,-0.0166,1274335,799492
NHEI.NH,20250801,1112.54,1118.35,1127.24,1109.98,1120.67,-8.13,-0.0073,1010712,770938
NHEI.NH,20250731,1120.67,1129.05,1135.75,1116.87,1128.64,-7.97,-0.0071,1102163,794912
NHEI.NH,20250730,1128.64,1109.46,1136.4,1108.29,1103.15,25.49,0.0231,1142835,820060
NHEI.NH,20250729,1103.15,1092.53,1105.85,1092.53,1085.19,17.96,0.0166,1228462,845497
NHEI.NH,20250728,1085.19,1114.25,1114.25,1077.88,1115.74,-30.55,-0.0274,1262822,845801
NHEI.NH,20250725,1115.74,1105.79,1116.67,1099.04,1104.96,10.78,0.0098,1237113,836485
NHEI.NH,20250724,1104.96,1089.71,1117.36,1082.4,1093.49,11.47,0.0105,1163238,844371
NHEI.NH,20250723,1093.49,1092.14,1104.62,1084.82,1095.16,-1.67,-0.0015,1318867,831925
NHEI.NH,20250722,1095.16,1093.49,1097.09,1077.86,1095.41,-0.25,-0.0002,1121200,813272
NHEI.NH,20250721,1095.41,1091.61,1100.22,1087.93,1087.24,8.17,0.0075,1019820,793222
NHEI.NH,20250718,1087.24,1073.7,1090.83,1071.65,1071.59,15.65,0.0146,1276988,800007
NHEI.NH,20250717,1071.59,1064.32,1074.19,1060.76,1073.14,-1.55,-0.0014,879329,823993
NHEI.NH,20250716,1073.14,1075.72,1077.01,1069.89,1071.39,1.75,0.0016,938610,824842
NHEI.NH,20250715,1071.39,1089.47,1090.42,1068.51,1087.27,-15.88,-0.0146,1243497,855225
NHEI.NH,20250714,1087.27,1075.91,1091.81,1075.39,1074.09,13.18,0.0123,888970,806239
NHEI.NH,20250711,1074.09,1079.37,1081.4,1067.01,1085.18,-11.09,-0.0102,1372340,796988
NHEI.NH,20250710,1085.18,1078.85,1086.11,1074.82,1078.66,6.52,0.006,944824,768255
NHEI.NH,20250709,1078.66,1070.62,1080.31,1070.39,1066.4,12.26,0.0115,795908,768324
NHEI.NH,20250708,1066.4,1061.59,1069.66,1059.54,1055.45,10.95,0.0104,880133,767840
NHEI.NH,20250707,1055.45,1055.62,1059.92,1043.76,1058.65,-3.2,-0.003,839485,785624
NHEI.NH,20250704,1058.65,1067.47,1067.99,1056.46,1064.54,-5.89,-0.0055,871334,780164
NHEI.NH,20250703,1064.54,1057.83,1066.77,1053.47,1052.41,12.13,0.0115,1016732,767753
NHEI.NH,20250702,1052.41,1051.87,1055.04,1041.2,1046.87,5.54,0.0053,1001843,775980
NHEI.NH,20250701,1046.87,1048.36,1051.11,1036.36,1046.43,0.44,0.0004,888534,747719
NHEI.NH,20250630,1046.43,1051.92,1058.2,1040.13,1052.31,-5.88,-0.0056,1076665,753831
NHEI.NH,20250627,1052.31,1051.71,1061.77,1049.07,1055.27,-2.96,-0.0028,1123792,743946
NHEI.NH,20250626,1055.27,1056.89,1065.2,1047.07,1060.44,-5.17,-0.0049,1547941,737613
NHEI.NH,20250625,1060.44,1063.69,1067.57,1044.63,1070.63,-10.19,-0.0095,1912407,726632
NHEI.NH,20250624,1070.63,1151.99,1160.45,1069.94,1163.82,-93.19,-0.0801,2697288,725807
NHEI.NH,20250623,1163.82,1147.01,1185.61,1138.59,1153.64,10.18,0.0088,2190674,718151
NHEI.NH,20250620,1153.64,1157.89,1178.07,1144.5,1156.99,-3.35,-0.0029,2205831,728053
NHEI.NH,20250619,1156.99,1134.73,1157.11,1118.92,1131.64,25.35,0.0224,2237044,719177
NHEI.NH,20250618,1131.64,1101.92,1137.08,1096.71,1088.58,43.06,0.0396,2030600,714297
NHEI.NH,20250617,1088.58,1078.13,1098.94,1062.77,1100.62,-12.04,-0.0109,2412058,709973
NHEI.NH,20250616,1100.62,1091.66,1102.11,1077.38,1077.71,22.91,0.0213,1966681,711488
NHEI.NH,20250613,1077.71,1017.67,1097.38,1016.02,1022.07,55.64,0.0544,2229011,715523
NHEI.NH,20250612,1022.07,1013.21,1031.43,1008.83,1001.46,20.61,0.0206,1065534,694609
NHEI.NH,20250611,1001.46,1004.2,1010.74,997.18,1003.48,-2.02,-0.002,798854,674765
NHEI.NH,20250610,1003.48,998.02,1008.37,990.63,992.49,10.99,0.0111,867822,689777
NHEI.NH,20250609,992.49,985.92,997.08,983.69,983.06,9.43,0.0096,851096,684791
NHEI.NH,20250606,983.06,985.34,990.75,979.73,977.67,5.39,0.0055,815993,681176
NHEI.NH,20250605,977.67,982.78,986.71,972.74,986.6,-8.93,-0.0091,950320,673791
NHEI.NH,20250604,986.6,974.69,987.93,971.23,969.1,17.5,0.0181,936822,663985
NHEI.NH,20250603,969.1,971.15,979.4,966.35,948.93,20.17,0.0213,874347,670395
NHEI.NH,20250530,948.93,972.36,973.35,948.51,984.68,-35.75,-0.0363,1471640,681894
NHEI.NH,20250529,984.68,973.23,988.62,969.0,965.17,19.51,0.0202,1417788,640166
NHEI.NH,20250528,965.17,972.12,974.95,963.64,974.76,-9.59,-0.0098,1160040,635873
NHEI.NH,20250527,974.76,977.89,978.02,966.57,979.96,-5.2,-0.0053,1019930,647485
NHEI.NH,20250526,979.96,969.01,981.39,965.16,970.44,9.52,0.0098,1338276,671250
NHEI.NH,20250523,970.44,977.26,982.37,969.49,977.05,-6.61,-0.0068,868701,700363
NHEI.NH,20250522,977.05,1002.84,1003.56,975.46,1003.08,-26.03,-0.026,1103535,691844
NHEI.NH,20250521,1003.08,993.31,1011.84,990.47,993.97,9.11,0.0092,1136704,692076
NHEI.NH,20250520,993.97,996.82,1000.23,991.17,993.55,0.42,0.0004,787252,694505
NHEI.NH,20250519,993.55,991.63,996.51,986.71,986.6,6.95,0.007,933098,683017
NHEI.NH,20250516,986.6,997.27,1000.97,986.1,995.51,-8.91,-0.009,1108152,687152
NHEI.NH,20250515,995.51,1021.54,1025.41,994.89,1024.81,-29.3,-0.0286,1095493,689018
NHEI.NH,20250514,1024.81,1012.55,1028.58,1008.15,1005.3,19.51,0.0194,1056858,646509
NHEI.NH,20250513,1005.3,1025.43,1025.43,1001.53,1012.44,-7.14,-0.0071,1119522,667872
NHEI.NH,20250512,1012.44,1000.43,1013.11,990.96,994.47,17.97,0.0181,1029743,651163
NHEI.NH,20250509,994.47,985.41,997.94,983.09,981.79,12.68,0.0129,975380,645431
NHEI.NH,20250508,981.79,990.88,991.24,977.3,998.1,-16.31,-0.0163,1115386,639890
NHEI.NH,20250507,998.1,987.05,1001.13,986.53,983.62,14.48,0.0147,1063213,620098
NHEI.NH,20250506,983.62,982.71,989.78,977.38,1005.69,-22.07,-0.0219,960608,594225
NHEI.NH,20250430,1005.69,1020.2,1022.84,1003.69,1025.39,-19.7,-0.0192,1390743,562444
NHEI.NH,20250429,1025.39,1043.35,1043.35,1018.67,1046.77,-21.38,-0.0204,1337839,579946
NHEI.NH,20250428,1046.77,1034.51,1050.19,1030.19,1044.51,2.26,0.0022,1474671,578477
NHEI.NH,20250425,1044.51,1045.96,1052.03,1037.56,1044.36,0.15,0.0001,1318600,615184
NHEI.NH,20250424,1044.36,1048.48,1051.94,1032.74,1061.25,-16.89,-0.0159,1592008,625032
NHEI.NH,20250423,1061.25,1038.52,1063.79,1033.63,1035.52,25.73,0.0248,1443255,637121
NHEI.NH,20250422,1035.52,1030.51,1041.28,1022.57,1034.95,0.57,0.0006,1314771,622116
NHEI.NH,20250421,1034.95,1032.73,1038.06,1024.51,1033.86,1.09,0.0011,996891,628787
NHEI.NH,20250418,1033.86,1028.89,1040.41,1025.19,1022.46,11.4,0.0112,985436,630606
NHEI.NH,20250417,1022.46,1015.51,1034.3,1009.57,1000.85,21.61,0.0216,1325152,640482
NHEI.NH,20250416,1000.85,1010.57,1019.82,996.35,1017.47,-16.62,-0.0163,1398563,659697
NHEI.NH,20250415,1017.47,1024.03,1024.03,1012.08,1013.72,3.75,0.0037,1254077,651643
NHEI.NH,20250414,1013.72,1001.21,1017.69,995.76,1008.26,5.46,0.0054,1424165,640399
NHEI.NH,20250411,1008.26,1000.53,1011.32,990.56,1020.11,-11.85,-0.0116,1641991,653235
NHEI.NH,20250410,1020.11,962.93,1027.79,962.93,984.05,36.06,0.0366,2166899,638306
NHEI.NH,20250409,984.05,1019.7,1026.4,963.91,1020.11,-36.06,-0.0353,1843062,658709
NHEI.NH,20250408,1020.11,1034.13,1052.19,1016.84,1067.24,-47.13,-0.0442,1976933,633063
NHEI.NH,20250407,1067.24,1124.31,1124.31,1064.65,1124.31,-57.07,-0.0508,320514,673592
NHEI.NH,20250403,1124.31,1135.13,1142.7,1119.82,1137.17,-12.86,-0.0113,1007814,717908
NHEI.NH,20250402,1137.17,1141.74,1145.69,1135.8,1143.51,-6.34,-0.0055,889127,742989
NHEI.NH,20250401,1143.51,1111.35,1146.26,1107.48,1107.32,36.19,0.0327,1129341,742127
NHEI.NH,20250331,1107.32,1120.85,1120.85,1099.03,1118.6,-11.28,-0.0101,927538,716100
NHEI.NH,20250328,1118.6,1121.67,1123.81,1112.67,1119.44,-0.84,-0.0008,889572,734560
NHEI.NH,20250327,1119.44,1121.72,1127.07,1118.36,1118.45,0.99,0.0009,854066,729957
NHEI.NH,20250326,1118.45,1114.37,1120.21,1109.13,1108.44,10.01,0.009,875284,729686
NHEI.NH,20250325,1108.44,1103.51,1112.22,1101.77,1103.2,5.24,0.0048,927540,700441
NHEI.NH,20250324,1103.2,1091.31,1104.94,1087.58,1092.92,10.28,0.0094,994344,707842
NHEI.NH,20250321,1092.92,1082.67,1100.56,1079.66,1085.62,7.3,0.0067,1067150,706793
NHEI.NH,20250320,1085.62,1074.14,1087.23,1072.6,1071.18,14.44,0.0135,944036,701113
NHEI.NH,20250319,1071.18,1096.45,1096.45,1069.46,1092.95,-21.77,-0.0199,1094298,724987
NHEI.NH,20250318,1092.95,1090.12,1093.99,1084.59,1088.19,4.76,0.0044,956189,717052
NHEI.NH,20250317,1088.19,1087.4,1101.0,1075.69,1088.62,-0.43,-0.0004,1295582,709370
NHEI.NH,20250314,1088.62,1086.95,1088.65,1077.28,1089.79,-1.17,-0.0011,913970,715992
NHEI.NH,20250313,1089.79,1080.9,1094.33,1080.04,1072.3,17.49,0.0163,1043713,720439
NHEI.NH,20250312,1072.3,1079.01,1083.8,1071.57,1074.4,-2.1,-0.002,1070411,728348
NHEI.NH,20250311,1074.4,1086.28,1086.97,1060.2,1080.82,-6.42,-0.0059,1133930,724394
NHEI.NH,20250310,1080.82,1083.38,1091.52,1075.99,1075.11,5.71,0.0053,1127024,701419
NHEI.NH,20250307,1075.11,1068.85,1075.31,1066.35,1068.33,6.78,0.0063,1130232,717606
NHEI.NH,20250306,1068.33,1069.56,1073.25,1056.92,1076.73,-8.4,-0.0078,1347794,732122
NHEI.NH,20250305,1076.73,1075.73,1080.32,1071.45,1086.0,-9.27,-0.0085,1205588,726542
NHEI.NH,20250304,1086.0,1117.9,1119.11,1083.9,1115.96,-29.96,-0.0268,1427913,699812
NHEI.NH,20250303,1115.96,1115.05,1128.45,1110.83,1118.21,-2.25,-0.002,918076,649014
NHEI.NH,20250228,1118.21,1119.15,1125.27,1116.05,1112.71,5.5,0.0049,914551,652196
NHEI.NH,20250227,1112.71,1107.96,1114.71,1105.27,1111.71,1.0,0.0009,930008,667975
NHEI.NH,20250226,1111.71,1123.27,1125.61,1108.26,1132.82,-21.11,-0.0186,1073048,672435
NHEI.NH,20250225,1132.82,1129.15,1135.31,1125.33,1129.82,3.0,0.0027,1012423,653779
NHEI.NH,20250224,1129.82,1153.83,1157.42,1126.26,1159.03,-29.21,-0.0252,1117541,637997
NHEI.NH,20250221,1159.03,1167.75,1169.01,1156.57,1163.13,-4.1,-0.0035,913017,629227
NHEI.NH,20250220,1163.13,1159.98,1169.9,1155.71,1158.37,4.76,0.0041,799294,650795
NHEI.NH,20250219,1158.37,1151.68,1159.59,1146.71,1154.89,3.48,0.003,966221,648211
NHEI.NH,20250218,1154.89,1144.63,1157.16,1143.15,1146.43,8.46,0.0074,803639,658864
NHEI.NH,20250217,1146.43,1158.55,1160.1,1142.37,1157.03,-10.6,-0.0092,1010241,676207
NHEI.NH,20250214,1157.03,1154.01,1163.06,1151.78,1156.6,0.43,0.0004,987918,670410
NHEI.NH,20250213,1156.6,1195.03,1197.32,1156.3,1201.3,-44.7,-0.0372,1332250,674462
NHEI.NH,20250212,1201.3,1204.53,1207.32,1198.92,1199.95,1.35,0.0011,1050649,695305
NHEI.NH,20250211,1199.95,1197.35,1201.48,1191.53,1192.15,7.8,0.0065,801625,667174
NHEI.NH,20250210,1192.15,1192.25,1199.48,1186.26,1192.71,-0.56,-0.0005,1056464,642145
NHEI.NH,20250207,1192.71,1182.26,1195.01,1172.49,1182.01,10.7,0.0091,929106,615647
NHEI.NH,20250206,1182.01,1178.91,1184.61,1175.12,1186.73,-4.72,-0.004,794842,573179
NHEI.NH,20250205,1186.73,1185.02,1189.51,1170.96,1185.02,1.71,0.0014,754757,579631
NHEI.NH,20250127,1185.02,1193.31,1193.88,1177.32,1189.39,-4.37,-0.0037,1025182,535693
NHEI.NH,20250124,1189.39,1198.4,1201.32,1180.12,1191.3,-1.91,-0.0016,1091972,565775
NHEI.NH,20250123,1191.3,1209.18,1215.19,1189.32,1205.92,-14.62,-0.0121,1028232,604798
NHEI.NH,20250122,1205.92,1203.88,1210.49,1196.32,1212.92,-7.0,-0.0058,1023092,655456
NHEI.NH,20250121,1212.92,1217.14,1222.46,1203.43,1211.69,1.23,0.001,1234027,680448
NHEI.NH,20250120,1211.69,1227.48,1229.83,1207.87,1232.85,-21.16,-0.0172,1176783,679864
NHEI.NH,20250117,1232.85,1224.23,1237.18,1217.61,1232.93,-0.08,-0.0001,1315028,696927
NHEI.NH,20250116,1232.93,1211.47,1238.31,1208.63,1211.53,21.4,0.0177,1382485,676921
NHEI.NH,20250115,1211.53,1196.35,1213.73,1191.23,1193.01,18.52,0.0155,1182696,672882
NHEI.NH,20250114,1193.01,1198.62,1200.24,1184.99,1198.55,-5.54,-0.0046,1361948,683809
NHEI.NH,20250113,1198.55,1161.27,1199.53,1159.93,1139.37,59.18,0.0519,1655553,744863
NHEI.NH,20250110,1139.37,1133.05,1140.87,1130.48,1129.64,9.73,0.0086,983193,726565
NHEI.NH,20250109,1129.64,1136.6,1138.57,1119.88,1135.92,-6.28,-0.0055,1116088,681359
NHEI.NH,20250108,1135.92,1136.07,1144.08,1132.37,1132.2,3.72,0.0033,1079915,688366
NHEI.NH,20250107,1132.2,1142.97,1142.97,1127.41,1135.34,-3.14,-0.0028,1005341,669963
NHEI.NH,20250106,1135.34,1134.44,1146.62,1130.64,1131.96,3.38,0.003,958522,697524
NHEI.NH,20250103,1131.96,1137.29,1139.43,1130.15,1127.43,4.53,0.004,889080,693111
NHEI.NH,20250102,1127.43,1126.27,1135.22,1125.79,1126.63,0.8,0.0007,637967,684822
NHEI.NH,20241231,1126.63,1108.69,1131.08,1107.84,1106.46,20.17,0.0182,1305143,693308
NHEI.NH,20241230,1106.46,1103.45,1109.73,1100.08,1096.47,9.99,0.0091,943810,652961
NHEI.NH,20241227,1096.47,1105.69,1109.11,1094.21,1103.31,-6.84,-0.0062,1195001,668807
NHEI.NH,20241226,1103.31,1106.48,1108.11,1102.59,1104.43,-1.12,-0.001,634262,675541
NHEI.NH,20241225,1104.43,1098.77,1109.23,1094.73,1096.72,7.71,0.007,749760,702657
NHEI.NH,20241224,1096.72,1090.87,1097.47,1086.86,1097.55,-0.83,-0.0008,741480,694724
NHEI.NH,20241223,1097.55,1092.84,1099.23,1084.06,1091.34,6.21,0.0057,952470,699779
NHEI.NH,20241220,1091.34,1098.72,1106.09,1090.19,1100.06,-8.72,-0.0079,1200426,721373
NHEI.NH,20241219,1100.06,1103.58,1108.34,1093.0,1096.12,3.94,0.0036,944013,728337
NHEI.NH,20241218,1096.12,1102.55,1105.52,1095.16,1111.37,-15.25,-0.0137,923998,721270
NHEI.NH,20241217,1111.37,1110.77,1114.56,1108.73,1112.78,-1.41,-0.0013,791553,717392
NHEI.NH,20241216,1112.78,1110.61,1115.33,1105.1,1108.25,4.53,0.0041,1059070,702399
NHEI.NH,20241213,1108.25,1111.06,1111.06,1100.79,1113.12,-4.87,-0.0044,1171685,715712
NHEI.NH,20241212,1113.12,1097.98,1117.62,1095.7,1095.21,17.91,0.0164,1916858,758957
NHEI.NH,20241211,1095.21,1081.98,1095.45,1081.96,1080.95,14.26,0.0132,750000,705811
NHEI.NH,20241210,1080.95,1080.18,1093.4,1078.61,1072.38,8.57,0.008,807844,697217
NHEI.NH,20241209,1072.38,1068.97,1072.9,1062.32,1074.2,-1.82,-0.0017,880444,712136
NHEI.NH,20241206,1074.2,1079.27,1083.71,1072.08,1079.67,-5.47,-0.0051,975196,711133
NHEI.NH,20241205,1079.67,1101.18,1106.25,1078.72,1101.66,-21.99,-0.02,1146183,713881
NHEI.NH,20241204,1101.66,1101.89,1103.26,1093.03,1093.37,8.29,0.0076,848063,748422
NHEI.NH,20241203,1093.37,1099.3,1101.42,1088.31,1095.93,-2.56,-0.0023,945265,738850
NHEI.NH,20241202,1095.93,1095.46,1098.89,1084.68,1094.02,1.91,0.0017,1011478,747866
NHEI.NH,20241129,1094.02,1091.61,1097.5,1087.09,1087.42,6.6,0.0061,705654,734948
NHEI.NH,20241128,1087.42,1099.11,1099.11,1084.66,1095.49,-8.07,-0.0074,945468,734932
NHEI.NH,20241127,1095.49,1096.3,1105.19,1088.23,1093.43,2.06,0.0019,1031226,686323
NHEI.NH,20241126,1093.43,1111.41,1112.76,1089.48,1107.42,-13.99,-0.0126,990185,663529
NHEI.NH,20241125,1107.42,1102.28,1117.2,1096.63,1104.93,2.49,0.0023,891124,654311
NHEI.NH,20241122,1104.93,1107.32,1115.61,1101.82,1098.25,6.68,0.0061,978093,673618
NHEI.NH,20241121,1098.25,1098.19,1102.66,1091.47,1091.73,6.52,0.006,832945,645852
NHEI.NH,20241120,1091.73,1090.47,1095.79,1086.77,1094.81,-3.08,-0.0028,828986,650757
NHEI.NH,20241119,1094.81,1068.53,1096.74,1067.14,1069.54,25.27,0.0236,1033130,669798
NHEI.NH,20241118,1069.54,1079.46,1081.71,1061.89,1071.61,-2.07,-0.0019,1015346,676079
NHEI.NH,20241115,1071.61,1087.73,1097.13,1071.33,1080.76,-9.15,-0.0085,1396603,673271
NHEI.NH,20241114,1080.76,1085.64,1088.7,1074.55,1084.83,-4.07,-0.0038,1073129,676160
NHEI.NH,20241113,1084.83,1086.16,1090.23,1080.7,1080.65,4.18,0.0039,941792,668547
NHEI.NH,20241112,1080.65,1082.47,1085.18,1075.8,1097.25,-16.6,-0.0151,922693,636314
NHEI.NH,20241111,1097.25,1102.37,1111.51,1089.32,1108.84,-11.59,-0.0105,1057121,662521
NHEI.NH,20241108,1108.84,1105.26,1123.97,1105.26,1115.21,-6.37,-0.0057,992945,654885
NHEI.NH,20241107,1115.21,1094.43,1121.1,1088.01,1097.44,17.77,0.0162,1126567,684852
NHEI.NH,20241106,1097.44,1118.66,1122.92,1092.21,1112.36,-14.92,-0.0134,1207200,669030
NHEI.NH,20241105,1112.36,1113.53,1118.35,1105.78,1106.51,5.85,0.0053,800100,638630
NHEI.NH,20241104,1106.51,1106.47,1109.16,1089.53,1102.06,4.45,0.004,841495,637224
NHEI.NH,20241101,1102.06,1096.38,1107.23,1086.67,1092.82,9.24,0.0085,892593,659255
NHEI.NH,20241031,1092.82,1091.39,1094.24,1081.91,1085.68,7.14,0.0066,887176,674617
NHEI.NH,20241030,1085.68,1086.26,1091.57,1079.45,1078.11,7.57,0.007,862734,680681
NHEI.NH,20241029,1078.11,1085.28,1095.18,1076.51,1100.49,-22.38,-0.0203,907331,687195
NHEI.NH,20241028,1100.49,1119.02,1128.6,1091.26,1112.18,-11.69,-0.0105,1165801,662017
NHEI.NH,20241025,1112.18,1112.89,1122.6,1103.47,1117.28,-5.1,-0.0046,1009286,686098
NHEI.NH,20241024,1117.28,1109.95,1118.93,1105.9,1119.07,-1.79,-0.0016,999647,690139
NHEI.NH,20241023,1119.07,1111.32,1126.66,1109.6,1101.54,17.53,0.0159,1416232,712739
NHEI.NH,20241022,1101.54,1104.07,1111.15,1095.21,1096.3,5.24,0.0048,997042,675684
NHEI.NH,20241021,1096.3,1102.52,1103.57,1086.59,1110.25,-13.95,-0.0126,1205864,646033
NHEI.NH,20241018,1110.25,1101.82,1115.21,1095.92,1095.77,14.48,0.0132,1146106,663533
NHEI.NH,20241017,1095.77,1118.33,1126.8,1095.11,1116.56,-20.79,-0.0186,1150483,644908
NHEI.NH,20241016,1116.56,1121.9,1128.35,1115.42,1128.04,-11.48,-0.0102,1054235,643939
NHEI.NH,20241015,1128.04,1151.02,1166.52,1123.05,1157.48,-29.44,-0.0254,1340811,627743
NHEI.NH,20241014,1157.48,1160.01,1182.77,1150.82,1157.99,-0.51,-0.0004,1295680,618609
NHEI.NH,20241011,1157.99,1143.48,1167.86,1141.74,1134.47,23.52,0.0207,1658871,628962
NHEI.NH,20241010,1134.47,1135.67,1144.97,1117.76,1143.71,-9.24,-0.0081,1531227,593853
NHEI.NH,20241009,1143.71,1176.58,1177.14,1137.85,1163.81,-20.1,-0.0173,1807937,569471
NHEI.NH,20241008,1163.81,1116.44,1182.04,1116.44,1116.44,47.37,0.0424,229465,574614
NHEI.NH,20240930,1116.44,1062.72,1116.87,1056.75,1066.23,50.21,0.0471,1401018,626746
NHEI.NH,20240927,1066.23,1057.6,1072.13,1047.74,1058.06,8.17,0.0077,1426266,682020
NHEI.NH,20240926,1058.06,1067.2,1081.05,1045.71,1074.21,-16.15,-0.015,1826693,705337
NHEI.NH,20240925,1074.21,1064.19,1079.48,1062.77,1061.3,12.91,0.0122,1454779,693288
NHEI.NH,20240924,1061.3,1041.69,1061.43,1034.85,1043.98,17.32,0.0166,1155625,681421
NHEI.NH,20240923,1043.98,1048.04,1053.95,1042.07,1051.46,-7.48,-0.0071,1006838,703705
NHEI.NH,20240920,1051.46,1057.68,1059.38,1048.42,1052.75,-1.29,-0.0012,1161052,703810
NHEI.NH,20240919,1052.75,1035.66,1052.87,1029.15,1034.85,17.9,0.0173,1207949,703447
NHEI.NH,20240918,1034.85,1032.84,1047.73,1030.44,1032.84,2.01,0.0019,702704,698609
NHEI.NH,20240913,1032.84,1026.82,1039.12,1022.45,1029.19,3.65,0.0035,1122880,699044
NHEI.NH,20240912,1029.19,1013.68,1030.39,995.96,1011.59,17.6,0.0174,1532861,717300
NHEI.NH,20240911,1011.59,1009.53,1014.34,984.93,1011.7,-0.11,-0.0001,1751190,736752
NHEI.NH,20240910,1011.7,1016.6,1026.37,1005.87,1019.67,-7.97,-0.0078,1269080,725584
NHEI.NH,20240909,1019.67,1030.36,1032.99,1001.0,1032.22,-12.55,-0.0122,1446142,725436
NHEI.NH,20240906,1032.22,1034.98,1045.01,1020.43,1031.54,0.68,0.0007,1201822,719301
NHEI.NH,20240905,1031.54,1041.9,1047.95,1028.28,1038.21,-6.67,-0.0064,1218921,726567
NHEI.NH,20240904,1038.21,1069.58,1069.58,1036.01,1086.98,-48.77,-0.0449,1332672,699379
NHEI.NH,20240903,1086.98,1082.07,1092.0,1081.86,1077.68,9.3,0.0086,768847,652814
NHEI.NH,20240902,1077.68,1111.16,1111.16,1076.4,1114.81,-37.13,-0.0333,1415239,664176
NHEI.NH,20240830,1114.81,1108.01,1120.43,1106.25,1102.76,12.05,0.0109,1013751,606990
NHEI.NH,20240829,1102.76,1110.84,1113.38,1102.47,1116.08,-13.32,-0.0119,968871,612331
NHEI.NH,20240828,1116.08,1126.42,1128.37,1113.66,1131.68,-15.6,-0.0138,956013,571082
NHEI.NH,20240827,1131.68,1129.62,1133.14,1121.53,1118.58,13.1,0.0117,914261,578265
NHEI.NH,20240826,1118.58,1091.27,1118.58,1087.21,1082.52,36.06,0.0333,1044876,607053
NHEI.NH,20240823,1082.52,1081.55,1086.73,1078.02,1076.17,6.35,0.0059,958579,652931
NHEI.NH,20240822,1076.17,1097.57,1102.74,1074.89,1096.11,-19.94,-0.0182,1205495,693088
NHEI.NH,20240821,1096.11,1089.66,1099.72,1084.1,1086.76,9.35,0.0086,1037014,676622
NHEI.NH,20240820,1086.76,1104.77,1110.05,1080.15,1103.15,-16.39,-0.0149,1152163,677907
NHEI.NH,20240819,1103.15,1108.39,1113.38,1100.1,1120.73,-17.58,-0.0157,1101493,668458
NHEI.NH,20240816,1120.73,1116.04,1132.3,1113.62,1110.44,10.29,0.0093,947286,675013
NHEI.NH,20240815,1110.44,1118.37,1122.4,1104.2,1118.89,-8.45,-0.0076,1033197,701172
NHEI.NH,20240814,1118.89,1135.16,1135.98,1117.31,1135.6,-16.71,-0.0147,1076710,718659
NHEI.NH,20240813,1135.6,1133.19,1144.58,1127.11,1128.9,6.7,0.0059,1237889,735561
NHEI.NH,20240812,1128.9,1127.13,1128.96,1118.91,1123.61,5.29,0.0047,901185,752971
NHEI.NH,20240809,1123.61,1117.31,1130.96,1114.68,1111.77,11.84,0.0107,983829,751073
NHEI.NH,20240808,1111.77,1118.2,1124.85,1110.72,1104.52,7.25,0.0066,1077151,751088
NHEI.NH,20240807,1104.52,1096.7,1111.34,1095.41,1106.9,-2.38,-0.0022,880347,771564
NHEI.NH,20240806,1106.9,1102.88,1123.02,1097.93,1107.0,-0.1,-0.0001,1025757,777832
NHEI.NH,20240805,1107.0,1139.24,1141.56,1101.39,1158.23,-51.23,-0.0442,1543973,794765
NHEI.NH,20240802,1158.23,1174.27,1174.87,1152.74,1173.71,-15.48,-0.0132,927106,717141
NHEI.NH,20240801,1173.71,1166.76,1179.17,1160.71,1158.76,14.95,0.0129,953838,712580
NHEI.NH,20240731,1158.76,1144.11,1162.16,1142.29,1147.13,11.63,0.0101,997623,714678
NHEI.NH,20240730,1147.13,1167.36,1171.15,1145.7,1170.33,-23.2,-0.0198,956695,729569
NHEI.NH,20240729,1170.33,1173.19,1177.1,1159.4,1179.37,-9.04,-0.0077,1008801,722223
NHEI.NH,20240726,1179.37,1159.73,1182.97,1156.32,1166.33,13.04,0.0112,1117871,733147
NHEI.NH,20240725,1166.33,1181.26,1181.88,1163.17,1178.05,-11.72,-0.0099,910445,768479
NHEI.NH,20240724,1178.05,1174.5,1181.34,1169.64,1181.14,-3.09,-0.0026,931927,772491
NHEI.NH,20240723,1181.14,1183.78,1191.57,1180.21,1191.59,-10.45,-0.0088,738689,759680
NHEI.NH,20240722,1191.59,1220.63,1220.63,1188.1,1216.97,-25.38,-0.0209,946601,751148
NHEI.NH,20240719,1216.97,1225.39,1227.49,1214.99,1233.89,-16.92,-0.0137,921107,746599
NHEI.NH,20240718,1233.89,1223.09,1234.61,1220.55,1216.89,17.0,0.014,947364,778628
NHEI.NH,20240717,1216.89,1221.94,1230.37,1214.13,1230.54,-13.65,-0.0111,1009481,773018
NHEI.NH,20240716,1230.54,1237.17,1238.91,1228.32,1235.99,-5.45,-0.0044,699444,765163
NHEI.NH,20240715,1235.99,1239.41,1243.35,1230.0,1238.73,-2.74,-0.0022,824043,755459
NHEI.NH,20240712,1238.73,1236.56,1239.1,1225.36,1239.54,-0.81,-0.0007,833045,747192
NHEI.NH,20240711,1239.54,1223.54,1244.25,1222.74,1220.86,18.68,0.0153,812982,750075
NHEI.NH,20240710,1220.86,1239.45,1241.04,1218.91,1241.51,-20.65,-0.0166,877864,755674
NHEI.NH,20240709,1241.51,1243.8,1248.2,1237.64,1243.0,-1.49,-0.0012,734838,787864
NHEI.NH,20240708,1243.0,1262.27,1266.2,1243.0,1259.02,-16.02,-0.0127,889532,811071
NHEI.NH,20240705,1259.02,1268.28,1273.13,1255.7,1266.8,-7.78,-0.0061,928382,839583
NHEI.NH,20240704,1266.8,1272.34,1275.77,1264.21,1273.68,-6.88,-0.0054,722023,822337
NHEI.NH,20240703,1273.68,1271.4,1273.86,1261.6,1265.6,8.08,0.0064,744564,831832
NHEI.NH,20240702,1265.6,1253.04,1266.17,1249.15,1253.74,11.86,0.0095,862003,806215
NHEI.NH,20240701,1253.74,1247.22,1254.12,1236.21,1249.53,4.21,0.0034,776776,787700
NHEI.NH,20240628,1249.53,1240.6,1250.76,1235.58,1232.86,16.67,0.0135,950285,800174
NHEI.NH,20240627,1232.86,1239.09,1241.75,1230.57,1240.78,-7.92,-0.0064,965857,776003
NHEI.NH,20240626,1240.78,1232.98,1241.44,1224.64,1235.26,5.52,0.0045,896110,777076
NHEI.NH,20240625,1235.26,1224.78,1238.62,1221.85,1225.28,9.98,0.0081,883275,785838
NHEI.NH,20240624,1225.28,1231.23,1238.77,1220.83,1229.41,-4.13,-0.0034,945655,790738
NHEI.NH,20240621,1229.41,1239.12,1242.69,1229.39,1234.93,-5.52,-0.0045,752938,804091
NHEI.NH,20240620,1234.93,1240.25,1241.08,1230.1,1233.8,1.13,0.0009,863907,818621
NHEI.NH,20240619,1233.8,1219.6,1240.09,1219.6,1217.94,15.86,0.013,1059114,793632
NHEI.NH,20240618,1217.94,1206.36,1227.85,1206.36,1200.73,17.21,0.0143,872829,747655
NHEI.NH,20240617,1200.73,1219.24,1222.53,1199.61,1212.28,-11.55,-0.0095,1025390,733669
NHEI.NH,20240614,1212.28,1205.64,1215.81,1203.95,1204.42,7.86,0.0065,889848,740680
NHEI.NH,20240613,1204.42,1213.99,1207.02,1198.54,1207.27,-2.85,-0.0024,887037,755734
NHEI.NH,20240612,1207.27,1193.54,1210.21,1200.13,1192.93,14.34,0.012,833645,761992
NHEI.NH,20240611,1192.93,1180.66,1201.21,1180.66,1176.7,16.23,0.0138,756001,755163
NHEI.NH,20240607,1176.7,1165.26,1189.14,1174.76,1168.51,8.19,0.007,899401,800076
NHEI.NH,20240606,1168.51,1165.72,1171.25,1158.98,1159.99,8.52,0.0073,1001165,829053
NHEI.NH,20240605,1159.99,1164.11,1166.35,1158.65,1166.63,-6.64,-0.0057,898894,840901
NHEI.NH,20240604,1166.63,1202.6,1182.17,1164.4,1203.19,-36.56,-0.0304,1162942,831164
NHEI.NH,20240603,1203.19,1223.98,1217.18,1197.84,1217.35,-14.16,-0.0116,1081878,823928
NHEI.NH,20240531,1217.35,1236.8,1234.82,1212.29,1238.28,-20.93,-0.0169,1123828,854959
NHEI.NH,20240530,1238.28,1253.26,1255.39,1235.73,1253.64,-15.36,-0.0123,982195,885787
NHEI.NH,20240529,1253.64,1239.26,1254.57,1243.54,1235.17,18.47,0.015,1015741,875326
NHEI.NH,20240528,1235.17,1233.64,1246.8,1234.5,1229.97,5.2,0.0042,1163011,858521
NHEI.NH,20240527,1229.97,1222.97,1232.9,1225.83,1221.18,8.79,0.0072,1054679,803522
NHEI.NH,20240524,1221.18,1226.97,1223.47,1212.08,1217.44,3.74,0.0031,994153,780529
NHEI.NH,20240523,1217.44,1226.55,1230.21,1207.84,1226.98,-9.54,-0.0078,1103119,769282
NHEI.NH,20240522,1226.98,1218.48,1234.28,1223.68,1222.37,4.61,0.0038,966822,787881
NHEI.NH,20240521,1222.37,1228.24,1233.73,1213.45,1235.27,-12.9,-0.0104,1069924,784224
NHEI.NH,20240520,1235.27,1222.49,1237.49,1223.78,1220.51,14.76,0.0121,1084678,787494
NHEI.NH,20240517,1220.51,1207.31,1221.08,1208.44,1205.55,14.96,0.0124,853808,758069
NHEI.NH,20240516,1205.55,1192.1,1206.94,1186.29,1198.25,7.3,0.0061,1036746,768725
NHEI.NH,20240515,1198.25,1199.1,1200.78,1192.49,1204.49,-6.24,-0.0052,828399,774802
NHEI.NH,20240514,1204.49,1214.07,1213.58,1202.86,1209.63,-5.14,-0.0042,657180,774954
NHEI.NH,20240513,1209.63,1223.04,1211.75,1196.38,1224.6,-14.97,-0.0122,941145,770635
NHEI.NH,20240510,1224.6,1221.75,1225.62,1215.01,1219.61,4.99,0.0041,853827,770882
NHEI.NH,20240509,1219.61,1215.11,1225.34,1217.19,1215.14,4.47,0.0037,757819,743496
NHEI.NH,20240508,1215.14,1227.39,1232.65,1213.97,1232.76,-17.62,-0.0143,767968,747263
NHEI.NH,20240507,1232.76,1236.61,1239.41,1230.61,1237.57,-4.81,-0.0039,771151,731545
NHEI.NH,20240506,1237.57,1257.36,1257.36,1219.16,1261.89,-24.32,-0.0193,718781,683625
NHEI.NH,20240430,1261.89,1267.51,1271.32,1256.55,1265.91,-4.02,-0.0032,794019,656438
NHEI.NH,20240429,1265.91,1278.74,1276.06,1259.79,1275.21,-9.3,-0.0073,877908,682982
NHEI.NH,20240426,1275.21,1263.72,1278.19,1258.73,1265.44,9.77,0.0077,1147713,697283
NHEI.NH,20240425,1265.44,1262.38,1268.18,1259.94,1264.18,1.26,0.001,911069,673405
NHEI.NH,20240424,1264.18,1232.98,1266.49,1248.73,1240.82,23.36,0.0188,953771,669799
NHEI.NH,20240423,1240.82,1241.26,1254.32,1240.55,1239.28,1.54,0.0012,1078623,686494
NHEI.NH,20240422,1239.28,1253.99,1257.9,1236.82,1266.31,-27.03,-0.0213,1350621,710171
NHEI.NH,20240419,1266.31,1253.66,1296.62,1249.95,1252.43,13.88,0.0111,2122048,749838
NHEI.NH,20240418,1252.43,1269.68,1267.14,1251.43,1274.62,-22.19,-0.0174,1231010,752161
NHEI.NH,20240417,1274.62,1264.44,1275.04,1263.36,1270.9,3.72,0.0029,873818,770452
NHEI.NH,20240416,1270.9,1265.39,1281.48,1260.92,1266.84,4.06,0.0032,1139130,779912
NHEI.NH,20240415,1266.84,1280.92,1274.49,1259.5,1271.67,-4.83,-0.0038,1279181,787131
NHEI.NH,20240412,1271.67,1254.7,1272.31,1257.87,1260.0,11.67,0.0093,959642,793271
NHEI.NH,20240411,1260.0,1244.91,1262.27,1238.94,1243.13,16.87,0.0136,1055995,768945
NHEI.NH,20240410,1243.13,1244.73,1243.94,1237.58,1248.57,-5.44,-0.0044,953639,777781
NHEI.NH,20240409,1248.57,1238.27,1249.17,1233.56,1235.41,13.16,0.0107,1162669,790907
NHEI.NH,20240408,1235.41,1229.26,1238.62,1212.25,1231.26,4.15,0.0034,909061,769715
NHEI.NH,20240403,1231.26,1225.29,1238.18,1228.49,1219.93,11.33,0.0093,1002029,769491
NHEI.NH,20240402,1219.93,1213.51,1222.82,1212.94,1215.51,4.42,0.0036,972303,770518
NHEI.NH,20240401,1215.51,1214.54,1216.23,1201.53,1214.74,0.77,0.0006,835147,775404
NHEI.NH,20240329,1214.74,1217.24,1220.43,1209.17,1210.48,4.26,0.0035,1089620,786428
NHEI.NH,20240328,1210.48,1202.98,1215.56,1202.05,1201.45,9.03,0.0075,905676,752381
NHEI.NH,20240327,1201.45,1220.57,1218.82,1201.15,1218.31,-16.86,-0.0138,968743,740961
NHEI.NH,20240326,1218.31,1219.84,1235.41,1217.93,1220.06,-1.75,-0.0014,1139161,759574
NHEI.NH,20240325,1220.06,1228.35,1231.37,1220.06,1222.72,-2.66,-0.0022,943060,720160
NHEI.NH,20240322,1222.72,1227.57,1225.1,1213.42,1230.72,-8.0,-0.0065,847076,718513
NHEI.NH,20240321,1230.72,1227.2,1233.88,1219.9,1233.92,-3.2,-0.0026,929417,746921
NHEI.NH,20240320,1233.92,1230.36,1241.01,1232.56,1229.84,4.08,0.0033,872981,772661
NHEI.NH,20240319,1229.84,1214.42,1230.47,1219.18,1216.0,13.84,0.0114,987454,761814
NHEI.NH,20240318,1216.0,1213.81,1216.52,1208.56,1214.63,1.37,0.0011,996763,759372
NHEI.NH,20240315,1214.63,1212.03,1219.08,1212.12,1206.36,8.27,0.0069,858744,776404
NHEI.NH,20240314,1206.36,1203.97,1209.67,1200.88,1194.39,11.97,0.01,1193478,781145
NHEI.NH,20240313,1194.39,1194.89,1198.16,1189.56,1198.32,-3.93,-0.0033,1002800,742658
NHEI.NH,20240312,1198.32,1191.0,1200.97,1192.31,1190.28,8.04,0.0068,948317,736587
NHEI.NH,20240311,1190.28,1204.65,1199.08,1184.52,1213.22,-22.94,-0.0189,1149831,733862
NHEI.NH,20240308,1213.22,1205.44,1213.37,1201.99,1208.93,4.29,0.0035,955028,772104
NHEI.NH,20240307,1208.93,1201.74,1214.76,1206.53,1198.82,10.11,0.0084,1092349,751125
NHEI.NH,20240306,1198.82,1201.72,1207.47,1193.72,1203.07,-4.25,-0.0035,1094365,695408
NHEI.NH,20240305,1203.07,1215.77,1215.84,1201.81,1217.19,-14.12,-0.0116,923833,677046
NHEI.NH,20240304,1217.19,1212.59,1224.32,1210.59,1202.25,14.94,0.0124,1213221,681459
NHEI.NH,20240301,1202.25,1203.88,1211.22,1201.79,1202.83,-0.58,-0.0005,975946,658636
NHEI.NH,20240229,1202.83,1203.27,1211.15,1199.99,1205.46,-2.63,-0.0022,1104386,643279
NHEI.NH,20240228,1205.46,1198.59,1209.79,1202.12,1201.36,4.1,0.0034,848456,672445
NHEI.NH,20240227,1201.36,1177.2,1201.36,1185.24,1177.66,23.7,0.0201,902268,649499
NHEI.NH,20240226,1177.66,1194.28,1189.42,1172.94,1200.28,-22.62,-0.0188,1144177,663106
NHEI.NH,20240223,1200.28,1199.86,1207.7,1199.59,1203.32,-3.04,-0.0025,948410,680451
NHEI.NH,20240222,1203.32,1187.98,1203.7,1194.4,1189.45,13.87,0.0117,943683,693017
NHEI.NH,20240221,1189.45,1177.57,1202.6,1172.95,1183.74,5.71,0.0048,1049704,666369
NHEI.NH,20240220,1183.74,1186.1,1190.36,1182.73,1180.85,2.89,0.0024,779502,655742
NHEI.NH,20240219,1180.85,1194.77,1194.77,1180.78,1168.33,12.52,0.0107,601723,627271
NHEI.NH,20240208,1168.33,1149.38,1168.48,1152.46,1145.59,22.74,0.0199,811008,598404
NHEI.NH,20240207,1145.59,1147.71,1150.86,1143.11,1145.38,0.21,0.0002,926500,649547
NHEI.NH,20240206,1145.38,1137.95,1148.18,1133.46,1139.95,5.43,0.0048,1144154,698348
NHEI.NH,20240205,1139.95,1140.73,1144.46,1134.05,1145.92,-5.97,-0.0052,1329641,737788
NHEI.NH,20240202,1145.92,1169.71,1172.38,1142.03,1167.44,-21.52,-0.0184,1658816,748573
NHEI.NH,20240201,1167.44,1186.58,1177.21,1166.72,1179.86,-12.42,-0.0105,1517718,748928
NHEI.NH,20240131,1179.86,1185.46,1192.87,1179.03,1192.37,-12.51,-0.0105,1565684,783489
NHEI.NH,20240130,1192.37,1207.1,1205.82,1191.6,1209.68,-17.31,-0.0143,1273505,776597
NHEI.NH,20240129,1209.68,1199.15,1216.68,1206.63,1200.05,9.63,0.008,1652662,806400
NHEI.NH,20240126,1200.05,1185.69,1207.39,1193.59,1183.05,17.0,0.0144,1596218,827280
NHEI.NH,20240125,1183.05,1176.62,1189.54,1182.58,1179.92,3.13,0.0027,1516276,841580
NHEI.NH,20240124,1179.92,1175.09,1179.94,1170.86,1179.61,0.31,0.0003,1366544,830409
NHEI.NH,20240123,1179.61,1164.39,1182.18,1174.32,1161.71,17.9,0.0154,1403938,810517
NHEI.NH,20240122,1161.71,1163.81,1172.76,1154.99,1168.8,-7.09,-0.0061,1729209,802954
NHEI.NH,20240119,1168.8,1157.98,1168.85,1156.22,1161.69,7.11,0.0061,1646338,782144
NHEI.NH,20240118,1161.69,1143.29,1162.43,1145.88,1152.53,9.16,0.0079,1581700,769431
NHEI.NH,20240117,1152.53,1164.09,1165.89,1151.78,1159.42,-6.89,-0.0059,1412573,742932
NHEI.NH,20240116,1159.42,1142.04,1159.48,1148.16,1154.08,5.34,0.0046,1385896,733146
NHEI.NH,20240115,1154.08,1172.94,1160.58,1149.21,1164.69,-10.61,-0.0091,1653060,726696
NHEI.NH,20240112,1164.69,1162.11,1174.11,1153.54,1153.7,10.99,0.0095,1515329,694257
NHEI.NH,20240111,1153.7,1159.4,1159.59,1145.7,1155.26,-1.56,-0.0014,1689871,689532
NHEI.NH,20240110,1155.26,1153.07,1156.0,1144.62,1136.57,18.69,0.0164,1540245,690470
NHEI.NH,20240109,1136.57,1146.9,1143.83,1133.62,1155.88,-19.31,-0.0167,1663701,747665
NHEI.NH,20240108,1155.88,1169.1,1173.03,1153.13,1168.32,-12.44,-0.0106,1599962,712478
NHEI.NH,20240105,1168.32,1187.5,1177.17,1164.57,1187.63,-19.31,-0.0163,1655166,717130
NHEI.NH,20240104,1187.63,1174.08,1196.76,1182.13,1165.85,21.78,0.0187,1925666,758280
NHEI.NH,20240103,1165.85,1187.64,1178.93,1164.18,1185.36,-19.51,-0.0165,1490505,762760
NHEI.NH,20240102,1185.36,1160.15,1188.39,1155.81,1157.55,27.81,0.024,941837,771440
NHPMI.NH,20260430,1968.3,1938.77,1968.38,1922.48,1961.39,6.91,0.0035,1199188,757883
NHPMI.NH,20260429,1961.39,1964.88,1972.62,1943.6,1972.49,-11.1,-0.0056,1111330,768292
NHPMI.NH,20260428,1972.49,2017.36,2018.47,1965.93,2024.52,-52.03,-0.0257,1240571,779283
NHPMI.NH,20260427,2024.52,2014.13,2037.38,2011.39,1999.45,25.07,0.0125,1164748,786959
NHPMI.NH,20260424,1999.45,2042.97,2045.24,1993.6,2031.37,-31.92,-0.0157,1424522,803439
NHPMI.NH,20260423,2031.37,2059.04,2068.32,2021.57,2070.91,-39.54,-0.0191,1281542,824087
NHPMI.NH,20260422,2070.91,2072.85,2077.04,2031.86,2074.09,-3.18,-0.0015,1355809,823163
NHPMI.NH,20260421,2074.09,2086.83,2100.34,2071.53,2086.35,-12.26,-0.0059,1042631,818780
NHPMI.NH,20260420,2086.35,2117.11,2134.46,2078.12,2073.27,13.08,0.0063,1608138,807559
NHPMI.NH,20260417,2073.27,2085.83,2093.5,2059.57,2097.06,-23.79,-0.0113,1291186,797354
NHPMI.NH,20260416,2097.06,2074.78,2103.92,2072.77,2077.7,19.36,0.0093,1273752,797321
NHPMI.NH,20260415,2077.7,2051.84,2112.38,2051.84,2056.43,21.27,0.0103,1606149,795598
NHPMI.NH,20260414,2056.43,2006.32,2056.43,2001.4,2011.51,44.92,0.0223,1251318,774987
NHPMI.NH,20260413,2011.51,2035.91,2048.8,2002.38,2023.95,-12.44,-0.0061,1221521,751534
NHPMI.NH,20260410,2023.95,2013.91,2047.63,2010.69,2000.15,23.8,0.0119,1275913,744780
NHPMI.NH,20260409,2000.15,2057.9,2058.95,1989.36,2057.21,-57.06,-0.0277,1348001,740878
NHPMI.NH,20260408,2057.21,1970.01,2066.85,1939.8,1977.76,79.45,0.0402,1509269,738096
NHPMI.NH,20260407,1977.76,1973.42,1993.27,1965.21,1973.42,4.34,0.0022,631511,719812
NHPMI.NH,20260403,1973.42,1948.67,2008.72,1933.83,1953.04,20.38,0.0104,1675363,717231
NHPMI.NH,20260402,1953.04,2035.5,2038.59,1929.43,2043.21,-90.17,-0.0441,2154206,732811
NHPMI.NH,20260401,2043.21,1981.27,2051.32,1975.46,1970.45,72.76,0.0369,1799229,759571
NHPMI.NH,20260331,1970.45,1966.95,2006.99,1938.09,1946.06,24.39,0.0125,1773921,745521
NHPMI.NH,20260330,1946.06,1893.91,1961.53,1883.91,1917.8,28.26,0.0147,2097959,738870
NHPMI.NH,20260327,1917.8,1885.08,1929.57,1865.45,1913.97,3.83,0.002,1747077,726404
NHPMI.NH,20260326,1913.97,1962.18,1977.63,1893.06,1962.51,-48.54,-0.0247,1644580,731296
NHPMI.NH,20260325,1962.51,1866.81,1992.1,1853.73,1878.15,84.36,0.0449,1989047,737715
NHPMI.NH,20260324,1878.15,1898.36,1920.85,1826.58,1760.34,117.81,0.0669,2674817,734688
NHPMI.NH,20260323,1760.34,1977.32,1986.8,1730.48,1972.03,-211.69,-0.1073,2879938,748894
NHPMI.NH,20260320,1972.03,1912.44,2030.93,1863.0,2014.49,-42.46,-0.0211,2509913,758468
NHPMI.NH,20260319,2014.49,2100.51,2107.93,1996.37,2160.48,-145.99,-0.0676,1692158,777820
NHPMI.NH,20260318,2160.48,2178.89,2187.61,2139.79,2177.32,-16.84,-0.0077,1103041,789855
NHPMI.NH,20260317,2177.32,2187.5,2203.24,2167.32,2179.76,-2.44,-0.0011,1126412,784065
NHPMI.NH,20260316,2179.76,2251.64,2254.69,2150.16,2223.06,-43.3,-0.0195,1574037,790671
NHPMI.NH,20260313,2223.06,2299.78,2304.83,2219.36,2288.87,-65.81,-0.0288,1198216,795899
NHPMI.NH,20260312,2288.87,2276.24,2293.06,2264.83,2301.66,-12.79,-0.0056,961952,798110
NHPMI.NH,20260311,2301.66,2319.51,2339.26,2293.81,2319.22,-17.56,-0.0076,997360,794845
NHPMI.NH,20260310,2319.22,2259.38,2332.17,2244.62,2257.19,62.03,0.0275,1201607,790405
NHPMI.NH,20260309,2257.19,2234.3,2279.78,2186.51,2257.32,-0.13,-0.0001,1722262,781518
NHPMI.NH,20260306,2257.32,2268.71,2268.81,2218.12,2263.25,-5.93,-0.0026,1328425,782256
NHPMI.NH,20260305,2263.25,2278.01,2296.75,2219.93,2273.38,-10.13,-0.0045,1518026,794587
NHPMI.NH,20260304,2273.38,2261.53,2291.72,2182.6,2300.43,-27.05,-0.0118,2019193,790459
NHPMI.NH,20260303,2300.43,2427.11,2436.05,2276.46,2425.33,-124.9,-0.0515,2455165,808720
NHPMI.NH,20260302,2425.33,2314.41,2426.29,2313.21,2313.71,111.62,0.0482,1767935,839889
NHPMI.NH,20260227,2313.71,2271.72,2319.03,2250.23,2292.15,21.56,0.0094,1268947,827012
NHPMI.NH,20260226,2292.15,2312.74,2335.68,2278.81,2317.25,-25.1,-0.0108,1170915,809263
NHPMI.NH,20260225,2317.25,2276.44,2332.71,2246.74,2286.36,30.89,0.0135,1251064,821916
NHPMI.NH,20260224,2286.36,2297.77,2302.43,2240.81,2131.41,154.95,0.0727,690475,807824
NHPMI.NH,20260213,2131.41,2173.88,2197.87,2077.75,2185.35,-53.94,-0.0247,1737151,804648
NHPMI.NH,20260212,2185.35,2240.2,2240.32,2170.64,2203.72,-18.37,-0.0083,1433172,842346
NHPMI.NH,20260211,2203.72,2172.44,2204.52,2153.38,2164.96,38.76,0.0179,1365482,860433
NHPMI.NH,20260210,2164.96,2176.01,2207.94,2152.5,2195.2,-30.24,-0.0138,1558154,859643
NHPMI.NH,20260209,2195.2,2110.11,2206.8,2076.02,2063.61,131.59,0.0638,2418890,863925
NHPMI.NH,20260206,2063.61,2079.62,2126.97,1979.52,2143.3,-79.69,-0.0372,3301868,872318
NHPMI.NH,20260205,2143.3,2304.54,2350.84,2053.56,2315.02,-171.72,-0.0742,4195210,892413
NHPMI.NH,20260204,2315.02,2204.11,2316.84,2201.28,2174.24,140.78,0.0647,2512231,928093
NHPMI.NH,20260203,2174.24,2160.74,2200.87,2105.15,2182.21,-7.97,-0.0037,2622663,899129
NHPMI.NH,20260202,2182.21,2391.59,2423.01,2178.08,2489.62,-307.41,-0.1235,2619093,960750
NHPMI.NH,20260130,2489.62,2711.8,2759.12,2470.37,2706.98,-217.36,-0.0803,4193491,984232
NHPMI.NH,20260129,2706.98,2559.81,2739.26,2544.05,2566.56,140.42,0.0547,2497069,1048812
NHPMI.NH,20260128,2566.56,2493.67,2575.79,2426.51,2485.18,81.38,0.0327,3161414,1077961
NHPMI.NH,20260127,2485.18,2446.27,2553.68,2425.35,2439.58,45.6,0.0187,3107222,1098012
NHPMI.NH,20260126,2439.58,2328.22,2462.67,2311.23,2321.77,117.81,0.0507,2918817,1107241
NHPMI.NH,20260123,2321.77,2217.49,2328.83,2213.73,2225.4,96.37,0.0433,2262249,1075069
NHPMI.NH,20260122,2225.4,2225.34,2241.01,2173.91,2223.2,2.2,0.001,2369382,1062417
NHPMI.NH,20260121,2223.2,2206.93,2240.47,2173.1,2180.86,42.34,0.0194,2492517,1061661
NHPMI.NH,20260120,2180.86,2168.09,2191.49,2156.67,2175.22,5.64,0.0026,1864969,1054495
NHPMI.NH,20260119,2175.22,2118.47,2189.52,2075.39,2128.42,46.8,0.022,3153363,1059467
NHPMI.NH,20260116,2128.42,2149.43,2155.86,2104.53,2138.31,-9.89,-0.0046,2826758,1065341
NHPMI.NH,20260115,2138.31,2178.03,2184.72,2091.24,2148.96,-10.65,-0.005,3509549,1092021
NHPMI.NH,20260114,2148.96,2082.64,2156.92,2082.56,2064.17,84.79,0.0411,3125673,1085055
NHPMI.NH,20260113,2064.17,2061.14,2092.22,2045.66,2060.0,4.17,0.002,2752707,1054759
NHPMI.NH,20260112,2060.0,1945.83,2062.0,1943.19,1945.31,114.69,0.059,2896118,1047910
NHPMI.NH,20260109,1945.31,1911.46,1950.01,1892.63,1923.55,21.76,0.0113,2551405,996470
NHPMI.NH,20260108,1923.55,1952.31,1970.42,1914.19,1958.78,-35.23,-0.018,3429980,986428
NHPMI.NH,20260107,1958.78,1972.55,2010.67,1948.38,1972.39,-13.61,-0.0069,3570181,991311
NHPMI.NH,20260106,1972.39,1903.67,1985.54,1901.13,1910.43,61.96,0.0324,3203777,1001009
NHPMI.NH,20260105,1910.43,1840.65,1916.74,1840.65,1840.65,69.78,0.0379,1269757,951028
NHPMI.NH,20251231,1840.65,1917.92,1930.4,1817.38,1892.13,-51.48,-0.0272,4319091,955311
NHPMI.NH,20251230,1892.13,1918.44,1938.84,1843.56,1921.55,-29.42,-0.0153,4757483,1017855
NHPMI.NH,20251229,1921.55,1931.01,2008.9,1895.54,1936.28,-14.73,-0.0076,5432768,1059832
NHPMI.NH,20251226,1936.28,1887.76,1956.81,1884.63,1888.32,47.96,0.0254,3204406,1126789
NHPMI.NH,20251225,1888.32,1904.04,1904.16,1854.91,1904.05,-15.73,-0.0083,3628925,1139466
NHPMI.NH,20251224,1904.05,1855.03,1907.1,1835.11,1851.1,52.95,0.0286,3791732,1178382
NHPMI.NH,20251223,1851.1,1823.95,1861.48,1817.78,1826.04,25.06,0.0137,2765164,1164829
NHPMI.NH,20251222,1826.04,1765.06,1826.14,1763.3,1765.15,60.89,0.0345,3489135,1151505
NHPMI.NH,20251219,1765.15,1765.89,1776.33,1745.46,1772.41,-7.26,-0.0041,3842454,1116632
NHPMI.NH,20251218,1772.41,1765.24,1781.38,1755.71,1771.15,1.26,0.0007,3054258,1132713
NHPMI.NH,20251217,1771.15,1724.93,1776.13,1720.84,1722.66,48.49,0.0281,3223746,1144462
NHPMI.NH,20251216,1722.66,1748.4,1748.89,1708.17,1741.12,-18.46,-0.0106,3086398,1098798
NHPMI.NH,20251215,1741.12,1746.79,1760.74,1695.88,1732.3,8.82,0.0051,4520270,1124539
NHPMI.NH,20251212,1732.3,1702.58,1737.76,1697.9,1699.78,32.52,0.0191,3133108,1136827
NHPMI.NH,20251211,1699.78,1687.31,1714.39,1675.21,1692.78,7.0,0.0041,2887754,1121592
NHPMI.NH,20251210,1692.78,1662.43,1695.55,1659.01,1650.64,42.14,0.0255,3127129,1137219
NHPMI.NH,20251209,1650.64,1663.18,1664.39,1644.06,1662.9,-12.26,-0.0074,2340672,1099817
NHPMI.NH,20251208,1662.9,1664.75,1682.21,1648.34,1664.41,-1.51,-0.0009,3476249,1125409
NHPMI.NH,20251205,1664.41,1642.73,1668.63,1635.78,1643.67,20.74,0.0126,2857047,1131516
NHPMI.NH,20251204,1643.67,1661.41,1674.12,1637.22,1654.76,-11.09,-0.0067,3687478,1128678
NHPMI.NH,20251203,1654.76,1651.35,1672.72,1639.1,1648.74,6.02,0.0037,4052865,1134092
NHPMI.NH,20251202,1648.74,1649.38,1673.12,1643.44,1646.56,2.18,0.0013,3814030,1133259
NHPMI.NH,20251201,1646.56,1606.89,1663.51,1601.7,1609.27,37.29,0.0232,4041704,1143504
NHPMI.NH,20251128,1609.27,1590.79,1610.96,1584.01,1592.2,17.07,0.0107,2269703,1124697
NHPMI.NH,20251127,1592.2,1577.89,1593.2,1569.6,1576.43,15.77,0.01,2634123,1084069
NHPMI.NH,20251126,1576.43,1564.73,1582.77,1554.56,1571.04,5.39,0.0034,2504751,1039666
NHPMI.NH,20251125,1571.04,1547.89,1578.42,1543.43,1538.38,32.66,0.0212,2197710,1024333
NHPMI.NH,20251124,1538.38,1537.15,1556.75,1533.86,1528.34,10.04,0.0066,2538045,1023018
NHPMI.NH,20251121,1528.34,1559.78,1568.2,1527.62,1555.92,-27.58,-0.0177,3536162,1039884
NHPMI.NH,20251120,1555.92,1577.81,1582.45,1546.62,1565.57,-9.65,-0.0062,3120595,1073354
NHPMI.NH,20251119,1565.57,1531.41,1567.52,1531.4,1523.63,41.94,0.0275,2430564,1062971
NHPMI.NH,20251118,1523.63,1551.88,1557.48,1523.56,1546.68,-23.05,-0.0149,2204212,1053707
NHPMI.NH,20251117,1546.68,1572.72,1573.81,1536.36,1593.22,-46.54,-0.0292,3516365,1052820
NHPMI.NH,20251114,1593.22,1618.61,1618.61,1589.92,1612.96,-19.74,-0.0122,2906765,1109831
NHPMI.NH,20251113,1612.96,1574.87,1616.48,1571.19,1571.41,41.55,0.0264,3039578,1135851
NHPMI.NH,20251112,1571.41,1567.9,1572.33,1553.84,1564.62,6.79,0.0043,1899630,1105920
NHPMI.NH,20251111,1564.62,1552.73,1571.76,1543.44,1543.2,21.42,0.0139,1826155,1080102
NHPMI.NH,20251110,1543.2,1513.13,1544.88,1506.56,1516.36,26.84,0.0177,2355221,1061641
NHPMI.NH,20251107,1516.36,1514.38,1517.59,1495.88,1509.84,6.52,0.0043,1613017,1040149
NHPMI.NH,20251106,1509.84,1496.43,1509.94,1494.94,1496.26,13.58,0.0091,1351711,1024996
NHPMI.NH,20251105,1496.26,1498.17,1500.73,1481.99,1497.88,-1.62,-0.0011,1854474,1014853
NHPMI.NH,20251104,1497.88,1514.98,1521.07,1492.16,1515.84,-17.96,-0.0118,1806811,1028508
NHPMI.NH,20251103,1515.84,1517.05,1520.62,1493.78,1514.74,1.1,0.0007,1729885,1034119
NHPMI.NH,20251031,1514.74,1493.12,1522.86,1490.83,1494.89,19.85,0.0133,2067867,1040509
NHPMI.NH,20251030,1494.89,1511.39,1511.6,1472.52,1497.9,-3.01,-0.002,1952608,1025379
NHPMI.NH,20251029,1497.9,1465.92,1499.19,1465.62,1472.96,24.94,0.0169,1729169,1031566
NHPMI.NH,20251028,1472.96,1509.7,1513.15,1471.44,1523.51,-50.55,-0.0332,2404136,1051854
NHPMI.NH,20251027,1523.51,1520.9,1543.27,1519.28,1524.01,-0.5,-0.0003,1794571,1074458
NHPMI.NH,20251024,1524.01,1540.56,1550.25,1518.96,1535.31,-11.3,-0.0074,1975296,1095772
NHPMI.NH,20251023,1535.31,1509.65,1541.46,1506.92,1541.92,-6.61,-0.0043,2317846,1115211
NHPMI.NH,20251022,1541.92,1551.65,1558.75,1514.14,1603.9,-61.98,-0.0386,3654737,1127673
NHPMI.NH,20251021,1603.9,1609.42,1620.29,1590.67,1577.33,26.57,0.0168,3078592,1192210
NHPMI.NH,20251020,1577.33,1613.11,1613.11,1559.73,1633.24,-55.91,-0.0342,4692805,1185937
NHPMI.NH,20251017,1633.24,1590.48,1639.75,1590.48,1588.05,45.19,0.0285,4777295,1233382
NHPMI.NH,20251016,1588.05,1575.56,1607.31,1570.59,1579.35,8.7,0.0055,3850661,1225671
NHPMI.NH,20251015,1579.35,1528.43,1579.58,1522.34,1535.36,43.99,0.0287,3543005,1254706
NHPMI.NH,20251014,1535.36,1528.58,1583.88,1518.04,1523.98,11.38,0.0075,4473405,1222627
NHPMI.NH,20251013,1523.98,1483.53,1526.92,1470.92,1474.58,49.4,0.0335,3442360,1255217
NHPMI.NH,20251010,1474.58,1508.99,1515.63,1465.35,1491.73,-17.15,-0.0115,3197904,1187204
NHPMI.NH,20251009,1491.73,1489.01,1502.98,1477.29,1439.04,52.69,0.0366,1291193,1211028
NHPMI.NH,20250930,1439.04,1429.75,1449.59,1425.42,1432.31,6.73,0.0047,1699551,1214228
NHPMI.NH,20250929,1432.31,1408.41,1436.0,1408.09,1405.79,26.52,0.0189,2766062,1290439
NHPMI.NH,20250926,1405.79,1397.32,1409.27,1390.09,1392.69,13.1,0.0094,2023442,1365880
NHPMI.NH,20250925,1392.69,1397.52,1401.81,1386.43,1397.09,-4.4,-0.0031,1529680,1374935
NHPMI.NH,20250924,1397.09,1400.81,1403.23,1387.1,1390.06,7.03,0.0051,1693960,1416380
NHPMI.NH,20250923,1390.06,1378.39,1393.26,1373.35,1379.6,10.46,0.0076,1726413,1407094
NHPMI.NH,20250922,1379.6,1345.9,1381.29,1344.45,1345.45,34.15,0.0254,1701659,1407579
NHPMI.NH,20250919,1345.45,1343.66,1350.12,1335.83,1334.46,10.99,0.0082,1398083,1316118
NHPMI.NH,20250918,1334.46,1350.22,1358.44,1332.7,1350.26,-15.8,-0.0117,1790569,1276035
NHPMI.NH,20250917,1350.26,1368.26,1370.45,1348.73,1367.84,-17.58,-0.0129,1669846,1287026
NHPMI.NH,20250916,1367.84,1355.1,1369.63,1353.69,1352.84,15.0,0.0111,1292091,1343571
NHPMI.NH,20250915,1352.84,1352.98,1359.17,1347.43,1356.24,-3.4,-0.0025,1076177,1334346
NHPMI.NH,20250912,1356.24,1338.25,1358.51,1335.32,1339.44,16.8,0.0125,1767913,1344814
NHPMI.NH,20250911,1339.44,1341.14,1347.79,1334.88,1342.28,-2.84,-0.0021,968739,1276526
NHPMI.NH,20250910,1342.28,1343.5,1352.36,1333.28,1346.06,-3.78,-0.0028,1591242,1284982
NHPMI.NH,20250909,1346.06,1341.22,1350.78,1339.32,1332.76,13.3,0.01,1537814,1286297
NHPMI.NH,20250908,1332.76,1335.19,1338.57,1323.79,1325.24,7.52,0.0057,1845637,1280001
NHPMI.NH,20250905,1325.24,1323.87,1327.56,1314.99,1320.5,4.74,0.0036,1166728,1267512
NHPMI.NH,20250904,1320.5,1329.7,1338.35,1310.89,1324.94,-4.44,-0.0034,2012400,1277982
NHPMI.NH,20250903,1324.94,1311.88,1328.66,1306.08,1314.72,10.22,0.0078,1546058,1292876
NHPMI.NH,20250902,1314.72,1307.15,1325.32,1306.69,1308.32,6.4,0.0049,1288048,1289933
NHPMI.NH,20250901,1308.32,1274.76,1311.11,1274.09,1273.01,35.31,0.0277,2012718,1287683
NHPMI.NH,20250829,1273.01,1273.08,1274.08,1268.91,1270.5,2.51,0.002,778364,1163295
NHPMI.NH,20250828,1270.5,1264.21,1271.08,1262.32,1264.63,5.87,0.0046,776014,1153356
NHPMI.NH,20250827,1264.63,1264.49,1268.89,1262.93,1267.3,-2.67,-0.0021,639512,1149175
NHPMI.NH,20250826,1267.3,1264.18,1269.3,1262.52,1267.49,-0.19,-0.0002,650848,1173413
NHPMI.NH,20250825,1267.49,1248.89,1270.55,1247.95,1250.91,16.58,0.0133,1294910,1184328
NHPMI.NH,20250822,1250.91,1253.16,1257.99,1249.6,1250.94,-0.03,0.0,687630,1139170
NHPMI.NH,20250821,1250.94,1250.69,1254.16,1249.42,1242.01,8.93,0.0072,657825,1135497
NHPMI.NH,20250820,1242.01,1253.02,1253.94,1239.78,1252.21,-10.2,-0.0081,1013064,1151908
NHPMI.NH,20250819,1252.21,1258.2,1258.59,1250.19,1258.59,-6.38,-0.0051,574866,1167158
NHPMI.NH,20250818,1258.59,1252.44,1258.76,1250.09,1253.84,4.75,0.0038,623565,1176124
NHPMI.NH,20250815,1253.84,1256.97,1258.36,1250.01,1261.11,-7.27,-0.0058,853280,1184576
NHPMI.NH,20250814,1261.11,1263.03,1266.47,1259.24,1260.91,0.2,0.0002,720575,1208028
NHPMI.NH,20250813,1260.91,1254.06,1261.28,1248.53,1253.13,7.78,0.0062,909186,1208855
NHPMI.NH,20250812,1253.13,1254.19,1256.46,1250.86,1257.72,-4.59,-0.0036,681163,1185662
NHPMI.NH,20250811,1257.72,1267.75,1271.19,1257.38,1269.49,-11.77,-0.0093,947870,1201933
NHPMI.NH,20250808,1269.49,1265.82,1270.24,1264.99,1265.71,3.78,0.003,963456,1226123
NHPMI.NH,20250807,1265.71,1257.86,1266.06,1256.81,1260.25,5.46,0.0043,706037,1232974
NHPMI.NH,20250806,1260.25,1255.1,1262.27,1254.64,1253.22,7.03,0.0056,772124,1223051
NHPMI.NH,20250805,1253.22,1251.19,1257.46,1251.0,1250.19,3.03,0.0024,695879,1222014
NHPMI.NH,20250804,1250.19,1244.4,1250.38,1243.61,1233.23,16.96,0.0138,1076541,1227968
NHPMI.NH,20250801,1233.23,1235.6,1237.6,1229.31,1237.74,-4.51,-0.0036,1003899,1217311
NHPMI.NH,20250731,1237.74,1246.17,1246.74,1232.74,1251.13,-13.39,-0.0107,1718312,1227171
NHPMI.NH,20250730,1251.13,1250.13,1255.75,1247.58,1249.01,2.12,0.0017,1097592,1259900
NHPMI.NH,20250729,1249.01,1249.93,1250.96,1243.13,1253.18,-4.17,-0.0033,1013955,1267493
NHPMI.NH,20250728,1253.18,1258.69,1262.44,1244.95,1265.35,-12.17,-0.0096,1895079,1278698
NHPMI.NH,20250725,1265.35,1258.01,1268.81,1257.14,1266.41,-1.06,-0.0008,1173556,1373855
NHPMI.NH,20250724,1266.41,1284.88,1285.42,1261.24,1285.94,-19.53,-0.0152,2032533,1388845
NHPMI.NH,20250723,1285.94,1278.95,1287.2,1275.48,1272.73,13.21,0.0104,1709587,1436440
NHPMI.NH,20250722,1272.73,1267.6,1277.13,1267.59,1263.05,9.68,0.0077,1527781,1427980
NHPMI.NH,20250721,1263.05,1262.31,1264.02,1256.39,1258.61,4.44,0.0035,1170573,1416746
NHPMI.NH,20250718,1258.61,1244.86,1259.08,1244.47,1252.06,6.55,0.0052,1364794,1428157
NHPMI.NH,20250717,1252.06,1250.31,1259.19,1245.06,1251.66,0.4,0.0003,1643971,1385787
NHPMI.NH,20250716,1251.66,1255.3,1257.07,1247.02,1259.26,-7.6,-0.006,1328998,1371180
NHPMI.NH,20250715,1259.26,1253.41,1260.01,1251.01,1259.25,0.01,0.0,1279138,1407122
NHPMI.NH,20250714,1259.25,1250.72,1262.05,1248.09,1242.52,16.73,0.0135,1899427,1407668
NHPMI.NH,20250711,1242.52,1237.58,1248.32,1233.21,1235.59,6.93,0.0056,1976539,1348399
NHPMI.NH,20250710,1235.59,1227.85,1235.87,1226.69,1228.25,7.34,0.006,962855,1270101
NHPMI.NH,20250709,1228.25,1238.35,1238.58,1224.93,1240.26,-12.01,-0.0097,1360237,1277530
NHPMI.NH,20250708,1240.26,1230.52,1241.46,1228.75,1232.44,7.82,0.0063,961085,1318041
NHPMI.NH,20250707,1232.44,1239.13,1242.03,1230.76,1240.74,-8.3,-0.0067,942551,1298133
NHPMI.NH,20250704,1240.74,1236.86,1242.41,1235.44,1246.08,-5.34,-0.0043,1143030,1325794
NHPMI.NH,20250703,1246.08,1235.2,1247.89,1233.16,1229.95,16.13,0.0131,1190868,1341057
NHPMI.NH,20250702,1229.95,1237.73,1238.56,1229.19,1233.58,-3.63,-0.0029,931519,1251835
NHPMI.NH,20250701,1233.58,1220.37,1233.79,1218.16,1222.8,10.78,0.0088,938621,1274312
NHPMI.NH,20250630,1222.8,1216.43,1223.57,1211.08,1225.37,-2.57,-0.0021,1348295,1271639
NHPMI.NH,20250627,1225.37,1230.5,1235.8,1223.9,1234.09,-8.72,-0.0071,1218178,1303549
NHPMI.NH,20250626,1234.09,1224.9,1234.16,1222.13,1228.87,5.22,0.0042,1026203,1296502
NHPMI.NH,20250625,1228.87,1223.57,1228.95,1212.09,1227.61,1.26,0.001,1369867,1288148
NHPMI.NH,20250624,1227.61,1237.89,1246.52,1224.58,1238.35,-10.74,-0.0087,1278010,1285621
NHPMI.NH,20250623,1238.35,1231.23,1241.07,1229.93,1229.77,8.58,0.007,1060642,1296115
NHPMI.NH,20250620,1229.77,1242.34,1244.75,1227.42,1241.01,-11.24,-0.0091,1388164,1310173
NHPMI.NH,20250619,1241.01,1256.78,1259.42,1237.34,1257.57,-16.56,-0.0132,1592622,1336215
NHPMI.NH,20250618,1257.57,1251.17,1259.81,1247.45,1247.09,10.48,0.0084,1555218,1404355
NHPMI.NH,20250617,1247.09,1254.31,1254.31,1241.33,1253.61,-6.52,-0.0052,1134528,1348714
NHPMI.NH,20250616,1253.61,1256.15,1260.05,1249.64,1251.76,1.85,0.0015,1372972,1374141
NHPMI.NH,20250613,1251.76,1246.25,1263.96,1242.28,1244.57,7.19,0.0058,1936800,1376085
NHPMI.NH,20250612,1244.57,1238.96,1247.88,1233.5,1241.87,2.7,0.0022,1513310,1395910
NHPMI.NH,20250611,1241.87,1242.47,1245.52,1236.79,1238.66,3.21,0.0026,1213921,1421055
NHPMI.NH,20250610,1238.66,1238.36,1247.91,1232.69,1239.55,-0.89,-0.0007,1785257,1427716
NHPMI.NH,20250609,1239.55,1242.13,1244.66,1226.46,1244.38,-4.83,-0.0039,1656572,1467219
NHPMI.NH,20250606,1244.38,1239.35,1244.78,1227.64,1223.11,21.27,0.0174,2456026,1461194
NHPMI.NH,20250605,1223.11,1220.78,1227.61,1219.44,1221.32,1.79,0.0015,836669,1353108
NHPMI.NH,20250604,1221.32,1222.65,1226.43,1216.15,1221.55,-0.23,-0.0002,1028327,1350405
NHPMI.NH,20250603,1221.55,1230.37,1231.11,1219.01,1197.18,24.37,0.0204,997602,1338621
NHPMI.NH,20250530,1197.18,1200.63,1203.35,1192.24,1190.47,6.71,0.0056,1255175,1285891
NHPMI.NH,20250529,1190.47,1199.03,1200.32,1183.35,1198.01,-7.54,-0.0063,1301064,1324086
NHPMI.NH,20250528,1198.01,1192.43,1201.68,1192.02,1196.91,1.1,0.0009,1203712,1341388
NHPMI.NH,20250527,1196.91,1206.39,1210.95,1195.53,1205.88,-8.97,-0.0074,1253710,1364509
NHPMI.NH,20250526,1205.88,1211.43,1214.43,1205.39,1207.53,-1.65,-0.0014,1433129,1389447
NHPMI.NH,20250523,1207.53,1201.39,1208.98,1194.67,1209.71,-2.18,-0.0018,1584767,1373422
NHPMI.NH,20250522,1209.71,1203.0,1216.57,1200.6,1206.8,2.91,0.0024,1596924,1413659
NHPMI.NH,20250521,1206.8,1183.16,1207.1,1179.94,1172.5,34.3,0.0293,1859667,1389599
NHPMI.NH,20250520,1172.5,1177.88,1180.62,1172.11,1177.26,-4.76,-0.004,1119357,1347774
NHPMI.NH,20250519,1177.26,1159.34,1183.01,1159.34,1171.6,5.66,0.0048,1532892,1337923
NHPMI.NH,20250516,1171.6,1165.15,1181.14,1164.2,1154.99,16.61,0.0144,1703043,1340546
NHPMI.NH,20250515,1154.99,1169.27,1173.74,1145.8,1186.32,-31.33,-0.0264,2474681,1382788
NHPMI.NH,20250514,1186.32,1187.95,1195.28,1184.12,1194.79,-8.47,-0.0071,1653029,1328300
NHPMI.NH,20250513,1194.79,1183.16,1195.6,1179.01,1199.7,-4.91,-0.0041,2015077,1341983
NHPMI.NH,20250512,1199.7,1213.15,1217.48,1190.62,1210.91,-11.21,-0.0093,1968265,1337617
NHPMI.NH,20250509,1210.91,1214.77,1219.36,1197.1,1208.88,2.03,0.0017,1905369,1332071
NHPMI.NH,20250508,1208.88,1228.1,1234.66,1206.19,1229.53,-20.65,-0.0168,2232782,1338576
NHPMI.NH,20250507,1229.53,1227.93,1236.3,1218.42,1222.74,6.79,0.0056,1701034,1298027
NHPMI.NH,20250506,1222.74,1208.47,1229.08,1208.47,1206.09,16.65,0.0138,962921,1283182
NHPMI.NH,20250430,1206.09,1214.03,1218.69,1205.39,1212.53,-6.44,-0.0053,1360398,1264856
NHPMI.NH,20250429,1212.53,1208.98,1222.77,1206.58,1205.03,7.5,0.0062,1597900,1297827
NHPMI.NH,20250428,1205.03,1214.55,1217.71,1202.65,1218.24,-13.21,-0.0108,1962116,1317201
NHPMI.NH,20250425,1218.24,1226.64,1235.05,1212.89,1223.85,-5.61,-0.0046,2042050,1364223
NHPMI.NH,20250424,1223.85,1213.01,1237.6,1201.47,1210.79,13.06,0.0108,3258473,1367733
NHPMI.NH,20250423,1210.79,1242.45,1254.54,1209.63,1252.28,-41.49,-0.0331,4001317,1349803
NHPMI.NH,20250422,1252.28,1239.19,1259.86,1232.77,1232.15,20.13,0.0163,2680626,1381985
NHPMI.NH,20250421,1232.15,1213.1,1232.5,1209.51,1213.99,18.16,0.015,1395719,1355671
NHPMI.NH,20250418,1213.99,1211.86,1215.08,1197.04,1212.38,1.61,0.0013,1868994,1327079
NHPMI.NH,20250417,1212.38,1213.39,1225.05,1207.32,1209.41,2.97,0.0025,2415616,1315312
NHPMI.NH,20250416,1209.41,1188.47,1210.18,1185.69,1188.94,20.47,0.0172,1630394,1304158
NHPMI.NH,20250415,1188.94,1181.49,1189.18,1177.08,1184.32,4.62,0.0039,1539125,1291464
NHPMI.NH,20250414,1184.32,1178.85,1189.55,1176.02,1171.36,12.96,0.0111,2610210,1270799
NHPMI.NH,20250411,1171.36,1154.45,1179.24,1149.53,1159.5,11.86,0.0102,2432804,1243429
NHPMI.NH,20250410,1159.5,1131.81,1160.12,1131.45,1131.52,27.98,0.0247,2628600,1242294
NHPMI.NH,20250409,1131.52,1118.48,1131.66,1112.46,1118.98,12.54,0.0112,2258238,1251554
NHPMI.NH,20250408,1118.98,1116.49,1123.54,1108.18,1114.2,4.78,0.0043,2301812,1220296
NHPMI.NH,20250407,1114.2,1171.53,1171.53,1093.63,1171.53,-57.33,-0.0489,2440684,1222042
NHPMI.NH,20250403,1171.53,1175.74,1188.72,1167.67,1172.59,-1.06,-0.0009,2373787,1279376
NHPMI.NH,20250402,1172.59,1177.74,1179.09,1168.09,1176.91,-4.32,-0.0037,1697755,1284603
NHPMI.NH,20250401,1176.91,1174.54,1182.43,1162.11,1174.61,2.3,0.002,2030536,1286107
NHPMI.NH,20250331,1174.61,1166.68,1177.04,1160.06,1168.08,6.53,0.0056,1779088,1280941
NHPMI.NH,20250328,1168.08,1156.65,1168.12,1150.32,1148.27,19.81,0.0173,2178830,1313442
NHPMI.NH,20250327,1148.27,1148.32,1149.37,1142.9,1146.69,1.58,0.0014,1029521,1249300
NHPMI.NH,20250326,1146.69,1141.02,1147.97,1140.23,1138.12,8.57,0.0075,1335215,1256793
NHPMI.NH,20250325,1138.12,1136.98,1139.19,1132.52,1138.44,-0.32,-0.0003,960313,1206678
NHPMI.NH,20250324,1138.44,1137.09,1138.83,1127.08,1136.02,2.42,0.0021,1302102,1211460
NHPMI.NH,20250321,1136.02,1143.84,1146.41,1132.97,1147.56,-11.54,-0.0101,1456014,1223149
NHPMI.NH,20250320,1147.56,1144.95,1150.83,1139.51,1147.45,0.11,0.0001,1344098,1254461
NHPMI.NH,20250319,1147.45,1146.79,1150.58,1141.92,1140.28,7.17,0.0063,1364315,1254805
NHPMI.NH,20250318,1140.28,1131.82,1140.99,1129.39,1134.86,5.42,0.0048,1331168,1256038
NHPMI.NH,20250317,1134.86,1137.09,1138.24,1129.88,1135.27,-0.41,-0.0004,1319821,1240437
NHPMI.NH,20250314,1135.27,1113.82,1138.19,1113.04,1112.67,22.6,0.0203,2325949,1241325
NHPMI.NH,20250313,1112.67,1109.68,1115.85,1104.37,1104.2,8.47,0.0077,1260607,1135814
NHPMI.NH,20250312,1104.2,1102.01,1106.36,1098.95,1098.15,6.05,0.0055,1298326,1097194
NHPMI.NH,20250311,1098.15,1103.86,1104.18,1091.01,1105.48,-7.33,-0.0066,1274875,1059151
NHPMI.NH,20250310,1105.48,1102.97,1105.76,1097.16,1103.34,2.14,0.0019,1599886,1060943
NHPMI.NH,20250307,1103.34,1099.1,1105.83,1098.32,1104.89,-1.55,-0.0014,1163123,1056901
NHPMI.NH,20250306,1104.89,1103.2,1107.0,1093.92,1102.53,2.36,0.0021,1490144,1061445
NHPMI.NH,20250305,1102.53,1102.75,1103.32,1094.32,1094.52,8.01,0.0073,1349371,1054553
NHPMI.NH,20250304,1094.52,1094.06,1097.05,1090.81,1087.58,6.94,0.0064,1126995,1032189
NHPMI.NH,20250303,1087.58,1082.1,1089.24,1076.02,1085.25,2.33,0.0021,1496660,1044956
NHPMI.NH,20250228,1085.25,1092.04,1095.53,1083.77,1092.58,-7.33,-0.0067,1576543,1070749
NHPMI.NH,20250227,1092.58,1097.74,1100.23,1089.6,1095.16,-2.58,-0.0024,1380190,1100367
NHPMI.NH,20250226,1095.16,1101.93,1107.45,1088.38,1107.34,-12.18,-0.011,1841756,1100724
NHPMI.NH,20250225,1107.34,1112.74,1115.45,1104.1,1111.53,-4.19,-0.0038,1410690,1140752
NHPMI.NH,20250224,1111.53,1110.86,1114.07,1103.72,1110.83,0.7,0.0006,1647712,1143421
NHPMI.NH,20250221,1110.83,1117.63,1119.14,1106.8,1118.72,-7.89,-0.0071,1825512,1144643
NHPMI.NH,20250220,1118.72,1116.66,1119.91,1108.91,1115.75,2.97,0.0027,1385199,1130543
NHPMI.NH,20250219,1115.75,1110.04,1119.44,1107.97,1107.88,7.87,0.0071,1414359,1113567
NHPMI.NH,20250218,1107.88,1099.85,1110.2,1097.85,1098.96,8.92,0.0081,1093313,1083479
NHPMI.NH,20250217,1098.96,1120.97,1122.29,1093.37,1122.89,-23.93,-0.0213,2540552,1077465
NHPMI.NH,20250214,1122.89,1107.98,1123.49,1103.74,1106.85,16.04,0.0145,1636585,1157253
NHPMI.NH,20250213,1106.85,1097.32,1110.08,1090.79,1100.26,6.59,0.006,1432450,1069948
NHPMI.NH,20250212,1100.26,1096.28,1103.99,1089.79,1104.94,-4.68,-0.0042,1479361,1038002
NHPMI.NH,20250211,1104.94,1107.58,1116.78,1096.76,1103.24,1.7,0.0015,1726917,1044398
NHPMI.NH,20250210,1103.24,1094.39,1104.76,1090.14,1093.79,9.45,0.0086,1767618,1031348
NHPMI.NH,20250207,1093.79,1093.56,1097.28,1084.5,1091.67,2.12,0.0019,1043713,1012373
NHPMI.NH,20250206,1091.67,1099.76,1101.24,1091.51,1097.3,-5.63,-0.0051,1003790,1018095
NHPMI.NH,20250205,1097.3,1051.91,1098.27,1051.91,1051.91,45.39,0.0432,787189,1000911
NHPMI.NH,20250127,1051.91,1059.18,1063.36,1047.31,1058.13,-6.22,-0.0059,1205307,940640
NHPMI.NH,20250124,1058.13,1047.99,1059.68,1043.06,1052.35,5.78,0.0055,1436640,971225
NHPMI.NH,20250123,1052.35,1057.38,1058.99,1051.51,1056.53,-4.18,-0.004,1157256,1005069
NHPMI.NH,20250122,1056.53,1048.79,1062.54,1047.03,1049.34,7.19,0.0069,1313399,1018477
NHPMI.NH,20250121,1049.34,1045.24,1051.64,1039.22,1048.67,0.67,0.0006,1431278,986933
NHPMI.NH,20250120,1048.67,1052.81,1053.27,1039.87,1052.89,-4.22,-0.004,1455569,980283
NHPMI.NH,20250117,1052.89,1053.62,1060.85,1051.84,1053.39,-0.5,-0.0005,1357276,1030356
NHPMI.NH,20250116,1053.39,1042.9,1055.16,1041.1,1041.36,12.03,0.0116,1639440,1035283
NHPMI.NH,20250115,1041.36,1033.3,1042.08,1031.62,1033.81,7.55,0.0073,1196136,1018920
NHPMI.NH,20250114,1033.81,1038.1,1039.62,1032.5,1048.46,-14.65,-0.014,1428833,1033553
NHPMI.NH,20250113,1048.46,1048.77,1054.48,1037.84,1048.53,-0.07,-0.0001,1857162,1019217
NHPMI.NH,20250110,1048.53,1046.28,1048.61,1041.11,1041.92,6.61,0.0063,1009875,1023006
NHPMI.NH,20250109,1041.92,1037.1,1041.99,1033.81,1037.43,4.49,0.0043,1244842,1007590
NHPMI.NH,20250108,1037.43,1038.31,1039.84,1032.57,1033.95,3.48,0.0034,1130707,1000571
NHPMI.NH,20250107,1033.95,1037.45,1037.89,1022.53,1027.49,6.46,0.0063,1572634,1008105
NHPMI.NH,20250106,1027.49,1034.66,1037.03,1026.37,1031.86,-4.37,-0.0042,1212936,1004671
NHPMI.NH,20250103,1031.86,1029.39,1034.57,1025.33,1025.24,6.62,0.0065,1017324,1012387
NHPMI.NH,20250102,1025.24,1012.77,1027.35,1012.77,1012.77,12.47,0.0123,603112,1007919
NHPMI.NH,20241231,1012.77,1019.36,1019.89,1009.29,1017.61,-4.84,-0.0048,1123729,1027242
NHPMI.NH,20241230,1017.61,1018.95,1020.13,1013.25,1022.34,-4.73,-0.0046,1171256,1035236
NHPMI.NH,20241227,1022.34,1022.02,1025.14,1019.94,1020.9,1.44,0.0014,908845,1052586
NHPMI.NH,20241226,1020.9,1020.8,1025.2,1017.15,1020.11,0.79,0.0008,650046,1069631
NHPMI.NH,20241225,1020.11,1015.87,1023.0,1015.28,1018.59,1.52,0.0015,783530,1066011
NHPMI.NH,20241224,1018.59,1017.32,1019.75,1013.65,1021.3,-2.71,-0.0027,912445,1089948
NHPMI.NH,20241223,1021.3,1005.05,1022.05,1004.72,1007.72,13.58,0.0135,1489406,1107630
NHPMI.NH,20241220,1007.72,1007.68,1008.8,999.19,1010.54,-2.82,-0.0028,1523895,1136928
NHPMI.NH,20241219,1010.54,1025.33,1027.32,1006.08,1025.84,-15.3,-0.0149,1593547,1131714
NHPMI.NH,20241218,1025.84,1023.94,1029.46,1020.42,1027.32,-1.48,-0.0014,1088562,1096036
NHPMI.NH,20241217,1027.32,1031.07,1033.69,1026.42,1028.9,-1.58,-0.0015,957096,1099329
NHPMI.NH,20241216,1028.9,1033.51,1034.72,1025.71,1037.9,-9.0,-0.0087,1329964,1123852
NHPMI.NH,20241213,1037.9,1048.37,1051.46,1035.04,1055.13,-17.23,-0.0163,1915898,1143969
NHPMI.NH,20241212,1055.13,1046.73,1055.67,1043.52,1045.55,9.58,0.0092,1449936,1168908
NHPMI.NH,20241211,1045.55,1044.0,1051.09,1039.91,1040.37,5.18,0.005,1389685,1135036
NHPMI.NH,20241210,1040.37,1039.42,1047.35,1037.53,1031.3,9.07,0.0088,1652175,1111442
NHPMI.NH,20241209,1031.3,1028.13,1035.55,1021.18,1029.54,1.76,0.0017,2077279,1067165
NHPMI.NH,20241206,1029.54,1034.65,1035.81,1019.96,1032.49,-2.95,-0.0029,1654459,1096685
NHPMI.NH,20241205,1032.49,1025.17,1037.89,1023.11,1031.37,1.12,0.0011,1693664,1105002
NHPMI.NH,20241204,1031.37,1029.49,1035.21,1028.07,1031.96,-0.59,-0.0006,1423842,1097926
NHPMI.NH,20241203,1031.96,1020.66,1033.68,1018.72,1014.95,17.01,0.0168,1466513,1108630
NHPMI.NH,20241202,1014.95,1026.24,1028.32,1013.15,1025.8,-10.85,-0.0106,1669327,1084306
NHPMI.NH,20241129,1025.8,1015.22,1026.94,1011.73,1011.46,14.34,0.0142,1662874,1105960
NHPMI.NH,20241128,1011.46,1020.5,1024.07,1003.43,1022.2,-10.74,-0.0105,2322142,1118081
NHPMI.NH,20241127,1022.2,1017.53,1022.3,1010.79,1012.77,9.43,0.0093,1801114,1096648
NHPMI.NH,20241126,1012.77,1027.27,1029.71,1008.52,1024.01,-11.24,-0.011,2058546,1107655
NHPMI.NH,20241125,1024.01,1045.14,1046.14,1020.31,1040.49,-16.48,-0.0158,2629001,1134196
NHPMI.NH,20241122,1040.49,1032.61,1040.67,1028.11,1034.34,6.15,0.0059,2169961,1148139
NHPMI.NH,20241121,1034.34,1024.23,1034.35,1023.85,1022.93,11.41,0.0112,1705638,1156213
NHPMI.NH,20241120,1022.93,1029.87,1030.64,1020.7,1025.22,-2.29,-0.0022,1644377,1148268
NHPMI.NH,20241119,1025.22,1012.44,1026.33,1011.39,1009.11,16.11,0.016,1575044,1163774
NHPMI.NH,20241118,1009.11,1001.74,1010.93,995.2,996.55,12.56,0.0126,1977854,1167518
NHPMI.NH,20241115,996.55,992.14,1002.44,990.9,991.77,4.78,0.0048,1664865,1155473
NHPMI.NH,20241114,991.77,1013.9,1018.44,989.43,1013.82,-22.05,-0.0217,2118922,1169575
NHPMI.NH,20241113,1013.82,1009.85,1017.64,1009.06,1009.98,3.84,0.0038,1350963,1160086
NHPMI.NH,20241112,1009.98,1026.84,1026.84,1007.21,1031.64,-21.66,-0.021,1738217,1165394
NHPMI.NH,20241111,1031.64,1031.77,1042.82,1027.44,1029.12,2.52,0.0024,1655030,1179106
NHPMI.NH,20241108,1029.12,1024.93,1037.41,1024.93,1021.64,7.48,0.0073,1601192,1183096
NHPMI.NH,20241107,1021.64,1037.0,1037.0,1019.25,1038.81,-17.17,-0.0165,2121847,1198983
NHPMI.NH,20241106,1038.81,1050.79,1060.0,1035.06,1050.7,-11.89,-0.0113,2055688,1204265
NHPMI.NH,20241105,1050.7,1052.38,1053.46,1043.63,1051.77,-1.07,-0.001,1271449,1170159
NHPMI.NH,20241104,1051.77,1056.49,1062.39,1046.24,1053.96,-2.19,-0.0021,1752717,1166151
NHPMI.NH,20241101,1053.96,1065.22,1065.22,1047.74,1069.54,-15.58,-0.0146,1951644,1188599
NHPMI.NH,20241031,1069.54,1077.58,1080.06,1066.17,1081.34,-11.8,-0.0109,1894932,1213290
NHPMI.NH,20241030,1081.34,1072.34,1082.67,1071.1,1072.29,9.05,0.0084,1747543,1231857
NHPMI.NH,20241029,1072.29,1061.1,1074.4,1059.88,1063.55,8.74,0.0082,1723760,1231421
NHPMI.NH,20241028,1063.55,1057.01,1064.99,1053.34,1057.9,5.65,0.0053,2061744,1185951
NHPMI.NH,20241025,1057.9,1062.61,1066.51,1052.87,1062.3,-4.4,-0.0041,2125956,1165628
NHPMI.NH,20241024,1062.3,1069.66,1069.66,1048.76,1073.98,-11.68,-0.0109,2550191,1177629
NHPMI.NH,20241023,1073.98,1073.59,1077.28,1068.19,1069.55,4.43,0.0041,2248833,1224638
NHPMI.NH,20241022,1069.55,1072.19,1075.36,1057.24,1069.35,0.2,0.0002,2293306,1235446
NHPMI.NH,20241021,1069.35,1043.25,1070.52,1040.03,1039.27,30.08,0.0289,2929822,1240502
NHPMI.NH,20241018,1039.27,1031.62,1048.22,1028.42,1030.13,9.14,0.0089,2494312,1152392
NHPMI.NH,20241017,1030.13,1033.59,1039.86,1027.47,1031.67,-1.54,-0.0015,2193413,1134335
NHPMI.NH,20241016,1031.67,1011.86,1032.01,1011.86,1013.96,17.71,0.0175,1774507,1128098
NHPMI.NH,20241015,1013.96,1011.93,1016.91,1007.73,1017.37,-3.41,-0.0034,1515542,1087624
NHPMI.NH,20241014,1017.37,1007.0,1019.39,1005.19,1006.27,11.1,0.011,1560812,1057133
NHPMI.NH,20241011,1006.27,994.55,1009.66,992.74,991.23,15.04,0.0152,1614761,1046116
NHPMI.NH,20241010,991.23,989.46,993.4,983.76,987.44,3.79,0.0038,1622021,1046371
NHPMI.NH,20241009,987.44,1006.51,1009.42,984.43,1004.34,-16.9,-0.0168,1973735,1068523
NHPMI.NH,20241008,1004.34,1011.05,1018.45,1003.89,1011.05,-6.71,-0.0066,1114437,1077684
NHPMI.NH,20240930,1011.05,1020.0,1022.23,1004.63,1017.5,-6.45,-0.0063,2260875,1072298
NHPMI.NH,20240927,1017.5,1021.98,1024.73,1011.68,1017.58,-0.08,-0.0001,2240415,1123043
NHPMI.NH,20240926,1017.58,1014.01,1021.65,1012.04,1012.36,5.22,0.0052,1851132,1136781
NHPMI.NH,20240925,1012.36,995.6,1022.73,995.14,995.64,16.72,0.0168,2804211,1152364
NHPMI.NH,20240924,995.64,992.32,1003.2,989.74,993.3,2.34,0.0024,2050383,1140886
NHPMI.NH,20240923,993.3,996.51,997.35,986.85,992.08,1.22,0.0012,2117720,1161798
NHPMI.NH,20240920,992.08,982.96,993.25,980.0,981.8,10.28,0.0105,1786349,1168619
NHPMI.NH,20240919,981.8,982.12,989.0,967.72,981.0,0.8,0.0008,2205138,1139643
NHPMI.NH,20240918,981.0,980.36,987.09,978.47,980.36,0.64,0.0007,706133,1134960
NHPMI.NH,20240913,980.36,964.07,981.78,960.53,957.79,22.57,0.0236,2172397,1145271
NHPMI.NH,20240912,957.79,952.82,959.25,948.21,959.75,-1.96,-0.002,1894987,1142942
NHPMI.NH,20240911,959.75,952.93,959.92,943.27,950.44,9.31,0.0098,1786957,1163027
NHPMI.NH,20240910,950.44,946.45,950.8,942.03,942.21,8.23,0.0087,1528988,1162276
NHPMI.NH,20240909,942.21,962.11,962.27,935.85,960.82,-18.61,-0.0194,2823772,1151422
NHPMI.NH,20240906,960.82,958.3,962.37,954.68,951.54,9.28,0.0098,1622879,1128502
NHPMI.NH,20240905,951.54,949.17,953.72,947.39,945.58,5.96,0.0063,1452702,1148473
NHPMI.NH,20240904,945.58,956.94,958.24,945.05,957.92,-12.34,-0.0129,1721623,1153453
NHPMI.NH,20240903,957.92,960.55,961.16,953.94,956.66,1.26,0.0013,1166387,1144716
NHPMI.NH,20240902,956.66,974.7,974.7,954.83,974.35,-17.69,-0.0182,2145768,1158238
NHPMI.NH,20240830,974.35,973.89,979.91,971.33,977.14,-2.79,-0.0029,1668837,1151252
NHPMI.NH,20240829,977.14,974.0,980.48,969.81,976.76,0.38,0.0004,1513765,1167697
NHPMI.NH,20240828,976.76,982.6,986.76,974.35,984.16,-7.4,-0.0075,1773438,1172625
NHPMI.NH,20240827,984.16,985.66,987.57,980.03,985.39,-1.23,-0.0012,1499115,1187274
NHPMI.NH,20240826,985.39,974.74,985.45,970.51,972.3,13.09,0.0135,2508192,1229439
NHPMI.NH,20240823,972.3,976.81,977.09,962.55,975.21,-2.91,-0.003,2008602,1213895
NHPMI.NH,20240822,975.21,979.14,981.82,971.08,979.55,-4.34,-0.0044,1789192,1219909
NHPMI.NH,20240821,979.55,984.37,986.61,971.7,977.13,2.42,0.0025,1951222,1225589
NHPMI.NH,20240820,977.13,968.1,978.43,966.03,971.17,5.96,0.0061,1821871,1225606
NHPMI.NH,20240819,971.17,964.7,974.25,958.72,956.65,14.52,0.0152,2406047,1203421
NHPMI.NH,20240816,956.65,949.83,960.79,944.92,951.08,5.57,0.0059,2259659,1173714
NHPMI.NH,20240815,951.08,949.86,951.73,933.62,950.5,0.58,0.0006,2219905,1190624
NHPMI.NH,20240814,950.5,951.37,954.5,943.85,951.39,-0.89,-0.0009,1739733,1168777
NHPMI.NH,20240813,951.39,951.18,959.48,947.47,949.5,1.89,0.002,1705483,1178360
NHPMI.NH,20240812,949.5,940.76,949.58,934.91,938.67,10.83,0.0115,1966507,1176446
NHPMI.NH,20240809,938.67,930.06,945.11,928.71,926.12,12.55,0.0136,2293930,1181878
NHPMI.NH,20240808,926.12,930.44,931.83,921.19,927.4,-1.28,-0.0014,1927407,1208867
NHPMI.NH,20240807,927.4,920.16,931.04,920.08,923.02,4.38,0.0047,2223624,1233445
NHPMI.NH,20240806,923.02,916.04,937.77,915.08,946.53,-23.51,-0.0248,3115425,1235198
NHPMI.NH,20240805,946.53,976.06,976.28,938.07,973.77,-27.24,-0.028,3853100,1229788
NHPMI.NH,20240802,973.77,974.49,977.25,959.15,971.86,1.91,0.002,2395913,1210722
NHPMI.NH,20240801,971.86,965.1,977.34,963.08,964.19,7.67,0.008,1806162,1217577
NHPMI.NH,20240731,964.19,948.72,968.25,947.15,951.29,12.9,0.0136,2219129,1223624
NHPMI.NH,20240730,951.29,953.06,953.68,936.43,952.33,-1.04,-0.0011,2090343,1197934
NHPMI.NH,20240729,952.33,948.48,957.17,944.24,945.3,7.03,0.0074,1793058,1204479
NHPMI.NH,20240726,945.3,938.66,950.42,934.8,942.47,2.83,0.003,2274743,1237206
NHPMI.NH,20240725,942.47,982.3,983.23,940.16,981.29,-38.82,-0.0396,3129635,1267977
NHPMI.NH,20240724,981.29,971.08,981.31,969.33,965.47,15.82,0.0164,1678741,1291791
NHPMI.NH,20240723,965.47,968.58,978.42,963.88,971.9,-6.43,-0.0066,1870164,1307548
NHPMI.NH,20240722,971.9,968.95,979.1,964.45,975.95,-4.05,-0.0042,1965439,1302967
NHPMI.NH,20240719,975.95,1003.74,1005.32,972.72,1007.52,-31.57,-0.0313,2478342,1311478
NHPMI.NH,20240718,1007.52,1013.66,1017.92,996.58,1013.06,-5.54,-0.0055,2383414,1338711
NHPMI.NH,20240717,1013.06,1004.44,1024.91,1004.11,1007.4,5.66,0.0056,2593200,1344230
NHPMI.NH,20240716,1007.4,999.99,1008.46,998.09,997.61,9.79,0.0098,1627726,1360011
NHPMI.NH,20240715,997.61,995.01,1005.19,993.9,999.23,-1.62,-0.0016,1752117,1364747
NHPMI.NH,20240712,999.23,1012.57,1013.44,998.2,1001.15,-1.92,-0.0019,2624702,1376964
NHPMI.NH,20240711,1001.15,999.34,1003.19,993.54,996.31,4.84,0.0049,1700210,1396663
NHPMI.NH,20240710,996.31,993.63,998.11,986.45,995.46,0.85,0.0009,1995655,1389015
NHPMI.NH,20240709,995.46,995.75,999.87,984.84,995.89,-0.43,-0.0004,1768790,1389686
NHPMI.NH,20240708,995.89,995.56,1008.68,994.64,992.52,3.37,0.0034,2805823,1400679
NHPMI.NH,20240705,992.52,988.05,994.37,986.97,987.5,5.02,0.0051,1386153,1370311
NHPMI.NH,20240704,987.5,988.54,993.88,984.66,982.07,5.43,0.0055,1962689,1348899
NHPMI.NH,20240703,982.07,971.44,982.28,968.12,969.95,12.12,0.0125,1778011,1321712
NHPMI.NH,20240702,969.95,967.6,971.68,964.95,965.75,4.2,0.0043,1183581,1279106
NHPMI.NH,20240701,965.75,972.05,974.54,961.92,967.27,-1.52,-0.0016,1531217,1275264
NHPMI.NH,20240628,967.27,963.34,967.85,958.92,954.06,13.21,0.0138,1704585,1281665
NHPMI.NH,20240627,954.06,959.19,959.19,950.84,959.96,-5.9,-0.0061,1619035,1287346
NHPMI.NH,20240626,959.96,970.96,971.16,955.39,971.34,-11.38,-0.0117,2052286,1299134
NHPMI.NH,20240625,971.34,971.81,975.38,967.44,970.34,1.0,0.001,1426014,1368608
NHPMI.NH,20240624,970.34,988.47,991.71,967.5,989.26,-18.92,-0.0191,2386008,1389884
NHPMI.NH,20240621,989.26,983.71,998.48,982.39,985.2,4.06,0.0041,2277586,1406098
NHPMI.NH,20240620,985.2,968.0,986.86,967.79,968.35,16.85,0.0174,2009815,1387684
NHPMI.NH,20240619,968.35,960.51,970.85,959.17,964.86,3.49,0.0036,1680318,1351154
NHPMI.NH,20240618,964.86,962.19,969.4,959.73,960.57,4.29,0.0045,1717023,1327760
NHPMI.NH,20240617,960.57,965.21,970.13,959.15,959.39,1.18,0.0012,2006899,1320914
NHPMI.NH,20240614,959.39,963.99,960.61,948.6,962.47,-3.08,-0.0032,2231689,1323795
NHPMI.NH,20240613,962.47,974.57,976.29,953.02,963.02,-0.55,-0.0006,2846421,1320705
NHPMI.NH,20240612,963.02,961.89,964.95,956.98,955.45,7.57,0.0079,1516893,1301315
NHPMI.NH,20240611,955.45,966.57,966.57,953.4,1000.14,-44.69,-0.0447,1402332,1293343
NHPMI.NH,20240607,1000.14,984.51,1008.66,997.15,990.96,9.18,0.0093,3137479,1346083
NHPMI.NH,20240606,990.96,973.42,995.17,978.51,969.04,21.92,0.0226,2642108,1331683
NHPMI.NH,20240605,969.04,976.04,974.18,963.65,986.82,-17.78,-0.018,2661431,1296446
NHPMI.NH,20240604,986.82,981.65,989.54,980.29,975.59,11.23,0.0115,2375413,1318403
NHPMI.NH,20240603,975.59,1001.23,983.83,967.37,994.57,-18.98,-0.0191,4100287,1316664
NHPMI.NH,20240531,994.57,993.35,997.64,985.98,993.05,1.52,0.0015,2811548,1384577
NHPMI.NH,20240530,993.05,1002.19,1008.69,986.4,1011.64,-18.59,-0.0184,3304051,1414205
NHPMI.NH,20240529,1011.64,1000.33,1012.68,1002.15,995.25,16.39,0.0165,3992890,1437095
NHPMI.NH,20240528,995.25,988.47,1007.28,993.05,985.03,10.22,0.0104,3460756,1421751
NHPMI.NH,20240527,985.03,979.06,990.16,979.2,979.55,5.48,0.0056,2174769,1369218
NHPMI.NH,20240524,979.55,984.73,981.28,968.06,983.0,-3.45,-0.0035,3112339,1343787
NHPMI.NH,20240523,983.0,1013.89,1003.11,975.76,1016.2,-33.2,-0.0327,3862743,1363076
NHPMI.NH,20240522,1016.2,1016.96,1023.12,1011.63,1009.89,6.31,0.0062,3958729,1439489
NHPMI.NH,20240521,1009.89,1004.85,1043.96,1003.72,1015.33,-5.44,-0.0054,5258436,1425365
NHPMI.NH,20240520,1015.33,978.32,1019.01,1000.91,972.24,43.09,0.0443,2784769,1484538
NHPMI.NH,20240517,972.24,967.63,972.24,966.28,968.52,3.72,0.0038,1497648,1437135
NHPMI.NH,20240516,968.52,959.29,975.17,962.83,952.63,15.89,0.0167,2721998,1449128
NHPMI.NH,20240515,952.63,949.26,953.54,948.98,945.55,7.08,0.0075,1395422,1402074
NHPMI.NH,20240514,945.55,949.21,951.25,944.97,948.04,-2.49,-0.0026,1199866,1373833
NHPMI.NH,20240513,948.04,953.46,952.16,945.76,957.27,-9.23,-0.0096,1723303,1387872
NHPMI.NH,20240510,957.27,935.17,957.34,937.58,930.96,26.31,0.0283,2050866,1423173
NHPMI.NH,20240509,930.96,929.87,934.33,927.37,929.28,1.68,0.0018,1139215,1370247
NHPMI.NH,20240508,929.28,929.51,932.55,924.71,929.56,-0.28,-0.0003,1094082,1350300
NHPMI.NH,20240507,929.56,929.16,935.45,928.23,926.12,3.44,0.0037,1225283,1372350
NHPMI.NH,20240506,926.12,914.67,926.95,913.01,926.58,-0.46,-0.0005,683115,1347884
NHPMI.NH,20240430,926.58,932.32,935.76,923.33,932.67,-6.09,-0.0065,1308716,1318599
NHPMI.NH,20240429,932.67,939.95,938.38,928.86,940.25,-7.58,-0.0081,1635922,1354657
NHPMI.NH,20240426,940.25,935.42,941.1,929.96,931.31,8.94,0.0096,1766242,1381477
NHPMI.NH,20240425,931.31,932.72,934.64,923.08,933.09,-1.78,-0.0019,1700152,1357768
NHPMI.NH,20240424,933.09,923.88,935.89,927.0,920.68,12.41,0.0135,1913306,1372567
NHPMI.NH,20240423,920.68,935.92,938.69,918.6,944.41,-23.73,-0.0251,2632100,1361239
NHPMI.NH,20240422,944.41,963.69,969.71,942.44,967.0,-22.59,-0.0234,2667579,1415596
NHPMI.NH,20240419,967.0,966.73,980.8,959.51,965.3,1.7,0.0018,3216774,1439844
NHPMI.NH,20240418,965.3,966.1,966.46,952.71,964.94,0.36,0.0004,3043469,1461288
NHPMI.NH,20240417,964.94,962.7,970.57,959.57,963.05,1.89,0.002,3560010,1439972
NHPMI.NH,20240416,963.05,966.25,974.59,956.56,963.37,-0.32,-0.0003,4389823,1428073
NHPMI.NH,20240415,963.37,973.23,966.4,954.15,972.01,-8.64,-0.0089,7430269,1457403
NHPMI.NH,20240412,972.01,942.78,972.33,942.58,940.32,31.69,0.0337,3252445,1503306
NHPMI.NH,20240411,940.32,942.14,945.4,938.52,946.03,-5.71,-0.006,3597731,1424098
NHPMI.NH,20240410,946.03,946.26,949.74,940.15,942.36,3.67,0.0039,3233728,1432519
NHPMI.NH,20240409,942.36,935.56,950.46,936.82,937.94,4.42,0.0047,3442843,1425878
NHPMI.NH,20240408,937.94,915.42,943.97,909.17,906.66,31.28,0.0345,2026128,1408392
NHPMI.NH,20240403,906.66,889.26,907.05,888.89,887.53,19.13,0.0216,2370432,1370035
NHPMI.NH,20240402,887.53,881.26,887.6,875.72,883.19,4.34,0.0049,1516623,1341787
NHPMI.NH,20240401,883.19,878.56,885.37,878.04,879.16,4.03,0.0046,1031725,1310636
NHPMI.NH,20240329,879.16,867.07,880.47,866.03,863.26,15.9,0.0184,1553966,1302899
NHPMI.NH,20240328,863.26,859.26,863.29,858.25,857.58,5.68,0.0066,1079742,1286040
NHPMI.NH,20240327,857.58,859.8,858.66,854.44,855.58,2.0,0.0023,1103415,1279920
NHPMI.NH,20240326,855.58,857.12,858.3,854.93,854.96,0.62,0.0007,733668,1291426
NHPMI.NH,20240325,854.96,854.7,860.04,854.36,852.03,2.93,0.0034,1374354,1290028
NHPMI.NH,20240322,852.03,862.2,853.77,849.61,865.01,-12.98,-0.015,1602615,1274181
NHPMI.NH,20240321,865.01,844.03,865.34,846.55,845.92,19.09,0.0226,1417651,1337798
NHPMI.NH,20240320,845.92,844.33,847.01,843.99,844.12,1.8,0.0021,690813,1303109
NHPMI.NH,20240319,844.12,848.25,848.26,842.6,844.16,-0.04,0.0,897040,1291071
NHPMI.NH,20240318,844.16,847.5,849.82,842.43,849.15,-4.99,-0.0059,1448993,1300372
NHPMI.NH,20240315,849.15,842.63,851.56,841.45,844.27,4.88,0.0058,1134738,1310648
NHPMI.NH,20240314,844.27,838.19,849.94,842.58,835.88,8.39,0.01,1526766,1301116
NHPMI.NH,20240313,835.88,836.67,835.96,832.46,837.49,-1.61,-0.0019,925219,1274259
NHPMI.NH,20240312,837.49,838.47,840.47,836.81,839.14,-1.65,-0.002,710473,1278006
NHPMI.NH,20240311,839.14,838.34,841.16,837.3,837.46,1.68,0.002,1423991,1286046
NHPMI.NH,20240308,837.46,836.7,837.84,833.8,835.87,1.59,0.0019,977071,1286356
NHPMI.NH,20240307,835.87,830.77,838.24,831.07,828.71,7.16,0.0086,1248238,1292837
NHPMI.NH,20240306,828.71,827.74,829.45,825.63,825.71,3.0,0.0036,1421720,1283911
NHPMI.NH,20240305,825.71,812.34,826.57,822.22,812.35,13.36,0.0164,1579426,1284194
NHPMI.NH,20240304,812.35,803.52,813.61,811.41,802.36,9.99,0.0125,1154495,1245934
NHPMI.NH,20240301,802.36,795.97,803.04,800.25,798.2,4.16,0.0052,815852,1199907
NHPMI.NH,20240229,798.2,796.25,798.63,796.85,796.74,1.46,0.0018,459431,1184563
NHPMI.NH,20240228,796.74,799.24,798.82,796.12,798.08,-1.34,-0.0017,568829,1176568
NHPMI.NH,20240227,798.08,797.28,798.34,796.02,799.77,-1.69,-0.0021,597136,1175982
NHPMI.NH,20240226,799.77,797.81,801.47,799.12,795.79,3.98,0.005,697291,1163539
NHPMI.NH,20240223,795.79,799.82,799.07,794.81,799.69,-3.9,-0.0049,621904,1170181
NHPMI.NH,20240222,799.69,800.71,800.12,797.58,800.69,-1.0,-0.0012,456118,1157123
NHPMI.NH,20240221,800.69,801.89,802.12,800.33,799.67,1.02,0.0013,488088,1148461
NHPMI.NH,20240220,799.67,800.63,800.55,799.06,801.24,-1.57,-0.002,359579,1133491
NHPMI.NH,20240219,801.24,803.58,803.71,800.11,797.16,4.08,0.0051,412877,1137001
NHPMI.NH,20240208,797.16,794.35,797.68,794.48,793.38,3.78,0.0048,482094,1154580
NHPMI.NH,20240207,793.38,793.22,796.9,792.47,794.22,-0.84,-0.0011,560428,1180103
NHPMI.NH,20240206,794.22,794.75,796.24,793.64,796.73,-2.51,-0.0032,594210,1191515
NHPMI.NH,20240205,796.73,804.54,799.87,795.82,804.8,-8.07,-0.01,1024436,1199049
NHPMI.NH,20240202,804.8,798.57,805.05,801.77,801.75,3.05,0.0038,1038181,1202857
NHPMI.NH,20240201,801.75,802.73,804.55,800.48,801.72,0.03,0.0,675186,1199374
NHPMI.NH,20240131,801.72,802.1,803.31,801.1,802.32,-0.6,-0.0007,720113,1196205
NHPMI.NH,20240130,802.32,799.84,803.06,798.44,799.32,3.0,0.0038,662711,1188081
NHPMI.NH,20240129,799.32,796.7,799.73,795.67,796.97,2.35,0.0029,691421,1187631
NHPMI.NH,20240126,796.97,793.96,797.57,793.95,793.69,3.28,0.0041,688755,1189259
NHPMI.NH,20240125,793.69,796.07,794.46,792.09,793.44,0.25,0.0003,849347,1209600
NHPMI.NH,20240124,793.44,791.13,793.75,790.69,792.16,1.28,0.0016,603898,1250869
NHPMI.NH,20240123,792.16,791.35,792.36,788.11,788.52,3.64,0.0046,846140,1259488
NHPMI.NH,20240122,788.52,800.4,798.69,788.39,798.63,-10.11,-0.0127,1085901,1289779
NHPMI.NH,20240119,798.63,796.88,799.69,796.36,796.72,1.91,0.0024,631042,1249104
NHPMI.NH,20240118,796.72,799.8,796.95,794.07,797.71,-0.99,-0.0012,817538,1259530
NHPMI.NH,20240117,797.71,803.18,803.57,797.47,804.51,-6.8,-0.0085,946906,1257318
NHPMI.NH,20240116,804.51,805.18,806.1,803.31,805.94,-1.43,-0.0018,448610,1258253
NHPMI.NH,20240115,805.94,802.2,806.72,804.2,798.82,7.12,0.0089,1064225,1277101
NHPMI.NH,20240112,798.82,799.02,799.28,792.23,798.71,0.11,0.0001,1273046,1263378
NHPMI.NH,20240111,798.71,798.28,799.38,797.09,797.04,1.67,0.0021,641860,1251267
NHPMI.NH,20240110,797.04,800.81,800.27,796.62,799.65,-2.61,-0.0033,690277,1262101
NHPMI.NH,20240109,799.65,797.18,801.4,798.12,799.86,-0.21,-0.0003,689958,1260708
NHPMI.NH,20240108,799.86,799.86,802.52,798.2,800.7,-0.84,-0.001,1151478,1270104
NHPMI.NH,20240105,800.7,798.27,802.68,798.86,798.2,2.5,0.0031,781338,1283327
NHPMI.NH,20240104,798.2,801.08,799.19,795.87,806.25,-8.05,-0.01,1042382,1292048
NHPMI.NH,20240103,806.25,808.37,808.23,805.57,810.07,-3.82,-0.0047,768436,1263713
NHPMI.NH,20240102,810.07,804.55,810.86,803.99,805.21,4.86,0.006,391492,1265907
NHPMI.NH,20231229,805.21,809.71,809.72,801.92,811.99,-6.78,-0.0084,1030477,1268568
NHPMI.NH,20231228,811.99,812.45,816.36,811.02,812.21,-0.22,-0.0003,952756,1307696
NHPMI.NH,20231227,812.21,810.97,813.08,808.14,811.85,0.36,0.0004,709533,1332705
NHPMI.NH,20231226,811.85,809.36,812.5,808.58,809.11,2.74,0.0034,480207,1325159
NHPMI.NH,20231225,809.11,810.7,809.53,806.33,809.11,0.0,0.0,1027887,1307241
NHPMI.NH,20231222,809.11,804.79,812.06,806.01,805.39,3.72,0.0046,1072544,1317922
NHPMI.NH,20231221,805.39,801.9,805.72,802.92,803.15,2.24,0.0028,962717,1299101
NHPMI.NH,20231220,803.15,801.73,804.4,801.59,800.58,2.57,0.0032,755134,1305993
NHPMI.NH,20231219,800.58,799.87,801.89,798.4,799.73,0.85,0.0011,605134,1284168
NHPMI.NH,20231218,799.73,802.27,800.47,795.93,800.77,-1.04,-0.0013,980924,1278730
NHPMI.NH,20231215,800.77,803.99,802.57,800.19,801.68,-0.91,-0.0011,1019408,1298700
NHPMI.NH,20231214,801.68,785.65,804.51,784.45,784.41,17.27,0.022,1190065,1318342
NHPMI.NH,20231213,784.41,787.51,787.56,782.72,787.55,-3.14,-0.004,1079433,1306063
NHPMI.NH,20231212,787.55,787.73,788.21,782.77,789.09,-1.54,-0.002,856679,1298950
NHPMI.NH,20231211,789.09,799.61,789.75,786.66,800.5,-11.41,-0.0143,1603078,1289751
NHPMI.NH,20231208,800.5,798.87,800.57,794.63,797.88,2.62,0.0033,1041242,1300583
NHPMI.NH,20231207,797.88,797.58,800.33,795.65,798.41,-0.53,-0.0007,1162153,1298908
NHPMI.NH,20231206,798.41,797.58,798.97,794.61,799.97,-1.56,-0.002,1368338,1292837
NHPMI.NH,20231205,799.97,814.91,803.15,796.85,817.4,-17.43,-0.0213,1896941,1309860
NHPMI.NH,20231204,817.4,808.17,829.14,816.66,809.81,7.59,0.0094,1649522,1413173
NHPMI.NH,20231201,809.81,808.74,812.94,808.11,809.33,0.48,0.0006,1112995,1405607
NHPMI.NH,20231130,809.33,806.97,809.38,806.43,806.59,2.74,0.0034,1451236,1412456
NHPMI.NH,20231129,806.59,803.53,814.32,806.35,803.38,3.21,0.004,1845089,1425467
NHPMI.NH,20231128,803.38,801.99,805.52,800.62,800.46,2.92,0.0036,1456785,1427153
NHPMI.NH,20231127,800.46,783.65,809.15,791.29,783.49,16.97,0.0217,2487555,1427046
NHPMI.NH,20231124,783.49,782.61,783.92,782.04,783.32,0.17,0.0002,670834,1318743
NHPMI.NH,20231123,783.32,785.94,784.07,781.28,784.71,-1.39,-0.0018,1279842,1327259
NHPMI.NH,20231122,784.71,783.33,789.16,783.05,784.74,-0.03,0.0,1342555,1343200
NHPMI.NH,20231121,784.74,782.48,785.21,779.79,785.39,-0.65,-0.0008,1326337,1332394
NHPMI.NH,20231120,785.39,793.5,789.6,785.35,793.22,-7.83,-0.0099,1360193,1355587
NHPMI.NH,20231117,793.22,790.68,795.28,792.31,790.72,2.5,0.0032,1678901,1380965
NHPMI.NH,20231116,790.72,792.68,791.28,787.92,791.2,-0.48,-0.0006,1382687,1349548
NHPMI.NH,20231115,791.2,781.59,791.47,787.79,781.57,9.63,0.0123,1638226,1352151
NHPMI.NH,20231114,781.57,776.36,782.08,776.65,777.59,3.98,0.0051,1116928,1337054
NHPMI.NH,20231113,777.59,780.68,783.9,775.1,783.9,-6.31,-0.008,1530793,1354360
NHPMI.NH,20231110,783.9,779.07,786.12,783.18,778.84,5.06,0.0065,1394091,1325396
NHPMI.NH,20231109,778.84,782.24,784.12,777.87,782.96,-4.12,-0.0053,1350264,1360044
NHPMI.NH,20231108,782.96,784.25,785.71,781.14,789.18,-6.22,-0.0079,1366011,1358251
NHPMI.NH,20231107,789.18,793.6,793.58,788.67,793.72,-4.54,-0.0057,978051,1340004
NHPMI.NH,20231106,793.72,799.02,797.5,792.61,792.79,0.93,0.0012,1586609,1357365
NHPMI.NH,20231103,792.79,794.65,793.63,790.9,794.5,-1.71,-0.0022,895535,1332866
NHPMI.NH,20231102,794.5,792.31,794.85,789.66,790.4,4.1,0.0052,1072815,1335132
NHPMI.NH,20231101,790.4,796.38,798.03,789.16,797.66,-7.26,-0.0091,1346491,1336115
NHPMI.NH,20231031,797.66,800.01,800.29,796.41,797.4,0.26,0.0003,1106156,1354108
NHPMI.NH,20231030,797.4,793.32,802.64,797.05,795.83,1.57,0.002,1210925,1372113
NHPMI.NH,20231027,795.83,792.08,796.15,791.64,794.86,0.97,0.0012,1275264,1379722
NHPMI.NH,20231026,794.86,790.19,795.14,791.11,790.1,4.76,0.006,1277493,1335581
NHPMI.NH,20231025,790.1,789.22,792.07,789.9,792.74,-2.64,-0.0033,1101945,1304815
NHPMI.NH,20231024,792.74,792.84,793.55,790.93,793.71,-0.97,-0.0012,1055550,1291759
NHPMI.NH,20231023,793.71,793.92,795.47,789.68,793.9,-0.19,-0.0002,1671425,1296230
NHPMI.NH,20231020,793.9,789.55,796.35,786.97,788.67,5.23,0.0066,1424988,1284810
NHPMI.NH,20231019,788.67,789.39,788.67,785.26,786.39,2.28,0.0029,1258486,1265857
NHPMI.NH,20231018,786.39,781.59,787.44,780.98,778.49,7.9,0.0101,1181435,1261235
NHPMI.NH,20231017,778.49,778.48,780.32,776.46,777.33,1.16,0.0015,821099,1245837
NHPMI.NH,20231016,777.33,776.89,782.22,776.95,765.68,11.65,0.0152,1438748,1278804
NHPMI.NH,20231013,765.68,762.57,766.09,759.94,763.5,2.18,0.0029,943544,1291012
NHPMI.NH,20231012,763.5,759.76,763.82,758.43,757.36,6.14,0.0081,890207,1286393
NHPMI.NH,20231011,757.36,757.45,758.52,755.43,756.85,0.51,0.0007,1020155,1278906
NHPMI.NH,20231010,756.85,759.81,764.34,756.0,762.49,-5.64,-0.0074,1123085,1290131
NHPMI.NH,20231009,762.49,768.96,768.96,760.49,773.56,-11.07,-0.0143,766255,1233911
NHPMI.NH,20230928,773.56,781.35,779.62,768.67,784.46,-10.9,-0.0139,1281700,1185963
NHPMI.NH,20230927,784.46,788.91,789.34,781.33,788.07,-3.61,-0.0046,1038400,1197462
NHPMI.NH,20230926,788.07,794.36,791.62,787.91,794.58,-6.51,-0.0082,952513,1223232
NHPMI.NH,20230925,794.58,795.09,794.73,791.79,794.68,-0.1,-0.0001,879627,1253205
NHPMI.NH,20230922,794.68,786.05,794.94,789.34,790.9,3.78,0.0048,1240784,1274441
NHPMI.NH,20230921,790.9,793.83,796.44,788.33,793.01,-2.11,-0.0027,1007639,1254219
NHPMI.NH,20230920,793.01,790.35,793.49,788.86,789.0,4.01,0.0051,783356,1268807
NHPMI.NH,20230919,789.0,783.97,790.27,784.19,784.56,4.44,0.0057,792183,1265370
NHPMI.NH,20230918,784.56,791.43,793.52,782.3,791.69,-7.13,-0.009,1402494,1277903
NHPMI.NH,20230915,791.69,793.57,807.84,786.7,793.89,-2.2,-0.0028,2129756,1314258
NHPMI.NH,20230914,793.89,784.33,796.17,785.57,783.81,10.08,0.0129,1528723,1285650
NHPMI.NH,20230913,783.81,780.63,784.88,782.09,782.2,1.61,0.0021,893641,1229945
NHPMI.NH,20230912,782.2,783.02,784.11,781.22,783.06,-0.86,-0.0011,806178,1224850
NHPMI.NH,20230911,783.06,778.79,783.48,780.74,780.98,2.08,0.0027,1022949,1231852
NHPMI.NH,20230908,780.98,776.59,782.87,776.31,777.11,3.87,0.005,932929,1208175
NHPMI.NH,20230907,777.11,778.9,779.44,776.95,780.67,-3.56,-0.0046,1018035,1178651
NHPMI.NH,20230906,780.67,782.89,782.0,779.6,782.27,-1.6,-0.002,851995,1166661
NHPMI.NH,20230905,782.27,783.05,784.67,781.55,785.08,-2.81,-0.0036,705635,1172039
NHPMI.NH,20230904,785.08,788.66,787.09,782.16,785.97,-0.89,-0.0011,1263450,1166667
NHPMI.NH,20230901,785.97,784.78,786.85,783.19,785.74,0.23,0.0003,872606,1164340
NHPMI.NH,20230831,785.74,788.17,787.12,784.91,784.97,0.77,0.001,1154542,1174680
NHPMI.NH,20230830,784.97,779.56,786.1,784.07,779.78,5.19,0.0067,1249708,1189908
NHPMI.NH,20230829,779.78,777.79,781.66,777.39,777.44,2.34,0.003,862398,1214106
NHPMI.NH,20230828,777.44,777.99,778.45,776.51,776.25,1.19,0.0015,1192341,1224126
NHPMI.NH,20230825,776.25,778.0,778.99,775.48,778.83,-2.58,-0.0033,892205,1285410
NHPMI.NH,20230824,778.83,775.1,781.28,778.47,773.12,5.71,0.0074,1291590,1349042
NHPMI.NH,20230823,773.12,767.21,774.04,767.97,766.83,6.29,0.0082,1116580,1359927
NHPMI.NH,20230822,766.83,767.37,766.96,764.34,763.78,3.05,0.004,1029212,1346095
NHPMI.NH,20230821,763.78,760.62,764.76,760.1,760.55,3.23,0.0042,901713,1381849
NHPMI.NH,20230818,760.55,765.09,764.25,760.02,763.72,-3.17,-0.0042,1134868,1386467
NHPMI.NH,20230817,763.72,764.51,764.91,760.56,764.61,-0.89,-0.0012,846912,1390699
NHPMI.NH,20230816,764.61,761.42,765.1,762.88,762.34,2.27,0.003,971520,1396479
NHPMI.NH,20230815,762.34,761.48,762.76,759.48,760.86,1.48,0.0019,903471,1405227
NHPMI.NH,20230814,760.86,760.57,761.92,758.88,761.28,-0.42,-0.0006,864043,1402065
NHPMI.NH,20230811,761.28,758.01,761.63,758.88,756.56,4.72,0.0062,1127320,1401799
NHPMI.NH,20230810,756.56,757.48,757.95,755.43,759.77,-3.21,-0.0042,941220,1389011
NHPMI.NH,20230809,759.77,758.29,760.09,758.67,761.84,-2.07,-0.0027,919891,1364950
NHPMI.NH,20230808,761.84,764.26,762.96,760.9,763.89,-2.05,-0.0027,848592,1335236
NHPMI.NH,20230807,763.89,763.86,766.6,763.07,761.02,2.87,0.0038,986139,1307074
NHPMI.NH,20230804,761.02,760.86,763.85,760.44,762.53,-1.51,-0.002,1039318,1315482
NHPMI.NH,20230803,762.53,771.21,766.46,762.39,772.17,-9.64,-0.0125,1363102,1307407
NHPMI.NH,20230802,772.17,770.54,772.84,769.86,774.96,-2.79,-0.0036,1042473,1293731
NHPMI.NH,20230801,774.96,773.88,777.28,774.17,769.5,5.46,0.0071,986002,1302663
NHPMI.NH,20230731,769.5,771.8,772.02,768.86,769.66,-0.16,-0.0002,1057906,1297197
NHPMI.NH,20230728,769.66,777.92,770.79,768.82,781.02,-11.36,-0.0145,1884351,1325216
NHPMI.NH,20230727,781.02,778.54,783.06,777.84,778.43,2.59,0.0033,1458002,1381843
NHPMI.NH,20230726,778.43,773.69,778.53,775.52,774.4,4.03,0.0052,1094816,1375870
NHPMI.NH,20230725,774.4,778.67,776.33,773.88,778.12,-3.72,-0.0048,1349913,1374518
NHPMI.NH,20230724,778.12,777.95,778.51,776.23,779.12,-1.0,-0.0013,1174348,1406644
NHPMI.NH,20230721,779.12,782.67,780.63,777.59,785.42,-6.3,-0.008,1488988,1425056
NHPMI.NH,20230720,785.42,787.73,788.38,783.76,785.58,-0.16,-0.0002,1311441,1495859
NHPMI.NH,20230719,785.58,776.88,787.23,782.68,775.28,10.3,0.0133,1909078,1519369
NHPMI.NH,20230718,775.28,771.13,775.76,771.87,772.59,2.69,0.0035,1119018,1444631
NHPMI.NH,20230717,772.59,771.89,774.07,770.4,769.79,2.8,0.0036,1436511,1440613
NHPMI.NH,20230714,769.79,770.03,773.95,768.75,769.85,-0.06,-0.0001,1408086,1428175
NHPMI.NH,20230713,769.85,761.0,770.54,764.95,756.1,13.75,0.0182,1546465,1402120
NHPMI.NH,20230712,756.1,755.85,757.33,754.61,757.53,-1.43,-0.0019,730811,1291673
NHPMI.NH,20230711,757.53,751.48,758.12,754.15,754.81,2.72,0.0036,984359,1293961
NHPMI.NH,20230710,754.81,752.1,755.55,753.69,749.73,5.08,0.0068,964496,1280714
NHPMI.NH,20230707,749.73,748.61,750.59,748.31,756.04,-6.31,-0.0083,1187225,1271617
NHPMI.NH,20230706,756.04,754.14,756.66,754.14,751.9,4.14,0.0055,1162265,1271845
NHPMI.NH,20230705,751.9,752.98,754.41,751.35,752.37,-0.47,-0.0006,569631,1261607
NHPMI.NH,20230704,752.37,753.35,754.01,751.74,751.45,0.92,0.0012,748405,1256852
NHPMI.NH,20230703,751.45,747.59,753.18,750.07,747.14,4.31,0.0058,1045179,1265776
NHPMI.NH,20230630,747.14,742.66,749.16,746.12,746.64,0.5,0.0007,1094136,1256427
NHPMI.NH,20230629,746.64,745.26,747.89,745.93,746.02,0.62,0.0008,899594,1274953
NHPMI.NH,20230628,746.02,748.91,747.85,744.94,749.32,-3.3,-0.0044,999019,1290947
NHPMI.NH,20230627,749.32,749.8,750.88,748.5,747.01,2.31,0.0031,857140,1352117
NHPMI.NH,20230626,747.01,744.82,748.95,744.82,750.78,-3.77,-0.005,546859,1342616
NHPMI.NH,20230621,750.78,757.01,753.03,750.16,760.44,-9.66,-0.0127,1376290,1313081
NHPMI.NH,20230620,760.44,760.18,761.23,758.0,760.56,-0.12,-0.0002,676994,1323629
NHPMI.NH,20230619,760.56,760.76,762.06,759.24,758.52,2.04,0.0027,1062125,1340062
NHPMI.NH,20230616,758.52,750.13,760.33,756.22,750.47,8.05,0.0107,1217082,1340707
NHPMI.NH,20230615,750.47,762.79,763.21,750.16,759.88,-9.41,-0.0124,1305891,1368513
NHPMI.NH,20230614,759.88,764.54,761.1,757.67,765.82,-5.94,-0.0078,1098869,1388622
NHPMI.NH,20230613,765.82,762.54,766.87,760.32,763.76,2.06,0.0027,949901,1394366
NHPMI.NH,20230612,763.76,764.34,765.05,760.98,765.42,-1.66,-0.0022,1114563,1378982
NHPMI.NH,20230609,765.42,757.15,765.9,760.76,752.28,13.14,0.0175,1314374,1410344
NHPMI.NH,20230608,752.28,752.91,753.4,749.66,752.57,-0.29,-0.0004,1417286,1334094
NHPMI.NH,20230607,752.57,753.34,755.32,752.16,751.42,1.15,0.0015,911200,1330084
NHPMI.NH,20230606,751.42,746.67,753.15,750.84,746.92,4.5,0.006,904423,1312413
NHPMI.NH,20230605,746.92,755.14,750.34,746.82,757.0,-10.08,-0.0133,1215994,1316799
NHPMI.NH,20230602,757.0,753.34,760.07,756.72,752.28,4.72,0.0063,1233371,1344245
NHPMI.NH,20230601,752.28,750.05,753.87,750.8,749.96,2.32,0.0031,1468676,1327401
NHPMI.NH,20230531,749.96,743.11,751.65,742.6,738.28,11.68,0.0158,1554284,1324119
NHPMI.NH,20230530,738.28,741.29,741.13,736.15,741.76,-3.48,-0.0047,946998,1293277
NHPMI.NH,20230529,741.76,738.51,742.31,738.67,738.08,3.68,0.005,1389628,1316459
NHPMI.NH,20230526,738.08,735.89,738.22,733.48,740.49,-2.41,-0.0033,1544997,1314608
NHPMI.NH,20230525,740.49,747.83,742.03,737.27,745.85,-5.36,-0.0072,1818740,1388993
NHPMI.NH,20230524,745.85,742.04,749.46,745.33,745.06,0.79,0.0011,1509065,1449259
NHPMI.NH,20230523,745.06,749.68,750.38,744.41,749.39,-4.33,-0.0058,1180462,1456503
NHPMI.NH,20230522,749.39,744.28,752.19,746.93,746.84,2.55,0.0034,1607830,1465682
NHPMI.NH,20230519,746.84,744.55,748.32,742.32,746.49,0.35,0.0005,1480567,1452501
NHPMI.NH,20230518,746.49,747.07,747.93,745.33,747.13,-0.64,-0.0009,1239073,1495709
NHPMI.NH,20230517,747.13,752.42,748.46,744.76,748.39,-1.26,-0.0017,1385035,1505585
NHPMI.NH,20230516,748.39,754.13,754.77,746.56,753.07,-4.68,-0.0062,1299051,1523101
NHPMI.NH,20230515,753.07,752.2,755.17,752.04,750.35,2.72,0.0036,1449628,1509209
NHPMI.NH,20230512,750.35,767.24,757.2,748.49,766.83,-16.48,-0.0215,2196850,1508163
NHPMI.NH,20230511,766.83,777.37,772.31,766.79,772.86,-6.03,-0.0078,1605451,1567023
NHPMI.NH,20230510,772.86,769.11,773.48,769.95,769.42,3.44,0.0045,1102168,1548175
NHPMI.NH,20230509,769.42,771.24,772.16,768.31,770.44,-1.02,-0.0013,1026043,1538798
NHPMI.NH,20230508,770.44,769.67,770.71,766.95,780.16,-9.72,-0.0125,1733736,1538964
NHPMI.NH,20230505,780.16,772.96,782.36,772.96,772.63,7.53,0.0097,1523475,1570442
NHPMI.NH,20230504,772.63,754.85,777.88,754.85,754.85,17.78,0.0236,897663,1469699
NHPMI.NH,20230428,754.85,755.64,755.97,752.48,759.12,-4.27,-0.0056,1632997,1395224
NHPMI.NH,20230427,759.12,755.74,759.8,754.06,757.01,2.11,0.0028,1508741,1474928
NHPMI.NH,20230426,757.01,754.74,760.87,753.4,756.64,0.37,0.0005,1517981,1492409
NHPMI.NH,20230425,756.64,752.21,759.45,753.14,749.93,6.71,0.0089,1429545,1485906
NHPMI.NH,20230424,749.93,754.76,753.2,748.68,752.76,-2.83,-0.0038,1856389,1507510
NHPMI.NH,20230421,752.76,759.81,759.56,752.17,757.85,-5.09,-0.0067,1579041,1516078
NHPMI.NH,20230420,757.85,752.77,759.55,754.76,754.27,3.58,0.0047,1449735,1519772
NHPMI.NH,20230419,754.27,755.99,759.37,751.66,755.44,-1.17,-0.0015,1418801,1512978
NHPMI.NH,20230418,755.44,758.75,758.75,751.28,761.04,-5.6,-0.0074,1486656,1521154
NHPMI.NH,20230417,761.04,767.63,767.63,754.97,771.05,-10.01,-0.013,2254399,1533204
NHPMI.NH,20230414,771.05,772.1,774.48,768.81,763.41,7.64,0.01,1759597,1571227
NHPMI.NH,20230413,763.41,766.11,764.51,757.99,762.59,0.82,0.0011,1642480,1523753
NHPMI.NH,20230412,762.59,752.0,764.87,754.06,753.29,9.3,0.0123,1467850,1518498
NHPMI.NH,20230411,753.29,747.86,754.9,747.31,748.46,4.83,0.0065,1133876,1469322
NHPMI.NH,20230410,748.46,754.84,753.68,746.49,756.92,-8.46,-0.0112,988115,1436390
NHPMI.NH,20230407,756.92,753.58,757.22,752.74,754.24,2.68,0.0036,1275661,1452281
NHPMI.NH,20230406,754.24,736.45,755.41,736.45,736.45,17.79,0.0242,736703,1440039
NHPMI.NH,20230404,736.45,735.84,737.22,733.83,728.06,8.39,0.0115,1217215,1385432
NHPMI.NH,20230403,728.06,736.72,734.19,726.4,736.37,-8.31,-0.0113,1382027,1374831
NHPMI.NH,20230331,736.37,732.87,736.52,732.16,731.37,5.0,0.0068,1253399,1411598
NHPMI.NH,20230330,731.37,726.77,731.5,726.09,725.39,5.98,0.0082,991131,1384116
NHPMI.NH,20230329,725.39,724.89,729.88,724.91,722.01,3.38,0.0047,1045011,1341103
NHPMI.NH,20230328,722.01,720.31,725.05,720.85,725.12,-3.11,-0.0043,950707,1334116
NHPMI.NH,20230327,725.12,735.55,727.96,723.69,728.52,-3.4,-0.0047,1837634,1354597
NHPMI.NH,20230324,728.52,723.65,731.31,725.16,724.4,4.12,0.0057,1328900,1397372
NHPMI.NH,20230323,724.4,716.32,728.47,721.43,719.47,4.93,0.0069,1527208,1387311
NHPMI.NH,20230322,719.47,722.27,719.67,714.13,724.35,-4.88,-0.0067,1280763,1366059
NHPMI.NH,20230321,724.35,722.75,729.21,723.34,728.48,-4.13,-0.0057,1303832,1346062
NHPMI.NH,20230320,728.48,714.7,730.77,720.07,711.31,17.17,0.0241,1886423,1339393
NHPMI.NH,20230317,711.31,712.5,711.58,703.74,708.43,2.88,0.0041,1430926,1317188
NHPMI.NH,20230316,708.43,716.45,715.06,706.13,705.39,3.04,0.0043,1678726,1302580
NHPMI.NH,20230315,705.39,704.94,706.28,702.7,705.33,0.06,0.0001,1036849,1331112
NHPMI.NH,20230314,705.33,702.8,706.3,701.01,691.99,13.34,0.0193,1607137,1317631
NHPMI.NH,20230313,691.99,681.97,694.6,688.34,680.38,11.61,0.0171,1804185,1329165
NHPMI.NH,20230310,680.38,679.47,682.58,679.01,678.1,2.28,0.0034,1032479,1343932
NHPMI.NH,20230309,678.1,678.49,679.7,677.51,678.06,0.04,0.0001,883260,1353717
NHPMI.NH,20230308,678.06,690.1,683.9,676.62,692.5,-14.44,-0.0209,1500999,1354696
NHPMI.NH,20230307,692.5,693.97,694.14,692.07,693.81,-1.31,-0.0019,678401,1277155
NHPMI.NH,20230306,693.81,689.33,694.06,691.6,688.31,5.5,0.008,1046068,1283316
NHPMI.NH,20230303,688.31,684.28,688.61,684.77,684.01,4.3,0.0063,888037,1262755
NHPMI.NH,20230302,684.01,685.41,686.16,683.12,687.03,-3.02,-0.0044,977348,1271872
NHPMI.NH,20230301,687.03,680.76,687.91,684.49,682.19,4.84,0.0071,1041787,1263152
NHPMI.NH,20230228,682.19,681.78,683.64,681.41,681.47,0.72,0.0011,800556,1277032
NHPMI.NH,20230227,681.47,684.5,684.75,680.35,686.66,-5.19,-0.0076,1243521,1292867
NHPMI.NH,20230224,686.66,686.46,687.13,684.2,686.48,0.18,0.0003,997512,1297162
NHPMI.NH,20230223,686.48,690.86,688.78,685.55,689.06,-2.58,-0.0037,845323,1303464
NHPMI.NH,20230222,689.06,686.68,690.06,687.7,686.42,2.64,0.0038,990369,1310903
NHPMI.NH,20230221,686.42,686.81,688.02,685.9,687.06,-0.64,-0.0009,622345,1320155
NHPMI.NH,20230220,687.06,680.61,688.72,683.98,680.09,6.97,0.0102,1224438,1327818
NHPMI.NH,20230217,680.09,683.51,685.56,679.57,683.53,-3.44,-0.005,1069472,1337697
NHPMI.NH,20230216,683.53,680.75,684.9,681.11,683.36,0.17,0.0002,1016492,1317979
NHPMI.NH,20230215,683.36,684.58,687.49,682.72,686.77,-3.41,-0.005,1638073,1327654
NHPMI.NH,20230214,686.77,686.17,686.83,682.27,686.29,0.48,0.0007,825322,1316426
NHPMI.NH,20230213,686.29,686.42,687.22,684.65,683.41,2.88,0.0042,1071484,1308049
NHPMI.NH,20230210,683.41,690.29,688.46,680.94,690.35,-6.94,-0.0101,1591952,1328496
NHPMI.NH,20230209,690.35,690.96,691.1,688.26,689.03,1.32,0.0019,1018740,1311041
NHPMI.NH,20230208,689.03,689.07,692.2,687.31,689.82,-0.79,-0.0011,1247393,1306581
NHPMI.NH,20230207,689.82,691.4,691.24,688.42,692.0,-2.18,-0.0032,1113816,1290265
NHPMI.NH,20230206,692.0,707.32,694.15,690.31,707.15,-15.15,-0.0214,1958344,1252860
NHPMI.NH,20230203,707.15,722.91,712.74,705.16,718.69,-11.54,-0.0161,1834697,1209978
NHPMI.NH,20230202,718.69,710.02,721.99,706.69,710.76,7.93,0.0112,1299335,1219589
NHPMI.NH,20230201,710.76,702.94,712.43,709.46,706.59,4.17,0.0059,923921,1179239
NHPMI.NH,20230131,706.59,712.03,712.66,705.58,713.03,-6.44,-0.009,916697,1141259
NHPMI.NH,20230130,713.03,706.54,717.67,709.63,717.67,-4.64,-0.0065,507166,1123711
NHPMI.NH,20230120,717.67,706.54,718.5,710.52,705.59,12.08,0.0171,1348071,1142717
NHPMI.NH,20230119,705.59,715.32,712.43,703.24,712.39,-6.8,-0.0095,1623803,1202554
NHPMI.NH,20230118,712.39,714.02,714.56,709.38,713.1007,-0.7107,-0.001,1100102,1232439
NHPMI.NH,20230117,713.1007,712.3683,716.2252,712.623,712.3911,0.7096,0.001,901750,1251636
NHPMI.NH,20230116,712.3911,702.7659,716.3276,710.1123,704.508,7.8831,0.0112,1382668,1254829
NHPMI.NH,20230113,704.508,705.6916,706.0581,702.8154,703.3127,1.1953,0.0017,1444006,1214347
NHPMI.NH,20230112,703.3127,705.4494,704.3893,697.2776,706.716,-3.4033,-0.0048,1145386,1218846
NHPMI.NH,20230111,706.716,701.5617,707.608,701.8005,702.0316,4.6844,0.0067,939555,1234625
NHPMI.NH,20230110,702.0316,705.8469,704.5372,700.3711,706.3447,-4.3131,-0.0061,1018932,1226596
NHPMI.NH,20230109,706.3447,695.8206,708.1527,704.2566,696.2068,10.1379,0.0146,1377913,1232975
NHPMI.NH,20230106,696.2068,699.5149,697.1848,693.547,702.2218,-6.0149,-0.0086,1274186,1224380
NHPMI.NH,20230105,702.2218,711.3295,712.182,702.0714,710.7024,-8.4806,-0.0119,1382117,1251571
NHPMI.NH,20230104,710.7024,710.497,711.5419,708.0564,711.5518,-0.8495,-0.0012,1127185,1237692
NHPMI.NH,20230103,711.5518,710.2715,712.7504,705.845,710.2715,1.2804,0.0018,804233,1237299
NHPMI.NH,20221230,710.2715,705.2999,710.6719,707.1565,703.5852,6.6862,0.0095,1051561,1225696
NHPMI.NH,20221229,703.5852,706.8463,705.6739,702.0085,707.641,-4.0557,-0.0057,1165135,1247597
NHPMI.NH,20221228,707.641,708.7822,711.8481,707.4273,708.6843,-1.0434,-0.0015,1185253,1270242
NHPMI.NH,20221227,708.6843,703.6005,709.3746,703.0601,704.4408,4.2435,0.006,849069,1267073
NHPMI.NH,20221226,704.4408,703.1853,705.4889,702.5839,702.1216,2.3193,0.0033,1137998,1246760
NHPMI.NH,20221223,702.1216,707.799,702.6425,698.428,706.8143,-4.6927,-0.0066,1262279,1315260
NHPMI.NH,20221222,706.8143,709.3218,711.9547,705.9924,709.2019,-2.3877,-0.0034,1173666,1332365
NHPMI.NH,20221221,709.2019,702.9137,713.2517,707.386,696.7142,12.4877,0.0179,1623455,1337491
NHPMI.NH,20221220,696.7142,697.209,697.9682,692.4353,696.7607,-0.0465,-0.0001,1306345,1296382
NHPMI.NH,20221219,696.7607,693.8227,700.0246,695.202,693.4636,3.2971,0.0048,1616866,1293784
NHPMI.NH,20221216,693.4636,696.2186,697.2328,690.4002,699.688,-6.2244,-0.0089,1842845,1294046
NHPMI.NH,20221215,699.688,706.5439,710.4966,696.9737,709.4306,-9.7426,-0.0137,1547850,1360528
NHPMI.NH,20221214,709.4306,701.5139,710.7825,704.8637,700.2622,9.1684,0.0131,2046547,1410669
NHPMI.NH,20221213,700.2622,699.0388,700.8609,696.0151,699.0855,1.1767,0.0017,1303693,1373221
NHPMI.NH,20221212,699.0855,697.3908,702.1687,697.0154,696.5946,2.4909,0.0036,1729721,1356986
NHPMI.NH,20221209,696.5946,691.0114,698.6288,693.8426,690.221,6.3736,0.0092,1488468,1337270
NHPMI.NH,20221208,690.221,686.3256,690.733,687.5513,685.2979,4.9231,0.0072,1357509,1311324
NHPMI.NH,20221207,685.2979,690.3765,687.6908,684.1618,686.48,-1.1821,-0.0017,1249065,1305167
NHPMI.NH,20221206,686.48,695.213,689.7449,686.0973,697.7636,-11.2836,-0.0162,1701557,1300171
NHPMI.NH,20221205,697.7636,697.4362,706.8926,697.4114,700.915,-3.1514,-0.0045,2317230,1312024
NHPMI.NH,20221202,700.915,691.2313,702.4778,695.3329,691.7099,9.2051,0.0133,1681597,1359399
NHPMI.NH,20221201,691.7099,679.8544,692.3281,678.4842,680.2683,11.4416,0.0168,1720671,1313043
NHPMI.NH,20221130,680.2683,682.4472,682.0098,679.4933,681.2741,-1.0057,-0.0015,1179132,1249533
NHPMI.NH,20221129,681.2741,685.0716,682.5945,680.0289,683.0454,-1.7713,-0.0026,1559264,1265838
NHPMI.NH,20221128,683.0454,683.2612,685.5755,682.0115,683.6122,-0.5668,-0.0008,1120962,1300884
NHPMI.NH,20221125,683.6122,684.7851,685.1692,682.1095,682.9522,0.66,0.001,846011,1393501
NHPMI.NH,20221124,682.9522,676.6739,685.6399,678.7183,676.4031,6.549,0.0097,1317749,1404159
NHPMI.NH,20221123,676.4031,676.6944,676.5386,673.1323,674.7995,1.6037,0.0024,881491,1351654
NHPMI.NH,20221122,674.7995,671.8293,676.7793,671.617,673.3817,1.4177,0.0021,1055843,1346955
NHPMI.NH,20221121,673.3817,677.6677,674.6452,671.3304,678.8245,-5.4428,-0.008,1211699,1345988
NHPMI.NH,20221118,678.8245,680.6657,680.9939,676.745,681.9508,-3.1263,-0.0046,1186777,1353087
NHPMI.NH,20221117,681.9508,684.824,683.1984,679.1497,681.9953,-0.0445,-0.0001,1338760,1357088
NHPMI.NH,20221116,681.9953,682.2803,683.0389,676.9167,682.0487,-0.0534,-0.0001,1472932,1351062
NHPMI.NH,20221115,682.0487,678.6871,684.4371,680.9344,675.8725,6.1762,0.0091,1307465,1366177
NHPMI.NH,20221114,675.8725,684.0895,683.0084,674.3143,686.1332,-10.2608,-0.015,1541964,1336304
NHPMI.NH,20221111,686.1332,676.8052,689.8397,685.4647,678.5165,7.6167,0.0112,1998838,1375589
NHPMI.NH,20221110,678.5165,677.4164,680.1519,676.2031,679.6939,-1.1774,-0.0017,1537859,1361913
NHPMI.NH,20221109,679.6939,663.4934,680.7004,676.1091,662.9755,16.7185,0.0252,1884573,1366225
NHPMI.NH,20221108,662.9755,660.1346,665.1767,661.5446,659.0132,3.9623,0.006,1287949,1322510
NHPMI.NH,20221107,659.0132,654.339,659.8953,657.4042,648.7993,10.2139,0.0157,1432729,1292246
NHPMI.NH,20221104,648.7993,641.6852,650.1398,645.7211,645.9327,2.8667,0.0044,1181543,1237213
NHPMI.NH,20221103,645.9327,653.2826,655.6172,645.5189,650.6897,-4.757,-0.0073,1094400,1226184
NHPMI.NH,20221102,650.6897,652.3691,652.4697,649.199,640.4632,10.2265,0.016,1023520,1234313
NHPMI.NH,20221101,640.4632,634.0021,640.7913,634.576,634.4023,6.0609,0.0096,998470,1230707
NHPMI.NH,20221031,634.4023,635.4619,634.5932,632.4347,638.2548,-3.8525,-0.006,1034075,1195446
NHPMI.NH,20221028,638.2548,638.5866,640.7982,637.8704,637.5386,0.7162,0.0011,928200,1212037
NHPMI.NH,20221027,637.5386,636.7619,638.9338,637.3459,641.4823,-3.9436,-0.0061,876234,1213071
NHPMI.NH,20221026,641.4823,635.4286,642.0181,638.9081,639.2257,2.2566,0.0035,1126894,1228114
NHPMI.NH,20221025,639.2257,637.218,639.645,636.8005,636.2596,2.9661,0.0047,1097047,1192705
NHPMI.NH,20221024,636.2596,624.1264,637.1436,633.5563,621.9918,14.2678,0.0229,1733809,1183529
NHPMI.NH,20221021,621.9918,622.7759,626.0521,621.549,621.7595,0.2323,0.0004,895416,1128405
NHPMI.NH,20221020,621.7595,623.9119,624.1978,620.72,624.7701,-3.0106,-0.0048,767435,1160112
NHPMI.NH,20221019,624.7701,628.0166,627.0477,624.368,627.2834,-2.5133,-0.004,726121,1143260
NHPMI.NH,20221018,627.2834,629.5898,627.8319,624.5333,623.7232,3.5602,0.0057,728660,1140972
NHPMI.NH,20221017,623.7232,627.4166,625.0505,622.4436,627.8024,-4.0792,-0.0065,1113605,1149863
NHPMI.NH,20221014,627.8024,622.994,628.414,624.2076,627.6939,0.1085,0.0002,1167236,1132824
NHPMI.NH,20221013,627.6939,630.2166,629.9818,627.2609,630.8939,-3.2,-0.0051,775584,1115495
NHPMI.NH,20221012,630.8939,632.2255,634.424,627.9618,632.5748,-1.6809,-0.0027,877718,1086313
NHPMI.NH,20221011,632.5748,634.9599,633.9967,631.4799,634.2274,-1.6526,-0.0026,807290,1065126
NHPMI.NH,20221010,634.2274,636.787,637.3826,633.906,636.787,-2.5596,-0.004,549972,1026268
NHPMI.NH,20220930,636.787,631.4461,636.9643,629.688,633.3396,3.4474,0.0054,911489,979378
NHPMI.NH,20220929,633.3396,627.6037,634.8215,631.0284,623.4837,9.856,0.0158,1164389,987623
NHPMI.NH,20220928,623.4837,627.944,626.8959,622.7786,627.0062,-3.5225,-0.0056,963696,995114
NHPMI.NH,20220927,627.0062,629.7583,628.1806,622.1228,627.0695,-0.0633,-0.0001,922255,983137
NHPMI.NH,20220926,627.0695,631.5474,630.944,625.2334,640.6768,-13.6073,-0.0212,1236368,990270
NHPMI.NH,20220923,640.6768,641.1549,641.7146,637.5713,635.1182,5.5586,0.0088,854967,1063253
NHPMI.NH,20220922,635.1182,637.064,637.366,631.8549,634.1723,0.9459,0.0015,972056,1067978
NHPMI.NH,20220921,634.1723,629.5845,635.2114,628.3058,632.0713,2.101,0.0033,719726,1061476
NHPMI.NH,20220920,632.0713,629.5575,634.8273,629.6767,629.7317,2.3396,0.0037,703220,1072908
NHPMI.NH,20220919,629.7317,626.6804,632.5653,629.593,626.1121,3.6196,0.0058,870058,1070801
NHPMI.NH,20220916,626.1121,632.609,628.6014,625.1572,629.8841,-3.772,-0.006,1030932,1078183
NHPMI.NH,20220915,629.8841,635.1628,635.4184,629.3565,631.9291,-2.0451,-0.0032,714901,1096374
NHPMI.NH,20220914,631.9291,632.9438,633.6965,629.3403,638.0898,-6.1606,-0.0097,902661,1095941
NHPMI.NH,20220913,638.0898,629.4671,639.5953,629.4671,629.4671,8.6226,0.0137,443617,1105142
NHPMI.NH,20220909,629.4671,622.5344,629.5522,621.5968,624.9401,4.527,0.0072,879573,1113626
NHPMI.NH,20220908,624.9401,619.1288,625.5947,620.9455,617.8645,7.0756,0.0115,752710,1132100
NHPMI.NH,20220907,617.8645,620.7446,617.8645,613.8873,623.0748,-5.2103,-0.0084,842928,1137095
NHPMI.NH,20220906,623.0748,620.0704,623.1923,618.1512,618.6978,4.377,0.0071,494255,1134757
NHPMI.NH,20220905,618.6978,615.2655,619.461,615.1667,613.2078,5.49,0.009,847679,1151660
NHPMI.NH,20220902,613.2078,610.1955,613.8945,610.7878,611.3657,1.8421,0.003,864604,1159282
NHPMI.NH,20220901,611.3657,613.704,616.5074,609.7105,619.4101,-8.0444,-0.013,946377,1180372
NHPMI.NH,20220831,619.4101,622.6973,621.9007,619.0443,624.3938,-4.9837,-0.008,735990,1141942
NHPMI.NH,20220830,624.3938,625.6019,627.1247,624.3377,622.325,2.0688,0.0033,635849,1112115
NHPMI.NH,20220829,622.325,628.6964,626.7863,621.3261,630.577,-8.252,-0.0131,1221821,1133541
NHPMI.NH,20220826,630.577,630.2652,631.3263,628.6579,631.1149,-0.5379,-0.0009,650390,1093560
NHPMI.NH,20220825,631.1149,627.9439,631.3827,628.1497,628.452,2.6629,0.0042,714368,1153244
NHPMI.NH,20220824,628.452,622.3734,628.5686,626.1727,623.9303,4.5217,0.0072,781264,1158236
NHPMI.NH,20220823,623.9303,619.1835,626.5741,622.8697,622.1427,1.7876,0.0029,783281,1165444
NHPMI.NH,20220822,622.1427,625.9871,624.2311,621.3478,625.9763,-3.8336,-0.0061,726656,1157329
NHPMI.NH,20220819,625.9763,631.7911,627.9954,624.1339,628.3397,-2.3634,-0.0038,853084,1145233
NHPMI.NH,20220818,628.3397,634.2529,632.4633,627.9024,636.6515,-8.3118,-0.0131,860052,1149337
NHPMI.NH,20220817,636.6515,635.2113,638.5653,635.8689,639.0306,-2.3791,-0.0037,611255,1121392
NHPMI.NH,20220816,639.0306,638.3285,640.5706,637.4574,644.0514,-5.0208,-0.0078,760447,1125365
NHPMI.NH,20220815,644.0514,640.9264,648.8292,643.9133,640.6884,3.363,0.0052,913393,1146479
NHPMI.NH,20220812,640.6884,641.4047,640.7668,636.5553,639.8685,0.8199,0.0013,693822,1137107
NHPMI.NH,20220811,639.8685,643.6755,643.6275,638.4876,640.6423,-0.7738,-0.0012,728482,1136701
NHPMI.NH,20220810,640.6423,643.1312,643.501,640.0537,641.6693,-1.027,-0.0016,683114,1141688
NHPMI.NH,20220809,641.6693,637.0673,643.6628,641.1036,632.7394,8.9299,0.0141,846100,1157393
NHPMI.NH,20220808,632.7394,628.452,633.171,630.1782,639.44,-6.7006,-0.0105,928229,1137658
NHPMI.NH,20220805,639.44,636.5731,640.4829,636.6823,633.5856,5.8544,0.0092,729813,1151301
NHPMI.NH,20220804,633.5856,635.3279,636.1107,629.9754,631.9384,1.6472,0.0026,798586,1137821
NHPMI.NH,20220803,631.9384,640.6737,637.1135,627.3393,637.0472,-5.1089,-0.008,1171930,1132049
NHPMI.NH,20220802,637.0472,636.5906,641.3656,634.7862,632.7648,4.2824,0.0068,995757,1134583
NHPMI.NH,20220801,632.7648,630.091,635.237,631.2806,634.1777,-1.4129,-0.0022,1110829,1120477
NHPMI.NH,20220729,634.1777,624.1867,634.9477,626.8994,620.4405,13.7372,0.0221,1325945,1131359
NHPMI.NH,20220728,620.4405,607.5876,620.5621,608.6525,607.3054,13.1352,0.0216,1128486,1110206
NHPMI.NH,20220727,607.3054,605.8,608.9608,606.0811,607.2823,0.0231,0.0,710060,1094285
NHPMI.NH,20220726,607.2823,606.2456,608.0375,603.2249,606.7147,0.5676,0.0009,791754,1104386
NHPMI.NH,20220725,606.7147,608.1021,607.7768,603.134,607.7034,-0.9887,-0.0016,964018,1163957
NHPMI.NH,20220722,607.7034,603.1925,609.4838,605.9388,598.7945,8.9089,0.0149,975262,1170359
NHPMI.NH,20220721,598.7945,604.2154,606.8112,598.3802,603.0815,-4.287,-0.0071,912494,1193257
NHPMI.NH,20220720,603.0815,603.2651,604.9868,602.5287,602.5919,0.4896,0.0008,614811,1175739
NHPMI.NH,20220719,602.5919,604.8415,605.3531,600.0522,604.8791,-2.2872,-0.0038,774307,1179605
NHPMI.NH,20220718,604.8791,600.2945,606.159,601.1805,595.3685,9.5106,0.016,1031709,1162916
NHPMI.NH,20220715,595.3685,601.5914,600.6964,595.2476,608.6905,-13.322,-0.0219,1261017,1187131
NHPMI.NH,20220714,608.6905,605.0355,615.5285,608.4375,607.9164,0.774,0.0013,1338383,1157731
NHPMI.NH,20220713,607.9164,609.5744,611.1483,606.4895,611.2752,-3.3588,-0.0055,867893,1157944
NHPMI.NH,20220712,611.2752,613.8112,615.9948,605.4808,612.9849,-1.7096,-0.0028,1051739,1149165
NHPMI.NH,20220711,612.9849,611.3916,615.1734,611.3769,612.9696,0.0152,0.0,926071,1137950
NHPMI.NH,20220708,612.9696,613.5602,614.8024,610.9893,613.8338,-0.8641,-0.0014,818834,1130272
NHPMI.NH,20220707,613.8338,618.7075,616.7494,608.8405,618.183,-4.3492,-0.007,1332070,1110275
NHPMI.NH,20220706,618.183,632.0643,622.2292,612.8199,634.7477,-16.5648,-0.0261,1451031,1103118
NHPMI.NH,20220705,634.7477,630.8473,637.8706,633.6044,631.7202,3.0276,0.0048,650381,1069023
NHPMI.NH,20220704,631.7202,625.5172,633.1294,630.452,631.3232,0.3969,0.0006,1051619,1103524
NHPMI.NH,20220701,631.3232,644.4689,641.6659,630.9709,644.8666,-13.5434,-0.021,1243440,1105891
NHPMI.NH,20220630,644.8666,650.0274,647.2626,643.8947,645.7175,-0.8509,-0.0013,837223,1040853
NHPMI.NH,20220629,645.7175,650.6075,648.695,645.0622,650.967,-5.2496,-0.0081,798372,1030060
NHPMI.NH,20220628,650.967,653.5837,651.6894,647.8629,654.8044,-3.8373,-0.0059,792896,990634
NHPMI.NH,20220627,654.8044,644.8647,655.1364,648.2235,645.6716,9.1328,0.0141,1083217,1005645
NHPMI.NH,20220624,645.6716,655.4375,654.042,643.2785,655.9646,-10.293,-0.0157,1178796,1068877
NHPMI.NH,20220623,655.9646,660.8655,658.7281,654.1654,655.3679,0.5967,0.0009,701552,1014123
NHPMI.NH,20220622,655.3679,659.9503,660.987,654.3536,656.6946,-1.3267,-0.002,761933,1010296
NHPMI.NH,20220621,656.6946,659.4544,661.0471,656.3454,660.172,-3.4775,-0.0053,505159,987787
NHPMI.NH,20220620,660.172,667.8077,663.0397,658.026,665.2845,-5.1125,-0.0077,792598,976092
NHPMI.NH,20220617,665.2845,659.6035,666.1959,662.6277,659.5066,5.7779,0.0088,827908,972706
NHPMI.NH,20220616,659.5066,658.4849,660.9499,654.36,653.7005,5.8061,0.0089,847576,995683
NHPMI.NH,20220615,653.7005,655.7183,654.1077,650.8656,656.9313,-3.2308,-0.0049,755071,1046778
NHPMI.NH,20220614,656.9313,664.0476,659.3227,655.1181,668.6121,-11.6808,-0.0175,1019153,1037229
NHPMI.NH,20220613,668.6121,661.2165,671.6024,668.5536,660.2136,8.3985,0.0127,1080070,1003991
NHPMI.NH,20220610,660.2136,664.163,663.3142,659.5376,665.5777,-5.3642,-0.0081,686073,990637
NHPMI.NH,20220609,665.5777,667.1805,669.1573,664.8851,667.9594,-2.3817,-0.0036,509948,965653
NHPMI.NH,20220608,667.9594,664.9363,668.5237,665.8888,664.0206,3.9388,0.0059,486666,955326
NHPMI.NH,20220607,664.0206,669.3137,665.599,662.6887,668.572,-4.5513,-0.0068,556564,952787
NHPMI.NH,20220606,668.572,664.8279,669.4648,662.6947,664.8279,3.7441,0.0056,362442,944515
NHPMI.NH,20220602,664.8279,661.7739,665.6644,662.4506,658.0735,6.7545,0.0103,617036,959326
NHPMI.NH,20220601,658.0735,661.4314,661.7495,656.8262,663.3003,-5.2269,-0.0079,597844,986422
NHPMI.NH,20220531,663.3003,667.2405,664.9667,660.0656,668.4766,-5.1762,-0.0077,640002,963903
NHPMI.NH,20220530,668.4766,672.8355,671.3086,667.823,674.0809,-5.6043,-0.0083,650909,928956
NHPMI.NH,20220527,674.0809,668.1283,674.4415,670.6716,668.513,5.5679,0.0083,756588,933057
NHPMI.NH,20220526,668.513,667.227,668.5929,665.5389,667.4756,1.0374,0.0016,592900,935894
NHPMI.NH,20220525,667.4756,666.7417,669.8625,667.3572,665.1414,2.3342,0.0035,658311,948506
NHPMI.NH,20220524,665.1414,665.9212,665.343,661.5988,665.6365,-0.4951,-0.0007,569551,958636
NHPMI.NH,20220523,665.6365,664.2934,667.8592,663.9456,666.6388,-1.0023,-0.0015,734996,949462
NHPMI.NH,20220520,666.6388,666.751,667.3095,665.8444,660.6474,5.9914,0.0091,740378,946081
NHPMI.NH,20220519,660.6474,659.6076,663.0006,659.5885,658.9732,1.6742,0.0025,653671,965362
NHPMI.NH,20220518,658.9732,665.3901,663.217,658.5437,666.0811,-7.1079,-0.0107,616045,966801
NHPMI.NH,20220517,666.0811,660.6391,667.0077,663.2497,659.0498,7.0313,0.0107,749326,971076
NHPMI.NH,20220516,659.0498,656.3766,662.3639,658.1816,661.0584,-2.0086,-0.003,1057612,1010691
NHPMI.NH,20220513,661.0584,666.5805,665.7462,660.3973,670.6306,-9.5722,-0.0143,979375,1026000
NHPMI.NH,20220512,670.6306,665.7082,672.2526,668.615,667.4139,3.2167,0.0048,905803,1001453
NHPMI.NH,20220511,667.4139,674.4125,669.8452,663.2012,673.2169,-5.803,-0.0086,948429,983709
NHPMI.NH,20220510,673.2169,673.1831,675.4269,671.0563,677.5957,-4.3788,-0.0065,850299,973123
NHPMI.NH,20220509,677.5957,676.2139,679.0215,677.1931,675.6363,1.9594,0.0029,665106,969184
NHPMI.NH,20220506,675.6363,685.7503,676.7959,671.5335,681.9425,-6.3062,-0.0092,1054648,971272
NHPMI.NH,20220505,681.9425,685.1168,685.1168,679.2547,685.1168,-3.1743,-0.0046,332241,949915
NHPMI.NH,20220429,685.1168,677.5063,686.4446,678.4045,677.3251,7.7917,0.0115,721159,937630
NHPMI.NH,20220428,677.3251,679.383,678.3588,673.26,679.3415,-2.0164,-0.003,927719,962273
NHPMI.NH,20220427,679.3415,679.9805,683.3664,679.2429,681.3619,-2.0204,-0.003,717557,972671
NHPMI.NH,20220426,681.3619,678.714,683.7582,680.2303,685.3354,-3.9735,-0.0058,813705,956088
NHPMI.NH,20220425,685.3354,690.6143,690.6192,683.8012,693.8171,-8.4818,-0.0122,947033,949879
NHPMI.NH,20220422,693.8171,692.7351,695.0349,688.736,695.9897,-2.1726,-0.0031,830855,968080
NHPMI.NH,20220421,695.9897,692.6635,696.3977,693.4187,689.3276,6.6621,0.0097,559902,940284
NHPMI.NH,20220420,689.3276,700.1042,694.498,688.1342,700.4141,-11.0865,-0.0158,978997,941243
NHPMI.NH,20220419,700.4141,707.7988,705.8517,699.7216,704.3724,-3.9583,-0.0056,660993,970348
NHPMI.NH,20220418,704.3724,700.2319,708.0209,702.4646,699.9707,4.4017,0.0063,597670,975374
NHPMI.NH,20220415,699.9707,697.7119,700.6833,696.1926,699.2226,0.7482,0.0011,621739,978894
NHPMI.NH,20220414,699.2226,700.5474,701.854,698.2415,696.3248,2.8978,0.0042,678161,976293
NHPMI.NH,20220413,696.3248,696.8404,698.419,693.6206,692.7919,3.5328,0.0051,760492,956706
NHPMI.NH,20220412,692.7919,694.2108,693.8723,685.7467,685.4555,7.3364,0.0107,789891,934554
NHPMI.NH,20220411,685.4555,678.0701,686.6743,683.8398,678.9419,6.5136,0.0096,691056,909289
NHPMI.NH,20220408,678.9419,674.509,680.4253,677.8829,674.1346,4.8073,0.0071,589185,895021
NHPMI.NH,20220407,674.1346,674.7023,677.0038,672.6758,674.6818,-0.5472,-0.0008,539390,894878
NHPMI.NH,20220406,674.6818,679.5776,679.5776,670.8964,679.5776,-4.8958,-0.0072,289508,876902
NHPMI.NH,20220401,679.5776,679.098,682.8269,677.6984,676.1483,3.4293,0.0051,544209,858868
NHPMI.NH,20220331,676.1483,679.5772,682.429,673.5272,679.1893,-3.041,-0.0045,629010,872567
NHPMI.NH,20220330,679.1893,669.5097,680.9164,676.0021,683.0029,-3.8136,-0.0056,844243,877834
NHPMI.NH,20220329,683.0029,687.7217,688.299,681.4957,687.027,-4.024,-0.0059,536431,873158
NHPMI.NH,20220328,687.027,695.158,695.8551,686.1869,695.6804,-8.6535,-0.0124,815306,887405
NHPMI.NH,20220325,695.6804,690.8814,697.9971,694.0988,687.1089,8.5716,0.0125,870229,926673
NHPMI.NH,20220324,687.1089,683.626,691.6875,684.1395,680.2404,6.8685,0.0101,626362,897969
NHPMI.NH,20220323,680.2404,682.767,681.7428,678.8479,687.2815,-7.0411,-0.0102,621629,895457
NHPMI.NH,20220322,687.2815,681.2051,689.5653,681.2051,680.2113,7.0702,0.0104,681285,921801
NHPMI.NH,20220321,680.2113,682.4012,682.4012,679.1802,683.6003,-3.389,-0.005,623476,889808
NHPMI.NH,20220318,683.6003,683.8433,685.9917,682.7717,681.8107,1.7896,0.0026,661513,890592
NHPMI.NH,20220317,681.8107,673.4237,683.53,673.4237,672.7163,9.0945,0.0135,980873,878321
NHPMI.NH,20220316,672.7163,672.9755,676.5189,671.5587,674.1835,-1.4672,-0.0022,769316,864036
NHPMI.NH,20220315,674.1835,685.5788,685.5788,672.4389,688.5933,-14.4099,-0.0209,888595,859169
NHPMI.NH,20220314,688.5933,691.8712,692.3621,686.9733,694.032,-5.4387,-0.0078,1028688,865636
NHPMI.NH,20220311,694.032,698.3594,698.3594,691.8167,691.3156,2.7164,0.0039,1036829,863444
NHPMI.NH,20220310,691.3156,712.5054,712.5054,685.2138,718.8325,-27.5169,-0.0383,1604386,870478
NHPMI.NH,20220309,718.8325,705.5089,721.1283,705.5089,710.8006,8.0319,0.0113,2129815,902903
NHPMI.NH,20220308,710.8006,692.4526,712.3429,688.4207,693.1856,17.615,0.0254,1526936,914353
NHPMI.NH,20220307,693.1856,680.9206,701.9804,680.9206,679.0231,14.1625,0.0209,1494907,905776
NHPMI.NH,20220304,679.0231,679.6476,682.7471,677.1051,679.1745,-0.1514,-0.0002,969744,879004
NHPMI.NH,20220303,679.1745,676.3454,680.4844,676.3454,679.0189,0.1556,0.0002,957243,885115
NHPMI.NH,20220302,679.0189,671.8895,682.8907,671.8895,668.9965,10.0224,0.015,1259408,886214
NHPMI.NH,20220301,668.9965,667.7666,669.2379,665.6705,667.8718,1.1248,0.0017,782257,874907
NHPMI.NH,20220228,667.8718,664.0967,672.7026,664.0967,671.6968,-3.825,-0.0057,1016513,864214
NHPMI.NH,20220225,671.6968,687.8561,687.8561,668.2133,683.44,-11.7432,-0.0172,1495054,896774
NHPMI.NH,20220224,683.44,665.4923,686.6172,665.4923,666.3406,17.0994,0.0257,1081238,919417
NHPMI.NH,20220223,666.3406,665.833,668.0206,664.1243,670.36,-4.0193,-0.006,634136,873563
NHPMI.NH,20220222,670.36,662.6335,672.6234,662.6335,660.1519,10.2081,0.0155,689162,879453
NHPMI.NH,20220221,660.1519,662.652,665.2809,659.6241,662.8756,-2.7236,-0.0041,713720,862238
NHPMI.NH,20220218,662.8756,658.7739,664.3268,658.7739,655.4109,7.4647,0.0114,792217,865399
NHPMI.NH,20220217,655.4109,650.665,656.5437,650.665,650.9674,4.4435,0.0068,599535,845881
NHPMI.NH,20220216,650.9674,651.1375,651.5859,648.6582,661.9141,-10.9468,-0.0165,739882,843961
NHPMI.NH,20220215,661.9141,657.7916,663.977,657.7916,657.1635,4.7507,0.0072,815055,859949
NHPMI.NH,20220214,657.1635,644.1657,659.7062,644.1657,642.2387,14.9248,0.0232,923430,848548
NHPMI.NH,20220211,642.2387,648.7703,648.7703,641.6201,649.0112,-6.7726,-0.0104,1073738,841964
NHPMI.NH,20220210,649.0112,647.7853,649.609,647.3436,647.3129,1.6984,0.0026,527263,825610
NHPMI.NH,20220209,647.3129,642.3162,648.7252,642.3162,642.6087,4.7042,0.0073,576710,815588
NHPMI.NH,20220208,642.6087,639.0128,643.8436,639.0128,638.3021,4.3066,0.0067,539805,818033
NHPMI.NH,20220207,638.3021,637.7902,640.8767,636.9646,634.3797,3.9224,0.0062,327206,796167
NHPMI.NH,20220128,634.3797,639.8047,639.8047,634.1072,639.8047,-5.425,-0.0085,857736,810797
NHPMI.NH,20220127,639.8047,655.4204,655.4204,639.2096,653.7334,-13.9287,-0.0213,913245,855098
NHPMI.NH,20220126,653.7334,653.2203,656.2714,653.2203,654.2307,-0.4973,-0.0008,762257,878902
NHPMI.NH,20220125,654.2307,655.4197,655.4197,653.3619,656.503,-2.2723,-0.0035,779349,882023
NHPMI.NH,20220124,656.503,661.3612,661.3612,655.378,662.4819,-5.9789,-0.009,908811,904851
NHPMI.NH,20220121,662.4819,657.8991,663.4726,657.8991,657.6716,4.8102,0.0073,986967,900747
NHPMI.NH,20220120,657.6716,649.6738,658.9578,649.6738,648.3562,9.3154,0.0144,969609,895132
NHPMI.NH,20220119,648.3562,641.0884,648.8491,641.0884,640.8888,7.4674,0.0117,1100287,870436
NHPMI.NH,20220118,640.8888,641.7353,642.7758,639.5089,641.5247,-0.6359,-0.001,476694,842932
NHPMI.NH,20220117,641.5247,642.6926,642.6926,640.0879,645.2156,-3.6909,-0.0057,748681,857930
NHPMI.NH,20220114,645.2156,645.7922,645.7922,642.7903,645.0551,0.1605,0.0002,645539,867694
NHPMI.NH,20220113,645.0551,641.6304,647.3212,641.6304,641.632,3.4232,0.0053,793700,867129
NHPMI.NH,20220112,641.632,638.991,641.9876,638.991,637.2518,4.3802,0.0069,666886,878839
NHPMI.NH,20220111,637.2518,630.1788,638.8284,630.1788,630.2069,7.0449,0.0112,800480,891632
NHPMI.NH,20220110,630.2069,629.4518,632.3295,629.4518,629.0256,1.1812,0.0019,961192,933697
NHPMI.NH,20220107,629.0256,635.6018,635.6018,628.1167,635.6018,-6.5761,-0.0103,930844,924797
NHPMI.NH,20220106,635.6018,644.0728,644.0728,634.4068,642.7049,-7.1032,-0.0111,948178,897438
NHPMI.NH,20220105,642.7049,640.491,645.3783,640.491,641.3663,1.3386,0.0021,742459,873846
NHPMI.NH,20220104,641.3663,648.8994,648.8994,640.8347,650.041,-8.6748,-0.0133,449392,860964
NHPMI.NH,20211231,650.041,644.2156,650.2593,644.2156,640.8471,9.194,0.0143,817070,843921
NHPMI.NH,20211230,640.8471,643.8802,643.8802,640.3783,646.843,-5.996,-0.0093,783773,859066
NHPMI.NH,20211229,646.843,650.0792,650.0792,644.4997,649.6629,-2.8199,-0.0043,825006,848038
NHPMI.NH,20211228,649.6629,646.4986,649.8206,646.4986,646.4986,3.1643,0.0049,685053,854336
NHPMI.NH,20211227,646.4986,647.8213,649.4462,645.5776,648.4452,-1.9466,-0.003,516677,859177
NHPMI.NH,20211224,648.4452,647.2042,648.5279,647.189,647.6196,0.8256,0.0013,637173,865415
NHPMI.NH,20211223,647.6196,642.2155,648.5527,642.2155,640.5526,7.067,0.011,710052,879892
NHPMI.NH,20211222,640.5526,645.2753,645.2753,640.0308,640.3222,0.2304,0.0004,721690,877556
NHPMI.NH,20211221,640.3222,641.2515,641.9706,637.7741,642.816,-2.4938,-0.0039,705723,880841
NHPMI.NH,20211220,642.816,645.5841,645.5841,641.1496,643.9601,-1.1441,-0.0018,832422,872908
NHPMI.NH,20211217,643.9601,635.8702,644.6383,635.8702,635.8179,8.1423,0.0128,1080234,886136
NHPMI.NH,20211216,635.8179,627.5992,635.8179,627.5992,627.6519,8.166,0.013,1036337,870368
NHPMI.NH,20211215,627.6519,634.1763,634.1763,627.2526,635.4894,-7.8375,-0.0123,989266,912373
NHPMI.NH,20211214,635.4894,634.7223,636.9406,634.7223,634.0908,1.3986,0.0022,695458,894968
NHPMI.NH,20211213,634.0908,626.5737,635.5971,626.5737,625.7233,8.3675,0.0134,1044184,905452
NHPMI.NH,20211210,625.7233,629.9756,630.9497,624.8087,630.9871,-5.2637,-0.0083,1072429,959909
NHPMI.NH,20211209,630.9871,633.3612,633.8338,630.9136,635.0421,-4.055,-0.0064,727568,913476
NHPMI.NH,20211208,635.0421,635.7217,636.816,634.7383,635.2501,-0.208,-0.0003,795104,893821
NHPMI.NH,20211207,635.2501,635.4615,635.8903,632.9407,636.1436,-0.8936,-0.0014,738593,889976
NHPMI.NH,20211206,636.1436,632.3487,638.0827,632.3487,631.9295,4.2141,0.0067,1235163,876824
NHPMI.NH,20211203,631.9295,633.432,634.5133,631.1102,632.9594,-1.0299,-0.0016,946591,866412
NHPMI.NH,20211202,632.9594,638.7054,638.7054,630.7921,638.9659,-6.0065,-0.0094,1111536,879994
NHPMI.NH,20211201,638.9659,640.4209,640.4774,632.6187,640.6519,-1.6859,-0.0026,1503245,877575
NHPMI.NH,20211130,640.6519,645.9589,645.9589,638.2213,647.2257,-6.5738,-0.0102,1075230,865802
NHPMI.NH,20211129,647.2257,650.8525,650.8525,644.3334,651.0069,-3.7813,-0.0058,1397854,843052
NHPMI.NH,20211126,651.0069,648.5231,651.5573,646.9644,649.0364,1.9705,0.003,647780,848588
NHPMI.NH,20211125,649.0364,646.3017,650.1704,646.3017,648.5527,0.4837,0.0007,976415,862203
NHPMI.NH,20211124,648.5527,651.9772,651.9772,646.8027,653.9733,-5.4207,-0.0083,1242276,882093
NHPMI.NH,20211123,653.9733,669.9396,669.9396,653.4832,669.734,-15.7607,-0.0235,1394616,893152
NHPMI.NH,20211122,669.734,673.7701,673.7701,669.0986,674.7786,-5.0446,-0.0075,1058202,884232
NHPMI.NH,20211119,674.7786,678.7622,678.7622,673.6389,677.1742,-2.3956,-0.0035,947647,883429
NHPMI.NH,20211118,677.1742,680.6658,680.9942,676.1016,677.3201,-0.1459,-0.0002,789480,902584
NHPMI.NH,20211117,677.3201,681.6019,681.6019,674.7686,677.8886,-0.5685,-0.0008,1148335,897421
NHPMI.NH,20211116,677.8886,678.7186,680.0658,677.6153,676.632,1.2566,0.0019,855024,923490
NHPMI.NH,20211115,676.632,679.5312,683.9622,675.3878,681.3939,-4.7619,-0.007,1234417,929112
NHPMI.NH,20211112,681.3939,678.5382,683.7504,678.5382,678.5889,2.8051,0.0041,977156,926570
NHPMI.NH,20211111,678.5889,664.0916,680.0588,664.0916,665.2142,13.3746,0.0201,1702186,917417
NHPMI.NH,20211110,665.2142,663.7078,665.523,663.4224,664.1782,1.0361,0.0016,842157,850682
NHPMI.NH,20211109,664.1782,663.493,665.5803,663.1196,662.0694,2.1088,0.0032,690276,853521
NHPMI.NH,20211108,662.0694,652.2434,665.4172,652.2434,652.4999,9.5695,0.0147,1061236,849154
NHPMI.NH,20211105,652.4999,650.5056,653.1139,649.7191,643.2203,9.2796,0.0144,730801,811914
NHPMI.NH,20211104,643.2203,643.4104,646.5497,642.5447,644.727,-1.5067,-0.0023,920499,814091
NHPMI.NH,20211103,644.727,650.965,650.965,642.998,652.7689,-8.0419,-0.0123,820863,832227
NHPMI.NH,20211102,652.7689,650.3457,653.9705,650.3457,648.3499,4.419,0.0068,666912,812882
NHPMI.NH,20211101,648.3499,646.4223,650.6693,646.4223,649.6964,-1.3465,-0.0021,850752,825173
NHPMI.NH,20211029,649.6964,654.9923,654.9923,649.1219,655.2522,-5.5558,-0.0085,1153687,828149
NHPMI.NH,20211028,655.2522,651.8423,656.252,651.2374,650.7708,4.4814,0.0069,1038913,794375
NHPMI.NH,20211027,650.7708,656.6685,656.6685,647.8031,657.719,-6.9482,-0.0106,1195399,794029
NHPMI.NH,20211026,657.719,657.4827,660.4866,657.3705,656.5595,1.1595,0.0018,757153,796373
NHPMI.NH,20211025,656.5595,658.0369,659.0606,655.9058,658.0369,-1.4775,-0.0022,1448476,795616
NHPMI.NH,20211022,658.0369,656.5234,658.2062,653.5006,656.5234,1.5135,0.0023,937615,803135
NHPMI.NH,20211021,656.5234,659.6403,661.0176,656.1381,654.0261,2.4973,0.0038,1136969,819326
NHPMI.NH,20211020,654.0261,657.036,657.036,648.2692,654.3955,-0.3693,-0.0006,1050210,833781
NHPMI.NH,20211019,654.3955,649.2535,654.4684,649.2535,650.2907,4.1047,0.0063,763071,836311
NHPMI.NH,20211018,650.2907,650.847,653.716,648.402,658.2537,-7.963,-0.0121,936425,823667
NHPMI.NH,20211015,658.2537,660.691,660.691,657.3979,656.414,1.8397,0.0028,867551,846540
NHPMI.NH,20211014,656.414,644.3173,656.509,644.3173,645.5968,10.8172,0.0168,1216849,838318
NHPMI.NH,20211013,645.5968,642.2355,645.9531,641.8954,645.2021,0.3947,0.0006,795932,794838
NHPMI.NH,20211012,645.2021,642.3203,646.6538,641.5236,643.2056,1.9965,0.0031,601060,789996
NHPMI.NH,20211011,643.2056,652.1152,652.1152,642.609,642.683,0.5225,0.0008,916758,797099
NHPMI.NH,20211008,642.683,632.6765,645.9039,632.6765,628.4545,14.2286,0.0226,407205,791196
NHPMI.NH,20210930,628.4545,635.5346,635.5346,628.1187,637.4462,-8.9917,-0.0141,1222717,822726
NHPMI.NH,20210929,637.4462,634.3941,641.4724,634.3941,637.7964,-0.3502,-0.0005,1066943,822430
NHPMI.NH,20210928,637.7964,645.5148,645.5148,637.613,646.1169,-8.3206,-0.0129,786949,841116
NHPMI.NH,20210927,646.1169,644.1472,647.2513,642.3346,645.2191,0.8979,0.0014,1013938,827840
NHPMI.NH,20210924,645.2191,646.6133,646.9175,642.6555,647.6607,-2.4417,-0.0038,755202,824954
NHPMI.NH,20210923,647.6607,652.4999,652.4999,645.2651,652.8134,-5.1526,-0.0079,905196,830105
NHPMI.NH,20210922,652.8134,647.5317,654.7353,647.5317,647.2465,5.5669,0.0086,385174,820225
NHPMI.NH,20210917,647.2465,653.3052,653.3052,644.9188,658.6461,-11.3996,-0.0173,1207034,827483
NHPMI.NH,20210916,658.6461,663.9522,664.4013,657.2824,664.3114,-5.6653,-0.0085,834643,815643
NHPMI.NH,20210915,664.3114,664.4083,666.7381,664.1202,663.3838,0.9276,0.0014,722539,805590
NHPMI.NH,20210914,663.3838,661.8474,663.8212,661.8474,661.8474,1.5364,0.0023,718945,810646
NHPMI.NH,20210913,661.8474,666.271,666.271,660.9675,670.8312,-8.9838,-0.0134,889603,808767
NHPMI.NH,20210910,670.8312,667.6128,671.4927,666.9414,665.0775,5.7537,0.0087,744009,778852
NHPMI.NH,20210909,665.0775,670.8353,670.8353,664.5632,671.4916,-6.4141,-0.0096,840378,805726
NHPMI.NH,20210908,671.4916,676.0631,676.0631,670.9544,678.9326,-7.4409,-0.011,804369,802406
NHPMI.NH,20210907,678.9326,681.2129,683.9235,677.9546,682.8832,-3.9507,-0.0058,506933,817601
NHPMI.NH,20210906,682.8832,676.8566,683.5778,676.8566,672.3384,10.5449,0.0157,1088621,843964
NHPMI.NH,20210903,672.3384,673.4642,673.4642,669.7602,674.2291,-1.8908,-0.0028,661675,798094
NHPMI.NH,20210902,674.2291,674.8522,675.2017,673.0762,671.6212,2.6079,0.0039,732163,806589
NHPMI.NH,20210901,671.6212,671.3783,672.5146,670.0533,674.4253,-2.8041,-0.0042,856948,811914
NHPMI.NH,20210831,674.4253,673.5159,675.3655,671.6505,672.9019,1.5234,0.0023,658582,809640
NHPMI.NH,20210830,672.9019,667.9638,677.5836,667.9638,669.5405,3.3615,0.005,1363163,811847
NHPMI.NH,20210827,669.5405,662.3171,670.7956,662.3171,663.9245,5.616,0.0085,837066,806292
NHPMI.NH,20210826,663.9245,667.7586,667.7734,663.6768,667.066,-3.1415,-0.0047,709657,794494
NHPMI.NH,20210825,667.066,671.8472,671.8472,666.6933,669.2739,-2.208,-0.0033,647453,789505
NHPMI.NH,20210824,669.2739,665.3319,670.7316,665.3319,662.2902,6.9838,0.0105,770267,801961
NHPMI.NH,20210823,662.2902,663.2156,663.797,656.8004,664.1933,-1.9031,-0.0029,1114301,832591
NHPMI.NH,20210820,664.1933,662.3123,664.5748,660.9106,662.3123,1.8811,0.0028,685016,835676
NHPMI.NH,20210819,662.3123,667.059,667.059,657.7631,668.4163,-6.104,-0.0091,1076480,849641
NHPMI.NH,20210818,668.4163,667.4461,668.793,664.848,668.5118,-0.0956,-0.0001,666629,808276
NHPMI.NH,20210817,668.5118,664.0941,669.9244,664.0941,663.0805,5.4313,0.0082,624952,812652
NHPMI.NH,20210816,663.0805,658.228,667.2377,658.228,658.228,4.8525,0.0074,772900,824570
NHPMI.NH,20210813,658.228,656.02,659.1187,655.4641,657.369,0.859,0.0013,748094,853299
NHPMI.NH,20210812,657.369,652.4327,658.9807,652.4327,652.4327,4.9362,0.0076,723741,851139
NHPMI.NH,20210811,652.4327,649.1533,653.8083,648.5472,653.3228,-0.8901,-0.0014,871944,867758
NHPMI.NH,20210810,653.3228,655.5127,655.5127,650.1487,656.5178,-3.195,-0.0049,1032517,869828
NHPMI.NH,20210809,656.5178,673.0571,673.0571,651.6381,677.8697,-21.3519,-0.0315,1437476,861582
NHPMI.NH,20210806,677.8697,683.1633,683.1633,676.8909,682.715,-4.8453,-0.0071,779306,785837
NHPMI.NH,20210805,682.715,688.4016,688.4016,682.2412,686.3711,-3.6561,-0.0053,928128,765188
NHPMI.NH,20210804,686.3711,683.0536,686.8903,683.0536,681.7069,4.6642,0.0068,659352,770541
NHPMI.NH,20210803,681.7069,682.5778,684.6347,681.0673,684.0114,-2.3044,-0.0034,667507,762894
NHPMI.NH,20210802,684.0114,688.573,688.573,682.4006,690.0316,-6.0202,-0.0087,801151,755601
NHPMI.NH,20210730,690.0316,688.0607,691.0181,687.9864,686.6608,3.3707,0.0049,740349,777202
NHPMI.NH,20210729,686.6608,678.2781,686.8403,678.2781,680.6973,5.9635,0.0088,824660,791983
NHPMI.NH,20210728,680.6973,681.0144,682.2369,676.923,677.9808,2.7165,0.004,1001446,805513
NHPMI.NH,20210727,677.9808,681.9435,681.9435,676.6826,682.442,-4.4611,-0.0065,666069,784980
NHPMI.NH,20210726,682.442,680.7222,684.6298,678.108,681.7701,0.6718,0.001,811308,789261
NHPMI.NH,20210723,681.7701,681.7701,682.7968,677.534,678.3829,3.3873,0.005,812097,816145
NHPMI.NH,20210722,678.3829,675.6331,679.5353,675.6331,680.4328,-2.0499,-0.003,768552,844337
NHPMI.NH,20210721,680.4328,681.3018,681.3018,674.2131,680.9986,-0.5658,-0.0008,1062176,869686
NHPMI.NH,20210720,680.9986,680.4329,683.8135,680.4329,680.4329,0.5657,0.0008,946178,885171
NHPMI.NH,20210719,680.4329,692.3035,692.3035,680.1782,693.0926,-12.6597,-0.0183,1317933,856988
NHPMI.NH,20210716,693.0926,692.9697,697.7058,692.6246,695.1857,-2.0931,-0.003,681024,811221
NHPMI.NH,20210715,695.1857,693.2623,695.6964,691.6079,689.0752,6.1105,0.0089,890025,813033
NHPMI.NH,20210714,689.0752,688.1012,690.1968,686.5162,690.8951,-1.8199,-0.0026,783315,794448
NHPMI.NH,20210713,690.8951,685.8981,691.5278,685.8981,685.8981,4.997,0.0073,729189,802484
NHPMI.NH,20210712,685.8981,686.4641,692.0754,685.1101,685.4758,0.4224,0.0006,771443,788043
NHPMI.NH,20210709,685.4758,685.6701,688.6105,684.082,684.4378,1.038,0.0015,881425,807783
NHPMI.NH,20210708,684.4378,688.517,688.517,683.5929,689.5918,-5.154,-0.0075,845759,800828
NHPMI.NH,20210707,689.5918,692.2004,692.2004,685.7083,692.2004,-2.6086,-0.0038,1031187,786657
NHPMI.NH,20210706,692.2004,688.0618,693.3594,685.9832,687.3673,4.8331,0.007,638851,813695
NHPMI.NH,20210705,687.3673,686.0682,688.9996,685.3262,681.0033,6.364,0.0093,898648,809026
NHPMI.NH,20210702,681.0033,682.399,682.399,679.7878,681.5015,-0.4982,-0.0007,653893,800050
NHPMI.NH,20210701,681.5015,672.0468,683.0083,672.0468,671.9003,9.6011,0.0143,810813,824869
NHPMI.NH,20210630,671.9003,670.6841,673.8538,670.246,677.9687,-6.0684,-0.009,818745,840900
NHPMI.NH,20210629,677.9687,680.8303,680.8303,676.988,681.0938,-3.1251,-0.0046,549297,821735
NHPMI.NH,20210628,681.0938,682.5742,683.2886,674.3862,680.4887,0.6052,0.0009,952546,820894
NHPMI.NH,20210625,680.4887,680.2134,682.8287,677.5036,679.0343,1.4544,0.0021,751022,837357
NHPMI.NH,20210624,679.0343,681.3357,681.4896,678.1465,681.6383,-2.604,-0.0038,851293,834500
NHPMI.NH,20210623,681.6383,676.7708,682.7718,676.7708,679.8647,1.7736,0.0026,667350,839012
NHPMI.NH,20210622,679.8647,677.3651,682.1337,677.3651,678.7354,1.1293,0.0017,860230,858534
NHPMI.NH,20210621,678.7354,677.0137,679.7719,671.489,678.4773,0.2581,0.0004,1349514,870303
NHPMI.NH,20210618,678.4773,689.6895,689.6895,676.6238,689.6895,-11.2122,-0.0163,1455966,863546
NHPMI.NH,20210617,689.6895,704.101,704.101,687.9366,704.5502,-14.8607,-0.0211,1153884,864899
NHPMI.NH,20210616,704.5502,703.7178,705.4043,700.7737,704.5386,0.0117,0.0,793817,800885
NHPMI.NH,20210615,704.5386,707.7997,710.1788,700.5745,718.4763,-13.9377,-0.0194,551476,812721
NHPMI.NH,20210611,718.4763,711.8861,719.7746,711.8861,707.8494,10.6268,0.015,1078059,848332
NHPMI.NH,20210610,707.8494,711.2744,711.2744,706.3556,708.8403,-0.9909,-0.0014,888235,835645
NHPMI.NH,20210609,708.8403,709.5991,711.8673,707.6818,710.2808,-1.4404,-0.002,905786,833357
NHPMI.NH,20210608,710.2808,706.2879,717.0994,706.2879,706.087,4.1938,0.0059,845143,829698
NHPMI.NH,20210607,706.087,707.1013,708.5671,704.8884,701.0295,5.0574,0.0072,896310,836966
NHPMI.NH,20210604,701.0295,704.5449,704.5449,692.7222,713.2642,-12.2346,-0.0172,1494819,844424
NHPMI.NH,20210603,713.2642,717.5681,722.2106,712.0633,715.3074,-2.0432,-0.0029,973634,830069
NHPMI.NH,20210602,715.3074,730.8972,730.8972,714.0241,729.736,-14.4287,-0.0198,1331028,846039
NHPMI.NH,20210601,729.736,722.1641,730.2307,722.1641,722.1641,7.572,0.0105,935130,897601
NHPMI.NH,20210531,722.1641,715.0132,725.4974,715.0132,715.8425,6.3215,0.0088,1323501,819859
NHPMI.NH,20210528,715.8425,720.2442,722.1011,715.1833,720.0778,-4.2352,-0.0059,1319990,811236
NHPMI.NH,20210527,720.0778,728.2174,728.2174,717.8514,727.7499,-7.6721,-0.0105,1402654,810558
NHPMI.NH,20210526,727.7499,718.7922,731.5002,718.7922,720.1373,7.6126,0.0106,1588831,833467
NHPMI.NH,20210525,720.1373,723.0114,723.0114,715.0989,722.6901,-2.5528,-0.0035,1345428,806751
NHPMI.NH,20210524,722.6901,726.0923,726.0923,718.9332,719.8599,2.8302,0.0039,1887389,821610
NHPMI.NH,20210521,719.8599,722.6514,723.1799,719.4377,722.5414,-2.6815,-0.0037,1389180,839915
NHPMI.NH,20210520,722.5414,723.3956,726.0067,716.1622,726.8957,-4.3543,-0.006,2268394,865388
NHPMI.NH,20210519,726.8957,730.454,730.454,722.1953,729.929,-3.0333,-0.0042,1725078,919153
NHPMI.NH,20210518,729.929,715.4562,734.644,715.4562,718.7122,11.2168,0.0156,1915532,962547
NHPMI.NH,20210517,718.7122,709.4891,720.9951,709.4891,708.302,10.4102,0.0147,1357673,894430
NHPMI.NH,20210514,708.302,703.4668,708.8488,700.8655,703.9851,4.3169,0.0061,1268296,816205
NHPMI.NH,20210513,703.9851,711.4651,711.4651,701.008,709.9741,-5.989,-0.0084,1536275,808039
NHPMI.NH,20210512,709.9741,705.2848,710.0806,705.2848,707.5264,2.4476,0.0035,1163265,821564
NHPMI.NH,20210511,707.5264,712.3297,712.3297,704.4078,711.7554,-4.2289,-0.0059,1331072,828431
NHPMI.NH,20210510,711.7554,712.0347,714.3126,709.1197,706.7648,4.9905,0.0071,1484979,857695
NHPMI.NH,20210507,706.7648,697.7932,710.4443,697.7932,697.1733,9.5915,0.0138,1517069,841039
NHPMI.NH,20210506,697.1733,688.4575,698.17,686.8651,680.8591,16.3142,0.024,742953,787572
NHPMI.NH,20210430,680.8591,689.9378,689.9378,679.3036,688.5875,-7.7283,-0.0112,1208731,751833
NHPMI.NH,20210429,688.5875,684.1974,692.8516,684.1974,684.262,4.3255,0.0063,1088514,778751
NHPMI.NH,20210428,684.262,690.0682,690.0682,683.0463,688.395,-4.133,-0.006,1194392,779407
NHPMI.NH,20210427,688.395,687.006,690.6146,686.1925,685.8081,2.5869,0.0038,836597,776663
NHPMI.NH,20210426,685.8081,694.3334,694.3334,684.7998,690.4949,-4.6868,-0.0068,1281477,780554
NHPMI.NH,20210423,690.4949,692.1702,692.5388,689.6332,695.1999,-4.705,-0.0068,1073720,790030
NHPMI.NH,20210422,695.1999,690.9747,697.5523,690.9747,691.498,3.7019,0.0054,1269944,808900
NHPMI.NH,20210421,691.498,684.9247,691.8156,684.9247,685.0302,6.4678,0.0094,1213176,799229
NHPMI.NH,20210420,685.0302,687.8529,687.8529,682.6173,689.8081,-4.778,-0.0069,1046897,783970
NHPMI.NH,20210419,689.8081,694.4221,694.4221,687.2739,686.3345,3.4736,0.0051,1134131,781509
NHPMI.NH,20210416,686.3345,679.2361,688.3135,679.2361,680.1386,6.1959,0.0091,1206651,794743
NHPMI.NH,20210415,680.1386,678.7916,680.248,674.6334,679.5609,0.5778,0.0009,1113613,776234
NHPMI.NH,20210414,679.5609,674.4857,680.4786,674.4857,668.7759,10.7849,0.0161,1067066,767812
NHPMI.NH,20210413,668.7759,675.5257,675.5257,667.8843,675.8508,-7.0748,-0.0105,1133636,749807
NHPMI.NH,20210412,675.8508,677.2562,679.0554,673.6788,680.8214,-4.9706,-0.0073,1013908,749376
NHPMI.NH,20210409,680.8214,680.7369,684.7488,679.5165,678.9336,1.8878,0.0028,1028232,772989
NHPMI.NH,20210408,678.9336,675.1755,680.3068,671.9147,675.5245,3.4091,0.005,1100659,769419
NHPMI.NH,20210407,675.5245,674.1946,676.5737,673.2352,671.5407,3.9838,0.0059,916386,756100
NHPMI.NH,20210406,671.5407,671.232,677.0975,669.1099,676.7511,-5.2105,-0.0077,497186,748826
NHPMI.NH,20210402,676.7511,666.0854,676.7511,666.0854,663.5263,13.2248,0.0199,1006165,751812
NHPMI.NH,20210401,663.5263,651.3037,664.7537,651.3037,652.2001,11.3262,0.0174,1217517,782416
NHPMI.NH,20210331,652.2001,652.7103,653.6754,647.1106,660.9655,-8.7654,-0.0133,1462368,814337
NHPMI.NH,20210330,660.9655,669.314,669.314,660.3469,669.6287,-8.6631,-0.0129,1247907,787395
NHPMI.NH,20210329,669.6287,670.9139,671.236,667.7445,672.1466,-2.5179,-0.0037,1095597,763237
NHPMI.NH,20210326,672.1466,666.4362,673.1061,666.4362,671.1102,1.0364,0.0015,1662771,759550
NHPMI.NH,20210325,671.1102,672.4016,674.5302,670.3886,671.015,0.0952,0.0001,929840,775322
NHPMI.NH,20210324,671.015,676.1309,676.1309,666.7686,675.8468,-4.8319,-0.0071,1297955,759194
NHPMI.NH,20210323,675.8468,673.7165,676.8533,672.9897,673.6409,2.2059,0.0033,943170,743294
NHPMI.NH,20210322,673.6409,681.8578,681.8578,672.6888,681.9081,-8.2673,-0.0121,1292031,756681
NHPMI.NH,20210319,681.9081,684.8644,684.8644,676.1375,688.6709,-6.7628,-0.0098,1445370,743813
NHPMI.NH,20210318,688.6709,676.4984,689.0248,676.4984,678.6131,10.0578,0.0148,1285993,798318
NHPMI.NH,20210317,678.6131,677.1182,678.9082,674.6649,677.4135,1.1997,0.0018,1094622,733375
NHPMI.NH,20210316,677.4135,679.3021,681.1843,677.3308,675.2582,2.1552,0.0032,1075970,735028
NHPMI.NH,20210315,675.2582,667.684,680.6089,667.684,669.0685,6.1898,0.0093,1439514,745848
NHPMI.NH,20210312,669.0685,680.4281,680.4281,667.9271,680.0942,-11.0257,-0.0162,1353439,766371
NHPMI.NH,20210311,680.0942,671.6804,682.4475,671.6804,672.3405,7.7537,0.0115,1307159,754389
NHPMI.NH,20210310,672.3405,669.1019,677.1713,669.1019,664.7512,7.5893,0.0114,1512992,754005
NHPMI.NH,20210309,664.7512,662.7791,666.0069,659.1827,667.3503,-2.5991,-0.0039,1457318,770649
NHPMI.NH,20210308,667.3503,658.4785,672.5325,658.4785,657.1351,10.2152,0.0155,1941220,766756
NHPMI.NH,20210305,657.1351,670.0959,670.0959,654.0389,670.0959,-12.9608,-0.0193,2069138,799937
NHPMI.NH,20210304,670.0959,677.2597,677.2597,667.9218,679.7925,-9.6967,-0.0143,1770693,781038
NHPMI.NH,20210303,679.7925,678.4701,682.8663,678.3046,673.1896,6.603,0.0098,1218623,761569
NHPMI.NH,20210302,673.1896,683.0557,683.0557,667.3403,687.5793,-14.3897,-0.0209,1626124,776514
NHPMI.NH,20210301,687.5793,686.1616,689.0084,681.1845,688.5623,-0.983,-0.0014,2058351,763840
NHPMI.NH,20210226,688.5623,707.4583,707.4583,687.3749,707.4583,-18.8961,-0.0267,2127838,785929
NHPMI.NH,20210225,707.4583,709.3408,712.3525,705.4838,709.4137,-1.9554,-0.0028,1762175,823825
NHPMI.NH,20210224,709.4137,713.9915,713.9915,706.8159,715.2273,-5.8136,-0.0081,1532246,803318
NHPMI.NH,20210223,715.2273,705.4427,717.9889,705.4427,705.4208,9.8065,0.0139,1652651,830393
NHPMI.NH,20210222,705.4208,691.8356,707.9505,691.8356,691.5455,13.8753,0.0201,1733348,806486
NHPMI.NH,20210219,691.5455,696.0588,696.0588,686.8971,696.1022,-4.5567,-0.0065,1408328,775505
NHPMI.NH,20210218,696.1022,710.2167,710.2167,693.0826,710.2167,-14.1145,-0.0199,503115,748795
NHPMI.NH,20210210,710.2167,711.4226,711.4226,704.907,711.4226,-1.2059,-0.0017,1162405,728769
NHPMI.NH,20210209,711.4226,706.5368,713.5588,706.5368,703.562,7.8607,0.0112,1110942,766562
NHPMI.NH,20210208,703.562,694.659,705.3987,694.659,694.659,8.903,0.0128,1699230,789850
NHPMI.NH,20210205,694.659,700.3268,700.3268,691.6625,702.1411,-7.4821,-0.0107,1972790,846599
NHPMI.NH,20210204,702.1411,709.1198,709.1198,696.2211,708.7746,-6.6335,-0.0094,1861223,848206
NHPMI.NH,20210203,708.7746,716.2647,716.2647,706.1774,726.5861,-17.8115,-0.0245,3019384,843959
NHPMI.NH,20210202,726.5861,732.9867,733.138,723.5425,732.9867,-6.4006,-0.0087,3297202,888835
NHPMI.NH,20210201,732.9867,707.1635,733.5131,707.1635,707.1635,25.8232,0.0365,3066349,934119
NHPMI.NH,20210129,707.1635,695.723,707.7474,695.723,694.2733,12.8902,0.0186,3000000,867404
NHPMI.NH,20210128,694.2733,694.5988,697.9847,693.7854,698.1898,-3.9165,-0.0056,1580354,850772
NHPMI.NH,20210127,698.1898,700.6691,700.6691,694.9553,700.6691,-2.4794,-0.0035,1201657,833849
NHPMI.NH,20210126,700.6691,704.9751,704.9751,699.9068,700.8939,-0.2247,-0.0003,1418195,832264
NHPMI.NH,20210125,700.8939,703.6722,706.7026,700.5232,703.6722,-2.7783,-0.0039,1521415,840323
NHPMI.NH,20210122,703.6722,710.058,710.058,700.5346,710.058,-6.3858,-0.009,1434132,860262
NHPMI.NH,20210121,710.058,699.8424,711.5491,699.8424,701.7219,8.3361,0.0119,1902685,887722
NHPMI.NH,20210120,701.7219,697.7634,702.8826,697.7634,697.7174,4.0045,0.0057,1390760,862210
NHPMI.NH,20210119,697.7174,695.4652,700.8904,695.4652,695.4652,2.2522,0.0032,1103069,842863
NHPMI.NH,20210118,695.4652,697.9273,697.9273,683.9511,697.9273,-2.4621,-0.0035,2311884,836452
NHPMI.NH,20210115,697.9273,695.6895,705.3406,695.6895,694.8594,3.0679,0.0044,1763051,833768
NHPMI.NH,20210114,694.8594,700.6483,700.6483,690.9039,700.6483,-5.7889,-0.0083,1426626,847654
NHPMI.NH,20210113,700.6483,700.4852,703.0198,698.1773,700.4852,0.1632,0.0002,1577548,838435
NHPMI.NH,20210112,700.4852,692.1954,701.7193,691.451,692.1954,8.2897,0.012,2121335,829213
NHPMI.NH,20210111,692.1954,727.06,727.06,681.6693,727.06,-34.8646,-0.048,3519106,833833
NHPMI.NH,20210108,727.06,732.3523,732.3523,725.9194,734.2222,-7.1622,-0.0098,1497007,887020
NHPMI.NH,20210107,734.2222,736.7474,736.7474,727.642,739.9883,-5.7661,-0.0078,2200492,917108
NHPMI.NH,20210106,739.9883,742.548,743.984,738.3375,740.2368,-0.2485,-0.0003,1480462,935012
NHPMI.NH,20210105,740.2368,738.807,740.4513,737.1059,736.7327,3.5042,0.0048,2075156,933846
NHPMI.NH,20210104,736.7327,725.6575,737.8492,731.5531,725.6575,11.0751,0.0153,1020847,914288
NHPMI.NH,20201231,725.6575,722.4479,731.0649,722.4479,722.9642,2.6934,0.0037,1886374,910693
NHPMI.NH,20201230,722.9642,720.5767,725.4471,720.5767,720.1378,2.8264,0.0039,2114306,916288
NHPMI.NH,20201229,720.1378,722.1949,728.941,718.9384,726.1687,-6.0309,-0.0083,2397724,907161
NHPMI.NH,20201228,726.1687,718.3227,734.0729,718.3227,718.3227,7.846,0.0109,1906294,915003
NHPMI.NH,20201225,718.3227,718.3227,719.5253,714.0197,716.289,2.0337,0.0028,1389631,909531
NHPMI.NH,20201224,716.289,708.5532,717.4331,715.5685,710.6542,5.6348,0.0079,1751697,904345
NHPMI.NH,20201223,710.6542,714.7419,714.7419,707.4627,714.4647,-3.8104,-0.0053,2498951,900783
NHPMI.NH,20201222,714.4647,725.2535,726.9858,713.9396,735.8093,-21.3446,-0.029,3012718,903228
NHPMI.NH,20201221,735.8093,716.9365,742.2257,716.9365,715.967,19.8422,0.0277,2614013,943844
NHPMI.NH,20201218,715.967,715.3721,718.0199,713.6859,710.7346,5.2325,0.0074,2114046,945679
NHPMI.NH,20201217,710.7346,704.8939,711.6691,704.1459,702.2767,8.4578,0.012,2115437,957235
NHPMI.NH,20201216,702.2767,693.184,702.9838,693.184,691.9153,10.3614,0.015,1857916,959167
NHPMI.NH,20201215,691.9153,682.2061,692.0092,682.2061,684.4894,7.4259,0.0108,1731093,938358
NHPMI.NH,20201214,684.4894,683.7152,686.2906,682.8137,684.6108,-0.1214,-0.0002,1430675,914937
NHPMI.NH,20201211,684.6108,685.2699,688.0042,683.234,683.4424,1.1684,0.0017,1605343,920952
NHPMI.NH,20201210,683.4424,691.4047,691.4047,683.3948,692.7848,-9.3424,-0.0135,1788282,938301
NHPMI.NH,20201209,692.7848,698.1628,698.9707,691.7813,700.2206,-7.4358,-0.0106,1749755,947542
NHPMI.NH,20201208,700.2206,683.7644,701.7094,683.7644,687.3931,12.8275,0.0187,2258213,974976
NHPMI.NH,20201207,687.3931,690.6091,690.6091,685.6877,690.9183,-3.5251,-0.0051,1776140,953565
NHPMI.NH,20201204,690.9183,691.2111,691.2448,686.2401,688.4611,2.4572,0.0036,1783893,962419
NHPMI.NH,20201203,688.4611,683.449,689.2817,682.8399,681.6024,6.8587,0.0101,1754874,956520
NHPMI.NH,20201202,681.6024,670.8735,683.8209,670.8735,666.5507,15.0516,0.0226,2196546,941212
NHPMI.NH,20201201,666.5507,653.6574,668.1096,653.6574,655.9699,10.5808,0.0161,1815104,959285
NHPMI.NH,20201130,655.9699,677.3159,677.3159,650.3791,678.2045,-22.2346,-0.0328,2819789,958441
NHPMI.NH,20201127,678.2045,678.76,679.2262,675.7064,679.5958,-1.3913,-0.002,1060102,925683
NHPMI.NH,20201126,679.5958,679.7167,679.8648,674.8916,676.8318,2.764,0.0041,1164246,933584
NHPMI.NH,20201125,676.8318,678.5684,680.9008,675.2963,683.7604,-6.9286,-0.0101,1751196,952094
NHPMI.NH,20201124,683.7604,702.3543,702.3543,680.197,702.3543,-18.5939,-0.0265,2162496,967833
NHPMI.NH,20201123,702.3543,701.3165,704.8478,701.3165,701.3165,1.0378,0.0015,1250353,920980
NHPMI.NH,20201120,701.3165,700.1743,702.7446,698.9892,699.9628,1.3537,0.0019,1465156,937917
NHPMI.NH,20201119,699.9628,703.8091,705.7902,697.9818,705.6577,-5.6949,-0.0081,1537934,958712
NHPMI.NH,20201118,705.6577,711.6823,711.6823,704.9527,711.9035,-6.2458,-0.0088,1152503,953360
NHPMI.NH,20201117,711.9035,708.4417,714.7445,708.4417,715.512,-3.6085,-0.005,1345411,944286
NHPMI.NH,20201116,715.512,710.9706,719.8919,710.9706,709.5006,6.0114,0.0085,1526888,962305
NHPMI.NH,20201113,709.5006,706.6431,710.255,706.6431,706.6431,2.8575,0.004,1008178,966695
NHPMI.NH,20201112,706.6431,706.8631,709.0759,704.4191,709.1127,-2.4695,-0.0035,1954324,988868
NHPMI.NH,20201111,709.1127,708.2539,709.506,706.614,708.2539,0.8588,0.0012,1232960,974199
NHPMI.NH,20201110,708.2539,735.5454,735.5454,703.1884,735.5454,-27.2915,-0.0371,2878833,995369
NHPMI.NH,20201109,735.5454,734.8509,741.2381,734.7918,734.8509,0.6945,0.0009,2259512,1012546
NHPMI.NH,20201106,734.8509,721.9332,738.8859,721.9332,721.9332,12.9177,0.0179,2437037,1026426
NHPMI.NH,20201105,721.9332,719.9697,722.2214,715.2769,716.8848,5.0484,0.007,1651189,1006624
NHPMI.NH,20201104,716.8848,722.1391,724.3117,712.4857,718.5649,-1.6801,-0.0023,2264479,1007099
NHPMI.NH,20201103,718.5649,715.8993,719.8755,715.0306,713.9473,4.6176,0.0065,1537263,1011809
NHPMI.NH,20201102,713.9473,705.5497,715.1645,704.5093,701.6176,12.3298,0.0176,2232637,1018311
NHPMI.NH,20201030,701.6176,706.5412,706.5412,698.8062,706.5412,-4.9237,-0.007,2683344,1029717
NHPMI.NH,20201029,706.5412,712.3862,712.3862,704.3431,724.9064,-18.3652,-0.0253,2754886,1030761
NHPMI.NH,20201028,724.9064,722.9406,727.7418,722.0837,724.6419,0.2645,0.0004,1424692,1043737
NHPMI.NH,20201027,724.6419,717.5496,725.1678,717.5496,715.3073,9.3345,0.0131,1740154,1041023
NHPMI.NH,20201026,715.3073,722.9478,722.9478,712.7211,722.9478,-7.6404,-0.0106,1939846,1058988
NHPMI.NH,20201023,722.9478,724.6471,724.6471,720.8091,727.9607,-5.0129,-0.0069,1849929,1052691
NHPMI.NH,20201022,727.9607,732.4572,732.4572,723.5012,728.1112,-0.1505,-0.0002,2144882,1057260
NHPMI.NH,20201021,728.1112,722.2879,731.2456,722.2879,722.2879,5.8233,0.0081,1977157,1084758
NHPMI.NH,20201020,722.2879,727.6426,727.6426,718.8937,726.1027,-3.8148,-0.0053,1814194,1065345
NHPMI.NH,20201019,726.1027,721.0487,728.5321,715.7274,720.9977,5.105,0.0071,2253169,1086151
NHPMI.NH,20201016,720.9977,713.3393,725.0834,713.3393,718.931,2.0667,0.0029,2353368,1068396
NHPMI.NH,20201015,718.931,725.7755,725.7755,715.4411,720.689,-1.7581,-0.0024,2042775,1086904
NHPMI.NH,20201014,720.689,730.6017,730.6017,712.799,733.8109,-13.1219,-0.0179,2709921,1094725
NHPMI.NH,20201013,733.8109,740.5607,740.5607,730.6831,738.5205,-4.7095,-0.0064,2017756,1088011
NHPMI.NH,20201012,738.5205,725.4323,744.5058,725.4323,720.194,18.3265,0.0254,2366300,1087225
NHPMI.NH,20201009,720.194,718.2957,723.6976,717.4089,719.3157,0.8783,0.0012,674750,1035852
NHPMI.NH,20200930,719.3157,716.5972,722.7049,716.4284,716.5972,2.7185,0.0038,1975420,1026905
NHPMI.NH,20200929,716.5972,702.4204,719.5968,702.4204,702.4204,14.1768,0.0202,2361212,1050442
NHPMI.NH,20200928,702.4204,705.7622,706.6456,698.7288,709.038,-6.6177,-0.0093,2781657,1087499
NHPMI.NH,20200925,709.038,692.2632,710.0286,692.2632,692.2632,16.7748,0.0242,3883279,1091399
NHPMI.NH,20200924,692.2632,708.4977,708.4977,687.4501,708.4977,-16.2345,-0.0229,4175486,1152265
NHPMI.NH,20200923,708.4977,728.6045,728.6045,702.8666,728.6045,-20.1068,-0.0276,3790376,1101344
NHPMI.NH,20200922,728.6045,759.0508,759.0508,726.0281,764.2349,-35.6304,-0.0466,4605946,1110611
NHPMI.NH,20200921,764.2349,769.7049,769.8353,763.2402,769.7049,-5.47,-0.0071,1737513,1102561
NHPMI.NH,20200918,769.7049,764.3793,770.0161,764.3793,765.6751,4.0298,0.0053,2324814,1105481
NHPMI.NH,20200917,765.6751,774.157,774.157,763.8371,774.1115,-8.4364,-0.0109,1546843,1123055
NHPMI.NH,20200916,774.1115,777.689,777.689,769.5599,777.0532,-2.9417,-0.0038,1569599,1077199
NHPMI.NH,20200915,777.0532,771.5328,779.5342,771.5328,771.5328,5.5204,0.0072,1641698,1110898
NHPMI.NH,20200914,771.5328,772.4164,774.2834,769.7981,772.4164,-0.8836,-0.0011,1702593,1113029
NHPMI.NH,20200911,772.4164,776.4902,776.6127,768.2794,776.4902,-4.0739,-0.0052,2247561,1107055
NHPMI.NH,20200910,776.4902,768.8256,780.7236,768.8256,768.8256,7.6646,0.01,2271346,1111466
NHPMI.NH,20200909,768.8256,774.2155,774.2155,767.7193,774.2155,-5.3898,-0.007,3670072,1094825
NHPMI.NH,20200908,774.2155,771.7095,776.0018,768.5627,771.7095,2.5059,0.0032,1760217,1086610
NHPMI.NH,20200907,771.7095,771.1548,779.5664,769.6176,771.1548,0.5547,0.0007,3354226,1089927
NHPMI.NH,20200904,771.1548,773.7128,776.1776,766.1012,771.6389,-0.4841,-0.0006,4235623,1088042
NHPMI.NH,20200903,771.6389,790.9739,790.9739,769.9774,791.5512,-19.9124,-0.0252,3292941,1109128
NHPMI.NH,20200902,791.5512,803.6058,803.6058,790.5426,803.6058,-12.0546,-0.015,2480878,1090489
NHPMI.NH,20200901,803.6058,791.2551,805.6917,791.2551,791.2551,12.3507,0.0156,2386918,1115958
NHPMI.NH,20200831,791.2551,784.2307,796.4177,784.2307,783.2891,7.966,0.0102,2671236,1084087
NHPMI.NH,20200828,783.2891,780.8461,785.2888,774.2207,781.6118,1.6773,0.0021,4288153,1068354
NHPMI.NH,20200827,781.6118,765.4547,782.0497,765.4547,765.4547,16.1571,0.0211,3314042,1073923
NHPMI.NH,20200826,765.4547,767.0113,768.9797,764.2669,767.5603,-2.1056,-0.0027,2156032,1055462
NHPMI.NH,20200825,767.5603,763.3752,771.1951,763.3752,763.3752,4.1851,0.0055,2914097,1043698
NHPMI.NH,20200824,763.3752,781.4616,781.4616,760.7824,781.4616,-18.0864,-0.0231,4057145,1063534
NHPMI.NH,20200821,781.4616,781.1181,787.5512,778.0411,781.1181,0.3435,0.0004,3300753,1045375
NHPMI.NH,20200820,781.1181,802.5873,802.5873,775.2412,800.7655,-19.6474,-0.0245,5672925,1069179
NHPMI.NH,20200819,800.7655,815.5164,815.5164,799.1993,815.5164,-14.7509,-0.0181,6148532,1059180
NHPMI.NH,20200818,815.5164,793.4071,815.6914,793.4071,793.4071,22.1093,0.0279,4061792,1096726
NHPMI.NH,20200817,793.4071,783.6415,794.5996,776.6653,783.6415,9.7656,0.0125,5754217,1074909
NHPMI.NH,20200814,783.6415,775.1981,804.8195,775.1981,775.1981,8.4434,0.0109,5526490,1071500
NHPMI.NH,20200813,775.1981,776.4186,779.3999,772.2825,782.3027,-7.1046,-0.0091,4037229,1054506
NHPMI.NH,20200812,782.3027,814.3131,814.3131,782.3027,822.4411,-40.1384,-0.0488,2695318,1078919
NHPMI.NH,20200811,822.4411,838.3929,843.3486,816.483,838.3929,-15.9518,-0.019,5001368,1109891
NHPMI.NH,20200810,838.3929,845.0494,845.0494,831.5388,840.632,-2.2391,-0.0027,3980255,1107349
NHPMI.NH,20200807,840.632,837.1436,856.4571,837.1436,832.538,8.094,0.0097,4019691,1100535
NHPMI.NH,20200806,832.538,816.7952,835.5256,816.7952,814.5376,18.0004,0.0221,3690694,1084863
NHPMI.NH,20200805,814.5376,779.0548,815.7824,779.0548,779.2922,35.2454,0.0452,4232890,1108386
NHPMI.NH,20200804,779.2922,778.2073,782.2937,777.7532,778.2073,1.085,0.0014,1603639,1047131
NHPMI.NH,20200803,778.2073,780.2087,781.464,776.0727,780.0626,-1.8553,-0.0024,2774191,1028707
NHPMI.NH,20200731,780.0626,768.0789,782.256,764.4827,768.0789,11.9836,0.0156,3584791,1023615
NHPMI.NH,20200730,768.0789,779.515,781.5397,762.8659,779.515,-11.4361,-0.0147,2783438,984299
NHPMI.NH,20200729,779.515,779.1345,783.0964,775.7458,779.1345,0.3805,0.0005,3775511,974607
NHPMI.NH,20200728,779.1345,776.4313,800.9581,770.6561,776.4313,2.7032,0.0035,3580323,975956
NHPMI.NH,20200727,776.4313,747.1085,785.5064,747.1085,747.1085,29.3229,0.0392,3468335,1002546
NHPMI.NH,20200724,747.1085,741.7421,749.2779,741.7421,745.1916,1.9169,0.0026,2574259,966999
NHPMI.NH,20200723,745.1916,728.8008,746.246,728.8008,728.8008,16.3908,0.0225,3135461,977027
NHPMI.NH,20200722,728.8008,715.1202,733.8985,715.1202,704.0538,24.747,0.0351,1351932,1050460
NHPMI.NH,20200721,704.0538,692.7609,705.2451,692.7609,687.8212,16.2327,0.0236,1721840,1065048
NHPMI.NH,20200720,687.8212,684.0023,688.4381,684.0023,682.6911,5.1301,0.0075,997167,954283
NHPMI.NH,20200717,682.6911,687.2561,687.2561,679.8166,687.9329,-5.2418,-0.0076,1155005,947647
NHPMI.NH,20200716,687.9329,690.4919,691.1715,687.3878,690.4919,-2.559,-0.0037,1197192,969374
NHPMI.NH,20200715,690.4919,687.9355,691.9559,687.9355,687.9355,2.5564,0.0037,1147509,1006609
NHPMI.NH,20200714,687.9355,689.3917,689.3917,684.8351,688.9978,-1.0623,-0.0015,1608247,1008532
NHPMI.NH,20200713,688.9978,680.0142,689.4222,680.0142,680.0142,8.9836,0.0132,1329818,1038899
NHPMI.NH,20200710,680.0142,687.9514,687.9514,679.97,687.9514,-7.9371,-0.0115,1672666,941159
NHPMI.NH,20200709,687.9514,680.8853,688.5432,680.8853,679.3859,8.5654,0.0126,1514324,1006248
NHPMI.NH,20200708,679.3859,672.5206,679.6297,672.5206,674.9456,4.4403,0.0066,995325,918928
NHPMI.NH,20200707,674.9456,677.2494,677.4671,673.8183,673.738,1.2076,0.0018,1041551,887117
NHPMI.NH,20200706,673.738,674.8043,675.6533,671.741,674.5412,-0.8032,-0.0012,712325,885959
NHPMI.NH,20200703,674.5412,671.8964,675.5299,671.8964,671.8964,2.6448,0.0039,1236730,894639
NHPMI.NH,20200702,671.8964,680.5672,680.5672,670.2194,680.5672,-8.6708,-0.0127,1568942,884870
NHPMI.NH,20200701,680.5672,673.0989,681.7281,673.0989,673.0989,7.4683,0.0111,1501727,948474
NHPMI.NH,20200630,673.0989,671.8699,673.1646,670.1664,671.8699,1.229,0.0018,757787,869818
NHPMI.NH,20200629,671.8699,672.9148,673.9728,671.3274,672.9148,-1.0449,-0.0016,410352,879605
NHPMI.NH,20200624,672.9148,667.6873,674.6621,667.6873,667.6873,5.2275,0.0078,1032541,887210
NHPMI.NH,20200623,667.6873,671.6874,671.6874,666.4896,670.4797,-2.7924,-0.0042,1293952,895833
NHPMI.NH,20200622,670.4797,663.9303,673.8985,661.3906,661.3906,9.0891,0.0137,1524369,927044
NHPMI.NH,20200619,661.3906,659.155,662.4585,657.4795,659.155,2.2355,0.0034,988850,919133
NHPMI.NH,20200618,659.155,659.7902,660.6888,658.7534,659.7902,-0.6351,-0.001,874956,911045
NHPMI.NH,20200617,659.7902,657.2231,660.8128,657.2231,657.2231,2.567,0.0039,1459651,919350
NHPMI.NH,20200616,657.2231,651.4527,660.0139,651.4527,655.7368,1.4864,0.0023,1541293,922873
NHPMI.NH,20200615,655.7368,662.6265,663.6803,653.5782,662.6265,-6.8898,-0.0104,1818904,948724
NHPMI.NH,20200612,662.6265,666.2858,666.2858,657.8771,666.2858,-3.6592,-0.0055,1797033,925836
NHPMI.NH,20200611,666.2858,660.9981,668.1975,660.9981,660.9981,5.2877,0.008,1518665,933078
NHPMI.NH,20200610,660.9981,660.1472,662.0592,659.7139,654.5617,6.4364,0.0098,937694,939995
NHPMI.NH,20200609,654.5617,655.2825,657.7614,654.0046,655.2825,-0.7208,-0.0011,1182344,918926
NHPMI.NH,20200608,655.2825,649.8218,657.1068,649.6611,660.3248,-5.0423,-0.0076,1500328,914159
NHPMI.NH,20200605,660.3248,658.4507,664.0398,658.4507,658.4507,1.8741,0.0028,1415944,900394
NHPMI.NH,20200604,658.4507,666.8164,666.8164,656.8157,666.8164,-8.3657,-0.0125,1839355,911996
NHPMI.NH,20200603,666.8164,676.0601,676.0601,665.4387,676.0601,-9.2438,-0.0137,2000015,928114
NHPMI.NH,20200602,676.0601,679.0,679.0,674.7436,679.0,-2.9399,-0.0043,1472437,949860
NHPMI.NH,20200601,679.0,669.8282,680.583,668.8438,663.8309,15.1691,0.0229,1892879,961196
NHPMI.NH,20200529,663.8309,662.3413,665.6451,660.0432,662.6498,1.1811,0.0018,1889246,915435
NHPMI.NH,20200528,662.6498,655.5235,664.1091,655.5235,655.5235,7.1263,0.0109,2032626,906657
NHPMI.NH,20200527,655.5235,663.6113,663.6113,653.0353,663.6113,-8.0878,-0.0122,1716773,849436
NHPMI.NH,20200526,663.6113,654.1146,666.8521,654.1146,654.1146,9.4967,0.0145,1479896,881237
NHPMI.NH,20200525,654.1146,653.8523,658.3846,652.4211,653.8523,0.2623,0.0004,1624770,835792
NHPMI.NH,20200522,653.8523,658.5911,658.5911,648.0179,658.5911,-4.7388,-0.0072,2035115,836950
NHPMI.NH,20200521,658.5911,669.4677,669.4677,656.8064,669.4677,-10.8766,-0.0162,1598643,868393
NHPMI.NH,20200520,669.4677,656.4476,671.3271,656.4476,656.4476,13.02,0.0198,1829361,904489
NHPMI.NH,20200519,656.4476,666.7174,666.7174,654.6877,666.7174,-10.2697,-0.0154,1883397,841063
NHPMI.NH,20200518,666.7174,649.6774,667.7866,649.6774,641.8844,24.833,0.0387,1834651,888764
NHPMI.NH,20200515,641.8844,624.8928,644.1585,624.8928,624.8928,16.9916,0.0272,1789972,883981
NHPMI.NH,20200514,624.8928,621.7305,625.1489,621.7305,621.7305,3.1624,0.0051,972769,791356
NHPMI.NH,20200513,621.7305,619.2762,622.4532,619.2762,619.2762,2.4543,0.004,842839,783676
NHPMI.NH,20200512,619.2762,621.7429,621.7429,617.3794,621.7429,-2.4667,-0.004,793612,781626
NHPMI.NH,20200511,621.7429,620.4244,623.5262,619.7871,622.9913,-1.2485,-0.002,1322187,804921
NHPMI.NH,20200508,622.9913,609.3672,624.7583,609.3672,609.3672,13.6241,0.0224,1229085,825760
NHPMI.NH,20200507,609.3672,610.9111,611.6354,608.5225,612.5578,-3.1906,-0.0052,692128,760763
NHPMI.NH,20200506,612.5578,605.6627,614.7065,605.6627,614.3713,-1.8135,-0.003,418921,764297
NHPMI.NH,20200430,614.3713,612.489,615.2269,609.4729,610.7293,3.6421,0.006,444106,768815
NHPMI.NH,20200429,610.7293,609.025,612.4961,608.1888,604.7976,5.9317,0.0098,391117,781262
NHPMI.NH,20200428,604.7976,612.1063,612.1063,602.1632,612.7224,-7.9248,-0.0129,681214,807289
NHPMI.NH,20200427,612.7224,615.9139,618.5158,611.8656,617.8898,-5.1674,-0.0084,515642,820402
NHPMI.NH,20200424,617.8898,614.0853,618.9485,611.5501,614.0853,3.8044,0.0062,493604,853867
NHPMI.NH,20200423,614.0853,597.5283,617.1459,597.5283,597.5283,16.557,0.0277,707154,867136
NHPMI.NH,20200422,597.5283,608.6944,608.6944,595.7773,608.6944,-11.1661,-0.0183,750083,907226
NHPMI.NH,20200421,608.6944,603.7941,609.9449,603.7941,603.7941,4.9003,0.0081,603129,908022
NHPMI.NH,20200420,603.7941,605.3938,605.5131,595.8723,605.3938,-1.5997,-0.0026,632774,923271
NHPMI.NH,20200417,605.3938,618.8226,618.8226,598.7803,618.8226,-13.4288,-0.0217,815173,950071
NHPMI.NH,20200416,618.8226,611.1828,620.2362,608.1867,611.1828,7.6398,0.0125,571933,954456
NHPMI.NH,20200415,611.1828,617.0719,622.1897,610.4189,617.0719,-5.8891,-0.0095,572123,960987
NHPMI.NH,20200414,617.0719,608.0065,621.7269,608.0065,608.0065,9.0654,0.0149,690463,960811
NHPMI.NH,20200413,608.0065,609.9349,612.4588,602.4729,609.9349,-1.9285,-0.0032,617708,947674
NHPMI.NH,20200410,609.9349,605.9302,614.7096,605.9302,605.9302,4.0047,0.0066,282048,949647
NHPMI.NH,20200409,605.9302,604.0446,606.2545,602.9908,604.0446,1.8856,0.0031,305985,940558
NHPMI.NH,20200408,604.0446,612.5178,612.5178,599.6799,612.5178,-8.4732,-0.0138,510833,936959
NHPMI.NH,20200407,612.5178,588.3248,617.0632,588.3248,588.3248,24.1931,0.0411,599198,939785
NHPMI.NH,20200403,588.3248,581.4671,590.4738,581.4671,581.4671,6.8577,0.0118,493999,924715
NHPMI.NH,20200402,581.4671,573.3956,581.7454,571.9281,573.3956,8.0715,0.0141,539266,935147
NHPMI.NH,20200401,573.3956,581.4692,581.4692,569.8917,581.4692,-8.0737,-0.0139,424468,950553
NHPMI.NH,20200331,581.4692,576.475,582.099,576.475,576.475,4.9942,0.0087,500223,953637
NHPMI.NH,20200330,576.475,592.7529,592.7529,574.8215,592.7529,-16.2779,-0.0275,892606,968355
NHPMI.NH,20200327,592.7529,585.3137,594.3319,585.3137,585.3137,7.4393,0.0127,694215,971980
NHPMI.NH,20200326,585.3137,587.95,587.95,583.0855,587.95,-2.6364,-0.0045,743289,965223
NHPMI.NH,20200325,587.95,568.2992,596.5641,568.2992,568.2992,19.6508,0.0346,1060828,953201
NHPMI.NH,20200324,568.2992,535.7288,569.2728,535.7288,535.7288,32.5704,0.0608,668932,957370
NHPMI.NH,20200323,535.7288,536.6449,538.9244,529.5867,536.6449,-0.9161,-0.0017,1044370,957250
NHPMI.NH,20200320,536.6449,519.7224,538.3309,519.7224,519.7224,16.9226,0.0326,1160568,986554
NHPMI.NH,20200319,519.7224,526.6957,526.6957,509.2777,526.6957,-6.9734,-0.0132,1230021,965144
NHPMI.NH,20200318,526.6957,532.8899,540.2878,521.2918,532.8899,-6.1942,-0.0116,1245924,967555
NHPMI.NH,20200317,532.8899,571.6588,571.6588,532.1667,571.6588,-38.7689,-0.0678,348132,977947
NHPMI.NH,20200316,571.6588,595.4879,595.4879,567.4939,595.4879,-23.8291,-0.04,596126,986482
NHPMI.NH,20200313,595.4879,619.2703,619.2703,586.5445,619.2703,-23.7824,-0.0384,948942,978679
NHPMI.NH,20200312,619.2703,629.1312,629.1312,615.5959,629.1312,-9.8608,-0.0157,841414,995045
NHPMI.NH,20200311,629.1312,626.2806,630.0438,626.2806,626.2806,2.8506,0.0046,475056,995916
NHPMI.NH,20200310,626.2806,625.5658,631.6564,623.0923,625.5658,0.7148,0.0011,835410,1001314
NHPMI.NH,20200309,625.5658,639.2608,644.2477,620.4442,639.2608,-13.695,-0.0214,1328829,1020371
NHPMI.NH,20200306,639.2608,629.7823,642.2997,629.7823,629.7823,9.4785,0.0151,615841,984988
NHPMI.NH,20200305,629.7823,630.256,630.256,627.1906,630.256,-0.4738,-0.0008,319906,970179
NHPMI.NH,20200304,630.256,616.6718,632.8692,616.6718,616.6718,13.5842,0.022,680963,970970
NHPMI.NH,20200303,616.6718,619.1437,619.986,615.3426,619.1437,-2.4719,-0.004,596906,976633
NHPMI.NH,20200302,619.1437,632.2672,632.2672,615.3154,632.2672,-13.1234,-0.0208,881330,956936
NHPMI.NH,20200228,632.2672,650.155,650.155,627.997,650.155,-17.8878,-0.0275,1307997,954140
NHPMI.NH,20200227,650.155,651.0154,653.062,648.7765,651.0154,-0.8605,-0.0013,596799,981275
NHPMI.NH,20200226,651.0154,651.1919,653.0019,647.6658,651.1919,-0.1765,-0.0003,691271,965922
NHPMI.NH,20200225,651.1919,665.239,661.3278,649.8575,665.239,-14.0471,-0.0211,834717,944865
NHPMI.NH,20200224,665.239,655.0781,668.4434,655.0781,655.0781,10.1608,0.0155,639697,1013280
NHPMI.NH,20200221,655.0781,644.6754,656.1441,644.6754,644.6754,10.4028,0.0161,568067,1043273
NHPMI.NH,20200220,644.6754,642.7452,648.3889,642.5512,642.7452,1.9301,0.003,541672,1060639
NHPMI.NH,20200219,642.7452,632.0777,644.1758,632.0777,632.0777,10.6675,0.0169,519195,1067809
NHPMI.NH,20200218,632.0777,629.805,633.5241,629.805,629.805,2.2727,0.0036,308551,1054576
NHPMI.NH,20200217,629.805,626.3251,630.6209,626.3251,626.3251,3.4799,0.0056,304384,1064718
NHPMI.NH,20200214,626.3251,625.4608,627.407,624.7683,625.4608,0.8644,0.0014,228356,1061801
NHPMI.NH,20200213,625.4608,621.1747,626.3344,621.1747,621.1747,4.286,0.0069,260130,1068739
NHPMI.NH,20200212,621.1747,625.4544,625.4544,619.4827,625.4544,-4.2796,-0.0068,445428,1075989
NHPMI.NH,20200211,625.4544,626.0442,626.9691,624.8184,626.0442,-0.5898,-0.0009,212095,1060207
NHPMI.NH,20200210,626.0442,625.1368,629.4964,625.1368,625.1368,0.9074,0.0015,221597,1058233
NHPMI.NH,20200207,625.1368,622.381,628.0237,622.381,622.381,2.7557,0.0044,284037,1045545
NHPMI.NH,20200206,622.381,625.1112,625.1112,620.3213,625.1112,-2.7301,-0.0044,280969,1033356
NHPMI.NH,20200205,625.1112,627.1803,627.1803,620.6176,627.1803,-2.0692,-0.0033,344510,1019987
NHPMI.NH,20200204,627.1803,631.5388,631.5388,626.4316,631.5388,-4.3585,-0.0069,302396,994624
NHPMI.NH,20200203,631.5388,619.6633,634.3078,619.6633,619.6633,11.8756,0.0192,422014,987427
NHPMI.NH,20200123,619.6633,617.9629,621.5349,617.9629,617.023,2.6403,0.0043,518099,987307
NHPMI.NH,20200122,617.023,621.7368,621.7368,615.232,625.0963,-8.0733,-0.0129,921985,999841
NHPMI.NH,20200121,625.0963,619.6765,626.0631,619.6765,619.2383,5.858,0.0095,531418,1052678
NHPMI.NH,20200120,619.2383,619.3015,619.967,618.0446,619.3015,-0.0632,-0.0001,695341,1049509
NHPMI.NH,20200117,619.3015,618.4431,620.2053,616.3579,618.4431,0.8583,0.0014,647391,1042047
NHPMI.NH,20200116,618.4431,617.3593,620.632,617.3593,617.3593,1.0839,0.0018,866709,1028450
NHPMI.NH,20200115,617.3593,613.671,619.4353,613.671,612.3253,5.0339,0.0082,791205,1015976
NHPMI.NH,20200114,612.3253,621.8754,621.8754,610.0328,622.0181,-9.6928,-0.0156,1012748,1021982
NHPMI.NH,20200113,622.0181,621.3832,625.093,621.3832,621.135,0.8832,0.0014,1196626,1027764
NHPMI.NH,20200110,621.135,624.6455,624.6455,620.5112,620.4397,0.6953,0.0011,971770,1026255
NHPMI.NH,20200109,620.4397,637.1511,637.1511,618.1327,644.2455,-23.8058,-0.037,1872598,1016821
NHPMI.NH,20200108,644.2455,631.6677,652.0579,631.6677,632.8969,11.3486,0.0179,1714665,1035405
NHPMI.NH,20200107,632.8969,641.723,641.723,628.9421,640.8912,-7.9943,-0.0125,1624910,1028076
NHPMI.NH,20200106,640.8912,631.1293,644.2845,631.1293,629.6288,11.2624,0.0179,1502979,1044076
NHPMI.NH,20200103,629.6288,621.3302,632.2219,621.3302,620.0802,9.5486,0.0154,1475234,1032170
NHPMI.NH,20200102,620.0802,625.3026,625.3026,618.7675,625.3026,-5.2224,-0.0084,508812,974884
NHPMI.NH,20191231,625.3026,620.3879,626.7495,620.3879,620.5905,4.7122,0.0076,2269906,1972836
NHPMI.NH,20191230,620.5905,620.8145,622.3987,620.1539,620.0261,0.5644,0.0009,1845706,1912514
NHPMI.NH,20191227,620.0261,622.3064,623.148,619.203,620.6416,-0.6155,-0.001,2578094,1904800
NHPMI.NH,20191226,620.6416,616.6554,622.105,615.2157,617.0799,3.5617,0.0058,1655716,1906678
NHPMI.NH,20191225,617.0799,613.0232,618.0042,613.0232,612.7319,4.348,0.0071,1520708,1851592
NHPMI.NH,20191224,612.7319,607.9347,614.4909,607.9347,608.4446,4.2873,0.007,2105756,1825880
NHPMI.NH,20191223,608.4446,603.5431,608.6514,603.5431,603.6744,4.7702,0.0079,2107966,1819116
NHPMI.NH,20191220,603.6744,600.4189,604.1419,600.4189,601.0813,2.5931,0.0043,1174492,1705658
NHPMI.NH,20191219,601.0813,601.4603,602.564,600.6767,602.5941,-1.5128,-0.0025,1251110,1667616
NHPMI.NH,20191218,602.5941,602.2771,602.7586,600.6558,601.8091,0.7849,0.0013,1177862,1688744
NHPMI.NH,20191217,601.8091,602.2537,602.4329,600.5073,601.7635,0.0457,0.0001,1228502,1668182
NHPMI.NH,20191216,601.7635,597.7853,602.4172,597.7853,595.1124,6.6511,0.0112,2727086,1725638
NHPMI.NH,20191213,595.1124,602.7882,602.7882,594.0967,601.1397,-6.0272,-0.01,3355290,1697266
NHPMI.NH,20191212,601.1397,597.0602,602.5272,597.0602,596.3879,4.7518,0.008,1646502,1704134
NHPMI.NH,20191211,596.3879,597.3571,597.3571,595.6718,596.1184,0.2695,0.0005,1133646,1715494
NHPMI.NH,20191210,596.1184,597.3523,597.3523,595.0762,595.674,0.4445,0.0007,979602,1738542
NHPMI.NH,20191209,595.674,602.8776,602.8776,593.6306,602.4832,-6.8093,-0.0113,3019092,1745966
NHPMI.NH,20191206,602.4832,605.3513,605.7521,601.6162,606.6017,-4.1185,-0.0068,1705774,1740328
NHPMI.NH,20191205,606.6017,609.6856,609.6856,605.0144,612.6401,-6.0385,-0.0099,2799076,1770038
NHPMI.NH,20191204,612.6401,598.9088,613.0468,598.9088,598.9088,13.7313,0.0229,3223530,1811088
NHPMI.NH,20191203,598.9088,598.1635,600.2371,598.1635,598.1635,0.7453,0.0012,1483764,1628448
NHPMI.NH,20191202,598.1635,598.1052,599.4393,597.6111,598.1052,0.0584,0.0001,1587520,1615592
NHPMI.NH,20191129,598.1052,597.0938,599.4092,597.0938,597.0938,1.0114,0.0017,767364,1626152
NHPMI.NH,20191128,597.0938,598.9742,598.9742,596.8176,598.9742,-1.8804,-0.0031,1567648,1650468
NHPMI.NH,20191127,598.9742,597.2227,599.7737,597.2227,597.2227,1.7516,0.0029,2136526,1710106
NHPMI.NH,20191126,597.2227,596.3723,597.3468,593.3648,596.3723,0.8504,0.0014,1823490,1727690
NHPMI.NH,20191125,596.3723,601.9559,599.4522,596.2018,601.9559,-5.5836,-0.0093,2000914,1773496
NHPMI.NH,20191122,601.9559,603.0244,602.2806,599.7643,603.0244,-1.0685,-0.0018,1828068,1803300
NHPMI.NH,20191121,603.0244,603.8062,605.5812,602.6772,603.8062,-0.7819,-0.0013,1826324,1816810
NHPMI.NH,20191120,603.8062,603.7855,605.4615,602.5898,603.7855,0.0207,0.0,2227894,1841696
NHPMI.NH,20191119,603.7855,597.5268,604.5369,597.5268,597.5268,6.2587,0.0105,2604352,1872898
NHPMI.NH,20191118,597.5268,597.5809,599.0402,596.8475,597.5809,-0.0541,-0.0001,1472970,1884808
NHPMI.NH,20191115,597.5809,600.4512,600.4512,596.2575,600.4512,-2.8702,-0.0048,2315380,1881842
NHPMI.NH,20191114,600.4512,599.3212,601.3421,597.9343,599.3212,1.1299,0.0019,2129066,1934664
NHPMI.NH,20191113,599.3212,592.5789,600.0214,592.5789,592.5789,6.7424,0.0114,2201542,1949262
NHPMI.NH,20191112,592.5789,597.1704,597.1704,591.0615,597.1704,-4.5916,-0.0077,2339044,1898366
NHPMI.NH,20191111,597.1704,599.3765,599.3765,595.6171,599.3765,-2.2061,-0.0037,2530632,1908776
NHPMI.NH,20191108,599.3765,615.4482,615.4482,595.5901,615.4482,-16.0717,-0.0261,3818136,1921356
NHPMI.NH,20191107,615.4482,612.3599,615.9885,612.3599,612.3599,3.0883,0.005,1966002,1979378
NHPMI.NH,20191106,612.3599,624.9194,624.9194,610.5665,624.9194,-12.5595,-0.0201,3413238,2001476
NHPMI.NH,20191105,624.9194,628.8605,628.8605,624.1701,628.8605,-3.941,-0.0063,1867492,2088722
NHPMI.NH,20191104,628.8605,629.4124,629.7281,627.9271,629.4124,-0.5519,-0.0009,1830678,2122000
NHPMI.NH,20191101,629.4124,624.2322,630.3432,624.2322,624.2322,5.1802,0.0083,2302248,2090886
NHPMI.NH,20191031,624.2322,623.6344,625.98,623.4774,623.6344,0.5978,0.001,2076828,2074632
NHPMI.NH,20191030,623.6344,622.8488,624.5804,622.3187,622.8488,0.7857,0.0013,2119652,2110466
NHPMI.NH,20191029,622.8488,631.5131,631.5131,622.2869,631.5131,-8.6644,-0.0137,2399990,2133818
NHPMI.NH,20191028,631.5131,631.1029,631.6762,629.4168,631.1029,0.4102,0.0007,3311080,2249718
NHPMI.NH,20191025,631.1029,621.3127,631.9544,621.3127,621.3127,9.7902,0.0158,3000232,2298576
NHPMI.NH,20191024,621.3127,622.5017,622.5017,620.3939,622.5017,-1.189,-0.0019,1301356,2175412
NHPMI.NH,20191023,622.5017,620.2363,622.5557,620.2363,620.2363,2.2654,0.0037,1634804,2177924
NHPMI.NH,20191022,620.2363,623.512,623.512,617.6358,623.512,-3.2756,-0.0053,2413088,2174384
NHPMI.NH,20191021,623.512,621.4328,625.1621,619.385,621.4328,2.0792,0.0033,2080774,2208308
NHPMI.NH,20191018,621.4328,621.5386,622.3546,620.4286,621.5386,-0.1058,-0.0002,1860882,2136800
NHPMI.NH,20191017,621.5386,616.6688,622.1176,616.6688,616.6688,4.8698,0.0079,2007172,2130920
NHPMI.NH,20191016,616.6688,622.3898,622.3898,615.1337,622.3898,-5.721,-0.0092,2478766,2138656
NHPMI.NH,20191015,622.3898,620.6607,625.3118,621.3635,620.6607,1.7291,0.0028,1843054,2099068
NHPMI.NH,20191014,620.6607,626.0783,626.0783,618.8533,626.0783,-5.4175,-0.0087,3136126,2072354
NHPMI.NH,20191011,626.0783,631.7892,631.7892,622.8466,631.7892,-5.7109,-0.009,2106494,2086016
NHPMI.NH,20191010,631.7892,636.9514,636.9514,629.6465,636.9514,-5.1622,-0.0081,2376122,2049198
NHPMI.NH,20191009,636.9514,623.7887,637.1928,623.7887,623.7887,13.1627,0.0211,2656572,2038872
NHPMI.NH,20191008,623.7887,621.1313,626.1469,620.6403,623.0747,0.714,0.0011,815722,1878842
NHPMI.NH,20190930,623.0747,627.7142,627.2376,620.4337,627.7142,-4.6395,-0.0074,3239158,1857002
NHPMI.NH,20190927,627.7142,637.8886,637.8886,624.7809,637.8886,-10.1744,-0.016,3115536,1934510
NHPMI.NH,20190926,637.8886,650.2578,650.2578,636.2462,650.2578,-12.3691,-0.019,3793452,2075198
NHPMI.NH,20190925,650.2578,648.5773,653.1316,648.5773,648.5773,1.6805,0.0026,3620370,2226492
NHPMI.NH,20190924,648.5773,643.55,650.9935,643.55,643.55,5.0273,0.0078,2911144,2243284
NHPMI.NH,20190923,643.55,632.8872,646.3911,632.8872,632.8872,10.6628,0.0168,2756962,2256450
NHPMI.NH,20190920,632.8872,630.083,634.5932,630.083,630.083,2.8042,0.0045,1791514,2140158
NHPMI.NH,20190919,630.083,632.7806,632.7806,625.1052,632.7806,-2.6976,-0.0043,2802260,2111574
NHPMI.NH,20190918,632.7806,629.5856,634.3343,629.5856,629.5856,3.1951,0.0051,2143610,2087260
NHPMI.NH,20190917,629.5856,631.6933,631.6933,629.1897,631.6933,-2.1077,-0.0033,2141668,2095586
NHPMI.NH,20190916,631.6933,630.0184,634.4943,629.6917,634.9991,-3.3058,-0.0052,1243292,2048936
NHPMI.NH,20190912,634.9991,636.2224,636.2224,631.8966,636.2224,-1.2233,-0.0019,2783864,1988672
NHPMI.NH,20190911,636.2224,631.5458,637.6471,631.5458,631.5458,4.6766,0.0074,3629318,2096020
NHPMI.NH,20190910,631.5458,640.3415,640.3415,627.7907,640.3415,-8.7957,-0.0137,4252606,2092770
NHPMI.NH,20190909,640.3415,644.5988,644.5988,636.9473,644.5988,-4.2573,-0.0066,6148684,2018634
NHPMI.NH,20190906,644.5988,672.1873,672.1873,643.8802,672.1873,-27.5886,-0.041,6782168,2236162
NHPMI.NH,20190905,672.1873,668.8421,672.4675,666.7468,668.8421,3.3452,0.005,3962948,2499240
NHPMI.NH,20190904,668.8421,655.704,674.6734,655.704,655.704,13.1381,0.02,5964630,2511302
NHPMI.NH,20190903,655.704,651.1264,656.3126,651.1264,651.1264,4.5776,0.007,2774556,2478772
NHPMI.NH,20190902,651.1264,652.1029,653.6063,649.8633,652.1029,-0.9765,-0.0015,3311816,2389306
NHPMI.NH,20190830,652.1029,663.3128,663.3128,647.3953,663.3128,-11.2099,-0.0169,4771842,2450146
NHPMI.NH,20190829,663.3128,653.5499,664.0242,653.5499,653.5499,9.7629,0.0149,3920120,2534102
NHPMI.NH,20190828,653.5499,646.0256,658.1879,646.0256,646.0256,7.5244,0.0116,4598264,2331726
NHPMI.NH,20190827,646.0256,643.7582,647.4839,642.2556,643.7582,2.2674,0.0035,2726542,2337528
NHPMI.NH,20190826,643.7582,619.9857,647.6408,619.9857,619.9857,23.7725,0.0383,4246894,2219476
NHPMI.NH,20190823,619.9857,620.1382,620.2322,618.5298,620.1382,-0.1526,-0.0002,1332722,2125340
NHPMI.NH,20190822,620.1382,618.3104,620.6638,619.1751,618.3104,1.8278,0.003,1301880,2131758
NHPMI.NH,20190821,618.3104,616.8939,622.1541,616.8939,616.8939,1.4165,0.0023,1850842,2148074
NHPMI.NH,20190820,616.8939,619.3049,619.3049,615.396,619.3049,-2.411,-0.0039,1497430,2138820
NHPMI.NH,20190819,619.3049,622.9548,622.9548,616.8986,622.9548,-3.6498,-0.0059,2245828,2140960
NHPMI.NH,20190816,622.9548,622.5227,627.5479,621.7849,622.5227,0.4321,0.0007,2280694,2176372
NHPMI.NH,20190815,622.5227,614.2003,628.6587,614.2003,614.2003,8.3224,0.0136,3773924,2204846
NHPMI.NH,20190814,614.2003,632.4557,632.4557,612.1419,632.4557,-18.2554,-0.0289,4512520,2159436
NHPMI.NH,20190813,632.4557,615.4508,633.6605,615.4508,615.4508,17.0049,0.0276,3026726,2327046
NHPMI.NH,20190812,615.4508,618.582,620.6033,615.0124,618.582,-3.1312,-0.0051,2417740,2151750
NHPMI.NH,20190809,618.582,618.0054,622.8206,617.1202,618.0054,0.5766,0.0009,2656072,2136750
NHPMI.NH,20190808,618.0054,610.1911,623.3206,610.1911,610.1911,7.8143,0.0128,4318904,2134436
NHPMI.NH,20190807,610.1911,598.5161,613.1021,598.5161,598.5161,11.675,0.0195,3305446,2061026
NHPMI.NH,20190806,598.5161,598.4829,604.8437,597.9844,598.4829,0.0333,0.0001,3292272,1919896
NHPMI.NH,20190805,598.4829,578.8906,599.6856,578.8906,578.8906,19.5922,0.0338,3629346,2027344
NHPMI.NH,20190802,578.8906,568.1171,582.7418,568.1171,568.1171,10.7736,0.019,2556288,1779440
NHPMI.NH,20190801,568.1171,580.213,580.213,567.9923,580.213,-12.0959,-0.0208,2487456,1813574
NHPMI.NH,20190731,580.213,579.0685,580.6696,578.7163,579.0685,1.1445,0.002,1281248,1895688
NHPMI.NH,20190730,579.0685,576.9009,579.17,576.9009,576.9009,2.1676,0.0038,1165430,1929832
NHPMI.NH,20190729,576.9009,576.9009,578.7524,575.6764,576.542,0.3589,0.0006,1700450,1867608
NHPMI.NH,20190726,576.542,578.4786,578.4786,573.4172,578.4786,-1.9367,-0.0033,1981148,1868936
NHPMI.NH,20190725,578.4786,577.9583,579.4233,576.1552,577.9583,0.5204,0.0009,1871408,1919142
NHPMI.NH,20190724,577.9583,575.2243,579.9367,575.2243,575.2243,2.734,0.0048,2316052,1969864
NHPMI.NH,20190723,575.2243,577.308,577.308,571.7679,577.308,-2.0837,-0.0036,1797398,1908532
NHPMI.NH,20190722,577.308,581.624,581.624,574.0874,581.9886,-4.6806,-0.008,4117758,1964122
NHPMI.NH,20190719,581.9886,570.5677,583.5505,579.725,570.5677,11.4209,0.02,2302820,1987356
NHPMI.NH,20190718,570.5677,562.1296,575.0432,562.1296,562.1296,8.4381,0.015,2792708,1872760
NHPMI.NH,20190717,562.1296,560.9337,563.2559,560.9337,560.9337,1.196,0.0021,1768990,1666500
NHPMI.NH,20190716,560.9337,558.5972,560.9951,558.2972,558.5972,2.3365,0.0042,814202,1530882
NHPMI.NH,20190715,558.5972,555.8491,558.9999,555.8491,555.8491,2.7481,0.0049,642162,1437894
NHPMI.NH,20190712,555.8491,559.7144,559.7144,554.3569,559.7144,-3.8654,-0.0069,647820,1398118
NHPMI.NH,20190711,559.7144,551.6282,561.9116,551.6282,551.6282,8.0863,0.0147,1038180,1403650
NHPMI.NH,20190710,551.6282,552.0734,552.9117,551.1919,552.0734,-0.4453,-0.0008,628406,1383254
NHPMI.NH,20190709,552.0734,555.4032,555.4032,551.1258,555.4032,-3.3298,-0.006,683740,1381872
NHPMI.NH,20190708,555.4032,558.7236,558.7236,552.2716,558.7236,-3.3204,-0.0059,1308228,1400450
NHPMI.NH,20190705,558.7236,558.2971,560.9407,558.2449,561.0826,-2.359,-0.0042,537024,1408036
NHPMI.NH,20190704,561.0826,563.493,563.493,560.0974,563.493,-2.4104,-0.0043,691878,1450450
NHPMI.NH,20190703,563.493,551.1366,568.9397,551.1366,551.1366,12.3564,0.0224,1719442,1443090
NHPMI.NH,20190702,551.1366,546.8006,552.1321,546.8006,546.8006,4.336,0.0079,791282,1410688
NHPMI.NH,20190701,546.8006,557.4877,557.4877,546.4168,557.4877,-10.6871,-0.0192,1108664,1412100
NHPMI.NH,20190628,557.4877,556.1803,563.1683,556.1803,556.1803,1.3074,0.0024,1113994,1446230
NHPMI.NH,20190627,556.1803,557.4457,559.8198,555.6647,557.4457,-1.2654,-0.0023,1087740,1460014
NHPMI.NH,20190626,557.4457,565.7849,565.7849,556.9912,565.7849,-8.3391,-0.0147,1587428,1458386
NHPMI.NH,20190625,565.7849,555.2922,567.9587,558.1517,558.1517,7.6332,0.0137,1375080,1402234
NHPMI.NH,20190624,558.1517,555.2922,560.8229,555.2922,555.2922,2.8594,0.0051,1085992,1369406
NHPMI.NH,20190621,555.2922,552.9356,560.7264,552.9356,552.9356,2.3567,0.0043,1451548,1367918
NHPMI.NH,20190620,552.9356,541.8503,555.291,541.8503,541.8503,11.0853,0.0205,1270458,1371090
NHPMI.NH,20190619,541.8503,543.5574,543.5574,540.2355,543.5574,-1.7071,-0.0031,1109024,1305868
NHPMI.NH,20190618,543.5574,540.729,544.5082,540.7059,540.729,2.8284,0.0052,604782,1358284
NHPMI.NH,20190617,540.729,547.1199,547.1199,539.4307,547.1199,-6.3909,-0.0117,1058806,1384600
NHPMI.NH,20190614,547.1199,539.5971,547.4822,539.5971,539.5971,7.5228,0.0139,906342,1441394
NHPMI.NH,20190613,539.5971,539.384,539.65,536.8438,539.384,0.2131,0.0004,636882,1378316
NHPMI.NH,20190612,539.384,533.6875,540.5313,533.6875,533.6875,5.6965,0.0107,817882,1391062
NHPMI.NH,20190611,533.6875,539.3545,539.3545,533.0551,539.3545,-5.667,-0.0105,648132,1318566
NHPMI.NH,20190610,539.3545,540.5913,540.5913,536.0892,538.368,0.9865,0.0018,76336,1335534
NHPMI.NH,20190606,538.368,537.8863,538.8206,535.3886,537.8863,0.4818,0.0009,1065444,1328834
NHPMI.NH,20190605,537.8863,534.979,538.5863,534.7672,534.979,2.9073,0.0054,785848,1319494
NHPMI.NH,20190604,534.979,529.7641,535.5444,529.7641,529.7641,5.2149,0.0098,737756,1282740
NHPMI.NH,20190603,529.7641,525.8296,531.4113,525.8296,525.8296,3.9345,0.0075,835064,1292190
NHPMI.NH,20190531,525.8296,521.1112,526.074,521.1112,521.1112,4.7184,0.0091,630460,1294222
NHPMI.NH,20190530,521.1112,522.7219,522.7219,519.7519,522.7219,-1.6107,-0.0031,460252,1308048
NHPMI.NH,20190529,522.7219,523.3699,522.7866,520.303,523.3699,-0.6481,-0.0012,654688,1320470
NHPMI.NH,20190528,523.3699,524.0736,524.0736,522.5158,524.0736,-0.7036,-0.0013,242702,1272060
NHPMI.NH,20190527,524.0736,523.9875,524.6407,523.5639,523.9875,0.0861,0.0002,362538,1281152
NHPMI.NH,20190524,523.9875,521.4534,524.7123,521.4534,521.4534,2.5341,0.0049,652274,1301098
NHPMI.NH,20190523,521.4534,520.0968,521.7333,520.0968,520.0968,1.3566,0.0026,380468,1346638
NHPMI.NH,20190522,520.0968,520.4771,520.5706,519.4938,520.4771,-0.3803,-0.0007,495448,1366398
NHPMI.NH,20190521,520.4771,520.4692,521.5612,519.846,520.4692,0.0079,0.0,422312,1367178
NHPMI.NH,20190520,520.4692,524.1354,524.1354,520.0745,524.1354,-3.6661,-0.007,584968,1361226
NHPMI.NH,20190517,524.1354,527.6238,527.6238,522.2747,527.6238,-3.4884,-0.0066,764792,1342946
NHPMI.NH,20190516,527.6238,525.8718,527.8113,525.8718,525.8718,1.752,0.0033,510696,1338438
NHPMI.NH,20190515,525.8718,528.4774,528.6564,525.4772,528.4774,-2.6055,-0.0049,595754,1346286
NHPMI.NH,20190514,528.4774,522.6472,530.2485,522.6472,522.6472,5.8302,0.0112,918748,1366114
NHPMI.NH,20190513,522.6472,520.5471,523.372,520.5471,520.5471,2.1,0.004,563758,1325310
NHPMI.NH,20190510,520.5471,521.0126,522.4072,520.2926,521.0126,-0.4655,-0.0009,721760,1323938
NHPMI.NH,20190509,521.0126,521.3449,521.3449,519.2169,521.3449,-0.3323,-0.0006,701554,1321218
NHPMI.NH,20190508,521.3449,519.2362,521.6343,519.2362,519.2362,2.1087,0.0041,587404,1321376
NHPMI.NH,20190507,519.2362,518.9851,520.1083,518.7098,518.9851,0.2512,0.0005,570418,1285830
NHPMI.NH,20190506,518.9851,521.4536,521.6235,518.6232,517.9341,1.051,0.002,411508,1274282
NHPMI.NH,20190430,517.9341,518.1299,518.5791,517.0206,518.1299,-0.1958,-0.0004,480916,1301392
NHPMI.NH,20190429,518.1299,518.6719,519.7282,518.1299,518.6719,-0.5421,-0.001,566716,1307802
NHPMI.NH,20190426,518.6719,516.2343,518.9041,516.2343,516.2343,2.4376,0.0047,631012,1317816
NHPMI.NH,20190425,516.2343,512.959,516.5178,512.959,512.959,3.2753,0.0064,633950,1331386
NHPMI.NH,20190424,512.959,514.6627,514.6627,512.3275,514.6627,-1.7037,-0.0033,605658,1329762
NHPMI.NH,20190423,514.6627,517.485,517.485,514.5467,517.485,-2.8223,-0.0055,438164,1314910
NHPMI.NH,20190422,517.485,515.4995,518.3093,515.4995,515.4995,1.9855,0.0039,369686,1318524
NHPMI.NH,20190419,515.4995,513.7087,516.4404,513.7087,513.7087,1.7908,0.0035,371548,1336430
NHPMI.NH,20190418,513.7087,516.1417,516.1417,513.0903,516.1417,-2.433,-0.0047,474580,1360592
NHPMI.NH,20190417,516.1417,517.681,517.681,515.3803,517.681,-1.5393,-0.003,589008,1359532
NHPMI.NH,20190416,517.681,516.1258,518.1694,516.1258,517.1575,0.5234,0.001,520686,1354778
NHPMI.NH,20190415,517.1575,520.1091,520.1091,516.8978,520.1091,-2.9516,-0.0057,611366,1352070
NHPMI.NH,20190412,520.1091,525.3666,525.3666,519.6546,525.3666,-5.2575,-0.01,721024,1335424
NHPMI.NH,20190411,525.3666,525.6553,526.3359,525.2775,525.6553,-0.2887,-0.0005,477704,1330092
NHPMI.NH,20190410,525.6553,524.5373,525.7714,523.8252,524.5373,1.118,0.0021,517374,1339626
NHPMI.NH,20190409,524.5373,523.4397,525.2336,523.4397,523.4397,1.0976,0.0021,458566,1347056
NHPMI.NH,20190408,523.4397,521.6107,523.6204,521.5975,521.6885,1.7512,0.0034,285262,1344088
NHPMI.NH,20190404,521.6885,521.4432,521.8823,520.3606,521.4432,0.2453,0.0005,502060,1334184
NHPMI.NH,20190403,521.4432,519.508,522.4364,519.508,519.508,1.9352,0.0037,591952,1336930
NHPMI.NH,20190402,519.508,519.2625,520.4099,519.1978,519.2625,0.2456,0.0005,531974,1337494
NHPMI.NH,20190401,519.2625,517.8617,520.5879,517.8617,517.8617,1.4008,0.0027,625732,1311780
NHPMI.NH,20190329,517.8617,524.2868,524.2868,517.3832,527.5358,-9.6741,-0.0183,1053008,1321556
NHPMI.NH,20190328,527.5358,530.0416,530.0416,526.5691,530.0416,-2.5059,-0.0047,673350,1368876
NHPMI.NH,20190327,530.0416,531.1274,531.5006,529.3585,531.1274,-1.0858,-0.002,560032,1381878
NHPMI.NH,20190326,531.1274,531.1286,532.8427,530.844,531.1286,-0.0012,0.0,567044,1401546
NHPMI.NH,20190325,531.1286,529.7595,531.5018,529.7595,529.7595,1.3691,0.0026,539592,1415372
NHPMI.NH,20190322,529.7595,531.3576,531.3576,528.3166,531.3576,-1.5981,-0.003,586872,1411046
NHPMI.NH,20190321,531.3576,526.4185,531.4737,526.4185,526.4185,4.9391,0.0094,809260,1401524
NHPMI.NH,20190320,526.4185,527.3467,527.3467,525.7739,527.3467,-0.9282,-0.0018,389056,1392746
NHPMI.NH,20190319,527.3467,525.7354,527.9137,525.7354,525.7354,1.6113,0.0031,436156,1400912
NHPMI.NH,20190318,525.7354,525.3621,525.916,523.0286,525.3621,0.3733,0.0007,481662,1390782
NHPMI.NH,20190315,525.3621,525.115,525.9158,521.363,525.115,0.2471,0.0005,822372,1403522
NHPMI.NH,20190314,525.115,527.4866,527.4866,524.9475,527.4866,-2.3716,-0.0045,563838,1426730
NHPMI.NH,20190313,527.4866,525.7968,527.9494,525.7968,525.7968,1.6898,0.0032,415890,1448476
NHPMI.NH,20190312,525.7968,525.5893,526.3897,523.8894,525.5893,0.2075,0.0004,518812,1443242
NHPMI.NH,20190311,525.5893,522.8047,526.6083,522.8047,522.8047,2.7846,0.0053,850274,1435226
NHPMI.NH,20190308,522.8047,518.7848,523.2815,518.7848,518.7848,4.0199,0.0077,717430,1434908
NHPMI.NH,20190307,518.7848,521.2457,521.2457,518.5528,521.2457,-2.4609,-0.0047,544360,1415676
NHPMI.NH,20190306,521.2457,518.0367,521.2587,518.0367,518.0367,3.209,0.0062,658770,1410304
NHPMI.NH,20190305,518.0367,520.7422,520.7422,517.7919,520.7422,-2.7055,-0.0052,927090,1386596
NHPMI.NH,20190304,520.7422,530.2537,530.2537,520.1754,530.2537,-9.5115,-0.0179,1202264,1346070
NHPMI.NH,20190301,530.2537,532.3781,532.3781,529.3666,532.3781,-2.1244,-0.004,713416,1310320
NHPMI.NH,20190228,532.3781,536.4187,536.4187,530.9973,536.4187,-4.0406,-0.0075,767920,1306520
NHPMI.NH,20190227,536.4187,537.1653,537.7407,536.3669,537.1653,-0.7466,-0.0014,519340,1326210
NHPMI.NH,20190226,537.1653,538.8161,538.9602,536.6456,538.8161,-1.6508,-0.0031,622914,1336028
NHPMI.NH,20190225,538.8161,538.168,539.4193,537.6979,538.168,0.6481,0.0012,688398,1340150
NHPMI.NH,20190222,538.168,541.1606,541.1606,537.8235,541.1606,-2.9926,-0.0055,601200,1327672
NHPMI.NH,20190221,541.1606,544.5496,544.736,541.0571,544.5496,-3.389,-0.0062,697490,1345980
NHPMI.NH,20190220,544.5496,540.8772,547.4667,540.8772,540.8772,3.6724,0.0068,873644,1356920
NHPMI.NH,20190219,540.8772,541.6718,542.1108,540.7216,540.9734,-0.0962,-0.0002,419590,1323196
NHPMI.NH,20190218,540.9734,537.7966,541.3332,537.7966,537.3333,3.6401,0.0068,654196,1310186
NHPMI.NH,20190215,537.3333,534.6834,537.4371,534.6834,534.6834,2.65,0.005,637706,1270168
NHPMI.NH,20190214,534.6834,537.2704,537.2704,534.4923,537.2704,-2.587,-0.0048,712560,1247676
NHPMI.NH,20190213,537.2704,538.4041,538.4041,536.5125,538.4041,-1.1337,-0.0021,495498,1241550
NHPMI.NH,20190212,538.4041,537.7261,538.6756,537.327,537.7261,0.6779,0.0013,505442,1209488
NHPMI.NH,20190211,537.7261,537.6336,538.8424,536.9106,539.5942,-1.8681,-0.0035,274320,1148150
NHPMI.NH,20190201,539.5942,537.8058,539.8597,537.4361,537.8058,1.7885,0.0033,641656,1142310
NHPMI.NH,20190131,537.8058,537.683,538.8843,536.878,537.683,0.1228,0.0002,664100,1159712
NHPMI.NH,20190130,537.683,535.8671,538.1907,535.8671,535.8671,1.8159,0.0034,825232,1205348
NHPMI.NH,20190129,535.8671,533.999,536.6581,533.999,533.999,1.8682,0.0035,773966,1224534
NHPMI.NH,20190128,533.999,526.8571,535.2672,526.8571,526.8571,7.1418,0.0136,1006180,1212470
NHPMI.NH,20190125,526.8571,527.2086,527.504,526.5142,527.2086,-0.3515,-0.0007,487908,1158260
NHPMI.NH,20190124,527.2086,528.6035,528.6035,526.9136,528.6035,-1.3949,-0.0026,529656,1153890
NHPMI.NH,20190123,528.6035,528.2759,529.4855,527.9488,526.7071,1.8964,0.0036,549738,1169178
NHPMI.NH,20190122,526.7071,527.7382,527.7382,525.6255,527.7382,-1.0311,-0.002,525372,1154644
NHPMI.NH,20190121,527.7382,532.8411,532.8411,526.9698,532.8411,-5.1029,-0.0096,843792,1143800
NHPMI.NH,20190118,532.8411,532.5756,534.1701,532.0724,532.5756,0.2655,0.0005,672050,1162076
NHPMI.NH,20190117,532.5756,532.3075,532.9562,532.0723,532.3075,0.2681,0.0005,485592,1133148
NHPMI.NH,20190116,532.3075,532.3107,533.3887,531.0108,532.3107,-0.0032,0.0,743562,1118670
NHPMI.NH,20190115,532.3107,533.0299,533.2877,531.9414,533.0299,-0.7192,-0.0013,592694,1126060
NHPMI.NH,20190114,533.0299,534.0638,534.0638,531.6653,534.0638,-1.034,-0.0019,735578,1123206
NHPMI.NH,20190111,534.0638,537.3046,537.3046,532.9162,537.3046,-3.2407,-0.006,854720,1118054
NHPMI.NH,20190110,537.3046,536.0665,538.9415,536.0665,536.0665,1.238,0.0023,885740,1121892
NHPMI.NH,20190109,536.0665,537.2257,538.3223,535.2348,537.2257,-1.1592,-0.0022,657166,1096064
NHPMI.NH,20190108,537.2257,540.8408,540.8408,535.531,540.8408,-3.6151,-0.0067,859548,1086000
NHPMI.NH,20190107,540.8408,542.8852,542.8852,539.1585,542.8852,-2.0444,-0.0038,1107124,1094724
NHPMI.NH,20190104,542.8852,541.9588,545.9515,541.9588,541.9588,0.9264,0.0017,1034492,1096748
NHPMI.NH,20190103,541.9588,536.1111,542.1384,536.1111,536.2109,5.7479,0.0107,926760,1100698
NHPMI.NH,20190102,536.2109,534.7299,537.0732,533.7675,535.0411,1.1698,0.0022,414692,1060598
