trade_date,main_ts_code,main_open,main_high,main_low,main_close,main_settle,main_pre_close,main_pre_settle,main_change1,main_change2,main_vol,main_amount,main_oi,main_oi_chg,main_days_to_expiry,main_volume_share,main_oi_share,active_contract_count,second_main_ts_code,second_main_close,second_main_settle,second_main_oi,second_main_main_spread,near_ts_code,near_close,near_settle,near_days_to_expiry,main_near_spread,far_ts_code,far_close,far_settle,far_days_to_expiry,far_near_spread,annualized_carry,term_structure_slope,top20_long_sum,top20_short_sum,top20_long_chg,top20_short_chg,broker_count,top5_long_sum,top5_short_sum,long_short_imbalance,long_concentration,short_concentration,warehouse_receipt_total,warehouse_receipt_change,warehouse_count
2019-01-02,AU1906.SHF,287.55,288.7,287.15,288.3,287.9,287.85,287.05,1.25,0.85,91402,2631719.51,254696,3208.0,166,0.9073239492545018,0.8204460822842712,7,AU1904.SHF,287.05,286.55,52916,-1.25,AU1901.SHF,281.1,281.1,13,7.199999999999989,AU1912.SHF,291.9,291.85,348,10.799999999999955,0.04186113190716629,0.041076990987664805,68982.0,40165.0,1243.0,646.0,36.0,33483.0,20736.0,0.2640200830073204,0.48538749238931894,0.516270384663264,2460.0,0.0,1.0
2019-01-03,AU1906.SHF,288.45,290.75,287.9,290.7,289.1,288.3,287.9,2.8,1.2,198374,5735943.44,264896,10200.0,165,0.9031861517588031,0.8321009216387202,6,AU1904.SHF,289.4,287.8,50232,-1.3000000000000114,AU1902.SHF,287.4,286.8,43,3.3000000000000114,AU1912.SHF,294.2,293.25,347,6.800000000000011,0.028408050397392352,0.028077186186449454,72043.0,41807.0,4262.0,1766.0,35.0,33562.0,21152.0,0.26557751427316645,0.46586066654636815,0.505943980673093,2460.0,0.0,1.0
2019-01-04,AU1906.SHF,289.95,291.6,289.35,290.55,290.4,290.7,289.1,1.45,1.3,217562,6318682.25,265072,176.0,164,0.9076959021386314,0.8416640735636856,6,AU1904.SHF,289.35,289.15,46420,-1.1999999999999886,AU1902.SHF,289.0,289.0,42,1.5500000000000114,AU1912.SHF,294.1,294.15,346,5.100000000000023,0.021188080495356226,0.02100329759323628,70925.0,40126.0,845.0,-1558.0,36.0,33269.0,20965.0,0.27734104150345334,0.469072964399013,0.5224791905497682,2460.0,0.0,1.0
2019-01-07,AU1906.SHF,290.0,290.15,286.9,288.65,288.45,290.55,290.4,-1.75,-1.95,280434,8089133.62,259102,-5970.0,161,0.9236713130088798,0.8447288803108943,7,AU1904.SHF,287.45,287.35,43714,-1.1999999999999886,AU1902.SHF,286.15,285.95,39,2.5,AU1912.SHF,292.25,292.0,343,6.100000000000023,0.025595013656805072,0.02532601906720169,70663.0,38171.0,874.0,-1291.0,38.0,33167.0,19662.0,0.2985464101291876,0.4693686936586332,0.5151030887322837,2460.0,0.0,1.0
2019-01-08,AU1906.SHF,289.0,289.7,286.9,287.25,288.1,288.65,288.45,-1.2,-0.35,193804,5583961.37,262000,2898.0,160,0.9308907162619121,0.8472712690959422,7,AU1904.SHF,285.75,287.15,42804,-1.5,AU1902.SHF,285.4,286.1,38,1.8500000000000227,AU1912.SHF,291.15,291.85,342,5.75,0.02418984896544106,0.023949394844550824,72793.0,37654.0,2872.0,-389.0,35.0,33667.0,19691.0,0.3181525980787165,0.4625032626763562,0.5229457693737717,2460.0,0.0,1.0
2019-01-09,AU1906.SHF,286.95,287.65,285.85,286.2,286.75,287.25,288.1,-1.9,-1.35,184668,5295495.65,264048,2048.0,159,0.9290723765633961,0.8508619856282023,7,AU1904.SHF,285.2,285.7,41578,-1.0,AU1902.SHF,286.1,286.1,37,0.0999999999999659,AU1912.SHF,289.75,290.25,341,3.6499999999999773,0.01531772567560102,0.015220838782189819,72773.0,36383.0,164.0,-1062.0,36.0,34095.0,19165.0,0.33337608560225734,0.4685116732854218,0.5267570018964901,2460.0,0.0,1.0
2019-01-10,AU1906.SHF,285.7,287.85,285.6,286.9,286.9,286.2,286.75,0.15,0.15,223516,6413709.16,275262,11214.0,158,0.9256394116087994,0.8599465153768292,7,AU1904.SHF,285.85,286.0,39852,-1.0499999999999545,AU1902.SHF,285.45,285.0,36,1.4499999999999886,AU1912.SHF,290.45,290.5,340,5.0,0.021030966802186805,0.020848898487893997,74776.0,36490.0,2330.0,145.0,33.0,34622.0,18345.0,0.3440943325004943,0.46300952177169147,0.5027404768429706,2460.0,0.0,1.0
2019-01-11,AU1906.SHF,286.35,286.45,284.55,284.95,285.4,286.9,286.9,-1.95,-1.5,204814,5845628.19,279370,4108.0,157,0.9050792332098951,0.8641948575812319,7,AU1904.SHF,284.0,284.4,37612,-0.9499999999999886,AU1902.SHF,284.65,284.65,35,0.30000000000001137,AU1912.SHF,288.9,288.8,339,4.25,0.0179265626300074,0.017794052655957383,73833.0,34827.0,-715.0,-1268.0,35.0,33687.0,17463.0,0.3589729431253451,0.456259396204949,0.5014213110517701,2460.0,0.0,1.0
2019-01-14,AU1906.SHF,284.95,285.45,283.8,285.05,284.6,284.95,285.4,-0.35,-0.8,171396,4877963.87,284726,5356.0,154,0.8506680431200493,0.8699927278060585,7,AU1904.SHF,283.9,283.65,30376,-1.150000000000034,AU1902.SHF,283.45,283.45,32,1.6000000000000227,AU1912.SHF,288.75,288.45,336,5.300000000000011,0.02245012115754186,0.022242813121635004,74033.0,34271.0,688.0,-276.0,37.0,33548.0,16548.0,0.3671332545427685,0.45314927127091975,0.48285722622625543,2460.0,0.0,1.0
2019-01-15,AU1906.SHF,285.65,285.95,284.15,284.3,284.75,285.05,284.6,-0.3,0.15,168666,4803285.11,286962,2236.0,153,0.8501481884715417,0.8792266683007537,7,AU1904.SHF,283.4,283.75,22796,-0.9000000000000341,AU1902.SHF,284.25,284.25,31,0.05000000000001137,AU1912.SHF,288.1,288.35,335,3.8500000000000227,0.016262208952460295,0.016153062344870527,75962.0,35167.0,2505.0,930.0,40.0,33896.0,17046.0,0.36709589756049277,0.4462231115557779,0.4847157846845054,2460.0,0.0,1.0
2019-01-16,AU1906.SHF,284.75,285.5,284.25,284.6,284.8,284.3,284.75,-0.15,0.05,159836,4552787.34,297494,10532.0,152,0.8461945703273898,0.8878297719947476,7,AU1904.SHF,283.75,283.85,17188,-0.8500000000000227,AU1902.SHF,283.9,283.9,30,0.7000000000000455,AU1912.SHF,288.45,288.45,334,4.550000000000011,0.0192426679149442,0.019090096995888636,79030.0,34162.0,3659.0,-79.0,38.0,34989.0,16937.0,0.3963884373453954,0.4427306086296343,0.4957847901176746,2460.0,0.0,1.0
2019-01-17,AU1906.SHF,284.3,285.25,284.2,285.1,284.85,284.6,284.8,0.3,0.05,120016,3418942.81,304476,6982.0,151,0.8054548871171243,0.8900412754463711,7,AU1908.SHF,285.9,285.7,16242,0.7999999999999545,AU1902.SHF,282.5,283.45,29,2.6000000000000227,AU1912.SHF,288.6,288.5,333,6.100000000000023,0.025925710293432835,0.025649769572188702,81144.0,33547.0,2157.0,-511.0,41.0,36334.0,16983.0,0.4150020489837912,0.44777186236813565,0.5062449697439413,2460.0,0.0,1.0
2019-01-18,AU1906.SHF,285.55,285.65,284.7,285.05,285.15,285.1,284.85,0.2,0.3,147008,4192370.84,309930,5454.0,150,0.8375378865568242,0.875127769275513,7,AU1908.SHF,285.75,285.95,18520,0.6999999999999886,AU1902.SHF,282.75,283.15,28,2.3000000000000114,AU1912.SHF,288.75,288.7,332,6.0,0.025478151612452808,0.025211590778017406,83772.0,33450.0,3528.0,-67.0,38.0,37571.0,17011.0,0.4292880176076163,0.44849114262522083,0.5085500747384155,2460.0,0.0,1.0
2019-01-21,AU1906.SHF,284.15,284.2,282.7,283.2,283.3,285.05,285.15,-1.95,-1.85,193586,5484952.93,308690,-1240.0,147,0.8291970427735563,0.8487816413059618,6,AU1904.SHF,282.5,282.65,24378,-0.6999999999999886,AU1902.SHF,282.6,282.6,25,0.5999999999999659,AU1912.SHF,286.75,286.85,329,4.149999999999977,0.01763174190784802,0.01750353388833651,84421.0,32692.0,649.0,-758.0,37.0,37428.0,16754.0,0.44170160443332507,0.4433494035844162,0.512480117459929,2460.0,0.0,1.0
2019-01-22,AU1906.SHF,282.55,283.45,282.3,283.25,282.8,283.2,283.3,-0.05,-0.5,124106,3510069.78,306182,-2508.0,146,0.8530794610943085,0.8403144091380644,6,AU1904.SHF,282.55,282.2,26508,-0.6999999999999886,AU1902.SHF,280.2,281.7,24,3.0500000000000114,AU1912.SHF,286.7,286.4,328,6.5,0.027852520755851207,0.027534374111981685,82741.0,34687.0,-1680.0,2062.0,36.0,37967.0,18104.0,0.4092209694451068,0.4588656168042446,0.5219246403551763,2460.0,0.0,1.0
2019-01-23,AU1906.SHF,283.9,284.65,283.3,283.6,283.9,283.25,282.8,0.8,1.1,138716,3938212.61,306032,-150.0,145,0.8224301281823249,0.8274623895480256,7,AU1904.SHF,283.05,283.3,29946,-0.5500000000000114,AU1902.SHF,281.7,281.65,23,1.900000000000034,AU2002.SHF,288.1,287.85,390,6.400000000000034,0.022595394447297936,0.022342542318738192,80401.0,34371.0,-1950.0,-2.0,37.0,36996.0,18246.0,0.4010560066915276,0.4601435305531026,0.5308544994326613,2760.0,300.0,1.0
2019-01-24,AU1906.SHF,283.9,284.1,282.9,283.3,283.45,283.6,283.9,-0.6,-0.45,137742,3904404.71,303132,-2900.0,144,0.7849978343629608,0.8348306004307282,7,AU1908.SHF,284.15,284.15,26696,0.8499999999999659,AU1902.SHF,282.3,282.3,22,1.0,AU2002.SHF,287.85,287.85,389,5.550000000000011,0.01955279762094368,0.019363076811353956,80213.0,34687.0,-188.0,631.0,38.0,36723.0,18179.0,0.39622280243690167,0.4578185580890878,0.5240868336840891,2760.0,0.0,1.0
2019-01-25,AU1906.SHF,283.0,283.85,282.65,282.9,283.15,283.3,283.45,-0.55,-0.3,142372,4031798.65,304550,1418.0,143,0.758314336237936,0.8409684598859011,7,AU1908.SHF,283.55,283.85,28910,0.6500000000000341,AU1902.SHF,281.0,281.0,21,1.8999999999999773,AU2002.SHF,287.85,287.85,388,6.850000000000023,0.024244378290845348,0.023953589244268714,80470.0,34009.0,375.0,-678.0,38.0,35977.0,17376.0,0.4058473606512985,0.44708587051074933,0.5109235790526038,2760.0,0.0,1.0
2019-01-28,AU1906.SHF,283.05,285.95,282.75,285.6,284.85,282.9,283.15,2.45,1.7,223994,6381348.52,312142,7592.0,140,0.7833985017102327,0.8237979868357851,7,AU1908.SHF,286.25,285.35,35714,0.6499999999999773,AU1902.SHF,281.4,281.4,18,4.2000000000000455,AU2002.SHF,287.85,287.85,385,6.4500000000000455,0.02279619806766113,0.02253886580697139,81795.0,33684.0,2276.0,700.0,37.0,37150.0,16679.0,0.4166212038552464,0.4541842410905312,0.49516090725567036,2760.0,0.0,1.0
2019-01-29,AU1906.SHF,285.45,286.75,285.0,286.6,286.05,285.6,284.85,1.75,1.2,164764,4713796.09,305716,-6426.0,139,0.6799550999521287,0.7837223968293846,7,AU1908.SHF,287.35,286.6,47676,0.75,AU1902.SHF,283.1,284.7,17,3.5,AU2002.SHF,287.85,287.85,384,4.75,0.01668708739461993,0.0165486415162047,80596.0,33535.0,-1195.0,539.0,38.0,36386.0,17072.0,0.4123419579255417,0.4514616109980644,0.5090800656031013,2760.0,0.0,1.0
2019-01-30,AU1906.SHF,287.25,287.95,286.7,287.55,287.25,286.6,286.05,1.5,1.2,207730,5967131.02,310816,5100.0,138,0.7465320204125638,0.7943975872821142,7,AU1908.SHF,288.25,287.75,38360,0.6999999999999886,AU1902.SHF,287.35,287.35,16,0.19999999999998863,AU2002.SHF,287.85,287.85,383,0.5,0.0017305557833988453,0.0017290519110213316,79633.0,33225.0,1737.0,332.0,38.0,37115.0,16600.0,0.4112070034911127,0.46607562191553753,0.4996237772761475,2760.0,0.0,1.0
2019-01-31,AU1906.SHF,287.0,288.0,286.35,287.85,287.1,287.55,287.25,0.6,-0.15,153858,4417674.74,297038,-13778.0,137,0.6708085907866168,0.7961649592855267,7,AU1908.SHF,288.65,287.55,31142,0.7999999999999545,AU1902.SHF,283.5,283.7,15,4.350000000000023,AU2002.SHF,287.85,287.85,382,4.350000000000023,0.015260297276646144,0.01514440491339062,75341.0,32690.0,-4007.0,-313.0,40.0,34871.0,16761.0,0.3948033434847405,0.4628422771133911,0.5127256041602937,2760.0,0.0,1.0
2019-02-01,AU1906.SHF,288.4,289.3,287.8,289.2,288.4,287.85,287.1,2.1,1.3,150578,4343109.91,292324,-4714.0,136,0.6703259524381884,0.7742902701185046,7,AU1908.SHF,289.75,289.05,36422,0.5500000000000114,AU1902.SHF,283.7,283.7,14,5.5,AU2002.SHF,290.1,290.1,381,6.400000000000034,0.022436103686301986,0.0221867779266534,72743.0,33176.0,-1483.0,486.0,43.0,34260.0,17723.0,0.3735590403987953,0.4709731520558679,0.5342114781769954,2760.0,0.0,1.0
2019-02-11,AU1906.SHF,288.6,289.2,288.15,288.75,288.8,289.2,288.4,0.35,0.4,87420,2524738.14,296758,4434.0,126,0.6237691583183492,0.7702638163564064,7,AU1910.SHF,290.25,290.45,31010,1.5,AU1902.SHF,289.0,289.0,4,-0.25,AU2002.SHF,290.1,290.1,371,1.1000000000000227,0.003785485984745084,0.003778300001221021,73625.0,34038.0,882.0,890.0,41.0,35490.0,18049.0,0.3676936366253959,0.48203735144312393,0.5302602973147659,2760.0,0.0,1.0
2019-02-12,AU1906.SHF,288.15,289.15,287.85,288.85,288.55,288.75,288.8,0.05,-0.25,130022,3752046.57,300710,3952.0,125,0.5869325773717092,0.74576784004841,6,AU1910.SHF,290.45,289.95,40934,1.599999999999966,AU1904.SHF,288.25,287.95,62,0.6000000000000227,AU2002.SHF,290.1,290.1,370,1.8500000000000227,0.007605794032506995,0.00758149081830953,74966.0,34909.0,1868.0,871.0,43.0,35863.0,19035.0,0.3645688282138794,0.47839020355894674,0.5452748574866081,2760.0,0.0,1.0
2019-02-13,AU1906.SHF,289.0,289.3,287.9,288.25,288.4,288.85,288.55,-0.3,-0.15,121432,3502189.24,302158,1448.0,124,0.6827776215912286,0.7254937741004499,6,AU1910.SHF,290.7,290.7,42028,2.4499999999999886,AU1904.SHF,287.3,287.45,61,0.9499999999999886,AU2002.SHF,290.75,290.75,369,3.4499999999999886,0.014230678823438854,0.014145913233566173,74106.0,35197.0,-706.0,402.0,41.0,34055.0,19083.0,0.35597376101296396,0.459544436347934,0.5421768900758588,2760.0,0.0,1.0
2019-02-14,AU1906.SHF,287.85,289.75,287.5,287.6,288.35,288.25,288.4,-0.8,-0.05,171608,4948371.92,304386,2228.0,123,0.7114877526990497,0.7223551188950591,6,AU1910.SHF,289.9,290.6,42330,2.2999999999999545,AU1904.SHF,286.75,287.45,60,0.8500000000000227,AU2002.SHF,290.75,290.75,368,4.0,0.016530984272919748,0.01641674648406562,73660.0,35528.0,176.0,853.0,41.0,34475.0,19066.0,0.3492325163937429,0.468028780885148,0.5366471515424454,2760.0,0.0,1.0
2019-02-15,AU1906.SHF,287.05,289.7,287.05,289.6,288.45,287.6,288.35,1.25,0.1,188342,5433571.71,315622,11236.0,122,0.7273970169083058,0.7076821661277954,6,AU1908.SHF,290.75,289.6,48114,1.1499999999999773,AU1904.SHF,288.9,287.45,59,0.7000000000000455,AU2002.SHF,290.75,290.75,367,1.8500000000000227,0.007588681654102384,0.007564487445465261,76396.0,36543.0,2736.0,1324.0,41.0,35074.0,20124.0,0.3528719043023225,0.4591078066914498,0.5506937033084311,2760.0,0.0,1.0
2019-02-18,AU1906.SHF,289.8,291.2,289.2,290.95,290.3,289.6,288.45,2.5,1.85,182550,5299902.99,328372,12750.0,119,0.7445975379946649,0.7057422746439824,7,AU1908.SHF,292.15,291.35,50096,1.1999999999999886,AU1904.SHF,289.95,289.35,56,1.0,AU2002.SHF,293.3,293.3,364,3.3500000000000227,0.013691903888489683,0.013613411708600339,80211.0,38287.0,4408.0,2275.0,40.0,36899.0,21025.0,0.3537950007595065,0.4600241862088741,0.5491420064251573,2760.0,0.0,1.0
2019-02-19,AU1906.SHF,291.5,292.1,291.1,291.35,291.65,290.95,290.3,1.05,1.35,106198,3097331.26,329976,1604.0,118,0.7739363640338731,0.7023007342768969,7,AU1908.SHF,292.45,292.85,52588,1.099999999999966,AU1904.SHF,290.4,290.75,55,0.9500000000000455,AU2002.SHF,295.0,295.0,363,4.600000000000023,0.018771689742764344,0.018624567490423148,79786.0,38690.0,-265.0,811.0,38.0,36596.0,20904.0,0.3468719403085857,0.4586769608703281,0.540294649780305,2760.0,0.0,1.0
2019-02-20,AU1906.SHF,292.6,294.25,292.5,293.35,293.45,291.35,291.65,1.7,1.8,187480,5501876.97,335852,5876.0,117,0.7575745330822632,0.6924754949464126,7,AU1908.SHF,294.55,294.6,59062,1.1999999999999886,AU1904.SHF,292.5,292.55,54,0.8500000000000227,AU2002.SHF,297.7,297.75,362,5.199999999999989,0.02106782106782094,0.020882741859363913,81776.0,40667.0,2713.0,2020.0,37.0,36864.0,21395.0,0.3357398952982204,0.45079240853062025,0.5261022450635651,2760.0,0.0,1.0
2019-02-21,AU1906.SHF,293.5,293.95,291.4,291.5,292.65,293.35,293.45,-1.95,-0.8,163306,4779593.2,333688,-2164.0,116,0.7270582159457197,0.6783765542029552,7,AU1908.SHF,292.75,294.05,64616,1.25,AU1904.SHF,290.4,291.9,53,1.1000000000000227,AU2002.SHF,295.55,296.75,361,5.150000000000034,0.021016130907659858,0.020831953495792803,80166.0,40678.0,-655.0,11.0,39.0,35269.0,21526.0,0.3267683956174903,0.4399496045705162,0.5291803923496731,2760.0,0.0,1.0
2019-02-22,AU1906.SHF,291.25,291.9,289.35,289.6,290.5,291.5,292.65,-3.05,-2.15,160092,4650847.6,325464,-8224.0,115,0.743051816645935,0.6696073671129837,7,AU1908.SHF,290.8,291.85,70764,1.1999999999999886,AU1904.SHF,288.65,289.75,52,0.9500000000000455,AU2002.SHF,294.5,294.9,360,5.850000000000023,0.024017425498457857,0.023777286942906033,,,,,,,,,,,,,
2019-02-25,AU1906.SHF,289.05,290.75,288.65,289.3,289.55,289.6,290.5,-1.2,-0.95,179152,5187607.78,320880,-4584.0,112,0.7521453641661209,0.6661213915310744,8,AU1908.SHF,290.35,290.85,81010,1.0500000000000114,AU1903.SHF,292.15,292.15,18,-2.849999999999966,AU2002.SHF,294.05,293.85,357,1.900000000000034,0.007002302631745093,0.00697963110771221,77594.0,38275.0,-947.0,201.0,40.0,34685.0,20895.0,0.3393401168561047,0.4470062118205016,0.5459177008491182,2760.0,0.0,1.0
2019-02-26,AU1906.SHF,289.1,289.55,287.95,289.0,288.9,289.3,289.55,-0.55,-0.65,152828,4415491.13,319390,-1490.0,111,0.7817848848510891,0.6555220327155553,7,AU1908.SHF,290.25,290.1,86622,1.25,AU1904.SHF,288.2,288.05,48,0.8000000000000114,AU2002.SHF,292.8,292.9,356,4.600000000000023,0.018914985084311987,0.01876562000140652,76111.0,37764.0,-1345.0,-399.0,40.0,34099.0,20637.0,0.3367464324917673,0.4480167124331568,0.5464728312678742,2760.0,0.0,1.0
2019-02-27,AU1906.SHF,288.2,289.2,288.1,288.65,288.65,289.0,288.9,-0.25,-0.25,119290,3443493.24,315712,-3678.0,110,0.7998417615426908,0.6470012009131859,7,AU1908.SHF,289.9,289.8,90134,1.25,AU1904.SHF,288.0,288.0,47,0.6499999999999773,AU2002.SHF,293.0,293.45,355,5.0,0.020574044011544067,0.020397490394835457,74335.0,37439.0,-797.0,-291.0,40.0,33970.0,20887.0,0.3300946552865604,0.45698526938857875,0.5578941745238922,2760.0,0.0,1.0
2019-02-28,AU1906.SHF,288.15,288.85,285.9,286.85,287.2,288.65,288.65,-1.8,-1.45,173762,4990464.84,310530,-5182.0,109,0.801396524369996,0.6375836170186555,7,AU1908.SHF,288.0,288.4,95056,1.1499999999999773,AU1904.SHF,286.45,286.55,46,0.4000000000000341,AU2002.SHF,293.45,293.45,354,7.0,0.028959520144718236,0.028611338132016842,72081.0,38019.0,-1013.0,682.0,41.0,33442.0,22024.0,0.3093732970027248,0.463950278159293,0.5792893027170625,2760.0,0.0,1.0
2019-03-01,AU1906.SHF,287.7,288.0,285.55,285.85,286.55,286.85,287.2,-1.35,-0.65,179312,5138373.04,308794,-1736.0,108,0.8319429881132443,0.6310160209252902,7,AU1908.SHF,286.95,287.6,100574,1.099999999999966,AU1904.SHF,285.8,286.3,45,0.05000000000001137,AU2002.SHF,291.45,291.1,353,5.649999999999977,0.023427630801668393,0.023199066991766007,71877.0,37058.0,-204.0,-845.0,39.0,32948.0,20646.0,0.31963097259833845,0.45839420120483604,0.5571266663068704,2760.0,0.0,1.0
2019-03-04,AU1906.SHF,285.0,286.15,281.45,281.8,283.6,285.85,286.55,-4.75,-2.95,275324,7808887.48,308826,32.0,105,0.8179171518882049,0.6240674130056986,7,AU1908.SHF,282.9,284.75,108864,1.099999999999966,AU1904.SHF,281.3,283.6,42,0.5,AU2002.SHF,287.6,287.6,350,6.300000000000011,0.02654073619235383,0.02624789700696238,70087.0,36649.0,-1314.0,426.0,41.0,32260.0,20329.0,0.3132776195472943,0.4602850742648423,0.5546945346394172,2760.0,0.0,1.0
2019-03-05,AU1906.SHF,280.45,281.6,280.1,280.8,280.8,281.8,283.6,-2.8,-2.8,161400,4532874.25,310166,1340.0,104,0.8446812296549053,0.6194894942877687,7,AU1908.SHF,281.9,282.0,113388,1.099999999999966,AU1904.SHF,280.6,280.8,41,0.19999999999998863,AU2002.SHF,285.1,285.45,349,4.5,0.019004961538817578,0.01885417958229546,69551.0,36391.0,-238.0,30.0,39.0,31801.0,20442.0,0.3130014536255687,0.45723282195798765,0.5617322964469237,2760.0,0.0,1.0
2019-03-06,AU1906.SHF,280.75,282.35,280.0,282.35,281.0,280.8,280.8,1.55,0.2,177812,4997335.0,313180,3014.0,103,0.8261718024012192,0.6154686664780052,7,AU1908.SHF,283.4,282.35,116982,1.0499999999999545,AU1904.SHF,281.8,281.05,40,0.5500000000000114,AU2002.SHF,286.05,285.8,348,4.25,0.017872696856018427,0.017739262195567082,68581.0,37362.0,185.0,971.0,39.0,30495.0,21254.0,0.29467732648688444,0.4446566833379507,0.5688667630212515,2760.0,0.0,1.0
2019-03-07,AU1906.SHF,281.5,282.0,280.75,280.9,281.4,282.35,281.0,-0.1,0.4,145488,4094305.27,312876,-304.0,102,0.7871790154851696,0.607634761938055,7,AU1908.SHF,282.0,282.5,119308,1.1000000000000227,AU1904.SHF,280.5,281.2,39,0.39999999999997726,AU2002.SHF,285.85,286.1,347,5.350000000000023,0.022602842790008536,0.022389992054346365,68463.0,38900.0,953.0,2010.0,40.0,31002.0,20645.0,0.27535556942335815,0.45282853512116034,0.530719794344473,2760.0,0.0,1.0
2019-03-08,AU1906.SHF,281.6,283.75,280.75,283.55,282.15,280.9,281.4,2.15,0.75,203048,5729353.59,324006,11130.0,101,0.7860449991483299,0.6053720166362118,7,AU1908.SHF,284.65,283.05,122386,1.099999999999966,AU1904.SHF,283.1,282.2,38,0.44999999999998863,AU2002.SHF,287.95,287.95,346,4.849999999999966,0.02030224279429484,0.02013029730425959,70222.0,41219.0,2561.0,2383.0,39.0,32413.0,22671.0,0.2602543049685484,0.46157899233858335,0.5500133433610713,2700.0,-60.0,1.0
2019-03-11,AU1906.SHF,283.7,285.5,283.35,284.75,284.65,283.55,282.15,2.6,2.5,207238,5899714.61,325180,1174.0,98,0.8288459077238114,0.6057839908195353,7,AU1908.SHF,285.85,285.75,121850,1.1000000000000227,AU1904.SHF,284.8,284.5,35,-0.05000000000001137,AU2002.SHF,287.95,287.95,343,3.1499999999999773,0.013107284218590181,0.013035328446182081,71422.0,41386.0,1429.0,899.0,39.0,32401.0,22178.0,0.2662577122189916,0.45365573632774214,0.535881699125308,2700.0,0.0,1.0
2019-03-12,AU1906.SHF,284.35,284.65,283.2,284.2,283.9,284.75,284.65,-0.45,-0.75,158734,4506680.59,321462,-3718.0,97,0.7622427321533187,0.5962341000901412,7,AU1908.SHF,285.2,284.9,127102,1.0,AU1904.SHF,284.0,283.7,34,0.19999999999998863,AU2002.SHF,287.95,287.95,342,3.9499999999999886,0.01648241723065661,0.016368846636001567,69835.0,39598.0,-1077.0,-1788.0,38.0,29689.0,21601.0,0.2763060502773386,0.42513066513925685,0.5455073488560028,2700.0,0.0,1.0
2019-03-13,AU1906.SHF,284.45,285.75,283.75,285.65,284.9,284.2,283.9,1.75,1.0,131632,3750713.2,324048,2586.0,96,0.7654002256102524,0.5934162528018283,7,AU1908.SHF,286.6,285.8,131136,0.9500000000000455,AU1904.SHF,286.3,284.65,33,-0.6500000000000341,AU2002.SHF,289.0,289.0,341,2.6999999999999886,0.011175952932851146,0.01112358358133888,70532.0,37865.0,1671.0,-1247.0,39.0,29641.0,20372.0,0.301364428904859,0.42024896500879033,0.5380166380562524,2700.0,0.0,1.0
2019-03-14,AU1906.SHF,285.9,286.4,285.0,285.1,285.7,285.65,284.9,0.2,0.8,146008,4171594.12,322946,-1102.0,95,0.7919035015403306,0.5915802045780943,7,AU1908.SHF,286.0,286.7,130064,0.8999999999999773,AU1904.SHF,284.8,285.2,32,0.30000000000001137,AU2002.SHF,290.8,290.7,340,6.0,0.024966255654457797,0.024706904657023968,71123.0,38650.0,896.0,1788.0,40.0,30246.0,19750.0,0.29581955489965656,0.42526327629599425,0.5109961190168176,2700.0,0.0,1.0
2019-03-15,AU1906.SHF,284.35,285.3,282.95,284.9,283.95,285.1,285.7,-0.8,-1.75,207268,5886054.94,318490,-4456.0,94,0.7759359089547769,0.5932856951254042,7,AU1908.SHF,285.9,284.95,124978,1.0,AU1904.SHF,283.95,283.45,31,0.9499999999999886,AU2002.SHF,290.7,290.7,339,6.75,0.028171115730545197,0.027841490432165158,68722.0,39248.0,-2072.0,1473.0,40.0,29358.0,20936.0,0.2729832360840974,0.42719944122697245,0.5334284549531186,2700.0,0.0,1.0
2019-03-18,AU1906.SHF,284.95,285.55,283.95,285.2,284.75,284.9,283.95,1.25,0.8,138202,3935400.04,318934,444.0,91,0.7419683889533136,0.5968523093045887,7,AU1908.SHF,286.2,285.7,121192,1.0,AU1904.SHF,284.15,283.4,28,1.0500000000000114,AU2002.SHF,290.7,290.7,336,6.550000000000011,0.02731717517042162,0.027007084528962284,68651.0,39461.0,182.0,971.0,41.0,29128.0,20264.0,0.26999778007991715,0.4242909790097741,0.5135196776564203,2700.0,0.0,1.0
2019-03-19,AU1906.SHF,285.75,286.3,285.0,285.95,285.75,285.2,284.75,1.2,1.0,135022,3858655.06,319634,700.0,90,0.7235440378968127,0.5993736873687369,7,AU1908.SHF,286.95,286.65,115872,1.0,AU1904.SHF,285.1,284.75,27,0.8499999999999659,AU2002.SHF,290.7,290.7,335,5.599999999999966,0.023277318963043008,0.02305165990540375,70293.0,40549.0,1667.0,2297.0,38.0,30696.0,21885.0,0.268345933851789,0.4366864410396483,0.5397173789735875,2700.0,0.0,1.0
2019-03-20,AU1906.SHF,286.25,286.8,285.3,285.55,285.95,285.95,285.75,-0.2,0.2,121822,3484080.69,319172,-462.0,89,0.7463028535721724,0.6027116851725961,8,AU1908.SHF,286.55,286.9,112072,1.0,AU1904.SHF,284.9,284.55,26,0.6500000000000341,AU2004.SHF,290.3,290.3,392,5.400000000000034,0.01890223201698632,0.018725327260255345,69193.0,40956.0,-1100.0,1309.0,40.0,30278.0,20892.0,0.2563527585361646,0.43758761724451894,0.5101084090243188,2700.0,0.0,1.0
2019-03-21,AU1906.SHF,285.6,287.55,283.9,287.4,286.0,285.55,285.95,1.45,0.05,225440,6448708.28,319406,234.0,88,0.7723139957931087,0.6117037371829982,8,AU1908.SHF,288.3,286.8,103118,0.9000000000000341,AU1904.SHF,286.05,285.8,25,1.349999999999966,AU2004.SHF,290.3,290.3,391,4.25,0.01481694800958598,0.014707954550155583,68913.0,38756.0,762.0,-1659.0,38.0,29566.0,20073.0,0.28008990517233373,0.4290337091695326,0.5179327071937249,2901.0,201.0,1.0
2019-03-22,AU1906.SHF,287.5,287.6,285.3,286.35,286.3,287.4,286.0,0.35,0.3,177166,5072566.1,320804,1398.0,87,0.749743971697235,0.6171016589209319,8,AU1908.SHF,287.2,287.2,99060,0.8499999999999659,AU1904.SHF,285.4,285.3,24,0.9500000000000455,AU2004.SHF,291.75,291.75,390,6.350000000000023,0.022188683508143264,0.02194544162632311,70190.0,39078.0,1308.0,1414.0,38.0,29994.0,19003.0,0.2847311198154995,0.42732582989029777,0.4862838425712677,2901.0,0.0,1.0
2019-03-25,AU1906.SHF,286.85,288.1,286.4,288.05,287.35,286.35,286.3,1.75,1.05,175704,5049460.55,324094,3290.0,84,0.7607748729184166,0.6200097948439329,8,AU1908.SHF,289.0,288.3,97938,0.9499999999999886,AU1904.SHF,285.6,285.5,21,2.4499999999999886,AU2004.SHF,291.75,291.75,387,6.149999999999977,0.021474778435964473,0.021246830207516745,71713.0,38091.0,1523.0,-396.0,39.0,30647.0,18771.0,0.30620013842847255,0.4273562673434384,0.492793573285028,2901.0,0.0,1.0
2019-03-26,AU1906.SHF,288.6,289.5,288.1,288.3,288.65,288.05,287.35,0.95,1.3,166586,4808905.35,327326,3232.0,83,0.7152929254761864,0.6305741564115802,8,AU1908.SHF,289.3,289.55,88444,1.0,AU1904.SHF,287.55,287.25,20,0.75,AU2004.SHF,294.3,294.3,386,6.75,0.02341004130429195,0.023139501186003508,72458.0,39773.0,745.0,1780.0,39.0,30440.0,18547.0,0.2912296958950735,0.4201054403930553,0.46632137379629396,3651.0,750.0,1.0
2019-03-27,AU1906.SHF,288.1,288.7,287.6,288.25,288.15,288.3,288.65,-0.4,-0.5,157278,4532307.03,326820,-506.0,82,0.7147310635667933,0.6369841387402208,8,AU1908.SHF,289.3,289.15,83278,1.0500000000000114,AU1904.SHF,286.7,286.85,19,1.5500000000000114,AU2004.SHF,290.9,290.9,385,4.199999999999989,0.014609433519929937,0.014503457112892294,72680.0,40393.0,284.0,620.0,38.0,30526.0,19248.0,0.28554119904840236,0.42000550357732525,0.4765182086005001,3651.0,0.0,1.0
2019-03-28,AU1906.SHF,288.25,288.55,286.95,287.45,287.55,288.25,288.15,-0.7,-0.6,203166,5842160.51,318474,-8346.0,81,0.7507482872536195,0.638155389997876,8,AU1908.SHF,288.4,288.6,76136,0.9499999999999886,AU1904.SHF,285.6,285.85,18,1.849999999999966,AU2004.SHF,290.9,290.9,384,5.2999999999999545,0.018506719627741742,0.01833709641541037,71007.0,40920.0,-1417.0,2801.0,39.0,29857.0,21056.0,0.26880913452518157,0.4204796710183503,0.5145650048875855,3651.0,0.0,1.0
2019-03-29,AU1906.SHF,285.8,285.8,281.85,282.0,283.5,287.45,287.55,-5.55,-4.05,345786,9803457.45,293466,-25008.0,80,0.7941873604718463,0.6247945497125825,8,AU1912.SHF,284.7,285.9,77624,2.6999999999999886,AU1904.SHF,280.85,281.7,17,1.1499999999999773,AU2004.SHF,290.9,290.9,383,10.049999999999955,0.03568645534486924,0.03506278410052092,64761.0,37733.0,-4856.0,-2054.0,40.0,28548.0,18725.0,0.2637032411653365,0.44082086440913515,0.4962499668724989,3651.0,0.0,1.0
2019-04-01,AU1906.SHF,283.6,284.0,281.9,282.1,282.9,282.0,283.5,-1.4,-0.6,208964,5911738.36,294862,1396.0,77,0.7445503067790692,0.6301789691003672,8,AU1912.SHF,284.7,285.5,78680,2.599999999999966,AU1904.SHF,280.0,280.0,14,2.1000000000000227,AU2004.SHF,290.9,290.9,380,10.899999999999977,0.038822209211553466,0.03808561817252954,64889.0,40238.0,787.0,3084.0,39.0,28796.0,20578.0,0.234487809982212,0.4437732127171015,0.5114071275908345,3651.0,0.0,1.0
2019-04-02,AU1906.SHF,283.75,283.75,282.1,282.15,282.7,282.1,282.9,-0.75,-0.2,155618,4399750.11,299452,4590.0,76,0.7108896055841321,0.6404239666027922,8,AU1912.SHF,284.9,285.3,80508,2.75,AU1904.SHF,280.0,280.0,13,2.1499999999999773,AU2004.SHF,290.9,290.9,379,10.899999999999977,0.038822209211553466,0.03808561817252954,66329.0,39515.0,1440.0,-723.0,40.0,30030.0,20144.0,0.253335096935112,0.452743144024484,0.5097810957864102,3651.0,0.0,1.0
2019-04-03,AU1906.SHF,282.7,283.35,282.5,282.9,282.95,282.15,282.7,0.2,0.25,143928,4072539.53,296286,-3166.0,75,0.681916385551302,0.6371632316003165,8,AU1912.SHF,285.55,285.55,83644,2.650000000000034,AU1904.SHF,282.0,282.0,12,0.8999999999999773,AU2004.SHF,287.9,287.9,378,5.899999999999977,0.02086482191993163,0.020649552563404373,67010.0,37924.0,681.0,-424.0,37.0,30933.0,19617.0,0.27718375359749936,0.4616176690046262,0.5172713848750132,3651.0,0.0,1.0
2019-04-04,AU1906.SHF,282.85,283.15,282.0,282.95,282.55,282.9,282.95,0.0,-0.4,145032,4098117.7,288068,-8218.0,74,0.7170927070457355,0.6289996462712183,8,AU1912.SHF,285.55,285.25,85096,2.6000000000000227,AU1904.SHF,282.0,282.0,11,0.9499999999999886,AU2004.SHF,287.9,287.9,377,5.899999999999977,0.02086482191993163,0.020649552563404373,65208.0,34727.0,-1609.0,-1842.0,39.0,29373.0,17840.0,0.3050082553659879,0.4504508649245491,0.5137213119474761,3651.0,0.0,1.0
2019-04-08,AU1906.SHF,283.0,284.3,283.0,284.15,283.8,282.95,282.55,1.6,1.25,80336,2280320.96,286980,-1088.0,70,0.6828273212525074,0.6272649778146926,8,AU1912.SHF,286.8,286.5,86096,2.650000000000034,AU1904.SHF,283.05,283.0,7,1.099999999999966,AU2004.SHF,287.9,287.9,373,4.849999999999966,0.01708796549683702,0.016943217361866898,64760.0,34780.0,-61.0,97.0,38.0,29185.0,17823.0,0.30118545308418726,0.4506639901173564,0.5124496837262795,3651.0,0.0,1.0
2019-04-09,AU1906.SHF,285.2,285.35,283.7,284.4,284.45,284.15,283.8,0.6,0.65,134752,3833428.23,286894,-86.0,69,0.6819778328862797,0.622718748372085,8,AU1912.SHF,287.15,287.25,87128,2.75,AU1904.SHF,283.0,283.0,6,1.3999999999999773,AU2004.SHF,287.9,287.9,372,4.899999999999977,0.017267180289250426,0.017119397515944587,64202.0,36824.0,-558.0,2744.0,39.0,29404.0,18528.0,0.2709995446716687,0.4579919628672004,0.5031501194872909,3651.0,0.0,1.0
2019-04-10,AU1906.SHF,285.4,285.85,284.9,285.8,285.35,284.4,284.45,1.35,0.9,149918,4278291.89,281210,-5684.0,68,0.7006037834604456,0.624228621151985,8,AU1912.SHF,288.55,288.15,87204,2.75,AU1904.SHF,283.95,281.65,5,1.8500000000000227,AU2004.SHF,287.9,287.9,371,3.9499999999999886,0.013872891883335734,0.013777285307544535,64451.0,36067.0,384.0,372.0,38.0,28699.0,17914.0,0.28237728566027975,0.44528401421234737,0.49668672193417807,3651.0,0.0,1.0
2019-04-11,AU1906.SHF,285.5,286.9,285.35,286.15,286.15,285.8,285.35,0.8,0.8,160374,4589568.14,288986,7776.0,67,0.7146791443850268,0.634517677333228,8,AU1912.SHF,289.0,288.9,89594,2.8500000000000227,AU1904.SHF,281.65,281.65,4,4.5,AU2004.SHF,287.95,287.95,370,6.300000000000011,0.022307072200411598,0.022061246839794674,66614.0,39631.0,2950.0,3901.0,39.0,29734.0,19364.0,0.2539695985693444,0.4463626264749152,0.4886074032954001,3450.0,-201.0,1.0
2019-04-12,AU1906.SHF,284.0,284.7,282.9,283.3,283.75,286.15,286.15,-2.85,-2.4,198178,5623407.03,276936,-12050.0,66,0.752612790521039,0.6289511575829976,8,AU1912.SHF,286.1,286.6,91148,2.8000000000000114,AU1904.SHF,281.65,281.65,3,1.650000000000034,AU2004.SHF,287.95,287.95,369,6.300000000000011,0.022307072200411598,0.022061246839794674,61191.0,36913.0,-4332.0,-1392.0,38.0,27521.0,17200.0,0.24747207045584277,0.4497556830252815,0.46596050172026116,3450.0,0.0,1.0
2019-04-15,AU1906.SHF,282.55,283.45,281.6,281.75,282.3,283.3,283.75,-2.0,-1.45,160802,4539927.85,277430,494.0,63,0.7291814042915964,0.632766170969802,8,AU1912.SHF,284.5,285.05,93522,2.75,AU1905.SHF,283.3,283.9,30,-1.5500000000000114,AU2004.SHF,287.6,287.6,366,4.300000000000011,0.016488284335972308,0.016364404579772555,60264.0,37763.0,-665.0,2448.0,37.0,27635.0,19097.0,0.22953880053454662,0.4585656444975441,0.505706644069592,3450.0,0.0,1.0
2019-04-16,AU1906.SHF,281.25,282.2,280.9,281.5,281.5,281.75,282.3,-0.8,-0.8,123516,3477012.3,277222,-208.0,62,0.6668538294587036,0.6352096346230518,7,AU1912.SHF,284.45,284.3,96730,2.9499999999999886,AU1905.SHF,282.1,283.0,29,-0.6000000000000227,AU2004.SHF,286.8,286.8,365,4.699999999999989,0.0180987407369895,0.017949625333014384,60237.0,37812.0,-27.0,817.0,38.0,27933.0,18670.0,0.2287121745249824,0.4637183126649734,0.4937585951549773,2850.0,-600.0,1.0
2019-04-17,AU1906.SHF,280.45,280.55,279.65,280.0,279.95,281.5,281.5,-1.5,-1.55,191974,5375172.45,278806,1584.0,61,0.7059840249481473,0.6294157486003251,8,AU1912.SHF,282.85,282.85,106644,2.8500000000000227,AU1905.SHF,281.55,280.95,28,-1.5500000000000114,AU2004.SHF,286.8,286.8,364,5.25,0.020256171195169575,0.020069630399005303,59137.0,39039.0,-879.0,1248.0,38.0,26865.0,18928.0,0.20471398305084745,0.4542841199249201,0.48484848484848486,2850.0,0.0,1.0
2019-04-18,AU1906.SHF,279.5,279.65,277.8,278.2,278.75,280.0,279.95,-1.75,-1.2,144252,4021261.96,277184,-1622.0,60,0.6898642767644498,0.629354306966437,8,AU1912.SHF,280.95,281.45,107520,2.75,AU1905.SHF,280.95,280.95,27,-2.75,AU2004.SHF,286.8,286.8,363,5.850000000000023,0.02261936541835103,0.022387091595384552,58579.0,37944.0,455.0,-879.0,41.0,26691.0,18361.0,0.21378324337204604,0.45564110005291997,0.48389732236980815,2700.0,-150.0,1.0
2019-04-19,AU1906.SHF,278.85,279.85,278.7,279.5,279.35,278.2,278.75,0.75,0.6,108638,3034850.09,267830,-9354.0,59,0.6609919929908248,0.6172051435682352,8,AU1912.SHF,282.5,282.4,109806,3.0,AU1905.SHF,279.7,280.0,26,-0.19999999999998863,AU2004.SHF,284.95,284.95,362,5.25,0.020390150160886637,0.020201148859165158,56889.0,35471.0,-732.0,-2203.0,40.0,26189.0,17303.0,0.23189692507579038,0.4603526164987959,0.4878069408812833,2700.0,0.0,1.0
2019-04-22,AU1906.SHF,279.75,280.85,279.4,280.3,280.15,279.5,279.35,0.95,0.8,93824,2628643.33,258194,-9636.0,56,0.6637989585691646,0.6142386784283499,8,AU1912.SHF,283.35,283.15,108800,3.0500000000000114,AU1905.SHF,280.2,280.2,23,0.10000000000002274,AU2004.SHF,285.95,285.95,359,5.75,0.02229221899323609,0.022066570855127282,54937.0,34114.0,-1690.0,-1200.0,37.0,25544.0,17183.0,0.23383229834589167,0.46496896445018837,0.5036934982705048,2640.0,-60.0,1.0
2019-04-23,AU1906.SHF,280.3,280.55,278.9,279.0,279.65,280.3,280.15,-1.15,-0.5,114824,3211332.06,255178,-3016.0,55,0.6334767736952444,0.606596112886049,8,AU1912.SHF,281.95,282.45,112684,2.9499999999999886,AU1905.SHF,279.85,279.85,22,-0.8500000000000227,AU2004.SHF,285.95,285.95,358,6.099999999999966,0.023678713936887884,0.023424336707571842,55362.0,34097.0,802.0,198.0,37.0,25680.0,17470.0,0.2377066589163751,0.4638560745637802,0.5123617913599436,2640.0,0.0,1.0
2019-04-24,AU1906.SHF,278.3,279.6,277.9,278.85,278.7,279.0,279.65,-0.8,-0.95,146590,4085801.85,243696,-11482.0,54,0.6614117095004332,0.57801011356413,8,AU1912.SHF,281.75,281.6,119552,2.8999999999999773,AU1905.SHF,279.85,279.85,21,-1.0,AU2004.SHF,284.65,284.4,357,4.7999999999999545,0.018632430638862364,0.018474442475590904,53552.0,32369.0,-1445.0,-1728.0,38.0,24879.0,17044.0,0.24654042667101175,0.46457648640573646,0.5265531836015941,2640.0,0.0,1.0
2019-04-25,AU1906.SHF,279.45,280.9,278.75,280.4,280.05,278.85,278.7,1.7,1.35,153468,4298085.9,236054,-7642.0,53,0.6334794561260123,0.5398481452682614,8,AU1912.SHF,283.4,283.05,135378,3.0,AU1905.SHF,279.05,279.05,20,1.349999999999966,AU2004.SHF,284.4,284.4,356,5.349999999999966,0.02082693407052822,0.020629800754597378,54012.0,31004.0,2026.0,-260.0,38.0,24223.0,16816.0,0.2706314105580126,0.44847441309338665,0.5423816281770094,2640.0,0.0,1.0
2019-04-26,AU1906.SHF,281.05,281.95,280.6,281.45,281.25,280.4,280.05,1.4,1.2,171400,4821414.06,216692,-19362.0,52,0.6306942788595987,0.4949294693758223,8,AU1912.SHF,284.4,284.2,156146,2.9499999999999886,AU1905.SHF,280.7,280.7,19,0.75,AU2004.SHF,286.5,285.85,355,5.800000000000011,0.02244601082328205,0.022217259723927102,49664.0,27197.0,-4078.0,-3444.0,38.0,21821.0,14295.0,0.29230689166157087,0.43937258376288657,0.5256094422178916,2640.0,0.0,1.0
2019-04-29,AU1906.SHF,281.7,282.35,281.3,281.3,281.85,281.45,281.25,0.05,0.6,144702,4078640.51,191132,-25560.0,49,0.5890767865430179,0.429072362129423,8,AU1912.SHF,284.35,284.85,179938,3.0500000000000114,AU1905.SHF,280.7,280.7,16,0.6000000000000227,AU2004.SHF,285.85,285.85,352,5.150000000000034,0.019930509610328155,0.019749883139531098,46398.0,22507.0,-2955.0,-4396.0,39.0,22112.0,10993.0,0.3467237500907046,0.47657226604595027,0.48842582307726484,2640.0,0.0,1.0
2019-04-30,AU1912.SHF,284.3,284.95,283.45,284.8,284.25,284.35,284.85,-0.05,-0.6,53590,1523427.08,200282,20344.0,230,0.2564090295786643,0.43857628365713086,7,AU1906.SHF,281.55,281.1,170426,-3.25,AU1906.SHF,281.55,281.1,48,3.25,AU2004.SHF,285.65,285.65,351,4.099999999999966,0.017541977959116932,0.01741547926235313,,,,,,,,,,,2640.0,0.0,1.0
2019-05-06,AU1912.SHF,287.95,288.0,285.65,286.25,286.35,284.8,284.25,2.0,2.1,58918,1687331.58,221368,21086.0,224,0.3292906485435157,0.47930713435097977,7,AU1906.SHF,282.7,283.2,148564,-3.5500000000000114,AU1906.SHF,282.7,283.2,42,3.5500000000000114,AU2004.SHF,285.65,285.65,345,2.9499999999999886,0.012570323180177773,0.012505189676198883,,,,,,,,,,,2640.0,0.0,1.0
2019-05-07,AU1912.SHF,284.8,286.3,284.6,285.7,285.65,286.25,286.35,-0.65,-0.7,66876,1910509.28,239488,18120.0,223,0.3042168948733112,0.5064648882760721,7,AU1906.SHF,282.4,282.2,128894,-3.3000000000000114,AU1906.SHF,282.4,282.2,41,3.3000000000000114,AU2004.SHF,285.3,285.3,344,2.900000000000034,0.012370394263222525,0.012307309238066387,,,,,,,,,,,2640.0,0.0,1.0
2019-05-08,AU1912.SHF,285.5,287.45,285.4,287.15,286.7,285.7,285.65,1.5,1.05,91326,2618530.91,261550,22062.0,222,0.36747060669708603,0.5362202367528692,7,AU1906.SHF,283.95,283.35,111540,-3.1999999999999886,AU1906.SHF,283.95,283.35,40,3.1999999999999886,AU2004.SHF,289.5,289.55,343,5.550000000000011,0.02354514373782857,0.02331799571520478,,,,,,,,,,,2640.0,0.0,1.0
2019-05-09,AU1912.SHF,287.7,287.95,286.1,287.2,286.8,287.15,286.7,0.5,0.1,104546,2998651.35,277116,15566.0,221,0.37509328358208954,0.5557101891030141,7,AU1906.SHF,284.1,283.75,94782,-3.099999999999966,AU1906.SHF,284.1,283.75,39,3.099999999999966,AU2004.SHF,290.45,290.45,342,6.349999999999966,0.02692481497357746,0.026628322726454406,,,,,,,,,,,2640.0,0.0,1.0
2019-05-10,AU1912.SHF,288.0,288.9,287.05,287.25,287.85,287.2,286.8,0.45,1.05,152548,4391329.55,291046,13930.0,220,0.45902290480603736,0.570289292796288,7,AU1906.SHF,284.45,284.85,78934,-2.8000000000000114,AU1906.SHF,284.45,284.85,38,2.8000000000000114,AU2004.SHF,291.0,291.35,341,6.550000000000011,0.027738667696968478,0.027424119573647616,,,,,,,,,,,2640.0,0.0,1.0
2019-05-13,AU1912.SHF,288.9,289.6,288.15,289.2,288.9,287.25,287.85,1.35,1.05,152284,4399766.13,305696,14650.0,217,0.608989842437815,0.5833291988993501,7,AU1908.SHF,287.4,286.95,84458,-1.8000000000000114,AU1906.SHF,286.35,285.85,35,2.849999999999966,AU2004.SHF,292.1,291.75,338,5.75,0.024189165904542294,0.02394950578266529,,,,,,,,,,,2640.0,0.0,1.0
2019-05-14,AU1912.SHF,290.9,293.9,290.9,292.75,292.95,289.2,288.9,3.85,4.05,226070,6623248.38,326770,21074.0,216,0.6393273869787277,0.5900846563904018,7,AU1908.SHF,290.6,291.0,97658,-2.1499999999999773,AU1906.SHF,289.5,289.7,34,3.25,AU2004.SHF,296.1,296.65,337,6.600000000000023,0.0274628499119344,0.027154479882808495,,,,,,,,,,,2640.0,0.0,1.0
2019-05-15,AU1912.SHF,293.1,293.3,291.0,291.25,292.1,292.75,292.95,-1.7,-0.85,172078,5027200.27,334372,7602.0,215,0.6571424207012961,0.5969628045318699,7,AU1908.SHF,289.25,290.0,103032,-2.0,AU1906.SHF,288.2,288.8,33,3.0500000000000114,AU2004.SHF,295.75,295.75,336,7.550000000000011,0.03155754506748389,0.031151267465254737,,,,,,,,,,,2640.0,0.0,1.0
2019-05-16,AU1912.SHF,293.15,293.25,291.6,292.35,292.35,291.25,292.1,0.25,0.25,156062,4562785.6,338104,3732.0,214,0.6950855595442763,0.5960867832850851,7,AU1908.SHF,290.35,290.3,109092,-2.0,AU1906.SHF,289.0,289.05,32,3.3500000000000227,AU2004.SHF,295.2,295.15,335,6.199999999999989,0.0258430687359392,0.025569761333558032,,,,,,,,,,,2640.0,0.0,1.0
2019-05-17,AU1912.SHF,291.0,291.85,290.15,291.7,291.0,292.35,292.35,-0.65,-1.35,164084,4775496.89,335548,-2556.0,213,0.7053735706302123,0.5909449539991828,8,AU1908.SHF,289.75,288.95,111408,-1.9499999999999886,AU1906.SHF,288.65,287.95,31,3.0500000000000114,AU2006.SHF,294.7,293.45,395,6.050000000000011,0.02101722112981419,0.020799994523070985,,,,,,,,,,,2640.0,0.0,1.0
2019-05-20,AU1912.SHF,291.1,291.35,289.15,289.4,289.85,291.7,291.0,-1.6,-1.15,157110,4553970.09,335976,428.0,210,0.6593835512951802,0.5915882814893595,8,AU1908.SHF,287.55,287.7,108290,-1.849999999999966,AU1906.SHF,286.8,286.8,28,2.599999999999966,AU2006.SHF,292.4,292.5,392,5.599999999999966,0.019579444265636674,0.019390744477493685,,,,,,,,,,,2640.0,0.0,1.0
2019-05-21,AU1912.SHF,289.85,290.25,288.65,289.15,289.4,289.4,289.85,-0.7,-0.45,129642,3752140.3,337886,1910.0,209,0.6899300714186881,0.5910797317202025,8,AU1908.SHF,287.3,287.55,109250,-1.849999999999966,AU1906.SHF,286.8,286.8,27,2.349999999999966,AU2006.SHF,291.5,292.0,391,4.699999999999989,0.01643274786580223,0.016299553375700104,,,,,,,,,,,2640.0,0.0,1.0
2019-05-22,AU1912.SHF,288.45,289.1,287.7,288.9,288.55,289.15,289.4,-0.5,-0.85,121064,3493877.16,347260,9374.0,208,0.6594043443212271,0.6059982060526528,8,AU1908.SHF,287.15,286.7,103978,-1.75,AU1906.SHF,286.3,286.05,26,2.599999999999966,AU2006.SHF,291.4,290.8,390,5.099999999999966,0.01786242049951437,0.017705189024224664,,,,,,,,,,,2640.0,0.0,1.0
2019-05-23,AU1912.SHF,289.2,289.75,288.9,289.35,289.3,288.9,288.55,0.8,0.75,107242,3102873.02,355696,8436.0,207,0.6730303372619899,0.6220788896545211,8,AU1908.SHF,287.7,287.55,99500,-1.650000000000034,AU1906.SHF,287.0,286.85,25,2.3500000000000227,AU2006.SHF,293.0,292.15,389,6.0,0.02096335720029105,0.020747234997164504,,,,,,,,,,,2640.0,0.0,1.0
2019-05-24,AU1912.SHF,290.9,291.8,290.55,291.1,291.2,289.35,289.3,1.8,1.9,182408,5311978.96,360482,4786.0,206,0.7025365695842737,0.6470803640345366,8,AU1908.SHF,289.35,289.45,90500,-1.75,AU1906.SHF,288.25,288.55,24,2.8500000000000227,AU2006.SHF,293.9,293.9,388,5.649999999999977,0.019654889776312117,0.019464742336900213,,,,,,,,,,,2640.0,0.0,1.0
2019-05-27,AU1912.SHF,291.05,291.45,290.2,291.25,291.0,291.1,291.2,0.05,-0.2,108838,3167382.79,358108,-2374.0,203,0.7575660550714146,0.6546931731342301,8,AU1910.SHF,290.35,290.0,89430,-0.8999999999999773,AU1906.SHF,288.5,288.45,21,2.75,AU2006.SHF,293.85,293.75,385,5.350000000000023,0.018595139695659735,0.018424826086083618,,,,,,,,,,,2640.0,0.0,1.0
2019-05-28,AU1912.SHF,291.1,291.25,290.55,291.0,290.85,291.25,291.0,0.0,-0.15,65916,1917233.03,358546,438.0,202,0.7465005662514156,0.6617706229997158,8,AU1910.SHF,290.05,289.9,88676,-0.9499999999999886,AU1906.SHF,288.5,288.2,20,2.5,AU2006.SHF,293.65,293.6,384,5.149999999999977,0.017899994286476116,0.017742104525924743,,,,,,,,,,,2640.0,0.0,1.0
2019-05-29,AU1912.SHF,290.2,291.5,289.55,291.45,290.35,291.0,290.85,0.6,-0.5,144184,4186912.92,366816,8270.0,201,0.7901878685577746,0.6752324922134437,8,AU1910.SHF,290.5,289.35,87022,-0.9499999999999886,AU1906.SHF,288.5,288.0,19,2.9499999999999886,AU2006.SHF,294.35,293.65,383,5.850000000000023,0.020333003218618566,0.020129599112726416,,,,,,,,,,,2670.0,30.0,1.0
2019-05-30,AU1912.SHF,291.15,291.55,289.65,290.1,290.6,291.45,290.35,-0.25,0.25,146190,4248559.46,370280,3464.0,200,0.7982766529061005,0.6861204583524808,8,AU1910.SHF,289.2,289.8,83580,-0.9000000000000341,AU1906.SHF,287.3,287.65,18,2.8000000000000114,AU2006.SHF,292.95,292.7,382,5.649999999999977,0.01971988158030624,0.01952848269787673,,,,,,,,,,,2730.0,60.0,1.0
2019-05-31,AU1912.SHF,290.7,293.55,290.5,293.45,292.2,290.1,290.6,2.85,1.6,210680,6156487.42,389780,19500.0,199,0.780689532505262,0.7103596083891615,8,AU1910.SHF,292.45,291.2,78394,-1.0,AU1906.SHF,289.75,288.85,17,3.6999999999999886,AU2006.SHF,296.05,295.4,381,6.300000000000011,0.021802614986394103,0.021568969825940306,,,,,,,,,,,2730.0,0.0,1.0
2019-06-03,AU1912.SHF,294.2,297.1,293.8,296.7,295.55,293.45,292.2,4.5,3.35,244464,7225648.81,402048,12268.0,196,0.7942196982495354,0.7261535794013741,8,AU1910.SHF,295.75,294.45,75486,-0.9499999999999886,AU1906.SHF,292.75,292.95,14,3.9499999999999886,AU2006.SHF,299.5,299.05,378,6.75,0.023120560054804198,0.022858039844374144,,,,,,,,,,,2730.0,0.0,1.0
2019-06-04,AU1912.SHF,297.7,300.1,296.95,299.75,298.65,296.7,295.55,4.2,3.1,238932,7136685.46,414088,12040.0,195,0.8280092319848075,0.7425536264422025,8,AU1910.SHF,298.85,297.55,70496,-0.8999999999999773,AU1906.SHF,296.4,295.75,13,3.3500000000000227,AU2006.SHF,303.0,302.25,377,6.600000000000023,0.022328380121902542,0.022083414593172195,,,,,,,,,,,2730.0,0.0,1.0
2019-06-05,AU1912.SHF,299.1,301.9,298.75,301.7,300.0,299.75,298.65,3.05,1.35,255926,7677949.24,428600,14512.0,194,0.8265916490103871,0.7461075676127343,8,AU1910.SHF,300.8,298.9,76244,-0.8999999999999773,AU1906.SHF,298.25,297.15,12,3.4499999999999886,AU2006.SHF,304.95,303.25,376,6.699999999999989,0.02252609084126268,0.02227680009346303,,,,,,,,,,,2730.0,0.0,1.0
2019-06-06,AU1912.SHF,302.85,303.7,300.25,301.7,301.75,301.7,300.0,1.7,1.75,314902,9502305.6,426302,-2298.0,193,0.8301881818229752,0.7447910297041466,8,AU1910.SHF,300.65,300.9,79468,-1.0500000000000114,AU1906.SHF,298.55,298.55,11,3.1499999999999773,AU2006.SHF,304.9,305.3,375,6.349999999999966,0.021327901708072347,0.02110425086659542,,,,,,,,,,,2730.0,0.0,1.0
2019-06-10,AU1912.SHF,302.55,302.6,300.4,300.85,301.25,301.7,301.75,-0.9,-0.5,136076,4099479.11,426286,-16.0,189,0.7909280076258675,0.737044670212251,8,AU1910.SHF,299.9,300.3,85818,-0.9500000000000455,AU1906.SHF,298.0,298.1,7,2.8500000000000227,AU2006.SHF,304.05,304.65,371,6.050000000000011,0.0203577881849695,0.020153891200991075,,,,,,,,,,,2730.0,0.0,1.0
2019-06-11,AU1912.SHF,301.05,301.4,299.3,299.55,300.5,300.85,301.25,-1.7,-0.75,194824,5854747.32,423948,-2338.0,188,0.8213282969233493,0.7314921855319325,8,AU1910.SHF,298.7,299.75,90642,-0.8500000000000227,AU1906.SHF,297.15,298.0,6,2.400000000000034,AU2006.SHF,303.2,303.95,370,6.050000000000011,0.020416021804209542,0.0202109644609193,,,,,,,,,,,2730.0,0.0,1.0
2019-06-12,AU1912.SHF,299.15,303.4,298.65,302.6,301.05,299.55,300.5,2.1,0.55,294244,8858854.39,439468,15520.0,187,0.8260129918983106,0.734127819373031,8,AU1910.SHF,301.7,300.15,98062,-0.9000000000000341,AU1906.SHF,300.15,298.7,5,2.4500000000000455,AU2006.SHF,306.2,304.55,369,6.050000000000011,0.020211963615261896,0.02001095806838431,,,,,,,,,,,2730.0,0.0,1.0
2019-06-13,AU1912.SHF,302.1,303.25,301.3,303.2,302.35,302.6,301.05,2.15,1.3,215912,6528968.45,439714,246.0,186,0.825231808835108,0.7276202264370745,8,AU1910.SHF,302.2,301.45,105626,-1.0,AU1906.SHF,299.35,298.75,4,3.849999999999966,AU2006.SHF,306.6,306.0,368,7.25,0.02428567757614015,0.023996252223128296,,,,,,,,,,,2730.0,0.0,1.0
2019-06-14,AU1912.SHF,302.5,307.8,302.35,307.75,304.8,303.2,302.35,5.4,2.45,303908,9263550.73,459468,19754.0,185,0.8180961661668668,0.7264982401548284,8,AU1910.SHF,306.7,304.05,116070,-1.0500000000000114,AU1906.SHF,301.2,301.2,3,6.550000000000011,AU2006.SHF,311.3,308.2,367,10.100000000000023,0.03362465887366283,0.03307319300952126,,,,,,,,,,,2730.0,0.0,1.0
2019-06-17,AU1912.SHF,306.3,307.55,303.45,304.1,305.65,307.75,304.8,-0.7,0.85,384246,11745099.96,451926,-7542.0,182,0.8105361301427655,0.7496392185224381,8,AU1910.SHF,303.1,304.55,100022,-1.0,AU1907.SHF,299.3,298.0,28,4.800000000000011,AU2006.SHF,307.5,308.9,364,8.199999999999989,0.02976190476190464,0.029361504230924134,,,,,,,,,,,2730.0,0.0,1.0
2019-06-18,AU1912.SHF,304.55,306.65,304.15,306.15,305.2,304.1,305.65,0.5,-0.45,231638,7070302.14,454532,2606.0,181,0.8057590493881271,0.7640092111677004,8,AU1910.SHF,305.0,304.2,93012,-1.1499999999999773,AU1907.SHF,296.9,296.6,27,9.25,AU2006.SHF,309.75,308.35,363,12.850000000000023,0.04701609087555553,0.04602708523789084,,,,,,,,,,,2730.0,0.0,1.0
2019-06-19,AU1912.SHF,307.3,307.85,302.8,304.3,304.45,306.15,305.2,-0.9,-0.75,461924,14063850.68,438130,-16402.0,180,0.8330910599311053,0.7775790037873545,8,AU1910.SHF,303.25,303.45,83020,-1.0500000000000114,AU1907.SHF,296.15,296.1,26,8.150000000000034,AU2006.SHF,307.85,308.4,362,11.700000000000045,0.04291683750994938,0.04209076652231993,,,,,,,,,,,2730.0,0.0,1.0
2019-06-20,AU1912.SHF,303.95,313.85,303.55,311.25,309.2,304.3,304.45,6.8,4.75,462906,14314941.44,446232,8102.0,179,0.8427811965189528,0.7735748313235468,8,AU1910.SHF,310.05,308.15,90050,-1.1999999999999886,AU1907.SHF,307.0,303.0,25,4.25,AU2006.SHF,314.65,314.25,361,7.649999999999977,0.027069276407631442,0.02673751271070559,,,,,,,,,,,2730.0,0.0,1.0
2019-06-21,AU1912.SHF,310.95,316.5,310.05,313.6,313.35,311.25,309.2,4.4,4.15,555740,17416200.0,456516,10284.0,178,0.8295988893698966,0.7637111884368308,8,AU1910.SHF,312.55,312.1,107292,-1.0500000000000114,AU1907.SHF,306.25,305.1,24,7.350000000000023,AU2006.SHF,317.25,316.75,360,11.0,0.0390184645286686,0.03833406496571281,,,,,,,,,,,2730.0,0.0,1.0
2019-06-24,AU1912.SHF,314.45,317.3,312.3,315.8,314.8,313.6,313.35,2.45,1.45,472448,14873715.95,455814,-702.0,175,0.820740884864741,0.7688677176564256,8,AU1910.SHF,314.45,313.75,108562,-1.3500000000000227,AU1907.SHF,306.2,304.8,21,9.600000000000023,AU2006.SHF,319.3,318.75,357,13.100000000000023,0.04647503188081239,0.045508348278157196,,,,,,,,,,,2499.0,-231.0,1.0
2019-06-25,AU1912.SHF,316.35,323.05,315.7,321.8,319.75,315.8,314.8,7.0,4.95,618906,19790004.58,469328,13514.0,174,0.849646087190498,0.7954711864406779,8,AU1910.SHF,320.7,319.15,98150,-1.1000000000000227,AU1907.SHF,316.1,313.45,20,5.699999999999989,AU2006.SHF,325.2,323.45,356,9.099999999999966,0.03127306759464282,0.030831374508959522,,,,,,,,,,,2499.0,0.0,1.0
2019-06-26,AU1912.SHF,320.95,323.25,316.05,316.4,319.8,321.8,319.75,-3.35,0.05,735628,23527324.65,464460,-4868.0,173,0.9030010507605739,0.7892536704730831,8,AU1910.SHF,315.1,318.4,89736,-1.2999999999999545,AU1907.SHF,313.9,309.6,19,2.5,AU2006.SHF,319.4,323.1,355,5.5,0.019033776301218216,0.01886894867722187,,,,,,,,,,,2496.0,-3.0,1.0
2019-06-27,AU1912.SHF,317.0,318.3,315.35,315.6,316.8,316.4,319.8,-4.2,-3.0,527472,16712162.3,462088,-2372.0,172,0.9020254324821637,0.7881157047346159,8,AU1910.SHF,314.55,315.6,86236,-1.0500000000000114,AU1907.SHF,309.6,309.6,18,6.0,AU2006.SHF,319.05,319.75,354,9.449999999999989,0.03315770348837203,0.03266173017427405,,,,,,,,,,,2496.0,0.0,1.0
2019-06-28,AU1912.SHF,315.15,320.8,314.1,316.85,317.55,315.6,316.8,0.05,0.75,570526,18119326.28,469296,7208.0,171,0.909277233245677,0.7893987868756497,8,AU1910.SHF,315.75,316.45,84200,-1.1000000000000227,AU1907.SHF,316.0,318.25,17,0.8500000000000227,AU2006.SHF,319.9,320.1,353,3.8999999999999773,0.013406984629294587,0.013324926129536962,,,,,,,,,,,2496.0,0.0,1.0
2019-07-01,AU1912.SHF,317.2,317.4,308.55,308.85,312.9,316.85,317.55,-8.7,-4.65,553248,17311811.51,459596,-9700.0,168,0.9146016075224911,0.7818119960534822,8,AU1910.SHF,307.8,310.7,82664,-1.0500000000000114,AU1907.SHF,318.25,318.25,14,-9.399999999999977,AU2006.SHF,311.95,314.65,350,-6.300000000000011,-0.02150432050274946,-0.021720019022211354,,,,,,,,,,,2496.0,0.0,1.0
2019-07-02,AU1912.SHF,310.8,312.75,309.7,312.05,311.1,308.85,312.9,-0.85,-1.8,406836,12657307.18,461428,1832.0,167,0.9302212852746288,0.7805599255688066,8,AU1910.SHF,310.9,309.9,82306,-1.150000000000034,AU1907.SHF,318.25,318.25,13,-6.199999999999989,AU2006.SHF,315.1,314.2,349,-3.1499999999999773,-0.01075216025137467,-0.010805725792008142,,,,,,,,,,,2496.0,0.0,1.0
2019-07-03,AU1912.SHF,312.35,323.5,311.75,321.1,318.15,312.05,311.1,10.0,7.05,833052,26504964.98,466190,4762.0,166,0.9339629622155403,0.7824920775593511,8,AU1910.SHF,319.9,317.4,81966,-1.2000000000000455,AU1907.SHF,321.0,320.9,12,0.10000000000002274,AU2006.SHF,324.3,322.35,348,3.3000000000000114,0.011167668001780286,0.011110654514549517,104310.0,49532.0,4402.0,-3661.0,32.0,49280.0,26137.0,0.3560666137985726,0.4724379254146295,0.5276790761527901,2496.0,0.0,1.0
2019-07-04,AU1912.SHF,319.2,319.85,317.0,317.65,318.55,321.1,318.15,-0.5,0.4,529756,16875534.25,454908,-11282.0,165,0.9067531160459679,0.7778438936309915,8,AU1910.SHF,316.65,317.3,80942,-1.0,AU1907.SHF,320.9,320.9,11,-3.25,AU2006.SHF,320.55,321.85,347,-0.3499999999999659,-0.0011848187389631953,-0.0011854653396691395,106071.0,50061.0,-730.0,-2373.0,36.0,49380.0,24901.0,0.3587349166090231,0.46553723449387674,0.49741315594974134,2496.0,0.0,1.0
2019-07-05,AU1912.SHF,317.6,319.35,317.25,318.0,318.25,317.65,318.55,-0.55,-0.3,253758,8076131.98,452788,-2120.0,164,0.8958420119889008,0.781963249516441,8,AU1910.SHF,316.35,317.15,80398,-1.6499999999999773,AU1907.SHF,320.9,320.9,10,-2.8999999999999773,AU2006.SHF,321.45,321.35,346,0.5500000000000114,0.001861858018370925,0.001860264292374538,,,,,,,,,,,2496.0,0.0,1.0
2019-07-08,AU1912.SHF,315.0,316.65,305.5,316.35,314.45,318.0,318.25,-1.9,-3.8,657334,20670796.9,441922,-10866.0,161,0.9178770809304247,0.77947261663286,7,AU1910.SHF,315.1,313.45,78200,-1.25,AU1908.SHF,314.0,311.8,38,2.3500000000000227,AU2006.SHF,319.95,318.0,343,5.949999999999989,0.02267672548814865,0.022464550498963252,100726.0,47556.0,-1689.0,-1667.0,38.0,49470.0,22487.0,0.3585735288167141,0.491134364513631,0.4728530574480612,2496.0,0.0,1.0
2019-07-09,AU1912.SHF,315.95,315.95,313.1,313.45,314.15,316.35,314.45,-1.0,-0.3,373548,11735200.78,431872,-10050.0,160,0.9185124714769062,0.7784619377911085,7,AU1910.SHF,312.55,313.05,76528,-0.8999999999999773,AU1908.SHF,311.85,312.1,37,1.599999999999966,AU2006.SHF,317.0,317.35,342,5.149999999999977,0.019763074407883156,0.019601661902883226,95147.0,45282.0,-3966.0,-1832.0,38.0,44091.0,22541.0,0.35509047276559685,0.4633987408956667,0.4977916169780487,2496.0,0.0,1.0
2019-07-10,AU1912.SHF,314.15,315.55,312.85,313.2,314.0,313.45,314.15,-0.95,-0.15,304398,9558124.96,425536,-6336.0,159,0.9052351723645707,0.7728783514292045,7,AU1910.SHF,312.2,312.85,75058,-1.0,AU1908.SHF,311.5,312.25,36,1.6999999999999886,AU2006.SHF,316.3,317.0,341,4.800000000000011,0.01844064942241415,0.018300013477687973,93297.0,46016.0,-1695.0,1364.0,39.0,42776.0,22901.0,0.3393868483199701,0.45849277039990566,0.4976747218358832,2496.0,0.0,1.0
2019-07-11,AU1912.SHF,317.3,320.85,315.5,319.0,317.75,313.2,314.0,5.0,3.75,523114,16622228.86,441216,15680.0,158,0.9042217781803348,0.7819734365529195,7,AU1910.SHF,317.85,316.75,73776,-1.1499999999999773,AU1908.SHF,317.25,317.0,35,1.75,AU2006.SHF,322.35,321.7,340,5.100000000000023,0.019238073092276122,0.019085078308781082,101003.0,49433.0,9404.0,5097.0,39.0,48419.0,23991.0,0.34280358424845114,0.479381800540578,0.4853235692755851,2496.0,0.0,1.0
2019-07-12,AU1912.SHF,317.8,318.15,315.55,316.65,316.75,319.0,317.75,-1.1,-1.0,323508,10248176.6,441220,4.0,157,0.8986932462164144,0.7851644108152741,7,AU1910.SHF,315.55,315.5,73184,-1.099999999999966,AU1908.SHF,315.0,315.1,34,1.6499999999999773,AU2006.SHF,319.9,320.2,339,4.899999999999977,0.01861566484517303,0.018472360548824018,101746.0,50177.0,743.0,1417.0,39.0,48696.0,25132.0,0.33944169085655235,0.47860358146757614,0.5008669310640333,2496.0,0.0,1.0
2019-07-15,AU1912.SHF,316.35,318.55,316.0,317.75,317.15,316.65,316.75,1.0,0.4,287420,9115867.7,448860,7640.0,154,0.9165295475707599,0.7858248307060974,7,AU1910.SHF,316.9,316.35,72742,-0.8500000000000227,AU1908.SHF,316.45,315.95,31,1.3000000000000114,AU2006.SHF,320.8,320.25,336,4.350000000000023,0.01645042725523171,0.01633838702108685,103607.0,51811.0,1861.0,2586.0,38.0,49950.0,26278.0,0.33326899072179544,0.4821102821237947,0.5071895929435835,2496.0,0.0,1.0
2019-07-16,AU1912.SHF,317.2,318.3,316.4,317.75,317.5,317.75,317.15,0.6,0.35,254618,8084638.89,449866,1006.0,153,0.920155251669606,0.78401731625874,7,AU1910.SHF,316.85,316.55,72204,-0.8999999999999773,AU1908.SHF,316.15,316.0,30,1.6000000000000227,AU2006.SHF,320.7,320.7,335,4.550000000000011,0.017223096527639148,0.017100336396681196,103194.0,51624.0,-413.0,20.0,39.0,50921.0,26242.0,0.33310080223229854,0.4934492315444696,0.5083294591662793,2496.0,0.0,1.0
2019-07-17,AU1912.SHF,317.15,317.8,315.15,315.8,316.45,317.75,317.5,-1.7,-1.05,388820,12306122.6,432014,-17852.0,152,0.9170456046340497,0.7686425358688226,7,AU1910.SHF,314.9,315.5,72218,-0.9000000000000341,AU1908.SHF,314.05,314.9,29,1.75,AU2006.SHF,319.0,319.65,334,4.949999999999989,0.018862507536389905,0.01871539759942943,94985.0,47551.0,-6763.0,-1817.0,40.0,43367.0,25070.0,0.3327861031599035,0.4565668263410012,0.5272234022418035,2496.0,0.0,1.0
2019-07-18,AU1912.SHF,316.1,321.15,316.0,319.1,318.95,315.8,316.45,2.65,2.5,571732,18236842.74,453470,21456.0,151,0.940262081124107,0.7727793266576233,7,AU1910.SHF,317.8,317.9,71982,-1.3000000000000114,AU1908.SHF,317.4,316.95,28,1.7000000000000455,AU2006.SHF,322.5,322.3,333,5.100000000000023,0.019228981375313817,0.019076130401259873,102217.0,51839.0,9019.0,5644.0,37.0,48321.0,26054.0,0.32701095705457756,0.47272958509836915,0.5025945716545458,2496.0,0.0,1.0
2019-07-19,AU1912.SHF,318.8,324.75,318.35,323.3,321.9,319.1,318.95,4.35,2.95,510780,16443065.69,467158,13688.0,150,0.9343616347944433,0.7782646071009702,7,AU1910.SHF,322.1,321.05,71490,-1.1999999999999886,AU1908.SHF,320.75,321.1,27,2.5500000000000114,AU2006.SHF,326.5,325.75,332,5.75,0.021453304882255872,0.021263278706787035,105150.0,53838.0,3010.0,3883.0,38.0,48549.0,28181.0,0.3227413389689788,0.46171184022824535,0.5234406924477135,2496.0,0.0,1.0
2019-07-22,AU1912.SHF,322.6,324.6,319.5,320.65,321.7,323.3,321.9,-1.25,-0.2,602472,19382538.57,467246,88.0,147,0.9080238372986806,0.7706489505230066,8,AU1910.SHF,319.55,321.35,70834,-1.099999999999966,AU1908.SHF,318.3,320.15,24,2.349999999999966,AU2008.SHF,325.3,325.3,392,7.0,0.021812550369490126,0.021576160882634275,106287.0,55062.0,2915.0,1391.0,37.0,50312.0,29019.0,0.3174795009575516,0.473359865270447,0.5270240819439904,2496.0,0.0,1.0
2019-07-23,AU1912.SHF,320.65,321.45,317.8,318.7,319.45,320.65,321.7,-3.0,-2.25,336826,10761059.24,454470,-12776.0,146,0.9200935319795235,0.7690160006497726,8,AU1910.SHF,317.7,318.1,69964,-1.0,AU1908.SHF,317.1,317.05,23,1.599999999999966,AU2008.SHF,325.3,325.3,391,8.199999999999989,0.025648540441226886,0.0253225216203166,100838.0,53477.0,-5067.0,-493.0,39.0,45523.0,27243.0,0.3069111881541004,0.4514468751859418,0.5094339622641509,2496.0,0.0,1.0
2019-07-24,AU1912.SHF,320.5,321.7,319.05,319.65,320.05,318.7,319.45,0.2,0.6,352292,11275981.37,452890,-1580.0,145,0.9203655420692105,0.7725993278629796,8,AU1910.SHF,318.65,318.75,68976,-1.0,AU1908.SHF,317.6,317.95,22,2.0499999999999545,AU2008.SHF,325.3,325.3,390,7.699999999999989,0.02404668847880841,0.023759817931545246,100499.0,52221.0,-200.0,2535.0,37.0,44840.0,27357.0,0.31612100576217916,0.44617359376710214,0.5238697075889011,2496.0,0.0,1.0
2019-07-25,AU1912.SHF,320.2,321.15,319.2,320.3,320.0,319.65,320.05,0.25,-0.05,281702,9015177.05,453178,288.0,144,0.9211185445318579,0.7776302061883974,8,AU1910.SHF,319.35,318.6,67004,-0.9499999999999886,AU1908.SHF,318.15,318.35,21,2.150000000000034,AU2008.SHF,325.3,325.3,389,7.150000000000034,0.022290466624302206,0.02204368284560923,103326.0,52555.0,3099.0,693.0,35.0,48442.0,27418.0,0.3257035815782552,0.4688268199678687,0.5217010750642185,2496.0,0.0,1.0
2019-07-26,AU1912.SHF,320.05,320.3,317.05,319.1,318.55,320.3,320.0,-0.9,-1.45,399032,12711654.29,449482,-3696.0,143,0.8252340043595333,0.7881196937870185,8,AU1910.SHF,317.9,317.35,65236,-1.2000000000000455,AU1908.SHF,316.2,317.1,20,2.900000000000034,AU2008.SHF,322.75,324.45,388,6.550000000000011,0.020545867365178924,0.020335960074059235,105360.0,53655.0,2107.0,1365.0,38.0,50701.0,28104.0,0.3251580039618904,0.48121678056188305,0.5237908862175007,2496.0,0.0,1.0
2019-07-29,AU1912.SHF,319.2,320.6,318.75,319.6,319.7,319.1,318.55,1.05,1.15,331518,10599199.49,449182,-300.0,140,0.86916784646846,0.791817092088563,8,AU1910.SHF,318.7,319.15,63790,-0.9000000000000341,AU1908.SHF,316.65,317.65,17,2.9500000000000455,AU2008.SHF,324.45,324.45,385,7.800000000000011,0.024432063930138245,0.024136000022362623,105235.0,51238.0,84.0,-1855.0,38.0,49726.0,26669.0,0.34508828999252267,0.47252340000950255,0.5204926031461025,2496.0,0.0,1.0
2019-07-30,AU1912.SHF,319.75,321.1,318.75,320.85,320.1,319.6,319.7,1.15,0.4,230910,7392140.18,459236,10054.0,139,0.8630020256684332,0.7909161990775664,8,AU1910.SHF,319.7,319.35,62542,-1.150000000000034,AU1908.SHF,318.1,318.2,16,2.75,AU2008.SHF,324.45,324.45,384,6.349999999999966,0.019799540068067112,0.01960450935844788,107607.0,52404.0,2372.0,1167.0,38.0,51715.0,26661.0,0.34499503159157807,0.480591411339411,0.5087588733684452,2496.0,0.0,1.0
2019-07-31,AU1912.SHF,321.05,322.5,320.55,322.25,321.5,320.85,320.1,2.15,1.4,265788,8545669.2,467768,8532.0,138,0.886675251369438,0.7924456702197586,8,AU1910.SHF,321.0,320.45,62512,-1.25,AU1908.SHF,314.85,319.5,15,7.399999999999977,AU2008.SHF,324.45,324.45,383,9.599999999999966,0.030242144292312912,0.029790254723737333,110939.0,53379.0,3552.0,1367.0,36.0,52826.0,27160.0,0.35029637653817597,0.4761715897925887,0.5088143277318796,2496.0,0.0,1.0
2019-08-01,AU1912.SHF,322.0,322.25,316.25,316.6,319.5,322.25,321.5,-4.9,-2.0,533458,17045950.79,434012,-33756.0,137,0.9047979266877888,0.7715549424371929,8,AU1910.SHF,315.8,318.6,62346,-0.8000000000000114,AU1908.SHF,315.1,316.7,14,1.5,AU2008.SHF,323.25,323.25,382,8.149999999999977,0.025653950436714364,0.025327795229318877,96415.0,48334.0,-8878.0,-4418.0,36.0,43344.0,24549.0,0.3321680978797781,0.4495566042628222,0.507903339264286,2496.0,0.0,1.0
2019-08-02,AU1912.SHF,316.95,326.6,315.6,324.25,321.2,316.6,319.5,4.75,1.7,682648,21929043.77,448220,14208.0,136,0.8893208234432769,0.7897620952253417,8,AU1910.SHF,323.3,322.3,61642,-0.9499999999999886,AU1908.SHF,321.85,319.15,13,2.3999999999999773,AU2008.SHF,329.3,329.55,381,7.449999999999989,0.022958727060269763,0.022697039871054914,103757.0,51121.0,8694.0,5039.0,37.0,49287.0,24587.0,0.3398545952297938,0.4750233719170755,0.4809569452866728,2496.0,0.0,1.0
2019-08-05,AU1912.SHF,324.45,334.0,323.4,334.0,329.2,324.25,321.2,12.8,8.0,798694,26293794.58,506224,58004.0,133,0.9002817980972992,0.8065797985398762,8,AU1910.SHF,334.7,331.0,59354,0.6999999999999886,AU1908.SHF,331.4,324.25,10,2.6000000000000227,AU2008.SHF,340.7,337.35,378,9.300000000000011,0.027833991498517445,0.02745059831841652,119538.0,60835.0,19553.0,10394.0,36.0,55215.0,28236.0,0.3254533660802892,0.4619033278120765,0.46414070847374045,2496.0,0.0,1.0
2019-08-06,AU1912.SHF,336.9,339.95,334.35,335.55,337.05,334.0,329.2,6.35,7.85,816194,27511879.66,472302,-33922.0,132,0.9080808889956965,0.7909904840379031,8,AU1910.SHF,334.8,335.7,59014,-0.75,AU1908.SHF,334.0,333.8,9,1.5500000000000114,AU2008.SHF,340.75,343.3,377,6.75,0.02004482882061964,0.019844968271681192,105911.0,50983.0,-7713.0,-7731.0,33.0,50025.0,24058.0,0.3500962433235178,0.4723305416812229,0.47188278445756426,2496.0,0.0,1.0
2019-08-07,AU1912.SHF,336.0,343.3,335.55,341.8,339.7,335.55,337.05,4.75,2.65,791646,26894349.37,529980,57678.0,131,0.912907503718994,0.8060458763874399,8,AU1910.SHF,341.15,339.55,58990,-0.6500000000000341,AU1908.SHF,339.95,338.55,8,1.8500000000000227,AU2008.SHF,347.6,345.35,376,7.650000000000034,0.02231985841907703,0.0220724282006806,129759.0,57715.0,25357.0,8577.0,33.0,58916.0,26405.0,0.3842879545963707,0.45404172350280136,0.4575067140258165,2496.0,0.0,1.0
2019-08-08,AU1912.SHF,344.6,349.5,342.7,344.35,346.25,341.8,339.7,4.65,6.55,1077880,37322715.19,520458,-9522.0,130,0.908549917648229,0.7920047478467298,8,AU1910.SHF,343.45,345.15,58960,-0.9000000000000341,AU1908.SHF,345.0,343.9,7,-0.6499999999999773,AU2008.SHF,350.35,352.3,375,5.350000000000023,0.015380828607435375,0.015262790194543024,132798.0,56000.0,3880.0,-1664.0,36.0,62001.0,25963.0,0.406773376836619,0.4668820313558939,0.463625,2496.0,0.0,1.0
2019-08-09,AU1912.SHF,343.4,347.75,342.65,345.9,345.35,344.35,346.25,-0.35,-0.9,589716,20367252.26,527784,7326.0,129,0.9218114972426126,0.7907587198849335,8,AU1910.SHF,345.1,344.15,58910,-0.7999999999999545,AU1908.SHF,343.9,343.9,6,2.0,AU2008.SHF,352.9,352.65,374,9.0,0.025957052732720642,0.025623211504609864,135408.0,56036.0,2851.0,395.0,38.0,64091.0,25037.0,0.41459643551116776,0.47331767694670923,0.44680205582125776,2496.0,0.0,1.0
2019-08-12,AU1912.SHF,345.6,347.95,343.95,344.25,346.05,345.9,345.35,-1.1,0.7,585598,20265993.61,529336,1552.0,126,0.9290516850224807,0.7864922128748325,8,AU1910.SHF,343.2,344.35,58804,-1.0500000000000114,AU1908.SHF,343.9,343.9,3,0.35000000000002274,AU2008.SHF,350.4,351.75,371,6.5,0.018746760306964812,0.01857179671947219,135784.0,54689.0,376.0,-1317.0,36.0,63357.0,24053.0,0.4257558814110136,0.4666013668768043,0.43981422223847577,2496.0,0.0,1.0
2019-08-13,AU1912.SHF,346.65,352.9,346.1,352.3,349.45,344.25,346.05,6.25,3.4,706168,24678011.24,577742,48406.0,125,0.9125197385593888,0.8033365870479909,8,AU1910.SHF,351.15,350.4,57552,-1.150000000000034,AU1908.SHF,343.9,343.9,2,8.400000000000034,AU2008.SHF,358.15,356.5,370,14.25,0.04109866682680754,0.04026998940792793,150307.0,60945.0,15397.0,7272.0,36.0,70628.0,27600.0,0.4230113797739193,0.4698916218140206,0.452867339404381,2496.0,0.0,1.0
2019-08-14,AU1912.SHF,351.55,352.0,340.05,342.95,344.9,352.3,349.45,-6.5,-4.55,1244366,42918411.14,515656,-62086.0,124,0.9178446141908378,0.7719216306196259,8,AU1910.SHF,341.5,344.35,56442,-1.4499999999999886,AU1908.SHF,343.9,343.9,1,-0.9499999999999886,AU2008.SHF,348.55,350.65,369,4.650000000000034,0.013411143911905725,0.01332128448472381,127134.0,49600.0,-22575.0,-9643.0,35.0,52075.0,24235.0,0.4387044937589824,0.40960718611858354,0.4886088709677419,2601.0,105.0,1.0
2019-08-15,AU1912.SHF,347.0,350.3,345.45,347.4,347.9,342.95,344.9,2.5,3.0,1055546,36726020.5,526904,11248.0,123,0.9311515959886802,0.7786582175970397,8,AU1910.SHF,346.0,348.3,52522,-1.3999999999999773,AU1909.SHF,347.4,346.65,32,0.0,AU2008.SHF,352.25,353.2,368,4.850000000000023,0.01516580653562535,0.015060917841373785,130292.0,52778.0,3426.0,4849.0,35.0,56534.0,25819.0,0.4234118096902824,0.4339023117305744,0.4892000454734927,2601.0,0.0,1.0
2019-08-16,AU1912.SHF,346.9,350.9,346.7,347.75,348.55,347.4,347.9,-0.15,0.65,779522,27170853.06,518900,-8004.0,122,0.9297600702280024,0.7865434228356792,8,AU1910.SHF,346.55,347.45,48122,-1.1999999999999886,AU1909.SHF,347.1,347.2,31,0.6499999999999773,AU2008.SHF,353.05,353.7,367,5.949999999999989,0.018621554787285013,0.018463749968852788,121744.0,52312.0,-8241.0,89.0,34.0,50860.0,24534.0,0.39890609918646874,0.41776186095413326,0.46899372992812355,2601.0,0.0,1.0
2019-08-19,AU1912.SHF,346.6,348.1,344.85,346.4,346.55,347.75,348.55,-2.15,-2.0,722720,25049045.92,521644,2744.0,119,0.9314506359001324,0.7877177139992328,8,AU1910.SHF,345.6,346.65,45302,-0.7999999999999545,AU1909.SHF,346.3,345.7,28,0.0999999999999659,AU2008.SHF,351.25,351.95,364,4.949999999999989,0.015527670063116273,0.015417740394185848,126157.0,51552.0,5464.0,-250.0,35.0,55692.0,23959.0,0.41981554113747754,0.4414499393612721,0.464754034761018,2601.0,0.0,1.0
2019-08-20,AU1912.SHF,344.5,345.85,344.05,344.75,344.9,346.4,346.55,-1.8,-1.65,387210,13356484.39,520844,-800.0,118,0.9236218782052811,0.7904918301496768,8,AU2002.SHF,346.0,346.2,44294,1.25,AU1909.SHF,343.7,343.95,27,1.0500000000000114,AU2008.SHF,351.0,350.55,363,7.300000000000011,0.023072620086731235,0.022831010290709313,123426.0,51523.0,-2430.0,698.0,37.0,52960.0,23416.0,0.4109940611263854,0.4290830133035179,0.4544766414999127,2601.0,0.0,1.0
2019-08-21,AU1912.SHF,346.3,347.25,345.2,345.35,346.25,344.75,344.9,0.45,1.35,395370,13690934.95,518140,-2704.0,117,0.9289970581877308,0.7915416531723384,8,AU2002.SHF,346.65,347.5,46046,1.2999999999999545,AU1909.SHF,345.9,345.65,26,-0.5499999999999545,AU2008.SHF,351.25,351.75,362,5.350000000000023,0.016801838544032957,0.01667322683709495,122075.0,51895.0,-232.0,1655.0,35.0,53107.0,23665.0,0.4034028855549807,0.43503583862379686,0.4560169573176607,2601.0,0.0,1.0
2019-08-22,AU1912.SHF,346.1,347.0,345.55,346.45,346.25,345.35,346.25,0.2,0.0,304902,10557544.38,522958,4818.0,116,0.9178487139967247,0.7954774312685766,8,AU2002.SHF,347.75,347.5,47692,1.3000000000000114,AU1909.SHF,346.3,344.75,25,0.14999999999997726,AU2008.SHF,351.45,351.35,361,5.149999999999977,0.016155050671726782,0.016036103595063505,123303.0,52409.0,1609.0,593.0,35.0,53921.0,23714.0,0.4034670369695866,0.4373048506524578,0.4524795359575645,2601.0,0.0,1.0
2019-08-23,AU1912.SHF,345.6,347.45,345.4,346.25,346.35,346.45,346.25,0.0,0.1,344700,11939817.44,531402,8444.0,115,0.9078602206045027,0.8000776888471336,8,AU2002.SHF,347.45,347.55,50110,1.1999999999999886,AU1909.SHF,342.85,341.95,24,3.3999999999999773,AU2008.SHF,351.85,351.7,360,9.0,0.02851621908789758,0.028148359699396747,123201.0,54014.0,348.0,1686.0,36.0,54097.0,24658.0,0.3904127754422594,0.43909546188748466,0.4565112748546673,2331.0,-270.0,1.0
2019-08-26,AU1912.SHF,347.5,360.2,347.5,358.25,354.1,346.25,346.35,11.9,7.75,1147984,40651913.08,539744,8342.0,112,0.9395657639725525,0.8012017789178052,8,AU2002.SHF,359.6,355.65,51716,1.3500000000000227,AU1909.SHF,355.5,352.95,21,2.75,AU2008.SHF,364.05,362.85,357,8.550000000000011,0.026126431585292487,0.025817201288869027,117590.0,55130.0,6897.0,3115.0,36.0,47881.0,24861.0,0.36162575266327,0.40718598520282334,0.45095229457645564,2061.0,-270.0,1.0
2019-08-27,AU1912.SHF,355.7,359.25,355.4,358.7,357.6,358.25,354.1,4.6,3.5,631176,22573665.53,570862,31118.0,111,0.9297258441795653,0.8090906513974715,8,AU2002.SHF,360.1,358.9,53974,1.400000000000034,AU1909.SHF,353.95,355.3,20,4.75,AU2008.SHF,364.25,363.85,356,10.300000000000011,0.03161177594360241,0.0311605549765396,129401.0,59763.0,14118.0,5314.0,34.0,55170.0,27138.0,0.3681355860523144,0.4263491008570258,0.4540936699964861,1791.0,-270.0,1.0
2019-08-28,AU1912.SHF,357.7,362.15,357.4,358.85,359.6,358.7,357.6,1.25,2.0,915220,32913358.3,538322,-32540.0,110,0.9381137274035564,0.8004978557110652,8,AU2002.SHF,360.45,360.75,53990,1.599999999999966,AU1909.SHF,358.8,356.35,19,0.05000000000001137,AU2008.SHF,364.75,365.9,355,5.949999999999989,0.01801433017465624,0.017866594894829443,113020.0,56264.0,-8380.0,-1473.0,37.0,46630.0,26740.0,0.33527090569693535,0.4125818439214298,0.47525949097113607,1521.0,-270.0,1.0
2019-08-29,AU1912.SHF,360.0,363.4,358.35,362.8,360.55,358.85,359.6,3.2,0.95,673124,24271194.31,609586,71264.0,109,0.9334113575097346,0.8204520126839195,8,AU2002.SHF,364.25,361.75,54952,1.4499999999999886,AU1909.SHF,364.15,359.9,18,-1.349999999999966,AU2008.SHF,368.9,366.95,354,4.75,0.014169903166539115,0.014078282403653561,148303.0,66026.0,36571.0,11009.0,35.0,73178.0,30808.0,0.3838817892119125,0.49343573629663595,0.4666040650652773,1401.0,-120.0,1.0
2019-08-30,AU1912.SHF,359.75,361.35,354.5,356.7,357.95,362.8,360.55,-3.85,-2.6,832864,29812629.2,584212,-25374.0,108,0.925451745311427,0.8153964682696978,8,AU2002.SHF,358.0,359.3,57736,1.3000000000000114,AU1909.SHF,345.9,356.95,17,10.800000000000011,AU2008.SHF,362.55,363.65,353,16.650000000000034,0.05228983397348547,0.05107032188745466,140341.0,60240.0,-7850.0,-4415.0,35.0,66280.0,28232.0,0.3993449030566205,0.4722782365808994,0.46865869853917663,1401.0,0.0,1.0
2019-09-02,AU1912.SHF,357.0,357.7,353.75,355.8,355.8,356.7,357.95,-2.15,-2.15,700888,24939492.48,539112,-45100.0,105,0.9377858295445727,0.8014247233503594,8,AU2002.SHF,357.25,357.25,59226,1.4499999999999886,AU1909.SHF,356.95,356.95,14,-1.1499999999999773,AU2008.SHF,361.3,361.75,350,4.350000000000023,0.01323839873531714,0.01315838275259121,114641.0,53742.0,-25260.0,-4573.0,37.0,46580.0,24681.0,0.36166952720880374,0.40631187794942475,0.4592497487998214,1401.0,0.0,1.0
2019-09-03,AU1912.SHF,355.8,359.05,355.75,357.45,357.2,355.8,355.8,1.65,1.4,392124,14007259.97,541180,2068.0,104,0.9212963615602577,0.803083050641214,8,AU2002.SHF,358.85,358.5,60580,1.400000000000034,AU1909.SHF,356.95,356.95,13,0.5,AU2008.SHF,363.3,363.0,349,6.350000000000023,0.0193250188435088,0.019155138383097146,116411.0,55732.0,1770.0,2316.0,37.0,48072.0,26420.0,0.3524918236582376,0.4129506661741588,0.47405440321538794,1401.0,0.0,1.0
2019-09-04,AU1912.SHF,358.65,363.85,358.25,359.0,361.15,357.45,357.2,1.8,3.95,1084804,39182034.93,566860,25680.0,103,0.9495085296151389,0.809078764073169,8,AU2002.SHF,360.45,362.4,62472,1.4499999999999886,AU1909.SHF,356.9,356.8,12,2.1000000000000227,AU2008.SHF,365.25,367.55,348,8.350000000000023,0.025415199001988114,0.02512245044393873,121842.0,59194.0,6038.0,6684.0,36.0,50877.0,30931.0,0.34605271879626154,0.41756537154675727,0.522536067844714,1401.0,0.0,1.0
2019-09-05,AU1912.SHF,359.45,362.9,359.05,360.9,360.45,359.0,361.15,-0.25,-0.7,736108,26534317.17,580826,13966.0,102,0.9331926988384976,0.8096444860771915,8,AU2002.SHF,362.3,361.75,66876,1.400000000000034,AU1909.SHF,356.8,356.8,11,4.099999999999966,AU2008.SHF,366.95,366.6,347,10.149999999999977,0.030902583146487254,0.0304711975419773,137513.0,56524.0,16156.0,4962.0,36.0,64714.0,27339.0,0.41738946695733287,0.4706027793735865,0.48367065317387303,1401.0,0.0,1.0
2019-09-06,AU1912.SHF,358.1,359.15,348.55,349.2,353.7,360.9,360.45,-11.25,-6.75,1155934,40888453.89,533758,-47068.0,101,0.9314972013196426,0.7845551877612695,8,AU2002.SHF,350.55,355.55,73670,1.3500000000000227,AU1909.SHF,356.8,356.8,10,-7.600000000000023,AU2008.SHF,355.3,360.4,346,-1.5,-0.004566884208840545,-0.004576510871394739,101872.0,48387.0,-31511.0,-7067.0,37.0,41743.0,22553.0,0.35595205611643893,0.40975930579550807,0.46609626552586436,1401.0,0.0,1.0
2019-09-09,AU1912.SHF,351.1,354.85,347.0,350.6,351.4,349.2,353.7,-3.1,-2.3,1061678,37307925.15,537166,3408.0,98,0.93590706497976,0.7733324503463804,8,AU2002.SHF,352.2,352.65,81930,1.599999999999966,AU1909.SHF,356.8,356.8,7,-6.199999999999989,AU2008.SHF,356.2,357.3,343,-0.6000000000000227,-0.0018267536835362905,-0.0018282913552291375,105820.0,48874.0,4378.0,2056.0,37.0,45665.0,21057.0,0.3681202890868424,0.43153468153468155,0.4308425747841388,1401.0,0.0,1.0
2019-09-10,AU1912.SHF,351.4,351.9,343.45,344.85,346.95,350.6,351.4,-6.55,-4.45,776900,26957265.78,520694,-16472.0,97,0.9330182040030072,0.7687017987268369,8,AU2002.SHF,346.3,348.0,83074,1.4499999999999886,AU1909.SHF,356.8,356.8,6,-11.949999999999989,AU2008.SHF,350.65,351.3,342,-6.150000000000034,-0.018724225256246042,-0.01888747437164059,90667.0,45156.0,-14412.0,-2025.0,39.0,38880.0,19224.0,0.3350757971772086,0.4288219528604674,0.42572415625830456,1401.0,0.0,1.0
2019-09-11,AU1912.SHF,345.5,347.85,344.3,345.95,346.05,344.85,346.95,-1.0,-0.9,632320,21882812.92,514720,-5974.0,96,0.9360658941122829,0.7655012819826412,8,AU2002.SHF,347.3,347.45,83196,1.3500000000000227,AU1909.SHF,342.5,342.5,5,3.4499999999999886,AU2008.SHF,351.5,351.4,341,9.0,0.028545359749739423,0.028176754598751474,94423.0,45191.0,5309.0,940.0,37.0,42460.0,20640.0,0.3526293924678041,0.4496785740762314,0.456728109579341,1401.0,0.0,1.0
2019-09-12,AU1912.SHF,345.85,346.65,344.0,346.15,345.2,345.95,346.05,0.1,-0.85,471986,16294333.88,498864,-15856.0,95,0.9237312019038821,0.7595440884051925,8,AU2002.SHF,347.6,346.55,83536,1.4500000000000455,AU1909.SHF,342.5,342.5,4,3.6499999999999773,AU2008.SHF,351.6,350.25,340,9.100000000000023,0.02886253041362535,0.028485760296698893,87231.0,43129.0,-4993.0,-2062.0,38.0,36491.0,19097.0,0.3383092973304695,0.4183260538111451,0.4427879153237961,1401.0,0.0,1.0
2019-09-16,AU1912.SHF,346.2,347.65,345.4,346.25,346.4,346.15,345.2,1.05,1.2,226262,7838405.19,501570,2706.0,91,0.8958671534118355,0.7600259418308992,8,AU2002.SHF,347.65,347.65,83564,1.3999999999999773,AU1910.SHF,345.95,346.15,29,0.30000000000001137,AU2008.SHF,351.4,351.7,336,5.449999999999989,0.018729994779046324,0.01858399260581274,87830.0,43223.0,1027.0,854.0,37.0,38654.0,18879.0,0.34037374192120745,0.44010019355573265,0.43678134326631657,1401.0,0.0,1.0
2019-09-17,AU1912.SHF,345.9,346.8,344.05,344.95,345.45,346.25,346.4,-1.45,-0.95,387278,13378683.57,501394,-176.0,90,0.9219719369414409,0.7592599322805934,7,AU2002.SHF,346.35,346.7,83258,1.400000000000034,AU1910.SHF,344.6,344.95,28,0.3499999999999659,AU2008.SHF,350.8,350.95,335,6.199999999999989,0.021390991018241295,0.02120083644147393,87649.0,42999.0,-25.0,-224.0,37.0,36712.0,19463.0,0.3417580062457902,0.4188524683681502,0.45263843345194077,1401.0,0.0,1.0
2019-09-18,AU1912.SHF,346.95,347.8,345.65,346.5,346.85,344.95,345.45,1.05,1.4,392910,13629660.53,502388,994.0,89,0.9344765257099368,0.7551981239853286,8,AU2002.SHF,348.0,348.2,85604,1.5,AU1910.SHF,345.8,346.3,27,0.6999999999999886,AU2010.SHF,353.8,353.8,393,8.0,0.02307155025015246,0.02280871883584858,91809.0,42238.0,4160.0,-640.0,38.0,37941.0,18742.0,0.3698031287533477,0.4132601378949776,0.4437236611581988,1401.0,0.0,1.0
2019-09-19,AU1912.SHF,346.9,348.6,343.3,346.0,346.25,346.5,346.85,-0.85,-0.6,506858,17550791.46,509122,6734.0,88,0.9323686960104778,0.7544582391103972,8,AU2002.SHF,347.5,347.45,87652,1.5,AU1910.SHF,343.8,345.25,26,2.1999999999999886,AU2010.SHF,353.8,353.8,392,10.0,0.029007206502700396,0.028593350829458002,92250.0,43431.0,441.0,1639.0,37.0,37321.0,19100.0,0.3598071948172552,0.40456368563685635,0.43977803872809745,1401.0,0.0,1.0
2019-09-20,AU1912.SHF,347.15,347.5,345.7,346.7,346.6,346.0,346.25,0.45,0.35,282234,9783599.75,508214,-908.0,87,0.91655841625315,0.7503617346727851,8,AU2002.SHF,348.2,348.15,89554,1.5,AU1910.SHF,345.3,344.05,25,1.3999999999999773,AU2010.SHF,353.8,353.8,391,8.5,0.02454901811840183,0.024251734222279945,92048.0,43134.0,-202.0,-5.0,37.0,35912.0,19237.0,0.36183811454187687,0.39014427255345036,0.44598228775443965,1401.0,0.0,1.0
2019-09-23,AU1912.SHF,346.5,352.1,345.85,350.3,349.25,346.7,346.6,3.7,2.65,462948,16168764.23,509192,978.0,84,0.919182292535322,0.7474838815750843,8,AU2002.SHF,351.85,351.3,89984,1.5500000000000114,AU1910.SHF,349.15,346.15,22,1.150000000000034,AU2010.SHF,357.55,357.5,388,8.400000000000034,0.023992694201139593,0.02370862805699907,91895.0,43034.0,-153.0,361.0,38.0,37199.0,19473.0,0.36212378361953323,0.4047989553294521,0.4525026723056188,1401.0,0.0,1.0
2019-09-24,AU1912.SHF,351.65,353.45,351.25,352.05,352.3,350.3,349.25,2.8,3.05,402674,14186523.9,512140,2948.0,83,0.921096695092047,0.7470498140179418,8,AU2002.SHF,353.55,353.65,91524,1.5,AU1910.SHF,350.05,349.85,21,2.0,AU2010.SHF,357.5,357.5,387,7.449999999999989,0.02122452452147733,0.02100182147394077,94686.0,42713.0,2791.0,258.0,37.0,38947.0,19224.0,0.37826330613759923,0.41132796823184,0.45007374803923866,1398.0,-3.0,1.0
2019-09-25,AU1912.SHF,352.05,355.4,350.35,353.85,353.1,352.05,352.3,1.55,0.8,583176,20593431.81,513966,1826.0,82,0.9200942851463029,0.7454270680442993,8,AU2002.SHF,355.1,354.85,92020,1.25,AU1910.SHF,351.55,350.85,20,2.3000000000000114,AU2010.SHF,360.0,361.5,386,8.449999999999989,0.023970736931605723,0.023687186403878777,93098.0,41849.0,-1034.0,-864.0,36.0,40018.0,18715.0,0.37977131762840227,0.42984811703796,0.4472030394991517,1398.0,0.0,1.0
2019-09-26,AU1912.SHF,353.6,354.45,347.5,349.55,350.95,353.85,353.1,-3.55,-2.15,584586,20517961.83,497734,-16232.0,81,0.9290822748598238,0.7428023089918159,8,AU2002.SHF,351.1,352.6,88840,1.5500000000000114,AU1910.SHF,347.05,349.4,19,2.5,AU2010.SHF,359.9,359.9,385,12.849999999999966,0.03692520014517354,0.03625801626851955,86787.0,39111.0,-6311.0,-1971.0,37.0,33925.0,17105.0,0.37868750893580516,0.3908995586896655,0.4373449924573649,1398.0,0.0,1.0
2019-09-27,AU1912.SHF,349.0,350.4,345.6,346.35,348.55,349.55,350.95,-4.6,-2.4,423570,14765044.71,479086,-18648.0,80,0.9252819076662283,0.7365862358436319,8,AU2002.SHF,348.1,349.85,87234,1.75,AU1910.SHF,345.9,346.8,18,0.4500000000000455,AU2010.SHF,357.25,357.25,384,11.350000000000023,0.032723298846597984,0.03219788747650714,80963.0,37582.0,-1364.0,-1244.0,37.0,34550.0,17191.0,0.365945421569868,0.42673813964403495,0.4574264275451014,1398.0,0.0,1.0
2019-09-30,AU1912.SHF,345.75,348.3,342.85,345.05,345.25,346.35,348.55,-3.5,-3.3,493700,17046359.51,463288,-15798.0,77,0.894102221401225,0.7280968096809681,8,AU2002.SHF,346.65,346.6,86272,1.599999999999966,AU1910.SHF,335.25,342.75,15,9.800000000000011,AU2010.SHF,351.6,351.8,381,16.350000000000023,0.04863632473930652,0.04748754079773354,75926.0,33806.0,-4947.0,-3400.0,36.0,33057.0,15675.0,0.38384427514307584,0.4353844532834602,0.4636750872626161,1398.0,0.0,1.0
2019-10-08,AU1912.SHF,343.9,345.8,343.8,344.5,344.6,345.05,345.25,-0.75,-0.65,130064,4482490.88,465598,2310.0,69,0.8391875500038712,0.7276787946986747,8,AU2002.SHF,345.9,346.3,86520,1.3999999999999773,AU1910.SHF,339.95,338.35,7,4.550000000000011,AU2010.SHF,351.8,351.8,373,11.850000000000023,0.03476282674163761,0.034170666067789825,75681.0,34157.0,-245.0,473.0,38.0,33340.0,16196.0,0.3780476702052113,0.44053329105059397,0.4741634218461809,1398.0,0.0,1.0
2019-10-09,AU1912.SHF,348.1,349.9,347.35,349.5,348.85,344.5,344.6,4.9,4.25,396842,13844782.62,475860,10262.0,68,0.9013850969204421,0.7270499367463805,8,AU2002.SHF,351.3,350.6,87522,1.8000000000000114,AU1910.SHF,344.05,347.0,6,5.449999999999989,AU2010.SHF,353.4,353.4,372,9.349999999999966,0.027102030379051022,0.02674030313263401,81140.0,36029.0,5459.0,2309.0,37.0,35196.0,16180.0,0.38500797992643104,0.4337687946758689,0.44908268339393265,1398.0,0.0,1.0
2019-10-10,AU1912.SHF,348.45,350.0,346.6,347.7,348.35,349.5,348.85,-1.15,-0.5,374118,13034206.56,470308,-5552.0,67,0.8876924902123621,0.7213600542352916,8,AU2002.SHF,349.25,350.05,88442,1.5500000000000114,AU1910.SHF,347.1,348.55,5,0.5999999999999659,AU2010.SHF,356.8,356.4,371,9.699999999999989,0.02786948218887789,0.02748717052161602,80109.0,35066.0,-956.0,-787.0,37.0,35054.0,15861.0,0.39108313436075537,0.43757879888651713,0.4523184851423031,1398.0,0.0,1.0
2019-10-11,AU1912.SHF,347.3,347.7,343.45,345.85,345.1,347.7,348.35,-2.5,-3.25,400130,13810345.93,475936,5628.0,66,0.9094855802451176,0.7222488633673463,8,AU2002.SHF,347.5,346.75,88954,1.6499999999999773,AU1910.SHF,348.55,348.55,4,-2.6999999999999886,AU2010.SHF,352.9,352.9,370,4.349999999999966,0.012446176313579993,0.012369150664803343,80047.0,36661.0,333.0,1675.0,36.0,36028.0,16869.0,0.3717482948898105,0.45008557472484917,0.46013474809743327,1398.0,0.0,1.0
2019-10-14,AU1912.SHF,341.85,342.85,338.55,340.7,340.7,345.85,345.1,-4.4,-4.4,613868,20916726.73,469720,-6216.0,63,0.9059685764970143,0.7171976584043069,8,AU2002.SHF,342.45,342.45,86958,1.75,AU1910.SHF,348.55,348.55,1,-7.850000000000023,AU2010.SHF,348.5,348.75,367,-0.05000000000001137,-0.00014305949785729094,-0.0001430697598843117,77323.0,33853.0,-2387.0,-2528.0,36.0,34036.0,15515.0,0.39100165503346046,0.4401795067444357,0.4583050246654654,1398.0,0.0,1.0
2019-10-15,AU1912.SHF,341.75,343.1,341.0,341.65,341.85,340.7,340.7,0.95,1.15,279672,9561775.61,471926,2206.0,62,0.8728185154670062,0.7140397383057658,8,AU2002.SHF,343.3,343.65,88130,1.650000000000034,AU1911.SHF,340.85,340.8,31,0.7999999999999545,AU2010.SHF,348.55,348.85,366,7.699999999999989,0.024613619594560415,0.024339718970504062,78072.0,33589.0,1420.0,-30.0,35.0,33585.0,15338.0,0.39837543994769886,0.4301798339993852,0.45663758968709994,1398.0,0.0,1.0
2019-10-16,AU1912.SHF,342.1,342.5,338.9,340.2,340.45,341.65,341.85,-1.65,-1.4,376596,12822349.89,473484,1558.0,61,0.8607042948823432,0.7079605263157894,8,AU2002.SHF,342.0,342.2,92848,1.8000000000000114,AU1911.SHF,340.0,340.95,30,0.19999999999998863,AU2010.SHF,348.25,348.45,365,8.25,0.026437664618085947,0.026122009531771323,78577.0,34865.0,505.0,1470.0,35.0,33332.0,15929.0,0.38532465929726206,0.42419537523702866,0.4568765237344041,1488.0,90.0,1.0
2019-10-17,AU1912.SHF,342.45,343.15,340.85,342.7,341.95,340.2,340.45,2.25,1.5,300068,10262018.4,477778,4294.0,60,0.8939534772868106,0.7075299581208276,8,AU2002.SHF,344.35,343.7,93202,1.650000000000034,AU1911.SHF,340.7,346.2,29,2.0,AU2010.SHF,349.85,350.1,364,9.150000000000034,0.029261529160770836,0.028875494870505884,81653.0,36148.0,3172.0,1452.0,38.0,35297.0,15609.0,0.38628704340370623,0.432280504084357,0.4318081221644351,1488.0,0.0,1.0
2019-10-18,AU1912.SHF,341.6,343.1,341.35,342.0,342.0,342.7,341.95,0.05,0.05,297062,10160268.52,467908,-9870.0,59,0.8934356710196274,0.7011076082135622,8,AU2002.SHF,343.7,343.7,93372,1.6999999999999886,AU1911.SHF,345.0,345.0,28,-3.0,AU2010.SHF,350.2,349.8,363,5.199999999999989,0.01642223664287253,0.016299704565501363,79607.0,35589.0,-1852.0,-376.0,36.0,33763.0,15716.0,0.3821139622903573,0.4241209943849159,0.44159712270645424,1488.0,0.0,1.0
2019-10-21,AU1912.SHF,341.85,342.4,340.7,341.75,341.65,342.0,342.0,-0.25,-0.35,277642,9486290.48,459112,-8796.0,56,0.8824565195280716,0.6932441043327001,8,AU2002.SHF,343.7,343.4,95680,1.9499999999999886,AU1911.SHF,345.0,345.0,25,-3.25,AU2010.SHF,350.1,349.6,360,5.100000000000023,0.016106424399740433,0.01598853728113429,78539.0,34552.0,-1030.0,-529.0,37.0,33548.0,15043.0,0.3889522596846787,0.42715084225671324,0.43537277147487846,1488.0,0.0,1.0
2019-10-22,AU1912.SHF,341.7,342.55,339.4,340.45,340.85,341.75,341.65,-1.2,-0.8,291530,9937932.35,454612,-4500.0,55,0.8723167425688655,0.6872649210860494,8,AU2002.SHF,342.35,342.5,98440,1.900000000000034,AU1911.SHF,344.95,344.95,24,-4.5,AU2010.SHF,348.4,348.1,359,3.4499999999999886,0.010897101678157885,0.010842968910369935,79038.0,34879.0,545.0,487.0,35.0,34074.0,14876.0,0.387641879614105,0.4311090867683899,0.4265030534132286,1485.0,-3.0,1.0
2019-10-23,AU1912.SHF,340.75,342.0,339.75,341.95,340.9,340.45,340.85,1.1,0.05,234268,7987222.24,444474,-10138.0,54,0.8612160870524226,0.6773205490808016,8,AU2002.SHF,343.7,342.75,99932,1.75,AU1911.SHF,344.95,344.95,23,-3.0,AU2010.SHF,348.9,348.9,358,3.9499999999999886,0.012476391776441676,0.012405499278277294,78538.0,33482.0,-426.0,-1100.0,37.0,33055.0,14557.0,0.40221389037671845,0.42087906491125315,0.4347709216892659,1485.0,0.0,1.0
2019-10-24,AU1912.SHF,341.75,342.35,341.1,341.5,341.65,341.95,340.9,0.6,0.75,206760,7064775.77,436136,-8338.0,53,0.8578114109329882,0.6710486635524947,8,AU2002.SHF,343.15,343.45,99890,1.6499999999999773,AU1911.SHF,344.95,341.15,22,-3.4499999999999886,AU2010.SHF,349.55,349.45,357,4.600000000000023,0.014529468904210753,0.014433444470283423,77984.0,33220.0,-554.0,-262.0,38.0,31930.0,14602.0,0.4025394769972303,0.409442962659007,0.43955448524984947,1485.0,0.0,1.0
2019-10-25,AU1912.SHF,341.65,345.0,341.45,344.65,343.75,341.5,341.65,3.0,2.1,417910,14367166.08,441630,5494.0,52,0.8581666598217585,0.6675241915736841,8,AU2002.SHF,346.4,345.55,101378,1.75,AU1911.SHF,346.0,343.5,21,-1.3500000000000227,AU2010.SHF,352.95,351.8,356,6.949999999999989,0.021885514623414728,0.021668610465884423,84033.0,35174.0,7735.0,2154.0,35.0,36540.0,14438.0,0.40986687023413054,0.4348291742529721,0.41047364530619207,1473.0,-12.0,1.0
2019-10-28,AU1912.SHF,346.65,347.75,342.9,344.6,345.1,344.65,343.75,0.85,1.35,403356,13920327.09,430334,-11296.0,49,0.8671376177556873,0.6556311570069139,7,AU2002.SHF,346.55,346.95,101332,1.9499999999999886,AU1912.SHF,344.6,345.1,49,0.0,AU2010.SHF,352.2,352.2,353,7.599999999999966,0.026479976784677756,0.026192198251384507,81048.0,33655.0,-760.0,-1433.0,38.0,34875.0,14122.0,0.4131801260647062,0.43030056262955285,0.4196107562026445,1473.0,0.0,1.0
2019-10-29,AU1912.SHF,342.9,343.45,340.65,340.9,341.65,344.6,345.1,-4.2,-3.45,347034,11857198.61,398052,-32282.0,48,0.8426386818245832,0.6327143715487397,7,AU2002.SHF,342.7,343.45,99500,1.8000000000000114,AU1912.SHF,340.9,341.65,48,0.0,AU2010.SHF,348.4,348.9,352,7.5,0.026415178088959698,0.02612879614996384,72647.0,32856.0,-5152.0,-335.0,38.0,31666.0,13852.0,0.3771551519861994,0.43588861205555635,0.4215972729486243,1473.0,0.0,1.0
2019-10-30,AU1912.SHF,340.85,341.5,339.2,340.55,340.45,340.9,341.65,-1.1,-1.2,342796,11670763.31,361044,-37008.0,47,0.8318756734194663,0.5926584963082367,7,AU2002.SHF,342.5,342.3,102094,1.9499999999999886,AU1912.SHF,340.55,340.45,47,0.0,AU2010.SHF,347.5,347.2,351,6.949999999999989,0.024503222341568234,0.02425654003583752,68291.0,31501.0,-4299.0,-617.0,37.0,28740.0,13283.0,0.36866682700016035,0.4208460851356694,0.42166915336021077,1473.0,0.0,1.0
2019-10-31,AU1912.SHF,340.95,341.85,340.05,341.1,341.2,340.55,340.45,0.65,0.75,317778,10843328.11,311040,-50004.0,46,0.7396309502751115,0.530276424316611,7,AU2002.SHF,343.4,343.35,106664,2.2999999999999545,AU1912.SHF,341.1,341.2,46,0.0,AU2010.SHF,349.85,349.2,350,8.75,0.03079963816753852,0.030411225806140113,58707.0,23699.0,-6154.0,-5831.0,36.0,26060.0,10041.0,0.42482343518675825,0.44389936464135454,0.4236887632389552,1473.0,0.0,1.0
2019-11-01,AU1912.SHF,343.4,344.85,343.0,344.05,344.0,341.1,341.2,2.85,2.8,330950,11385533.47,264376,-46664.0,45,0.7300453534747467,0.47271283842982154,7,AU2002.SHF,346.05,346.15,112308,2.0,AU1912.SHF,344.05,344.0,45,0.0,AU2010.SHF,352.15,352.1,349,8.099999999999966,0.028267196475420496,0.027939580010426412,55137.0,21336.0,-3165.0,-2049.0,33.0,24070.0,9667.0,0.4419991369502962,0.4365489598636125,0.45308398950131235,1473.0,0.0,1.0
2019-11-04,AU1912.SHF,343.35,345.3,343.1,343.7,343.85,344.05,344.0,-0.3,-0.15,265216,9120642.29,229250,-35126.0,42,0.7114048593638514,0.4236865255671947,7,AU2002.SHF,345.6,346.05,120920,1.900000000000034,AU1912.SHF,343.7,343.85,42,0.0,AU2010.SHF,352.1,352.1,346,8.400000000000034,0.02934398113409817,0.02899113632041072,51656.0,20914.0,-3333.0,-306.0,34.0,22341.0,9622.0,0.4236185751688025,0.4324957410562181,0.46007459118293964,1473.0,0.0,1.0
2019-11-05,AU1912.SHF,344.25,344.45,341.0,341.4,342.8,343.7,343.85,-2.45,-1.05,204130,6998367.06,214128,-15122.0,41,0.6785244179707756,0.4023888360625547,7,AU2002.SHF,343.3,344.9,122468,1.900000000000034,AU1912.SHF,341.4,342.8,41,0.0,AU2010.SHF,350.3,351.1,345,8.900000000000034,0.031300103289859334,0.030899074811618087,49144.0,22717.0,-1632.0,1858.0,34.0,22309.0,10695.0,0.36775163162215946,0.4539516522871561,0.4707927983448519,1473.0,0.0,1.0
2019-11-06,AU1912.SHF,339.75,339.9,335.3,336.55,337.15,341.4,342.8,-6.25,-5.65,389228,13124413.09,186948,-27180.0,40,0.6593709660478874,0.3615945532968415,7,AU2006.SHF,341.7,342.25,126856,5.149999999999977,AU1912.SHF,336.55,337.15,40,0.0,AU2010.SHF,344.3,345.5,344,7.75,0.027648488142060813,0.02733495072049659,43781.0,22637.0,-4403.0,1103.0,38.0,21140.0,10288.0,0.3183474359360414,0.48285786071583564,0.454477183372355,1473.0,0.0,1.0
2019-11-07,AU1912.SHF,336.5,338.9,336.05,338.35,337.4,336.55,337.15,1.2,0.25,213364,7199728.82,171208,-15740.0,39,0.6608028839900151,0.33812051695263373,7,AU2006.SHF,343.4,342.6,129480,5.0499999999999545,AU1912.SHF,338.35,337.4,39,0.0,AU2010.SHF,346.4,345.55,343,8.049999999999955,0.028565970304807214,0.028231446097587442,40321.0,22551.0,-2553.0,164.0,36.0,20295.0,10280.0,0.28263774017050514,0.5033357307606459,0.45585561615892867,1473.0,0.0,1.0
2019-11-08,AU1912.SHF,335.0,335.95,328.85,332.1,332.4,338.35,337.4,-5.3,-5.0,387596,12883986.63,154008,-17200.0,38,0.6085340082331921,0.31003369931514296,7,AU2006.SHF,336.65,337.0,131574,4.5499999999999545,AU1912.SHF,332.1,332.4,38,0.0,AU2010.SHF,338.35,338.35,342,6.25,0.022595940506188624,0.022385947427203148,37849.0,21174.0,-2217.0,-1286.0,35.0,19206.0,8824.0,0.2825169849041899,0.507437448809744,0.4167375082648531,1473.0,0.0,1.0
2019-11-11,AU1912.SHF,329.65,332.45,329.2,331.5,330.7,332.1,332.4,-0.9,-1.7,259932,8597074.22,145636,-8372.0,35,0.6105846703154729,0.2925910002290325,7,AU2006.SHF,336.2,335.45,137560,4.699999999999989,AU1912.SHF,331.5,330.7,35,0.0,AU2010.SHF,338.95,338.95,339,7.449999999999989,0.02698311105818836,0.026684374676433986,34549.0,19958.0,-3130.0,-892.0,36.0,17294.0,9137.0,0.267690388390482,0.5005644157573301,0.4578114039482914,1473.0,0.0,1.0
2019-11-12,AU2006.SHF,336.35,336.4,331.95,332.55,334.1,336.2,335.45,-2.9,-1.35,67916,2269315.16,146372,8812.0,216,0.16599372354258116,0.2959760585594694,7,AU1912.SHF,328.3,329.6,133752,-4.25,AU1912.SHF,328.3,329.6,34,4.25,AU2010.SHF,334.85,336.05,338,6.550000000000011,0.02395464273690622,0.023718811627325503,36129.0,21125.0,2708.0,3264.0,41.0,17278.0,10015.0,0.2620602927306389,0.4782307841346287,0.4740828402366864,1473.0,0.0,1.0
2019-11-13,AU2006.SHF,333.25,336.35,332.1,336.1,334.45,332.55,334.1,2.0,0.35,72598,2428309.32,152588,6216.0,215,0.1835368474276324,0.3067231113737693,7,AU2002.SHF,333.15,331.35,134038,-2.9500000000000455,AU1912.SHF,331.85,329.95,33,4.25,AU2010.SHF,337.95,337.1,337,6.099999999999966,0.02207025209550921,0.021869858629495524,36624.0,22771.0,495.0,1743.0,40.0,17472.0,10122.0,0.23323512080141426,0.47706422018348627,0.44451275745465724,1473.0,0.0,1.0
2019-11-14,AU2006.SHF,337.0,337.25,335.5,337.05,336.45,336.1,334.45,2.6,2.0,57244,1926232.56,153984,1396.0,214,0.16988366571699906,0.3158736866289493,7,AU2002.SHF,334.1,333.6,136350,-2.9499999999999886,AU1912.SHF,332.7,332.25,32,4.350000000000023,AU2010.SHF,340.0,339.5,336,7.300000000000011,0.026344462373246103,0.026059600736211448,37590.0,23967.0,984.0,1337.0,41.0,17925.0,10793.0,0.22130708124177592,0.47685554668794894,0.45032753369216005,1473.0,0.0,1.0
2019-11-15,AU2006.SHF,337.7,338.9,335.85,336.2,337.1,337.05,336.45,-0.25,0.65,77582,2615294.5,156392,2408.0,213,0.21014567340769594,0.3311201070478836,7,AU2002.SHF,333.3,334.25,132242,-2.8999999999999773,AU1912.SHF,331.9,332.9,31,4.300000000000011,AU2010.SHF,339.5,339.5,335,7.600000000000023,0.027493220849653555,0.0271831688144079,39340.0,25247.0,1750.0,1685.0,40.0,18950.0,11170.0,0.21820180531685943,0.4816980172852059,0.44242880342218877,1473.0,0.0,1.0
2019-11-18,AU2006.SHF,336.0,337.05,335.95,336.2,336.45,336.2,337.1,-0.9,-0.65,36040,1212594.28,158660,2268.0,210,0.16984617704720253,0.338730475922083,8,AU2002.SHF,333.45,333.5,135814,-2.75,AU1912.SHF,332.05,332.15,28,4.149999999999977,AU2012.SHF,339.4,339.25,393,7.349999999999966,0.022135220599307278,0.021893792813403208,39711.0,25503.0,371.0,558.0,41.0,19111.0,11402.0,0.21786732910111326,0.4812520460325854,0.44708465670705405,1473.0,0.0,1.0
2019-11-19,AU2006.SHF,334.8,339.0,334.6,338.3,337.75,336.2,336.45,1.85,1.3,88464,2987948.55,163136,4476.0,209,0.21372245844607654,0.35384962432108835,8,AU2002.SHF,335.4,334.9,138050,-2.900000000000034,AU1912.SHF,334.05,333.5,27,4.25,AU2012.SHF,341.9,340.65,392,7.849999999999966,0.0234994761263283,0.02322761427376919,41097.0,26387.0,1599.0,884.0,40.0,19116.0,11648.0,0.2179775946891115,0.46514344112708955,0.4414294917952022,1473.0,0.0,1.0
2019-11-20,AU2006.SHF,337.85,339.55,336.7,339.15,338.35,338.3,337.75,1.4,0.6,78028,2640273.71,169804,6668.0,208,0.20321273426187325,0.37337449591232724,8,AU2002.SHF,336.5,335.5,139028,-2.6499999999999773,AU1912.SHF,335.15,334.2,26,4.0,AU2012.SHF,342.75,342.15,391,7.600000000000023,0.022676413546173446,0.022423125638457168,41892.0,26911.0,795.0,554.0,37.0,19802.0,11843.0,0.2177375986512216,0.47269168337630096,0.440080264575824,1473.0,0.0,1.0
2019-11-21,AU2006.SHF,339.0,340.1,337.55,338.8,338.95,339.15,338.35,0.45,0.6,72420,2454838.84,173838,4034.0,207,0.2074001947419669,0.3828828431977164,8,AU2002.SHF,336.0,336.0,142166,-2.8000000000000114,AU1912.SHF,334.55,334.7,25,4.25,AU2012.SHF,342.0,342.4,390,7.449999999999989,0.022268719175011272,0.02202439183377927,43034.0,27267.0,1287.0,356.0,42.0,21029.0,12104.0,0.22427845976586394,0.4886601292001673,0.44390655370961235,1473.0,0.0,1.0
2019-11-22,AU2006.SHF,338.45,338.7,336.5,337.9,337.55,338.8,338.95,-1.05,-1.4,87048,2938331.1,172606,-1232.0,206,0.23964453058325397,0.38602572819008085,8,AU2002.SHF,334.95,334.75,143984,-2.9499999999999886,AU1912.SHF,333.75,333.45,24,4.149999999999977,AU2012.SHF,341.1,341.0,389,7.350000000000023,0.02202247191011253,0.021783479710140927,42150.0,26808.0,-177.0,-84.0,38.0,22106.0,11997.0,0.2224832506743235,0.5244602609727165,0.44751566696508505,1473.0,0.0,1.0
2019-11-25,AU2006.SHF,338.6,338.8,335.25,335.4,336.9,337.9,337.55,-2.15,-0.65,83864,2825628.43,181198,8592.0,203,0.23400728831247106,0.40742822708303356,8,AU2002.SHF,332.65,334.45,144756,-2.75,AU1912.SHF,331.5,332.75,21,3.8999999999999773,AU2012.SHF,338.7,339.25,386,7.199999999999989,0.021719457013574583,0.02148695019780875,44807.0,27374.0,2657.0,593.0,42.0,22668.0,12126.0,0.24151785095800835,0.5059030954984712,0.44297508584788486,1473.0,0.0,1.0
2019-11-26,AU2006.SHF,335.15,336.05,333.5,335.2,334.8,335.4,336.9,-1.7,-2.1,82884,2775070.82,182810,1612.0,202,0.2527290246252546,0.41744876941555803,8,AU2002.SHF,332.35,332.1,143494,-2.849999999999966,AU1912.SHF,331.25,330.95,20,3.9499999999999886,AU2012.SHF,338.15,337.6,385,6.899999999999977,0.020830188679245243,0.020616206720516953,44200.0,27112.0,-559.0,-239.0,41.0,23382.0,12225.0,0.23962306484182186,0.5290045248868779,0.4509073473000885,1473.0,0.0,1.0
2019-11-27,AU2006.SHF,335.1,336.4,333.95,335.8,335.35,335.2,334.8,1.0,0.55,71360,2393164.67,187540,4730.0,201,0.21180982232432785,0.4326701242132851,8,AU2002.SHF,333.15,332.6,140686,-2.650000000000034,AU1912.SHF,332.0,331.4,19,3.8000000000000114,AU2012.SHF,338.9,338.65,384,6.899999999999977,0.02078313253012043,0.02057010969651706,45704.0,27612.0,1820.0,1046.0,41.0,23985.0,12421.0,0.24676741775328714,0.5247899527393663,0.44984064899319137,1473.0,0.0,1.0
2019-11-28,AU2006.SHF,335.5,335.55,334.05,334.8,334.85,335.8,335.35,-0.55,-0.5,60260,2018038.05,187252,-288.0,200,0.22421658145990073,0.4415654240869303,8,AU2002.SHF,332.05,332.15,135268,-2.75,AU1912.SHF,330.85,331.05,18,3.9499999999999886,AU2012.SHF,337.85,338.6,383,7.0,0.021157624301042732,0.020936909540115078,45551.0,27750.0,14.0,328.0,40.0,23456.0,12459.0,0.2428479829743114,0.5149392988079295,0.44897297297297295,1473.0,0.0,1.0
2019-11-29,AU2006.SHF,335.1,336.1,334.85,335.7,335.4,334.8,334.85,0.85,0.55,38100,1278048.36,190348,3096.0,199,0.28125968906409177,0.45151740856883965,8,AU2002.SHF,333.1,332.8,137122,-2.599999999999966,AU1912.SHF,331.55,331.35,17,4.149999999999977,AU2012.SHF,339.2,338.9,382,7.649999999999977,0.02307344291961999,0.0228112761028714,46213.0,27320.0,662.0,448.0,41.0,23438.0,12347.0,0.2569322617056288,0.5071733062125376,0.45193997071742315,1473.0,0.0,1.0
2019-12-02,AU2006.SHF,335.1,337.7,334.4,336.2,335.8,335.7,335.4,0.8,0.4,78480,2635508.21,189590,-758.0,196,0.28667236504701166,0.4542840575265133,8,AU2002.SHF,333.5,333.45,136450,-2.6999999999999886,AU1912.SHF,331.5,331.45,14,4.699999999999989,AU2012.SHF,339.7,339.55,379,8.199999999999989,0.024736048265459942,0.024435065540620946,46576.0,27544.0,888.0,418.0,40.0,23960.0,12517.0,0.25677280086346466,0.5144280316042597,0.4544365379029916,1473.0,0.0,1.0
2019-12-03,AU2006.SHF,335.85,337.7,335.8,336.85,336.9,336.2,335.8,1.05,1.1,91672,3088542.99,193232,3642.0,195,0.2422890489959245,0.456800279897497,8,AU2002.SHF,334.2,334.3,138620,-2.650000000000034,AU1912.SHF,332.3,332.15,13,4.550000000000011,AU2012.SHF,340.5,340.45,378,8.199999999999989,0.024676497141137507,0.024376950229018448,47178.0,28034.0,1435.0,752.0,39.0,23679.0,12555.0,0.2545338509812264,0.5019076688286913,0.4478490404508811,1473.0,0.0,1.0
2019-12-04,AU2006.SHF,339.75,343.5,339.55,343.1,341.9,336.85,336.9,6.2,5.0,162032,5540322.85,207690,14458.0,194,0.2685441154047586,0.46041605703492855,8,AU2002.SHF,340.4,339.15,153300,-2.7000000000000455,AU1912.SHF,338.2,337.0,12,4.900000000000034,AU2012.SHF,346.6,345.6,377,8.400000000000034,0.02483737433471322,0.02453394081702582,53421.0,29497.0,7147.0,2232.0,38.0,25762.0,13252.0,0.2885260136520418,0.48224481009340897,0.4492660270535987,1473.0,0.0,1.0
2019-12-05,AU2006.SHF,341.75,342.7,340.05,341.55,341.1,343.1,341.9,-0.35,-0.8,111058,3788646.68,204244,-3446.0,193,0.27316240493501637,0.46907569278256755,8,AU2002.SHF,338.75,338.25,143118,-2.8000000000000114,AU1912.SHF,337.15,337.1,11,4.400000000000034,AU2012.SHF,345.1,344.65,376,7.9500000000000455,0.02358000889811662,0.023306294923366833,53751.0,29013.0,429.0,-110.0,41.0,26095.0,13533.0,0.2988980716253444,0.4854793399192573,0.4664460758970117,1473.0,0.0,1.0
2019-12-06,AU2006.SHF,340.7,341.5,338.75,339.1,340.2,341.55,341.1,-2.0,-0.9,115956,3945098.63,192066,-12178.0,192,0.30521644372147383,0.4709854927463732,8,AU2002.SHF,336.4,337.75,129568,-2.7000000000000455,AU1912.SHF,334.8,336.25,10,4.300000000000011,AU2012.SHF,342.15,343.6,375,7.349999999999966,0.021953405017921087,0.02171589878318642,49517.0,26523.0,-2541.0,-1490.0,39.0,24964.0,12990.0,0.3023934771173067,0.5041500898681261,0.48976360140255626,1773.0,300.0,1.0
2019-12-09,AU2006.SHF,339.25,340.35,335.75,336.45,336.95,339.1,340.2,-3.75,-3.25,144790,4878905.55,188118,-3948.0,189,0.3078437542522792,0.48078082990012166,8,AU2002.SHF,333.6,334.35,118028,-2.849999999999966,AU1912.SHF,332.8,332.45,7,3.6499999999999773,AU2012.SHF,340.2,340.15,372,7.399999999999977,0.022235576923076875,0.02199197101470781,47773.0,25892.0,-1394.0,-474.0,40.0,23788.0,11929.0,0.29703386954455985,0.4979381659096142,0.4607214583655183,1773.0,0.0,1.0
2019-12-10,AU2006.SHF,337.2,337.42,336.22,336.76,336.76,336.45,336.95,-0.19,-0.19,51368,1729948.344,185518,-2600.0,188,0.3163093141541152,0.47893163430211844,8,AU2002.SHF,333.9,333.9,116912,-2.8600000000000136,AU1912.SHF,332.08,332.18,6,4.680000000000007,AU2012.SHF,339.82,339.82,371,7.740000000000009,0.023307636714044788,0.023040161912829288,46941.0,24848.0,-832.0,-857.0,37.0,23772.0,11783.0,0.30774909805123346,0.50642295647728,0.4742031551835158,1773.0,0.0,1.0
2019-12-11,AU2006.SHF,337.6,337.92,336.58,336.96,337.3,336.76,336.76,0.2,0.54,75588,2549728.948,186058,540.0,187,0.3189528583725758,0.48604239267297455,8,AU2002.SHF,334.12,334.42,111898,-2.839999999999975,AU1912.SHF,332.1,332.3,5,4.859999999999957,AU2012.SHF,340.46,341.6,370,8.359999999999957,0.025173140620294857,0.024861516003723303,47161.0,25017.0,227.0,678.0,37.0,23846.0,11936.0,0.30679708498434427,0.5056296516189224,0.4771155614182356,1773.0,0.0,1.0
2019-12-12,AU2006.SHF,337.6,339.36,337.3,338.94,338.44,336.96,337.3,1.64,1.14,80928,2738962.484,191652,5594.0,186,0.35609060668461906,0.5015807545747666,8,AU2002.SHF,336.02,335.46,105530,-2.920000000000016,AU1912.SHF,334.0,333.78,4,4.939999999999998,AU2012.SHF,342.5,342.24,369,8.5,0.025449101796407136,0.025130664725579517,50537.0,25704.0,3590.0,1308.0,38.0,26666.0,12369.0,0.3257171338256319,0.5276530067079566,0.4812091503267974,1773.0,0.0,1.0
2019-12-13,AU2006.SHF,340.0,342.2,333.5,334.62,337.16,338.94,338.44,-3.82,-1.28,239826,8086236.404,188754,-2898.0,185,0.3889932363388643,0.49814732708386117,8,AU2002.SHF,331.76,334.26,103492,-2.8600000000000136,AU1912.SHF,331.0,331.62,3,3.6200000000000045,AU2012.SHF,338.56,341.38,368,7.560000000000002,0.022839879154078476,0.0225829538528169,46276.0,24480.0,-4094.0,-648.0,40.0,23302.0,11434.0,0.3080445474588727,0.5035439536692886,0.4670751633986928,1773.0,0.0,1.0
2019-12-16,AU2006.SHF,335.7,338.98,333.76,338.24,336.76,334.62,337.16,1.08,-0.4,183410,6176568.668,196398,7644.0,182,0.35445929544909904,0.51292511321553,8,AU2002.SHF,335.32,333.82,96184,-2.920000000000016,AU2001.SHF,335.06,333.2,30,3.180000000000007,AU2012.SHF,341.54,340.68,365,6.480000000000018,0.02107174388904287,0.0208705716438894,50637.0,25948.0,4438.0,2535.0,40.0,25859.0,11911.0,0.3223738329960175,0.5106740130734443,0.45903345151842145,1773.0,0.0,1.0
2019-12-17,AU2006.SHF,338.76,338.88,337.28,338.06,338.02,338.24,336.76,1.3,1.26,65944,2229095.196,197414,1016.0,181,0.3419409702777259,0.5168474020703847,7,AU2002.SHF,335.14,335.08,93540,-2.920000000000016,AU2001.SHF,333.42,333.98,29,4.639999999999986,AU2012.SHF,341.1,340.76,364,7.680000000000007,0.025096758424899175,0.024812082120062882,50887.0,26294.0,562.0,660.0,40.0,25346.0,11939.0,0.31864059807465567,0.4980839900170967,0.45405795999087245,1773.0,0.0,1.0
2019-12-18,AU2006.SHF,338.28,338.7,337.34,338.58,338.06,338.06,338.02,0.56,0.04,59946,2026638.116,197632,218.0,180,0.33583193277310924,0.5137729158651096,8,AU2002.SHF,335.6,335.08,94646,-2.9799999999999613,AU2001.SHF,333.18,332.06,28,5.399999999999977,AU2012.SHF,341.56,341.0,363,8.379999999999995,0.02740394910016812,0.02706499466749135,50985.0,26011.0,517.0,428.0,39.0,25397.0,12060.0,0.32435451192269726,0.4981269000686476,0.463649994233209,1773.0,0.0,1.0
2019-12-19,AU2006.SHF,338.12,338.68,336.8,338.04,337.7,338.58,338.06,-0.02,-0.36,85202,2877355.264,197104,-528.0,179,0.3532157633344112,0.5123283825723509,8,AU2002.SHF,335.18,334.86,92652,-2.8600000000000136,AU2001.SHF,333.46,333.46,27,4.580000000000041,AU2012.SHF,341.14,341.14,362,7.680000000000007,0.025093747957865557,0.024809139430898925,50102.0,26278.0,-830.0,310.0,40.0,25137.0,12024.0,0.31191411364231475,0.5017164983433795,0.4575690691833473,1773.0,0.0,1.0
2019-12-20,AU2006.SHF,337.58,339.16,337.54,339.1,338.48,338.04,337.7,1.4,0.78,63780,2158881.14,200004,2900.0,178,0.33589281764464246,0.5131860518820722,8,AU2002.SHF,336.08,335.48,92534,-3.0200000000000387,AU2001.SHF,334.1,334.44,26,5.0,AU2012.SHF,342.18,341.78,361,8.079999999999984,0.026350140944484308,0.02603655593234005,51204.0,27447.0,1431.0,1229.0,40.0,26062.0,12682.0,0.3020559179158561,0.5089836731505352,0.46205414070754547,1773.0,0.0,1.0
2019-12-23,AU2006.SHF,338.92,340.4,337.88,340.16,339.14,339.1,338.48,1.68,0.66,94862,3217244.988,204228,4224.0,175,0.36931114762012285,0.5113011606597434,8,AU2002.SHF,337.18,336.1,95676,-2.980000000000018,AU2001.SHF,335.7,335.3,23,4.460000000000036,AU2012.SHF,343.28,342.66,358,7.579999999999984,0.02460174551727509,0.02432810714778269,53034.0,27755.0,1902.0,501.0,40.0,27256.0,12909.0,0.31290150886878165,0.5139344571407022,0.46510538641686183,1773.0,0.0,1.0
2019-12-24,AU2006.SHF,339.9,342.12,339.56,341.72,340.92,340.16,339.14,2.58,1.78,93780,3197258.888,213174,8946.0,174,0.41134465576531687,0.5208308901137563,8,AU2002.SHF,338.68,337.76,95740,-3.0400000000000205,AU2001.SHF,335.3,335.3,22,6.420000000000016,AU2012.SHF,344.94,344.6,357,9.639999999999986,0.031325033051266216,0.03088317885892888,56815.0,28740.0,4597.0,1245.0,38.0,29611.0,13296.0,0.3281514815031266,0.5211827862360292,0.46263048016701463,1773.0,0.0,1.0
2019-12-25,AU2006.SHF,341.72,344.4,341.58,343.78,343.06,341.72,340.92,2.86,2.14,88958,3051883.212,218198,5024.0,173,0.4074511743798322,0.5276728495078716,8,AU2002.SHF,340.62,339.96,93240,-3.159999999999968,AU2001.SHF,338.06,338.76,21,5.71999999999997,AU2012.SHF,346.82,346.56,356,8.759999999999991,0.028233087652902743,0.02787349068553916,,,,,,,,,,,1773.0,0.0,1.0
2019-12-26,AU2006.SHF,343.6,347.5,342.62,344.12,343.78,343.78,343.06,1.06,0.72,72472,2491514.388,219286,1088.0,172,0.4271400617676875,0.5335270016447209,8,AU2002.SHF,340.92,340.64,88816,-3.1999999999999886,AU2001.SHF,340.96,338.98,20,3.160000000000025,AU2012.SHF,347.26,347.22,355,6.300000000000011,0.020131919006562828,0.019948187631268606,58536.0,30760.0,500.0,1409.0,38.0,30674.0,14279.0,0.3110553664217882,0.5240194068607352,0.46420676202860855,1773.0,0.0,1.0
2019-12-27,AU2006.SHF,345.04,346.74,344.54,345.3,345.52,344.12,343.78,1.52,1.74,198500,6858852.16,225266,5980.0,171,0.5163703715265313,0.5416428224499512,8,AU2004.SHF,343.5,343.76,87308,-1.8000000000000114,AU2001.SHF,339.2,339.14,19,6.100000000000023,AU2012.SHF,348.22,348.9,354,9.020000000000039,0.028973352576739105,0.02859481912703629,59090.0,33420.0,5541.0,2904.0,36.0,30442.0,15971.0,0.2774835152956437,0.5151802335420544,0.47788749251944945,1773.0,0.0,1.0
2019-12-30,AU2006.SHF,345.92,346.56,345.12,345.46,345.76,345.3,345.52,-0.06,0.24,128800,4453476.48,228544,3278.0,168,0.5188151036421788,0.5484827831162223,8,AU2004.SHF,343.54,343.98,89138,-1.919999999999959,AU2001.SHF,334.64,339.3,16,10.819999999999993,AU2012.SHF,348.58,348.94,351,13.939999999999998,0.04538715697153714,0.0444672766126903,60671.0,34793.0,2152.0,1374.0,37.0,32208.0,16560.0,0.2710760077097126,0.5308631801025202,0.475957807604978,1773.0,0.0,1.0
2019-12-31,AU2006.SHF,345.4,347.94,344.7,347.48,346.54,345.46,345.76,1.72,0.78,197576,6846918.612,255444,26900.0,167,0.5207810556059296,0.5821634334889149,7,AU2004.SHF,345.52,344.38,93804,-1.9600000000000364,AU2002.SHF,343.56,342.84,48,3.920000000000016,AU2012.SHF,350.74,350.02,350,7.180000000000007,0.025258512543766598,0.024998196557085302,70042.0,37754.0,10750.0,3149.0,36.0,36482.0,18775.0,0.29952873947085235,0.5208589132234944,0.49729829951793186,1773.0,0.0,1.0
2020-01-02,AU2006.SHF,346.0,346.58,345.44,346.24,346.14,347.48,346.54,-0.3,-0.4,41087,1422208.092,129725,-125719.0,165,0.5024519095544985,0.5862693879026718,7,AU2004.SHF,344.66,344.34,49497,-1.579999999999984,AU2002.SHF,342.72,342.56,46,3.519999999999982,AU2012.SHF,349.46,349.52,348,6.739999999999952,0.02376875142993171,0.023538050688081253,70398.0,37501.0,411.0,77.0,38.0,36661.0,18479.0,0.30488697763649336,0.5207676354441888,0.49276019306151836,1773.0,0.0,1.0
2020-01-03,AU2006.SHF,346.82,351.96,346.58,351.16,349.02,346.24,346.14,5.02,2.88,144392,5039732.778,140774,11049.0,164,0.552870183177112,0.5879645485452708,7,AU2004.SHF,349.5,347.2,56454,-1.660000000000025,AU2002.SHF,348.1,345.48,45,3.0600000000000023,AU2012.SHF,354.5,352.92,347,6.399999999999977,0.02222091162811931,0.02201910983939723,74985.0,38859.0,4761.0,1567.0,37.0,38302.0,19640.0,0.3173289764941499,0.5107954924318197,0.5054170205100491,1773.0,0.0,1.0
2020-01-06,AU2006.SHF,352.3,359.82,350.72,358.34,354.96,351.16,349.02,9.32,5.94,185964,6601293.536,142492,1718.0,161,0.5839440812404619,0.5874553714987756,7,AU2004.SHF,356.86,353.3,56089,-1.4799999999999613,AU2002.SHF,355.46,352.72,42,2.8799999999999955,AU2012.SHF,362.08,359.16,344,6.6200000000000045,0.02250884312576227,0.022301810072795632,71656.0,38103.0,2468.0,823.0,36.0,33940.0,19258.0,0.3056970271230605,0.47365189237467903,0.5054195207726426,1773.0,0.0,1.0
2020-01-07,AU2006.SHF,358.58,358.92,353.22,354.94,356.0,358.34,354.96,-0.02,1.04,200630,7142811.054,145032,2540.0,160,0.5865190941008978,0.5936781091635488,7,AU2004.SHF,353.54,355.08,55633,-1.3999999999999773,AU2002.SHF,351.92,353.52,41,3.019999999999982,AU2012.SHF,358.42,358.92,343,6.5,0.022323142375825934,0.02211949078574197,72555.0,36308.0,1235.0,-1494.0,36.0,36200.0,17752.0,0.3329597751302095,0.4989318448073875,0.48892805993169547,1773.0,0.0,1.0
2020-01-08,AU2006.SHF,354.6,364.44,354.52,360.68,359.36,354.94,356.0,4.68,3.36,253483,9109585.898,157344,12312.0,159,0.6534582764043206,0.6234235519262086,7,AU2004.SHF,359.46,356.86,50858,-1.2200000000000273,AU2002.SHF,358.44,356.52,40,2.240000000000009,AU2012.SHF,364.6,365.04,342,6.160000000000025,0.020770653700989898,0.020594194647081336,80228.0,38175.0,9280.0,2308.0,37.0,41126.0,18458.0,0.35516836566641047,0.5126140499576208,0.4835101506221349,1773.0,0.0,1.0
2020-01-09,AU2006.SHF,356.66,357.32,346.82,348.04,353.26,360.68,359.36,-11.32,-6.1,291906,10311926.438,157456,112.0,158,0.7240558198604008,0.634217861343387,7,AU2004.SHF,347.12,352.72,47052,-0.9200000000000159,AU2002.SHF,346.72,351.44,39,1.3199999999999932,AU2012.SHF,351.5,356.28,341,4.779999999999973,0.016662299024806194,0.016548487794287428,79720.0,33739.0,988.0,-3281.0,35.0,39606.0,16949.0,0.40526533813976856,0.49681384846964377,0.5023563235424879,1773.0,0.0,1.0
2020-01-10,AU2006.SHF,350.7,350.86,348.56,349.3,349.72,348.04,353.26,-3.96,-3.54,144194,5042765.208,161353,3897.0,157,0.6477106831790352,0.6378219191619725,7,AU2004.SHF,348.12,348.66,46021,-1.1800000000000068,AU2002.SHF,349.0,348.28,38,0.30000000000001137,AU2012.SHF,353.1,353.4,340,4.100000000000023,0.01419856164253607,0.014115807838240058,79811.0,31559.0,374.0,-1689.0,36.0,39160.0,15847.0,0.4332585076771123,0.4906591823182268,0.5021388510409075,1773.0,0.0,1.0
2020-01-13,AU2006.SHF,349.48,351.48,348.4,349.42,349.94,349.3,349.72,-0.3,0.22,173686,6078030.584,164665,3312.0,154,0.6879171105944606,0.6428710861247755,7,AU2004.SHF,348.36,348.82,43179,-1.0600000000000023,AU2002.SHF,347.84,348.14,35,1.580000000000041,AU2012.SHF,353.4,353.64,337,5.560000000000002,0.01931884645143993,0.019166072591901503,78856.0,30701.0,-955.0,-227.0,37.0,38480.0,15390.0,0.439542886351397,0.48797808663893677,0.5012866030422461,1773.0,0.0,1.0
2020-01-14,AU2006.SHF,348.9,349.16,342.9,344.7,345.98,349.42,349.94,-5.24,-3.96,144966,5015717.964,171034,6369.0,153,0.6810167851287423,0.6483201989302948,7,AU2004.SHF,343.68,345.04,41891,-1.0199999999999818,AU2002.SHF,343.36,344.28,34,1.339999999999975,AU2012.SHF,349.06,348.62,336,5.699999999999989,0.02006370237558849,0.019898987517682872,79788.0,29098.0,932.0,-419.0,36.0,40401.0,14130.0,0.4655327590323825,0.5063543389983456,0.48560038490617913,1773.0,0.0,1.0
2020-01-15,AU2006.SHF,345.7,348.68,345.16,347.54,346.86,344.7,345.98,1.56,0.88,123625,4288290.562,176471,5437.0,152,0.697099389879442,0.6557140096905562,7,AU2004.SHF,346.42,345.76,41974,-1.1200000000000045,AU2002.SHF,345.56,344.94,33,1.9800000000000182,AU2012.SHF,352.04,351.74,335,6.480000000000018,0.022664046994646976,0.02245416670678334,83635.0,29248.0,3847.0,281.0,37.0,41622.0,13676.0,0.4817997395533428,0.4976624618879656,0.4675875273522976,1773.0,0.0,1.0
2020-01-16,AU2006.SHF,347.68,349.28,346.82,347.96,348.06,347.54,346.86,1.1,1.2,127605,4441515.754,176618,147.0,151,0.6982413325161968,0.6553397698010434,8,AU2004.SHF,346.84,346.9,39792,-1.1200000000000045,AU2002.SHF,346.16,346.34,32,1.7999999999999545,AU2102.SHF,353.08,353.22,386,6.919999999999959,0.020611937394810258,0.020408618491304965,80513.0,27167.0,-3122.0,-540.0,35.0,41640.0,12961.0,0.49541233283803865,0.5171835604188143,0.4770861707218316,1773.0,0.0,1.0
2020-01-17,AU2006.SHF,348.5,348.5,346.32,347.78,347.32,347.96,348.06,-0.28,-0.74,108652,3773720.274,176869,251.0,150,0.6862246025781107,0.6554199276651251,8,AU2008.SHF,349.14,348.9,38907,1.3600000000000136,AU2002.SHF,346.08,345.8,31,1.6999999999999886,AU2102.SHF,353.22,353.22,385,7.140000000000043,0.021272146344139268,0.021055684952454592,80309.0,26670.0,2.0,-264.0,36.0,41202.0,12460.0,0.5013974705315997,0.5130433699834389,0.4671916010498688,1773.0,0.0,1.0
2020-01-20,AU2006.SHF,347.98,348.54,346.94,347.94,347.8,347.78,347.32,0.62,0.48,96285,3348969.928,180264,3395.0,147,0.7245738796703917,0.6607675671712914,8,AU2008.SHF,349.3,349.18,39447,1.3600000000000136,AU2002.SHF,346.9,346.5,28,1.0400000000000205,AU2102.SHF,353.22,353.22,382,6.32000000000005,0.018784618566707937,0.01861555501912479,81322.0,26423.0,2116.0,675.0,35.0,42318.0,12693.0,0.5095271242285024,0.520375790069108,0.48037694432880446,1773.0,0.0,1.0
2020-01-21,AU2006.SHF,348.52,351.82,347.92,351.34,350.28,347.94,347.8,3.54,2.48,86646,3035049.776,186852,6588.0,146,0.6681523750771129,0.6739015180204062,8,AU2008.SHF,352.86,351.62,39429,1.5200000000000387,AU2002.SHF,350.02,348.46,27,1.3199999999999932,AU2102.SHF,356.38,356.38,381,6.360000000000014,0.018735006910016856,0.01856682988929081,83891.0,27996.0,2671.0,1576.0,35.0,44227.0,12993.0,0.4995665269423615,0.5271960043389636,0.4641020145735105,1773.0,0.0,1.0
2020-01-22,AU2006.SHF,349.48,349.8,346.66,348.32,348.48,351.34,350.28,-1.96,-1.8,132216,4607643.014,182735,-4117.0,145,0.6861057056122052,0.6772703855661927,8,AU2008.SHF,349.92,349.78,41423,1.6000000000000227,AU2002.SHF,346.04,346.16,26,2.2799999999999727,AU2102.SHF,353.78,353.78,380,7.739999999999952,0.0230623872227956,0.022808247547072065,77475.0,26522.0,-6285.0,-918.0,34.0,39694.0,12991.0,0.48994682538919393,0.5123459180380768,0.4898197722645351,1773.0,0.0,1.0
2020-01-23,AU2006.SHF,348.88,351.24,348.66,350.72,349.94,348.32,348.48,2.24,1.46,81197,2841466.372,185593,2858.0,144,0.6912795102972101,0.686920990002998,8,AU2008.SHF,352.12,351.6,41647,1.3999999999999773,AU2002.SHF,347.3,346.64,25,3.420000000000016,AU2102.SHF,355.54,355.54,379,8.240000000000009,0.024463130428275543,0.024177435795894094,77759.0,27301.0,284.0,842.0,34.0,40770.0,13441.0,0.48027793641728533,0.5243122982548644,0.4923262884143438,1773.0,0.0,1.0
2020-02-03,AU2006.SHF,359.18,360.5,357.2,359.3,359.2,350.72,349.94,9.36,9.26,78891,2833862.376,185923,330.0,133,0.7592389421411249,0.6863463866985617,8,AU2008.SHF,360.74,360.58,42680,1.4399999999999977,AU2002.SHF,355.92,356.32,14,3.3799999999999955,AU2102.SHF,365.42,365.16,368,9.5,0.02752078483960728,0.02715990826918807,79747.0,27023.0,2783.0,138.0,33.0,42268.0,12885.0,0.4938091224126627,0.5300262078824282,0.47681604559079305,1773.0,0.0,1.0
2020-02-04,AU2006.SHF,359.18,359.44,356.06,356.2,357.4,359.3,359.2,-3.0,-1.8,74093,2648125.734,188931,3008.0,132,0.7716332885514627,0.6868320027919557,8,AU2008.SHF,357.96,358.76,43661,1.759999999999991,AU2002.SHF,354.34,355.18,13,1.8600000000000136,AU2102.SHF,363.28,364.42,367,8.939999999999998,0.02601398828856326,0.02569123913941417,78866.0,29515.0,-770.0,2620.0,35.0,41844.0,12856.0,0.45534733947832184,0.5305708416808257,0.435575131289175,1773.0,0.0,1.0
2020-02-05,AU2006.SHF,352.36,354.96,352.14,354.22,353.6,356.2,357.4,-3.18,-3.8,61136,2161824.456,188841,-90.0,131,0.7394470112968383,0.68641997746356,8,AU2008.SHF,355.66,355.22,44831,1.4399999999999977,AU2002.SHF,351.98,350.84,12,2.240000000000009,AU2102.SHF,360.38,359.84,366,8.399999999999977,0.0246065598873586,0.02431753161372922,78363.0,29928.0,-427.0,413.0,35.0,41438.0,12715.0,0.44726708590741615,0.5287954774574736,0.42485298048650094,1773.0,0.0,1.0
2020-02-06,AU2006.SHF,352.3,352.78,350.52,352.4,352.04,354.22,353.6,-1.2,-1.56,61641,2170017.414,188677,-164.0,130,0.7407616598368043,0.6837832646567439,8,AU2008.SHF,354.0,353.56,46042,1.6000000000000227,AU2002.SHF,349.0,349.34,11,3.3999999999999773,AU2102.SHF,358.0,357.78,365,9.0,0.026589286581516144,0.026252227210083835,78388.0,31045.0,556.0,1423.0,34.0,42166.0,13350.0,0.4326208730456078,0.5379139664234321,0.4300209373490095,1773.0,0.0,1.0
2020-02-07,AU2006.SHF,355.28,355.62,353.72,354.3,354.88,352.4,352.04,2.26,2.84,48697,1728197.282,188266,-411.0,129,0.7922075809337888,0.6773644576687691,8,AU2008.SHF,355.8,356.4,47135,1.5,AU2002.SHF,350.52,350.78,10,3.7800000000000296,AU2102.SHF,359.58,360.24,364,9.060000000000002,0.02665047764386849,0.02631187822410197,76929.0,31155.0,-25.0,1549.0,33.0,40935.0,13791.0,0.4235039413789275,0.5321140272199041,0.44265767934520944,1773.0,0.0,1.0
2020-02-10,AU2006.SHF,357.36,357.62,355.36,355.56,356.42,354.3,354.88,0.68,1.54,50977,1816931.418,187697,-569.0,126,0.7348565662390082,0.6711470110774996,8,AU2008.SHF,357.4,357.92,48693,1.839999999999975,AU2002.SHF,351.94,352.54,7,3.6200000000000045,AU2102.SHF,361.52,361.86,361,9.579999999999984,0.028066385224240507,0.027691187518316947,76875.0,31148.0,492.0,177.0,34.0,41039.0,14152.0,0.4233079992223878,0.5338406504065041,0.4543469885706947,1773.0,0.0,1.0
2020-02-11,AU2006.SHF,355.76,355.88,354.42,354.6,355.0,355.56,356.42,-1.82,-1.42,42388,1504834.818,187871,174.0,125,0.7872664462687121,0.6700035306326965,8,AU2008.SHF,356.14,356.64,48206,1.5399999999999636,AU2002.SHF,350.98,351.32,6,3.6200000000000045,AU2102.SHF,360.4,360.88,360,9.419999999999959,0.027673120589226517,0.02730827299797613,77244.0,31742.0,580.0,1099.0,33.0,40946.0,14142.0,0.41750316554419836,0.5300864792087411,0.4455295822569466,1773.0,0.0,1.0
2020-02-12,AU2006.SHF,354.64,354.64,353.08,354.0,353.8,354.6,355.0,-1.0,-1.2,43088,1524471.146,185980,-1891.0,124,0.7692225296795501,0.6664922610493723,8,AU2008.SHF,355.74,355.28,47570,1.740000000000009,AU2002.SHF,351.6,350.72,5,2.3999999999999773,AU2102.SHF,359.3,360.12,359,7.699999999999989,0.0225803911738428,0.022336688792611924,76884.0,31111.0,-360.0,-435.0,35.0,40510.0,13705.0,0.42384369646742903,0.5268976640133187,0.44051943042653724,2397.0,624.0,1.0
2020-02-13,AU2006.SHF,355.6,356.96,355.0,356.52,355.98,354.0,353.8,2.72,2.18,54165,1928243.716,188138,2158.0,123,0.8080348485074516,0.6672743394218833,8,AU2008.SHF,358.0,357.54,47527,1.4800000000000182,AU2002.SHF,353.0,352.82,4,3.519999999999982,AU2102.SHF,362.04,361.48,358,9.04000000000002,0.026404827067428544,0.026072389263759203,78373.0,32100.0,2700.0,2192.0,34.0,40976.0,13856.0,0.41886252749540615,0.5228331185484797,0.4316510903426791,2397.0,0.0,1.0
2020-02-14,AU2006.SHF,357.22,357.5,356.1,356.78,356.84,356.52,355.98,0.8,0.86,47751,1703949.828,190061,1923.0,122,0.8173182253868273,0.6689721198554076,8,AU2008.SHF,358.32,358.4,47824,1.5400000000000205,AU2002.SHF,352.82,352.82,3,3.9599999999999795,AU2102.SHF,362.2,362.3,357,9.379999999999995,0.027411906713206893,0.02705385524600112,78503.0,30337.0,839.0,-1763.0,33.0,40975.0,13006.0,0.44253950753399485,0.5219545749843955,0.42871740778587203,2397.0,0.0,1.0
2020-02-17,AU2006.SHF,358.04,358.76,357.66,357.9,358.1,356.78,356.84,1.06,1.26,50160,1796246.392,192337,2276.0,119,0.8289264939185617,0.6707316647893513,8,AU2008.SHF,359.48,359.58,47782,1.580000000000041,AU2003.SHF,357.9,357.54,28,0.0,AU2102.SHF,362.92,363.28,354,5.020000000000039,0.015704252995918738,0.015595136144934312,80327.0,29630.0,2049.0,-605.0,33.0,41582.0,13312.0,0.46106205152923413,0.5176590685572722,0.4492743840701991,2397.0,0.0,1.0
2020-02-18,AU2006.SHF,359.46,359.96,359.0,359.68,359.44,357.9,358.1,1.58,1.34,54774,1968827.312,197001,4664.0,118,0.8181940398834865,0.6755215548575583,8,AU2008.SHF,361.1,360.94,47563,1.420000000000016,AU2003.SHF,357.4,357.4,27,2.2800000000000296,AU2102.SHF,364.68,364.78,353,7.28000000000003,0.022806156254613307,0.022576989898317964,82298.0,30467.0,2140.0,848.0,35.0,42537.0,13187.0,0.459637298807254,0.5168655374371187,0.4328289624839991,2397.0,0.0,1.0
2020-02-19,AU2006.SHF,363.06,364.58,363.0,364.06,363.9,359.68,359.44,4.62,4.46,77534,2821465.876,200460,3459.0,117,0.8101099176662347,0.6798134802882577,8,AU2008.SHF,365.64,365.38,47362,1.579999999999984,AU2003.SHF,361.46,363.68,26,2.6000000000000227,AU2102.SHF,369.04,368.68,352,7.580000000000041,0.023479250306952266,0.023236452921338982,84936.0,32259.0,2957.0,1804.0,34.0,43920.0,14176.0,0.4494816331754768,0.5170952246397288,0.4394432561455718,2397.0,0.0,1.0
2020-02-20,AU2006.SHF,365.16,366.92,364.28,365.06,365.56,364.06,363.9,1.16,1.66,85991,3143605.594,201066,606.0,116,0.80816330366625,0.6790201005025126,8,AU2008.SHF,366.62,367.14,47239,1.5600000000000023,AU2003.SHF,365.82,365.82,25,-0.7599999999999909,AU2102.SHF,370.3,370.82,351,4.480000000000018,0.01371152730918335,0.01362824770460859,85871.0,32110.0,2018.0,-149.0,33.0,44270.0,14126.0,0.45567506632423865,0.5155407529899501,0.4399252569293055,2397.0,0.0,1.0
2020-02-21,AU2006.SHF,368.96,372.3,368.78,371.9,370.54,365.06,365.56,6.34,4.98,103882,3849243.82,207305,6239.0,115,0.8055303541380727,0.6936734359262643,8,AU2008.SHF,373.26,371.94,46283,1.3600000000000136,AU2003.SHF,365.82,365.82,24,6.079999999999984,AU2102.SHF,377.46,375.32,350,11.639999999999986,0.03562548613368137,0.03507044689174217,91499.0,34015.0,6352.0,2078.0,34.0,48330.0,15161.0,0.45798875025893526,0.528202494016328,0.4457151256798471,2397.0,0.0,1.0
2020-02-24,AU2006.SHF,379.12,380.78,377.76,379.7,379.08,371.9,370.54,9.16,8.54,129984,4927563.748,206012,-1293.0,112,0.7480533830562318,0.6965041584961796,8,AU2008.SHF,381.28,380.48,45803,1.579999999999984,AU2003.SHF,378.06,379.52,21,1.6399999999999864,AU2102.SHF,384.56,384.26,347,6.5,0.019249873993448737,0.019086264715783653,90315.0,35548.0,-710.0,2621.0,33.0,46863.0,16591.0,0.4351318497096049,0.5188839063278525,0.4667210532238101,2163.0,-234.0,1.0
2020-02-25,AU2006.SHF,374.64,377.16,370.3,371.74,374.24,379.7,379.08,-7.34,-4.84,173863,6506865.204,195593,-10419.0,111,0.7880725960710369,0.690492328765189,8,AU2008.SHF,373.28,375.92,43008,1.5399999999999636,AU2003.SHF,374.34,375.4,20,-2.599999999999966,AU2102.SHF,377.8,379.84,346,3.4600000000000364,0.010348684031543999,0.010301150603008208,87083.0,32885.0,-2956.0,-2303.0,34.0,45973.0,15416.0,0.4517704721259002,0.5279216379775616,0.46878516040748064,2163.0,0.0,1.0
2020-02-26,AU2006.SHF,373.18,374.78,371.96,374.26,373.66,371.74,374.24,0.02,-0.58,116955,4370210.906,196977,1384.0,110,0.7798767720683355,0.685793367568979,8,AU2008.SHF,375.72,375.16,44253,1.4600000000000364,AU2003.SHF,375.4,375.4,19,-1.1399999999999864,AU2102.SHF,378.92,379.64,345,3.5200000000000387,0.010498413144588744,0.010449498625913505,87552.0,33479.0,580.0,594.0,33.0,45908.0,15616.0,0.44676983582718477,0.5243512426900585,0.4664416499895457,2163.0,0.0,1.0
2020-02-27,AU2006.SHF,373.88,375.68,373.62,374.3,374.7,374.26,373.66,0.64,1.04,101033,3785867.328,195757,-1220.0,109,0.7682592065942255,0.6776998840248568,8,AU2008.SHF,375.74,376.2,45605,1.4399999999999977,AU2003.SHF,375.4,375.4,18,-1.099999999999966,AU2102.SHF,379.96,380.36,344,4.560000000000002,0.013600217028217043,0.013518278688325985,86268.0,33529.0,-914.0,155.0,32.0,44644.0,15114.0,0.4402363999098475,0.5175035934529605,0.4507739568731546,2163.0,0.0,1.0
2020-02-28,AU2006.SHF,373.34,373.96,355.96,369.98,371.0,374.3,374.7,-4.72,-3.7,183765,6817745.442,192303,-3454.0,108,0.7980275671591235,0.6725785974349379,7,AU2008.SHF,371.52,372.74,46371,1.5399999999999636,AU2004.SHF,368.72,370.0,47,1.259999999999991,AU2102.SHF,375.26,377.08,343,6.539999999999964,0.021871683193282046,0.021679977318061063,84471.0,32130.0,-1036.0,-1389.0,33.0,44259.0,14435.0,0.44888980368950526,0.5239549667933373,0.44926859632741983,2163.0,0.0,1.0
2020-03-02,AU2006.SHF,360.0,362.88,358.48,361.24,360.94,369.98,371.0,-9.76,-10.06,175575,6337372.072,185701,-6602.0,105,0.7901380688364056,0.6612624097312234,7,AU2008.SHF,362.76,362.56,47804,1.5199999999999818,AU2004.SHF,359.8,359.58,44,1.4399999999999977,AU2102.SHF,367.46,367.84,340,7.659999999999968,0.026252384958610545,0.025976837504837542,80831.0,27955.0,-1631.0,-3330.0,32.0,40978.0,13439.0,0.4860551909253029,0.5069589637639025,0.48073689858701485,2163.0,0.0,1.0
2020-03-03,AU2006.SHF,358.72,361.0,358.5,360.26,360.3,361.24,360.94,-0.68,-0.64,91148,3284134.366,188288,2587.0,104,0.808544233618082,0.661358136136762,7,AU2008.SHF,361.7,361.82,48418,1.4399999999999977,AU2004.SHF,358.7,358.66,43,1.5600000000000023,AU2102.SHF,366.56,366.5,339,7.860000000000014,0.027020434150347772,0.026728646861271,83193.0,27333.0,2591.0,-492.0,33.0,42353.0,12685.0,0.5054014440041257,0.5090933131393266,0.464091025500311,2163.0,0.0,1.0
2020-03-04,AU2006.SHF,369.5,371.0,367.78,368.54,368.8,360.26,360.3,8.24,8.5,118360,4365271.006,185782,-2506.0,103,0.7712206214854924,0.6480285188079027,7,AU2008.SHF,370.0,370.28,50652,1.4599999999999795,AU2004.SHF,367.12,367.4,42,1.420000000000016,AU2102.SHF,374.06,374.42,338,6.939999999999998,0.02331055314412263,0.023092960905137648,81267.0,27125.0,-1522.0,-127.0,33.0,42202.0,13185.0,0.49950180825153145,0.5193005771100201,0.4860829493087558,2163.0,0.0,1.0
2020-03-05,AU2006.SHF,366.92,368.8,366.88,368.62,367.68,368.54,368.8,-0.18,-1.12,55414,2037558.11,186879,1097.0,102,0.7707093184979138,0.6463337449029353,7,AU2008.SHF,370.36,369.14,51323,1.740000000000009,AU2004.SHF,367.0,366.02,41,1.6200000000000045,AU2102.SHF,373.18,373.24,337,6.180000000000007,0.020764599749613477,0.02059170795204207,81225.0,28065.0,56.0,1196.0,34.0,43139.0,13377.0,0.48641229755695853,0.5311049553708833,0.47664350614644574,2163.0,0.0,1.0
2020-03-06,AU2006.SHF,375.38,377.96,374.66,376.08,375.84,368.62,367.68,8.4,8.16,134667,5061432.316,189357,2478.0,101,0.7933862387104756,0.6446700507614214,7,AU2008.SHF,377.46,377.18,52047,1.3799999999999955,AU2004.SHF,374.72,374.34,40,1.3599999999999568,AU2102.SHF,381.5,381.42,336,6.779999999999973,0.02231125366399698,0.022111811368354994,83623.0,30309.0,2401.0,2533.0,31.0,45151.0,14240.0,0.4679457922269424,0.5399351852959114,0.46982744399353327,2163.0,0.0,1.0
2020-03-09,AU2006.SHF,381.1,381.12,370.64,373.42,376.08,376.08,375.84,-2.42,0.24,237196,8920881.92,187556,-1801.0,98,0.8358476138121567,0.6382321314331605,7,AU2008.SHF,374.6,378.06,53144,1.1800000000000068,AU2004.SHF,372.3,374.94,37,1.1200000000000045,AU2102.SHF,378.74,381.54,333,6.439999999999998,0.0213301536830948,0.021147770705986602,86656.0,28877.0,3442.0,-679.0,31.0,46450.0,14429.0,0.5001081941955978,0.5360275110782866,0.499671018457596,2163.0,0.0,1.0
2020-03-10,AU2006.SHF,371.66,373.26,366.74,368.64,370.42,373.42,376.08,-7.44,-5.66,150891,5589391.202,188592,1036.0,97,0.786755236223141,0.6372406242925349,7,AU2008.SHF,369.86,372.16,54099,1.2200000000000273,AU2004.SHF,367.42,369.26,36,1.2199999999999704,AU2102.SHF,374.2,376.54,332,6.779999999999973,0.02275453969019895,0.022547142483470558,84704.0,27858.0,412.0,-1019.0,33.0,42255.0,13542.0,0.5050194559442795,0.49885483566301475,0.48610811975016155,2163.0,0.0,1.0
2020-03-11,AU2006.SHF,368.98,371.56,368.9,371.22,370.24,368.64,370.42,0.8,-0.18,99485,3683509.132,186852,-1740.0,96,0.7354876389874616,0.6318010448190163,7,AU2008.SHF,372.44,371.54,54159,1.2199999999999704,AU2004.SHF,369.9,368.86,35,1.32000000000005,AU2102.SHF,376.66,375.38,331,6.760000000000048,0.022535309031659647,0.022331865198616397,83155.0,26172.0,-1549.0,-1629.0,33.0,42648.0,13152.0,0.5212161680097323,0.5128735493957068,0.5025217790004585,2163.0,0.0,1.0
2020-03-12,AU2006.SHF,368.0,369.96,365.6,367.26,367.36,371.22,370.24,-2.98,-2.88,156119,5735230.032,185959,-893.0,95,0.758271487410631,0.6322942380534644,7,AU2008.SHF,368.56,368.56,54330,1.3000000000000114,AU2004.SHF,366.78,366.4,34,0.4800000000000182,AU2102.SHF,372.22,372.9,330,5.440000000000055,0.01828918727331975,0.01815488303108788,81661.0,25502.0,-742.0,-669.0,33.0,40093.0,12450.0,0.5240521448634323,0.4909687610977088,0.4881970041565367,2163.0,0.0,1.0
2020-03-13,AU2006.SHF,355.0,357.96,349.1,356.4,353.9,367.26,367.36,-10.96,-13.46,238963,8457375.516,180870,-5089.0,94,0.8063104404688797,0.6239586028460543,7,AU2008.SHF,357.64,354.92,55226,1.240000000000009,AU2004.SHF,355.3,353.2,33,1.099999999999966,AU2102.SHF,361.38,359.88,329,6.079999999999984,0.021101315218962254,0.020922802833434798,77365.0,24042.0,-331.0,-977.0,36.0,36868.0,12131.0,0.5258315500902304,0.4765462418406256,0.5045753265119375,2163.0,0.0,1.0
2020-03-16,AU2006.SHF,348.5,349.3,342.92,347.18,346.44,356.4,353.9,-6.72,-7.46,193447,6702021.744,180029,-841.0,91,0.7825937448166772,0.6195953317570614,7,AU2008.SHF,348.4,347.62,56172,1.2199999999999704,AU2004.SHF,346.5,345.8,30,0.6800000000000068,AU2102.SHF,352.64,352.6,326,6.139999999999986,0.02185074685074668,0.021659405680763424,72554.0,25272.0,-1805.0,1626.0,36.0,36152.0,12109.0,0.48332754073559175,0.4982771452986741,0.4791468819246597,2163.0,0.0,1.0
2020-03-17,AU2006.SHF,341.0,341.0,330.12,330.88,334.12,347.18,346.44,-15.56,-12.32,240329,8030306.758,177085,-2944.0,90,0.7872902204998345,0.6165504371228923,7,AU2008.SHF,331.96,335.4,56190,1.079999999999984,AU2004.SHF,330.2,333.5,29,0.6800000000000068,AU2102.SHF,335.9,339.74,325,5.699999999999989,0.02128623929805024,0.021104602274527255,67087.0,25172.0,-4533.0,581.0,37.0,32445.0,11752.0,0.45431881984413447,0.4836257397111214,0.46686794851422214,2163.0,0.0,1.0
2020-03-18,AU2006.SHF,342.0,344.78,336.6,339.08,341.04,330.88,334.12,4.96,6.92,193627,6603803.156,174965,-2120.0,89,0.7507133884400056,0.6110798718920373,7,AU2008.SHF,340.34,342.16,56991,1.259999999999991,AU2004.SHF,338.24,340.06,28,0.839999999999975,AU2102.SHF,343.5,346.4,324,5.259999999999991,0.019176172684036923,0.01902859553342532,65241.0,24562.0,-1692.0,-252.0,38.0,30971.0,11709.0,0.45298041268109085,0.4747168191781242,0.4767119941372852,2163.0,0.0,1.0
2020-03-19,AU2006.SHF,335.58,337.42,330.74,336.62,334.42,339.08,341.04,-4.42,-6.62,179984,6019067.992,172272,-2693.0,88,0.7587314568517434,0.6142173606109658,7,AU2008.SHF,337.88,335.7,54946,1.259999999999991,AU2004.SHF,335.48,333.06,27,1.1399999999999864,AU2102.SHF,341.04,339.42,323,5.560000000000002,0.02043663133743025,0.02026912862963386,63920.0,24632.0,-71.0,323.0,39.0,30815.0,11924.0,0.4436715150420092,0.4820869837296621,0.48408574212406624,2163.0,0.0,1.0
2020-03-20,AU2006.SHF,335.82,341.62,335.56,339.78,337.82,336.62,334.42,5.36,3.4,165573,5593693.748,171370,-902.0,87,0.7434266060812874,0.6128433542776015,7,AU2008.SHF,340.94,338.44,54497,1.160000000000025,AU2004.SHF,338.22,335.86,26,1.5599999999999454,AU2102.SHF,345.26,342.18,322,7.039999999999964,0.025666965528593908,0.02540348834258575,65019.0,23597.0,1890.0,-880.0,37.0,32054.0,11602.0,0.46743251782973727,0.4929943554960858,0.4916726702546934,2163.0,0.0,1.0
2020-03-23,AU2006.SHF,340.0,341.0,336.96,339.62,339.16,339.78,337.82,1.8,1.34,121073,4106437.422,171605,235.0,84,0.7295619844172748,0.6175440743046534,7,AU2008.SHF,341.0,340.28,53045,1.3799999999999955,AU2004.SHF,338.72,337.96,23,0.8999999999999773,AU2102.SHF,344.0,343.56,319,5.279999999999973,0.01922180801491141,0.019073531233776343,65817.0,25308.0,798.0,2122.0,36.0,33904.0,12652.0,0.4445432098765432,0.5151252715863682,0.4999209736051841,2163.0,0.0,1.0
2020-03-24,AU2006.SHF,359.5,359.5,354.7,358.46,357.7,339.62,339.16,19.3,18.54,161343,5771381.394,173582,1977.0,83,0.736665479549626,0.6199202162803072,8,AU2008.SHF,359.5,358.62,52182,1.0400000000000205,AU2004.SHF,356.5,356.38,22,1.9599999999999795,AU2104.SHF,364.1,358.48,387,7.600000000000023,0.02131837307152873,0.02109431532703711,70696.0,24912.0,5270.0,946.0,36.0,36992.0,12298.0,0.4788720609154046,0.5232544981328505,0.4936576750160565,2163.0,0.0,1.0
2020-03-25,AU2006.SHF,376.0,376.2,363.0,364.4,366.28,358.46,357.7,6.7,8.58,157599,5772567.218,171798,-1784.0,82,0.7763115117481898,0.6186103789482781,8,AU2008.SHF,365.42,367.28,51577,1.0200000000000387,AU2004.SHF,362.66,364.46,21,1.7399999999999523,AU2104.SHF,371.0,374.22,386,8.339999999999975,0.02299674626371795,0.02273630638155546,68405.0,23074.0,-774.0,-1154.0,36.0,35867.0,11728.0,0.4955344942555122,0.5243330165923543,0.5082777151772558,2163.0,0.0,1.0
2020-03-26,AU2006.SHF,363.0,364.94,361.88,363.34,363.5,364.4,366.28,-2.94,-2.78,96202,3497044.668,172741,943.0,81,0.6625253951310217,0.6320378474102478,8,AU2008.SHF,364.2,364.76,47795,0.8600000000000136,AU2004.SHF,361.56,361.88,20,1.7799999999999727,AU2104.SHF,368.54,368.96,385,6.980000000000018,0.019305232879743395,0.019121250976504717,67490.0,21951.0,-799.0,-932.0,37.0,35182.0,11229.0,0.5091512840867164,0.521292043265669,0.5115484488178215,2163.0,0.0,1.0
2020-03-27,AU2006.SHF,365.08,368.48,364.8,367.58,367.02,363.34,363.5,4.08,3.52,97213,3568004.154,173934,1193.0,80,0.7558332102288189,0.6349392928326848,8,AU2008.SHF,368.68,368.06,46584,1.1000000000000227,AU2004.SHF,366.02,364.76,19,1.5600000000000023,AU2104.SHF,371.58,371.58,384,5.560000000000002,0.015190426752636377,0.015076207460888223,68596.0,23885.0,1106.0,2074.0,36.0,36903.0,11474.0,0.4834614677609455,0.5379759752755263,0.48038517898262506,2163.0,0.0,1.0
2020-03-30,AU2006.SHF,367.88,368.0,363.12,364.7,365.4,367.58,367.02,-2.32,-1.62,106739,3900446.84,172851,-1083.0,77,0.726441803803068,0.6355937812555157,8,AU2008.SHF,365.7,366.46,45936,1.0,AU2004.SHF,363.04,364.48,16,1.6599999999999682,AU2104.SHF,370.86,370.62,381,7.819999999999993,0.021540326134861232,0.021311611867705412,68087.0,27116.0,-509.0,3707.0,36.0,36899.0,15755.0,0.4303540854804996,0.5419389898218456,0.5810222746717805,2163.0,0.0,1.0
2020-03-31,AU2006.SHF,363.9,365.28,363.4,364.9,364.66,364.7,365.4,-0.5,-0.74,58917,2148543.14,167955,-4896.0,76,0.6881781972364011,0.6317303894833844,8,AU2008.SHF,365.94,365.68,45120,1.0400000000000205,AU2004.SHF,362.0,363.22,15,2.8999999999999773,AU2104.SHF,369.78,369.74,380,7.779999999999973,0.02149171270718231,0.02126402237643571,66730.0,24740.0,-1357.0,-2217.0,35.0,36170.0,14169.0,0.45905761451842136,0.5420350666866477,0.5727162489894907,2163.0,0.0,1.0
2020-04-01,AU2006.SHF,357.0,359.76,355.8,358.62,357.68,364.9,364.66,-6.04,-6.98,79674,2849879.586,166727,-1228.0,75,0.7473477848962096,0.6318288616037593,8,AU2008.SHF,359.78,358.7,44389,1.1599999999999682,AU2004.SHF,357.44,357.22,14,1.1800000000000068,AU2104.SHF,364.44,362.2,379,7.0,0.01958370635631157,0.019394412964821844,66516.0,23556.0,47.0,-1037.0,36.0,36030.0,12218.0,0.4769517719158007,0.5416741836550605,0.5186788928510783,2163.0,0.0,1.0
2020-04-02,AU2006.SHF,358.64,360.96,357.86,360.7,359.22,358.62,357.68,3.02,1.54,66157,2376510.57,166956,229.0,74,0.7021396276878011,0.6337870977048583,8,AU2008.SHF,361.68,360.18,43950,0.9800000000000182,AU2004.SHF,357.58,357.58,13,3.1200000000000045,AU2104.SHF,364.48,364.24,378,6.900000000000034,0.01929638122937538,0.019112566935143415,67195.0,23308.0,968.0,-211.0,37.0,36427.0,11978.0,0.4849231517187276,0.5421087878562393,0.513900806590012,2163.0,0.0,1.0
2020-04-03,AU2006.SHF,364.0,365.18,362.7,363.48,363.92,360.7,359.22,4.26,4.7,57865,2105862.2,164213,-2743.0,73,0.7230052227803183,0.6319530498364441,8,AU2008.SHF,364.56,364.92,43299,1.079999999999984,AU2004.SHF,362.2,362.52,12,1.2800000000000296,AU2104.SHF,369.0,369.18,377,6.800000000000011,0.018774157923798995,0.01860009859121417,65696.0,22232.0,-1499.0,-1019.0,38.0,35397.0,11374.0,0.49431352925120553,0.5387999269361909,0.5116048938467075,2163.0,0.0,1.0
2020-04-07,AU2006.SHF,376.98,378.0,373.26,373.88,374.62,363.48,363.92,9.96,10.7,99615,3731848.276,167278,3065.0,69,0.7053887551338337,0.6305881111157186,8,AU2008.SHF,374.82,375.58,43562,0.9399999999999977,AU2004.SHF,371.6,372.94,8,2.2799999999999727,AU2104.SHF,379.0,380.14,373,7.399999999999977,0.01991388589881593,0.019718198142742897,68564.0,23380.0,3417.0,2068.0,38.0,37096.0,11308.0,0.49142956582267466,0.5410419462108395,0.48366124893071,2163.0,0.0,1.0
2020-04-08,AU2006.SHF,367.9,371.54,367.0,370.2,370.34,373.88,374.62,-4.42,-4.28,61625,2282343.252,166048,-1230.0,68,0.702247191011236,0.6262511974534785,8,AU2008.SHF,371.3,371.52,43900,1.1000000000000227,AU2004.SHF,368.8,368.78,7,1.3999999999999773,AU2104.SHF,375.72,375.88,372,6.920000000000016,0.01876355748373104,0.0185896934438759,68046.0,22342.0,-18.0,204.0,37.0,37222.0,11011.0,0.5056423419037925,0.5470123151985422,0.4928385999462895,2163.0,0.0,1.0
2020-04-09,AU2006.SHF,370.5,371.66,370.0,371.46,370.72,370.2,370.34,1.12,0.38,42627,1580296.438,168552,2504.0,67,0.7212202219815917,0.6271492303513557,8,AU2008.SHF,372.4,371.66,44170,0.9399999999999977,AU2004.SHF,370.0,369.22,6,1.4599999999999795,AU2104.SHF,376.14,375.62,371,6.139999999999986,0.016594594594594447,0.01645840887566188,69147.0,24902.0,1784.0,2830.0,36.0,36676.0,13060.0,0.47044625673850865,0.5304062359899924,0.5244558669986347,2163.0,0.0,1.0
2020-04-10,AU2006.SHF,376.44,376.48,372.88,373.74,374.22,371.46,370.72,3.02,3.5,44336,1659145.08,168261,-291.0,66,0.7349157936613181,0.621912815925841,8,AU2008.SHF,374.66,375.1,44342,0.9200000000000159,AU2004.SHF,372.6,372.86,5,1.1399999999999864,AU2104.SHF,378.9,379.52,370,6.2999999999999545,0.016908212560386326,0.01676685985706689,,,,,,,,,,,,,
2020-04-13,AU2006.SHF,374.94,375.22,371.8,373.26,372.92,373.74,374.22,-0.96,-1.3,75011,2797425.244,167514,-747.0,63,0.7032522992977883,0.6170785705602605,8,AU2008.SHF,374.18,373.76,44433,0.9200000000000159,AU2004.SHF,372.0,372.0,2,1.259999999999991,AU2104.SHF,377.54,378.4,367,5.5400000000000205,0.01489247311827957,0.014782669067441159,68788.0,24717.0,-375.0,746.0,36.0,36162.0,11786.0,0.47132238917704933,0.5257021573530267,0.47683780394060765,2163.0,0.0,1.0
2020-04-14,AU2006.SHF,375.28,380.0,374.38,377.6,377.42,373.26,372.92,4.68,4.5,122938,4640154.322,174120,6606.0,62,0.6880768348174557,0.6132583842268761,8,AU2012.SHF,379.88,379.94,45574,2.2799999999999727,AU2004.SHF,377.6,376.2,1,0.0,AU2104.SHF,381.5,381.84,366,3.8999999999999773,0.010328389830508433,0.010275416453166031,73119.0,26563.0,4453.0,2466.0,34.0,36389.0,12234.0,0.46704520374791836,0.49766818473994445,0.46056544817979894,2163.0,0.0,1.0
2020-04-15,AU2006.SHF,377.16,379.34,376.06,376.32,377.9,377.6,377.42,-1.1,0.48,85028,3213354.048,170494,-3626.0,61,0.684484229846565,0.6070902085900056,8,AU2012.SHF,378.5,380.28,46373,2.180000000000007,AU2005.SHF,376.34,377.7,30,-0.01999999999998181,AU2104.SHF,378.92,381.46,365,2.580000000000041,0.007469428644628313,0.00744394171688027,70834.0,25155.0,-2019.0,-127.0,35.0,35687.0,11971.0,0.4758774442904916,0.5038117288307875,0.4758894851918108,2163.0,0.0,1.0
2020-04-16,AU2006.SHF,376.52,380.42,374.16,379.38,377.48,376.32,377.9,1.48,-0.42,88382,3336251.556,173337,2843.0,60,0.6795844770977986,0.6049143598978182,8,AU2012.SHF,381.68,379.78,49047,2.3000000000000114,AU2005.SHF,378.94,378.12,29,0.4399999999999977,AU2104.SHF,382.6,381.08,364,3.660000000000025,0.010523463329365707,0.010472967664796337,73601.0,26691.0,3000.0,1574.0,35.0,36413.0,12020.0,0.46773421608902005,0.4947351258814418,0.4503390656026376,2163.0,0.0,1.0
2020-04-17,AU2006.SHF,376.52,377.7,369.08,372.18,373.16,379.38,377.48,-5.3,-4.32,136448,5091942.666,165229,-8108.0,59,0.7018496800609015,0.5995290241583756,8,AU2012.SHF,374.78,375.8,47459,2.599999999999966,AU2005.SHF,370.82,372.34,28,1.3600000000000136,AU2104.SHF,376.38,376.82,363,5.560000000000002,0.01633652566679582,0.016215263010313098,69064.0,21471.0,-1724.0,-4509.0,38.0,36322.0,9348.0,0.5256861987076821,0.5259179891115487,0.4353779516557217,2163.0,0.0,1.0
2020-04-20,AU2006.SHF,367.2,371.6,366.2,370.8,369.76,372.18,373.16,-2.36,-3.4,93426,3454660.892,161395,-3834.0,56,0.6570920165141615,0.598790509581316,8,AU2012.SHF,372.7,371.78,48416,1.8999999999999773,AU2005.SHF,370.38,368.9,25,0.4200000000000159,AU2104.SHF,374.66,373.18,360,4.28000000000003,0.012590538317645684,0.012518347688520852,67804.0,21014.0,-1229.0,-439.0,37.0,35490.0,8875.0,0.5268076290841947,0.5234204471712584,0.42233748929285236,2163.0,0.0,1.0
2020-04-21,AU2006.SHF,372.5,374.66,372.12,374.42,373.4,370.8,369.76,4.66,3.64,76518,2857317.584,158271,-3124.0,55,0.6666318183006195,0.5958325490343711,8,AU2012.SHF,376.24,375.04,49766,1.8199999999999932,AU2005.SHF,373.56,372.7,24,0.8600000000000136,AU2104.SHF,378.16,376.94,359,4.600000000000023,0.013416694235216515,0.013334759907057635,66949.0,20663.0,-855.0,732.0,38.0,35471.0,9238.0,0.5283066246632881,0.5298212071875606,0.4470793205246092,2163.0,0.0,1.0
2020-04-22,AU2006.SHF,373.0,374.96,371.82,373.18,373.62,374.42,373.4,-0.22,0.22,82597,3086096.696,154546,-3725.0,54,0.6642513631319061,0.5930641738523115,8,AU2012.SHF,375.34,375.6,50678,2.159999999999968,AU2005.SHF,375.52,376.1,23,-2.339999999999975,AU2104.SHF,376.42,376.8,358,0.9000000000000341,0.0026113043644158383,0.0026081801292305294,66652.0,20258.0,-297.0,-405.0,37.0,35436.0,8732.0,0.533816591876654,0.5316569645321971,0.4310395892980551,2133.0,-30.0,1.0
2020-04-23,AU2006.SHF,378.52,381.46,377.72,379.8,379.8,373.18,373.62,6.18,6.18,103203,3919699.96,151296,-3250.0,53,0.6767409836065573,0.5835596149098988,8,AU2012.SHF,381.78,381.76,53230,1.9799999999999613,AU2005.SHF,378.3,379.0,22,1.5,AU2104.SHF,382.76,383.22,357,4.4599999999999795,0.012845368715502537,0.012770237863607928,67581.0,21768.0,1781.0,2123.0,39.0,34554.0,9472.0,0.5127421683510728,0.5112975540462557,0.4351341418596104,2133.0,0.0,1.0
2020-04-24,AU2006.SHF,379.96,383.24,379.3,382.78,381.1,379.8,379.8,2.98,1.3,88675,3379531.722,148130,-3166.0,52,0.6626834663557828,0.5659735754185675,8,AU2012.SHF,385.0,383.0,58171,2.2200000000000273,AU2005.SHF,381.0,381.02,21,1.7799999999999727,AU2104.SHF,386.6,384.84,356,5.600000000000023,0.01601441610843439,0.015897865526412983,69051.0,21735.0,1658.0,137.0,38.0,33889.0,8784.0,0.5211816799947129,0.49078217549347586,0.4041407867494824,2133.0,0.0,1.0
2020-04-27,AU2006.SHF,381.0,382.3,379.7,380.14,381.02,382.78,381.1,-0.96,-0.08,83253,3172123.356,130958,-17172.0,49,0.621606486873936,0.530699248272648,8,AU2012.SHF,382.06,383.34,61332,1.920000000000016,AU2005.SHF,381.44,380.9,18,-1.3000000000000114,AU2104.SHF,383.66,384.68,353,2.2200000000000273,0.006341248873084316,0.006322866967195444,67077.0,18984.0,-1767.0,-2179.0,38.0,33129.0,8015.0,0.5588245546763342,0.4938950758083993,0.4221976401179941,2133.0,0.0,1.0
2020-04-28,AU2006.SHF,379.0,379.06,375.06,377.1,376.84,380.14,381.02,-3.92,-4.18,86653,3265489.704,121441,-9517.0,48,0.5671935853379152,0.5037122758117233,8,AU2012.SHF,379.42,379.0,65597,2.319999999999993,AU2005.SHF,377.7,376.42,17,-0.5999999999999659,AU2104.SHF,380.8,380.68,352,3.1000000000000227,0.008942578608150691,0.008906079753915433,64723.0,17554.0,-2203.0,-1074.0,37.0,32828.0,7643.0,0.573295088542363,0.5072076387064877,0.43539933918195284,2133.0,0.0,1.0
2020-04-29,AU2006.SHF,377.38,379.58,377.38,378.74,378.82,377.1,376.84,1.9,1.98,59792,2265085.116,114033,-7408.0,47,0.6003815644140978,0.48191442155309033,8,AU2012.SHF,380.8,380.86,70703,2.0600000000000023,AU2005.SHF,378.98,377.88,16,-0.2400000000000091,AU2104.SHF,382.38,382.5,351,3.3999999999999773,0.009774863084965578,0.009731276236322585,60721.0,17149.0,-4002.0,-377.0,37.0,31596.0,7710.0,0.5595479645563118,0.5203471616080104,0.44958889731179663,2133.0,0.0,1.0
2020-04-30,AU2006.SHF,379.8,380.82,377.84,380.28,379.12,378.74,378.82,1.46,0.3,61419,2328587.562,105651,-8382.0,46,0.5736340711683945,0.4568612867236891,8,AU2012.SHF,382.3,381.06,75449,2.0200000000000387,AU2005.SHF,379.5,383.68,15,0.7799999999999727,AU2104.SHF,384.28,383.34,350,4.779999999999973,0.013723477474288525,0.013637769246675703,57650.0,15843.0,-3001.0,-1304.0,37.0,29902.0,7222.0,0.5688568979358578,0.5186816999132697,0.4558480085842328,2133.0,0.0,1.0
2020-05-06,AU2006.SHF,377.54,380.8,377.52,380.08,379.98,380.28,379.12,0.96,0.86,61232,2326802.482,96296,-9355.0,40,0.5581208812243075,0.422497268790502,8,AU2012.SHF,382.04,382.02,82512,1.9600000000000364,AU2005.SHF,375.04,374.42,9,5.039999999999964,AU2104.SHF,383.2,383.64,344,8.159999999999968,0.023706128062757844,0.023451913698689562,54372.0,15727.0,-3278.0,47.0,38.0,27871.0,6928.0,0.5512917445327323,0.5125983962333555,0.44051630953137916,2133.0,0.0,1.0
2020-05-07,AU2012.SHF,380.86,381.66,379.4,380.24,380.72,382.04,382.02,-1.78,-1.3,51135,1946877.874,92830,10318.0,222,0.23867646235133771,0.41336776951507326,7,AU2006.SHF,378.18,378.48,83275,-2.0600000000000023,AU2006.SHF,378.18,378.48,39,2.0600000000000023,AU2104.SHF,381.9,382.4,343,3.7199999999999704,0.011810374341374455,0.011752665590838087,,,,,,,,,,,2133.0,0.0,1.0
2020-05-08,AU2012.SHF,381.7,386.9,381.14,385.5,384.58,380.24,380.72,4.78,3.86,71462,2748351.652,107027,14197.0,221,0.2764605070235097,0.4644301534402555,7,AU2006.SHF,383.38,381.9,74557,-2.1200000000000045,AU2006.SHF,383.38,381.9,38,2.1200000000000045,AU2104.SHF,387.1,386.22,342,3.7200000000000273,0.011650183547449101,0.01159402469855154,,,,,,,,,,,2133.0,0.0,1.0
2020-05-11,AU2012.SHF,384.0,385.98,382.4,383.92,384.0,385.5,384.58,-0.66,-0.58,66325,2546947.5,113849,6822.0,218,0.277276109731524,0.5104466503465778,7,AU2006.SHF,381.74,381.8,61577,-2.180000000000007,AU2006.SHF,381.74,381.8,35,2.180000000000007,AU2104.SHF,385.3,385.76,339,3.5600000000000023,0.011196998232470086,0.01114511054632711,,,,,,,,,,,2133.0,0.0,1.0
2020-05-12,AU2012.SHF,384.1,384.72,381.36,382.86,382.76,383.92,384.0,-1.14,-1.24,54323,2079363.766,119419,5570.0,217,0.311331568148734,0.5396103133218259,7,AU2006.SHF,380.88,380.82,54888,-1.9800000000000182,AU2006.SHF,380.88,380.82,34,1.9800000000000182,AU2104.SHF,384.6,384.72,338,3.7200000000000273,0.011726652406062571,0.011669756309118089,,,,,,,,,,,2133.0,0.0,1.0
2020-05-13,AU2012.SHF,382.86,384.9,382.22,383.62,383.46,382.86,382.76,0.86,0.7,64094,2457770.588,126775,7356.0,216,0.37216999483210134,0.5657375673842419,7,AU2006.SHF,381.86,381.52,50249,-1.759999999999991,AU2006.SHF,381.86,381.52,33,1.759999999999991,AU2104.SHF,385.5,385.18,337,3.6399999999999864,0.01144501842780634,0.011390814003598768,,,,,,,,,,,1935.0,-198.0,1.0
2020-05-14,AU2012.SHF,385.14,386.82,383.5,386.22,385.28,383.62,383.46,2.76,1.82,91254,3515912.22,142723,15948.0,215,0.37442146725750863,0.6100681353816693,7,AU2006.SHF,384.46,383.4,44299,-1.7600000000000477,AU2006.SHF,384.46,383.4,32,1.7600000000000477,AU2104.SHF,387.38,386.96,336,2.920000000000016,0.009119078844695361,0.009084623182971352,,,,,,,,,,,1935.0,0.0,1.0
2020-05-15,AU2012.SHF,386.78,392.68,385.62,391.9,389.78,386.22,385.28,6.62,4.5,144850,5646217.094,162421,19698.0,214,0.4529152609148357,0.6615199143067768,7,AU2006.SHF,390.16,387.82,37011,-1.7399999999999523,AU2006.SHF,390.16,387.82,31,1.7399999999999523,AU2104.SHF,392.62,391.0,335,2.4599999999999795,0.007570274813032132,0.007546508967114778,,,,,,,,,,,1935.0,0.0,1.0
2020-05-18,AU2012.SHF,394.22,402.3,391.88,401.16,397.4,391.9,389.78,11.38,7.62,202819,8060151.078,176492,14071.0,211,0.5870949626876473,0.7077401814142613,8,AU2008.SHF,399.7,395.42,29667,-1.4600000000000364,AU2006.SHF,399.36,395.12,28,1.8000000000000114,AU2106.SHF,403.42,399.2,393,4.060000000000002,0.010166266025640969,0.010114937132178462,,,,,,,,,,,1935.0,0.0,1.0
2020-05-19,AU2012.SHF,398.0,398.76,392.94,394.5,395.44,401.16,397.4,-2.9,-1.96,213814,8455119.57,176053,-439.0,210,0.6526898033816765,0.7339884431622044,8,AU2008.SHF,393.28,394.36,28776,-1.2200000000000273,AU2006.SHF,392.74,393.9,27,1.759999999999991,AU2106.SHF,397.4,397.8,392,4.659999999999968,0.011865356215307711,0.011795514795632171,,,,,,,,,,,1935.0,0.0,1.0
2020-05-20,AU2012.SHF,395.1,399.8,395.1,398.72,397.62,394.5,395.44,3.28,2.18,152314,6056558.636,184790,8737.0,209,0.6709956519249153,0.7444695568796658,8,AU2008.SHF,397.58,396.56,30824,-1.1400000000000432,AU2006.SHF,396.7,395.7,26,2.0200000000000387,AU2106.SHF,400.92,400.24,391,4.220000000000027,0.010637761532644285,0.010581578636380993,,,,,,,,,,,1935.0,0.0,1.0
2020-05-21,AU2012.SHF,397.4,399.32,394.42,395.06,396.94,398.72,397.62,-2.56,-0.68,153227,6082198.542,183242,-1548.0,208,0.6604242003680828,0.7502292751629491,8,AU2008.SHF,394.1,395.86,31681,-0.9599999999999795,AU2006.SHF,393.16,395.1,25,1.8999999999999773,AU2106.SHF,397.5,399.1,390,4.339999999999975,0.011038762844643335,0.010978280395957924,,,,,,,,,,,1935.0,0.0,1.0
2020-05-22,AU2012.SHF,395.28,395.5,390.08,394.38,392.72,395.06,396.94,-2.56,-4.22,203925,8008723.354,183929,687.0,207,0.6818706176208007,0.7551629564546194,8,AU2008.SHF,393.6,391.68,31405,-0.7799999999999727,AU2006.SHF,392.6,390.98,24,1.7799999999999727,AU2106.SHF,397.14,395.26,389,4.539999999999964,0.01156393275598555,0.011497581516525551,,,,,,,,,,,1935.0,0.0,1.0
2020-05-25,AU2012.SHF,395.3,395.88,392.54,393.54,394.1,394.38,392.72,0.82,1.38,144174,5682076.232,188740,4811.0,204,0.6772038929806102,0.7655366544174312,8,AU2008.SHF,392.46,393.0,31839,-1.080000000000041,AU2006.SHF,391.66,392.12,21,1.8799999999999955,AU2106.SHF,395.52,395.72,386,3.859999999999957,0.00985548690190452,0.009807238340580742,,,,,,,,,,,1935.0,0.0,1.0
2020-05-26,AU2012.SHF,394.0,396.76,392.82,395.34,394.9,393.54,394.1,1.24,0.8,123499,4877198.45,191998,3258.0,203,0.6948217078687086,0.814745346991776,8,AU2008.SHF,394.4,393.12,19065,-0.9399999999999977,AU2006.SHF,393.02,392.44,20,2.319999999999993,AU2106.SHF,397.78,397.82,385,4.759999999999991,0.012111342934201907,0.01203858747547945,,,,,,,,,,,1935.0,0.0,1.0
2020-05-27,AU2012.SHF,394.4,394.98,390.44,391.2,392.2,395.34,394.9,-3.7,-2.7,182530,7158904.466,191330,-668.0,202,0.7960730609539095,0.8206023383285155,8,AU2010.SHF,390.44,391.68,17605,-0.7599999999999909,AU2006.SHF,389.12,390.32,19,2.079999999999984,AU2106.SHF,393.6,394.68,384,4.480000000000018,0.011513157894736947,0.011447385840350967,,,,,,,,,,,1935.0,0.0,1.0
2020-05-28,AU2012.SHF,389.48,395.18,387.4,394.18,391.22,391.2,392.2,1.98,-0.98,214096,8375872.894,196283,4953.0,201,0.7844384436978116,0.8213124563260763,8,AU2010.SHF,393.5,390.6,19508,-0.6800000000000068,AU2006.SHF,391.52,389.2,18,2.660000000000025,AU2106.SHF,396.84,393.88,383,5.319999999999993,0.01358806702084192,0.013496577087340266,,,,,,,,,,,1935.0,0.0,1.0
2020-05-29,AU2012.SHF,394.5,395.56,391.72,394.42,394.08,394.18,391.22,3.2,2.86,165185,6509810.738,199847,3564.0,200,0.7596214424001067,0.8235849250994209,8,AU2010.SHF,393.66,393.42,21552,-0.7599999999999909,AU2006.SHF,391.44,391.42,17,2.980000000000018,AU2106.SHF,396.9,396.74,382,5.4599999999999795,0.013948497854077146,0.013852112808151464,,,,,,,,,,,1935.0,0.0,1.0
2020-06-01,AU2012.SHF,396.32,399.06,395.52,398.0,397.16,394.42,394.08,3.92,3.08,185111,7351964.164,209162,9315.0,197,0.7861007304229659,0.8265214590833113,8,AU2010.SHF,397.32,396.36,23695,-0.6800000000000068,AU2006.SHF,395.6,394.78,14,2.3999999999999773,AU2106.SHF,400.32,399.66,379,4.71999999999997,0.01193124368048526,0.011860627529989192,,,,,,,,,,,1935.0,0.0,1.0
2020-06-02,AU2012.SHF,396.86,398.22,395.6,396.96,397.06,398.0,397.16,-0.2,-0.1,138863,5513936.6,209108,-54.0,196,0.7823355756121195,0.8274328404275104,8,AU2010.SHF,396.32,396.4,23819,-0.6399999999999864,AU2006.SHF,395.42,394.98,13,1.5399999999999636,AU2106.SHF,399.14,399.22,378,3.7199999999999704,0.009407718375398222,0.009363741393104705,,,,,,,,,,,1935.0,0.0,1.0
2020-06-03,AU2012.SHF,397.02,398.0,392.0,393.04,394.86,396.96,397.06,-4.02,-2.2,197672,7805657.306,207622,-1486.0,195,0.7696818431371022,0.8272386067526755,8,AU2010.SHF,392.36,394.52,23948,-0.6800000000000068,AU2006.SHF,391.58,392.82,12,1.4600000000000364,AU2106.SHF,395.58,396.36,377,4.0,0.010215026303692643,0.010163205524136224,,,,,,,,,,,1935.0,0.0,1.0
2020-06-04,AU2012.SHF,389.5,391.44,387.54,389.74,389.54,393.04,394.86,-5.12,-5.32,211254,8229379.906,205972,-1650.0,194,0.765410270252644,0.8261152065969855,8,AU2010.SHF,389.22,389.22,23853,-0.5199999999999818,AU2006.SHF,387.9,388.34,11,1.8400000000000318,AU2106.SHF,392.3,392.5,376,4.400000000000034,0.011343129672596097,0.011279278769585458,,,,,,,,,,,1935.0,0.0,1.0
2020-06-05,AU2012.SHF,392.86,393.3,389.5,390.18,391.52,389.74,389.54,0.64,1.98,181803,7118284.142,206555,583.0,193,0.7768197064541629,0.8270900987839207,8,AU2010.SHF,389.52,390.78,23414,-0.660000000000025,AU2006.SHF,388.6,389.7,10,1.579999999999984,AU2106.SHF,392.32,394.54,375,3.7199999999999704,0.00957282552753469,0.009527296364452126,,,,,,,,,,,,,
2020-06-08,AU2012.SHF,385.0,386.96,382.28,386.28,384.32,390.18,391.52,-5.24,-7.2,204656,7865611.726,205333,-1222.0,190,0.7771638622753354,0.8306283929741669,8,AU2010.SHF,385.72,384.06,22660,-0.5599999999999454,AU2006.SHF,384.78,383.52,7,1.5,AU2106.SHF,389.44,387.4,372,4.660000000000025,0.012110816570507943,0.012038067410335916,,,,,,,,,,,1935.0,0.0,1.0
2020-06-09,AU2012.SHF,385.3,387.66,384.34,386.3,385.84,386.28,384.32,1.98,1.52,140352,5415429.83,208235,2902.0,189,0.7743003260455802,0.8377520477623469,8,AU2010.SHF,385.72,385.34,22470,-0.5799999999999841,AU2006.SHF,384.0,384.36,6,2.3000000000000114,AU2106.SHF,388.76,389.0,371,4.759999999999991,0.012395833333333384,0.012319634047543044,,,,,,,,,,,1995.0,60.0,1.0
2020-06-10,AU2012.SHF,390.4,390.92,389.66,390.4,390.34,386.3,385.84,4.56,4.5,121743,4752204.028,210286,2051.0,188,0.8082522821576763,0.8399445591695059,8,AU2010.SHF,389.84,389.8,22375,-0.5600000000000023,AU2006.SHF,388.8,388.38,5,1.599999999999966,AU2106.SHF,393.0,392.72,370,4.199999999999989,0.010802469135802406,0.010744539282977163,,,,,,,,,,,1995.0,0.0,1.0
2020-06-11,AU2012.SHF,391.2,393.88,388.26,393.7,391.58,390.4,390.34,3.36,1.24,174613,6837497.312,214450,4164.0,187,0.8339048292198364,0.8398901817640632,8,AU2010.SHF,393.0,391.2,23146,-0.6999999999999886,AU2006.SHF,393.0,392.5,4,0.6999999999999886,AU2106.SHF,395.98,394.52,369,2.980000000000018,0.007582697201017786,0.007554093059291226,,,,,,,,,,,1995.0,0.0,1.0
2020-06-12,AU2012.SHF,393.2,395.7,392.0,393.62,393.78,393.7,391.58,2.04,2.2,189929,7479164.99,215262,812.0,186,0.8221251655686471,0.8364821910142922,8,AU2010.SHF,393.0,393.16,24554,-0.6200000000000045,AU2006.SHF,391.74,391.82,3,1.8799999999999955,AU2106.SHF,396.26,395.92,368,4.519999999999982,0.011538265175881968,0.011472207039515743,,,,,,,,,,,1995.0,0.0,1.0
2020-06-15,AU2012.SHF,394.78,395.5,391.5,392.54,393.86,393.62,393.78,-1.24,0.08,171433,6752186.308,217195,1933.0,183,0.813025827808288,0.8308341430199909,8,AU2010.SHF,392.0,393.22,26289,-0.5400000000000205,AU2007.SHF,391.2,392.98,30,1.3400000000000318,AU2106.SHF,395.04,396.12,365,3.840000000000032,0.010694991301163076,0.010642841534972096,,,,,,,,,,,2022.0,27.0,1.0
2020-06-16,AU2012.SHF,388.6,393.58,388.18,392.4,391.12,392.54,393.86,-1.46,-2.74,169341,6623507.428,216999,-196.0,182,0.7981157152552598,0.829814571916957,8,AU2010.SHF,391.78,390.74,26754,-0.6200000000000045,AU2007.SHF,391.76,390.32,29,0.6399999999999864,AU2106.SHF,394.5,394.14,364,2.740000000000009,0.007620413350848421,0.0075938880762133456,,,,,,,,,,,2022.0,0.0,1.0
2020-06-17,AU2012.SHF,392.52,393.46,390.54,392.86,392.24,392.4,391.12,1.74,1.12,167628,6575126.122,217927,928.0,181,0.7937495560764258,0.82411066446326,8,AU2010.SHF,392.14,391.56,28357,-0.7200000000000273,AU2007.SHF,391.64,391.34,28,1.2200000000000273,AU2106.SHF,395.18,394.54,363,3.5400000000000205,0.009848368209001096,0.00980412534097711,,,,,,,,,,,2022.0,0.0,1.0
2020-06-18,AU2012.SHF,391.5,393.12,391.32,392.18,392.28,392.86,392.24,-0.06,0.04,109230,4284917.346,214968,-2959.0,180,0.8361529157799654,0.8203758262223512,8,AU2010.SHF,391.34,391.62,28905,-0.8400000000000318,AU2007.SHF,391.36,391.54,27,0.8199999999999932,AU2106.SHF,394.8,394.64,362,3.4399999999999977,0.009577012728670582,0.009535167453998248,,,,,,,,,,,2022.0,0.0,1.0
2020-06-19,AU2012.SHF,391.7,393.64,390.96,392.94,392.26,392.18,392.28,0.66,-0.02,117755,4619281.946,216399,1431.0,179,0.8326144752100009,0.8193921172902381,8,AU2010.SHF,392.28,391.56,29631,-0.660000000000025,AU2007.SHF,392.2,391.52,26,0.7400000000000091,AU2106.SHF,395.52,394.94,361,3.319999999999993,0.009223134708913281,0.009184316386460382,,,,,,,,,,,2022.0,0.0,1.0
2020-06-22,AU2012.SHF,393.98,399.2,393.26,397.5,396.32,392.94,392.26,5.24,4.06,187422,7427919.874,224636,8237.0,176,0.8362125890100477,0.8223364376500908,8,AU2010.SHF,396.68,395.7,30225,-0.8199999999999932,AU2007.SHF,396.34,395.26,23,1.160000000000025,AU2106.SHF,399.8,398.96,358,3.4600000000000364,0.00951165854132487,0.009470380789373201,,,,,,,,,,,2004.0,-18.0,1.0
2020-06-23,AU2012.SHF,398.6,398.66,396.0,396.96,397.46,397.5,396.32,0.64,1.14,175086,6959106.876,226296,1660.0,175,0.8329416466065974,0.820867748359505,8,AU2010.SHF,396.2,396.72,31027,-0.7599999999999909,AU2007.SHF,393.58,394.5,22,3.3799999999999955,AU2106.SHF,399.0,399.82,357,5.420000000000016,0.01500425106542089,0.014901877892494711,,,,,,,,,,,1902.0,-102.0,1.0
2020-06-24,AU2012.SHF,398.14,400.74,397.76,400.06,399.34,396.96,397.46,2.6,1.88,173695,6936354.836,234279,7983.0,174,0.8455479668781003,0.821685606060606,8,AU2010.SHF,399.02,398.42,32031,-1.0400000000000205,AU2007.SHF,396.12,395.68,21,3.9399999999999977,AU2106.SHF,401.52,400.94,356,5.399999999999977,0.01485302961110827,0.014752700412403917,,,,,,,,,,,1890.0,-12.0,1.0
2020-06-29,AU2012.SHF,400.96,402.0,399.48,400.14,400.32,400.06,399.34,0.8,0.98,63418,2538778.316,232622,-1657.0,169,0.7876642571478252,0.8176290297636621,8,AU2010.SHF,399.28,399.34,31746,-0.8600000000000136,AU2007.SHF,398.0,397.4,16,2.1399999999999864,AU2106.SHF,402.34,402.5,351,4.339999999999975,0.011881047026175618,0.0118167355547332,115467.0,42214.0,-1005.0,-1313.0,38.0,53449.0,19044.0,0.4645645321884057,0.46289416023625796,0.451129956886341,1890.0,0.0,1.0
2020-06-30,AU2012.SHF,399.4,400.86,399.36,400.72,400.24,400.14,400.32,0.4,-0.08,99003,3962578.356,236254,3632.0,168,0.8257613038292477,0.8146493015685828,8,AU2010.SHF,399.96,399.24,31411,-0.7600000000000477,AU2007.SHF,395.0,392.92,15,5.720000000000027,AU2106.SHF,402.9,402.38,350,7.899999999999977,0.02179104477611942,0.02157599690479284,118551.0,43278.0,3084.0,1116.0,37.0,55202.0,19083.0,0.4651391283391728,0.4656392607401034,0.44093996949951475,1890.0,0.0,1.0
2020-07-01,AU2012.SHF,399.94,403.54,399.72,403.1,402.06,400.72,400.24,2.86,1.82,161601,6497445.674,241080,4826.0,167,0.8118246349072386,0.8106635820112581,7,AU2010.SHF,402.0,400.86,31704,-1.1000000000000227,AU2008.SHF,401.36,400.2,47,1.740000000000009,AU2106.SHF,405.34,404.52,349,3.9799999999999613,0.011984913545600467,0.011925880576281097,119478.0,44346.0,1203.0,1296.0,39.0,55495.0,19535.0,0.45861412247289773,0.46447881618373255,0.44051323681955534,1890.0,0.0,1.0
2020-07-02,AU2012.SHF,401.74,401.96,397.78,399.06,399.42,403.1,402.06,-3.0,-2.64,213881,8543121.752,227620,-13460.0,166,0.823445843712342,0.7992078846376669,7,AU2010.SHF,398.0,398.56,31735,-1.0600000000000023,AU2008.SHF,397.76,397.66,46,1.3000000000000114,AU2106.SHF,401.42,401.6,348,3.660000000000025,0.011121052729723505,0.01107019910359354,114655.0,40495.0,-2704.0,-3441.0,36.0,54329.0,18456.0,0.4779890428617467,0.47384762984605994,0.45575997036671195,1890.0,0.0,1.0
2020-07-03,AU2012.SHF,397.8,401.3,397.08,400.54,400.0,399.06,399.42,1.12,0.58,142143,5685810.574,225974,-1646.0,165,0.798758113006097,0.795621465942779,7,AU2010.SHF,399.6,399.04,31625,-0.9399999999999977,AU2008.SHF,398.88,398.34,45,1.660000000000025,AU2106.SHF,403.0,402.22,347,4.1200000000000045,0.012483629659736031,0.012419598982032673,114831.0,39986.0,333.0,-394.0,38.0,54722.0,18361.0,0.48344174089408787,0.4765437904398638,0.45918571500025007,1890.0,0.0,1.0
2020-07-06,AU2012.SHF,400.78,400.98,398.8,399.66,399.96,400.54,400.0,-0.34,-0.04,79327,3172771.798,223795,-2179.0,162,0.7462418392880661,0.7938075949007896,7,AU2010.SHF,398.5,399.14,31800,-1.160000000000025,AU2008.SHF,398.32,398.18,42,1.3400000000000318,AU2106.SHF,402.22,402.32,344,3.900000000000034,0.011833641692459483,0.011776084766467946,113557.0,39181.0,-969.0,-597.0,37.0,55098.0,18285.0,0.48695151173905643,0.4852012645631709,0.4666802787065159,1890.0,0.0,1.0
2020-07-07,AU2012.SHF,401.0,401.28,399.7,400.32,400.4,399.66,399.96,0.36,0.44,93432,3741067.858,223484,-311.0,161,0.7718654737416045,0.7940140907621305,7,AU2010.SHF,399.4,399.44,31363,-0.9200000000000159,AU2008.SHF,398.84,398.74,41,1.4800000000000182,AU2106.SHF,402.76,402.92,343,3.920000000000016,0.011878819437295374,0.01182082363142397,113012.0,39414.0,-545.0,308.0,37.0,54512.0,18205.0,0.4828441342028263,0.4823558560152904,0.46189171360430303,1890.0,0.0,1.0
2020-07-08,AU2012.SHF,399.04,402.92,399.02,402.36,401.9,400.32,400.4,1.96,1.5,133731,5374693.474,233558,10074.0,160,0.8328776507956279,0.8005580234726335,7,AU2010.SHF,401.34,400.78,31071,-1.0200000000000387,AU2008.SHF,400.18,400.16,40,2.180000000000007,AU2106.SHF,404.92,404.24,342,4.740000000000009,0.014315577857513856,0.014231459792730335,117628.0,42520.0,4935.0,3106.0,38.0,56684.0,18470.0,0.4689911831555811,0.4818920665147754,0.4343838193791157,1890.0,0.0,1.0
2020-07-09,AU2012.SHF,404.1,406.3,403.8,404.94,405.12,402.36,401.9,3.04,3.22,156716,6348958.512,238744,5186.0,159,0.8006212227257169,0.803546125548192,7,AU2010.SHF,403.82,404.12,30597,-1.1200000000000045,AU2008.SHF,402.82,403.22,39,2.1200000000000045,AU2106.SHF,407.68,407.92,341,4.860000000000014,0.014581800952293009,0.014494537841517113,120511.0,43006.0,2897.0,486.0,38.0,58072.0,18358.0,0.4739874141526569,0.48188132203699247,0.42687066920894756,1890.0,0.0,1.0
2020-07-10,AU2012.SHF,404.5,405.06,401.1,401.88,402.96,404.94,405.12,-3.24,-2.16,168807,6802453.33,228827,-9917.0,158,0.7681774744027303,0.7923400011772894,7,AU2010.SHF,400.84,401.92,28987,-1.0400000000000205,AU2008.SHF,400.22,400.72,38,1.6599999999999682,AU2106.SHF,405.04,405.96,340,4.819999999999993,0.014555736067017516,0.014468783404325374,117498.0,40417.0,-1827.0,-2589.0,37.0,56315.0,18139.0,0.488117024981794,0.47928475378304314,0.44879629858722814,1890.0,0.0,1.0
2020-07-13,AU2012.SHF,403.9,404.24,401.5,403.74,403.06,401.88,402.96,0.78,0.1,132904,5356973.838,229806,979.0,155,0.7734576415198654,0.7887437061748989,7,AU2010.SHF,402.64,401.92,28720,-1.1000000000000227,AU2008.SHF,402.34,401.26,35,1.400000000000034,AU2106.SHF,407.54,406.22,337,5.2000000000000455,0.015620540368644855,0.015520458779513763,117119.0,40084.0,-255.0,-282.0,37.0,55940.0,17852.0,0.49003517744572306,0.47763385957871907,0.4453647340584772,1890.0,0.0,1.0
2020-07-14,AU2012.SHF,404.0,405.16,401.52,403.02,403.36,403.74,403.06,-0.04,0.3,126903,5118889.604,226681,-3125.0,154,0.7818894290308867,0.7869310587835047,7,AU2010.SHF,401.86,402.44,28204,-1.1599999999999682,AU2008.SHF,400.98,401.34,34,2.0399999999999636,AU2106.SHF,406.68,406.62,336,5.699999999999989,0.017180589674502797,0.017059622183487368,115767.0,39618.0,-1352.0,-81.0,36.0,55533.0,17459.0,0.49006660874601793,0.4796962865065174,0.4406835276894341,1890.0,0.0,1.0
2020-07-15,AU2012.SHF,403.34,404.96,402.02,403.62,403.76,403.02,403.36,0.26,0.4,131170,5296366.214,228244,1563.0,153,0.7715564653220162,0.7895585274562574,7,AU2010.SHF,402.38,402.52,27567,-1.240000000000009,AU2008.SHF,401.48,401.86,33,2.1399999999999864,AU2106.SHF,407.52,407.54,335,6.039999999999964,0.018182723921490423,0.018047306901406466,117469.0,39774.0,1702.0,623.0,36.0,55075.0,17723.0,0.49410784581825584,0.46884710008598013,0.4455925981797154,1890.0,0.0,1.0
2020-07-16,AU2012.SHF,403.16,404.18,401.6,402.12,402.92,403.62,403.76,-1.64,-0.84,134444,5417283.524,224511,-3733.0,152,0.813830592194868,0.7871999495094705,7,AU2010.SHF,401.1,401.8,27010,-1.0199999999999818,AU2008.SHF,400.64,401.08,32,1.4800000000000182,AU2106.SHF,406.06,407.08,334,5.420000000000016,0.01635049483739934,0.01624088464828461,116567.0,38650.0,-902.0,-948.0,35.0,54266.0,17491.0,0.5019875400246107,0.4655348426226977,0.4525485122897801,1890.0,0.0,1.0
2020-07-17,AU2012.SHF,401.7,402.52,398.16,399.76,400.5,402.12,402.92,-3.16,-2.42,125658,5032853.368,222814,-1697.0,151,0.7986957267890853,0.7860176666478523,8,AU2010.SHF,398.62,399.7,26666,-1.1399999999999864,AU2008.SHF,397.88,398.44,31,1.8799999999999955,AU2108.SHF,403.84,406.24,395,5.9599999999999795,0.015020542943534717,0.014909154627559984,114233.0,37606.0,-2121.0,-534.0,36.0,54645.0,16944.0,0.5046595406977127,0.4783643955774601,0.45056639897888634,1890.0,0.0,1.0
2020-07-20,AU2012.SHF,401.02,401.84,400.08,401.78,401.08,399.76,400.5,1.28,0.58,97008,3890923.152,220660,-2154.0,148,0.7705040428269606,0.786296644716212,8,AU2010.SHF,400.6,399.9,26194,-1.17999999999995,AU2008.SHF,399.86,399.22,28,1.919999999999959,AU2108.SHF,405.88,405.62,392,6.019999999999982,0.015096629974337162,0.014984115939632909,113810.0,36390.0,-423.0,-816.0,39.0,54269.0,16234.0,0.5154460719041278,0.47683859063351197,0.4461115691123935,1890.0,0.0,1.0
2020-07-21,AU2012.SHF,402.98,405.04,402.14,404.54,403.2,401.78,401.08,3.46,2.12,117223,4726634.068,228159,7499.0,147,0.7504385234882143,0.7948960039020312,8,AU2010.SHF,402.84,401.84,25493,-1.7000000000000455,AU2008.SHF,401.68,400.74,27,2.8600000000000136,AU2108.SHF,408.98,407.76,391,7.300000000000011,0.018223598249987448,0.018059982770067977,117432.0,37994.0,3861.0,2354.0,37.0,55900.0,16409.0,0.5110985292036081,0.47602016486136656,0.4318839816813181,1890.0,0.0,1.0
2020-07-22,AU2012.SHF,407.6,418.8,406.38,414.22,411.94,404.54,403.2,11.02,8.74,287998,11864057.4,231944,3785.0,146,0.8291768635015692,0.8014429455992923,8,AU2010.SHF,412.86,409.06,23900,-1.3600000000000136,AU2008.SHF,411.28,409.68,26,2.9400000000000546,AU2108.SHF,418.92,416.98,390,7.640000000000043,0.018627185885501506,0.01845628833120603,119004.0,37393.0,2174.0,2704.0,36.0,55290.0,15939.0,0.5218194722405162,0.4646062317233034,0.4262562511700051,1890.0,0.0,1.0
2020-07-23,AU2012.SHF,412.94,417.0,410.02,416.52,413.96,414.22,411.94,4.58,2.02,248556,10289527.844,233840,1896.0,145,0.8644223412394797,0.8049209501812311,8,AU2010.SHF,415.0,412.54,22889,-1.5199999999999818,AU2008.SHF,413.24,411.34,25,3.2799999999999727,AU2108.SHF,421.0,416.9,389,7.759999999999991,0.01883002294385507,0.018655406403612376,121869.0,37507.0,2865.0,158.0,38.0,55627.0,15693.0,0.5293268748117659,0.45644913800884557,0.41840189831231506,1890.0,0.0,1.0
2020-07-24,AU2012.SHF,416.04,421.4,415.36,420.4,418.82,416.52,413.96,6.44,4.86,258059,10808390.972,234955,1115.0,144,0.8832615704770576,0.8114572072927712,8,AU2010.SHF,418.5,417.02,20755,-1.8999999999999773,AU2008.SHF,417.42,415.7,24,2.9799999999999613,AU2108.SHF,423.8,422.56,388,6.3799999999999955,0.015326355882630179,0.015210409024084399,122026.0,37928.0,246.0,711.0,37.0,55692.0,15731.0,0.5257636570514023,0.4563945388687657,0.41475954439991564,1890.0,0.0,1.0
2020-07-27,AU2012.SHF,422.4,435.0,422.1,430.06,427.42,420.4,418.82,11.24,8.6,331972,14189310.852,236648,1693.0,141,0.8103598105746228,0.8079177634161913,8,AU2010.SHF,428.36,425.06,19649,-1.6999999999999886,AU2008.SHF,425.38,423.68,21,4.680000000000007,AU2108.SHF,436.04,433.14,385,10.660000000000025,0.025128792407460958,0.02481909268797251,120095.0,38710.0,-1899.0,1902.0,37.0,54979.0,16287.0,0.5124838638581909,0.4577959115700071,0.4207439938000517,1890.0,0.0,1.0
2020-07-28,AU2012.SHF,429.76,440.08,426.5,429.94,432.68,430.06,427.42,2.52,5.26,460734,19935821.238,223580,-13068.0,140,0.8382773552636367,0.8247232540382224,8,AU2102.SHF,431.7,433.94,19232,1.759999999999991,AU2008.SHF,426.9,428.36,20,3.0400000000000205,AU2108.SHF,435.02,437.78,384,8.120000000000005,0.019073103050615357,0.018893977601547603,114064.0,34346.0,-5154.0,-3565.0,38.0,52029.0,14624.0,0.5371470925139815,0.456138658998457,0.42578466196937054,1890.0,0.0,1.0
2020-07-29,AU2012.SHF,428.78,432.8,425.76,431.38,429.98,429.94,432.68,-1.3,-2.7,283360,12184218.932,221195,-2385.0,139,0.8261441262307174,0.8085292257755586,8,AU2102.SHF,432.74,431.54,21577,1.3600000000000136,AU2008.SHF,427.34,426.62,19,4.0400000000000205,AU2108.SHF,436.4,434.98,383,9.060000000000002,0.021259161580685408,0.02103694009639247,113652.0,34091.0,-412.0,-255.0,39.0,52342.0,14390.0,0.5385094386874505,0.4605462288389118,0.4221055410518905,1890.0,0.0,1.0
2020-07-30,AU2012.SHF,432.0,432.92,426.52,428.94,430.6,431.38,429.98,-1.04,0.62,238891,10287002.192,217702,-3493.0,138,0.7798230724032121,0.7949767570942898,8,AU2102.SHF,430.5,432.42,23840,1.5600000000000023,AU2008.SHF,425.84,427.14,18,3.1000000000000227,AU2108.SHF,433.0,435.72,382,7.160000000000025,0.016860018621243485,0.01671984693781753,115928.0,33114.0,2375.0,-577.0,37.0,55371.0,14197.0,0.5556420337891332,0.4776326685528949,0.4287310503110467,1890.0,0.0,1.0
2020-07-31,AU2012.SHF,427.0,433.52,424.84,432.86,428.66,428.94,430.6,2.26,-1.94,287925,12342318.732,228802,11100.0,137,0.7929218796042069,0.7785002432791994,8,AU2102.SHF,434.6,430.36,26866,1.740000000000009,AU2008.SHF,430.0,424.74,17,2.8600000000000136,AU2108.SHF,438.3,434.42,381,8.300000000000011,0.019355353948377185,0.019170921810609087,120036.0,34202.0,4453.0,1916.0,36.0,56524.0,14313.0,0.5565035853680675,0.47089206571361925,0.4184842991637916,1890.0,0.0,1.0
2020-08-03,AU2012.SHF,432.66,433.18,429.1,431.4,431.3,432.86,428.66,2.74,2.64,204419,8816906.052,226018,-2784.0,134,0.8019261700207917,0.7686170755429201,8,AU2102.SHF,433.18,433.06,27302,1.7800000000000296,AU2008.SHF,427.7,428.36,14,3.6999999999999886,AU2108.SHF,437.38,438.32,378,9.680000000000007,0.02269486417253548,0.022441851752663906,117173.0,32139.0,-2495.0,-999.0,39.0,55444.0,13472.0,0.5695054650664381,0.47318068155633125,0.4191791903917359,1890.0,0.0,1.0
2020-08-04,AU2012.SHF,430.62,433.36,430.08,431.96,431.68,431.4,431.3,0.66,0.38,142798,6164354.58,229636,3618.0,133,0.8372941183368807,0.7682060717571297,8,AU2102.SHF,433.74,433.5,27883,1.7800000000000296,AU2008.SHF,427.94,428.76,13,4.019999999999982,AU2108.SHF,439.34,438.66,377,11.399999999999977,0.026712433241385856,0.02636282887566132,118880.0,32667.0,1878.0,620.0,39.0,56234.0,13503.0,0.5688862201165316,0.4730316285329744,0.41335292497015336,1890.0,0.0,1.0
2020-08-05,AU2012.SHF,431.96,445.2,431.9,444.06,438.94,431.96,431.68,12.38,7.26,381406,16742087.31,248730,19094.0,132,0.8839564657130409,0.7718900802209567,8,AU2102.SHF,446.02,439.68,30274,1.9599999999999795,AU2008.SHF,440.0,437.34,12,4.060000000000002,AU2108.SHF,451.08,447.06,376,11.079999999999984,0.02525099900099901,0.024938304573900377,126078.0,36049.0,7838.0,3670.0,39.0,57989.0,15050.0,0.5552992407186959,0.45994543060645,0.4174873089406086,1890.0,0.0,1.0
2020-08-06,AU2012.SHF,444.02,448.24,441.0,447.56,445.62,444.06,438.94,8.62,6.68,305325,13606090.124,244033,-4697.0,131,0.8681256504011874,0.7649265895156538,8,AU2102.SHF,449.46,447.72,30583,1.8999999999999773,AU2008.SHF,442.0,441.24,11,5.560000000000002,AU2108.SHF,454.2,452.42,375,12.199999999999989,0.027677639102978373,0.027302549098138333,121947.0,33879.0,-3315.0,-2170.0,40.0,56681.0,13952.0,0.5651688421701129,0.4648002820897603,0.411818530653207,1890.0,0.0,1.0
2020-08-07,AU2012.SHF,448.1,454.08,447.94,449.72,450.46,447.56,445.62,4.1,4.84,320402,14433262.804,245899,1866.0,130,0.8748846328183452,0.7607719747666472,8,AU2102.SHF,451.6,452.24,31741,1.8799999999999955,AU2008.SHF,444.44,446.84,10,5.28000000000003,AU2108.SHF,456.8,457.96,374,12.360000000000014,0.027886679965700868,0.027505954405184902,124288.0,33736.0,2341.0,-143.0,41.0,61217.0,13827.0,0.5730268819926088,0.4925415164778579,0.40985890443443207,1890.0,0.0,1.0
2020-08-10,AU2012.SHF,450.9,451.4,442.5,446.38,446.42,449.72,450.46,-4.08,-4.04,290951,12989081.768,241486,-4413.0,127,0.8860489266648192,0.7526445379460808,8,AU2102.SHF,448.34,448.4,32922,1.9599999999999795,AU2008.SHF,440.3,440.24,7,6.079999999999984,AU2108.SHF,454.04,453.62,371,13.740000000000009,0.031291726669877895,0.03081340741973109,122169.0,32772.0,-2119.0,-666.0,38.0,60271.0,13470.0,0.576974461246539,0.4933411913005754,0.4110216038081289,1890.0,0.0,1.0
2020-08-11,AU2012.SHF,446.88,449.44,434.38,436.94,443.8,446.38,446.42,-9.48,-2.62,311559,13827362.706,242150,664.0,126,0.8437639641542699,0.7419993381298491,8,AU2102.SHF,438.9,446.72,35446,1.9599999999999795,AU2008.SHF,432.5,439.8,6,4.439999999999998,AU2108.SHF,444.38,448.56,370,11.879999999999995,0.027543670202629704,0.027172170182227038,120407.0,32438.0,-1762.0,-220.0,39.0,55209.0,13710.0,0.5755438516143806,0.45851985349688973,0.4226524446636661,2190.0,300.0,1.0
2020-08-12,AU2012.SHF,427.02,427.54,417.16,417.16,421.88,436.94,443.8,-26.64,-21.92,277064,11689316.706,237687,-4463.0,125,0.9107506204493533,0.7309150622249694,8,AU2102.SHF,419.9,423.7,37642,2.7399999999999523,AU2008.SHF,413.4,414.8,5,3.7600000000000477,AU2108.SHF,421.64,425.36,369,8.240000000000009,0.019987027969611455,0.01979044252981323,117578.0,30064.0,-530.0,-1791.0,38.0,54637.0,12788.0,0.5927446119667845,0.46468727142832844,0.4253592336349122,2190.0,0.0,1.0
2020-08-13,AU2012.SHF,418.26,419.7,415.02,416.74,417.54,417.16,421.88,-5.14,-4.34,285203,11908501.506,236510,-1177.0,124,0.8359042295957396,0.7267347177069954,8,AU2102.SHF,418.68,419.66,39050,1.9399999999999977,AU2008.SHF,420.0,420.0,4,-3.259999999999991,AU2108.SHF,424.18,425.36,368,4.180000000000007,0.009979722658294068,0.009930388714208805,118377.0,29839.0,935.0,1078.0,37.0,56658.0,12639.0,0.5973579100771846,0.47862338123115133,0.4235731760447736,2190.0,0.0,1.0
2020-08-14,AU2012.SHF,416.94,428.96,416.62,420.3,422.98,416.74,417.54,2.76,5.44,368224,15575282.93,240748,4238.0,123,0.8743339633572996,0.7203925910410246,8,AU2102.SHF,422.42,424.8,40239,2.1200000000000045,AU2008.SHF,420.0,420.0,3,0.30000000000001137,AU2108.SHF,431.62,430.18,367,11.620000000000005,0.027742673992674053,0.02736583512666165,120470.0,30279.0,2185.0,1001.0,38.0,56707.0,12809.0,0.598285892443731,0.4707147007553748,0.4230324647445424,2193.0,3.0,1.0
2020-08-17,AU2012.SHF,421.7,425.8,419.18,424.44,422.62,420.3,422.98,1.46,-0.36,288643,12199080.31,242365,1617.0,120,0.8462544307397319,0.7226708093054321,8,AU2102.SHF,426.64,424.8,39246,2.1999999999999886,AU2009.SHF,422.64,421.2,29,1.8000000000000114,AU2108.SHF,431.34,429.44,364,8.699999999999989,0.022428318374058207,0.022200595878321818,123052.0,30338.0,2582.0,272.0,36.0,58368.0,13063.0,0.6044331442727687,0.4743360530507428,0.4305821082470829,2193.0,0.0,1.0
2020-08-18,AU2012.SHF,425.66,434.92,425.66,433.94,430.96,424.44,422.62,11.32,8.34,348375,15013895.718,247333,4968.0,119,0.8585253694708749,0.7235195862476488,8,AU2102.SHF,435.88,432.86,41368,1.9399999999999977,AU2009.SHF,432.0,427.02,28,1.9399999999999977,AU2108.SHF,441.14,438.18,363,9.139999999999986,0.023052100608070815,0.022811625242450836,123613.0,31276.0,3884.0,2862.0,38.0,57066.0,13888.0,0.5961495006101143,0.46165047365568346,0.4440465532676813,2208.0,15.0,1.0
2020-08-19,AU2012.SHF,436.44,437.06,425.68,429.16,431.76,433.94,430.96,-1.8,0.8,403441,17419764.532,246282,-1051.0,118,0.888391962565373,0.7146666821430541,8,AU2102.SHF,430.9,434.34,43811,1.7399999999999523,AU2009.SHF,427.8,431.46,27,1.3600000000000136,AU2108.SHF,438.24,439.38,362,10.439999999999998,0.026589353373385572,0.02627009473510127,122889.0,29465.0,-669.0,-1150.0,40.0,57501.0,13349.0,0.6132034603620515,0.4679100651807729,0.45304598676395724,2208.0,0.0,1.0
2020-08-20,AU2012.SHF,430.66,431.1,416.08,418.28,423.34,429.16,431.76,-13.48,-8.42,433563,18355293.102,241803,-4479.0,117,0.8934764061707889,0.7208489097966265,8,AU2102.SHF,420.1,425.26,41543,1.82000000000005,AU2009.SHF,417.72,421.92,26,0.5599999999999454,AU2108.SHF,427.72,429.82,361,10.0,0.026083315110743358,0.025775999585505773,121806.0,27916.0,-371.0,-966.0,38.0,55922.0,11631.0,0.6270955504201119,0.4591071047403248,0.4166427854993552,2208.0,0.0,1.0
2020-08-21,AU2012.SHF,417.0,420.88,414.8,419.48,417.86,418.28,423.34,-3.86,-5.48,309753,12943886.264,240658,-1145.0,116,0.8695284801154307,0.7222433967870016,8,AU2102.SHF,421.2,419.48,41309,1.7199999999999704,AU2009.SHF,416.14,417.12,25,3.340000000000032,AU2108.SHF,425.98,425.36,360,9.840000000000032,0.025763430647980874,0.025463549155124755,119929.0,27851.0,-1589.0,121.0,36.0,55391.0,11704.0,0.6230748409798349,0.4618649367542463,0.42023625722595237,2208.0,0.0,1.0
2020-08-24,AU2012.SHF,416.3,417.56,412.18,415.54,415.2,419.48,417.86,-2.32,-2.66,326923,13574475.602,238222,-2436.0,113,0.8845630392843904,0.7232129304116044,8,AU2102.SHF,417.54,417.12,40450,2.0,AU2009.SHF,415.6,415.1,22,-0.060000000000002274,AU2108.SHF,423.3,422.66,357,7.699999999999989,0.020186603077011495,0.020001878298982326,119073.0,26910.0,-683.0,-325.0,36.0,55154.0,11092.0,0.6313269353280861,0.46319484685864976,0.4121887774061687,2208.0,0.0,1.0
2020-08-25,AU2012.SHF,419.0,423.5,415.1,416.5,417.1,415.54,415.2,1.3,1.9,231252,9645584.63,235241,-2981.0,112,0.891498359657205,0.7260345423569788,8,AU2102.SHF,418.28,419.0,39446,1.7799999999999727,AU2009.SHF,415.06,416.22,21,1.4399999999999977,AU2108.SHF,424.1,424.34,356,9.04000000000002,0.023730429910870585,0.023475697794824533,117491.0,27452.0,-1538.0,633.0,35.0,53860.0,11590.0,0.6212028176593557,0.45841809159850544,0.4221914614600029,2208.0,0.0,1.0
2020-08-26,AU2012.SHF,415.76,417.36,414.6,415.66,415.8,416.5,417.1,-1.44,-1.3,205680,8552231.674,233911,-1330.0,111,0.8486618968633179,0.7302370739443435,8,AU2102.SHF,417.5,417.62,38656,1.839999999999975,AU2009.SHF,414.66,414.36,20,1.0,AU2108.SHF,422.84,423.06,355,8.17999999999995,0.021493602743049144,0.021284348037979146,116607.0,27055.0,-821.0,-52.0,33.0,54022.0,11763.0,0.623352034636856,0.4632826502697094,0.4347810016632785,2208.0,0.0,1.0
2020-08-27,AU2012.SHF,414.34,422.08,414.1,420.54,419.42,415.66,415.8,4.74,3.62,320475,13441970.3,232731,-1180.0,110,0.8619738993846021,0.7356873034187359,8,AU2102.SHF,422.46,420.92,36705,1.919999999999959,AU2009.SHF,416.9,415.36,19,3.640000000000043,AU2108.SHF,427.54,426.64,354,10.640000000000043,0.027807233919154583,0.027458314098507394,119263.0,27028.0,2990.0,36.0,35.0,53577.0,12185.0,0.6304899139386565,0.44923404576440307,0.4508287701642741,2208.0,0.0,1.0
2020-08-28,AU2012.SHF,420.28,426.46,414.6,420.4,419.58,420.54,419.42,0.98,0.16,430007,18042718.994,229601,-3130.0,109,0.8619084748276712,0.7334464164781948,8,AU2102.SHF,422.54,421.66,36305,2.140000000000043,AU2009.SHF,416.7,416.88,18,3.6999999999999886,AU2108.SHF,428.16,427.32,353,11.460000000000036,0.029964647604311195,0.029560008838989463,117344.0,26148.0,439.0,-770.0,36.0,53566.0,12244.0,0.6355476263485073,0.45648691028088356,0.46825761052470555,2208.0,0.0,1.0
2020-08-31,AU2012.SHF,421.88,425.0,421.04,422.68,422.94,420.4,419.58,3.1,3.36,274835,11623958.436,231884,2283.0,106,0.8507611919045585,0.7386934513285612,8,AU2102.SHF,424.52,424.56,35284,1.839999999999975,AU2009.SHF,418.16,419.04,15,4.519999999999982,AU2108.SHF,429.9,429.9,350,11.739999999999952,0.03058959078721547,0.030168055285411333,120000.0,28250.0,3731.0,2657.0,36.0,54373.0,12838.0,0.6188870151770658,0.45310833333333334,0.4544424778761062,2208.0,0.0,1.0
2020-09-01,AU2012.SHF,422.92,427.82,422.42,426.98,425.06,422.68,422.94,4.04,2.12,251530,10691894.142,232650,766.0,105,0.8737533565148521,0.7390735293183306,8,AU2102.SHF,428.66,427.04,34837,1.6800000000000068,AU2009.SHF,419.54,419.5,14,7.439999999999998,AU2108.SHF,434.24,432.7,349,14.699999999999989,0.03817614032141808,0.03752254878116169,121965.0,26854.0,1965.0,-1396.0,35.0,54889.0,12376.0,0.639105221779477,0.4500389455991473,0.46086244134951965,2208.0,0.0,1.0
2020-09-02,AU2012.SHF,427.42,428.04,421.9,422.6,424.68,426.98,425.06,-2.46,-0.38,263522,11191704.256,228664,-3986.0,104,0.8708851221615976,0.7397711427656333,8,AU2102.SHF,424.46,426.64,33758,1.8599999999999568,AU2009.SHF,419.06,421.38,13,3.5400000000000205,AU2108.SHF,430.18,431.7,348,11.120000000000005,0.028911900194536436,0.028534956911563134,120195.0,26223.0,-1445.0,-428.0,35.0,54137.0,12623.0,0.6418063352866451,0.4504097508215816,0.4813713152575983,2208.0,0.0,1.0
2020-09-03,AU2012.SHF,423.08,423.16,414.44,415.3,418.58,422.6,424.68,-9.38,-6.1,317316,13282406.334,224712,-3952.0,103,0.8588596391509817,0.7397731088563922,8,AU2102.SHF,417.28,420.22,32540,1.9799999999999613,AU2009.SHF,421.38,421.38,12,-6.079999999999984,AU2108.SHF,422.72,425.9,347,1.3400000000000318,0.0034648061132471464,0.0034593086754222523,117192.0,25119.0,-1183.0,-755.0,34.0,52713.0,12180.0,0.6469844214431772,0.44980032766741757,0.48489191448704166,2208.0,0.0,1.0
2020-09-04,AU2012.SHF,416.0,418.84,413.58,416.54,416.54,415.3,418.58,-2.04,-2.04,326578,13603311.75,218995,-5717.0,102,0.8679952371333496,0.7358727683896787,8,AU2102.SHF,418.4,418.7,32338,1.8599999999999568,AU2009.SHF,414.96,414.6,11,1.580000000000041,AU2108.SHF,424.42,424.52,346,9.460000000000036,0.024838934304763045,0.024560033859737283,115260.0,24130.0,-1932.0,-119.0,37.0,50424.0,11808.0,0.6537771719635554,0.43748047891723063,0.4893493576460837,2208.0,0.0,1.0
2020-09-07,AU2012.SHF,415.0,418.5,413.44,416.36,415.84,416.54,416.54,-0.18,-0.7,289410,12034957.218,215479,-3516.0,99,0.867509966727616,0.7341503468389278,8,AU2102.SHF,418.32,417.94,32183,1.9599999999999795,AU2009.SHF,414.6,414.6,8,1.759999999999991,AU2108.SHF,424.14,424.1,343,9.539999999999964,0.02507073892476824,0.0247866481623045,113892.0,24290.0,-1259.0,655.0,34.0,51250.0,11405.0,0.6484346731122722,0.4499877076528641,0.469534787978592,2208.0,0.0,1.0
2020-09-08,AU2012.SHF,415.84,417.44,414.5,416.56,415.98,416.36,415.84,0.72,0.14,155836,6482519.016,214738,-741.0,98,0.8753110343471789,0.7350592359064412,8,AU2102.SHF,418.38,417.92,31504,1.8199999999999932,AU2009.SHF,414.6,414.6,7,1.9599999999999795,AU2108.SHF,424.5,423.82,342,9.899999999999977,0.026016804544570754,0.025711042085518696,113698.0,24217.0,9.0,-73.0,34.0,50490.0,11024.0,0.6488126744734075,0.44407113581593344,0.4552174092579593,2208.0,0.0,1.0
2020-09-09,AU2012.SHF,413.88,419.5,411.0,416.5,415.44,416.56,415.98,0.52,-0.54,337511,14021820.35,212770,-1968.0,97,0.882605523492232,0.7346878172413555,8,AU2102.SHF,418.48,416.86,30394,1.9800000000000182,AU2009.SHF,414.6,414.6,6,1.8999999999999773,AU2108.SHF,424.02,422.92,341,9.419999999999959,0.024755383718167323,0.02447834248995697,112760.0,23768.0,619.0,-69.0,35.0,50660.0,10794.0,0.6518223368100317,0.44927279177013124,0.4541400201952205,2208.0,0.0,1.0
2020-09-10,AU2012.SHF,417.74,420.48,417.4,419.46,419.32,416.5,415.44,4.02,3.88,221436,9285655.756,215314,2544.0,96,0.8832567489948305,0.737904870266732,8,AU2104.SHF,423.24,423.3,29526,3.7800000000000296,AU2009.SHF,414.6,414.6,5,4.859999999999957,AU2108.SHF,427.44,427.08,340,12.839999999999975,0.033743007106291904,0.033231046541672735,116524.0,25277.0,4105.0,1563.0,34.0,52990.0,10960.0,0.6434862941728197,0.45475610174727954,0.4335957589903865,2208.0,0.0,1.0
2020-09-11,AU2012.SHF,421.76,422.9,416.58,418.34,420.36,419.46,419.32,-0.98,1.04,253280,10647253.416,211960,-3354.0,95,0.882228979661501,0.7388558122673211,8,AU2104.SHF,422.16,423.58,28728,3.82000000000005,AU2009.SHF,414.6,414.6,4,3.7399999999999523,AU2108.SHF,426.06,427.46,339,11.45999999999998,0.030116422230381953,0.029707711099814745,111871.0,24204.0,-3732.0,-114.0,35.0,51132.0,11254.0,0.6442550064302774,0.45706215194286276,0.46496446868286234,2208.0,0.0,1.0
2020-09-14,AU2012.SHF,418.46,420.34,417.4,418.44,418.92,418.34,420.36,-1.92,-1.44,163104,6832762.138,211046,-914.0,92,0.8877471044152225,0.739215411558669,8,AU2104.SHF,422.36,422.62,28384,3.920000000000016,AU2009.SHF,414.6,414.6,1,3.839999999999975,AU2108.SHF,426.16,426.6,336,11.560000000000002,0.03037921823588276,0.029963408512174692,111879.0,24731.0,8.0,545.0,35.0,52142.0,11747.0,0.6379328014054608,0.4660570795234137,0.4749909021066677,2208.0,0.0,1.0
2020-09-15,AU2012.SHF,419.98,420.88,418.7,419.8,419.96,418.44,418.92,0.88,1.04,171699,7210938.964,208614,-2432.0,91,0.867898682221874,0.7358907878723742,8,AU2104.SHF,423.82,423.66,28296,4.019999999999982,AU2010.SHF,418.64,418.56,30,1.160000000000025,AU2108.SHF,427.9,427.6,335,9.259999999999991,0.026470569807620588,0.02618206195399621,111771.0,23930.0,-108.0,-722.0,35.0,51511.0,11230.0,0.6473128422045527,0.4608619409328001,0.46928541579607186,2208.0,0.0,1.0
2020-09-16,AU2012.SHF,420.0,420.44,416.6,418.64,418.0,419.8,419.96,-1.32,-1.96,180576,7548121.654,209430,816.0,90,0.8730141847400431,0.7405508428128414,8,AU2104.SHF,422.34,421.9,27257,3.6999999999999886,AU2010.SHF,417.34,416.68,29,1.3000000000000114,AU2110.SHF,426.1,426.14,394,8.760000000000048,0.0209900800306706,0.02077282320062782,110952.0,24630.0,-819.0,1227.0,35.0,50560.0,11413.0,0.636677435057751,0.4556925517340832,0.46337799431587495,2208.0,0.0,1.0
2020-09-17,AU2012.SHF,419.0,420.1,414.16,415.62,417.22,418.64,418.0,-2.38,-0.78,234764,9795058.112,213564,4134.0,89,0.8408844251344081,0.7434778067885117,8,AU2102.SHF,417.5,418.84,27858,1.8799999999999955,AU2010.SHF,414.14,416.3,28,1.4800000000000182,AU2110.SHF,426.14,426.14,393,12.0,0.028975708697541958,0.02856384986534171,111702.0,25597.0,750.0,2162.0,37.0,51782.0,11965.0,0.6271349390745745,0.4635727202735851,0.4674375903426183,2208.0,0.0,1.0
2020-09-18,AU2012.SHF,415.44,417.28,412.8,416.92,415.16,415.62,417.22,-0.3,-2.06,182221,7565358.026,210258,-3306.0,88,0.8536020948785092,0.742494120305956,8,AU2102.SHF,418.84,416.98,26982,1.919999999999959,AU2010.SHF,415.5,414.44,27,1.420000000000016,AU2110.SHF,425.5,424.7,392,10.0,0.02406738868832736,0.023782333717925992,108906.0,24535.0,-2705.0,-170.0,35.0,50868.0,11067.0,0.6322719404081204,0.4670817034874112,0.45106990014265336,2166.0,-42.0,1.0
2020-09-21,AU2012.SHF,416.6,419.58,415.64,417.04,417.4,416.92,415.16,1.88,2.24,164172,6852674.42,209385,-873.0,85,0.8736921652315519,0.7418423383525243,8,AU2102.SHF,418.98,419.08,26986,1.9399999999999977,AU2010.SHF,415.8,416.08,24,1.240000000000009,AU2110.SHF,426.32,426.64,389,10.519999999999982,0.025300625300625157,0.02498586256461413,109485.0,23882.0,579.0,508.0,36.0,51185.0,10341.0,0.6418604302413641,0.46750696442435036,0.4330039360187589,2166.0,0.0,1.0
2020-09-22,AU2012.SHF,413.46,414.46,393.26,407.58,407.74,417.04,417.4,-9.82,-9.66,475584,19392162.028,211942,2557.0,84,0.8974976410643518,0.7382912241222555,8,AU2102.SHF,409.56,410.72,27574,1.9800000000000182,AU2010.SHF,406.9,406.98,23,0.6800000000000068,AU2110.SHF,416.28,417.3,388,9.379999999999995,0.023052347014008264,0.022790655762014295,107427.0,25789.0,-2058.0,2785.0,38.0,51004.0,11217.0,0.6128242853711265,0.47477822148994203,0.4349528868897592,2166.0,0.0,1.0
2020-09-23,AU2012.SHF,408.4,409.58,399.58,400.9,405.84,407.58,407.74,-6.84,-1.9,317889,12901241.1,210028,-1914.0,83,0.8444029474109216,0.744669233660235,8,AU2102.SHF,402.72,407.88,25767,1.82000000000005,AU2010.SHF,399.96,404.22,22,0.9399999999999977,AU2110.SHF,410.18,415.46,387,10.220000000000027,0.025552555255525577,0.025231545637938096,103561.0,25333.0,-3866.0,532.0,35.0,49386.0,11111.0,0.6069173118997006,0.4768783615453694,0.4385978762878459,2166.0,0.0,1.0
2020-09-24,AU2012.SHF,401.44,403.9,395.18,396.58,399.58,400.9,405.84,-9.26,-6.26,314778,12577938.742,209781,-247.0,82,0.8481678778423558,0.7466525722339676,8,AU2102.SHF,398.2,401.24,24922,1.6200000000000045,AU2010.SHF,396.04,397.4,21,0.5399999999999636,AU2110.SHF,405.46,408.2,386,9.419999999999959,0.023785476214523756,0.02350700878573384,100301.0,25001.0,-2351.0,-131.0,35.0,48917.0,10505.0,0.6009481093677674,0.4877020169290436,0.4201831926722931,2166.0,0.0,1.0
2020-09-25,AU2012.SHF,397.48,401.48,396.34,401.06,398.88,396.58,399.58,1.48,-0.7,243866,9727507.92,206242,-3539.0,81,0.8287263904086779,0.7557531074108818,8,AU2102.SHF,402.76,400.32,23443,1.6999999999999886,AU2010.SHF,399.74,397.34,20,1.3199999999999932,AU2110.SHF,406.7,405.5,385,6.9599999999999795,0.01741131735628154,0.01726147714678314,97827.0,23226.0,-2299.0,-454.0,35.0,47301.0,9980.0,0.6162672548387896,0.48351682050967526,0.42969086368724707,2166.0,0.0,1.0
2020-09-28,AU2012.SHF,399.22,402.0,398.18,400.14,399.78,401.06,398.88,1.26,0.9,184483,7375332.018,203539,-2703.0,78,0.8056272462477019,0.7582544490017918,8,AU2102.SHF,401.7,401.3,23241,1.5600000000000023,AU2010.SHF,398.3,398.12,17,1.839999999999975,AU2110.SHF,409.34,408.64,382,11.039999999999964,0.02771780065277429,0.027340616363704724,97470.0,22933.0,-357.0,-61.0,34.0,49333.0,9276.0,0.6190626479406659,0.5061352210936698,0.40448262329394324,2265.0,99.0,1.0
2020-09-29,AU2012.SHF,401.46,406.06,401.32,405.9,403.96,400.14,399.78,6.12,4.18,175770,7100528.482,200956,-2583.0,77,0.8002130623617143,0.7627282043496413,8,AU2102.SHF,407.56,405.56,21494,1.660000000000025,AU2010.SHF,403.0,401.52,16,2.8999999999999773,AU2110.SHF,413.1,411.18,381,10.100000000000023,0.02506203473945412,0.024753132456035897,98596.0,20387.0,2734.0,-1408.0,34.0,50795.0,9052.0,0.6573123891648387,0.5151831717311047,0.4440084367489086,2265.0,0.0,1.0
2020-09-30,AU2012.SHF,406.1,408.0,405.16,406.1,406.6,405.9,403.96,2.14,2.64,137965,5609772.678,197342,-3614.0,76,0.7939197937586677,0.7638345390293276,8,AU2102.SHF,407.78,408.14,20394,1.67999999999995,AU2010.SHF,401.08,403.68,15,5.020000000000039,AU2110.SHF,415.9,415.78,380,14.819999999999993,0.03695023436720857,0.03628393809314142,97003.0,18099.0,-1348.0,-2221.0,35.0,47909.0,8143.0,0.685513718267276,0.4938919414863458,0.4499143599093873,2265.0,0.0,1.0
2020-10-09,AU2012.SHF,404.4,407.0,404.02,405.36,405.5,406.1,406.6,-1.24,-1.1,71362,2893782.728,196479,-863.0,67,0.7787210824967263,0.754971238861543,8,AU2102.SHF,406.96,407.3,21441,1.599999999999966,AU2010.SHF,404.1,403.32,6,1.259999999999991,AU2110.SHF,413.6,413.6,371,9.5,0.02350903241771829,0.02323695110979129,96329.0,17740.0,-175.0,5.0,38.0,47729.0,7359.0,0.688960190761732,0.4954790353891351,0.41482525366403605,2265.0,0.0,1.0
2020-10-12,AU2012.SHF,407.38,411.6,406.94,410.02,409.32,405.36,405.5,4.52,3.82,175001,7163396.212,198166,1687.0,64,0.7493213328423523,0.7498420218180167,8,AU2102.SHF,411.9,411.66,21505,1.8799999999999955,AU2010.SHF,408.18,407.34,3,1.839999999999975,AU2110.SHF,419.18,418.64,368,11.0,0.026948895095301184,0.026592168359989357,97742.0,19404.0,1860.0,2131.0,37.0,48380.0,7505.0,0.6687210830928926,0.4949765709725604,0.3867759224902082,2265.0,0.0,1.0
2020-10-13,AU2012.SHF,410.86,411.24,407.84,408.54,409.72,410.02,409.32,-0.78,0.4,141066,5779924.912,195939,-2227.0,63,0.7437051876845213,0.7417380243941218,8,AU2102.SHF,410.66,411.42,21742,2.1200000000000045,AU2010.SHF,406.2,406.2,2,2.340000000000032,AU2110.SHF,416.66,418.38,367,10.460000000000036,0.025750861644510126,0.025424892353951477,96862.0,19468.0,-818.0,216.0,36.0,44977.0,8015.0,0.6652969999140377,0.46434102124672216,0.4117012533388124,2265.0,0.0,1.0
2020-10-14,AU2012.SHF,407.28,407.28,400.64,404.04,403.08,408.54,409.72,-5.68,-6.64,193310,7792127.138,188656,-7283.0,62,0.8165980923092521,0.7230637149690317,8,AU2102.SHF,405.92,404.72,21880,1.8799999999999955,AU2010.SHF,400.0,400.0,1,4.0400000000000205,AU2110.SHF,412.7,410.88,366,12.699999999999989,0.031749999999999945,0.03125638965055409,96114.0,21147.0,-368.0,2226.0,37.0,44359.0,9401.0,0.6393174201141044,0.4615248559002851,0.444554783184376,2265.0,0.0,1.0
2020-10-15,AU2012.SHF,405.98,406.66,401.5,403.62,404.06,404.04,403.08,0.54,0.98,146674,5926597.7,187346,-1310.0,61,0.7789916457323129,0.7179548102274818,8,AU2104.SHF,407.4,407.6,22134,3.7799999999999727,AU2011.SHF,404.18,404.18,32,-0.5600000000000023,AU2110.SHF,412.38,411.98,365,8.199999999999989,0.022237587183898275,0.02201501453779366,94821.0,21903.0,-1060.0,1110.0,35.0,44763.0,9331.0,0.6247044309653542,0.47207896984845127,0.4260147011824864,2265.0,0.0,1.0
2020-10-16,AU2012.SHF,402.6,406.22,402.26,404.98,404.24,403.62,404.06,0.92,0.18,151010,6104464.64,186375,-971.0,60,0.7861050812341553,0.7130723230375446,8,AU2104.SHF,408.74,407.58,23443,3.759999999999991,AU2011.SHF,404.62,406.04,31,0.36000000000001364,AU2110.SHF,414.0,412.92,364,9.379999999999995,0.025409968319364797,0.025119912472243346,94747.0,21792.0,-38.0,69.0,37.0,44458.0,9805.0,0.6260136091780434,0.46922857715811583,0.4499357562408223,2265.0,0.0,1.0
2020-10-19,AU2012.SHF,404.22,405.66,402.02,404.9,403.88,404.98,404.24,0.66,-0.36,155500,6280587.18,183367,-3008.0,57,0.7976731540663377,0.7099708061980687,8,AU2104.SHF,408.92,407.7,23686,4.020000000000039,AU2011.SHF,403.58,403.74,28,1.3199999999999932,AU2110.SHF,411.5,411.7,361,7.920000000000016,0.02151018653323027,0.02130184597890704,94110.0,20895.0,-637.0,292.0,36.0,43369.0,9389.0,0.6366244945871918,0.46083306768674953,0.44934194783441017,2265.0,0.0,1.0
2020-10-20,AU2012.SHF,405.1,405.36,401.86,403.58,403.56,404.9,403.88,-0.3,-0.32,136216,5497199.106,184294,927.0,56,0.7822077258345154,0.7107311166130612,8,AU2104.SHF,407.2,407.24,24166,3.6200000000000045,AU2011.SHF,403.74,403.74,27,-0.160000000000025,AU2110.SHF,411.0,411.0,360,7.259999999999991,0.01970985698136827,0.019534743077485903,94510.0,22565.0,400.0,1887.0,36.0,43042.0,10361.0,0.6145206064488575,0.45542270659189504,0.45916241967649013,2199.0,-66.0,1.0
2020-10-21,AU2012.SHF,403.9,406.28,402.62,404.66,404.66,403.58,403.56,1.1,1.1,151406,6127036.266,179446,-4848.0,55,0.7921416799644231,0.7049289162826693,8,AU2104.SHF,408.4,408.16,23364,3.7399999999999523,AU2011.SHF,405.26,404.12,26,-0.5999999999999659,AU2110.SHF,414.42,413.48,359,9.160000000000025,0.024774811825100714,0.024498970872342492,93529.0,20884.0,-981.0,-125.0,35.0,41485.0,10210.0,0.6349365893735852,0.4435522672112393,0.4888910170465428,2199.0,0.0,1.0
2020-10-22,AU2012.SHF,406.4,407.44,403.58,404.86,405.6,404.66,404.66,0.2,0.94,153265,6216660.208,175557,-3889.0,54,0.7784019055648385,0.6966602909546901,8,AU2104.SHF,408.66,409.3,22834,3.8000000000000114,AU2011.SHF,403.0,403.98,25,1.8600000000000136,AU2110.SHF,413.8,414.9,358,10.800000000000011,0.029374287438803697,0.028987580264676648,92543.0,20172.0,-985.0,-57.0,35.0,40755.0,9718.0,0.6420707093110943,0.4403898728158802,0.4817568907396391,2199.0,0.0,1.0
2020-10-23,AU2012.SHF,403.88,404.36,401.3,403.58,402.8,404.86,405.6,-2.02,-2.8,145253,5850836.328,173923,-1634.0,53,0.7723635164811792,0.6899516026658203,8,AU2102.SHF,405.36,404.6,23339,1.7800000000000296,AU2011.SHF,402.08,401.88,24,1.5,AU2110.SHF,411.16,410.96,357,9.080000000000041,0.02475266751032786,0.024477315803439523,92812.0,21283.0,372.0,1639.0,34.0,40287.0,9842.0,0.6269249309785705,0.43407102529845276,0.46243480712305596,2199.0,0.0,1.0
2020-10-26,AU2012.SHF,403.58,404.1,400.28,401.56,402.02,403.58,402.8,-1.24,-0.78,167714,6742551.0,169399,-4524.0,50,0.7308022466916202,0.6843491574860726,8,AU2102.SHF,403.32,403.96,23244,1.759999999999991,AU2011.SHF,401.88,401.88,21,-0.3199999999999932,AU2110.SHF,410.02,411.36,354,8.139999999999986,0.02220120986917037,0.021979359990525953,91224.0,22277.0,-1588.0,1270.0,35.0,39401.0,10823.0,0.6074572030202378,0.4319148469700956,0.4858374107824213,2199.0,0.0,1.0
2020-10-27,AU2012.SHF,402.86,405.5,402.84,405.3,404.5,401.56,402.02,3.28,2.48,151696,6136319.0,162159,-7240.0,49,0.7168049596461716,0.6613309081121203,8,AU2102.SHF,407.1,406.36,24788,1.8000000000000114,AU2011.SHF,403.4,402.18,20,1.900000000000034,AU2110.SHF,414.2,413.46,353,10.800000000000011,0.029345160728403225,0.028959213381684508,91856.0,19856.0,632.0,-420.0,36.0,41122.0,9464.0,0.6445144657691206,0.4476789757881902,0.4766317485898469,2199.0,0.0,1.0
2020-10-28,AU2012.SHF,404.8,406.52,404.36,405.36,405.44,405.3,404.5,0.86,0.94,120494,4885524.0,158003,-4156.0,48,0.7207570419375872,0.646593987608548,8,AU2102.SHF,407.22,407.28,26217,1.8600000000000136,AU2011.SHF,403.0,403.0,19,2.3600000000000136,AU2110.SHF,414.84,414.92,352,11.839999999999975,0.032202922525503164,0.031738933176637917,88346.0,18684.0,-2564.0,-354.0,34.0,39243.0,9275.0,0.6508642436699991,0.444196681230616,0.49641404410190537,2199.0,0.0,1.0
2020-10-29,AU2012.SHF,401.04,401.3,398.26,399.78,399.7,405.36,405.44,-5.66,-5.74,212188,8481338.0,154496,-3507.0,47,0.687428928723001,0.6260297341432085,8,AU2102.SHF,401.78,401.66,28105,2.0,AU2011.SHF,401.08,399.18,18,-1.3000000000000114,AU2110.SHF,408.6,408.72,351,7.520000000000039,0.020551118586423316,0.020360833065002863,,,,,,,,,,,2199.0,0.0,1.0
2020-10-30,AU2012.SHF,396.88,399.5,394.92,397.1,397.4,399.78,399.7,-2.6,-2.3,198494,7888217.0,148505,-5991.0,46,0.6395955442848719,0.5955828092915811,8,AU2102.SHF,399.36,399.52,32833,2.259999999999991,AU2011.SHF,396.5,398.16,17,0.6000000000000227,AU2110.SHF,406.0,406.18,350,9.5,0.02626207544240332,0.02595239718406289,78773.0,20907.0,-6155.0,1075.0,32.0,33920.0,9732.0,0.5805176565008026,0.43060439490688435,0.46549002726359595,2199.0,0.0,1.0
2020-11-02,AU2012.SHF,399.88,401.12,397.78,400.68,399.64,397.1,397.4,3.28,2.24,151267,6045441.0,139201,-9304.0,43,0.6518134536413425,0.5716790899197108,8,AU2102.SHF,403.14,401.96,37035,2.4599999999999795,AU2011.SHF,398.16,398.16,14,2.519999999999982,AU2110.SHF,410.0,409.02,347,11.839999999999975,0.03259437858593973,0.03211915068780771,,,,,,,,,,,2199.0,0.0,1.0
2020-11-03,AU2012.SHF,401.2,402.96,400.56,402.6,401.78,400.68,399.64,2.96,2.14,109941,4417345.0,133519,-5682.0,42,0.6435206593187898,0.5584255894002066,7,AU2102.SHF,404.78,404.06,38549,2.17999999999995,AU2012.SHF,402.6,401.78,42,0.0,AU2110.SHF,412.02,411.22,346,9.419999999999959,0.028092889638402833,0.0277692704245273,74076.0,17217.0,-1805.0,-831.0,31.0,33784.0,8080.0,0.6228188360553383,0.45607214212430475,0.4693035952837312,2199.0,0.0,1.0
2020-11-04,AU2012.SHF,403.6,405.88,402.98,404.28,404.44,402.6,401.78,2.5,2.66,165806,6705934.0,131109,-2410.0,41,0.660776483903621,0.5502215843279448,7,AU2102.SHF,406.46,406.6,40054,2.180000000000007,AU2012.SHF,404.28,404.44,41,0.0,AU2110.SHF,413.36,413.74,345,9.080000000000041,0.02696639379689963,0.026668024743258644,72818.0,15887.0,-1258.0,-1291.0,34.0,32910.0,7587.0,0.6418014768051407,0.4519486940042297,0.4775602694026563,2199.0,0.0,1.0
2020-11-05,AU2012.SHF,404.16,404.7,399.22,404.22,402.68,404.28,404.44,-0.22,-1.76,146502,5899382.0,129696,-1413.0,40,0.6885269015302478,0.540834921415972,7,AU2102.SHF,406.24,405.1,40472,2.019999999999982,AU2012.SHF,404.22,402.68,40,0.0,AU2110.SHF,413.5,412.0,344,9.279999999999973,0.027564458124679277,0.027252809361972684,70875.0,15395.0,-1943.0,-24.0,32.0,31447.0,7246.0,0.6430972528109424,0.44369664902998235,0.47067229620006495,2199.0,0.0,1.0
2020-11-06,AU2012.SHF,406.04,410.68,405.52,408.3,407.94,404.22,402.68,5.62,5.26,188202,7677735.0,127093,-2603.0,39,0.6539128380279977,0.5179668173241119,7,AU2102.SHF,410.36,409.94,42641,2.0600000000000023,AU2012.SHF,408.3,407.94,39,0.0,AU2110.SHF,417.9,417.96,343,9.599999999999966,0.028230016628639804,0.027903254808697125,68923.0,14342.0,-1751.0,-109.0,33.0,30675.0,6471.0,0.6555095178045998,0.44506188064942037,0.45119230232882446,2199.0,0.0,1.0
2020-11-09,AU2012.SHF,409.0,410.96,406.98,407.42,409.22,408.3,407.94,-0.52,1.28,165871,6788024.0,120788,-6305.0,36,0.6239810102058858,0.4965386828907342,7,AU2102.SHF,409.6,411.52,42053,2.180000000000007,AU2012.SHF,407.42,409.22,36,0.0,AU2110.SHF,417.54,419.1,340,10.120000000000005,0.029823420290454063,0.02945904637770316,66228.0,14083.0,-2308.0,-177.0,32.0,28116.0,6392.0,0.649288391378516,0.4245334299691973,0.4538805652204786,2199.0,0.0,1.0
2020-11-10,AU2012.SHF,399.6,399.8,391.5,396.54,394.52,407.42,409.22,-12.68,-14.7,258061,10181402.0,113069,-7719.0,35,0.6492018968314864,0.46901612347922034,7,AU2106.SHF,402.86,401.6,42923,6.319999999999993,AU2012.SHF,396.54,394.52,35,0.0,AU2110.SHF,406.3,405.4,339,9.759999999999991,0.029551674617016157,0.029193857774314446,59521.0,15141.0,-6374.0,1754.0,37.0,26747.0,6128.0,0.5944121507594224,0.4493708103022463,0.40472888184399974,2199.0,0.0,1.0
2020-11-11,AU2012.SHF,395.18,396.2,394.2,395.64,395.22,396.54,394.52,1.12,0.7,105185,4157190.0,108968,-4101.0,34,0.6002750701942612,0.4569329537020342,7,AU2106.SHF,401.7,401.5,44330,6.060000000000002,AU2012.SHF,395.64,395.22,34,0.0,AU2110.SHF,405.24,405.34,338,9.600000000000023,0.029133342911418746,0.028785505656415775,56448.0,17389.0,-3073.0,2553.0,36.0,25730.0,7542.0,0.5289895309939461,0.45581774376417233,0.4337224682270401,2199.0,0.0,1.0
2020-11-12,AU2012.SHF,394.64,395.62,392.0,394.98,393.98,395.64,395.22,-0.24,-1.24,133699,5267632.0,101791,-7177.0,33,0.5791169807724794,0.42874171292825314,7,AU2106.SHF,400.92,400.28,45705,5.939999999999998,AU2012.SHF,394.98,393.98,33,0.0,AU2110.SHF,402.94,403.94,337,7.9599999999999795,0.024196761461606146,0.0239561708048416,53006.0,17511.0,-3053.0,122.0,34.0,23814.0,7344.0,0.5033538012110554,0.4492698939742671,0.4193935240705842,2199.0,0.0,1.0
2020-11-13,AU2012.SHF,395.06,397.0,394.6,396.88,396.24,394.98,393.98,2.9,2.26,102837,4074905.0,95747,-6044.0,32,0.5770065927900127,0.411595536144164,7,AU2106.SHF,402.92,402.2,46449,6.0400000000000205,AU2012.SHF,396.88,396.24,32,0.0,AU2110.SHF,407.02,406.42,336,10.139999999999986,0.030675950041905715,0.030290625152754037,49439.0,17418.0,-3567.0,-93.0,35.0,21699.0,7139.0,0.4789476045888987,0.4389045085863387,0.4098633597427948,2199.0,0.0,1.0
2020-11-16,AU2012.SHF,397.5,399.76,396.22,396.64,398.2,396.88,396.24,0.4,1.96,105185,4188517.526,89414,-6333.0,29,0.5755141792555549,0.38908470623047264,7,AU2106.SHF,402.52,403.86,47645,5.8799999999999955,AU2012.SHF,396.64,398.2,29,0.0,AU2110.SHF,407.22,408.2,333,10.580000000000041,0.03202642327126814,0.03160673274587893,48012.0,16495.0,-1189.0,-82.0,35.0,20983.0,7132.0,0.48858263444277367,0.43703657418978586,0.43237344649893905,2199.0,0.0,1.0
2020-11-17,AU2012.SHF,394.7,398.26,393.72,396.18,396.26,396.64,398.2,-2.02,-1.94,104315,4133664.0,81027,-8387.0,28,0.5976327292935427,0.35778248774672144,7,AU2106.SHF,402.16,401.8,49254,5.980000000000018,AU2012.SHF,396.18,396.26,28,0.0,AU2110.SHF,406.02,405.88,332,9.839999999999975,0.02982097451716521,0.02945665988073604,45224.0,15814.0,-2467.0,-304.0,34.0,20040.0,7050.0,0.4818309905304892,0.4431275428975765,0.4458075123308461,2199.0,0.0,1.0
2020-11-18,AU2012.SHF,396.04,397.26,392.72,393.64,395.06,396.18,396.26,-2.62,-1.2,87655,3462922.0,76287,-4740.0,27,0.4973728409632538,0.33116713984320056,8,AU2106.SHF,398.98,400.46,55173,5.340000000000032,AU2012.SHF,393.64,395.06,27,0.0,AU2112.SHF,405.04,404.0,392,11.400000000000034,0.028960471496799256,0.028549041630869115,43268.0,16685.0,-1731.0,1113.0,32.0,18153.0,7551.0,0.4433973279068604,0.41954793380789496,0.45256218160023975,2199.0,0.0,1.0
2020-11-19,AU2012.SHF,392.04,395.36,390.4,392.0,393.08,393.64,395.06,-3.06,-1.98,96342,3787076.56,70384,-5903.0,26,0.505543865540927,0.3017586582406558,8,AU2106.SHF,397.32,398.26,60137,5.319999999999993,AU2012.SHF,392.0,393.08,26,0.0,AU2112.SHF,403.0,404.28,391,11.0,0.028061224489795977,0.0276747221562205,41396.0,16936.0,-1745.0,521.0,36.0,17451.0,7336.0,0.41932387025989165,0.42156246980384576,0.43316013226263583,2199.0,0.0,1.0
2020-11-20,AU2106.SHF,397.42,398.0,395.54,397.48,397.2,397.32,398.26,-0.78,-1.06,28848,1145890.0,65815,5678.0,207,0.15214547909370912,0.28422930090345316,8,AU2012.SHF,392.18,391.74,60399,-5.300000000000011,AU2012.SHF,392.18,391.74,25,5.300000000000011,AU2112.SHF,401.82,401.52,390,9.639999999999986,0.024580549747564847,0.02428330907864305,30423.0,13430.0,3113.0,-498.0,44.0,17067.0,7060.0,0.38749914487036236,0.5609900404299378,0.5256887565152644,2199.0,0.0,1.0
2020-11-23,AU2106.SHF,396.3,399.36,396.28,397.88,397.84,397.48,397.2,0.68,0.64,25760,1024857.0,70853,5038.0,204,0.156588129452671,0.31114360744429514,8,AU2102.SHF,394.22,394.32,52895,-3.659999999999968,AU2012.SHF,392.8,392.72,22,5.079999999999984,AU2112.SHF,403.12,402.32,387,10.319999999999993,0.026272912423625172,0.025933707892031747,33224.0,13176.0,2801.0,-62.0,46.0,19056.0,6882.0,0.4320689655172414,0.5735612810016856,0.5223132969034608,2199.0,0.0,1.0
2020-11-24,AU2106.SHF,397.54,397.56,387.04,388.4,391.1,397.88,397.84,-9.44,-6.74,51467,2012888.0,83122,12269.0,203,0.16878078535027252,0.35505076608304537,8,AU2102.SHF,384.84,387.66,57546,-3.5600000000000023,AU2012.SHF,383.32,386.48,21,5.079999999999984,AU2112.SHF,393.8,393.88,386,10.480000000000018,0.027340081394135577,0.026973016729463842,39018.0,13866.0,6868.0,1202.0,41.0,22195.0,6867.0,0.4756069888813252,0.5688400225536931,0.49524015577672004,2199.0,0.0,1.0
2020-11-25,AU2106.SHF,385.98,385.98,383.06,384.0,384.52,388.4,391.1,-7.1,-6.58,41600,1599608.0,92003,8881.0,202,0.17341715162328458,0.39754824436320896,8,AU2102.SHF,380.66,381.0,59014,-3.339999999999975,AU2012.SHF,379.24,379.44,20,4.759999999999991,AU2112.SHF,389.3,389.58,385,10.060000000000002,0.026526737685898194,0.02618100456665175,43333.0,15048.0,4470.0,1263.0,42.0,24313.0,7047.0,0.48448981689248216,0.5610735467195902,0.46830143540669855,2199.0,0.0,1.0
2020-11-26,AU2106.SHF,385.0,386.0,382.84,384.6,384.44,384.0,384.52,0.08,-0.08,29317,1127093.464,95174,3171.0,201,0.17973539653734857,0.4174792628951674,8,AU2102.SHF,381.22,381.08,61668,-3.3799999999999955,AU2012.SHF,380.22,379.84,19,4.3799999999999955,AU2112.SHF,389.44,389.02,384,9.21999999999997,0.02424911893114512,0.023959777235681743,45963.0,15454.0,2838.0,632.0,39.0,25696.0,7019.0,0.49675171369490534,0.5590583730391837,0.4541866183512359,2199.0,0.0,1.0
2020-11-27,AU2106.SHF,384.5,385.36,383.14,384.56,384.26,384.6,384.44,0.12,-0.18,34441,1323436.368,101089,5915.0,200,0.20150952227715532,0.4456184896694306,8,AU2102.SHF,381.14,380.8,64699,-3.420000000000016,AU2012.SHF,380.62,380.32,18,3.9399999999999977,AU2112.SHF,389.04,389.92,383,8.420000000000016,0.022121801271609568,0.021880664006649127,47941.0,16119.0,2303.0,1233.0,39.0,27341.0,7037.0,0.4967530440212301,0.570305166767485,0.4365655437682238,2199.0,0.0,1.0
2020-11-30,AU2106.SHF,384.08,384.08,371.94,374.6,376.62,384.56,384.26,-9.66,-7.64,68413,2576660.284,105409,4320.0,197,0.20878118152576614,0.46198584357811234,8,AU2102.SHF,371.34,373.48,69429,-3.2600000000000477,AU2012.SHF,371.22,373.6,15,3.3799999999999955,AU2112.SHF,378.94,382.34,380,7.71999999999997,0.02079629330316246,0.0205830024332636,51340.0,18589.0,3642.0,2760.0,35.0,29040.0,8866.0,0.46834646570092525,0.5656408258667706,0.4769487331217387,2199.0,0.0,1.0
2020-12-01,AU2106.SHF,373.3,378.36,372.74,377.38,375.74,374.6,376.62,0.76,-0.88,46056,1730543.504,104742,-667.0,196,0.23305923133365383,0.47049047043656766,8,AU2102.SHF,374.2,372.28,67056,-3.180000000000007,AU2012.SHF,372.66,371.62,14,4.71999999999997,AU2112.SHF,381.24,380.68,379,8.579999999999984,0.02302366768636288,0.022762622270158454,50738.0,18505.0,-602.0,-77.0,36.0,28884.0,8697.0,0.46550553846598214,0.5692774646221767,0.46998108619292084,2199.0,0.0,1.0
2020-12-02,AU2106.SHF,381.14,383.92,381.02,382.9,382.34,377.38,375.74,7.16,6.6,53807,2057324.408,102064,-2678.0,195,0.24281246756528685,0.4776510560232873,8,AU2102.SHF,379.64,378.92,63111,-3.259999999999991,AU2012.SHF,377.58,376.84,13,5.319999999999993,AU2112.SHF,388.1,387.78,378,10.520000000000039,0.027861645214259267,0.02748057160796345,50054.0,18920.0,-511.0,687.0,38.0,29142.0,9293.0,0.4513874793400412,0.5822112118911575,0.49117336152219876,2409.0,210.0,1.0
2020-12-03,AU2106.SHF,383.88,387.56,382.4,387.06,385.26,382.9,382.34,4.72,2.92,55488,2137770.138,98519,-3545.0,194,0.2639294513836699,0.47521863076603976,8,AU2102.SHF,383.7,381.9,61338,-3.3600000000000136,AU2012.SHF,381.92,380.08,12,5.139999999999986,AU2112.SHF,392.0,390.62,377,10.079999999999984,0.026392961876832825,0.02605067719994255,48628.0,18569.0,-1377.0,-14.0,39.0,27715.0,9067.0,0.44732651755286695,0.5699391297195031,0.48828692982928534,2409.0,0.0,1.0
2020-12-04,AU2106.SHF,388.0,388.64,384.02,387.46,386.72,387.06,385.26,2.2,1.46,45565,1762155.0,96642,-1877.0,193,0.2344964232412125,0.4793036750483559,8,AU2102.SHF,384.46,383.36,59118,-3.0,AU2012.SHF,382.26,381.72,11,5.199999999999989,AU2112.SHF,391.5,392.48,376,9.240000000000009,0.024172029508711335,0.023884510074405955,49170.0,18298.0,570.0,-113.0,40.0,28189.0,9249.0,0.4575798897254995,0.573296725645719,0.5054650781506176,2769.0,360.0,1.0
2020-12-07,AU2106.SHF,387.56,388.24,384.52,386.54,386.44,387.46,386.72,-0.18,-0.28,49371,1907909.208,96476,-166.0,190,0.22576927825717147,0.47390422297214324,8,AU2102.SHF,383.38,383.18,60892,-3.160000000000025,AU2012.SHF,382.0,381.62,8,4.5400000000000205,AU2112.SHF,392.0,391.72,373,10.0,0.02617801047120416,0.025841231183887328,50835.0,18811.0,1773.0,513.0,39.0,29700.0,9543.0,0.45981104442466186,0.5842431395691945,0.5073095529211632,2769.0,0.0,1.0
2020-12-08,AU2106.SHF,385.58,393.08,384.86,392.0,389.96,386.54,386.44,5.56,3.52,59033,2302096.0,94535,-1941.0,189,0.2499640083669961,0.4618740747616977,8,AU2102.SHF,389.18,387.16,64088,-2.819999999999993,AU2012.SHF,387.0,384.98,7,5.0,AU2112.SHF,396.9,396.52,372,9.899999999999977,0.025581395348837077,0.02525966675923776,49878.0,18100.0,-315.0,-352.0,41.0,28530.0,9232.0,0.4674747712495219,0.5719956694334175,0.5100552486187845,2769.0,0.0,1.0
2020-12-09,AU2106.SHF,391.0,393.84,389.18,389.94,391.68,392.0,389.96,-0.02,1.72,43669,1710449.0,92528,-2007.0,188,0.2291433818706546,0.46509336751363445,8,AU2102.SHF,387.0,388.74,61423,-2.9399999999999977,AU2012.SHF,384.68,385.52,6,5.259999999999991,AU2112.SHF,394.8,396.28,371,10.120000000000005,0.026307580326505157,0.025967487715045492,49999.0,17644.0,752.0,-341.0,42.0,28486.0,9136.0,0.478320003548039,0.5697313946278926,0.5177964180457946,2769.0,0.0,1.0
2020-12-10,AU2106.SHF,389.82,391.16,385.6,386.1,387.62,389.94,391.68,-5.58,-4.06,49215,1907756.0,95039,2511.0,187,0.24070251975897958,0.4616143070855433,8,AU2102.SHF,383.26,384.84,62306,-2.840000000000032,AU2012.SHF,381.0,381.64,5,5.100000000000023,AU2112.SHF,391.0,393.04,370,10.0,0.026246719160105014,0.025908184858664834,51536.0,18303.0,2083.0,1466.0,37.0,30282.0,9140.0,0.47585160154068645,0.5875892579944116,0.4993716877014697,2769.0,0.0,1.0
2020-12-11,AU2106.SHF,386.48,389.44,385.12,385.7,386.94,386.1,387.62,-1.92,-0.68,40651,1572989.0,93937,-1102.0,186,0.22156514345513212,0.4604709757747473,8,AU2102.SHF,382.78,384.14,60998,-2.920000000000016,AU2012.SHF,379.36,380.14,4,6.339999999999975,AU2112.SHF,391.0,391.28,369,11.639999999999986,0.030683256010122225,0.030221937668270343,51145.0,19140.0,-391.0,1015.0,38.0,29904.0,9678.0,0.4553603187024258,0.5846905855899892,0.5056426332288402,2769.0,0.0,1.0
2020-12-14,AU2106.SHF,385.42,389.02,385.0,385.76,386.72,385.7,386.94,-1.18,-0.22,36408,1408023.0,93147,-790.0,183,0.20826826380189117,0.4828471012689724,8,AU2102.SHF,382.82,384.1,51002,-2.9399999999999977,AU2012.SHF,379.86,380.58,1,5.899999999999977,AU2112.SHF,391.22,392.5,366,11.360000000000014,0.029905754751750724,0.029467297814123262,51488.0,20718.0,343.0,1634.0,38.0,29982.0,10374.0,0.4261418718666039,0.5823104412678682,0.5007240081088908,2769.0,0.0,1.0
2020-12-15,AU2106.SHF,384.32,388.9,383.5,388.72,386.14,385.76,386.72,2.0,-0.58,49347,1905486.0,93343,196.0,182,0.25189121313282903,0.4807108977891305,8,AU2102.SHF,385.66,382.88,52312,-3.0600000000000023,AU2101.SHF,384.52,382.24,31,4.2000000000000455,AU2112.SHF,394.24,392.12,365,9.720000000000027,0.027624455655421782,0.027281081027640708,53126.0,21800.0,1703.0,1320.0,38.0,30929.0,10777.0,0.418092517951045,0.5821819824568009,0.49435779816513764,2769.0,0.0,1.0
2020-12-16,AU2106.SHF,389.16,392.06,388.76,391.4,390.56,388.72,386.14,5.26,4.42,51741,2020809.0,89294,-4049.0,181,0.28103765744920073,0.4672314285265785,8,AU2102.SHF,388.4,387.4,53332,-3.0,AU2101.SHF,387.6,386.84,30,3.7999999999999545,AU2112.SHF,396.92,396.38,364,9.319999999999993,0.026277167028172753,0.025966219148927546,52427.0,21477.0,-499.0,23.0,39.0,29477.0,10688.0,0.4187865338817926,0.5622484597630991,0.4976486473902314,2769.0,0.0,1.0
2020-12-17,AU2106.SHF,391.08,394.08,389.32,393.52,391.74,391.4,390.56,2.96,1.18,48216,1888818.0,90210,916.0,180,0.260981114918078,0.46065935412709114,8,AU2102.SHF,390.5,388.38,55690,-3.019999999999982,AU2101.SHF,390.06,389.34,29,3.4599999999999795,AU2112.SHF,398.52,397.16,363,8.45999999999998,0.023702019127412013,0.023448640066651046,51299.0,21431.0,-1091.0,153.0,40.0,27811.0,10608.0,0.4106695998900041,0.542135324275327,0.4949839018244599,2769.0,0.0,1.0
2020-12-18,AU2106.SHF,394.48,398.16,394.48,396.4,396.24,393.52,391.74,4.66,4.5,51174,2027806.0,90223,13.0,179,0.2419139823577797,0.46043418796439944,8,AU2102.SHF,393.58,393.64,54600,-2.819999999999993,AU2101.SHF,392.48,392.18,28,3.919999999999959,AU2112.SHF,401.28,401.14,362,8.799999999999955,0.024502564377970347,0.024231910136010417,48853.0,20996.0,-1979.0,-338.0,39.0,24938.0,10439.0,0.39881744906870537,0.5104701860684093,0.49718994094113167,2739.0,-30.0,1.0
2020-12-21,AU2106.SHF,397.02,403.5,394.86,401.34,399.24,396.4,396.24,5.1,3.0,56107,2240022.0,93855,3632.0,176,0.2442291201448651,0.46735417434344845,8,AU2102.SHF,398.36,395.84,55273,-2.9799999999999613,AU2101.SHF,396.46,394.46,25,4.8799999999999955,AU2112.SHF,406.3,405.86,359,9.840000000000032,0.027123274512368623,0.026792147161796148,50846.0,23019.0,2473.0,2137.0,40.0,24831.0,11669.0,0.3767278142557368,0.4883569995673209,0.5069290586037621,2739.0,0.0,1.0
2020-12-22,AU2106.SHF,398.48,398.5,395.02,395.5,397.02,401.34,399.24,-3.74,-2.22,61906,2457905.0,91997,-1858.0,175,0.26291849467206324,0.46839741762046355,8,AU2102.SHF,392.76,394.3,52384,-2.740000000000009,AU2101.SHF,389.1,392.18,24,6.399999999999977,AU2112.SHF,403.2,402.6,358,14.099999999999966,0.039600829182036765,0.0389001883827173,51087.0,23955.0,841.0,1052.0,42.0,25734.0,12881.0,0.3615575277844407,0.5037289329966528,0.537716551868086,2733.0,-6.0,1.0
2020-12-23,AU2106.SHF,395.5,398.0,393.72,394.46,395.56,395.5,397.02,-2.56,-1.46,47219,1867807.0,92346,349.0,174,0.23332196840550062,0.4762779087219108,8,AU2102.SHF,391.44,392.64,49200,-3.019999999999982,AU2101.SHF,388.92,389.34,23,5.539999999999964,AU2112.SHF,400.4,400.4,357,11.479999999999961,0.0322572996555485,0.03179038587532142,51114.0,24564.0,871.0,609.0,39.0,25393.0,13165.0,0.35082851026718465,0.4967914856986344,0.5359469141833577,2733.0,0.0,1.0
2020-12-24,AU2106.SHF,393.5,397.24,393.0,395.78,395.64,394.46,395.56,0.22,0.08,48816,1931411.0,90642,-1704.0,173,0.27198573657232006,0.4754192083165056,8,AU2102.SHF,393.04,392.8,46772,-2.7399999999999523,AU2101.SHF,390.0,389.66,22,5.779999999999973,AU2112.SHF,401.32,400.62,356,11.319999999999993,0.031719637647781435,0.03126801452337662,51313.0,25283.0,311.0,1134.0,40.0,26073.0,13925.0,0.33983497832785003,0.5081168514801317,0.5507653363920421,2733.0,0.0,1.0
2020-12-25,AU2106.SHF,395.74,398.0,394.04,397.78,396.14,395.78,395.64,2.14,0.5,36051,1428190.0,89596,-1046.0,172,0.24281182437210805,0.46790332351528063,8,AU2102.SHF,395.0,393.22,47708,-2.7799999999999727,AU2101.SHF,392.2,391.34,21,5.579999999999984,AU2112.SHF,402.6,401.74,355,10.400000000000034,0.028978249518301556,0.02860069999059138,51984.0,25582.0,818.0,302.0,40.0,26692.0,13782.0,0.3403810948095815,0.5134656817482303,0.5387381752794934,2733.0,0.0,1.0
2020-12-28,AU2106.SHF,396.7,401.76,390.0,398.2,399.16,397.78,396.14,2.06,3.02,51414,2052249.75,88335,-1261.0,169,0.290064880112835,0.46723262456363057,8,AU2102.SHF,395.78,396.36,43411,-2.420000000000016,AU2101.SHF,390.72,394.5,18,7.479999999999961,AU2112.SHF,401.06,403.52,352,10.339999999999975,0.02892020014025994,0.02854414868619722,52033.0,25432.0,824.0,207.0,39.0,26972.0,13866.0,0.34339379074420706,0.5183633463379009,0.5452186222082416,2733.0,0.0,1.0
2020-12-29,AU2106.SHF,396.0,400.92,395.7,396.18,397.86,398.2,399.16,-2.98,-1.3,70713,2813433.766,88496,161.0,168,0.2521726726458998,0.4617608231715271,8,AU2102.SHF,393.86,395.62,41610,-2.319999999999993,AU2101.SHF,391.02,392.82,17,5.160000000000025,AU2112.SHF,401.9,403.44,351,10.879999999999995,0.030407192366839177,0.02999184442283288,52844.0,26303.0,811.0,1099.0,40.0,27808.0,14986.0,0.3353380418714544,0.5262281432139884,0.5697448960194654,2733.0,0.0,1.0
2020-12-30,AU2106.SHF,395.74,397.54,394.4,396.02,396.2,396.18,397.86,-1.84,-1.66,42314,1676527.0,88212,-284.0,167,0.22387649069341714,0.4686867398823661,8,AU2102.SHF,393.7,393.94,39178,-2.319999999999993,AU2101.SHF,392.38,393.26,16,3.6399999999999864,AU2112.SHF,401.86,401.68,350,9.480000000000018,0.026402671490700393,0.02608876979418981,52840.0,26326.0,84.0,23.0,40.0,28247.0,15192.0,0.3349165045600384,0.5345760787282362,0.5770720960267416,2733.0,0.0,1.0
2020-12-31,AU2106.SHF,395.7,400.0,395.1,397.6,397.62,396.02,396.2,1.4,1.42,43832,1742922.464,88524,312.0,166,0.21849359453666317,0.47100011173243805,8,AU2104.SHF,395.66,395.84,38239,-1.9399999999999977,AU2101.SHF,394.6,395.8,15,3.0,AU2112.SHF,403.32,403.24,349,8.71999999999997,0.024149369785517585,0.023886406427611806,53063.0,26258.0,245.0,-68.0,40.0,28508.0,15411.0,0.33793068670339504,0.537248176695626,0.5869068474369716,2733.0,0.0,1.0
2021-01-04,AU2106.SHF,401.4,403.0,401.32,402.38,402.4,397.6,397.62,4.76,4.78,41440,1667568.394,90712,2188.0,162,0.3436950535779451,0.47224188913414683,8,AU2102.SHF,400.04,400.1,39504,-2.339999999999975,AU2101.SHF,395.8,395.8,11,6.579999999999984,AU2112.SHF,407.74,408.02,345,11.939999999999998,0.03296665890049097,0.03247918972512727,54352.0,25240.0,1760.0,-1018.0,39.0,29073.0,14152.0,0.3657654035581466,0.5349021195172211,0.5606973058637084,2733.0,0.0,1.0
2021-01-05,AU2106.SHF,403.6,406.74,403.26,404.4,405.02,402.38,402.4,2.0,2.62,70833,2868928.0,92542,1830.0,161,0.2874424267018363,0.47999211614168125,8,AU2102.SHF,402.32,402.92,39174,-2.079999999999984,AU2101.SHF,400.24,398.02,10,4.159999999999968,AU2112.SHF,409.46,410.32,344,9.21999999999997,0.025174266697466544,0.024888684743222412,54212.0,24303.0,-120.0,-937.0,39.0,29552.0,13138.0,0.38093357957078267,0.5451191618091935,0.5405916964983747,2733.0,0.0,1.0
2021-01-06,AU2106.SHF,405.7,406.94,403.66,404.9,405.44,404.4,405.02,-0.12,0.42,70347,2852263.0,92356,-186.0,160,0.29695560039511343,0.48542760581739436,8,AU2104.SHF,403.38,403.92,37913,-1.5199999999999818,AU2101.SHF,398.02,398.02,9,6.8799999999999955,AU2112.SHF,409.54,410.0,343,11.520000000000039,0.031629620513758686,0.03118053299377303,55000.0,21854.0,788.0,-2183.0,39.0,30131.0,10767.0,0.4312852941941864,0.5478363636363637,0.4926786858241054,2733.0,0.0,1.0
2021-01-07,AU2106.SHF,402.5,404.58,396.5,401.32,400.8,404.9,405.44,-4.12,-4.64,87343,3500746.0,93587,1231.0,159,0.3127815617770711,0.4997463541750103,8,AU2104.SHF,400.0,399.56,37687,-1.3199999999999932,AU2101.SHF,398.02,398.02,8,3.3000000000000114,AU2112.SHF,406.54,404.92,342,8.520000000000039,0.023392740171634244,0.023145884719212275,55397.0,21482.0,865.0,-275.0,38.0,29752.0,10195.0,0.4411477776766087,0.5370687943390436,0.47458337212550045,2733.0,0.0,1.0
2021-01-08,AU2106.SHF,400.68,401.1,397.5,398.0,399.4,401.32,400.8,-2.8,-1.4,63169,2523008.0,94150,563.0,158,0.3067245456355276,0.520125515153524,8,AU2104.SHF,397.16,398.18,33775,-0.839999999999975,AU2101.SHF,396.6,396.6,7,1.3999999999999773,AU2112.SHF,402.08,403.74,341,5.479999999999961,0.015099906087975241,0.01499653611975755,54311.0,21680.0,-897.0,198.0,38.0,29357.0,10069.0,0.4294061138819071,0.5405350665611018,0.46443726937269375,2733.0,0.0,1.0
2021-01-11,AU2106.SHF,394.98,394.98,380.18,387.1,387.56,398.0,399.4,-12.3,-11.84,132997,5154468.0,95988,1838.0,155,0.385655048425448,0.5374287537932656,8,AU2104.SHF,386.16,386.44,32451,-0.9399999999999977,AU2101.SHF,396.6,396.6,4,-9.5,AU2112.SHF,391.0,390.54,338,-5.600000000000023,-0.01543056096581424,-0.015540537355150893,,,,,,,,,,,2733.0,0.0,1.0
2021-01-12,AU2106.SHF,386.22,389.7,383.56,389.22,386.62,387.1,387.56,1.66,-0.94,76807,2969646.0,100652,4664.0,154,0.3623792179361365,0.573084631502232,7,AU2104.SHF,388.46,385.82,30471,-0.7600000000000477,AU2102.SHF,387.42,384.68,24,1.8000000000000114,AU2112.SHF,393.5,392.34,337,6.079999999999984,0.018300799769359728,0.018158682353753813,51448.0,23279.0,-226.0,1288.0,39.0,26424.0,11191.0,0.3769587966866059,0.5136059710775929,0.48073370849263286,2733.0,0.0,1.0
2021-01-13,AU2106.SHF,389.7,390.48,385.62,389.32,388.18,389.22,386.62,2.7,1.56,75048,2913297.0,103430,2778.0,153,0.3633863376653561,0.5919757326007326,7,AU2104.SHF,388.36,387.52,30014,-0.9599999999999795,AU2102.SHF,387.54,386.18,23,1.7799999999999727,AU2112.SHF,393.24,393.24,336,5.699999999999989,0.01715168719675383,0.017026775647267667,51043.0,23297.0,-254.0,309.0,39.0,25551.0,10968.0,0.37323110034974444,0.5005779440863586,0.47079023050178137,2733.0,0.0,1.0
2021-01-14,AU2106.SHF,388.98,390.34,384.3,386.5,387.92,389.32,388.18,-1.68,-0.26,67055,2601206.0,107118,3688.0,152,0.3909798548147284,0.6030026851909187,7,AU2104.SHF,385.76,387.34,29314,-0.7400000000000091,AU2102.SHF,385.3,386.92,22,1.1999999999999886,AU2112.SHF,390.26,391.24,335,4.9599999999999795,0.015011745546601134,0.014915943107604968,51807.0,25385.0,764.0,2354.0,38.0,25738.0,12588.0,0.3422893564099907,0.49680545100083,0.49588339570612566,2733.0,0.0,1.0
2021-01-15,AU2106.SHF,386.5,390.18,385.84,387.9,387.88,386.5,387.92,-0.02,-0.04,97553,3784010.0,110771,3653.0,151,0.4874164972044988,0.6201454476237397,7,AU2104.SHF,387.08,387.0,27778,-0.8199999999999932,AU2102.SHF,386.14,386.78,21,1.759999999999991,AU2112.SHF,391.9,392.1,334,5.759999999999991,0.017395071495696555,0.017266607435268495,51157.0,25886.0,-320.0,1060.0,38.0,25579.0,12780.0,0.32801162986903415,0.500009773833493,0.49370316000927145,2733.0,0.0,1.0
2021-01-18,AU2106.SHF,387.98,388.78,382.08,386.82,385.52,387.9,387.88,-1.06,-2.36,131706,5077602.0,114356,3585.0,148,0.5834359578634016,0.6302307510016478,7,AU2104.SHF,386.12,385.0,27450,-0.6999999999999886,AU2102.SHF,385.3,384.58,18,1.5199999999999818,AU2112.SHF,391.16,389.36,331,5.860000000000014,0.017735650988524893,0.017602132943662425,49213.0,26898.0,-884.0,1548.0,36.0,24814.0,13471.0,0.29319020903680154,0.5042163655944567,0.5008179046769277,2733.0,0.0,1.0
2021-01-19,AU2106.SHF,387.16,388.56,386.2,387.72,387.34,386.82,385.52,2.2,1.82,70338,2724542.0,117548,3192.0,147,0.6656761053906723,0.6382858570171914,7,AU2104.SHF,386.76,386.54,28120,-0.9600000000000364,AU2102.SHF,386.12,385.8,17,1.6000000000000227,AU2112.SHF,391.54,391.14,330,5.420000000000016,0.01636912691480645,0.01625530341633715,47921.0,29097.0,-1042.0,2268.0,38.0,24006.0,15003.0,0.24441039756939936,0.5009494793514325,0.5156201670275287,2733.0,0.0,1.0
2021-01-20,AU2106.SHF,386.4,389.52,385.26,388.82,387.36,387.72,387.34,1.48,0.02,93863,3635997.0,120653,3105.0,146,0.623852662222429,0.6410109285262694,7,AU2104.SHF,388.06,386.6,29056,-0.7599999999999909,AU2102.SHF,387.3,385.78,16,1.5199999999999818,AU2112.SHF,392.64,390.7,329,5.339999999999975,0.01607837993679515,0.015968545928663373,47543.0,29311.0,-378.0,218.0,39.0,23727.0,15088.0,0.23722903167044004,0.4990640052163305,0.5147555525229436,2733.0,0.0,1.0
2021-01-21,AU2106.SHF,387.22,392.96,384.78,392.72,390.14,388.82,387.36,5.36,2.78,147688,5762008.0,123284,2631.0,145,0.7091043529197115,0.6427301590611689,8,AU2104.SHF,392.04,389.12,29149,-0.6800000000000068,AU2102.SHF,390.98,388.5,15,1.740000000000009,AU2202.SHF,390.66,390.66,390,-0.3199999999999932,-0.0007966306886967977,-0.0007969568703438326,48803.0,29065.0,1260.0,116.0,39.0,24248.0,15223.0,0.2534802486258797,0.49685470155523226,0.5237570961637709,3033.0,300.0,1.0
2021-01-22,AU2106.SHF,391.36,391.94,389.52,390.9,390.74,392.72,390.14,0.76,0.6,108894,4255074.0,118234,-5050.0,144,0.6972428895234924,0.6241303223218151,8,AU2104.SHF,390.0,389.94,29668,-0.8999999999999773,AU2102.SHF,388.9,389.0,14,2.0,AU2202.SHF,395.82,395.82,389,6.920000000000016,0.017319276592097404,0.01716699273310273,47861.0,28530.0,-837.0,-535.0,38.0,24717.0,14459.0,0.25305337016140644,0.5164330039071477,0.5067998597967053,3033.0,0.0,1.0
2021-01-25,AU2106.SHF,388.0,391.8,386.58,389.0,389.08,390.9,390.74,-1.74,-1.66,116924,4549445.0,115004,-3230.0,141,0.7072415378287484,0.6204526449246042,8,AU2104.SHF,388.42,388.14,29884,-0.5799999999999841,AU2102.SHF,387.2,387.24,11,1.8000000000000114,AU2202.SHF,395.82,395.82,386,8.620000000000005,0.021668732782369086,0.021431054872134828,47182.0,28231.0,-679.0,-299.0,37.0,24033.0,14067.0,0.25129619561614047,0.5093679793141452,0.49828203039212215,3033.0,0.0,1.0
2021-01-26,AU2106.SHF,391.54,392.58,388.34,390.14,390.58,389.0,389.08,1.06,1.5,118060,4611250.996,115303,299.0,140,0.7224153123164284,0.6115896674269347,8,AU2104.SHF,389.34,389.7,30922,-0.8000000000000114,AU2102.SHF,387.88,388.66,10,2.259999999999991,AU2202.SHF,395.82,395.82,385,7.939999999999998,0.019924375236327344,0.01972318771911593,48133.0,29004.0,1405.0,1076.0,37.0,24436.0,14590.0,0.24798734718747165,0.507676645960152,0.5030340642669977,4029.0,996.0,1.0
2021-01-27,AU2106.SHF,390.04,390.5,386.18,387.94,388.46,390.14,390.58,-2.64,-2.12,111222,4320726.57,118337,3034.0,139,0.7118344672217707,0.6128973782616352,8,AU2104.SHF,387.1,387.68,32063,-0.839999999999975,AU2102.SHF,385.36,385.76,9,2.579999999999984,AU2202.SHF,395.82,395.82,384,10.45999999999998,0.026419624939450576,0.026067424137112667,49297.0,32295.0,1465.0,3415.0,38.0,24260.0,16020.0,0.20837827237964507,0.4921191958942735,0.49605202043660007,4029.0,0.0,1.0
2021-01-28,AU2106.SHF,386.8,389.6,385.4,386.3,387.32,387.94,388.46,-2.16,-1.14,130181,5042346.284,118555,218.0,138,0.7148874244920373,0.6026524740496741,8,AU2104.SHF,385.36,386.18,34347,-0.9399999999999977,AU2102.SHF,383.48,384.16,8,2.819999999999993,AU2202.SHF,392.5,392.5,383,9.019999999999982,0.022894197002885842,0.02262909383996948,49614.0,33092.0,1184.0,847.0,38.0,24516.0,16357.0,0.19976785239281308,0.49413472003869874,0.49428864982473103,4029.0,0.0,1.0
2021-01-29,AU2106.SHF,386.56,390.82,384.2,388.34,388.18,386.3,387.32,1.02,0.86,172434,6693598.0,118114,-441.0,137,0.7322286956669442,0.5976158913591241,8,AU2104.SHF,387.4,387.3,36442,-0.9399999999999977,AU2102.SHF,384.24,384.96,7,4.099999999999966,AU2202.SHF,392.5,392.5,382,8.259999999999991,0.020923728225414617,0.02070200173613695,50220.0,32407.0,1419.0,-377.0,37.0,24665.0,16178.0,0.21558328391445897,0.4911389884508164,0.4992131329651001,4029.0,0.0,1.0
2021-02-01,AU2106.SHF,390.38,393.42,386.74,392.64,390.04,388.34,388.18,4.46,1.86,246138,9600838.0,114301,-3813.0,134,0.7550615981152449,0.5851297461388429,8,AU2104.SHF,391.48,389.16,38535,-1.1599999999999682,AU2102.SHF,388.96,386.06,4,3.680000000000007,AU2202.SHF,397.6,395.66,379,8.640000000000043,0.021620732208967625,0.021384098502216373,52472.0,31111.0,2776.0,-853.0,37.0,24746.0,15864.0,0.25556632329540696,0.4716039030339991,0.5099161068432387,4029.0,0.0,1.0
2021-02-02,AU2106.SHF,393.0,394.18,388.82,389.5,392.34,392.64,390.04,-0.54,2.3,174280,6837906.0,111539,-2762.0,133,0.768288059530422,0.5871153501984441,8,AU2104.SHF,388.4,391.06,37224,-1.1000000000000227,AU2102.SHF,385.3,386.94,3,4.199999999999989,AU2202.SHF,395.66,395.66,378,10.360000000000014,0.026171122069383282,0.025825458168691938,52185.0,28222.0,-238.0,-2403.0,36.0,23211.0,14404.0,0.2980213165520415,0.4447829836159816,0.5103819715115867,4029.0,0.0,1.0
2021-02-03,AU2106.SHF,387.36,387.36,383.46,385.1,385.1,389.5,392.34,-7.24,-7.24,180738,6960399.0,113267,1728.0,132,0.8186635986447557,0.5919919302573537,8,AU2104.SHF,384.28,384.18,37413,-0.82000000000005,AU2102.SHF,380.7,381.12,2,4.400000000000034,AU2202.SHF,388.52,388.52,377,7.819999999999993,0.019993345591454405,0.019790772208460122,51758.0,31508.0,1602.0,3893.0,34.0,22843.0,16026.0,0.2431965027742416,0.44134240117469764,0.5086327281960137,4029.0,0.0,1.0
2021-02-04,AU2106.SHF,384.76,385.76,379.68,382.26,382.94,385.1,385.1,-2.84,-2.16,153568,5880809.0,122865,9598.0,131,0.7593805012164487,0.6182384493846046,8,AU2104.SHF,381.3,381.64,36171,-0.9599999999999795,AU2102.SHF,380.0,379.84,1,2.259999999999991,AU2202.SHF,387.0,387.84,376,7.0,0.017929824561403455,0.01776668190110096,54111.0,39190.0,2855.0,7986.0,35.0,22920.0,20042.0,0.15992325912905542,0.4235737650385319,0.5114059709109466,4029.0,0.0,1.0
2021-02-05,AU2106.SHF,381.3,381.5,375.04,377.86,377.44,382.26,382.94,-5.08,-5.5,183350,6920442.31,123703,838.0,130,0.8286331507493175,0.6197638241055727,8,AU2104.SHF,376.66,376.62,36151,-1.1999999999999886,AU2103.SHF,375.5,375.24,38,2.3600000000000136,AU2202.SHF,383.14,384.1,375,7.639999999999986,0.02203669094026958,0.02181550459335143,54549.0,39816.0,455.0,890.0,37.0,23337.0,21060.0,0.15612780162136386,0.42781719188252765,0.5289330922242315,4029.0,0.0,1.0
2021-02-08,AU2106.SHF,378.8,381.56,376.46,381.0,379.38,377.86,377.44,3.56,1.94,155550,5901477.0,119965,-3738.0,127,0.7980074183138983,0.6172658464926498,8,AU2104.SHF,379.68,378.46,35287,-1.3199999999999932,AU2103.SHF,379.12,377.58,35,1.8799999999999955,AU2202.SHF,384.14,384.2,372,5.019999999999982,0.014341348354427559,0.014247230009914453,54097.0,37355.0,-304.0,-2461.0,37.0,23992.0,19482.0,0.1830687136421292,0.4434996395363883,0.5215366082184446,4029.0,0.0,1.0
2021-02-09,AU2106.SHF,382.56,385.84,381.5,385.6,384.04,381.0,379.38,6.22,4.66,117629,4517539.0,110073,-9892.0,126,0.7631061662720167,0.601478656204236,8,AU2104.SHF,384.3,382.96,34222,-1.3000000000000114,AU2103.SHF,383.94,382.26,34,1.660000000000025,AU2202.SHF,390.0,386.94,371,6.060000000000002,0.01709512289336749,0.0169616136250976,50301.0,30457.0,-3708.0,-6314.0,38.0,23233.0,15942.0,0.24572178607692116,0.46187948549730623,0.5234264701053944,4029.0,0.0,1.0
2021-02-10,AU2106.SHF,385.16,386.44,383.12,385.66,384.9,385.6,384.04,1.62,0.86,99733,3838851.0,105125,-4948.0,125,0.7526848448714368,0.6024562449138652,8,AU2104.SHF,384.32,383.72,32627,-1.3400000000000318,AU2103.SHF,382.0,382.04,33,3.660000000000025,AU2202.SHF,391.46,390.22,370,9.45999999999998,0.02682197399288439,0.026495242198064962,49433.0,27676.0,-525.0,-2572.0,37.0,22751.0,13911.0,0.2821590216446848,0.46023911152469,0.5026376644023702,4029.0,0.0,1.0
2021-02-18,AU2106.SHF,374.98,374.98,372.44,374.18,373.64,385.66,384.9,-10.72,-11.26,70603,2638114.0,115294,10169.0,117,0.7780459314114432,0.6264582348498432,8,AU2104.SHF,373.0,372.56,32209,-1.1800000000000068,AU2103.SHF,372.78,372.64,25,1.400000000000034,AU2202.SHF,379.1,379.1,362,6.32000000000005,0.01836231519278622,0.018208397818399502,54729.0,32020.0,5555.0,5134.0,37.0,24363.0,16164.0,0.261778233754856,0.44515704653839827,0.5048094940662087,3876.0,-153.0,1.0
2021-02-19,AU2106.SHF,374.5,376.46,370.64,372.46,373.5,374.18,373.64,-1.18,-0.14,162778,6080076.0,124132,8838.0,116,0.7192446027271362,0.6559501162544916,8,AU2104.SHF,371.32,372.5,28764,-1.1399999999999864,AU2103.SHF,370.44,370.96,24,2.019999999999982,AU2202.SHF,378.02,378.4,361,7.579999999999984,0.02216227266187895,0.021938575161189352,56895.0,36060.0,2968.0,4357.0,35.0,24939.0,17987.0,0.22414071324834597,0.4383337727392565,0.4988075429839157,3876.0,0.0,1.0
2021-02-22,AU2106.SHF,372.7,377.82,372.1,376.66,375.24,372.46,373.5,3.16,1.74,176649,6628686.0,125451,1319.0,113,0.7714907127976905,0.6686333765050128,8,AU2104.SHF,375.56,374.32,26170,-1.1000000000000227,AU2103.SHF,375.5,373.52,21,1.160000000000025,AU2202.SHF,382.9,381.28,358,7.399999999999977,0.02134443886884741,0.02113684378889216,56932.0,35195.0,1397.0,-39.0,36.0,25706.0,17048.0,0.235946031022393,0.45152111290662544,0.484386986787896,3876.0,0.0,1.0
2021-02-23,AU2106.SHF,377.1,381.88,377.1,380.66,380.0,376.66,375.24,5.42,4.76,147001,5586179.0,128558,3107.0,112,0.760666069866962,0.6702187003101947,8,AU2104.SHF,379.88,379.1,27456,-0.7800000000000296,AU2103.SHF,380.82,378.5,20,-0.15999999999996817,AU2202.SHF,386.06,385.82,357,5.240000000000009,0.01490302746673326,0.014801427203124261,57147.0,32384.0,2025.0,-2536.0,37.0,26984.0,15938.0,0.2765857635902648,0.47218576653192645,0.4921566205533597,3861.0,-15.0,1.0
2021-02-24,AU2106.SHF,380.66,380.92,377.08,379.6,379.34,380.66,380.0,-0.4,-0.66,132126,5012285.0,126672,-1886.0,111,0.7125806956137182,0.6921929388363998,8,AU2104.SHF,378.38,378.48,22799,-1.2200000000000273,AU2103.SHF,378.74,377.76,19,0.8600000000000136,AU2202.SHF,384.6,384.8,356,5.860000000000014,0.016757892678346722,0.01662957255718375,57874.0,30785.0,967.0,-1599.0,36.0,27090.0,15170.0,0.30554145659211135,0.46808584165601136,0.4927724541172649,3861.0,0.0,1.0
2021-02-25,AU2106.SHF,378.62,379.12,373.8,375.94,376.08,379.6,379.34,-3.4,-3.26,184423,6935973.0,129150,2478.0,110,0.7292992245241758,0.7055102453307404,8,AU2104.SHF,374.94,375.26,21824,-1.0,AU2103.SHF,373.64,375.7,18,2.3000000000000114,AU2202.SHF,380.6,382.28,355,6.960000000000036,0.02017524604365385,0.019989639667511855,58818.0,36221.0,1019.0,5760.0,37.0,26042.0,16966.0,0.2377655488799335,0.44275561902818866,0.4684023080533392,3861.0,0.0,1.0
2021-02-26,AU2106.SHF,374.06,375.18,368.5,369.5,372.18,375.94,376.08,-6.58,-3.9,234128,8713920.0,137827,8677.0,109,0.755644060302286,0.735026371504909,8,AU2108.SHF,370.58,373.48,19089,1.079999999999984,AU2103.SHF,369.84,369.7,17,-0.339999999999975,AU2202.SHF,375.0,379.2,354,5.160000000000025,0.015111194126131093,0.01500674894958727,62682.0,41323.0,3972.0,5232.0,37.0,27282.0,19576.0,0.2053651266766021,0.4352445678185125,0.47373133605982143,3861.0,0.0,1.0
2021-03-01,AU2106.SHF,369.02,370.84,360.2,367.94,365.4,369.5,372.18,-4.24,-6.78,271417,9918008.0,136648,-1179.0,106,0.775800762603829,0.7404910668321258,8,AU2108.SHF,369.8,368.24,20787,1.8600000000000136,AU2103.SHF,369.7,369.7,14,-1.759999999999991,AU2202.SHF,372.7,369.92,351,3.0,0.008788904950601473,0.008753437086227452,61603.0,41072.0,-520.0,7.0,40.0,27586.0,19051.0,0.19996104212320429,0.4478028667435027,0.46384398130112975,3861.0,0.0,1.0
2021-03-02,AU2106.SHF,365.0,366.34,358.44,361.74,362.66,367.94,365.4,-3.66,-2.74,205450,7451228.0,143591,6943.0,105,0.6725393146613243,0.73509747307204,8,AU2108.SHF,363.28,363.64,23260,1.5399999999999636,AU2103.SHF,364.18,364.18,13,-2.4399999999999977,AU2202.SHF,366.12,368.04,350,1.9399999999999977,0.005769638485419865,0.005754325307720225,63205.0,43576.0,2362.0,3360.0,37.0,28589.0,19854.0,0.18382483775203454,0.4523218099833874,0.4556177712502295,3861.0,0.0,1.0
2021-03-03,AU2106.SHF,364.2,365.0,361.66,363.5,363.32,361.74,362.66,0.84,0.66,141168,5129181.0,141477,-2114.0,104,0.7320890529951408,0.7246794756872769,8,AU2108.SHF,364.84,364.68,25389,1.339999999999975,AU2103.SHF,364.18,364.18,12,-0.6800000000000068,AU2202.SHF,368.52,369.04,349,4.339999999999975,0.012907335580784402,0.012831031655838016,61317.0,41571.0,-1567.0,-1446.0,37.0,27877.0,20137.0,0.19191742477256823,0.4546373762578078,0.48440018281975417,3861.0,0.0,1.0
2021-03-04,AU2106.SHF,362.02,362.14,357.26,360.34,359.78,363.5,363.32,-2.98,-3.54,209010,7520118.0,144283,2806.0,103,0.750956615467529,0.7134175888292243,8,AU2108.SHF,361.74,361.18,27041,1.400000000000034,AU2103.SHF,363.0,363.0,11,-2.660000000000025,AU2202.SHF,365.94,365.52,348,2.9399999999999977,0.008772101920200136,0.008736769181373168,63676.0,41033.0,2922.0,-261.0,36.0,28368.0,20216.0,0.21624693197337383,0.4455053709403857,0.4926766261301879,3861.0,0.0,1.0
2021-03-05,AU2106.SHF,360.76,361.84,354.58,356.6,358.48,360.34,359.78,-3.18,-1.3,207121,7425096.0,141913,-2370.0,102,0.7821346978079037,0.7061085984107792,8,AU2108.SHF,357.88,359.84,26155,1.2799999999999727,AU2103.SHF,358.36,358.36,10,-1.759999999999991,AU2202.SHF,361.36,361.92,347,3.0,0.009067022436202212,0.009029280772090422,64533.0,41715.0,1571.0,682.0,35.0,29380.0,20482.0,0.21476168963180484,0.4552709466474517,0.4909984418075033,3861.0,0.0,1.0
2021-03-08,AU2106.SHF,357.72,361.98,355.74,360.36,359.1,356.6,358.48,1.88,0.62,179040,6429530.0,135418,-6495.0,99,0.7601385775422865,0.6961398674734098,8,AU2108.SHF,361.8,360.64,24538,1.4399999999999977,AU2103.SHF,358.36,358.36,7,2.0,AU2202.SHF,366.8,366.28,344,8.439999999999998,0.02550855645384867,0.025212805692344943,63647.0,38270.0,-807.0,-3445.0,35.0,28662.0,18993.0,0.24899673263537977,0.45032758810313134,0.49628952181865693,3861.0,0.0,1.0
2021-03-09,AU2106.SHF,358.64,359.5,355.42,359.04,357.52,360.36,359.1,-0.06,-1.58,150596,5384195.0,134384,-1034.0,98,0.7445700809358298,0.6991155967121008,8,AU2108.SHF,360.6,359.04,23883,1.5600000000000023,AU2103.SHF,352.82,352.82,6,6.220000000000027,AU2202.SHF,364.28,363.3,343,11.45999999999998,0.03517988258065531,0.034620619149690376,63292.0,35802.0,-355.0,-2153.0,36.0,29349.0,16682.0,0.2774133650876945,0.4637078935726474,0.4659516228143679,3861.0,0.0,1.0
2021-03-10,AU2106.SHF,360.54,364.86,360.38,362.9,363.02,359.04,357.52,5.38,5.5,172143,6249156.0,132288,-2096.0,97,0.7430205455801105,0.6996329634761638,8,AU2108.SHF,364.14,364.34,23796,1.240000000000009,AU2103.SHF,358.66,356.86,5,4.239999999999952,AU2202.SHF,367.6,368.76,342,8.939999999999998,0.026997126296513137,0.026666148296313495,61446.0,31756.0,-1666.0,-1540.0,35.0,28370.0,15749.0,0.3185553958069569,0.46170621358591285,0.4959377755384809,3861.0,0.0,1.0
2021-03-11,AU2106.SHF,362.28,366.96,362.16,365.88,364.36,362.9,363.02,2.86,1.34,146580,5340831.0,132572,284.0,96,0.7410328353681657,0.7050389555136012,8,AU2108.SHF,367.34,365.7,23332,1.4599999999999795,AU2103.SHF,365.0,365.0,4,0.8799999999999955,AU2202.SHF,370.86,370.44,341,5.860000000000014,0.017388724035608403,0.01725061409677187,62030.0,30418.0,584.0,-764.0,34.0,27873.0,15427.0,0.3419435790931118,0.449347090117685,0.5071668091261753,3861.0,0.0,1.0
2021-03-12,AU2106.SHF,366.12,366.3,360.4,360.76,363.18,365.88,364.36,-3.6,-1.18,151813,5513728.0,136810,4238.0,95,0.7122421979094338,0.7083756187477994,8,AU2108.SHF,361.9,364.46,24008,1.1399999999999864,AU2103.SHF,365.0,365.0,3,-4.240000000000009,AU2202.SHF,366.0,367.62,340,1.0,0.002967359050445212,0.0029633015842413014,63897.0,33124.0,1891.0,3428.0,32.0,29551.0,16422.0,0.31717875511487204,0.4624786766201856,0.49577345731191885,3861.0,0.0,1.0
2021-03-15,AU2106.SHF,360.12,366.16,358.5,363.86,362.02,360.76,363.18,0.68,-1.16,158017,5720846.0,133153,-3657.0,92,0.7569459081415624,0.7070684006223549,8,AU2108.SHF,365.36,363.16,24789,1.5,AU2104.SHF,362.84,360.98,31,1.0200000000000387,AU2202.SHF,368.88,368.28,337,6.0400000000000205,0.019856066484948406,0.019692611390107657,62040.0,33252.0,-1840.0,245.0,33.0,28271.0,16440.0,0.30210300969651177,0.45568987749838813,0.4944063514976543,3861.0,0.0,1.0
2021-03-16,AU2106.SHF,365.22,366.22,363.2,364.56,364.96,363.86,362.02,2.54,2.94,117957,4305144.0,131515,-1638.0,91,0.7347697712662581,0.7046339803796553,7,AU2108.SHF,366.04,366.3,25678,1.4800000000000182,AU2104.SHF,363.78,364.1,30,0.7800000000000296,AU2202.SHF,370.96,369.62,336,7.180000000000007,0.023542743100135516,0.023313421671900383,61232.0,31115.0,-808.0,-2137.0,34.0,27608.0,15341.0,0.32612862356113353,0.45087535928926054,0.4930419411859232,3861.0,0.0,1.0
2021-03-17,AU2106.SHF,365.0,367.56,364.62,366.2,365.76,364.56,364.96,1.24,0.8,126259,4618265.0,129360,-2155.0,90,0.7374812357260094,0.6894309636364605,7,AU2108.SHF,367.24,366.92,27736,1.0400000000000205,AU2104.SHF,365.28,364.78,29,0.9200000000000159,AU2202.SHF,370.4,370.48,335,5.1200000000000045,0.016719200455770123,0.016603110446231206,60028.0,29566.0,-1204.0,-1036.0,33.0,27086.0,14438.0,0.3400004464584682,0.45122276271073497,0.48833119123317326,3861.0,0.0,1.0
2021-03-18,AU2106.SHF,365.1,369.96,363.6,369.24,366.96,366.2,365.76,3.48,1.2,157390,5775791.0,132863,3503.0,89,0.7639512476883424,0.6828158967216738,7,AU2108.SHF,370.42,368.4,29331,1.1800000000000068,AU2104.SHF,368.36,366.32,28,0.8799999999999955,AU2202.SHF,372.9,371.72,334,4.539999999999964,0.014701269076784037,0.014611410820383062,63094.0,30791.0,4864.0,1641.0,35.0,29345.0,15078.0,0.34406987271662137,0.46509969252226835,0.48968854535416195,3852.0,-9.0,1.0
2021-03-19,AU2106.SHF,365.8,368.68,363.02,367.66,365.38,369.24,366.96,0.7,-1.58,169281,6185481.0,128668,-4195.0,88,0.7628844143202221,0.6678189018472095,7,AU2108.SHF,368.56,366.46,30415,0.8999999999999773,AU2104.SHF,366.3,364.44,27,1.3600000000000136,AU2202.SHF,372.0,370.38,333,5.699999999999989,0.01856134209075381,0.01841840633417617,62504.0,28493.0,-288.0,-2298.0,35.0,28738.0,14173.0,0.37375957449146674,0.45977857417125306,0.49742041905029305,3852.0,0.0,1.0
2021-03-22,AU2106.SHF,367.22,368.36,365.02,365.7,366.76,367.66,365.38,0.32,1.38,143322,5256757.0,122918,-5750.0,85,0.7797163421520785,0.6556046253626899,8,AU2108.SHF,366.88,367.74,30937,1.1800000000000068,AU2104.SHF,364.36,365.68,24,1.339999999999975,AU2204.SHF,370.66,371.08,389,6.300000000000011,0.01729059172247238,0.017142810492555158,60407.0,26729.0,-2049.0,-1068.0,38.0,27566.0,13556.0,0.386499265515975,0.45633784164086943,0.5071645029742976,3852.0,0.0,1.0
2021-03-23,AU2106.SHF,365.8,367.5,364.9,366.8,366.16,365.7,366.76,0.04,-0.6,102751,3762478.0,120510,-2408.0,84,0.7635959631991202,0.6491666576886198,8,AU2108.SHF,367.72,367.22,32210,0.9200000000000159,AU2104.SHF,365.7,365.2,23,1.1000000000000227,AU2204.SHF,370.84,370.12,388,5.139999999999986,0.014055236532676929,0.013957377583445993,59301.0,26015.0,-913.0,-326.0,38.0,26493.0,13023.0,0.39014956162970604,0.44675469216370717,0.5005958101095522,3852.0,0.0,1.0
2021-03-24,AU2106.SHF,367.0,367.36,364.12,366.24,365.52,366.8,366.16,0.08,-0.64,131233,4796860.0,121185,675.0,83,0.7896231580594114,0.6421894375377571,8,AU2108.SHF,367.16,366.5,33162,0.9200000000000159,AU2104.SHF,365.2,364.52,22,1.0400000000000205,AU2204.SHF,371.8,370.78,387,6.600000000000023,0.01807228915662651,0.017910926566530243,60302.0,25977.0,1001.0,169.0,37.0,27221.0,13084.0,0.3978372489249991,0.4514112301416205,0.5036763290603226,3852.0,0.0,1.0
2021-03-25,AU2106.SHF,366.54,368.72,365.78,367.22,367.16,366.24,365.52,1.7,1.64,105658,3879383.0,121302,117.0,82,0.7821593811303994,0.6342654563707856,8,AU2108.SHF,368.12,368.04,34074,0.8999999999999773,AU2104.SHF,366.96,366.2,21,0.26000000000004775,AU2204.SHF,370.78,370.78,386,3.819999999999993,0.010409853935033686,0.010356044515529598,61115.0,25524.0,1541.0,-322.0,37.0,27258.0,12499.0,0.4107965235055806,0.4460116174425264,0.4896959724181163,3852.0,0.0,1.0
2021-03-26,AU2106.SHF,366.5,370.6,365.12,366.24,367.68,367.22,367.16,-0.92,0.52,176151,6476821.0,122172,870.0,81,0.8331685767395222,0.6354718237331863,8,AU2108.SHF,367.3,368.68,34333,1.0600000000000023,AU2104.SHF,364.84,365.72,20,1.400000000000034,AU2204.SHF,370.78,370.78,385,5.939999999999998,0.0162811095274642,0.016149993492488683,60662.0,24350.0,-338.0,-895.0,39.0,27974.0,12339.0,0.42713969792499884,0.4611453628301078,0.506735112936345,3852.0,0.0,1.0
2021-03-29,AU2106.SHF,365.88,368.4,365.36,366.44,366.74,366.24,367.68,-1.24,-0.94,117453,4307568.0,122257,85.0,78,0.8287855373737801,0.6309159497773213,8,AU2108.SHF,367.26,367.58,34716,0.8199999999999932,AU2104.SHF,364.54,365.1,17,1.8999999999999773,AU2204.SHF,370.78,370.78,382,6.239999999999952,0.017117463104185937,0.0169726100076587,60026.0,23614.0,-538.0,-640.0,39.0,27875.0,11943.0,0.4353419416547107,0.4643821010895279,0.5057592953332769,3852.0,0.0,1.0
2021-03-30,AU2106.SHF,366.58,367.22,361.32,361.5,363.46,366.44,366.74,-5.24,-3.28,172559,6272009.0,130818,8561.0,77,0.8366699798783,0.6490147050068464,8,AU2108.SHF,362.6,364.54,33779,1.1000000000000227,AU2104.SHF,359.58,362.48,16,1.920000000000016,AU2204.SHF,369.42,369.42,381,9.840000000000032,0.027365259469380957,0.02699752445302489,61698.0,31430.0,1804.0,9023.0,35.0,28344.0,14827.0,0.3250150330727601,0.45939900807157447,0.4717467387846007,3852.0,0.0,1.0
2021-03-31,AU2106.SHF,357.62,358.84,355.88,357.38,357.54,361.5,363.46,-6.08,-5.92,152998,5470489.154,135675,4857.0,76,0.8045666326605736,0.65725732223654,8,AU2108.SHF,358.44,358.56,32692,1.0600000000000023,AU2104.SHF,354.3,355.36,15,3.079999999999984,AU2204.SHF,365.1,365.1,380,10.800000000000011,0.030482641828958545,0.030027276790164897,60708.0,35280.0,-927.0,4384.0,35.0,29054.0,17109.0,0.26490811351418925,0.4785860183171905,0.48494897959183675,3852.0,0.0,1.0
2021-04-01,AU2106.SHF,357.46,365.52,357.36,364.98,361.78,357.38,357.54,7.44,4.24,168693,6103165.188,128041,-7634.0,75,0.8206788516830209,0.6421378348829978,8,AU2108.SHF,366.12,362.44,31279,1.1399999999999864,AU2104.SHF,363.24,361.08,14,1.740000000000009,AU2204.SHF,368.5,368.5,379,5.259999999999991,0.0144807840546195,0.01437693880776367,59066.0,30492.0,-752.0,-2994.0,38.0,28201.0,14470.0,0.31905580740972334,0.4774489554058172,0.4745507018234291,3852.0,0.0,1.0
2021-04-02,AU2106.SHF,365.8,370.0,365.64,369.98,367.84,364.98,361.78,8.2,6.06,133687,4917783.46,129113,1072.0,74,0.8277576545617783,0.6452230317931497,8,AU2108.SHF,370.96,368.66,29707,0.9799999999999613,AU2104.SHF,368.28,366.66,13,1.7000000000000455,AU2204.SHF,374.42,374.42,378,6.140000000000043,0.016672097317258716,0.01653464356047731,60332.0,28906.0,1266.0,-1063.0,38.0,27682.0,13905.0,0.352159393980143,0.45882781939932377,0.4810419982010655,3852.0,0.0,1.0
2021-04-06,AU2106.SHF,367.38,369.18,366.5,367.3,368.34,369.98,367.84,-0.54,0.5,63847,2351816.17,131597,2484.0,70,0.8245663881391174,0.6480631531256463,8,AU2108.SHF,368.28,369.44,29250,0.9799999999999613,AU2104.SHF,367.0,366.9,9,0.30000000000001137,AU2204.SHF,374.42,374.42,374,7.420000000000016,0.02021798365122618,0.020016313925552063,63347.0,28013.0,3015.0,0.0,39.0,29466.0,13758.0,0.3867556917688266,0.46515225661830867,0.49112911862349623,3852.0,0.0,1.0
2021-04-07,AU2106.SHF,368.36,370.2,367.9,369.1,369.0,367.3,368.34,0.76,0.66,115028,4244630.266,132516,919.0,69,0.8180234253326412,0.6444735165524587,8,AU2108.SHF,370.18,370.06,29756,1.079999999999984,AU2104.SHF,367.38,366.76,8,1.7200000000000273,AU2204.SHF,374.42,374.42,373,7.0400000000000205,0.019162719799662442,0.018981427262204167,64725.0,27952.0,1410.0,386.0,38.0,28860.0,13283.0,0.396786689254076,0.4458864426419467,0.4752074985689754,3852.0,0.0,1.0
2021-04-08,AU2106.SHF,368.92,371.5,367.5,370.08,369.08,369.1,369.0,1.08,0.08,134886,4978612.444,136015,3499.0,68,0.8093872260758946,0.6477861017578785,8,AU2108.SHF,371.04,370.12,29419,0.9600000000000364,AU2104.SHF,367.64,366.24,7,2.4399999999999977,AU2204.SHF,375.0,373.44,372,7.360000000000014,0.020019584376020028,0.01982182748050208,67798.0,28894.0,3086.0,1743.0,38.0,29627.0,13981.0,0.4023497290365284,0.4369892917195197,0.4838720841697238,3852.0,0.0,1.0
2021-04-09,AU2106.SHF,370.88,373.96,370.88,371.96,372.72,370.08,369.08,2.88,3.64,152545,5685874.522,138525,2510.0,67,0.8155960114417088,0.6474280479711351,8,AU2108.SHF,372.9,373.76,29997,0.9399999999999977,AU2104.SHF,369.1,369.42,6,2.859999999999957,AU2204.SHF,377.44,377.32,371,8.339999999999975,0.022595502573828252,0.022344005623412034,70401.0,28670.0,2734.0,120.0,38.0,30904.0,14238.0,0.4212231631859979,0.4389710373432196,0.4966166724799442,3852.0,0.0,1.0
2021-04-12,AU2106.SHF,369.72,370.96,367.76,369.18,369.48,371.96,372.72,-3.54,-3.24,148270,5478439.158,128696,-9829.0,64,0.8015374468867241,0.6247439295527141,8,AU2108.SHF,370.52,370.38,30770,1.339999999999975,AU2104.SHF,366.9,366.9,3,2.2800000000000296,AU2204.SHF,373.5,373.5,368,6.600000000000023,0.017988552739166108,0.017828673211635754,65593.0,25850.0,-4146.0,-2443.0,36.0,28278.0,12132.0,0.43462047395645376,0.4311130760904365,0.46932301740812377,3852.0,0.0,1.0
2021-04-13,AU2106.SHF,369.02,369.02,365.54,365.8,367.08,369.18,369.48,-3.68,-2.4,137766,5057355.516,123476,-5220.0,63,0.7817264643965659,0.6090722544493113,8,AU2108.SHF,366.72,367.98,31216,0.9200000000000159,AU2104.SHF,366.9,366.9,2,-1.099999999999966,AU2204.SHF,372.8,372.8,367,5.900000000000034,0.016080675933497046,0.015952751450199934,63366.0,26426.0,-1539.0,1097.0,35.0,27292.0,12846.0,0.4113952245188881,0.43070416311586657,0.48611216226443654,3852.0,0.0,1.0
2021-04-14,AU2106.SHF,367.88,370.56,367.88,369.54,369.44,365.8,367.08,2.46,2.36,128655,4753096.754,118943,-4533.0,62,0.7750908203654503,0.5913560973669557,8,AU2108.SHF,370.56,370.42,32015,1.0199999999999818,AU2104.SHF,366.9,366.9,1,2.640000000000043,AU2204.SHF,373.26,373.4,366,6.360000000000014,0.017334423548651,0.017185896393747187,63391.0,25888.0,25.0,-95.0,37.0,27510.0,13063.0,0.42006518890220546,0.4339732769636068,0.5045967243510506,3852.0,0.0,1.0
2021-04-15,AU2106.SHF,369.38,369.6,366.3,369.54,367.62,369.54,369.44,0.1,-1.82,142833,5250853.812,119190,247.0,61,0.7732070936728596,0.5845254500782212,8,AU2108.SHF,370.3,368.6,33368,0.7599999999999909,AU2105.SHF,368.58,366.86,32,0.9600000000000364,AU2204.SHF,373.48,373.02,365,4.900000000000034,0.014571791390935118,0.014475780757716043,64437.0,27352.0,1956.0,2178.0,39.0,27698.0,13986.0,0.40402444737386833,0.4298462063721154,0.5113337233109096,3852.0,0.0,1.0
2021-04-16,AU2106.SHF,369.12,374.08,368.92,372.86,372.38,369.54,367.62,5.24,4.76,152801,5690247.122,125219,6029.0,60,0.7991224354247403,0.5887533206385029,8,AU2108.SHF,373.6,373.12,35195,0.7400000000000091,AU2105.SHF,371.56,371.14,31,1.3000000000000114,AU2204.SHF,376.0,375.3,364,4.439999999999998,0.013097929450604721,0.013020289723002086,69964.0,29507.0,5904.0,2367.0,36.0,30177.0,14873.0,0.40672155703672425,0.4313218226516494,0.5040498864676178,3852.0,0.0,1.0
2021-04-19,AU2106.SHF,376.5,377.36,374.4,375.5,375.72,372.86,372.38,3.12,3.34,140592,5282329.554,123785,-1434.0,57,0.7573775790551096,0.5752492041731533,8,AU2108.SHF,376.52,376.4,36280,1.0199999999999818,AU2105.SHF,375.06,373.8,28,0.4399999999999977,AU2204.SHF,380.84,380.56,361,5.779999999999973,0.01689179180780518,0.016762955194251725,67622.0,28888.0,-2043.0,-341.0,39.0,29649.0,14833.0,0.4013470106724692,0.4384519830824288,0.51346579894766,3852.0,0.0,1.0
2021-04-20,AU2106.SHF,374.2,374.48,371.42,372.1,372.98,375.5,375.72,-3.62,-2.74,128949,4809554.59,118776,-5009.0,56,0.7490110885867134,0.5549709842913345,8,AU2108.SHF,372.94,373.78,37098,0.839999999999975,AU2105.SHF,370.2,372.1,27,1.900000000000034,AU2204.SHF,378.4,377.7,360,8.199999999999989,0.02427873578602909,0.024013752309276288,65223.0,28727.0,-1956.0,339.0,38.0,28690.0,14895.0,0.3884619478445982,0.4398755040399859,0.5185017579280816,3849.0,-3.0,1.0
2021-04-21,AU2106.SHF,372.16,376.06,371.58,375.98,374.16,372.1,372.98,3.0,1.18,129375,4840907.194,120414,1638.0,55,0.7599208213899723,0.5507157557740682,8,AU2108.SHF,376.66,375.02,38688,0.6800000000000068,AU2105.SHF,372.1,372.1,26,3.8799999999999955,AU2204.SHF,377.7,377.7,359,5.599999999999966,0.016495936947428413,0.016373038869458012,65654.0,29414.0,808.0,805.0,38.0,28506.0,14813.0,0.38120082467286576,0.4341852743168733,0.5036037261168151,3849.0,0.0,1.0
2021-04-22,AU2106.SHF,375.58,378.1,375.02,376.4,376.7,375.98,374.16,2.24,2.54,140175,5280490.678,117927,-2487.0,54,0.7936710150835712,0.541123296471344,8,AU2108.SHF,376.96,377.42,39159,0.5600000000000023,AU2105.SHF,374.5,374.98,25,1.8999999999999773,AU2204.SHF,382.68,380.94,358,8.180000000000007,0.023941431418066976,0.02368370770640462,65649.0,27954.0,243.0,-1405.0,37.0,28449.0,13326.0,0.4027114515560399,0.43335008911026823,0.47671174071689204,3600.0,-249.0,1.0
2021-04-23,AU2106.SHF,374.98,376.16,373.7,375.2,375.04,376.4,376.7,-1.5,-1.66,132908,4984687.56,114736,-3191.0,53,0.7645772930185466,0.5304852393832212,8,AU2108.SHF,376.06,375.84,39910,0.8600000000000136,AU2105.SHF,373.16,372.7,24,2.0399999999999636,AU2204.SHF,380.0,380.0,357,6.839999999999975,0.02009137447019316,0.019909457294594472,64510.0,26701.0,-1139.0,-1210.0,40.0,27969.0,12430.0,0.41452237120522745,0.4335606882653852,0.46552563574397965,3600.0,0.0,1.0
2021-04-26,AU2106.SHF,376.7,377.48,371.9,373.14,373.98,375.2,375.04,-1.9,-1.06,162815,6088974.95,110942,-3794.0,50,0.7929855493159426,0.5212753960944988,8,AU2108.SHF,374.16,374.98,39188,1.0200000000000387,AU2105.SHF,371.34,374.42,21,1.8000000000000114,AU2204.SHF,378.98,378.88,354,7.640000000000043,0.022551231147127246,0.022322378725772817,61386.0,26022.0,-3124.0,-184.0,37.0,26743.0,11816.0,0.4045853926414058,0.435653080506956,0.4540773191914534,3600.0,0.0,1.0
2021-04-27,AU2106.SHF,373.1,374.48,372.02,373.48,373.3,373.14,373.98,-0.5,-0.68,121133,4521919.024,110532,-410.0,49,0.7642557003873865,0.5164443406144142,8,AU2108.SHF,374.6,374.12,39712,1.1200000000000045,AU2105.SHF,372.44,371.88,20,1.0400000000000205,AU2204.SHF,378.88,378.88,353,6.439999999999998,0.018953009501822687,0.01879101246507158,61435.0,26919.0,49.0,1415.0,39.0,27264.0,12241.0,0.39065577110260996,0.44378611540652724,0.45473457409264834,3600.0,0.0,1.0
2021-04-28,AU2106.SHF,374.1,375.04,370.86,371.4,372.8,373.48,373.3,-1.9,-0.5,151022,5630321.58,106097,-4435.0,48,0.7377002735443533,0.4992659030803836,8,AU2108.SHF,372.4,373.72,40045,1.0,AU2105.SHF,373.22,373.16,19,-1.82000000000005,AU2204.SHF,378.28,378.28,352,5.059999999999945,0.01486052796271963,0.014760692118092496,58907.0,26892.0,-2378.0,258.0,39.0,26192.0,11477.0,0.3731395470809683,0.4446330656798004,0.4267811988695523,3600.0,0.0,1.0
2021-04-29,AU2106.SHF,371.42,375.18,370.7,372.68,373.02,371.4,372.8,-0.12,0.22,138559,5168765.48,101949,-4148.0,47,0.7298533013774395,0.4863886185378142,8,AU2108.SHF,373.6,374.0,40130,0.9200000000000159,AU2105.SHF,373.16,373.8,18,-0.4800000000000182,AU2204.SHF,376.64,376.42,351,3.4799999999999613,0.010221927362027984,0.01017455802519607,57711.0,25730.0,-932.0,-746.0,39.0,25908.0,11421.0,0.3832768063661749,0.44892654779851326,0.4438787407695297,3600.0,0.0,1.0
2021-04-30,AU2106.SHF,373.18,373.18,367.82,370.76,370.08,372.68,373.02,-2.26,-2.94,156690,5798843.356,94403,-7546.0,46,0.7428178628994027,0.46564038315461337,8,AU2108.SHF,371.88,371.08,40672,1.1200000000000045,AU2105.SHF,369.22,369.32,17,1.5399999999999636,AU2204.SHF,375.24,373.9,350,6.019999999999982,0.01787145468419508,0.017727325387670568,52855.0,23832.0,-4856.0,-1729.0,38.0,22473.0,11036.0,0.3784604952599528,0.4251821019771072,0.46307485733467607,3600.0,0.0,1.0
2021-05-06,AU2106.SHF,373.5,376.66,373.08,376.28,375.18,370.76,370.08,6.2,5.1,69253,2598291.618,94003,-400.0,40,0.6683297787128092,0.4562787288674455,8,AU2108.SHF,376.96,376.06,41442,0.6800000000000068,AU2105.SHF,369.32,369.32,11,6.9599999999999795,AU2204.SHF,379.0,378.72,344,9.680000000000007,0.028729043133895408,0.02835899635126049,55243.0,24809.0,2410.0,984.0,37.0,23602.0,11573.0,0.38017788437515615,0.4272396502724327,0.4664839372808255,3600.0,0.0,1.0
2021-05-07,AU2106.SHF,376.28,381.22,375.48,380.4,379.42,376.28,375.18,5.22,4.24,156474,5936938.378,92635,-1368.0,39,0.7018219004817137,0.440540052121973,8,AU2112.SHF,382.82,382.0,46167,2.420000000000016,AU2105.SHF,375.1,375.1,10,5.2999999999999545,AU2204.SHF,382.96,382.0,343,7.859999999999957,0.022968049361010993,0.022730718074144975,56013.0,24801.0,1110.0,399.0,36.0,23011.0,11597.0,0.38622020936966367,0.41081534643743417,0.46760211281803155,3600.0,0.0,1.0
2021-05-10,AU2106.SHF,383.8,384.22,380.36,381.76,381.88,380.4,379.42,2.34,2.46,161755,6177144.604,89242,-3393.0,36,0.6909358848404596,0.42158122484457966,8,AU2112.SHF,384.16,384.38,49613,2.400000000000034,AU2105.SHF,375.1,375.1,7,6.659999999999968,AU2204.SHF,387.68,387.26,340,12.579999999999984,0.03676056755235643,0.03615757955806756,53567.0,24964.0,-2267.0,487.0,37.0,21724.0,11168.0,0.36422559244120156,0.40554819198387065,0.4473642044544144,3600.0,0.0,1.0
2021-05-11,AU2106.SHF,382.68,383.34,380.56,381.54,382.08,381.76,381.88,-0.34,0.2,126642,4838762.932,83496,-5746.0,35,0.6642957181298881,0.39047659132679546,8,AU2112.SHF,383.6,384.12,54871,2.0600000000000023,AU2105.SHF,380.0,380.0,6,1.5400000000000205,AU2204.SHF,385.32,385.78,339,5.319999999999993,0.01534534534534536,0.015238920080125746,50343.0,25095.0,-3084.0,164.0,38.0,19643.0,11422.0,0.33468543704764175,0.390183342272014,0.45515042837218567,3600.0,0.0,1.0
2021-05-12,AU2106.SHF,380.0,382.6,378.36,382.44,380.8,381.54,382.08,0.36,-1.28,136685,5205086.028,78686,-4810.0,34,0.6836711216037774,0.3676091343997608,8,AU2112.SHF,384.24,383.0,59018,1.8000000000000114,AU2105.SHF,380.0,380.0,5,2.4399999999999977,AU2204.SHF,385.9,385.28,338,5.899999999999977,0.0170183341235972,0.01688756989623623,48354.0,25877.0,-1965.0,972.0,37.0,19138.0,12048.0,0.3027980223895677,0.39578938660710594,0.4655872009892955,3600.0,0.0,1.0
2021-05-13,AU2106.SHF,383.5,384.44,379.5,380.68,381.52,382.44,380.8,-0.12,0.72,154721,5902974.014,74562,-4124.0,33,0.6488124192763809,0.34169210041518877,8,AU2112.SHF,382.68,383.3,64294,2.0,AU2105.SHF,380.0,380.0,4,0.6800000000000068,AU2204.SHF,384.7,385.1,337,4.699999999999989,0.013556978030662246,0.013473823780190889,44419.0,26016.0,-3718.0,534.0,36.0,17375.0,12278.0,0.2612763540853269,0.3911614399243567,0.471940344403444,3600.0,0.0,1.0
2021-05-14,AU2106.SHF,379.8,383.48,379.64,382.96,381.22,380.68,381.52,1.44,-0.3,135687,5172789.368,77192,2630.0,32,0.6726468736522226,0.33348021808064837,8,AU2112.SHF,385.0,383.38,70352,2.0400000000000205,AU2105.SHF,380.0,380.0,3,2.9599999999999795,AU2204.SHF,386.0,384.76,336,6.0,0.017306780464675257,0.017171569404521927,45339.0,31566.0,1236.0,5727.0,37.0,17475.0,15906.0,0.17909108640530524,0.38542976245616356,0.503896597605018,3600.0,0.0,1.0
2021-05-17,AU2112.SHF,385.5,389.96,384.86,389.3,387.86,385.0,383.38,5.92,4.48,31419,1218630.608,78131,7779.0,212,0.1504345119819971,0.3220953865053943,8,AU2106.SHF,387.3,385.68,76304,-2.0,AU2106.SHF,387.3,385.68,29,2.0,AU2204.SHF,391.68,390.52,333,4.3799999999999955,0.013578315463329157,0.013502110452526429,,,,,,,,,,,3576.0,-24.0,1.0
2021-05-18,AU2112.SHF,388.42,393.66,387.5,391.88,391.4,389.3,387.86,4.02,3.54,37639,1473225.79,87339,9208.0,211,0.16078515132745252,0.35127819427909523,8,AU2106.SHF,389.96,389.46,70070,-1.920000000000016,AU2106.SHF,389.96,389.46,28,1.920000000000016,AU2206.SHF,394.96,393.38,393,5.0,0.012821827879782477,0.012740324189536608,,,,,,,,,,,3576.0,0.0,1.0
2021-05-19,AU2112.SHF,391.5,392.68,389.8,392.52,391.34,391.88,391.4,1.12,-0.06,46368,1814584.912,96480,9141.0,210,0.20446157305947146,0.39080506329113923,8,AU2106.SHF,390.3,389.02,57758,-2.2199999999999704,AU2106.SHF,390.3,389.02,27,2.2199999999999704,AU2206.SHF,394.02,393.48,392,3.7199999999999704,0.009531129900076873,0.00948599524436699,,,,,,,,,,,3576.0,0.0,1.0
2021-05-20,AU2112.SHF,391.96,396.2,390.04,392.34,393.06,392.52,391.34,1.0,1.72,74323,2921442.516,103213,6733.0,209,0.22582478017003021,0.41698684152051746,8,AU2108.SHF,390.92,391.72,54705,-1.419999999999959,AU2106.SHF,390.4,391.24,26,1.9399999999999977,AU2206.SHF,395.06,395.66,391,4.660000000000025,0.011936475409836111,0.011865797560917116,,,,,,,,,,,3528.0,-48.0,1.0
2021-05-21,AU2112.SHF,392.42,395.12,391.62,392.36,392.8,392.34,393.06,-0.7,-0.26,48663,1911579.164,108275,5062.0,208,0.23676029133440693,0.4397668656837659,8,AU2108.SHF,390.52,391.42,54407,-1.8400000000000318,AU2106.SHF,390.4,390.82,25,1.9600000000000364,AU2206.SHF,393.84,395.12,390,3.4399999999999977,0.008811475409836067,0.00877288091100773,,,,,,,,,,,3528.0,0.0,1.0
2021-05-24,AU2112.SHF,395.22,395.98,391.0,394.0,393.94,392.36,392.8,1.2,1.14,78844,3106004.592,114173,5898.0,205,0.289096015781407,0.46567391854081525,8,AU2108.SHF,391.26,392.16,53394,-2.740000000000009,AU2106.SHF,391.66,391.5,22,2.339999999999975,AU2206.SHF,395.9,396.34,387,4.239999999999952,0.010825716182403022,0.010767537623394524,,,,,,,,,,,3528.0,0.0,1.0
2021-05-25,AU2112.SHF,393.76,394.1,390.26,392.48,392.08,394.0,393.94,-1.46,-1.86,68927,2702562.216,119002,4829.0,204,0.2971042604182831,0.49581274425658506,8,AU2108.SHF,390.84,390.48,54499,-1.6400000000000432,AU2106.SHF,389.82,389.66,21,2.660000000000025,AU2206.SHF,395.22,393.54,386,5.400000000000034,0.013852547329536778,0.013757477760162043,,,,,,,,,,,3528.0,0.0,1.0
2021-05-26,AU2112.SHF,392.48,397.78,391.54,396.42,395.42,392.48,392.08,4.34,3.34,97972,3874087.484,129776,10774.0,203,0.35054349770650406,0.5201151037617128,8,AU2108.SHF,394.54,393.34,58011,-1.8799999999999955,AU2106.SHF,393.4,392.26,20,3.0200000000000387,AU2206.SHF,398.7,398.24,385,5.300000000000011,0.013472292831723465,0.01338234843235067,,,,,,,,,,,3528.0,0.0,1.0
2021-05-27,AU2112.SHF,396.92,397.0,392.6,394.28,394.68,396.42,395.42,-1.14,-0.74,102430,4042717.148,134818,5042.0,202,0.464067922545102,0.5346123190273575,8,AU2108.SHF,391.6,393.02,60861,-2.67999999999995,AU2106.SHF,390.96,391.76,19,3.319999999999993,AU2206.SHF,397.0,397.08,384,6.0400000000000205,0.01544915080826681,0.015331027725291012,,,,,,,,,,,3528.0,0.0,1.0
2021-05-28,AU2112.SHF,394.42,394.42,391.1,391.38,392.68,394.28,394.68,-3.3,-2.0,144120,5659436.928,137711,2893.0,201,0.6077653280254374,0.5494001763365874,8,AU2108.SHF,389.32,390.8,62176,-2.0600000000000023,AU2106.SHF,388.32,389.64,18,3.0600000000000023,AU2206.SHF,394.2,395.14,383,5.8799999999999955,0.01514215080346104,0.015028652740328557,,,,,,,,,,,3528.0,0.0,1.0
2021-05-31,AU2112.SHF,392.28,395.58,391.76,394.38,393.8,391.38,392.68,1.7,1.12,150667,5933523.136,145278,7567.0,198,0.6866665451330337,0.5641469722504835,8,AU2108.SHF,392.4,391.9,63448,-1.9800000000000182,AU2106.SHF,390.7,390.36,15,3.680000000000007,AU2206.SHF,396.84,396.5,380,6.139999999999986,0.01571538264653194,0.015593174720676896,,,,,,,,,,,3528.0,0.0,1.0
2021-06-01,AU2112.SHF,394.56,397.28,393.68,396.9,395.54,394.38,393.8,3.1,1.74,110920,4387375.398,152911,7633.0,197,0.7160101733865242,0.5749376788326108,8,AU2108.SHF,395.0,393.64,64271,-1.8999999999999773,AU2106.SHF,392.68,391.56,14,4.21999999999997,AU2206.SHF,398.9,398.34,379,6.21999999999997,0.01583986961393502,0.015715728087040304,,,,,,,,,,,3525.0,-3.0,1.0
2021-06-02,AU2112.SHF,396.9,397.12,389.1,389.98,393.2,396.9,395.54,-5.56,-2.34,178012,6999643.828,153130,219.0,196,0.6892476865296008,0.5697648459592202,8,AU2108.SHF,388.4,391.38,67018,-1.580000000000041,AU2106.SHF,386.1,389.04,13,3.8799999999999955,AU2206.SHF,392.58,395.62,378,6.479999999999961,0.016783216783216703,0.016643934839511633,,,,,,,,,,,3525.0,0.0,1.0
2021-06-03,AU2112.SHF,390.96,392.42,386.74,387.5,390.44,389.98,393.2,-5.7,-2.76,142308,5556377.158,156168,3038.0,195,0.7016952161178663,0.5772348407843427,8,AU2108.SHF,385.96,388.9,66627,-1.5400000000000205,AU2106.SHF,384.54,387.32,12,2.9599999999999795,AU2206.SHF,391.0,393.62,377,6.4599999999999795,0.016799292661361598,0.016659745241175267,,,,,,,,,,,3525.0,0.0,1.0
2021-06-04,AU2112.SHF,382.74,384.6,370.1,382.62,379.5,387.5,390.44,-7.82,-10.94,212575,8067569.318,155341,-827.0,194,0.6939615631967773,0.5836442400538028,8,AU2108.SHF,381.42,378.2,63682,-1.1999999999999886,AU2106.SHF,380.92,376.24,11,1.6999999999999886,AU2206.SHF,386.0,383.24,376,5.079999999999984,0.013336133571353548,0.013247990138985583,,,,,,,,,,,3525.0,0.0,1.0
2021-06-07,AU2112.SHF,385.88,386.94,384.14,385.32,385.5,382.62,379.5,5.82,6.0,120489,4645069.268,159073,3732.0,191,0.6624897593375597,0.594905606749641,8,AU2108.SHF,383.06,384.24,61788,-2.259999999999991,AU2106.SHF,383.6,383.54,8,1.7199999999999704,AU2206.SHF,388.8,389.3,373,5.199999999999989,0.013555787278414888,0.01346472957700073,,,,,,,,,,,3525.0,0.0,1.0
2021-06-08,AU2112.SHF,385.5,390.78,385.4,387.9,388.22,385.32,385.5,2.4,2.72,108998,4231570.016,158963,-110.0,190,0.6847898473330402,0.5944808861696796,8,AU2108.SHF,386.0,386.78,61227,-1.8999999999999773,AU2106.SHF,385.26,385.36,7,2.6399999999999864,AU2206.SHF,391.56,391.3,372,6.300000000000011,0.016352593054041353,0.016220329359217488,,,,,,,,,,,3525.0,0.0,1.0
2021-06-09,AU2112.SHF,387.46,388.8,385.96,387.7,387.76,387.9,388.22,-0.52,-0.46,93176,3613172.8,160266,1303.0,189,0.6193689052560208,0.5964295948405152,8,AU2108.SHF,386.24,386.32,60816,-1.4599999999999795,AU2106.SHF,385.56,385.9,6,2.1399999999999864,AU2206.SHF,390.9,390.84,371,5.339999999999975,0.013849984438219609,0.013754949883141604,,,,,,,,,,,3525.0,0.0,1.0
2021-06-10,AU2112.SHF,388.22,389.16,384.88,386.46,387.2,387.7,387.76,-1.3,-0.56,117279,4541219.752,161767,1501.0,188,0.6410650253629526,0.6031850791235999,8,AU2108.SHF,384.62,385.76,57826,-1.839999999999975,AU2106.SHF,386.16,385.62,5,0.2999999999999545,AU2206.SHF,390.88,390.56,370,4.71999999999997,0.012222912782266393,0.012148816157192852,,,,,,,,,,,3525.0,0.0,1.0
2021-06-11,AU2112.SHF,387.94,391.32,387.28,389.92,389.08,386.46,387.2,2.72,1.88,107043,4165036.112,161262,-505.0,187,0.5774216343638237,0.6321297954991788,8,AU2108.SHF,388.52,387.64,48707,-1.400000000000034,AU2106.SHF,386.0,387.32,4,3.920000000000016,AU2206.SHF,393.06,392.3,369,7.060000000000002,0.018290155440414457,0.018124902507009072,,,,,,,,,,,3525.0,0.0,1.0
2021-06-15,AU2112.SHF,383.46,384.88,380.12,382.66,382.04,389.92,389.08,-6.42,-7.04,87850,3356269.028,166011,4749.0,183,0.6361286304950724,0.6388158831429198,8,AU2108.SHF,381.52,380.72,49320,-1.1400000000000432,AU2107.SHF,380.56,380.46,30,2.1000000000000227,AU2206.SHF,385.78,386.12,365,5.21999999999997,0.014944982884609888,0.014843413239715924,,,,,,,,,,,3525.0,0.0,1.0
2021-06-16,AU2112.SHF,382.08,383.4,379.72,382.24,381.52,382.66,382.04,0.2,-0.52,101316,3865437.194,168335,2324.0,182,0.6558179276060276,0.6411906983830727,8,AU2108.SHF,381.08,380.48,50353,-1.160000000000025,AU2107.SHF,379.68,380.14,29,2.5600000000000023,AU2206.SHF,385.32,385.1,364,5.639999999999986,0.016184878389342672,0.016065845667817328,,,,,,,,,,,3525.0,0.0,1.0
2021-06-17,AU2112.SHF,381.84,384.0,374.38,375.66,378.62,382.24,381.52,-5.86,-2.9,149885,5674996.842,173596,5261.0,181,0.6624400031821517,0.6451248471695238,8,AU2108.SHF,375.4,377.04,51636,-0.26000000000004775,AU2107.SHF,374.66,376.76,28,1.0,AU2206.SHF,378.28,381.56,363,3.6199999999999477,0.010527355747818268,0.01047682284106116,,,,,,,,,,,3525.0,0.0,1.0
2021-06-18,AU2112.SHF,370.22,372.5,369.5,371.62,371.14,375.66,378.62,-7.0,-7.48,167921,6232366.274,172151,-1445.0,180,0.6359584008725818,0.6476029613133304,8,AU2108.SHF,370.7,370.22,51604,-0.9200000000000159,AU2107.SHF,371.52,371.02,27,0.10000000000002274,AU2206.SHF,373.64,374.1,362,2.1200000000000045,0.006217298520318263,0.006199626867818671,,,,,,,,,,,3264.0,-261.0,1.0
2021-06-21,AU2112.SHF,370.92,372.3,368.7,371.94,370.48,371.62,371.14,0.8,-0.66,161977,6001178.048,172811,660.0,177,0.6339385305409986,0.651743151098238,8,AU2108.SHF,371.16,369.7,51947,-0.7799999999999727,AU2107.SHF,371.52,369.52,24,0.4200000000000159,AU2206.SHF,373.48,373.3,359,1.9600000000000364,0.005748068443313375,0.005732959235111984,,,,,,,,,,,3252.0,-12.0,1.0
2021-06-22,AU2112.SHF,371.28,374.66,371.12,373.44,373.32,371.94,370.48,2.96,2.84,122215,4562584.024,166974,-5837.0,176,0.6748481501932634,0.6516211111284557,8,AU2108.SHF,372.38,372.28,50596,-1.0600000000000023,AU2107.SHF,372.62,372.16,23,0.8199999999999932,AU2206.SHF,375.4,375.48,358,2.7799999999999727,0.008128804744459756,0.008098631505890285,48598.0,23070.0,-1916.0,-1256.0,21.0,33589.0,13184.0,0.35619802422280517,0.691160130046504,0.5714781100996966,3252.0,0.0,1.0
2021-06-23,AU2112.SHF,371.98,374.42,371.58,374.02,373.16,373.44,373.32,0.7,-0.16,76440,2852438.674,165722,-1252.0,175,0.6795814404210488,0.6502574002574003,8,AU2108.SHF,372.98,372.16,49886,-1.0399999999999636,AU2107.SHF,372.2,372.34,22,1.8199999999999932,AU2206.SHF,376.4,375.88,357,4.199999999999989,0.012294786144505883,0.012225934861558482,71220.0,33979.0,-47.0,-597.0,38.0,33485.0,15868.0,0.35400526620975487,0.47016287559674247,0.46699432002118957,3252.0,0.0,1.0
2021-06-24,AU2112.SHF,373.88,376.16,371.8,371.94,373.72,374.02,373.16,-1.22,0.56,117978,4409209.802,168221,2499.0,174,0.7285200874387127,0.6541771502125227,8,AU2108.SHF,370.82,372.88,48901,-1.1200000000000045,AU2107.SHF,371.04,372.18,21,0.8999999999999773,AU2206.SHF,374.9,376.12,356,3.859999999999957,0.011334820078134503,0.011276266673568184,74360.0,34925.0,3140.0,2199.0,37.0,37008.0,16552.0,0.36084549572219426,0.49768692845615925,0.47392984967788115,3252.0,0.0,1.0
2021-06-25,AU2112.SHF,373.0,373.9,370.5,371.4,372.22,371.94,373.72,-2.32,-1.5,99429,3701006.086,168791,570.0,173,0.6990129497616737,0.6582752891807779,8,AU2108.SHF,370.38,371.32,47211,-1.0199999999999818,AU2107.SHF,369.74,372.18,20,1.6599999999999682,AU2206.SHF,373.64,374.6,355,3.8999999999999773,0.011492545386875355,0.01143235684873794,74784.0,35143.0,424.0,576.0,38.0,37324.0,16693.0,0.3606120425373202,0.49909071459135645,0.4750021341376661,3252.0,0.0,1.0
2021-06-28,AU2112.SHF,372.44,373.62,369.62,372.16,371.94,371.4,372.22,-0.06,-0.28,125440,4665798.346,167239,-1552.0,170,0.6951664209791295,0.6587817742780498,8,AU2108.SHF,371.06,370.94,43146,-1.1000000000000227,AU2107.SHF,370.48,370.96,17,1.6800000000000068,AU2206.SHF,374.2,374.88,352,3.7199999999999704,0.010940224380150488,0.010885663757118783,78429.0,34775.0,4127.0,-184.0,36.0,40506.0,16526.0,0.38562241616903997,0.5164671231304747,0.47522645578720346,3252.0,0.0,1.0
2021-06-29,AU2112.SHF,371.88,372.64,370.42,370.8,371.42,372.16,371.94,-1.14,-0.52,86764,3222729.66,170436,3197.0,169,0.7133144243022157,0.6648903591756165,8,AU2110.SHF,370.42,371.06,41011,-0.37999999999999545,AU2107.SHF,369.48,369.26,16,1.3199999999999932,AU2206.SHF,373.32,373.62,351,3.839999999999975,0.01132369978622642,0.011265260821477274,79289.0,37146.0,860.0,2494.0,37.0,40926.0,16570.0,0.36194443251599606,0.5161623932701888,0.4460776395843429,3252.0,0.0,1.0
2021-06-30,AU2112.SHF,367.46,369.54,366.12,367.5,367.4,370.8,371.42,-3.92,-4.02,128592,4724574.144,174865,4429.0,168,0.6859447262718238,0.6706643552432747,8,AU2110.SHF,367.14,366.98,42178,-0.36000000000001364,AU2107.SHF,365.8,364.84,15,1.6999999999999886,AU2206.SHF,369.48,369.62,350,3.680000000000007,0.010961050406795974,0.010906282552806134,80906.0,40091.0,2933.0,3144.0,36.0,41320.0,18349.0,0.33732241295238724,0.510716139717697,0.45768376942455913,3252.0,0.0,1.0
2021-07-01,AU2112.SHF,367.5,372.38,366.76,371.78,369.62,367.5,367.4,4.38,2.22,122028,4510576.276,169955,-4910.0,167,0.7253985804472661,0.6676343380616979,8,AU2110.SHF,371.3,368.98,41914,-0.47999999999996135,AU2107.SHF,368.68,368.68,14,3.099999999999966,AU2206.SHF,374.2,371.88,349,5.519999999999982,0.016313139736923454,0.01619222230090115,81600.0,37401.0,694.0,-2019.0,38.0,41532.0,18967.0,0.37141704691557215,0.5089705882352941,0.5071254779283977,3252.0,0.0,1.0
2021-07-02,AU2112.SHF,371.8,373.2,370.12,372.64,371.96,371.78,369.62,3.02,2.34,103477,3849099.046,167139,-2816.0,166,0.7223878304699008,0.6721939134596436,8,AU2110.SHF,372.24,371.52,40370,-0.39999999999997726,AU2107.SHF,368.72,367.98,13,3.919999999999959,AU2206.SHF,375.1,374.72,348,6.3799999999999955,0.018852634203683254,0.01869138706444751,81602.0,35118.0,2.0,-2055.0,36.0,41956.0,17514.0,0.39825222755311857,0.5141540648513517,0.49871860584315736,3252.0,0.0,1.0
2021-07-05,AU2112.SHF,374.6,375.98,372.64,373.88,373.94,372.64,371.96,1.92,1.98,133466,4990918.862,165679,-1460.0,163,0.7439825189248247,0.6744349822516039,8,AU2110.SHF,373.42,373.44,39719,-0.45999999999997954,AU2107.SHF,373.0,373.0,10,0.8799999999999955,AU2206.SHF,376.14,377.06,345,3.1399999999999864,0.009172101956704462,0.009133710828634565,80542.0,35195.0,-1060.0,291.0,37.0,41326.0,17111.0,0.3918107433232242,0.5130987559285839,0.48617701378036654,3252.0,0.0,1.0
2021-07-06,AU2112.SHF,374.5,377.8,372.28,377.46,375.36,373.88,373.94,3.52,1.42,91273,3426162.78,167119,1440.0,162,0.7403775176631867,0.6818011211109932,8,AU2110.SHF,377.04,375.08,40019,-0.4199999999999591,AU2107.SHF,373.14,373.26,9,4.319999999999993,AU2206.SHF,379.98,377.14,344,6.840000000000032,0.019972496418054653,0.019791646046500123,82495.0,32783.0,2149.0,-1830.0,36.0,42693.0,16948.0,0.4312357952081056,0.5175222740772168,0.5169752615684958,3252.0,0.0,1.0
2021-07-07,AU2112.SHF,378.38,379.02,375.38,377.3,377.32,377.46,375.36,1.94,1.96,145870,5504253.448,163935,-3184.0,161,0.7356768206576558,0.6777366197299555,8,AU2110.SHF,376.7,376.88,40394,-0.6000000000000227,AU2107.SHF,373.26,373.26,8,4.0400000000000205,AU2206.SHF,379.6,379.76,343,6.340000000000032,0.018506566988238472,0.01835115291936765,81423.0,29521.0,-1072.0,-3085.0,35.0,41659.0,15695.0,0.4678216036919527,0.5116367611117252,0.5316554317265675,3252.0,0.0,1.0
2021-07-08,AU2112.SHF,377.3,378.44,376.06,376.62,377.18,377.3,377.32,-0.7,-0.14,122603,4624581.966,164844,909.0,160,0.7836511112105388,0.6831297890239405,8,AU2110.SHF,376.2,376.62,40246,-0.4200000000000159,AU2107.SHF,373.26,373.26,7,3.3600000000000136,AU2206.SHF,379.12,379.34,342,5.860000000000014,0.017105438888182497,0.016972554373395708,81564.0,30304.0,219.0,872.0,34.0,41651.0,16319.0,0.45821861479600956,0.5106542101907704,0.538509767687434,3252.0,0.0,1.0
2021-07-09,AU2112.SHF,380.0,380.76,376.18,377.78,378.36,376.62,377.18,0.6,1.18,147647,5586478.832,166341,1497.0,159,0.7654982190722585,0.6883835457705678,8,AU2110.SHF,377.18,377.94,40058,-0.5999999999999659,AU2107.SHF,377.0,377.0,6,0.7799999999999727,AU2206.SHF,380.0,381.6,341,3.0,0.008670176966625793,0.00863586216248825,82426.0,30077.0,1494.0,-172.0,35.0,41826.0,15761.0,0.46531203612348115,0.5074369737704123,0.5240216776939189,3252.0,0.0,1.0
2021-07-12,AU2112.SHF,378.08,379.96,376.5,377.0,378.32,377.78,378.36,-1.36,-0.04,108697,4112385.716,169146,2805.0,156,0.802612438990172,0.6951786382149742,8,AU2110.SHF,376.46,377.66,39672,-0.5400000000000205,AU2107.SHF,377.0,377.0,3,0.0,AU2206.SHF,379.0,380.16,338,2.0,0.005780117977750609,0.005764840109139473,82293.0,33090.0,-133.0,3275.0,36.0,41838.0,17245.0,0.42643197004758066,0.5084029018264008,0.5211544273194318,3252.0,0.0,1.0
2021-07-13,AU2112.SHF,377.18,379.14,374.98,378.8,377.7,377.0,378.32,0.48,-0.62,117478,4437281.062,167895,-1251.0,155,0.7853909973993676,0.6954045602336032,8,AU2110.SHF,378.28,376.96,39177,-0.5200000000000387,AU2107.SHF,370.0,367.5,2,8.800000000000011,AU2206.SHF,381.02,380.28,337,11.019999999999982,0.032450988301734554,0.03197711780713979,82978.0,31122.0,685.0,-1861.0,35.0,42869.0,16746.0,0.45447852760736196,0.5166309142182265,0.5380759591285907,3252.0,0.0,1.0
2021-07-14,AU2112.SHF,377.28,380.06,376.82,379.5,379.0,378.8,377.7,1.8,1.3,120729,4575824.364,170881,2986.0,154,0.7972226074209077,0.7052368315703892,8,AU2110.SHF,378.8,378.44,38718,-0.6999999999999886,AU2107.SHF,367.5,367.5,1,12.0,AU2206.SHF,381.68,381.64,336,14.180000000000007,0.04204041019392822,0.04124962248525506,85916.0,31394.0,3008.0,1257.0,37.0,44165.0,16583.0,0.46476856192992927,0.5140486056147865,0.5282219532394725,3252.0,0.0,1.0
2021-07-15,AU2112.SHF,381.5,382.66,379.96,382.48,381.34,379.5,379.0,3.48,2.34,115976,4422696.074,174985,4104.0,153,0.769449199209161,0.7181552907957433,8,AU2110.SHF,381.92,380.46,38614,-0.5600000000000023,AU2108.SHF,380.98,379.74,32,1.5,AU2206.SHF,384.68,383.68,335,3.6999999999999886,0.011699028058089575,0.01164258392676932,87911.0,32358.0,2430.0,1433.0,35.0,45006.0,16844.0,0.46190622687475574,0.511949585376119,0.520551331973546,3252.0,0.0,1.0
2021-07-16,AU2112.SHF,381.28,383.08,380.08,381.48,381.5,382.48,381.34,0.14,0.16,103066,3931983.612,172415,-2570.0,152,0.8074804722694474,0.7225898653434308,8,AU2110.SHF,380.82,380.86,38512,-0.660000000000025,AU2108.SHF,380.06,380.24,31,1.420000000000016,AU2208.SHF,384.62,384.62,395,4.560000000000002,0.012031067390747337,0.011959464545779385,87118.0,31135.0,-793.0,-1052.0,36.0,43780.0,16221.0,0.47341716489222263,0.5025367891824881,0.5209892404046893,3252.0,0.0,1.0
2021-07-19,AU2112.SHF,381.48,382.3,377.8,377.84,380.02,381.48,381.5,-3.66,-1.48,141541,5378866.192,169375,-3040.0,149,0.7752909922493358,0.7296212215851573,8,AU2110.SHF,377.26,379.52,37681,-0.5799999999999841,AU2108.SHF,376.48,378.78,28,1.3599999999999568,AU2208.SHF,384.62,384.62,392,8.139999999999986,0.021680733737151018,0.021449675136900638,86638.0,31457.0,-470.0,655.0,34.0,43611.0,16058.0,0.46725940979719716,0.5033703455758444,0.510474616142671,3252.0,0.0,1.0
2021-07-20,AU2112.SHF,379.52,381.38,378.12,380.68,379.98,377.84,380.02,0.66,-0.04,124603,4734803.664,170397,1022.0,148,0.8123386444832712,0.736648019575123,8,AU2110.SHF,380.18,379.22,37528,-0.5,AU2108.SHF,379.16,378.52,27,1.5199999999999818,AU2208.SHF,383.0,385.48,391,3.839999999999975,0.010155473811977586,0.010104392863925404,87902.0,30599.0,1658.0,-801.0,35.0,45649.0,15801.0,0.483565539531312,0.5193169666219198,0.5163894244909965,3222.0,-30.0,1.0
2021-07-21,AU2112.SHF,382.52,382.54,377.54,379.28,379.56,380.68,379.98,-0.7,-0.42,147174,5586331.768,167582,-2815.0,147,0.7840916355887054,0.7380581173092338,8,AU2110.SHF,378.78,379.18,36447,-0.5,AU2108.SHF,377.94,378.18,26,1.339999999999975,AU2208.SHF,385.28,385.28,390,7.339999999999975,0.01947442672160877,0.01928773292240584,85666.0,30690.0,-2236.0,91.0,35.0,44387.0,16104.0,0.4724810065660559,0.518140218990031,0.524731182795699,3222.0,0.0,1.0
2021-07-22,AU2112.SHF,376.5,377.6,375.66,376.3,376.56,379.28,379.56,-3.26,-3.0,130983,4932453.274,169102,1520.0,146,0.7803853578322728,0.7455864975926351,8,AU2110.SHF,375.78,376.04,35642,-0.5200000000000387,AU2108.SHF,375.12,375.34,25,1.1800000000000068,AU2208.SHF,385.28,385.28,389,10.159999999999968,0.02715907466387314,0.026797786492199993,84500.0,32825.0,-864.0,2407.0,35.0,43688.0,16935.0,0.4404432132963989,0.51701775147929,0.5159177456207159,3222.0,0.0,1.0
2021-07-23,AU2112.SHF,376.52,378.28,375.16,378.02,377.06,376.3,376.56,1.46,0.5,111409,4200815.172,167275,-1827.0,145,0.7860095950331593,0.7490573810867209,8,AU2110.SHF,377.5,376.22,34657,-0.5199999999999818,AU2108.SHF,376.7,375.4,24,1.3199999999999932,AU2208.SHF,381.34,381.42,388,4.639999999999986,0.012351333296382315,0.01227588349582594,82362.0,31904.0,-1373.0,-233.0,36.0,43097.0,16888.0,0.4415836731836242,0.523263155338627,0.5293380140421263,3222.0,0.0,1.0
2021-07-26,AU2112.SHF,377.26,379.54,376.0,379.04,377.66,378.02,377.06,1.98,0.6,111773,4221227.038,167615,340.0,142,0.7648193892283586,0.7615471290061699,8,AU2110.SHF,378.4,376.92,29556,-0.6400000000000432,AU2108.SHF,377.76,376.74,21,1.2800000000000296,AU2208.SHF,382.0,381.78,385,4.240000000000009,0.011254892925795094,0.011192198827804745,84929.0,31160.0,2849.0,-293.0,34.0,44813.0,16433.0,0.46317049849684294,0.5276525097434327,0.527374839537869,3222.0,0.0,1.0
2021-07-27,AU2112.SHF,378.54,378.54,375.36,375.84,376.7,379.04,377.66,-1.82,-0.96,110121,4148378.87,169626,2011.0,141,0.7880984756315752,0.7658231562789227,8,AU2110.SHF,375.2,376.22,28831,-0.6399999999999864,AU2108.SHF,374.62,375.78,20,1.2199999999999704,AU2208.SHF,379.5,379.5,384,4.8799999999999955,0.013062320734094817,0.012977974061256939,83223.0,34834.0,-377.0,3999.0,34.0,43234.0,17594.0,0.4098782791363494,0.5194958124556913,0.505081242464259,3222.0,0.0,1.0
2021-07-28,AU2112.SHF,378.6,380.66,377.52,379.9,379.12,375.84,376.7,3.2,2.42,142958,5419955.584,172518,2892.0,140,0.8033875826102594,0.7729197188209835,8,AU2110.SHF,379.44,378.38,28364,-0.45999999999997954,AU2108.SHF,378.34,377.84,19,1.5600000000000023,AU2208.SHF,383.38,381.9,383,5.0400000000000205,0.013357948284205143,0.013269757672970946,90905.0,33203.0,8393.0,725.0,34.0,48677.0,16602.0,0.46493376736390885,0.535471096199329,0.5000150588802217,3222.0,0.0,1.0
2021-07-29,AU2112.SHF,378.7,381.8,377.24,381.16,379.46,379.9,379.12,2.04,0.34,127838,4851178.19,172910,392.0,139,0.8183412710605827,0.7712585640879246,8,AU2110.SHF,380.46,378.78,28712,-0.7000000000000455,AU2108.SHF,379.78,378.24,18,1.3800000000000523,AU2208.SHF,383.66,382.12,382,3.8800000000000523,0.010244508243349848,0.010192530752709438,91735.0,32376.0,1638.0,-321.0,35.0,47399.0,16386.0,0.4782734809968496,0.516694827492233,0.5061156412157154,3222.0,0.0,1.0
2021-07-30,AU2112.SHF,381.9,383.12,381.22,382.5,382.1,381.16,379.46,3.04,2.64,105481,4030562.748,174179,1269.0,138,0.7957166889205725,0.7734894709262565,8,AU2110.SHF,381.7,381.42,28656,-0.8000000000000114,AU2108.SHF,380.5,380.52,17,2.0,AU2208.SHF,382.74,382.74,381,2.240000000000009,0.0059031638532295256,0.005885855812541509,93437.0,33040.0,2584.0,851.0,35.0,48398.0,17008.0,0.47753346458249324,0.5179746781253679,0.514769975786925,3222.0,0.0,1.0
2021-08-02,AU2112.SHF,381.4,382.1,377.6,377.84,379.48,382.5,382.1,-4.26,-2.62,139682,5300929.646,163558,-10621.0,135,0.8105918605393423,0.7602539788784769,8,AU2110.SHF,377.24,379.0,28458,-0.5999999999999659,AU2108.SHF,376.66,377.94,14,1.17999999999995,AU2208.SHF,381.3,382.02,378,4.639999999999986,0.01235264496561158,0.012277179204326054,84871.0,31755.0,-6382.0,-503.0,33.0,43006.0,16058.0,0.45543875293673797,0.5067219662782341,0.5056841442292552,3222.0,0.0,1.0
2021-08-03,AU2112.SHF,377.44,380.1,377.32,377.82,378.48,377.84,379.48,-1.66,-1.0,98232,3717919.206,161628,-1930.0,134,0.8227411303561258,0.759134098285199,8,AU2110.SHF,377.36,377.84,27979,-0.45999999999997954,AU2108.SHF,376.4,377.36,13,1.420000000000016,AU2208.SHF,382.02,382.02,377,5.6200000000000045,0.014971943571837362,0.014861271357703366,83250.0,31082.0,-1275.0,-366.0,37.0,42503.0,16205.0,0.4562852044921807,0.5105465465465465,0.5213628466636638,3222.0,0.0,1.0
2021-08-04,AU2112.SHF,378.5,379.12,377.9,378.66,378.52,377.82,378.48,0.18,0.04,81068,3068737.896,161151,-477.0,133,0.7888678051865907,0.7582006549232159,8,AU2110.SHF,378.18,378.02,27735,-0.4800000000000182,AU2108.SHF,377.78,377.4,12,0.8800000000000523,AU2208.SHF,382.3,381.14,376,4.520000000000039,0.011997505379897248,0.011926299892920707,82957.0,30216.0,-190.0,-122.0,38.0,42689.0,16440.0,0.4660210474229719,0.5145918970068831,0.5440826052422557,3222.0,0.0,1.0
2021-08-05,AU2112.SHF,381.26,382.36,377.0,378.04,379.5,378.66,378.52,-0.48,0.98,151677,5756168.318,164130,2979.0,132,0.8235795577950566,0.7672064020342912,8,AU2110.SHF,377.56,379.0,27171,-0.4800000000000182,AU2108.SHF,376.9,376.88,11,1.1400000000000432,AU2208.SHF,381.2,382.46,375,4.300000000000011,0.011440204793879463,0.011375437088020326,84169.0,31519.0,1362.0,1303.0,36.0,41333.0,16557.0,0.45510338150888596,0.49107153465052455,0.5253021986738158,3222.0,0.0,1.0
2021-08-06,AU2112.SHF,377.78,378.38,375.6,375.9,376.5,378.04,379.5,-3.6,-3.0,117978,4441878.97,169075,4945.0,131,0.79994304428307,0.7699085626855613,8,AU2110.SHF,375.34,376.0,26871,-0.5600000000000023,AU2108.SHF,375.0,375.36,10,0.8999999999999773,AU2208.SHF,380.02,380.02,374,5.019999999999982,0.013423443223443214,0.013334389517996951,84839.0,34408.0,840.0,3281.0,35.0,42282.0,16744.0,0.4229121068035255,0.4983792831127194,0.48663101604278075,3222.0,0.0,1.0
2021-08-09,AU2112.SHF,371.52,371.64,362.1,365.6,367.46,375.9,376.5,-10.9,-9.04,216464,7954493.166,178597,9522.0,128,0.7951628426381022,0.775046217138096,8,AU2110.SHF,364.98,366.84,27448,-0.6200000000000045,AU2108.SHF,364.32,365.74,7,1.2800000000000296,AU2208.SHF,369.02,370.86,371,4.699999999999989,0.012936188207927406,0.012853455745554979,89312.0,40337.0,4680.0,7121.0,35.0,45849.0,19031.0,0.37775069611026696,0.5133576675026872,0.4718000842898579,3222.0,0.0,1.0
2021-08-10,AU2112.SHF,364.88,365.94,362.16,363.92,364.0,365.6,367.46,-3.54,-3.46,140271,5105993.758,182514,3917.0,127,0.7711222891069515,0.7828112132857535,8,AU2110.SHF,363.44,363.6,25318,-0.4800000000000182,AU2108.SHF,363.4,362.66,6,0.5200000000000387,AU2208.SHF,367.18,367.8,370,3.7800000000000296,0.010430337411625391,0.010376463737763585,90855.0,45621.0,1588.0,5470.0,35.0,46167.0,22226.0,0.3314428910577684,0.5081393429090308,0.48718791784485216,3222.0,0.0,1.0
2021-08-11,AU2112.SHF,362.82,364.18,360.8,363.52,362.64,363.92,364.0,-0.48,-1.36,128875,4673655.842,181145,-1369.0,126,0.7958931604137718,0.7753499122544194,8,AU2110.SHF,362.9,362.12,25551,-0.6200000000000045,AU2108.SHF,362.1,361.52,5,1.419999999999959,AU2208.SHF,367.84,367.2,369,5.739999999999952,0.015895523973402798,0.015770852057130854,89693.0,45081.0,-1162.0,95.0,34.0,44932.0,22551.0,0.3310134002107231,0.5009532516472858,0.500232914087975,3222.0,0.0,1.0
2021-08-12,AU2112.SHF,365.3,367.8,364.58,367.16,366.14,363.52,362.64,4.52,3.5,125076,4579747.806,177641,-3504.0,125,0.7989268947015425,0.7720869788203183,8,AU2110.SHF,366.58,365.58,25223,-0.5800000000000409,AU2108.SHF,365.58,365.58,4,1.580000000000041,AU2208.SHF,369.74,369.72,368,4.160000000000025,0.011410439770853424,0.011346007387588336,87904.0,43680.0,-1408.0,-524.0,35.0,44026.0,21916.0,0.33608949416342415,0.5008418274481252,0.5017399267399267,3222.0,0.0,1.0
2021-08-13,AU2112.SHF,366.34,368.48,365.12,368.04,366.96,367.16,366.14,1.9,0.82,101361,3719567.876,176218,-1423.0,124,0.7616832613188051,0.7692556182227732,8,AU2110.SHF,367.6,366.34,24924,-0.4399999999999977,AU2108.SHF,366.74,366.74,3,1.3000000000000114,AU2208.SHF,371.62,370.92,367,4.8799999999999955,0.013342985748504564,0.013254991729424051,87128.0,43083.0,-635.0,-457.0,33.0,43952.0,21541.0,0.33825867246238794,0.5044532182536039,0.4999883944943481,3222.0,0.0,1.0
2021-08-16,AU2112.SHF,369.0,372.98,369.0,371.24,371.32,368.04,366.96,4.28,4.36,123664,4592051.466,171907,-4311.0,121,0.8063325639320319,0.7647312650693524,8,AU2110.SHF,370.64,370.66,24622,-0.6000000000000227,AU2109.SHF,370.78,370.1,30,0.4600000000000364,AU2208.SHF,375.3,374.74,364,4.520000000000039,0.013321972485257851,0.013241425562374586,85502.0,41738.0,-1594.0,-1345.0,35.0,42202.0,20749.0,0.34394844388557055,0.49357909756496926,0.4971249221333078,3222.0,0.0,1.0
2021-08-17,AU2112.SHF,372.02,375.46,371.84,375.02,373.72,371.24,371.32,3.7,2.4,106219,3969808.064,171740,-167.0,120,0.8016830823804671,0.7648287440936641,7,AU2110.SHF,374.28,372.88,24274,-0.7400000000000091,AU2109.SHF,373.54,373.14,29,1.4799999999999613,AU2208.SHF,378.46,377.18,363,4.919999999999959,0.014393764273134853,0.01429979634135273,84677.0,40553.0,-563.0,-475.0,35.0,42394.0,20997.0,0.3523436876147888,0.5006554318173766,0.5177668729810372,3222.0,0.0,1.0
2021-08-18,AU2112.SHF,374.46,375.72,373.14,375.4,374.52,375.02,373.72,1.68,0.8,116885,4377700.304,169026,-2714.0,119,0.8067210071157921,0.7608951071616676,8,AU2110.SHF,374.64,373.88,24004,-0.7599999999999909,AU2109.SHF,374.38,373.28,28,1.0199999999999818,AU2208.SHF,378.38,377.54,362,4.0,0.011675990931753777,0.011614056613945985,83068.0,37782.0,-576.0,-2616.0,36.0,41443.0,18841.0,0.37472900289615224,0.4989045119661001,0.4986766184955799,3222.0,0.0,1.0
2021-08-19,AU2112.SHF,374.9,375.14,372.2,374.28,373.68,375.4,374.52,-0.24,-0.84,132639,4956707.192,168500,-526.0,118,0.7732880146450101,0.7592210437149114,8,AU2110.SHF,373.78,372.92,23549,-0.5,AU2109.SHF,371.74,372.36,27,2.5399999999999636,AU2208.SHF,376.9,376.8,361,5.159999999999968,0.015168994877302867,0.015064681164377836,83331.0,38352.0,263.0,676.0,37.0,41428.0,18765.0,0.36964078794901506,0.49714992019776555,0.4892834793491865,3204.0,-18.0,1.0
2021-08-20,AU2112.SHF,374.88,376.16,372.7,375.5,374.48,374.28,373.68,1.82,0.8,115068,4309244.026,167847,-653.0,117,0.7774444624614886,0.7592275959398578,7,AU2110.SHF,374.8,373.7,22829,-0.6999999999999886,AU2109.SHF,372.88,373.2,26,2.6200000000000045,AU2208.SHF,378.5,378.02,360,5.6200000000000045,0.01647075940374127,0.016347870050154305,82632.0,37153.0,-396.0,-1136.0,34.0,41201.0,18624.0,0.37967191217598195,0.4986082873463065,0.5012784970258122,3204.0,0.0,1.0
2021-08-23,AU2112.SHF,374.52,375.34,372.34,374.88,374.16,375.5,374.48,0.4,-0.32,131472,4919393.836,166162,-1685.0,114,0.7972928719572099,0.7575890211097434,8,AU2110.SHF,374.16,373.34,22226,-0.7199999999999704,AU2109.SHF,371.18,372.6,23,3.6999999999999886,AU2208.SHF,378.5,378.5,357,7.319999999999993,0.02155127215260741,0.02134152019605071,83637.0,36711.0,1005.0,-132.0,36.0,41927.0,18108.0,0.3899192342207598,0.5012972727381422,0.4932581515077225,3204.0,0.0,1.0
2021-08-24,AU2112.SHF,377.22,378.44,376.24,377.68,377.64,374.88,374.16,3.52,3.48,130830,4940832.364,166060,-102.0,113,0.8111727687013671,0.7565341387966342,8,AU2110.SHF,377.02,376.92,21513,-0.660000000000025,AU2109.SHF,376.04,375.94,22,1.6399999999999864,AU2208.SHF,378.64,378.64,356,2.599999999999966,0.007555891302173798,0.007529889772423527,83734.0,35944.0,458.0,-142.0,35.0,42467.0,18337.0,0.3993215127258143,0.5071655480449997,0.5101546850656576,3204.0,0.0,1.0
2021-08-25,AU2112.SHF,378.4,378.72,375.18,375.54,376.96,377.68,377.64,-2.1,-0.68,117951,4446351.41,164348,-1712.0,112,0.803563034369997,0.7564437734737463,8,AU2110.SHF,375.08,376.66,20600,-0.4600000000000364,AU2109.SHF,374.26,374.56,21,1.2800000000000296,AU2208.SHF,378.9,380.42,355,4.639999999999986,0.013548492178257612,0.013465194209111032,85642.0,35602.0,1908.0,-202.0,35.0,44043.0,18020.0,0.41272145425753026,0.5142686999369468,0.50615133981237,3204.0,0.0,1.0
2021-08-26,AU2112.SHF,376.18,376.36,373.38,373.96,374.54,375.54,376.96,-3.0,-2.42,131542,4926964.41,162352,-1996.0,111,0.7880305526434027,0.7505246905019463,8,AU2110.SHF,373.34,374.04,20221,-0.6200000000000045,AU2109.SHF,372.72,372.92,20,1.2399999999999523,AU2208.SHF,379.3,379.3,354,6.579999999999984,0.01929254819401752,0.019124230937137183,84053.0,36533.0,-1589.0,1156.0,35.0,43338.0,18309.0,0.3940755974988805,0.5156032503301489,0.5011633317822243,3204.0,0.0,1.0
2021-08-27,AU2112.SHF,373.42,378.5,372.1,377.78,375.72,373.96,374.54,3.24,1.18,150179,5642632.992,166528,4176.0,110,0.7949259482749494,0.7523798766575552,8,AU2202.SHF,378.68,376.26,19166,0.9000000000000341,AU2109.SHF,377.32,377.18,19,0.45999999999997954,AU2208.SHF,379.3,379.3,353,1.9800000000000182,0.0057345819333453245,0.005719588153647685,86926.0,37345.0,3539.0,812.0,34.0,44813.0,18575.0,0.39897482115698757,0.5155304511883672,0.4973892087294149,3204.0,0.0,1.0
2021-08-30,AU2112.SHF,377.08,381.16,374.5,379.04,377.9,377.78,375.72,3.32,2.18,203739,7699437.274,165580,-948.0,107,0.797771991307242,0.7502560059447753,8,AU2202.SHF,379.94,378.4,19543,0.8999999999999773,AU2109.SHF,377.88,378.58,16,1.160000000000025,AU2208.SHF,379.86,379.86,350,1.9800000000000182,0.005726083558510234,0.005711134108838838,85719.0,37057.0,-712.0,702.0,36.0,45354.0,18147.0,0.3963478204209292,0.5291008994505302,0.4897050489786005,3204.0,0.0,1.0
2021-08-31,AU2112.SHF,378.86,379.68,377.44,378.84,378.72,379.04,377.9,0.94,0.82,101798,3855417.41,166345,765.0,106,0.7834834141460787,0.7491094628856555,8,AU2202.SHF,379.68,379.42,19935,0.8400000000000318,AU2109.SHF,381.9,379.44,15,-3.0600000000000023,AU2208.SHF,382.4,382.4,349,0.5,0.0014307598471555343,0.001429824057509251,87028.0,37642.0,1476.0,660.0,35.0,45238.0,17781.0,0.3961337932140852,0.5198097164131085,0.4723712873917433,3204.0,0.0,1.0
2021-09-01,AU2112.SHF,377.44,379.4,375.88,379.12,377.78,378.84,378.72,0.4,-0.94,137823,5206938.91,167142,797.0,105,0.7689385063435209,0.7493342419324468,8,AU2202.SHF,379.88,378.58,19836,0.7599999999999909,AU2109.SHF,377.48,378.76,14,1.6399999999999864,AU2208.SHF,382.2,380.9,348,4.71999999999997,0.013664522179546763,0.013579797300478225,88612.0,39386.0,1610.0,1821.0,35.0,46695.0,18112.0,0.38458413412709574,0.5269602311199386,0.45985883308789927,3204.0,0.0,1.0
2021-09-02,AU2112.SHF,379.64,380.82,377.36,378.92,378.66,379.12,377.78,1.14,0.88,104293,3949360.75,164443,-2699.0,104,0.7735893841281144,0.7442947795309092,8,AU2202.SHF,379.56,379.42,19890,0.6399999999999864,AU2109.SHF,378.76,378.76,13,0.160000000000025,AU2208.SHF,380.9,380.9,347,2.1399999999999864,0.006174418509058508,0.006157041152034495,87339.0,38648.0,-1273.0,61.0,33.0,45153.0,18459.0,0.3864763824839071,0.5169855391062412,0.47761850548540674,3204.0,0.0,1.0
2021-09-03,AU2112.SHF,378.48,378.88,376.56,378.54,377.88,378.92,378.66,-0.12,-0.78,102387,3869000.62,163961,-482.0,103,0.7963026334209585,0.7452230746854774,8,AU2202.SHF,379.44,378.54,19428,0.8999999999999773,AU2109.SHF,378.76,378.76,12,-0.21999999999997044,AU2208.SHF,380.9,380.9,346,2.1399999999999864,0.006174418509058508,0.006157041152034495,87479.0,36885.0,248.0,-1763.0,33.0,45342.0,17645.0,0.4068219098774565,0.5183186821980132,0.4783787447471872,3204.0,0.0,1.0
2021-09-06,AU2112.SHF,379.88,382.04,378.88,380.96,380.64,378.54,377.88,3.08,2.76,143744,5471530.07,164582,621.0,100,0.7798018813675177,0.7434534161490683,8,AU2202.SHF,381.8,381.32,19785,0.8400000000000318,AU2109.SHF,378.76,378.76,9,2.1999999999999886,AU2208.SHF,382.02,382.02,343,3.259999999999991,0.009405889878285514,0.009365642250648879,87129.0,36828.0,596.0,316.0,33.0,46199.0,17041.0,0.40579394467436286,0.5302367753560812,0.4627185836863256,3204.0,0.0,1.0
2021-09-07,AU2112.SHF,380.4,381.24,378.84,379.42,380.12,380.96,380.64,-1.22,-0.52,78036,2966323.44,161407,-3175.0,99,0.8118601747815231,0.7439139051481771,8,AU2202.SHF,380.4,380.98,19844,0.9799999999999613,AU2109.SHF,378.76,378.76,8,0.660000000000025,AU2208.SHF,382.02,382.02,342,3.259999999999991,0.009405889878285514,0.009365642250648879,84919.0,37500.0,-2210.0,684.0,34.0,44631.0,18217.0,0.3873500028590333,0.5255714268891531,0.48578666666666664,3204.0,0.0,1.0
2021-09-08,AU2112.SHF,378.04,379.26,374.22,374.96,375.98,379.42,380.12,-5.16,-4.14,167842,6310740.79,159303,-2104.0,98,0.8003414189869011,0.7448590265114322,8,AU2202.SHF,375.78,377.02,19934,0.8199999999999932,AU2109.SHF,378.76,378.76,7,-3.8000000000000114,AU2208.SHF,380.26,380.26,341,1.5,0.004327863440928963,0.004319316199525047,82623.0,38840.0,-1682.0,2277.0,34.0,43240.0,18713.0,0.3604636802977038,0.5233409583287947,0.48179711637487127,3204.0,0.0,1.0
2021-09-09,AU2112.SHF,374.96,375.36,371.88,373.2,373.62,374.96,375.98,-2.78,-2.36,127951,4780658.45,160372,1069.0,97,0.7664168867964084,0.7469759426162695,8,AU2202.SHF,374.0,374.52,20107,0.8000000000000114,AU2109.SHF,378.76,378.76,6,-5.560000000000002,AU2208.SHF,376.3,376.3,340,-2.4599999999999795,-0.00709769604312328,-0.007120845668581751,81968.0,41402.0,140.0,2939.0,35.0,43082.0,19612.0,0.3288157574775067,0.5255953542845989,0.4736969228539684,3204.0,0.0,1.0
2021-09-10,AU2112.SHF,373.52,375.68,372.0,375.5,374.12,373.2,373.62,1.88,0.5,132367,4952316.96,157040,-3332.0,96,0.7512528732370385,0.7408071325801354,8,AU2202.SHF,376.42,374.98,21004,0.9200000000000159,AU2109.SHF,371.0,368.24,5,4.5,AU2208.SHF,376.3,376.3,339,5.300000000000011,0.015611633875106874,0.015501172970251735,79704.0,39703.0,-2264.0,-1699.0,35.0,42365.0,19452.0,0.334997110722152,0.5315291578841714,0.48993778807646776,3204.0,0.0,1.0
2021-09-13,AU2112.SHF,373.08,374.16,371.6,373.3,373.22,375.5,374.12,-0.82,-0.9,127658,4764641.34,157853,813.0,93,0.7679230982085925,0.7370040432902858,8,AU2202.SHF,374.22,374.1,21953,0.9200000000000159,AU2109.SHF,368.24,368.24,2,5.060000000000002,AU2208.SHF,376.84,376.32,336,8.599999999999966,0.02552195196832047,0.025228488188893797,81702.0,40250.0,2105.0,685.0,36.0,42733.0,19933.0,0.3399042246129625,0.5230349318254143,0.4952298136645963,3204.0,0.0,1.0
2021-09-14,AU2112.SHF,372.86,375.0,372.46,373.82,373.8,373.3,373.22,0.6,0.58,98133,3668319.29,157861,8.0,92,0.7678999014038218,0.7391638221260776,8,AU2202.SHF,374.66,374.74,22469,0.8400000000000318,AU2109.SHF,368.24,368.24,1,5.579999999999984,AU2208.SHF,376.54,376.46,335,8.300000000000011,0.024631651318262913,0.024358158929540786,81061.0,40897.0,-522.0,647.0,36.0,42070.0,20560.0,0.32932648944718673,0.5189918703198826,0.502726361346798,3204.0,0.0,1.0
2021-09-15,AU2112.SHF,374.14,376.58,372.92,374.82,375.04,373.82,373.8,1.02,1.24,130531,4895582.13,157109,-752.0,91,0.785886305345166,0.7353672178874499,8,AU2202.SHF,375.86,375.8,23777,1.0400000000000205,AU2110.SHF,374.36,374.06,30,0.45999999999997954,AU2208.SHF,378.9,378.56,334,4.539999999999964,0.014560815370512814,0.014473230619925018,81695.0,39892.0,634.0,-895.0,34.0,42547.0,20511.0,0.3438114272085009,0.5208029867188935,0.5141632407500251,3210.0,6.0,1.0
2021-09-16,AU2112.SHF,374.1,374.46,370.94,371.76,372.94,374.82,375.04,-3.28,-2.1,133143,4965615.05,160777,3668.0,90,0.7682494071214665,0.7363877031310115,7,AU2202.SHF,372.68,373.98,24468,0.9200000000000159,AU2110.SHF,371.14,372.54,29,0.6200000000000045,AU2208.SHF,377.18,377.12,333,6.0400000000000205,0.019539725397991422,0.019382433112926343,80520.0,45143.0,-284.0,5625.0,36.0,41624.0,22486.0,0.28152280305260896,0.5169398907103825,0.49810601865183973,3210.0,0.0,1.0
2021-09-17,AU2112.SHF,367.24,368.3,364.28,367.86,366.42,371.76,372.94,-5.08,-6.52,154250,5652105.75,160573,-204.0,89,0.7570812248764375,0.7318933061068216,7,AU2202.SHF,368.84,367.38,25982,0.9799999999999613,AU2110.SHF,367.38,366.0,28,0.4800000000000182,AU2208.SHF,369.58,370.0,332,2.1999999999999886,0.00718995962877958,0.007168517192259483,78178.0,45855.0,-2139.0,828.0,35.0,39537.0,23646.0,0.2606000016124741,0.505730512420374,0.515668956493294,3210.0,0.0,1.0
2021-09-22,AU2112.SHF,371.08,373.18,371.08,372.52,372.28,367.86,366.42,6.1,5.86,57035,2123308.58,156988,-3585.0,84,0.7646774907155403,0.7253925274237818,7,AU2202.SHF,373.54,373.26,26383,1.0200000000000387,AU2110.SHF,371.9,371.58,23,0.6200000000000045,AU2208.SHF,376.18,375.68,327,4.28000000000003,0.013817735384441344,0.01373882969982399,79579.0,41725.0,1401.0,-3986.0,36.0,40966.0,21204.0,0.3120589593088439,0.5147840510687492,0.5081845416417016,3210.0,0.0,1.0
2021-09-23,AU2112.SHF,371.66,373.92,368.64,369.26,370.8,372.52,372.28,-3.02,-1.48,109003,4042046.81,157597,609.0,83,0.7291853417711358,0.7223752664267871,7,AU2202.SHF,370.22,371.7,27085,0.9600000000000364,AU2110.SHF,368.62,370.0,22,0.6399999999999864,AU2208.SHF,372.96,374.3,326,4.339999999999975,0.014136116497091473,0.01405354717055641,77882.0,44171.0,-1237.0,2805.0,36.0,40100.0,22109.0,0.2761996837439473,0.5148814873783416,0.5005320232731882,3210.0,0.0,1.0
2021-09-24,AU2112.SHF,368.28,368.94,365.2,366.78,366.56,369.26,370.8,-4.02,-4.24,137054,5024095.98,160962,3365.0,82,0.708882889033713,0.7197177682587661,7,AU2202.SHF,367.64,367.54,29464,0.8600000000000136,AU2110.SHF,366.2,365.9,21,0.5799999999999841,AU2208.SHF,369.54,369.3,325,3.340000000000032,0.010950839345770425,0.010901201284894102,78384.0,46523.0,536.0,2577.0,35.0,40529.0,23572.0,0.25507777786673286,0.5170570524596857,0.5066741181781055,3210.0,0.0,1.0
2021-09-27,AU2112.SHF,365.78,368.38,364.4,367.86,366.32,366.78,366.56,1.3,-0.24,118307,4333823.33,158001,-2961.0,79,0.7062851479946987,0.7235836397858573,7,AU2202.SHF,368.72,367.04,29137,0.8600000000000136,AU2110.SHF,367.04,365.8,18,0.8199999999999932,AU2208.SHF,371.46,370.76,322,4.419999999999959,0.014458663619051822,0.014372298613944942,78334.0,45554.0,67.0,-660.0,37.0,40139.0,22812.0,0.2645938266821645,0.5124084050348507,0.500768318918207,3210.0,0.0,1.0
2021-09-28,AU2112.SHF,367.2,368.14,363.94,364.22,366.56,367.86,366.32,-2.1,0.24,112198,4112951.84,159165,1164.0,78,0.7097141483594684,0.7292716676135843,7,AU2202.SHF,365.28,367.64,28378,1.0599999999999454,AU2110.SHF,363.5,365.9,17,0.7200000000000273,AU2208.SHF,368.8,369.48,321,5.300000000000011,0.017506153623398215,0.01737975680505134,78683.0,46177.0,438.0,829.0,38.0,40264.0,23732.0,0.26033958032996957,0.5117242606407991,0.5139355090196418,3210.0,0.0,1.0
2021-09-29,AU2112.SHF,362.6,367.08,362.4,364.48,364.06,364.22,366.56,-2.08,-2.5,129797,4725511.17,155242,-3923.0,77,0.6755862068965517,0.7346890484280867,8,AU2202.SHF,365.34,364.94,26920,0.8599999999999568,AU2110.SHF,363.26,363.18,16,1.2200000000000273,AU2210.SHF,370.2,370.2,383,6.939999999999998,0.019000660233750702,0.018821437652878546,77189.0,44655.0,-1395.0,-1319.0,36.0,40332.0,22820.0,0.26701355832047535,0.5225096840223348,0.5110290001119695,3210.0,0.0,1.0
2021-09-30,AU2112.SHF,364.26,364.64,361.76,362.78,363.32,364.48,364.06,-1.28,-0.74,140055,5088618.04,151679,-3563.0,76,0.6771470427547128,0.7359878499095052,8,AU2202.SHF,363.8,364.32,26142,1.0200000000000387,AU2110.SHF,365.06,362.24,15,-2.2800000000000296,AU2210.SHF,370.14,370.14,382,5.079999999999984,0.013839686835846904,0.013744277704255865,76939.0,41100.0,411.0,-2137.0,34.0,40585.0,20506.0,0.303619990003304,0.5274958083676679,0.4989294403892944,3210.0,0.0,1.0
2021-10-08,AU2112.SHF,366.78,368.28,365.6,367.54,367.7,362.78,363.32,4.22,4.38,56683,2084283.2,147243,-4436.0,68,0.7286856584563172,0.730190924869824,8,AU2202.SHF,368.48,368.58,26536,0.9399999999999977,AU2110.SHF,366.2,366.88,7,1.3400000000000318,AU2210.SHF,370.14,370.14,374,3.9399999999999977,0.010700515047390084,0.010643360426035645,75818.0,38707.0,-962.0,-1614.0,36.0,39880.0,18857.0,0.324042785418031,0.5259964652193411,0.4871728627896763,3210.0,0.0,1.0
2021-10-11,AU2112.SHF,370.88,372.2,365.98,366.16,368.9,367.54,367.7,-1.54,1.2,140192,5171753.59,146727,-516.0,65,0.7221664168302194,0.7165838864225749,8,AU2202.SHF,367.12,369.8,28209,0.9599999999999795,AU2110.SHF,364.06,365.98,4,2.1000000000000227,AU2210.SHF,372.58,374.92,371,8.519999999999982,0.0232752004677492,0.02300702475474255,76371.0,37487.0,889.0,-795.0,35.0,41378.0,18180.0,0.3415131128247466,0.5418025166620838,0.4849681222823912,3210.0,0.0,1.0
2021-10-12,AU2112.SHF,366.16,368.62,365.92,368.22,367.46,366.16,368.9,-0.68,-1.44,83906,3083311.92,145528,-1199.0,64,0.6733866760832403,0.7083895149317302,8,AU2202.SHF,369.12,368.38,28949,0.8999999999999773,AU2110.SHF,366.2,364.88,3,2.0200000000000387,AU2210.SHF,374.84,374.84,370,8.639999999999986,0.02346508883488569,0.023192553530115984,76913.0,37788.0,542.0,899.0,34.0,41529.0,18145.0,0.34110426238655284,0.539947733153043,0.4801788927701916,3210.0,0.0,1.0
2021-10-13,AU2112.SHF,367.4,369.58,367.02,368.1,368.24,368.22,367.46,0.64,0.78,102254,3765417.49,144475,-1053.0,63,0.6855001441337562,0.6977682042761998,8,AU2202.SHF,369.06,369.16,30096,0.9599999999999795,AU2110.SHF,365.8,365.8,2,2.3000000000000114,AU2210.SHF,374.56,374.56,369,8.759999999999991,0.023817008147570987,0.023536301748855272,75121.0,36886.0,-1713.0,-819.0,34.0,40982.0,17139.0,0.3413625934093405,0.5455465182838354,0.4646478338665076,3210.0,0.0,1.0
2021-10-14,AU2112.SHF,367.44,373.9,366.78,373.24,371.88,368.1,368.24,5.0,3.64,181822,6761635.12,143981,-494.0,62,0.7302381621751878,0.6992559711713112,8,AU2202.SHF,374.22,372.66,29847,0.9800000000000182,AU2110.SHF,365.8,365.8,1,7.439999999999998,AU2210.SHF,374.56,374.56,368,8.759999999999991,0.023817008147570987,0.023536301748855272,74401.0,33351.0,1561.0,-2979.0,34.0,38581.0,15045.0,0.3809674066374638,0.5185548581336272,0.451110911217055,3210.0,0.0,1.0
2021-10-15,AU2112.SHF,375.0,375.6,372.3,372.58,373.76,373.24,371.88,0.7,1.88,93779,3505089.3,142299,-1682.0,61,0.6970654258403081,0.6942024177732679,8,AU2202.SHF,373.54,374.78,30032,0.9600000000000364,AU2111.SHF,372.14,372.68,31,0.4399999999999977,AU2210.SHF,378.64,378.94,367,6.5,0.018974074017202885,0.01881027286920079,73818.0,31885.0,-11.0,-1202.0,36.0,38127.0,13598.0,0.39670586454499873,0.5165000406404942,0.42647012701897447,3210.0,0.0,1.0
2021-10-18,AU2112.SHF,368.72,369.98,366.86,367.58,368.66,372.58,373.76,-6.18,-5.1,138360,5100859.63,137562,-4737.0,58,0.7123513360448952,0.6873769525199125,8,AU2202.SHF,368.7,369.84,30282,1.1200000000000045,AU2111.SHF,367.84,368.78,28,-0.2599999999999909,AU2210.SHF,374.44,374.02,364,6.600000000000023,0.01949119958988387,0.0193184022421592,70519.0,32602.0,-2468.0,1291.0,35.0,37262.0,14611.0,0.36769426208046857,0.5283966023341227,0.4481626894055579,3210.0,0.0,1.0
2021-10-19,AU2112.SHF,367.0,368.78,366.88,368.76,367.9,367.58,368.66,0.1,-0.76,94492,3476380.59,137915,353.0,57,0.6483067127723805,0.6909119145546633,8,AU2202.SHF,369.9,369.04,29872,1.1399999999999864,AU2111.SHF,368.78,368.78,27,-0.01999999999998181,AU2210.SHF,373.42,373.76,363,4.640000000000043,0.013667976003243664,0.013582705089173974,70514.0,33339.0,-5.0,865.0,35.0,37043.0,14730.0,0.35795788277661694,0.5253283035992853,0.4418248897687393,3210.0,0.0,1.0
2021-10-20,AU2112.SHF,368.5,369.18,364.94,367.66,366.9,368.76,367.9,-0.24,-1.0,137498,5044962.52,135049,-2866.0,56,0.7201298871343651,0.6902757545554448,8,AU2202.SHF,368.74,367.98,28883,1.079999999999984,AU2111.SHF,365.88,366.36,26,1.7800000000000296,AU2210.SHF,370.86,370.84,362,4.980000000000018,0.014785780661887616,0.014686059733755178,67176.0,34284.0,-3338.0,1125.0,35.0,33599.0,15101.0,0.3241868716735659,0.5001637489579612,0.4404678567261696,3210.0,0.0,1.0
2021-10-21,AU2112.SHF,370.06,370.2,367.6,369.54,369.22,367.66,366.9,2.64,2.32,122282,4514975.57,127037,-8012.0,55,0.689915482786247,0.6756820007127167,8,AU2202.SHF,370.9,370.28,28892,1.3599999999999568,AU2111.SHF,368.36,368.5,25,1.1800000000000068,AU2210.SHF,375.08,375.08,361,6.71999999999997,0.01981756976870452,0.019638972410310183,61185.0,30883.0,-5949.0,-2735.0,34.0,28301.0,14478.0,0.3291262979536864,0.46254801013320257,0.4688016060615873,3123.0,-87.0,1.0
2021-10-22,AU2112.SHF,369.18,371.32,368.08,371.08,369.38,369.54,369.22,1.86,0.16,101225,3739129.38,128332,1295.0,54,0.677915589547141,0.6816561761347038,8,AU2202.SHF,372.28,370.3,28128,1.1999999999999886,AU2111.SHF,368.74,368.86,24,2.339999999999975,AU2210.SHF,374.3,374.3,360,5.560000000000002,0.016379782373436364,0.016257519606757604,62059.0,31482.0,904.0,680.0,36.0,28811.0,14322.0,0.3268833987235544,0.4642517604215343,0.4549266247379455,3102.0,-21.0,1.0
2021-10-25,AU2112.SHF,372.94,374.38,368.44,370.14,371.34,371.08,369.38,0.76,1.96,182657,6783076.71,126939,-1393.0,51,0.6938063114392938,0.6741317047265003,8,AU2202.SHF,371.24,372.58,29754,1.1000000000000227,AU2111.SHF,370.4,370.12,21,-0.2599999999999909,AU2210.SHF,374.7,376.76,357,4.300000000000011,0.012611044687853483,0.012538405074643802,63200.0,32250.0,1350.0,1758.0,33.0,30931.0,15341.0,0.3242535358826611,0.4894145569620253,0.47568992248062014,3093.0,-9.0,1.0
2021-10-26,AU2112.SHF,372.0,372.8,371.36,371.64,372.02,370.14,371.34,0.3,0.68,94982,3533528.09,123028,-3911.0,50,0.6715356334841629,0.6510692569444811,8,AU2202.SHF,372.76,373.08,33255,1.1200000000000045,AU2111.SHF,370.86,371.34,20,0.7799999999999727,AU2210.SHF,377.0,377.2,356,6.139999999999986,0.017985063032385375,0.017837804792566695,60259.0,30711.0,-2911.0,-1539.0,34.0,28399.0,13376.0,0.32481037704737825,0.47128229807995486,0.4355442675262935,3093.0,0.0,1.0
2021-10-27,AU2112.SHF,371.0,371.18,367.0,368.92,368.52,371.64,372.02,-3.1,-3.5,149465,5508336.04,113356,-9672.0,49,0.7318177812160322,0.6249124838060586,8,AU2202.SHF,369.88,369.64,33621,0.9599999999999795,AU2111.SHF,367.54,367.56,19,1.3799999999999955,AU2210.SHF,373.28,374.1,355,5.739999999999952,0.01696527362101166,0.016834160661107517,53929.0,32090.0,-5425.0,2022.0,33.0,27415.0,14318.0,0.2538857694230344,0.5083535759980715,0.44618261140542226,3093.0,0.0,1.0
2021-10-28,AU2112.SHF,369.58,372.88,368.16,372.56,370.58,368.92,368.52,4.04,2.06,146203,5418087.0,109421,-3935.0,48,0.6874770767306481,0.5999649082405321,8,AU2202.SHF,373.88,371.5,35909,1.3199999999999932,AU2111.SHF,370.86,371.42,18,1.6999999999999886,AU2210.SHF,375.68,375.68,354,4.819999999999993,0.01411856739675853,0.014027606457323103,50425.0,29684.0,-950.0,-590.0,34.0,25898.0,12211.0,0.25890973548540114,0.5135944471988101,0.4113663926694516,3093.0,0.0,1.0
2021-10-29,AU2112.SHF,371.68,373.96,370.04,370.48,371.76,372.56,370.58,-0.1,1.18,140767,5233166.34,103484,-5937.0,47,0.6566298780658463,0.5553474543981196,8,AU2202.SHF,371.72,373.08,39735,1.240000000000009,AU2111.SHF,366.0,368.66,17,4.480000000000018,AU2210.SHF,377.98,377.94,353,11.980000000000018,0.03555734452250861,0.03498780365897837,47655.0,28363.0,-2660.0,-744.0,32.0,22559.0,11696.0,0.2537819990002368,0.4733815968943448,0.4123682262102034,3093.0,0.0,1.0
2021-11-01,AU2112.SHF,368.1,369.9,367.0,368.78,368.44,370.48,371.76,-2.98,-3.32,121484,4476109.19,94942,-8542.0,44,0.6442245484531272,0.5310371058136543,8,AU2202.SHF,370.0,369.6,39449,1.2200000000000273,AU2111.SHF,365.44,365.44,14,3.339999999999975,AU2210.SHF,375.88,375.12,350,10.439999999999998,0.03103401770077561,0.03059898904123466,43178.0,26352.0,-4477.0,-954.0,32.0,20443.0,10905.0,0.24199626060693227,0.47345870582240956,0.4138205828779599,3093.0,0.0,1.0
2021-11-02,AU2112.SHF,369.78,371.68,369.28,371.26,370.66,368.78,368.44,2.82,2.22,91075,3375794.76,93259,-1683.0,43,0.6305691912513068,0.5231774704776865,8,AU2202.SHF,372.58,371.78,40329,1.3199999999999932,AU2111.SHF,370.2,370.32,13,1.0600000000000023,AU2210.SHF,375.12,375.12,349,4.920000000000016,0.014437176815621015,0.01434208257233884,42366.0,24525.0,-788.0,-284.0,31.0,20065.0,10863.0,0.2667174956272144,0.4736109144125006,0.4429357798165138,3093.0,0.0,1.0
2021-11-03,AU2112.SHF,370.5,371.06,367.66,368.04,369.38,371.26,370.66,-2.62,-1.28,97502,3601601.89,89444,-3815.0,42,0.6457299910593066,0.5111260957518543,8,AU2202.SHF,369.1,370.44,40167,1.0600000000000023,AU2111.SHF,369.7,369.7,12,-1.6599999999999682,AU2210.SHF,374.4,373.7,348,4.699999999999989,0.013810264435771533,0.013723216402412206,38835.0,26973.0,-2667.0,2837.0,30.0,18317.0,13105.0,0.18025164113785558,0.47166216042229947,0.4858562265969673,3093.0,0.0,1.0
2021-11-04,AU2112.SHF,367.24,367.78,364.12,366.58,366.12,368.04,369.38,-2.8,-3.26,118253,4329505.2,87386,-2058.0,41,0.6280765676287192,0.500934386572349,8,AU2202.SHF,367.62,366.88,39139,1.0400000000000205,AU2111.SHF,369.7,369.7,11,-3.1200000000000045,AU2210.SHF,374.58,373.12,347,4.8799999999999955,0.014339168180120355,0.01424535509249813,36139.0,29093.0,-2515.0,2338.0,31.0,17118.0,13859.0,0.10801447142506745,0.47367110324026673,0.4763688859863197,3093.0,0.0,1.0
2021-11-05,AU2112.SHF,370.18,372.0,369.9,371.74,370.82,366.58,366.12,5.62,4.7,109957,4077642.6,88518,1132.0,40,0.6306320256939665,0.5074438628976319,8,AU2202.SHF,372.86,371.96,38490,1.1200000000000045,AU2111.SHF,369.7,369.7,10,2.0400000000000205,AU2210.SHF,378.52,377.26,346,8.819999999999993,0.025916283473086207,0.02561196928442756,38911.0,26247.0,2834.0,-1516.0,32.0,18932.0,11041.0,0.19435832898492894,0.48654622086299504,0.4206575989636911,3093.0,0.0,1.0
2021-11-08,AU2112.SHF,371.06,377.7,370.7,375.9,374.5,371.74,370.82,5.08,3.68,151422,5671039.26,95638,7120.0,37,0.597153482429123,0.5038909583296013,8,AU2202.SHF,377.36,375.92,43065,1.4600000000000364,AU2111.SHF,371.9,371.8,7,4.0,AU2210.SHF,383.22,380.9,343,11.32000000000005,0.033065404166506836,0.032572160990306395,42588.0,27022.0,5318.0,1026.0,33.0,19991.0,11294.0,0.22361729636546473,0.4694045270968348,0.41795573976759676,3093.0,0.0,1.0
2021-11-09,AU2112.SHF,375.96,377.8,375.58,377.46,376.86,375.9,374.5,2.96,2.36,94669,3567883.44,96097,459.0,36,0.5809304066617166,0.4911980290127685,8,AU2202.SHF,378.52,378.08,45565,1.0600000000000023,AU2111.SHF,374.0,374.0,6,3.4599999999999795,AU2210.SHF,382.24,382.16,342,8.240000000000009,0.023933664374840784,0.0236738197901283,44054.0,28663.0,1841.0,2017.0,32.0,20442.0,12285.0,0.21165614643068334,0.4640214282471512,0.42860133272860484,3093.0,0.0,1.0
2021-11-10,AU2112.SHF,377.26,378.5,376.08,377.46,377.48,377.46,376.86,0.6,0.62,101229,3821338.47,88276,-7821.0,35,0.6069903820785264,0.4560535220726888,8,AU2202.SHF,378.82,378.76,49343,1.3600000000000136,AU2111.SHF,374.32,373.18,5,3.1399999999999864,AU2210.SHF,382.76,382.76,341,8.439999999999998,0.024493621449434767,0.024221567675244044,40349.0,27666.0,-3693.0,-997.0,33.0,19233.0,12199.0,0.18647357200617512,0.4766660883788941,0.4409383358635148,3093.0,0.0,1.0
2021-11-11,AU2112.SHF,377.48,386.0,376.36,383.36,382.22,377.46,377.48,5.88,4.74,187007,7147883.66,83020,-5256.0,34,0.5722228342023451,0.41714190964772563,8,AU2202.SHF,384.5,383.52,54202,1.1399999999999864,AU2111.SHF,373.18,373.18,4,10.180000000000007,AU2210.SHF,386.52,387.56,340,13.339999999999975,0.038832115996621,0.038154162795034946,36780.0,28262.0,-3413.0,845.0,36.0,16820.0,12694.0,0.13096153254819962,0.4573137574768896,0.44915434151864697,3093.0,0.0,1.0
2021-11-12,AU2112.SHF,384.12,385.3,383.12,383.6,384.06,383.36,382.22,1.38,1.84,105561,4054196.58,80368,-2652.0,33,0.6046395738465504,0.39821228607386705,8,AU2202.SHF,384.66,385.16,57438,1.0600000000000023,AU2111.SHF,373.18,373.18,3,10.420000000000016,AU2210.SHF,389.3,389.18,339,16.120000000000005,0.04692456595693647,0.04593935369424737,35884.0,28561.0,136.0,302.0,36.0,16882.0,12675.0,0.11363177903638762,0.4704603723107792,0.4437869822485207,3093.0,0.0,1.0
2021-11-15,AU2112.SHF,381.88,385.16,381.56,382.2,383.02,383.6,384.06,-1.86,-1.04,124417,4765420.89,76091,-4277.0,30,0.5300588353080014,0.3859431110389742,8,AU2202.SHF,383.14,384.0,56610,0.9399999999999977,AU2112.SHF,382.2,383.02,30,0.0,AU2210.SHF,389.22,389.22,336,7.020000000000039,0.02190876350540216,0.02170999083692459,32979.0,26355.0,-2905.0,-1026.0,37.0,14984.0,12250.0,0.11163919506522399,0.45434973771187726,0.4648074369189907,3093.0,0.0,1.0
2021-11-16,AU2112.SHF,383.18,385.18,382.92,384.02,384.04,382.2,383.02,1.0,1.02,98838,3795827.97,73402,-2689.0,29,0.5371396895787139,0.3705019811725513,8,AU2202.SHF,385.06,385.14,58750,1.0400000000000205,AU2112.SHF,384.02,384.04,29,0.0,AU2212.SHF,389.86,388.86,394,5.840000000000032,0.01520754127389212,0.015093065753228602,32787.0,25929.0,417.0,-426.0,36.0,15262.0,12566.0,0.11679950950337216,0.46548937078720226,0.48463110802576265,3093.0,0.0,1.0
2021-11-17,AU2112.SHF,386.0,387.54,381.2,382.26,383.84,384.02,384.04,-1.78,-0.2,139112,5339692.23,66519,-6883.0,28,0.5727932275411132,0.3508238049027467,8,AU2202.SHF,383.44,384.44,56615,1.1800000000000068,AU2112.SHF,382.26,383.84,28,0.0,AU2212.SHF,387.56,387.4,393,5.300000000000011,0.013864908700884193,0.01376967016035153,28631.0,25005.0,-2431.0,-924.0,35.0,13395.0,11496.0,0.06760384816168245,0.46784953372218924,0.459748050389922,3093.0,0.0,1.0
2021-11-18,AU2112.SHF,383.8,384.92,382.76,383.54,383.88,382.26,383.84,-0.3,0.04,88262,3388293.82,64764,-1755.0,27,0.5563455744235594,0.3396814240982687,8,AU2202.SHF,384.62,385.0,58928,1.079999999999984,AU2112.SHF,383.54,383.88,27,0.0,AU2212.SHF,388.68,389.0,392,5.139999999999986,0.01340147051155016,0.013312465125868565,27916.0,23449.0,505.0,-1470.0,32.0,12838.0,10739.0,0.08696583276550181,0.45987963891675027,0.45797262143374984,3075.0,-18.0,1.0
2021-11-19,AU2112.SHF,384.08,384.46,381.8,382.74,383.3,383.54,383.88,-1.14,-0.58,91448,3505263.79,61137,-3627.0,26,0.5140242600024733,0.324036825618928,8,AU2202.SHF,384.14,384.58,60510,1.3999999999999773,AU2112.SHF,382.74,383.3,26,0.0,AU2212.SHF,387.08,388.34,391,4.339999999999975,0.011339290379892342,0.011275482530822816,25914.0,22073.0,-1345.0,-1119.0,33.0,12243.0,9921.0,0.08004251151353492,0.47244732576985415,0.44946314501880125,3066.0,-9.0,1.0
2021-11-22,AU2202.SHF,384.58,385.9,380.1,380.38,383.02,384.14,384.58,-4.2,-1.56,70274,2691734.46,56966,-3544.0,85,0.31170271277256356,0.3208430253842558,8,AU2112.SHF,379.14,381.94,53275,-1.240000000000009,AU2112.SHF,379.14,381.94,23,1.240000000000009,AU2212.SHF,384.5,386.04,388,5.360000000000014,0.014137258004958575,0.014038258932279758,33724.0,19471.0,-1702.0,895.0,35.0,17217.0,8629.0,0.26793871604474107,0.5105266279207686,0.4431718966668379,3066.0,0.0,1.0
2021-11-23,AU2202.SHF,380.24,380.4,372.86,373.08,375.96,380.38,383.02,-9.94,-7.06,101415,3812890.3,57841,875.0,84,0.3439172279081124,0.33226104789094857,8,AU2112.SHF,371.78,374.8,46648,-1.3000000000000114,AU2112.SHF,371.78,374.8,22,1.3000000000000114,AU2212.SHF,377.32,378.76,387,5.5400000000000205,0.014901285706600653,0.014791352302654416,32576.0,19387.0,-1085.0,382.0,33.0,16473.0,9144.0,0.25381521467197815,0.5056790275049116,0.471656264507144,5163.0,2097.0,1.0
2021-11-24,AU2202.SHF,371.0,371.52,369.0,370.88,370.42,373.08,375.96,-5.08,-5.54,97591,3615096.59,58998,1157.0,83,0.3824233613254386,0.3451265311852866,8,AU2112.SHF,369.76,369.22,40440,-1.1200000000000045,AU2112.SHF,369.76,369.22,21,1.1200000000000045,AU2212.SHF,375.14,374.7,386,5.3799999999999955,0.014549978364344353,0.01444514310612451,30039.0,21268.0,-2456.0,2519.0,33.0,14437.0,11068.0,0.17095133217689595,0.48060854222843635,0.5204062441226256,5163.0,0.0,1.0
2021-11-25,AU2202.SHF,369.78,371.16,368.4,370.9,369.94,370.88,370.42,0.48,-0.48,104617,3870216.45,63455,4457.0,82,0.4478755057045615,0.36874219135892145,8,AU2206.SHF,373.1,372.32,41706,2.2000000000000455,AU2112.SHF,369.78,368.82,20,1.1200000000000045,AU2212.SHF,375.46,375.36,385,5.680000000000007,0.015360484612472192,0.015243706694009231,30633.0,24445.0,859.0,3460.0,32.0,14102.0,13235.0,0.11234975852427466,0.4603532138543401,0.541419513192882,5154.0,-9.0,1.0
2021-11-26,AU2202.SHF,370.16,373.14,369.36,372.7,371.0,370.9,369.94,2.76,1.06,95881,3557306.43,67499,4044.0,81,0.5764954875328439,0.39986137933485777,8,AU2206.SHF,374.7,373.54,43605,2.0,AU2112.SHF,371.58,369.9,19,1.1200000000000045,AU2212.SHF,377.14,375.72,384,5.560000000000002,0.014963130416061121,0.014852287120752008,32731.0,26899.0,2533.0,2597.0,32.0,15495.0,14294.0,0.09780311923528426,0.47340441783019155,0.5313952191531284,5154.0,0.0,1.0
2021-11-29,AU2202.SHF,373.4,374.62,369.08,371.42,371.98,372.7,371.0,0.42,0.98,197528,7348008.08,71165,3666.0,78,0.6744309122134928,0.4264441514860978,8,AU2206.SHF,373.34,374.14,44397,1.919999999999959,AU2112.SHF,370.22,371.26,16,1.1999999999999886,AU2212.SHF,375.58,376.12,381,5.359999999999957,0.014477878018475332,0.014374074248521045,34621.0,28349.0,2660.0,1629.0,33.0,16224.0,14787.0,0.09960298554867397,0.46861731319141564,0.5216057003774384,5154.0,0.0,1.0
2021-11-30,AU2202.SHF,371.2,371.26,368.32,370.24,369.68,371.42,371.98,-1.74,-2.3,146617,5420429.92,73424,2259.0,77,0.6897903111224024,0.44051404504493696,8,AU2206.SHF,372.48,371.92,46156,2.240000000000009,AU2112.SHF,367.88,368.4,15,2.3600000000000136,AU2212.SHF,375.18,374.98,380,7.300000000000011,0.019843427204523145,0.01964911277276463,34454.0,30630.0,73.0,2314.0,34.0,15577.0,16357.0,0.05875483989920718,0.45211005978986474,0.53401893568397,5154.0,0.0,1.0
2021-12-01,AU2202.SHF,370.12,372.82,365.64,368.74,368.6,370.24,369.68,-0.94,-1.08,247908,9138015.07,78077,4653.0,76,0.7304108023063619,0.4514634964323299,8,AU2206.SHF,371.02,370.9,49131,2.2799999999999727,AU2112.SHF,366.98,366.26,14,1.759999999999991,AU2212.SHF,374.4,372.96,379,7.419999999999959,0.02021908550874696,0.020017393946629346,36098.0,33626.0,2129.0,3255.0,35.0,16188.0,18890.0,0.03545407607136711,0.4484458972796277,0.5617676797716054,5154.0,0.0,1.0
2021-12-02,AU2202.SHF,368.76,369.38,366.26,367.0,368.0,368.74,368.6,-1.6,-0.6,156382,5755141.1,82515,4438.0,75,0.7095243280521225,0.47962125527487476,8,AU2206.SHF,369.34,370.08,50610,2.339999999999975,AU2112.SHF,365.24,366.68,13,1.759999999999991,AU2212.SHF,372.08,373.1,378,6.839999999999975,0.01872741211258333,0.018554213167702047,36594.0,36443.0,1909.0,3310.0,33.0,16514.0,20353.0,0.002067445267467174,0.45127616549161065,0.5584885986334824,5154.0,0.0,1.0
2021-12-03,AU2202.SHF,367.4,367.68,364.24,365.92,365.76,367.0,368.0,-2.08,-2.24,163294,5972646.99,85729,3214.0,74,0.7441192821924301,0.4854389272993924,8,AU2206.SHF,368.28,368.26,52016,2.359999999999957,AU2112.SHF,364.28,363.94,12,1.6400000000000432,AU2212.SHF,371.06,370.94,377,6.78000000000003,0.018612056659712328,0.018440971899113864,39678.0,38358.0,3141.0,2089.0,33.0,18055.0,21542.0,0.016915269875442104,0.45503805635364686,0.5616038375306325,5154.0,0.0,1.0
2021-12-06,AU2202.SHF,366.18,369.08,364.9,368.68,366.92,365.92,365.76,2.92,1.16,174000,6384456.43,84867,-862.0,71,0.7451692476360148,0.48131008081667376,8,AU2206.SHF,370.9,369.44,52844,2.2199999999999704,AU2112.SHF,366.88,366.3,9,1.8000000000000114,AU2212.SHF,373.84,373.22,374,6.9599999999999795,0.018970780636720308,0.01879307928257628,38690.0,38122.0,-988.0,58.0,32.0,17475.0,21603.0,0.007394677914909129,0.45166709744119926,0.5666806568385709,5154.0,0.0,1.0
2021-12-07,AU2202.SHF,368.0,368.8,367.08,367.88,367.78,368.68,366.92,0.96,0.86,95419,3509339.46,85340,473.0,70,0.7220069916312293,0.4813772330116255,8,AU2206.SHF,370.12,370.02,53394,2.240000000000009,AU2112.SHF,366.02,365.84,8,1.8600000000000136,AU2212.SHF,372.8,372.92,373,6.78000000000003,0.018523577946560454,0.018354106094300028,38914.0,39207.0,224.0,1224.0,35.0,17301.0,22821.0,-0.003750592030311952,0.4445957752993781,0.5820644272706404,5154.0,0.0,1.0
2021-12-08,AU2202.SHF,368.28,368.94,365.88,368.28,367.7,367.88,367.78,0.5,-0.08,120371,4426135.2,84263,-1077.0,69,0.7186028046589098,0.48135982450928866,8,AU2206.SHF,370.58,370.1,52804,2.3000000000000114,AU2112.SHF,366.72,366.22,7,1.5599999999999454,AU2212.SHF,373.24,373.12,372,6.519999999999982,0.017779232111692744,0.017623030279501073,38345.0,38272.0,-266.0,-923.0,33.0,16854.0,21527.0,0.0009527911560097629,0.4395357934541661,0.5624738712374582,5154.0,0.0,1.0
2021-12-09,AU2202.SHF,367.28,367.5,366.02,366.72,366.72,368.28,367.7,-0.98,-0.98,108535,3980277.61,84599,336.0,68,0.7118542907364168,0.48159006296039075,8,AU2206.SHF,369.0,369.16,53233,2.2799999999999727,AU2112.SHF,365.04,365.24,6,1.6800000000000068,AU2212.SHF,371.46,372.06,371,6.419999999999959,0.01758711374095978,0.017434250140048548,37653.0,41007.0,-490.0,2786.0,34.0,16395.0,23000.0,-0.04263920671243326,0.4354234722332882,0.5608798497817445,5154.0,0.0,1.0
2021-12-10,AU2202.SHF,366.66,368.36,365.1,365.62,367.0,366.72,366.72,-1.1,0.28,140358,5151197.53,86653,2054.0,67,0.7414305862963335,0.486877517881524,8,AU2206.SHF,367.92,369.24,53568,2.3000000000000114,AU2112.SHF,364.12,364.22,5,1.5,AU2212.SHF,370.68,371.26,370,6.560000000000002,0.018016038668570822,0.01785567308140263,38325.0,44286.0,681.0,3550.0,35.0,16681.0,24796.0,-0.07215746087082835,0.43525114155251143,0.5599060651221605,5154.0,0.0,1.0
2021-12-13,AU2202.SHF,366.18,369.72,365.9,368.14,367.84,365.62,367.0,1.14,0.84,150454,5534457.99,83095,-3558.0,64,0.7298525780647415,0.477444969863423,8,AU2206.SHF,370.28,370.0,53182,2.1399999999999864,AU2112.SHF,366.28,366.66,2,1.8600000000000136,AU2212.SHF,372.78,372.74,367,6.5,0.017745986676859227,0.017590365064126087,37881.0,41548.0,-243.0,-2098.0,34.0,17049.0,23813.0,-0.04616701708444019,0.45006731606874156,0.5731443150091461,5154.0,0.0,1.0
2021-12-14,AU2202.SHF,369.42,369.42,367.6,368.52,368.54,368.14,367.84,0.68,0.7,93707,3453497.27,81966,-1129.0,63,0.7065081351689612,0.47241562154186645,8,AU2206.SHF,370.58,370.52,53427,2.0600000000000023,AU2112.SHF,367.8,367.8,1,0.7199999999999704,AU2212.SHF,373.12,372.88,366,5.319999999999993,0.014464382816748111,0.01436077155185203,37508.0,40525.0,-202.0,-1023.0,33.0,16892.0,24404.0,-0.03866312970153653,0.4503572571184814,0.6021961752004935,5154.0,0.0,1.0
2021-12-15,AU2202.SHF,367.98,368.16,363.5,364.36,365.68,368.52,368.54,-4.18,-2.86,154840,5662245.07,92947,10981.0,62,0.7480446198663723,0.49308753315649867,8,AU2206.SHF,366.54,367.76,55737,2.180000000000007,AU2201.SHF,364.08,364.68,33,0.28000000000002956,AU2212.SHF,369.2,370.12,365,5.1200000000000045,0.015460656071881504,0.015352954234678856,40888.0,49352.0,3687.0,9481.0,31.0,17791.0,29011.0,-0.09379432624113475,0.43511543729211505,0.587838385475766,5154.0,0.0,1.0
2021-12-16,AU2202.SHF,365.0,368.1,363.7,368.08,365.8,364.36,365.68,2.4,0.12,126793,4638242.38,84017,-8930.0,61,0.7190257457184983,0.4668000111120371,8,AU2206.SHF,370.06,368.44,57887,1.9800000000000182,AU2201.SHF,367.5,365.86,32,0.5799999999999841,AU2212.SHF,372.12,371.56,364,4.6200000000000045,0.01382099827882972,0.013734844729895536,37431.0,43538.0,-3053.0,-5691.0,30.0,17310.0,25018.0,-0.07542392767602416,0.4624509096737998,0.5746244659837384,5154.0,0.0,1.0
2021-12-17,AU2202.SHF,368.0,372.96,367.9,372.78,370.46,368.08,365.8,6.98,4.66,169339,6273483.41,80495,-3522.0,60,0.6971035493458698,0.4451221535296785,8,AU2206.SHF,374.7,372.8,60343,1.920000000000016,AU2201.SHF,371.3,368.84,31,1.4799999999999613,AU2212.SHF,377.1,375.58,363,5.800000000000011,0.017173460878255938,0.017040710014054685,37628.0,36233.0,494.0,-6915.0,32.0,18486.0,21156.0,0.01888682796062875,0.49128308706282553,0.5838876162614192,5154.0,0.0,1.0
2021-12-20,AU2202.SHF,374.06,374.76,371.8,372.34,373.1,372.78,370.46,1.88,2.64,116091,4331492.41,76457,-4038.0,57,0.7067385838563767,0.4281985942706729,8,AU2206.SHF,374.2,374.64,61973,1.8600000000000136,AU2201.SHF,370.72,371.9,28,1.6199999999999477,AU2212.SHF,376.76,377.38,360,6.039999999999964,0.017912066912449058,0.017767715463104954,35266.0,34233.0,-2362.0,-1987.0,34.0,17627.0,19448.0,0.014863523216161384,0.49982986445868544,0.5681067975345427,3897.0,-1257.0,1.0
2021-12-21,AU2202.SHF,371.7,371.9,369.26,369.72,370.62,372.34,373.1,-3.38,-2.48,105785,3920685.94,74404,-2053.0,56,0.6844621874838243,0.41840194793875013,8,AU2206.SHF,371.64,372.52,62490,1.919999999999959,AU2201.SHF,367.8,368.38,27,1.920000000000016,AU2212.SHF,374.3,374.96,359,6.5,0.019429266822592144,0.019259579819757018,33358.0,33345.0,-1809.0,-663.0,33.0,16428.0,18502.0,0.00019489378288832586,0.49247556807962106,0.5548657969710601,3891.0,-6.0,1.0
2021-12-22,AU2202.SHF,371.2,371.8,368.68,368.9,369.9,369.72,370.62,-1.72,-0.72,103517,3829227.73,74192,-212.0,55,0.6971170358198703,0.4096176673567978,8,AU2206.SHF,370.78,371.78,64098,1.8799999999999955,AU2201.SHF,367.38,367.92,26,1.5199999999999818,AU2212.SHF,373.4,373.82,358,6.019999999999982,0.018015062044683568,0.017869054765789028,33322.0,34058.0,120.0,1148.0,31.0,16258.0,18651.0,-0.010923122588305136,0.48790588800192064,0.547624640319455,3891.0,0.0,1.0
2021-12-23,AU2202.SHF,370.1,373.24,369.2,372.78,371.22,368.9,369.9,2.88,1.32,106970,3971094.7,72710,-1482.0,54,0.6899509803921569,0.4000220064368828,8,AU2206.SHF,374.6,373.66,65160,1.82000000000005,AU2201.SHF,370.62,370.2,25,2.159999999999968,AU2212.SHF,376.68,376.76,357,6.060000000000002,0.017976227396228908,0.017830845550270768,32812.0,28089.0,-251.0,-5120.0,32.0,16536.0,14602.0,0.0775520927406775,0.5039619651347068,0.5198476271850191,3891.0,0.0,1.0
2021-12-24,AU2202.SHF,372.68,373.96,371.18,373.56,372.84,372.78,371.22,2.34,1.62,99060,3693356.69,73933,1223.0,53,0.6831912604485642,0.3989972854390519,8,AU2206.SHF,375.3,374.76,67100,1.740000000000009,AU2201.SHF,371.14,371.46,24,2.420000000000016,AU2212.SHF,377.6,376.92,356,6.460000000000036,0.019135928312052092,0.018971297559129068,35473.0,27021.0,3265.0,-775.0,32.0,17337.0,12751.0,0.13524498351841777,0.48873791334254224,0.4718922319677288,3891.0,0.0,1.0
2021-12-27,AU2206.SHF,374.76,376.18,374.22,374.92,375.08,375.3,374.76,0.16,0.32,14329,537465.79,68846,1746.0,170,0.18346286314226087,0.3824544055641044,8,AU2202.SHF,373.44,373.42,65790,-1.4800000000000182,AU2201.SHF,372.26,371.9,21,2.660000000000025,AU2212.SHF,377.58,377.46,353,5.319999999999993,0.015711586473762716,0.015600376934636208,38617.0,25802.0,1390.0,889.0,39.0,23216.0,13717.0,0.19893199211412782,0.6011860061630888,0.531625455391055,3891.0,0.0,1.0
2021-12-28,AU2206.SHF,374.72,376.1,373.3,376.04,375.02,374.92,375.08,0.96,-0.06,26805,1005286.04,72991,4145.0,169,0.2059594151228995,0.3977429391923188,8,AU2202.SHF,374.46,373.32,63166,-1.580000000000041,AU2201.SHF,372.5,371.66,20,3.5400000000000205,AU2212.SHF,378.38,377.78,352,5.8799999999999955,0.017354249211611498,0.01721870331659804,41140.0,27823.0,2977.0,2021.0,39.0,24159.0,15333.0,0.1931035482795122,0.5872386971317453,0.5510908241383028,3891.0,0.0,1.0
2021-12-29,AU2206.SHF,376.32,376.98,373.44,374.3,375.04,376.04,375.02,-0.72,0.02,29755,1115981.26,74188,1197.0,168,0.20582294592089426,0.4158916488678854,8,AU2202.SHF,372.58,373.54,59323,-1.7200000000000273,AU2201.SHF,371.44,371.12,19,2.8600000000000136,AU2212.SHF,376.54,377.68,351,5.100000000000023,0.015095110141189534,0.014992418519543301,42663.0,28584.0,1523.0,765.0,38.0,24781.0,16281.0,0.19760832035033055,0.5808546046925908,0.5695843828715366,3891.0,0.0,1.0
2021-12-30,AU2206.SHF,372.0,374.0,370.74,372.48,372.44,374.3,375.04,-2.56,-2.6,31919,1188815.05,76126,1938.0,167,0.19543600984558113,0.437415247420074,8,AU2202.SHF,370.8,370.76,54452,-1.6800000000000068,AU2201.SHF,368.06,369.02,18,4.420000000000016,AU2212.SHF,375.0,374.8,350,6.939999999999998,0.02072982469463784,0.020536810327943477,44137.0,29736.0,1645.0,1245.0,39.0,26061.0,17173.0,0.19494267188282594,0.5904569862020527,0.577515469464622,3891.0,0.0,1.0
2021-12-31,AU2206.SHF,374.0,376.74,372.72,376.42,375.16,372.48,372.44,3.98,2.72,37589,1410204.64,78637,2511.0,166,0.23577266369355637,0.4429554774458114,8,AU2202.SHF,374.7,373.3,55482,-1.7200000000000273,AU2201.SHF,373.2,371.38,17,3.2200000000000273,AU2212.SHF,378.78,377.82,349,5.579999999999984,0.01643793824816945,0.016316261480590833,45581.0,31077.0,3292.0,1576.0,39.0,28138.0,17220.0,0.18920399697357093,0.617318619600272,0.5541075393377739,3891.0,0.0,1.0
2022-01-04,AU2206.SHF,374.02,374.44,373.22,373.4,373.58,376.42,375.16,-1.76,-1.58,25026,934968.18,80281,1644.0,162,0.3198047384159276,0.46172206150466144,8,AU2202.SHF,371.74,371.9,50227,-1.6599999999999682,AU2201.SHF,371.38,371.38,13,2.019999999999982,AU2212.SHF,376.64,376.46,345,5.259999999999991,0.015571197493944618,0.015461957284047336,47563.0,28782.0,1982.0,-1035.0,38.0,29068.0,16444.0,0.24600170279651581,0.6111473203961062,0.5713293030366201,3891.0,0.0,1.0
2022-01-05,AU2206.SHF,373.28,375.52,372.36,374.72,374.46,373.4,373.58,1.14,0.88,39319,1472387.11,85354,5073.0,161,0.2778688640443245,0.4776251363979743,8,AU2202.SHF,373.1,372.76,48680,-1.6200000000000045,AU2201.SHF,371.38,371.38,12,3.340000000000032,AU2212.SHF,378.4,378.44,344,7.019999999999982,0.020781332016633527,0.020587363258809943,50142.0,29256.0,2943.0,562.0,39.0,30459.0,16556.0,0.26305448499962214,0.6074548282876631,0.5659010117582718,3408.0,-483.0,1.0
2022-01-06,AU2206.SHF,375.66,377.6,371.2,371.9,374.42,374.72,374.46,-2.56,-0.04,67550,2529217.63,96235,10881.0,160,0.34118229387639654,0.5138178478755326,8,AU2202.SHF,370.64,373.42,45808,-1.259999999999991,AU2201.SHF,371.38,371.38,11,0.5199999999999818,AU2212.SHF,375.32,376.8,343,3.9399999999999977,0.011663596601928181,0.01160216072599628,53092.0,31649.0,4221.0,3051.0,38.0,32161.0,17093.0,0.25304162093909677,0.6057598131545242,0.5400802553003254,3408.0,0.0,1.0
2022-01-07,AU2206.SHF,370.0,371.28,369.34,369.7,370.06,371.9,374.42,-4.72,-4.36,56825,2102877.63,101782,5547.0,159,0.3205869576255409,0.5346423356130564,8,AU2202.SHF,368.14,368.72,43436,-1.5600000000000023,AU2201.SHF,371.38,371.38,10,-1.6800000000000068,AU2212.SHF,373.26,373.66,342,1.8799999999999955,0.00556537096741741,0.005551331815135024,54762.0,34462.0,1958.0,3685.0,39.0,33610.0,18557.0,0.22751725993006366,0.6137467587012893,0.5384771632522779,3408.0,0.0,1.0
2022-01-10,AU2206.SHF,369.7,371.3,368.48,370.12,370.08,369.7,370.06,0.06,0.02,56627,2095652.37,104514,2732.0,156,0.3190235547968744,0.5476410052189222,8,AU2202.SHF,368.56,368.62,41458,-1.5600000000000023,AU2201.SHF,370.0,370.0,7,0.12000000000000455,AU2212.SHF,373.7,373.6,339,3.6999999999999886,0.010993975903614468,0.01093936976327215,55015.0,37225.0,253.0,4099.0,36.0,33786.0,20619.0,0.1928664353859497,0.6141234208852131,0.5539019476158495,3408.0,0.0,1.0
2022-01-11,AU2206.SHF,369.58,373.7,369.58,373.32,371.9,370.12,370.08,3.24,1.82,51464,1914018.39,104935,421.0,155,0.32580193845316247,0.5555555555555556,8,AU2202.SHF,371.94,370.14,39839,-1.3799999999999955,AU2201.SHF,370.0,370.0,6,3.319999999999993,AU2212.SHF,376.88,376.52,338,6.8799999999999955,0.020442852491045344,0.020255112936846988,55815.0,34711.0,1287.0,-803.0,36.0,34636.0,18961.0,0.233126394626958,0.6205500313535788,0.5462533490824234,3408.0,0.0,1.0
2022-01-12,AU2206.SHF,373.82,375.96,372.26,375.34,374.28,373.32,371.9,3.44,2.38,46417,1737313.19,104824,-111.0,154,0.3311998744184719,0.5642160108080759,8,AU2204.SHF,374.7,373.14,38073,-0.6399999999999864,AU2201.SHF,370.0,370.0,5,5.339999999999975,AU2212.SHF,379.02,378.12,337,9.019999999999982,0.026801530446108803,0.02648005573085478,56149.0,34795.0,380.0,186.0,39.0,34953.0,18634.0,0.23480383532723434,0.6225044079146557,0.5355367150452651,3408.0,0.0,1.0
2022-01-13,AU2206.SHF,375.44,376.78,374.9,376.24,375.74,375.34,374.28,1.96,1.46,50785,1908233.55,105964,1140.0,153,0.34612134182080884,0.5689678316571717,8,AU2204.SHF,375.42,374.86,37823,-0.8199999999999932,AU2201.SHF,370.0,370.0,4,6.240000000000009,AU2212.SHF,379.74,379.6,336,9.740000000000009,0.02894089873005533,0.02856652972170053,57121.0,34751.0,1256.0,1078.0,36.0,35689.0,18892.0,0.2434909439219784,0.6247964846553807,0.543639031970303,3408.0,0.0,1.0
2022-01-14,AU2206.SHF,376.06,376.58,373.66,375.94,375.3,376.24,375.74,0.2,-0.44,55228,2072789.05,110302,4338.0,152,0.39034802521839923,0.5883149854924048,8,AU2204.SHF,375.16,374.28,37427,-0.7799999999999727,AU2201.SHF,370.0,370.0,3,5.939999999999998,AU2212.SHF,378.9,378.5,335,8.899999999999977,0.026444969065450845,0.026131924762030037,60645.0,35907.0,3588.0,2222.0,36.0,36565.0,19101.0,0.2562142679592344,0.6029351141891335,0.5319575570223076,3408.0,0.0,1.0
2022-01-17,AU2206.SHF,374.5,376.1,373.4,374.22,374.7,375.94,375.3,-1.08,-0.6,56883,2131416.14,108337,-1965.0,149,0.38071748878923767,0.5955494719945468,8,AU2204.SHF,373.36,373.98,37345,-0.8600000000000136,AU2202.SHF,372.52,373.22,29,1.7000000000000455,AU2212.SHF,377.18,377.48,332,4.660000000000025,0.015069073749423692,0.014975599974350289,59678.0,35736.0,-967.0,274.0,36.0,35873.0,19998.0,0.2509275368394575,0.6011092865042394,0.5596037609133647,3408.0,0.0,1.0
2022-01-18,AU2206.SHF,374.48,374.64,373.02,373.46,373.92,374.22,374.7,-1.24,-0.78,40796,1525450.73,107021,-1316.0,148,0.47305194805194806,0.603925308533991,7,AU2204.SHF,372.68,373.1,37904,-0.7799999999999727,AU2202.SHF,371.76,372.34,28,1.6999999999999886,AU2212.SHF,376.66,376.78,331,4.900000000000034,0.015877556122300532,0.015773829146223082,58587.0,37053.0,-800.0,1623.0,36.0,36158.0,21571.0,0.2251568381430364,0.6171676310444296,0.5821660864167544,3408.0,0.0,1.0
2022-01-19,AU2206.SHF,373.5,374.86,371.8,373.06,373.38,373.46,373.92,-0.86,-0.54,100350,3747037.38,109525,2504.0,147,0.5578067937365551,0.6189041962862922,7,AU2204.SHF,372.18,372.5,38524,-0.8799999999999955,AU2202.SHF,371.46,371.76,27,1.6000000000000227,AU2212.SHF,376.38,376.2,330,4.920000000000016,0.01595523790789683,0.01585049792340458,58733.0,39136.0,291.0,2685.0,40.0,36425.0,22518.0,0.20023705156893398,0.6201794561830657,0.5753781684382666,3408.0,0.0,1.0
2022-01-20,AU2206.SHF,373.72,378.9,373.7,378.4,376.98,373.06,373.38,5.02,3.6,124632,4698541.65,121124,11599.0,146,0.6266977085648485,0.6487870461131376,8,AU2204.SHF,377.5,376.2,39457,-0.8999999999999773,AU2202.SHF,376.8,375.14,26,1.599999999999966,AU2302.SHF,382.78,380.0,391,5.979999999999961,0.015870488322717424,0.015745868907718914,68043.0,39519.0,9863.0,1948.0,37.0,40866.0,20228.0,0.26518659005968653,0.6005908028746528,0.5118550570611604,3408.0,0.0,1.0
2022-01-21,AU2206.SHF,378.42,379.78,377.52,378.22,378.74,378.4,376.98,1.24,1.76,96909,3670452.57,124470,3346.0,145,0.6461892378475695,0.6590875394488807,8,AU2204.SHF,377.3,377.86,40345,-0.9200000000000159,AU2202.SHF,376.46,377.1,25,1.7600000000000477,AU2302.SHF,382.82,382.18,390,6.360000000000014,0.01689422515008232,0.016753104921931723,70611.0,38082.0,2681.0,-1420.0,36.0,42437.0,19459.0,0.2992741022880958,0.6009970117970288,0.5109763142692085,3408.0,0.0,1.0
2022-01-24,AU2206.SHF,377.14,378.84,376.4,377.2,377.48,378.22,378.74,-1.54,-1.26,93706,3537396.19,125000,530.0,142,0.6337824310797284,0.6654847657227431,8,AU2204.SHF,376.24,376.58,41352,-0.9599999999999795,AU2202.SHF,375.54,375.68,22,1.6599999999999682,AU2302.SHF,382.18,382.18,387,6.639999999999986,0.017681205730414762,0.017526711648560067,71544.0,36770.0,1444.0,-1032.0,36.0,42244.0,18189.0,0.321048063962184,0.5904618137090462,0.49466956758226815,3408.0,0.0,1.0
2022-01-25,AU2206.SHF,377.44,378.46,375.6,377.92,377.2,377.2,377.48,0.44,-0.28,103475,3903281.22,125384,384.0,141,0.6806535853127488,0.6726609442060086,8,AU2204.SHF,377.02,376.26,42402,-0.9000000000000341,AU2202.SHF,376.32,375.58,21,1.6000000000000227,AU2302.SHF,382.24,382.24,386,5.920000000000016,0.01573129251700678,0.015608838307291971,72065.0,37168.0,559.0,598.0,37.0,42813.0,17863.0,0.31947305301511447,0.594088669950739,0.48060159276797243,3387.0,-21.0,1.0
2022-01-26,AU2206.SHF,377.7,380.2,377.42,378.58,378.72,377.92,377.2,1.38,1.52,107028,4053397.63,127411,2027.0,140,0.69942426955425,0.6707148234129804,8,AU2204.SHF,377.6,377.6,43191,-0.9799999999999613,AU2202.SHF,376.66,376.84,20,1.919999999999959,AU2302.SHF,382.04,381.78,385,5.3799999999999955,0.014283438644931756,0.014182391399935679,70858.0,39830.0,-1207.0,4210.0,36.0,42854.0,18451.0,0.28031945649031514,0.6047870388664653,0.4632437860908863,3387.0,0.0,1.0
2022-01-27,AU2206.SHF,378.5,378.8,371.3,371.58,374.58,378.58,378.72,-7.14,-4.14,139154,5212484.22,122231,-5180.0,139,0.7049627137877928,0.663757806136302,8,AU2204.SHF,370.74,373.96,42796,-0.839999999999975,AU2202.SHF,369.96,373.36,19,1.6200000000000045,AU2302.SHF,377.14,378.58,384,7.180000000000007,0.01940750351389342,0.019221579612717313,64825.0,42232.0,-5408.0,4582.0,36.0,38724.0,19372.0,0.2110371110716721,0.5973621288083302,0.45870430005682894,3387.0,0.0,1.0
2022-01-28,AU2206.SHF,371.72,372.56,369.36,370.1,370.8,371.58,374.58,-4.48,-3.78,105630,3916917.12,119198,-3033.0,138,0.6487014302997549,0.6720832675522678,8,AU2204.SHF,369.44,369.98,43159,-0.660000000000025,AU2202.SHF,368.52,369.7,18,1.580000000000041,AU2302.SHF,375.24,375.52,383,6.720000000000027,0.01823510257245209,0.018070837017019035,64527.0,42396.0,360.0,983.0,38.0,37720.0,20054.0,0.20698072444656435,0.5845615013870162,0.4730163222945561,3387.0,0.0,1.0
2022-02-07,AU2206.SHF,372.76,373.08,371.9,372.14,372.4,370.1,370.8,1.34,1.6,38735,1442496.53,116476,-2722.0,128,0.6553147574819401,0.6691254193666989,8,AU2204.SHF,371.1,371.48,42919,-1.0399999999999636,AU2202.SHF,370.86,371.0,8,1.2799999999999727,AU2302.SHF,376.5,376.5,373,5.639999999999986,0.015207895162594909,0.01509341434071118,62562.0,43023.0,1100.0,666.0,36.0,38748.0,20586.0,0.18505469526921436,0.6193536012275822,0.4784882504706785,3387.0,0.0,1.0
2022-02-08,AU2206.SHF,372.82,375.34,372.82,374.8,374.1,372.14,372.4,2.4,1.7,69580,2603070.04,114128,-2348.0,127,0.6314432989690721,0.6615272255132679,8,AU2204.SHF,373.88,373.16,43188,-0.9200000000000159,AU2202.SHF,373.2,372.52,7,1.6000000000000227,AU2302.SHF,379.9,379.44,372,6.699999999999989,0.017952840300107242,0.017793591220391185,62542.0,38249.0,-20.0,-3810.0,37.0,38707.0,18033.0,0.2410235040827058,0.6188961018195772,0.47146330623022825,3387.0,0.0,1.0
2022-02-09,AU2206.SHF,374.52,376.82,374.52,376.58,376.02,374.8,374.1,2.48,1.92,65610,2467117.8,117233,3105.0,126,0.647910412387423,0.6666837271460662,8,AU2204.SHF,375.88,375.1,42628,-0.6999999999999886,AU2202.SHF,374.52,374.06,6,2.0600000000000023,AU2302.SHF,380.26,380.26,371,5.740000000000009,0.015326284310584137,0.015210023210751569,63675.0,38465.0,1638.0,312.0,37.0,39244.0,17525.0,0.246818092813785,0.6163172359638791,0.45560899519043285,3387.0,0.0,1.0
2022-02-10,AU2206.SHF,376.48,377.92,375.68,377.4,377.02,376.58,376.02,1.38,1.0,73162,2758498.83,122922,5689.0,125,0.6855124337087495,0.6768981695632063,8,AU2204.SHF,376.56,376.12,42817,-0.839999999999975,AU2202.SHF,375.3,375.16,5,2.099999999999966,AU2302.SHF,381.08,380.44,370,5.779999999999973,0.015401012523314606,0.015283620697603405,67620.0,39471.0,4124.0,1310.0,37.0,40818.0,17306.0,0.2628512199904754,0.6036379769299024,0.43844848116338575,3387.0,0.0,1.0
2022-02-11,AU2206.SHF,377.12,378.5,374.92,375.24,376.5,377.4,377.02,-1.78,-0.52,123704,4657570.41,124883,1961.0,124,0.7176030397076312,0.6739903610036214,8,AU2204.SHF,374.46,375.6,43472,-0.7800000000000296,AU2202.SHF,374.18,373.88,4,1.0600000000000023,AU2302.SHF,379.5,379.86,369,5.319999999999993,0.014217756160136874,0.014117631778412115,67597.0,40699.0,393.0,1521.0,38.0,40630.0,17451.0,0.24837482455492355,0.6010621773155613,0.42878203395660824,3387.0,0.0,1.0
2022-02-14,AU2206.SHF,376.48,383.24,375.24,381.7,379.34,375.24,376.5,5.2,2.84,129559,4914707.68,135136,10253.0,121,0.7298728515173879,0.6834854033057517,8,AU2204.SHF,382.16,378.3,44172,0.4600000000000364,AU2202.SHF,380.5,379.1,1,1.1999999999999886,AU2302.SHF,385.7,383.22,366,5.199999999999989,0.013666228646517675,0.013573687912441517,73697.0,40427.0,7192.0,1026.0,36.0,41502.0,17664.0,0.2915250078861589,0.5631436829178935,0.436935711282064,3387.0,0.0,1.0
2022-02-15,AU2206.SHF,381.94,385.92,381.24,385.58,383.72,381.7,379.34,6.24,4.38,135442,5197215.51,144132,8996.0,120,0.7341626690516844,0.6908266510733955,8,AU2204.SHF,384.68,382.76,44135,-0.8999999999999773,AU2203.SHF,383.52,382.24,28,2.0600000000000023,AU2302.SHF,387.3,387.3,365,3.7800000000000296,0.010674972053345689,0.010622708544928208,79773.0,43676.0,7749.0,4257.0,36.0,45110.0,19237.0,0.2924041507019093,0.5654795482180688,0.4404478432090851,3387.0,0.0,1.0
2022-02-16,AU2206.SHF,379.5,380.2,378.22,379.84,379.22,385.58,383.72,-3.88,-4.5,120792,4580793.47,137278,-6854.0,119,0.7239903621390298,0.6746842286332138,8,AU2204.SHF,379.14,378.36,43974,-0.6999999999999886,AU2203.SHF,378.0,377.38,27,1.839999999999975,AU2302.SHF,383.22,383.1,364,5.220000000000027,0.014956902642362723,0.014854569826164125,74266.0,42456.0,-4570.0,-1215.0,35.0,42815.0,18928.0,0.2725278867737016,0.5765087657878437,0.4458262671942717,3387.0,0.0,1.0
2022-02-17,AU2206.SHF,379.5,384.16,379.16,383.54,381.7,379.84,379.22,4.32,2.48,103142,3937029.07,140114,2836.0,118,0.7115596887245433,0.6781470672222948,8,AU2204.SHF,382.7,380.96,43142,-0.8400000000000318,AU2203.SHF,381.48,380.82,26,2.0600000000000023,AU2302.SHF,386.0,385.26,363,4.519999999999982,0.012833042260208469,0.012757610787102398,74422.0,44229.0,380.0,2282.0,37.0,42763.0,19714.0,0.25446898888336383,0.5746015963021687,0.44572565511316103,3384.0,-3.0,1.0
2022-02-18,AU2206.SHF,385.6,388.3,385.56,386.64,386.98,383.54,381.7,4.94,5.28,152353,5895920.28,146060,5946.0,117,0.7328116131638945,0.6756719248739418,8,AU2204.SHF,385.8,386.16,43082,-0.839999999999975,AU2203.SHF,384.24,384.9,25,2.3999999999999773,AU2302.SHF,391.18,390.7,362,6.939999999999998,0.019562297550183495,0.019387732892501546,78481.0,45898.0,4159.0,1826.0,39.0,44934.0,20235.0,0.26196544432741864,0.5725462213784228,0.4408688831757375,3363.0,-21.0,1.0
2022-02-21,AU2206.SHF,386.88,388.8,385.74,386.0,386.96,386.64,386.98,-0.98,-0.02,133179,5153620.09,147102,1042.0,114,0.7091042686076043,0.6699915284344,8,AU2204.SHF,385.1,386.08,42784,-0.8999999999999773,AU2203.SHF,383.68,385.06,22,2.319999999999993,AU2302.SHF,389.86,390.52,359,6.180000000000007,0.0174454540504823,0.01730644627531187,77659.0,47341.0,-446.0,1935.0,39.0,45156.0,20519.0,0.242544,0.5814651231666645,0.43342979658224373,3363.0,0.0,1.0
2022-02-22,AU2206.SHF,387.62,391.42,386.8,390.72,389.16,386.0,386.96,3.76,2.2,103148,4014268.55,152155,5053.0,113,0.7232264307049403,0.6726956014271377,8,AU2204.SHF,389.9,388.06,42381,-0.82000000000005,AU2203.SHF,388.9,387.76,21,1.82000000000005,AU2302.SHF,393.58,393.04,358,4.680000000000007,0.013033794625791613,0.012955994204134635,79093.0,49521.0,1434.0,2180.0,39.0,46145.0,21303.0,0.22992831262537516,0.5834271048006777,0.43018113527594354,3363.0,0.0,1.0
2022-02-23,AU2206.SHF,387.9,389.04,386.6,387.58,387.86,390.72,389.16,-1.58,-1.3,108472,4207398.74,154116,1961.0,112,0.6882042432240382,0.6811094611794655,8,AU2204.SHF,386.52,386.98,38496,-1.0600000000000023,AU2203.SHF,386.06,385.7,20,1.5199999999999818,AU2302.SHF,392.78,392.78,357,6.71999999999997,0.01885286815244187,0.018690665352765336,78818.0,49751.0,-256.0,344.0,39.0,46034.0,21662.0,0.22608093708436716,0.5840544038163871,0.43540833350083413,3363.0,0.0,1.0
2022-02-24,AU2206.SHF,386.72,397.36,386.72,396.04,391.56,387.58,387.86,8.18,3.7,169790,6648337.69,160094,5978.0,111,0.7011364199468129,0.6824126172208014,8,AU2208.SHF,396.82,392.1,31390,0.7799999999999727,AU2203.SHF,394.1,392.04,19,1.9399999999999977,AU2302.SHF,398.4,398.06,356,4.2999999999999545,0.01181748294766196,0.011753478192765803,82689.0,53878.0,4208.0,4127.0,38.0,46971.0,24487.0,0.2109660459701099,0.5680441171135218,0.45448977319128403,3363.0,0.0,1.0
2022-02-25,AU2206.SHF,400.24,401.58,389.0,391.42,394.7,396.04,391.56,-0.14,3.14,267276,10549455.75,158160,-1934.0,110,0.760854465332893,0.6635118807893677,8,AU2208.SHF,392.18,395.4,34828,0.7599999999999909,AU2203.SHF,389.56,390.56,18,1.8600000000000136,AU2302.SHF,394.7,397.66,355,5.139999999999986,0.014290641530290672,0.014197184674089166,,,,,,,,,,,3363.0,0.0,1.0
2022-02-28,AU2206.SHF,387.02,392.38,384.46,389.02,387.0,391.42,394.7,-5.68,-7.7,199335,7714389.18,148983,-9177.0,107,0.7059204748278891,0.6575612727248653,8,AU2208.SHF,389.96,388.14,37962,0.9399999999999977,AU2203.SHF,387.0,385.58,15,2.019999999999982,AU2302.SHF,391.96,390.34,352,4.9599999999999795,0.013881412984304464,0.013793209997952874,78560.0,46881.0,-4751.0,-2418.0,36.0,44232.0,21214.0,0.2525410352277166,0.5630346232179226,0.4525074123845481,3363.0,0.0,1.0
2022-03-01,AU2206.SHF,389.02,391.12,385.72,389.14,388.76,389.02,387.0,2.14,1.76,161636,6284010.19,151624,2641.0,106,0.7006905640256458,0.6547455058144808,8,AU2208.SHF,389.96,389.96,40897,0.8199999999999932,AU2203.SHF,385.58,385.58,14,3.5600000000000023,AU2302.SHF,392.06,392.38,351,6.480000000000018,0.018202182753547326,0.018050923509788642,82291.0,47554.0,3731.0,681.0,36.0,46912.0,21177.0,0.2675266664099503,0.570074491742718,0.44532531437944234,3363.0,0.0,1.0
2022-03-02,AU2206.SHF,390.9,395.06,389.88,394.5,392.56,389.14,388.76,5.74,3.8,204677,8035161.82,153579,1955.0,105,0.7337197714351265,0.6421117326844442,8,AU2208.SHF,395.34,393.44,43011,0.839999999999975,AU2203.SHF,393.5,395.58,13,1.0,AU2302.SHF,397.18,396.58,350,3.680000000000007,0.010128987742205508,0.010081917985681454,81268.0,50633.0,-435.0,3079.0,36.0,45734.0,22782.0,0.23225752647819198,0.5627553280504012,0.44994371259850297,3363.0,0.0,1.0
2022-03-03,AU2206.SHF,392.6,394.52,390.94,393.2,392.88,394.5,392.56,0.64,0.32,178150,6999511.21,152607,-972.0,104,0.7095348096224311,0.6411116012351125,8,AU2208.SHF,393.96,393.88,41840,0.7599999999999909,AU2203.SHF,392.44,392.44,12,0.7599999999999909,AU2302.SHF,396.28,396.22,349,3.839999999999975,0.010597926931769966,0.01054641268699807,82487.0,49264.0,1501.0,-1144.0,37.0,46613.0,22344.0,0.25216506895583335,0.5650951058954744,0.4535563494641117,3363.0,0.0,1.0
2022-03-04,AU2206.SHF,393.6,397.08,392.42,394.64,394.34,393.2,392.88,1.76,1.46,178195,7027235.23,153000,393.0,103,0.7129568132896958,0.6367836184292671,8,AU2208.SHF,395.38,395.04,41023,0.7400000000000091,AU2203.SHF,392.44,392.44,11,2.1999999999999886,AU2302.SHF,398.18,397.32,348,5.740000000000009,0.015841692861552317,0.015726956515157518,82842.0,50440.0,431.0,1176.0,35.0,47137.0,23706.0,0.24310859680977176,0.5689988170251805,0.46998413957176843,3363.0,0.0,1.0
2022-03-07,AU2206.SHF,396.2,406.54,395.32,403.3,400.6,394.64,394.34,8.96,6.26,246146,9860885.6,157362,4362.0,100,0.7357063224248366,0.6408761026626809,8,AU2208.SHF,404.24,401.9,38662,0.9399999999999977,AU2203.SHF,394.66,394.66,8,8.639999999999986,AU2302.SHF,406.32,404.84,345,11.659999999999968,0.031999147070362444,0.03153555783197033,82176.0,55547.0,69.0,5442.0,37.0,46335.0,26746.0,0.19335187296239553,0.5638507593457944,0.48150215133130503,3363.0,0.0,1.0
2022-03-08,AU2206.SHF,402.6,412.84,398.38,412.2,403.64,403.3,400.6,11.6,3.04,248842,10044343.0,160192,2830.0,99,0.7514820239479366,0.6439646404753195,8,AU2208.SHF,412.9,404.2,39078,0.6999999999999886,AU2203.SHF,394.66,394.66,7,17.539999999999964,AU2302.SHF,415.58,409.18,344,20.91999999999996,0.05741184877461279,0.05594193634307349,84802.0,58347.0,4150.0,4297.0,35.0,46448.0,28480.0,0.18480743840334196,0.5477229310629467,0.48811421324146914,3363.0,0.0,1.0
2022-03-09,AU2206.SHF,409.5,420.74,407.8,417.16,415.06,412.2,403.64,13.52,11.42,338749,14060211.68,155056,-5136.0,98,0.7710582022625362,0.6370994913262497,8,AU2208.SHF,417.82,415.86,38322,0.6599999999999682,AU2203.SHF,416.3,417.7,6,0.8600000000000136,AU2302.SHF,420.32,416.76,343,4.019999999999982,0.010458818003166214,0.010408642978485129,81782.0,57191.0,-1715.0,384.0,38.0,44800.0,29347.0,0.1769480402668144,0.5477978039177325,0.5131401793988565,3363.0,0.0,1.0
2022-03-10,AU2206.SHF,408.32,409.04,399.68,404.0,404.5,417.16,415.06,-11.06,-10.56,267975,10839975.59,145334,-9722.0,97,0.7599605237410562,0.6278387613777253,8,AU2208.SHF,404.84,405.16,35700,0.839999999999975,AU2203.SHF,401.5,404.66,5,2.5,AU2302.SHF,406.98,407.5,342,5.480000000000018,0.014782843269490097,0.01468286777957794,76689.0,52417.0,-4901.0,-4612.0,36.0,42752.0,26585.0,0.18800055768128515,0.557472388478139,0.5071827842112292,3363.0,0.0,1.0
2022-03-11,AU2206.SHF,407.46,408.82,403.54,404.78,406.34,404.0,404.5,0.28,1.84,186460,7576716.78,143797,-1537.0,96,0.7393602467970705,0.6352776415598644,8,AU2208.SHF,405.6,407.06,33491,0.82000000000005,AU2203.SHF,404.66,404.66,4,0.1199999999999477,AU2302.SHF,407.52,409.22,341,2.859999999999957,0.007654885861611331,0.007627961576367675,77084.0,53252.0,395.0,864.0,37.0,42160.0,26830.0,0.18285047876258287,0.546935810284884,0.503830842034102,3363.0,0.0,1.0
2022-03-14,AU2206.SHF,402.36,406.48,400.2,402.5,403.22,404.78,406.34,-3.84,-3.12,193134,7787558.19,139748,-4049.0,93,0.7617135735470436,0.6280639623201172,8,AU2208.SHF,403.34,403.72,34799,0.839999999999975,AU2203.SHF,404.66,404.66,1,-2.160000000000025,AU2302.SHF,405.62,405.62,338,0.9599999999999795,0.002569472177324115,0.0025664291301253643,75839.0,50950.0,-868.0,-1933.0,36.0,42482.0,25611.0,0.19630251835727075,0.560160339666926,0.5026692836113837,3399.0,36.0,1.0
2022-03-15,AU2206.SHF,400.28,401.06,393.04,394.46,398.3,402.5,403.22,-8.76,-4.92,169348,6745382.72,133762,-5986.0,92,0.7535721119402653,0.6157762688456669,8,AU2208.SHF,394.62,399.08,35965,0.160000000000025,AU2204.SHF,393.26,397.5,31,1.1999999999999886,AU2302.SHF,397.86,400.12,337,4.600000000000023,0.01395241851338849,0.013871447925681114,72417.0,49271.0,-2095.0,-776.0,35.0,40917.0,25024.0,0.19020774439550325,0.5650192634326194,0.507884962756997,3399.0,0.0,1.0
2022-03-16,AU2206.SHF,393.3,394.92,390.7,391.04,392.84,394.46,398.3,-7.26,-5.46,154667,6076179.43,131122,-2640.0,91,0.7673991674398527,0.6107304713153887,7,AU2208.SHF,392.1,393.76,37233,1.0600000000000023,AU2204.SHF,390.14,391.94,30,0.9000000000000341,AU2302.SHF,394.3,396.74,336,4.160000000000025,0.012718745843205008,0.012651415075588781,71534.0,47881.0,-851.0,-1345.0,36.0,39897.0,23858.0,0.19807394380940418,0.5577347834596136,0.4982769783421399,3399.0,0.0,1.0
2022-03-17,AU2206.SHF,392.0,396.26,388.5,395.44,392.62,391.04,392.84,2.6,-0.22,160425,6298856.44,133249,2127.0,90,0.8078119964550435,0.6153664979495327,7,AU2208.SHF,396.3,393.52,37283,0.8600000000000136,AU2204.SHF,394.62,391.48,29,0.8199999999999932,AU2302.SHF,398.08,397.22,335,3.4599999999999795,0.010458476972800343,0.010412893636756465,73769.0,47187.0,2498.0,-508.0,36.0,40106.0,23512.0,0.21976586527332254,0.5436701053287967,0.49827282938097356,3399.0,0.0,1.0
2022-03-18,AU2206.SHF,396.38,398.58,395.32,395.9,397.14,395.44,392.62,3.28,4.52,124890,4959969.14,133459,210.0,89,0.7774188126762405,0.6175941136999931,7,AU2208.SHF,396.86,397.92,37782,0.9600000000000364,AU2204.SHF,395.1,396.4,28,0.7999999999999545,AU2302.SHF,398.4,399.78,334,3.2999999999999545,0.009962729713500127,0.009921354009741168,73703.0,47476.0,-7.0,289.0,35.0,39323.0,24059.0,0.2164318900139463,0.5335332347394272,0.5067613109781784,3399.0,0.0,1.0
2022-03-21,AU2206.SHF,396.88,396.98,393.74,394.76,395.58,395.9,397.14,-2.38,-1.56,121955,4824324.16,133301,-158.0,86,0.7819783658316074,0.6171828338341444,8,AU2208.SHF,395.54,396.44,38382,0.7800000000000296,AU2204.SHF,393.9,394.92,25,0.8600000000000136,AU2304.SHF,398.96,398.92,392,5.060000000000002,0.012775895070119026,0.01269453218056544,73347.0,46249.0,1022.0,-1044.0,37.0,40684.0,23298.0,0.22657948426368774,0.5546784462895551,0.5037514324634046,3399.0,0.0,1.0
2022-03-22,AU2206.SHF,394.88,398.06,393.22,397.16,396.16,394.76,395.58,1.58,0.58,104039,4121750.8,137886,4585.0,85,0.7831313511479112,0.6239806677587815,8,AU2208.SHF,397.9,396.96,39145,0.7399999999999523,AU2204.SHF,396.58,395.42,24,0.5800000000000409,AU2304.SHF,407.12,404.18,391,10.54000000000002,0.02643240029225359,0.026087252261907508,76662.0,48048.0,3644.0,1883.0,37.0,41926.0,24355.0,0.22944431080105845,0.5468941587748819,0.5068889443889444,3399.0,0.0,1.0
2022-03-23,AU2206.SHF,396.18,396.18,392.78,394.72,394.42,397.16,396.16,-1.44,-1.74,108959,4297628.1,139376,1490.0,84,0.8067332040100103,0.6285134495276319,8,AU2208.SHF,395.54,395.18,39760,0.8199999999999932,AU2204.SHF,393.78,393.76,23,0.9400000000000546,AU2304.SHF,399.06,398.94,390,5.28000000000003,0.013335431352628787,0.01324681850382816,77423.0,47214.0,1097.0,-766.0,37.0,41325.0,23484.0,0.24237585949597631,0.5337561189827312,0.49739484051340704,3399.0,0.0,1.0
2022-03-24,AU2206.SHF,396.5,400.96,396.3,399.02,398.32,394.72,394.42,4.6,3.9,111485,4440676.5,142185,2809.0,83,0.8121881033038284,0.6335326513153204,8,AU2208.SHF,399.76,399.08,39971,0.7400000000000091,AU2204.SHF,398.06,397.72,22,0.9599999999999795,AU2304.SHF,403.52,405.42,389,5.4599999999999795,0.013641775691120886,0.013549063640872659,79061.0,48198.0,2130.0,1039.0,36.0,42657.0,24118.0,0.24252115763914536,0.5395454143003504,0.5003942072285157,3300.0,-99.0,1.0
2022-03-25,AU2206.SHF,400.32,403.7,399.82,401.7,402.18,399.02,398.32,3.38,3.86,131539,5290386.78,146137,3952.0,82,0.8180286069651741,0.6415623641799432,8,AU2208.SHF,402.54,402.72,40175,0.8400000000000318,AU2204.SHF,399.98,400.98,21,1.7199999999999704,AU2304.SHF,405.24,405.04,388,5.259999999999991,0.013078991824250557,0.01299373975354424,83499.0,48919.0,4611.0,1295.0,35.0,44582.0,24232.0,0.2611427449440408,0.5339225619468496,0.49534945522189744,3300.0,0.0,1.0
2022-03-28,AU2206.SHF,401.5,403.04,397.46,397.68,400.68,401.7,402.18,-4.5,-1.5,135966,5447924.22,145537,-600.0,79,0.8273407122994262,0.638104675175489,8,AU2208.SHF,398.62,401.18,40939,0.9399999999999977,AU2204.SHF,397.08,399.6,18,0.6000000000000227,AU2304.SHF,401.1,405.24,385,4.020000000000039,0.01006873336116613,0.010018107315769725,82469.0,48992.0,-875.0,445.0,36.0,43561.0,23957.0,0.2546534713717376,0.528210600346797,0.4889982037883736,3300.0,0.0,1.0
2022-03-29,AU2206.SHF,398.34,399.16,394.76,395.54,397.1,397.68,400.68,-5.14,-3.58,97191,3859462.65,143417,-2120.0,78,0.8131368907183374,0.6349734130866942,8,AU2208.SHF,396.4,398.12,40999,0.8599999999999568,AU2204.SHF,395.02,395.04,17,0.5200000000000387,AU2304.SHF,402.26,402.26,384,7.240000000000009,0.01822830479248675,0.018063272359516724,81430.0,48112.0,-1019.0,-779.0,37.0,43660.0,23260.0,0.2571984375723704,0.5361660321748741,0.4834552710342534,3300.0,0.0,1.0
2022-03-30,AU2206.SHF,390.0,395.54,388.8,394.74,392.22,395.54,397.1,-2.36,-4.88,141284,5541542.16,142204,-1213.0,77,0.807623272245024,0.6291265915747188,8,AU2208.SHF,395.5,393.16,42784,0.7599999999999909,AU2204.SHF,393.9,393.16,16,0.8400000000000318,AU2304.SHF,397.26,397.26,383,3.3600000000000136,0.00848359830743085,0.00844761985994983,80841.0,47588.0,-391.0,-314.0,36.0,43392.0,22922.0,0.2589212716754004,0.536757338479237,0.48167605278641673,3300.0,0.0,1.0
2022-03-31,AU2206.SHF,394.96,397.2,392.6,394.34,395.38,394.74,392.22,2.12,3.16,101336,4006636.09,140897,-1307.0,76,0.8024262196425602,0.6273492704516209,8,AU2208.SHF,395.06,396.04,43132,0.7200000000000273,AU2204.SHF,392.0,394.18,15,2.339999999999975,AU2304.SHF,397.26,397.26,382,5.259999999999991,0.013345242729244308,0.013256500018083733,79552.0,45963.0,-1289.0,-30.0,36.0,42076.0,22562.0,0.2676094490698323,0.5289119066773934,0.49087309357526704,3300.0,0.0,1.0
2022-04-01,AU2206.SHF,395.88,398.28,395.08,396.26,396.66,394.34,395.38,0.88,1.28,106554,4226737.0,140830,-67.0,75,0.8093487474744406,0.625958405746212,8,AU2208.SHF,396.98,397.24,43537,0.7200000000000273,AU2204.SHF,395.36,395.42,14,0.8999999999999773,AU2304.SHF,400.1,400.1,381,4.740000000000009,0.011923737700651891,0.011852826627669372,80678.0,46003.0,1126.0,40.0,37.0,42321.0,22575.0,0.27371902653120833,0.5245667964005057,0.49072886550877115,3300.0,0.0,1.0
2022-04-06,AU2206.SHF,394.1,395.74,393.48,394.5,394.8,396.26,396.66,-2.16,-1.86,46276,1827002.97,139966,-864.0,70,0.8066377311788596,0.624368788251878,8,AU2208.SHF,395.26,395.68,43264,0.7599999999999909,AU2204.SHF,393.6,394.0,9,0.8999999999999773,AU2304.SHF,398.94,398.72,376,5.339999999999975,0.013493138167076368,0.013402426510836066,79655.0,44601.0,-924.0,-1028.0,36.0,42191.0,21104.0,0.28211112541849087,0.529671709246124,0.47317324723660903,3300.0,0.0,1.0
2022-04-07,AU2206.SHF,395.18,395.96,393.5,394.94,394.94,394.5,394.8,0.14,0.14,86765,3426783.17,140573,607.0,69,0.7897419560369544,0.6188444843586289,8,AU2208.SHF,395.82,395.72,44064,0.8799999999999955,AU2204.SHF,393.92,393.84,8,1.0199999999999818,AU2304.SHF,399.0,398.6,375,5.079999999999984,0.012825741460941915,0.012743745153209139,79815.0,45035.0,160.0,434.0,37.0,42318.0,21297.0,0.27857428914697635,0.5302010900206728,0.47289885644498725,3300.0,0.0,1.0
2022-04-08,AU2206.SHF,395.3,397.32,395.3,396.04,396.32,394.94,394.94,1.1,1.38,95198,3773057.89,142163,1590.0,68,0.7847433456158139,0.6173645309500856,8,AU2208.SHF,397.04,397.18,44198,1.0,AU2204.SHF,395.0,395.92,7,1.0400000000000205,AU2304.SHF,399.56,399.6,374,4.560000000000002,0.011481392060152387,0.011415625390822536,81510.0,44809.0,1695.0,581.0,37.0,43724.0,20138.0,0.2905421987191159,0.5364249785302417,0.4494186435760673,3300.0,0.0,1.0
2022-04-11,AU2206.SHF,396.72,400.18,396.46,399.6,398.98,396.04,396.32,3.28,2.66,128916,5143725.51,149299,7136.0,65,0.7918332749820339,0.6227356338139789,8,AU2208.SHF,400.56,399.76,44473,0.9599999999999795,AU2204.SHF,397.6,398.3,4,2.0,AU2304.SHF,403.0,402.34,371,5.399999999999977,0.013507475369930596,0.013416571702878218,85951.0,46435.0,4441.0,1698.0,36.0,46155.0,20684.0,0.2984907769703745,0.5369920070737979,0.4454398621729299,3300.0,0.0,1.0
2022-04-12,AU2206.SHF,403.44,403.5,398.78,401.78,401.38,399.6,398.98,2.8,2.4,125403,5033564.85,151812,2513.0,64,0.8133070452496611,0.6228670132235948,8,AU2208.SHF,402.64,402.34,45161,0.8600000000000136,AU2204.SHF,399.8,400.6,3,1.9799999999999613,AU2304.SHF,405.66,405.16,370,5.860000000000014,0.01457745221384529,0.014471651543555182,88047.0,48223.0,2752.0,1967.0,38.0,46713.0,21309.0,0.29224334042709327,0.530546185559985,0.44188457789851315,3300.0,0.0,1.0
2022-04-13,AU2206.SHF,404.34,404.74,402.02,403.7,403.56,401.78,401.38,2.32,2.18,134210,5416233.1,157387,5575.0,63,0.7910340437570728,0.6273022579166584,8,AU2208.SHF,404.62,404.38,45860,0.9200000000000159,AU2204.SHF,400.6,400.6,2,3.099999999999966,AU2304.SHF,407.6,407.56,369,7.0,0.017378564306129347,0.017228475511310428,91639.0,50392.0,3625.0,2169.0,37.0,47877.0,21787.0,0.2904084319620365,0.5224522310370039,0.4323503730750913,3303.0,3.0,1.0
2022-04-14,AU2206.SHF,405.7,406.08,403.92,404.32,405.06,403.7,403.56,0.76,1.5,96536,3910340.28,157758,371.0,62,0.7957990882636616,0.6251456287595996,8,AU2208.SHF,405.16,405.88,46502,0.8400000000000318,AU2204.SHF,400.6,400.6,1,3.7199999999999704,AU2304.SHF,408.8,409.0,368,8.199999999999989,0.02035774675860863,0.020152192684164887,92479.0,50348.0,917.0,152.0,39.0,48744.0,21737.0,0.29497924061977077,0.5270818239816607,0.43173512354016047,3303.0,0.0,1.0
2022-04-15,AU2206.SHF,404.96,406.28,402.78,405.82,404.8,404.32,405.06,0.76,-0.26,113478,4593809.32,161169,3411.0,61,0.7941633424312408,0.6250615679962769,8,AU2208.SHF,406.72,405.56,46884,0.9000000000000341,AU2205.SHF,404.64,403.7,31,1.1800000000000068,AU2304.SHF,409.08,408.12,367,4.439999999999998,0.011919766423770033,0.01185484479433729,95666.0,48942.0,3223.0,-1406.0,38.0,50924.0,21062.0,0.3231079884930294,0.5323103296887086,0.43034612398349065,3303.0,0.0,1.0
2022-04-18,AU2206.SHF,405.82,408.46,404.92,408.02,407.06,405.82,404.8,3.22,2.26,73708,3000434.23,160397,-772.0,58,0.7660441284985294,0.6215998356837532,8,AU2208.SHF,408.92,408.0,47146,0.9000000000000341,AU2205.SHF,406.24,405.92,28,1.7799999999999727,AU2304.SHF,410.88,411.32,364,4.639999999999986,0.012407631425945673,0.01233730753984601,93496.0,48497.0,-1914.0,-445.0,38.0,49922.0,20638.0,0.31690998852056085,0.5339479763840165,0.4255520960059385,3303.0,0.0,1.0
2022-04-19,AU2206.SHF,408.5,409.04,404.56,405.1,406.52,408.02,407.06,-1.96,-0.54,106332,4322746.83,155858,-4539.0,57,0.7458387985999565,0.6064206868913246,8,AU2208.SHF,405.9,407.4,47431,0.7999999999999545,AU2205.SHF,404.0,404.6,27,1.1000000000000227,AU2304.SHF,409.2,410.68,363,5.199999999999989,0.013982201791607743,0.013892982090646714,92336.0,46885.0,-748.0,-1612.0,37.0,50073.0,20210.0,0.3264665531780407,0.5422911973661411,0.4310547083288898,3303.0,0.0,1.0
2022-04-20,AU2206.SHF,404.46,405.24,399.32,400.06,402.26,405.1,406.52,-6.46,-4.26,161069,6479223.57,143143,-12715.0,56,0.7469589534069461,0.5816480359530107,8,AU2208.SHF,400.88,403.06,46747,0.8199999999999932,AU2205.SHF,399.72,399.26,26,0.339999999999975,AU2304.SHF,404.0,406.46,362,4.279999999999973,0.011631654062605632,0.011569822107618769,81528.0,42909.0,-8778.0,-3976.0,37.0,43071.0,18260.0,0.3103498155693242,0.5282970267883427,0.4255517490503158,3267.0,-36.0,1.0
2022-04-21,AU2206.SHF,402.44,405.16,401.76,405.06,403.4,400.06,402.26,2.8,1.14,102896,4150909.69,142342,-801.0,55,0.7464561902412837,0.5751726423061537,8,AU2208.SHF,405.82,404.18,46691,0.7599999999999909,AU2205.SHF,402.3,401.04,25,2.759999999999991,AU2304.SHF,407.76,407.32,361,5.4599999999999795,0.014743350733283568,0.01464419875820223,81982.0,41875.0,812.0,-724.0,35.0,42890.0,18081.0,0.32381698248786905,0.5231636212827206,0.43178507462686566,3267.0,0.0,1.0
2022-04-22,AU2206.SHF,404.16,407.16,402.7,406.8,404.76,405.06,403.4,3.4,1.36,125149,5065684.59,148913,6571.0,54,0.7233001011414536,0.5785028611830886,8,AU2208.SHF,407.54,405.48,47289,0.7400000000000091,AU2205.SHF,406.68,403.0,24,0.12000000000000455,AU2304.SHF,410.62,408.92,360,3.9399999999999977,0.010524391471942476,0.010473737134360731,87799.0,43200.0,6314.0,1325.0,37.0,46715.0,18567.0,0.3404529805571035,0.532067563411884,0.4297916666666667,3264.0,-3.0,1.0
2022-04-25,AU2206.SHF,405.66,407.78,403.48,404.42,405.18,406.8,404.76,-0.34,0.42,181631,7359619.59,140109,-8804.0,51,0.7512211464093539,0.5579008983180428,8,AU2208.SHF,405.18,406.08,47254,0.7599999999999909,AU2205.SHF,401.08,401.46,21,3.340000000000032,AU2304.SHF,406.94,408.84,357,5.860000000000014,0.01587158125442257,0.01575675210354692,80729.0,41496.0,-6910.0,-1704.0,37.0,42194.0,18047.0,0.32098997750051134,0.5226622403349478,0.4349093888567573,3264.0,0.0,1.0
2022-04-26,AU2206.SHF,399.88,402.56,399.6,401.3,400.86,404.42,405.18,-3.88,-4.32,153998,6173282.51,132594,-7515.0,50,0.7546406099927475,0.5399855834429508,8,AU2208.SHF,402.04,401.68,47755,0.7400000000000091,AU2205.SHF,398.5,397.68,20,2.8000000000000114,AU2304.SHF,405.0,404.68,356,6.5,0.017718975921610886,0.017576019761423697,73914.0,39609.0,-5777.0,-1401.0,36.0,38164.0,17521.0,0.3021854602151106,0.516329788673323,0.4423489610947007,3264.0,0.0,1.0
2022-04-27,AU2206.SHF,401.0,403.2,400.78,400.9,401.86,401.3,400.86,0.04,1.0,128668,5170774.51,117602,-14992.0,49,0.7147745705841833,0.49575495957305094,8,AU2208.SHF,401.96,402.72,52555,1.0600000000000023,AU2205.SHF,400.74,400.82,19,0.15999999999996817,AU2304.SHF,405.0,405.98,355,4.259999999999991,0.011547832937636799,0.011486885822746814,64344.0,38157.0,-9065.0,-1452.0,36.0,32830.0,17099.0,0.255480434337226,0.5102262837249782,0.44812223183164296,3264.0,0.0,1.0
2022-04-28,AU2206.SHF,400.8,401.1,397.66,400.82,399.08,400.9,401.86,-1.04,-2.78,152938,6103498.29,113128,-4474.0,48,0.6851846044254885,0.4756814942204917,8,AU2208.SHF,401.88,400.12,53991,1.0600000000000023,AU2205.SHF,397.9,398.06,18,2.920000000000016,AU2304.SHF,403.48,403.38,354,5.580000000000041,0.015233996337917036,0.015128166681902993,60148.0,37593.0,-4196.0,-564.0,35.0,29181.0,17239.0,0.2307629346947545,0.4851532885548979,0.4585694145186604,3264.0,0.0,1.0
2022-04-29,AU2206.SHF,401.52,407.06,401.32,405.82,404.04,400.82,399.08,6.74,4.96,136855,5529545.07,111709,-1419.0,47,0.7180408720060862,0.46703625197021575,8,AU2208.SHF,406.62,404.82,54114,0.8000000000000114,AU2205.SHF,401.6,401.48,17,4.21999999999997,AU2304.SHF,409.76,409.38,353,8.159999999999968,0.022072424587364758,0.021851174812199104,61125.0,38701.0,1360.0,1820.0,36.0,28921.0,16878.0,0.22463085769238475,0.4731451942740286,0.4361127619441358,3264.0,0.0,1.0
2022-05-05,AU2206.SHF,402.78,405.04,402.36,404.52,404.34,405.82,404.04,0.48,0.3,49351,1995470.69,109650,-2059.0,41,0.6304178429544091,0.4571721619052384,8,AU2208.SHF,405.32,405.12,55253,0.8000000000000114,AU2205.SHF,401.48,401.48,11,3.0399999999999636,AU2304.SHF,408.3,408.04,347,6.819999999999993,0.018453300170322123,0.018298318374031602,60632.0,39512.0,-438.0,811.0,37.0,29078.0,17855.0,0.210896309314587,0.4795817390157013,0.4518880340149828,3264.0,0.0,1.0
2022-05-06,AU2206.SHF,406.54,406.88,401.2,403.6,403.88,404.52,404.34,-0.74,-0.46,145835,5890154.95,107145,-2505.0,40,0.6695545179492124,0.44384654578895694,8,AU2208.SHF,404.32,404.72,56619,0.7199999999999704,AU2205.SHF,401.48,401.48,10,2.1200000000000045,AU2304.SHF,406.64,406.96,346,5.159999999999968,0.013961734439715875,0.013872774644233128,60251.0,37815.0,-381.0,-1697.0,38.0,30278.0,16623.0,0.22878469602104706,0.5025310783223514,0.43958746529155096,3264.0,0.0,1.0
2022-05-09,AU2206.SHF,404.22,406.58,403.44,405.36,405.14,403.6,403.88,1.48,1.26,114119,4623589.49,106773,-372.0,37,0.6888373805600324,0.4370103877606149,8,AU2208.SHF,406.16,405.84,57990,0.8000000000000114,AU2205.SHF,413.3,413.3,7,-7.939999999999998,AU2304.SHF,408.6,408.56,343,-4.699999999999989,-0.012353386793865892,-0.01242416453562569,59913.0,37773.0,-338.0,-42.0,37.0,29450.0,16702.0,0.22664455500276395,0.49154607514228965,0.4421676859132184,3264.0,0.0,1.0
2022-05-10,AU2206.SHF,403.56,405.76,402.04,402.3,403.58,405.36,405.14,-2.84,-1.56,129279,5217525.64,98089,-8684.0,36,0.6832278113075922,0.4098431891966423,8,AU2208.SHF,403.02,404.26,58202,0.7199999999999704,AU2205.SHF,411.56,411.56,6,-9.259999999999991,AU2304.SHF,405.7,406.68,342,-5.860000000000014,-0.015467425914869767,-0.01557859899628241,54607.0,36381.0,-3524.0,-506.0,38.0,27740.0,16849.0,0.20031212907196552,0.507993480689289,0.463126357164454,3264.0,0.0,1.0
2022-05-11,AU2206.SHF,403.58,404.16,398.08,399.94,400.82,402.3,403.58,-3.64,-2.76,128547,5152526.53,92201,-5888.0,35,0.679133140674447,0.3937134634025527,8,AU2208.SHF,400.7,401.38,57741,0.7599999999999909,AU2205.SHF,404.0,404.04,5,-4.060000000000002,AU2304.SHF,402.42,403.72,341,-1.579999999999984,-0.004248438236680815,-0.004256767550086199,50827.0,35119.0,-2699.0,-49.0,38.0,25881.0,16540.0,0.1827659227887278,0.5091978672752671,0.47097013012899,3264.0,0.0,1.0
2022-05-12,AU2206.SHF,399.94,404.58,399.62,404.24,402.16,399.94,400.82,3.42,1.34,130086,5231675.74,89191,-3010.0,34,0.6564363929959126,0.3794683503373865,8,AU2208.SHF,405.02,402.86,58131,0.7799999999999727,AU2205.SHF,404.04,404.04,4,0.19999999999998863,AU2304.SHF,407.58,405.82,340,3.5399999999999636,0.009517710410567506,0.009476257609086202,51521.0,34212.0,878.0,-357.0,37.0,25422.0,15916.0,0.20189425308807576,0.4934298635507851,0.4652168829650415,3264.0,0.0,1.0
2022-05-13,AU2206.SHF,403.2,404.34,399.22,399.66,401.42,404.24,402.16,-2.5,-0.74,126324,5070965.89,82247,-6944.0,33,0.6480081254937367,0.35712207724539197,8,AU2208.SHF,400.48,402.26,57656,0.8199999999999932,AU2205.SHF,404.04,404.04,3,-4.3799999999999955,AU2304.SHF,404.12,404.86,339,0.07999999999998408,0.00021508950080379228,0.0002150682097322967,46504.0,33546.0,-4906.0,-574.0,39.0,24162.0,15560.0,0.16187382885696439,0.5195682091863065,0.4638406963572408,3264.0,0.0,1.0
2022-05-16,AU2206.SHF,396.62,398.06,394.82,395.84,396.38,399.66,401.42,-5.58,-5.04,132666,5258726.91,75447,-6800.0,30,0.612122861980981,0.3345394080478883,8,AU2208.SHF,396.68,397.24,55751,0.8400000000000318,AU2206.SHF,395.84,396.38,30,0.0,AU2304.SHF,398.8,399.3,336,2.9600000000000364,0.00891956081812958,0.008886376936272887,41840.0,31385.0,-2940.0,-1833.0,35.0,21914.0,15113.0,0.14277910549675657,0.5237571701720841,0.4815357654930699,3267.0,3.0,1.0
2022-05-17,AU2206.SHF,396.1,398.44,394.56,397.98,396.68,395.84,396.38,1.6,0.3,97417,3864482.85,65894,-9553.0,29,0.6068990007226694,0.302930278316676,7,AU2208.SHF,398.98,397.64,54406,1.0,AU2206.SHF,397.98,396.68,29,0.0,AU2304.SHF,401.48,400.06,335,3.5,0.010490066338276354,0.010444208025258833,36523.0,27850.0,-4721.0,-3506.0,39.0,18679.0,12807.0,0.13473039939104905,0.5114311529720997,0.45985637342908436,3267.0,0.0,1.0
2022-05-18,AU2206.SHF,396.98,396.98,393.04,393.32,394.8,397.98,396.68,-3.36,-1.88,94759,3741097.51,62145,-3749.0,28,0.557957275425126,0.28566766110608016,8,AU2212.SHF,395.74,396.94,57495,2.420000000000016,AU2206.SHF,393.32,394.8,28,0.0,AU2306.SHF,398.28,399.78,393,4.9599999999999795,0.012610596969388821,0.012531745607928104,33937.0,27867.0,-1905.0,830.0,36.0,16908.0,13128.0,0.09821370785062455,0.49821728496920764,0.4710948433631177,3267.0,0.0,1.0
2022-05-19,AU2212.SHF,395.5,398.48,395.5,397.2,397.04,395.74,396.94,0.26,0.1,15133,600857.39,60840,3345.0,210,0.10645646913163374,0.2823529411764706,8,AU2206.SHF,394.96,394.94,57132,-2.240000000000009,AU2206.SHF,394.96,394.94,27,2.240000000000009,AU2306.SHF,399.0,399.62,392,4.0400000000000205,0.010228883937613897,0.010176922939255971,,,,,,,,,,,3267.0,0.0,1.0
2022-05-20,AU2212.SHF,400.42,400.9,398.82,399.5,399.82,397.2,397.04,2.46,2.78,24912,996061.81,65322,4482.0,209,0.13311816695343642,0.31291826146940616,8,AU2208.SHF,398.16,398.4,51206,-1.339999999999975,AU2206.SHF,397.18,397.5,26,2.319999999999993,AU2306.SHF,400.04,402.06,391,2.8600000000000136,0.007200765396042197,0.007174963672296799,,,,,,,,,,,3267.0,0.0,1.0
2022-05-23,AU2212.SHF,398.6,401.38,397.04,399.32,399.22,399.5,399.82,-0.5,-0.6,26136,1043431.01,68497,3175.0,206,0.1505139796711682,0.32930300087497477,8,AU2208.SHF,398.1,397.84,52735,-1.2199999999999704,AU2206.SHF,397.16,396.88,23,2.159999999999968,AU2306.SHF,401.12,401.38,388,3.9599999999999795,0.009970792627656211,0.009921412244589757,,,,,,,,,,,3267.0,0.0,1.0
2022-05-24,AU2212.SHF,399.0,400.84,398.0,400.18,399.48,399.32,399.22,0.96,0.26,20915,835515.43,70884,2387.0,205,0.1556638880619232,0.3437716724459856,8,AU2208.SHF,399.04,398.08,53462,-1.1399999999999864,AU2206.SHF,398.08,397.14,22,2.1000000000000227,AU2306.SHF,402.98,401.86,387,4.900000000000034,0.012309083601286241,0.012233942812860247,,,,,,,,,,,3267.0,0.0,1.0
2022-05-25,AU2212.SHF,400.4,402.42,400.4,400.84,401.24,400.18,399.48,1.36,1.76,24489,982623.16,74741,3857.0,204,0.16373811529666626,0.3640557035766996,8,AU2208.SHF,399.7,400.06,55456,-1.1399999999999864,AU2206.SHF,398.84,399.24,21,2.0,AU2306.SHF,402.0,402.72,386,3.160000000000025,0.007922976632233514,0.007891754658428923,,,,,,,,,,,3267.0,0.0,1.0
2022-05-26,AU2212.SHF,401.0,402.64,399.92,402.4,401.32,400.84,401.24,1.16,0.08,33632,1349774.98,81139,6398.0,203,0.20447097876376283,0.38504868928076535,8,AU2208.SHF,401.16,400.04,59147,-1.2399999999999523,AU2206.SHF,400.36,399.12,20,2.0399999999999636,AU2306.SHF,403.5,402.18,385,3.1399999999999864,0.007842941352782518,0.00781234535918543,,,,,,,,,,,3267.0,0.0,1.0
2022-05-27,AU2212.SHF,402.02,404.6,401.88,404.44,403.48,402.4,401.32,3.12,2.16,36005,1452792.36,86365,5226.0,202,0.21555491696301352,0.39684144262536125,8,AU2208.SHF,403.18,402.18,64478,-1.259999999999991,AU2206.SHF,402.14,401.22,19,2.3000000000000114,AU2306.SHF,406.14,405.2,384,4.0,0.009946784701845068,0.009897641051070057,,,,,,,,,,,3267.0,0.0,1.0
2022-05-30,AU2212.SHF,403.16,403.4,400.7,401.12,401.86,404.44,403.48,-2.36,-1.62,32743,1315875.13,88354,1989.0,199,0.19659797776016524,0.40972917826006305,8,AU2208.SHF,399.92,400.76,68431,-1.1999999999999886,AU2206.SHF,398.74,399.56,16,2.3799999999999955,AU2306.SHF,402.9,403.6,381,4.159999999999968,0.010432863520088098,0.01037881678262061,,,,,,,,,,,3267.0,0.0,1.0
2022-05-31,AU2212.SHF,400.6,401.76,399.02,400.26,400.2,401.12,401.86,-1.6,-1.66,30692,1228321.17,92313,3959.0,198,0.24937437030777732,0.4272662053643748,8,AU2208.SHF,399.04,399.16,70506,-1.2199999999999704,AU2206.SHF,397.78,397.96,15,2.480000000000018,AU2306.SHF,402.12,401.76,380,4.340000000000032,0.010910553572326398,0.0108514629021189,,,,,,,,,,,3267.0,0.0,1.0
2022-06-01,AU2212.SHF,399.6,400.68,396.76,397.46,398.34,400.26,400.2,-2.74,-1.86,39983,1592711.25,93080,767.0,197,0.25900925703994976,0.42880374443149416,8,AU2208.SHF,396.36,397.48,71583,-1.099999999999966,AU2206.SHF,395.04,395.6,14,2.419999999999959,AU2306.SHF,399.58,399.82,379,4.539999999999964,0.011492507087889736,0.011426969874933387,,,,,,,,,,,3267.0,0.0,1.0
2022-06-02,AU2212.SHF,398.68,400.98,397.92,400.2,399.46,397.46,398.34,1.86,1.12,35381,1413345.72,93801,721.0,196,0.23788424817793077,0.4360768379652444,8,AU2208.SHF,398.98,398.14,70175,-1.2199999999999704,AU2206.SHF,398.0,397.16,13,2.1999999999999886,AU2306.SHF,402.7,401.5,378,4.699999999999989,0.011809045226130577,0.0117398625729707,,,,,,,,,,,3267.0,0.0,1.0
2022-06-06,AU2212.SHF,398.5,399.86,398.26,399.18,399.08,400.2,399.46,-0.28,-0.38,14946,596478.59,95285,1484.0,192,0.33503698722259584,0.4453131937207031,8,AU2208.SHF,398.0,397.9,68402,-1.1800000000000068,AU2206.SHF,396.7,396.62,9,2.480000000000018,AU2306.SHF,400.66,400.76,374,3.9600000000000364,0.009982354423998085,0.009932859833222075,,,,,,,,,,,3267.0,0.0,1.0
2022-06-07,AU2212.SHF,398.52,398.6,396.32,397.3,397.4,399.18,399.08,-1.78,-1.68,33498,1331275.03,97551,2266.0,191,0.2788432724003596,0.45163127265656466,8,AU2208.SHF,396.0,396.22,68849,-1.3000000000000114,AU2206.SHF,394.78,395.14,8,2.5200000000000387,AU2306.SHF,399.36,399.3,373,4.580000000000041,0.011601398247125028,0.011534618026166796,,,,,,,,,,,3267.0,0.0,1.0
2022-06-08,AU2212.SHF,398.18,400.0,398.16,399.32,399.16,397.3,397.4,1.92,1.76,29749,1187489.36,98584,1033.0,190,0.26287698710754903,0.4579210910138142,8,AU2208.SHF,398.02,397.94,66977,-1.3000000000000114,AU2206.SHF,396.7,396.28,7,2.6200000000000045,AU2306.SHF,401.06,400.96,372,4.360000000000014,0.010990673052684754,0.010930714528603171,,,,,,,,,,,3267.0,0.0,1.0
2022-06-09,AU2212.SHF,400.38,401.68,399.88,399.98,400.84,399.32,399.16,0.82,1.68,29549,1184462.09,100786,2202.0,189,0.2809454538539795,0.4599118379863285,8,AU2208.SHF,398.82,399.68,68632,-1.160000000000025,AU2206.SHF,397.42,397.86,6,2.5600000000000023,AU2306.SHF,401.7,402.36,371,4.279999999999973,0.010769463036585991,0.0107118853875663,,,,,,,,,,,3579.0,312.0,1.0
2022-06-10,AU2212.SHF,399.3,400.36,398.36,398.82,399.18,399.98,400.84,-2.02,-1.66,30360,1211965.43,101345,559.0,188,0.2668776371308017,0.46416139965191905,8,AU2208.SHF,397.54,398.04,68174,-1.2799999999999727,AU2206.SHF,395.96,397.6,5,2.8600000000000136,AU2306.SHF,400.46,401.02,370,4.5,0.011364784321648669,0.011300690312896858,,,,,,,,,,,3579.0,0.0,1.0
2022-06-13,AU2212.SHF,399.98,407.4,397.62,405.52,402.86,398.82,399.18,6.34,3.68,85363,3438955.95,110079,8734.0,185,0.3012390030101668,0.4607859552772359,8,AU2208.SHF,404.22,401.6,78049,-1.2999999999999545,AU2206.SHF,404.5,400.06,2,1.0199999999999818,AU2306.SHF,407.3,405.82,367,2.8000000000000114,0.0069221260815821575,0.006898278155820475,,,,,,,,,,,3579.0,0.0,1.0
2022-06-14,AU2212.SHF,402.18,402.72,397.4,397.96,399.68,405.52,402.86,-4.9,-3.18,75918,3034423.07,105033,-5046.0,184,0.31639355193625285,0.4579614474011223,8,AU2208.SHF,396.9,398.52,72780,-1.0600000000000023,AU2206.SHF,400.06,400.06,1,-2.1000000000000227,AU2306.SHF,399.68,401.56,366,-0.37999999999999545,-0.0009498575213717775,-0.0009503089218939891,,,,,,,,,,,3579.0,0.0,1.0
2022-06-15,AU2212.SHF,396.7,397.12,394.7,395.58,395.72,397.96,399.68,-4.1,-3.96,54754,2166793.29,103736,-1297.0,183,0.2976909568366054,0.45793290984456875,8,AU2208.SHF,394.46,394.64,70940,-1.1200000000000045,AU2207.SHF,393.9,394.04,30,1.6800000000000068,AU2306.SHF,397.78,397.94,365,3.8799999999999955,0.01073232466759874,0.010679811373903487,,,,,,,,,,,3579.0,0.0,1.0
2022-06-16,AU2212.SHF,397.32,398.12,394.5,396.92,396.4,395.58,395.72,1.2,0.68,47575,1885888.66,104760,1024.0,182,0.2763000476229194,0.4632856308927845,8,AU2208.SHF,395.76,395.08,70145,-1.160000000000025,AU2207.SHF,395.58,394.98,29,1.3400000000000318,AU2306.SHF,398.6,398.38,364,3.0200000000000387,0.008318033675094913,0.00828644292621597,,,,,,,,,,,3579.0,0.0,1.0
2022-06-17,AU2212.SHF,397.02,399.98,396.4,399.64,398.52,396.92,396.4,3.24,2.12,50448,2010458.58,103519,-1241.0,181,0.28812116989257136,0.46491543235936084,8,AU2208.SHF,398.58,397.2,67768,-1.0600000000000023,AU2207.SHF,398.68,397.78,28,0.9599999999999795,AU2306.SHF,401.46,400.36,363,2.7799999999999727,0.0075974596766343275,0.007571093588318337,,,,,,,,,,,3579.0,0.0,1.0
2022-06-20,AU2212.SHF,401.94,401.94,397.82,398.14,399.32,399.64,398.52,-0.38,0.8,49112,1961147.11,105432,1913.0,178,0.29906405470743336,0.46641421291053226,8,AU2208.SHF,397.0,398.2,68741,-1.1399999999999864,AU2207.SHF,397.48,397.84,25,0.6599999999999682,AU2306.SHF,399.44,400.86,360,1.9599999999999795,0.005372653688385924,0.005359450619864912,,,,,,,,,,,3471.0,-108.0,1.0
2022-06-21,AU2212.SHF,397.76,398.62,397.04,397.32,397.8,398.14,399.32,-2.0,-1.52,30936,1230687.14,106582,1150.0,177,0.32626372351532923,0.46698359147370033,8,AU2208.SHF,396.26,396.7,69055,-1.0600000000000023,AU2207.SHF,396.5,397.0,24,0.8199999999999932,AU2306.SHF,399.04,399.38,359,2.5400000000000205,0.006979729348214774,0.006957468110807949,,,,,,,,,,,3312.0,-159.0,1.0
2022-06-22,AU2212.SHF,397.9,398.92,396.22,397.16,397.5,397.32,397.8,-0.64,-0.3,41532,1650927.57,107987,1405.0,176,0.3080894625570268,0.4705910550788553,8,AU2208.SHF,396.2,396.42,68810,-0.9600000000000364,AU2207.SHF,395.4,395.86,23,1.7600000000000477,AU2306.SHF,398.66,398.82,358,3.2600000000000477,0.008983157052371099,0.008946327115545275,,,,,,,,,,,3312.0,0.0,1.0
2022-06-23,AU2212.SHF,400.98,400.98,397.4,397.78,398.7,397.16,397.5,0.28,1.2,49049,1955653.0,107123,-864.0,175,0.3171633828864073,0.47117892597789324,8,AU2208.SHF,396.7,397.64,67153,-1.079999999999984,AU2207.SHF,397.86,397.14,22,-0.08000000000004093,AU2306.SHF,399.56,400.46,357,1.6999999999999886,0.004655503961117248,0.004645586045128157,,,,,,,,,,,3312.0,0.0,1.0
2022-06-24,AU2212.SHF,397.66,399.68,394.22,394.66,396.6,397.78,398.7,-4.04,-2.1,68534,2718184.95,109165,2042.0,174,0.32979322358511903,0.47366457094012643,8,AU2208.SHF,393.64,395.78,67342,-1.0200000000000387,AU2207.SHF,393.62,395.28,21,1.0400000000000205,AU2306.SHF,396.24,397.66,356,2.6200000000000045,0.00725224039853586,0.00722821091167835,,,,,,,,,,,3171.0,-141.0,1.0
2022-06-27,AU2212.SHF,394.5,397.5,393.46,397.5,395.74,394.66,396.6,0.9,-0.86,52671,2084431.84,111745,2580.0,171,0.31231877612736814,0.48390589070815815,8,AU2208.SHF,396.32,394.48,60854,-1.1800000000000068,AU2207.SHF,394.44,393.74,18,3.0600000000000023,AU2306.SHF,398.66,397.3,353,4.220000000000027,0.011656805718895684,0.011594890531729293,,,,,,,,,,,3171.0,0.0,1.0
2022-06-28,AU2212.SHF,396.72,397.2,394.32,395.1,395.48,397.5,395.74,-0.64,-0.26,44160,1746439.88,111603,-142.0,170,0.2584557037591961,0.5139821492718782,8,AU2210.SHF,394.46,394.86,55501,-0.6400000000000432,AU2207.SHF,394.4,394.4,17,0.7000000000000455,AU2306.SHF,396.94,397.26,352,2.5400000000000205,0.007016893221519238,0.006994394800017217,,,,,,,,,,,3171.0,0.0,1.0
2022-06-29,AU2212.SHF,395.4,396.56,394.34,394.54,395.26,395.1,395.48,-0.94,-0.22,40495,1600677.58,112070,467.0,169,0.2822974178796498,0.513253828680296,8,AU2210.SHF,393.8,394.66,56612,-0.7400000000000091,AU2207.SHF,393.36,394.4,16,1.1800000000000068,AU2306.SHF,396.72,397.0,351,3.3600000000000136,0.009306730532814951,0.009267207352764224,,,,,,,,,,,3171.0,0.0,1.0
2022-06-30,AU2212.SHF,397.0,397.2,393.44,393.96,394.98,394.54,395.26,-1.3,-0.28,59102,2334515.69,114552,2482.0,168,0.3178347100326966,0.5145282637500842,8,AU2210.SHF,393.36,394.22,57822,-0.5999999999999659,AU2207.SHF,389.5,393.1,15,4.4599999999999795,AU2306.SHF,395.54,397.86,350,6.0400000000000205,0.016895752303948835,0.016766089321858895,,,,,,,,,,,3171.0,0.0,1.0
2022-07-01,AU2212.SHF,395.1,395.64,389.78,390.42,392.18,393.96,394.98,-4.56,-2.8,66219,2597106.8,113408,-1144.0,167,0.3116026935076302,0.506342225694832,8,AU2210.SHF,389.66,391.62,59194,-0.7599999999999909,AU2207.SHF,390.62,390.62,14,-0.19999999999998863,AU2306.SHF,392.14,394.08,349,1.5199999999999818,0.004239719940056964,0.004231492372130214,,,,,,,,,,,3171.0,0.0,1.0
2022-07-04,AU2212.SHF,388.56,392.8,388.1,392.38,390.98,390.42,392.18,0.2,-1.2,58710,2295469.39,109778,-3630.0,164,0.3014231732862365,0.49528527471734207,8,AU2210.SHF,391.6,390.24,61008,-0.7799999999999727,AU2207.SHF,390.62,390.62,11,1.759999999999991,AU2306.SHF,394.38,393.72,346,3.759999999999991,0.010487728272772707,0.010437573879403141,,,,,,,,,,,3171.0,0.0,1.0
2022-07-05,AU2212.SHF,391.58,392.66,391.3,392.04,392.08,392.38,390.98,1.06,1.1,31686,1242367.09,108601,-1177.0,163,0.3270880431079867,0.5005900085735621,8,AU2210.SHF,391.38,391.32,60950,-0.660000000000025,AU2207.SHF,390.5,390.32,10,1.5400000000000205,AU2306.SHF,394.08,394.38,345,3.579999999999984,0.00998872475012904,0.009943215697784525,,,,,,,,,,,3171.0,0.0,1.0
2022-07-06,AU2212.SHF,391.5,391.58,383.08,384.28,386.16,392.04,392.08,-7.8,-5.92,94502,3649297.51,109986,1385.0,162,0.3700272522240321,0.49209857541699475,8,AU2210.SHF,383.54,385.26,62765,-0.7399999999999523,AU2207.SHF,390.32,390.32,9,-6.0400000000000205,AU2306.SHF,386.84,388.3,344,-3.480000000000018,-0.009714187822926781,-0.009757751643191186,,,,,,,,,,,3171.0,0.0,1.0
2022-07-07,AU2212.SHF,383.8,384.1,376.4,378.8,379.58,384.28,386.16,-7.36,-6.58,93457,3547543.13,113230,3244.0,161,0.35461361583936013,0.48497282387558516,8,AU2210.SHF,378.2,378.9,66464,-0.6000000000000227,AU2207.SHF,390.32,390.32,8,-11.519999999999982,AU2306.SHF,381.32,381.84,343,-9.0,-0.025122899542051963,-0.025417072319416655,,,,,,,,,,,3171.0,0.0,1.0
2022-07-08,AU2212.SHF,378.0,379.5,377.1,378.46,378.34,378.8,379.58,-1.12,-1.24,54832,2074526.05,115290,2060.0,160,0.3431589751292354,0.48323616076855047,8,AU2210.SHF,377.76,377.64,68432,-0.6999999999999886,AU2207.SHF,386.28,386.28,7,-7.819999999999993,AU2306.SHF,381.0,380.88,342,-5.279999999999973,-0.014892916591321043,-0.01499563817846527,,,,,,,,,,,3171.0,0.0,1.0
2022-07-11,AU2212.SHF,377.62,380.18,377.0,378.54,378.34,378.46,378.34,0.2,0.0,76802,2905877.29,120132,4842.0,157,0.3950781133453706,0.4892503553349108,8,AU2210.SHF,377.78,377.58,70750,-0.7600000000000477,AU2207.SHF,387.32,387.32,4,-8.779999999999973,AU2306.SHF,380.78,380.74,339,-6.5400000000000205,-0.018397375921179033,-0.018554469068767135,,,,,,,,,,,3171.0,0.0,1.0
2022-07-12,AU2212.SHF,378.52,381.16,375.78,378.2,377.98,378.54,378.34,-0.14,-0.36,96671,3654139.73,121746,1614.0,156,0.45099182652832726,0.493192304731966,8,AU2210.SHF,377.7,377.28,71712,-0.5,AU2207.SHF,370.0,370.0,3,8.199999999999989,AU2306.SHF,380.36,380.2,338,10.360000000000014,0.03050746268656719,0.030088167065776977,44307.0,29408.0,806.0,403.0,30.0,28233.0,17634.0,0.20211625856338603,0.6372130814543977,0.5996327529923831,3171.0,0.0,1.0
2022-07-13,AU2212.SHF,377.8,378.3,375.1,375.6,376.82,378.2,377.98,-2.38,-1.16,85788,3232715.05,128351,6605.0,155,0.40213753339895936,0.4972127635671978,8,AU2210.SHF,375.0,376.24,75590,-0.6000000000000227,AU2207.SHF,370.0,370.0,2,5.600000000000023,AU2306.SHF,378.1,378.98,337,8.100000000000023,0.023852359822509196,0.023595022147448536,61249.0,55494.0,4074.0,5167.0,35.0,35348.0,27349.0,0.049296317552230115,0.5771196264428807,0.4928280534832595,3171.0,0.0,1.0
2022-07-14,AU2212.SHF,373.7,379.98,373.4,376.1,376.88,375.6,376.82,-0.72,0.06,139404,5253947.28,128926,575.0,154,0.49241963970328506,0.5003570486051818,7,AU2210.SHF,375.22,375.98,75714,-0.8799999999999955,AU2208.SHF,374.76,375.78,32,1.3400000000000318,AU2306.SHF,378.48,379.38,336,3.7200000000000273,0.011918153934307521,0.011859390584096696,62841.0,52743.0,2699.0,-731.0,38.0,34932.0,28001.0,0.08736503322259136,0.5558791235021722,0.5308950950837078,3174.0,3.0,1.0
2022-07-15,AU2212.SHF,374.98,375.6,372.16,373.38,373.78,376.1,376.88,-3.5,-3.1,123043,4599301.92,131170,2244.0,153,0.5119325982941544,0.49711403266088844,7,AU2210.SHF,372.8,373.26,77893,-0.5799999999999841,AU2208.SHF,372.42,372.68,31,0.9599999999999795,AU2306.SHF,375.78,375.94,335,3.359999999999957,0.010832421798817852,0.010783848292080303,65192.0,56084.0,4428.0,4309.0,39.0,35906.0,29787.0,0.0751014215508427,0.550773100993987,0.531114043220883,3171.0,-3.0,1.0
2022-07-18,AU2212.SHF,373.7,375.58,371.8,374.98,373.96,373.38,373.78,1.2,0.18,108560,4059716.72,130622,-548.0,150,0.5179883576677163,0.49294669071861485,7,AU2210.SHF,374.24,373.42,79163,-0.7400000000000091,AU2208.SHF,373.76,372.82,28,1.2200000000000273,AU2306.SHF,377.0,376.66,332,3.240000000000009,0.01040810032894734,0.010363247189454493,63707.0,56998.0,461.0,914.0,39.0,36388.0,29636.0,0.05558179031523135,0.5711774216334154,0.5199480683532756,3171.0,0.0,1.0
2022-07-19,AU2212.SHF,374.94,376.0,373.02,373.84,374.32,374.98,373.96,-0.12,0.36,84271,3154528.14,137330,6708.0,149,0.5252787802856056,0.5018197497661365,7,AU2210.SHF,373.2,373.76,80545,-0.6399999999999864,AU2208.SHF,372.7,373.28,27,1.1399999999999864,AU2306.SHF,375.88,376.28,331,3.180000000000007,0.010244411336901422,0.0102009539994171,67400.0,60109.0,3693.0,3319.0,38.0,37149.0,31134.0,0.05718027747060992,0.5511721068249258,0.5179590410753797,3171.0,0.0,1.0
2022-07-20,AU2212.SHF,373.78,375.0,373.3,373.52,374.22,373.84,374.32,-0.8,-0.1,73963,2767864.95,138685,1355.0,148,0.5326827511703277,0.5010006647014623,8,AU2210.SHF,372.94,373.58,81203,-0.5799999999999841,AU2208.SHF,372.46,373.14,26,1.0600000000000023,AU2308.SHF,378.04,377.74,391,5.580000000000041,0.014981474520753935,0.014870360623495579,67046.0,59254.0,-354.0,-855.0,37.0,36643.0,30520.0,0.061694378463974665,0.5465352146287623,0.5150707125257367,3171.0,0.0,1.0
2022-07-21,AU2212.SHF,374.08,375.24,369.82,370.32,372.36,373.52,374.22,-3.9,-1.86,97555,3632631.58,146300,7615.0,147,0.5678173764747653,0.5087563116384527,8,AU2210.SHF,369.62,371.86,82654,-0.6999999999999886,AU2208.SHF,369.08,371.6,25,1.240000000000009,AU2308.SHF,377.0,377.0,390,7.920000000000016,0.02145876232795052,0.021231764737655624,69875.0,62081.0,2985.0,2827.0,37.0,39254.0,32085.0,0.059065142926430024,0.5617745974955277,0.5168247934150545,3171.0,0.0,1.0
2022-07-22,AU2212.SHF,373.7,376.54,371.68,375.98,374.72,370.32,372.36,3.62,2.36,142536,5341254.9,137504,-8796.0,146,0.6147449776159957,0.49659077776493704,8,AU2210.SHF,375.48,374.06,82580,-0.5,AU2208.SHF,374.84,373.56,24,1.1400000000000432,AU2308.SHF,377.0,377.0,389,2.160000000000025,0.005762458649023693,0.005745919192388,62030.0,58267.0,-7757.0,-3264.0,38.0,32846.0,30294.0,0.03128091307347648,0.5295179751733032,0.5199169341136493,3171.0,0.0,1.0
2022-07-25,AU2212.SHF,376.66,379.72,376.06,377.18,377.76,375.98,374.72,2.46,3.04,105493,3985265.9,138104,600.0,143,0.5845361910091814,0.4985973969709551,8,AU2210.SHF,376.6,377.06,81915,-0.5799999999999841,AU2208.SHF,376.1,376.72,21,1.079999999999984,AU2308.SHF,377.0,377.0,386,0.8999999999999773,0.0023929805902684897,0.0023901219717200007,63201.0,58305.0,1270.0,758.0,39.0,34888.0,30113.0,0.04029430645400227,0.5520165820161074,0.5164737158048195,3171.0,0.0,1.0
2022-07-26,AU2212.SHF,376.94,377.84,375.2,377.46,376.46,377.18,377.76,-0.3,-1.3,75446,2840309.92,139027,923.0,142,0.590039572677647,0.5036571449272738,8,AU2210.SHF,376.72,375.76,80138,-0.7399999999999523,AU2208.SHF,376.14,375.24,20,1.3199999999999932,AU2308.SHF,378.26,378.26,385,2.1200000000000045,0.005636199287499366,0.005620375346376201,63938.0,59278.0,758.0,1034.0,37.0,36038.0,31621.0,0.03781976366705623,0.563639776033032,0.5334356759674753,3171.0,0.0,1.0
2022-07-27,AU2212.SHF,376.4,377.1,375.8,376.64,376.54,377.46,376.46,0.18,0.08,66567,2506574.23,142175,3148.0,141,0.5532956528966836,0.511568077144502,8,AU2210.SHF,375.98,375.88,79329,-0.6599999999999682,AU2208.SHF,375.48,375.3,19,1.1599999999999682,AU2308.SHF,379.22,379.56,384,3.740000000000009,0.009960583786087218,0.009911304137266621,64620.0,61665.0,691.0,3007.0,40.0,36079.0,33095.0,0.0233994536168191,0.5583255957907769,0.5366901808156977,3171.0,0.0,1.0
2022-07-28,AU2212.SHF,376.1,380.76,375.0,380.72,378.06,376.64,376.54,4.18,1.52,105414,3985454.0,142439,264.0,140,0.6502661789289922,0.5149861888440569,8,AU2210.SHF,379.98,377.4,78952,-0.7400000000000091,AU2208.SHF,379.42,377.12,18,1.3000000000000114,AU2308.SHF,383.4,383.4,383,3.9799999999999613,0.010489694797322091,0.01043505968714466,66357.0,60116.0,1908.0,-1549.0,40.0,36991.0,32886.0,0.04934650083417014,0.5574543755745438,0.5470423847228691,3171.0,0.0,1.0
2022-07-29,AU2212.SHF,381.7,386.48,380.84,386.1,383.72,380.72,378.06,8.04,5.66,132826,5096984.41,144045,1606.0,139,0.6572355985709903,0.5178308228780961,8,AU2210.SHF,385.28,382.98,78263,-0.82000000000005,AU2208.SHF,384.2,382.62,17,1.900000000000034,AU2308.SHF,387.46,387.46,382,3.259999999999991,0.008485163977095311,0.008449367324343615,68060.0,56192.0,1766.0,-3175.0,40.0,39494.0,31518.0,0.09551556514180859,0.5802821040258596,0.5608983485193622,3171.0,0.0,1.0
2022-08-01,AU2212.SHF,384.06,386.6,383.7,385.8,385.36,386.1,383.72,2.08,1.64,106224,4093607.21,142865,-1180.0,136,0.6454678584666614,0.5152967740073869,8,AU2210.SHF,385.06,384.52,76903,-0.7400000000000091,AU2208.SHF,384.14,383.84,14,1.660000000000025,AU2308.SHF,388.34,388.34,379,4.199999999999989,0.010933513823085272,0.010874175089601725,68080.0,57139.0,832.0,947.0,40.0,41346.0,32305.0,0.0873749191416638,0.6073149236192714,0.5653756628572428,3171.0,0.0,1.0
2022-08-02,AU2212.SHF,388.0,391.1,387.2,389.16,388.86,385.8,385.36,3.8,3.5,101254,3937487.49,146991,4126.0,135,0.6061661877394636,0.5147969404480058,8,AU2210.SHF,388.34,387.98,77709,-0.82000000000005,AU2208.SHF,387.22,387.5,13,1.9399999999999977,AU2308.SHF,393.98,394.06,378,6.759999999999991,0.01745777594132525,0.01730713962719016,71539.0,55970.0,3760.0,-395.0,40.0,43018.0,29543.0,0.12210118501439114,0.6013223556381834,0.527836340896909,3171.0,0.0,1.0
2022-08-03,AU2212.SHF,391.4,391.5,384.52,387.3,388.34,389.16,388.86,-1.56,-0.52,147045,5710358.61,147914,923.0,134,0.6816885868330652,0.5158525059549343,8,AU2210.SHF,386.38,387.36,76057,-0.9200000000000159,AU2208.SHF,385.6,385.78,12,1.6999999999999886,AU2308.SHF,390.42,391.76,377,4.819999999999993,0.012499999999999956,0.01242251999855711,72650.0,52044.0,1111.0,-3895.0,39.0,43658.0,26654.0,0.16525253821354677,0.60093599449415,0.5121435708246868,3171.0,0.0,1.0
2022-08-04,AU2212.SHF,388.16,388.52,384.64,387.9,386.66,387.3,388.34,-0.44,-1.68,98142,3794928.45,144753,-3161.0,133,0.6181044092732666,0.5083618970022196,8,AU2210.SHF,386.98,385.74,74992,-0.9199999999999591,AU2208.SHF,386.22,385.52,11,1.67999999999995,AU2308.SHF,391.2,390.64,376,4.979999999999961,0.012894205375174606,0.012811782868082613,70773.0,49951.0,-1610.0,-2082.0,39.0,42464.0,25071.0,0.1724760610980418,0.6000028259364447,0.5019118736361634,3171.0,0.0,1.0
2022-08-05,AU2212.SHF,389.66,392.0,388.1,391.1,390.22,387.9,386.66,4.44,3.56,91461,3569023.65,145024,271.0,132,0.6864070966483047,0.5077995609136078,8,AU2210.SHF,390.2,389.24,74748,-0.9000000000000341,AU2208.SHF,389.4,389.18,10,1.7000000000000455,AU2308.SHF,393.44,393.68,375,4.0400000000000205,0.010374935798664664,0.010321485529783176,71300.0,47996.0,622.0,-1399.0,40.0,42914.0,23047.0,0.19534603004291845,0.6018793828892005,0.48018584882073506,3171.0,0.0,1.0
2022-08-08,AU2212.SHF,387.08,389.52,386.62,388.7,388.16,391.1,390.22,-1.52,-2.06,80162,3111602.19,143959,-1065.0,129,0.6719137665124388,0.506480575863549,8,AU2210.SHF,387.9,387.38,73252,-0.8000000000000114,AU2208.SHF,386.94,386.58,7,1.759999999999991,AU2308.SHF,391.66,390.82,372,4.720000000000027,0.012198273634155266,0.012124474238349411,69801.0,47696.0,-920.0,-118.0,41.0,42306.0,22920.0,0.18813246295650102,0.6060944685606223,0.48054344179805436,3171.0,0.0,1.0
2022-08-09,AU2212.SHF,389.72,391.42,389.6,390.46,390.52,388.7,388.16,2.3,2.36,63863,2494046.82,145258,1299.0,128,0.6283625558376134,0.5058134878489573,8,AU2210.SHF,389.72,389.68,73765,-0.7399999999999523,AU2208.SHF,387.44,388.4,6,3.019999999999982,AU2308.SHF,393.64,393.36,371,6.199999999999989,0.01600247780301456,0.01587578793581097,69322.0,48218.0,-289.0,695.0,41.0,42465.0,22308.0,0.1795473881231921,0.6125760941692392,0.46264880335144554,3171.0,0.0,1.0
2022-08-10,AU2212.SHF,391.8,393.24,391.0,391.18,392.06,390.46,390.52,0.66,1.54,68684,2692921.66,147290,2032.0,127,0.639242037860879,0.5083452979181622,8,AU2210.SHF,390.44,391.22,73045,-0.7400000000000091,AU2208.SHF,389.4,389.86,5,1.7800000000000296,AU2308.SHF,394.22,394.16,370,4.82000000000005,0.012378017462763458,0.01230203616068434,70960.0,48368.0,2028.0,570.0,40.0,42943.0,22422.0,0.18932689729149907,0.6051719278466742,0.4635709560039696,3171.0,0.0,1.0
2022-08-11,AU2212.SHF,392.3,392.46,389.08,389.56,390.7,391.18,392.06,-2.5,-1.36,77324,3021117.49,147851,561.0,126,0.6394905512136625,0.5108350896589849,8,AU2210.SHF,388.96,389.94,71374,-0.6000000000000227,AU2208.SHF,389.3,388.88,4,0.2599999999999909,AU2308.SHF,392.28,392.94,369,2.9799999999999613,0.007654764962753635,0.007625615907709489,71273.0,48915.0,784.0,547.0,40.0,43368.0,22509.0,0.18602522714414085,0.6084772634798591,0.46016559337626495,3171.0,0.0,1.0
2022-08-12,AU2212.SHF,391.04,391.88,389.78,391.22,390.74,389.56,390.7,0.52,0.04,61410,2399544.34,148698,847.0,125,0.6535412121534614,0.5124601519824927,8,AU2210.SHF,390.56,390.02,70809,-0.660000000000025,AU2208.SHF,387.9,387.9,3,3.32000000000005,AU2308.SHF,392.92,393.3,368,5.020000000000039,0.012941479762825558,0.01285845436074744,72125.0,48331.0,1034.0,-584.0,42.0,44006.0,21790.0,0.19753270903898518,0.6101351819757366,0.4508493513479961,3171.0,0.0,1.0
2022-08-15,AU2212.SHF,391.22,393.24,390.8,392.0,392.06,391.22,390.74,1.26,1.32,81211,3184020.51,151634,2936.0,122,0.6793625564664547,0.5168254401063412,8,AU2210.SHF,391.36,391.36,70098,-0.6399999999999864,AU2209.SHF,392.1,391.74,31,-0.10000000000002274,AU2308.SHF,394.96,394.76,365,2.859999999999957,0.007971051011977566,0.007942120952387251,73257.0,50086.0,1879.0,1755.0,39.0,44257.0,22857.0,0.18785824894805542,0.6041333933958529,0.45635506928083697,3171.0,0.0,1.0
2022-08-16,AU2212.SHF,390.54,391.76,389.42,391.52,390.58,392.0,392.06,-0.54,-1.48,67453,2634613.56,150845,-789.0,121,0.6416578674505103,0.5190258437675265,8,AU2210.SHF,390.8,389.98,68334,-0.7199999999999704,AU2209.SHF,390.66,390.1,30,0.8599999999999568,AU2308.SHF,393.78,393.46,364,3.1199999999999477,0.008727744940161061,0.008693077399563234,73484.0,50427.0,491.0,341.0,39.0,44394.0,22979.0,0.1860771037276755,0.6041315116215775,0.45568842088563666,3171.0,0.0,1.0
2022-08-17,AU2212.SHF,390.02,390.84,389.52,389.9,390.18,391.52,390.58,-0.68,-0.4,65455,2554015.24,151262,417.0,120,0.6807238313140243,0.5196471145984348,8,AU2210.SHF,389.26,389.56,67770,-0.6399999999999864,AU2209.SHF,389.92,389.68,29,-0.020000000000038654,AU2308.SHF,392.94,392.78,363,3.019999999999982,0.00846404237073659,0.008431432880566515,73608.0,48977.0,348.0,-1450.0,39.0,44088.0,22522.0,0.20092996696170004,0.5989566351483534,0.45984850031647506,3171.0,0.0,1.0
2022-08-18,AU2212.SHF,389.64,389.64,386.7,387.76,388.02,389.9,390.18,-2.42,-2.16,72769,2823711.14,151912,650.0,119,0.6863575484333441,0.521264111450434,8,AU2302.SHF,388.62,388.96,67593,0.8600000000000136,AU2209.SHF,388.08,388.34,28,-0.3199999999999932,AU2308.SHF,390.4,390.8,362,2.319999999999993,0.006533006960722949,0.006513556795572922,73022.0,49304.0,-261.0,599.0,40.0,43525.0,23311.0,0.19389173192943446,0.596053244227767,0.4728013954243063,3036.0,-135.0,1.0
2022-08-19,AU2212.SHF,388.6,388.96,386.5,387.56,387.54,387.76,388.02,-0.46,-0.48,77205,2992122.49,152629,717.0,118,0.6546513698455902,0.5226913145620296,8,AU2302.SHF,388.4,388.44,68193,0.839999999999975,AU2209.SHF,386.98,387.5,27,0.5799999999999841,AU2308.SHF,390.32,390.24,361,3.339999999999975,0.009432011990283639,0.009391541140498914,75123.0,48719.0,2299.0,-585.0,40.0,43775.0,22967.0,0.2132071510473022,0.5827110205928944,0.4714177220386297,3036.0,0.0,1.0
2022-08-22,AU2212.SHF,387.9,388.66,386.02,386.26,387.16,387.56,387.54,-1.28,-0.38,68649,2657922.04,152993,364.0,115,0.671246003265833,0.5242161239810725,8,AU2302.SHF,387.14,388.1,68480,0.8799999999999955,AU2209.SHF,386.08,386.68,24,0.18000000000000682,AU2308.SHF,389.04,389.74,358,2.9600000000000364,0.008378394475036716,0.0083464399397162,75398.0,49046.0,698.0,378.0,36.0,42824.0,23192.0,0.21175789913535406,0.5679726252685747,0.4728622109856053,3036.0,0.0,1.0
2022-08-23,AU2212.SHF,385.32,387.82,385.0,387.32,386.66,386.26,387.16,0.16,-0.5,61676,2384831.15,154056,1063.0,114,0.6643901282976592,0.5259301996101338,8,AU2302.SHF,388.08,387.56,69222,0.7599999999999909,AU2209.SHF,387.06,386.36,23,0.2599999999999909,AU2308.SHF,389.5,388.88,357,2.4399999999999977,0.006889027711125539,0.006867404555653088,76106.0,49893.0,778.0,1013.0,38.0,43792.0,23474.0,0.20804133366137825,0.5754079836018186,0.4704868418415409,3036.0,0.0,1.0
2022-08-24,AU2212.SHF,386.58,389.6,386.5,389.54,388.28,387.32,386.66,2.88,1.62,62855,2440534.92,153425,-631.0,113,0.6756495286416064,0.5261055331522783,8,AU2302.SHF,390.32,389.1,70023,0.7799999999999727,AU2209.SHF,389.4,388.06,22,0.1400000000000432,AU2308.SHF,391.66,391.02,356,2.2600000000000477,0.006342476833697898,0.006324142502891496,76762.0,49423.0,755.0,-426.0,39.0,44735.0,23213.0,0.21665808138843762,0.5827753315442536,0.4696801084515307,3036.0,0.0,1.0
2022-08-25,AU2212.SHF,389.0,391.06,388.6,390.82,390.04,389.54,388.28,2.54,1.76,55400,2160920.58,153126,-299.0,112,0.6556290606989432,0.5256859190903848,8,AU2302.SHF,391.7,390.92,71092,0.8799999999999955,AU2209.SHF,390.42,390.36,21,0.39999999999997726,AU2308.SHF,392.98,392.52,355,2.5600000000000023,0.007165628785459772,0.007142238316608621,77923.0,49868.0,1161.0,726.0,38.0,44965.0,23266.0,0.21953815213903952,0.5770440049792744,0.46655169647870376,3036.0,0.0,1.0
2022-08-26,AU2212.SHF,390.82,391.6,389.62,391.28,390.62,390.82,390.04,1.24,0.58,56434,2204507.07,153994,868.0,111,0.4912601413698249,0.567136475293615,8,AU2302.SHF,392.1,391.48,74022,0.82000000000005,AU2209.SHF,390.74,390.38,20,0.5399999999999636,AU2308.SHF,393.32,393.08,354,2.579999999999984,0.007215696058361781,0.007191978302964334,78459.0,49999.0,594.0,215.0,40.0,44996.0,22619.0,0.221551012782388,0.5734969856867919,0.4523890477809556,3036.0,0.0,1.0
2022-08-29,AU2212.SHF,389.02,391.12,387.4,387.94,388.88,391.28,390.62,-2.68,-1.74,103273,4016166.48,150076,-3918.0,108,0.6787354999835694,0.5581066708317528,8,AU2302.SHF,388.84,389.98,74976,0.8999999999999773,AU2209.SHF,387.82,387.76,17,0.12000000000000455,AU2308.SHF,390.24,390.92,351,2.420000000000016,0.006819170693731937,0.006797982948489381,75098.0,49534.0,-3142.0,180.0,38.0,43235.0,22974.0,0.20511586109506386,0.5757143998508616,0.46380264061048976,3036.0,0.0,1.0
2022-08-30,AU2212.SHF,389.74,390.82,389.22,389.3,389.94,387.94,388.88,0.42,1.06,60243,2349187.73,150886,810.0,107,0.6765379691395459,0.5566064880737194,8,AU2302.SHF,390.28,390.84,75676,0.9799999999999613,AU2209.SHF,389.6,389.74,16,-0.30000000000001137,AU2308.SHF,391.7,392.38,350,2.099999999999966,0.005890426539118724,0.005874608232763427,75056.0,51563.0,-8.0,2105.0,39.0,42895.0,23441.0,0.18554087459228077,0.5715066083990621,0.4546089250043636,3036.0,0.0,1.0
2022-08-31,AU2212.SHF,388.6,389.2,386.6,386.92,387.86,389.3,389.94,-3.02,-2.08,68549,2658847.9,152579,1693.0,106,0.639986929324993,0.5541133873480609,8,AU2302.SHF,387.96,388.86,77956,1.0399999999999636,AU2209.SHF,390.0,388.24,15,-3.079999999999984,AU2308.SHF,389.28,389.84,349,-0.7200000000000273,-0.0020175034546293076,-0.0020193680607637713,74673.0,52229.0,59.0,839.0,37.0,41880.0,24455.0,0.17686088477722967,0.5608452854445382,0.4682264642248559,3036.0,0.0,1.0
2022-09-01,AU2212.SHF,385.02,386.8,382.96,383.7,384.68,386.92,387.86,-4.16,-3.18,97678,3757604.37,153021,442.0,105,0.6782723421984584,0.5490350150156615,8,AU2302.SHF,384.76,385.66,78749,1.0600000000000023,AU2209.SHF,386.0,386.0,14,-2.3000000000000114,AU2308.SHF,386.2,386.8,348,0.19999999999998863,0.0005662250628276174,0.0005660784230474204,70691.0,55138.0,-2330.0,3930.0,39.0,38607.0,25727.0,0.12360425657042494,0.5461374149467401,0.46659291232906525,3036.0,0.0,1.0
2022-09-02,AU2212.SHF,382.84,383.28,381.08,383.02,382.22,383.7,384.68,-1.66,-2.46,81362,3109937.04,152378,-643.0,104,0.6590417561054636,0.5461283443542462,8,AU2302.SHF,384.0,383.22,79376,0.9800000000000182,AU2209.SHF,375.4,375.4,13,7.6200000000000045,AU2308.SHF,385.42,384.8,347,10.020000000000039,0.029168886521044234,0.02878639666269053,66863.0,57679.0,-3768.0,3194.0,38.0,36590.0,26835.0,0.07374219138925021,0.5472383829621764,0.46524731704779904,3036.0,0.0,1.0
2022-09-05,AU2212.SHF,384.5,387.58,383.5,386.86,385.32,383.02,382.22,4.64,3.1,76187,2935749.5,148539,-3839.0,101,0.6659353530409244,0.5398630525328739,8,AU2302.SHF,387.78,386.22,79459,0.9199999999999591,AU2209.SHF,386.0,386.0,10,0.8600000000000136,AU2308.SHF,388.82,388.42,344,2.819999999999993,0.007983773385870667,0.007954751127535716,63306.0,55690.0,-3381.0,-748.0,38.0,35184.0,26416.0,0.0640021513328179,0.5557767036299877,0.47434009696534385,3036.0,0.0,1.0
2022-09-06,AU2212.SHF,387.54,389.1,386.34,388.98,387.86,386.86,385.32,3.66,2.54,48930,1897805.92,146233,-2306.0,100,0.6409064116838038,0.5348311565765363,7,AU2302.SHF,389.8,388.64,79768,0.8199999999999932,AU2210.SHF,388.8,387.62,41,0.18000000000000682,AU2308.SHF,391.4,389.56,343,2.599999999999966,0.008082263647016955,0.00805535949379956,61833.0,55124.0,-1410.0,-562.0,36.0,34674.0,25920.0,0.05736296245628735,0.5607685216631896,0.47021261156664973,3036.0,0.0,1.0
2022-09-07,AU2212.SHF,387.8,388.38,385.0,386.36,386.76,388.98,387.86,-1.5,-1.1,71015,2746576.29,145708,-525.0,99,0.6380445818096873,0.5306596644317301,7,AU2302.SHF,387.18,387.94,80837,0.8199999999999932,AU2210.SHF,386.04,386.82,40,0.3199999999999932,AU2308.SHF,388.5,389.1,342,2.4599999999999795,0.00770173766435337,0.00767730215430418,58967.0,56625.0,-2799.0,1793.0,38.0,33740.0,26603.0,0.020260917710568205,0.5721844421456068,0.4698101545253863,3036.0,0.0,1.0
2022-09-08,AU2212.SHF,386.66,389.72,386.18,389.46,388.32,386.36,386.76,2.7,1.56,68825,2672648.18,143980,-1728.0,98,0.6449542230093803,0.5240037995552628,7,AU2302.SHF,390.24,388.94,81399,0.7800000000000296,AU2210.SHF,389.2,387.76,39,0.2599999999999909,AU2308.SHF,391.58,391.22,341,2.3799999999999955,0.007390776120825095,0.007368270128496907,57692.0,56523.0,-1275.0,346.0,39.0,33698.0,26277.0,0.010235082957580003,0.58410178187617,0.4648903985988005,3036.0,0.0,1.0
2022-09-09,AU2212.SHF,388.46,389.52,386.7,389.52,388.12,389.46,388.32,1.2,-0.2,75842,2943589.9,144703,723.0,97,0.6185376993026954,0.5221616394164325,7,AU2302.SHF,390.2,388.96,81517,0.6800000000000068,AU2210.SHF,389.18,387.88,38,0.339999999999975,AU2308.SHF,391.1,390.64,340,1.920000000000016,0.005962613190103723,0.005947953259875712,58460.0,58710.0,1122.0,2440.0,38.0,33884.0,28694.0,-0.002133651958692498,0.579609989736572,0.48874127065235906,3036.0,0.0,1.0
2022-09-13,AU2212.SHF,389.46,390.22,388.78,389.66,389.28,389.52,388.12,1.54,1.16,30917,1203594.84,147143,2440.0,93,0.6439431808714488,0.5257754797951826,7,AU2302.SHF,390.32,389.94,81789,0.6599999999999682,AU2210.SHF,389.32,388.96,34,0.34000000000003183,AU2308.SHF,391.16,391.28,336,1.8400000000000318,0.005712116150217643,0.005698660259305686,58366.0,60301.0,172.0,1591.0,38.0,33028.0,29328.0,-0.016306133971533788,0.5658773943734365,0.48636009353078724,3036.0,0.0,1.0
2022-09-14,AU2212.SHF,387.14,388.6,386.66,387.2,387.58,389.66,389.28,-2.08,-1.7,83661,3242593.6,146422,-721.0,92,0.6594854088823724,0.5243101559087036,7,AU2302.SHF,387.7,388.22,81929,0.5,AU2210.SHF,386.92,387.36,33,0.2799999999999727,AU2308.SHF,388.9,389.48,335,1.9799999999999613,0.006184860843626314,0.006169089616836764,60358.0,58702.0,2130.0,-1599.0,37.0,33036.0,29558.0,0.01390895346883924,0.5473342390403924,0.5035262853054411,3036.0,0.0,1.0
2022-09-15,AU2212.SHF,388.02,388.56,385.0,385.24,386.9,387.2,387.58,-2.34,-0.68,74428,2879743.48,150165,3743.0,91,0.627835373311851,0.5181122792247896,7,AU2302.SHF,385.82,387.48,83087,0.5799999999999841,AU2210.SHF,384.92,386.68,32,0.3199999999999932,AU2308.SHF,386.92,388.22,334,2.0,0.0062797946145857955,0.0062635363627263465,62852.0,58899.0,2620.0,864.0,38.0,34409.0,31211.0,0.032467905807755174,0.5474607013301088,0.5299071291532963,3036.0,0.0,1.0
2022-09-16,AU2212.SHF,386.22,386.72,382.92,383.6,384.3,385.24,386.9,-3.3,-2.6,105207,4043218.88,153193,3028.0,90,0.5972308949919958,0.535456382078868,7,AU2302.SHF,384.44,385.08,81666,0.839999999999975,AU2210.SHF,383.16,384.7,31,0.4399999999999977,AU2308.SHF,385.82,385.8,333,2.659999999999968,0.00839049134108897,0.008361500910410885,63952.0,62469.0,1175.0,4825.0,39.0,35235.0,32389.0,0.0117306460160891,0.5509600950713035,0.5184811666586627,3036.0,0.0,1.0
2022-09-19,AU2212.SHF,383.82,386.06,383.48,384.7,384.8,383.6,384.3,0.4,0.5,81940,3153137.19,151930,-1263.0,87,0.6061009527190958,0.5480781371187389,8,AU2302.SHF,385.34,385.36,80109,0.6399999999999864,AU2210.SHF,384.18,383.8,28,0.5199999999999818,AU2310.SHF,387.66,386.96,392,3.480000000000018,0.00908313925649554,0.009042247319691242,62592.0,64983.0,-1120.0,2925.0,41.0,35225.0,34375.0,-0.0187419165196943,0.562771600204499,0.5289845036394134,3036.0,0.0,1.0
2022-09-20,AU2212.SHF,384.58,387.0,384.0,385.84,385.46,384.7,384.8,1.04,0.66,68849,2653931.04,150312,-1618.0,86,0.6676719874318742,0.5454901761542202,8,AU2302.SHF,386.5,386.02,80340,0.660000000000025,AU2210.SHF,385.3,384.92,27,0.5399999999999636,AU2310.SHF,387.48,387.48,391,2.180000000000007,0.005673472647259321,0.005657482879165872,60699.0,63569.0,-1346.0,-1098.0,39.0,34378.0,32143.0,-0.023095245759165675,0.5663684739452051,0.5056395412858469,3036.0,0.0,1.0
2022-09-21,AU2212.SHF,385.48,387.36,384.14,386.98,385.38,385.84,385.46,1.52,-0.08,71320,2748554.69,149144,-1168.0,85,0.6602481022032957,0.5444702016975449,8,AU2302.SHF,387.46,385.94,80300,0.47999999999996135,AU2210.SHF,386.12,384.84,26,0.8600000000000136,AU2310.SHF,387.64,387.5,390,1.5199999999999818,0.003947414855940583,0.003939665490017055,60281.0,63993.0,-39.0,424.0,38.0,34296.0,33115.0,-0.029869481951172408,0.5689354854763524,0.5174784742081165,3036.0,0.0,1.0
2022-09-22,AU2212.SHF,387.08,387.18,384.26,386.04,385.9,386.98,385.38,0.66,0.52,74938,2891957.82,147751,-1393.0,84,0.6514818260060682,0.5419052194930516,8,AU2302.SHF,386.66,386.64,80347,0.6200000000000045,AU2210.SHF,385.44,385.38,25,0.6000000000000227,AU2310.SHF,387.5,387.5,389,2.0600000000000023,0.0053592241092241125,0.0053449536354306755,59463.0,63162.0,-753.0,-831.0,40.0,33541.0,32114.0,-0.0301651376146789,0.5640650488539092,0.5084386181564865,3036.0,0.0,1.0
2022-09-23,AU2212.SHF,388.2,388.2,386.5,387.64,387.56,386.04,385.9,1.74,1.66,77093,2987871.53,145614,-2137.0,83,0.6532474685421344,0.5388640535259637,8,AU2302.SHF,388.28,388.08,80334,0.6399999999999864,AU2210.SHF,387.16,386.86,24,0.47999999999996135,AU2310.SHF,390.44,390.8,388,3.2799999999999727,0.008495224168330933,0.008459440575398186,58149.0,62234.0,-1166.0,-594.0,39.0,31477.0,30707.0,-0.03393336268409992,0.54131627371064,0.49341196130732395,3036.0,0.0,1.0
2022-09-26,AU2212.SHF,385.0,386.56,382.88,384.38,384.84,387.64,387.56,-3.18,-2.72,116323,4476789.14,143474,-2140.0,80,0.6159381536099123,0.5335827556454732,8,AU2302.SHF,385.06,385.54,81841,0.6800000000000068,AU2210.SHF,383.78,384.24,21,0.6000000000000227,AU2310.SHF,388.88,388.88,385,5.100000000000023,0.013325371277844151,0.013237608415921457,53954.0,60821.0,-3951.0,-1402.0,40.0,31335.0,30459.0,-0.05983010237421041,0.5807725099158543,0.5007974219430789,3036.0,0.0,1.0
2022-09-27,AU2212.SHF,384.94,385.44,382.3,384.88,384.26,384.38,384.84,0.04,-0.58,85615,3289873.63,143327,-147.0,79,0.6183597558773609,0.5330063257010892,8,AU2302.SHF,385.56,385.1,82329,0.6800000000000068,AU2210.SHF,384.52,383.92,20,0.36000000000001364,AU2310.SHF,387.22,387.12,384,2.7000000000000455,0.007041031890194699,0.007016426850666115,52828.0,61365.0,-1017.0,679.0,39.0,30685.0,29940.0,-0.0747593985620835,0.5808472779586583,0.4879002688829137,3036.0,0.0,1.0
2022-09-28,AU2212.SHF,385.1,386.0,384.26,385.9,385.32,384.88,384.26,1.64,1.06,87178,3359162.15,140837,-2490.0,78,0.5955513656050607,0.5263694905498891,8,AU2302.SHF,386.48,385.9,82036,0.5800000000000409,AU2210.SHF,385.6,384.88,19,0.2999999999999545,AU2310.SHF,388.06,387.76,383,2.4599999999999795,0.006397194610368861,0.0063768749971389585,52002.0,61435.0,-673.0,250.0,39.0,29835.0,29393.0,-0.08315628939411303,0.5737279335410177,0.47844062830634004,3036.0,0.0,1.0
2022-09-29,AU2212.SHF,387.76,390.0,387.44,389.66,388.68,385.9,385.32,4.34,3.36,117404,4563333.11,144035,3198.0,77,0.629343339587242,0.5274384438487791,8,AU2302.SHF,389.9,389.02,82064,0.23999999999995225,AU2210.SHF,389.04,388.16,18,0.6200000000000045,AU2310.SHF,391.0,391.06,382,1.9599999999999795,0.005051883136398776,0.005039199917005204,54449.0,64272.0,2802.0,4507.0,40.0,30414.0,29114.0,-0.08274020602926188,0.5585777516575143,0.45298108040826485,3036.0,0.0,1.0
2022-09-30,AU2212.SHF,387.98,391.0,387.34,390.82,389.06,389.66,388.68,2.14,0.38,89474,3481190.27,146605,2570.0,76,0.5852602384892628,0.5265360068670021,8,AU2302.SHF,391.02,389.12,81622,0.19999999999998863,AU2210.SHF,391.0,389.48,17,-0.18000000000000682,AU2310.SHF,391.6,390.84,381,0.6000000000000227,0.0015387425873359419,0.0015375631728329281,57560.0,64706.0,3111.0,434.0,39.0,30714.0,29434.0,-0.058446338311550224,0.5335997220291869,0.4548882638395203,3036.0,0.0,1.0
2022-10-10,AU2212.SHF,398.0,398.0,392.92,393.24,394.74,390.82,389.06,4.18,5.68,59687,2356152.22,147560,955.0,66,0.6557281596062577,0.5260080990132893,8,AU2302.SHF,393.5,394.74,81831,0.2599999999999909,AU2210.SHF,393.12,394.1,7,0.12000000000000455,AU2310.SHF,395.26,396.16,371,2.1399999999999864,0.005458585472321791,0.005443781910406829,58711.0,62618.0,2663.0,-1849.0,36.0,30026.0,25664.0,-0.03220169951124628,0.5114203471240483,0.40985020281708134,3036.0,0.0,1.0
2022-10-11,AU2212.SHF,392.6,393.0,391.28,392.72,392.34,393.24,394.74,-2.02,-2.4,66393,2604889.04,147396,-164.0,65,0.5465209123910342,0.5254497101748933,8,AU2302.SHF,392.9,392.64,83055,0.17999999999994998,AU2210.SHF,392.62,392.98,6,0.10000000000002274,AU2310.SHF,394.34,393.96,370,1.7199999999999704,0.004392861481140179,0.004383267309767976,60050.0,62169.0,1433.0,-41.0,39.0,30756.0,25450.0,-0.017337729812876884,0.512173189009159,0.40936801299683123,3036.0,0.0,1.0
2022-10-12,AU2212.SHF,392.1,393.86,391.5,393.04,392.64,392.72,392.34,0.7,0.3,70108,2752847.71,147003,-393.0,64,0.5678692348814982,0.5197060008909063,8,AU2302.SHF,393.16,392.86,83235,0.12000000000000455,AU2210.SHF,392.4,392.5,5,0.6400000000000432,AU2310.SHF,394.16,393.8,369,1.7600000000000477,0.004497541194788914,0.004487485024017495,60217.0,61397.0,274.0,-718.0,41.0,30872.0,25582.0,-0.00970283026625224,0.5126791437633891,0.4166653093799371,3036.0,0.0,1.0
2022-10-13,AU2212.SHF,393.38,394.0,392.58,393.0,393.1,393.04,392.64,0.36,0.46,52091,2047743.46,147080,77.0,63,0.5482455217125898,0.517151657501301,8,AU2302.SHF,393.2,393.24,83358,0.19999999999998863,AU2210.SHF,392.5,392.5,4,0.5,AU2310.SHF,393.5,393.94,368,1.0,0.002554770070693637,0.0025515211037722527,62050.0,60704.0,1833.0,-671.0,41.0,31060.0,25562.0,0.010965019469833977,0.5005640612409348,0.42109251449657353,3036.0,0.0,1.0
2022-10-14,AU2212.SHF,391.5,393.0,390.16,392.42,391.64,393.0,393.1,-0.68,-1.46,111854,4380852.98,147554,474.0,62,0.5470382252826793,0.5154364760540748,8,AU2302.SHF,392.5,391.68,83010,0.07999999999998408,AU2210.SHF,392.5,392.5,3,-0.07999999999998408,AU2310.SHF,393.2,392.1,367,0.6999999999999886,0.0017883390494855904,0.0017867462457422227,66035.0,59289.0,3985.0,-1415.0,40.0,32820.0,25329.0,0.05382847658868214,0.49700916180813204,0.4272124677427516,3081.0,45.0,1.0
2022-10-17,AU2212.SHF,391.7,392.08,389.52,390.28,390.76,392.42,391.64,-1.36,-0.88,79885,3121646.28,143075,-4479.0,59,0.5839077267178808,0.5040780735286345,8,AU2302.SHF,390.3,390.98,83258,0.020000000000038654,AU2211.SHF,389.64,389.64,29,0.6399999999999864,AU2310.SHF,391.02,391.5,364,1.3799999999999955,0.0038589007533935582,0.0038520832519404464,62802.0,56929.0,-2887.0,-2095.0,37.0,31413.0,23807.0,0.0490516240572617,0.500191076717302,0.4181875669693829,3108.0,27.0,1.0
2022-10-18,AU2212.SHF,392.68,392.82,389.96,390.78,391.3,390.28,390.76,0.02,0.54,68304,2672803.0,142008,-1067.0,58,0.6180462557457743,0.5000651456621793,8,AU2302.SHF,390.88,391.34,83792,0.10000000000002274,AU2211.SHF,390.66,391.5,28,0.1199999999999477,AU2310.SHF,391.94,391.74,363,1.2799999999999727,0.003569924910847257,0.0035640892135523194,62356.0,56710.0,-446.0,-60.0,40.0,31759.0,23623.0,0.04741907849428048,0.5093174674449933,0.41655792629165933,3108.0,0.0,1.0
2022-10-19,AU2212.SHF,391.5,391.5,389.84,390.18,390.8,390.78,391.3,-1.12,-0.5,56600,2212014.32,143312,1304.0,57,0.5581468734899958,0.4992092741345558,8,AU2302.SHF,390.22,390.84,83992,0.040000000000020464,AU2211.SHF,389.82,390.24,27,0.36000000000001364,AU2310.SHF,391.02,391.28,362,1.1999999999999886,0.0033540164346803855,0.003348864596791002,63367.0,56697.0,1932.0,0.0,40.0,32434.0,23549.0,0.055553704690831554,0.5118437041362224,0.41534825475774734,3108.0,0.0,1.0
2022-10-20,AU2212.SHF,389.96,390.3,387.8,388.1,388.88,390.18,390.8,-2.7,-1.92,73576,2861344.22,139419,-3893.0,56,0.560497908874144,0.4895364433739001,8,AU2302.SHF,388.16,389.14,83914,0.060000000000002274,AU2211.SHF,388.3,389.34,26,-0.19999999999998863,AU2310.SHF,388.9,389.18,361,0.5999999999999659,0.0016835728644953448,0.0016822734769825576,60195.0,54606.0,-3172.0,-1562.0,40.0,30146.0,22348.0,0.048684244910758616,0.5008057147603622,0.40925905578141597,3072.0,-36.0,1.0
2022-10-21,AU2212.SHF,388.68,389.46,387.08,387.46,388.3,388.1,388.88,-1.42,-0.58,64585,2507878.34,135755,-3664.0,55,0.5550971645652305,0.48379911761142114,8,AU2302.SHF,387.62,388.5,82760,0.160000000000025,AU2211.SHF,385.6,388.54,25,1.8599999999999568,AU2310.SHF,389.18,389.18,360,3.579999999999984,0.010115656159038795,0.010068986745286569,58478.0,53861.0,-1480.0,-531.0,39.0,28840.0,22708.0,0.041098816973624476,0.49317692123533635,0.4216037578210579,3072.0,0.0,1.0
2022-10-24,AU2212.SHF,389.74,392.82,388.3,392.72,390.42,387.46,388.3,4.42,2.12,112181,4379827.51,131608,-4147.0,52,0.5287266934373999,0.4652317002902219,8,AU2302.SHF,392.84,390.18,84589,0.1199999999999477,AU2211.SHF,389.38,389.1,22,3.340000000000032,AU2310.SHF,393.22,392.36,357,3.840000000000032,0.010744980730943978,0.0106923439162147,56177.0,52439.0,-1698.0,-55.0,37.0,27089.0,21455.0,0.03441481917949473,0.48220802107624117,0.40914205076374455,3072.0,0.0,1.0
2022-10-25,AU2212.SHF,393.24,394.92,392.62,393.82,393.56,392.72,390.42,3.4,3.14,72933,2870369.56,132127,519.0,51,0.5397646536412078,0.4553653896524628,8,AU2302.SHF,393.98,393.64,87771,0.160000000000025,AU2211.SHF,394.04,393.66,21,-0.22000000000002728,AU2310.SHF,394.36,394.02,356,0.3199999999999932,0.0008848256938836748,0.0008844666046782483,56120.0,54220.0,59.0,1864.0,40.0,26975.0,21609.0,0.017219503353271704,0.4806664290805417,0.3985429730726669,3072.0,0.0,1.0
2022-10-26,AU2212.SHF,393.5,395.0,393.2,393.62,394.0,393.82,393.56,0.06,0.44,72139,2842396.01,127192,-4935.0,50,0.5233835393812758,0.43206739588287246,8,AU2302.SHF,393.9,394.2,93122,0.2799999999999727,AU2211.SHF,394.26,394.76,20,-0.6399999999999864,AU2310.SHF,394.4,393.48,355,0.13999999999998636,0.0003868952301345448,0.0003868265539905647,51458.0,53544.0,-4662.0,-676.0,41.0,23753.0,21581.0,-0.019866288261175976,0.46159975125344943,0.40305169580158373,3072.0,0.0,1.0
2022-10-27,AU2212.SHF,391.7,393.0,391.5,392.7,392.44,393.62,394.0,-1.3,-1.56,73381,2879869.4,119135,-8057.0,49,0.5362069973401923,0.40412692166786524,8,AU2302.SHF,393.12,392.88,99358,0.4200000000000159,AU2211.SHF,393.28,392.52,19,-0.5799999999999841,AU2310.SHF,393.08,393.02,354,-0.19999999999998863,-0.0005540847430867914,-0.0005542256789761251,43562.0,50462.0,-4868.0,-2111.0,40.0,19741.0,20749.0,-0.07338551859099804,0.45317019420595933,0.41118069042051447,3072.0,0.0,1.0
2022-10-28,AU2212.SHF,392.7,393.8,392.52,392.78,393.14,392.7,392.44,0.34,0.7,58869,2314387.46,117808,-1327.0,48,0.5276749459946398,0.39616639203685644,8,AU2302.SHF,393.08,393.5,101998,0.30000000000001137,AU2211.SHF,393.58,393.9,18,-0.8000000000000114,AU2310.SHF,393.66,393.74,353,0.08000000000004093,0.00022146496037543217,0.00022144245567960182,43292.0,50260.0,-172.0,-202.0,38.0,19784.0,20740.0,-0.07448264067042928,0.45698974406356835,0.4126541981695185,3069.0,-3.0,1.0
2022-10-31,AU2212.SHF,391.06,391.92,390.28,391.66,391.2,392.78,393.14,-1.48,-1.94,67523,2641577.22,111118,-6690.0,45,0.560477779437887,0.3821810715157852,8,AU2302.SHF,392.0,391.56,102104,0.339999999999975,AU2211.SHF,390.5,391.66,15,1.160000000000025,AU2310.SHF,391.78,391.98,350,1.2799999999999727,0.00357138762015773,0.003565547144962533,39623.0,47450.0,-3042.0,-2740.0,38.0,18530.0,18777.0,-0.08989009222146935,0.4676576735734296,0.3957218124341412,3069.0,0.0,1.0
2022-11-01,AU2212.SHF,391.36,392.14,390.26,391.46,391.32,391.66,391.2,0.26,0.12,61577,2409739.95,105950,-5168.0,44,0.5198213712877138,0.3668603403023525,8,AU2302.SHF,391.58,391.62,103289,0.12000000000000455,AU2211.SHF,391.66,391.66,14,-0.20000000000004547,AU2310.SHF,391.28,391.88,349,-0.3800000000000523,-0.0010571154847222488,-0.001057628638865289,35689.0,46193.0,-3822.0,-1101.0,38.0,17221.0,17778.0,-0.12828216213575633,0.4825296309787329,0.3848635074578399,3069.0,0.0,1.0
2022-11-02,AU2302.SHF,392.0,393.2,391.2,392.22,392.04,391.58,391.62,0.6,0.42,37284,1461733.08,106239,2950.0,105,0.31018044775001874,0.3653147189794199,8,AU2212.SHF,392.1,391.84,103430,-0.12000000000000455,AU2211.SHF,391.72,391.72,13,0.5,AU2310.SHF,392.48,392.48,348,0.7599999999999909,0.002113907131350353,0.002111859119458823,43742.0,23411.0,1856.0,1613.0,31.0,29423.0,11946.0,0.30275639211948835,0.672648712907503,0.5102729486138995,3069.0,0.0,1.0
2022-11-03,AU2302.SHF,393.4,394.34,390.96,391.04,392.18,392.22,392.04,-1.0,0.14,42760,1676983.87,108436,2197.0,104,0.3103791183665174,0.37582617917907163,8,AU2212.SHF,390.88,391.98,97790,-0.160000000000025,AU2211.SHF,390.7,390.74,12,0.34000000000003183,AU2310.SHF,391.64,392.4,347,0.9399999999999977,0.002621395199584279,0.0026182467912497045,44473.0,24856.0,842.0,1445.0,32.0,29367.0,12313.0,0.2829551846990437,0.6603332358959368,0.4953733504988735,3069.0,0.0,1.0
2022-11-04,AU2302.SHF,389.86,391.34,388.26,390.8,390.24,391.04,392.18,-1.38,-1.94,48127,1878169.15,108379,-57.0,103,0.33725762258148156,0.3777232536498831,8,AU2212.SHF,390.8,390.02,94019,0.0,AU2211.SHF,390.74,390.74,11,0.060000000000002274,AU2310.SHF,391.66,390.48,346,0.9200000000000159,0.0025653581913842394,0.0025623428468606567,43562.0,25060.0,-893.0,311.0,32.0,28011.0,12455.0,0.2696219871178339,0.6430145539690556,0.4970071827613727,3069.0,0.0,1.0
2022-11-07,AU2302.SHF,391.6,394.82,390.5,394.3,392.8,390.8,390.24,4.06,2.56,61863,2430042.4,113654,5275.0,100,0.3412810936353556,0.38841461330781585,8,AU2212.SHF,394.0,392.6,92241,-0.30000000000001137,AU2211.SHF,391.5,391.5,8,2.8000000000000114,AU2310.SHF,394.48,393.56,343,2.980000000000018,0.008293398905854005,0.008261994528446998,46519.0,27854.0,3040.0,2805.0,32.0,30015.0,13712.0,0.25096473182472134,0.645220232593134,0.49228118044087027,3069.0,0.0,1.0
2022-11-08,AU2302.SHF,394.56,395.84,394.04,395.1,394.96,394.3,392.8,2.3,2.16,52987,2092867.78,120453,6799.0,99,0.38175897173570034,0.4004035515193017,8,AU2212.SHF,394.82,394.74,90021,-0.28000000000002956,AU2211.SHF,403.42,403.42,7,-8.319999999999993,AU2310.SHF,395.1,395.2,342,-8.319999999999993,-0.022470563251365025,-0.022705511914573723,49834.0,30862.0,3972.0,3409.0,31.0,31769.0,14563.0,0.23510459006642212,0.6374964883412931,0.471874797485581,3069.0,0.0,1.0
2022-11-09,AU2302.SHF,395.48,403.64,395.06,403.54,400.34,395.1,394.96,8.58,5.38,80861,3237290.98,131992,11539.0,98,0.3739064089521872,0.4217953593307108,8,AU2212.SHF,403.26,400.1,87033,-0.28000000000002956,AU2211.SHF,403.42,403.42,6,0.12000000000000455,AU2310.SHF,402.92,400.6,341,-0.5,-0.001350394426163767,-0.0013512319597844802,56504.0,35266.0,6796.0,4876.0,31.0,33369.0,17249.0,0.23142639206712434,0.5905599603567889,0.4891113253558668,3069.0,0.0,1.0
2022-11-10,AU2302.SHF,402.62,404.5,402.08,403.74,403.32,403.54,400.34,3.4,2.98,64904,2617763.86,136907,4915.0,97,0.39803020918295384,0.43320613102470634,8,AU2212.SHF,403.54,403.08,83584,-0.19999999999998863,AU2211.SHF,403.42,403.42,5,0.3199999999999932,AU2310.SHF,404.28,403.66,340,0.8599999999999568,0.0023226784130016744,0.0023202062138669485,61565.0,36332.0,5103.0,1066.0,32.0,34413.0,17836.0,0.2577504928649499,0.5589701941037928,0.49091709787515136,3069.0,0.0,1.0
2022-11-11,AU2302.SHF,403.4,410.64,403.4,407.0,407.96,403.74,403.32,3.68,4.64,94057,3837308.55,142951,6044.0,96,0.3721536617115816,0.4468489476694935,8,AU2212.SHF,406.72,407.8,79325,-0.2799999999999727,AU2211.SHF,403.42,403.42,4,3.579999999999984,AU2310.SHF,407.12,408.34,339,3.6999999999999886,0.0099929187536119,0.009947371593127082,63275.0,37990.0,3277.0,1961.0,34.0,35013.0,18716.0,0.24969140374265542,0.5533465033583563,0.4926559620952882,3069.0,0.0,1.0
2022-11-14,AU2302.SHF,407.48,407.98,403.08,403.6,405.86,407.0,407.96,-4.36,-2.1,71449,2899963.16,138708,-4243.0,93,0.4154615496438436,0.44411146010431374,8,AU2212.SHF,403.44,405.66,73879,-0.160000000000025,AU2211.SHF,403.42,403.42,1,0.18000000000000682,AU2310.SHF,403.88,406.5,336,0.45999999999997954,0.0012423628720706124,0.001241655107375387,61350.0,36752.0,-1316.0,-1149.0,33.0,34188.0,17990.0,0.2507390267272838,0.5572616136919315,0.4894971702220287,3075.0,6.0,1.0
2022-11-15,AU2302.SHF,404.0,407.0,403.78,404.96,405.4,403.6,405.86,-0.9,-0.46,83648,3391253.38,142435,3727.0,92,0.518435421792782,0.4574799179051027,8,AU2304.SHF,405.06,405.42,73933,0.10000000000002274,AU2212.SHF,404.68,405.12,30,0.2799999999999727,AU2310.SHF,405.32,405.48,335,0.6399999999999864,0.001892610554868555,0.0018911155524126933,63915.0,38129.0,2642.0,1377.0,34.0,35120.0,18610.0,0.25269491591862336,0.5494797778299304,0.48807993915392484,3075.0,0.0,1.0
2022-11-16,AU2302.SHF,406.0,407.84,404.64,407.12,406.2,404.96,405.4,1.72,0.8,106622,4331156.81,149572,7137.0,91,0.5563777160867478,0.47225309421571104,8,AU2304.SHF,407.22,406.32,75133,0.10000000000002274,AU2212.SHF,406.74,405.92,29,0.37999999999999545,AU2312.SHF,407.5,407.56,394,0.7599999999999909,0.001868515513595792,0.0018667720099880371,70071.0,40305.0,6414.0,2176.0,35.0,36954.0,19713.0,0.26967819091106765,0.5273793723509013,0.48909564570152586,3075.0,0.0,1.0
2022-11-17,AU2302.SHF,408.54,408.96,406.88,407.7,407.82,407.12,406.2,1.5,1.62,96880,3950965.2,151907,2335.0,90,0.5865010321885424,0.479074945440325,8,AU2304.SHF,407.94,407.94,75232,0.2400000000000091,AU2212.SHF,407.28,407.4,28,0.4200000000000159,AU2312.SHF,408.38,408.74,393,1.1000000000000227,0.0027008446277745346,0.0026972039008081286,72866.0,41681.0,2859.0,1376.0,34.0,38719.0,20225.0,0.27224632683527283,0.531372656657426,0.48523307982054176,3075.0,0.0,1.0
2022-11-18,AU2302.SHF,408.36,408.44,406.82,407.42,407.48,407.7,407.82,-0.4,-0.34,88918,3623286.65,155916,4009.0,89,0.5817717874901858,0.48986901511557396,8,AU2304.SHF,407.68,407.68,76745,0.2599999999999909,AU2212.SHF,406.82,406.98,27,0.6000000000000227,AU2312.SHF,408.0,408.46,392,1.1800000000000068,0.0029005456958852704,0.002896347229820768,75971.0,43417.0,3148.0,1736.0,33.0,40075.0,21191.0,0.2726739705833082,0.5275039159679351,0.4880807057143515,3072.0,-3.0,1.0
2022-11-21,AU2302.SHF,406.6,407.0,404.02,405.2,405.28,407.42,407.48,-2.28,-2.2,101950,4131904.48,155516,-400.0,86,0.6087512091429117,0.49238231532022136,8,AU2304.SHF,405.62,405.66,77383,0.4200000000000159,AU2212.SHF,404.74,404.76,24,0.45999999999997954,AU2312.SHF,406.5,406.82,389,1.759999999999991,0.004348470623116052,0.004339043344351952,75062.0,44807.0,-909.0,1626.0,33.0,39824.0,21628.0,0.252400537253168,0.530548080253657,0.48269243644966187,3072.0,0.0,1.0
2022-11-22,AU2302.SHF,404.74,405.58,403.88,404.86,404.76,405.2,405.28,-0.42,-0.52,94354,3819128.6,155423,-93.0,85,0.6008125111433739,0.49515590005320387,8,AU2304.SHF,405.3,405.22,78070,0.4399999999999977,AU2212.SHF,404.16,404.22,23,0.6999999999999886,AU2312.SHF,406.06,406.18,388,1.8999999999999773,0.004701108471892201,0.004690092771968828,74808.0,44924.0,-254.0,117.0,35.0,39727.0,21477.0,0.24959075268098754,0.531052828574484,0.4780740806695753,3072.0,0.0,1.0
2022-11-23,AU2302.SHF,404.9,405.5,404.04,404.66,404.66,404.86,404.76,-0.1,-0.1,85143,3445447.95,156873,1450.0,84,0.628788550159518,0.5025194363381843,8,AU2304.SHF,405.02,405.0,78190,0.3599999999999568,AU2212.SHF,404.2,404.16,22,0.4600000000000364,AU2312.SHF,406.32,406.28,387,2.1200000000000045,0.005244928253339998,0.0052312215234689985,75204.0,46185.0,611.0,2553.0,33.0,40316.0,22372.0,0.23905790475248992,0.5360885059305356,0.48439969687127854,3072.0,0.0,1.0
2022-11-24,AU2302.SHF,404.8,407.36,402.7,406.4,405.7,404.66,404.66,1.74,1.04,129248,5243848.94,160764,3891.0,83,0.6519182075880923,0.5101643173120252,8,AU2304.SHF,406.64,406.04,80492,0.2400000000000091,AU2212.SHF,405.82,405.16,21,0.5799999999999841,AU2312.SHF,407.34,406.56,386,1.5199999999999818,0.0037455029323345546,0.003738506002132502,76133.0,47956.0,3169.0,1819.0,35.0,41435.0,24378.0,0.22707089266574798,0.5442449397764438,0.5083409792309617,3072.0,0.0,1.0
2022-11-25,AU2302.SHF,407.1,408.16,406.74,407.6,407.38,406.4,405.7,1.9,1.68,93404,3805218.38,167140,6376.0,82,0.6716764585325864,0.5236592862267645,8,AU2304.SHF,407.78,407.54,81228,0.17999999999994998,AU2212.SHF,406.9,406.84,20,0.7000000000000455,AU2312.SHF,408.5,407.88,385,1.6000000000000227,0.003932170066355489,0.003924459292413424,80255.0,50143.0,4141.0,2204.0,33.0,43396.0,25687.0,0.23092378717464992,0.540726434490063,0.5122748938037214,3072.0,0.0,1.0
2022-11-28,AU2302.SHF,407.3,409.96,406.62,408.02,407.84,407.6,407.38,0.64,0.46,123275,5027808.09,167282,142.0,79,0.6473269375173942,0.5302779107401548,8,AU2304.SHF,408.34,408.14,81388,0.3199999999999932,AU2212.SHF,407.46,407.36,17,0.5600000000000023,AU2312.SHF,409.08,409.1,382,1.6200000000000045,0.003975850390222302,0.003967967584056953,79696.0,50538.0,-262.0,1226.0,34.0,43010.0,26482.0,0.223889306939816,0.5396757679180887,0.5240017412639993,3072.0,0.0,1.0
2022-11-29,AU2302.SHF,408.56,409.04,405.82,406.56,407.3,408.02,407.84,-1.28,-0.54,120432,4905394.44,163720,-3562.0,78,0.6190094368716462,0.5288318668682249,8,AU2304.SHF,406.94,407.74,80958,0.37999999999999545,AU2212.SHF,406.1,406.52,16,0.45999999999997954,AU2312.SHF,407.78,408.02,381,1.67999999999995,0.004136912090618061,0.0041283785965761394,77060.0,49985.0,-2525.0,-491.0,34.0,42414.0,25756.0,0.21311346373332285,0.5504022839345964,0.5152745823747125,3072.0,0.0,1.0
2022-11-30,AU2302.SHF,406.7,407.4,404.6,406.12,405.84,406.56,407.3,-1.18,-1.46,111763,4535870.14,163566,-154.0,77,0.6586304437503683,0.5280291315730856,8,AU2304.SHF,406.34,406.22,81860,0.21999999999997044,AU2212.SHF,406.08,405.4,15,0.040000000000020464,AU2312.SHF,407.26,407.1,380,1.1800000000000068,0.002905831363278155,0.002901617596346022,76912.0,51088.0,355.0,1237.0,34.0,43133.0,26088.0,0.20175,0.5608097566049511,0.5106482931412465,3072.0,0.0,1.0
2022-12-01,AU2302.SHF,404.34,407.36,401.22,407.1,404.78,406.12,405.84,1.26,-1.06,148311,6003344.62,162109,-1457.0,76,0.6479631959735765,0.5325438149833281,8,AU2304.SHF,407.32,405.16,83847,0.21999999999997044,AU2212.SHF,406.66,404.5,14,0.4399999999999977,AU2312.SHF,408.04,406.5,379,1.3799999999999955,0.00339349825406976,0.003387753332122523,77973.0,50554.0,1242.0,-4.0,35.0,43272.0,26027.0,0.21333260715647295,0.5549613327690355,0.5148356213158207,3072.0,0.0,1.0
2022-12-02,AU2302.SHF,407.7,410.12,407.64,409.72,409.12,407.1,404.78,4.94,4.34,126780,5186970.09,169115,7006.0,75,0.6344138752389435,0.5406991057355062,8,AU2304.SHF,410.04,409.32,85344,0.3199999999999932,AU2212.SHF,409.44,408.62,13,0.28000000000002956,AU2312.SHF,411.0,410.06,378,1.5600000000000023,0.0038100820633060195,0.003802842084755968,82649.0,52886.0,4796.0,2445.0,36.0,44813.0,27602.0,0.21959641421035156,0.542208617164152,0.5219150625874522,3072.0,0.0,1.0
2022-12-05,AU2302.SHF,408.04,409.02,405.48,405.72,407.68,409.72,409.12,-3.4,-1.44,123776,5046265.4,159256,-9859.0,72,0.6228538072905134,0.532557517388978,8,AU2304.SHF,406.02,408.12,84585,0.2999999999999545,AU2212.SHF,405.44,408.12,10,0.28000000000002956,AU2312.SHF,407.14,409.04,375,1.6999999999999886,0.00419297553275455,0.004184209506125961,75498.0,49283.0,-6634.0,-3154.0,35.0,42221.0,25411.0,0.21008807430618442,0.5592333571750245,0.5156139033743887,3558.0,486.0,1.0
2022-12-06,AU2302.SHF,404.42,404.46,401.36,401.78,402.58,405.72,407.68,-5.9,-5.1,128772,5184240.43,158153,-1103.0,71,0.6292826670185161,0.5241922653691649,8,AU2304.SHF,402.1,402.94,87651,0.32000000000005,AU2212.SHF,401.32,402.1,9,0.45999999999997954,AU2312.SHF,403.38,404.38,374,2.0600000000000023,0.005133060899033204,0.0051199316515883175,75931.0,49556.0,540.0,1124.0,34.0,41164.0,24768.0,0.2101811343007642,0.5421237702651092,0.49979820808781983,3558.0,0.0,1.0
2022-12-07,AU2302.SHF,403.44,403.68,400.8,401.1,401.98,401.78,402.58,-1.48,-0.6,85143,3422739.92,155150,-3003.0,70,0.628055707183217,0.5222129848098794,8,AU2304.SHF,401.44,402.36,88614,0.339999999999975,AU2212.SHF,400.74,401.36,8,0.36000000000001364,AU2312.SHF,402.88,403.64,373,2.1399999999999864,0.005340120776563317,0.005325912890382701,72815.0,47384.0,-2466.0,-2101.0,33.0,39605.0,23827.0,0.21157413955190976,0.5439126553594726,0.5028490629748438,3558.0,0.0,1.0
2022-12-08,AU2302.SHF,401.4,403.0,401.22,402.44,402.24,401.1,401.98,0.46,0.26,82213,3307050.31,154121,-1029.0,69,0.6074552977685829,0.5308567984155688,8,AU2304.SHF,402.8,402.58,88908,0.36000000000001364,AU2212.SHF,401.64,400.96,7,0.8000000000000114,AU2312.SHF,404.46,404.4,372,2.819999999999993,0.007021213026590978,0.006996679082166943,71302.0,45799.0,-1509.0,-389.0,33.0,38927.0,22497.0,0.21778635536844262,0.5459454152758688,0.49121159850651763,3558.0,0.0,1.0
2022-12-09,AU2302.SHF,402.84,404.4,402.4,403.46,403.3,402.44,402.24,1.22,1.06,100719,4062070.04,150310,-3811.0,68,0.6570358724795,0.5188184290822737,8,AU2304.SHF,403.9,403.58,91525,0.4399999999999977,AU2212.SHF,402.78,402.6,6,0.6800000000000068,AU2312.SHF,405.4,405.16,371,2.6200000000000045,0.006504791697701017,0.006483726839184543,66227.0,42808.0,-5066.0,-2396.0,33.0,38663.0,20668.0,0.2147842435915073,0.5837951288749301,0.48280695197159407,3558.0,0.0,1.0
2022-12-12,AU2302.SHF,404.58,406.56,403.0,403.3,404.48,403.46,403.3,0.0,1.18,108687,4396345.75,148210,-2100.0,65,0.6198854757206247,0.5144483590482306,8,AU2304.SHF,403.7,404.88,92582,0.39999999999997726,AU2212.SHF,403.1,403.64,3,0.19999999999998863,AU2312.SHF,404.92,406.0,368,1.8199999999999932,0.004515008682709043,0.004504846607430895,63645.0,42021.0,-2460.0,-710.0,34.0,37378.0,19569.0,0.2046448242575663,0.5872888679393511,0.465695723566788,4059.0,501.0,1.0
2022-12-13,AU2302.SHF,403.58,403.92,402.56,403.54,403.26,403.3,404.48,-0.94,-1.22,78634,3171089.93,146433,-1777.0,64,0.6250516676735239,0.5118853691106248,8,AU2304.SHF,403.84,403.6,92968,0.2999999999999545,AU2212.SHF,402.9,403.06,2,0.6400000000000432,AU2312.SHF,405.06,405.02,367,2.160000000000025,0.005361131794489937,0.005346812084532521,62320.0,41256.0,-1190.0,-455.0,36.0,37065.0,19394.0,0.20336757550011586,0.5947528883183568,0.47008919914679076,4059.0,0.0,1.0
2022-12-14,AU2302.SHF,404.3,409.3,403.92,408.1,407.36,403.54,403.26,4.84,4.1,154569,6296816.1,153039,6606.0,63,0.6686493688518208,0.5177162690626649,8,AU2304.SHF,408.4,407.72,95109,0.2999999999999545,AU2212.SHF,406.2,406.08,1,1.900000000000034,AU2312.SHF,409.62,408.96,366,3.420000000000016,0.008419497784342811,0.00838425151195975,68892.0,42094.0,7022.0,1089.0,35.0,40346.0,20695.0,0.24145387706557583,0.5856412936189979,0.4916377631016297,4059.0,0.0,1.0
2022-12-15,AU2302.SHF,406.98,408.22,404.08,404.86,406.2,408.1,407.36,-2.5,-1.16,92213,3745795.17,151275,-1764.0,62,0.6553128286761989,0.511871770665205,8,AU2304.SHF,405.36,406.82,96832,0.5,AU2301.SHF,404.48,404.72,32,0.37999999999999545,AU2312.SHF,406.3,407.3,365,1.8199999999999932,0.004931998850115972,0.004920936001392678,67644.0,42031.0,-881.0,240.0,33.0,37501.0,19372.0,0.23353544563483017,0.554387676660162,0.4608979086864457,4059.0,0.0,1.0
2022-12-16,AU2302.SHF,402.02,403.42,401.44,402.9,402.34,404.86,406.2,-3.3,-3.86,105956,4263055.33,146476,-4799.0,61,0.6167116781523562,0.5071936342829046,8,AU2304.SHF,403.32,402.7,98251,0.4200000000000159,AU2301.SHF,402.9,402.0,31,0.0,AU2312.SHF,404.3,403.94,364,1.400000000000034,0.0038087230939056896,0.003802121093212227,64483.0,40376.0,-3147.0,-912.0,32.0,35714.0,18115.0,0.22989919797060815,0.553851402695284,0.4486576183871607,3759.0,-300.0,1.0
2022-12-19,AU2302.SHF,403.7,406.36,403.08,405.3,404.58,402.9,402.34,2.96,2.24,99517,4026334.04,140301,-6175.0,58,0.6301336034952194,0.4834481356539597,8,AU2304.SHF,406.08,405.1,103137,0.7799999999999727,AU2301.SHF,405.1,404.5,28,0.19999999999998863,AU2312.SHF,407.52,407.1,361,2.419999999999959,0.006547895711065196,0.006528415234874466,61170.0,40132.0,-3221.0,-183.0,34.0,35781.0,18367.0,0.20767605772837655,0.5849435998038254,0.4576647064686534,3759.0,0.0,1.0
2022-12-20,AU2302.SHF,404.86,405.68,403.5,405.42,404.76,405.3,404.58,0.84,0.18,84321,3413125.58,134573,-5728.0,57,0.6032839665164198,0.4664090389214293,8,AU2304.SHF,406.16,405.54,104268,0.7400000000000091,AU2301.SHF,405.1,404.48,27,0.3199999999999932,AU2312.SHF,407.96,407.14,360,2.859999999999957,0.007738422203986207,0.0077112335236950436,57294.0,40452.0,-3052.0,410.0,35.0,33915.0,18335.0,0.17230372598367197,0.5919468007121165,0.45325323840601206,3474.0,-285.0,1.0
2022-12-21,AU2302.SHF,406.5,410.3,406.42,409.5,408.68,405.42,404.76,4.74,3.92,103246,4219516.36,141855,7282.0,56,0.5809933260553949,0.4697434301155028,8,AU2304.SHF,410.02,409.22,104030,0.5199999999999818,AU2301.SHF,408.18,407.9,26,1.3199999999999932,AU2312.SHF,411.86,411.18,359,3.680000000000007,0.009881997240515583,0.00983771696740191,62134.0,41517.0,4975.0,1167.0,34.0,35110.0,19918.0,0.19890787353715836,0.5650690443235588,0.4797552809692415,,,
2022-12-22,AU2302.SHF,410.0,411.38,409.58,409.86,410.46,409.5,408.68,1.18,1.78,77926,3198696.42,141571,-284.0,55,0.6076148741900521,0.4624719879262245,8,AU2304.SHF,410.46,410.98,105541,0.5999999999999659,AU2301.SHF,408.56,408.88,25,1.3000000000000114,AU2312.SHF,412.0,412.64,358,3.4399999999999977,0.009228927380483958,0.00919029116726818,63665.0,40524.0,1531.0,-598.0,35.0,35417.0,19634.0,0.22210598047778557,0.5563025210084034,0.48450301056164247,,,
2022-12-23,AU2302.SHF,410.3,411.2,405.68,406.8,408.14,409.86,410.46,-3.66,-2.32,102230,4172477.56,133967,-7604.0,54,0.5996457145538584,0.4471349612165067,8,AU2304.SHF,407.3,408.66,105503,0.5,AU2301.SHF,406.24,407.78,24,0.5600000000000023,AU2312.SHF,409.1,409.88,357,2.8600000000000136,0.007716706466214165,0.00768966981179993,61813.0,37471.0,-970.0,-2143.0,33.0,36486.0,18158.0,0.2451754562668708,0.5902641839095336,0.4845880814496544,,,
2022-12-26,AU2304.SHF,407.9,409.26,407.42,408.18,408.12,407.3,408.66,-0.48,-0.54,42503,1734638.79,110349,4846.0,112,0.26898249522194234,0.41255818300775776,8,AU2302.SHF,407.24,407.4,92944,-0.9399999999999977,AU2301.SHF,406.68,406.76,21,1.5,AU2312.SHF,410.2,409.94,354,3.519999999999982,0.00948720925115138,0.009446386589885203,34389.0,23970.0,3986.0,3969.0,32.0,21100.0,11778.0,0.17853287410682156,0.6135682921864549,0.4913642052565707,,,
2022-12-27,AU2304.SHF,408.94,408.94,407.3,408.9,408.22,408.18,408.12,0.78,0.1,35798,1461360.45,111773,1424.0,111,0.3487656125172931,0.4263037251469349,8,AU2302.SHF,407.96,407.26,84451,-0.9399999999999977,AU2301.SHF,408.96,407.5,20,-0.060000000000002274,AU2312.SHF,410.74,410.36,353,1.7800000000000296,0.004770762546584159,0.004760410193494338,36079.0,24741.0,2027.0,832.0,32.0,21286.0,11463.0,0.18641894113778362,0.5899830926577788,0.4633199951497514,,,
2022-12-28,AU2304.SHF,409.78,413.18,408.32,409.48,410.18,408.9,408.22,1.26,1.96,64474,2644601.18,117893,6120.0,110,0.3886527900850559,0.44972267362462137,8,AU2302.SHF,408.6,409.4,76278,-0.8799999999999955,AU2301.SHF,408.22,409.76,19,1.259999999999991,AU2312.SHF,412.06,411.94,352,3.839999999999975,0.01031063889326588,0.010262446374390376,39556.0,25694.0,3515.0,1377.0,32.0,22402.0,11716.0,0.21244444444444444,0.5663363332996258,0.45598194130925507,,,
2022-12-29,AU2304.SHF,409.42,410.6,408.42,409.06,409.6,409.48,410.18,-1.12,-0.58,50985,2088377.82,121115,3222.0,109,0.4048292070953296,0.46585559111329927,8,AU2302.SHF,408.36,408.72,69937,-0.6999999999999886,AU2301.SHF,409.64,408.86,18,-0.5799999999999841,AU2312.SHF,411.2,411.84,351,1.5600000000000023,0.004174177106507923,0.004166249131553286,41128.0,25719.0,1572.0,144.0,34.0,22864.0,12379.0,0.23051146648316304,0.5559229721843999,0.4813173140479801,,,
2022-12-30,AU2304.SHF,409.28,411.56,409.0,411.46,410.2,409.06,409.6,1.86,0.6,60010,2461687.94,128439,7324.0,108,0.4385766175299096,0.48819415409175565,8,AU2306.SHF,411.82,410.84,68187,0.36000000000001364,AU2301.SHF,409.42,409.04,17,2.0399999999999636,AU2312.SHF,412.76,412.36,350,3.339999999999975,0.008941822482929443,0.008905546473840863,46634.0,27174.0,5506.0,1928.0,33.0,26001.0,12737.0,0.26365705614567525,0.5575545739160269,0.4687201000956797,,,
2023-01-03,AU2304.SHF,412.0,412.34,409.84,411.2,410.98,411.46,410.2,1.0,0.78,58029,2384883.59,138424,9985.0,104,0.5170726926024273,0.513853829477623,8,AU2306.SHF,411.78,411.32,70677,0.5799999999999841,AU2301.SHF,413.0,413.0,13,-1.8000000000000114,AU2312.SHF,412.94,412.76,346,-0.060000000000002274,-0.00015923914228995246,-0.00015925071041828038,53607.0,30145.0,7129.0,3017.0,34.0,29295.0,13835.0,0.280136593752985,0.5464771391795847,0.45894841598938463,,,
2023-01-04,AU2304.SHF,411.26,413.88,410.7,413.26,412.62,411.2,410.98,2.28,1.64,120196,4959565.11,149575,11151.0,103,0.6488628327422115,0.535182693821471,8,AU2306.SHF,413.54,413.0,72942,0.28000000000002956,AU2301.SHF,411.4,408.46,12,1.8600000000000136,AU2312.SHF,414.9,414.5,345,3.5,0.00932507616999586,0.00928563301437642,60028.0,32804.0,6421.0,2884.0,35.0,32452.0,15095.0,0.2932609445018959,0.5406143799560206,0.46015729789050114,,,
2023-01-05,AU2304.SHF,414.38,415.92,412.4,412.5,414.54,413.26,412.62,-0.12,1.92,124302,5152951.54,156299,6724.0,102,0.6813980769863284,0.5510995617267191,8,AU2306.SHF,412.92,414.74,73832,0.4200000000000159,AU2301.SHF,412.0,412.0,11,0.5,AU2312.SHF,414.5,416.08,344,2.5,0.006651068544272365,0.006630970592869293,63539.0,35256.0,3511.0,2520.0,34.0,32931.0,16480.0,0.2862796700237866,0.5182801114276271,0.4674381665532108,3339.0,0.0,1.0
2023-01-06,AU2304.SHF,411.52,412.78,408.5,409.54,410.38,412.5,414.54,-5.0,-4.16,126762,5202285.51,152078,-4221.0,101,0.6274538920732975,0.5546992117827716,8,AU2306.SHF,410.04,410.7,74481,0.5,AU2301.SHF,409.0,409.0,10,0.5400000000000205,AU2312.SHF,411.94,412.46,343,2.9399999999999977,0.00787902817242679,0.007850844883598872,57667.0,32436.0,-5872.0,-2662.0,34.0,31274.0,14505.0,0.2800239725647315,0.5423205646210137,0.4471883092859785,,,
2023-01-09,AU2304.SHF,409.32,414.62,409.0,414.0,412.28,409.54,410.38,3.62,1.9,144195,5944910.87,159731,7653.0,98,0.674880651502387,0.5638705714568124,8,AU2306.SHF,414.46,412.8,79424,0.45999999999997954,AU2301.SHF,411.3,411.3,7,2.6999999999999886,AU2312.SHF,415.86,414.94,340,4.560000000000002,0.012152195959635861,0.012085325289408555,61082.0,35496.0,3415.0,3276.0,36.0,33527.0,15871.0,0.26492575948973884,0.5488851052683278,0.4471208023439261,,,
2023-01-10,AU2304.SHF,414.06,414.24,412.14,413.7,413.3,414.0,412.28,1.42,1.02,101239,4184390.6,163399,3668.0,97,0.6899303520560455,0.5696520708408869,8,AU2306.SHF,414.16,413.9,82341,0.4600000000000364,AU2301.SHF,411.3,411.3,6,2.3999999999999773,AU2312.SHF,415.42,415.42,339,4.1200000000000045,0.010979615647741078,0.010924988634318721,63883.0,37942.0,2913.0,2495.0,34.0,35587.0,16784.0,0.25476061870856864,0.5570652599283065,0.44235939064888513,3330.0,0.0,1.0
2023-01-11,AU2304.SHF,413.78,415.18,413.5,414.8,414.32,413.7,413.3,1.5,1.02,89422,3705006.28,167599,4200.0,96,0.686704705150554,0.5737608950175621,8,AU2306.SHF,415.38,414.9,86286,0.5799999999999841,AU2301.SHF,414.1,419.14,5,0.6999999999999886,AU2312.SHF,417.02,416.32,338,2.919999999999959,0.007729052404251638,0.007701929371370508,66358.0,39968.0,2594.0,2147.0,35.0,36418.0,18053.0,0.24819893534977333,0.5488109949064167,0.4516863490792634,3330.0,0.0,1.0
2023-01-12,AU2304.SHF,414.2,414.92,411.38,414.58,413.68,414.8,414.32,0.26,-0.64,103031,4262302.08,167155,-444.0,95,0.7090866545997618,0.5785111095729217,8,AU2306.SHF,415.12,414.32,86783,0.5400000000000205,AU2301.SHF,419.14,419.14,4,-4.560000000000002,AU2312.SHF,416.64,416.12,337,-2.5,-0.0065377683834524,-0.006557343829583201,66701.0,40180.0,541.0,277.0,35.0,36411.0,17623.0,0.24813577717274352,0.5458838698070494,0.4386012941762071,3327.0,-3.0,1.0
2023-01-13,AU2304.SHF,415.28,416.28,413.0,415.22,415.02,414.58,413.68,1.54,1.34,139230,5778392.7,166790,-365.0,94,0.7210029724607211,0.5803127196309157,8,AU2306.SHF,415.68,415.56,87382,0.45999999999997954,AU2301.SHF,419.14,419.14,3,-3.919999999999959,AU2312.SHF,417.6,417.18,336,-1.5399999999999636,-0.004027265324206578,-0.004034681965553311,67431.0,40854.0,828.0,1265.0,36.0,36898.0,19094.0,0.2454356559080205,0.5471963933502395,0.46737161599843347,3327.0,0.0,1.0
2023-01-16,AU2304.SHF,415.22,419.36,414.8,417.28,417.06,415.22,415.02,2.26,2.04,129913,5418370.71,168405,1615.0,91,0.7420335052576866,0.5815290583238372,8,AU2306.SHF,417.78,417.62,89587,0.5,AU2302.SHF,416.18,416.24,30,1.099999999999966,AU2312.SHF,419.76,419.98,333,3.579999999999984,0.010362202061909307,0.01031788793315288,67589.0,41754.0,372.0,927.0,37.0,36830.0,19421.0,0.23627484155364312,0.5449111541818935,0.46512908942855774,3327.0,0.0,1.0
2023-01-17,AU2304.SHF,418.2,419.66,417.82,419.0,418.94,417.28,417.06,1.94,1.88,91941,3851893.71,173400,4995.0,90,0.7965018062738779,0.5869708714858758,8,AU2306.SHF,419.4,419.44,90971,0.39999999999997726,AU2302.SHF,417.98,417.96,29,1.0199999999999818,AU2402.SHF,421.38,421.26,398,3.3999999999999773,0.008046183146170291,0.008013634259460008,72591.0,43969.0,5054.0,2215.0,37.0,37836.0,20587.0,0.24555593685655455,0.5212216390461627,0.46821624326229844,3327.0,0.0,1.0
2023-01-18,AU2304.SHF,419.76,420.94,417.04,418.4,419.44,419.0,418.94,-0.54,0.5,131047,5496693.81,174445,1045.0,89,0.7575715532740211,0.5877883429588048,8,AU2306.SHF,418.74,419.6,94086,0.34000000000003183,AU2302.SHF,417.14,418.1,28,1.259999999999991,AU2402.SHF,419.32,420.88,397,2.180000000000007,0.005169412100699126,0.005155951141727019,75121.0,44456.0,2562.0,610.0,36.0,38723.0,20988.0,0.25644563753899163,0.5154750336124386,0.47210725211445026,3327.0,0.0,1.0
2023-01-19,AU2304.SHF,420.0,421.48,417.58,419.66,419.76,418.4,419.44,0.22,0.32,133678,5611525.6,174369,-76.0,88,0.7475436604911001,0.5876015595776873,8,AU2306.SHF,420.0,420.04,96986,0.339999999999975,AU2302.SHF,418.6,418.68,27,1.0600000000000023,AU2402.SHF,422.18,422.06,396,3.579999999999984,0.008459609201920895,0.008423639508398674,76360.0,43657.0,1469.0,-799.0,36.0,39767.0,20966.0,0.2724863977603173,0.5207831325301204,0.4802437180749937,3312.0,-15.0,1.0
2023-01-20,AU2304.SHF,420.28,424.3,419.88,423.5,422.28,419.66,419.76,3.74,2.52,118571,5007231.45,174298,-71.0,87,0.7734673642187113,0.5875721832113565,8,AU2306.SHF,423.8,422.74,98174,0.30000000000001137,AU2302.SHF,422.48,421.52,26,1.0199999999999818,AU2402.SHF,425.94,424.58,395,3.4599999999999795,0.008100959157669486,0.008067966806084473,75778.0,43408.0,-575.0,-59.0,37.0,39576.0,21029.0,0.2715923011091907,0.5222623980574838,0.4844498709915223,3312.0,0.0,1.0
2023-01-30,AU2304.SHF,421.48,422.88,421.14,422.68,421.92,423.5,422.28,0.4,-0.36,52184,2201830.48,173023,-1275.0,77,0.6373929718703815,0.5855242452648214,8,AU2306.SHF,423.24,422.5,99722,0.5600000000000023,AU2302.SHF,421.72,420.84,16,0.9599999999999795,AU2402.SHF,425.36,424.66,385,3.6399999999999864,0.008537754921322391,0.008501119533541953,74570.0,44257.0,-611.0,1174.0,36.0,38235.0,21551.0,0.25510195494290017,0.5127397076572349,0.48695121675667125,3312.0,0.0,1.0
2023-01-31,AU2304.SHF,421.84,422.3,419.08,419.48,421.12,422.68,421.92,-2.44,-0.8,104552,4403002.208,171875,-1148.0,76,0.6637800774553997,0.6001683090181509,8,AU2306.SHF,420.0,421.52,100921,0.5199999999999818,AU2302.SHF,418.34,420.66,15,1.1400000000000432,AU2402.SHF,422.84,423.76,384,4.5,0.010640195802923826,0.01058337567550486,74208.0,46298.0,-247.0,2041.0,35.0,36612.0,24004.0,0.23160672497634974,0.4933699870633894,0.5184673204026092,3312.0,0.0,1.0
2023-02-01,AU2304.SHF,417.96,422.5,417.96,421.58,420.74,419.48,421.12,0.46,-0.38,101480,4269746.11,173729,1854.0,75,0.699953787047958,0.6019194456474665,8,AU2306.SHF,422.08,421.3,101707,0.5,AU2302.SHF,420.48,419.08,14,1.099999999999966,AU2402.SHF,424.26,423.96,383,3.7799999999999727,0.008892276422764194,0.008852544798441445,73995.0,47676.0,-213.0,1478.0,35.0,37243.0,25304.0,0.2163128436521439,0.5033177917426853,0.5307492239281819,3312.0,0.0,1.0
2023-02-02,AU2304.SHF,421.7,425.68,420.44,424.86,423.02,421.58,420.74,4.12,2.28,109719,4641335.36,178222,4493.0,74,0.6903214440760291,0.6070707173927112,8,AU2306.SHF,425.32,423.88,103150,0.45999999999997954,AU2302.SHF,423.8,421.38,13,1.0600000000000023,AU2402.SHF,427.58,426.92,382,3.7799999999999727,0.008822615361594828,0.008783501982095033,76553.0,50135.0,2558.0,2475.0,35.0,38756.0,26281.0,0.20852803738317757,0.506263634344833,0.5242046474518799,3312.0,0.0,1.0
2023-02-03,AU2304.SHF,425.76,425.98,418.06,419.34,421.3,424.86,423.02,-3.68,-1.72,155328,6544250.8,170202,-8020.0,73,0.7052990055850702,0.595497087276735,8,AU2306.SHF,420.02,421.88,103380,0.6800000000000068,AU2302.SHF,418.86,419.46,12,0.47999999999996135,AU2402.SHF,423.12,424.22,381,4.259999999999991,0.010060213766440833,0.010009399498065615,71449.0,46697.0,-5104.0,-3257.0,35.0,38137.0,24174.0,0.209503495674843,0.53376534311187,0.5176777951474398,3312.0,0.0,1.0
2023-02-06,AU2304.SHF,419.34,419.34,412.8,413.8,414.68,419.34,421.3,-7.5,-6.62,191854,7956104.75,161566,-8636.0,70,0.6852956514905807,0.5851444879451528,8,AU2306.SHF,414.38,415.36,101842,0.5799999999999841,AU2302.SHF,413.36,414.48,9,0.4399999999999977,AU2402.SHF,417.48,417.8,378,4.1200000000000045,0.009859054464359309,0.009810245433920013,64676.0,45697.0,-6773.0,-596.0,35.0,36459.0,23865.0,0.17195328567675067,0.563717607767951,0.5222443486443311,3312.0,0.0,1.0
2023-02-07,AU2304.SHF,413.18,413.78,412.22,412.62,412.94,413.8,414.68,-2.06,-1.74,107868,4454388.44,157363,-4203.0,69,0.7091726713301425,0.5776378819858676,8,AU2306.SHF,413.34,413.58,101825,0.7199999999999704,AU2302.SHF,411.8,412.12,8,0.8199999999999932,AU2402.SHF,416.82,416.62,377,5.019999999999982,0.012058238600841629,0.01198533322165791,59214.0,45677.0,-4939.0,-20.0,33.0,32955.0,23842.0,0.12905778379460583,0.5565406829466004,0.5219694813582328,3312.0,0.0,1.0
2023-02-08,AU2304.SHF,412.32,414.22,411.42,412.7,412.58,412.62,412.94,-0.24,-0.36,118069,4871458.1,154103,-3260.0,68,0.7223731385289331,0.5701500268235381,8,AU2306.SHF,413.3,413.2,101874,0.6000000000000227,AU2302.SHF,411.1,411.56,7,1.599999999999966,AU2402.SHF,416.46,416.1,376,5.359999999999957,0.012896854826003749,0.012813502728010268,56899.0,45592.0,-923.0,-71.0,34.0,33003.0,23798.0,0.11032188192133943,0.5800277685020826,0.5219775399192841,3312.0,0.0,1.0
2023-02-09,AU2304.SHF,413.5,414.16,411.4,413.52,412.98,412.7,412.58,0.94,0.4,108221,4469476.71,152758,-1345.0,67,0.68608941522544,0.562267651150978,8,AU2306.SHF,414.12,413.68,102335,0.6000000000000227,AU2302.SHF,412.36,411.82,6,1.1599999999999682,AU2402.SHF,417.08,416.82,375,4.71999999999997,0.01132222981944623,0.011257921214149149,56446.0,45932.0,-453.0,828.0,35.0,33159.0,23641.0,0.10269784524018832,0.5874464089572334,0.5146956370286511,3312.0,0.0,1.0
2023-02-10,AU2304.SHF,413.4,414.68,409.74,410.76,411.98,413.52,412.98,-2.22,-1.0,130010,5356197.82,145344,-7414.0,66,0.65610585706067,0.5465950629541044,8,AU2306.SHF,411.4,412.36,101957,0.6399999999999864,AU2302.SHF,410.3,411.58,5,0.45999999999997954,AU2402.SHF,414.42,415.1,374,4.1200000000000045,0.009932582874451758,0.00988304553249488,53858.0,43975.0,-2378.0,-1745.0,35.0,31778.0,22991.0,0.1010190835403187,0.5900330498718853,0.5228197839681638,3312.0,0.0,1.0
2023-02-13,AU2304.SHF,412.5,413.52,411.12,413.08,412.18,410.76,411.98,1.1,0.2,91353,3765416.95,141491,-3853.0,63,0.6629582861621528,0.5331115347806756,8,AU2306.SHF,413.76,412.96,103257,0.6800000000000068,AU2302.SHF,415.0,417.32,2,-1.920000000000016,AU2402.SHF,416.98,416.14,371,1.9800000000000182,0.0047193652659418255,0.004708142702797708,51765.0,43064.0,-1901.0,-911.0,33.0,30090.0,22034.0,0.09175463202184986,0.5812807881773399,0.5116570685491362,3312.0,0.0,1.0
2023-02-14,AU2304.SHF,412.3,412.94,410.18,412.74,411.58,413.08,412.18,0.56,-0.6,92246,3796783.53,138685,-2806.0,62,0.6783392652292849,0.5260452819596643,8,AU2306.SHF,413.42,412.44,102309,0.6800000000000068,AU2302.SHF,412.0,412.0,1,0.7400000000000091,AU2402.SHF,416.38,415.38,370,4.3799999999999955,0.010515826032046654,0.010460321834164997,51353.0,43162.0,-134.0,296.0,34.0,30079.0,21687.0,0.08666349256731735,0.5857301423480614,0.5024558639544043,3312.0,0.0,1.0
2023-02-15,AU2304.SHF,412.32,414.0,410.86,411.66,412.6,412.74,411.58,0.08,1.02,167137,6896183.87,137670,-1015.0,61,0.6524813004575337,0.5174902456077043,8,AU2306.SHF,412.26,413.24,102906,0.5999999999999659,AU2303.SHF,411.24,412.38,28,0.4200000000000159,AU2402.SHF,415.24,415.92,369,4.0,0.0104112560224837,0.01036094849689822,52569.0,45101.0,1985.0,1939.0,33.0,28481.0,23205.0,0.07646155421316679,0.5417831802012593,0.5145118733509235,3312.0,0.0,1.0
2023-02-16,AU2304.SHF,410.4,411.66,410.1,411.48,410.76,411.66,412.6,-1.12,-1.84,98258,4036076.71,136191,-1479.0,60,0.6910525649501358,0.5148336319716936,8,AU2306.SHF,412.08,411.5,102704,0.5999999999999659,AU2303.SHF,412.12,411.08,27,-0.6399999999999864,AU2402.SHF,414.62,414.06,368,2.5,0.00649314053959732,0.006473525499284827,52249.0,46323.0,-129.0,1405.0,36.0,28082.0,24753.0,0.06011849206671266,0.5374648318628108,0.5343565831228547,3312.0,0.0,1.0
2023-02-17,AU2304.SHF,411.7,412.5,409.92,410.26,410.94,411.48,410.76,-0.5,0.18,119229,4899744.89,135692,-499.0,59,0.6952493133750459,0.5129531132457066,8,AU2306.SHF,410.9,411.52,102187,0.6399999999999864,AU2303.SHF,411.5,411.38,26,-1.240000000000009,AU2402.SHF,413.52,414.16,367,2.019999999999982,0.0052543623037095855,0.005241507863022385,50826.0,45515.0,-1357.0,-388.0,35.0,27065.0,24989.0,0.05512710061137003,0.5325030496202731,0.5490277930352631,3312.0,0.0,1.0
2023-02-20,AU2304.SHF,410.68,413.02,410.22,412.3,411.72,410.26,410.94,1.36,0.78,104084,4285453.78,133851,-1841.0,56,0.680505521376127,0.5014197734356269,8,AU2306.SHF,413.06,412.52,104125,0.7599999999999909,AU2303.SHF,413.96,413.24,23,-1.6599999999999682,AU2402.SHF,415.52,414.56,364,1.5600000000000023,0.004033710313575299,0.004026128876187988,49502.0,45603.0,-795.0,227.0,35.0,25573.0,24571.0,0.040996793018242994,0.516605389681225,0.5388022717803653,3132.0,-180.0,1.0
2023-02-21,AU2304.SHF,412.44,412.96,411.64,411.7,412.26,412.3,411.72,-0.02,0.54,60697,2502302.07,133958,107.0,55,0.6941877487533739,0.49827779885583356,8,AU2306.SHF,412.44,412.88,103978,0.7400000000000091,AU2303.SHF,413.68,413.82,22,-1.9800000000000182,AU2402.SHF,415.14,415.32,363,1.4599999999999795,0.0037776943488696674,0.0037710436878155675,50064.0,47609.0,621.0,2141.0,33.0,25865.0,25347.0,0.02513488886386207,0.5166387024608501,0.5323993362599508,2790.0,-342.0,1.0
2023-02-22,AU2304.SHF,411.5,413.28,411.3,412.94,412.4,411.7,412.26,0.68,0.14,94793,3909287.29,130244,-3714.0,54,0.6810429059976435,0.48426304967782474,8,AU2306.SHF,413.56,413.12,106288,0.6200000000000045,AU2303.SHF,413.78,413.74,21,-0.839999999999975,AU2402.SHF,416.02,415.54,362,2.240000000000009,0.005794513893721889,0.005778885955354591,48848.0,45751.0,-1216.0,-1858.0,36.0,26521.0,24872.0,0.03273818962145477,0.5429290861447756,0.5436383904176958,2790.0,0.0,1.0
2023-02-23,AU2304.SHF,413.72,414.22,411.2,411.94,412.62,412.94,412.4,-0.46,0.22,88063,3633714.85,127262,-2982.0,53,0.6642404036899311,0.4726571785120038,8,AU2306.SHF,412.64,413.12,107959,0.6999999999999886,AU2303.SHF,412.94,413.12,20,-1.0,AU2402.SHF,414.96,415.14,361,2.019999999999982,0.005236039347063702,0.005223274256715935,45555.0,43633.0,-3027.0,-1742.0,33.0,22983.0,24481.0,0.021549984302821006,0.5045110306223246,0.5610661655169252,2790.0,0.0,1.0
2023-02-24,AU2304.SHF,411.62,413.5,410.46,413.14,411.88,411.94,412.62,0.52,-0.74,120010,4943094.83,115265,-11997.0,52,0.6650632588709275,0.44226378896882496,8,AU2306.SHF,413.78,412.8,109471,0.6399999999999864,AU2303.SHF,413.4,412.16,19,-0.2599999999999909,AU2402.SHF,416.1,415.5,360,2.7000000000000455,0.006990878871585088,0.006968148359378822,42310.0,41240.0,-2957.0,-1857.0,37.0,20383.0,22524.0,0.012806702573309396,0.48175372252422594,0.546168768186227,2790.0,0.0,1.0
2023-02-27,AU2306.SHF,413.26,414.1,412.74,412.92,413.22,413.78,412.8,0.12,0.42,31028,1282193.74,109769,298.0,108,0.2099579109769796,0.4211065416545184,8,AU2304.SHF,412.2,412.5,107333,-0.7200000000000273,AU2303.SHF,412.42,412.4,16,0.5,AU2402.SHF,415.44,415.48,357,3.019999999999982,0.007838008146181236,0.007809450049382111,64008.0,41476.0,269.0,66.0,39.0,36564.0,18152.0,0.21360585491638542,0.5712410948631421,0.43765068955540554,2790.0,0.0,1.0
2023-02-28,AU2306.SHF,413.26,414.16,412.78,413.46,413.58,412.92,413.22,0.24,0.36,24571,1016255.92,114040,4271.0,107,0.16516431735532747,0.48630507925271743,8,AU2304.SHF,412.64,412.6,73840,-0.8199999999999932,AU2303.SHF,413.06,412.82,15,0.39999999999997726,AU2402.SHF,415.92,415.94,356,2.8600000000000136,0.00741124854156937,0.007385708867519405,66741.0,42980.0,2830.0,1548.0,37.0,38478.0,18648.0,0.21655836166276282,0.5765271722029937,0.43387622149837135,2790.0,0.0,1.0
2023-03-01,AU2306.SHF,412.52,415.46,412.04,414.84,414.04,413.46,413.58,1.26,0.46,45107,1867624.64,118501,4461.0,106,0.26119307916801776,0.4924246201921479,8,AU2304.SHF,414.04,413.28,70774,-0.7999999999999545,AU2303.SHF,413.78,413.78,14,1.0600000000000023,AU2402.SHF,417.2,417.04,355,3.420000000000016,0.00884698103416494,0.008810619945813527,68897.0,45801.0,2277.0,2948.0,40.0,40079.0,19405.0,0.2013635808819683,0.5817234422398653,0.42368070566144844,2790.0,0.0,1.0
2023-03-02,AU2306.SHF,414.0,414.96,413.36,414.4,414.02,414.84,414.04,0.36,-0.02,39177,1622064.31,122558,4057.0,105,0.25534286217077606,0.5008131808857542,8,AU2304.SHF,413.62,413.22,67693,-0.7799999999999727,AU2303.SHF,416.0,416.1,13,-1.6000000000000227,AU2402.SHF,416.82,416.52,354,0.8199999999999932,0.0021098860816601847,0.002107809355211522,70765.0,48067.0,2128.0,2266.0,40.0,41349.0,20254.0,0.19100915578295408,0.5843142796580231,0.4213701708032538,2790.0,0.0,1.0
2023-03-03,AU2306.SHF,414.76,416.54,414.6,416.4,415.6,414.4,414.02,2.38,1.58,45914,1908192.54,130304,7746.0,104,0.31746931719965427,0.5103876163319023,8,AU2304.SHF,415.58,414.7,66796,-0.8199999999999932,AU2303.SHF,416.1,416.1,12,0.2999999999999545,AU2402.SHF,418.76,417.92,353,2.659999999999968,0.0068426197458455644,0.006820841125291476,75259.0,49898.0,5427.0,2163.0,39.0,42761.0,21322.0,0.20263349233362896,0.5681845360687758,0.4273117159004369,2790.0,0.0,1.0
2023-03-06,AU2306.SHF,417.42,419.5,416.48,419.28,418.04,416.4,415.6,3.68,2.44,44690,1868236.76,134566,4262.0,101,0.3018737925723781,0.5111602394627283,8,AU2304.SHF,418.44,416.98,64044,-0.839999999999975,AU2303.SHF,416.02,420.4,9,3.259999999999991,AU2402.SHF,421.32,420.62,350,5.300000000000011,0.013636412979806778,0.01355028134303693,77838.0,52646.0,2679.0,2913.0,38.0,42983.0,22806.0,0.19306581649857454,0.5522110023381895,0.4331953044865707,2790.0,0.0,1.0
2023-03-07,AU2306.SHF,419.74,420.36,419.04,419.74,419.76,419.28,418.04,1.7,1.72,33711,1415074.44,138029,3463.0,100,0.32054427202190783,0.5143100936369361,8,AU2304.SHF,418.82,418.82,61962,-0.9200000000000159,AU2303.SHF,420.4,420.4,8,-0.6599999999999682,AU2402.SHF,421.68,421.9,349,1.2800000000000296,0.003259010410417857,0.003254059072189963,79963.0,54128.0,2254.0,1482.0,38.0,44110.0,23387.0,0.19266766598802307,0.5516301289346323,0.43206843038723025,2790.0,0.0,1.0
2023-03-08,AU2306.SHF,418.34,418.58,414.58,414.86,416.3,419.74,419.76,-4.9,-3.46,65712,2735668.06,134807,-3222.0,99,0.3498519922482271,0.5154729448113153,8,AU2304.SHF,414.08,415.5,56424,-0.7800000000000296,AU2303.SHF,420.4,420.4,7,-5.539999999999964,AU2402.SHF,416.84,418.9,348,-3.5600000000000023,-0.0090641227039741,-0.009102718814304363,78405.0,54973.0,-1394.0,845.0,37.0,42804.0,23260.0,0.1756811468158167,0.5459345704993304,0.4231168027940989,2790.0,0.0,1.0
2023-03-09,AU2306.SHF,414.32,415.46,414.1,414.78,414.84,414.86,416.3,-1.52,-1.46,38694,1605187.88,132663,-2144.0,98,0.33626488224558965,0.5131614066168706,8,AU2308.SHF,415.46,415.44,57255,0.6800000000000068,AU2303.SHF,420.4,420.4,6,-5.6200000000000045,AU2402.SHF,416.9,417.14,347,-3.5,-0.008911356590985778,-0.008948659097819224,75736.0,54270.0,-2493.0,-703.0,38.0,42126.0,23633.0,0.1651154562097134,0.5562216119150735,0.43547079417726187,2790.0,0.0,1.0
2023-03-10,AU2306.SHF,415.34,417.94,415.18,417.6,416.88,414.78,414.84,2.76,2.04,49967,2083028.99,135969,3306.0,97,0.343394566659107,0.5196399908277918,8,AU2308.SHF,418.12,417.48,59030,0.5199999999999818,AU2303.SHF,420.4,420.4,5,-2.7999999999999545,AU2402.SHF,419.52,419.12,346,-0.8799999999999955,-0.0022405696571620986,-0.0022429179648776006,77740.0,55724.0,2583.0,1800.0,38.0,43914.0,24851.0,0.16495834082599053,0.5648829431438127,0.44596583159859304,2790.0,0.0,1.0
2023-03-13,AU2306.SHF,417.84,423.6,416.38,421.2,420.36,417.6,416.88,4.32,3.48,97318,4090963.9,144152,8183.0,94,0.3561943663621457,0.527364785764458,8,AU2308.SHF,421.74,420.68,63796,0.5400000000000205,AU2303.SHF,422.04,422.04,2,-0.8400000000000318,AU2402.SHF,423.14,423.2,343,1.099999999999966,0.0027898288191609485,0.0027861994359741618,80456.0,59608.0,3319.0,3893.0,38.0,45043.0,26567.0,0.14884624171807173,0.5598463756587452,0.4456952086968192,2790.0,0.0,1.0
2023-03-14,AU2306.SHF,423.9,426.74,423.0,426.36,424.7,421.2,420.36,6.0,4.34,133043,5650482.13,154711,10559.0,93,0.48486471908802004,0.5427313548024977,8,AU2308.SHF,426.82,425.08,68389,0.45999999999997954,AU2303.SHF,422.04,422.04,1,4.319999999999993,AU2402.SHF,428.38,426.86,342,6.339999999999975,0.01607955883043704,0.015959979156079985,86773.0,65404.0,6905.0,5796.0,38.0,47056.0,29129.0,0.14042200858211162,0.5422884998789946,0.44537031374227876,2793.0,3.0,1.0
2023-03-15,AU2306.SHF,426.38,426.98,424.56,426.54,426.02,426.36,424.7,1.84,1.32,96764,4122472.96,164756,10045.0,92,0.49090374098237566,0.5444535504679321,8,AU2308.SHF,427.0,426.52,78527,0.45999999999997954,AU2304.SHF,425.66,425.08,33,0.8799999999999955,AU2402.SHF,428.64,427.98,341,2.9799999999999613,0.00829651249000027,0.008267605829541998,93283.0,68446.0,6594.0,3215.0,37.0,49934.0,30660.0,0.15357171564778116,0.5352958202459184,0.4479443649007977,2793.0,0.0,1.0
2023-03-16,AU2306.SHF,432.88,434.48,428.44,430.48,431.54,426.54,426.02,4.46,5.52,165066,7123339.88,165886,1130.0,91,0.5253666547843356,0.5543225099328675,8,AU2308.SHF,430.98,432.02,82360,0.5,AU2304.SHF,429.78,430.92,32,0.7000000000000455,AU2404.SHF,433.4,432.52,396,3.6200000000000045,0.008446053922809503,0.008410682212810454,92795.0,68047.0,-174.0,-399.0,37.0,48660.0,31185.0,0.15386528394324867,0.5243817016003017,0.45828618454891473,2793.0,0.0,1.0
2023-03-17,AU2306.SHF,432.58,433.68,429.5,432.44,431.76,430.48,431.54,0.9,0.22,139787,6035487.89,174190,8304.0,90,0.5470644406352486,0.5466842419106801,8,AU2308.SHF,432.82,432.32,93893,0.37999999999999545,AU2304.SHF,431.64,430.76,31,0.8000000000000114,AU2404.SHF,434.26,433.34,395,2.6200000000000045,0.006086548517741143,0.00606815064034047,98609.0,71363.0,6556.0,3561.0,36.0,50959.0,33180.0,0.16029699009248582,0.516778387368293,0.46494682118184494,2793.0,0.0,1.0
2023-03-20,AU2306.SHF,435.18,445.94,435.08,445.02,440.18,432.44,431.76,13.26,8.42,234497,10322227.26,184872,10682.0,87,0.572720567403601,0.5549695155814254,8,AU2308.SHF,445.4,439.92,102293,0.37999999999999545,AU2304.SHF,444.3,438.88,28,0.7199999999999704,AU2404.SHF,446.32,442.32,392,2.019999999999982,0.004558967928313023,0.004548635610782179,99435.0,72657.0,3148.0,4425.0,34.0,51323.0,35462.0,0.1556028170978314,0.5161462261779052,0.48807410160067166,2790.0,-3.0,1.0
2023-03-21,AU2306.SHF,441.5,444.22,439.9,441.56,442.16,445.02,440.18,1.38,1.98,163544,7231425.86,183728,-1144.0,86,0.5566924684625806,0.5493880504630363,8,AU2308.SHF,442.06,442.8,105972,0.5,AU2304.SHF,441.08,441.62,27,0.4800000000000182,AU2404.SHF,444.9,443.84,391,3.819999999999993,0.00868435319101858,0.00864696323174224,98795.0,72456.0,-194.0,-147.0,36.0,51677.0,34929.0,0.15380348143952444,0.5230730300116403,0.4820718781053329,2790.0,0.0,1.0
2023-03-22,AU2306.SHF,439.08,439.58,433.3,435.42,436.26,441.56,442.16,-6.74,-5.9,193003,8420218.84,174208,-9520.0,85,0.6021878110345301,0.5356356614888881,8,AU2308.SHF,435.88,436.88,109028,0.45999999999997954,AU2304.SHF,434.8,435.76,26,0.6200000000000045,AU2404.SHF,437.92,439.52,390,3.1200000000000045,0.007195426468655518,0.0071697331498346405,92575.0,68918.0,-5771.0,-3386.0,36.0,48660.0,32924.0,0.14648932151857974,0.525627869295166,0.47772715400911225,2790.0,0.0,1.0
2023-03-23,AU2306.SHF,434.08,439.9,433.84,438.36,437.18,435.42,436.26,2.1,0.92,156312,6833783.24,178980,4772.0,84,0.596565147698649,0.5365606516193051,8,AU2308.SHF,438.9,437.58,113117,0.5399999999999636,AU2304.SHF,437.58,436.48,25,0.7800000000000296,AU2404.SHF,441.46,440.22,389,3.8799999999999955,0.00889130979628718,0.008852121877574715,96891.0,71471.0,4593.0,2850.0,37.0,50248.0,34770.0,0.15098418883120895,0.5186033790548141,0.48649102433154706,2790.0,0.0,1.0
2023-03-24,AU2306.SHF,437.88,442.36,437.4,440.7,439.84,438.36,437.18,3.52,2.66,159741,7026208.05,180777,1797.0,83,0.6068333858842032,0.5338434234111855,8,AU2308.SHF,441.24,439.98,116368,0.5400000000000205,AU2304.SHF,439.8,439.06,24,0.8999999999999773,AU2404.SHF,443.42,442.64,388,3.6200000000000045,0.008253626773408499,0.008219844164401541,99366.0,72202.0,3325.0,1125.0,35.0,52112.0,33722.0,0.1583278933134384,0.5244449811806855,0.4670507742167807,2790.0,0.0,1.0
2023-03-27,AU2306.SHF,443.7,444.34,438.0,438.14,441.24,440.7,439.84,-1.7,1.4,163748,7225373.64,175346,-5431.0,80,0.5659206215353139,0.5141930489249645,8,AU2308.SHF,438.64,441.84,120306,0.5,AU2304.SHF,437.32,440.16,21,0.8199999999999932,AU2404.SHF,441.2,443.44,385,3.8799999999999955,0.008896595949554878,0.008857361557055292,95719.0,69141.0,-3322.0,-3061.0,37.0,49722.0,32774.0,0.16121557685308746,0.5194579968449315,0.4740168640893247,2790.0,0.0,1.0
2023-03-28,AU2306.SHF,434.24,437.28,434.0,436.18,435.94,438.14,441.24,-5.06,-5.3,120749,5264158.95,166728,-8618.0,79,0.5153518505872713,0.49454226187651273,8,AU2308.SHF,436.66,436.58,123862,0.4800000000000182,AU2304.SHF,435.36,435.2,20,0.8199999999999932,AU2404.SHF,438.94,439.22,384,3.579999999999984,0.00824567062852605,0.008211952940984391,93228.0,66676.0,-2487.0,-2407.0,37.0,48305.0,31471.0,0.16604962977786672,0.5181383275410821,0.47199892015117884,2790.0,0.0,1.0
2023-03-29,AU2306.SHF,437.88,440.18,436.32,437.76,438.02,436.18,435.94,1.82,2.08,110786,4852710.63,167148,420.0,78,0.5412353254417634,0.48729206388077456,8,AU2308.SHF,438.24,438.46,126569,0.4800000000000182,AU2304.SHF,436.94,437.1,19,0.8199999999999932,AU2404.SHF,440.62,441.06,383,3.680000000000007,0.008445346935757485,0.008409981130665932,93228.0,67141.0,1030.0,514.0,37.0,48587.0,31539.0,0.16266859555150934,0.5211631698631313,0.4697427801194501,2790.0,0.0,1.0
2023-03-30,AU2306.SHF,438.1,439.7,437.06,438.9,438.38,437.76,438.02,0.88,0.36,103888,4554345.23,167592,444.0,77,0.5040806622220928,0.4800068739348981,8,AU2308.SHF,439.48,438.98,130027,0.5800000000000409,AU2304.SHF,437.84,437.4,18,1.0600000000000023,AU2404.SHF,441.04,441.26,382,3.2000000000000455,0.007328684471019579,0.007302033015671389,95087.0,67478.0,1971.0,504.0,36.0,50342.0,31612.0,0.16983360501953065,0.529430942189784,0.46847861525237855,2790.0,0.0,1.0
2023-03-31,AU2306.SHF,438.92,441.5,437.66,441.2,439.68,438.9,438.38,2.82,1.3,116913,5140432.77,170940,3348.0,76,0.5086247775829741,0.4776808419075936,8,AU2308.SHF,441.88,440.04,134519,0.6800000000000068,AU2304.SHF,440.32,439.1,17,0.8799999999999955,AU2404.SHF,443.92,442.96,381,3.6000000000000227,0.00819833328009214,0.00816500057731718,97201.0,69485.0,2285.0,2007.0,35.0,51117.0,33532.0,0.16627671190141943,0.5258896513410356,0.4825789738792545,2790.0,0.0,1.0
2023-04-03,AU2306.SHF,440.8,441.2,434.6,435.62,438.0,441.2,439.68,-4.06,-1.68,139362,6104215.45,160589,-10351.0,73,0.5189444012079732,0.4550011049974217,8,AU2308.SHF,436.4,439.04,136353,0.7799999999999727,AU2304.SHF,435.02,436.18,14,0.6000000000000227,AU2404.SHF,439.0,441.08,378,3.980000000000018,0.009174139271606185,0.009132426378145021,89910.0,66798.0,-7257.0,-2639.0,34.0,47131.0,31160.0,0.1474844934527912,0.5242019797575354,0.4664810323662385,2790.0,0.0,1.0
2023-04-04,AU2306.SHF,440.48,441.84,438.7,440.7,440.42,435.62,438.0,2.7,2.42,135008,5946074.22,163791,3202.0,72,0.5560529990074012,0.45089316438133675,8,AU2308.SHF,441.44,440.94,139286,0.7400000000000091,AU2304.SHF,439.98,439.44,13,0.7199999999999704,AU2404.SHF,443.16,443.24,377,3.180000000000007,0.007247457302005177,0.0072213919541999,92246.0,67773.0,2718.0,1052.0,36.0,48613.0,32312.0,0.15293808860197852,0.526993040348633,0.4767680344680035,2790.0,0.0,1.0
2023-04-06,AU2306.SHF,447.56,448.0,446.12,447.18,447.04,440.7,440.42,6.76,6.62,57806,2584252.11,165653,1862.0,70,0.505575622939206,0.44726717013124817,8,AU2308.SHF,447.94,447.74,141179,0.7599999999999909,AU2304.SHF,446.4,446.36,11,0.7800000000000296,AU2404.SHF,449.96,449.64,375,3.5600000000000023,0.007996819488754973,0.007965101052187487,93435.0,68134.0,1189.0,591.0,35.0,48734.0,33019.0,0.15659563406346513,0.5215818483437684,0.4846185458067925,2790.0,0.0,1.0
2023-04-07,AU2306.SHF,446.8,447.44,444.76,447.32,446.34,447.18,447.04,0.28,-0.7,94427,4214832.19,168655,3002.0,69,0.4841988134367773,0.4468771197218925,8,AU2308.SHF,448.0,447.04,141714,0.6800000000000068,AU2304.SHF,446.3,445.52,10,1.0199999999999818,AU2404.SHF,450.08,449.42,374,3.7799999999999727,0.008492907495820242,0.008457143362109003,94255.0,69479.0,820.0,1460.0,37.0,49277.0,33888.0,0.15131860212295553,0.5228051562251339,0.4877444983376272,2790.0,0.0,1.0
2023-04-10,AU2306.SHF,446.48,446.82,441.64,442.8,444.06,447.32,446.34,-3.54,-2.28,83936,3727379.42,165314,-3341.0,66,0.4835580135960364,0.4290660492929964,8,AU2308.SHF,443.62,444.7,142740,0.8199999999999932,AU2304.SHF,442.0,445.22,7,0.8000000000000114,AU2404.SHF,445.9,446.34,371,3.8999999999999773,0.00884776987718161,0.008808963702863945,88631.0,68011.0,-5045.0,-1399.0,37.0,46753.0,32852.0,0.13163774721977503,0.5275016642032697,0.48303950831483145,2790.0,0.0,1.0
2023-04-11,AU2306.SHF,442.02,445.12,441.12,444.84,442.98,442.8,444.06,0.78,-1.08,107590,4766084.61,165807,493.0,65,0.4838463060567358,0.4213068600497009,8,AU2308.SHF,445.7,443.82,145708,0.8600000000000136,AU2304.SHF,443.7,442.42,6,1.1399999999999864,AU2404.SHF,448.0,446.84,370,4.300000000000011,0.00971785708094038,0.009671070112621822,86098.0,67268.0,-2491.0,-743.0,37.0,45963.0,31761.0,0.12277819073327856,0.5338451531975191,0.4721561515133496,2790.0,0.0,1.0
2023-04-12,AU2306.SHF,444.44,450.2,444.04,448.84,447.36,444.84,442.98,5.86,4.38,129654,5800245.22,174723,8916.0,64,0.5014678068760661,0.42283594334211805,8,AU2308.SHF,449.76,447.9,150598,0.9200000000000159,AU2304.SHF,447.98,447.04,5,0.8599999999999568,AU2404.SHF,452.16,451.34,369,4.180000000000007,0.00935640768892265,0.009313026074773322,91580.0,68983.0,5803.0,1807.0,37.0,52096.0,32712.0,0.1407360350765743,0.5688578292203538,0.47420378933940244,2790.0,0.0,1.0
2023-04-13,AU2306.SHF,449.96,450.0,445.46,448.82,447.52,448.84,447.36,1.46,0.16,129532,5796955.15,174862,139.0,63,0.5121987868434996,0.41772554078427154,8,AU2308.SHF,449.54,448.48,152659,0.7200000000000273,AU2304.SHF,447.0,447.24,4,1.8199999999999932,AU2404.SHF,452.02,451.08,368,5.019999999999982,0.011261277872016022,0.011198512884586438,91501.0,68195.0,-79.0,-788.0,36.0,51642.0,32262.0,0.145939785592626,0.5643872744560169,0.47308453698951536,2790.0,0.0,1.0
2023-04-14,AU2306.SHF,452.96,453.28,449.88,451.0,451.94,448.82,447.52,3.48,4.42,148264,6700813.33,176001,1139.0,62,0.48854458763481073,0.4084127916015956,8,AU2308.SHF,451.92,452.96,158510,0.9200000000000159,AU2304.SHF,451.0,451.14,3,0.0,AU2404.SHF,454.46,455.24,367,3.4599999999999795,0.007692916839258209,0.007663557488887999,89127.0,68748.0,-1355.0,740.0,34.0,48240.0,33381.0,0.12908313539192398,0.5412501262243764,0.4855559434456275,2790.0,0.0,1.0
2023-04-17,AU2306.SHF,448.74,449.56,442.2,446.08,445.44,451.0,451.94,-5.86,-6.5,206577,9201802.88,164440,-11561.0,59,0.5440660958516267,0.3922447928096406,8,AU2308.SHF,447.08,446.72,157150,1.0,AU2305.SHF,445.44,444.74,28,0.6399999999999864,AU2404.SHF,450.0,449.28,364,4.560000000000002,0.011120625513136405,0.011064089721140999,81203.0,66059.0,-6652.0,-2300.0,34.0,43565.0,32121.0,0.10283712023468376,0.5364949570828664,0.486247142705763,2790.0,0.0,1.0
2023-04-18,AU2308.SHF,445.44,445.98,441.72,445.42,444.42,447.08,446.72,-1.3,-2.3,88825,3947655.4,159595,2445.0,119,0.3378185649033799,0.38168660061081333,8,AU2306.SHF,444.26,443.26,157994,-1.160000000000025,AU2305.SHF,443.38,442.54,27,2.0400000000000205,AU2404.SHF,448.32,447.28,363,4.939999999999998,0.0121033178032816,0.012036388805758294,57977.0,31513.0,3565.0,518.0,32.0,31650.0,15724.0,0.2957201922002458,0.5459061351915415,0.4989686795925491,2790.0,0.0,1.0
2023-04-19,AU2308.SHF,446.24,448.02,444.22,445.1,446.28,445.42,444.42,0.68,1.86,89358,3987985.3,163782,4187.0,118,0.3308575236966825,0.39068176451084274,8,AU2306.SHF,443.98,445.16,151238,-1.1200000000000045,AU2305.SHF,443.12,444.02,26,1.9800000000000182,AU2404.SHF,447.92,449.22,362,4.800000000000011,0.01176720914038133,0.011703932828164202,64602.0,33894.0,6625.0,2493.0,32.0,35228.0,16905.0,0.3117690058479532,0.5453081947927308,0.49876084262701365,2781.0,-9.0,1.0
2023-04-20,AU2308.SHF,443.44,446.34,442.24,445.66,444.76,445.1,446.28,-0.62,-1.52,85369,3796893.52,167054,3272.0,117,0.3186587582726455,0.4001580951924689,8,AU2306.SHF,444.54,443.46,143699,-1.1200000000000045,AU2305.SHF,443.02,442.26,25,2.640000000000043,AU2404.SHF,448.2,447.7,361,5.180000000000007,0.01270164627631568,0.01262796324130274,69295.0,34887.0,4773.0,993.0,32.0,39347.0,17677.0,0.3302681845232382,0.5678187459412656,0.5066930375211397,2754.0,-27.0,1.0
2023-04-21,AU2308.SHF,446.92,447.76,442.74,443.64,445.76,445.66,444.76,-1.12,1.0,89494,3989440.41,168919,1865.0,116,0.3450304572441977,0.4057110192552954,8,AU2306.SHF,442.5,444.64,137660,-1.1399999999999864,AU2305.SHF,441.64,443.68,24,2.0,AU2404.SHF,445.88,448.5,360,4.240000000000009,0.010429201116186004,0.010379456062284435,70134.0,34880.0,1996.0,-7.0,32.0,40322.0,17597.0,0.3357076199363894,0.5749279949810363,0.5045011467889908,2754.0,0.0,1.0
2023-04-24,AU2308.SHF,443.32,445.86,440.74,442.32,442.74,443.64,445.76,-3.44,-3.02,101249,4482730.5,169357,438.0,113,0.312123136490869,0.4134884186522324,8,AU2306.SHF,441.16,441.46,123763,-1.1599999999999682,AU2305.SHF,440.66,441.22,21,1.6599999999999682,AU2404.SHF,445.06,445.58,357,4.399999999999977,0.010846825000594302,0.010793029905367313,69971.0,34525.0,1504.0,-247.0,34.0,40720.0,17351.0,0.33920915633134285,0.5819553815151991,0.5025633598841419,2754.0,0.0,1.0
2023-04-25,AU2308.SHF,442.92,446.42,441.18,446.08,444.1,442.32,442.74,3.34,1.36,85896,3814674.76,171098,1741.0,112,0.347868346556186,0.4190035386744052,8,AU2306.SHF,444.98,442.9,117526,-1.099999999999966,AU2305.SHF,444.0,441.96,20,2.079999999999984,AU2404.SHF,448.9,447.18,356,4.899999999999977,0.01198855105105099,0.011922880728620513,70217.0,36390.0,383.0,1917.0,34.0,39982.0,18149.0,0.31730561782997363,0.5694062691371036,0.4987359164605661,2754.0,0.0,1.0
2023-04-26,AU2308.SHF,446.4,449.82,445.24,447.62,446.84,446.08,444.1,3.52,2.74,90645,4050382.9,176034,4936.0,111,0.3890410135796323,0.4255534147691698,8,AU2306.SHF,446.34,445.64,114524,-1.2800000000000296,AU2305.SHF,445.14,444.68,19,2.480000000000018,AU2404.SHF,450.3,449.98,355,5.160000000000025,0.012592346549079434,0.01251992135560522,75016.0,39807.0,5646.0,3434.0,33.0,41640.0,19677.0,0.3066371719951578,0.5550815825957129,0.494310045971814,2754.0,0.0,1.0
2023-04-27,AU2308.SHF,447.3,450.1,446.0,448.56,448.32,447.62,446.84,1.72,1.48,110775,4966320.96,178915,2881.0,110,0.3977944001752414,0.4283501402974497,8,AU2306.SHF,447.28,446.94,112794,-1.2800000000000296,AU2305.SHF,446.5,446.22,18,2.0600000000000023,AU2404.SHF,451.08,450.92,354,4.579999999999984,0.011142883805257858,0.011086122239135798,78777.0,41437.0,4976.0,1630.0,33.0,44036.0,20722.0,0.31061274061257427,0.5589956459372659,0.5000844655742452,2754.0,0.0,1.0
2023-04-28,AU2308.SHF,446.46,446.86,443.8,445.2,445.24,448.56,448.32,-3.12,-3.08,120772,5377461.89,170468,-8447.0,109,0.4335396235084646,0.4261572152835415,8,AU2306.SHF,444.04,444.06,104642,-1.1599999999999682,AU2305.SHF,450.7,444.84,17,-5.5,AU2404.SHF,448.28,448.14,353,-2.420000000000016,-0.005832857882447466,-0.005848573711794707,74313.0,38596.0,-1536.0,-1693.0,33.0,41700.0,19457.0,0.31633439318389145,0.5611400427919745,0.5041195978857913,2754.0,0.0,1.0
2023-05-04,AU2308.SHF,458.26,459.98,454.72,455.26,456.4,445.2,445.24,10.02,11.16,104705,4778737.03,181965,11497.0,103,0.5052696090258945,0.4374600320224638,8,AU2306.SHF,453.84,455.24,100133,-1.420000000000016,AU2305.SHF,457.04,457.04,11,-1.7800000000000296,AU2404.SHF,457.96,459.48,347,0.9199999999999591,0.0021866899218990817,0.0021844920189959508,80902.0,46439.0,8677.0,7968.0,32.0,43947.0,22273.0,0.27063553765087445,0.5432127759511508,0.4796184241693404,2754.0,0.0,1.0
2023-05-05,AU2308.SHF,455.5,459.96,455.14,457.92,457.74,455.26,456.4,1.52,1.34,187837,8598416.32,194220,12255.0,102,0.6004136220376799,0.447682754233186,8,AU2306.SHF,456.2,456.22,99136,-1.7200000000000273,AU2305.SHF,458.94,458.94,10,-1.0199999999999818,AU2404.SHF,460.46,460.48,346,1.5199999999999818,0.003597835177126536,0.0035918903209940308,91459.0,50617.0,11272.0,5042.0,32.0,47989.0,23661.0,0.2874658633407472,0.5247050590975191,0.4674516466799692,2754.0,0.0,1.0
2023-05-08,AU2308.SHF,451.34,452.38,447.62,452.36,450.22,457.92,457.74,-5.38,-7.52,201777,9084786.94,184004,-10216.0,99,0.5913936264064785,0.4427558062311713,8,AU2310.SHF,453.48,451.44,94966,1.1200000000000045,AU2305.SHF,452.48,455.66,7,-0.12000000000000455,AU2404.SHF,455.36,453.96,343,2.8799999999999955,0.00691427561123453,0.006892364125497023,78517.0,45499.0,-11965.0,-3495.0,32.0,42554.0,21204.0,0.2662398400206425,0.5419718022848555,0.4660322204883624,2754.0,0.0,1.0
2023-05-09,AU2308.SHF,452.84,454.1,451.38,453.18,452.8,452.36,450.22,2.96,2.58,142035,6431453.43,188589,4585.0,98,0.6727276171891651,0.44959948505221,8,AU2310.SHF,454.26,453.88,96545,1.079999999999984,AU2305.SHF,450.1,448.72,6,3.079999999999984,AU2404.SHF,456.38,456.28,342,6.279999999999973,0.015156684757884346,0.015051921620766795,80147.0,47668.0,1630.0,2169.0,34.0,43799.0,21700.0,0.25410945507178345,0.5464833368685041,0.4552320214819166,2754.0,0.0,1.0
2023-05-10,AU2308.SHF,453.56,455.74,452.94,454.9,454.2,453.18,452.8,2.1,1.4,140134,6365136.28,192028,3439.0,97,0.6814165746823502,0.4561213485921682,8,AU2310.SHF,455.94,455.3,96559,1.0400000000000205,AU2305.SHF,456.5,455.0,5,-1.6000000000000227,AU2404.SHF,457.96,457.68,341,1.4599999999999795,0.0034742867574192983,0.003468742760460666,79264.0,49154.0,-603.0,1570.0,34.0,42546.0,22969.0,0.23446868819012912,0.5367632216390795,0.46728648736623674,2754.0,0.0,1.0
2023-05-11,AU2308.SHF,457.48,457.48,453.26,454.82,455.32,454.9,454.2,0.62,1.12,170738,7774247.09,195037,3009.0,96,0.6782395913195121,0.46041316012492534,8,AU2310.SHF,455.9,456.46,96319,1.079999999999984,AU2305.SHF,455.0,455.0,4,-0.18000000000000682,AU2404.SHF,458.0,458.36,340,3.0,0.007162480376766066,0.007138971085061308,80716.0,50489.0,1996.0,1785.0,35.0,43861.0,23244.0,0.23037993978888,0.5433990782496655,0.46037750797203353,2754.0,0.0,1.0
2023-05-12,AU2308.SHF,456.72,457.18,450.5,451.5,453.2,454.82,455.32,-3.82,-2.12,218450,9900391.88,189274,-5763.0,95,0.6693528618703273,0.46248088003166704,8,AU2310.SHF,452.54,454.3,95142,1.0400000000000205,AU2305.SHF,453.5,453.5,3,-2.0,AU2404.SHF,454.94,456.48,339,1.4399999999999977,0.0034493621042682846,0.0034438972842600903,77860.0,48635.0,-2523.0,-1719.0,34.0,42706.0,22426.0,0.23103679987351278,0.5484973028512715,0.46110825537164596,2754.0,0.0,1.0
2023-05-15,AU2308.SHF,452.64,454.56,452.08,453.42,453.4,451.5,453.2,0.22,0.2,186261,8445300.85,194528,5254.0,92,0.707745796523226,0.4672211667559343,8,AU2310.SHF,454.44,454.54,98357,1.0199999999999818,AU2306.SHF,452.12,452.12,31,1.3000000000000114,AU2404.SHF,456.68,456.64,336,4.560000000000002,0.012069913253843705,0.012009451974565667,82500.0,51381.0,5477.0,2763.0,35.0,43235.0,23231.0,0.2324377618930244,0.5240606060606061,0.45213211109164864,2754.0,0.0,1.0
2023-05-16,AU2308.SHF,453.8,454.68,451.28,452.26,453.42,453.42,453.4,-1.14,0.02,163253,7402279.73,188413,-6115.0,91,0.7153442352858695,0.4586288818893038,8,AU2310.SHF,453.24,454.22,100140,0.9800000000000182,AU2306.SHF,450.96,451.92,30,1.3000000000000114,AU2406.SHF,455.48,456.94,398,4.520000000000039,0.009941352168514104,0.009891861200315143,82810.0,51847.0,925.0,575.0,36.0,43742.0,23199.0,0.22993977290449066,0.5282212293201304,0.4474511543580149,2754.0,0.0,1.0
2023-05-17,AU2308.SHF,453.8,453.92,448.6,450.24,451.4,452.26,453.42,-3.18,-2.02,217667,9825592.74,184116,-4297.0,90,0.7188450500493724,0.46302765098645743,8,AU2310.SHF,451.18,452.52,99795,0.9399999999999977,AU2306.SHF,449.06,450.28,29,1.1800000000000068,AU2406.SHF,454.16,455.46,397,5.100000000000023,0.011264472259928437,0.011200986852776712,80332.0,51095.0,-716.0,-509.0,33.0,43736.0,22861.0,0.22245809460765292,0.5444405716277448,0.4474214698111361,2754.0,0.0,1.0
2023-05-18,AU2308.SHF,449.64,450.18,447.42,449.4,449.06,450.24,451.4,-2.0,-2.34,180446,8103269.1,185855,1739.0,89,0.6942233336539386,0.4678068916912079,8,AU2310.SHF,450.48,449.96,100363,1.080000000000041,AU2306.SHF,448.2,447.86,28,1.1999999999999886,AU2406.SHF,453.62,453.1,396,5.420000000000016,0.011994232970529418,0.011922290357864235,83281.0,52080.0,2968.0,1615.0,34.0,43156.0,23277.0,0.23050213872533448,0.5181974279847744,0.44694700460829495,2742.0,-12.0,1.0
2023-05-19,AU2308.SHF,448.7,448.7,446.1,447.62,447.3,449.4,449.06,-1.44,-1.76,203726,9112857.05,179045,-6810.0,88,0.7120921372271448,0.4594231198536374,8,AU2310.SHF,448.58,448.38,99739,0.9599999999999795,AU2306.SHF,446.48,446.14,27,1.1399999999999864,AU2406.SHF,451.84,451.2,395,5.359999999999957,0.011907150035446224,0.011836244185856444,82025.0,50391.0,-932.0,-1689.0,32.0,43522.0,23111.0,0.23889862252295796,0.5305943309966473,0.4586334861383977,2739.0,-3.0,1.0
2023-05-22,AU2308.SHF,445.76,450.9,445.24,449.54,448.38,447.62,447.3,2.24,1.08,230236,10323477.77,187340,8295.0,85,0.7368047132767322,0.46630989421281893,8,AU2310.SHF,450.38,449.38,102190,0.839999999999975,AU2306.SHF,448.44,447.26,24,1.1000000000000227,AU2406.SHF,453.44,453.92,392,5.0,0.011058868812850661,0.010997671397219532,87366.0,53190.0,5341.0,2799.0,34.0,46796.0,24524.0,0.24314863826517544,0.5356317102763088,0.4610641097950743,2739.0,0.0,1.0
2023-05-23,AU2308.SHF,449.6,450.46,447.26,447.62,448.72,449.54,448.38,-0.76,0.34,161127,7230122.35,185611,-1729.0,84,0.7110164816980341,0.4634829075835893,8,AU2310.SHF,448.54,449.6,102996,0.9200000000000159,AU2306.SHF,446.52,447.48,23,1.1000000000000227,AU2406.SHF,451.64,452.68,391,5.1200000000000045,0.011372975162512892,0.011308265517699386,83493.0,52062.0,-3087.0,-904.0,34.0,44649.0,24398.0,0.23186898306960274,0.5347633933383636,0.46863355230302334,2739.0,0.0,1.0
2023-05-24,AU2308.SHF,447.04,451.34,447.04,449.9,449.62,447.62,448.72,1.18,0.9,192522,8656445.09,187177,1566.0,83,0.7313804225186243,0.4625503196486953,8,AU2310.SHF,450.86,450.56,103439,0.9600000000000364,AU2306.SHF,448.78,448.62,22,1.1200000000000045,AU2406.SHF,453.72,453.64,390,4.940000000000055,0.010917884622464602,0.010858232012615866,85345.0,53291.0,2537.0,1229.0,33.0,47249.0,24009.0,0.2312097867797686,0.5536235280332767,0.450526355294515,2739.0,0.0,1.0
2023-05-25,AU2308.SHF,450.9,451.08,447.08,448.0,448.58,449.9,449.62,-1.62,-1.04,212054,9512422.46,181895,-5282.0,82,0.717108489146351,0.45495246503973125,8,AU2310.SHF,448.98,449.54,106090,0.9800000000000182,AU2306.SHF,446.8,447.2,21,1.1999999999999886,AU2406.SHF,451.8,451.92,389,5.0,0.011099460900704506,0.011037815071149155,82665.0,52552.0,-2545.0,-698.0,35.0,44828.0,23020.0,0.22270128755999616,0.5422851267162644,0.43804231998782156,2739.0,0.0,1.0
2023-05-26,AU2308.SHF,445.26,447.28,444.6,445.5,445.82,448.0,448.58,-3.08,-2.76,217222,9684423.22,169726,-12169.0,81,0.7008449940795566,0.43990296143857593,8,AU2310.SHF,446.6,446.96,107438,1.1000000000000227,AU2306.SHF,444.46,444.64,20,1.0400000000000205,AU2406.SHF,449.0,449.48,388,4.5400000000000205,0.010131370945495146,0.010079976467282791,75114.0,45233.0,-4541.0,-5487.0,35.0,41543.0,22192.0,0.2482903603745835,0.5530660063370344,0.49061525877125106,2739.0,0.0,1.0
2023-05-29,AU2308.SHF,445.4,446.3,443.62,445.66,445.16,445.5,445.82,-0.16,-0.66,170564,7592925.79,171217,1491.0,78,0.7285977300202051,0.44118882398262216,8,AU2310.SHF,446.58,446.26,109489,0.9199999999999591,AU2306.SHF,444.5,444.06,17,1.160000000000025,AU2406.SHF,448.82,448.54,385,4.319999999999993,0.009639555925074655,0.009593014844122352,76317.0,45504.0,1266.0,271.0,36.0,42240.0,21864.0,0.25293668579308987,0.5534808758205905,0.48048523206751054,2739.0,0.0,1.0
2023-05-30,AU2308.SHF,446.24,446.4,443.92,444.62,445.2,445.66,445.16,-0.54,0.04,125731,5597553.02,170541,-676.0,77,0.6396668650823935,0.4402523678850508,8,AU2310.SHF,445.56,445.86,110708,0.9399999999999977,AU2306.SHF,443.68,444.2,16,0.9399999999999977,AU2406.SHF,448.48,448.6,384,4.800000000000011,0.010730412831809866,0.010672784036382464,75625.0,44490.0,-600.0,-665.0,36.0,41384.0,21671.0,0.25920992382300295,0.5472264462809917,0.48709822432007194,2739.0,0.0,1.0
2023-05-31,AU2308.SHF,448.36,451.72,447.26,450.86,449.16,444.62,445.2,5.66,3.96,198417,8912249.42,185105,14564.0,76,0.6877014577744505,0.45956279404645156,8,AU2310.SHF,451.78,450.04,110994,0.9199999999999591,AU2306.SHF,449.98,448.36,15,0.8799999999999955,AU2406.SHF,454.24,452.74,383,4.259999999999991,0.009389910082960183,0.009345741082159298,84470.0,51110.0,10193.0,7025.0,36.0,45256.0,24879.0,0.24605399026405075,0.5357641766307565,0.4867736255135981,2739.0,0.0,1.0
2023-06-01,AU2308.SHF,451.72,453.76,450.56,450.98,452.12,450.86,449.16,1.82,2.96,172141,7783004.25,186510,1405.0,75,0.695606318367149,0.46082004274401767,8,AU2310.SHF,451.84,452.92,110390,0.8599999999999568,AU2306.SHF,449.94,450.72,14,1.0400000000000205,AU2406.SHF,454.28,454.78,382,4.339999999999975,0.009567096868954511,0.00952125062761896,84579.0,53239.0,665.0,2247.0,38.0,46192.0,26045.0,0.22740135541075912,0.5461402948722496,0.48920903848682357,2739.0,0.0,1.0
2023-06-02,AU2308.SHF,452.2,454.38,451.82,452.3,453.06,450.98,452.12,0.18,0.94,134947,6114065.49,190399,3889.0,74,0.69364729345608,0.46500705817991766,8,AU2310.SHF,453.14,453.8,110149,0.839999999999975,AU2306.SHF,451.2,451.86,13,1.1000000000000227,AU2406.SHF,455.78,456.24,381,4.579999999999984,0.01006795887295704,0.010017203590579392,88068.0,55350.0,3588.0,2125.0,37.0,47843.0,26950.0,0.2281303602058319,0.543250669936867,0.4869015356820235,2739.0,0.0,1.0
2023-06-05,AU2308.SHF,451.1,452.34,446.5,447.26,449.14,452.3,453.06,-5.8,-3.92,183974,8263123.65,180046,-10353.0,71,0.6737765016535494,0.44816436460306514,8,AU2310.SHF,448.24,450.2,111741,0.9800000000000182,AU2306.SHF,446.08,446.8,10,1.1800000000000068,AU2406.SHF,451.5,454.0,378,5.420000000000016,0.012051235691784717,0.01197861039293903,79811.0,50334.0,-7305.0,-4203.0,37.0,43353.0,24351.0,0.2264935264512659,0.5431958000776835,0.48378829419477887,2739.0,0.0,1.0
2023-06-06,AU2308.SHF,447.12,450.86,447.12,450.28,449.48,447.26,449.14,1.14,0.34,122413,5502271.69,183120,3074.0,70,0.6430030938611282,0.4629819251977761,8,AU2310.SHF,451.24,450.3,112894,0.9600000000000364,AU2306.SHF,448.96,446.36,9,1.3199999999999932,AU2406.SHF,454.08,453.42,377,5.1200000000000045,0.011311165514890397,0.011247154690264424,80430.0,53043.0,1050.0,2725.0,40.0,42955.0,25862.0,0.20518756602458924,0.5340668904637573,0.4875666911750844,2739.0,0.0,1.0
2023-06-07,AU2308.SHF,451.54,452.42,450.1,451.1,451.44,450.28,449.48,1.62,1.96,121200,5471666.5,187812,4692.0,69,0.6521809317792916,0.4689239158387784,8,AU2310.SHF,452.04,452.34,113309,0.9399999999999977,AU2306.SHF,449.52,450.24,8,1.580000000000041,AU2406.SHF,454.7,454.96,376,5.180000000000007,0.011429461957488946,0.011364110380062681,85189.0,55598.0,5799.0,2591.0,39.0,45560.0,27300.0,0.21018275835126823,0.5348108323844628,0.4910248570092449,2739.0,0.0,1.0
2023-06-08,AU2308.SHF,450.34,452.46,447.92,448.46,449.96,451.1,451.44,-2.98,-1.48,186657,8399076.29,182768,-5044.0,68,0.661538297962829,0.45718059293797464,8,AU2310.SHF,449.48,451.2,115970,1.0200000000000387,AU2306.SHF,447.4,448.78,7,1.0600000000000023,AU2406.SHF,453.06,454.16,375,5.660000000000025,0.012547739596898044,0.012469032786376068,78083.0,51694.0,-6432.0,-3637.0,37.0,41089.0,25283.0,0.20334111591422208,0.5262220969993469,0.4890896428985956,2739.0,0.0,1.0
2023-06-09,AU2308.SHF,450.7,452.38,450.38,452.34,451.58,448.46,449.96,2.38,1.62,134045,6053235.84,190876,8108.0,67,0.6571831994077532,0.46743807319790864,8,AU2310.SHF,453.3,452.62,115957,0.9600000000000364,AU2306.SHF,450.98,450.22,6,1.3599999999999568,AU2406.SHF,456.34,455.98,374,5.359999999999957,0.011788337282864065,0.011718833913210287,83720.0,55818.0,6918.0,4252.0,38.0,45153.0,26969.0,0.19995986756295775,0.5393334925943621,0.48315955426564905,2739.0,0.0,1.0
2023-06-12,AU2308.SHF,452.12,453.22,451.04,452.5,452.08,452.34,451.58,0.92,0.5,136954,6191506.19,191169,293.0,64,0.6638745485833394,0.4678245079949295,8,AU2310.SHF,453.48,453.0,116787,0.9800000000000182,AU2306.SHF,451.22,450.68,3,1.2799999999999727,AU2406.SHF,456.58,456.36,371,5.359999999999957,0.011782067168623006,0.01171263742604427,82445.0,55716.0,93.0,-102.0,40.0,44419.0,27167.0,0.19346269931456778,0.5387713020801747,0.4875978175030512,2739.0,0.0,1.0
2023-06-13,AU2308.SHF,452.52,453.96,450.5,453.68,452.16,452.5,452.08,1.6,0.08,134095,6063363.04,195839,4670.0,63,0.6615865842407258,0.47136282896161974,8,AU2310.SHF,454.64,453.08,118547,0.9599999999999795,AU2306.SHF,452.44,453.04,2,1.240000000000009,AU2406.SHF,457.78,456.82,370,5.339999999999975,0.011706452549076813,0.011637907665713326,86016.0,57767.0,4163.0,2466.0,37.0,44846.0,27996.0,0.19646968000389475,0.5213681175595238,0.48463655720393994,2739.0,0.0,1.0
2023-06-14,AU2308.SHF,453.16,453.7,449.9,450.9,451.4,453.68,452.16,-1.26,-0.76,163017,7358703.29,189090,-6749.0,62,0.6722710908213636,0.460255527131198,8,AU2310.SHF,451.88,452.46,119954,0.9800000000000182,AU2306.SHF,451.0,450.72,1,-0.10000000000002274,AU2406.SHF,455.26,455.76,369,4.259999999999991,0.00936867347922498,0.009324703418603128,82801.0,54604.0,-1718.0,-2747.0,36.0,43349.0,27492.0,0.20521087296677704,0.5235323244888347,0.5034795985642078,2739.0,0.0,1.0
2023-06-15,AU2308.SHF,452.28,452.58,447.02,447.14,450.04,450.9,451.4,-4.26,-1.36,171681,7726551.88,181646,-7444.0,61,0.6654843998930146,0.45070429524572797,8,AU2310.SHF,448.12,451.12,119830,0.9800000000000182,AU2307.SHF,446.04,448.08,32,1.099999999999966,AU2406.SHF,451.5,453.08,368,5.4599999999999795,0.013297574208591175,0.013216844188559083,75876.0,50363.0,-6825.0,-4241.0,38.0,39484.0,25313.0,0.20210077709741048,0.520375349254046,0.5026110438218534,2739.0,0.0,1.0
2023-06-16,AU2308.SHF,446.8,451.54,446.8,450.5,449.84,447.14,450.04,0.46,-0.2,155087,6976732.94,177996,-3650.0,60,0.651136330239022,0.4450567585137771,8,AU2310.SHF,451.5,450.88,120499,1.0,AU2307.SHF,449.36,448.38,31,1.1399999999999864,AU2406.SHF,454.7,454.46,367,5.339999999999975,0.012909232813652452,0.01283313125439726,72332.0,49685.0,-557.0,-549.0,38.0,39729.0,23652.0,0.18560528450953556,0.5492589725156224,0.47603904598973534,2739.0,0.0,1.0
2023-06-19,AU2308.SHF,451.54,451.88,449.66,451.24,450.84,450.5,449.84,1.4,1.0,133052,5998776.17,176077,-1919.0,57,0.6162211230293262,0.4392557870341497,8,AU2310.SHF,452.28,451.8,123833,1.0399999999999636,AU2307.SHF,450.2,449.7,28,1.0400000000000205,AU2406.SHF,455.46,455.2,364,5.259999999999991,0.012692110384802478,0.012618537518441891,69345.0,48638.0,-2987.0,-874.0,39.0,37213.0,23898.0,0.17550833594670417,0.5366356622683683,0.49134421645626875,2739.0,0.0,1.0
2023-06-20,AU2308.SHF,451.18,451.98,450.48,451.76,451.22,451.24,450.84,0.92,0.38,81965,3698471.71,173751,-2326.0,56,0.5877691805723875,0.43338072433403174,8,AU2310.SHF,452.86,452.28,125216,1.1000000000000227,AU2307.SHF,450.3,450.08,27,1.4599999999999795,AU2406.SHF,455.9,455.52,363,5.599999999999966,0.01350951217706704,0.01342619901140604,68331.0,48919.0,-182.0,416.0,38.0,36783.0,24031.0,0.16556076759061833,0.53830618606489,0.49124062225311227,2718.0,-21.0,1.0
2023-06-21,AU2308.SHF,450.98,450.98,448.02,449.84,449.34,451.76,451.22,-1.38,-1.88,144371,6487361.89,161951,-11800.0,55,0.5527051238859453,0.4155285351779488,8,AU2310.SHF,450.96,450.42,124589,1.1200000000000045,AU2307.SHF,448.74,448.4,26,1.099999999999966,AU2406.SHF,454.46,453.82,362,5.71999999999997,0.013846972581428993,0.013759463130617409,61557.0,43328.0,-6481.0,-5337.0,36.0,31497.0,21552.0,0.1737998760547266,0.5116721087772309,0.49741506646971934,2715.0,-3.0,1.0
2023-06-26,AU2308.SHF,448.3,449.54,448.28,449.14,448.88,449.84,449.34,-0.2,-0.46,53739,2412258.19,158358,-3593.0,50,0.5464612568639414,0.4013930817370938,8,AU2310.SHF,450.4,450.08,131151,1.259999999999991,AU2307.SHF,448.9,448.08,21,0.2400000000000091,AU2406.SHF,453.94,453.7,357,5.0400000000000205,0.012196480285141436,0.012128520831085015,56642.0,42308.0,-4915.0,-904.0,37.0,27923.0,20835.0,0.1448610409297625,0.49297341195579253,0.49246005483596483,2715.0,0.0,1.0
2023-06-27,AU2308.SHF,451.16,451.3,448.1,448.86,449.74,449.14,448.88,-0.02,0.86,120398,5414786.64,153334,-5024.0,49,0.5361363697086825,0.38214080996884736,8,AU2310.SHF,450.12,450.96,138963,1.259999999999991,AU2307.SHF,448.68,449.24,20,0.18000000000000682,AU2406.SHF,453.9,454.98,356,5.21999999999997,0.012638262713483258,0.012565310417172524,52184.0,41936.0,-2555.0,-288.0,37.0,25446.0,20338.0,0.10888227794305143,0.4876207266595125,0.4849771079740557,2715.0,0.0,1.0
2023-06-28,AU2310.SHF,450.0,450.62,447.34,448.32,448.6,450.12,450.96,-2.64,-2.36,88641,3976539.67,143721,4758.0,110,0.2840083689247598,0.3831875371600274,8,AU2308.SHF,447.1,447.44,116750,-1.2199999999999704,AU2307.SHF,447.2,447.28,19,1.1200000000000045,AU2406.SHF,452.8,452.86,355,5.600000000000023,0.013603160405485955,0.01351869298378145,54976.0,33734.0,3284.0,1915.0,29.0,32906.0,16556.0,0.2394544019839928,0.598552095459837,0.49078081460840695,2715.0,0.0,1.0
2023-06-29,AU2310.SHF,448.38,449.72,448.08,448.76,448.86,448.32,448.6,0.16,0.26,86175,3868146.04,149030,5309.0,109,0.3662657259435566,0.39816294143106756,8,AU2308.SHF,447.5,447.58,109632,-1.259999999999991,AU2307.SHF,450.28,449.32,18,-1.5199999999999818,AU2406.SHF,452.96,453.18,354,2.680000000000007,0.006465553708380402,0.006446388705654683,56470.0,36091.0,1494.0,2480.0,29.0,33875.0,17835.0,0.22016832143127235,0.5998760403754205,0.4941675209886121,2715.0,0.0,1.0
2023-06-30,AU2310.SHF,447.3,450.12,447.0,449.7,449.1,448.76,448.86,0.84,0.24,91848,4124958.75,153386,4356.0,108,0.36298679228878333,0.4163594807789402,8,AU2312.SHF,450.7,450.02,100138,1.0,AU2307.SHF,447.28,449.6,17,2.420000000000016,AU2406.SHF,453.64,453.3,353,6.360000000000014,0.015446540358228724,0.0153377510669346,58102.0,38509.0,2385.0,2584.0,30.0,34047.0,18693.0,0.20280299344795105,0.585986713021927,0.48541899296268404,2715.0,0.0,1.0
2023-07-03,AU2310.SHF,450.6,452.22,450.1,450.54,451.02,449.7,449.1,1.44,1.92,96728,4362685.62,156860,3474.0,105,0.40558003798853637,0.4268880119744183,8,AU2312.SHF,451.44,451.94,101953,0.8999999999999773,AU2307.SHF,450.9,450.34,14,-0.3599999999999568,AU2406.SHF,454.38,454.88,350,3.480000000000018,0.008384025599594442,0.00835183758411591,59743.0,41611.0,1729.0,3425.0,30.0,34257.0,19783.0,0.17889772480612506,0.5734060894163333,0.4754271707000553,2715.0,0.0,1.0
2023-07-04,AU2310.SHF,451.5,452.58,450.48,450.96,451.58,450.54,451.02,-0.06,0.56,87824,3965984.79,159609,2749.0,104,0.44707343643416375,0.4327851516425114,8,AU2312.SHF,452.02,452.42,103455,1.0600000000000023,AU2307.SHF,448.9,448.9,13,2.0600000000000023,AU2406.SHF,454.62,455.22,349,5.720000000000027,0.013842037149009726,0.013754589806426949,61462.0,43846.0,2055.0,2235.0,29.0,34514.0,21505.0,0.16728073840543928,0.5615502261559988,0.4904666332162569,2715.0,0.0,1.0
2023-07-05,AU2310.SHF,451.14,452.0,450.54,451.76,451.32,450.96,451.58,0.18,-0.26,57909,2613664.66,166673,7064.0,103,0.49183377073406886,0.44767263839273724,8,AU2312.SHF,452.64,452.32,104446,0.8799999999999955,AU2307.SHF,449.1,449.1,12,2.659999999999968,AU2406.SHF,455.2,455.04,348,6.099999999999966,0.014755039178886743,0.014655730631626396,66543.0,47059.0,5264.0,3213.0,30.0,35856.0,22654.0,0.17151106494603968,0.5388395473603534,0.48139569476614463,2715.0,0.0,1.0
2023-07-06,AU2310.SHF,453.26,453.84,450.94,451.66,452.16,451.76,451.32,0.34,0.84,148454,6712615.12,171663,4990.0,102,0.5824534971770697,0.4697690328936566,8,AU2312.SHF,452.56,453.04,107038,0.8999999999999773,AU2307.SHF,449.1,449.1,11,2.5600000000000023,AU2406.SHF,455.2,455.9,347,6.099999999999966,0.014755039178886743,0.014655730631626396,69782.0,50329.0,3246.0,3686.0,30.0,35873.0,24418.0,0.16195852170076014,0.5140723968931816,0.48516759721035585,2715.0,0.0,1.0
2023-07-07,AU2310.SHF,448.8,450.98,448.7,450.82,449.9,451.66,452.16,-1.34,-2.26,193374,8700041.58,176654,4991.0,101,0.6629503543181561,0.48269153526041253,8,AU2312.SHF,451.62,450.8,109311,0.8000000000000114,AU2307.SHF,449.1,449.1,10,1.7199999999999704,AU2406.SHF,454.5,453.82,346,5.399999999999977,0.013061837961637573,0.012983933738696512,73337.0,52263.0,4001.0,2412.0,31.0,38661.0,24876.0,0.16778662420382165,0.52716909609065,0.47597726881350094,2715.0,0.0,1.0
2023-07-10,AU2310.SHF,451.66,452.98,451.04,452.08,451.92,450.82,449.9,2.18,2.02,175905,7949722.89,183553,6899.0,98,0.6752254206124071,0.49675242079966225,8,AU2312.SHF,452.92,452.74,111855,0.8400000000000318,AU2307.SHF,450.2,450.2,7,1.8799999999999955,AU2406.SHF,455.7,455.5,343,5.5,0.013271218082968344,0.013190806476130357,76836.0,55249.0,3499.0,3463.0,30.0,40120.0,26709.0,0.16343263807396752,0.5221510750169192,0.4834295643360061,2715.0,0.0,1.0
2023-07-11,AU2310.SHF,450.28,452.78,450.2,452.2,451.66,452.08,451.92,0.28,-0.26,187560,8471427.64,184856,1303.0,97,0.707511938981056,0.5019428099739058,8,AU2312.SHF,452.94,452.58,116070,0.7400000000000091,AU2307.SHF,450.2,450.2,6,2.0,AU2406.SHF,455.6,455.06,342,5.400000000000034,0.013029923208732625,0.012952397713226937,76938.0,56363.0,556.0,1261.0,32.0,39328.0,26993.0,0.15434992985799056,0.5111648340221997,0.47891347160371167,2715.0,0.0,1.0
2023-07-12,AU2310.SHF,451.98,452.96,451.78,452.12,452.32,452.2,451.66,0.46,0.66,167710,7586080.8,191378,6522.0,96,0.7316934836480402,0.5149844329810909,8,AU2312.SHF,452.98,453.2,117832,0.8600000000000136,AU2307.SHF,450.2,450.2,5,1.920000000000016,AU2406.SHF,455.42,455.82,341,5.220000000000027,0.012595592435108285,0.012523130042198577,82436.0,58992.0,5818.0,2651.0,31.0,40764.0,29326.0,0.16576632632859123,0.4944926973652288,0.4971182533224844,2715.0,0.0,1.0
2023-07-13,AU2310.SHF,453.28,456.58,452.4,456.32,454.86,452.12,452.32,4.0,2.54,241639,10991457.35,210249,18871.0,95,0.7438341911493093,0.5353920667377979,8,AU2312.SHF,457.18,455.86,122415,0.8600000000000136,AU2307.SHF,451.0,451.0,4,5.319999999999993,AU2406.SHF,459.78,458.46,340,8.779999999999973,0.02114811002006106,0.020944889191388823,95704.0,67987.0,13812.0,9281.0,31.0,50624.0,32593.0,0.1693251308868539,0.5289643066120538,0.47940047361995675,2715.0,0.0,1.0
2023-07-14,AU2310.SHF,455.6,456.36,453.34,454.0,455.02,456.32,454.86,-0.86,0.16,218412,9938500.01,209338,-911.0,94,0.7826479567703929,0.5377693175191576,8,AU2312.SHF,454.9,455.8,122473,0.8999999999999773,AU2307.SHF,451.0,451.0,3,3.0,AU2406.SHF,457.4,458.46,339,6.399999999999977,0.015415478830112945,0.015307124587472834,96060.0,69003.0,456.0,1760.0,30.0,51469.0,35202.0,0.16391923083913415,0.5358005413283364,0.5101517325333681,2733.0,18.0,1.0
2023-07-17,AU2310.SHF,454.44,456.14,453.5,455.34,454.7,454.0,455.02,0.32,-0.32,204571,9302164.77,209437,99.0,91,0.7806057229639749,0.5391080290768312,8,AU2312.SHF,456.2,455.74,123379,0.8600000000000136,AU2308.SHF,454.42,453.76,29,0.9199999999999591,AU2406.SHF,458.54,458.46,336,4.1200000000000045,0.010779392050316654,0.010730819725262141,94715.0,69284.0,-1284.0,284.0,31.0,52693.0,35645.0,0.15506801870743114,0.5563321543578102,0.5144766468448704,2733.0,0.0,1.0
2023-07-18,AU2310.SHF,454.48,457.0,454.24,456.94,455.48,455.34,454.7,2.24,0.78,170294,7756774.61,215470,6033.0,90,0.7988197877869614,0.5469212044602494,8,AU2312.SHF,457.76,456.46,124192,0.8199999999999932,AU2308.SHF,456.1,454.6,28,0.839999999999975,AU2408.SHF,460.86,460.88,394,4.759999999999991,0.010407793324970735,0.010353858784594728,98606.0,71283.0,4053.0,2117.0,32.0,54867.0,36353.0,0.1608285409885278,0.5564265866174473,0.5099813419749449,2733.0,0.0,1.0
2023-07-19,AU2310.SHF,458.3,463.18,457.78,462.48,460.48,456.94,455.48,7.0,5.0,258530,11904949.57,227159,11689.0,89,0.7689470662942837,0.5584101121938269,8,AU2312.SHF,463.32,461.42,126441,0.839999999999975,AU2308.SHF,461.48,459.46,27,1.0,AU2408.SHF,465.74,464.72,393,4.259999999999991,0.009205947507449174,0.00916371637374375,103717.0,76320.0,5126.0,5037.0,33.0,56318.0,37250.0,0.15217427528785749,0.5429968086234658,0.48807651991614254,2733.0,0.0,1.0
2023-07-20,AU2310.SHF,462.98,463.68,461.12,461.96,462.64,462.48,460.48,1.48,2.16,194080,8979026.87,231248,4089.0,88,0.7914428907565767,0.5652658544693666,8,AU2312.SHF,462.86,463.44,126551,0.9000000000000341,AU2308.SHF,461.04,461.56,26,0.9199999999999591,AU2408.SHF,465.7,466.02,392,4.659999999999968,0.010079966509549704,0.010029365147188505,108415.0,77502.0,4990.0,1249.0,31.0,59401.0,37635.0,0.1662731218769666,0.5479038878383987,0.4856003716033135,2733.0,0.0,1.0
2023-07-21,AU2310.SHF,459.94,461.0,458.96,459.3,459.72,461.96,462.64,-3.34,-2.92,200703,9227119.2,229079,-2169.0,87,0.7613662659469138,0.5665350153703095,8,AU2312.SHF,460.52,460.66,126584,1.2199999999999704,AU2308.SHF,458.26,458.78,25,1.0400000000000205,AU2408.SHF,464.0,463.84,391,5.740000000000009,0.012491417404728115,0.012413833093432932,107862.0,76064.0,-553.0,-761.0,31.0,58332.0,37182.0,0.17288474712656177,0.5408021360627469,0.4888251998317207,2715.0,-18.0,1.0
2023-07-24,AU2310.SHF,458.78,459.28,457.58,459.1,458.44,459.3,459.72,-0.62,-1.28,196798,9022059.11,225606,-3473.0,84,0.8071975849452839,0.5690956009777287,8,AU2312.SHF,460.12,459.48,126038,1.0199999999999818,AU2308.SHF,458.06,457.54,22,1.0400000000000205,AU2408.SHF,463.74,462.86,388,5.680000000000007,0.01236624213927646,0.012290198668984915,104834.0,73750.0,-2023.0,-2314.0,32.0,58791.0,36512.0,0.17405814630650002,0.5608008852089971,0.4950779661016949,2715.0,0.0,1.0
2023-07-25,AU2310.SHF,459.9,459.96,456.66,456.8,458.2,459.1,458.44,-1.64,-0.24,216923,9939739.39,222844,-2762.0,83,0.7671548257728203,0.5707100197711464,8,AU2312.SHF,457.92,459.0,125527,1.1200000000000045,AU2308.SHF,455.84,457.08,21,0.9600000000000364,AU2408.SHF,461.74,462.9,387,5.900000000000034,0.012907774178265987,0.012824954492955527,103827.0,74190.0,-164.0,1090.0,34.0,57628.0,37065.0,0.166484099833162,0.5550386700954473,0.49959563283461383,2715.0,0.0,1.0
2023-07-26,AU2310.SHF,455.9,458.8,455.24,458.68,456.88,456.8,458.2,0.48,-1.32,182892,8356245.06,221741,-1103.0,82,0.7909219465574578,0.5725968676969955,8,AU2312.SHF,459.64,458.16,125058,0.9599999999999795,AU2308.SHF,457.6,456.08,20,1.079999999999984,AU2408.SHF,463.6,461.12,386,6.0,0.013076063280981329,0.012991079401647836,105367.0,72830.0,2226.0,-1247.0,35.0,58841.0,36273.0,0.18259005482696117,0.5584386003207835,0.4980502540162021,2715.0,0.0,1.0
2023-07-27,AU2310.SHF,459.2,460.36,457.52,459.76,458.8,458.68,456.88,2.88,1.92,194289,8914220.19,223323,1582.0,81,0.8195946088460484,0.5762237365279967,8,AU2312.SHF,460.82,459.98,126149,1.0600000000000023,AU2308.SHF,458.7,457.84,19,1.0600000000000023,AU2408.SHF,464.42,464.26,385,5.720000000000027,0.012435952877042595,0.012359053195704496,107430.0,73687.0,2257.0,875.0,33.0,59616.0,35880.0,0.18630498517532865,0.5549287908405474,0.48692442357539323,2715.0,0.0,1.0
2023-07-28,AU2310.SHF,457.5,458.0,455.22,456.3,456.24,459.76,458.8,-2.5,-2.56,286816,13085921.12,215865,-7458.0,80,0.8123120146366608,0.5761116433987291,8,AU2312.SHF,457.26,457.28,125378,0.9599999999999795,AU2308.SHF,455.26,455.28,18,1.0400000000000205,AU2408.SHF,460.6,461.32,384,5.340000000000032,0.01169751314867451,0.011629441583551704,99626.0,69132.0,-7804.0,-4400.0,33.0,54595.0,34422.0,0.1806966188269593,0.5479995181980607,0.497917028293699,2715.0,0.0,1.0
2023-07-31,AU2310.SHF,457.3,457.5,455.5,455.98,456.54,456.3,456.24,-0.26,0.3,186783,8527633.15,211841,-4024.0,77,0.8204291393055586,0.5785823924312691,8,AU2312.SHF,456.94,457.4,125394,0.9599999999999795,AU2308.SHF,455.0,455.34,15,0.9800000000000182,AU2408.SHF,460.56,460.94,381,5.560000000000002,0.012186392842130645,0.012112536385410938,97273.0,67722.0,-898.0,-1167.0,34.0,53688.0,34711.0,0.1791023970423346,0.5519311628098239,0.5125513127196479,2715.0,0.0,1.0
2023-08-01,AU2310.SHF,458.2,458.62,457.3,457.58,457.88,455.98,456.54,1.04,1.34,152582,6986571.84,209774,-2067.0,76,0.8316545664639066,0.5797969077350845,8,AU2312.SHF,458.58,458.84,126713,1.0,AU2308.SHF,456.62,456.94,14,0.9599999999999795,AU2408.SHF,461.98,462.28,380,5.360000000000014,0.011706353622830384,0.01163817952673927,95748.0,67416.0,-1525.0,678.0,33.0,53296.0,35237.0,0.17364124439214532,0.5566278146802022,0.5226800759463629,2715.0,0.0,1.0
2023-08-02,AU2310.SHF,455.84,457.44,455.22,457.18,456.2,457.58,457.88,-0.7,-1.68,164609,7509773.69,209074,-700.0,75,0.8211850159388984,0.5773323981465629,8,AU2312.SHF,458.08,457.26,128084,0.8999999999999773,AU2308.SHF,456.2,455.36,13,0.9800000000000182,AU2408.SHF,461.48,461.0,379,5.28000000000003,0.011542248510503722,0.011475965208230769,96630.0,68688.0,882.0,1529.0,32.0,54053.0,34678.0,0.16901970747287046,0.5593811445720791,0.5048625669694852,2715.0,0.0,1.0
2023-08-03,AU2310.SHF,456.5,456.86,454.96,455.04,455.62,457.18,456.2,-1.16,-0.58,161217,7345506.91,207551,-1523.0,74,0.8183853315329401,0.5752267083499623,8,AU2312.SHF,456.02,456.5,128559,0.9799999999999613,AU2308.SHF,454.22,454.7,12,0.8199999999999932,AU2408.SHF,459.52,459.9,378,5.2999999999999545,0.01163647379173754,0.011569108065875503,94055.0,69261.0,-2575.0,573.0,32.0,52527.0,34786.0,0.15181611109750423,0.5584711073308171,0.5022451307373558,2715.0,0.0,1.0
2023-08-04,AU2310.SHF,453.76,455.36,453.62,454.4,454.52,455.04,455.62,-1.22,-1.1,160981,7317024.95,204259,-3292.0,73,0.8237861792279035,0.5694376684889728,8,AU2312.SHF,455.34,455.52,129848,0.9399999999999977,AU2308.SHF,453.56,453.52,11,0.839999999999975,AU2408.SHF,459.04,458.88,377,5.480000000000018,0.012049182737464581,0.011976973503379094,91794.0,67971.0,-2072.0,-1290.0,31.0,50773.0,34239.0,0.14911275936531782,0.5531189402357453,0.5037295317120537,2715.0,0.0,1.0
2023-08-07,AU2310.SHF,455.4,456.82,454.88,455.64,455.74,454.4,454.52,1.12,1.22,171277,7805861.1,200039,-4220.0,70,0.8377410724330036,0.5644966941052637,8,AU2312.SHF,456.62,456.8,129775,0.9800000000000182,AU2308.SHF,454.44,454.66,8,1.1999999999999886,AU2408.SHF,460.06,460.16,374,5.6200000000000045,0.012333079853760955,0.01225744202522308,88837.0,65864.0,-1827.0,-548.0,33.0,50136.0,34224.0,0.14849936328789085,0.5643594448259172,0.5196161787926636,2715.0,0.0,1.0
2023-08-08,AU2310.SHF,455.58,456.14,454.44,455.64,455.5,455.64,455.74,-0.1,-0.24,110788,5046577.77,199723,-316.0,69,0.8069163425541522,0.5633887442419387,8,AU2312.SHF,456.6,456.56,130078,0.9600000000000364,AU2308.SHF,454.56,454.26,7,1.079999999999984,AU2408.SHF,460.28,459.98,373,5.71999999999997,0.012549215911429594,0.012470914959081134,89478.0,66740.0,1261.0,1538.0,33.0,51317.0,33484.0,0.1455530092562957,0.5735152774983795,0.5017081210668265,2715.0,0.0,1.0
2023-08-09,AU2310.SHF,454.96,456.22,454.66,455.36,455.38,455.64,455.5,-0.14,-0.12,147298,6707796.22,198669,-1054.0,68,0.800697970232983,0.5613910655096118,8,AU2312.SHF,456.28,456.38,130440,0.9199999999999591,AU2308.SHF,454.26,454.42,6,1.1000000000000227,AU2408.SHF,460.16,459.68,372,5.900000000000034,0.012952669795757389,0.012869275460424217,89900.0,66456.0,422.0,250.0,34.0,51690.0,33936.0,0.14993988078487555,0.574972191323693,0.5106536655832431,2715.0,0.0,1.0
2023-08-10,AU2310.SHF,454.7,455.44,453.08,453.62,454.12,455.36,455.38,-1.76,-1.26,156507,7107582.61,201894,3225.0,67,0.7781385173768209,0.5669937485607086,8,AU2312.SHF,454.56,455.0,129501,0.9399999999999977,AU2308.SHF,453.32,453.08,5,0.30000000000001137,AU2408.SHF,458.3,458.3,371,4.980000000000018,0.01095560187642947,0.010895861973690562,91626.0,71012.0,1841.0,4667.0,32.0,53158.0,37444.0,0.12674774652910145,0.5801628358762797,0.5272911620571171,2715.0,0.0,1.0
2023-08-11,AU2310.SHF,454.58,455.82,453.76,455.56,454.56,453.62,454.12,1.44,0.44,169611,7709984.64,201635,-259.0,66,0.7696856110798497,0.5589870119069071,8,AU2312.SHF,456.26,455.52,133096,0.6999999999999886,AU2308.SHF,456.0,454.92,4,-0.4399999999999977,AU2408.SHF,459.86,458.76,370,3.8600000000000136,0.008441784105071343,0.008406254983896482,94696.0,68346.0,3380.0,-2514.0,33.0,56254.0,33993.0,0.16161479864084102,0.5940483230548281,0.497366341848828,2715.0,0.0,1.0
2023-08-14,AU2310.SHF,455.88,456.28,455.04,455.74,455.66,455.56,454.56,1.18,1.1,116013,5286450.53,200427,-1208.0,63,0.7960981835898633,0.5570186287070515,8,AU2312.SHF,456.5,456.46,133237,0.7599999999999909,AU2308.SHF,455.14,455.14,1,0.6000000000000227,AU2408.SHF,459.82,459.98,367,4.680000000000007,0.010254456023979657,0.010202093683120193,94488.0,68355.0,-182.0,861.0,33.0,54988.0,34420.0,0.1604797258709309,0.5819574972483278,0.5035476556213884,2715.0,0.0,1.0
2023-08-15,AU2310.SHF,455.82,456.0,454.68,455.86,455.46,455.74,455.66,0.2,-0.2,124451,5668472.98,199820,-607.0,62,0.7856804651544518,0.5547258018844353,8,AU2312.SHF,456.52,456.22,133640,0.6599999999999682,AU2309.SHF,455.74,455.56,31,0.12000000000000455,AU2408.SHF,459.6,459.2,366,3.8600000000000136,0.00922822583444743,0.009189364765325184,94813.0,68676.0,607.0,321.0,34.0,54759.0,34921.0,0.15987008300252617,0.5775473827428728,0.5084891373988002,2730.0,15.0,1.0
2023-08-16,AU2310.SHF,456.02,457.34,455.9,457.1,456.66,455.86,455.46,1.64,1.2,138953,6345685.93,203581,3761.0,61,0.7626148425408603,0.5552537195379726,8,AU2312.SHF,457.56,457.3,135029,0.45999999999997954,AU2309.SHF,457.14,456.72,30,-0.03999999999996362,AU2408.SHF,460.36,460.34,365,3.2200000000000273,0.007674581548224276,0.007647678720509662,100130.0,70616.0,5595.0,2564.0,33.0,57061.0,36558.0,0.17285324399985943,0.5698691700788975,0.5177013707941543,2730.0,0.0,1.0
2023-08-17,AU2310.SHF,457.0,457.58,455.52,456.86,456.78,457.1,456.66,0.2,0.12,120772,5516760.39,200472,-3109.0,60,0.764307186026643,0.5488819588376862,8,AU2312.SHF,457.26,457.22,136455,0.39999999999997726,AU2309.SHF,457.0,456.52,29,-0.13999999999998636,AU2408.SHF,460.38,460.38,364,3.3799999999999955,0.008058395114144806,0.008028741047909911,99410.0,69351.0,-675.0,-773.0,31.0,56000.0,35508.0,0.17811579689620233,0.5633236092948396,0.5120041527879915,2688.0,-42.0,1.0
2023-08-18,AU2310.SHF,456.6,457.0,454.8,455.1,455.82,456.86,456.78,-1.68,-0.96,135693,6185183.53,194838,-5634.0,59,0.7353637718466333,0.5373492447413201,8,AU2312.SHF,455.6,456.14,138950,0.5,AU2309.SHF,455.94,456.0,28,-0.839999999999975,AU2408.SHF,458.5,459.1,363,2.5600000000000023,0.006117589444539365,0.006100479021407192,93708.0,67814.0,-5702.0,-1510.0,32.0,51792.0,35602.0,0.16031252708609353,0.5526956076322193,0.5249948388238417,2646.0,-42.0,1.0
2023-08-21,AU2310.SHF,455.12,457.48,454.5,457.08,455.88,455.1,455.82,1.26,0.06,127984,5834616.2,194884,46.0,56,0.701416710053983,0.5281122974364533,8,AU2312.SHF,457.42,456.58,143286,0.34000000000003183,AU2309.SHF,458.1,456.78,25,-1.0200000000000387,AU2408.SHF,460.02,459.7,360,1.919999999999959,0.004566558171812738,0.004557015091787929,95542.0,66194.0,1834.0,-1443.0,32.0,51802.0,34566.0,0.18145620022753128,0.5421908689372213,0.5221923437169532,2646.0,0.0,1.0
2023-08-22,AU2310.SHF,456.98,456.98,455.4,456.5,456.14,457.08,455.88,0.62,0.26,112821,5146402.03,188078,-6806.0,55,0.7072042424356395,0.5183868318201613,8,AU2312.SHF,456.92,456.66,142941,0.4200000000000159,AU2309.SHF,457.24,456.96,24,-0.7400000000000091,AU2408.SHF,459.6,459.38,359,2.3600000000000136,0.005623618413922936,0.005609155278248957,88598.0,64018.0,-6944.0,-1448.0,34.0,48383.0,34843.0,0.16105781831524874,0.5460958486647554,0.5442687994001687,2646.0,0.0,1.0
2023-08-23,AU2310.SHF,456.66,458.26,455.86,457.88,457.0,456.5,456.14,1.74,0.86,121657,5559928.48,189995,1917.0,54,0.6657600665448138,0.5101522978938211,8,AU2312.SHF,458.34,457.54,147466,0.45999999999997954,AU2309.SHF,458.2,457.48,23,-0.3199999999999932,AU2408.SHF,461.08,460.46,358,2.8799999999999955,0.006848342312879099,0.0068269095683495306,89342.0,62225.0,846.0,-1487.0,33.0,45634.0,32092.0,0.17891097666378566,0.5107788050413019,0.5157412615508237,2592.0,-54.0,1.0
2023-08-24,AU2310.SHF,458.26,460.62,457.94,460.04,459.4,457.88,457.0,3.04,2.4,130300,5986110.09,188754,-1241.0,53,0.714207410655558,0.502621565270185,8,AU2312.SHF,460.3,459.8,149370,0.2599999999999909,AU2309.SHF,460.3,459.7,22,-0.2599999999999909,AU2408.SHF,463.08,462.46,357,2.7799999999999727,0.006580393708191535,0.006560602082779509,91091.0,63151.0,2072.0,977.0,31.0,45844.0,30907.0,0.1811439167023249,0.5032769428373824,0.48941426105683206,2592.0,0.0,1.0
2023-08-25,AU2310.SHF,459.12,459.9,458.44,458.5,459.18,460.04,459.4,-0.9,-0.22,120951,5553846.87,163763,-24991.0,52,0.7089326534200809,0.4614576112623351,8,AU2312.SHF,459.02,459.54,150998,0.5199999999999818,AU2309.SHF,457.88,459.1,21,0.6200000000000045,AU2408.SHF,461.8,462.18,356,3.920000000000016,0.00932786925858181,0.009288166843563022,80202.0,57367.0,-10857.0,-5234.0,32.0,41134.0,28115.0,0.16598943075838307,0.5128799780554101,0.49009012149842246,2592.0,0.0,1.0
2023-08-28,AU2312.SHF,459.96,459.98,457.96,459.14,458.92,459.02,459.54,-0.4,-0.62,40728,1869142.36,151788,790.0,109,0.1851786177076371,0.4391607258587168,8,AU2310.SHF,458.62,458.44,143677,-0.5199999999999818,AU2309.SHF,459.16,458.56,18,-0.020000000000038654,AU2408.SHF,462.12,461.78,353,2.9599999999999795,0.007023857972962916,0.007001314962374492,78571.0,55844.0,902.0,-35.0,41.0,41689.0,24280.0,0.1690808317524086,0.5305901668554556,0.43478260869565216,2592.0,0.0,1.0
2023-08-29,AU2312.SHF,459.96,461.28,458.9,460.68,460.22,459.14,458.92,1.76,1.3,37868,1742815.48,156322,4534.0,108,0.23355557337313507,0.45814686185724124,8,AU2310.SHF,460.14,459.5,132728,-0.5400000000000205,AU2309.SHF,460.18,459.52,17,0.5,AU2408.SHF,463.28,463.14,352,3.099999999999966,0.00733976257181649,0.007315150906101242,82451.0,57435.0,3962.0,1987.0,37.0,43336.0,24634.0,0.17883133408632743,0.5255970212611126,0.4289022373117437,2592.0,0.0,1.0
2023-08-30,AU2312.SHF,460.24,462.76,460.0,462.16,461.72,460.68,460.22,1.94,1.5,55352,2555749.99,161066,4744.0,107,0.23226109651809768,0.5280921717006125,8,AU2310.SHF,461.48,460.62,88397,-0.6800000000000068,AU2309.SHF,462.4,461.2,16,-0.23999999999995225,AU2408.SHF,464.5,464.34,351,2.1000000000000227,0.004948225998037434,0.0049370236625068216,87246.0,61229.0,6423.0,3794.0,38.0,45040.0,27840.0,0.17522815288769153,0.5162414322719666,0.45468650476081596,2592.0,0.0,1.0
2023-08-31,AU2312.SHF,463.02,463.8,462.36,463.62,463.24,462.16,461.72,1.9,1.52,50485,2338730.62,169757,8691.0,106,0.2918258698127713,0.5506709961624924,8,AU2310.SHF,463.16,462.48,79700,-0.45999999999997954,AU2309.SHF,467.14,464.48,15,-3.519999999999982,AU2408.SHF,466.06,465.64,350,-1.079999999999984,-0.002518980215589453,-0.0025218965779269715,93268.0,67370.0,6209.0,6461.0,37.0,47663.0,32175.0,0.16121963669866407,0.5110327229060342,0.47758646281727773,2592.0,0.0,1.0
2023-09-01,AU2312.SHF,462.48,463.28,461.56,462.9,462.3,463.62,463.24,-0.34,-0.94,61951,2864097.35,176554,6797.0,105,0.33072988959832583,0.575304345559292,8,AU2310.SHF,462.46,461.84,69182,-0.4399999999999977,AU2309.SHF,464.88,459.62,14,-1.9800000000000182,AU2408.SHF,465.4,465.06,349,0.5199999999999818,0.0012187385221543473,0.001218057408924044,95827.0,71028.0,3421.0,4680.0,35.0,47393.0,32999.0,0.14862605256060651,0.4945683366900769,0.4645914287323309,2592.0,0.0,1.0
2023-09-04,AU2312.SHF,463.8,466.1,462.0,464.82,464.06,462.9,462.3,2.52,1.76,94327,4377350.35,185143,8589.0,102,0.405758137574149,0.5875447855213843,8,AU2310.SHF,464.38,463.26,65184,-0.4399999999999977,AU2309.SHF,462.1,462.1,11,2.7199999999999704,AU2408.SHF,467.16,466.88,346,5.060000000000002,0.011930608804064487,0.011865761611828488,103737.0,73700.0,8029.0,2672.0,35.0,51522.0,33546.0,0.1692826186195664,0.49665982243558227,0.45516960651289007,2592.0,0.0,1.0
2023-09-05,AU2312.SHF,463.96,465.46,463.12,464.98,464.34,464.82,464.06,0.92,0.28,66963,3109444.87,190823,5680.0,101,0.4808280556632631,0.605132221943864,8,AU2310.SHF,464.36,463.7,57760,-0.6200000000000045,AU2309.SHF,463.26,463.26,10,1.7200000000000273,AU2408.SHF,467.16,466.88,345,3.900000000000034,0.009172502981788575,0.009134108505906529,106738.0,76661.0,3001.0,2961.0,37.0,53212.0,35030.0,0.1639976226696983,0.4985291086585846,0.4569468178082728,2592.0,0.0,1.0
2023-09-06,AU2312.SHF,464.8,465.06,463.6,464.24,464.22,464.98,464.34,-0.1,-0.12,83041,3854957.8,191966,1143.0,100,0.5452891889052321,0.6098805439064684,8,AU2310.SHF,463.68,463.7,52627,-0.5600000000000023,AU2309.SHF,466.8,465.3,9,-2.5600000000000023,AU2408.SHF,466.58,466.68,344,-0.22000000000002728,-0.0005134993413396623,-0.0005136203839299752,104404.0,77317.0,1160.0,773.0,38.0,53867.0,35365.0,0.1490581715927163,0.5159476648404275,0.45740264107505463,2592.0,0.0,1.0
2023-09-07,AU2312.SHF,463.98,464.72,463.38,464.12,464.08,464.24,464.22,-0.1,-0.14,92595,4297253.35,197251,5285.0,99,0.5491797444930785,0.6206159877419132,8,AU2402.SHF,464.78,464.78,49868,0.6599999999999682,AU2309.SHF,465.2,465.36,8,-1.079999999999984,AU2408.SHF,466.36,466.46,343,1.160000000000025,0.002716854249817153,0.0027134725627229106,108917.0,78836.0,4513.0,1519.0,40.0,56615.0,35638.0,0.1602158154596731,0.5197994803382392,0.45205236186513775,2592.0,0.0,1.0
2023-09-08,AU2312.SHF,465.0,467.58,463.96,466.84,465.74,464.12,464.08,2.76,1.66,106633,4966475.48,205721,8470.0,98,0.5961080488813855,0.6237409722938105,8,AU2402.SHF,467.38,466.42,53977,0.5400000000000205,AU2309.SHF,465.36,465.36,7,1.4799999999999613,AU2408.SHF,468.96,468.38,342,3.599999999999966,0.008428717680293648,0.008396282795306865,114636.0,82556.0,5719.0,4015.0,37.0,60028.0,37005.0,0.16268408454704045,0.5236400432673854,0.44824119385629146,2592.0,0.0,1.0
2023-09-11,AU2312.SHF,466.22,467.94,465.88,466.54,466.86,466.84,465.74,0.8,1.12,117227,5473023.89,205222,-499.0,95,0.5919030956672776,0.6187367906922054,8,AU2402.SHF,467.08,467.46,56083,0.5399999999999636,AU2309.SHF,474.3,474.08,4,-7.759999999999991,AU2408.SHF,468.64,469.02,339,-5.660000000000025,-0.013002035993341435,-0.013080237846272132,113481.0,83683.0,-1155.0,1158.0,37.0,58338.0,37710.0,0.15113306688847863,0.5140772464112935,0.45062916004445347,2592.0,0.0,1.0
2023-09-12,AU2312.SHF,466.82,467.24,465.94,466.76,466.62,466.54,466.86,-0.1,-0.24,83468,3894929.8,205639,417.0,94,0.5678327006544485,0.6163481106938296,8,AU2402.SHF,467.24,467.2,58137,0.4800000000000182,AU2309.SHF,470.04,474.38,3,-3.2800000000000296,AU2408.SHF,468.88,468.92,338,-1.160000000000025,-0.002688878812473281,-0.0026922021898858764,113155.0,83868.0,-288.0,464.0,39.0,58509.0,37899.0,0.1486476198210361,0.5170695064292342,0.45188868221490913,2592.0,0.0,1.0
2023-09-13,AU2312.SHF,465.52,468.74,465.5,467.66,466.94,466.76,466.62,1.04,0.32,108723,5076895.06,206913,1274.0,93,0.5792504901542921,0.6071729351108189,8,AU2402.SHF,467.92,467.26,63645,0.2599999999999909,AU2309.SHF,470.04,470.04,2,-2.3799999999999955,AU2408.SHF,468.9,468.64,337,-1.1400000000000432,-0.0026425188329479293,-0.002645728507829531,114557.0,83846.0,1939.0,1249.0,39.0,60325.0,38176.0,0.1547910061843823,0.5265937480904702,0.4553109271760132,2592.0,0.0,1.0
2023-09-14,AU2312.SHF,468.02,472.98,466.86,472.0,469.86,467.66,466.94,5.06,2.92,162409,7631154.66,216794,9881.0,92,0.6274372694083332,0.6070008623682649,8,AU2402.SHF,472.2,469.9,68344,0.19999999999998863,AU2309.SHF,470.04,470.04,1,1.9599999999999795,AU2408.SHF,472.7,471.02,336,2.659999999999968,0.0061658772768781395,0.006148496184207017,120111.0,91049.0,5554.0,7203.0,37.0,62799.0,39742.0,0.137630232998674,0.5228413717311486,0.43649024151830335,2661.0,69.0,1.0
2023-09-15,AU2312.SHF,471.9,480.26,466.96,469.72,473.86,472.0,469.86,-0.14,4.0,301876,14305270.63,210228,-6566.0,91,0.6682915922278083,0.5967605497868185,8,AU2402.SHF,469.9,474.58,71906,0.17999999999994998,AU2310.SHF,469.58,473.98,31,0.1400000000000432,AU2408.SHF,471.36,474.66,335,1.7800000000000296,0.004551239517508465,0.004542635241385699,113934.0,87899.0,-6177.0,-2901.0,38.0,59208.0,39848.0,0.12899278116066254,0.5196692822160198,0.4533384907678131,2661.0,0.0,1.0
2023-09-18,AU2312.SHF,470.2,473.12,465.88,467.32,469.56,469.72,473.86,-6.54,-4.3,208045,9769240.26,202374,-7854.0,88,0.6500796800299972,0.5853188720173536,8,AU2402.SHF,467.56,469.8,77173,0.2400000000000091,AU2310.SHF,467.14,469.52,28,0.18000000000000682,AU2410.SHF,469.78,472.16,393,2.6399999999999864,0.005651410711992043,0.005635501402358789,104726.0,81852.0,-8898.0,-6001.0,37.0,55479.0,37546.0,0.12259751953606535,0.5297538338139526,0.4587059570932903,2661.0,0.0,1.0
2023-09-19,AU2312.SHF,467.32,470.36,466.48,469.8,468.28,467.32,469.56,0.24,-1.28,98489,4612214.96,202205,-169.0,87,0.6046795761244612,0.5828073209396166,8,AU2402.SHF,470.2,468.48,79066,0.39999999999997726,AU2310.SHF,469.7,468.08,27,0.10000000000002274,AU2410.SHF,471.32,470.28,392,1.6200000000000045,0.0034490100063870877,0.003443075812190581,103561.0,81400.0,-1087.0,-452.0,37.0,55031.0,36792.0,0.1198144473699861,0.5313872983072778,0.451990171990172,2661.0,0.0,1.0
2023-09-20,AU2312.SHF,470.24,472.76,469.54,471.38,471.16,469.8,468.28,3.1,2.88,101713,4792341.77,203158,953.0,86,0.5248375894612459,0.5864499740199758,8,AU2402.SHF,471.8,471.5,82517,0.4200000000000159,AU2310.SHF,470.82,471.02,26,0.5600000000000023,AU2410.SHF,473.36,472.6,391,2.5400000000000205,0.005394843039802977,0.005380343001001862,105078.0,80857.0,1517.0,-543.0,36.0,55632.0,37284.0,0.1302659531556727,0.5294352766516303,0.46111035531864897,2637.0,-24.0,1.0
2023-09-21,AU2312.SHF,471.5,473.0,470.16,470.88,471.68,471.38,471.16,-0.28,0.52,107823,5085999.84,202379,-779.0,85,0.603945533268732,0.5848005432505454,8,AU2402.SHF,471.2,472.02,84038,0.3199999999999932,AU2310.SHF,470.68,471.3,25,0.19999999999998863,AU2410.SHF,473.12,474.0,390,2.4399999999999977,0.0051839891221212575,0.005170598508438994,106917.0,80569.0,1839.0,-288.0,36.0,55816.0,37451.0,0.14053315980926576,0.5220498143419662,0.4648313867616577,2637.0,0.0,1.0
2023-09-22,AU2312.SHF,469.22,472.02,468.02,470.48,470.12,470.88,471.68,-1.2,-1.56,142986,6722329.55,204284,1905.0,84,0.6110382256789385,0.5862951738072278,8,AU2402.SHF,470.74,470.5,85670,0.2599999999999909,AU2310.SHF,470.1,469.94,24,0.37999999999999545,AU2410.SHF,472.1,472.3,389,2.0,0.004254413954477787,0.00424538952215624,105900.0,80282.0,-757.0,-287.0,36.0,55189.0,37484.0,0.1375965453158737,0.5211425873465534,0.4669041628260382,2607.0,-30.0,1.0
2023-09-25,AU2312.SHF,470.88,471.78,469.62,471.48,470.76,470.48,470.12,1.36,0.64,75993,3577569.18,204002,-282.0,81,0.5051584083385405,0.585003971679203,8,AU2402.SHF,471.8,471.08,88479,0.3199999999999932,AU2310.SHF,471.2,470.6,21,0.28000000000002956,AU2410.SHF,473.56,472.64,386,2.3600000000000136,0.005008488964346469,0.004995988206058649,105411.0,79308.0,-489.0,-974.0,36.0,54981.0,36275.0,0.141311938674419,0.5215869311551925,0.45739395773440256,2607.0,0.0,1.0
2023-09-26,AU2312.SHF,472.0,472.2,470.3,470.6,471.08,471.48,470.76,-0.16,0.32,95477,4497734.99,204379,377.0,80,0.5949389962737254,0.5805446431868472,8,AU2402.SHF,470.9,471.48,93682,0.2999999999999545,AU2310.SHF,470.68,470.96,20,-0.07999999999998408,AU2410.SHF,472.6,473.06,385,1.920000000000016,0.004079204555111682,0.0040709071570792284,105364.0,78527.0,884.0,-781.0,36.0,54323.0,35679.0,0.145939714287268,0.5155745795527884,0.4543532797636482,2607.0,0.0,1.0
2023-09-27,AU2312.SHF,470.2,470.7,465.16,466.9,468.3,470.6,471.08,-4.18,-2.78,150432,7044818.35,195417,-8962.0,79,0.5973648471563698,0.5710691272520054,8,AU2402.SHF,467.36,468.94,95414,0.4600000000000364,AU2310.SHF,467.32,461.84,19,-0.4200000000000159,AU2410.SHF,469.42,470.36,384,2.1000000000000227,0.0044937088076693055,0.004483642244448196,98132.0,74470.0,-6625.0,-3732.0,37.0,50037.0,34072.0,0.1370899526077334,0.5098948355276566,0.4575265207466094,2607.0,0.0,1.0
2023-09-28,AU2312.SHF,465.04,465.74,455.0,459.5,460.92,466.9,468.3,-8.8,-7.38,217875,10042586.62,195595,178.0,78,0.6360831002610021,0.5731284942392667,8,AU2402.SHF,459.94,461.52,98936,0.4399999999999977,AU2310.SHF,459.3,463.9,18,0.19999999999998863,AU2410.SHF,462.18,464.82,383,2.8799999999999955,0.006270411495754359,0.006250834261181622,93206.0,72959.0,-3528.0,869.0,39.0,48731.0,33663.0,0.1218487647819938,0.5228311482093427,0.46139612659164736,2607.0,0.0,1.0
2023-10-09,AU2312.SHF,454.0,456.0,451.74,454.8,454.48,459.5,460.92,-6.12,-6.44,93951,4270023.47,188401,-7194.0,67,0.5744376440664494,0.5424593085696023,8,AU2402.SHF,455.94,455.36,107654,1.1399999999999864,AU2310.SHF,455.08,454.9,7,-0.2799999999999727,AU2410.SHF,457.8,457.44,372,2.7200000000000273,0.005976971082007676,0.005959179846950671,90379.0,71310.0,-2827.0,-167.0,38.0,48556.0,31672.0,0.11793628509051327,0.5372486971530998,0.4441452811667368,2607.0,0.0,1.0
2023-10-10,AU2312.SHF,453.04,454.4,450.06,450.58,451.86,454.8,454.48,-3.9,-2.62,152411,6886914.14,185579,-2822.0,66,0.6011841368265765,0.5130516759004302,8,AU2402.SHF,451.66,452.96,117371,1.080000000000041,AU2310.SHF,450.88,451.98,6,-0.30000000000001137,AU2410.SHF,454.74,455.96,371,3.8600000000000136,0.008561036195883664,0.00852459834167741,91360.0,72373.0,3185.0,1200.0,38.0,48520.0,33528.0,0.11596318396413674,0.5310858143607706,0.4632666878532049,2607.0,0.0,1.0
2023-10-11,AU2312.SHF,450.7,451.44,449.32,450.4,450.36,450.58,451.86,-1.46,-1.5,104754,4717774.46,178091,-7488.0,65,0.6164465786314526,0.49004182488580705,8,AU2402.SHF,451.4,451.38,122352,1.0,AU2310.SHF,450.68,450.34,5,-0.28000000000002956,AU2410.SHF,454.88,454.54,370,4.199999999999989,0.009319250909736398,0.009276094606724489,88483.0,69226.0,-2877.0,-3147.0,39.0,46366.0,32387.0,0.122104635753191,0.5240102618582101,0.4678444515066593,2994.0,387.0,1.0
2023-10-12,AU2312.SHF,451.92,454.04,450.94,453.66,452.3,450.4,450.36,3.3,1.94,98888,4472731.4,173726,-4365.0,64,0.6039588842811162,0.47416630729675585,8,AU2402.SHF,454.86,453.38,126476,1.1999999999999886,AU2310.SHF,453.7,452.52,4,-0.03999999999996362,AU2410.SHF,457.64,456.28,369,3.9399999999999977,0.008684152523694033,0.008646662162824883,87475.0,68301.0,-1008.0,-87.0,39.0,44903.0,31881.0,0.12308699671322926,0.5133238068019434,0.46677208239996487,2994.0,0.0,1.0
2023-10-13,AU2312.SHF,453.64,455.28,452.5,454.92,453.76,453.66,452.3,2.62,1.46,84889,3852014.78,167411,-6315.0,63,0.5784639077608706,0.4605592924249302,8,AU2402.SHF,455.94,454.76,127838,1.0199999999999818,AU2310.SHF,453.52,453.4,3,1.400000000000034,AU2410.SHF,458.88,457.76,368,5.360000000000014,0.011818662903510413,0.011749367955152683,85475.0,65810.0,-1938.0,-2491.0,38.0,44075.0,28943.0,0.1299864494166639,0.5156478502486107,0.43979638352833916,3102.0,108.0,1.0
2023-10-16,AU2312.SHF,461.4,465.76,459.72,461.2,462.36,454.92,453.76,7.44,8.6,179577,8302981.19,159552,-7859.0,60,0.6253356037733878,0.4416835531342391,8,AU2402.SHF,462.22,463.22,129192,1.0200000000000387,AU2311.SHF,461.36,461.66,30,-0.160000000000025,AU2410.SHF,464.56,465.46,365,3.1999999999999886,0.007557150954090216,0.007531063257231537,81312.0,62725.0,-3666.0,-3021.0,41.0,42655.0,27376.0,0.12904323194734688,0.5245843171979535,0.43644479872459147,3423.0,321.0,1.0
2023-10-17,AU2312.SHF,462.02,463.42,461.6,463.4,462.68,461.2,462.36,1.04,0.32,77915,3605102.72,155999,-3553.0,59,0.5859504256535211,0.43181679778111176,8,AU2402.SHF,464.42,463.7,130852,1.0200000000000387,AU2311.SHF,463.5,462.88,29,-0.10000000000002274,AU2410.SHF,466.78,466.24,364,3.2799999999999727,0.007710315735239552,0.007683162386015861,79235.0,61381.0,-2077.0,-1132.0,37.0,41458.0,26837.0,0.1269699038516243,0.5232283713005617,0.4372199866408172,3423.0,0.0,1.0
2023-10-18,AU2312.SHF,465.04,468.18,463.88,467.94,466.1,463.4,462.68,5.26,3.42,116649,5437127.84,152948,-3051.0,58,0.5625542545187986,0.4165851825018317,8,AU2402.SHF,468.82,467.14,135879,0.8799999999999955,AU2311.SHF,467.46,466.8,28,0.4800000000000182,AU2410.SHF,470.82,469.76,363,3.3600000000000136,0.007831462632927146,0.007803451360491194,77049.0,61277.0,-2186.0,516.0,39.0,41094.0,26171.0,0.11402050229168775,0.5333489078378694,0.4270933629257307,3390.0,-33.0,1.0
2023-10-19,AU2312.SHF,470.0,472.18,468.2,471.26,470.28,467.94,466.1,5.16,4.18,149768,7043461.09,154367,1419.0,57,0.5773275356955624,0.40898962735305416,8,AU2402.SHF,472.22,471.26,140143,0.9600000000000364,AU2311.SHF,470.48,469.84,27,0.7799999999999727,AU2410.SHF,474.06,473.78,362,3.579999999999984,0.008290675512084197,0.00825929170451844,77416.0,63060.0,475.0,1941.0,39.0,40681.0,26798.0,0.10219539280731228,0.5254856877131342,0.4249603552172534,3390.0,0.0,1.0
2023-10-20,AU2312.SHF,472.46,477.56,471.44,476.68,474.54,471.26,470.28,6.4,4.26,170199,8076767.67,157375,3008.0,56,0.5663389069129025,0.4020463167575715,8,AU2402.SHF,477.66,475.72,146871,0.9800000000000182,AU2311.SHF,475.46,474.96,26,1.2200000000000273,AU2410.SHF,479.16,477.74,361,3.7000000000000455,0.008478827416779933,0.00844600672670569,80576.0,66487.0,3775.0,3906.0,39.0,41389.0,27473.0,0.09580247920959045,0.5136641183478952,0.41320859716937147,3222.0,-168.0,1.0
2023-10-23,AU2312.SHF,475.78,479.44,473.56,476.0,476.58,476.68,474.54,1.46,2.04,174064,8295591.65,155737,-1638.0,53,0.5648860907379762,0.39308665034453166,8,AU2402.SHF,476.9,477.48,152154,0.8999999999999773,AU2311.SHF,475.36,474.84,23,0.6399999999999864,AU2410.SHF,478.74,479.06,358,3.3799999999999955,0.007747152825572533,0.007719740013106464,80031.0,65981.0,-82.0,-506.0,39.0,43223.0,27671.0,0.09622496781086486,0.5400782196898701,0.419378305875934,3222.0,0.0,1.0
2023-10-24,AU2312.SHF,476.0,476.7,474.5,475.2,475.44,476.0,476.58,-1.38,-1.14,103453,4918728.01,152349,-3388.0,52,0.5599045294394622,0.38630981058396935,8,AU2402.SHF,476.1,476.38,151693,0.9000000000000341,AU2311.SHF,472.44,473.56,22,2.759999999999991,AU2410.SHF,478.22,478.06,357,5.78000000000003,0.013329971933575728,0.01324908914162796,77603.0,63554.0,-2025.0,-2427.0,39.0,41347.0,27116.0,0.09952747649780032,0.5328015669497314,0.4266607923970167,2778.0,-444.0,1.0
2023-10-25,AU2402.SHF,474.1,476.5,473.18,475.1,474.9,476.1,476.38,-1.28,-1.48,83416,3961569.12,157694,6001.0,117,0.3847725710700991,0.3981216627324253,8,AU2312.SHF,473.92,473.76,146892,-1.1800000000000068,AU2311.SHF,472.44,471.88,21,2.660000000000025,AU2410.SHF,476.98,476.22,356,4.5400000000000205,0.01047025477135526,0.010420266832053326,63608.0,53779.0,4718.0,2963.0,38.0,39535.0,27401.0,0.08373158867677,0.6215413155577915,0.509511147473921,2778.0,0.0,1.0
2023-10-26,AU2402.SHF,475.82,478.44,473.78,477.84,477.12,475.1,474.9,2.94,2.22,91319,4357157.3,163668,5974.0,116,0.33843536784680556,0.40476914744441067,8,AU2312.SHF,476.66,475.74,144170,-1.17999999999995,AU2311.SHF,475.76,474.28,20,2.079999999999984,AU2410.SHF,479.64,479.3,355,3.8799999999999955,0.008885704318495063,0.00884966700360127,69979.0,55711.0,6657.0,1932.0,38.0,42873.0,28799.0,0.11351738404009866,0.6126552251389703,0.5169356141516038,2778.0,0.0,1.0
2023-10-27,AU2402.SHF,476.94,479.3,475.34,478.38,477.4,477.84,477.12,1.26,0.28,98420,4698626.09,169089,5421.0,115,0.3638043839869885,0.41450798794882415,8,AU2312.SHF,476.98,475.98,135504,-1.3999999999999773,AU2311.SHF,475.8,474.16,19,2.579999999999984,AU2410.SHF,480.2,479.42,354,4.399999999999977,0.010075724780887373,0.010029421970680102,75747.0,59738.0,6316.0,4074.0,35.0,44350.0,30953.0,0.11816068199431672,0.5855017360423516,0.5181459037798386,2820.0,42.0,1.0
2023-10-30,AU2402.SHF,476.9,484.12,476.9,479.22,479.9,478.38,477.4,1.82,2.5,100708,4833094.26,172658,3569.0,112,0.3677151985394797,0.4232259772476021,8,AU2312.SHF,478.12,478.38,125881,-1.1000000000000227,AU2311.SHF,476.0,478.28,16,3.2200000000000273,AU2410.SHF,481.2,482.66,351,5.199999999999989,0.011902671516367699,0.011838126573799629,76755.0,59613.0,1008.0,182.0,36.0,43837.0,31184.0,0.12570397747272088,0.5711289166829523,0.5231073759079395,2820.0,0.0,1.0
2023-10-31,AU2402.SHF,479.14,481.26,479.0,479.72,480.02,479.22,479.9,-0.18,0.12,93652,4495632.24,175725,3067.0,111,0.3915659376267388,0.4361471619719883,8,AU2312.SHF,478.94,478.98,114676,-0.7800000000000296,AU2311.SHF,476.28,477.08,15,3.4400000000000546,AU2410.SHF,481.48,481.68,350,5.2000000000000455,0.011895674061037828,0.011831204713206983,78139.0,59167.0,1384.0,587.0,36.0,44062.0,31094.0,0.13817313154559888,0.5638925504549585,0.5255294336369936,2820.0,0.0,1.0
2023-11-01,AU2402.SHF,479.56,482.08,476.96,477.86,479.26,479.72,480.02,-2.16,-0.76,123074,5898620.14,177101,1376.0,110,0.423368260280287,0.44648061311954823,8,AU2312.SHF,477.18,478.58,106686,-0.6800000000000068,AU2311.SHF,473.3,474.64,14,4.560000000000002,AU2410.SHF,479.72,480.94,349,6.420000000000016,0.014779052130011348,0.014679715402182393,79859.0,59050.0,2209.0,-84.0,35.0,45285.0,30286.0,0.14980310850988776,0.5670619466810253,0.512887383573243,2820.0,0.0,1.0
2023-11-02,AU2402.SHF,478.78,479.56,477.06,478.72,478.42,477.86,479.26,-0.54,-0.84,114608,5483241.32,183499,6398.0,109,0.5707853976791673,0.45994219986414714,8,AU2312.SHF,477.76,477.58,100093,-0.9600000000000364,AU2311.SHF,474.64,474.64,13,4.080000000000041,AU2410.SHF,480.48,480.18,348,5.840000000000032,0.013405918326788627,0.0133241150265399,86183.0,62731.0,6324.0,4113.0,35.0,49015.0,31682.0,0.157486871617175,0.5687316524140492,0.5050453523776124,2820.0,0.0,1.0
2023-11-03,AU2402.SHF,479.0,479.28,477.08,478.2,477.88,478.72,478.42,-0.22,-0.54,121323,5797834.77,183840,341.0,108,0.6462873489130261,0.46249056603773586,8,AU2312.SHF,477.38,477.04,95710,-0.8199999999999932,AU2311.SHF,474.64,474.64,12,3.5600000000000023,AU2410.SHF,479.72,479.7,347,5.080000000000041,0.011661312517137918,0.011599349614308575,88259.0,62615.0,2088.0,-99.0,35.0,49536.0,31826.0,0.16996964354361918,0.5612572088965432,0.5082807633953526,2820.0,0.0,1.0
2023-11-06,AU2402.SHF,480.5,480.5,475.44,475.96,478.46,478.2,477.88,-1.92,0.58,211131,10102046.24,184269,429.0,105,0.6130115906345814,0.4660177232860915,8,AU2312.SHF,475.3,477.66,88791,-0.6599999999999682,AU2311.SHF,474.64,474.64,9,1.3199999999999932,AU2410.SHF,478.88,479.58,344,4.240000000000009,0.009733063990682083,0.009689848018538467,88277.0,62341.0,123.0,-144.0,33.0,50162.0,31870.0,0.17219721414439176,0.568234081357545,0.5112205450666496,2820.0,0.0,1.0
2023-11-07,AU2402.SHF,475.8,476.76,473.66,474.0,475.12,475.96,478.46,-4.46,-3.34,123570,5871109.96,185431,1162.0,104,0.6933137333011653,0.47275485359542113,8,AU2312.SHF,473.3,474.24,84361,-0.6999999999999886,AU2311.SHF,474.0,474.0,8,0.0,AU2410.SHF,477.18,477.78,343,3.180000000000007,0.007309654260343792,0.007285243651457151,86291.0,64028.0,-1986.0,2120.0,35.0,50078.0,32358.0,0.14810502996959798,0.5803386216407274,0.5053726494658587,2820.0,0.0,1.0
2023-11-08,AU2402.SHF,471.5,473.28,470.38,471.84,471.92,474.0,475.12,-3.28,-3.2,153684,7252804.57,183809,-1622.0,103,0.6944568709585587,0.4748985270598813,8,AU2312.SHF,471.12,471.1,78958,-0.7199999999999704,AU2311.SHF,471.28,474.1,7,0.5600000000000023,AU2410.SHF,475.16,475.04,342,3.8800000000000523,0.008970172056032994,0.008933448226525646,87129.0,65050.0,838.0,1022.0,34.0,50438.0,33344.0,0.14508572142016968,0.5788887741165398,0.5125903151421983,2820.0,0.0,1.0
2023-11-09,AU2402.SHF,471.44,472.38,468.44,468.9,470.4,471.84,471.92,-3.02,-1.52,161457,7595027.75,183936,127.0,102,0.6866011209675361,0.4805203965672636,8,AU2312.SHF,468.22,469.46,71881,-0.67999999999995,AU2311.SHF,474.1,474.1,6,-5.2000000000000455,AU2410.SHF,471.86,473.48,341,-2.240000000000009,-0.005147852805157955,-0.0051600523840880045,87676.0,65722.0,933.0,1075.0,34.0,51025.0,34306.0,0.14311790244983638,0.5819722615082805,0.5219865494050698,2820.0,0.0,1.0
2023-11-10,AU2402.SHF,468.48,472.38,467.84,471.36,470.62,468.9,470.4,0.96,0.22,167802,7897389.98,183277,-659.0,101,0.7426115895593064,0.48197812023352443,8,AU2404.SHF,472.14,471.32,69818,0.7799999999999727,AU2311.SHF,474.1,474.1,5,-2.740000000000009,AU2410.SHF,474.36,474.14,340,0.2599999999999909,0.0005975186291701058,0.0005973548471953884,86491.0,66341.0,-1185.0,655.0,33.0,49933.0,35044.0,0.13184411641541038,0.5773201836029183,0.5282404546208227,2820.0,0.0,1.0
2023-11-13,AU2402.SHF,469.44,470.12,467.3,469.98,469.08,471.36,470.62,-0.64,-1.54,154240,7235111.61,186537,3260.0,98,0.7259377794512166,0.4897141056942585,8,AU2404.SHF,470.7,469.82,70422,0.7199999999999704,AU2311.SHF,474.1,474.1,2,-4.1200000000000045,AU2410.SHF,472.66,472.1,337,-1.4399999999999977,-0.0033093339461728933,-0.003314369922135411,90558.0,67479.0,4067.0,1399.0,34.0,54057.0,36506.0,0.1460354220847017,0.5969323527463062,0.5409979400998829,2820.0,0.0,1.0
2023-11-14,AU2402.SHF,468.86,471.7,468.34,471.52,469.98,469.98,469.08,2.44,0.9,127375,5986408.95,187768,1231.0,97,0.6897737487950959,0.4916151971115958,8,AU2404.SHF,472.32,471.02,72011,0.8000000000000114,AU2311.SHF,474.1,474.1,1,-2.580000000000041,AU2410.SHF,474.16,473.04,336,0.060000000000002274,0.00013788891442387057,0.0001378801898542574,90848.0,70122.0,611.0,2647.0,34.0,53471.0,38129.0,0.12875691122569421,0.5885765234237408,0.5437523173896922,2829.0,9.0,1.0
2023-11-15,AU2402.SHF,471.26,474.24,470.48,472.98,472.84,471.52,469.98,3.0,2.86,169300,8005477.83,189569,1801.0,96,0.7471018362024456,0.4948677787349571,8,AU2404.SHF,473.6,473.54,73201,0.6200000000000045,AU2312.SHF,472.2,472.22,30,0.7800000000000296,AU2410.SHF,475.76,475.44,335,3.5600000000000023,0.00902229535970439,0.008988454992222453,90353.0,71096.0,-386.0,1031.0,35.0,53424.0,38925.0,0.11927605621589481,0.5912808650515201,0.547499156070665,2829.0,0.0,1.0
2023-11-16,AU2402.SHF,473.38,473.38,471.04,471.86,472.12,472.98,472.84,-0.98,-0.72,139289,6576174.3,190893,1324.0,95,0.7743999733136151,0.49781464656211044,8,AU2404.SHF,472.48,472.72,73622,0.6200000000000045,AU2312.SHF,471.32,471.3,29,0.5400000000000205,AU2412.SHF,475.06,475.7,396,3.740000000000009,0.00789191744167513,0.007860770287900975,91050.0,69914.0,1029.0,-1182.0,35.0,53326.0,38474.0,0.13130886409383466,0.5856781987918726,0.5503046600108705,2829.0,0.0,1.0
2023-11-17,AU2402.SHF,471.76,474.44,471.28,473.44,473.12,471.86,472.12,1.32,1.0,157391,7446569.66,196056,5163.0,94,0.7171347597871255,0.5088477889611569,8,AU2404.SHF,474.16,473.76,75851,0.7200000000000273,AU2312.SHF,472.76,472.04,28,0.6800000000000068,AU2412.SHF,476.9,476.52,395,4.139999999999986,0.008709363508118429,0.008671450363625748,95156.0,70301.0,4106.0,387.0,36.0,56857.0,38434.0,0.15022029892963126,0.5975135566858633,0.5467063057424503,2829.0,0.0,1.0
2023-11-20,AU2402.SHF,472.22,472.96,467.94,468.0,470.74,473.44,473.12,-5.12,-2.38,169359,7972540.75,197106,1050.0,91,0.697610907443259,0.5136379627096118,8,AU2404.SHF,468.66,471.16,76205,0.660000000000025,AU2312.SHF,467.36,469.88,25,0.6399999999999864,AU2412.SHF,471.28,473.76,392,3.919999999999959,0.008341829857454198,0.008307040543624947,97393.0,69084.0,2306.0,-435.0,34.0,57768.0,38008.0,0.17004751407101282,0.593143244381013,0.5501708065543397,2826.0,-3.0,1.0
2023-11-21,AU2402.SHF,466.7,467.34,463.82,466.98,465.68,468.0,470.74,-3.76,-5.06,176755,8231164.08,196248,-858.0,90,0.6942077026400748,0.5092734118941531,8,AU2404.SHF,467.62,466.04,80141,0.6399999999999864,AU2312.SHF,466.48,465.3,24,0.5,AU2412.SHF,470.88,469.88,391,4.399999999999977,0.009380941944703201,0.009336976058612216,96988.0,66034.0,558.0,-2905.0,34.0,58768.0,35827.0,0.18987621302646268,0.6059306305934755,0.5425538359027168,2826.0,0.0,1.0
2023-11-22,AU2402.SHF,466.64,469.7,465.48,466.1,467.88,466.98,465.68,0.42,2.2,210209,9835460.33,201731,5483.0,89,0.7001738701769346,0.5161617996617447,8,AU2404.SHF,466.7,468.34,82842,0.5999999999999659,AU2312.SHF,465.52,466.94,23,0.5800000000000409,AU2412.SHF,470.22,471.62,390,4.7000000000000455,0.01004121610453035,0.009990865476051908,101070.0,63814.0,4810.0,-1856.0,35.0,61144.0,32640.0,0.225952791053104,0.6049668546551895,0.5114865076628953,2823.0,-3.0,1.0
2023-11-23,AU2402.SHF,467.0,468.1,464.46,465.46,466.34,466.1,467.88,-2.42,-1.54,156914,7317726.44,199626,-2105.0,88,0.7283791875745605,0.5130032996515321,8,AU2404.SHF,466.1,466.48,83702,0.6400000000000432,AU2312.SHF,464.8,465.42,22,0.6599999999999682,AU2412.SHF,469.38,470.34,389,4.579999999999984,0.009800001875934957,0.009752033586866727,101243.0,60908.0,2374.0,-2689.0,35.0,60841.0,31061.0,0.24874962226566597,0.6009403119227996,0.5099658501346293,2823.0,0.0,1.0
2023-11-24,AU2402.SHF,465.08,465.96,464.86,465.9,465.38,465.46,466.34,-0.44,-0.96,82652,3846587.44,198939,-687.0,87,0.733732223070504,0.5114586439876184,8,AU2404.SHF,466.66,466.08,83969,0.7600000000000477,AU2312.SHF,465.1,464.74,21,0.7999999999999545,AU2412.SHF,469.8,469.3,388,4.699999999999989,0.010050283640036307,0.009999842338113804,100331.0,60184.0,-912.0,-517.0,35.0,60401.0,30524.0,0.25011369653926424,0.6020173226619888,0.5071779875049847,2823.0,0.0,1.0
2023-11-27,AU2402.SHF,466.16,471.2,466.16,470.08,468.28,465.9,465.38,4.7,2.9,174440,8168883.93,191754,-7185.0,84,0.7108655166652403,0.5057750791946805,8,AU2404.SHF,470.66,469.26,84703,0.5800000000000409,AU2312.SHF,469.28,468.26,18,0.8000000000000114,AU2412.SHF,474.06,472.14,385,4.78000000000003,0.010130308032898222,0.010079062991138813,95388.0,56023.0,-2312.0,749.0,40.0,58806.0,31808.0,0.25998771555567296,0.6164926405837212,0.5677668100601538,2823.0,0.0,1.0
2023-11-28,AU2402.SHF,470.86,472.12,469.74,471.6,470.94,470.08,468.28,3.32,2.66,133867,6304559.74,193020,1266.0,83,0.690416879412872,0.5139880809726949,8,AU2404.SHF,472.26,471.58,85651,0.6599999999999682,AU2312.SHF,470.88,470.52,17,0.7200000000000273,AU2412.SHF,475.1,474.8,384,4.220000000000027,0.0089131046652984,0.008873402325109803,95457.0,56364.0,981.0,341.0,39.0,58725.0,31824.0,0.2574940225660482,0.6151984663251516,0.5646157121566958,2823.0,0.0,1.0
2023-11-29,AU2402.SHF,471.6,477.0,471.22,475.46,474.42,471.6,470.94,4.52,3.48,204742,9713441.26,200916,7896.0,82,0.7130910876674829,0.5174753130617985,8,AU2404.SHF,476.1,474.96,87206,0.6400000000000432,AU2312.SHF,474.54,474.04,16,0.9199999999999591,AU2412.SHF,478.86,478.36,383,4.319999999999993,0.009053942271815942,0.009012979169362192,103216.0,59300.0,7825.0,2992.0,38.0,62205.0,32686.0,0.2702257008540698,0.602668190978143,0.5511973018549747,2823.0,0.0,1.0
2023-11-30,AU2402.SHF,475.16,476.48,474.72,475.72,475.66,475.46,474.42,1.3,1.24,141553,6733348.73,203317,2401.0,81,0.6999154482478998,0.5230261465482646,8,AU2404.SHF,476.36,476.26,87986,0.6399999999999864,AU2312.SHF,475.48,474.7,15,0.2400000000000091,AU2412.SHF,479.1,479.32,382,3.6200000000000045,0.007571869436283315,0.007543191222011603,105178.0,59367.0,2073.0,112.0,39.0,62833.0,32874.0,0.2784101613540369,0.5973967940063512,0.5537419778664915,2823.0,0.0,1.0
2023-12-01,AU2402.SHF,475.4,476.7,474.32,475.78,475.26,475.72,475.66,0.12,-0.4,140499,6677433.24,204166,849.0,80,0.7283930135984945,0.5215487622010877,8,AU2404.SHF,476.66,476.0,88966,0.8800000000000523,AU2312.SHF,474.84,474.68,14,0.9399999999999977,AU2412.SHF,479.66,479.56,381,4.82000000000005,0.01009546998994891,0.010044575626132096,106039.0,60268.0,861.0,901.0,39.0,63343.0,33689.0,0.27521992459728095,0.5973556898876828,0.5589865268467512,2823.0,0.0,1.0
2023-12-04,AU2402.SHF,475.2,486.48,474.46,481.62,480.14,475.78,475.26,6.36,4.88,220202,10572934.3,206229,2063.0,77,0.6746343466032684,0.5152363083088285,8,AU2404.SHF,482.48,480.98,92252,0.8600000000000136,AU2312.SHF,480.36,479.08,11,1.259999999999991,AU2412.SHF,485.5,485.78,378,5.139999999999986,0.01064199579652216,0.010585462405169973,105318.0,63529.0,-415.0,3335.0,39.0,59141.0,35563.0,0.24749625400510522,0.5615469340473613,0.5597915912417951,2823.0,0.0,1.0
2023-12-05,AU2402.SHF,480.52,481.38,472.38,475.0,475.92,481.62,480.14,-5.14,-4.22,244094,11617400.26,198339,-7890.0,76,0.672550132529523,0.5021062544618672,8,AU2404.SHF,475.86,476.96,94898,0.8600000000000136,AU2312.SHF,473.82,474.36,10,1.1800000000000068,AU2412.SHF,479.04,479.92,377,5.220000000000027,0.010956804553448534,0.010896889510101926,99676.0,59484.0,-5096.0,-3676.0,37.0,57253.0,32891.0,0.25252576024126666,0.5743910269272443,0.5529386053392509,2823.0,0.0,1.0
2023-12-06,AU2402.SHF,473.74,474.7,471.38,474.08,473.36,475.0,475.92,-1.84,-2.56,148771,7042240.44,197578,-761.0,75,0.629002321166587,0.49565998354305896,8,AU2404.SHF,475.1,474.38,98455,1.0200000000000387,AU2312.SHF,472.74,472.5,9,1.339999999999975,AU2412.SHF,478.42,477.36,376,5.680000000000007,0.011949583960582709,0.011878366358041636,99452.0,56874.0,-224.0,-2610.0,36.0,57842.0,31195.0,0.27236672082698976,0.5816072074970841,0.5484931603193023,2823.0,0.0,1.0
2023-12-07,AU2402.SHF,474.0,475.94,474.0,474.88,475.0,474.08,473.36,1.52,1.64,127302,6047026.38,197216,-362.0,74,0.6426310608546405,0.49159471154804874,8,AU2404.SHF,475.8,475.96,100376,0.9200000000000159,AU2312.SHF,473.6,473.64,8,1.2799999999999727,AU2412.SHF,479.38,479.36,375,5.779999999999973,0.012137882944252193,0.012064412375865646,101442.0,56111.0,1990.0,-635.0,38.0,59345.0,31513.0,0.2877190532709628,0.5850140967252223,0.561618933898879,2823.0,0.0,1.0
2023-12-08,AU2402.SHF,475.28,476.58,473.28,475.2,475.0,474.88,475.0,0.2,0.0,120772,5736833.2,194309,-2907.0,73,0.6361878875034899,0.48493235469549006,8,AU2404.SHF,476.1,476.12,101824,0.9000000000000341,AU2312.SHF,474.26,474.12,7,0.9399999999999977,AU2412.SHF,479.32,479.6,374,5.060000000000002,0.01061111008332965,0.0105549032102687,100690.0,55181.0,-752.0,-779.0,36.0,59851.0,31301.0,0.29196579222562247,0.5944085807925316,0.5672423479096066,2823.0,0.0,1.0
2023-12-11,AU2402.SHF,475.0,475.18,469.92,471.6,472.0,475.2,475.0,-3.4,-3.0,171635,8101409.68,190295,-4014.0,70,0.6229380274022321,0.4860291676244477,8,AU2404.SHF,472.52,473.02,102535,0.9199999999999591,AU2312.SHF,470.76,473.3,4,0.8400000000000318,AU2412.SHF,475.96,476.0,371,5.199999999999989,0.010985772209492282,0.01092554109886725,98065.0,54222.0,-2448.0,-372.0,37.0,58536.0,30008.0,0.28789719411374576,0.5969102126140825,0.5534284976577772,2823.0,0.0,1.0
2023-12-12,AU2402.SHF,470.78,470.78,467.7,469.9,469.4,471.6,472.0,-2.1,-2.6,121372,5697323.74,185592,-4703.0,69,0.644738379814077,0.47938627645972437,8,AU2404.SHF,470.78,470.24,103119,0.8799999999999955,AU2312.SHF,468.4,466.64,3,1.5,AU2412.SHF,473.76,473.24,370,5.360000000000014,0.011380850108317124,0.0113162259123908,95886.0,55678.0,-2179.0,1456.0,37.0,57962.0,30407.0,0.2652872713837059,0.6044886636213838,0.5461223463486475,2823.0,0.0,1.0
2023-12-13,AU2402.SHF,469.86,471.52,468.58,469.02,469.62,469.9,469.4,-0.38,0.22,129229,6069052.25,177187,-8405.0,68,0.5918352392685239,0.46135839918761634,8,AU2404.SHF,469.92,470.62,105252,0.9000000000000341,AU2312.SHF,468.2,468.54,2,0.8199999999999932,AU2412.SHF,472.84,473.84,369,4.639999999999986,0.009856287689999544,0.009807768627407454,89336.0,53397.0,-6405.0,-1974.0,36.0,51970.0,28837.0,0.2517918070803528,0.5817363660786246,0.5400490664269528,2823.0,0.0,1.0
2023-12-14,AU2402.SHF,469.72,477.94,468.74,476.2,473.06,469.02,469.62,6.58,3.44,118460,5603946.39,177733,546.0,67,0.5946936419086825,0.46011680706641334,8,AU2404.SHF,477.06,474.36,106650,0.8600000000000136,AU2312.SHF,475.2,475.08,1,1.0,AU2412.SHF,479.86,479.14,368,4.660000000000025,0.009752956449141748,0.009705446117170686,91396.0,55973.0,2169.0,2656.0,38.0,53956.0,30483.0,0.24036941283444957,0.5903540636351701,0.5446018616118485,3123.0,300.0,1.0
2023-12-15,AU2402.SHF,476.54,477.16,474.34,475.46,475.68,476.2,473.06,2.4,2.62,123606,5879877.69,172647,-5086.0,66,0.5953673421221215,0.45018070121458337,8,AU2404.SHF,476.36,476.7,108815,0.9000000000000341,AU2401.SHF,475.08,475.2,31,0.37999999999999545,AU2412.SHF,479.14,479.44,367,4.060000000000002,0.009283524178383948,0.009244080570843069,86474.0,51700.0,-4547.0,-4273.0,39.0,49527.0,28448.0,0.25166818648949874,0.572738626639221,0.5502514506769826,3123.0,0.0,1.0
2023-12-18,AU2402.SHF,476.52,476.6,473.0,474.9,475.02,475.46,475.68,-0.78,-0.66,117349,5574424.69,171748,-899.0,63,0.5863609335884995,0.44749698408273125,8,AU2404.SHF,475.8,476.0,109138,0.9000000000000341,AU2401.SHF,474.28,474.64,28,0.6200000000000045,AU2412.SHF,478.66,478.84,364,4.380000000000052,0.010032123881010708,0.00998608353261481,87935.0,54002.0,1678.0,2429.0,38.0,50785.0,30100.0,0.23907085537949935,0.5775288565417638,0.5573867634532055,3123.0,0.0,1.0
2023-12-19,AU2402.SHF,475.04,476.92,474.64,475.9,475.52,474.9,475.02,0.88,0.5,69023,3282227.62,169353,-2395.0,62,0.5677540881123943,0.44481362022231097,8,AU2404.SHF,476.8,476.5,106175,0.9000000000000341,AU2401.SHF,475.16,474.64,27,0.7399999999999523,AU2412.SHF,479.98,479.5,363,4.819999999999993,0.011019471135537296,0.010963955759630242,87515.0,52616.0,-420.0,-1251.0,40.0,50473.0,29166.0,0.24904553596277768,0.5767354167856938,0.5543180781511328,3078.0,-45.0,1.0
2023-12-20,AU2402.SHF,476.3,477.86,475.56,476.92,476.8,475.9,475.52,1.4,1.28,86361,4117833.79,172115,2762.0,61,0.5990261429294786,0.4440130535168393,8,AU2404.SHF,477.82,477.78,108680,0.8999999999999773,AU2401.SHF,475.74,475.92,26,1.1800000000000068,AU2412.SHF,480.7,480.86,362,4.9599999999999795,0.011325714125562738,0.011267081135287628,90629.0,50696.0,3114.0,-1455.0,38.0,51853.0,28450.0,0.282561471784893,0.5721457811517284,0.5611882594287517,3078.0,0.0,1.0
2023-12-21,AU2402.SHF,476.1,477.46,475.46,477.02,476.48,476.92,476.8,0.22,-0.32,88478,4215871.5,169432,-2683.0,60,0.6140425147996752,0.43745271936279256,8,AU2404.SHF,477.98,477.46,109427,0.9600000000000364,AU2401.SHF,475.3,475.56,25,1.7199999999999704,AU2412.SHF,480.86,480.44,361,5.560000000000002,0.012707513049402475,0.012633762194617437,88296.0,49429.0,-2333.0,-1267.0,39.0,49772.0,28329.0,0.282207297150118,0.5636948446135726,0.5731250885107932,3078.0,0.0,1.0
2023-12-22,AU2402.SHF,477.06,480.9,476.3,479.54,478.62,477.02,476.48,3.06,2.14,123188,5896106.01,167366,-2066.0,59,0.55216247349855,0.42294901342390423,8,AU2404.SHF,480.64,479.64,116497,1.099999999999966,AU2401.SHF,478.02,477.66,24,1.5200000000000387,AU2412.SHF,483.4,483.2,360,5.3799999999999955,0.012226152123541303,0.012157862833048552,86495.0,49744.0,-1726.0,315.0,38.0,48047.0,28769.0,0.26975388838731934,0.5554887565755245,0.5783411064651013,3078.0,0.0,1.0
2023-12-25,AU2402.SHF,481.22,482.92,479.36,480.8,481.1,479.54,478.62,2.18,2.48,126682,6094838.02,159260,-8106.0,56,0.5399845696772846,0.40097284885594586,8,AU2404.SHF,481.94,482.2,122945,1.1399999999999864,AU2401.SHF,479.0,479.3,21,1.8000000000000114,AU2412.SHF,484.7,485.28,357,5.699999999999989,0.012926856546376275,0.012850547874260316,80108.0,48128.0,-6387.0,-1379.0,37.0,43956.0,27547.0,0.24938394834523847,0.5487092425225945,0.5723695146276596,3078.0,0.0,1.0
2023-12-26,AU2402.SHF,481.0,481.78,480.5,481.4,481.1,480.8,481.1,0.3,0.0,60716,2921130.58,152602,-6658.0,55,0.4548696433922685,0.38072641448238354,8,AU2404.SHF,482.44,482.14,131568,1.0400000000000205,AU2401.SHF,479.42,479.06,20,1.9799999999999613,AU2412.SHF,485.72,485.34,356,6.300000000000011,0.014275061532685242,0.01418208177895604,75530.0,44690.0,-3642.0,-3126.0,39.0,41624.0,25458.0,0.2565296955581434,0.5510922812127631,0.5696576415305438,3078.0,0.0,1.0
2023-12-27,AU2402.SHF,481.06,483.12,479.6,482.6,481.52,481.4,481.1,1.5,0.42,78178,3764429.22,144614,-7988.0,54,0.48684161363041933,0.3620545482767772,8,AU2404.SHF,483.44,482.5,136367,0.839999999999975,AU2401.SHF,481.72,479.82,19,0.8799999999999955,AU2412.SHF,486.04,485.72,355,4.319999999999993,0.009741877320553824,0.009698454811214773,70547.0,43337.0,-4889.0,-656.0,37.0,38036.0,24676.0,0.2389273295634154,0.5391582916353637,0.5693979740175831,3078.0,0.0,1.0
2023-12-28,AU2404.SHF,484.26,486.36,483.74,484.5,485.08,483.44,482.5,2.0,2.58,66889,3244753.27,141877,5510.0,109,0.3526282771091324,0.3553196391631229,8,AU2402.SHF,483.6,484.18,137197,-0.8999999999999773,AU2401.SHF,481.68,482.86,18,2.819999999999993,AU2412.SHF,487.32,487.76,354,5.639999999999986,0.012719618240918633,0.012645727352545282,69892.0,37579.0,4190.0,3071.0,41.0,46645.0,18344.0,0.3006671567213481,0.6673868253877411,0.48814497458687034,3078.0,0.0,1.0
2023-12-29,AU2404.SHF,483.0,483.64,480.68,482.16,482.26,484.5,485.08,-2.92,-2.82,77663,3745513.06,143460,1583.0,108,0.3507671323207277,0.38769515151351364,8,AU2402.SHF,481.7,481.42,106807,-0.4600000000000364,AU2401.SHF,482.32,481.1,17,-0.15999999999996817,AU2412.SHF,484.76,484.82,353,2.4399999999999977,0.005495511772464863,0.0054816579032286915,69437.0,39243.0,147.0,2618.0,38.0,45791.0,19813.0,0.2778248067721752,0.6594610942293013,0.5048798511836506,3078.0,0.0,1.0
2024-01-02,AU2404.SHF,482.06,484.32,481.38,484.1,483.06,482.16,482.26,1.84,0.8,39658,1915746.73,152262,8802.0,104,0.4157851144357891,0.40399586086125927,8,AU2402.SHF,483.32,482.4,102542,-0.7800000000000296,AU2401.SHF,481.0,480.52,13,3.1000000000000227,AU2412.SHF,486.76,485.94,349,5.759999999999991,0.013008613008612911,0.012931339888202028,75547.0,42356.0,6110.0,3203.0,38.0,49244.0,21192.0,0.28151107266142505,0.651832633989437,0.5003305316838228,3078.0,0.0,1.0
2024-01-03,AU2404.SHF,483.7,484.26,482.0,483.58,483.46,484.1,483.06,0.52,0.4,103087,4983891.69,159693,7431.0,103,0.5502199022182369,0.4308051310411805,8,AU2406.SHF,484.34,484.22,95767,0.7599999999999909,AU2401.SHF,480.1,481.82,12,3.4799999999999613,AU2412.SHF,486.14,486.14,348,6.039999999999964,0.013666547643843917,0.013581294477205033,81612.0,45968.0,6186.0,4166.0,37.0,51791.0,23110.0,0.279385483618122,0.6346003038768808,0.5027410372432997,3078.0,0.0,1.0
2024-01-04,AU2404.SHF,480.8,482.12,478.9,481.64,480.34,483.58,483.46,-1.82,-3.12,153003,7349570.93,162541,2848.0,102,0.628648555369293,0.4451092775713296,8,AU2406.SHF,482.34,481.2,96791,0.6999999999999886,AU2401.SHF,481.82,481.82,11,-0.18000000000000682,AU2412.SHF,484.1,482.9,347,2.2800000000000296,0.005140479254256319,0.005128354965766245,84071.0,45942.0,3227.0,-26.0,36.0,53149.0,23045.0,0.29327067293270676,0.6321918378513399,0.5016107265682818,3078.0,0.0,1.0
2024-01-05,AU2404.SHF,481.74,483.18,480.86,482.38,482.04,481.64,480.34,2.04,1.7,94913,4575188.04,164224,1683.0,101,0.6656170666367449,0.449289913793811,8,AU2406.SHF,483.04,482.84,98144,0.660000000000025,AU2401.SHF,481.82,481.82,10,0.5600000000000023,AU2412.SHF,484.56,484.56,346,2.740000000000009,0.006177593489764054,0.006160094520440922,85671.0,47868.0,1871.0,1926.0,38.0,53835.0,23972.0,0.2830858400916586,0.628392338130756,0.5007938497534887,3078.0,0.0,1.0
2024-01-08,AU2404.SHF,481.5,484.52,480.06,481.72,482.32,482.38,482.04,-0.32,0.28,195026,9406523.74,166978,2754.0,98,0.6596471527336193,0.45958554784585615,8,AU2406.SHF,482.44,482.98,97668,0.7199999999999704,AU2401.SHF,484.0,486.38,7,-2.2799999999999727,AU2412.SHF,483.88,484.44,343,-0.12000000000000455,-0.00026933293978752536,-0.00026936633368825785,88212.0,51180.0,2541.0,3312.0,36.0,54318.0,26480.0,0.265668044077135,0.6157665623724663,0.517389605314576,3078.0,0.0,1.0
2024-01-09,AU2404.SHF,479.68,482.0,478.82,481.02,480.5,481.72,482.32,-1.3,-1.82,130398,6265627.16,166784,-194.0,97,0.6776280575576954,0.4629532477842453,8,AU2406.SHF,481.64,481.3,98569,0.6200000000000045,AU2401.SHF,486.38,486.38,6,-5.360000000000014,AU2412.SHF,483.5,482.78,342,-2.8799999999999955,-0.006432360353163009,-0.0064514798203634035,89074.0,49875.0,862.0,-1169.0,38.0,54097.0,25118.0,0.2821107024879632,0.6073264925792038,0.5036190476190476,3078.0,0.0,1.0
2024-01-10,AU2404.SHF,481.2,482.26,479.76,479.86,481.1,481.02,480.5,-0.64,0.6,126122,6067780.69,169229,2445.0,96,0.6938472371982484,0.4681067056135517,8,AU2406.SHF,480.5,481.64,100203,0.6399999999999864,AU2401.SHF,482.5,498.3,5,-2.6399999999999864,AU2412.SHF,482.16,483.42,341,-0.339999999999975,-0.0007654823587466044,-0.0007657521891427417,90227.0,51790.0,1198.0,1915.0,39.0,54522.0,25884.0,0.2706506967475725,0.6042758819422124,0.49978760378451437,3078.0,0.0,1.0
2024-01-11,AU2404.SHF,480.62,481.48,479.48,480.24,480.42,479.86,481.1,-0.86,-0.68,115386,5543488.09,167979,-1250.0,95,0.6589456732169473,0.4821205624295026,8,AU2406.SHF,480.84,480.88,101802,0.5999999999999659,AU2401.SHF,498.3,498.3,4,-18.060000000000002,AU2412.SHF,482.5,482.66,340,-15.800000000000011,-0.03444449222594926,-0.03500239686171486,90922.0,51802.0,889.0,12.0,39.0,55016.0,26207.0,0.2740954569658922,0.6050900772090363,0.5059071078336744,3078.0,0.0,1.0
2024-01-12,AU2404.SHF,480.28,482.3,477.68,480.78,479.94,480.24,480.42,0.36,-0.48,206543,9912877.94,171505,3526.0,94,0.7310169815461064,0.4933436505790506,8,AU2406.SHF,481.38,480.72,105369,0.6000000000000227,AU2401.SHF,498.3,498.3,3,-17.52000000000004,AU2412.SHF,482.8,482.48,339,-15.5,-0.033790482879886855,-0.034327181140933305,92904.0,51269.0,1982.0,-412.0,38.0,56381.0,25847.0,0.28878500135254176,0.6068737621630931,0.5041448048528351,3129.0,51.0,1.0
2024-01-15,AU2404.SHF,482.7,484.4,482.04,483.58,483.34,480.78,479.94,3.64,3.4,183843,8885995.89,178695,7190.0,91,0.6786378737541529,0.5042226655417512,8,AU2406.SHF,484.18,484.08,109811,0.6000000000000227,AU2402.SHF,482.9,482.58,35,0.6800000000000068,AU2412.SHF,485.8,485.66,336,2.900000000000034,0.007282276445808963,0.007260497163887911,98872.0,54890.0,7123.0,3965.0,37.0,59943.0,27682.0,0.2860394635865819,0.6062687110607654,0.5043177263618145,3129.0,0.0,1.0
2024-01-16,AU2404.SHF,483.58,484.0,482.92,483.34,483.34,483.58,483.34,0.0,0.0,79238,3830044.9,180945,2250.0,90,0.6990806909815962,0.5076948976585626,8,AU2406.SHF,483.9,483.88,112798,0.5600000000000023,AU2402.SHF,482.66,482.56,34,0.67999999999995,AU2502.SHF,485.78,487.4,398,3.1199999999999477,0.006481936411907655,0.006461076065958361,100112.0,55897.0,1240.0,1007.0,37.0,61341.0,27528.0,0.2834131364216167,0.6127237494006712,0.49247723491421724,3129.0,0.0,1.0
2024-01-17,AU2404.SHF,482.0,483.18,479.42,479.66,481.62,483.34,483.34,-3.68,-1.72,194971,9390317.67,177231,-3714.0,89,0.7448265060148911,0.5056995380449515,8,AU2406.SHF,480.2,481.84,113258,0.5399999999999636,AU2402.SHF,478.72,480.62,33,0.9399999999999977,AU2502.SHF,482.8,484.28,397,4.079999999999984,0.008546141358641379,0.008509928750608062,96212.0,55391.0,-3118.0,-506.0,36.0,58827.0,27054.0,0.2692624816131607,0.6114310065272524,0.4884186961780795,3129.0,0.0,1.0
2024-01-18,AU2404.SHF,480.94,480.98,478.06,478.72,479.44,479.66,481.62,-2.9,-2.18,154120,7389197.06,173928,-3303.0,88,0.7398908310569801,0.5021335073243681,8,AU2406.SHF,479.24,479.78,114059,0.5199999999999818,AU2402.SHF,477.94,478.52,32,0.7800000000000296,AU2502.SHF,481.22,481.82,396,3.2800000000000296,0.006881639931813694,0.006858133804034855,94080.0,55308.0,-2049.0,85.0,39.0,58438.0,27646.0,0.2595389187886577,0.6211522108843538,0.4998553554639473,3126.0,-3.0,1.0
2024-01-19,AU2404.SHF,479.2,480.74,478.46,480.36,479.64,478.72,479.44,0.92,0.2,102473,4915205.66,171230,-2698.0,87,0.7093078791989977,0.5106358867612808,8,AU2406.SHF,480.88,480.38,113904,0.5199999999999818,AU2402.SHF,479.66,478.98,31,0.6999999999999886,AU2502.SHF,483.14,482.06,395,3.4799999999999613,0.00727507075753742,0.00724880688805006,92831.0,52153.0,-1249.0,-3155.0,39.0,58191.0,25901.0,0.2805688903603156,0.6268487897361873,0.49663490115621345,3126.0,0.0,1.0
2024-01-22,AU2404.SHF,481.7,482.24,478.64,478.88,480.7,480.36,479.64,-0.76,1.06,152765,7343444.01,169402,-1828.0,84,0.7447991068163757,0.5104207154844872,8,AU2406.SHF,479.46,481.22,114551,0.5799999999999841,AU2402.SHF,478.22,480.02,28,0.6599999999999682,AU2502.SHF,481.88,484.02,392,3.659999999999968,0.007674407061718379,0.00764518846602106,92322.0,50807.0,-374.0,-912.0,38.0,57862.0,24646.0,0.29005302908565,0.6267411884491237,0.48509063711693273,3126.0,0.0,1.0
2024-01-23,AU2404.SHF,480.3,480.3,477.22,479.18,478.82,478.88,480.7,-1.52,-1.88,119090,5702290.95,167077,-2325.0,83,0.7389550757011666,0.5123976826990606,8,AU2406.SHF,479.86,479.32,114172,0.6800000000000068,AU2402.SHF,478.5,477.98,27,0.6800000000000068,AU2502.SHF,482.44,481.92,391,3.9399999999999977,0.008256685842892623,0.008222878255610123,90507.0,47334.0,-1698.0,-3473.0,38.0,56308.0,22732.0,0.3132086969769517,0.6221397239992487,0.48024675708792836,3126.0,0.0,1.0
2024-01-24,AU2404.SHF,478.52,478.84,477.74,478.66,478.38,479.18,478.82,-0.16,-0.44,89558,4284309.26,163942,-3135.0,82,0.7270439434653071,0.5067962545635528,8,AU2406.SHF,479.26,479.1,114865,0.5999999999999659,AU2402.SHF,477.94,477.74,26,0.7200000000000273,AU2502.SHF,481.7,481.54,390,3.759999999999991,0.007888709190127768,0.00785784036571315,87656.0,45886.0,-2851.0,-1448.0,39.0,54544.0,21794.0,0.3127854907070435,0.6222506160445377,0.4749596826918886,3126.0,0.0,1.0
2024-01-25,AU2404.SHF,478.96,479.16,476.32,476.84,477.46,478.66,478.38,-1.54,-0.92,158471,7566403.45,165828,1886.0,81,0.7170438811615975,0.5111474833781822,8,AU2406.SHF,477.6,478.02,114303,0.7600000000000477,AU2402.SHF,476.1,476.68,25,0.7399999999999523,AU2502.SHF,479.66,480.46,389,3.5600000000000023,0.007497963074522579,0.007470069324902057,87417.0,48731.0,-12.0,2845.0,39.0,54659.0,23458.0,0.2841466639245527,0.6252673965018246,0.48137735732901027,3126.0,0.0,1.0
2024-01-26,AU2404.SHF,476.84,478.98,476.4,478.72,477.9,476.84,477.46,1.26,0.44,135260,6464223.03,161770,-4058.0,80,0.7514026998500083,0.5100355010183685,8,AU2406.SHF,479.42,478.72,115808,0.6999999999999886,AU2402.SHF,478.02,477.0,24,0.7000000000000455,AU2502.SHF,481.86,481.34,388,3.840000000000032,0.008055205745679013,0.00802302369493165,85967.0,46075.0,-1374.0,-2656.0,39.0,54182.0,21832.0,0.30211599339604067,0.6302651017250805,0.47383613673358654,3126.0,0.0,1.0
2024-01-29,AU2404.SHF,478.72,480.44,477.96,480.04,479.14,478.72,477.9,2.14,1.24,125295,6003577.31,162194,424.0,77,0.711139741981622,0.5082061726460911,8,AU2406.SHF,480.86,480.16,118337,0.8199999999999932,AU2402.SHF,479.04,478.6,21,1.0,AU2502.SHF,483.08,482.38,385,4.039999999999964,0.008456702782854953,0.008421242071998502,86750.0,46577.0,1196.0,564.0,38.0,55255.0,22427.0,0.3013118123110848,0.6369452449567723,0.4815037464843163,3126.0,0.0,1.0
2024-01-30,AU2404.SHF,480.08,481.32,479.12,481.0,480.32,480.04,479.14,1.86,1.18,121527,5837424.09,163600,1406.0,76,0.7613805806508201,0.506181854184973,8,AU2406.SHF,481.7,481.16,121436,0.6999999999999886,AU2402.SHF,479.9,479.4,20,1.1000000000000227,AU2502.SHF,484.06,483.52,384,4.160000000000025,0.008692287083618643,0.00865482897151018,89584.0,46921.0,2834.0,439.0,38.0,57257.0,22479.0,0.3125380022709791,0.6391431505626005,0.47908186100040495,3126.0,0.0,1.0
2024-01-31,AU2404.SHF,481.42,482.74,480.58,481.58,481.5,481.0,480.32,1.26,1.18,145507,7006344.49,166590,2990.0,75,0.7607135201827716,0.5076038502204523,8,AU2406.SHF,482.3,482.26,124531,0.7200000000000273,AU2402.SHF,480.56,480.46,19,1.0199999999999818,AU2502.SHF,484.34,484.66,383,3.7799999999999727,0.007887432610672193,0.00785657375003879,91646.0,48453.0,2062.0,1532.0,39.0,58405.0,22997.0,0.30830341401437555,0.6372891342775462,0.4746248942273956,3126.0,0.0,1.0
2024-02-01,AU2404.SHF,482.0,483.72,481.58,482.84,482.64,481.58,481.5,1.34,1.14,124204,5994767.36,170301,3711.0,74,0.7334030102803021,0.5064186627414247,8,AU2406.SHF,483.42,483.32,127108,0.5800000000000409,AU2402.SHF,481.6,481.5,18,1.2399999999999523,AU2502.SHF,485.62,485.38,382,4.019999999999982,0.008370107882151083,0.008335367687802528,96045.0,50820.0,4492.0,2367.0,40.0,60990.0,24093.0,0.3079358594627719,0.6350148367952523,0.4740850059031877,3126.0,0.0,1.0
2024-02-02,AU2404.SHF,481.5,484.9,480.84,484.82,483.18,482.84,482.64,2.18,0.54,154979,7488381.99,177788,7487.0,73,0.6879699915656767,0.5036344579473669,8,AU2406.SHF,485.46,484.02,133294,0.6399999999999864,AU2402.SHF,483.54,482.58,17,1.2799999999999727,AU2502.SHF,487.56,486.32,381,4.019999999999982,0.0083365263598542,0.008302063602894582,100316.0,54650.0,4333.0,3830.0,40.0,61246.0,26640.0,0.2946839951989469,0.6105307229155867,0.48746569075937785,3126.0,0.0,1.0
2024-02-05,AU2404.SHF,484.56,485.18,481.0,481.44,482.54,484.82,483.18,-1.74,-0.64,155373,7497648.3,167263,-10525.0,70,0.6664822154733103,0.48869300485587236,8,AU2406.SHF,482.08,483.04,131333,0.6399999999999864,AU2402.SHF,479.6,481.12,14,1.839999999999975,AU2502.SHF,484.72,485.16,378,5.1200000000000045,0.010704891438836291,0.01064815450942756,92575.0,51100.0,-7405.0,-3520.0,37.0,57963.0,25329.0,0.28867235079171744,0.626119362678909,0.4956751467710372,3126.0,0.0,1.0
2024-02-06,AU2404.SHF,480.38,481.86,479.76,480.66,480.68,481.44,482.54,-1.88,-1.86,86678,4166590.51,162750,-4513.0,69,0.6892718265170612,0.4807805927116321,8,AU2406.SHF,481.26,481.3,131178,0.5999999999999659,AU2402.SHF,478.64,478.66,13,2.0200000000000387,AU2502.SHF,484.0,483.46,377,5.360000000000014,0.011229160276460993,0.011166751474511577,90306.0,49739.0,-2252.0,-1129.0,38.0,56610.0,24598.0,0.2896711771216395,0.6268686466015547,0.4945415066647902,3126.0,0.0,1.0
2024-02-07,AU2404.SHF,480.1,482.78,480.1,482.1,481.9,480.66,480.68,1.42,1.22,81489,3927075.23,162905,155.0,68,0.6971962936662075,0.4771298110577078,8,AU2406.SHF,482.88,482.56,132846,0.7799999999999727,AU2402.SHF,480.38,480.36,12,1.7200000000000273,AU2502.SHF,485.14,484.82,376,4.759999999999991,0.00993604422140157,0.009887139765388478,92202.0,49778.0,2430.0,95.0,39.0,59714.0,23804.0,0.2988026482603184,0.6476432181514501,0.47820322230704326,3126.0,0.0,1.0
2024-02-08,AU2404.SHF,482.86,484.28,482.36,483.54,483.42,482.1,481.9,1.64,1.52,68874,3329585.7,162056,-849.0,67,0.6479514558539913,0.4779524749087928,8,AU2406.SHF,484.3,484.22,131042,0.7599999999999909,AU2402.SHF,481.0,481.0,11,2.5400000000000205,AU2502.SHF,486.48,486.5,375,5.480000000000018,0.01142423065500001,0.011359643015725354,92431.0,49544.0,662.0,-234.0,39.0,59947.0,24082.0,0.30207430885719316,0.6485594659800283,0.4860729856289359,3126.0,0.0,1.0
2024-02-19,AU2404.SHF,480.96,481.48,479.66,480.7,480.52,483.54,483.42,-2.72,-2.9,48395,2325572.56,157903,-4153.0,56,0.596408853396431,0.4667529803340812,8,AU2406.SHF,481.54,481.38,133420,0.8400000000000318,AU2403.SHF,479.54,479.42,25,1.1599999999999682,AU2502.SHF,484.12,483.94,364,4.579999999999984,0.01028333076819056,0.010234534102725816,90061.0,46169.0,-2136.0,-3255.0,37.0,58681.0,22637.0,0.3221904132716729,0.6515694917888987,0.49030734908704976,3126.0,0.0,1.0
2024-02-20,AU2404.SHF,480.2,481.06,480.08,480.42,480.46,480.7,480.52,-0.1,-0.06,50524,2427548.43,148828,-9075.0,55,0.6230146986287857,0.44890178501408584,8,AU2406.SHF,481.2,481.36,135568,0.7799999999999727,AU2403.SHF,479.22,479.64,24,1.1999999999999886,AU2502.SHF,483.56,483.9,363,4.339999999999975,0.00975097315832422,0.009707083670796658,89298.0,47275.0,-676.0,1353.0,38.0,58272.0,23038.0,0.307696250356952,0.6525566082107102,0.4873188789000529,3126.0,0.0,1.0
2024-02-21,AU2404.SHF,481.4,482.08,480.3,480.42,481.2,480.42,480.46,-0.04,0.74,77555,3732007.27,145169,-3659.0,54,0.5870220109600653,0.4294521540796313,8,AU2406.SHF,481.14,481.88,138568,0.7199999999999704,AU2403.SHF,479.34,480.16,23,1.080000000000041,AU2502.SHF,483.96,484.52,362,4.6200000000000045,0.010377469610685195,0.010327778310366105,85437.0,46673.0,-3762.0,-580.0,38.0,54057.0,22056.0,0.29342214820982515,0.6327118227465852,0.47256443768345724,3126.0,0.0,1.0
2024-02-22,AU2404.SHF,480.7,481.02,479.32,480.06,480.16,480.42,481.2,-1.14,-1.04,53842,2585290.2,143293,-1876.0,53,0.6139198649973775,0.4227206485376632,8,AU2406.SHF,480.78,480.84,139940,0.7199999999999704,AU2403.SHF,479.12,479.12,22,0.9399999999999977,AU2502.SHF,483.64,483.72,361,4.519999999999982,0.010157510992374786,0.010109897426817713,84348.0,45724.0,-985.0,-949.0,40.0,54123.0,21348.0,0.29694323144104806,0.6416631099729692,0.46688828623917417,3102.0,-24.0,1.0
2024-02-23,AU2404.SHF,480.08,480.54,478.52,478.96,479.64,480.06,480.16,-1.2,-0.52,75190,3606544.76,142763,-530.0,52,0.545210644623305,0.4162380752454925,8,AU2406.SHF,479.64,480.36,141423,0.6800000000000068,AU2403.SHF,478.74,479.08,21,0.21999999999997044,AU2502.SHF,482.72,483.28,360,3.980000000000018,0.008951102346708286,0.008914099837211885,84265.0,45687.0,-54.0,158.0,39.0,54189.0,21317.0,0.29686345727653285,0.6430783836705631,0.4665878696346882,3102.0,0.0,1.0
2024-02-26,AU2406.SHF,480.92,482.46,480.38,482.3,481.64,479.64,480.36,1.94,1.28,39671,1910767.77,146878,5455.0,112,0.26905625826579405,0.4248651306749975,8,AU2404.SHF,481.54,480.9,137700,-0.7599999999999909,AU2403.SHF,479.64,479.3,18,2.660000000000025,AU2502.SHF,484.9,484.52,357,5.259999999999991,0.011807651215304372,0.011743376059076938,83940.0,42348.0,4476.0,1568.0,42.0,53784.0,16746.0,0.3293424553401748,0.6407433881343817,0.3954378010767923,3102.0,0.0,1.0
2024-02-27,AU2406.SHF,481.82,482.5,481.0,482.2,482.0,482.3,481.64,0.56,0.36,44351,2137719.82,156590,9712.0,111,0.29350142280457947,0.4524728672314752,8,AU2404.SHF,481.42,481.1,123074,-0.7799999999999727,AU2403.SHF,480.5,479.9,17,1.6999999999999886,AU2502.SHF,484.92,484.88,356,4.420000000000016,0.009904260250046733,0.009858984279743091,92971.0,47226.0,9331.0,5408.0,40.0,59931.0,20007.0,0.3262908621439831,0.6446203654903142,0.42364375555837885,3102.0,0.0,1.0
2024-02-28,AU2406.SHF,483.0,483.06,481.92,482.06,482.32,482.2,482.0,0.06,0.32,42390,2044559.424,166128,9538.0,110,0.2847374289667773,0.5242466605025734,8,AU2404.SHF,481.28,481.66,83882,-0.7800000000000296,AU2403.SHF,479.6,480.18,16,2.4599999999999795,AU2502.SHF,484.9,485.16,355,5.2999999999999545,0.011898435520258897,0.011833171827878367,99869.0,51180.0,6898.0,4208.0,39.0,63474.0,21571.0,0.32233910850121483,0.635572600106139,0.421473231731145,3102.0,0.0,1.0
2024-02-29,AU2406.SHF,481.98,482.98,481.86,482.6,482.5,482.06,482.32,0.28,0.18,45586,2199576.602,175971,9843.0,109,0.37757071271793596,0.5516280411156008,8,AU2404.SHF,481.82,481.74,75837,-0.7800000000000296,AU2403.SHF,481.7,480.12,15,0.9000000000000341,AU2502.SHF,485.3,485.24,354,3.6000000000000227,0.00804672243033065,0.00801680269284167,105099.0,55917.0,5307.0,5780.0,42.0,67025.0,25886.0,0.30544790579818154,0.6377320431212475,0.46293613748949336,3102.0,0.0,1.0
2024-03-01,AU2406.SHF,481.8,484.84,481.6,484.62,483.92,482.6,482.5,2.12,1.42,79973,3870055.6,188723,12752.0,108,0.39412263323378377,0.5651742932438908,8,AU2404.SHF,483.8,483.08,73095,-0.8199999999999932,AU2403.SHF,483.94,483.94,14,0.6800000000000068,AU2502.SHF,486.98,486.6,353,3.0400000000000205,0.00676355817287874,0.00674240316061791,112765.0,61604.0,7666.0,6120.0,40.0,72037.0,28085.0,0.29340651147853114,0.6388241032235179,0.4558957210570742,3102.0,0.0,1.0
2024-03-04,AU2406.SHF,485.7,491.6,484.3,490.8,488.76,484.62,483.92,6.88,4.84,142439,6962083.96,201728,13005.0,105,0.4422225533843737,0.572073528327463,8,AU2404.SHF,490.1,487.76,71784,-0.6999999999999886,AU2403.SHF,485.56,486.4,11,5.240000000000009,AU2502.SHF,493.12,491.08,350,7.560000000000002,0.016763784102581652,0.016634619932991222,120277.0,70205.0,8165.0,9179.0,39.0,76095.0,30912.0,0.2628699824655348,0.6326645992168078,0.4403105191937896,3102.0,0.0,1.0
2024-03-05,AU2406.SHF,490.44,498.24,490.44,497.36,495.48,490.8,488.76,8.6,6.72,223914,11094935.63,217027,15299.0,104,0.523290706152897,0.5950461034812721,8,AU2408.SHF,498.18,496.42,57119,0.8199999999999932,AU2403.SHF,493.2,493.2,10,4.160000000000025,AU2502.SHF,500.5,498.72,349,7.300000000000011,0.01593650041747709,0.015819710987482014,129552.0,75614.0,11069.0,5644.0,36.0,75024.0,32829.0,0.26289931080198475,0.5791033716191182,0.43416563070330894,3102.0,0.0,1.0
2024-03-06,AU2406.SHF,498.64,502.56,498.1,500.7,499.7,497.36,495.48,5.22,4.22,230223,11504359.15,226577,9550.0,103,0.5864971378640084,0.6115290046935432,8,AU2408.SHF,501.56,500.52,56329,0.8600000000000136,AU2403.SHF,495.06,495.06,9,5.639999999999986,AU2502.SHF,504.1,503.32,348,9.04000000000002,0.019660916521903066,0.019483564060948633,135124.0,81057.0,6072.0,5703.0,38.0,76787.0,35471.0,0.25010061013687607,0.5682706254995412,0.4376056355404222,3102.0,0.0,1.0
2024-03-07,AU2406.SHF,501.9,507.0,500.6,505.88,503.2,500.7,499.7,6.18,3.5,242473,12201325.29,232372,5795.0,102,0.6569908905182271,0.6130378578024007,8,AU2408.SHF,506.62,504.16,58543,0.7400000000000091,AU2403.SHF,499.0,499.24,8,6.8799999999999955,AU2502.SHF,509.06,506.98,347,10.060000000000002,0.021706539923504856,0.021490631552284225,136425.0,84433.0,1984.0,3376.0,39.0,77174.0,36548.0,0.23540917693721758,0.5656881070185084,0.43286392761124204,3081.0,-21.0,1.0
2024-03-08,AU2406.SHF,506.12,507.54,503.3,506.28,505.4,505.88,503.2,3.08,2.2,188923,9548373.95,230787,-1585.0,101,0.6604914101120846,0.6126790288968236,8,AU2408.SHF,507.08,506.22,59355,0.8000000000000114,AU2403.SHF,505.16,503.78,7,1.1199999999999477,AU2502.SHF,509.4,508.82,346,4.239999999999952,0.00903712039831536,0.008999405295269535,136300.0,84625.0,402.0,192.0,38.0,76783.0,35394.0,0.2339029082267738,0.5633382245047689,0.41824519940915805,3081.0,0.0,1.0
2024-03-11,AU2406.SHF,507.0,511.66,505.06,508.3,508.48,506.28,505.4,2.9,3.08,304482,15482772.35,233524,2737.0,98,0.6873136299302713,0.6152622038613945,8,AU2408.SHF,509.1,509.26,60881,0.8000000000000114,AU2403.SHF,503.78,503.78,4,4.520000000000039,AU2502.SHF,511.46,511.64,343,7.680000000000007,0.016413963533035404,0.01629010733516918,136895.0,86613.0,675.0,1988.0,37.0,77024.0,37247.0,0.22496733897668092,0.5626502063625406,0.4300393705332918,3081.0,0.0,1.0
2024-03-12,AU2406.SHF,507.4,509.26,506.22,506.74,508.02,508.3,508.48,-1.74,-0.46,143399,7285149.42,232204,-1320.0,97,0.6339954815348634,0.6164146099957261,8,AU2408.SHF,507.48,508.8,60286,0.7400000000000091,AU2403.SHF,503.78,503.78,3,2.9600000000000364,AU2502.SHF,509.88,511.26,342,6.100000000000023,0.013037132493687102,0.01295883410965057,136598.0,86166.0,-75.0,-447.0,35.0,76290.0,36838.0,0.2263920561670647,0.5585001244527739,0.42752361720400156,3081.0,0.0,1.0
2024-03-13,AU2406.SHF,505.92,506.2,503.94,505.62,504.98,506.74,508.02,-2.4,-3.04,181051,9142768.03,224985,-7219.0,96,0.6895499763867096,0.6083372089250371,8,AU2408.SHF,506.44,505.78,61765,0.8199999999999932,AU2403.SHF,503.78,503.78,2,1.8400000000000318,AU2502.SHF,508.9,508.2,341,5.1200000000000045,0.010942642355356936,0.010887410313851813,136611.0,82701.0,79.0,-3465.0,38.0,77405.0,35820.0,0.24581418253447143,0.56660883823411,0.43312656437044295,3081.0,0.0,1.0
2024-03-14,AU2406.SHF,506.3,509.86,505.94,506.34,507.62,505.62,504.98,1.36,2.64,165628,8407636.97,226692,1707.0,95,0.7067759651451078,0.6106790441067528,8,AU2408.SHF,507.2,508.32,62603,0.8600000000000136,AU2403.SHF,503.78,503.78,1,2.5600000000000023,AU2502.SHF,509.8,510.76,340,6.020000000000039,0.012866153706884619,0.01278988759036592,138439.0,83194.0,1957.0,687.0,37.0,77893.0,37105.0,0.24926342196333579,0.5626521428210258,0.4460057215664591,3081.0,0.0,1.0
2024-03-15,AU2406.SHF,505.08,508.4,504.74,508.16,506.4,506.34,507.62,0.54,-1.22,136994,6937547.74,231111,4419.0,94,0.6672088991058035,0.614047766444458,8,AU2408.SHF,508.9,507.2,63865,0.7399999999999523,AU2404.SHF,507.36,505.82,31,0.8000000000000114,AU2502.SHF,511.52,510.0,339,4.159999999999968,0.00971671028435446,0.009677091559562742,141175.0,84176.0,2768.0,982.0,39.0,80615.0,37563.0,0.25293431136316236,0.5710288648840092,0.4462435848697966,3081.0,0.0,1.0
2024-03-18,AU2406.SHF,506.46,508.16,503.36,504.04,505.92,508.16,506.4,-2.36,-0.48,161567,8174068.95,224743,-6368.0,91,0.6097144021616073,0.5991181559115277,8,AU2408.SHF,504.86,506.62,64821,0.8199999999999932,AU2404.SHF,503.04,504.68,28,1.0,AU2504.SHF,508.76,510.56,393,5.71999999999997,0.011370865139949116,0.011306702782496713,137247.0,81062.0,-3621.0,-3067.0,39.0,77263.0,35934.0,0.2573645612411765,0.5629485526095288,0.4432903209888727,3081.0,0.0,1.0
2024-03-19,AU2406.SHF,506.2,506.78,504.28,505.22,505.66,504.04,505.92,-0.7,-0.26,126762,6410048.11,223609,-1134.0,90,0.6120958980178179,0.5897359481812812,8,AU2408.SHF,506.02,506.46,66251,0.7999999999999545,AU2404.SHF,504.36,504.64,27,0.8600000000000136,AU2504.SHF,509.94,510.76,392,5.579999999999984,0.01106352605281935,0.011002772933564175,137650.0,80426.0,499.0,-636.0,37.0,77266.0,35909.0,0.26240393257396505,0.5613221939702143,0.4464849675478079,3057.0,-24.0,1.0
2024-03-20,AU2406.SHF,505.38,506.32,504.44,505.74,505.5,505.22,505.66,0.08,-0.16,92479,4674917.4,224869,1260.0,89,0.6985029759207226,0.5920347318758161,8,AU2408.SHF,506.52,506.34,66820,0.7799999999999727,AU2404.SHF,504.84,504.74,26,0.9000000000000341,AU2504.SHF,510.04,510.32,391,5.2000000000000455,0.010300293162190055,0.010247606624911415,139960.0,80797.0,2585.0,371.0,36.0,78238.0,36255.0,0.26800056170359265,0.5590025721634753,0.448717155339926,3045.0,-12.0,1.0
2024-03-21,AU2406.SHF,505.24,516.0,504.9,515.7,510.76,505.74,505.5,10.2,5.26,238295,12171548.22,234834,9965.0,88,0.7016828374140546,0.5996736490782757,8,AU2408.SHF,516.52,511.96,68931,0.8199999999999363,AU2404.SHF,514.74,509.72,25,0.9600000000000364,AU2504.SHF,520.06,518.56,390,5.319999999999936,0.010335314916268379,0.010282270721636046,144336.0,83773.0,4409.0,2976.0,38.0,80858.0,37157.0,0.2655002652240815,0.5602067398292873,0.4435438625810225,3045.0,0.0,1.0
2024-03-22,AU2406.SHF,515.5,515.94,508.82,512.48,511.76,515.7,510.76,1.72,1.0,253868,12992005.52,228361,-6473.0,87,0.7022336555882882,0.5948341655661397,8,AU2408.SHF,513.36,512.9,68445,0.8799999999999955,AU2404.SHF,511.42,510.84,24,1.0600000000000023,AU2504.SHF,517.22,516.72,389,5.800000000000011,0.011340972195064802,0.011277145487844328,141366.0,82217.0,-2970.0,-1556.0,37.0,79190.0,36976.0,0.2645505248610136,0.5601771288711571,0.4497366724643322,3045.0,0.0,1.0
2024-03-25,AU2406.SHF,513.54,516.66,511.56,513.42,514.04,512.48,511.76,1.66,2.28,230031,11824632.06,232983,4622.0,84,0.6364151966534606,0.5846426017239432,8,AU2408.SHF,514.42,515.04,72726,1.0,AU2404.SHF,512.3,512.96,21,1.1200000000000045,AU2504.SHF,518.18,518.9,386,5.8799999999999955,0.011477649814561675,0.011412281301028688,143334.0,84238.0,1968.0,2021.0,37.0,80731.0,38496.0,0.2596804527797796,0.5632369151771387,0.4569909067166837,3045.0,0.0,1.0
2024-03-26,AU2406.SHF,514.56,515.54,513.42,514.2,514.5,513.42,514.04,0.16,0.46,127396,6554572.58,226697,-6286.0,83,0.6561156118186922,0.5798366614062056,8,AU2408.SHF,515.2,515.46,72090,1.0,AU2404.SHF,513.26,513.36,20,0.9400000000000546,AU2504.SHF,518.92,519.52,385,5.659999999999968,0.011027549390172586,0.01096718931115718,138923.0,80711.0,-4355.0,-3527.0,39.0,76442.0,35532.0,0.2650409317318812,0.5502472592731226,0.4402373901946451,3045.0,0.0,1.0
2024-03-27,AU2406.SHF,517.02,519.24,514.34,516.42,516.54,514.2,514.5,1.92,2.04,231783,11972705.81,222000,-4697.0,82,0.6598635195112439,0.5699000364530654,8,AU2408.SHF,517.44,517.54,77463,1.0200000000000955,AU2404.SHF,515.42,515.46,19,1.0,AU2504.SHF,520.92,521.26,384,5.5,0.010670909161460518,0.010614376822328337,133029.0,79086.0,-5894.0,-1625.0,38.0,69851.0,34815.0,0.2543101619404568,0.5250809973765119,0.44021697898490253,3045.0,0.0,1.0
2024-03-28,AU2406.SHF,518.0,520.0,516.54,520.0,518.04,516.42,516.54,3.46,1.5,199172,10318214.5,229199,7199.0,81,0.6504998644601431,0.5845079222590871,8,AU2408.SHF,520.8,518.92,75747,0.7999999999999545,AU2404.SHF,518.98,517.3,18,1.0199999999999818,AU2504.SHF,524.4,522.66,383,5.419999999999959,0.010443562372345783,0.01038940511164529,138079.0,83727.0,5050.0,4641.0,37.0,72930.0,37366.0,0.24504296547433344,0.5281758993040216,0.44628375553883454,3105.0,60.0,1.0
2024-03-29,AU2406.SHF,523.12,532.54,519.6,531.3,525.16,520.0,518.04,13.26,7.12,324507,17041954.41,235163,5964.0,80,0.6665934011758085,0.5858102991291178,8,AU2408.SHF,532.2,525.98,78405,0.900000000000091,AU2404.SHF,528.64,524.88,17,2.659999999999968,AU2504.SHF,536.08,529.56,382,7.440000000000055,0.014073849878934785,0.013975732772356886,138458.0,85264.0,379.0,1781.0,36.0,73686.0,38499.0,0.23776830173161334,0.5321902670846033,0.4515270219553387,3105.0,0.0,1.0
2024-04-01,AU2406.SHF,530.2,535.16,528.22,534.04,532.34,531.3,525.16,8.88,7.18,254438,13544888.17,232639,-2524.0,77,0.7119138220481254,0.5779894011632385,8,AU2408.SHF,534.94,533.7,80172,0.900000000000091,AU2404.SHF,533.0,532.64,14,1.0399999999999636,AU2504.SHF,538.68,538.24,379,5.67999999999995,0.010656660412757812,0.010600278415996362,137196.0,85838.0,-1262.0,606.0,39.0,71498.0,37971.0,0.23026982433171625,0.5211376424968658,0.4423565320720427,3105.0,0.0,1.0
2024-04-02,AU2406.SHF,532.92,534.92,528.26,534.74,531.58,534.04,532.34,2.4,-0.76,319259,16971276.31,226252,-6387.0,76,0.7318291430562432,0.5662259528153382,8,AU2408.SHF,535.76,532.86,82268,1.0199999999999818,AU2404.SHF,533.46,531.6,13,1.2799999999999727,AU2504.SHF,539.58,536.42,378,6.1200000000000045,0.011472275334607929,0.01140696779337638,133654.0,82664.0,-3030.0,-3055.0,38.0,69719.0,36001.0,0.23571778585231,0.5216379607045056,0.4355100164521436,3105.0,0.0,1.0
2024-04-03,AU2406.SHF,534.96,541.8,533.74,541.52,537.58,534.74,531.58,9.94,6.0,381323,20499687.2,221474,-4778.0,75,0.7208565065994185,0.5552814341231039,8,AU2408.SHF,542.46,538.42,83385,0.9400000000000546,AU2404.SHF,541.06,539.1,12,0.4600000000000364,AU2504.SHF,546.3,542.58,377,5.240000000000009,0.009684693010017398,0.009638096974646883,128954.0,81872.0,-4585.0,-792.0,39.0,67087.0,36768.0,0.22332160169998008,0.5202397754237945,0.44909126441274183,3105.0,0.0,1.0
2024-04-08,AU2406.SHF,545.58,560.78,543.28,554.74,553.32,541.52,537.58,17.16,15.74,388087,21474162.95,218577,-2897.0,70,0.6916107532055566,0.5410000396016078,8,AU2408.SHF,555.84,553.8,88475,1.1000000000000227,AU2404.SHF,553.52,552.62,7,1.2200000000000273,AU2504.SHF,559.78,559.36,372,6.259999999999991,0.011309437780026022,0.011245964207198086,127869.0,81025.0,-1078.0,-508.0,38.0,67287.0,37690.0,0.2242477045774412,0.526218238978955,0.46516507250848504,3105.0,0.0,1.0
2024-04-09,AU2406.SHF,553.8,559.2,550.96,556.92,555.38,554.74,553.32,3.6,2.06,367778,20425748.18,211408,-7169.0,69,0.7132968582417092,0.5268485729024669,8,AU2408.SHF,557.96,556.44,89336,1.0400000000000773,AU2404.SHF,556.2,556.7,6,0.7199999999999136,AU2504.SHF,562.2,559.6,371,6.0,0.010787486515641875,0.010729716672567054,122263.0,78886.0,-5606.0,-2139.0,40.0,65387.0,36323.0,0.21564611308035336,0.5348061146871907,0.4604492558882438,3105.0,0.0,1.0
2024-04-10,AU2406.SHF,558.02,560.88,555.14,558.78,558.4,556.92,555.38,3.4,3.02,414953,23171587.88,203451,-7957.0,68,0.6922321091948845,0.5030698359869343,8,AU2408.SHF,559.88,559.72,92124,1.1000000000000227,AU2404.SHF,557.7,558.1,5,1.0799999999999272,AU2504.SHF,564.3,564.04,370,6.599999999999909,0.011834319526627057,0.011764841579586209,119060.0,77298.0,-3090.0,-1588.0,39.0,64353.0,35425.0,0.21268295664042208,0.5405089870653452,0.4582912882610158,3105.0,0.0,1.0
2024-04-11,AU2406.SHF,556.34,558.64,552.14,555.22,555.54,558.78,558.4,-3.18,-2.86,455540,25307956.9,195800,-7651.0,67,0.6936308806892152,0.49305120127719904,8,AU2408.SHF,556.26,556.56,91656,1.0399999999999636,AU2404.SHF,555.5,557.56,4,-0.2799999999999727,AU2504.SHF,560.62,560.96,369,5.1200000000000045,0.009216921692169144,0.009174705075990431,115594.0,75580.0,-3466.0,-1718.0,38.0,62632.0,34725.0,0.20930670488664777,0.5418274304894718,0.4594469436358825,3105.0,0.0,1.0
2024-04-12,AU2406.SHF,556.2,570.56,555.3,570.5,562.32,555.22,555.54,14.96,6.78,367618,20672484.23,201747,5947.0,66,0.6583805991399921,0.4900363858945149,8,AU2408.SHF,571.74,563.94,97674,1.240000000000009,AU2404.SHF,565.46,560.46,3,5.039999999999964,AU2504.SHF,575.68,570.74,368,10.219999999999914,0.018073780638771852,0.01791239157158805,118295.0,76829.0,2701.0,1599.0,37.0,62962.0,35504.0,0.21251101863430433,0.5322456570438311,0.4621171692980515,3105.0,0.0,1.0
2024-04-15,AU2406.SHF,570.42,588.28,559.5,563.88,571.74,570.5,562.32,1.56,9.42,838531,47942429.44,182620,-19127.0,63,0.7122818850095902,0.4620881261924161,8,AU2408.SHF,565.02,572.74,97848,1.1399999999999864,AU2405.SHF,563.14,569.5,30,0.7400000000000091,AU2504.SHF,569.18,576.68,365,6.039999999999964,0.011686073662655906,0.01162384827598576,106013.0,72745.0,-12027.0,-3907.0,37.0,56587.0,33427.0,0.18610635607916848,0.533774159772858,0.45950924462162346,3105.0,0.0,1.0
2024-04-16,AU2406.SHF,563.96,571.5,555.5,567.0,563.28,563.88,571.74,-4.74,-8.46,537914,30299852.01,177218,-5402.0,62,0.6884611840353859,0.4505099498693349,8,AU2408.SHF,568.08,564.76,98758,1.080000000000041,AU2405.SHF,566.08,562.58,29,0.9199999999999591,AU2504.SHF,572.5,569.12,364,6.419999999999959,0.012356778853049477,0.012287234109837486,101738.0,69032.0,-4030.0,-3713.0,37.0,52996.0,31574.0,0.19152075891550038,0.5209066425524386,0.4573820836713408,3105.0,0.0,1.0
2024-04-17,AU2406.SHF,567.02,572.96,564.44,567.78,568.3,567.0,563.28,4.5,5.02,487229,27689565.61,176633,-585.0,61,0.7065016907470028,0.4408947042613523,8,AU2408.SHF,568.98,569.1,101017,1.2000000000000455,AU2405.SHF,565.02,566.34,28,2.759999999999991,AU2504.SHF,573.56,573.48,363,8.539999999999964,0.016468047360098582,0.0163448341204065,99423.0,66121.0,-2315.0,-2911.0,38.0,51395.0,30488.0,0.20116706132508577,0.5169327016887441,0.461094054838856,3096.0,-9.0,1.0
2024-04-18,AU2406.SHF,568.2,570.96,558.82,565.52,565.72,567.78,568.3,-2.78,-2.58,387539,21924092.25,166054,-10579.0,60,0.696491474005061,0.4274399268955043,8,AU2408.SHF,566.56,566.5,97657,1.0399999999999636,AU2405.SHF,563.22,562.0,27,2.2999999999999545,AU2504.SHF,571.14,570.42,362,7.919999999999959,0.015321284278511555,0.015214559667834027,92079.0,61842.0,-7252.0,-4189.0,37.0,46365.0,29082.0,0.19644492954177792,0.5035350079822761,0.4702629281071117,3078.0,-18.0,1.0
2024-04-19,AU2406.SHF,566.56,576.12,562.06,568.3,567.7,565.52,565.72,2.58,1.98,451771,25647589.47,161989,-4065.0,59,0.6609796528683062,0.40949848197199545,8,AU2408.SHF,569.42,568.88,102353,1.1200000000000045,AU2405.SHF,563.68,565.04,26,4.6200000000000045,AU2504.SHF,574.3,573.46,361,10.620000000000005,0.020527683749856966,0.020336703123053725,90898.0,59948.0,198.0,-1194.0,37.0,46406.0,28837.0,0.20517613990427322,0.510528284450703,0.48103356242076467,3078.0,0.0,1.0
2024-04-22,AU2406.SHF,566.48,570.36,557.52,558.42,564.84,568.3,567.7,-9.28,-2.86,235816,13320257.72,163006,1017.0,56,0.5518409832306015,0.40460990091145577,8,AU2408.SHF,559.44,565.32,104450,1.0200000000000955,AU2405.SHF,556.16,560.58,23,2.259999999999991,AU2504.SHF,564.12,570.46,358,7.960000000000036,0.01559413805540775,0.015483596562028247,92018.0,63273.0,1671.0,3984.0,35.0,49727.0,30936.0,0.18510409489281412,0.5404051381251495,0.48892892703048696,3078.0,0.0,1.0
2024-04-23,AU2406.SHF,553.9,556.18,543.72,544.84,550.62,558.42,564.84,-20.0,-14.22,241289,13286052.15,149695,-13311.0,55,0.48862324680952746,0.3786803674106454,8,AU2408.SHF,545.94,551.1,104346,1.1000000000000227,AU2405.SHF,545.7,550.76,22,-0.8600000000000136,AU2504.SHF,550.78,554.76,357,5.079999999999927,0.01014279892456349,0.010095879497280049,84674.0,55482.0,-6310.0,-6964.0,35.0,45061.0,27542.0,0.20828219983447016,0.5321704419302266,0.49641325114451534,3078.0,0.0,1.0
2024-04-24,AU2406.SHF,546.8,552.34,546.02,551.0,549.84,544.84,550.62,0.38,-0.78,194167,10676407.77,147224,-2471.0,54,0.4783593084044917,0.3585861538161766,8,AU2408.SHF,552.32,551.16,113519,1.32000000000005,AU2405.SHF,547.64,547.88,21,3.3600000000000136,AU2504.SHF,557.6,556.14,356,9.960000000000036,0.019815828461229125,0.019637787398438872,85526.0,55432.0,852.0,453.0,34.0,45095.0,27516.0,0.2134962187318208,0.5272665622149989,0.49639197575407706,3078.0,0.0,1.0
2024-04-25,AU2406.SHF,550.64,554.5,546.5,550.28,550.58,551.0,549.84,0.44,0.74,168167,9259009.17,134439,-12785.0,53,0.4704590533580639,0.32852178757844114,8,AU2408.SHF,552.2,551.84,119661,1.9200000000000728,AU2405.SHF,546.62,547.2,20,3.659999999999968,AU2504.SHF,557.96,557.06,355,11.340000000000032,0.022603494910650373,0.0223722256375287,76611.0,50672.0,-8204.0,-4615.0,34.0,37811.0,25225.0,0.2037899798087726,0.493545313336205,0.49780944111146197,3078.0,0.0,1.0
2024-04-26,AU2406.SHF,552.0,555.2,547.78,554.58,551.58,550.28,550.58,4.0,1.0,167016,9212319.5,128613,-5826.0,52,0.45338950843169407,0.3099056160498498,8,AU2408.SHF,556.4,553.36,127548,1.8199999999999363,AU2405.SHF,550.46,548.3,19,4.1200000000000045,AU2504.SHF,562.24,559.08,354,11.779999999999973,0.02331672668883177,0.023070737710313254,71454.0,50299.0,-5024.0,133.0,34.0,36709.0,26172.0,0.1737534188069288,0.5137431074537465,0.520328435953001,3078.0,0.0,1.0
2024-04-29,AU2408.SHF,557.28,559.0,552.26,553.42,555.02,556.4,553.36,0.06,1.66,119081,6609265.81,130452,2904.0,108,0.4012730912056288,0.31998940334971887,8,AU2406.SHF,551.46,553.26,117838,-1.9599999999999227,AU2405.SHF,550.28,552.42,16,3.1399999999999864,AU2504.SHF,559.18,560.78,351,8.899999999999977,0.017621965045745966,0.01748097802225402,69499.0,32771.0,1259.0,-714.0,39.0,43897.0,15566.0,0.3591277989635279,0.6316205988575375,0.4749931341735071,3078.0,0.0,1.0
2024-04-30,AU2408.SHF,553.42,555.36,549.96,551.72,552.8,553.42,555.02,-3.3,-2.22,102986,5693067.37,137452,7000.0,107,0.4585511376285676,0.33823931098123655,8,AU2406.SHF,549.5,551.16,109406,-2.2200000000000273,AU2405.SHF,549.28,549.54,15,2.4400000000000546,AU2504.SHF,557.6,559.08,350,8.32000000000005,0.01650355852546195,0.016379815982030733,72472.0,34499.0,3369.0,2094.0,37.0,45689.0,16038.0,0.35498406110067215,0.6304365824042388,0.4648830400881185,3078.0,0.0,1.0
2024-05-06,AU2408.SHF,542.56,548.46,542.2,548.32,546.28,551.72,552.8,-4.48,-6.52,88686,4844829.3,145249,7797.0,101,0.49997744954335327,0.35572867939869807,8,AU2406.SHF,546.6,544.32,99983,-1.7200000000000273,AU2405.SHF,543.1,543.08,9,5.220000000000027,AU2504.SHF,554.28,552.02,344,11.17999999999995,0.022429007604217926,0.022201271206704138,75954.0,38687.0,4193.0,4782.0,35.0,45743.0,18547.0,0.32507567100775464,0.6022460963214578,0.47941168868095224,3078.0,0.0,1.0
2024-05-07,AU2408.SHF,549.6,552.12,548.86,549.82,550.28,548.32,546.28,3.54,4.0,134427,7397260.85,152555,7306.0,100,0.5484577723378213,0.37219430077095733,8,AU2406.SHF,547.9,548.4,89830,-1.9200000000000728,AU2405.SHF,549.0,549.84,8,0.82000000000005,AU2504.SHF,556.12,556.56,343,7.1200000000000045,0.01413044069271127,0.014039596206004019,79756.0,42859.0,4724.0,4647.0,36.0,46772.0,21103.0,0.30091750601476164,0.5864386378454286,0.49238199678013955,3078.0,0.0,1.0
2024-05-08,AU2408.SHF,548.96,550.98,547.1,549.0,549.32,549.82,550.28,-1.28,-0.96,139701,7674235.09,158101,5546.0,99,0.609111758345251,0.38608397090102786,8,AU2406.SHF,547.0,547.32,82071,-2.0,AU2405.SHF,546.02,552.58,7,2.980000000000018,AU2504.SHF,555.28,555.36,342,9.259999999999991,0.018477809844590482,0.01832287570459601,83717.0,46360.0,4340.0,3501.0,37.0,48074.0,22649.0,0.28719143276674586,0.5742441797962182,0.4885461604831752,3228.0,150.0,1.0
2024-05-09,AU2408.SHF,549.3,550.24,547.52,548.1,548.82,549.0,549.32,-1.22,-0.5,132501,7272181.82,161484,3383.0,98,0.6130332192097715,0.3999960367983275,8,AU2410.SHF,549.8,550.38,73736,1.6999999999999318,AU2405.SHF,543.6,543.6,6,4.5,AU2504.SHF,554.64,555.1,341,11.039999999999964,0.02212777173733976,0.021906071374313135,85315.0,47459.0,2554.0,1099.0,38.0,48156.0,23269.0,0.2851160618795849,0.5644493934243685,0.49029688784003034,3228.0,0.0,1.0
2024-05-10,AU2408.SHF,550.04,561.58,548.44,561.4,554.02,548.1,548.82,12.58,5.2,221130,12251176.07,175824,14340.0,97,0.6327038626609442,0.4181387517479524,8,AU2410.SHF,563.16,556.7,76927,1.759999999999991,AU2405.SHF,551.0,551.0,5,10.399999999999977,AU2504.SHF,567.9,557.48,340,16.899999999999977,0.033418208413467966,0.03291595901976832,96813.0,51869.0,13146.0,4683.0,36.0,53156.0,24996.0,0.3022827242033333,0.5490584942104882,0.48190634097437773,6117.0,2889.0,1.0
2024-05-13,AU2408.SHF,560.14,562.36,557.06,557.62,559.6,561.4,554.02,3.6,5.58,218976,12254117.83,176328,504.0,94,0.656101967622763,0.4216960826517434,8,AU2410.SHF,559.6,561.36,77658,1.9800000000000182,AU2405.SHF,551.0,551.0,2,6.6200000000000045,AU2504.SHF,564.62,566.06,337,13.620000000000005,0.026932307608960763,0.026604827498154234,94247.0,50723.0,-2566.0,-1146.0,35.0,50943.0,24477.0,0.3002276333034421,0.5405264889068087,0.48256215129231317,6117.0,0.0,1.0
2024-05-14,AU2408.SHF,557.24,557.9,554.38,554.62,556.06,557.62,559.6,-4.98,-3.54,150091,8346104.2,174412,-1916.0,93,0.662065892960331,0.4207139101027108,8,AU2410.SHF,556.78,558.18,78969,2.159999999999968,AU2405.SHF,551.0,551.0,1,3.6200000000000045,AU2504.SHF,562.46,563.66,336,11.460000000000036,0.022661104640138815,0.022428663042993117,92390.0,48707.0,-1857.0,-1583.0,35.0,48993.0,23653.0,0.309595526481782,0.5302846628422989,0.4856180836430082,7194.0,1077.0,1.0
2024-05-15,AU2408.SHF,556.98,559.9,556.14,559.02,558.18,554.62,556.06,2.96,2.12,155143,8659772.97,179472,5060.0,92,0.6341089580361559,0.4290283561467004,8,AU2410.SHF,560.9,560.28,81381,1.8799999999999955,AU2406.SHF,556.42,555.76,33,2.6000000000000227,AU2504.SHF,566.52,565.6,335,10.100000000000023,0.02193838043633253,0.021741647505482676,95967.0,49952.0,3694.0,1316.0,36.0,51991.0,24243.0,0.3153461852123438,0.5417591463732324,0.4853259128763613,7368.0,174.0,1.0
2024-05-16,AU2408.SHF,561.5,567.16,557.38,564.42,562.88,559.02,558.18,6.24,4.7,244803,13779556.3,184417,4945.0,91,0.680937055817796,0.4382064655633309,8,AU2410.SHF,566.32,565.12,81009,1.900000000000091,AU2406.SHF,561.5,560.5,32,2.919999999999959,AU2506.SHF,574.06,573.12,396,12.559999999999945,0.02243010773732048,0.022182921422137444,98503.0,51099.0,2776.0,1334.0,35.0,52735.0,25106.0,0.3168674215585353,0.5353644051450209,0.49132076948668274,7308.0,-60.0,1.0
2024-05-17,AU2408.SHF,563.16,564.96,561.32,564.86,563.0,564.42,562.88,1.98,0.12,143240,8064680.91,184510,93.0,90,0.6999267041290007,0.44158790713036067,8,AU2410.SHF,566.96,565.0,81486,2.1000000000000227,AU2406.SHF,562.18,560.28,31,2.6800000000000637,AU2506.SHF,574.24,572.84,395,12.06000000000006,0.02151113854660764,0.021283655473149646,99833.0,50803.0,1330.0,-230.0,36.0,53183.0,24968.0,0.3254866034679625,0.532719641801809,0.49146703934807,7308.0,0.0,1.0
2024-05-20,AU2408.SHF,566.86,582.44,566.4,578.84,574.5,564.86,563.0,15.84,11.5,352510,20252311.86,201747,17237.0,87,0.6869866017052375,0.4633494866907053,8,AU2410.SHF,581.1,576.58,84541,2.259999999999991,AU2406.SHF,576.12,572.52,28,2.7200000000000273,AU2506.SHF,589.9,586.06,392,13.779999999999973,0.02398433858025614,0.023701995652570942,109861.0,53760.0,10028.0,3250.0,36.0,59115.0,26968.0,0.34287163628140643,0.5380890397866395,0.5016369047619048,7332.0,24.0,1.0
2024-05-21,AU2408.SHF,572.92,581.22,571.0,572.22,575.42,578.84,574.5,-2.28,0.92,288222,16585422.55,195252,-6495.0,86,0.6906217277643727,0.4601537993820687,8,AU2410.SHF,574.2,577.44,84494,1.9800000000000182,AU2406.SHF,569.3,572.56,27,2.9200000000000728,AU2506.SHF,584.76,586.98,391,15.460000000000036,0.027230761509700656,0.02686758049595699,105502.0,49265.0,-4086.0,-4394.0,36.0,56186.0,24509.0,0.3633655753487501,0.5325586244810525,0.49749314929463107,7590.0,258.0,1.0
2024-05-22,AU2408.SHF,575.52,577.66,571.82,573.32,574.7,572.22,575.42,-2.1,-0.72,193737,11134223.5,194102,-1150.0,85,0.6887520575071013,0.4604920405209841,8,AU2410.SHF,575.46,576.8,86380,2.1399999999999864,AU2406.SHF,570.16,571.56,26,3.160000000000082,AU2506.SHF,584.54,586.7,390,14.379999999999995,0.025290279034841972,0.02497661902965465,105221.0,50148.0,-188.0,956.0,37.0,55456.0,24719.0,0.3544658200799387,0.5270430807538419,0.49292095397623037,7689.0,99.0,1.0
2024-05-23,AU2408.SHF,572.16,572.76,556.88,559.72,564.2,573.32,574.7,-14.98,-10.5,298603,16847696.19,182550,-11552.0,84,0.6872573276407701,0.4489096328064291,8,AU2410.SHF,562.16,566.42,86133,2.439999999999941,AU2406.SHF,556.78,559.88,25,2.9400000000000546,AU2506.SHF,571.58,575.4,389,14.800000000000068,0.026654440426487052,0.026306339267936588,99624.0,47288.0,-4494.0,-2104.0,36.0,53423.0,24005.0,0.35624047048573293,0.5362462860354934,0.5076340720690239,7719.0,30.0,1.0
2024-05-24,AU2408.SHF,559.54,560.9,550.46,554.48,555.14,559.72,564.2,-9.72,-9.06,250531,13908337.18,181506,-1044.0,83,0.709588885899197,0.449871363350204,8,AU2410.SHF,557.0,557.88,87114,2.519999999999982,AU2406.SHF,551.58,551.92,24,2.8999999999999773,AU2506.SHF,566.96,567.14,388,15.379999999999995,0.02796013769036711,0.027577421979046696,96652.0,45170.0,-1756.0,-1739.0,38.0,51881.0,23500.0,0.3630043293706195,0.5367814427016513,0.5202568076156742,7719.0,0.0,1.0
2024-05-27,AU2408.SHF,554.3,557.76,553.44,555.78,555.42,554.48,555.14,0.64,0.28,157096,8725727.17,180776,-730.0,80,0.7021426847473384,0.4520722311276048,8,AU2410.SHF,558.12,557.94,86959,2.340000000000032,AU2406.SHF,552.9,552.92,21,2.8799999999999955,AU2506.SHF,568.16,567.32,385,15.259999999999991,0.027675751631258894,0.027300712323008243,96717.0,43268.0,65.0,-1449.0,36.0,51529.0,22389.0,0.381819480658642,0.5327812070266861,0.5174493852269576,7719.0,0.0,1.0
2024-05-28,AU2408.SHF,557.5,560.38,555.82,555.96,558.58,555.78,555.42,0.54,3.16,162654,9085694.49,180724,-52.0,79,0.6841272912337962,0.45589136746725056,8,AU2410.SHF,558.3,560.9,87084,2.339999999999918,AU2406.SHF,553.18,555.74,20,2.7800000000000864,AU2506.SHF,566.64,569.0,384,13.460000000000036,0.024398890093600748,0.02410678157517772,95656.0,43931.0,-912.0,766.0,36.0,50946.0,22664.0,0.3705574301331786,0.5325959688885172,0.5158999339873893,7719.0,0.0,1.0
2024-05-29,AU2408.SHF,558.5,561.98,557.16,559.7,559.58,555.96,558.58,1.12,1.0,197437,11048369.22,182283,1559.0,78,0.7245766754989247,0.4593999269125597,8,AU2410.SHF,561.94,561.9,87306,2.240000000000009,AU2406.SHF,556.58,556.66,19,3.1200000000000045,AU2506.SHF,570.28,569.98,383,13.699999999999932,0.02468223321469917,0.024383356001628043,97814.0,45712.0,2158.0,1882.0,37.0,52643.0,23056.0,0.36301436673494697,0.5381949414194287,0.504375218760938,7719.0,0.0,1.0
2024-05-30,AU2408.SHF,555.96,558.52,551.54,554.2,555.58,559.7,559.58,-5.38,-4.0,179983,9999539.42,180798,-1485.0,77,0.7113137229329445,0.45839650722337444,8,AU2410.SHF,556.54,557.5,88790,2.339999999999918,AU2406.SHF,551.0,552.12,18,3.2000000000000455,AU2506.SHF,564.84,566.04,382,13.840000000000032,0.02518697273688215,0.024875849059258145,95410.0,44682.0,-2186.0,-767.0,36.0,51678.0,22485.0,0.3621049024926477,0.5416413373860183,0.5032227742715187,7731.0,12.0,1.0
2024-05-31,AU2408.SHF,555.68,557.96,554.36,556.86,556.34,554.2,555.58,1.28,0.76,142963,7953662.98,180458,-340.0,76,0.6949735063924943,0.46082109085523276,8,AU2410.SHF,559.14,558.64,88467,2.2799999999999727,AU2406.SHF,552.82,553.12,17,4.039999999999964,AU2506.SHF,567.42,566.84,381,14.599999999999909,0.026482598115317436,0.026138932520157483,96629.0,44178.0,1291.0,-504.0,36.0,52603.0,22301.0,0.37250278750346216,0.5443810864233305,0.5047987686178641,7731.0,0.0,1.0
2024-06-03,AU2408.SHF,559.24,560.62,548.82,551.56,554.2,556.86,556.34,-4.78,-2.14,219911,12187877.98,177030,-3428.0,73,0.6878366289871573,0.456282878373537,8,AU2410.SHF,553.34,555.94,88939,1.7800000000000864,AU2406.SHF,548.7,550.06,14,2.8599999999999,AU2506.SHF,560.56,564.04,378,11.8599999999999,0.021674106829929513,0.02144318845887976,91672.0,42364.0,-4032.0,-1312.0,37.0,47851.0,21999.0,0.36787131815333196,0.5219805393140763,0.5192852421867623,7731.0,0.0,1.0
2024-06-04,AU2408.SHF,553.98,557.68,552.48,556.24,555.22,551.56,554.2,2.04,1.02,143303,7956740.72,174072,-2958.0,72,0.6876376566106364,0.4511788002571174,8,AU2412.SHF,560.04,559.06,89434,3.7999999999999545,AU2406.SHF,553.58,553.22,13,2.659999999999968,AU2506.SHF,565.26,564.4,377,11.67999999999995,0.021156992507113344,0.02093688714003351,93098.0,40314.0,1426.0,-2007.0,36.0,48432.0,20423.0,0.39564656852457053,0.5202259984102774,0.5065982040978321,7731.0,0.0,1.0
2024-06-05,AU2408.SHF,553.44,555.54,549.4,553.62,552.24,556.24,555.22,-1.6,-2.98,166558,9198028.38,171999,-2073.0,71,0.6974498555336879,0.4456071173197094,8,AU2410.SHF,555.5,554.22,91357,1.8799999999999955,AU2406.SHF,551.46,549.76,12,2.159999999999968,AU2506.SHF,562.2,561.54,376,10.740000000000009,0.019529078255005827,0.01934134185203522,92529.0,39591.0,-569.0,-625.0,37.0,48490.0,19657.0,0.40068119891008175,0.5240519188578716,0.4965017301912051,7905.0,174.0,1.0
2024-06-06,AU2408.SHF,556.0,564.4,554.2,562.14,559.3,553.62,552.24,9.9,7.06,198820,11120225.17,181560,9561.0,70,0.6985061622563555,0.452411565948031,8,AU2410.SHF,563.92,561.36,94976,1.7799999999999727,AU2406.SHF,559.24,558.32,11,2.8999999999999773,AU2506.SHF,570.58,567.1,375,11.340000000000032,0.020333226961865816,0.020129818409209424,99549.0,43043.0,7174.0,3612.0,39.0,51817.0,20492.0,0.3962774910233393,0.5205175340786949,0.47608205747740634,7905.0,0.0,1.0
2024-06-07,AU2408.SHF,560.1,565.62,558.56,562.3,562.42,562.14,559.3,3.0,3.12,187056,10520630.64,183009,1449.0,69,0.667682763593271,0.4560096878605227,8,AU2410.SHF,564.06,564.16,95428,1.759999999999991,AU2406.SHF,560.04,559.44,10,2.259999999999991,AU2506.SHF,571.06,571.26,374,11.019999999999982,0.019731224064843164,0.019539606363119355,98325.0,40072.0,-1224.0,-2857.0,39.0,49817.0,19195.0,0.42091230301234855,0.5066564963132469,0.4790127770013975,7905.0,0.0,1.0
2024-06-11,AU2408.SHF,548.84,548.86,543.9,544.78,545.7,562.3,562.42,-17.64,-16.72,114009,6221528.42,171918,-11091.0,65,0.6300371360993833,0.44368683479751003,8,AU2410.SHF,546.68,547.6,94947,1.8999999999999773,AU2406.SHF,542.4,543.46,6,2.3799999999999955,AU2506.SHF,554.28,555.4,370,11.879999999999995,0.02196282699601293,0.02172576023510973,88766.0,36483.0,-7790.0,-2756.0,37.0,45903.0,19577.0,0.41743247451077453,0.5171236734785841,0.5366060905079078,7905.0,0.0,1.0
2024-06-12,AU2408.SHF,548.08,548.82,545.52,548.04,547.44,544.78,545.7,2.34,1.74,114508,6268787.14,167965,-3953.0,64,0.6735447743635593,0.43528908699821184,8,AU2410.SHF,550.04,549.44,96212,2.0,AU2406.SHF,547.0,544.36,5,1.0399999999999636,AU2506.SHF,557.22,556.84,369,10.220000000000027,0.01873505836028694,0.01856218790331497,86221.0,35715.0,-2545.0,-703.0,40.0,45246.0,18891.0,0.4142008922713555,0.5247677479964278,0.528937421251575,7935.0,30.0,1.0
2024-06-13,AU2408.SHF,552.76,553.7,545.86,548.44,549.8,548.04,547.44,1.0,2.36,172406,9478882.05,166473,-1492.0,63,0.6899275681299772,0.43144821652105625,8,AU2410.SHF,550.3,551.62,96869,1.8599999999999,AU2406.SHF,545.98,548.02,4,2.4600000000000364,AU2506.SHF,558.12,560.44,368,12.139999999999986,0.02229633255494998,0.0220520646019749,85218.0,35912.0,-1003.0,535.0,37.0,44943.0,18861.0,0.407050276562371,0.5273885798774907,0.5252004900868791,8043.0,108.0,1.0
2024-06-14,AU2408.SHF,549.32,549.8,543.52,548.48,546.82,548.44,549.8,-1.32,-2.98,154506,8449003.14,164110,-2363.0,62,0.7132747039678693,0.4267740861713858,8,AU2410.SHF,550.24,548.84,97643,1.759999999999991,AU2406.SHF,545.0,547.48,3,3.480000000000018,AU2506.SHF,557.46,556.52,367,12.460000000000036,0.022925194071983106,0.02266705874885086,83456.0,34403.0,-1762.0,-1506.0,38.0,44036.0,17153.0,0.416200714412985,0.527655291411043,0.4985902392233236,8043.0,0.0,1.0
2024-06-17,AU2408.SHF,552.4,553.44,548.9,549.46,551.5,548.48,546.82,2.64,4.68,151503,8355607.51,162957,-1153.0,59,0.6896594105918663,0.4227115671951523,8,AU2410.SHF,551.3,553.34,99143,1.8399999999999181,AU2407.SHF,548.0,550.56,28,1.4600000000000364,AU2506.SHF,558.9,560.5,364,10.899999999999977,0.02160725147723327,0.021395169507700873,81819.0,33798.0,-1637.0,-439.0,38.0,43933.0,16797.0,0.4153454941747321,0.5369535193536954,0.49698206994496713,8193.0,150.0,1.0
2024-06-18,AU2408.SHF,549.6,551.56,548.12,550.08,550.2,549.46,551.5,-1.42,-1.3,102515,5640409.78,159256,-3701.0,58,0.5974972897991537,0.4141952431110938,8,AU2410.SHF,552.08,552.18,100160,2.0,AU2407.SHF,548.64,549.34,27,1.4400000000000546,AU2506.SHF,560.66,561.12,363,12.019999999999982,0.023799650911691568,0.023542687359126253,81174.0,32867.0,-513.0,-931.0,37.0,43220.0,16932.0,0.42359326908743344,0.5324364944440338,0.5151671889737427,8193.0,0.0,1.0
2024-06-19,AU2408.SHF,548.7,552.92,548.68,552.4,551.34,550.08,550.2,2.2,1.14,112158,6183720.03,162498,3242.0,57,0.6626373626373626,0.4161919885257658,8,AU2410.SHF,554.28,553.2,101841,1.8799999999999955,AU2407.SHF,549.8,549.5,26,2.6000000000000227,AU2506.SHF,562.34,561.7,362,12.540000000000077,0.02477686691264369,0.024498532160600967,82629.0,35800.0,1455.0,3040.0,38.0,44605.0,17616.0,0.39541835192393754,0.5398225804499631,0.49206703910614524,8313.0,120.0,1.0
2024-06-20,AU2408.SHF,552.16,557.54,551.4,557.16,554.12,552.4,551.34,5.82,2.78,113593,6294488.38,166218,3720.0,56,0.6374681526875203,0.41980179015214275,8,AU2410.SHF,559.06,556.38,103260,1.8999999999999773,AU2407.SHF,555.94,553.16,25,1.2199999999999136,AU2506.SHF,567.08,564.3,361,11.139999999999986,0.021767615381584414,0.02155239452148623,86214.0,36370.0,3862.0,602.0,39.0,46753.0,18450.0,0.40661097696273574,0.5422901152944998,0.5072862249106407,8358.0,45.0,1.0
2024-06-21,AU2408.SHF,556.0,561.96,555.82,559.74,559.66,557.16,554.12,5.62,5.54,138885,7773069.62,165287,-931.0,55,0.6100169540659013,0.4079438064422182,8,AU2410.SHF,561.48,561.5,108193,1.740000000000009,AU2407.SHF,558.3,557.28,24,1.4400000000000546,AU2506.SHF,569.54,570.02,360,11.240000000000009,0.021870175618160702,0.021652935361243724,83358.0,37128.0,-2578.0,881.0,38.0,44466.0,19181.0,0.3836960310741497,0.5334341035053625,0.5166181857358328,9243.0,885.0,1.0
2024-06-24,AU2408.SHF,560.26,561.66,550.5,551.18,554.16,559.74,559.66,-8.48,-5.5,179860,9967353.84,156262,-9025.0,52,0.6574575335655721,0.39339202501403514,8,AU2410.SHF,553.2,556.04,108594,2.0200000000000955,AU2407.SHF,550.64,552.24,21,0.5399999999999636,AU2506.SHF,561.92,563.96,357,11.279999999999973,0.022253325999875416,0.022028459269508176,76546.0,35117.0,-5501.0,-1639.0,38.0,39255.0,18779.0,0.3710181528348692,0.5128288872050794,0.5347552467465899,9213.0,-30.0,1.0
2024-06-25,AU2408.SHF,552.1,554.3,551.3,552.16,552.44,551.18,554.16,-2.0,-1.72,95922,5299279.82,150594,-5668.0,51,0.5971909202973441,0.3851371050652918,8,AU2410.SHF,554.2,554.42,108483,2.0400000000000773,AU2407.SHF,550.3,550.86,20,1.8600000000000136,AU2506.SHF,563.02,562.78,356,12.720000000000027,0.025109680434048973,0.02482387532416957,72760.0,33860.0,-3786.0,-1189.0,35.0,36655.0,18638.0,0.3648471206152692,0.5037795492028587,0.5504430005906674,9213.0,0.0,1.0
2024-06-26,AU2408.SHF,551.9,552.76,546.8,548.7,550.1,552.16,552.44,-3.74,-2.34,173933,9568092.42,118974,-31620.0,50,0.6050327504461226,0.3297478125181886,8,AU2410.SHF,550.42,551.46,107452,1.7199999999999136,AU2407.SHF,546.78,548.76,19,1.9200000000000728,AU2506.SHF,559.48,561.48,355,12.700000000000045,0.025231593972678174,0.02494302800261802,66768.0,32053.0,-4458.0,-1496.0,37.0,32638.0,17878.0,0.3512917294906953,0.48882698298586147,0.5577637038654728,10617.0,1404.0,1.0
2024-06-27,AU2408.SHF,548.48,548.48,544.0,545.4,545.26,548.7,550.1,-4.7,-4.84,124778,6803706.93,116018,-2956.0,49,0.5606815638943684,0.32293243965440455,8,AU2410.SHF,547.5,547.0,108216,2.1000000000000227,AU2407.SHF,544.22,543.98,18,1.17999999999995,AU2506.SHF,556.34,556.12,354,12.120000000000005,0.024192553431647827,0.023927098411203895,63086.0,32112.0,-3606.0,211.0,35.0,30115.0,18007.0,0.32536397823483687,0.4773642329518435,0.5607561036372696,10617.0,0.0,1.0
2024-06-28,AU2408.SHF,550.22,551.84,549.04,551.52,550.44,545.4,545.26,6.26,5.18,112648,6200779.22,110091,-5927.0,48,0.6061819277627104,0.31111896115640586,8,AU2410.SHF,553.42,552.28,107619,1.8999999999999773,AU2407.SHF,549.48,548.66,17,2.0399999999999636,AU2506.SHF,562.42,560.96,353,12.93999999999994,0.02558208713346284,0.025285511098081404,61579.0,29111.0,191.0,-2482.0,41.0,30101.0,16255.0,0.3580108060425626,0.4888192403254356,0.5583799938167703,10617.0,0.0,1.0
2024-07-01,AU2410.SHF,555.06,556.08,551.46,553.48,553.62,553.42,552.28,1.2,1.34,44161,2444864.47,108151,532.0,106,0.25349582108743574,0.30773674026860914,8,AU2408.SHF,551.42,551.62,104969,-2.060000000000059,AU2407.SHF,550.0,549.64,14,3.480000000000018,AU2506.SHF,562.46,562.44,350,12.460000000000036,0.024609848484848516,0.02433522591529134,51909.0,24526.0,2357.0,314.0,37.0,34197.0,14047.0,0.35825210963563814,0.6587874934982373,0.5727391339802659,10617.0,0.0,1.0
2024-07-02,AU2410.SHF,554.64,555.18,552.3,554.52,554.2,553.48,553.62,0.9,0.58,40368,2237230.47,109917,1766.0,105,0.2700905252875332,0.3122127603974345,8,AU2412.SHF,556.62,556.26,104607,2.1000000000000227,AU2407.SHF,550.0,548.88,13,4.519999999999982,AU2506.SHF,563.4,562.9,349,13.399999999999977,0.026466450216450214,0.026149183582591672,53177.0,24793.0,1418.0,283.0,38.0,34867.0,14024.0,0.36403745030139795,0.655678206743517,0.5656435284152785,10617.0,0.0,1.0
2024-07-03,AU2410.SHF,553.9,558.28,553.02,557.76,555.04,554.52,554.2,3.56,0.84,54506,3025317.2,111419,1502.0,104,0.2797848203927849,0.31388640038764276,8,AU2412.SHF,560.02,557.36,108576,2.259999999999991,AU2407.SHF,553.66,550.04,12,4.100000000000023,AU2506.SHF,566.42,563.9,348,12.759999999999991,0.025035779221561156,0.02475164131943049,54824.0,26678.0,1681.0,1980.0,37.0,35749.0,14425.0,0.34534121862040196,0.6520684371807968,0.5407076992278281,10617.0,0.0,1.0
2024-07-04,AU2410.SHF,559.92,562.4,558.9,560.48,560.92,557.76,555.04,5.44,5.88,58390,3275316.25,114754,3335.0,103,0.2927125161044521,0.31889841459517293,8,AU2412.SHF,562.64,563.08,112763,2.159999999999968,AU2407.SHF,551.94,551.94,11,8.539999999999964,AU2506.SHF,569.28,569.52,347,17.339999999999918,0.03412799786726278,0.03360287741823652,57378.0,26844.0,2554.0,488.0,36.0,36063.0,14278.0,0.36254185367243713,0.6285161560179859,0.5318879451646551,10617.0,0.0,1.0
2024-07-05,AU2410.SHF,560.78,562.3,559.84,561.9,561.18,560.48,560.92,0.98,0.26,44816,2515010.33,120496,5742.0,102,0.3457037728426298,0.329257329292852,8,AU2412.SHF,564.04,563.38,114788,2.1399999999999864,AU2407.SHF,555.8,555.8,10,6.100000000000023,AU2506.SHF,570.16,569.52,346,14.360000000000014,0.02806657927654702,0.02771013288125714,61449.0,28492.0,4272.0,1872.0,36.0,37207.0,15359.0,0.3664291035234209,0.6054939868834318,0.5390635967991015,10719.0,102.0,1.0
2024-07-08,AU2410.SHF,563.44,567.78,562.72,562.94,565.24,561.9,561.18,1.76,4.06,82430,4659404.64,127586,7090.0,99,0.33654650939660063,0.3417018404645084,8,AU2412.SHF,565.2,567.38,117114,2.259999999999991,AU2407.SHF,560.98,557.46,7,1.9600000000000364,AU2506.SHF,571.8,573.6,343,10.819999999999936,0.020952385196654027,0.020752884979429526,65477.0,28957.0,4440.0,520.0,38.0,38643.0,15561.0,0.3867251201897622,0.5901767032698505,0.5373830161964291,10821.0,102.0,1.0
2024-07-09,AU2410.SHF,562.0,563.94,557.54,560.88,561.26,562.94,565.24,-4.36,-3.98,73735,4138573.32,130074,2488.0,98,0.3823418079242524,0.34661351396723966,8,AU2412.SHF,563.12,563.5,118486,2.240000000000009,AU2407.SHF,557.46,557.46,6,3.419999999999959,AU2506.SHF,569.56,569.9,342,12.099999999999909,0.02357899264179513,0.023326738322928278,66453.0,29154.0,1251.0,197.0,37.0,39219.0,16089.0,0.3901283378832094,0.5901765157329241,0.5518625231529122,10821.0,0.0,1.0
2024-07-10,AU2410.SHF,560.24,563.54,558.16,563.4,561.22,560.88,561.26,2.14,-0.04,99705,5595811.64,135962,5888.0,97,0.4356193829981519,0.35595314766235736,8,AU2412.SHF,565.58,563.44,119613,2.1800000000000637,AU2407.SHF,557.46,557.46,5,5.939999999999941,AU2506.SHF,572.78,570.86,341,15.319999999999936,0.02985373283242178,0.02945087987612208,70737.0,30174.0,4392.0,1043.0,38.0,40504.0,16432.0,0.40196807087433484,0.5725999123513861,0.5445747994962551,10821.0,0.0,1.0
2024-07-11,AU2410.SHF,564.8,566.48,563.06,565.46,564.74,563.4,561.22,4.24,3.52,119991,6776491.4,149987,14025.0,96,0.5565006469805257,0.38274780602701414,8,AU2412.SHF,567.62,567.02,121116,2.159999999999968,AU2407.SHF,557.46,557.46,4,8.0,AU2506.SHF,573.36,573.7,340,15.899999999999977,0.0309839655375658,0.030550325977980654,79062.0,33946.0,8325.0,4452.0,36.0,43683.0,18041.0,0.3992283732125159,0.5525157471351597,0.531461733341189,10821.0,0.0,1.0
2024-07-12,AU2410.SHF,570.7,572.68,566.8,568.54,569.68,565.46,564.74,3.8,4.94,208248,11863607.56,160414,10427.0,95,0.5876702355218675,0.4079653107157844,8,AU2412.SHF,570.76,571.92,124988,2.2200000000000273,AU2407.SHF,557.46,557.46,3,11.079999999999927,AU2506.SHF,577.42,578.68,339,19.959999999999923,0.03889559447357297,0.03821544870471999,85850.0,36615.0,6958.0,3480.0,37.0,46729.0,18850.0,0.4020332339852203,0.5443098427489808,0.5148163321043289,10821.0,0.0,1.0
2024-07-15,AU2410.SHF,566.8,571.44,566.24,568.34,569.2,568.54,569.68,-1.34,-0.48,151999,8652073.45,166090,5676.0,92,0.6718276927428872,0.41796896626352004,8,AU2412.SHF,570.6,571.26,127560,2.259999999999991,AU2408.SHF,565.72,566.44,31,2.6200000000000045,AU2506.SHF,577.44,578.14,336,11.720000000000027,0.024792430478844465,0.024539111248837748,88026.0,37898.0,2176.0,1361.0,35.0,48647.0,19960.0,0.39808138242114294,0.5526435371367551,0.5266768694917937,10959.0,138.0,1.0
2024-07-16,AU2410.SHF,570.16,574.98,569.54,574.94,572.76,568.34,569.2,5.74,3.56,202686,11609206.77,182460,16370.0,91,0.6763075793723619,0.4382991705321518,8,AU2412.SHF,576.94,575.16,132889,2.0,AU2408.SHF,572.16,570.04,30,2.7800000000000864,AU2508.SHF,585.66,584.72,395,13.5,0.023594798657718075,0.023320743869834057,96371.0,41138.0,8448.0,3392.0,37.0,52568.0,21476.0,0.4016682544415275,0.5454752985856741,0.5220477417472896,10959.0,0.0,1.0
2024-07-17,AU2410.SHF,574.86,585.84,574.4,581.56,580.72,574.94,572.76,8.8,7.96,308940,17940960.38,189097,6637.0,90,0.6883720515688573,0.4519267537234958,8,AU2412.SHF,583.56,582.22,130885,2.0,AU2408.SHF,578.94,578.08,29,2.619999999999891,AU2508.SHF,591.6,591.12,394,12.659999999999968,0.021867551041558686,0.02163188557629727,99818.0,43087.0,3447.0,2077.0,37.0,53805.0,22349.0,0.3969840103565306,0.5390310364864053,0.5186947339104603,10959.0,0.0,1.0
2024-07-18,AU2410.SHF,582.08,584.22,575.72,581.48,580.08,581.56,580.72,0.76,-0.64,282721,16400606.84,188199,-898.0,89,0.705618824422032,0.4572731602068188,8,AU2412.SHF,583.46,582.04,132445,1.9800000000000182,AU2408.SHF,579.0,577.8,28,2.480000000000018,AU2508.SHF,591.6,590.8,393,12.600000000000023,0.021761658031088205,0.02152825326364961,99557.0,42340.0,-261.0,-747.0,38.0,54036.0,21793.0,0.40322910279991825,0.542764446497986,0.5147142182333491,11079.0,120.0,1.0
2024-07-19,AU2410.SHF,580.0,580.54,563.82,565.94,573.38,581.48,580.08,-14.14,-6.7,307286,17619286.65,175466,-12733.0,88,0.6822892034415765,0.44931718721592145,8,AU2412.SHF,568.0,574.3,128133,2.0599999999999454,AU2408.SHF,563.88,570.7,27,2.060000000000059,AU2508.SHF,577.38,585.62,392,13.5,0.023941264098744423,0.02365916569363981,90235.0,41548.0,-8693.0,-390.0,35.0,48669.0,21992.0,0.3694482596389519,0.5393583421067213,0.5293154905169924,11076.0,-3.0,1.0
2024-07-22,AU2410.SHF,562.2,567.22,559.7,565.4,563.76,565.94,573.38,-7.98,-9.62,246819,13914681.22,170775,-4691.0,85,0.6957096509599096,0.4437293270592393,8,AU2412.SHF,567.48,565.96,130197,2.080000000000041,AU2408.SHF,563.4,561.76,24,2.0,AU2508.SHF,576.88,575.08,389,13.480000000000018,0.02392616258430968,0.02364441716623199,87236.0,43212.0,-2918.0,1755.0,35.0,48162.0,22833.0,0.3374831350423157,0.5520885872804805,0.5283948903082477,11076.0,0.0,1.0
2024-07-23,AU2410.SHF,563.76,566.92,561.32,562.6,563.72,565.4,563.76,-1.16,-0.04,214986,12119329.4,169409,-1366.0,84,0.7025755154462299,0.4510056572379368,8,AU2412.SHF,564.78,565.72,130900,2.17999999999995,AU2408.SHF,560.58,561.7,23,2.019999999999982,AU2508.SHF,573.72,574.44,388,13.139999999999986,0.023440008562560122,0.02316951039309297,86016.0,42681.0,-1220.0,-41.0,36.0,46852.0,22920.0,0.33672113569080864,0.5446893601190477,0.53700709917762,11184.0,108.0,1.0
2024-07-24,AU2410.SHF,565.24,569.82,564.12,569.64,566.74,562.6,563.72,5.92,3.02,203989,11561221.12,177103,7694.0,83,0.7268448245145198,0.45498990355713353,8,AU2412.SHF,571.9,569.42,137191,2.259999999999991,AU2408.SHF,567.46,564.78,22,2.17999999999995,AU2508.SHF,580.14,577.14,387,12.67999999999995,0.022345187325978788,0.022099191433605943,89136.0,45806.0,3252.0,3293.0,36.0,48336.0,24216.0,0.3211009174311927,0.5422724824986538,0.5286643671134785,11184.0,0.0,1.0
2024-07-25,AU2410.SHF,570.52,571.48,554.4,555.68,563.24,569.64,566.74,-11.06,-3.5,342097,19268516.73,177651,548.0,82,0.6614621903658859,0.4726545663521862,8,AU2412.SHF,557.34,562.6,130021,1.6600000000000819,AU2408.SHF,553.76,560.76,21,1.919999999999959,AU2508.SHF,566.0,572.38,386,12.240000000000009,0.022103438312626397,0.021862698316148805,87002.0,46007.0,-1530.0,1038.0,33.0,45500.0,24617.0,0.3082122262403296,0.5229764832992345,0.5350707501032451,11262.0,78.0,1.0
2024-07-26,AU2410.SHF,554.86,559.28,551.16,557.38,554.88,555.68,563.24,-5.86,-8.36,267377,14836221.56,178847,1196.0,81,0.7115480828596368,0.4753914037372744,8,AU2412.SHF,559.42,557.16,133033,2.0399999999999636,AU2408.SHF,555.56,553.1,20,1.82000000000005,AU2508.SHF,567.5,564.26,385,11.940000000000055,0.02149182806537553,0.021264135307539577,86633.0,44843.0,-369.0,-1028.0,35.0,46272.0,24745.0,0.31785268794304666,0.5341151755104868,0.5518141069955177,11262.0,0.0,1.0
2024-07-29,AU2410.SHF,559.58,564.6,557.84,561.24,560.62,557.38,554.88,6.36,5.74,224332,12576615.59,176731,-2116.0,78,0.7421527630743172,0.4725250926435909,8,AU2412.SHF,563.38,562.84,134472,2.1399999999999864,AU2408.SHF,559.26,558.94,17,1.9800000000000182,AU2508.SHF,572.38,572.36,382,13.120000000000005,0.02345957157672629,0.023188625169759662,84377.0,45196.0,-2044.0,769.0,35.0,45566.0,24359.0,0.3023855278491661,0.5400286808016402,0.5389636250995663,11268.0,6.0,1.0
2024-07-30,AU2410.SHF,561.8,562.5,555.5,562.02,559.66,561.24,560.62,1.4,-0.96,230894,12922239.09,173237,-3494.0,77,0.7107930057874646,0.46062277149534825,8,AU2412.SHF,564.2,561.86,135879,2.1800000000000637,AU2408.SHF,560.18,558.12,16,1.8400000000000318,AU2508.SHF,574.56,572.82,381,14.379999999999995,0.025670320254203904,0.02534636982424545,82120.0,43470.0,-1831.0,-1719.0,35.0,45294.0,22715.0,0.30774743212039174,0.5515586945932781,0.5225442834138486,11268.0,0.0,1.0
2024-07-31,AU2410.SHF,560.86,568.3,559.34,566.28,563.36,562.02,559.66,6.62,3.7,263948,14870073.26,175987,2750.0,76,0.7279597116270347,0.46144426993337406,8,AU2412.SHF,568.34,565.96,139860,2.060000000000059,AU2408.SHF,564.32,561.86,15,1.9599999999999227,AU2508.SHF,577.5,575.16,380,13.17999999999995,0.02335554295435216,0.02308697590820676,82593.0,45084.0,474.0,1935.0,34.0,45230.0,23352.0,0.2937803989755398,0.5476251014008451,0.5179664626031408,11268.0,0.0,1.0
2024-08-01,AU2410.SHF,566.52,573.48,565.5,570.9,569.12,566.28,563.36,7.54,5.76,228522,13006016.55,178178,2191.0,75,0.7335685234703279,0.45828617872795735,8,AU2412.SHF,572.96,571.7,143719,2.060000000000059,AU2408.SHF,569.28,569.9,14,1.6200000000000045,AU2508.SHF,582.14,580.9,379,12.860000000000014,0.02258993816750987,0.022338564154675215,82471.0,46518.0,126.0,1758.0,33.0,44975.0,24031.0,0.27872919396227586,0.545343211553152,0.5165957263854852,11268.0,0.0,1.0
2024-08-02,AU2410.SHF,572.42,574.3,568.18,574.04,571.66,570.9,569.12,4.92,2.54,263385,15057026.57,180478,2300.0,74,0.7744749795637522,0.45549602117999205,8,AU2412.SHF,575.86,573.8,147887,1.82000000000005,AU2408.SHF,572.58,570.94,13,1.4599999999999227,AU2508.SHF,584.42,582.74,378,11.839999999999918,0.02067833315868506,0.02046743876856783,85014.0,47199.0,2705.0,811.0,35.0,46108.0,24056.0,0.28601574731682966,0.5423577293151716,0.509671815080828,11268.0,0.0,1.0
2024-08-05,AU2410.SHF,574.42,575.38,554.78,559.94,563.12,574.04,571.66,-11.72,-8.54,489030,27538848.72,174392,-6086.0,71,0.7343586694057015,0.4458101129914617,8,AU2412.SHF,561.8,564.74,146705,1.8599999999999,AU2408.SHF,559.6,561.8,10,0.34000000000003183,AU2508.SHF,571.02,573.16,375,11.419999999999959,0.020407433881343806,0.020201992520980913,79751.0,44755.0,-4004.0,-1612.0,33.0,41836.0,25158.0,0.28107882351051355,0.5245827638524909,0.5621271366327785,11268.0,0.0,1.0
2024-08-06,AU2410.SHF,546.0,559.16,545.44,554.18,552.86,559.94,563.12,-8.94,-10.26,349865,19342683.86,167620,-6772.0,70,0.6493170260940574,0.42698443832517763,8,AU2412.SHF,555.84,554.0,147608,1.6600000000000819,AU2408.SHF,553.74,554.66,9,0.4399999999999409,AU2508.SHF,564.98,564.6,374,11.240000000000009,0.02029833495864497,0.02009506978428008,72957.0,42687.0,-6325.0,-247.0,33.0,38181.0,23900.0,0.2617515824426689,0.5233356634730046,0.5598894276946143,11268.0,0.0,1.0
2024-08-07,AU2410.SHF,552.6,556.96,551.8,556.06,554.12,554.18,552.86,3.2,1.26,256432,14209603.69,166657,-963.0,69,0.6619530340460573,0.42392985419358775,8,AU2412.SHF,557.74,555.94,144455,1.6800000000000637,AU2408.SHF,555.54,554.0,8,0.5199999999999818,AU2508.SHF,567.64,566.54,373,12.100000000000023,0.021780609857076083,0.021546801278326113,71426.0,44414.0,-1531.0,1909.0,32.0,36658.0,24496.0,0.23318370165745855,0.5132304762971467,0.5515378033953258,11268.0,0.0,1.0
2024-08-08,AU2410.SHF,557.82,558.08,552.8,556.1,555.7,556.06,554.12,1.98,1.58,181575,10090133.99,165949,-708.0,68,0.6930290608468638,0.42077598709899894,8,AU2412.SHF,557.52,557.06,145405,1.419999999999959,AU2408.SHF,555.28,554.4,7,0.82000000000005,AU2508.SHF,566.02,566.12,372,10.740000000000009,0.019341593430341364,0.01915692223660977,68837.0,44571.0,-2406.0,452.0,32.0,36329.0,23934.0,0.21397079571106095,0.5277539695222047,0.5369859325570439,11331.0,63.0,1.0
2024-08-09,AU2410.SHF,558.8,563.1,557.32,560.7,560.38,556.1,555.7,5.0,4.68,207332,11618812.83,164266,-1683.0,67,0.7048488701381264,0.42103941108923887,8,AU2412.SHF,562.24,562.04,143446,1.5399999999999636,AU2408.SHF,560.08,560.7,6,0.6200000000000045,AU2508.SHF,570.32,571.18,371,10.240000000000009,0.018283102413940933,0.01811797614043095,67801.0,43561.0,-1036.0,-888.0,33.0,36378.0,23467.0,0.21766850451680106,0.5365407589858556,0.5387158237873327,11331.0,0.0,1.0
2024-08-12,AU2410.SHF,562.3,565.48,560.0,565.3,562.58,560.7,560.38,4.92,2.2,172725,9717337.28,162861,-1405.0,64,0.7157538362085041,0.41976972861793355,8,AU2412.SHF,566.98,564.34,142762,1.6800000000000637,AU2408.SHF,562.02,560.28,3,3.2799999999999727,AU2508.SHF,575.2,572.48,368,13.180000000000064,0.023451122735845816,0.02318036995774285,67567.0,42347.0,-108.0,-1096.0,33.0,36250.0,21698.0,0.22945211710974034,0.5365045066378558,0.5123857652253997,11331.0,0.0,1.0
2024-08-13,AU2410.SHF,566.54,572.8,565.96,569.46,569.26,565.3,562.58,6.88,6.68,201710,11482809.65,166111,3250.0,63,0.71088477329997,0.4202277832871223,8,AU2412.SHF,571.02,570.96,145604,1.5599999999999454,AU2408.SHF,569.0,569.28,2,0.4600000000000364,AU2508.SHF,579.04,578.94,367,10.039999999999964,0.017644991212653727,0.017491125689101335,71796.0,43853.0,4321.0,1923.0,36.0,38315.0,21878.0,0.24161903691341904,0.5336648281241295,0.49889403233530205,11652.0,321.0,1.0
2024-08-14,AU2410.SHF,569.7,570.5,565.06,568.22,568.16,569.46,569.26,-1.04,-1.1,177542,10087425.02,163666,-2445.0,62,0.7279294792947929,0.4157863983944313,8,AU2412.SHF,570.0,569.76,145652,1.7799999999999727,AU2408.SHF,567.5,568.42,1,0.7200000000000273,AU2508.SHF,577.88,577.56,366,10.379999999999995,0.018290748898678322,0.01812548530562277,71820.0,42646.0,43.0,-1053.0,34.0,38377.0,21317.0,0.25487044187793756,0.5343497632971317,0.49985930685175634,11802.0,150.0,1.0
2024-08-15,AU2410.SHF,568.2,568.28,561.32,566.98,564.7,568.22,568.16,-1.18,-3.46,200643,11330561.26,160343,-3323.0,61,0.7246150179128625,0.40842250586488227,8,AU2412.SHF,568.74,566.6,146775,1.759999999999991,AU2409.SHF,565.84,564.44,34,1.1399999999999864,AU2508.SHF,576.56,574.8,365,10.719999999999914,0.020891326234012693,0.020695894650406756,69042.0,40693.0,-2448.0,-1854.0,36.0,37039.0,19852.0,0.25834054768305464,0.5364705541554416,0.4878480328311995,11802.0,0.0,1.0
2024-08-16,AU2410.SHF,565.18,569.56,563.0,567.74,567.1,566.98,564.7,3.04,2.4,196532,11145411.49,161705,1362.0,60,0.7323500696830354,0.41383025550732944,8,AU2412.SHF,569.42,568.92,146157,1.67999999999995,AU2409.SHF,566.1,565.96,33,1.6399999999999864,AU2508.SHF,577.42,576.2,364,11.319999999999936,0.022050484819278116,0.021832914564645204,70847.0,41043.0,1885.0,350.0,35.0,36518.0,20097.0,0.26636875502725893,0.5154487839993225,0.48965718880198816,11802.0,0.0,1.0
2024-08-19,AU2410.SHF,574.0,576.38,570.4,573.7,573.18,567.74,567.1,6.6,6.08,282788,16209160.76,164144,2439.0,57,0.7006102108113599,0.40499283248745993,8,AU2412.SHF,575.62,575.1,156141,1.919999999999959,AU2409.SHF,571.78,571.42,30,1.9200000000000728,AU2508.SHF,583.68,583.02,361,11.899999999999977,0.02295000961115849,0.022714452215957432,76039.0,38492.0,5192.0,-2212.0,34.0,39279.0,18120.0,0.32783263919812106,0.5165638685411433,0.47074716824275176,11802.0,0.0,1.0
2024-08-20,AU2410.SHF,571.66,575.16,570.7,574.24,573.14,573.7,573.18,1.06,-0.04,190591,10923692.11,165080,936.0,56,0.7176838728140863,0.39898489425981876,8,AU2412.SHF,576.2,574.98,159503,1.9600000000000364,AU2409.SHF,572.22,571.6,29,2.019999999999982,AU2508.SHF,584.36,583.42,360,12.139999999999986,0.02339486397442264,0.023150150853729956,75399.0,37311.0,-640.0,-1181.0,34.0,39052.0,18115.0,0.3379291988288528,0.5179379036857252,0.485513655490338,11787.0,-15.0,1.0
2024-08-21,AU2410.SHF,578.0,578.88,571.74,576.2,575.82,574.24,573.14,3.06,2.68,228314,13147151.9,165001,-79.0,55,0.7154464920829403,0.39433358028822024,8,AU2412.SHF,578.0,577.78,160937,1.7999999999999545,AU2409.SHF,574.58,575.78,28,1.6200000000000045,AU2508.SHF,586.64,586.4,359,12.059999999999945,0.023145239202174418,0.022905684906090986,75243.0,37027.0,-104.0,-284.0,35.0,40892.0,17938.0,0.34039369377393786,0.5434658373536408,0.4844572879250277,11787.0,0.0,1.0
2024-08-22,AU2410.SHF,575.2,576.78,572.08,574.46,574.14,576.2,575.82,-1.36,-1.68,191513,10995676.34,161858,-3143.0,54,0.7349320377917463,0.3882175733823268,8,AU2412.SHF,576.32,575.94,161816,1.8600000000000136,AU2409.SHF,573.32,573.38,27,1.1399999999999864,AU2508.SHF,585.06,584.66,358,11.739999999999895,0.022580620683302334,0.022352534961705823,71881.0,35674.0,-3362.0,-1350.0,38.0,39111.0,17756.0,0.33663706940635024,0.5441076223202237,0.4977294388069743,11787.0,0.0,1.0
2024-08-23,AU2412.SHF,575.9,575.9,569.66,574.42,572.96,576.32,575.94,-1.52,-2.98,52009,2979917.32,163273,1457.0,115,0.18581411800012862,0.395565924827623,8,AU2410.SHF,572.58,571.02,155674,-1.8399999999999181,AU2409.SHF,572.0,569.4,26,2.419999999999959,AU2508.SHF,582.88,581.66,357,10.879999999999995,0.020974795597152058,0.020777809022254814,85167.0,34184.0,1148.0,957.0,35.0,48017.0,16791.0,0.4271686035307622,0.5637981847429169,0.4911947109758952,11817.0,30.0,1.0
2024-08-26,AU2412.SHF,575.98,578.3,574.26,577.98,576.58,574.42,572.96,5.02,3.62,64829,3738008.48,168142,4869.0,112,0.2102223533722676,0.4012772751463544,8,AU2410.SHF,576.2,574.52,155282,-1.7799999999999727,AU2409.SHF,575.14,573.68,23,2.840000000000032,AU2508.SHF,586.0,584.64,354,10.860000000000014,0.0208219367474117,0.020627793222075877,88819.0,34265.0,3706.0,95.0,38.0,49757.0,16722.0,0.4432257645185402,0.5602067125277249,0.48801984532321613,11781.0,-36.0,1.0
2024-08-27,AU2412.SHF,579.06,579.96,575.8,577.9,577.68,577.98,576.58,1.32,1.1,52643,3041111.15,170332,2190.0,111,0.1978323856910398,0.42432047989278143,8,AU2410.SHF,575.94,575.78,133783,-1.9599999999999227,AU2409.SHF,575.0,575.68,22,2.8999999999999773,AU2508.SHF,585.78,585.78,353,10.779999999999973,0.020673584657822083,0.02048218084267035,89289.0,35163.0,470.0,901.0,36.0,49453.0,16721.0,0.43491466589528494,0.5538532182015702,0.47552825413076244,11781.0,0.0,1.0
2024-08-28,AU2412.SHF,577.5,579.68,575.88,577.1,577.84,577.9,577.68,-0.58,0.16,56235,3249555.14,171053,721.0,110,0.21892396932300384,0.43048445954448217,8,AU2410.SHF,575.16,575.86,126012,-1.9400000000000546,AU2409.SHF,575.0,575.62,21,2.1000000000000227,AU2508.SHF,585.0,585.74,352,10.0,0.01917772231708908,0.019012868122642516,91220.0,35686.0,1935.0,552.0,39.0,50107.0,17047.0,0.43759948308196617,0.5492983994737997,0.4776943339124587,11781.0,0.0,1.0
2024-08-29,AU2412.SHF,575.5,579.0,574.72,576.94,577.52,577.1,577.84,-0.9,-0.32,54423,3143111.36,172305,1252.0,109,0.21459242698463396,0.43530050779374985,8,AU2410.SHF,575.06,575.48,122234,-1.8800000000001091,AU2409.SHF,574.86,576.46,20,2.080000000000041,AU2508.SHF,584.48,585.34,351,9.620000000000005,0.018453461885846827,0.018300758329273213,92444.0,35692.0,1295.0,95.0,40.0,50733.0,17265.0,0.4429044140600612,0.5487971096014884,0.48372184242967614,11781.0,0.0,1.0
2024-08-30,AU2412.SHF,575.32,578.9,574.72,575.9,576.58,576.94,577.52,-1.62,-0.94,68060,3924207.64,174758,2453.0,108,0.22747326203208557,0.4460854760196958,8,AU2410.SHF,574.06,574.8,115051,-1.8400000000000318,AU2409.SHF,575.58,576.8,19,0.31999999999993634,AU2508.SHF,583.62,584.16,350,8.039999999999964,0.01540335144930371,0.015296761899682166,93485.0,35777.0,1048.0,271.0,37.0,51759.0,17794.0,0.44644210982345933,0.5536610151361181,0.4973586382312659,11781.0,0.0,1.0
2024-09-02,AU2412.SHF,576.42,576.42,570.88,572.62,573.26,575.9,576.58,-3.96,-3.32,75890,4350568.14,176563,1805.0,105,0.24370427935594505,0.45587703715944067,8,AU2410.SHF,570.82,571.56,107238,-1.7999999999999545,AU2409.SHF,571.92,572.82,16,0.7000000000000455,AU2508.SHF,580.14,580.78,347,8.220000000000027,0.01584898316752744,0.015736166999075388,93682.0,37356.0,266.0,2110.0,38.0,52367.0,18126.0,0.4298447778506998,0.5589867850814457,0.485223257308063,11781.0,0.0,1.0
2024-09-03,AU2412.SHF,574.14,574.6,571.82,573.82,573.48,572.62,573.26,0.56,0.22,39952,2291238.66,174889,-1674.0,104,0.24472294706408418,0.455331014444456,8,AU2410.SHF,572.12,571.82,104324,-1.7000000000000455,AU2409.SHF,571.48,571.84,15,2.340000000000032,AU2508.SHF,581.1,580.78,346,9.620000000000005,0.018562604290085136,0.018408099125974037,93448.0,36292.0,-182.0,-918.0,39.0,52513.0,17302.0,0.44054262370895636,0.561948891362041,0.47674418604651164,11781.0,0.0,1.0
2024-09-04,AU2412.SHF,573.52,574.0,568.86,569.84,571.1,573.82,573.48,-3.64,-2.38,75988,4339781.66,175283,394.0,103,0.25811492003967446,0.4653082136324903,8,AU2410.SHF,568.22,569.44,95910,-1.6200000000000045,AU2409.SHF,569.56,569.54,14,0.2800000000000864,AU2508.SHF,576.94,578.34,345,7.380000000000109,0.014288339183329215,0.014196561478594348,94313.0,36931.0,865.0,797.0,37.0,53128.0,18026.0,0.4372161775014477,0.5633157677096476,0.4880994286642658,11781.0,0.0,1.0
2024-09-05,AU2412.SHF,570.52,574.2,569.48,573.72,571.86,569.84,571.1,2.62,0.76,76126,4353460.73,174323,-960.0,102,0.2760779136943726,0.4703182795582883,8,AU2410.SHF,572.04,570.0,90347,-1.6800000000000637,AU2409.SHF,570.86,568.94,13,2.8600000000000136,AU2508.SHF,580.92,578.68,344,10.059999999999945,0.019432704120660376,0.019263462786728743,95303.0,37473.0,990.0,563.0,39.0,54033.0,18200.0,0.4355455805266012,0.5669601166804823,0.48568302511141354,11841.0,60.0,1.0
2024-09-06,AU2412.SHF,575.5,576.0,573.1,575.54,574.86,573.72,571.86,3.68,3.0,61172,3516587.96,175550,1227.0,101,0.2735276626378884,0.47257681560486064,8,AU2410.SHF,573.68,573.0,89056,-1.8600000000000136,AU2409.SHF,576.8,576.8,12,-1.259999999999991,AU2508.SHF,582.64,582.04,343,5.840000000000032,0.011164839032729749,0.011108696639594937,97224.0,38424.0,1921.0,1023.0,39.0,54993.0,18799.0,0.4334748761500354,0.5656319427301901,0.48925150947324586,11841.0,0.0,1.0
2024-09-09,AU2412.SHF,576.04,576.4,568.96,571.0,572.44,575.54,574.86,-3.86,-2.42,112107,6417567.64,175560,10.0,98,0.2754884638729638,0.4785320220676421,8,AU2410.SHF,569.22,570.78,82376,-1.7799999999999727,AU2409.SHF,570.5,572.2,9,0.5,AU2508.SHF,578.28,579.56,340,7.779999999999973,0.01503795631647655,0.014936341587343376,96519.0,38429.0,-705.0,149.0,38.0,54169.0,18416.0,0.4304621039215105,0.5612262870522903,0.4792214213224388,11841.0,0.0,1.0
2024-09-10,AU2412.SHF,573.7,575.38,571.92,575.08,574.02,571.0,572.44,2.64,1.58,65093,3736554.32,178244,2684.0,97,0.3062263307694117,0.4801909513623604,8,AU2410.SHF,573.24,572.08,81092,-1.8400000000000318,AU2409.SHF,572.2,572.2,8,2.8799999999999955,AU2508.SHF,582.24,581.36,339,10.039999999999964,0.019348652732708162,0.01918086385335813,98984.0,38917.0,2820.0,652.0,38.0,55832.0,18428.0,0.4355805976751438,0.5640507556776853,0.4735205694169643,11841.0,0.0,1.0
2024-09-11,AU2412.SHF,576.5,578.36,573.66,577.9,576.34,575.08,574.02,3.88,2.32,88057,5075221.5,186009,7765.0,96,0.33861174452899984,0.4941462442717673,8,AU2410.SHF,576.12,574.44,78225,-1.7799999999999727,AU2409.SHF,572.2,572.2,7,5.699999999999932,AU2508.SHF,584.82,583.88,338,12.620000000000005,0.024320716881152966,0.024056396800074747,103287.0,42438.0,4381.0,3609.0,38.0,57985.0,19880.0,0.41756047349459596,0.561396884409461,0.46844808897686036,11841.0,0.0,1.0
2024-09-12,AU2412.SHF,574.58,577.56,573.8,577.0,575.68,577.9,576.34,0.66,-0.66,80413,4629218.45,187866,1857.0,95,0.332157476672188,0.5043165931127791,8,AU2410.SHF,575.22,573.86,71303,-1.7799999999999727,AU2409.SHF,572.2,572.2,6,4.7999999999999545,AU2508.SHF,583.92,583.28,337,11.719999999999914,0.02258627589913724,0.02235807668425651,103846.0,42751.0,559.0,367.0,38.0,59058.0,20272.0,0.41675477670075106,0.56870750919631,0.47418773829851935,11841.0,0.0,1.0
2024-09-13,AU2412.SHF,579.94,586.9,577.84,585.44,583.4,577.0,575.68,9.76,7.72,135244,7890309.12,201257,13391.0,94,0.37646207376478774,0.5170192979571705,8,AU2410.SHF,583.58,581.48,72187,-1.8600000000000136,AU2409.SHF,572.2,572.2,5,13.240000000000009,AU2508.SHF,592.12,591.24,336,19.91999999999996,0.038388960401946656,0.037735857391805724,111828.0,47769.0,8080.0,5455.0,36.0,62882.0,21962.0,0.4013797251828042,0.5623099760346246,0.4597542339173941,11841.0,0.0,1.0
2024-09-18,AU2412.SHF,586.32,587.52,584.4,584.78,585.7,585.44,583.4,1.38,2.3,41146,2409958.92,201485,228.0,89,0.4052994483845548,0.5237362460261965,8,AU2502.SHF,586.52,587.38,67885,1.740000000000009,AU2410.SHF,582.98,583.86,27,1.7999999999999545,AU2508.SHF,591.76,592.52,331,8.779999999999973,0.018082569411968667,0.017947754587937473,111694.0,48162.0,-134.0,393.0,36.0,62720.0,22386.0,0.39743268942047844,0.5615341916307053,0.46480627880901954,11841.0,0.0,1.0
2024-09-19,AU2412.SHF,585.58,589.2,581.3,583.88,584.32,584.78,585.7,-1.82,-1.38,129416,7562144.28,204531,3046.0,88,0.44062360619792923,0.5313349162722308,8,AU2502.SHF,585.6,586.04,69581,1.7200000000000273,AU2410.SHF,582.2,582.78,26,1.67999999999995,AU2510.SHF,593.02,592.86,391,10.819999999999936,0.018584678804534516,0.018414093930282618,114273.0,49000.0,2579.0,935.0,34.0,65033.0,22679.0,0.39977828544829824,0.5691020626044647,0.46283673469387754,11841.0,0.0,1.0
2024-09-20,AU2412.SHF,584.82,591.0,584.54,590.62,587.0,583.88,584.32,6.3,2.68,157150,9224797.0,219641,15110.0,87,0.5592427181011014,0.5475734012769342,8,AU2502.SHF,592.42,588.6,71769,1.7999999999999545,AU2410.SHF,588.2,584.82,25,2.419999999999959,AU2510.SHF,603.3,598.42,390,15.099999999999909,0.025671540292417472,0.025347559326821333,124422.0,54687.0,10356.0,5687.0,35.0,70416.0,25397.0,0.3893439190660436,0.5659449293533299,0.4644065317168614,11838.0,-3.0,1.0
2024-09-23,AU2412.SHF,592.58,596.32,589.68,595.14,593.08,590.62,587.0,8.14,6.08,219129,12996257.69,223747,4106.0,84,0.6232745600537009,0.5498523058473123,8,AU2502.SHF,596.96,594.76,73337,1.82000000000005,AU2410.SHF,593.14,591.0,22,2.0,AU2510.SHF,604.66,603.22,387,11.519999999999982,0.019422058873115988,0.01923585776474271,128993.0,57558.0,4571.0,3499.0,38.0,73411.0,26447.0,0.38292477660264485,0.5691084012310745,0.4594843462246777,11823.0,-15.0,1.0
2024-09-24,AU2412.SHF,595.36,597.36,593.0,594.24,595.72,595.14,593.08,1.16,2.64,215966,12865891.72,220257,-3490.0,83,0.6401249625793983,0.545862112549349,8,AU2502.SHF,596.12,597.62,75439,1.8799999999999955,AU2410.SHF,592.0,593.6,21,2.240000000000009,AU2510.SHF,604.12,606.38,386,12.120000000000005,0.020472972972972903,0.02026621881413509,126778.0,56697.0,-2215.0,-835.0,37.0,73374.0,26049.0,0.3819648453467775,0.5787597217182792,0.459442298534314,11823.0,0.0,1.0
2024-09-25,AU2412.SHF,594.2,601.88,593.78,598.36,597.62,594.24,595.72,2.64,1.9,229488,13714681.36,220984,727.0,82,0.7019999632922002,0.5544574329020295,8,AU2502.SHF,600.28,599.38,75983,1.919999999999959,AU2410.SHF,596.34,595.36,20,2.019999999999982,AU2510.SHF,608.02,607.28,385,11.67999999999995,0.01958614213368204,0.019396801954019847,126689.0,57480.0,-89.0,1633.0,38.0,72695.0,26457.0,0.375790713963805,0.5738067235513739,0.46028183716075155,11823.0,0.0,1.0
2024-09-26,AU2412.SHF,599.72,601.96,598.84,599.9,600.3,598.36,597.62,2.28,2.68,167856,10076539.46,219750,-1234.0,81,0.7171371932462917,0.5652878530637444,8,AU2502.SHF,601.74,602.14,77127,1.8400000000000318,AU2410.SHF,598.0,598.14,19,1.8999999999999773,AU2510.SHF,609.2,609.78,384,11.200000000000045,0.01872909698996672,0.01855586707037517,126903.0,57927.0,214.0,447.0,38.0,73079.0,26840.0,0.373186171076124,0.5758650307715342,0.4633417922557702,11823.0,0.0,1.0
2024-09-27,AU2412.SHF,601.84,602.3,597.02,599.42,599.68,599.9,600.3,-0.88,-0.62,210996,12653367.44,213171,-6579.0,80,0.7292925382626609,0.5581415442620375,8,AU2502.SHF,601.28,601.66,80014,1.8600000000000136,AU2410.SHF,597.74,598.04,18,1.67999999999995,AU2510.SHF,609.06,608.88,383,11.319999999999936,0.01893799979924382,0.01876090822782249,121441.0,55998.0,-5462.0,-1846.0,38.0,69796.0,25583.0,0.36881970705425526,0.5747317627489892,0.45685560198578523,11823.0,0.0,1.0
2024-09-30,AU2412.SHF,600.02,600.2,593.82,596.72,596.62,599.42,599.68,-2.96,-3.06,218851,13057473.46,206127,-7044.0,77,0.7423333276800705,0.54977315826112,8,AU2502.SHF,598.58,598.62,82268,1.8600000000000136,AU2410.SHF,595.34,595.28,15,1.3799999999999955,AU2510.SHF,605.82,605.8,380,10.480000000000018,0.017603386300265367,0.017450241330362774,112671.0,52786.0,-8650.0,-3124.0,37.0,65220.0,23625.0,0.3619369382981681,0.5788534760497377,0.44756185352176714,11823.0,0.0,1.0
2024-10-08,AU2412.SHF,598.0,599.8,595.8,596.22,597.9,596.72,596.62,-0.4,1.28,104048,6221197.85,206129,2.0,69,0.7197963362665338,0.5480813205279559,8,AU2502.SHF,598.22,599.76,83910,2.0,AU2410.SHF,594.78,596.9,7,1.4400000000000546,AU2510.SHF,605.98,607.1,372,11.200000000000045,0.018830491946602246,0.018655392951502547,116474.0,51427.0,4351.0,-1359.0,38.0,68873.0,23183.0,0.38741282065026417,0.5913165169909165,0.4507943298267447,11823.0,0.0,1.0
2024-10-09,AU2412.SHF,597.94,598.2,588.02,588.56,591.52,596.22,597.9,-9.34,-6.38,244379,14455968.25,198181,-7948.0,68,0.716263269887979,0.5399703560004577,8,AU2502.SHF,590.38,593.74,86204,1.82000000000005,AU2410.SHF,587.7,594.02,6,0.8599999999999,AU2510.SHF,597.26,600.52,371,9.559999999999945,0.01626680279053927,0.01613591585442814,110954.0,46673.0,-4544.0,-4694.0,38.0,65157.0,20734.0,0.40780450049801115,0.5872433621140293,0.4442397103250273,11823.0,0.0,1.0
2024-10-10,AU2412.SHF,590.54,591.18,587.32,590.7,589.5,588.56,591.52,-0.82,-2.02,157441,9281361.87,190664,-7517.0,67,0.6832724305838852,0.5351310995975234,8,AU2502.SHF,592.4,591.22,90030,1.6999999999999318,AU2410.SHF,589.0,587.7,5,1.7000000000000455,AU2510.SHF,599.74,598.22,370,10.740000000000009,0.018234295415959334,0.018070044315205244,109064.0,47170.0,-1890.0,630.0,39.0,64116.0,20892.0,0.3961621670059014,0.5878750091689283,0.44290862836548656,11823.0,0.0,1.0
2024-10-11,AU2412.SHF,592.28,599.46,591.48,597.38,595.12,590.7,589.5,7.88,5.62,192063,11430195.85,187991,-2673.0,66,0.7738547080865465,0.5323367587634471,8,AU2502.SHF,599.18,597.18,91842,1.7999999999999545,AU2410.SHF,595.0,589.0,4,2.3799999999999955,AU2510.SHF,606.36,604.68,369,11.360000000000014,0.019092436974790017,0.01891246354618786,112566.0,52007.0,3502.0,5102.0,37.0,65267.0,23747.0,0.3679765210575246,0.5798109553506388,0.4566116099755802,11823.0,0.0,1.0
2024-10-14,AU2412.SHF,597.38,604.4,597.18,603.3,600.34,597.38,595.12,8.18,5.22,170494,10235608.56,196568,8577.0,63,0.7519958363105477,0.5340389808681856,8,AU2502.SHF,604.9,602.04,96427,1.6000000000000227,AU2410.SHF,599.0,596.56,1,4.2999999999999545,AU2510.SHF,611.84,609.4,366,12.840000000000032,0.021435726210350614,0.021209212307532456,119036.0,55102.0,6470.0,3750.0,38.0,68922.0,25788.0,0.3671455971700605,0.5790013105279075,0.4680047911146601,12219.0,396.0,1.0
2024-10-15,AU2412.SHF,601.0,603.96,599.3,603.64,601.74,603.3,600.34,3.3,1.4,165111,9935473.46,194569,-1999.0,62,0.7067563287075482,0.5250348774768405,8,AU2502.SHF,605.3,603.6,98131,1.6599999999999682,AU2411.SHF,602.62,601.32,31,1.0199999999999818,AU2510.SHF,611.26,611.04,365,8.639999999999986,0.015668109534473815,0.015556851779356971,119608.0,54917.0,572.0,135.0,37.0,67732.0,25239.0,0.3706689586019195,0.5662831917597485,0.45958446382723017,12219.0,0.0,1.0
2024-10-16,AU2412.SHF,603.46,612.0,603.18,611.98,607.52,603.64,601.74,10.24,5.78,230572,14008152.77,200322,5753.0,61,0.7433034922743142,0.5269898059848734,8,AU2502.SHF,613.72,609.4,101423,1.740000000000009,AU2411.SHF,610.92,607.24,30,1.0600000000000591,AU2510.SHF,619.96,616.44,364,9.040000000000077,0.016170761992024756,0.01605228705452366,121613.0,57672.0,2081.0,2819.0,37.0,66191.0,27026.0,0.3566444487826645,0.544275694210323,0.46861561936468304,12219.0,0.0,1.0
2024-10-17,AU2412.SHF,612.8,615.16,610.24,614.26,612.8,611.98,607.52,6.74,5.28,216396,13261178.47,200204,-118.0,60,0.6878339505093689,0.5108378645260555,8,AU2502.SHF,615.92,614.58,106540,1.6599999999999682,AU2411.SHF,612.76,611.12,29,1.5,AU2510.SHF,622.96,622.34,363,10.200000000000045,0.018190982745000348,0.018041238713610498,119664.0,58973.0,-1410.0,1448.0,39.0,65447.0,28109.0,0.33974484569266167,0.5469230512100548,0.4766418530513964,12219.0,0.0,1.0
2024-10-18,AU2412.SHF,613.88,622.88,613.18,619.06,618.26,614.26,612.8,6.26,5.46,322031,19910327.24,195366,-4838.0,59,0.7434406909177377,0.492809629874405,8,AU2502.SHF,620.86,620.08,110851,1.8000000000000682,AU2411.SHF,617.9,617.6,28,1.1599999999999682,AU2510.SHF,627.76,627.66,362,9.860000000000014,0.01743833905259569,0.017300667513723552,117083.0,58607.0,-1930.0,-210.0,38.0,62181.0,29262.0,0.3328362456599693,0.5310847860065082,0.4992918934598256,12219.0,0.0,1.0
2024-10-21,AU2412.SHF,619.14,626.08,617.72,625.82,622.12,619.06,618.26,7.56,3.86,250464,15582063.68,196470,1104.0,56,0.7212350009070726,0.4855019101795519,8,AU2502.SHF,627.44,623.82,115043,1.6200000000000045,AU2411.SHF,624.68,621.38,25,1.1400000000001,AU2510.SHF,634.68,631.56,359,10.0,0.017493986861392877,0.017355439909817402,116251.0,56275.0,-473.0,-1900.0,37.0,60907.0,27526.0,0.3476345594287238,0.5239266758995621,0.48913371834740116,12219.0,0.0,1.0
2024-10-22,AU2412.SHF,627.34,628.38,621.0,626.5,625.3,625.82,622.12,4.38,3.18,254333,15903726.53,187431,-9039.0,55,0.7264996572212066,0.46590437365614784,8,AU2502.SHF,628.3,627.2,117441,1.7999999999999545,AU2411.SHF,625.22,623.72,24,1.2799999999999727,AU2510.SHF,635.56,634.32,358,10.339999999999918,0.018073159206043063,0.017925338205835507,115956.0,55060.0,-125.0,-913.0,40.0,61026.0,26900.0,0.35608364129672077,0.5262858325571769,0.4885579367962223,12219.0,0.0,1.0
2024-10-23,AU2412.SHF,627.42,630.44,625.54,629.96,627.92,626.5,625.3,4.66,2.62,227818,14305503.4,190448,3017.0,54,0.7411680119202152,0.46787717388901034,8,AU2502.SHF,631.86,629.52,116168,1.8999999999999773,AU2411.SHF,628.28,627.12,23,1.6800000000000637,AU2510.SHF,638.68,637.3,357,10.399999999999977,0.018089497455080202,0.017941410527796884,116933.0,55316.0,977.0,430.0,39.0,62200.0,26129.0,0.35772050926275334,0.5319285402752003,0.47235881119386797,12219.0,0.0,1.0
2024-10-24,AU2412.SHF,628.72,628.72,617.84,624.54,622.52,629.96,627.92,-3.38,-5.4,351695,21893925.56,174608,-15840.0,53,0.7257758296909889,0.43952967948024096,8,AU2502.SHF,626.26,624.4,117498,1.7200000000000273,AU2411.SHF,622.74,620.72,22,1.7999999999999545,AU2510.SHF,633.02,631.52,356,10.279999999999973,0.018039842850189447,0.017892563386200006,104018.0,51679.0,-12596.0,-3603.0,37.0,54482.0,24052.0,0.33615933511885265,0.5237747312965064,0.4654114824203255,12219.0,0.0,1.0
2024-10-25,AU2412.SHF,625.14,626.66,620.84,624.72,623.76,624.54,622.52,2.2,1.24,238915,14902883.51,165430,-9178.0,52,0.7358770678880207,0.4181770383065637,8,AU2502.SHF,626.64,625.66,120427,1.919999999999959,AU2411.SHF,622.94,622.12,21,1.7799999999999727,AU2510.SHF,634.0,632.74,355,11.059999999999945,0.01940239340242668,0.019232165248423215,98342.0,51246.0,-5355.0,-41.0,37.0,51755.0,23157.0,0.31483808861673396,0.5262756502816701,0.4518791710572532,12219.0,0.0,1.0
2024-10-28,AU2412.SHF,624.3,627.8,621.88,626.58,624.92,624.72,623.76,2.82,1.16,238811,14924080.25,155368,-10062.0,49,0.7007755714080304,0.3943870764669449,8,AU2502.SHF,628.48,626.98,125453,1.8999999999999773,AU2411.SHF,624.74,622.64,18,1.8400000000000318,AU2510.SHF,636.4,634.66,352,11.659999999999968,0.02039602965851743,0.020208031877008044,94792.0,50930.0,-1680.0,-274.0,36.0,50724.0,24133.0,0.30099779031306184,0.5351084479702929,0.47384645591989005,12219.0,0.0,1.0
2024-10-29,AU2412.SHF,625.14,631.88,624.7,631.8,628.82,626.58,624.92,6.88,3.9,196824,12376907.5,158500,3132.0,48,0.6796878237447338,0.3948640272643023,8,AU2502.SHF,633.6,630.96,129332,1.8000000000000682,AU2411.SHF,630.2,627.2,17,1.599999999999909,AU2510.SHF,641.22,638.66,351,11.019999999999982,0.01910951185537528,0.018944355063519287,97735.0,51744.0,3577.0,824.0,38.0,51623.0,25131.0,0.3076753256310251,0.5281935846933034,0.4856794990723562,12219.0,0.0,1.0
2024-10-30,AU2412.SHF,630.8,639.48,630.04,638.62,635.04,631.8,628.82,9.8,6.22,238598,15152193.14,158293,-207.0,47,0.6812745022457121,0.38958676872338854,8,AU2502.SHF,640.5,637.1,132434,1.8799999999999955,AU2411.SHF,637.8,635.26,16,0.82000000000005,AU2510.SHF,648.18,645.28,350,10.379999999999995,0.017785219776815093,0.0176420465810234,95594.0,52451.0,-2034.0,964.0,36.0,49729.0,25454.0,0.2914181498868587,0.5202104734606775,0.48529103353606223,12219.0,0.0,1.0
2024-10-31,AU2412.SHF,637.6,639.3,633.72,635.66,636.54,638.62,635.04,0.62,1.5,263617,16780319.27,145778,-12515.0,46,0.6850878264417491,0.36869793062981493,8,AU2502.SHF,637.8,638.62,133086,2.1399999999999864,AU2411.SHF,636.7,636.3,15,-1.0400000000000773,AU2510.SHF,644.82,646.08,349,8.120000000000005,0.013936944706472163,0.01384882241383272,84146.0,50067.0,-11361.0,-2127.0,36.0,40940.0,24356.0,0.2539172807403158,0.4865353076795094,0.4864681327021791,12219.0,0.0,1.0
2024-11-01,AU2412.SHF,633.86,634.0,624.18,629.72,628.72,635.66,636.54,-6.82,-7.82,323563,20343129.62,134619,-11159.0,45,0.6851040583717813,0.34960888805784096,8,AU2502.SHF,631.68,631.08,131041,1.9599999999999227,AU2411.SHF,625.5,628.04,14,4.220000000000027,AU2510.SHF,639.12,637.92,348,13.620000000000005,0.02379557431898794,0.023540205381405818,75328.0,49582.0,-8166.0,-11.0,35.0,36413.0,23591.0,0.20611640381074373,0.483392629566695,0.475797668508733,12219.0,0.0,1.0
2024-11-04,AU2502.SHF,631.36,634.74,625.18,627.4,629.36,631.68,631.08,-3.68,-1.72,83337,5245035.33,130405,-636.0,105,0.22198396991095282,0.3468679345657667,8,AU2412.SHF,625.38,627.82,124428,-2.019999999999982,AU2411.SHF,623.76,626.58,11,3.6399999999999864,AU2510.SHF,634.78,637.14,345,11.019999999999982,0.019306807700489773,0.019138242983483756,68215.0,23410.0,-2174.0,1322.0,42.0,43108.0,9243.0,0.4890040927694407,0.6319431210144396,0.39483126868859464,12219.0,0.0,1.0
2024-11-05,AU2502.SHF,628.1,628.84,623.52,627.12,626.58,627.4,629.36,-2.24,-2.78,76195,4774233.33,135618,5213.0,104,0.26710064606140915,0.35569881869111813,8,AU2412.SHF,625.02,624.58,118123,-2.1000000000000227,AU2411.SHF,625.2,625.2,10,1.919999999999959,AU2510.SHF,634.66,634.18,344,9.459999999999923,0.01653554694832967,0.016411693760016784,70226.0,25138.0,2187.0,1790.0,39.0,44082.0,10223.0,0.4727989597751772,0.6277162304559565,0.4066751531545867,12219.0,0.0,1.0
2024-11-06,AU2502.SHF,627.0,633.16,624.24,626.18,629.28,627.12,626.58,-0.4,2.7,117342,7384172.68,142426,6808.0,103,0.2603983356449376,0.3662833908975648,8,AU2412.SHF,624.06,626.96,114179,-2.1200000000000045,AU2411.SHF,623.16,624.7,9,3.019999999999982,AU2510.SHF,633.0,636.82,343,9.840000000000032,0.017256071335088306,0.017121247881679992,75258.0,27042.0,5756.0,2160.0,42.0,46238.0,10882.0,0.47131964809384164,0.614393154216163,0.4024110642703942,12219.0,0.0,1.0
2024-11-07,AU2502.SHF,624.22,624.26,612.8,613.48,616.4,626.18,629.28,-15.8,-12.88,137341,8465741.86,145546,3120.0,102,0.2448831491165977,0.375280081890917,8,AU2412.SHF,611.32,614.4,106837,-2.159999999999968,AU2411.SHF,612.02,613.12,8,1.4600000000000364,AU2510.SHF,620.72,623.36,342,8.700000000000045,0.01553459859145164,0.015425220051208223,77097.0,28364.0,2619.0,2429.0,42.0,46733.0,11318.0,0.4620949924616683,0.6061584756864729,0.39902693555210833,12219.0,0.0,1.0
2024-11-08,AU2502.SHF,614.88,621.86,614.88,617.64,618.46,613.48,616.4,1.24,2.06,110575,6838767.04,150117,4571.0,101,0.2699578370169995,0.38262064184289607,8,AU2412.SHF,615.48,616.28,102813,-2.159999999999968,AU2411.SHF,616.88,618.38,7,0.7599999999999909,AU2510.SHF,624.8,625.82,341,7.919999999999959,0.01403042702042412,0.013941123638567046,80036.0,29531.0,3514.0,1343.0,42.0,49089.0,11806.0,0.46095083373643525,0.613336498575641,0.3997832785886018,12219.0,0.0,1.0
2024-11-11,AU2502.SHF,620.0,624.58,616.52,617.96,620.48,617.64,618.46,-0.5,2.02,114567,7108716.02,154953,4836.0,98,0.28361959271783854,0.3963043005665034,8,AU2412.SHF,615.78,618.18,94600,-2.1800000000000637,AU2411.SHF,618.38,618.38,4,-0.4199999999999591,AU2510.SHF,625.34,627.48,338,6.960000000000036,0.01229986096567178,0.012231157210770609,81509.0,31504.0,1579.0,2455.0,41.0,49176.0,12840.0,0.44247122012511836,0.6033198787863917,0.4075672930421534,12219.0,0.0,1.0
2024-11-12,AU2502.SHF,615.02,616.26,606.76,607.8,610.14,617.96,620.48,-12.68,-10.34,134441,8203018.77,150871,-4082.0,97,0.30034895982270515,0.3902216336591409,8,AU2504.SHF,609.74,612.34,92121,1.9400000000000546,AU2411.SHF,618.38,618.38,3,-10.580000000000041,AU2510.SHF,615.2,617.38,337,-3.17999999999995,-0.005619764061901605,-0.005634263523277443,79091.0,31613.0,-1654.0,1088.0,40.0,48906.0,13646.0,0.42887339210868625,0.6183510133896398,0.4316578622718502,12219.0,0.0,1.0
2024-11-13,AU2502.SHF,606.68,609.24,604.68,606.52,607.12,607.8,610.14,-3.62,-3.02,106601,6472152.42,151816,945.0,96,0.3118082368082368,0.388601208683477,8,AU2504.SHF,608.64,609.18,95946,2.1200000000000045,AU2411.SHF,618.38,618.38,2,-11.860000000000014,AU2510.SHF,614.36,614.72,336,-4.019999999999982,-0.007104230040517239,-0.007127422400710016,80362.0,33405.0,1369.0,1859.0,42.0,49517.0,15788.0,0.4127471059270263,0.6161743112416316,0.47262385870378687,13449.0,1230.0,1.0
2024-11-14,AU2502.SHF,606.7,608.4,594.2,595.14,602.1,606.52,607.12,-11.98,-5.02,140986,8488780.8,153426,1610.0,95,0.3130253686739284,0.39443767449752426,8,AU2504.SHF,597.06,603.24,96419,1.919999999999959,AU2411.SHF,618.38,618.38,1,-23.24000000000001,AU2510.SHF,602.44,608.68,335,-15.93999999999994,-0.028169509165633162,-0.02853893459945117,81226.0,35391.0,1315.0,2142.0,40.0,50533.0,16288.0,0.39303875078247597,0.6221283825376112,0.460230001977904,13449.0,0.0,1.0
2024-11-15,AU2502.SHF,595.14,599.36,594.12,595.38,596.68,595.14,602.1,-6.72,-5.42,121607,7256101.92,156169,2743.0,94,0.3395335591175986,0.3979841997961264,8,AU2504.SHF,597.36,598.38,99111,1.9800000000000182,AU2412.SHF,593.3,594.64,31,2.080000000000041,AU2510.SHF,602.86,603.98,334,9.56000000000006,0.01941036847659171,0.019255646115261784,82898.0,38267.0,1855.0,2876.0,40.0,50884.0,18068.0,0.36834894565262244,0.613814567299573,0.4721561658870567,13449.0,0.0,1.0
2024-11-18,AU2502.SHF,597.28,604.64,595.18,602.82,599.86,595.38,596.68,6.14,3.18,142203,8530446.33,160973,4804.0,91,0.33970688357759704,0.40562374481231084,8,AU2504.SHF,604.74,602.32,98697,1.919999999999959,AU2412.SHF,600.6,597.44,28,2.2200000000000273,AU2512.SHF,612.34,611.32,392,11.740000000000009,0.01960082042499622,0.019411711024726927,84638.0,39968.0,2218.0,1917.0,42.0,52156.0,19228.0,0.3584899603550391,0.6162243909355136,0.4810848678943154,13449.0,0.0,1.0
2024-11-19,AU2502.SHF,604.52,612.36,603.94,612.12,608.36,602.82,599.86,12.26,8.5,121832,7411795.83,164312,3339.0,90,0.38086782543453795,0.41219796098579115,8,AU2504.SHF,614.02,610.1,99246,1.8999999999999773,AU2412.SHF,609.84,605.78,27,2.2799999999999727,AU2512.SHF,621.78,620.26,391,11.93999999999994,0.019632694145681043,0.019442973163789425,86600.0,39149.0,2163.0,-818.0,40.0,51990.0,19561.0,0.3773469371525817,0.6003464203233256,0.4996551636057115,13449.0,0.0,1.0
2024-11-20,AU2502.SHF,615.02,615.72,610.3,612.72,613.38,612.12,608.36,4.36,5.02,147304,9035415.59,163818,-494.0,89,0.40064405931438146,0.4186667007424256,8,AU2504.SHF,614.6,615.38,98993,1.8799999999999955,AU2412.SHF,610.6,611.16,26,2.1200000000000045,AU2512.SHF,622.12,623.6,390,11.519999999999982,0.018918520064933417,0.018742268556558743,88393.0,39799.0,1940.0,650.0,40.0,53218.0,19425.0,0.3790720169745382,0.6020612491939407,0.4880775898891932,13740.0,291.0,1.0
2024-11-21,AU2502.SHF,613.8,620.22,613.4,619.94,617.32,612.72,613.38,6.56,3.94,173504,10711092.51,170696,6878.0,88,0.4721582714235176,0.43498625186982215,8,AU2504.SHF,621.96,619.3,96965,2.019999999999982,AU2412.SHF,617.7,615.0,25,2.240000000000009,AU2512.SHF,629.36,627.0,389,11.659999999999968,0.01892833570832603,0.018751902394186202,93537.0,41966.0,5222.0,2167.0,39.0,55677.0,20249.0,0.38058935964517393,0.5952403861573495,0.4825096506695897,13740.0,0.0,1.0
2024-11-22,AU2502.SHF,620.24,627.96,619.52,627.88,623.0,619.94,617.32,10.56,5.68,243349,15160827.82,180353,9657.0,87,0.5789103071912683,0.45547367464037497,8,AU2504.SHF,629.98,625.0,97440,2.1000000000000227,AU2412.SHF,625.44,620.56,24,2.439999999999941,AU2512.SHF,637.3,633.84,388,11.8599999999999,0.019014745487308554,0.018836707693943085,99554.0,45410.0,6400.0,3480.0,38.0,59263.0,21441.0,0.37349962749372256,0.5952849709705286,0.47216472142699845,13740.0,0.0,1.0
2024-11-25,AU2502.SHF,630.0,631.14,616.84,619.16,625.72,627.88,623.0,-3.84,2.72,405143,25351389.47,174508,-5845.0,84,0.6544751104541746,0.46082871425440275,8,AU2504.SHF,621.02,627.38,95116,1.8600000000000136,AU2412.SHF,616.94,623.44,21,2.2199999999999136,AU2512.SHF,628.4,634.34,385,11.459999999999923,0.018626582028209302,0.01845569548650882,101094.0,44724.0,1716.0,335.0,36.0,62750.0,20463.0,0.38657778875036003,0.6207094387401824,0.45753957606654144,13740.0,0.0,1.0
2024-11-26,AU2502.SHF,622.0,623.34,607.6,610.84,613.76,619.16,625.72,-14.88,-11.96,395721,24288329.91,166451,-8057.0,83,0.6707908708122292,0.45089121248239244,8,AU2504.SHF,612.82,615.86,101207,1.9800000000000182,AU2412.SHF,608.84,611.84,20,2.0,AU2512.SHF,620.08,623.06,384,11.240000000000009,0.018512054268574777,0.01834325004135517,100063.0,44855.0,-967.0,391.0,35.0,63172.0,21346.0,0.3809602671855808,0.6313222669718077,0.4758889755880058,13740.0,0.0,1.0
2024-11-27,AU2502.SHF,612.6,616.86,609.3,616.46,612.78,610.84,613.76,2.7,-0.98,318560,19521217.68,168097,1646.0,82,0.7186639203910961,0.4551970840870441,8,AU2504.SHF,618.24,614.84,100825,1.7799999999999727,AU2412.SHF,614.38,610.86,19,2.080000000000041,AU2512.SHF,625.64,622.88,383,11.259999999999991,0.018377769565959316,0.018211390807131703,101928.0,45752.0,1902.0,1073.0,36.0,63897.0,22612.0,0.3803900325027086,0.626883682599482,0.49422976044763073,13950.0,210.0,1.0
2024-11-28,AU2502.SHF,617.02,618.48,608.6,613.2,613.66,616.46,612.78,0.42,0.88,358088,21974890.92,172214,4117.0,81,0.7496650365110203,0.4610532684734273,8,AU2504.SHF,615.02,615.0,103597,1.8199999999999363,AU2412.SHF,611.66,611.76,18,1.5400000000000773,AU2512.SHF,622.5,623.14,382,10.840000000000032,0.01777095154134702,0.017615316902458225,103591.0,46396.0,1913.0,1017.0,36.0,65668.0,23504.0,0.3813330488642349,0.6339160737901941,0.506595396154841,13950.0,0.0,1.0
2024-11-29,AU2502.SHF,615.0,619.24,611.42,618.8,615.34,613.2,613.66,5.14,1.68,279763,17215243.44,176302,4088.0,80,0.7750633735507196,0.4675379091241786,8,AU2504.SHF,620.5,617.38,106029,1.7000000000000455,AU2412.SHF,617.12,614.08,17,1.67999999999995,AU2512.SHF,627.66,624.7,381,10.539999999999964,0.01712625752520737,0.0169816491900809,105550.0,49246.0,1959.0,2906.0,36.0,66502.0,25494.0,0.3637303289490684,0.6300521080056846,0.5176867156723388,13950.0,0.0,1.0
2024-12-02,AU2502.SHF,618.14,619.46,610.34,613.28,615.34,618.8,615.34,-2.06,0.0,312505,19229870.31,173499,-2803.0,77,0.7797108753580375,0.4715646251107572,8,AU2504.SHF,615.14,616.72,103745,1.8600000000000136,AU2412.SHF,611.6,612.88,14,1.67999999999995,AU2512.SHF,622.38,623.56,378,10.779999999999973,0.017674322080796927,0.017520365618579194,102669.0,48829.0,-2881.0,-201.0,36.0,65312.0,25129.0,0.3553842294947788,0.6361413863970624,0.5146326977820558,13950.0,0.0,1.0
2024-12-03,AU2502.SHF,617.04,620.52,615.22,619.32,617.76,613.28,615.34,3.98,2.42,253047,15632581.31,174879,1380.0,76,0.7484361182013659,0.46523364237353515,8,AU2504.SHF,621.02,619.64,108977,1.6999999999999318,AU2412.SHF,617.98,615.54,13,1.3400000000000318,AU2512.SHF,628.32,627.0,377,10.340000000000032,0.01677789992136736,0.01663908288367979,101498.0,48587.0,-1171.0,-33.0,35.0,62840.0,25073.0,0.35254022720458406,0.6191255000098524,0.5160433860909297,13950.0,0.0,1.0
2024-12-04,AU2502.SHF,617.7,621.18,616.88,618.22,618.84,619.32,617.76,0.46,1.08,256109,15849095.49,170305,-4574.0,75,0.7854971829214806,0.4582686403302236,8,AU2504.SHF,619.98,620.62,109809,1.759999999999991,AU2412.SHF,617.0,617.42,12,1.2200000000000273,AU2512.SHF,627.62,628.04,376,10.620000000000005,0.017259604253121372,0.01711274811863996,96248.0,48242.0,-5250.0,-210.0,35.0,58206.0,24602.0,0.3322444459824209,0.6047502285761782,0.5099705650677833,14163.0,213.0,1.0
2024-12-05,AU2502.SHF,616.0,620.4,614.74,618.4,618.38,618.22,618.84,-0.44,-0.46,247844,15326448.64,171666,1361.0,74,0.7680346081022873,0.4593955223481179,8,AU2504.SHF,620.14,620.1,111518,1.740000000000009,AU2412.SHF,617.32,617.34,11,1.0799999999999272,AU2512.SHF,627.84,627.14,375,10.519999999999982,0.01708822182806499,0.016944251511192786,96061.0,49308.0,-187.0,1066.0,36.0,57400.0,24241.0,0.32161602542495304,0.5975369817095387,0.49162407722884727,14163.0,0.0,1.0
2024-12-06,AU2502.SHF,619.2,619.74,610.72,615.94,615.28,618.4,618.38,-2.44,-3.1,312138,19205650.56,163056,-8610.0,73,0.7378695399337156,0.44048950482210875,8,AU2504.SHF,617.16,616.62,115865,1.2199999999999136,AU2412.SHF,615.36,613.98,10,0.5800000000000409,AU2512.SHF,624.36,623.84,374,9.0,0.01466576520203666,0.01455955187301128,90979.0,48081.0,-5082.0,-522.0,35.0,52268.0,21624.0,0.3084855458075651,0.5745062047285637,0.44974106195794594,14163.0,0.0,1.0
2024-12-09,AU2502.SHF,615.78,620.88,612.82,619.12,616.66,615.94,615.28,3.84,1.38,294562,18164809.142,162414,-642.0,70,0.7330950757330652,0.4372467673719265,8,AU2504.SHF,620.44,618.02,115702,1.32000000000005,AU2412.SHF,619.1,617.86,7,0.01999999999998181,AU2512.SHF,626.68,625.24,371,7.579999999999927,0.012277215596550045,0.012202664958891293,90799.0,49080.0,347.0,1061.0,36.0,52099.0,21968.0,0.2982506309024228,0.5737838522450688,0.4475957620211899,14163.0,0.0,1.0
2024-12-10,AU2502.SHF,620.7,624.88,619.94,621.44,622.34,619.12,616.66,4.78,5.68,261386,16267283.1,164398,1984.0,69,0.7372954981383278,0.4317367109350995,8,AU2504.SHF,622.86,623.64,119415,1.419999999999959,AU2412.SHF,621.0,621.96,6,0.44000000000005457,AU2512.SHF,628.34,629.38,370,7.340000000000032,0.011852117286900029,0.011782620455745463,91682.0,48641.0,933.0,5.0,36.0,50167.0,21891.0,0.3067280488587046,0.5471848345367684,0.45005242490902736,14163.0,0.0,1.0
2024-12-11,AU2502.SHF,624.2,629.4,622.7,627.06,626.0,621.44,622.34,4.72,3.66,299505,18749094.09,174105,9707.0,68,0.7080479715177979,0.4386499744275165,8,AU2504.SHF,628.36,627.42,123279,1.3000000000000682,AU2412.SHF,627.1,626.84,5,-0.04000000000007731,AU2512.SHF,633.9,633.16,369,6.7999999999999545,0.010873355634956507,0.010814825399774939,98359.0,49378.0,7444.0,737.0,35.0,54158.0,22793.0,0.3315418615512702,0.5506156020293008,0.4616023330228037,14154.0,-9.0,1.0
2024-12-12,AU2502.SHF,627.4,632.06,626.28,631.38,629.26,627.06,626.0,5.38,3.26,260864,16415600.47,176609,2504.0,67,0.721541640274716,0.43625472420522193,8,AU2504.SHF,632.8,630.66,126823,1.419999999999959,AU2412.SHF,631.1,630.06,4,0.2799999999999727,AU2512.SHF,639.0,636.94,368,7.899999999999977,0.012552215649981373,0.01247430195708632,96062.0,50268.0,-2103.0,890.0,37.0,50858.0,23577.0,0.3129501810975193,0.5294289104953052,0.4690260205299594,14364.0,210.0,1.0
2024-12-13,AU2502.SHF,628.6,630.0,622.7,625.6,625.94,631.38,629.26,-3.66,-3.32,297976,18651694.49,171425,-5184.0,66,0.726756551091686,0.4289099170327966,8,AU2504.SHF,627.14,627.62,126852,1.5399999999999636,AU2412.SHF,626.5,627.52,3,-0.8999999999999773,AU2512.SHF,633.12,634.12,367,6.6200000000000045,0.0105956692947913,0.010540080233136647,90036.0,46756.0,-6026.0,-3155.0,36.0,48297.0,21738.0,0.31639277150710565,0.5364187658270025,0.4649242877919411,15105.0,741.0,1.0
2024-12-16,AU2502.SHF,622.38,623.0,617.68,619.72,620.2,625.6,625.94,-6.22,-5.74,215352,13356172.61,163861,-7564.0,63,0.7256968782013263,0.41838951913330114,8,AU2504.SHF,621.24,621.72,126731,1.5199999999999818,AU2501.SHF,619.16,619.7,30,0.5600000000000591,AU2512.SHF,627.46,627.82,364,8.300000000000068,0.01464945939892316,0.014552138280592262,84830.0,45490.0,-5076.0,-1266.0,37.0,45356.0,20384.0,0.3018723143032535,0.5346693386773547,0.4480984831831172,15060.0,-45.0,1.0
2024-12-17,AU2502.SHF,621.1,622.7,618.36,619.14,620.78,619.72,620.2,-1.06,0.58,175582,10899842.93,153307,-10554.0,62,0.7533380243015034,0.4119539105619837,8,AU2504.SHF,620.68,622.3,127189,1.5399999999999636,AU2501.SHF,618.62,620.36,29,0.5199999999999818,AU2512.SHF,627.3,628.62,363,8.67999999999995,0.015333530669093886,0.01522695230849028,81874.0,45452.0,-2945.0,-30.0,37.0,42213.0,21457.0,0.2860531234783155,0.5155849231746342,0.47208043650444426,15057.0,-3.0,1.0
2024-12-18,AU2502.SHF,617.5,620.12,615.26,618.5,617.68,619.14,620.78,-2.28,-3.1,170427,10527112.954,152072,-1235.0,61,0.7217599003925853,0.40995282383070497,8,AU2504.SHF,620.2,619.4,127557,1.7000000000000455,AU2501.SHF,617.98,616.72,28,0.5199999999999818,AU2512.SHF,626.54,625.6,362,8.559999999999945,0.015137206734787653,0.01503332777192319,81141.0,45701.0,-733.0,249.0,37.0,42683.0,20677.0,0.27940272149603446,0.5260349268557203,0.4524408656265727,15051.0,-6.0,1.0
2024-12-19,AU2502.SHF,618.1,619.58,608.88,613.52,614.7,618.5,617.68,-4.16,-2.98,232966,14320659.07,151916,-156.0,60,0.7024347590116236,0.40863338766858726,8,AU2504.SHF,614.98,615.94,128165,1.4600000000000364,AU2501.SHF,612.82,615.0,27,0.6999999999999318,AU2512.SHF,620.96,621.18,361,8.139999999999986,0.014515696259971704,0.014420136579766806,81104.0,46867.0,47.0,1166.0,38.0,42550.0,20591.0,0.2675371763915262,0.5246350364963503,0.4393496490067638,15051.0,0.0,1.0
2024-12-20,AU2502.SHF,613.0,614.4,609.4,613.94,611.56,613.52,614.7,-0.76,-3.14,238580,14590825.91,151390,-526.0,59,0.7084528539443287,0.4058658731116205,8,AU2504.SHF,615.2,613.02,130226,1.259999999999991,AU2501.SHF,613.4,610.94,26,0.5400000000000773,AU2512.SHF,621.22,619.42,360,7.82000000000005,0.013931868899956895,0.013843810513737979,79252.0,45126.0,-1728.0,-299.0,37.0,40082.0,20457.0,0.27437328144848766,0.5057537980114066,0.45333067411248507,15051.0,0.0,1.0
2024-12-23,AU2502.SHF,613.3,620.38,612.68,620.14,617.16,613.94,611.56,8.58,5.6,238867,14742351.62,150296,-1094.0,56,0.695851406897717,0.40197919174088637,8,AU2504.SHF,621.54,618.48,131126,1.3999999999999773,AU2501.SHF,619.24,616.52,23,0.8999999999999773,AU2512.SHF,627.78,625.12,357,8.539999999999964,0.015071110927166996,0.014968133042791458,79940.0,45117.0,688.0,510.0,36.0,40410.0,21063.0,0.2784570235972397,0.505504128096072,0.4668528492585943,15051.0,0.0,1.0
2024-12-24,AU2502.SHF,617.16,618.44,615.6,617.58,617.18,620.14,617.16,0.42,0.02,166109,10252236.24,142939,-7357.0,55,0.7146624790259433,0.38922608982161483,8,AU2504.SHF,618.96,618.62,130580,1.3799999999999955,AU2501.SHF,616.62,616.28,22,0.9600000000000364,AU2512.SHF,625.28,624.94,356,8.659999999999968,0.015347819491890837,0.01524104332486265,76386.0,44107.0,-2518.0,-968.0,37.0,38515.0,20479.0,0.2678910808096736,0.5042154321472521,0.4643027183893713,15150.0,99.0,1.0
2024-12-25,AU2502.SHF,616.56,619.78,615.84,619.0,617.42,617.58,617.18,1.82,0.24,121378,7494338.87,143306,367.0,54,0.7387044159890939,0.38915833437430414,8,AU2504.SHF,620.3,618.76,130604,1.2999999999999545,AU2501.SHF,617.82,616.4,21,1.17999999999995,AU2512.SHF,626.52,625.68,355,8.699999999999932,0.01538876214745396,0.015281418187178266,76363.0,43870.0,33.0,156.0,37.0,37519.0,20167.0,0.27025026407059627,0.49132433246467533,0.4596991110098017,15147.0,-3.0,1.0
2024-12-26,AU2502.SHF,619.32,621.2,617.2,619.74,619.56,619.0,617.42,2.32,2.14,86289,5346231.35,141497,-1809.0,53,0.6876549014607556,0.38549578806272683,8,AU2504.SHF,621.12,621.08,130327,1.3799999999999955,AU2501.SHF,618.64,618.84,20,1.1000000000000227,AU2512.SHF,627.58,627.52,354,8.940000000000055,0.01579231940877081,0.015679299119385773,73981.0,43493.0,-2382.0,-358.0,37.0,35754.0,20404.0,0.25952976828915336,0.48328624917208474,0.46913296392522935,15147.0,0.0,1.0
2024-12-27,AU2502.SHF,619.74,621.92,618.6,620.22,620.46,619.74,619.56,0.66,0.9,152084,9436220.98,139590,-1907.0,52,0.7104338727157218,0.38101139021800545,8,AU2504.SHF,621.88,621.9,131086,1.6599999999999682,AU2501.SHF,618.98,619.44,19,1.240000000000009,AU2512.SHF,628.02,628.2,353,9.039999999999964,0.01596019567056699,0.015844771422541617,73985.0,42062.0,4.0,-1431.0,37.0,35541.0,20070.0,0.27508681827190706,0.48038115834290734,0.47715277447577387,15147.0,0.0,1.0
2024-12-30,AU2504.SHF,620.64,621.06,617.44,619.38,619.2,621.88,621.9,-2.52,-2.7,53088,3287314.83,132177,1091.0,106,0.19327006039689387,0.38183015712069607,8,AU2502.SHF,617.66,617.6,116790,-1.7200000000000273,AU2501.SHF,617.14,616.88,16,2.240000000000009,AU2512.SHF,625.82,625.82,350,8.680000000000064,0.015370302917514785,0.015263215134723855,55215.0,18215.0,1735.0,1486.0,36.0,37861.0,8366.0,0.5038812474465477,0.6857013492710314,0.4592917924787263,15147.0,0.0,1.0
2024-12-31,AU2504.SHF,620.24,620.92,616.64,619.44,618.44,619.38,619.2,0.24,-0.76,63625,3934874.16,134111,1934.0,105,0.22998290264629442,0.39723057328613953,8,AU2502.SHF,617.6,616.68,104047,-1.8400000000000318,AU2501.SHF,618.0,615.22,15,1.4400000000000546,AU2512.SHF,625.8,624.92,349,7.7999999999999545,0.013792802744026408,0.013706486313287957,56655.0,19049.0,1465.0,944.0,38.0,38640.0,8760.0,0.49675050195498255,0.6820227693936987,0.4598666596671741,15147.0,0.0,1.0
2025-01-02,AU2504.SHF,623.44,625.8,622.98,624.14,624.16,619.44,618.44,5.7,5.72,40001,2496749.3,138525,4414.0,103,0.27444563367912617,0.4024093725580193,8,AU2502.SHF,622.4,622.48,103372,-1.740000000000009,AU2501.SHF,620.9,621.8,13,3.240000000000009,AU2512.SHF,630.38,630.66,347,9.480000000000018,0.01668526371319221,0.01655916895253179,61123.0,19389.0,4938.0,507.0,36.0,41285.0,9146.0,0.5183575119236884,0.67544132323348,0.47171076383516425,15147.0,0.0,1.0
2025-01-03,AU2504.SHF,627.04,630.16,625.0,629.22,627.84,624.14,624.16,5.06,3.68,85643,5377153.27,143601,5076.0,102,0.2898750372315941,0.4037001844188557,8,AU2502.SHF,627.96,626.36,102944,-1.259999999999991,AU2501.SHF,626.62,622.62,12,2.6000000000000227,AU2512.SHF,634.72,634.24,346,8.100000000000023,0.014126258988199695,0.014035736739120603,69828.0,20432.0,8849.0,1548.0,36.0,43684.0,9220.0,0.5472634611123421,0.6255943174657731,0.45125293657008614,15147.0,0.0,1.0
2025-01-06,AU2504.SHF,630.0,630.38,625.74,626.2,628.54,629.22,627.84,-1.64,0.7,89184,5605606.78,142162,-1439.0,99,0.2969434640740494,0.4047858361118783,8,AU2502.SHF,624.92,627.26,95625,-1.2800000000000864,AU2501.SHF,623.8,625.06,9,2.400000000000091,AU2512.SHF,631.72,634.16,343,7.920000000000073,0.01387478329650415,0.013787442057709895,70401.0,21871.0,591.0,1533.0,37.0,43490.0,9946.0,0.5259450320790706,0.6177469070041619,0.45475744136070595,15147.0,0.0,1.0
2025-01-07,AU2504.SHF,628.0,628.24,620.4,626.2,624.48,626.2,628.54,-2.34,-4.06,121750,7603070.15,144412,2250.0,98,0.30739593353683325,0.41394452916289254,8,AU2506.SHF,627.3,625.82,86973,1.099999999999909,AU2501.SHF,624.24,623.94,8,1.9600000000000364,AU2512.SHF,631.48,630.58,342,7.240000000000009,0.012674573958580314,0.012601636862522162,72375.0,22184.0,1974.0,478.0,38.0,44965.0,9408.0,0.5307903002358316,0.6212780656303972,0.42408943382618103,15147.0,0.0,1.0
2025-01-08,AU2504.SHF,628.58,629.84,626.12,629.2,628.28,626.2,624.48,4.72,3.8,96480,6061646.58,144703,291.0,97,0.32571816331146797,0.4108009743190838,8,AU2506.SHF,630.08,629.18,89164,0.8799999999999955,AU2501.SHF,623.24,626.16,7,5.960000000000036,AU2512.SHF,634.0,633.42,341,10.759999999999991,0.01886702174881348,0.018706006398641603,74990.0,23745.0,2628.0,1773.0,37.0,45858.0,10053.0,0.5190155466653162,0.6115215362048273,0.4233733417561592,15147.0,0.0,1.0
2025-01-09,AU2504.SHF,629.4,632.92,627.88,632.9,630.44,629.2,628.28,4.62,2.16,112466,7090389.92,149758,5055.0,96,0.3467769288167786,0.41772568534035504,8,AU2506.SHF,633.7,631.16,94793,0.8000000000000682,AU2501.SHF,627.32,627.32,6,5.579999999999927,AU2512.SHF,636.88,635.12,340,9.559999999999945,0.01665386945932131,0.016528246385167727,76897.0,28321.0,1923.0,4985.0,36.0,46487.0,11738.0,0.4616700564542189,0.6045359376828745,0.41446276614526323,15147.0,0.0,1.0
2025-01-10,AU2504.SHF,635.0,637.0,632.72,636.88,634.82,632.9,630.44,6.44,4.38,110900,7040284.83,158698,8940.0,95,0.39021678319217734,0.4308195991454082,8,AU2506.SHF,637.8,635.84,98277,0.9199999999999591,AU2501.SHF,632.7,632.7,5,4.17999999999995,AU2512.SHF,641.4,639.56,339,8.699999999999932,0.015026845313640106,0.014924468723858698,86017.0,32216.0,9440.0,3955.0,37.0,49286.0,14023.0,0.4550421625096208,0.5729797598149203,0.43528060591010675,15147.0,0.0,1.0
2025-01-13,AU2504.SHF,636.7,640.94,632.8,638.72,638.14,636.88,634.82,3.9,3.32,179381,11447375.73,166909,8211.0,92,0.37879574960511536,0.45095549317389083,8,AU2506.SHF,639.84,638.9,98526,1.1200000000000045,AU2501.SHF,632.7,632.7,2,6.019999999999982,AU2512.SHF,643.88,643.14,336,11.17999999999995,0.019310359839827214,0.01914173345088137,93039.0,35639.0,7330.0,4631.0,38.0,52136.0,15608.0,0.4460746980835885,0.5603671578585324,0.437947192682174,15147.0,0.0,1.0
2025-01-14,AU2504.SHF,634.6,635.34,632.14,633.6,633.74,638.72,638.14,-4.54,-4.4,152096,9639114.55,163406,-3503.0,91,0.4428424184898123,0.4603011847954073,8,AU2506.SHF,634.84,634.96,94543,1.240000000000009,AU2501.SHF,632.7,632.7,1,0.8999999999999773,AU2512.SHF,639.02,639.18,335,6.319999999999936,0.010916053147379813,0.010861893632914304,91961.0,35001.0,-1031.0,-367.0,41.0,52270.0,14746.0,0.448638175202029,0.5683931231717794,0.4213022485071855,15147.0,0.0,1.0
2025-01-15,AU2504.SHF,633.24,637.46,631.16,636.84,633.86,633.6,633.74,3.1,0.12,187460,11882396.4,172863,9457.0,90,0.5595152817574021,0.4828224765799132,8,AU2506.SHF,638.06,635.4,96037,1.2199999999999136,AU2502.SHF,634.98,632.12,33,1.8600000000000136,AU2512.SHF,642.62,639.98,334,7.639999999999986,0.01459014744912056,0.014503071793558971,99970.0,40527.0,8009.0,5692.0,40.0,56292.0,17203.0,0.42309088450287197,0.5630889266780034,0.42448244380289685,15147.0,0.0,1.0
2025-01-16,AU2504.SHF,637.86,640.66,635.18,639.12,638.04,636.84,633.86,5.26,4.18,230185,14687013.58,175681,2818.0,89,0.6128118502426648,0.4985272417707151,8,AU2506.SHF,640.28,639.56,96824,1.1599999999999682,AU2502.SHF,637.42,636.32,32,1.7000000000000455,AU2602.SHF,646.5,645.5,404,9.080000000000041,0.013976875192096675,0.013878260823216264,104773.0,44618.0,6387.0,4222.0,39.0,59220.0,20275.0,0.4026681660876492,0.5652219560382923,0.4544130171679591,15147.0,0.0,1.0
2025-01-17,AU2504.SHF,640.36,643.92,639.6,640.68,642.0,639.12,638.04,2.64,3.96,239089,15349963.89,185487,9806.0,88,0.6534700280969509,0.5242604018575099,8,AU2506.SHF,641.62,643.12,95572,0.9400000000000546,AU2502.SHF,638.88,640.06,31,1.7999999999999545,AU2602.SHF,647.5,648.8,403,8.620000000000005,0.013238473107508027,0.013149959259288415,112377.0,48322.0,7690.0,3711.0,39.0,64315.0,22898.0,0.39860235595741106,0.5723146195395855,0.4738628368031125,15141.0,-6.0,1.0
2025-01-20,AU2504.SHF,641.3,641.6,634.22,639.8,638.54,640.68,642.0,-2.2,-3.46,242354,15475473.02,186005,518.0,85,0.6711380774226064,0.5304516703074826,8,AU2506.SHF,640.7,639.34,98891,0.900000000000091,AU2502.SHF,638.0,636.56,28,1.7999999999999545,AU2602.SHF,646.66,644.5,400,8.659999999999968,0.013318249233154673,0.013228670188813713,111719.0,49098.0,-658.0,1236.0,38.0,63457.0,22154.0,0.3893929124408489,0.5680054422255838,0.4512200089616685,15141.0,0.0,1.0
2025-01-21,AU2504.SHF,638.6,640.26,633.56,639.78,637.3,639.8,638.54,1.24,-1.24,262165,16708061.47,189041,3036.0,84,0.6989351945655999,0.5391528295106467,8,AU2506.SHF,640.88,638.68,99264,1.1000000000000227,AU2502.SHF,637.96,635.74,27,1.8199999999999363,AU2602.SHF,647.02,645.52,399,9.059999999999945,0.013934284483403612,0.013836267396312094,113171.0,50222.0,2935.0,1183.0,39.0,63333.0,23063.0,0.3852613025037792,0.5596221646888337,0.45922105850025885,15141.0,0.0,1.0
2025-01-22,AU2504.SHF,639.92,648.86,639.3,645.46,643.56,639.78,637.3,8.16,6.26,288931,18594767.69,208119,19078.0,83,0.7297158732163151,0.560318229545271,8,AU2506.SHF,646.26,645.2,104476,0.7999999999999545,AU2502.SHF,643.48,641.68,26,1.9800000000000182,AU2602.SHF,652.68,652.8,398,9.199999999999932,0.014028224218981332,0.013928887354242817,124674.0,56227.0,11503.0,6193.0,38.0,67981.0,26309.0,0.3783671732052338,0.5452700643277668,0.46790687747879134,15141.0,0.0,1.0
2025-01-23,AU2504.SHF,646.8,647.62,645.1,646.2,646.16,645.46,643.56,2.64,2.6,214608,13867435.75,207871,-248.0,82,0.7523874966694246,0.5677611956604867,8,AU2506.SHF,647.12,647.08,103620,0.9199999999999591,AU2502.SHF,644.24,644.18,25,1.9600000000000364,AU2602.SHF,653.14,653.64,397,8.899999999999977,0.01355477288234268,0.013461998593838957,125183.0,55389.0,509.0,-627.0,40.0,68679.0,25474.0,0.3865161819108167,0.5486288074259285,0.45991081261622346,15141.0,0.0,1.0
2025-01-24,AU2504.SHF,644.66,649.96,642.44,648.9,646.4,646.2,646.16,2.74,0.24,258223,16691951.31,206235,-1636.0,81,0.7499920128027511,0.5685116729104126,8,AU2506.SHF,649.76,647.92,105551,0.8600000000000136,AU2502.SHF,646.62,644.7,24,2.2799999999999727,AU2602.SHF,656.48,654.54,396,9.860000000000014,0.014961588515034211,0.014848663959232358,121974.0,53988.0,-2948.0,-1386.0,39.0,65688.0,25457.0,0.3863675111671838,0.5385410005410989,0.47153071052826556,15141.0,0.0,1.0
2025-01-27,AU2504.SHF,649.52,651.9,645.06,647.54,648.88,648.9,646.4,1.14,2.48,224576,14572378.74,199780,-6455.0,78,0.7821241502284632,0.568255837436392,8,AU2506.SHF,648.3,649.46,103358,0.7599999999999909,AU2502.SHF,646.36,646.9,21,1.17999999999995,AU2602.SHF,653.76,656.5,393,7.399999999999977,0.011233295204177207,0.011169478351348556,117094.0,51496.0,-4880.0,-2492.0,39.0,63864.0,23632.0,0.38909781125808174,0.5454079628332792,0.4589094298586298,15141.0,0.0,1.0
2025-02-05,AU2504.SHF,668.0,671.12,666.24,670.64,668.94,647.54,648.88,21.76,20.06,118435,7922797.64,205925,6145.0,69,0.7162078807963039,0.5720091221462044,8,AU2506.SHF,671.54,670.12,105229,0.8999999999999773,AU2502.SHF,669.0,667.06,12,1.6399999999999864,AU2602.SHF,678.2,676.72,384,9.200000000000045,0.013493096742048134,0.013401160996258397,121057.0,53458.0,3963.0,1962.0,38.0,66086.0,24403.0,0.3873535226198321,0.5459081259241514,0.45648920647985336,15141.0,0.0,1.0
2025-02-06,AU2504.SHF,672.42,674.2,668.28,668.46,671.8,670.64,668.94,-0.48,2.86,227629,15292349.78,205601,-324.0,68,0.7561144125081797,0.5679036557238941,8,AU2506.SHF,669.8,672.72,106593,1.3399999999999181,AU2502.SHF,666.8,669.78,11,1.6600000000000819,AU2602.SHF,676.1,679.38,383,9.300000000000068,0.013684763047390707,0.013590209073380677,117917.0,53402.0,-2634.0,202.0,37.0,65069.0,24816.0,0.37657819623042393,0.5518203482110298,0.4647016965656717,15141.0,0.0,1.0
2025-02-07,AU2504.SHF,670.48,671.72,664.46,669.9,669.02,668.46,671.8,-1.9,-2.78,232702,15568496.95,199458,-6143.0,67,0.7542574501325693,0.5600880604517029,8,AU2506.SHF,671.2,670.44,106470,1.3000000000000682,AU2502.SHF,667.9,668.16,10,2.0,AU2602.SHF,677.24,677.38,382,9.340000000000032,0.013720987141530194,0.013625934241615362,111987.0,51316.0,-5347.0,-2086.0,36.0,63783.0,24290.0,0.3715240993735571,0.5695571807441935,0.4733416478291371,15141.0,0.0,1.0
2025-02-10,AU2504.SHF,670.5,679.5,668.2,679.08,673.66,669.9,669.02,10.06,4.64,371683,25038963.73,201630,2172.0,64,0.7484931782711575,0.5519739165427922,8,AU2506.SHF,680.58,675.4,111371,1.5,AU2502.SHF,677.62,673.8,7,1.4600000000000364,AU2602.SHF,686.82,682.2,379,9.200000000000045,0.01332145113844058,0.013231829209448792,111667.0,53695.0,430.0,3187.0,38.0,62599.0,24640.0,0.3505763113653681,0.5605863863092946,0.45888816463357857,15141.0,0.0,1.0
2025-02-11,AU2504.SHF,682.22,691.76,679.84,685.74,684.58,679.08,673.66,12.08,10.92,411552,28174498.73,193613,-8017.0,63,0.7408743553047282,0.5298340001423012,8,AU2506.SHF,687.18,686.44,113454,1.4399999999999409,AU2502.SHF,682.8,683.06,6,2.9400000000000546,AU2602.SHF,693.72,693.5,378,10.920000000000073,0.015692027136837112,0.015567868107974128,102674.0,53259.0,-8993.0,-283.0,37.0,56308.0,24118.0,0.3168989245381029,0.5484153729279078,0.452843650838356,15141.0,0.0,1.0
2025-02-12,AU2504.SHF,680.0,685.12,677.0,681.22,681.42,685.74,684.58,-3.36,-3.16,354674,24168688.76,184048,-9565.0,62,0.7578536660413079,0.514815260291522,8,AU2506.SHF,682.52,682.64,113867,1.2999999999999545,AU2502.SHF,679.66,680.04,5,1.5600000000000591,AU2602.SHF,689.06,689.46,377,9.399999999999977,0.013570194331827557,0.013477209785321227,97272.0,52202.0,-4952.0,-853.0,37.0,53592.0,23758.0,0.30152401086476577,0.5509499136442142,0.4551166621968507,15141.0,0.0,1.0
2025-02-13,AU2504.SHF,679.72,686.48,675.12,684.56,681.68,681.22,681.42,3.14,0.26,359775,24525298.52,186368,2320.0,61,0.7702427567957558,0.5134599754797294,8,AU2506.SHF,685.84,682.96,116100,1.2800000000000864,AU2502.SHF,680.56,680.82,4,4.0,AU2602.SHF,692.28,689.1,376,11.720000000000027,0.01689705884211741,0.016753214857652878,99150.0,52575.0,2148.0,373.0,36.0,53459.0,23700.0,0.3069698467622343,0.5391729702471003,0.4507845934379458,15141.0,0.0,1.0
2025-02-14,AU2504.SHF,685.72,688.66,683.86,688.4,686.22,684.56,681.68,6.72,4.54,254382,17456533.4,190906,4538.0,60,0.7702663420660586,0.5162509836584251,8,AU2506.SHF,689.46,687.6,117498,1.0600000000000591,AU2502.SHF,686.9,685.5,3,1.5,AU2602.SHF,695.86,693.98,375,8.960000000000036,0.012798657518506968,0.012715902826488414,104361.0,54773.0,5502.0,2511.0,38.0,55649.0,24480.0,0.31161159777294606,0.533235595672713,0.44693553393095137,15144.0,3.0,1.0
2025-02-17,AU2504.SHF,686.02,686.56,674.34,677.1,679.44,688.4,686.22,-9.12,-6.78,444374,30193366.86,174667,-16239.0,57,0.7403407699394731,0.4905274095708829,8,AU2506.SHF,678.06,680.48,118165,0.9599999999999227,AU2503.SHF,676.34,677.2,28,0.7599999999999909,AU2602.SHF,684.62,687.08,372,8.279999999999973,0.012989716882454243,0.012910847511662653,90802.0,52796.0,-13553.0,-1603.0,38.0,48837.0,24102.0,0.2646694243652419,0.5378405761987621,0.45651185695886054,15144.0,0.0,1.0
2025-02-18,AU2504.SHF,678.0,683.88,677.2,682.82,679.72,677.1,679.44,3.38,0.28,200401,13621719.03,177308,2641.0,56,0.740667780373141,0.5001509129528446,8,AU2506.SHF,683.8,680.96,118941,0.9799999999999045,AU2503.SHF,681.8,678.94,27,1.0200000000000955,AU2602.SHF,689.92,687.52,371,8.120000000000005,0.012636693567642411,0.012562036438671164,93400.0,51931.0,2853.0,-742.0,39.0,50439.0,23577.0,0.28534173713798155,0.5400321199143469,0.4540062775606093,15144.0,0.0,1.0
2025-02-19,AU2504.SHF,684.36,690.24,683.6,687.8,686.72,682.82,679.72,8.08,7.0,261476,17956383.54,179507,2199.0,55,0.7143957815360236,0.4956388245396537,8,AU2506.SHF,689.02,688.04,121488,1.2200000000000273,AU2503.SHF,686.38,686.32,26,1.419999999999959,AU2602.SHF,695.52,693.86,370,9.139999999999986,0.014129148745999381,0.014035902071035276,96188.0,52250.0,3028.0,363.0,39.0,51313.0,23858.0,0.29600237136043334,0.5334657129787499,0.4566124401913876,15081.0,-63.0,1.0
2025-02-20,AU2504.SHF,688.5,690.46,684.18,690.0,688.14,687.8,686.72,3.28,1.42,289045,19890379.08,178648,-859.0,54,0.756592982318374,0.4885324174216466,8,AU2506.SHF,691.52,689.72,123915,1.5199999999999818,AU2503.SHF,688.84,687.12,25,1.1599999999999682,AU2602.SHF,697.88,696.16,369,9.039999999999964,0.013924656618541599,0.013834078031615732,93566.0,50314.0,-2454.0,-1834.0,40.0,48840.0,23226.0,0.30061162079510706,0.5219844815424406,0.46162101999443494,15072.0,-9.0,1.0
2025-02-21,AU2504.SHF,688.0,689.0,681.82,684.44,685.74,690.0,688.14,-3.7,-2.4,384739,26383857.08,170792,-7856.0,53,0.7389518971295772,0.46576164322295976,8,AU2506.SHF,685.9,687.08,127943,1.4599999999999227,AU2503.SHF,683.34,683.86,24,1.1000000000000227,AU2602.SHF,692.68,693.74,368,9.339999999999918,0.014502552782808776,0.014404335139293194,84556.0,47587.0,-8866.0,-2501.0,39.0,44877.0,22013.0,0.2797651029566455,0.5307370263494016,0.4625843192468531,15072.0,0.0,1.0
2025-02-24,AU2504.SHF,684.8,686.9,682.2,685.98,684.68,684.44,685.74,0.24,-1.06,310621,21267797.47,167268,-3524.0,50,0.7361541979992937,0.45422773301615493,8,AU2506.SHF,687.5,686.16,130310,1.5199999999999818,AU2503.SHF,685.04,683.7,21,0.9400000000000546,AU2602.SHF,694.48,692.92,365,9.440000000000055,0.014621451403958177,0.014521624065261187,80616.0,46347.0,-3518.0,-1028.0,38.0,42896.0,21217.0,0.26991328182226315,0.5321028083755086,0.4577858329557469,15072.0,0.0,1.0
2025-02-25,AU2504.SHF,688.04,689.66,683.88,685.58,686.94,685.98,684.68,0.9,2.26,294200,20209982.31,157700,-9568.0,49,0.7409011695258434,0.4327460025190921,8,AU2506.SHF,687.14,688.58,133914,1.5599999999999454,AU2503.SHF,684.44,686.74,20,1.1399999999999864,AU2602.SHF,693.9,695.44,364,9.459999999999923,0.01466527380047899,0.014564849907653067,73738.0,43513.0,-5407.0,-2374.0,37.0,40794.0,19516.0,0.25778031743865726,0.5532289999728769,0.4485096407970032,15072.0,0.0,1.0
2025-02-26,AU2506.SHF,685.0,687.98,675.76,680.8,682.24,687.14,688.58,-7.78,-6.34,100380,6848505.19,137734,3820.0,110,0.16746607051993226,0.40234982063775837,8,AU2504.SHF,679.42,681.02,128515,-1.3799999999999955,AU2503.SHF,678.02,680.4,19,2.7799999999999727,AU2602.SHF,687.6,688.82,363,9.580000000000041,0.014991925874451095,0.014886999795286895,80884.0,38355.0,4428.0,408.0,37.0,46675.0,17377.0,0.35667021695921636,0.577060976212848,0.45305696780080823,15072.0,0.0,1.0
2025-02-27,AU2506.SHF,682.5,683.78,676.72,678.52,680.02,680.8,682.24,-3.72,-2.22,89442,6082328.05,139767,2033.0,109,0.18074166281036494,0.41425332325612413,8,AU2504.SHF,677.0,678.7,120024,-1.5199999999999818,AU2503.SHF,675.98,677.42,18,2.5399999999999636,AU2602.SHF,685.32,686.74,362,9.340000000000032,0.01466045507057123,0.014560096861270015,84156.0,39460.0,3272.0,1373.0,36.0,47503.0,18206.0,0.3615713176287859,0.5644636151908361,0.46137861125190066,15072.0,0.0,1.0
2025-02-28,AU2506.SHF,676.5,679.54,673.08,673.48,676.42,678.52,680.02,-6.54,-3.6,91848,6212924.67,138459,-1308.0,108,0.1858172901847491,0.41997743279887895,8,AU2504.SHF,672.12,675.06,110653,-1.3600000000000136,AU2503.SHF,672.06,673.86,17,1.4200000000000728,AU2602.SHF,680.22,683.12,361,8.160000000000082,0.012882985946022309,0.012805402171914582,84967.0,39812.0,811.0,352.0,37.0,48107.0,18055.0,0.36187980349257487,0.5661845186954936,0.45350648045815334,15072.0,0.0,1.0
2025-03-03,AU2506.SHF,672.0,674.46,666.96,673.98,670.84,673.48,676.42,-2.44,-5.58,111016,7447477.01,134870,-3589.0,105,0.19900654475836738,0.4286009374751728,8,AU2504.SHF,672.4,668.96,94069,-1.580000000000041,AU2503.SHF,671.92,670.42,14,2.060000000000059,AU2602.SHF,680.96,679.64,358,9.040000000000077,0.014275301323247417,0.014180124219088711,85648.0,39700.0,1170.0,-17.0,36.0,48653.0,17748.0,0.36656348725149185,0.5680576312348216,0.4470528967254408,15072.0,0.0,1.0
2025-03-04,AU2506.SHF,676.18,680.26,674.52,678.38,677.38,673.98,670.84,7.54,6.54,76196,5161385.02,139064,4194.0,104,0.20874301071439333,0.43659287770665045,8,AU2504.SHF,676.82,675.78,91834,-1.5599999999999454,AU2503.SHF,675.52,675.58,13,2.8600000000000136,AU2602.SHF,685.52,684.74,357,10.0,0.015707107289612506,0.015591982676835031,87892.0,40863.0,2244.0,1163.0,37.0,50024.0,18188.0,0.3652596015688711,0.5691530514722614,0.4450970315444289,15072.0,0.0,1.0
2025-03-05,AU2506.SHF,684.5,684.5,679.64,683.9,682.24,678.38,677.38,6.52,4.86,111033,7575321.85,148891,9827.0,103,0.22896848391613583,0.4598850372347162,8,AU2504.SHF,682.16,680.58,84095,-1.740000000000009,AU2503.SHF,680.52,680.16,12,3.3799999999999955,AU2602.SHF,690.66,689.36,356,10.139999999999986,0.01580998593414876,0.01569335573981792,89596.0,44988.0,2004.0,4125.0,35.0,51022.0,20039.0,0.3314509897164596,0.5694673869369168,0.4454298924157553,15072.0,0.0,1.0
2025-03-06,AU2506.SHF,683.0,683.54,677.46,682.4,681.28,683.9,682.24,0.16,-0.96,100395,6839743.82,152376,3485.0,102,0.22450389770699442,0.47489870971763387,8,AU2504.SHF,680.64,679.44,75770,-1.759999999999991,AU2503.SHF,680.16,680.16,11,2.240000000000009,AU2602.SHF,689.14,688.04,355,8.980000000000018,0.014008759224915554,0.013917087966316627,91338.0,44957.0,1941.0,-31.0,37.0,53308.0,20734.0,0.3402986169705418,0.5836344128402199,0.4611962541984563,15072.0,0.0,1.0
2025-03-07,AU2506.SHF,678.66,682.48,678.48,681.24,680.22,682.4,681.28,-0.04,-1.06,106444,7240579.89,156546,4170.0,101,0.25386422447203044,0.4849793518366487,8,AU2504.SHF,679.48,678.52,70875,-1.759999999999991,AU2503.SHF,678.46,677.78,10,2.7799999999999727,AU2602.SHF,687.54,686.86,354,9.079999999999927,0.01420025104734438,0.014106067679456848,90852.0,46746.0,-457.0,1789.0,35.0,53401.0,21861.0,0.3205424497449091,0.5877801259190771,0.46765498652291104,15072.0,0.0,1.0
2025-03-10,AU2506.SHF,682.24,683.8,678.7,683.04,681.58,681.24,680.22,2.82,1.36,124588,8491786.78,161820,5274.0,98,0.2587212622494305,0.48876552122001093,8,AU2504.SHF,681.5,679.84,71086,-1.5399999999999636,AU2503.SHF,681.16,680.44,7,1.8799999999999955,AU2602.SHF,689.1,687.92,351,7.940000000000055,0.012368179726240032,0.012296649679467569,92825.0,47293.0,2256.0,856.0,37.0,52999.0,21889.0,0.32495468105453973,0.5709561001885268,0.46283805214302326,15072.0,0.0,1.0
2025-03-11,AU2506.SHF,681.38,681.98,675.94,679.08,679.04,683.04,681.58,-2.5,-2.54,112441,7635276.6,160917,-903.0,97,0.2705607757739091,0.48871280753917035,8,AU2504.SHF,677.56,677.76,67706,-1.5200000000000955,AU2503.SHF,675.72,677.34,6,3.3600000000000136,AU2602.SHF,685.62,684.84,350,9.899999999999977,0.015545433707920752,0.015432655541379896,91632.0,47014.0,-1193.0,120.0,38.0,52648.0,21384.0,0.321812385499762,0.574559105989174,0.4548432381843706,15072.0,0.0,1.0
2025-03-12,AU2506.SHF,680.6,682.02,678.58,681.12,680.38,679.08,679.04,2.08,1.34,86248,5868184.56,165520,4603.0,96,0.2734767388767693,0.4989705266140726,8,AU2504.SHF,679.56,678.82,64124,-1.5600000000000591,AU2503.SHF,679.62,679.62,5,1.5,AU2602.SHF,687.4,686.84,349,7.779999999999973,0.012146408081670673,0.012077410700277617,93755.0,47562.0,2123.0,666.0,36.0,52751.0,21775.0,0.3268750398041283,0.5626473254759746,0.45782347252007904,15072.0,0.0,1.0
2025-03-13,AU2506.SHF,682.7,687.26,680.14,686.18,684.4,681.12,680.38,5.8,4.02,107484,7356284.75,177720,12200.0,95,0.28661788548510964,0.5104960187515081,8,AU2508.SHF,687.46,685.56,64901,1.2800000000000864,AU2503.SHF,682.42,680.8,4,3.759999999999991,AU2602.SHF,692.54,690.68,348,10.120000000000005,0.015734871043747788,0.015619341075426027,98589.0,51732.0,4834.0,4245.0,36.0,54178.0,23998.0,0.311712934320554,0.5495339236628832,0.4638908219284002,15072.0,0.0,1.0
2025-03-14,AU2506.SHF,687.52,699.36,687.16,696.7,694.24,686.18,684.4,12.3,9.84,160310,11129573.4,190479,12759.0,94,0.30528376479191344,0.5160508142581188,8,AU2508.SHF,697.94,695.1,68198,1.240000000000009,AU2503.SHF,693.3,693.3,3,3.400000000000091,AU2602.SHF,703.24,702.34,347,9.940000000000055,0.01521246549196806,0.015104444457972764,104575.0,56317.0,6508.0,5134.0,35.0,56762.0,25570.0,0.29994033264550135,0.5427874731054267,0.4540369692987908,15075.0,3.0,1.0
2025-03-17,AU2506.SHF,698.0,698.74,694.76,697.64,696.82,696.7,694.24,3.4,2.58,111208,7749350.09,196548,6069.0,91,0.309948577878733,0.5225367015648346,8,AU2508.SHF,698.82,698.02,69020,1.1800000000000637,AU2504.SHF,695.94,695.04,29,1.6999999999999318,AU2602.SHF,703.84,703.26,344,7.899999999999977,0.013153387151145607,0.013079291668818976,108332.0,58079.0,3757.0,1795.0,36.0,59046.0,26880.0,0.301981239220965,0.5450467082671787,0.46281788598288537,15075.0,0.0,1.0
2025-03-18,AU2506.SHF,697.0,702.94,696.5,702.38,699.68,697.64,696.82,5.56,2.86,144982,10144255.79,203341,6793.0,90,0.3788655618097911,0.5279267023047026,8,AU2508.SHF,703.6,700.74,70614,1.2200000000000273,AU2504.SHF,700.7,697.5,28,1.67999999999995,AU2604.SHF,710.7,709.14,393,10.0,0.014271442842871407,0.014170564456361256,113237.0,57471.0,4905.0,-608.0,35.0,60243.0,26757.0,0.3266747896993697,0.5320080892287856,0.46557394164013155,15075.0,0.0,1.0
2025-03-19,AU2506.SHF,705.66,710.26,704.16,709.18,706.7,702.38,699.68,9.5,7.02,162851,11508689.46,203691,350.0,89,0.40012530712530714,0.5304508380295628,8,AU2508.SHF,710.4,707.86,71842,1.2200000000000273,AU2504.SHF,707.34,704.62,27,1.8399999999999181,AU2604.SHF,717.64,715.02,392,10.299999999999955,0.014561596968925672,0.014456595019092421,117152.0,57807.0,4045.0,679.0,38.0,62214.0,27121.0,0.33919375396521473,0.5310536738596012,0.4691646340408601,15675.0,600.0,1.0
2025-03-20,AU2506.SHF,708.0,712.1,705.0,710.5,708.56,709.18,706.7,3.8,1.86,176779,12526173.54,204027,336.0,88,0.4425814979958791,0.5316484392711126,8,AU2508.SHF,711.84,709.86,73086,1.3400000000000318,AU2504.SHF,708.5,706.3,26,2.0,AU2604.SHF,718.86,717.2,391,10.360000000000014,0.014622441778405104,0.01451656474912758,120585.0,57912.0,3569.0,148.0,38.0,65175.0,27159.0,0.35111514479234945,0.5404901107102873,0.46897016162453375,15675.0,0.0,1.0
2025-03-21,AU2506.SHF,709.8,711.24,705.9,706.96,708.7,710.5,708.56,-1.6,0.14,237974,16865365.08,207301,3274.0,87,0.6040899837030193,0.5416674287774784,8,AU2508.SHF,708.32,709.98,74374,1.3600000000000136,AU2504.SHF,705.14,706.66,25,1.82000000000005,AU2604.SHF,715.16,717.42,390,10.019999999999982,0.014209944124570884,0.014109929225774982,123186.0,58623.0,2721.0,989.0,37.0,66322.0,26696.0,0.3551144332788806,0.5383891026577695,0.45538440543813863,15675.0,0.0,1.0
2025-03-24,AU2506.SHF,708.0,708.7,701.32,707.14,704.9,706.96,708.7,-1.56,-3.8,283887,20011677.73,208073,772.0,84,0.660231498601101,0.5457852878531932,8,AU2508.SHF,708.68,706.3,75996,1.5399999999999636,AU2504.SHF,705.16,702.98,22,1.9800000000000182,AU2604.SHF,715.82,713.58,387,10.660000000000082,0.01511713653638913,0.01500401128962405,123143.0,59852.0,-43.0,1650.0,37.0,66982.0,27930.0,0.3458619087953223,0.5439367239713179,0.4666510726458598,15675.0,0.0,1.0
2025-03-25,AU2506.SHF,706.48,707.82,703.72,706.76,705.7,707.14,704.9,1.86,0.8,234643,16558807.38,206973,-1100.0,83,0.6834846083937268,0.5517308481769181,8,AU2508.SHF,708.14,707.18,77458,1.3799999999999955,AU2504.SHF,704.88,703.82,21,1.8799999999999955,AU2604.SHF,715.1,714.54,386,10.220000000000027,0.01449892180229262,0.01439481749587597,123057.0,60904.0,731.0,1155.0,37.0,68015.0,28049.0,0.3378596550355782,0.552711345148996,0.4605444634178379,15675.0,0.0,1.0
2025-03-26,AU2506.SHF,707.0,710.02,706.84,709.02,708.24,706.76,705.7,3.32,2.54,238342,16880732.83,211694,4721.0,82,0.7072504881334607,0.5596225018504811,8,AU2508.SHF,710.36,709.72,79939,1.3400000000000318,AU2504.SHF,707.06,706.28,20,1.9600000000000364,AU2604.SHF,717.36,716.76,385,10.300000000000068,0.014567363448646509,0.014462278718683075,123647.0,62487.0,590.0,1583.0,37.0,67054.0,28952.0,0.3285804850269161,0.5423018755004165,0.4633283723014387,15675.0,0.0,1.0
2025-03-27,AU2506.SHF,709.52,711.22,706.5,710.3,708.88,709.02,708.24,2.06,0.64,243137,17235796.39,211040,-654.0,81,0.746609141576208,0.5608335968663051,8,AU2508.SHF,711.76,710.38,81483,1.4600000000000364,AU2504.SHF,708.38,706.78,19,1.919999999999959,AU2604.SHF,718.72,717.14,384,10.340000000000032,0.01459668539484471,0.014491179236822013,131056.0,65713.0,7495.0,3226.0,36.0,70848.0,30276.0,0.3320797483343413,0.5405933341472348,0.46073075342778447,15675.0,0.0,1.0
2025-03-28,AU2506.SHF,714.66,722.88,711.82,722.8,717.5,710.3,708.88,13.92,8.62,413254,29651116.19,220712,9672.0,80,0.7131228871835844,0.5645746735390794,8,AU2508.SHF,724.16,718.74,85291,1.3600000000000136,AU2504.SHF,721.14,715.86,18,1.6599999999999682,AU2604.SHF,730.74,728.3,383,9.600000000000023,0.013312255595307354,0.013224426134321591,138444.0,65600.0,8555.0,2154.0,38.0,71686.0,31598.0,0.3570014310638882,0.5177978099448153,0.4816768292682927,15675.0,0.0,1.0
2025-03-31,AU2506.SHF,721.48,732.1,719.28,729.8,723.86,722.8,717.5,12.3,6.36,462428,33473509.07,223123,2411.0,77,0.7565259500173415,0.5667465093182217,8,AU2508.SHF,731.2,725.48,87268,1.400000000000091,AU2504.SHF,729.16,723.08,15,0.6399999999999864,AU2604.SHF,737.14,731.94,380,7.980000000000018,0.010944100060343409,0.010884646779070506,137137.0,66186.0,-1204.0,997.0,39.0,70168.0,31338.0,0.3489570781465943,0.511663518962789,0.47348381833016046,15675.0,0.0,1.0
2025-04-01,AU2506.SHF,731.74,739.8,726.14,736.3,733.06,729.8,723.86,12.44,9.2,510074,37392185.37,219054,-4069.0,76,0.7825537313959501,0.5591621272533274,8,AU2508.SHF,737.56,734.74,89022,1.259999999999991,AU2504.SHF,735.24,732.18,14,1.0599999999999454,AU2604.SHF,743.82,741.58,379,8.580000000000041,0.011669658886894085,0.01160209355254698,131619.0,69517.0,-4787.0,4304.0,37.0,67113.0,32358.0,0.30875626441810516,0.5099035853486199,0.46546887811614424,15675.0,0.0,1.0
2025-04-02,AU2506.SHF,737.1,738.5,731.1,733.6,735.44,736.3,733.06,0.54,2.38,434172,31931270.38,213334,-5720.0,75,0.7713059930183601,0.54843337069524,8,AU2508.SHF,735.12,736.92,91160,1.5199999999999818,AU2504.SHF,732.72,733.82,13,0.8799999999999955,AU2604.SHF,741.02,743.1,378,8.299999999999955,0.011327655857626295,0.01126397839042262,126456.0,64772.0,-4547.0,-4745.0,35.0,63996.0,29867.0,0.32256782479553203,0.506073258682862,0.4611097387760143,15675.0,0.0,1.0
2025-04-03,AU2506.SHF,735.88,747.98,731.9,739.04,739.22,733.6,735.44,3.6,3.78,537550,39737227.43,207567,-5767.0,74,0.7707660917405936,0.5334349316652703,8,AU2508.SHF,740.58,741.3,94218,1.5400000000000773,AU2504.SHF,738.4,737.38,12,0.6399999999999864,AU2604.SHF,746.64,747.82,377,8.240000000000009,0.01115926327193928,0.011097458068848822,121488.0,64348.0,-4923.0,-424.0,36.0,60241.0,30453.0,0.30747540842463245,0.49585967338337944,0.4732548020140486,15675.0,0.0,1.0
2025-04-07,AU2506.SHF,701.8,728.0,701.0,718.18,716.58,739.04,739.22,-21.04,-22.64,559347,40082677.57,191317,-16250.0,70,0.7042091626368674,0.52337898244251,8,AU2508.SHF,718.98,718.22,95033,0.8000000000000682,AU2504.SHF,717.3,715.0,8,0.8799999999999955,AU2604.SHF,722.98,723.72,373,5.680000000000064,0.007918583577303906,0.007887396126472514,109468.0,65784.0,-12020.0,2084.0,36.0,55109.0,31530.0,0.24926391710222992,0.5034256586399678,0.4792958774170011,15675.0,0.0,1.0
2025-04-08,AU2506.SHF,718.6,720.38,710.04,719.22,715.8,718.18,716.58,2.64,-0.78,559659,40060523.94,186814,-4503.0,69,0.7594280736225623,0.5119720683711027,8,AU2508.SHF,720.64,717.48,99954,1.419999999999959,AU2504.SHF,718.5,715.92,7,0.7200000000000273,AU2604.SHF,725.74,722.58,372,7.240000000000009,0.010076548364648552,0.010026118441264347,108318.0,67681.0,27.0,2018.0,36.0,55275.0,32821.0,0.2308933573486213,0.5103029967318451,0.4849366882877026,15675.0,0.0,1.0
2025-04-09,AU2506.SHF,718.26,728.5,716.56,728.14,721.32,719.22,715.8,12.34,5.52,527616,38058859.25,193197,6383.0,68,0.7523603234652015,0.5075956617237501,8,AU2508.SHF,729.4,722.62,105807,1.259999999999991,AU2504.SHF,725.44,719.74,6,2.699999999999932,AU2604.SHF,734.8,728.64,371,9.3599999999999,0.012902514336126991,0.012819986021806363,112468.0,68675.0,4244.0,1000.0,38.0,56223.0,34066.0,0.2417592730605102,0.4999021944019632,0.4960465962868584,15675.0,0.0,1.0
2025-04-10,AU2506.SHF,729.0,744.88,728.6,744.48,737.3,728.14,721.32,23.16,15.98,703287,51854692.38,200633,7436.0,67,0.7525633425430327,0.5117053103010302,8,AU2508.SHF,745.52,738.42,109175,1.0399999999999636,AU2504.SHF,743.4,727.26,5,1.080000000000041,AU2604.SHF,749.8,745.74,370,6.399999999999977,0.008609093354855935,0.008572246438659755,119301.0,70871.0,7763.0,2196.0,39.0,58759.0,34938.0,0.2546641987253644,0.4925273048842843,0.4929802034682733,15678.0,3.0,1.0
2025-04-11,AU2506.SHF,743.14,763.62,740.68,757.3,752.74,744.48,737.3,20.0,15.44,769599,57930945.27,194428,-6205.0,66,0.7627873093277036,0.49485743082792694,8,AU2508.SHF,758.52,754.18,112950,1.2200000000000273,AU2504.SHF,757.26,749.68,4,0.03999999999996362,AU2604.SHF,762.32,761.46,369,5.060000000000059,0.006681985051369522,0.0066597595413386895,117719.0,69252.0,-1426.0,-756.0,37.0,58322.0,35741.0,0.25922201838787834,0.4954340420832661,0.5161006180326922,15678.0,0.0,1.0
2025-04-14,AU2506.SHF,763.0,766.5,757.18,763.64,762.62,757.3,752.74,10.9,9.88,610748,46577380.77,198620,4192.0,63,0.7763485883311533,0.4864989320635667,8,AU2508.SHF,764.5,763.64,116984,0.8600000000000136,AU2504.SHF,763.58,763.0,1,0.05999999999994543,AU2604.SHF,769.42,768.72,366,5.839999999999918,0.007648183556405286,0.007619084476439358,118557.0,74243.0,843.0,4991.0,36.0,59297.0,37579.0,0.22984439834024897,0.5001560430847609,0.5061621971094918,15678.0,0.0,1.0
2025-04-15,AU2506.SHF,759.4,765.16,757.32,764.44,761.18,763.64,762.62,1.82,-1.44,447203,34040618.58,200994,2374.0,62,0.7782627384849387,0.48457744067968234,8,AU2508.SHF,765.38,762.34,118362,0.9399999999999409,AU2505.SHF,763.4,760.24,30,1.0400000000000773,AU2604.SHF,770.5,768.2,365,7.100000000000023,0.010133378170713232,0.010086545593731448,120434.0,73372.0,1877.0,-473.0,37.0,60890.0,36010.0,0.2428304593253047,0.5055881229553116,0.4907866761162296,15678.0,0.0,1.0
2025-04-16,AU2506.SHF,763.94,782.38,762.3,781.6,772.36,764.44,761.18,20.42,11.18,449355,34706798.1,205198,4204.0,61,0.7536086779333558,0.48836434429545855,8,AU2508.SHF,782.66,773.72,120783,1.0599999999999454,AU2505.SHF,780.38,770.92,29,1.2200000000000273,AU2604.SHF,785.86,781.28,364,5.480000000000018,0.007651075461514646,0.007624336797705237,122872.0,73260.0,2438.0,99.0,36.0,63193.0,36334.0,0.2529520934880591,0.5142994335568722,0.49595959595959593,15678.0,0.0,1.0
2025-04-17,AU2506.SHF,783.5,796.7,781.6,789.22,788.72,781.6,772.36,16.86,16.36,703879,55517090.7,197638,-7560.0,60,0.7687860703472802,0.4705879551694005,8,AU2508.SHF,790.26,789.76,123188,1.0399999999999636,AU2505.SHF,788.16,788.12,28,1.0600000000000591,AU2604.SHF,795.4,795.44,363,7.240000000000009,0.010008574666254686,0.009962885110797886,116715.0,75660.0,-5429.0,2400.0,39.0,60575.0,38918.0,0.213411306042885,0.5189992717302832,0.5143801215966164,15678.0,0.0,1.0
2025-04-18,AU2506.SHF,788.1,791.9,778.14,791.02,785.44,789.22,788.72,2.3,-3.28,595905,46805722.08,196309,-1329.0,59,0.7774201712684405,0.46296562702670835,8,AU2508.SHF,792.06,786.74,124548,1.0399999999999636,AU2505.SHF,789.74,785.04,27,1.2799999999999727,AU2604.SHF,797.02,792.26,362,7.279999999999973,0.010043736291067208,0.00999772612553311,117659.0,75146.0,944.0,-514.0,37.0,62378.0,38176.0,0.2204973937397889,0.5301591888423325,0.5080243792084742,15678.0,0.0,1.0
2025-04-21,AU2506.SHF,790.12,805.56,788.22,805.06,798.46,791.02,785.44,19.62,13.02,385994,30820480.08,198115,1806.0,56,0.7230870677801631,0.4543046752460535,8,AU2508.SHF,806.02,800.22,128722,0.9600000000000364,AU2505.SHF,804.06,798.86,24,1.0,AU2604.SHF,812.02,809.0,359,7.960000000000036,0.010786304281888875,0.010733263152571207,122127.0,77981.0,4468.0,2984.0,37.0,63463.0,39721.0,0.22061087013012973,0.5196475799782194,0.5093676664828612,15678.0,0.0,1.0
2025-04-22,AU2506.SHF,810.3,836.3,808.4,831.42,821.66,805.06,798.46,32.96,23.2,872580,71697983.74,204671,6556.0,55,0.7253342466026713,0.45207482489834055,8,AU2508.SHF,832.76,822.68,131775,1.3400000000000318,AU2505.SHF,830.38,818.74,23,1.0399999999999636,AU2604.SHF,840.28,831.2,358,9.899999999999977,0.012989916862375092,0.012913092339630458,124366.0,79844.0,2955.0,1899.0,33.0,62371.0,41389.0,0.2180206650017139,0.5015116671759162,0.5183733279895797,15678.0,0.0,1.0
2025-04-23,AU2506.SHF,820.58,828.74,783.06,784.28,810.22,831.42,821.66,-37.38,-11.44,1365212,110614681.13,185566,-19105.0,54,0.724534830649698,0.4262690489426315,8,AU2508.SHF,785.4,811.24,132185,1.1200000000000045,AU2505.SHF,784.08,805.36,22,0.1999999999999318,AU2604.SHF,792.92,821.7,357,8.839999999999918,0.012284003916749242,0.01221527289342178,105105.0,70324.0,-18250.0,-8715.0,34.0,55372.0,37171.0,0.19826254496120937,0.526825555396984,0.5285677720266196,15648.0,-30.0,1.0
2025-04-24,AU2506.SHF,786.28,804.84,774.48,792.2,788.42,784.28,810.22,-18.02,-21.8,1125865,88767696.51,173030,-12536.0,53,0.7304839744650315,0.39719030840038105,8,AU2508.SHF,793.92,790.06,139172,1.7199999999999136,AU2505.SHF,790.44,791.1,21,1.759999999999991,AU2604.SHF,801.5,798.4,356,11.059999999999945,0.015245240323356678,0.015139567633692874,97050.0,66997.0,-8014.0,-2881.0,35.0,48602.0,35054.0,0.18319749827793255,0.5007934054611025,0.5232174574980969,15648.0,0.0,1.0
2025-04-25,AU2506.SHF,795.06,801.36,782.4,787.2,791.42,792.2,788.42,-1.22,3.0,662672,52446436.12,166311,-6719.0,52,0.6559783964426987,0.38195184463878884,8,AU2508.SHF,789.04,793.34,143954,1.8399999999999181,AU2505.SHF,786.04,790.68,20,1.1600000000000819,AU2604.SHF,796.44,800.66,355,10.400000000000091,0.014415733656788663,0.014321200171903525,92290.0,63550.0,-4760.0,-2727.0,34.0,47508.0,32016.0,0.1844199178644764,0.5147686639939322,0.5037922895357986,15648.0,0.0,1.0
2025-04-28,AU2506.SHF,784.5,790.68,777.16,780.04,781.44,787.2,791.42,-11.38,-9.98,543425,42466419.89,151572,-14739.0,49,0.6064510297140638,0.35177638113981746,8,AU2508.SHF,781.72,783.4,151333,1.6800000000000637,AU2505.SHF,778.98,780.54,17,1.0599999999999454,AU2604.SHF,788.56,790.26,352,9.579999999999927,0.013399458840741832,0.013317734033709578,82544.0,58070.0,-8424.0,-5377.0,33.0,44138.0,28679.0,0.17405094798526463,0.5347208761387866,0.49386946788358876,15648.0,0.0,1.0
2025-04-29,AU2508.SHF,784.5,796.0,782.34,786.98,788.8,781.72,783.4,3.58,5.4,254668,20088357.56,153099,1766.0,108,0.33531537035476533,0.35867922715952777,8,AU2506.SHF,785.14,787.28,143824,-1.8400000000000318,AU2505.SHF,784.52,785.62,16,2.4600000000000364,AU2604.SHF,794.06,795.0,351,9.539999999999964,0.013249284094999288,0.01316937361953043,64444.0,29030.0,444.0,866.0,40.0,34857.0,11913.0,0.37886471104264285,0.5408882130221587,0.41036858422321737,15648.0,0.0,1.0
2025-04-30,AU2508.SHF,786.0,790.3,782.0,782.38,785.84,786.98,788.8,-6.42,-2.96,185131,14548431.26,154445,1346.0,107,0.3885486538445394,0.373393774554246,8,AU2506.SHF,780.3,783.92,127440,-2.080000000000041,AU2505.SHF,752.06,782.76,15,30.32000000000005,AU2604.SHF,789.26,792.4,350,37.200000000000045,0.053893762842834654,0.052603243907089973,65164.0,29878.0,2532.0,1428.0,41.0,35164.0,12612.0,0.37126743965825637,0.5396231047817813,0.42211660753731844,15648.0,0.0,1.0
2025-05-06,AU2508.SHF,784.88,801.88,784.26,797.2,796.52,782.38,785.84,11.36,10.68,198879,15841395.29,173827,19382.0,101,0.4372475777356143,0.3951898003214681,8,AU2506.SHF,794.8,794.08,127407,-2.400000000000091,AU2505.SHF,793.18,789.78,9,4.0200000000000955,AU2604.SHF,804.98,803.52,344,11.800000000000068,0.0162090779115845,0.016089690716254487,76633.0,37048.0,12307.0,7722.0,38.0,40783.0,18251.0,0.34821122263175025,0.532185872926807,0.4926311811703736,15648.0,0.0,1.0
2025-05-07,AU2508.SHF,802.0,809.36,795.6,803.5,802.1,797.2,796.52,6.98,5.58,413639,33178476.85,188308,14481.0,100,0.554359946177475,0.42223418090497333,8,AU2506.SHF,801.04,799.76,109734,-2.4600000000000364,AU2505.SHF,799.36,796.08,8,4.139999999999986,AU2604.SHF,812.22,810.58,343,12.860000000000014,0.017528575098885134,0.01738907060876411,91608.0,39634.0,15441.0,2970.0,39.0,47725.0,20002.0,0.3960165191021167,0.5209697842983145,0.5046677095423121,15648.0,0.0,1.0
2025-05-08,AU2508.SHF,803.1,809.88,788.78,790.78,800.94,803.5,802.1,-11.32,-1.16,565698,45309872.43,198555,10247.0,99,0.641386042746371,0.4358357497042186,8,AU2506.SHF,789.14,798.62,100754,-1.6399999999999864,AU2505.SHF,788.22,797.62,7,2.5599999999999454,AU2604.SHF,799.32,808.72,342,11.100000000000023,0.01534346990782552,0.015236437429313665,98767.0,44974.0,7994.0,5454.0,36.0,51028.0,24098.0,0.3742356043160963,0.5166502981765164,0.5358206964023658,15648.0,0.0,1.0
2025-05-09,AU2508.SHF,795.86,797.5,777.1,788.42,788.16,790.78,800.94,-12.52,-12.78,663192,52270662.4,205859,7304.0,98,0.7059394579358473,0.4538577878900118,8,AU2506.SHF,786.32,785.96,87624,-2.099999999999909,AU2505.SHF,797.62,797.62,6,-9.200000000000045,AU2604.SHF,796.94,797.26,341,-0.67999999999995,-0.0009288828294024811,-0.0009292790077525905,102760.0,47033.0,4730.0,2720.0,37.0,55766.0,24215.0,0.3720267302210384,0.5426819774231219,0.514851274636957,17238.0,1590.0,1.0
2025-05-12,AU2508.SHF,790.16,792.64,767.5,772.28,780.38,788.42,788.16,-15.88,-7.78,608130,47457545.3,210772,4913.0,95,0.732034090088355,0.4685988190096756,8,AU2510.SHF,774.42,780.24,80893,2.1399999999999864,AU2505.SHF,775.0,775.0,3,-2.7200000000000273,AU2604.SHF,780.26,785.42,338,5.259999999999991,0.0073948964853154655,0.007369914519253661,103704.0,48387.0,2751.0,1354.0,37.0,55927.0,24205.0,0.36370988421405603,0.5392945305870555,0.5002376671420009,17238.0,0.0,1.0
2025-05-13,AU2508.SHF,760.8,768.66,756.02,767.68,762.54,772.28,780.38,-12.7,-17.84,625489,47696499.65,214581,3809.0,94,0.7508303693718242,0.47361660144481305,8,AU2510.SHF,769.68,764.7,83682,2.0,AU2505.SHF,762.0,762.0,2,5.67999999999995,AU2604.SHF,775.86,771.12,337,13.860000000000014,0.019817839934187384,0.019639762940139378,107256.0,54272.0,3592.0,6790.0,36.0,59161.0,26200.0,0.3280174335099797,0.5515868576116953,0.48275353773584906,17238.0,0.0,1.0
2025-05-14,AU2508.SHF,764.0,768.28,760.78,761.72,764.28,767.68,762.54,-0.82,1.74,497536,38025698.06,214778,197.0,93,0.7954060034020131,0.47406396987575516,8,AU2510.SHF,763.64,766.02,85220,1.919999999999959,AU2505.SHF,762.0,762.0,1,-0.2799999999999727,AU2604.SHF,769.8,772.1,336,7.7999999999999545,0.01115289693265947,0.01109620174476055,106830.0,50732.0,-426.0,-2926.0,35.0,57598.0,25395.0,0.35603762328480215,0.5391556678835533,0.5005716313175116,17238.0,0.0,1.0
2025-05-15,AU2508.SHF,750.0,752.74,732.64,739.82,745.22,761.72,764.28,-24.46,-19.06,744074,55450695.02,211188,-3590.0,92,0.7461138753351664,0.4793974503323285,8,AU2510.SHF,741.44,746.8,88298,1.6200000000000045,AU2506.SHF,737.64,743.22,32,2.1800000000000637,AU2604.SHF,747.14,751.84,335,9.5,0.015514199866383234,0.015415146426208209,102151.0,46441.0,-2306.0,-3755.0,34.0,53444.0,21437.0,0.3749192419511145,0.5231862634727021,0.4615964341853104,17238.0,0.0,1.0
2025-05-16,AU2508.SHF,747.8,759.2,746.44,751.8,751.84,739.82,745.22,6.58,6.62,481303,36186815.37,211481,293.0,91,0.6971192771904515,0.4837865474668125,8,AU2510.SHF,753.74,753.78,91116,1.9400000000000546,AU2506.SHF,749.8,749.82,31,2.0,AU2606.SHF,761.34,761.68,395,11.540000000000077,0.015433053209793808,0.015315494594228951,101503.0,44265.0,-361.0,-1948.0,34.0,53561.0,20015.0,0.3926650568025904,0.5276789848575905,0.45216310855077374,17238.0,0.0,1.0
2025-05-19,AU2508.SHF,743.7,761.04,743.04,755.86,750.74,751.8,751.84,4.02,-1.1,354299,26599134.02,209904,-1577.0,88,0.6302099638557646,0.48042296556538455,8,AU2510.SHF,757.82,752.72,95144,1.9600000000000364,AU2506.SHF,754.14,748.84,28,1.7200000000000273,AU2606.SHF,765.58,762.18,392,11.440000000000055,0.015211271874491061,0.015097051114614434,99218.0,44446.0,-2159.0,181.0,35.0,52169.0,20423.0,0.3812506960686045,0.5258017698401499,0.45950141745038925,17238.0,0.0,1.0
2025-05-20,AU2508.SHF,757.0,759.56,753.12,754.38,756.24,755.86,750.74,3.64,5.5,268945,20338760.65,211353,1449.0,87,0.6144210581626196,0.4792237297973843,8,AU2510.SHF,756.18,758.12,97011,1.7999999999999545,AU2506.SHF,752.6,754.22,27,1.7799999999999727,AU2606.SHF,764.24,766.02,391,11.639999999999986,0.015508873268639497,0.015390162631543648,98109.0,48580.0,-1109.0,4483.0,36.0,51900.0,20760.0,0.3376463129478011,0.5290034553404886,0.4273363524083985,17238.0,0.0,1.0
2025-05-21,AU2508.SHF,760.6,779.2,758.68,778.78,770.66,754.38,756.24,22.54,14.42,396470,30555128.12,222494,11141.0,86,0.5940408623159308,0.48625447202267646,8,AU2510.SHF,780.66,772.54,104357,1.8799999999999955,AU2506.SHF,776.4,768.5,26,2.3799999999999955,AU2606.SHF,788.12,781.2,390,11.720000000000027,0.015136782331527288,0.015023671978057193,107218.0,52813.0,9924.0,4662.0,37.0,58602.0,23997.0,0.33996538170729423,0.5465686731705497,0.4543767632969155,17247.0,9.0,1.0
2025-05-22,AU2508.SHF,775.16,785.36,773.66,780.1,779.32,778.78,770.66,9.44,8.66,307544,23967825.0,224053,1559.0,85,0.5883926265341458,0.4869044980202452,8,AU2510.SHF,782.14,781.18,106454,2.0399999999999636,AU2506.SHF,777.92,777.66,25,2.1800000000000637,AU2606.SHF,790.38,790.9,389,12.460000000000036,0.01606107410688869,0.01593380560396099,111114.0,52052.0,4157.0,-761.0,35.0,61029.0,23380.0,0.3619749212458478,0.5492467195852908,0.4491662183969876,17247.0,0.0,1.0
2025-05-23,AU2508.SHF,775.22,780.58,770.0,780.1,775.04,780.1,779.32,0.78,-4.28,330158,25588594.46,220512,-3541.0,84,0.5815138897695489,0.4833807188718661,8,AU2510.SHF,782.26,777.04,108332,2.159999999999968,AU2506.SHF,777.98,773.14,24,2.1200000000000045,AU2606.SHF,790.42,785.88,388,12.43999999999994,0.01603405720478121,0.015907214259091303,111219.0,51160.0,199.0,-874.0,33.0,61329.0,22636.0,0.3698692564925267,0.5514255657756318,0.44245504300234556,17247.0,0.0,1.0
2025-05-26,AU2508.SHF,785.0,786.82,777.1,777.3,781.54,780.1,775.04,2.26,6.5,296331,23159662.58,216132,-4380.0,81,0.5492208292867363,0.47738552505737275,8,AU2510.SHF,779.22,783.44,111536,1.9200000000000728,AU2506.SHF,775.52,778.98,21,1.7799999999999727,AU2606.SHF,787.64,789.12,385,12.120000000000005,0.015671158323830075,0.015549963218859321,113975.0,49484.0,3390.0,-1031.0,34.0,62516.0,22286.0,0.3945393034338886,0.5485062513709147,0.45036779565111956,17247.0,0.0,1.0
2025-05-27,AU2508.SHF,777.9,780.98,770.38,771.6,776.86,777.3,781.54,-9.94,-4.68,228706,17767399.46,204795,-11337.0,80,0.555365069497732,0.46613709044145263,8,AU2510.SHF,773.42,778.92,114447,1.8199999999999363,AU2506.SHF,769.72,774.98,20,1.8799999999999955,AU2606.SHF,782.34,786.66,384,12.620000000000005,0.01644061519730595,0.01630729382841577,113003.0,49516.0,-600.0,32.0,34.0,62543.0,23329.0,0.3906435555227389,0.5534631823933878,0.47114064140883755,17247.0,0.0,1.0
2025-05-28,AU2508.SHF,769.1,773.8,767.2,772.28,770.58,771.6,776.86,-4.58,-6.28,210848,16247595.27,199056,-5739.0,79,0.5582212997135398,0.4589229641310813,8,AU2510.SHF,774.2,772.46,115698,1.9200000000000728,AU2506.SHF,770.38,768.76,19,1.8999999999999773,AU2606.SHF,782.8,782.28,383,12.419999999999959,0.01616620483283682,0.016037273650995307,113473.0,48310.0,545.0,-1206.0,35.0,64801.0,21761.0,0.40278026739521455,0.57106976990121,0.45044504243427863,17247.0,0.0,1.0
2025-05-29,AU2508.SHF,772.7,773.74,759.3,764.32,766.46,772.28,770.58,-6.26,-4.12,250594,19207374.77,195076,-3980.0,78,0.5648538016968561,0.4582292931689362,8,AU2510.SHF,766.36,768.64,117928,2.0399999999999636,AU2506.SHF,762.6,766.0,18,1.7200000000000273,AU2606.SHF,774.84,776.08,382,12.240000000000009,0.01609444843119121,0.01596665325841513,113981.0,47440.0,508.0,-77.0,35.0,63436.0,21983.0,0.41222021917842167,0.5565488985006273,0.46338532883642497,17247.0,0.0,1.0
2025-05-30,AU2508.SHF,773.58,776.16,768.6,771.8,772.26,764.32,766.46,5.34,5.8,236013,18226605.39,181246,-13830.0,77,0.579426105145315,0.44298612231330625,8,AU2510.SHF,773.52,774.14,116869,1.7200000000000273,AU2506.SHF,770.18,769.84,17,1.6200000000000045,AU2606.SHF,781.98,781.12,381,11.800000000000068,0.015363184687238792,0.01524668274179539,110535.0,45735.0,-3446.0,-1705.0,35.0,60677.0,21113.0,0.41466692263390287,0.5489392500113086,0.46163769541926314,17247.0,0.0,1.0
2025-06-03,AU2508.SHF,789.4,790.0,781.6,783.1,785.68,771.8,772.26,10.84,13.42,131022,10294298.56,180833,-413.0,73,0.5593852065321806,0.43544208087920133,8,AU2510.SHF,784.98,787.5,123204,1.8799999999999955,AU2506.SHF,781.0,784.14,13,2.1000000000000227,AU2606.SHF,793.62,796.0,377,12.620000000000005,0.016203163034148992,0.016073644809364383,113104.0,45668.0,2694.0,-35.0,35.0,61769.0,21434.0,0.42473483989620336,0.5461256896307823,0.4693439607602698,17247.0,0.0,1.0
2025-06-04,AU2508.SHF,783.1,785.78,777.5,782.42,781.96,783.1,785.68,-3.26,-3.72,191944,15009500.43,180310,-523.0,72,0.5273882270189476,0.4278152263403778,8,AU2510.SHF,784.28,783.88,123575,1.8600000000000136,AU2506.SHF,781.02,781.14,12,1.3999999999999773,AU2606.SHF,793.54,793.52,376,12.519999999999982,0.016074358664817344,0.015946880651315706,114020.0,45671.0,916.0,3.0,36.0,62390.0,21137.0,0.42800784014127286,0.547184704437818,0.462810098311839,17247.0,0.0,1.0
2025-06-05,AU2508.SHF,782.4,787.96,780.72,783.72,784.38,782.42,781.96,1.76,2.42,198422,15564104.74,182808,2498.0,71,0.5634651536578579,0.42961284834014074,8,AU2510.SHF,785.54,786.24,124581,1.8199999999999363,AU2506.SHF,781.78,782.12,11,1.9400000000000546,AU2606.SHF,794.28,795.52,375,12.5,0.01603307920302475,0.015906251649122308,114179.0,45385.0,159.0,-233.0,37.0,62275.0,21094.0,0.4311373492767792,0.5454155317527741,0.46477911204142336,17847.0,600.0,1.0
2025-06-06,AU2508.SHF,785.92,786.9,776.68,783.24,782.68,783.72,784.38,-1.14,-1.7,272195,21304580.29,178314,-4494.0,70,0.5559833651296842,0.4228456248517904,8,AU2510.SHF,785.22,784.98,124748,1.9800000000000182,AU2506.SHF,781.0,780.92,10,2.240000000000009,AU2606.SHF,793.4,793.82,374,12.399999999999977,0.01592069901929057,0.01579563394999584,111652.0,45730.0,-2527.0,551.0,35.0,61402.0,21311.0,0.41886619816751597,0.5499408877583921,0.4660179313361032,17847.0,0.0,1.0
2025-06-09,AU2508.SHF,781.12,783.08,767.08,774.72,775.26,783.24,782.68,-7.96,-7.42,255991,19846298.06,173184,-5130.0,67,0.5632241314822556,0.4133417664116854,8,AU2510.SHF,776.62,777.66,126891,1.8999999999999773,AU2506.SHF,772.04,770.7,7,2.6800000000000637,AU2606.SHF,784.88,784.26,371,12.840000000000032,0.016676952910826843,0.01653979220030712,107232.0,44275.0,-3080.0,-807.0,35.0,60810.0,21075.0,0.41553855597431144,0.5670881826320502,0.47600225861095424,17847.0,0.0,1.0
2025-06-10,AU2508.SHF,774.0,777.16,769.42,775.06,773.22,774.72,775.26,-0.2,-2.04,179960,13915214.29,170163,-3021.0,66,0.5512146263618793,0.4055632883033186,8,AU2510.SHF,776.94,775.12,130388,1.8800000000001091,AU2506.SHF,774.0,769.88,6,1.0599999999999454,AU2606.SHF,785.04,783.28,370,11.039999999999964,0.014302751512053898,0.014201707095072949,106621.0,43129.0,-611.0,-1028.0,33.0,60789.0,20039.0,0.42398664440734557,0.5701409666013262,0.46462936771082103,17817.0,-30.0,1.0
2025-06-11,AU2508.SHF,777.7,779.76,774.02,777.54,777.06,775.06,773.22,4.32,3.84,165488,12859517.78,168745,-1418.0,65,0.5268640560331105,0.39989335861129216,8,AU2510.SHF,779.5,778.92,132180,1.9600000000000364,AU2506.SHF,775.24,774.84,5,2.2999999999999545,AU2606.SHF,787.9,788.02,369,12.659999999999968,0.016375290516201686,0.016243020846071043,107215.0,43121.0,988.0,-8.0,35.0,60266.0,20050.0,0.4263383354618987,0.5621041831833232,0.46497066394564135,17817.0,0.0,1.0
2025-06-12,AU2508.SHF,777.0,786.5,774.98,785.16,780.96,777.54,777.06,8.1,3.9,218198,17040535.7,172351,3606.0,64,0.509925169781866,0.3967363531312871,8,AU2510.SHF,787.04,782.78,137137,1.8799999999999955,AU2506.SHF,782.6,779.34,4,2.5599999999999454,AU2606.SHF,795.78,793.78,368,13.17999999999995,0.016887565539494973,0.016746937979867052,111732.0,43494.0,4517.0,684.0,35.0,62608.0,20831.0,0.4396041900197132,0.5603408155228583,0.47893962385616407,17847.0,30.0,1.0
2025-06-13,AU2508.SHF,786.98,801.14,785.16,794.36,792.96,785.16,780.96,13.4,12.0,294538,23355920.02,176354,4003.0,63,0.5127545380320774,0.3963376400971775,8,AU2510.SHF,796.3,794.62,138633,1.9399999999999409,AU2506.SHF,794.0,794.64,3,0.36000000000001364,AU2606.SHF,804.82,804.72,367,10.82000000000005,0.013664641403936185,0.013572373268490178,113815.0,42853.0,3146.0,-282.0,36.0,61274.0,21282.0,0.45294508131845684,0.5383648903923033,0.49662800737404617,18177.0,330.0,1.0
2025-06-16,AU2508.SHF,798.4,800.3,791.1,792.3,796.72,794.36,792.96,-0.66,3.76,228842,18232418.39,176263,-91.0,60,0.525772603727981,0.3936172825997146,8,AU2510.SHF,794.24,798.76,139601,1.9400000000000546,AU2507.SHF,791.66,795.22,29,0.6399999999999864,AU2606.SHF,802.8,807.52,364,11.139999999999986,0.015331849455951419,0.015224978288115244,111119.0,42208.0,-2421.0,-616.0,36.0,60935.0,21498.0,0.44943812896619645,0.5483760652993638,0.5093347232752085,18177.0,0.0,1.0
2025-06-17,AU2508.SHF,792.68,792.68,782.1,785.08,787.04,792.3,796.72,-11.64,-9.68,192889,15181476.4,168935,-7328.0,59,0.5047957017950188,0.3905487818974565,8,AU2510.SHF,786.96,789.02,137915,1.8799999999999955,AU2507.SHF,784.62,786.66,28,0.4600000000000364,AU2606.SHF,795.72,797.62,363,11.100000000000023,0.01541386894387903,0.015305856636249032,106805.0,40006.0,-4314.0,-1344.0,36.0,59667.0,19452.0,0.4549999659426065,0.5586536210851551,0.486227065940109,18177.0,0.0,1.0
2025-06-18,AU2508.SHF,785.36,787.48,781.54,785.42,785.1,785.08,787.04,-1.62,-1.94,164233,12893933.97,162421,-6514.0,58,0.5176818062897364,0.37966218174678124,8,AU2510.SHF,787.28,787.0,137143,1.8600000000000136,AU2507.SHF,785.06,784.62,27,0.36000000000001364,AU2606.SHF,795.94,795.84,362,10.88000000000011,0.015099901100819152,0.014996224536691577,104784.0,39261.0,-2021.0,-521.0,35.0,58988.0,18487.0,0.4548786837446631,0.5629485417621011,0.47087440462545527,18168.0,-9.0,1.0
2025-06-19,AU2508.SHF,786.5,789.1,779.26,781.24,784.92,785.42,785.1,-3.86,-0.18,190490,14952069.06,161031,-1390.0,57,0.5049704424356494,0.3799666354414669,8,AU2510.SHF,783.24,786.82,137487,2.0,AU2507.SHF,781.54,784.46,26,-0.2999999999999545,AU2606.SHF,791.86,794.96,361,10.32000000000005,0.014387208721853745,0.014293047354950721,103254.0,41470.0,-1272.0,2209.0,35.0,56984.0,19576.0,0.4269091512119621,0.5518817672923083,0.4720520858451893,18168.0,0.0,1.0
2025-06-20,AU2508.SHF,783.1,784.98,777.22,778.58,781.08,781.24,784.92,-6.34,-3.84,149695,11692638.84,156301,-4730.0,56,0.4926251842881213,0.3716497051550314,8,AU2510.SHF,780.34,782.96,137113,1.759999999999991,AU2507.SHF,778.52,780.14,25,0.06000000000005912,AU2606.SHF,787.96,789.04,360,9.440000000000055,0.013211443680738389,0.01313198718635798,100109.0,41118.0,-3145.0,-352.0,35.0,54507.0,19402.0,0.41770341365319663,0.5444765205925541,0.47186147186147187,18168.0,0.0,1.0
2025-06-23,AU2508.SHF,777.26,784.48,776.46,781.3,781.74,778.58,781.08,0.22,0.66,158979,12428270.41,152462,-3839.0,53,0.4760776797879827,0.3647643154837382,8,AU2510.SHF,783.22,783.52,135504,1.9200000000000728,AU2507.SHF,779.02,779.84,22,2.2799999999999727,AU2606.SHF,790.98,791.5,357,11.960000000000036,0.016727484244460192,0.016600378159011765,99063.0,40156.0,-928.0,-962.0,36.0,54712.0,18666.0,0.42312471717222505,0.5522950041892533,0.464837135172826,18168.0,0.0,1.0
2025-06-24,AU2508.SHF,782.0,787.96,769.66,771.86,779.78,781.3,781.74,-9.88,-1.96,248445,19373478.36,147344,-5118.0,52,0.4952260405039069,0.35497222262374545,8,AU2510.SHF,773.92,782.06,138130,2.0599999999999454,AU2507.SHF,770.48,777.58,21,1.3799999999999955,AU2606.SHF,781.4,785.12,356,10.919999999999959,0.015442205440454146,0.015333797490901068,92556.0,37577.0,-4591.0,-2467.0,36.0,50757.0,17645.0,0.4224831518523357,0.5483923246467004,0.4695691513425766,18213.0,45.0,1.0
2025-06-25,AU2508.SHF,769.86,774.42,764.98,773.94,769.98,771.86,779.78,-5.84,-9.8,159583,12287880.81,145732,-1612.0,51,0.45606218653101466,0.34996565950559294,8,AU2510.SHF,775.8,771.82,138523,1.8599999999999,AU2507.SHF,772.48,769.34,20,1.4600000000000364,AU2606.SHF,783.7,782.0,355,11.220000000000027,0.015825362623502263,0.015711534597740436,90100.0,38534.0,-2341.0,957.0,34.0,50367.0,17337.0,0.4008737969743614,0.5590122086570477,0.4499143613432294,18213.0,0.0,1.0
2025-06-26,AU2510.SHF,773.82,777.34,772.14,777.28,775.18,775.8,771.82,5.46,3.36,117916,9140645.97,142787,4264.0,111,0.4075667866043129,0.3460471180714599,8,AU2508.SHF,775.28,773.16,135267,-2.0,AU2507.SHF,773.82,772.22,19,3.4599999999999227,AU2606.SHF,785.56,783.32,354,11.739999999999895,0.016530127527825587,0.016405988231562894,59247.0,17160.0,2098.0,2258.0,37.0,36648.0,7809.0,0.5508264949546507,0.6185629652134286,0.4550699300699301,18237.0,24.0,1.0
2025-06-27,AU2510.SHF,774.18,776.86,767.1,768.64,772.44,777.28,775.18,-6.54,-2.74,174515,13480436.72,148475,5688.0,110,0.45847300890070514,0.35853220934079333,8,AU2508.SHF,766.4,770.14,129822,-2.240000000000009,AU2507.SHF,765.62,769.52,18,3.019999999999982,AU2606.SHF,776.82,779.02,353,11.200000000000045,0.015938696839981926,0.015823240515424934,64105.0,20189.0,5093.0,3389.0,36.0,39322.0,8026.0,0.5209860725555793,0.6133998908041495,0.3975432166031007,18237.0,0.0,1.0
2025-06-30,AU2510.SHF,764.1,768.58,760.58,767.58,764.86,768.64,772.44,-4.86,-7.58,211285,16160688.34,155821,7346.0,107,0.5300464607542096,0.3793037136569882,8,AU2508.SHF,765.46,762.5,119087,-2.1200000000000045,AU2507.SHF,765.78,761.7,15,1.8000000000000682,AU2606.SHF,775.54,773.18,350,9.759999999999991,0.013886533796581528,0.013798785438144213,71595.0,22280.0,7850.0,2926.0,35.0,44713.0,9271.0,0.5253262316910786,0.6245268524338292,0.41611310592459605,18237.0,0.0,1.0
2025-07-01,AU2510.SHF,766.18,776.64,765.4,776.1,770.64,767.58,764.86,11.24,5.78,171739,13235042.23,167465,11644.0,106,0.6143233246768113,0.40462797856352417,8,AU2508.SHF,773.9,768.62,110096,-2.2000000000000455,AU2507.SHF,772.24,769.12,14,3.8600000000000136,AU2606.SHF,783.9,779.96,349,11.659999999999968,0.016451076225626166,0.01632811554873317,81771.0,25970.0,10485.0,3920.0,34.0,49983.0,12339.0,0.5179179699464457,0.6112558241919507,0.47512514439738157,18453.0,216.0,1.0
2025-07-02,AU2510.SHF,780.8,781.0,775.02,776.04,777.62,776.1,770.64,5.4,6.98,202457,15743591.82,168596,1131.0,105,0.6662575031592249,0.4107709325159951,8,AU2508.SHF,773.74,775.44,103401,-2.2999999999999545,AU2507.SHF,771.82,775.16,13,4.219999999999914,AU2606.SHF,783.92,785.82,348,12.099999999999909,0.01708116152671878,0.01694865200122355,82169.0,24937.0,1851.0,-764.0,37.0,48531.0,11274.0,0.534349149440741,0.5906242013411384,0.45209929021133255,18456.0,3.0,1.0
2025-07-03,AU2510.SHF,779.02,782.24,776.22,781.28,778.78,776.04,777.62,3.66,1.16,189582,14764416.51,175461,6865.0,104,0.708606499166486,0.4240349550133039,8,AU2508.SHF,778.92,776.62,98320,-2.3600000000000136,AU2507.SHF,775.52,774.52,12,5.759999999999991,AU2606.SHF,788.9,787.34,347,13.379999999999995,0.018797979362523018,0.018637660511796956,83968.0,27126.0,1799.0,2389.0,35.0,48647.0,11641.0,0.5116567951464526,0.5793516577743902,0.4291454692914547,18456.0,0.0,1.0
2025-07-04,AU2510.SHF,774.02,777.88,773.5,777.06,775.52,781.28,778.78,-1.72,-3.26,213782,16579401.81,175040,-421.0,103,0.7206442522264995,0.4272050335218301,8,AU2508.SHF,774.88,773.28,93922,-2.17999999999995,AU2507.SHF,772.52,771.62,11,4.539999999999964,AU2606.SHF,784.9,783.5,346,12.379999999999995,0.017460592238929613,0.01732216207717856,85173.0,26079.0,1882.0,-930.0,35.0,51583.0,11377.0,0.5311724733038508,0.6056261960950067,0.4362513900072856,21456.0,3000.0,1.0
2025-07-07,AU2510.SHF,775.38,777.2,769.34,771.3,772.92,777.06,775.52,-4.22,-2.6,190256,14705482.71,175760,720.0,100,0.715964084385137,0.4402816640322245,8,AU2512.SHF,773.18,774.38,86042,1.8799999999999955,AU2507.SHF,768.9,770.7,8,2.3999999999999773,AU2606.SHF,779.22,780.28,343,10.32000000000005,0.014623721035866337,0.014526452295075695,87352.0,27546.0,2711.0,1536.0,35.0,54397.0,13748.0,0.5205138470643528,0.6227333089110725,0.49909242721266245,21456.0,0.0,1.0
2025-07-08,AU2510.SHF,771.66,777.28,770.74,776.22,774.54,771.3,772.92,3.3,1.62,187574,14528442.9,179131,3371.0,99,0.7651022589145137,0.4492212088003029,8,AU2512.SHF,778.22,776.36,86352,2.0,AU2507.SHF,772.8,772.88,7,3.4200000000000728,AU2606.SHF,784.24,782.16,342,11.440000000000055,0.016128982417107026,0.016010766463087474,88584.0,28744.0,1910.0,1348.0,34.0,54286.0,13881.0,0.5100231828719487,0.6128194707847918,0.4829181742276649,21558.0,102.0,1.0
2025-07-09,AU2510.SHF,774.98,775.3,765.22,766.82,769.52,776.22,774.54,-7.72,-5.02,310838,23919863.86,181258,2127.0,98,0.7080350329715386,0.4570977528174892,8,AU2512.SHF,768.52,771.1,87982,1.6999999999999318,AU2507.SHF,764.6,765.62,6,2.2200000000000273,AU2606.SHF,774.22,774.6,341,9.620000000000005,0.013708465259368875,0.013622943665530001,87458.0,31961.0,-344.0,3598.0,34.0,53014.0,15363.0,0.46472504375350654,0.6061652450319011,0.48067957823597507,21585.0,27.0,1.0
2025-07-10,AU2510.SHF,767.5,774.08,767.08,773.3,771.16,766.82,769.52,3.78,1.64,205604,15855371.44,184003,2745.0,97,0.7742076387502965,0.46510857833286573,8,AU2512.SHF,774.94,773.12,88429,1.6400000000001,AU2507.SHF,770.48,770.48,5,2.8199999999999363,AU2606.SHF,780.58,778.86,340,10.100000000000023,0.014282625911042828,0.014189822641162812,89391.0,32529.0,2465.0,862.0,35.0,54472.0,14072.0,0.46638779527559054,0.6093678334507948,0.432598604322297,24585.0,3000.0,1.0
2025-07-11,AU2510.SHF,773.3,775.88,770.46,773.56,773.18,773.3,771.16,2.4,2.02,217649,16828343.05,181932,-2071.0,96,0.7501232117070077,0.4646456391265483,8,AU2512.SHF,775.48,775.44,91009,1.9200000000000728,AU2507.SHF,770.48,770.48,4,3.0799999999999272,AU2606.SHF,780.88,780.76,339,10.399999999999977,0.014706862324242067,0.014608489370587358,89666.0,28835.0,275.0,-3150.0,32.0,55444.0,12655.0,0.5133374401903782,0.618339169807954,0.4388763655280042,24585.0,0.0,1.0
2025-07-14,AU2510.SHF,777.62,781.46,776.24,781.4,778.44,773.56,773.18,8.22,5.26,249578,19428344.31,191083,9151.0,93,0.7540462558726226,0.48053424268258027,8,AU2512.SHF,783.48,780.54,91191,2.080000000000041,AU2507.SHF,778.5,775.52,1,2.8999999999999773,AU2606.SHF,789.06,786.24,336,10.559999999999945,0.014779282776867022,0.014679942962312034,95156.0,31355.0,6596.0,2580.0,34.0,58479.0,13885.0,0.5043118780185122,0.6145592500735634,0.44283208419709774,28857.0,4272.0,1.0
2025-07-15,AU2510.SHF,777.0,781.52,775.84,780.4,778.22,781.4,778.44,1.96,-0.22,216294,16832505.99,198270,7187.0,92,0.7500390114329506,0.4898385733979633,8,AU2512.SHF,782.54,780.42,94462,2.1399999999999864,AU2508.SHF,777.92,776.12,31,2.480000000000018,AU2606.SHF,788.52,786.26,335,10.600000000000023,0.01636026028924647,0.01624979948373915,99463.0,31628.0,4787.0,273.0,35.0,59663.0,13930.0,0.5174649670839341,0.5998512009490966,0.44043252813962314,28872.0,15.0,1.0
2025-07-16,AU2510.SHF,778.0,779.4,773.84,776.66,776.5,780.4,778.22,-1.56,-1.72,259450,20146756.15,200708,2438.0,91,0.7850416954116892,0.4966630620643236,8,AU2512.SHF,778.66,778.54,95098,2.0,AU2508.SHF,774.26,774.1,30,2.3999999999999773,AU2608.SHF,786.36,786.0,397,12.100000000000023,0.015542660017958026,0.015422461705125809,98974.0,31409.0,930.0,28.0,35.0,59305.0,13359.0,0.5182040603452904,0.5991977691110797,0.42532395173357956,28872.0,0.0,1.0
2025-07-17,AU2510.SHF,776.22,782.84,773.64,776.28,777.66,776.66,776.5,-0.22,1.16,375362,29190723.69,203084,2376.0,90,0.7687449183765839,0.4947427914364506,8,AU2512.SHF,778.38,779.78,97403,2.1000000000000227,AU2508.SHF,773.96,775.56,29,2.3199999999999363,AU2608.SHF,786.08,787.68,396,12.120000000000005,0.015574384921285989,0.015453697955593234,99665.0,31850.0,691.0,746.0,34.0,58818.0,14559.0,0.5156446032771927,0.5901570260372248,0.4571114599686028,28872.0,0.0,1.0
2025-07-18,AU2510.SHF,772.0,777.66,771.9,777.02,775.34,776.28,777.66,-0.64,-2.32,221277,17156640.01,202287,-797.0,89,0.8044534928107901,0.4949462326127647,8,AU2512.SHF,779.14,777.26,97809,2.1200000000000045,AU2508.SHF,774.6,773.0,28,2.419999999999959,AU2608.SHF,787.38,786.84,395,12.779999999999973,0.016408926185687064,0.016275032793715047,99965.0,32405.0,300.0,620.0,34.0,59242.0,14008.0,0.5103875500491047,0.5926274195968589,0.4322789692948619,28857.0,-15.0,1.0
2025-07-21,AU2510.SHF,780.1,782.58,778.08,781.7,779.84,777.02,775.34,6.36,4.5,216188,16859247.67,211239,8952.0,86,0.7454630092584611,0.5022122263246611,8,AU2512.SHF,783.66,781.96,100345,1.9599999999999227,AU2508.SHF,779.32,777.66,25,2.3799999999999955,AU2608.SHF,792.38,791.16,392,13.059999999999945,0.01666687411830129,0.016528761593613446,108376.0,35455.0,9035.0,3129.0,34.0,64486.0,16735.0,0.5069908434204031,0.5950210378681627,0.4720067691439853,28857.0,0.0,1.0
2025-07-22,AU2510.SHF,784.7,787.8,784.2,784.84,785.8,781.7,779.84,5.0,5.96,215395,16926151.24,216722,5483.0,85,0.742682476907004,0.5045232541356464,8,AU2512.SHF,786.72,787.66,104970,1.8799999999999955,AU2508.SHF,782.5,783.14,24,2.340000000000032,AU2608.SHF,795.24,795.88,391,12.740000000000009,0.016192424545794847,0.016062022392226285,111946.0,35424.0,3767.0,128.0,35.0,65687.0,16931.0,0.5192508651693017,0.5867739803119361,0.47795280036133697,28857.0,0.0,1.0
2025-07-23,AU2510.SHF,788.5,794.0,787.6,792.9,791.4,784.84,785.8,7.1,5.6,286795,22697461.88,222387,5665.0,84,0.7700703762079548,0.5034888564882316,8,AU2512.SHF,795.08,793.4,111896,2.1800000000000637,AU2508.SHF,790.3,788.8,23,2.6000000000000227,AU2608.SHF,803.78,802.18,390,13.480000000000018,0.016963861204019662,0.016820810856606225,117241.0,38070.0,5358.0,3194.0,34.0,68793.0,18475.0,0.5097578407195884,0.5867657218891003,0.4852902547938009,28857.0,0.0,1.0
2025-07-24,AU2510.SHF,790.98,791.22,777.66,778.74,784.22,792.9,791.4,-12.66,-7.18,331217,25975294.58,213456,-8931.0,83,0.7565832153136278,0.5030068809501367,8,AU2512.SHF,780.88,785.2,110694,2.1399999999999864,AU2508.SHF,776.24,782.82,22,2.5,AU2608.SHF,789.96,792.28,389,13.720000000000027,0.017578624661998117,0.01742508065673212,111208.0,35188.0,-3485.0,-2543.0,36.0,64222.0,16499.0,0.5192764829640154,0.5774944248615208,0.4688814368534728,29358.0,501.0,1.0
2025-07-25,AU2510.SHF,774.88,779.24,774.32,777.32,777.34,778.74,784.22,-6.9,-6.88,190255,14789388.52,211851,-1605.0,82,0.7989577077970343,0.5012314833873955,8,AU2512.SHF,779.34,779.26,111093,2.019999999999982,AU2508.SHF,774.7,774.68,21,2.6200000000000045,AU2608.SHF,788.2,788.9,388,13.5,0.017331135301034084,0.01718185994526412,111147.0,38000.0,15.0,3018.0,35.0,63694.0,17461.0,0.4904356105050722,0.5730609013288708,0.4595,30258.0,900.0,1.0
2025-07-28,AU2510.SHF,772.82,775.84,770.58,774.78,773.26,777.32,777.34,-2.56,-4.08,256019,19797203.67,209675,-2176.0,79,0.7755989239363571,0.49999523075969227,8,AU2512.SHF,777.0,775.48,112653,2.2200000000000273,AU2508.SHF,772.0,770.94,18,2.7799999999999727,AU2608.SHF,785.86,784.34,385,13.860000000000014,0.017855529358614106,0.017697138867427815,111303.0,38597.0,1338.0,1519.0,33.0,66104.0,18345.0,0.4850300200133422,0.5939103168827435,0.47529600746171985,30258.0,0.0,1.0
2025-07-29,AU2510.SHF,772.66,773.3,767.68,771.44,770.56,774.78,773.26,-1.82,-2.7,219932,16947193.73,212407,2732.0,78,0.7994474836880464,0.5046159913334347,8,AU2512.SHF,773.6,772.84,113606,2.159999999999968,AU2508.SHF,768.68,768.0,17,2.7600000000001046,AU2608.SHF,782.6,781.96,384,13.920000000000073,0.018010279556347816,0.017849148160521414,113286.0,41587.0,1983.0,3195.0,33.0,65557.0,20412.0,0.46295351675243585,0.578685804071112,0.4908264601918869,31263.0,1005.0,1.0
2025-07-30,AU2510.SHF,772.7,775.08,770.84,773.78,773.12,771.44,770.56,3.22,2.56,206379,15955751.19,214105,1698.0,77,0.8117615129249989,0.5047551016559164,8,AU2512.SHF,775.76,775.34,115693,1.9800000000000182,AU2508.SHF,770.34,770.38,16,3.439999999999941,AU2608.SHF,784.6,784.3,383,14.259999999999991,0.018410427640182102,0.01824210122536185,116019.0,42155.0,3227.0,693.0,36.0,67240.0,21708.0,0.46697940243023506,0.5795602444427206,0.5149567073893963,33462.0,2199.0,1.0
2025-07-31,AU2510.SHF,771.3,772.44,766.86,770.28,769.96,773.78,773.12,-2.84,-3.16,260701,20073002.21,217080,2975.0,76,0.8038784597168089,0.5051167855696874,8,AU2512.SHF,772.24,771.9,119395,1.9600000000000364,AU2508.SHF,766.8,766.48,15,3.480000000000018,AU2608.SHF,781.42,780.76,382,14.620000000000005,0.018962346081738128,0.018783841051230547,118423.0,45745.0,2687.0,4343.0,35.0,67583.0,23033.0,0.44270503386774523,0.5706915041841534,0.5035085801726965,35643.0,2181.0,1.0
2025-08-01,AU2510.SHF,772.5,773.16,768.5,770.72,770.9,770.28,769.96,0.76,0.94,189185,14584534.36,218768,1688.0,75,0.8357778386449783,0.5068203721550893,8,AU2512.SHF,772.92,772.98,119557,2.199999999999932,AU2508.SHF,767.44,767.7,14,3.2799999999999727,AU2608.SHF,781.5,781.88,381,14.059999999999945,0.018220810417223413,0.0180559128431097,119684.0,45475.0,1408.0,491.0,33.0,68962.0,23040.0,0.4493185354718786,0.5762006617425888,0.5066520065970314,35745.0,102.0,1.0
2025-08-04,AU2510.SHF,778.5,781.78,778.42,781.42,780.48,770.72,770.9,10.52,9.58,271828,21216116.7,217696,-1072.0,72,0.7830072099527882,0.5003206063712186,8,AU2512.SHF,783.7,782.76,122717,2.2800000000000864,AU2508.SHF,778.28,777.22,11,3.1399999999999864,AU2608.SHF,792.46,791.5,378,14.180000000000064,0.018120374152799077,0.017957278640978735,122167.0,41505.0,4044.0,-3292.0,34.0,71450.0,20458.0,0.49282711764993403,0.5848551572847005,0.49290446934104326,35889.0,144.0,1.0
2025-08-05,AU2510.SHF,782.4,786.18,782.3,782.5,784.32,781.42,780.48,2.02,3.84,193353,15165115.59,218652,956.0,71,0.8028642729903791,0.49946091151639194,8,AU2512.SHF,784.8,786.54,124100,2.2999999999999545,AU2508.SHF,779.6,781.16,10,2.8999999999999773,AU2608.SHF,793.7,795.52,377,14.100000000000023,0.017987635663087222,0.017826906782424556,122395.0,40503.0,324.0,-762.0,35.0,71036.0,19524.0,0.5027194931797813,0.5803831855876466,0.48203836752833124,36009.0,120.0,1.0
2025-08-06,AU2510.SHF,782.8,785.82,782.58,783.68,784.26,782.5,784.32,-0.64,-0.06,191341,15006141.31,215212,-3440.0,70,0.798861876192504,0.49681887437093125,8,AU2512.SHF,785.88,786.36,124374,2.2000000000000455,AU2508.SHF,781.18,781.54,9,2.5,AU2608.SHF,794.92,795.3,376,13.740000000000009,0.01749292431424755,0.017340865184425673,120006.0,38738.0,-1756.0,-1579.0,35.0,68794.0,18596.0,0.5119437585042584,0.5732546705998034,0.48004543342454437,,,
2025-08-07,AU2510.SHF,782.28,785.5,781.08,785.02,783.38,783.68,784.26,0.76,-0.88,187081,14655667.89,217630,2418.0,69,0.7972666021742744,0.4969277384912924,8,AU2512.SHF,787.18,785.56,127337,2.159999999999968,AU2508.SHF,782.52,781.6,8,2.5,AU2608.SHF,796.16,794.3,375,13.639999999999986,0.017335873300275962,0.01718651678289332,120204.0,38166.0,478.0,-500.0,35.0,68148.0,18154.0,0.5180147755256678,0.5669362084456424,0.47565896347534453,,,
2025-08-08,AU2510.SHF,784.18,788.36,783.34,787.8,785.82,785.02,783.38,4.42,2.44,251828,19789583.95,220321,2691.0,68,0.7739504579261172,0.4985314748608408,8,AU2512.SHF,789.86,788.16,129464,2.060000000000059,AU2508.SHF,784.84,783.82,7,2.9599999999999227,AU2608.SHF,798.76,796.92,374,13.919999999999959,0.01763944458663317,0.01748484246730462,124936.0,38895.0,5131.0,1549.0,36.0,70302.0,19479.0,0.5251814369685834,0.5627041045015048,0.5008098727342846,,,
2025-08-11,AU2510.SHF,787.02,788.92,778.74,779.48,784.8,787.8,785.82,-6.34,-1.02,278074,21823664.11,211644,-8677.0,65,0.7797815510158298,0.4899041922543639,8,AU2512.SHF,781.62,786.54,128396,2.1399999999999864,AU2508.SHF,777.5,783.02,4,1.9800000000000182,AU2608.SHF,790.5,794.88,371,13.0,0.01662913866669004,0.016491647404877914,118222.0,36046.0,-5810.0,-2542.0,34.0,66582.0,18693.0,0.5326833821661006,0.5631946676591497,0.5185873605947955,36045.0,0.0,1.0
2025-08-12,AU2510.SHF,777.52,778.78,775.52,776.04,777.1,779.48,784.8,-8.76,-7.7,194063,15080928.64,204736,-6908.0,64,0.7963780664964996,0.48132179179146234,8,AU2512.SHF,778.16,779.2,128179,2.1200000000000045,AU2508.SHF,774.4,775.08,3,1.6399999999999864,AU2608.SHF,787.08,787.96,370,12.680000000000064,0.016284735514671116,0.016152850362169402,111198.0,34948.0,-7024.0,-1047.0,34.0,62663.0,18906.0,0.5217385354371655,0.5635263224158708,0.540975163099462,36045.0,0.0,1.0
2025-08-13,AU2510.SHF,777.28,777.82,773.8,777.72,776.26,776.04,777.1,0.62,-0.84,206809,16053936.96,201477,-3259.0,63,0.7692871384359005,0.4742431838884848,8,AU2512.SHF,779.9,778.42,129621,2.17999999999995,AU2508.SHF,774.38,774.48,2,3.340000000000032,AU2608.SHF,788.6,787.56,369,14.220000000000027,0.01826300629147075,0.01809734870639338,109388.0,36574.0,-1790.0,1637.0,34.0,61619.0,18526.0,0.49885586659541525,0.5633067612535195,0.5065346967791328,36045.0,0.0,1.0
2025-08-14,AU2510.SHF,778.12,780.58,777.02,778.7,778.8,777.72,776.26,2.44,2.54,149006,11604602.43,199577,-1900.0,62,0.7918438057988266,0.4710559856495468,8,AU2512.SHF,780.84,780.94,129835,2.1399999999999864,AU2508.SHF,777.02,776.46,1,1.6800000000000637,AU2608.SHF,789.54,789.74,368,12.519999999999982,0.016025032968477213,0.015897298841184456,109498.0,37335.0,239.0,1021.0,36.0,61178.0,18486.0,0.49146309072211286,0.558713401158012,0.49513860988348735,36345.0,300.0,1.0
2025-08-15,AU2510.SHF,776.9,777.32,773.22,775.8,775.18,778.7,778.8,-3.0,-3.62,160609,12450214.54,197655,-1922.0,61,0.7718654933943359,0.46663188362001806,8,AU2512.SHF,777.8,777.32,131073,2.0,AU2509.SHF,774.34,774.04,31,1.4599999999999227,AU2608.SHF,786.84,786.32,367,12.5,0.01753605528271705,0.017396019973852265,108337.0,37185.0,-1161.0,331.0,35.0,60236.0,18465.0,0.48894325256662224,0.55600579672688,0.4965711980637354,36345.0,0.0,1.0
2025-08-18,AU2510.SHF,775.92,777.84,774.52,777.66,776.06,775.8,775.18,2.48,0.88,129189,10025911.07,194004,-3651.0,58,0.7912986487976381,0.4703686013611314,8,AU2512.SHF,779.78,778.48,132127,2.1200000000000045,AU2509.SHF,776.28,774.94,28,1.3799999999999955,AU2608.SHF,788.38,787.2,364,12.100000000000023,0.016932479566773906,0.016801870407589032,108181.0,35434.0,42.0,-1714.0,35.0,60230.0,18101.0,0.506541795773422,0.5567521098899068,0.5108370491618219,36345.0,0.0,1.0
2025-08-19,AU2510.SHF,776.98,776.98,773.84,775.06,775.36,777.66,776.06,-1.0,-0.7,121675,9434265.84,191435,-2569.0,57,0.7431986708853028,0.4649301760777171,8,AU2512.SHF,777.26,777.44,132937,2.2000000000000455,AU2509.SHF,773.64,773.86,27,1.419999999999959,AU2608.SHF,785.48,785.72,363,11.840000000000032,0.016625180654962095,0.016499245748802654,106228.0,34814.0,-1713.0,-601.0,35.0,58187.0,17533.0,0.5063314473702869,0.5477557706066197,0.5036192336416384,36333.0,-12.0,1.0
2025-08-20,AU2510.SHF,774.72,775.54,770.38,772.68,772.8,775.06,775.36,-2.68,-2.56,153091,11831072.66,191474,39.0,56,0.7266414471029936,0.46439554895854557,8,AU2512.SHF,774.78,774.64,132688,2.1000000000000227,AU2509.SHF,771.62,771.06,26,1.0599999999999454,AU2608.SHF,782.5,781.84,362,10.879999999999995,0.015317186722800974,0.015210203472499845,105210.0,36899.0,-231.0,2439.0,35.0,56410.0,18947.0,0.48069439655475726,0.5361657637106739,0.5134827502100328,36582.0,249.0,1.0
2025-08-21,AU2510.SHF,776.5,777.5,774.32,775.12,776.16,772.68,772.8,2.32,3.36,128755,9993659.37,183215,-8259.0,55,0.7768399078085216,0.4526140521204665,8,AU2512.SHF,777.2,778.1,133322,2.080000000000041,AU2509.SHF,774.0,775.14,25,1.1200000000000045,AU2608.SHF,785.0,785.86,361,11.0,0.015438507444321506,0.015329830745025943,102696.0,34216.0,-2291.0,-2499.0,37.0,55379.0,17514.0,0.5001752950800514,0.5392517722209239,0.5118657937806874,36642.0,60.0,1.0
2025-08-22,AU2510.SHF,776.0,777.22,772.74,773.4,775.62,775.12,776.16,-2.76,-0.54,139379,10810615.98,181769,-1446.0,54,0.7553557589651042,0.44439581932644706,8,AU2512.SHF,775.58,777.46,135761,2.1800000000000637,AU2509.SHF,771.92,773.94,24,1.4800000000000182,AU2608.SHF,783.92,784.74,360,12.0,0.01688739025509675,0.016757472216171583,100126.0,34717.0,-2381.0,617.0,35.0,53752.0,17866.0,0.4850752356444161,0.536843577092863,0.514618198577066,37455.0,813.0,1.0
2025-08-25,AU2510.SHF,772.6,781.88,772.12,779.18,778.94,773.4,775.62,3.56,3.32,226253,17624011.14,180151,-1618.0,51,0.7255791728667453,0.4340391801607972,8,AU2512.SHF,781.48,781.2,140282,2.300000000000068,AU2509.SHF,778.02,778.3,21,1.1599999999999682,AU2608.SHF,789.76,789.1,357,11.740000000000009,0.01639196140140852,0.01626951765638097,99070.0,36311.0,-920.0,1850.0,36.0,51813.0,18177.0,0.46357317496546785,0.5229938427374584,0.500592107074991,37515.0,60.0,1.0
2025-08-26,AU2510.SHF,778.44,782.4,778.26,781.12,780.24,779.18,778.94,2.18,1.3,118442,9241445.46,174588,-5563.0,50,0.6707022888659864,0.4196413334262729,8,AU2512.SHF,783.44,782.68,145307,2.32000000000005,AU2509.SHF,780.12,779.02,20,1.0,AU2608.SHF,792.28,791.64,356,12.159999999999968,0.016932681907301104,0.016802069642589984,97238.0,35224.0,-1667.0,-969.0,36.0,52089.0,17162.0,0.4681644547115399,0.5356856373022892,0.48722461957756075,37503.0,-12.0,1.0
2025-08-27,AU2510.SHF,780.68,783.28,780.0,781.16,781.56,781.12,780.24,0.92,1.32,135834,10616453.56,166596,-7992.0,49,0.7072771957594818,0.40742180908430603,8,AU2512.SHF,783.36,783.86,144391,2.2000000000000455,AU2509.SHF,780.14,780.46,19,1.0199999999999818,AU2608.SHF,792.18,792.34,355,12.039999999999964,0.01676515326308952,0.016637099720556294,94205.0,34568.0,-2489.0,-498.0,36.0,51849.0,16679.0,0.4631172683714754,0.5503847991083276,0.48249826429067344,37503.0,0.0,1.0
2025-08-28,AU2512.SHF,783.92,786.66,783.6,785.56,785.06,783.36,783.86,1.7,1.2,29346,2303877.0,146889,2498.0,109,0.1527427170569467,0.37629207985469787,8,AU2510.SHF,783.22,782.74,144469,-2.339999999999918,AU2509.SHF,781.76,781.74,18,3.7999999999999545,AU2608.SHF,793.92,793.38,354,12.159999999999968,0.016897160010135828,0.01676709237628597,85116.0,22419.0,2250.0,760.0,38.0,47730.0,11014.0,0.5830380806249128,0.5607641336528972,0.49127971809625764,39504.0,2001.0,1.0
2025-08-29,AU2512.SHF,785.82,787.68,784.42,787.42,786.56,785.56,785.06,2.36,1.5,44257,3481085.28,152526,5637.0,108,0.2099129651149003,0.3911294148419209,8,AU2510.SHF,785.12,784.26,136691,-2.2999999999999545,AU2509.SHF,783.0,783.22,17,4.419999999999959,AU2608.SHF,795.96,795.26,353,12.960000000000036,0.017980295566502595,0.017833114961760748,89793.0,24095.0,4998.0,1676.0,36.0,49310.0,12273.0,0.5768649901657769,0.5491519383470872,0.5093587881303175,39624.0,120.0,1.0
2025-09-01,AU2512.SHF,788.5,804.08,788.02,802.2,797.72,787.42,786.56,15.64,11.16,132324,10555838.35,178201,25675.0,105,0.26683390333612955,0.42203922906038777,8,AU2510.SHF,800.56,794.72,140691,-1.6400000000001,AU2509.SHF,799.0,796.82,14,3.2000000000000455,AU2608.SHF,811.08,805.4,350,12.080000000000041,0.01642380356397877,0.016300886023529054,103818.0,25414.0,14039.0,1655.0,34.0,54562.0,13264.0,0.6066918410300854,0.5255543354716908,0.5219170535925081,39744.0,120.0,1.0
2025-09-02,AU2512.SHF,801.28,811.96,800.86,806.18,806.58,802.2,797.72,8.46,8.86,82702,6670638.71,185302,7101.0,104,0.2584518266195819,0.4323465454647267,8,AU2510.SHF,804.32,804.32,138624,-1.8599999999999,AU2509.SHF,803.38,805.4,13,2.7999999999999545,AU2608.SHF,814.96,816.12,349,11.580000000000041,0.01565817456958641,0.015546398143283983,108335.0,26736.0,4517.0,1351.0,35.0,55894.0,13915.0,0.6041193150269117,0.5159366778972632,0.5204593058049073,40191.0,447.0,1.0
2025-09-03,AU2512.SHF,806.0,818.56,804.38,816.66,812.8,806.18,806.58,10.08,6.22,111269,9044139.62,193360,8058.0,103,0.2666997437722761,0.4375878355288915,8,AU2510.SHF,814.88,810.36,142330,-1.7799999999999727,AU2509.SHF,813.3,811.66,12,3.3600000000000136,AU2608.SHF,825.48,821.24,348,12.180000000000064,0.01626859707365059,0.016147980374748964,109802.0,28750.0,1757.0,2031.0,35.0,55471.0,14458.0,0.5849933598937583,0.5051911622739113,0.5028869565217391,40251.0,60.0,1.0
2025-09-04,AU2512.SHF,820.0,824.98,808.92,814.92,817.6,816.66,812.8,2.12,4.8,122987,10055535.4,194635,1275.0,102,0.25891236889860086,0.44249004803768444,8,AU2510.SHF,812.98,816.1,136664,-1.9399999999999409,AU2509.SHF,812.34,816.08,11,2.5799999999999272,AU2608.SHF,823.7,826.8,347,11.360000000000014,0.015191269899889443,0.015086030319722972,110878.0,28988.0,1086.0,238.0,34.0,55623.0,14728.0,0.5854889680122403,0.5016594815923808,0.5080723057817028,43254.0,3003.0,1.0
2025-09-05,AU2512.SHF,816.88,819.68,809.3,817.52,816.56,814.92,817.6,-0.08,-1.04,80168,6546284.71,196626,1991.0,101,0.2709614182143883,0.44781768987601234,8,AU2510.SHF,815.6,814.56,132985,-1.919999999999959,AU2509.SHF,814.4,814.12,10,3.1200000000000045,AU2608.SHF,826.5,825.28,346,12.100000000000023,0.016139913111610036,0.016021187751962793,114664.0,29662.0,3786.0,674.0,34.0,57681.0,15067.0,0.5889583304463506,0.5030436754343124,0.5079563077338008,43335.0,81.0,1.0
2025-09-08,AU2512.SHF,823.54,826.56,820.02,825.18,823.34,817.52,816.56,8.62,6.78,130224,10721986.55,203546,6920.0,98,0.2960632212653347,0.45802533309030846,8,AU2510.SHF,822.86,821.36,129838,-2.3199999999999363,AU2509.SHF,827.98,819.72,7,-2.800000000000068,AU2608.SHF,833.74,832.16,343,5.759999999999991,0.0075571183568962285,0.007530953370601526,117388.0,33118.0,2724.0,3456.0,33.0,58985.0,16465.0,0.5599112327747731,0.5024789586669847,0.49716166435171205,43335.0,0.0,1.0
2025-09-09,AU2512.SHF,830.0,839.34,829.68,837.1,834.4,825.18,823.34,13.76,11.06,153993,12849233.0,210552,7006.0,97,0.3272804942585166,0.4674497754353092,8,AU2510.SHF,834.48,831.68,124881,-2.6200000000000045,AU2509.SHF,832.2,831.12,6,4.899999999999977,AU2608.SHF,845.88,842.94,342,13.67999999999995,0.017857142857142783,0.017711960696739294,124685.0,35301.0,7467.0,2183.0,33.0,63296.0,17830.0,0.5586988861525384,0.5076472711232305,0.5050848417891844,44415.0,1080.0,1.0
2025-09-10,AU2512.SHF,837.1,843.34,830.02,836.06,835.82,837.1,834.4,1.66,1.42,173781,14524965.07,210656,104.0,96,0.33101142857142857,0.4709533039568788,8,AU2510.SHF,833.42,833.38,119424,-2.6399999999999864,AU2509.SHF,837.0,853.28,5,-0.9400000000000546,AU2608.SHF,845.02,845.5,341,8.019999999999982,0.010408843943790148,0.010359292284906804,125977.0,35571.0,1292.0,1195.0,35.0,63668.0,17933.0,0.5596231460618516,0.5053938417330147,0.5041466363048551,45951.0,1536.0,1.0
2025-09-11,AU2512.SHF,835.84,839.34,830.84,832.84,835.48,836.06,835.82,-2.98,-0.34,107160,8953112.28,210404,-252.0,95,0.3474246290214336,0.4731890853725731,8,AU2510.SHF,830.78,833.38,114423,-2.060000000000059,AU2509.SHF,832.5,832.5,4,0.34000000000003183,AU2608.SHF,842.12,844.48,340,9.620000000000005,0.012552910052910038,0.012480936063782245,125506.0,35945.0,-249.0,374.0,34.0,63545.0,18692.0,0.5547255823748382,0.5063104552770386,0.5200166921685909,50151.0,4200.0,1.0
2025-09-12,AU2512.SHF,832.56,837.76,829.0,836.7,833.42,832.84,835.48,1.22,-2.06,110010,9168501.18,213724,3320.0,94,0.35135851599653783,0.4818737078013289,8,AU2510.SHF,834.22,830.74,109267,-2.480000000000018,AU2509.SHF,832.5,832.5,3,4.2000000000000455,AU2608.SHF,846.36,842.2,339,13.860000000000014,0.018085585585585498,0.01793668568757008,127993.0,37795.0,2919.0,1911.0,36.0,65450.0,19413.0,0.5440562646271141,0.5113560897861602,0.513639370287075,52950.0,2799.0,1.0
2025-09-15,AU2512.SHF,836.12,837.82,830.78,834.1,834.9,836.7,833.42,0.68,1.48,93304,7789970.32,216585,2861.0,91,0.3688707031172785,0.48891843571383425,8,AU2510.SHF,831.6,832.56,104349,-2.5,AU2510.SHF,831.6,832.56,30,2.5,AU2608.SHF,843.72,844.46,336,12.120000000000005,0.01738439483537536,0.017258929593309054,130153.0,39301.0,2215.0,1804.0,36.0,66301.0,19774.0,0.5361455026142788,0.5094081580908623,0.5031424136790412,53226.0,276.0,1.0
2025-09-16,AU2512.SHF,836.42,844.88,835.64,844.58,840.76,834.1,834.9,9.68,5.86,128102,10770361.38,225325,8740.0,90,0.40798244524489713,0.5029508533367857,8,AU2510.SHF,842.08,838.12,104060,-2.5,AU2510.SHF,842.08,838.12,29,2.5,AU2610.SHF,856.22,852.26,394,14.139999999999986,0.016791753752612548,0.016652330860823447,136613.0,42674.0,6674.0,3447.0,34.0,70671.0,21677.0,0.5239587923273857,0.5173080160746049,0.5079673806064583,53226.0,0.0,1.0
2025-09-17,AU2512.SHF,844.18,845.88,836.68,837.64,841.3,844.58,840.76,-3.12,0.54,160371,13492066.17,222304,-3021.0,89,0.4377809989435668,0.5056397262361566,8,AU2510.SHF,835.08,839.0,96007,-2.5599999999999454,AU2510.SHF,835.08,839.0,28,2.5599999999999454,AU2610.SHF,849.88,853.12,393,14.799999999999955,0.01772285290032083,0.017567634402678868,135222.0,42946.0,-1263.0,469.0,35.0,70001.0,22468.0,0.5179156750931705,0.5176746387422165,0.5231686303730266,54126.0,900.0,1.0
2025-09-18,AU2512.SHF,838.1,842.14,826.56,826.82,833.96,837.64,841.3,-14.48,-7.34,221255,18452160.49,228640,6336.0,88,0.45562376315101244,0.5153054555125333,8,AU2510.SHF,824.1,831.8,87731,-2.7200000000000273,AU2510.SHF,824.1,831.8,27,2.7200000000000273,AU2610.SHF,839.8,846.74,392,15.699999999999932,0.019051086033248232,0.018871886480754874,142757.0,44889.0,7535.0,1943.0,35.0,75932.0,23700.0,0.5215565479679822,0.5318968596986487,0.5279689901757669,56430.0,2304.0,1.0
2025-09-19,AU2512.SHF,832.12,833.16,826.86,830.56,829.78,826.82,833.96,-3.4,-4.18,210003,17425977.12,240177,11537.0,87,0.559928863387308,0.5350333369718491,8,AU2510.SHF,827.5,826.86,75295,-3.0599999999999454,AU2510.SHF,827.5,826.86,26,3.0599999999999454,AU2610.SHF,843.76,842.9,391,16.25999999999999,0.01964954682779463,0.01945898671714089,150633.0,48422.0,8365.0,3533.0,35.0,81060.0,26060.0,0.5134811986636859,0.5381290952181793,0.5381851224649953,57429.0,999.0,1.0
2025-09-22,AU2512.SHF,831.02,847.26,829.86,846.5,838.74,830.56,829.78,16.72,8.96,230847,19362392.03,260256,20079.0,84,0.6359439006719027,0.5540202529382088,8,AU2510.SHF,843.0,835.38,71321,-3.5,AU2510.SHF,843.0,835.38,23,3.5,AU2610.SHF,858.8,850.26,388,15.799999999999955,0.01874258600237244,0.01856910800277047,161002.0,54007.0,11049.0,5884.0,34.0,84154.0,28683.0,0.4976303317535545,0.5226891591408802,0.5310978206528784,57429.0,0.0,1.0
2025-09-23,AU2512.SHF,847.5,856.3,845.04,855.44,851.2,846.5,838.74,16.7,12.46,258495,22003110.91,271554,11298.0,83,0.6485902611724029,0.5698343717015459,8,AU2602.SHF,857.84,853.94,66781,2.3999999999999773,AU2510.SHF,851.92,847.78,22,3.5200000000000955,AU2610.SHF,868.0,864.14,387,16.08000000000004,0.018875011738191505,0.01869908895322197,165541.0,57888.0,4539.0,5302.0,34.0,85612.0,30373.0,0.4818219658146436,0.5171649319503929,0.5246855997788834,59013.0,1584.0,1.0
2025-09-24,AU2512.SHF,861.34,862.1,853.74,860.0,858.6,855.44,851.2,8.8,7.4,285621,24523704.26,274765,3211.0,82,0.6331403313545458,0.5703441390089943,8,AU2602.SHF,862.42,860.92,71099,2.419999999999959,AU2510.SHF,856.04,854.98,21,3.9600000000000364,AU2610.SHF,872.84,872.52,386,16.800000000000068,0.019625251156488055,0.019435158960987832,164245.0,57796.0,-1296.0,81.0,34.0,84290.0,30108.0,0.47941146004566726,0.5131967487594752,0.5209357048930722,60543.0,1530.0,1.0
2025-09-25,AU2512.SHF,860.0,861.22,852.08,854.72,855.96,860.0,858.6,-3.88,-2.64,270576,23160739.75,266629,-8136.0,81,0.6622172294543933,0.5782668196398479,8,AU2602.SHF,857.32,858.8,73739,2.6000000000000227,AU2510.SHF,851.74,853.14,20,2.980000000000018,AU2610.SHF,868.46,869.38,385,16.720000000000027,0.019630403644304684,0.01944021226345583,156365.0,57877.0,-7330.0,81.0,34.0,81880.0,30679.0,0.4597044463737269,0.5236465961052665,0.5300723949064395,65634.0,5091.0,1.0
2025-09-26,AU2512.SHF,854.0,859.04,850.74,856.06,855.0,854.72,855.96,0.1,-0.96,270430,23122263.71,264305,-2324.0,80,0.6933409223180246,0.5827883347518731,8,AU2602.SHF,858.08,857.82,75362,2.0200000000000955,AU2510.SHF,852.58,851.5,19,3.4799999999999045,AU2610.SHF,868.82,868.42,384,16.24000000000001,0.019048065870651554,0.018868922775486796,157561.0,58000.0,1196.0,169.0,33.0,83551.0,30599.0,0.4618692620650303,0.5302771624957953,0.5275689655172414,65826.0,192.0,1.0
2025-09-29,AU2512.SHF,857.7,867.0,855.56,866.52,861.66,856.06,855.0,11.52,6.66,333591,28744472.08,263220,-1085.0,77,0.707693188905719,0.5929633751289688,8,AU2602.SHF,868.88,863.72,75143,2.3600000000000136,AU2510.SHF,863.6,858.0,16,2.919999999999959,AU2610.SHF,879.82,874.82,381,16.220000000000027,0.018781843446039836,0.018607642454779843,162304.0,57133.0,4743.0,-548.0,34.0,86798.0,31600.0,0.4792765121652228,0.5347865733438486,0.5530954089580452,68628.0,2802.0,1.0
2025-09-30,AU2512.SHF,866.88,880.0,865.08,874.4,872.3,866.52,861.66,12.74,10.64,226548,19761872.17,256876,-6344.0,76,0.7071294131601207,0.5986431972258021,8,AU2602.SHF,876.8,875.08,75676,2.3999999999999773,AU2510.SHF,871.0,870.54,15,3.3999999999999773,AU2610.SHF,886.6,885.3,380,15.600000000000023,0.017910447761193993,0.01775194545845032,158623.0,52714.0,-3681.0,-4419.0,34.0,84785.0,28292.0,0.5011379928739407,0.5345063452336672,0.5367075160298972,70728.0,2100.0,1.0
2025-10-09,AU2512.SHF,909.96,918.88,903.4,914.32,912.96,874.4,872.3,42.02,40.66,196141,17907124.34,251137,-5739.0,67,0.6869582272407283,0.5882406676519983,8,AU2602.SHF,917.18,915.62,79245,2.8599999999999,AU2510.SHF,909.14,912.68,6,5.180000000000064,AU2610.SHF,928.04,924.9,371,18.899999999999977,0.02078887740062041,0.020575737585684865,150129.0,52385.0,-8494.0,633.0,34.0,80892.0,27002.0,0.4826530511470812,0.5388166177087704,0.5154528968216092,70728.0,0.0,1.0
2025-10-10,AU2512.SHF,918.06,921.4,898.06,901.56,909.44,914.32,912.96,-11.4,-3.52,434566,39521514.53,238522,-12615.0,66,0.7584498905694229,0.5743656674187715,8,AU2602.SHF,904.52,912.78,77891,2.9600000000000364,AU2510.SHF,900.0,909.14,5,1.5599999999999454,AU2610.SHF,915.5,924.4,370,15.5,0.01722222222222225,0.017075600790254677,138508.0,51452.0,-10797.0,-750.0,31.0,75402.0,25716.0,0.45828595493788166,0.5443873278077801,0.4998056440954676,70728.0,0.0,1.0
2025-10-13,AU2512.SHF,904.88,928.88,901.8,927.56,914.3,901.56,909.44,18.12,4.86,446705,40842241.1,239996,1474.0,63,0.7217106953193538,0.5730070958561346,8,AU2602.SHF,930.36,917.5,78646,2.800000000000068,AU2510.SHF,925.48,917.92,2,2.0799999999999272,AU2610.SHF,941.1,931.62,367,15.620000000000005,0.016877728313956064,0.016736882025260816,136891.0,51569.0,-1418.0,1685.0,30.0,75642.0,26627.0,0.45273267536877854,0.5525710236611611,0.5163373344451124,70728.0,0.0,1.0
2025-10-14,AU2512.SHF,929.5,958.1,929.14,938.98,940.64,927.56,914.3,24.68,26.34,555171,52221802.83,228459,-11537.0,62,0.7126814370934634,0.5566495621537068,8,AU2602.SHF,941.8,943.96,81659,2.8199999999999363,AU2510.SHF,938.0,942.4,1,0.9800000000000182,AU2610.SHF,951.7,952.34,366,13.700000000000045,0.01460554371002143,0.014499910072073146,126571.0,51635.0,-9633.0,274.0,30.0,69684.0,26169.0,0.420502115529219,0.5505526542414929,0.5068073980826958,72183.0,1455.0,1.0
2025-10-15,AU2512.SHF,937.5,960.42,934.5,960.34,948.92,938.98,940.64,19.7,8.28,420246,39878109.11,230686,2227.0,61,0.7491510135249562,0.5544390260316148,8,AU2602.SHF,963.2,952.1,82762,2.8600000000000136,AU2511.SHF,959.24,947.9,33,1.1000000000000227,AU2610.SHF,972.98,961.32,365,13.740000000000009,0.01574759485797741,0.015635877397287844,127614.0,52778.0,1242.0,1181.0,34.0,69702.0,27327.0,0.4148520998713912,0.546193991254878,0.5177725567471295,75099.0,2916.0,1.0
2025-10-16,AU2512.SHF,958.0,971.58,956.38,966.42,963.0,960.34,948.92,17.5,14.08,459193,44220366.134,225159,-5527.0,60,0.7510516846581616,0.5678434161547075,8,AU2602.SHF,969.28,965.94,83834,2.8600000000000136,AU2511.SHF,964.96,963.74,32,1.4599999999999227,AU2610.SHF,979.08,976.74,364,14.120000000000005,0.01608718908131272,0.015970625051210326,125326.0,54755.0,-2288.0,2329.0,32.0,66975.0,29132.0,0.39188476296777564,0.5344062684518776,0.5320427358232125,80961.0,5862.0,1.0
2025-10-17,AU2512.SHF,968.56,1001.0,968.56,999.8,986.38,966.42,963.0,36.8,23.38,640615,63189863.072,222192,-2967.0,59,0.7398512478778569,0.5612950163695889,8,AU2602.SHF,1002.22,989.9,84977,2.4200000000000728,AU2511.SHF,998.2,988.7,31,1.599999999999909,AU2610.SHF,1012.36,1000.74,363,14.159999999999968,0.015595541854856877,0.015485961399531092,120562.0,57889.0,-4300.0,3591.0,31.0,65983.0,29474.0,0.35120565309244556,0.547295167631592,0.509146815457168,84606.0,3645.0,1.0
2025-10-20,AU2512.SHF,989.7,989.8,960.06,970.32,974.4,999.8,986.38,-16.06,-11.98,728228,70959799.44,207916,-14276.0,56,0.7342147873762661,0.5451432496847117,8,AU2602.SHF,972.96,976.78,85236,2.6399999999999864,AU2511.SHF,968.62,973.38,28,1.7000000000000455,AU2610.SHF,981.94,986.66,360,13.32000000000005,0.015118391013621979,0.01501538382718231,106196.0,52293.0,-14366.0,-4747.0,34.0,55305.0,28406.0,0.34010562247222204,0.5207823270179668,0.5432084600233301,84606.0,0.0,1.0
2025-10-21,AU2512.SHF,990.0,1001.96,982.28,994.06,991.44,970.32,974.4,19.66,17.04,496445,49219816.06,205110,-2806.0,55,0.7140103927707967,0.5333586434472375,8,AU2602.SHF,997.06,994.4,89121,3.0,AU2511.SHF,992.8,990.32,27,1.259999999999991,AU2610.SHF,1006.02,1002.78,359,13.220000000000027,0.01463944011339485,0.014542828343046831,108139.0,52174.0,1943.0,1338.0,33.0,56373.0,28823.0,0.349098326398982,0.5213012881569091,0.5524399126001457,86565.0,1959.0,1.0
2025-10-22,AU2512.SHF,962.82,966.64,933.08,952.56,949.58,994.06,991.44,-38.88,-41.86,728934,69218964.966,192803,-12307.0,54,0.7123073224787021,0.5242417238800897,8,AU2602.SHF,955.12,951.98,85533,2.560000000000059,AU2511.SHF,951.62,948.46,26,0.9399999999999409,AU2610.SHF,964.1,961.84,358,12.480000000000018,0.014418026026891868,0.014324302118417344,97342.0,47820.0,-10797.0,-4232.0,34.0,50311.0,25919.0,0.34114988771166005,0.5168478149205893,0.5420117105813467,87015.0,450.0,1.0
2025-10-23,AU2512.SHF,927.66,948.0,923.62,942.28,934.08,952.56,949.58,-7.3,-15.5,555735,51910955.43,189131,-3672.0,53,0.7358681691185234,0.524585753354746,8,AU2602.SHF,945.02,937.4,81826,2.740000000000009,AU2511.SHF,941.2,934.02,25,1.0799999999999272,AU2610.SHF,954.44,946.44,357,13.240000000000009,0.015465388967685446,0.015357621485617829,94410.0,46073.0,-2552.0,-1458.0,32.0,48853.0,25625.0,0.34407721930767426,0.5174557779896197,0.5561825798189829,87015.0,0.0,1.0
2025-10-24,AU2512.SHF,945.02,951.86,935.56,938.1,945.84,942.28,934.08,4.02,11.76,370912,35082340.77,185813,-3318.0,52,0.7426409049954951,0.5220668805736153,8,AU2602.SHF,940.76,948.22,81353,2.659999999999968,AU2511.SHF,935.94,942.84,24,2.159999999999968,AU2610.SHF,950.0,957.92,356,14.059999999999945,0.016515513943716243,0.0163926917125007,92976.0,45191.0,-1434.0,-627.0,31.0,48278.0,25473.0,0.34584958781764097,0.5192522801583205,0.5636741829125268,87015.0,0.0,1.0
2025-10-27,AU2512.SHF,936.16,948.46,931.2,934.14,940.86,938.1,945.84,-11.7,-4.98,386272,36343252.654,180815,-4998.0,49,0.7466891417768353,0.5085401215557562,8,AU2602.SHF,937.02,942.74,84575,2.8799999999999955,AU2511.SHF,933.36,936.76,21,0.7799999999999727,AU2610.SHF,945.16,952.94,353,11.799999999999955,0.013899129560153661,0.013812003276368886,91435.0,43876.0,-1074.0,-1185.0,31.0,47862.0,24410.0,0.35147918498865577,0.5234538196533056,0.5563405962257271,87015.0,0.0,1.0
2025-10-28,AU2512.SHF,926.92,928.56,900.62,901.38,915.88,934.14,940.86,-39.48,-24.98,474483,43457153.22,175916,-4899.0,48,0.7374470208093402,0.5034269410508905,8,AU2602.SHF,903.66,917.84,85131,2.2799999999999727,AU2511.SHF,899.3,917.3,20,2.080000000000041,AU2610.SHF,911.7,926.2,352,12.400000000000091,0.015159046058581139,0.015055486655696981,92828.0,43755.0,1801.0,-119.0,30.0,48513.0,24370.0,0.3592906877136979,0.5226117119834532,0.556964918295052,87015.0,0.0,1.0
2025-10-29,AU2512.SHF,895.12,911.98,893.64,910.88,904.72,901.38,915.88,-5.0,-11.16,363239,32863248.43,168691,-7225.0,47,0.7601448138033504,0.4922438998768595,8,AU2602.SHF,913.62,907.64,86045,2.740000000000009,AU2511.SHF,909.2,901.66,19,1.67999999999995,AU2610.SHF,922.36,915.84,351,13.159999999999968,0.01591296996167686,0.015798905057629865,92916.0,42864.0,171.0,-410.0,31.0,48193.0,24663.0,0.368625718073354,0.5186727797150114,0.5753779395296752,87816.0,801.0,1.0
2025-10-30,AU2512.SHF,919.7,920.24,896.0,912.16,910.32,910.88,904.72,7.44,5.6,412100,37514426.16,163611,-5080.0,46,0.7457649202749974,0.47572815533980584,8,AU2602.SHF,914.94,912.02,91595,2.7800000000000864,AU2511.SHF,911.14,906.8,18,1.0199999999999818,AU2610.SHF,923.4,920.76,350,12.259999999999991,0.014793132183672418,0.014694490301084802,92014.0,43572.0,-902.0,708.0,31.0,48042.0,24273.0,0.3572787750947738,0.52211619970874,0.5570779399614432,87816.0,0.0,1.0
2025-10-31,AU2512.SHF,910.0,926.3,908.8,921.92,918.3,912.16,910.32,11.6,7.98,395964,36362124.29,156891,-6720.0,45,0.72466462912465,0.4531462108564926,8,AU2602.SHF,924.98,921.9,100735,3.060000000000059,AU2511.SHF,920.48,917.12,17,1.4399999999999409,AU2610.SHF,934.0,929.8,349,13.519999999999982,0.01614793957683669,0.016030497790839177,91585.0,45341.0,422.0,1769.0,32.0,48069.0,26187.0,0.33772986868819654,0.5248566905060872,0.5775567367283474,87816.0,0.0,1.0
2025-11-03,AU2512.SHF,924.6,927.28,911.18,922.58,920.22,921.92,918.3,4.28,1.92,341261,31403790.55,151373,-5518.0,42,0.7388216904561387,0.44200496979288634,8,AU2602.SHF,925.4,922.92,102159,2.8199999999999363,AU2511.SHF,919.54,920.6,14,3.0400000000000773,AU2610.SHF,934.14,931.66,346,14.600000000000023,0.017455689604886186,0.01731856279760709,87730.0,43344.0,-3793.0,-1997.0,32.0,45966.0,24425.0,0.33863313853243204,0.5239484782856492,0.563515134736065,87816.0,0.0,1.0
2025-11-04,AU2512.SHF,921.9,925.86,912.08,915.58,919.38,922.58,920.22,-4.64,-0.84,332993,30615269.67,144602,-6771.0,41,0.7333726822843828,0.42901349029986025,8,AU2602.SHF,918.66,921.94,102883,3.0799999999999272,AU2511.SHF,913.82,914.22,13,1.759999999999991,AU2610.SHF,927.66,930.8,345,13.839999999999918,0.016650612429802838,0.016525782684798686,82468.0,41029.0,-5131.0,-1857.0,31.0,42677.0,23971.0,0.33554661246831907,0.5174976960760538,0.5842452899168881,87816.0,0.0,1.0
2025-11-05,AU2512.SHF,915.42,918.7,903.86,912.26,910.6,915.58,919.38,-7.12,-8.78,338110,30788877.54,141428,-3174.0,40,0.7293140638481449,0.4232749126083417,8,AU2602.SHF,915.06,913.42,103084,2.7999999999999545,AU2511.SHF,910.96,909.9,12,1.2999999999999545,AU2610.SHF,924.66,921.7,344,13.699999999999932,0.016533927930920823,0.016410833023017705,80836.0,40690.0,-1632.0,-325.0,32.0,41962.0,24130.0,0.33034906110626533,0.5191004008115196,0.5930203981322192,87816.0,0.0,1.0
2025-11-06,AU2512.SHF,913.5,917.8,911.68,917.8,914.68,912.26,910.6,7.2,4.08,238433,21809269.9,137883,-3545.0,39,0.7361201586885043,0.4101573306442257,8,AU2602.SHF,920.7,917.82,107649,2.900000000000091,AU2511.SHF,915.78,913.72,11,2.019999999999982,AU2610.SHF,929.46,926.98,343,13.680000000000064,0.01642289527631603,0.016301440014466848,80906.0,39834.0,356.0,-856.0,31.0,43316.0,23505.0,0.34016895809176745,0.535386745111611,0.5900738062961289,87816.0,0.0,1.0
2025-11-07,AU2512.SHF,920.3,922.84,912.0,921.26,917.64,917.8,914.68,6.58,2.96,274053,25148650.84,136660,-1223.0,38,0.7175552332127166,0.40035037249048633,8,AU2602.SHF,924.38,921.04,113064,3.1200000000000045,AU2511.SHF,919.02,917.12,10,2.240000000000009,AU2610.SHF,933.3,929.34,342,14.279999999999973,0.01708275945067725,0.01695139999554797,80440.0,40783.0,-466.0,1030.0,31.0,43800.0,24481.0,0.3271408891052028,0.5445052212829438,0.6002746242306843,89616.0,1800.0,1.0
2025-11-10,AU2512.SHF,918.74,937.08,916.28,935.98,924.18,921.26,917.64,18.34,6.54,320688,29637709.54,136657,-3.0,35,0.665697939933407,0.3907935863376524,8,AU2602.SHF,939.02,928.08,117815,3.0399999999999636,AU2511.SHF,934.84,921.28,7,1.1399999999999864,AU2610.SHF,948.76,939.08,339,13.919999999999959,0.01637030342928333,0.016249621004792745,79743.0,40221.0,-161.0,-469.0,32.0,43505.0,24305.0,0.3294488346503951,0.5455651279736152,0.6042863180925387,89616.0,0.0,1.0
2025-11-11,AU2512.SHF,940.18,952.9,936.2,948.88,944.28,935.98,924.18,24.7,20.1,282349,26661894.42,131045,-5612.0,34,0.6173748955914444,0.368456864580961,8,AU2602.SHF,952.0,947.78,126661,3.1200000000000045,AU2511.SHF,949.24,945.74,6,-0.36000000000001364,AU2610.SHF,962.1,958.32,338,12.860000000000014,0.014894287021246682,0.014794297573317964,74939.0,39976.0,-4709.0,-245.0,31.0,40238.0,24587.0,0.3042509681068616,0.5369433806162346,0.6150440264158495,89616.0,0.0,1.0
2025-11-12,AU2602.SHF,953.04,955.16,944.02,948.74,949.66,952.0,947.78,0.96,1.88,124708,11843118.14,130416,3755.0,104,0.297761796293378,0.3674124826035756,8,AU2512.SHF,945.76,946.48,124540,-2.980000000000018,AU2511.SHF,942.0,942.0,5,6.740000000000009,AU2610.SHF,959.0,959.68,337,17.0,0.01984050853093916,0.019663605759284556,67723.0,26465.0,1267.0,88.0,36.0,37269.0,16568.0,0.4380388159850512,0.5503152547878859,0.6260343850368411,89616.0,0.0,1.0
2025-11-13,AU2602.SHF,951.28,966.18,948.76,963.82,958.8,948.74,949.66,14.16,9.14,166257,15940902.19,132169,1753.0,103,0.3138079104576212,0.3741006176089307,8,AU2512.SHF,961.22,955.94,124239,-2.6000000000000227,AU2511.SHF,958.3,959.62,4,5.5200000000000955,AU2610.SHF,973.9,969.44,336,15.600000000000023,0.01789690327625854,0.017752794820375072,73302.0,25917.0,5654.0,-534.0,38.0,40573.0,16249.0,0.47757989901127806,0.5535046792720526,0.6269629972604854,90426.0,810.0,1.0
2025-11-14,AU2602.SHF,970.0,970.58,954.9,956.12,962.04,963.82,958.8,-2.68,3.24,172436,16589112.24,134671,2502.0,102,0.3252717734740035,0.387445445312972,8,AU2512.SHF,953.2,959.12,113597,-2.919999999999959,AU2511.SHF,950.5,953.24,3,5.6200000000000045,AU2610.SHF,966.2,972.38,335,15.700000000000045,0.01815943415957373,0.01801109012052782,74965.0,26025.0,1783.0,328.0,36.0,40825.0,16091.0,0.48460243588474106,0.5445874741546055,0.6182901056676273,90426.0,0.0,1.0
2025-11-17,AU2602.SHF,943.6,943.6,924.2,932.32,933.72,956.12,962.04,-29.72,-28.32,248663,23218510.53,135298,627.0,99,0.3430440132878632,0.398298448585475,8,AU2512.SHF,929.46,930.86,101723,-2.8600000000000136,AU2512.SHF,929.46,930.86,28,2.8600000000000136,AU2610.SHF,943.1,943.7,332,13.639999999999986,0.017619880020883532,0.017491843616059332,74644.0,26707.0,415.0,752.0,37.0,41230.0,16757.0,0.4729800396641375,0.552355179250844,0.6274384992698544,90426.0,0.0,1.0
2025-11-18,AU2602.SHF,935.36,938.44,920.5,921.34,928.92,932.32,933.72,-12.38,-4.8,171891,15967415.16,141830,6532.0,98,0.3856072791391018,0.42432945892982693,8,AU2512.SHF,918.52,926.9,90872,-2.82000000000005,AU2512.SHF,918.52,926.9,27,2.82000000000005,AU2612.SHF,934.96,941.36,392,16.440000000000055,0.017898358228454425,0.01774006857423198,78388.0,27325.0,3888.0,709.0,36.0,42863.0,16766.0,0.4830342531192947,0.546805633515334,0.6135773101555352,,,
2025-11-19,AU2602.SHF,925.98,941.48,925.3,940.06,933.82,921.34,928.92,11.14,4.9,204359,19083712.22,148209,6379.0,97,0.4198792296834453,0.44155553966608274,8,AU2512.SHF,937.0,930.52,82838,-3.0599999999999454,AU2512.SHF,937.0,930.52,26,3.0599999999999454,AU2612.SHF,952.9,947.18,391,15.899999999999977,0.01696905016008543,0.016826684115720407,80691.0,30534.0,2303.0,3279.0,35.0,45359.0,18171.0,0.45095077545515844,0.5621320841233842,0.5951070937315779,,,
2025-11-20,AU2602.SHF,945.0,948.86,932.44,935.46,940.12,940.06,933.82,1.64,6.3,261738,24606892.24,153257,5048.0,96,0.48453400223997334,0.46159383405066606,8,AU2512.SHF,932.56,937.34,73837,-2.900000000000091,AU2512.SHF,932.56,937.34,25,2.900000000000091,AU2612.SHF,948.96,954.72,390,16.40000000000009,0.017585999828429344,0.01743315547883962,84042.0,31336.0,4183.0,1138.0,35.0,47253.0,18695.0,0.45681152386070134,0.5622545869922182,0.5965981618585652,,,
2025-11-21,AU2602.SHF,938.54,942.94,926.12,926.94,935.2,935.46,940.12,-13.18,-4.92,352583,32973728.86,160310,7053.0,95,0.5999850251764222,0.48682939865287556,8,AU2512.SHF,924.0,932.3,62226,-2.9400000000000546,AU2512.SHF,924.0,932.3,24,2.9400000000000546,AU2612.SHF,940.14,947.78,389,16.139999999999986,0.01746753246753241,0.017316728702687842,87041.0,33922.0,3149.0,2739.0,35.0,48477.0,20335.0,0.4391342807304713,0.5569444284877242,0.5994634750309533,,,
2025-11-24,AU2602.SHF,933.98,940.08,927.52,930.32,932.7,926.94,935.2,-4.88,-2.5,314958,29376591.33,164620,4310.0,92,0.6665848315855194,0.49938267298049127,8,AU2604.SHF,932.6,934.42,62508,2.2799999999999727,AU2512.SHF,927.36,929.7,21,2.9600000000000364,AU2612.SHF,943.74,944.86,386,16.379999999999995,0.017663043478260754,0.017508864788343126,90057.0,34966.0,3116.0,2227.0,35.0,50171.0,20327.0,0.4406469209665422,0.5571027238304629,0.5813361551221187,,,
2025-11-25,AU2602.SHF,935.6,949.78,933.38,946.5,941.52,930.32,932.7,13.8,8.82,299689,28216588.2,181169,16549.0,91,0.711333330168571,0.5444221736739459,8,AU2604.SHF,948.86,944.82,64745,2.3600000000000136,AU2512.SHF,943.34,938.12,20,3.159999999999968,AU2612.SHF,959.8,955.28,385,16.459999999999923,0.01744863993894019,0.017298160342134276,99807.0,39166.0,10148.0,4653.0,36.0,56135.0,22609.0,0.4363509458671828,0.5624355005159959,0.5772608895470561,,,
2025-11-26,AU2602.SHF,942.56,950.8,939.04,946.72,945.8,946.5,941.52,5.2,4.28,341225,32273234.06,188763,7594.0,90,0.7527060801048241,0.5624843558172521,8,AU2604.SHF,948.8,948.12,66449,2.0799999999999272,AU2512.SHF,943.08,942.38,19,3.6399999999999864,AU2612.SHF,959.2,959.64,384,16.120000000000005,0.017092929549985092,0.016948489047220558,107359.0,41853.0,7642.0,2729.0,35.0,60773.0,24183.0,0.43901294802026647,0.566072709321063,0.5778080424342341,,,
2025-11-27,AU2602.SHF,947.0,949.94,943.2,947.16,946.74,946.72,945.8,1.36,0.94,273359,25880427.94,195755,6992.0,89,0.7895369223081966,0.5820809867321634,8,AU2604.SHF,949.24,948.84,67103,2.080000000000041,AU2512.SHF,943.5,942.88,18,3.659999999999968,AU2612.SHF,960.3,959.32,383,16.799999999999955,0.01780604133545305,0.017649370835322108,111048.0,42782.0,3689.0,1119.0,35.0,61122.0,24751.0,0.44377559643762593,0.5504106332396801,0.578537702772194,,,
2025-11-28,AU2602.SHF,947.02,955.5,945.74,953.92,950.62,947.16,946.74,7.18,3.88,189713,18034755.33,202129,6374.0,88,0.8062909333548669,0.5949782912649938,8,AU2604.SHF,956.12,954.14,68277,2.2000000000000455,AU2512.SHF,949.66,947.5,17,4.259999999999991,AU2612.SHF,966.46,964.84,382,16.800000000000068,0.017690541878145893,0.017535885547865847,115222.0,44368.0,4207.0,1703.0,35.0,63122.0,26196.0,0.4439751864151889,0.5478294075784138,0.5904255319148937,,,
2025-12-01,AU2602.SHF,951.92,968.16,948.14,963.28,958.36,953.92,950.62,12.66,7.74,342979,32870076.91,205325,3196.0,85,0.8119748769534163,0.5965281812899477,8,AU2604.SHF,965.16,961.02,69699,1.8799999999999955,AU2512.SHF,959.64,956.46,14,3.6399999999999864,AU2612.SHF,972.58,971.62,379,12.940000000000055,0.013484223250385563,0.013394120188249307,118738.0,46409.0,3516.0,2183.0,35.0,64944.0,28059.0,0.43796738663130425,0.5469521130556351,0.6046025555387964,,,
2025-12-02,AU2602.SHF,964.82,968.26,955.22,958.42,962.02,963.28,958.36,0.06,3.66,313720,30180563.574,202038,-3287.0,84,0.8120876077170585,0.590434998611862,8,AU2604.SHF,960.78,964.02,71184,2.3600000000000136,AU2512.SHF,955.02,957.7,13,3.3999999999999773,AU2612.SHF,971.52,974.28,378,16.5,0.01727712508638568,0.01712957265733774,119035.0,45551.0,297.0,-595.0,35.0,63982.0,27713.0,0.44647782921998225,0.5375057756122149,0.6083949858400474,,,
2025-12-03,AU2602.SHF,958.0,962.18,948.18,956.7,956.78,958.42,962.02,-5.32,-5.24,300096,28713020.424,197799,-4239.0,83,0.8198157097469492,0.5854795599113193,8,AU2604.SHF,959.0,958.86,71556,2.2999999999999545,AU2512.SHF,953.38,954.34,12,3.32000000000005,AU2612.SHF,969.6,969.08,377,16.220000000000027,0.0170131532022908,0.016870050318373873,118048.0,43257.0,-987.0,-2245.0,35.0,64302.0,26167.0,0.46366200675738506,0.5447106261859582,0.6049194350047391,,,
2025-12-04,AU2602.SHF,958.0,964.12,949.78,953.42,957.64,956.7,956.78,-3.36,0.86,310489,29733818.422,197638,-161.0,82,0.8064418938679674,0.5831354024365416,8,AU2604.SHF,955.8,959.54,73205,2.3799999999999955,AU2512.SHF,950.4,952.08,11,3.019999999999982,AU2612.SHF,965.98,969.9,376,15.580000000000041,0.01639309764309771,0.016260181456060775,115958.0,44604.0,-2090.0,1409.0,35.0,61927.0,27299.0,0.4444015395921825,0.5340468100519153,0.6120303111828536,,,
2025-12-05,AU2602.SHF,954.5,962.3,952.62,961.04,957.3,953.42,957.64,3.4,-0.34,237697,22755111.494,196953,-685.0,81,0.8193566400783173,0.5832741035573403,8,AU2604.SHF,963.16,959.66,72931,2.1200000000000045,AU2512.SHF,957.54,954.0,10,3.5,AU2612.SHF,973.28,970.38,375,15.740000000000009,0.016437955594544418,0.01630431493324526,118597.0,45000.0,3176.0,459.0,36.0,64231.0,27752.0,0.44986766260995004,0.5415904280884002,0.6167111111111111,,,
2025-12-08,AU2602.SHF,962.34,967.88,954.5,958.7,960.42,961.04,957.3,1.4,3.12,298231,28642867.058,197193,240.0,78,0.7995597784414763,0.5828749286898741,8,AU2604.SHF,960.68,962.6,74076,1.9799999999999045,AU2512.SHF,955.08,954.52,7,3.6200000000000045,AU2612.SHF,971.04,973.96,372,15.959999999999923,0.016710642040457246,0.016572555481786645,119615.0,44742.0,1018.0,-258.0,35.0,63347.0,27671.0,0.45555102611997056,0.5295907703883292,0.6184569308479728,,,
2025-12-09,AU2602.SHF,958.04,958.5,949.0,951.54,953.92,958.7,960.42,-8.88,-6.5,229564,21898868.148,194493,-2700.0,77,0.7867007532401664,0.5908247237908921,8,AU2604.SHF,953.82,956.02,73735,2.2800000000000864,AU2512.SHF,948.68,951.14,6,2.8600000000000136,AU2612.SHF,964.22,966.56,371,15.540000000000077,0.01638065522620913,0.016247939644229846,118095.0,43809.0,-1150.0,-893.0,37.0,62162.0,26839.0,0.4588274533056626,0.5263728354291037,0.6126366728297838,,,
2025-12-10,AU2602.SHF,955.7,959.02,952.22,956.4,955.94,951.54,953.92,2.48,2.02,222609,21280230.892,192659,-1834.0,76,0.8020471913269993,0.588304089995786,8,AU2604.SHF,958.46,958.14,74282,2.060000000000059,AU2512.SHF,952.14,951.04,5,4.259999999999991,AU2612.SHF,968.42,969.2,370,16.279999999999973,0.017098325876446774,0.01695379467071815,117736.0,43111.0,-323.0,-392.0,33.0,62073.0,26326.0,0.46395021355698274,0.5272219202283074,0.6106562130314769,,,
2025-12-11,AU2602.SHF,954.48,966.6,953.2,957.9,957.96,956.4,955.94,1.96,2.02,242710,23250837.756,192178,-481.0,75,0.7959662212019349,0.5826824653746331,8,AU2604.SHF,960.08,960.86,76248,2.1800000000000637,AU2512.SHF,953.94,956.54,4,3.9599999999999227,AU2612.SHF,970.42,970.74,369,16.479999999999905,0.01727571964693797,0.0171281910864915,117048.0,42980.0,-688.0,301.0,34.0,61742.0,26974.0,0.46284400229959755,0.5274929943271137,0.6275942298743602,,,
2025-12-12,AU2602.SHF,958.9,970.88,955.5,970.66,964.62,957.9,957.96,12.7,6.66,291736,28141997.738,203874,11696.0,74,0.7959685362479776,0.5848448772931338,8,AU2604.SHF,972.38,966.86,82911,1.7200000000000273,AU2512.SHF,967.22,964.74,3,3.439999999999941,AU2612.SHF,983.58,978.16,368,16.360000000000014,0.01691445586319551,0.016772999333144262,126112.0,44059.0,9435.0,1524.0,32.0,67351.0,26655.0,0.4821796898413948,0.5340570286729257,0.6049842256973603,,,
2025-12-15,AU2602.SHF,980.62,985.78,963.5,983.16,977.28,970.66,964.62,18.54,12.66,439762,42977622.478,203038,-836.0,71,0.7656396899570314,0.578093502647913,8,AU2604.SHF,985.14,979.74,85673,1.9800000000000182,AU2601.SHF,981.9,977.46,31,1.259999999999991,AU2612.SHF,995.4,990.9,365,13.5,0.015024945525996666,0.014922594703477295,131036.0,42057.0,5077.0,-1725.0,32.0,69651.0,25170.0,0.5140531390639714,0.531540950578467,0.5984735002496612,,,
2025-12-16,AU2602.SHF,983.34,983.8,967.08,971.42,975.6,983.16,977.28,-5.86,-1.68,293904,28673383.522,196206,-6832.0,70,0.7559648130047842,0.5721108846453283,8,AU2604.SHF,973.8,977.3,87267,2.3799999999999955,AU2601.SHF,970.12,974.74,30,1.2999999999999545,AU2612.SHF,983.74,987.94,364,13.620000000000005,0.015342567658152501,0.015235864215673996,124857.0,41375.0,-4946.0,-331.0,33.0,65413.0,24554.0,0.5022017421435103,0.5239033454271687,0.5934501510574018,,,
2025-12-17,AU2602.SHF,972.5,982.78,971.72,979.72,977.3,971.42,975.6,4.12,1.7,275889,26962893.536,197105,899.0,69,0.7862796006600566,0.5700086467915776,8,AU2604.SHF,981.96,979.86,88376,2.240000000000009,AU2601.SHF,977.86,975.94,29,1.8600000000000136,AU2612.SHF,992.26,989.84,363,14.399999999999977,0.016092822025758142,0.015975480877553204,126682.0,40529.0,2063.0,-316.0,35.0,66796.0,25287.0,0.5152352417006059,0.5272730143193193,0.6239236102543857,,,
2025-12-18,AU2602.SHF,977.0,982.92,976.54,980.5,979.96,979.72,977.3,3.2,2.66,241116,23628723.08,196752,-353.0,68,0.7573024108948829,0.5625021442049288,8,AU2604.SHF,983.04,982.3,91304,2.5399999999999636,AU2601.SHF,978.76,978.4,28,1.740000000000009,AU2612.SHF,993.58,992.96,362,14.82000000000005,0.016546966551591893,0.016422943089126462,126160.0,39650.0,-150.0,-866.0,36.0,67828.0,23978.0,0.5217417526084072,0.5376347495244135,0.6047414880201766,,,
2025-12-19,AU2602.SHF,977.6,988.8,975.14,979.9,980.24,980.5,979.96,-0.06,0.28,328878,32238515.594,189662,-7090.0,67,0.7476709027667265,0.5498963482698134,8,AU2604.SHF,982.44,982.82,92390,2.5400000000000773,AU2601.SHF,977.88,977.72,27,2.019999999999982,AU2612.SHF,993.26,993.44,361,15.379999999999995,0.01718767643262988,0.017053914105257716,121600.0,37631.0,-4489.0,-1826.0,37.0,65985.0,22261.0,0.5273407816317175,0.542639802631579,0.5915601498764317,,,
2025-12-22,AU2602.SHF,979.9,1000.86,978.32,1000.86,987.32,979.9,980.24,20.62,7.08,278793,27526105.664,202290,12628.0,64,0.7200976340531047,0.5522643137169253,8,AU2604.SHF,1002.78,989.96,96327,1.919999999999959,AU2601.SHF,998.54,986.3,24,2.32000000000005,AU2612.SHF,1012.8,1005.6,358,14.259999999999991,0.015606318158643231,0.015495932110467165,126698.0,42491.0,5371.0,5382.0,37.0,69711.0,25217.0,0.49770966197566036,0.5502138944576868,0.5934668518039115,,,
2025-12-23,AU2602.SHF,999.36,1018.68,998.0,1014.24,1008.36,1000.86,987.32,26.92,21.04,276418,27873266.048,199893,-2397.0,63,0.7269719539649477,0.5388706772916959,8,AU2604.SHF,1016.74,1011.32,101166,2.5,AU2601.SHF,1011.5,1008.6,23,2.740000000000009,AU2612.SHF,1027.02,1022.28,357,15.519999999999982,0.01676765105478613,0.01664031429538063,123609.0,42170.0,-2207.0,11.0,37.0,68709.0,25550.0,0.491250399628421,0.5558575831856903,0.6058809580270335,,,
2025-12-24,AU2602.SHF,1015.0,1022.88,1000.5,1014.68,1012.66,1014.24,1008.36,6.32,4.3,351301,35575393.426,186798,-13095.0,62,0.7151558457156932,0.5191299200453549,8,AU2604.SHF,1017.34,1015.5,100268,2.660000000000082,AU2601.SHF,1012.32,1010.82,22,2.3599999999999,AU2612.SHF,1028.28,1026.98,356,15.959999999999923,0.01722905540270804,0.017094651588968692,116854.0,38906.0,-6387.0,-3014.0,36.0,64190.0,23588.0,0.5004365690806368,0.549317952316566,0.6062818074333007,,,
2025-12-25,AU2602.SHF,1013.94,1014.28,1003.12,1008.76,1008.76,1014.68,1012.66,-3.9,-3.9,220136,22206526.37,182179,-4619.0,61,0.7159918817651957,0.5108605431112806,8,AU2604.SHF,1011.2,1011.12,100105,2.4400000000000546,AU2601.SHF,1005.04,1005.64,21,3.7200000000000273,AU2612.SHF,1021.7,1021.44,355,16.660000000000082,0.018114987886203356,0.017966485595639882,112333.0,38814.0,-4367.0,68.0,36.0,62173.0,23849.0,0.48640727239045434,0.5534704850756234,0.6144432421291287,,,
2025-12-26,AU2602.SHF,1007.0,1023.96,1007.0,1016.3,1016.4,1008.76,1008.76,7.54,7.64,224588,22827465.05,180712,-1467.0,60,0.7009197332243094,0.5131356269095783,8,AU2604.SHF,1018.62,1018.76,97601,2.32000000000005,AU2601.SHF,1013.0,1012.06,20,3.2999999999999545,AU2612.SHF,1029.1,1029.8,354,16.09999999999991,0.017368520609324298,0.01723194352268671,112452.0,38913.0,119.0,188.0,36.0,61725.0,24187.0,0.4858388663165197,0.5489008643687974,0.6215660576157068,,,
2025-12-29,AU2602.SHF,1015.38,1024.0,1006.0,1007.18,1016.46,1016.3,1016.4,-9.22,0.06,345222,35090745.14,166024,-14688.0,57,0.6874782189633919,0.49184572496763473,8,AU2604.SHF,1009.98,1018.92,100069,2.800000000000068,AU2601.SHF,1004.82,1014.12,17,2.3599999999999,AU2612.SHF,1020.88,1027.78,351,16.059999999999945,0.01746641070280756,0.017328297903343764,103369.0,36397.0,-8045.0,-2138.0,35.0,56386.0,22534.0,0.47917233089592604,0.5454826882334162,0.6191169601890266,,,
2025-12-30,AU2602.SHF,1004.72,1007.12,970.02,984.84,985.94,1007.18,1016.46,-31.62,-30.52,391541,38603892.16,144462,-21562.0,56,0.6494531231857855,0.4508069851334989,8,AU2604.SHF,987.48,988.9,104458,2.6399999999999864,AU2601.SHF,982.86,985.26,16,1.9800000000000182,AU2612.SHF,998.0,998.86,350,15.139999999999986,0.016833739882423,0.01670540247127894,89130.0,33670.0,-12989.0,-1997.0,33.0,48751.0,18367.0,0.451628664495114,0.5469651071468641,0.5455004455004455,,,
2025-12-31,AU2602.SHF,993.76,993.76,964.0,977.56,981.22,984.84,985.94,-8.38,-4.72,284555,27921590.32,136303,-8159.0,55,0.6526805190158241,0.433475807939143,8,AU2604.SHF,980.18,982.84,106662,2.6200000000000045,AU2601.SHF,971.74,979.82,15,5.819999999999936,AU2612.SHF,990.8,991.76,349,19.059999999999945,0.02143478905485778,0.021227283852351765,84631.0,33354.0,-3991.0,199.0,34.0,47035.0,17885.0,0.4346060939949994,0.5557656177996243,0.5362175451220244,,,
2026-01-05,AU2602.SHF,991.0,997.22,988.52,995.0,992.38,977.56,981.22,13.78,11.16,115296,11441791.53,132523,-3780.0,50,0.6035649784059678,0.42372648326490936,8,AU2604.SHF,997.3,994.62,106658,2.2999999999999545,AU2601.SHF,993.1,989.68,10,1.8999999999999773,AU2612.SHF,1008.34,1005.9,344,15.240000000000009,0.016770205435468838,0.016642830072178084,84845.0,31007.0,217.0,-1727.0,34.0,47539.0,17501.0,0.4647136001104858,0.5603040839177323,0.5644209372077272,,,
2026-01-06,AU2602.SHF,994.02,1007.42,991.6,1004.98,1000.64,995.0,992.38,12.6,8.26,192491,19261757.21,130227,-2296.0,49,0.6247314340609766,0.40889652227427437,8,AU2604.SHF,1007.4,1002.96,111938,2.419999999999959,AU2601.SHF,1003.54,1000.68,9,1.4400000000000546,AU2612.SHF,1017.96,1014.5,343,14.420000000000073,0.015702795338036354,0.015591046773171715,83183.0,28321.0,-1646.0,-2492.0,37.0,45971.0,16793.0,0.49201822356148656,0.5526489787576788,0.5929522262631969,,,
2026-01-07,AU2602.SHF,1006.0,1011.0,997.64,998.9,1005.28,1004.98,1000.64,-1.74,4.64,200100,20116035.32,126147,-4080.0,48,0.6138677039936681,0.3988030880707145,8,AU2604.SHF,1001.4,1007.42,111508,2.5,AU2601.SHF,1001.36,1003.48,8,-2.4600000000000364,AU2612.SHF,1011.84,1018.04,342,10.480000000000018,0.011437140100242176,0.011377705209188153,79998.0,27341.0,-2735.0,-813.0,37.0,45301.0,16709.0,0.49056726818770435,0.5662766569164229,0.611133462565378,,,
2026-01-08,AU2602.SHF,999.4,1004.94,993.58,997.94,999.7,998.9,1005.28,-7.34,-5.58,193114,19305614.95,119995,-6152.0,47,0.6093596665330864,0.3825651423998674,8,AU2604.SHF,1000.38,1001.96,113194,2.439999999999941,AU2601.SHF,995.64,991.62,7,2.300000000000068,AU2612.SHF,1010.94,1012.62,341,15.300000000000068,0.01679327857482577,0.016665554249001346,76681.0,24538.0,-3264.0,-2410.0,36.0,42967.0,14361.0,0.5151503176281133,0.5603343722695322,0.5852555220474366,,,
2026-01-09,AU2602.SHF,996.7,1007.0,993.0,1006.48,1000.56,997.94,999.7,6.78,0.86,161188,16128126.44,119286,-709.0,46,0.6049601417183348,0.3744032542066459,8,AU2604.SHF,1009.1,1003.44,117094,2.6200000000000045,AU2601.SHF,991.62,991.62,6,14.860000000000014,AU2612.SHF,1019.88,1014.38,340,28.25999999999999,0.03114392018286898,0.03070839300891332,77662.0,24050.0,1498.0,-181.0,37.0,43707.0,14192.0,0.5270961145194274,0.5627848883623908,0.5901039501039501,,,
2026-01-12,AU2604.SHF,1007.08,1034.0,1006.3,1028.9,1020.54,1009.1,1003.44,25.46,17.1,133347,13608756.98,130535,13441.0,93,0.3159499681318135,0.39151612583943446,8,AU2602.SHF,1026.28,1016.9,116450,-2.6200000000001182,AU2601.SHF,1022.0,993.64,3,6.900000000000091,AU2612.SHF,1039.1,1035.2,337,17.09999999999991,0.018284858853720998,0.018133573846278984,76266.0,15642.0,9590.0,3287.0,35.0,38003.0,10119.0,0.6596161378770075,0.4982954396454514,0.6469121595703874,,,
2026-01-13,AU2604.SHF,1031.32,1038.3,1028.04,1030.44,1032.52,1028.9,1020.54,9.9,11.98,130801,13505568.8,144219,13684.0,92,0.35276111674469784,0.4285701550019019,8,AU2602.SHF,1027.18,1029.58,103633,-3.259999999999991,AU2601.SHF,993.64,993.64,2,36.80000000000007,AU2612.SHF,1041.1,1042.8,336,47.45999999999992,0.05219694261491101,0.05098870501180474,85411.0,18436.0,9145.0,2978.0,34.0,43778.0,11636.0,0.6449391893843828,0.5125569306061281,0.631156433065741,,,
2026-01-14,AU2604.SHF,1031.88,1044.06,1031.44,1043.58,1038.32,1030.44,1032.52,11.06,5.8,154090,15999482.97,155969,11750.0,91,0.38346203330189454,0.4475116562656911,8,AU2602.SHF,1040.62,1035.0,100679,-2.9600000000000364,AU2601.SHF,1036.6,1036.6,1,6.980000000000018,AU2612.SHF,1053.92,1049.78,335,17.320000000000164,0.01825925613561635,0.01810839217042981,93900.0,18543.0,8695.0,444.0,38.0,49159.0,12174.0,0.6701795576425389,0.5235250266240682,0.6565280698916033,,,
2026-01-15,AU2604.SHF,1045.0,1046.0,1031.8,1037.96,1038.32,1043.58,1038.32,-0.36,0.0,150963,15674798.15,158875,2906.0,90,0.3842490544138384,0.45552812590496344,8,AU2602.SHF,1035.2,1035.54,93351,-2.759999999999991,AU2602.SHF,1035.2,1035.54,40,2.759999999999991,AU2612.SHF,1048.96,1048.24,334,13.759999999999991,0.01650211862179179,0.016393406852389512,95154.0,18390.0,1334.0,108.0,38.0,48689.0,12009.0,0.6760727119002325,0.5116863190196944,0.6530179445350734,,,
2026-01-16,AU2604.SHF,1037.36,1040.0,1030.14,1035.5,1035.86,1037.96,1038.32,-2.82,-2.46,122555,12695132.44,163292,4417.0,89,0.43903234126699814,0.4704370698372548,8,AU2602.SHF,1032.32,1033.0,87298,-3.1800000000000637,AU2602.SHF,1032.32,1033.0,39,3.1800000000000637,AU2702.SHF,1048.18,1048.72,395,15.860000000000127,0.015751855099368398,0.015632078881427265,97250.0,18223.0,2341.0,-40.0,37.0,50476.0,12173.0,0.6843764343179791,0.5190334190231363,0.6680019755254349,,,
2026-01-19,AU2604.SHF,1036.1,1054.0,1021.64,1051.8,1039.44,1035.5,1035.86,15.94,3.58,202264,21024315.76,167715,4423.0,86,0.4816726995618213,0.4802766283415186,8,AU2602.SHF,1048.88,1035.54,84463,-2.9199999999998454,AU2602.SHF,1048.88,1035.54,36,2.9199999999998454,AU2702.SHF,1064.78,1053.52,392,15.899999999999864,0.015542260594286037,0.015425634965776362,100865.0,20612.0,3615.0,2466.0,36.0,53500.0,12807.0,0.660643578619821,0.5304119367471373,0.6213370851930914,,,
2026-01-20,AU2604.SHF,1050.16,1061.16,1047.8,1060.16,1053.38,1051.8,1039.44,20.72,13.94,168464,17745848.96,185964,18249.0,85,0.5955737820830093,0.5182972034403759,8,AU2602.SHF,1056.94,1049.06,72459,-3.2200000000000273,AU2602.SHF,1056.94,1049.06,35,3.2200000000000273,AU2702.SHF,1073.92,1068.58,391,16.980000000000018,0.016471388785476448,0.016340480525442503,113827.0,25195.0,14730.0,4770.0,36.0,63356.0,15436.0,0.6375393822560458,0.5565990494346684,0.6126612423099821,,,
2026-01-21,AU2604.SHF,1063.0,1101.92,1060.1,1092.3,1080.08,1060.16,1053.38,38.92,26.7,350273,37832687.86,207266,21302.0,84,0.6405554224645089,0.5435800869661,8,AU2606.SHF,1095.18,1083.8,75757,2.880000000000109,AU2602.SHF,1088.9,1076.1,34,3.3999999999998636,AU2702.SHF,1107.18,1100.8,390,18.279999999999973,0.01721198900859635,0.017069111977571834,127949.0,32072.0,16977.0,7281.0,34.0,70679.0,19950.0,0.5991526112197774,0.5523997842890527,0.6220379146919431,,,
2026-01-22,AU2604.SHF,1097.0,1099.62,1074.0,1087.58,1087.9,1092.3,1080.08,7.5,7.82,369271,40173475.73,201382,-5884.0,83,0.6703621474331628,0.5451759527219273,8,AU2606.SHF,1090.38,1090.46,77924,2.800000000000182,AU2602.SHF,1083.56,1084.14,33,4.019999999999982,AU2702.SHF,1102.22,1100.62,389,18.660000000000082,0.01765637488743939,0.017506067737187544,125663.0,31155.0,-1641.0,-763.0,34.0,69177.0,19409.0,0.6026604088816335,0.5504961683232137,0.6229818648692024,,,
2026-01-23,AU2604.SHF,1087.0,1119.12,1084.8,1115.64,1102.86,1087.58,1087.9,27.74,14.96,288050,31768130.38,206580,5198.0,82,0.664472136230052,0.5639331731819175,8,AU2606.SHF,1118.38,1105.18,80602,2.740000000000009,AU2602.SHF,1111.88,1097.06,32,3.759999999999991,AU2702.SHF,1130.2,1122.0,388,18.319999999999936,0.01689314140682048,0.016755480716975434,128771.0,30078.0,3337.0,-1077.0,33.0,69675.0,18591.0,0.6213007321418454,0.5410767952411646,0.6180929583083982,,,
2026-01-26,AU2604.SHF,1113.0,1151.7,1108.5,1143.32,1131.24,1115.64,1102.86,40.46,28.38,395962,44793247.07,215820,9240.0,79,0.6833493544662719,0.5667229485768904,8,AU2606.SHF,1146.58,1135.7,85261,3.259999999999991,AU2602.SHF,1138.9,1128.02,29,4.419999999999845,AU2702.SHF,1159.1,1149.58,385,20.199999999999818,0.018184804774170817,0.018025420025993555,134839.0,30253.0,6814.0,305.0,32.0,75772.0,18122.0,0.6335013204758558,0.5619442446176551,0.5990149737216144,,,
2026-01-27,AU2604.SHF,1145.94,1154.46,1112.78,1148.38,1145.24,1143.32,1131.24,17.14,14.0,401545,45987223.16,217484,1664.0,78,0.7005565441920514,0.5842857219616251,8,AU2606.SHF,1151.76,1148.66,87319,3.3799999999998818,AU2602.SHF,1144.18,1140.5,28,4.2000000000000455,AU2702.SHF,1164.2,1160.4,384,20.019999999999982,0.017939593067092214,0.01778445338602951,139854.0,30634.0,5485.0,1086.0,32.0,77889.0,18094.0,0.6406315987048942,0.5569307992620876,0.5906509107527583,,,
2026-01-28,AU2604.SHF,1146.8,1186.76,1134.7,1186.2,1157.88,1148.38,1145.24,40.96,12.64,430617,49860944.39,222473,4989.0,77,0.7455486994099559,0.5981405653047123,8,AU2606.SHF,1189.88,1163.76,88487,3.6800000000000637,AU2602.SHF,1181.7,1155.3,27,4.5,AU2702.SHF,1203.12,1178.84,383,21.419999999999845,0.018584680421369622,0.018418251649189622,140677.0,31002.0,823.0,372.0,33.0,78887.0,18382.0,0.638837598075478,0.5607668630977345,0.592929488420102,,,
2026-01-29,AU2604.SHF,1189.6,1258.72,1180.0,1249.12,1218.88,1186.2,1157.88,91.24,61.0,521258,63535338.48,211820,-10653.0,76,0.7585178243496128,0.5923875045445647,8,AU2606.SHF,1252.1,1225.44,88613,2.980000000000018,AU2602.SHF,1244.3,1214.14,26,4.819999999999936,AU2702.SHF,1265.82,1243.0,382,21.519999999999982,0.01773209430508738,0.017580502563226148,132033.0,34333.0,-7367.0,3497.0,33.0,73491.0,22129.0,0.5872594159864395,0.556610847288178,0.6445402382547404,,,
2026-01-30,AU2604.SHF,1246.0,1251.28,1140.0,1161.42,1196.92,1249.12,1218.88,-57.46,-21.96,894024,107008927.34,187299,-24521.0,75,0.7553009041401882,0.5733145594514761,8,AU2606.SHF,1163.36,1200.08,83704,1.9399999999998272,AU2602.SHF,1148.08,1194.06,25,13.340000000000146,AU2702.SHF,1177.98,1214.32,381,29.90000000000009,0.026701883907397105,0.02636010035323939,108324.0,34834.0,-23505.0,956.0,34.0,61274.0,21667.0,0.5133488872434653,0.565654887190281,0.622007234311305,,,
2026-02-02,AU2604.SHF,1140.0,1154.78,1005.4,1008.6,1086.94,1161.42,1196.92,-188.32,-109.98,893317,97099013.27,178401,-8898.0,72,0.7113704829471025,0.57206027121405,8,AU2606.SHF,1008.58,1087.3,78938,-0.01999999999998181,AU2602.SHF,1007.44,1081.68,22,1.1599999999999682,AU2702.SHF,1020.02,1086.58,378,12.579999999999927,0.012802781017097784,0.012723505504341428,95317.0,32706.0,-11374.0,-1732.0,33.0,53616.0,19482.0,0.4890605594307273,0.5625019671202409,0.5956705191707944,,,
2026-02-03,AU2604.SHF,1068.46,1098.3,1033.5,1093.78,1064.1,1008.6,1086.94,6.84,-22.84,726056,77260517.68,179295,894.0,71,0.7240893732622198,0.5681173656109888,8,AU2606.SHF,1096.84,1067.76,82786,3.0599999999999454,AU2602.SHF,1090.04,1063.86,21,3.740000000000009,AU2702.SHF,1108.38,1081.28,377,18.340000000000146,0.017250423549037917,0.017106911251058857,97314.0,30910.0,2096.0,-813.0,36.0,55907.0,18394.0,0.5178749688045919,0.574501099533469,0.5950824975736008,,,
2026-02-04,AU2604.SHF,1100.02,1143.36,1098.68,1141.7,1120.94,1093.78,1064.1,77.6,56.84,462718,51868457.85,178544,-751.0,70,0.7615842046963904,0.5639472262845194,8,AU2606.SHF,1145.04,1124.48,83522,3.339999999999918,AU2602.SHF,1138.34,1119.44,20,3.3600000000001273,AU2702.SHF,1156.4,1140.5,376,18.060000000000173,0.016266293931257874,0.016138608601469207,99172.0,31614.0,1858.0,880.0,34.0,57124.0,19811.0,0.5165537595767131,0.5760093574799339,0.6266527487821851,,,
2026-02-05,AU2604.SHF,1131.84,1139.8,1077.02,1105.76,1112.6,1141.7,1120.94,-15.18,-8.34,631419,70252256.62,172503,-6041.0,69,0.7274856644472532,0.5560523228077414,8,AU2606.SHF,1109.1,1113.92,82829,3.339999999999918,AU2602.SHF,1105.0,1109.7,19,0.7599999999999909,AU2702.SHF,1121.7,1127.4,375,16.700000000000045,0.015495195485281534,0.015379271615880617,93709.0,29812.0,-4815.0,-1739.0,33.0,53703.0,17891.0,0.5172966540102493,0.5730826281360382,0.6001274654501543,,,
2026-02-06,AU2604.SHF,1089.0,1105.6,1050.02,1090.12,1083.92,1105.76,1112.6,-22.48,-28.68,494742,53626287.87,163840,-8663.0,68,0.7428614328936404,0.5403284051671542,8,AU2606.SHF,1092.72,1085.3,84618,2.6000000000001364,AU2602.SHF,1086.42,1076.58,18,3.699999999999818,AU2702.SHF,1104.98,1093.02,374,18.559999999999945,0.017515522066186284,0.01736759012830611,85414.0,30294.0,-6874.0,569.0,31.0,49788.0,17662.0,0.47637155598575726,0.5829021003582551,0.583019739882485,,,
2026-02-09,AU2604.SHF,1104.0,1133.16,1098.38,1125.94,1115.86,1090.12,1083.92,42.02,31.94,331307,36969743.47,158759,-5081.0,65,0.7401242524634917,0.5290767426050095,8,AU2606.SHF,1128.78,1119.86,86799,2.839999999999918,AU2602.SHF,1124.82,1121.72,15,1.1200000000001182,AU2702.SHF,1140.0,1132.66,371,15.180000000000064,0.013836670796166389,0.013744136056898757,87921.0,27271.0,2892.0,-2786.0,32.0,51571.0,15920.0,0.5265122577956802,0.5865606624128479,0.5837703054526787,,,
2026-02-10,AU2604.SHF,1122.92,1134.46,1116.4,1121.22,1124.06,1125.94,1115.86,5.36,8.2,218097,24515474.7,156910,-1849.0,64,0.7472427698727854,0.5210273779283093,8,AU2606.SHF,1123.96,1126.66,90218,2.740000000000009,AU2602.SHF,1118.04,1117.26,14,3.1800000000000637,AU2702.SHF,1136.28,1138.08,370,18.24000000000001,0.016726703512849023,0.016591727625203563,89627.0,26270.0,1727.0,-597.0,32.0,53203.0,15340.0,0.5466664365773057,0.5936046057549622,0.5839360487247811,,,
2026-02-11,AU2604.SHF,1122.68,1132.6,1117.0,1130.4,1125.78,1121.22,1124.06,6.34,1.72,217933,24534494.17,160510,3600.0,63,0.772275298019816,0.5269810626953484,8,AU2606.SHF,1133.0,1128.86,89881,2.599999999999909,AU2602.SHF,1126.88,1125.26,13,3.519999999999982,AU2702.SHF,1145.1,1141.16,369,18.2199999999998,0.016577291262182266,0.01644470325590055,93387.0,24886.0,3760.0,-1331.0,32.0,55063.0,14330.0,0.579176988830925,0.5896216818186686,0.5758257654906374,,,
2026-02-12,AU2604.SHF,1133.8,1135.94,1118.2,1126.12,1128.26,1130.4,1125.78,0.34,2.48,246621,27825367.26,154552,-5958.0,62,0.7601225462245222,0.5106472961319505,8,AU2606.SHF,1129.74,1131.2,93522,3.6200000000001182,AU2602.SHF,1124.22,1121.3,12,1.8999999999998636,AU2702.SHF,1141.58,1143.56,368,17.3599999999999,0.015832200462982515,0.015711205486834433,89341.0,22174.0,-4046.0,-1790.0,35.0,51788.0,13839.0,0.6023135900999865,0.5796666703976897,0.6241093172183638,,,
2026-02-13,AU2604.SHF,1123.94,1130.38,1087.32,1110.1,1111.36,1126.12,1128.26,-18.16,-16.9,303568,33737635.98,153140,-1412.0,61,0.7539458423053902,0.5100314398380049,8,AU2606.SHF,1113.46,1113.16,92475,3.3600000000001273,AU2602.SHF,1102.76,1102.76,11,7.339999999999918,AU2702.SHF,1124.66,1119.96,367,21.90000000000009,0.020361322214619133,0.020161779319575808,82881.0,21792.0,-6171.0,-214.0,33.0,47658.0,13379.0,0.5836175518041902,0.5750171933253702,0.6139408957415565,,,
2026-02-24,AU2604.SHF,1160.0,1162.32,1142.0,1150.5,1151.54,1110.1,1111.36,39.14,40.18,126903,14613423.29,157411,4271.0,50,0.7171362696233005,0.5155708549231284,8,AU2606.SHF,1153.82,1154.52,93903,3.3199999999999363,AU2603.SHF,1148.92,1149.8,20,1.5799999999999272,AU2702.SHF,1166.66,1165.58,356,17.74000000000001,0.016773257452547537,0.01664508070863833,87261.0,22090.0,4590.0,395.0,32.0,49805.0,13841.0,0.5959799178791232,0.5707589874055993,0.626573110004527,,,
2026-02-25,AU2604.SHF,1144.8,1154.98,1134.0,1151.06,1146.44,1150.5,1151.54,-0.48,-5.1,198537,22761415.4,155075,-2336.0,49,0.7350989699424619,0.5186957932374712,8,AU2606.SHF,1154.34,1150.52,100812,3.2799999999999727,AU2603.SHF,1149.0,1144.66,19,2.0599999999999454,AU2702.SHF,1167.74,1162.92,355,18.74000000000001,0.017717528699904735,0.017574595765799256,89662.0,21316.0,2401.0,-653.0,36.0,50989.0,13484.0,0.6158517904449531,0.5686801543574759,0.6325764683805593,,,
2026-02-26,AU2604.SHF,1148.68,1154.46,1144.08,1146.48,1148.88,1151.06,1146.44,0.04,2.44,169407,19462876.85,151642,-3433.0,48,0.7540896768765775,0.5037806304151384,8,AU2606.SHF,1150.1,1151.84,103854,3.619999999999891,AU2603.SHF,1144.72,1146.38,18,1.759999999999991,AU2702.SHF,1162.78,1164.9,354,18.059999999999945,0.017138470543014952,0.017004680915806994,90439.0,21631.0,777.0,328.0,34.0,51536.0,13592.0,0.6139734094762203,0.569842656376121,0.6283574499560816,,,
2026-02-27,AU2604.SHF,1144.5,1150.2,1136.02,1147.9,1144.96,1146.48,1148.88,-0.98,-3.92,194710,22293810.73,150146,-1496.0,47,0.7613978969760722,0.4967346641699695,8,AU2606.SHF,1151.34,1148.9,105733,3.439999999999827,AU2603.SHF,1146.72,1144.34,17,1.1800000000000637,AU2702.SHF,1163.84,1160.58,353,17.11999999999989,0.0162180994903891,0.016098226746578875,92098.0,21562.0,1659.0,103.0,35.0,52204.0,13358.0,0.620587717754707,0.5668309843861973,0.619515814859475,,,
2026-03-02,AU2604.SHF,1150.16,1197.36,1148.62,1197.22,1171.5,1147.9,1144.96,52.26,26.54,319930,37479851.39,154593,4447.0,44,0.7287815523254357,0.4988979213796798,8,AU2606.SHF,1200.6,1176.18,106885,3.3799999999998818,AU2603.SHF,1191.02,1167.06,14,6.2000000000000455,AU2702.SHF,1212.4,1189.68,350,21.38000000000011,0.01950034224366313,0.019327383707450355,93613.0,21498.0,1515.0,732.0,32.0,52644.0,12848.0,0.6264822649442712,0.5623577921869826,0.5976369894873942,,,
2026-03-03,AU2604.SHF,1199.52,1205.78,1175.06,1182.0,1190.0,1197.22,1171.5,10.5,18.5,392785,46741594.54,139773,-14820.0,43,0.7208585297815135,0.47405746767782286,8,AU2606.SHF,1185.38,1193.5,103769,3.380000000000109,AU2603.SHF,1174.74,1189.16,13,7.259999999999991,AU2702.SHF,1198.48,1207.3,349,23.74000000000001,0.021952932644873108,0.02173405613047566,84040.0,20757.0,-9017.0,-511.0,35.0,46784.0,13344.0,0.6038627059934922,0.5566872917658258,0.6428674663968782,,,
2026-03-04,AU2604.SHF,1163.2,1165.0,1124.14,1153.06,1146.78,1182.0,1190.0,-36.94,-43.22,418498,47992827.71,126419,-13354.0,42,0.7139532900011942,0.4419286728051961,8,AU2606.SHF,1156.2,1150.12,104457,3.1400000000001,AU2603.SHF,1149.88,1149.32,12,3.1799999999998363,AU2702.SHF,1168.74,1162.46,348,18.8599999999999,0.017817335390690865,0.017672796310824468,75100.0,21604.0,-8517.0,1424.0,35.0,40499.0,13950.0,0.55319324950364,0.5392676431424767,0.64571375671172,,,
2026-03-05,AU2604.SHF,1153.56,1159.92,1141.54,1152.0,1151.04,1153.06,1146.78,5.22,4.26,233912,26924585.22,125041,-1378.0,41,0.7145078274150439,0.43057305978526617,8,AU2606.SHF,1155.06,1154.14,108084,3.0599999999999454,AU2603.SHF,1153.64,1156.34,11,-1.6400000000001,AU2702.SHF,1168.16,1166.58,347,14.519999999999982,0.013672561878674697,0.013587233972512172,74331.0,21227.0,-733.0,309.0,34.0,38983.0,13854.0,0.555725318654639,0.5244514401797365,0.6526593489423848,,,
2026-03-06,AU2604.SHF,1151.4,1151.8,1131.22,1140.8,1140.96,1152.0,1151.04,-10.24,-10.08,272430,31083344.34,113842,-11199.0,40,0.7059308243244644,0.39981316157309527,8,AU2606.SHF,1144.14,1144.28,112216,3.3400000000001455,AU2603.SHF,1140.68,1141.42,10,0.11999999999989086,AU2702.SHF,1156.84,1157.66,346,16.159999999999854,0.015389734110146285,0.015281739794367427,71562.0,21236.0,-2707.0,34.0,35.0,37319.0,13812.0,0.5423177223647061,0.5214918532181885,0.6504049726878884,,,
2026-03-09,AU2606.SHF,1140.0,1155.86,1124.0,1143.54,1143.82,1144.14,1144.28,-0.74,-0.46,105024,12012864.6,118652,6436.0,98,0.23282375057638421,0.40989394410474317,8,AU2604.SHF,1140.0,1140.92,110867,-3.5399999999999636,AU2603.SHF,1145.6,1138.68,7,-2.0599999999999454,AU2702.SHF,1156.46,1154.98,343,10.860000000000127,0.010297941191141299,0.010249436544621703,70609.0,20693.0,4048.0,757.0,35.0,35940.0,12356.0,0.5467131059560579,0.5090002690875101,0.5971101338616923,,,
2026-03-10,AU2606.SHF,1145.38,1156.72,1137.28,1153.16,1148.24,1143.54,1143.82,9.34,4.42,89822,10313727.09,123330,4678.0,97,0.28178743749176494,0.4144125375501509,8,AU2604.SHF,1150.0,1143.68,111758,-3.160000000000082,AU2603.SHF,1138.68,1138.68,6,14.480000000000018,AU2702.SHF,1165.24,1161.64,342,26.559999999999945,0.025338445351091612,0.02504744887331569,75373.0,19669.0,4809.0,-846.0,36.0,39149.0,11909.0,0.5860987773826308,0.5194034999270296,0.6054705373938685,,,
2026-03-11,AU2606.SHF,1157.0,1164.28,1150.0,1155.52,1158.74,1153.16,1148.24,7.28,10.5,76828,8902484.99,132291,8961.0,96,0.2664142202248438,0.43274212964174497,8,AU2604.SHF,1151.98,1155.72,107728,-3.5399999999999636,AU2603.SHF,1138.68,1138.68,5,16.839999999999918,AU2702.SHF,1167.86,1170.98,341,29.179999999999836,0.027837945607863193,0.027487234693694195,79860.0,20951.0,5180.0,1631.0,33.0,42396.0,12462.0,0.5843509140867564,0.5308790383170549,0.5948164765404993,,,
2026-03-12,AU2606.SHF,1151.0,1156.86,1146.18,1151.52,1151.56,1155.52,1158.74,-7.22,-7.18,65754,7572067.44,137300,5009.0,95,0.26283096699923253,0.4430818878580073,8,AU2604.SHF,1148.1,1148.28,105803,-3.4200000000000728,AU2603.SHF,1135.02,1159.0,4,16.5,AU2702.SHF,1163.1,1162.84,340,28.079999999999927,0.026874919762269592,0.026547864852287512,82612.0,20521.0,2906.0,-385.0,34.0,44653.0,12065.0,0.6020478411371724,0.5405146952016656,0.5879343111934117,,,
2026-03-13,AU2606.SHF,1152.02,1155.1,1135.0,1135.9,1144.44,1151.52,1151.56,-15.66,-7.12,86582,9908917.46,140959,3659.0,94,0.2981278773083028,0.45031802978074953,8,AU2604.SHF,1133.0,1141.6,102674,-2.900000000000091,AU2603.SHF,1137.0,1137.0,3,-1.099999999999909,AU2702.SHF,1148.0,1155.56,339,11.0,0.010509590819617233,0.010459078399036117,85419.0,19834.0,2807.0,-513.0,37.0,45763.0,11904.0,0.6231176308513772,0.5357473161708753,0.600181506503983,,,
2026-03-16,AU2606.SHF,1141.92,1144.0,1113.64,1121.5,1127.08,1135.9,1144.44,-22.94,-17.36,102459,11548102.03,144912,3953.0,91,0.29240498742868887,0.46496823461464415,8,AU2604.SHF,1118.34,1125.12,94528,-3.160000000000082,AU2604.SHF,1118.34,1125.12,30,3.160000000000082,AU2702.SHF,1134.22,1137.7,336,15.88000000000011,0.016937451996136773,0.016818325702160106,86201.0,20678.0,849.0,1000.0,33.0,46605.0,11907.0,0.6130577569026656,0.5406549808006867,0.5758293838862559,,,
2026-03-17,AU2606.SHF,1124.5,1125.06,1112.0,1119.16,1119.78,1121.5,1127.08,-7.92,-7.3,71848,8045490.07,148093,3181.0,90,0.3018886951406542,0.4772098179041088,8,AU2604.SHF,1116.2,1116.18,90930,-2.9600000000000364,AU2604.SHF,1116.2,1116.18,29,2.9600000000000364,AU2704.SHF,1134.64,1134.54,394,18.440000000000055,0.016520336857194007,0.016385360632018873,88423.0,20948.0,2222.0,270.0,36.0,47964.0,11923.0,0.6169368479761546,0.5424380534476324,0.5691712812679015,,,
2026-03-18,AU2606.SHF,1120.46,1122.5,1111.14,1116.76,1116.62,1119.16,1119.78,-3.02,-3.16,68754,7677293.28,153650,5557.0,89,0.31864189978310437,0.49297988937229686,8,AU2604.SHF,1113.52,1113.68,85832,-3.240000000000009,AU2604.SHF,1113.52,1113.68,28,3.240000000000009,AU2704.SHF,1131.94,1130.84,393,18.420000000000073,0.01654213664774784,0.01640680590567747,90535.0,22217.0,2112.0,1588.0,34.0,49139.0,12386.0,0.6059138640556265,0.5427624675539846,0.5575010127379935,,,
2026-03-19,AU2606.SHF,1087.0,1095.2,1060.0,1065.26,1082.62,1116.76,1116.62,-51.36,-34.0,152220,16479884.33,155635,1985.0,88,0.3480316616899953,0.5085695613103505,8,AU2604.SHF,1062.0,1080.66,78537,-3.259999999999991,AU2604.SHF,1062.0,1080.66,27,3.259999999999991,AU2704.SHF,1080.26,1093.88,392,18.25999999999999,0.017193973634651583,0.01704783008371979,89964.0,23016.0,-548.0,799.0,34.0,49840.0,13087.0,0.5925650557620817,0.5539993775287892,0.5686044490789016,,,
2026-03-20,AU2606.SHF,1024.98,1059.5,1004.72,1042.02,1032.42,1065.26,1082.62,-40.6,-50.2,263642,27219331.27,157330,1695.0,87,0.3867901968119833,0.5245959580803382,8,AU2604.SHF,1039.22,1028.66,68993,-2.7999999999999545,AU2604.SHF,1039.22,1028.66,26,2.7999999999999545,AU2704.SHF,1055.66,1049.78,391,16.440000000000055,0.01581955697542403,0.015695731981151862,88630.0,21074.0,-28.0,-1615.0,36.0,49139.0,11363.0,0.6158025231532123,0.5544285230734515,0.5391952168548922,,,
2026-03-23,AU2606.SHF,1044.0,1045.0,929.1,942.8,992.1,1042.02,1032.42,-89.62,-40.32,370312,36739111.73,156399,-931.0,84,0.433306030750509,0.5336046864711241,8,AU2604.SHF,940.0,992.9,62764,-2.7999999999999545,AU2604.SHF,940.0,992.9,23,2.7999999999999545,AU2704.SHF,954.14,992.02,388,14.139999999999986,0.015042553191489283,0.014930535941541066,83902.0,22525.0,-3595.0,1580.0,35.0,48538.0,12089.0,0.5767051594050382,0.5785082596362423,0.53669256381798,,,
2026-03-24,AU2606.SHF,1001.26,1001.82,959.0,979.8,979.24,942.8,992.1,-12.3,-12.86,363001,35547182.14,159914,3515.0,83,0.4928697021744591,0.5462644453629659,8,AU2604.SHF,977.28,977.24,54345,-2.519999999999982,AU2604.SHF,977.28,977.24,22,2.519999999999982,AU2704.SHF,993.68,993.34,387,16.399999999999977,0.016781270464963916,0.01664202064572531,87676.0,23805.0,3872.0,1961.0,38.0,48813.0,12383.0,0.5729317103362905,0.556743008348921,0.5201848351186725,,,
2026-03-25,AU2606.SHF,977.0,1027.88,970.26,1013.96,998.74,979.8,979.24,34.72,19.5,317182,31678303.49,169532,9618.0,82,0.5992763686174484,0.5769141768188933,8,AU2608.SHF,1016.9,1004.86,51729,2.939999999999941,AU2604.SHF,1011.04,993.36,21,2.9200000000000728,AU2704.SHF,1027.08,1020.24,386,16.039999999999964,0.015864852033549592,0.015740320656373482,98406.0,25467.0,10734.0,1754.0,35.0,56154.0,13390.0,0.5888208084086121,0.57063593683312,0.5257784583971414,,,
2026-03-26,AU2606.SHF,1014.5,1022.64,986.02,995.98,1008.62,1013.96,998.74,-2.76,9.88,291301,29381271.41,170696,1164.0,81,0.6644351636220146,0.6048931224131088,8,AU2608.SHF,998.82,1010.36,50089,2.840000000000032,AU2604.SHF,992.96,1007.36,20,3.019999999999982,AU2704.SHF,1009.38,1019.76,385,16.41999999999996,0.01653641637125358,0.016401178699108617,97205.0,29330.0,-327.0,3934.0,34.0,53816.0,14594.0,0.5364128501995495,0.5536340723213826,0.49757927037163313,,,
2026-03-27,AU2606.SHF,991.18,1002.76,978.1,998.66,992.24,995.98,1008.62,-9.96,-16.38,316403,31394812.75,169083,-1613.0,80,0.7193822102376849,0.6177202333763211,8,AU2608.SHF,1001.2,995.94,51119,2.5400000000000773,AU2604.SHF,995.18,988.78,19,3.480000000000018,AU2704.SHF,1012.62,1006.66,384,17.440000000000055,0.01752446793544893,0.01737268515649218,98581.0,29465.0,1885.0,1083.0,33.0,53944.0,15145.0,0.539774768442591,0.5472048366318053,0.5139996606142881,,,
2026-03-30,AU2606.SHF,993.46,1019.5,988.1,1014.88,1005.42,998.66,992.24,22.64,13.18,393515,39565213.18,180953,11870.0,77,0.7785053662396756,0.6376479128344997,8,AU2608.SHF,1017.92,1008.48,52723,3.0399999999999636,AU2604.SHF,1011.02,1001.64,16,3.8600000000000136,AU2704.SHF,1028.8,1018.7,381,17.779999999999973,0.017586200075171643,0.017433352264882893,108125.0,33252.0,10890.0,4705.0,33.0,58091.0,17974.0,0.529598166604186,0.5372578034682081,0.5405389149524841,,,
2026-03-31,AU2606.SHF,1023.8,1034.2,1011.0,1020.1,1020.68,1014.88,1005.42,14.68,15.26,335355,34229505.76,180433,-520.0,76,0.7753263327276007,0.6346525877412048,8,AU2608.SHF,1023.3,1024.34,54727,3.199999999999932,AU2604.SHF,1010.0,1016.2,15,10.100000000000023,AU2704.SHF,1034.72,1036.68,380,24.720000000000027,0.024475247524752494,0.02418052786297754,112544.0,32557.0,4541.0,242.0,34.0,60136.0,18463.0,0.5512505082666557,0.5343332385555871,0.5670977055625518,,,
2026-04-01,AU2606.SHF,1022.92,1053.5,1021.1,1053.18,1036.98,1020.1,1020.68,32.5,16.3,315640,32731243.48,187601,7168.0,75,0.8104055622310544,0.646429666690787,8,AU2608.SHF,1055.7,1039.94,54298,2.519999999999982,AU2604.SHF,1049.4,1034.22,14,3.7799999999999727,AU2704.SHF,1067.5,1054.48,379,18.09999999999991,0.017247951210215273,0.017100893850168147,117922.0,33589.0,5390.0,1248.0,33.0,63339.0,18996.0,0.5566130511976028,0.5371262359864996,0.5655422906308613,,,
2026-04-02,AU2606.SHF,1052.78,1065.3,1013.72,1023.78,1044.32,1053.18,1036.98,-13.2,7.34,463035,48356414.03,176413,-11188.0,74,0.7959976207830787,0.6302287447440152,8,AU2608.SHF,1026.3,1046.04,54797,2.519999999999982,AU2604.SHF,1019.66,1032.8,13,4.1200000000000045,AU2704.SHF,1038.68,1055.34,378,19.020000000000095,0.018653276582390355,0.018481437833531993,111255.0,31901.0,-6327.0,-745.0,32.0,58846.0,17868.0,0.5543183659783733,0.5289290368972182,0.5601078336102316,,,
2026-04-03,AU2606.SHF,1024.64,1047.44,1019.12,1033.0,1035.68,1023.78,1044.32,-11.32,-8.64,306760,31770978.06,174544,-1869.0,73,0.8179481436448768,0.6278109488526006,8,AU2608.SHF,1036.12,1038.04,55288,3.119999999999891,AU2604.SHF,1029.64,1031.78,12,3.3599999999999,AU2704.SHF,1047.38,1048.64,377,17.74000000000001,0.01722932287012946,0.017082581195292455,110332.0,31030.0,-923.0,-64.0,31.0,57441.0,17223.0,0.5609852718552369,0.5206195845267012,0.555043506284241,,,
2026-04-07,AU2606.SHF,1035.0,1037.7,1027.76,1034.28,1032.76,1033.0,1035.68,-1.4,-2.92,124206,12827608.632,174903,359.0,69,0.7781696979569334,0.6252274409011128,8,AU2608.SHF,1037.22,1035.6,56524,2.9400000000000546,AU2604.SHF,1030.48,1028.82,8,3.7999999999999545,AU2704.SHF,1048.76,1046.8,373,18.279999999999973,0.017739305954506568,0.017583800809029902,110689.0,31431.0,357.0,432.0,31.0,57957.0,17576.0,0.5576836476217281,0.5236021646234044,0.5591931532563393,,,
2026-04-08,AU2606.SHF,1032.98,1070.0,1023.0,1062.0,1047.0,1034.28,1032.76,29.24,14.24,311307,32594341.574,187085,12182.0,68,0.8269961825673231,0.6385262547142443,8,AU2608.SHF,1065.16,1051.06,57508,3.160000000000082,AU2604.SHF,1058.72,1049.66,7,3.2799999999999727,AU2704.SHF,1076.9,1071.74,372,18.180000000000064,0.01717167900861427,0.01702591207108599,116889.0,29688.0,6645.0,-1617.0,34.0,62420.0,17253.0,0.5949159827258028,0.5340108992291832,0.581143896523848,,,
2026-04-09,AU2606.SHF,1059.7,1060.0,1038.78,1041.32,1048.58,1062.0,1047.0,-5.68,1.58,265623,27852955.71,182700,-4385.0,67,0.8037393640841917,0.6268119049661206,8,AU2608.SHF,1044.08,1051.34,59683,2.759999999999991,AU2604.SHF,1037.0,1039.64,6,4.319999999999936,AU2704.SHF,1056.18,1060.04,371,19.180000000000064,0.01849566055930585,0.01832669605640875,111135.0,30815.0,-4853.0,1316.0,32.0,58986.0,17843.0,0.5658330398027475,0.5307598866243758,0.5790361836767808,,,
2026-04-10,AU2606.SHF,1048.5,1059.0,1046.18,1048.36,1052.78,1041.32,1048.58,-0.22,4.2,221263,23294375.444,182266,-434.0,66,0.8322600786886233,0.6233809763221528,8,AU2608.SHF,1051.48,1055.8,60668,3.1200000000001182,AU2604.SHF,1045.62,1046.4,5,2.740000000000009,AU2704.SHF,1063.46,1065.66,370,17.840000000000146,0.01706164763489615,0.016917732372735472,110419.0,29872.0,-659.0,-681.0,33.0,57898.0,17407.0,0.5741423184666158,0.5243481647180286,0.5827196036422068,,,
2026-04-13,AU2606.SHF,1053.42,1056.86,1036.8,1043.4,1048.12,1048.36,1052.78,-9.38,-4.66,227711,23867144.798,182565,299.0,63,0.8238816446444853,0.6192212461418445,8,AU2608.SHF,1046.32,1050.14,61395,2.9199999999998454,AU2604.SHF,1041.2,1040.3,2,2.2000000000000455,AU2704.SHF,1057.78,1060.1,367,16.579999999999927,0.015923933922397104,0.01579847816691055,111221.0,31192.0,972.0,1750.0,34.0,58622.0,17937.0,0.5619501028698223,0.5270767211228096,0.5750512952038984,,,
2026-04-14,AU2606.SHF,1043.02,1053.0,1038.34,1052.82,1046.08,1043.4,1048.12,4.7,-2.04,216470,22644577.554,184072,1507.0,62,0.8124439373524543,0.6144725114417431,8,AU2608.SHF,1055.5,1049.32,63302,2.6800000000000637,AU2604.SHF,1045.96,1042.6,1,6.8599999999999,AU2704.SHF,1067.4,1062.62,366,21.440000000000055,0.02049791579027893,0.020290660923960955,112573.0,31103.0,1387.0,-64.0,33.0,58978.0,17890.0,0.5670397282775133,0.5239089302052891,0.5751856734077099,,,
2026-04-15,AU2606.SHF,1050.0,1070.92,1050.0,1058.24,1059.7,1052.82,1046.08,12.16,13.62,250768,26573900.024,188609,4537.0,61,0.7934390543328314,0.6136459763533079,8,AU2608.SHF,1061.0,1062.82,65774,2.759999999999991,AU2605.SHF,1056.62,1058.44,30,1.6200000000001182,AU2704.SHF,1072.8,1074.4,365,16.180000000000064,0.016684290685280212,0.016557836876832745,116483.0,31464.0,3910.0,407.0,33.0,61929.0,18816.0,0.5746584925682846,0.5316569799884961,0.5980167810831426,,,
2026-04-16,AU2606.SHF,1058.96,1064.3,1052.0,1061.5,1059.94,1058.24,1059.7,1.8,0.24,173059,18343432.418,186942,-1667.0,60,0.808324303116359,0.6302470863099553,8,AU2608.SHF,1064.3,1062.88,67547,2.7999999999999545,AU2605.SHF,1059.94,1058.12,29,1.5599999999999454,AU2704.SHF,1075.62,1074.08,364,15.679999999999836,0.016118062441720774,0.016000005728297916,116186.0,31724.0,-297.0,270.0,33.0,61489.0,18720.0,0.5710364410790345,0.529228994887508,0.5900895221283571,,,
2026-04-17,AU2606.SHF,1060.0,1061.62,1050.06,1054.02,1055.78,1061.5,1059.94,-5.92,-4.16,204155,21554339.436,181300,-5642.0,59,0.8106986570092047,0.6166268166342992,8,AU2608.SHF,1056.7,1058.64,70163,2.6800000000000637,AU2605.SHF,1052.3,1053.52,28,1.7200000000000273,AU2704.SHF,1067.94,1069.56,363,15.6400000000001,0.01619366816965265,0.016074506756065105,113502.0,31962.0,-2270.0,560.0,34.0,59792.0,19131.0,0.5605510641808282,0.5267924794276753,0.5985545335085414,,,
2026-04-20,AU2606.SHF,1065.0,1074.44,1047.22,1054.96,1063.22,1054.02,1055.78,-0.82,7.44,308208,32769366.764,183295,1995.0,56,0.8011749567839457,0.612727564466849,8,AU2608.SHF,1057.86,1065.88,72022,2.8999999999998636,AU2605.SHF,1053.18,1061.62,25,1.7799999999999727,AU2704.SHF,1068.9,1074.04,360,15.720000000000027,0.01626290016334334,0.016142722710479424,115606.0,31865.0,2175.0,69.0,34.0,60629.0,18937.0,0.5678472377620006,0.5244450980052938,0.5942884042052409,,,
2026-04-21,AU2606.SHF,1056.0,1060.66,1051.1,1051.7,1056.26,1054.96,1063.22,-11.52,-6.96,186441,19693203.802,180050,-3245.0,55,0.7961337928030643,0.6034069620528907,8,AU2608.SHF,1054.56,1058.72,73006,2.8599999999999,AU2605.SHF,1050.32,1054.76,24,1.3800000000001091,AU2704.SHF,1065.98,1068.74,359,15.660000000000082,0.01624494255055763,0.016125029051391983,113810.0,32943.0,-1796.0,1721.0,34.0,59347.0,19400.0,0.5510415459990596,0.521456813988226,0.5888959718301309,,,
2026-04-22,AU2606.SHF,1051.86,1055.46,1037.32,1051.4,1047.26,1051.7,1056.26,-4.86,-9.0,258135,27033960.558,178517,-1533.0,54,0.7771709514160898,0.5919803421552665,8,AU2608.SHF,1054.12,1049.96,77177,2.7199999999998,AU2605.SHF,1050.22,1045.98,23,1.1800000000000637,AU2704.SHF,1064.94,1061.96,358,14.720000000000027,0.01527128502144694,0.015165252634945678,111629.0,32499.0,-1911.0,126.0,33.0,58137.0,19271.0,0.5490258658969804,0.5208055254458966,0.5929720914489677,,,
2026-04-23,AU2606.SHF,1048.0,1050.0,1036.0,1040.06,1043.58,1051.4,1047.26,-7.2,-3.68,209677,21881840.368,181016,2499.0,53,0.7843083713623101,0.5909125037132793,8,AU2608.SHF,1042.78,1045.98,77620,2.7200000000000273,AU2605.SHF,1039.38,1042.4,22,0.6799999999998363,AU2704.SHF,1054.02,1056.98,357,14.639999999999873,0.015346692043448362,0.015239614815138344,110861.0,35579.0,-760.0,3240.0,34.0,57602.0,21156.0,0.5140808522261677,0.5195875916688466,0.5946204221591388,,,
2026-04-24,AU2606.SHF,1045.0,1045.54,1030.7,1032.12,1038.72,1040.06,1043.58,-11.46,-4.86,232408,24140980.184,179211,-1805.0,52,0.7799161719649251,0.5793540211231407,8,AU2608.SHF,1034.82,1040.44,80124,2.7000000000000455,AU2605.SHF,1031.44,1035.94,21,0.6799999999998363,AU2704.SHF,1045.32,1049.26,356,13.879999999999882,0.014662011435107,0.014564234920656208,108047.0,35637.0,-2814.0,487.0,35.0,55610.0,21251.0,0.5039531193452298,0.5146834248058715,0.5963184330892051,,,
2026-04-27,AU2606.SHF,1036.8,1045.42,1035.1,1039.42,1040.38,1032.12,1038.72,0.7,1.66,182039,18939147.026,173811,-5400.0,49,0.758783538758446,0.5640613743014584,8,AU2608.SHF,1042.02,1042.88,83598,2.599999999999909,AU2605.SHF,1037.52,1037.62,18,1.900000000000091,AU2704.SHF,1052.8,1052.74,353,15.279999999999973,0.016046300995600372,0.015929288099707097,104699.0,31827.0,-3348.0,-2850.0,33.0,52689.0,18899.0,0.5337591374536719,0.5032426288694257,0.5938040028906274,,,
2026-04-28,AU2606.SHF,1036.24,1036.86,1020.08,1022.1,1029.54,1039.42,1040.38,-18.28,-10.84,210036,21624345.104,166178,-7633.0,48,0.7485005826612832,0.5445727225359083,8,AU2608.SHF,1024.96,1031.52,87088,2.8600000000000136,AU2605.SHF,1021.1,1028.72,17,1.0,AU2704.SHF,1035.1,1041.5,352,13.999999999999886,0.014938528394166569,0.014837046066559476,101304.0,34229.0,-3071.0,2943.0,33.0,49981.0,20560.0,0.4948979215394037,0.4933763721077154,0.6006602588448392,,,
2026-04-29,AU2606.SHF,1015.18,1016.76,1007.24,1011.88,1012.1,1022.1,1029.54,-17.66,-17.44,223967,22667850.1,159022,-7156.0,47,0.7510857135191874,0.5290610631658094,8,AU2608.SHF,1014.36,1014.56,88363,2.480000000000018,AU2605.SHF,1010.84,1011.44,16,1.0399999999999636,AU2704.SHF,1024.7,1025.1,351,13.860000000000014,0.014939252532399633,0.014837760410398129,99447.0,35077.0,-1557.0,848.0,31.0,49279.0,20859.0,0.47850197734233296,0.4955302824620149,0.5946631695983123,,,
2026-04-30,AU2606.SHF,1005.0,1016.38,996.12,1016.12,1005.62,1011.88,1012.1,4.02,-6.48,230115,23141271.004,153650,-5372.0,46,0.7658705593386185,0.5129771705962087,8,AU2608.SHF,1018.78,1008.46,90592,2.659999999999968,AU2605.SHF,1009.04,1004.36,15,7.080000000000041,AU2704.SHF,1028.78,1019.6,350,19.74000000000001,0.021315072934700276,0.021109257888743824,96909.0,35333.0,-2538.0,402.0,31.0,47867.0,21488.0,0.465631191300797,0.49393761157374444,0.608156680723403,,,
