trade_date,main_ts_code,main_open,main_high,main_low,main_close,main_settle,main_pre_close,main_pre_settle,main_change1,main_change2,main_vol,main_amount,main_oi,main_oi_chg,main_days_to_expiry,main_volume_share,main_oi_share,active_contract_count,second_main_ts_code,second_main_close,second_main_settle,second_main_oi,second_main_main_spread,near_ts_code,near_close,near_settle,near_days_to_expiry,main_near_spread,far_ts_code,far_close,far_settle,far_days_to_expiry,far_near_spread,annualized_carry,term_structure_slope,top20_long_sum,top20_short_sum,top20_long_chg,top20_short_chg,broker_count,top5_long_sum,top5_short_sum,long_short_imbalance,long_concentration,short_concentration,warehouse_receipt_total,warehouse_receipt_change,warehouse_count
2019-01-02,RB1905.SHF,3398.0,3439.0,3371.0,3382.0,3389.0,3404.0,3400.0,-18.0,-11.0,2149936,7286510.588,2421642,47300.0,133,0.9516966378876841,0.8471598458235002,12,RB1910.SHF,3158.0,3168.0,358508,-224.0,RB1901.SHF,3834.0,3832.0,13,-452.0,RB1912.SHF,3115.0,3123.0,348,-719.0,-0.20432656747561095,-0.2262776558811141,644376.0,731714.0,18040.0,11947.0,34.0,264499.0,321273.0,-0.06346823245572601,0.4104730778303351,0.4390690898356462,0.0,0.0,12.0
2019-01-03,RB1905.SHF,3378.0,3456.0,3366.0,3455.0,3420.0,3382.0,3389.0,66.0,31.0,3719028,12719587.816,2474032,52390.0,132,0.9619675204549123,0.8528686213215776,12,RB1910.SHF,3210.0,3189.0,355370,-245.0,RB1901.SHF,3863.0,3851.0,12,-408.0,RB1912.SHF,3149.0,3136.0,347,-714.0,-0.20138242260094819,-0.22265996021289167,675975.0,725138.0,32048.0,-4419.0,31.0,281808.0,326165.0,-0.03508853318754447,0.4168911572173527,0.4497971420612352,0.0,0.0,12.0
2019-01-04,RB1905.SHF,3460.0,3493.0,3430.0,3486.0,3459.0,3455.0,3420.0,66.0,39.0,3323322,11495945.512,2490386,16354.0,131,0.9576673104287732,0.8570981159842264,12,RB1910.SHF,3249.0,3225.0,349256,-237.0,RB1901.SHF,3866.0,3863.0,11,-380.0,RB1912.SHF,3189.0,3167.0,346,-677.0,-0.19079846499525138,-0.2097529622589546,681466.0,741844.0,6614.0,16811.0,32.0,282558.0,337759.0,-0.04242083593876246,0.41463257154428834,0.45529653134621295,0.0,0.0,12.0
2019-01-07,RB1905.SHF,3490.0,3526.0,3466.0,3520.0,3498.0,3486.0,3459.0,61.0,39.0,3053042,10682181.39,2546746,56360.0,128,0.9482957623286071,0.8610981499589526,12,RB1910.SHF,3293.0,3266.0,350986,-227.0,RB1901.SHF,3856.0,3856.0,8,-336.0,RB1912.SHF,3226.0,3199.0,343,-630.0,-0.1780129435808509,-0.19436238782545656,701743.0,744999.0,20277.0,7774.0,33.0,298407.0,347205.0,-0.02989890388196375,0.42523687446828823,0.4660476054330274,0.0,0.0,12.0
2019-01-08,RB1905.SHF,3521.0,3523.0,3483.0,3505.0,3503.0,3520.0,3498.0,7.0,5.0,2740906,9602976.988,2458886,-87860.0,127,0.9543265447667966,0.8557558250822211,12,RB1910.SHF,3280.0,3280.0,359338,-225.0,RB1901.SHF,3866.0,3862.0,7,-361.0,RB1912.SHF,3215.0,3211.0,342,-651.0,-0.18347090208553712,-0.20090583113505403,674254.0,727251.0,-27342.0,-17748.0,32.0,283755.0,331774.0,-0.03781434957420773,0.4208428871018933,0.4562028790610119,0.0,0.0,12.0
2019-01-09,RB1905.SHF,3505.0,3550.0,3494.0,3507.0,3524.0,3505.0,3503.0,4.0,21.0,3378598,11908446.292,2439334,-19552.0,126,0.9303316494135102,0.8497183320351852,12,RB1910.SHF,3320.0,3314.0,381650,-187.0,RB1901.SHF,3745.0,3814.0,6,-238.0,RB1912.SHF,3249.0,3246.0,341,-496.0,-0.14430384791662518,-0.15479743732241835,659843.0,725135.0,-14411.0,2588.0,33.0,287565.0,325764.0,-0.0471429871088205,0.4358082149844736,0.4492460024685059,11808.0,11808.0,12.0
2019-01-10,RB1905.SHF,3512.0,3543.0,3502.0,3514.0,3524.0,3507.0,3524.0,-10.0,0.0,3134668,11047061.324,2563920,124586.0,125,0.9415419254303918,0.8505787698999842,12,RB1910.SHF,3319.0,3324.0,404180,-195.0,RB1901.SHF,3640.0,3656.0,5,-126.0,RB1912.SHF,3258.0,3257.0,340,-382.0,-0.1143431195670001,-0.12079884354062834,706267.0,758270.0,48869.0,33244.0,32.0,320865.0,327245.0,-0.03550815035741671,0.45431118826166306,0.4315679111662073,17722.0,5914.0,12.0
2019-01-11,RB1905.SHF,3517.0,3540.0,3492.0,3539.0,3518.0,3514.0,3524.0,15.0,-6.0,3440962,12107719.684,2560850,-3070.0,124,0.9336146779631401,0.842997705568851,12,RB1910.SHF,3347.0,3336.0,429084,-192.0,RB1901.SHF,3631.0,3644.0,4,-92.0,RB1912.SHF,3290.0,3273.0,339,-341.0,-0.10232368863476611,-0.1074522166986422,717953.0,756250.0,17119.0,-1366.0,33.0,331694.0,332857.0,-0.02597810477932822,0.46199960164523307,0.4401414876033058,17722.0,0.0,12.0
2019-01-14,RB1905.SHF,3535.0,3576.0,3520.0,3575.0,3553.0,3539.0,3518.0,57.0,35.0,2624250,9324587.302,2629794,68944.0,121,0.9432649962689947,0.8428032743068442,12,RB1910.SHF,3388.0,3364.0,442004,-187.0,RB1901.SHF,3650.0,3656.0,1,-75.0,RB1912.SHF,3320.0,3298.0,336,-330.0,-0.09850746268656713,-0.10324856836743601,729724.0,775685.0,12627.0,20145.0,34.0,337356.0,337432.0,-0.030530573418918048,0.46230629662721795,0.43501163487755984,19802.0,2080.0,12.0
2019-01-15,RB1905.SHF,3576.0,3576.0,3508.0,3519.0,3534.0,3575.0,3553.0,-34.0,-19.0,3128980,11057845.198,2597358,-32436.0,120,0.9274563820018366,0.8417042794293403,12,RB1910.SHF,3338.0,3344.0,439198,-181.0,RB1902.SHF,3597.0,3607.0,31,-78.0,RB1912.SHF,3277.0,3292.0,335,-320.0,-0.10681415799716136,-0.11186745122972172,695601.0,801131.0,-34117.0,25446.0,34.0,308790.0,348781.0,-0.0705069444630034,0.44391828073852685,0.4353607587273492,36883.0,17081.0,12.0
2019-01-16,RB1905.SHF,3519.0,3545.0,3510.0,3534.0,3526.0,3519.0,3534.0,0.0,-8.0,2632026,9282552.886,2608754,11396.0,119,0.9411736519751578,0.8398781755958418,12,RB1910.SHF,3357.0,3349.0,443092,-177.0,RB1902.SHF,3603.0,3601.0,30,-69.0,RB2001.SHF,3205.0,3204.0,364,-398.0,-0.12071610318081576,-0.12791910361845163,707212.0,796083.0,11611.0,-5048.0,33.0,315716.0,343439.0,-0.05911747195327597,0.4464234204170744,0.4314110463356208,36883.0,0.0,12.0
2019-01-17,RB1905.SHF,3529.0,3565.0,3525.0,3551.0,3551.0,3534.0,3526.0,25.0,25.0,2258818,8021438.4,2669110,60356.0,118,0.9493225182819198,0.8439734745863468,12,RB1910.SHF,3365.0,3369.0,434308,-186.0,RB1902.SHF,3630.0,3631.0,29,-79.0,RB2001.SHF,3225.0,3221.0,363,-405.0,-0.12192557034690944,-0.1292796101215377,724007.0,795857.0,17213.0,-226.0,33.0,327296.0,344299.0,-0.04727396661806583,0.4520619275780483,0.4326141505320679,36883.0,0.0,12.0
2019-01-18,RB1905.SHF,3552.0,3636.0,3540.0,3633.0,3596.0,3551.0,3551.0,82.0,45.0,3599670,12947391.06,2797818,128708.0,117,0.9389618824781476,0.8473804307201749,12,RB1910.SHF,3450.0,3411.0,440718,-183.0,RB1902.SHF,3705.0,3679.0,28,-72.0,RB2001.SHF,3298.0,3264.0,362,-407.0,-0.1200473546833458,-0.12716756776312782,808549.0,831012.0,93694.0,40295.0,32.0,385343.0,377152.0,-0.013700618641209446,0.47658583462474136,0.4538466351869768,33287.0,-3596.0,12.0
2019-01-21,RB1905.SHF,3636.0,3675.0,3619.0,3645.0,3646.0,3633.0,3596.0,49.0,50.0,3526340,12857953.466,2771860,-25958.0,114,0.930486730100428,0.8445781862346303,12,RB1910.SHF,3465.0,3460.0,445246,-180.0,RB1902.SHF,3713.0,3702.0,25,-68.0,RB2001.SHF,3319.0,3312.0,359,-394.0,-0.11596252687192272,-0.12258824699653742,806201.0,816019.0,5750.0,-13802.0,34.0,398026.0,352147.0,-0.006052200071506948,0.493705663972136,0.43154264790403163,26200.0,-7087.0,12.0
2019-01-22,RB1905.SHF,3650.0,3700.0,3630.0,3633.0,3666.0,3645.0,3646.0,-13.0,20.0,3970252,14556575.948,2743884,-27976.0,113,0.9336022815133085,0.8474181376149112,12,RB1910.SHF,3444.0,3471.0,422458,-189.0,RB1902.SHF,3683.0,3724.0,24,-50.0,RB2001.SHF,3295.0,3316.0,358,-388.0,-0.11512679230190183,-0.12165370170834457,821830.0,801182.0,20624.0,-13746.0,35.0,433678.0,351959.0,0.012722025468696474,0.5276979423968461,0.43929968471583236,22946.0,-3254.0,12.0
2019-01-23,RB1905.SHF,3639.0,3658.0,3625.0,3644.0,3643.0,3633.0,3666.0,-22.0,-23.0,2631994,9588601.946,2732234,-11650.0,112,0.8983601476699925,0.8333167619571629,12,RB1910.SHF,3431.0,3442.0,472066,-213.0,RB1902.SHF,3693.0,3695.0,23,-49.0,RB2001.SHF,3281.0,3294.0,357,-412.0,-0.12191701081995233,-0.12926997571971105,816876.0,806859.0,-780.0,9827.0,32.0,441023.0,355645.0,0.0061691101072527225,0.5398897751923181,0.44077713702146226,22946.0,0.0,12.0
2019-01-24,RB1905.SHF,3647.0,3684.0,3639.0,3680.0,3660.0,3644.0,3643.0,37.0,17.0,3200450,11716790.2,2846854,114620.0,111,0.943021239156044,0.8368315292667957,12,RB1910.SHF,3460.0,3448.0,480272,-220.0,RB1902.SHF,3740.0,3716.0,22,-60.0,RB2001.SHF,3306.0,3297.0,356,-434.0,-0.1268132184828205,-0.13479495026969157,860265.0,833026.0,48376.0,26167.0,34.0,458424.0,363691.0,0.016086425782691812,0.5328869592509284,0.4365902144710969,22946.0,0.0,12.0
2019-01-25,RB1905.SHF,3684.0,3740.0,3675.0,3710.0,3712.0,3680.0,3660.0,50.0,52.0,3099552,11508518.748,2850624,3770.0,110,0.9204721813889261,0.8322494076265239,12,RB1910.SHF,3489.0,3493.0,500390,-221.0,RB1902.SHF,3762.0,3766.0,21,-52.0,RB2001.SHF,3321.0,3329.0,355,-441.0,-0.1281050339512363,-0.13625732873276536,863831.0,843762.0,4595.0,21103.0,34.0,469135.0,369235.0,0.011752800579529196,0.5430865528095195,0.4376056281273629,20580.0,-2366.0,12.0
2019-01-28,RB1905.SHF,3712.0,3757.0,3680.0,3681.0,3711.0,3710.0,3712.0,-31.0,-1.0,3337710,12386990.888,2717346,-133278.0,107,0.9368200587850931,0.8178687435138656,12,RB1910.SHF,3466.0,3488.0,529604,-215.0,RB1902.SHF,3751.0,3772.0,18,-70.0,RB2001.SHF,3308.0,3325.0,352,-443.0,-0.12906338748788748,-0.13734348289665116,822286.0,802301.0,-41129.0,-31421.0,32.0,421358.0,357835.0,0.012301588034374275,0.5124226850511866,0.4460109111169,20580.0,0.0,12.0
2019-01-29,RB1905.SHF,3680.0,3694.0,3653.0,3675.0,3673.0,3681.0,3711.0,-36.0,-38.0,2508228,9212779.46,2641868,-75478.0,106,0.9303254062570936,0.8093229347601656,12,RB1910.SHF,3455.0,3455.0,545220,-220.0,RB1902.SHF,3760.0,3759.0,17,-85.0,RB2001.SHF,3297.0,3298.0,351,-463.0,-0.1345673015670786,-0.1436023579609471,772859.0,793171.0,-49427.0,-9127.0,31.0,370456.0,359336.0,-0.012970377323550634,0.4793319350618936,0.4530372391325452,20580.0,0.0,12.0
2019-01-30,RB1905.SHF,3683.0,3767.0,3667.0,3677.0,3721.0,3675.0,3673.0,4.0,48.0,4490378,16712362.746,2561852,-80016.0,105,0.9352397844589145,0.8031080383783679,12,RB1910.SHF,3461.0,3496.0,550596,-216.0,RB1902.SHF,3703.0,3781.0,16,-26.0,RB2001.SHF,3305.0,3334.0,350,-398.0,-0.11745614900364003,-0.1242604564346003,760768.0,780772.0,-6318.0,-10070.0,34.0,368192.0,350494.0,-0.012976633755854535,0.4839740893412972,0.448906979246182,20580.0,0.0,12.0
2019-01-31,RB1905.SHF,3682.0,3718.0,3673.0,3707.0,3696.0,3677.0,3721.0,-14.0,-25.0,2724362,10069528.496,2453762,-108090.0,104,0.9274404886321934,0.7976092804697444,12,RB1910.SHF,3483.0,3477.0,545936,-224.0,RB1902.SHF,3878.0,3821.0,15,-171.0,RB2001.SHF,3323.0,3318.0,349,-555.0,-0.15639813719646828,-0.1687868925704222,731894.0,760972.0,-10910.0,-19800.0,35.0,352201.0,345994.0,-0.019477970561322985,0.48121859176328813,0.4546737593498841,20580.0,0.0,12.0
2019-02-01,RB1905.SHF,3696.0,3770.0,3696.0,3754.0,3735.0,3707.0,3696.0,58.0,39.0,2506846,9364988.782,2334376,-119386.0,103,0.9091029753827207,0.7890868011165774,12,RB1910.SHF,3516.0,3497.0,545938,-238.0,RB1902.SHF,3825.0,3826.0,14,-71.0,RB2001.SHF,3338.0,3329.0,348,-487.0,-0.13913741145160663,-0.14882671959336044,699080.0,728498.0,-22018.0,-31287.0,33.0,337931.0,322933.0,-0.020606930059163142,0.4833938891114036,0.44328604882923495,20580.0,0.0,12.0
2019-02-11,RB1905.SHF,3850.0,3908.0,3816.0,3825.0,3856.0,3754.0,3735.0,90.0,121.0,3480360,13423085.402,2566884,232508.0,93,0.9017341040462428,0.794659596652558,12,RB1910.SHF,3555.0,3590.0,578580,-270.0,RB1902.SHF,3880.0,3906.0,4,-55.0,RB2001.SHF,3375.0,3402.0,338,-505.0,-0.1422348601765541,-0.15238184939641153,803052.0,736277.0,103972.0,33181.0,31.0,370785.0,316579.0,0.04337929058700252,0.46171978900494615,0.4299726869099537,20580.0,0.0,12.0
2019-02-12,RB1905.SHF,3818.0,3830.0,3771.0,3785.0,3796.0,3825.0,3856.0,-71.0,-60.0,3109428,11805073.178,2534930,-31954.0,92,0.9163061178663054,0.7786607279987713,12,RB1910.SHF,3537.0,3549.0,627812,-248.0,RB1902.SHF,3822.0,3818.0,3,-37.0,RB2001.SHF,3366.0,3374.0,337,-456.0,-0.13038287631957435,-0.13884069990435768,756355.0,730952.0,-42166.0,290.0,31.0,340801.0,320180.0,0.017079863135183254,0.4505833900747665,0.43803149864833807,20580.0,0.0,12.0
2019-02-13,RB1905.SHF,3780.0,3796.0,3692.0,3702.0,3738.0,3785.0,3796.0,-94.0,-58.0,3814494,14259908.128,2536438,1508.0,91,0.9112590660206977,0.7733254875895985,12,RB1910.SHF,3490.0,3517.0,644032,-212.0,RB1902.SHF,3818.0,3818.0,2,-116.0,RB2001.SHF,3325.0,3347.0,336,-493.0,-0.14110987035881095,-0.15108929247438482,726553.0,758312.0,14633.0,36825.0,33.0,333868.0,327730.0,-0.02138847639347685,0.45952325570192404,0.4321835867030985,20580.0,0.0,12.0
2019-02-14,RB1905.SHF,3711.0,3717.0,3668.0,3684.0,3690.0,3702.0,3738.0,-54.0,-48.0,3266348,12052935.734,2693958,157520.0,90,0.9082286312345088,0.777346937597747,12,RB1910.SHF,3469.0,3478.0,662902,-215.0,RB1902.SHF,3810.0,3821.0,1,-126.0,RB2001.SHF,3305.0,3315.0,335,-505.0,-0.14484809907743562,-0.15539024335257598,744117.0,863041.0,18225.0,108121.0,36.0,340199.0,379459.0,-0.07399645834448138,0.4571848244294916,0.4396766781647685,32706.0,12126.0,12.0
2019-02-15,RB1905.SHF,3680.0,3696.0,3593.0,3599.0,3635.0,3684.0,3690.0,-91.0,-55.0,3916316,14236353.106,2771988,78030.0,89,0.906882954847542,0.7666409090431384,12,RB1910.SHF,3394.0,3426.0,722212,-205.0,RB1903.SHF,3693.0,3701.0,28,-94.0,RB2001.SHF,3244.0,3268.0,334,-449.0,-0.1450235297657288,-0.15462640477222142,767428.0,893792.0,36012.0,57463.0,34.0,341608.0,387954.0,-0.07606698691323244,0.44513361514044314,0.434054008091368,38621.0,5915.0,12.0
2019-02-18,RB1905.SHF,3615.0,3675.0,3611.0,3659.0,3645.0,3599.0,3635.0,24.0,10.0,3532344,12878282.74,2643626,-128362.0,86,0.9028821424134869,0.7551732687974478,12,RB1910.SHF,3449.0,3441.0,731114,-210.0,RB1903.SHF,3751.0,3767.0,25,-92.0,RB2002.SHF,3265.0,3253.0,364,-486.0,-0.13950262230956703,-0.1494052759750587,739724.0,800720.0,-27704.0,-72671.0,32.0,336492.0,359113.0,-0.03959637610974498,0.4548885800649972,0.44848761114996505,38621.0,0.0,12.0
2019-02-19,RB1905.SHF,3670.0,3698.0,3647.0,3655.0,3673.0,3659.0,3645.0,10.0,28.0,2760590,10139940.732,2648856,5230.0,85,0.8836964677622161,0.7566192789874633,12,RB1910.SHF,3469.0,3471.0,721892,-186.0,RB1903.SHF,3750.0,3756.0,24,-95.0,RB2002.SHF,3280.0,3282.0,363,-470.0,-0.1349459193706981,-0.1441829864866887,729873.0,805440.0,-6338.0,12662.0,33.0,321730.0,365418.0,-0.04921927971690463,0.4408027149928823,0.45368742550655544,38621.0,0.0,12.0
2019-02-20,RB1905.SHF,3650.0,3669.0,3578.0,3641.0,3619.0,3655.0,3673.0,-32.0,-54.0,3918544,14181496.674,2719930,71074.0,84,0.8994376425977698,0.7505329749078228,12,RB1910.SHF,3448.0,3433.0,764058,-193.0,RB1903.SHF,3734.0,3737.0,23,-93.0,RB2002.SHF,3266.0,3256.0,362,-468.0,-0.13494745723345858,-0.1441847447153657,746567.0,855859.0,19888.0,53370.0,34.0,327646.0,394699.0,-0.06820408555527681,0.438870188476051,0.4611729268489319,38030.0,-591.0,12.0
2019-02-21,RB1905.SHF,3640.0,3695.0,3635.0,3677.0,3672.0,3641.0,3619.0,58.0,53.0,3928972,14429376.03,2638752,-81178.0,83,0.904980306345733,0.7479400662013261,12,RB1910.SHF,3475.0,3476.0,752146,-202.0,RB1903.SHF,3780.0,3771.0,22,-103.0,RB2002.SHF,3292.0,3284.0,361,-488.0,-0.13900204460676432,-0.14883034008284837,733912.0,781762.0,475.0,-43604.0,34.0,336875.0,359767.0,-0.03157011336210821,0.45901279717459315,0.46020016322103147,38030.0,0.0,12.0
2019-02-22,RB1905.SHF,3669.0,3735.0,3663.0,3731.0,3709.0,3677.0,3672.0,59.0,37.0,3278144,12159578.894,2652012,13260.0,82,0.8956638440924849,0.7538742479768858,12,RB1910.SHF,3527.0,3507.0,732728,-204.0,RB1903.SHF,3786.0,3783.0,21,-55.0,RB2002.SHF,3315.0,3303.0,360,-471.0,-0.13394714574889321,-0.1430417010014644,,,,,,,,,,,,,
2019-02-25,RB1905.SHF,3736.0,3766.0,3681.0,3682.0,3725.0,3731.0,3709.0,-27.0,16.0,3659076,13630593.112,2684798,32786.0,79,0.895197739421889,0.7450280551223492,12,RB1910.SHF,3501.0,3528.0,778720,-181.0,RB1903.SHF,3722.0,3800.0,18,-40.0,RB2002.SHF,3300.0,3317.0,357,-422.0,-0.12207570706902596,-0.1295682057754659,755594.0,825942.0,14927.0,26818.0,35.0,343396.0,382904.0,-0.04448080853044129,0.45447158129895154,0.4635967174450506,38030.0,0.0,12.0
2019-02-26,RB1905.SHF,3677.0,3745.0,3672.0,3736.0,3708.0,3682.0,3725.0,11.0,-17.0,3998202,14829139.31,2607678,-77120.0,78,0.9060699084412532,0.7368645030467232,12,RB1910.SHF,3537.0,3516.0,794286,-199.0,RB1903.SHF,3776.0,3744.0,17,-40.0,RB2002.SHF,3319.0,3305.0,356,-457.0,-0.13030989075546226,-0.13889565243090593,730765.0,796949.0,-24829.0,-25731.0,34.0,326681.0,379803.0,-0.04332224487044041,0.44703974601958224,0.47657127369505453,37737.0,-293.0,12.0
2019-02-27,RB1905.SHF,3737.0,3750.0,3697.0,3715.0,3727.0,3736.0,3708.0,7.0,19.0,2948082,10989791.916,2619830,12152.0,77,0.9174430068389303,0.7328265499587968,12,RB1910.SHF,3522.0,3530.0,816976,-193.0,RB1903.SHF,3769.0,3787.0,16,-54.0,RB2002.SHF,3310.0,3318.0,355,-459.0,-0.1311232528052557,-0.13982140586150377,739010.0,786001.0,8245.0,-10948.0,35.0,326633.0,363744.0,-0.030813548230143914,0.44198725321714183,0.46277803717806976,36851.0,-886.0,12.0
2019-02-28,RB1905.SHF,3728.0,3755.0,3705.0,3750.0,3733.0,3715.0,3727.0,23.0,6.0,3461158,12920560.462,2631922,12092.0,76,0.9070134806291624,0.731595464640821,12,RB1910.SHF,3534.0,3527.0,829398,-216.0,RB1903.SHF,3805.0,3797.0,15,-55.0,RB2002.SHF,3317.0,3308.0,354,-488.0,-0.1380887591625675,-0.14778218124568684,760868.0,784867.0,21858.0,3259.0,34.0,339368.0,358003.0,-0.015525947203110494,0.44602743182785975,0.45613205804295504,36851.0,0.0,12.0
2019-03-01,RB1905.SHF,3756.0,3816.0,3751.0,3815.0,3777.0,3750.0,3733.0,82.0,44.0,2986416,11279837.084,2652630,20708.0,75,0.8846674072428349,0.7391873545384019,12,RB1910.SHF,3581.0,3551.0,798400,-234.0,RB1903.SHF,3839.0,3837.0,14,-24.0,RB2002.SHF,3344.0,3328.0,353,-495.0,-0.13882901843446505,-0.1486316831581563,751532.0,789530.0,-9336.0,9802.0,34.0,340947.0,356866.0,-0.024657022235315646,0.4536693048333271,0.4519980241409446,36851.0,0.0,12.0
2019-03-04,RB1905.SHF,3815.0,3849.0,3787.0,3811.0,3821.0,3815.0,3777.0,34.0,44.0,3828874,14630730.82,2651222,-1408.0,72,0.8802685079727961,0.7372406317659314,12,RB1910.SHF,3594.0,3602.0,812554,-217.0,RB1903.SHF,3855.0,3905.0,11,-44.0,RB2002.SHF,3361.0,3365.0,350,-494.0,-0.1379735163695771,-0.1476499919451278,768459.0,787777.0,21042.0,15980.0,33.0,316976.0,358060.0,-0.01241328436046975,0.41248264383656125,0.4545194896525286,36851.0,0.0,12.0
2019-03-05,RB1905.SHF,3822.0,3825.0,3755.0,3793.0,3782.0,3811.0,3821.0,-28.0,-39.0,3598118,13609076.552,2357864,-293358.0,71,0.8855201288022835,0.7084893822625853,12,RB1910.SHF,3568.0,3566.0,835708,-225.0,RB1903.SHF,3860.0,3860.0,10,-67.0,RB2002.SHF,3333.0,3336.0,349,-527.0,-0.14699970960001219,-0.15805295048721218,658000.0,693026.0,-89240.0,-85798.0,35.0,289051.0,309847.0,-0.025925481819002744,0.4392872340425532,0.44709289406169467,37444.0,593.0,12.0
2019-03-06,RB1905.SHF,3790.0,3810.0,3736.0,3737.0,3778.0,3793.0,3782.0,-45.0,-4.0,3759206,14205750.688,2421042,63178.0,70,0.9061541828812533,0.7042064333275547,12,RB1910.SHF,3530.0,3559.0,876852,-207.0,RB1903.SHF,3790.0,3807.0,9,-53.0,RB2002.SHF,3310.0,3330.0,348,-480.0,-0.13636257501109114,-0.14580385794235298,680732.0,721110.0,22732.0,45495.0,35.0,299183.0,326397.0,-0.028803531353747427,0.43950188914286387,0.4526313599866872,37444.0,0.0,12.0
2019-03-07,RB1905.SHF,3748.0,3837.0,3734.0,3821.0,3774.0,3737.0,3778.0,43.0,-4.0,3902978,14733013.73,2375706,-45336.0,69,0.8951866530885605,0.7026250552320991,12,RB1910.SHF,3584.0,3554.0,867720,-237.0,RB1903.SHF,3845.0,3834.0,8,-24.0,RB2002.SHF,3348.0,3324.0,347,-497.0,-0.13917243019513523,-0.14902600109318026,677442.0,697381.0,11111.0,-16157.0,35.0,313029.0,312500.0,-0.014502957835299526,0.4620749820648853,0.44810512474529707,35967.0,-1477.0,12.0
2019-03-08,RB1905.SHF,3821.0,3824.0,3756.0,3772.0,3783.0,3821.0,3774.0,-2.0,9.0,3712328,14046519.892,2257074,-118632.0,68,0.8961300355185677,0.6908688316649363,12,RB1910.SHF,3542.0,3556.0,870532,-230.0,RB1903.SHF,3820.0,3825.0,7,-48.0,RB2002.SHF,3321.0,3324.0,346,-499.0,-0.14064695979860695,-0.1507207530434045,641433.0,662305.0,-33387.0,-31112.0,33.0,284734.0,302394.0,-0.01600935157217171,0.4439029485542527,0.45657816262900025,35078.0,-889.0,12.0
2019-03-11,RB1905.SHF,3710.0,3754.0,3680.0,3723.0,3727.0,3772.0,3783.0,-60.0,-56.0,3387246,12626148.354,2255476,-1598.0,65,0.8214978647942306,0.6599339327565372,12,RB1910.SHF,3466.0,3481.0,1000396,-257.0,RB1903.SHF,3795.0,3795.0,4,-72.0,RB2002.SHF,3253.0,3265.0,343,-542.0,-0.1537732072553158,-0.16592616113592415,643997.0,660390.0,15789.0,14600.0,33.0,289053.0,281925.0,-0.012567589220070424,0.4488421529913959,0.4269068277835824,38915.0,3837.0,12.0
2019-03-12,RB1905.SHF,3729.0,3820.0,3728.0,3815.0,3781.0,3723.0,3727.0,88.0,54.0,3437206,12998689.502,2250166,-5310.0,64,0.8411396134660413,0.6608149214510542,12,RB1910.SHF,3538.0,3509.0,1002152,-277.0,RB1903.SHF,3805.0,3802.0,3,10.0,RB2002.SHF,3298.0,3275.0,342,-507.0,-0.1434651657693068,-0.15396730094197145,653414.0,642266.0,13838.0,-8990.0,31.0,304984.0,260808.0,0.008603976290442085,0.46675461499141435,0.4060747416179589,38915.0,0.0,12.0
2019-03-13,RB1905.SHF,3825.0,3842.0,3784.0,3790.0,3817.0,3815.0,3781.0,9.0,36.0,2998788,11449072.536,2280814,30648.0,63,0.8466809117130873,0.6593929967389042,12,RB1910.SHF,3520.0,3537.0,1028276,-270.0,RB1903.SHF,3850.0,3846.0,2,-60.0,RB2002.SHF,3286.0,3300.0,341,-564.0,-0.1577289966670497,-0.17055096451293514,652000.0,670778.0,1094.0,29714.0,32.0,295121.0,274805.0,-0.014195881697457925,0.45263957055214726,0.40968099728971435,38915.0,0.0,12.0
2019-03-14,RB1905.SHF,3772.0,3829.0,3762.0,3795.0,3794.0,3790.0,3817.0,-22.0,-23.0,3586828,13610371.926,2300172,19358.0,62,0.8149318487094059,0.6474054492826721,12,RB1910.SHF,3506.0,3511.0,1099148,-289.0,RB1903.SHF,3802.0,3819.0,1,-7.0,RB2002.SHF,3269.0,3271.0,340,-533.0,-0.1509413614011567,-0.16262754412483724,689036.0,689568.0,37491.0,24769.0,34.0,316411.0,290757.0,-0.000385897618170265,0.45920822714633197,0.4216509466796603,38915.0,0.0,12.0
2019-03-15,RB1905.SHF,3796.0,3805.0,3737.0,3763.0,3765.0,3795.0,3794.0,-31.0,-29.0,3715090,13989916.644,2237542,-62630.0,61,0.8354167650478188,0.6291758920632814,12,RB1910.SHF,3484.0,3486.0,1152108,-279.0,RB1904.SHF,3761.0,3796.0,31,2.0,RB2002.SHF,3251.0,3258.0,339,-510.0,-0.16069745197636717,-0.17269031471021862,654924.0,666366.0,-33505.0,12806.0,34.0,293325.0,297824.0,-0.008659718911064188,0.4478763948183301,0.44693756884354846,38915.0,0.0,12.0
2019-03-18,RB1905.SHF,3758.0,3804.0,3754.0,3781.0,3776.0,3763.0,3765.0,16.0,11.0,3280758,12389998.214,2105164,-132378.0,58,0.8258149514492724,0.6050368483283602,12,RB1910.SHF,3491.0,3490.0,1208478,-290.0,RB1904.SHF,3773.0,3783.0,28,8.0,RB2003.SHF,3265.0,3265.0,364,-508.0,-0.14626165865232915,-0.1570919570316349,604416.0,618660.0,-47070.0,-35936.0,33.0,271330.0,267457.0,-0.011646046525318133,0.4489126694197374,0.43231661979116154,38324.0,-591.0,12.0
2019-03-19,RB1905.SHF,3785.0,3821.0,3772.0,3788.0,3794.0,3781.0,3776.0,12.0,18.0,2832806,10750312.234,2139986,34822.0,57,0.8274208463579014,0.607303238139347,12,RB1910.SHF,3496.0,3504.0,1217318,-292.0,RB1904.SHF,3794.0,3807.0,27,-6.0,RB2003.SHF,3267.0,3271.0,363,-527.0,-0.15089222958556112,-0.1624562193341357,624821.0,628427.0,21622.0,15078.0,34.0,273458.0,265117.0,-0.002877323562455316,0.4376581452928119,0.42187398058963094,38324.0,0.0,12.0
2019-03-20,RB1905.SHF,3800.0,3814.0,3753.0,3777.0,3782.0,3788.0,3794.0,-17.0,-12.0,3165340,11974088.828,2064104,-75882.0,56,0.8059718518148842,0.6022353944851555,12,RB1910.SHF,3498.0,3501.0,1196604,-279.0,RB1904.SHF,3803.0,3802.0,26,-26.0,RB2003.SHF,3277.0,3271.0,362,-526.0,-0.15024948975119898,-0.16171005541293887,610948.0,593023.0,-12300.0,-20367.0,34.0,271920.0,273339.0,0.014888232357756125,0.4450787955767103,0.4609247870655944,38324.0,0.0,12.0
2019-03-21,RB1905.SHF,3780.0,3826.0,3770.0,3772.0,3797.0,3777.0,3782.0,-10.0,15.0,3234998,12284947.254,2046454,-17650.0,55,0.8023467727534277,0.598918790464144,12,RB1910.SHF,3502.0,3516.0,1203236,-270.0,RB1904.SHF,3790.0,3812.0,25,-18.0,RB2003.SHF,3282.0,3286.0,361,-508.0,-0.14560560371906023,-0.15633409120728894,596506.0,578031.0,-9910.0,-10427.0,30.0,258187.0,269068.0,0.015729602388004804,0.4328321928027547,0.46549060517515495,38324.0,0.0,12.0
2019-03-22,RB1905.SHF,3765.0,3779.0,3742.0,3768.0,3761.0,3772.0,3797.0,-29.0,-36.0,2882038,10841140.562,2040814,-5640.0,54,0.8125801080080095,0.5913010271785677,12,RB1910.SHF,3512.0,3505.0,1242484,-256.0,RB1904.SHF,3781.0,3778.0,24,-13.0,RB2003.SHF,3288.0,3284.0,360,-493.0,-0.14164258006826108,-0.15176726909501412,576880.0,583026.0,-15694.0,9436.0,32.0,247294.0,273024.0,-0.005298705239907372,0.428674941062266,0.46828786366302705,38324.0,0.0,12.0
2019-03-25,RB1905.SHF,3763.0,3772.0,3692.0,3692.0,3731.0,3768.0,3761.0,-69.0,-30.0,3005274,11214319.294,2296222,255408.0,51,0.8108673844099933,0.6038414911549456,12,RB1910.SHF,3461.0,3490.0,1323806,-231.0,RB1904.SHF,3702.0,3749.0,21,-10.0,RB2003.SHF,3265.0,3275.0,357,-437.0,-0.1282326477322425,-0.13645508859929356,646704.0,648504.0,76764.0,99467.0,33.0,277389.0,308334.0,-0.001389738173328145,0.4289272990425295,0.4754542763036157,20405.0,-17919.0,11.0
2019-03-26,RB1905.SHF,3699.0,3718.0,3682.0,3705.0,3700.0,3692.0,3731.0,-26.0,-31.0,2088568,7728286.41,2113960,-182262.0,50,0.6827380286920427,0.5571436176857704,12,RB1910.SHF,3434.0,3442.0,1475494,-271.0,RB1904.SHF,3718.0,3702.0,20,-13.0,RB2003.SHF,3235.0,3245.0,356,-483.0,-0.14112089833243685,-0.15116753241497555,604811.0,592931.0,-40445.0,-46938.0,31.0,260868.0,281963.0,0.009918663618709205,0.43132152027658227,0.47554099886833373,20405.0,0.0,11.0
2019-03-27,RB1905.SHF,3707.0,3720.0,3696.0,3711.0,3709.0,3705.0,3700.0,11.0,9.0,1875650,6957343.542,1949058,-164902.0,49,0.7110978503094763,0.517938088442804,12,RB1910.SHF,3425.0,3430.0,1597620,-286.0,RB1904.SHF,3720.0,3724.0,19,-9.0,RB2003.SHF,3231.0,3237.0,355,-489.0,-0.14279713901689708,-0.15309575365054556,546534.0,541571.0,-58277.0,-51328.0,31.0,216213.0,251656.0,0.0045611406987377135,0.39560759257429545,0.46467776154927054,18334.0,-2071.0,11.0
2019-03-28,RB1905.SHF,3709.0,3734.0,3676.0,3690.0,3704.0,3711.0,3709.0,-19.0,-5.0,2985056,11058797.162,1790910,-158148.0,48,0.7001631572379797,0.4789533420909624,12,RB1910.SHF,3405.0,3415.0,1717890,-285.0,RB1904.SHF,3715.0,3721.0,18,-25.0,RB2003.SHF,3214.0,3222.0,354,-501.0,-0.14649826956354547,-0.15736541655314465,497793.0,507768.0,-45947.0,-27966.0,29.0,205347.0,234309.0,-0.00991983579315427,0.41251484050599346,0.46144892943233917,18334.0,0.0,11.0
2019-03-29,RB1910.SHF,3400.0,3479.0,3380.0,3468.0,3432.0,3405.0,3415.0,53.0,17.0,1699270,5833463.956,1726954,9064.0,200,0.38743452393709554,0.5005382306038443,12,RB1905.SHF,3758.0,3727.0,1489398,290.0,RB1904.SHF,3800.0,3732.0,17,-332.0,RB2003.SHF,3250.0,3235.0,353,-550.0,-0.15722901002506268,-0.16984022527560508,,,,,,,,,,,18038.0,-296.0,11.0
2019-04-01,RB1910.SHF,3470.0,3498.0,3451.0,3497.0,3479.0,3468.0,3432.0,65.0,47.0,1375404,4785943.216,1807786,80832.0,197,0.4429933560852307,0.5237745903325494,12,RB1905.SHF,3806.0,3777.0,1399356,309.0,RB1904.SHF,3800.0,3800.0,14,-303.0,RB2003.SHF,3281.0,3272.0,350,-519.0,-0.14836701127819546,-0.15952760909220848,,,,,,,,,,,17744.0,-294.0,11.0
2019-04-02,RB1910.SHF,3492.0,3575.0,3480.0,3560.0,3530.0,3497.0,3479.0,81.0,51.0,2201022,7770893.874,1747516,-60270.0,196,0.5879322567771804,0.5352715448270117,12,RB1905.SHF,3838.0,3819.0,1284772,278.0,RB1904.SHF,3813.0,3813.0,13,-253.0,RB2003.SHF,3320.0,3303.0,349,-493.0,-0.14045386709627464,-0.15040118080555287,,,,,,,,,,,17744.0,0.0,11.0
2019-04-03,RB1910.SHF,3560.0,3596.0,3546.0,3587.0,3573.0,3560.0,3530.0,57.0,43.0,2869880,10255090.952,1843996,96480.0,195,0.6772079554260547,0.5740472786862383,12,RB1905.SHF,3879.0,3859.0,1132418,292.0,RB1904.SHF,3870.0,3869.0,12,-283.0,RB2003.SHF,3350.0,3337.0,348,-520.0,-0.145964070382675,-0.15674812154678902,,,,,,,,,,,16859.0,-885.0,11.0
2019-04-04,RB1910.SHF,3590.0,3606.0,3561.0,3594.0,3582.0,3587.0,3573.0,21.0,9.0,2370430,8493092.65,1972934,128938.0,194,0.7377562459812028,0.6015321441725349,12,RB1905.SHF,3890.0,3877.0,1066108,296.0,RB1904.SHF,3841.0,3841.0,11,-247.0,RB2003.SHF,3338.0,3344.0,347,-503.0,-0.14225818549236935,-0.15247540864674236,,,,,,,,,,,16859.0,0.0,11.0
2019-04-08,RB1910.SHF,3614.0,3755.0,3613.0,3730.0,3687.0,3594.0,3582.0,148.0,105.0,3569164,13162454.778,2019198,46264.0,190,0.7745571511842649,0.6223567841333384,12,RB1905.SHF,4030.0,3979.0,991058,300.0,RB1904.SHF,4007.0,4007.0,7,-277.0,RB2003.SHF,3461.0,3431.0,343,-546.0,-0.1480222111305216,-0.15912834064075035,,,,,,,,,,,16859.0,0.0,11.0
2019-04-09,RB1910.SHF,3735.0,3795.0,3728.0,3757.0,3758.0,3730.0,3687.0,70.0,71.0,3938120,14802998.3,2143174,123976.0,189,0.8098954777209437,0.6500632418020729,12,RB1905.SHF,4055.0,4052.0,913456,298.0,RB1904.SHF,4007.0,4007.0,6,-250.0,RB2003.SHF,3469.0,3477.0,342,-538.0,-0.14585338752421353,-0.15662026558998243,,,,,,,,,,,16859.0,0.0,11.0
2019-04-10,RB1910.SHF,3760.0,3776.0,3735.0,3774.0,3754.0,3757.0,3758.0,16.0,-4.0,3013560,11314869.432,2182736,39562.0,188,0.8539014600049983,0.6611686805014948,12,RB1905.SHF,4068.0,4052.0,873006,294.0,RB1904.SHF,4028.0,4019.0,5,-254.0,RB2003.SHF,3470.0,3458.0,341,-558.0,-0.1504867711732161,-0.16198545841549122,,,,,,,,,,,16562.0,-297.0,11.0
2019-04-11,RB1910.SHF,3776.0,3814.0,3744.0,3808.0,3773.0,3774.0,3754.0,54.0,19.0,3456604,13041902.284,2276632,93896.0,187,0.8645646942061777,0.6803959307121253,12,RB1905.SHF,4107.0,4080.0,818836,299.0,RB1904.SHF,4019.0,4019.0,4,-211.0,RB2003.SHF,3483.0,3472.0,340,-536.0,-0.14487730897285517,-0.15549339372133333,,,,,,,,,,,16562.0,0.0,11.0
2019-04-12,RB1910.SHF,3810.0,3829.0,3734.0,3794.0,3777.0,3808.0,3773.0,21.0,4.0,5184656,19587334.204,2240428,-36204.0,186,0.8737835738012697,0.693332161495727,12,RB1905.SHF,4128.0,4108.0,725696,334.0,RB1904.SHF,4120.0,4120.0,3,-326.0,RB2003.SHF,3471.0,3464.0,339,-649.0,-0.17112011673601485,-0.18620477876741615,,,,,,,,,,,16562.0,0.0,11.0
2019-04-15,RB1910.SHF,3820.0,3843.0,3795.0,3829.0,3821.0,3794.0,3777.0,52.0,44.0,3998834,15283322.38,2399062,158634.0,183,0.8701432934604462,0.716528899948987,12,RB1905.SHF,4169.0,4144.0,684120,340.0,RB1905.SHF,4169.0,4144.0,30,-340.0,RB2003.SHF,3500.0,3501.0,336,-669.0,-0.19141045720279,-0.20863833038301155,,,,,,,,,,,14497.0,-2065.0,11.0
2019-04-16,RB1910.SHF,3832.0,3832.0,3773.0,3780.0,3802.0,3829.0,3821.0,-41.0,-19.0,3633830,13817325.704,2296314,-102748.0,182,0.8979434797950794,0.7244185254167992,12,RB1905.SHF,4144.0,4150.0,618028,364.0,RB1905.SHF,4144.0,4150.0,29,-364.0,RB2004.SHF,3482.0,3485.0,365,-662.0,-0.17353689786725507,-0.18907723874429289,673878.0,520705.0,-51447.0,-35262.0,27.0,337545.0,232693.0,0.12822298659867085,0.5008992725686252,0.4468806713974323,14497.0,0.0,11.0
2019-04-17,RB1910.SHF,3779.0,3804.0,3757.0,3795.0,3781.0,3780.0,3802.0,-7.0,-21.0,3439502,13005872.216,2322182,25868.0,181,0.8961704012506514,0.7373251609478172,12,RB1905.SHF,4163.0,4152.0,566690,368.0,RB1905.SHF,4163.0,4152.0,28,-368.0,RB2004.SHF,3460.0,3467.0,364,-703.0,-0.18344357320156024,-0.20093182555735126,682279.0,589615.0,17217.0,21751.0,31.0,318656.0,247693.0,0.07285512786442895,0.46704647219099515,0.42009277240233034,13315.0,-1182.0,11.0
2019-04-18,RB1910.SHF,3789.0,3789.0,3706.0,3710.0,3739.0,3795.0,3781.0,-71.0,-42.0,4231128,15824236.42,2338530,16348.0,180,0.9033668023704174,0.7576542017922981,12,RB1905.SHF,4102.0,4122.0,471426,392.0,RB1905.SHF,4102.0,4122.0,27,-392.0,RB2004.SHF,3405.0,3423.0,363,-697.0,-0.18458257876529455,-0.20230311850529858,660266.0,630690.0,-16571.0,55941.0,34.0,302050.0,278606.0,0.022910153405693145,0.45746714203063615,0.4417479268737415,13315.0,0.0,11.0
2019-04-19,RB1910.SHF,3699.0,3746.0,3682.0,3738.0,3713.0,3710.0,3739.0,-1.0,-26.0,3494514,12976770.66,2388974,50444.0,179,0.9155328985322714,0.768393066439545,12,RB1905.SHF,4134.0,4108.0,435106,396.0,RB1905.SHF,4134.0,4108.0,26,-396.0,RB2004.SHF,3422.0,3402.0,362,-712.0,-0.18709539935955027,-0.20533453664641305,678365.0,628144.0,25015.0,7450.0,32.0,317948.0,269871.0,0.038439076960051555,0.46869753009073284,0.429632377289284,10054.0,-3261.0,11.0
2019-04-22,RB1910.SHF,3744.0,3819.0,3739.0,3773.0,3783.0,3738.0,3713.0,60.0,70.0,5132926,19422493.438,2365588,-23386.0,176,0.9197453703869616,0.7816084510355638,12,RB1905.SHF,4150.0,4156.0,378672,377.0,RB1905.SHF,4150.0,4156.0,23,-377.0,RB2004.SHF,3438.0,3465.0,359,-712.0,-0.1863740676993689,-0.20446347011283197,707879.0,614680.0,68591.0,3374.0,33.0,343035.0,257673.0,0.0704686898656317,0.48459553115716103,0.41919860740547926,10054.0,0.0,11.0
2019-04-23,RB1910.SHF,3776.0,3794.0,3755.0,3757.0,3777.0,3773.0,3783.0,-26.0,-6.0,2870758,10844709.674,2509806,144218.0,175,0.934887159279643,0.7966520253348578,12,RB1905.SHF,4147.0,4157.0,356934,390.0,RB1905.SHF,4147.0,4157.0,22,-390.0,RB2004.SHF,3450.0,3456.0,358,-697.0,-0.18257963301066743,-0.19989284771028623,738234.0,644713.0,37523.0,42997.0,33.0,360975.0,271277.0,0.0676244281234205,0.4889709766821902,0.42077172323188766,886.0,-9168.0,11.0
2019-04-24,RB1910.SHF,3750.0,3751.0,3718.0,3730.0,3733.0,3757.0,3777.0,-47.0,-44.0,3503086,13077841.594,2530532,20726.0,174,0.9384058689242859,0.8036588324815706,12,RB1905.SHF,4133.0,4135.0,321780,403.0,RB1905.SHF,4133.0,4135.0,21,-403.0,RB2004.SHF,3412.0,3423.0,357,-721.0,-0.18950621017824024,-0.2082508650403553,718584.0,654596.0,-6746.0,12280.0,34.0,354594.0,284118.0,0.046598406618214655,0.49346214221301893,0.43403564946929096,886.0,0.0,11.0
2019-04-25,RB1910.SHF,3727.0,3780.0,3712.0,3712.0,3744.0,3730.0,3733.0,-21.0,11.0,3779994,14155029.282,2500770,-29762.0,173,0.9451119134296115,0.809408646871822,12,RB1905.SHF,4133.0,4143.0,286156,421.0,RB1905.SHF,4133.0,4143.0,20,-421.0,RB2004.SHF,3402.0,3419.0,356,-731.0,-0.1921345903471479,-0.21143933085688318,727343.0,661622.0,14201.0,14541.0,33.0,357665.0,309255.0,0.04731652705431742,0.4917418604427347,0.46741946307710447,0.0,-886.0,11.0
2019-04-26,RB1910.SHF,3712.0,3755.0,3712.0,3739.0,3733.0,3712.0,3744.0,-5.0,-11.0,3571488,13335879.542,2523808,23038.0,172,0.949938106862611,0.822072836503853,12,RB2001.SHF,3484.0,3484.0,272814,-255.0,RB1905.SHF,4151.0,4145.0,19,-412.0,RB2004.SHF,3416.0,3415.0,355,-735.0,-0.19234822934232715,-0.21169890624336626,751294.0,679580.0,25223.0,18680.0,33.0,376507.0,319616.0,0.0501190181665192,0.5011446916919342,0.47031401748138557,0.0,0.0,11.0
2019-04-29,RB1910.SHF,3743.0,3779.0,3735.0,3777.0,3760.0,3739.0,3733.0,44.0,27.0,3044622,11447780.124,2503928,-19880.0,169,0.9359019680050855,0.8291251153987266,12,RB2001.SHF,3503.0,3495.0,291448,-274.0,RB1905.SHF,4194.0,4179.0,16,-417.0,RB2004.SHF,3430.0,3430.0,352,-764.0,-0.19788757181461047,-0.21845105662257763,748499.0,664696.0,376.0,-6145.0,34.0,359314.0,295925.0,0.059300379636214394,0.48004606552580564,0.4452035216098788,0.0,0.0,11.0
2019-04-30,RB1910.SHF,3783.0,3833.0,3783.0,3828.0,3811.0,3777.0,3760.0,68.0,51.0,3395294,12941046.508,2345822,-158106.0,168,0.9134845003578289,0.8506598009174479,12,RB2001.SHF,3543.0,3529.0,297292,-285.0,RB1905.SHF,4191.0,4192.0,15,-363.0,RB2004.SHF,3466.0,3454.0,351,-725.0,-0.18792040199520516,-0.20633165131569892,699559.0,618072.0,-40932.0,-42371.0,31.0,319533.0,260606.0,0.061843566218463285,0.4567634752751376,0.42164343312753205,0.0,0.0,11.0
2019-05-06,RB1910.SHF,3760.0,3783.0,3725.0,3756.0,3758.0,3828.0,3811.0,-55.0,-53.0,3040168,11426247.136,2305756,-40066.0,162,0.9468143947698869,0.8477767221321819,12,RB2001.SHF,3483.0,3484.0,317002,-273.0,RB1905.SHF,4159.0,4151.0,9,-403.0,RB2004.SHF,3409.0,3410.0,345,-750.0,-0.1958961632260502,-0.21601880558282177,721877.0,635853.0,32759.0,22528.0,33.0,353258.0,292939.0,0.06335869429120665,0.48936037579809305,0.4607023950504283,0.0,0.0,11.0
2019-05-07,RB1910.SHF,3756.0,3814.0,3753.0,3767.0,3785.0,3756.0,3758.0,9.0,27.0,3462070,13105216.81,2302372,-3384.0,161,0.9438293835244853,0.8459396680131419,12,RB2001.SHF,3487.0,3503.0,338438,-280.0,RB1905.SHF,4150.0,4162.0,8,-383.0,RB2004.SHF,3415.0,3426.0,344,-735.0,-0.19239457831325305,-0.21175522930132903,653262.0,612843.0,-63979.0,-13301.0,35.0,290757.0,280848.0,0.03192389256815193,0.44508482048550196,0.45827071533818614,0.0,0.0,11.0
2019-05-08,RB1910.SHF,3757.0,3764.0,3721.0,3731.0,3742.0,3767.0,3785.0,-54.0,-43.0,3487160,13051483.284,2424686,122314.0,160,0.9551534009515488,0.8461036504766013,12,RB2001.SHF,3460.0,3469.0,369926,-271.0,RB1905.SHF,4135.0,4139.0,7,-404.0,RB2004.SHF,3380.0,3392.0,343,-755.0,-0.1983467207923072,-0.21901262180942088,669150.0,653060.0,41966.0,45403.0,34.0,308287.0,289697.0,0.012169020049765165,0.4607143390869013,0.44359936299880565,2723.0,2723.0,11.0
2019-05-09,RB1910.SHF,3721.0,3744.0,3705.0,3737.0,3726.0,3731.0,3742.0,-5.0,-16.0,3494278,13020871.788,2356324,-68362.0,159,0.9509647142325286,0.8407629766909465,12,RB2001.SHF,3466.0,3455.0,386808,-271.0,RB1905.SHF,4137.0,4130.0,6,-400.0,RB2004.SHF,3383.0,3378.0,342,-754.0,-0.19798824775256973,-0.21857416414719227,658634.0,628197.0,-8766.0,-23063.0,32.0,293085.0,264102.0,0.023652678556857893,0.4449891745643256,0.4204127049317332,2723.0,0.0,11.0
2019-05-10,RB1910.SHF,3711.0,3753.0,3711.0,3746.0,3736.0,3737.0,3726.0,20.0,10.0,3159902,11806090.134,2317490,-38834.0,158,0.9472014724044077,0.8396380428867587,12,RB2001.SHF,3473.0,3468.0,400908,-273.0,RB1905.SHF,4149.0,4139.0,5,-403.0,RB2004.SHF,3396.0,3390.0,341,-753.0,-0.1971537892091037,-0.2175542012175444,656919.0,631602.0,-1715.0,3405.0,34.0,287415.0,265039.0,0.0196481081798434,0.43751969420887504,0.41962976684684344,2723.0,0.0,11.0
2019-05-13,RB1910.SHF,3747.0,3760.0,3690.0,3691.0,3721.0,3746.0,3736.0,-45.0,-15.0,3440910,12806699.786,2443248,125758.0,155,0.9502220832859268,0.8441678517677008,12,RB2001.SHF,3430.0,3453.0,411632,-261.0,RB1905.SHF,4196.0,4151.0,2,-505.0,RB2004.SHF,3361.0,3370.0,338,-835.0,-0.21617455967134228,-0.2410446331956695,669173.0,653376.0,36778.0,26010.0,32.0,285538.0,257519.0,0.011944358961369295,0.4267028107828618,0.39413599520031345,2723.0,0.0,11.0
2019-05-14,RB1910.SHF,3680.0,3699.0,3655.0,3663.0,3672.0,3691.0,3721.0,-58.0,-49.0,3403408,12500170.916,2532810,89562.0,154,0.9333150513631951,0.8426666861850852,12,RB2001.SHF,3406.0,3413.0,434458,-257.0,RB1905.SHF,4172.0,4190.0,1,-509.0,RB2004.SHF,3332.0,3345.0,337,-840.0,-0.2187200383509109,-0.24422716275114398,702734.0,703502.0,41027.0,52481.0,33.0,306896.0,305955.0,-0.0005461387704482035,0.43671716467397337,0.4349028147752245,11083.0,8360.0,11.0
2019-05-15,RB1910.SHF,3659.0,3709.0,3650.0,3704.0,3676.0,3663.0,3672.0,32.0,4.0,2608568,9590685.218,2547198,14388.0,153,0.9093916072506795,0.8392401760191676,12,RB2001.SHF,3423.0,3400.0,449426,-281.0,RB1906.SHF,3945.0,3932.0,33,-241.0,RB2004.SHF,3351.0,3327.0,336,-594.0,-0.18138011519783154,-0.1965821885249915,712111.0,690648.0,11527.0,-10034.0,32.0,311044.0,310971.0,0.015300561251077342,0.4367914552646989,0.450259756055183,26608.0,15525.0,11.0
2019-05-16,RB1910.SHF,3701.0,3749.0,3694.0,3742.0,3723.0,3704.0,3676.0,66.0,47.0,3511080,13072628.73,2467990,-79208.0,152,0.8894791029107166,0.8008243202375745,12,RB2001.SHF,3470.0,3450.0,489792,-272.0,RB1906.SHF,3947.0,3941.0,32,-205.0,RB2005.SHF,3312.0,3286.0,365,-635.0,-0.17634178389182184,-0.19225915753020814,701598.0,644678.0,-9409.0,-30711.0,31.0,314073.0,268148.0,0.042279592000451616,0.4476537846459083,0.41594098138915864,26608.0,0.0,11.0
2019-05-17,RB1910.SHF,3750.0,3794.0,3746.0,3771.0,3772.0,3742.0,3723.0,48.0,49.0,3847274,14514393.25,2364382,-103608.0,151,0.9183651352600362,0.7897130771923355,12,RB2001.SHF,3493.0,3498.0,486726,-278.0,RB1906.SHF,3936.0,3951.0,31,-165.0,RB2005.SHF,3343.0,3343.0,364,-593.0,-0.16513846163236406,-0.17898851558407378,667606.0,627523.0,-33151.0,-7326.0,33.0,290161.0,276124.0,0.030949040597500328,0.43462910758740936,0.4400221187111867,26608.0,0.0,11.0
2019-05-20,RB1910.SHF,3770.0,3792.0,3760.0,3780.0,3775.0,3771.0,3772.0,8.0,3.0,2752426,10391862.636,2357766,-6616.0,148,0.9162225516976454,0.7857203317815095,12,RB2001.SHF,3498.0,3494.0,484276,-282.0,RB1906.SHF,3930.0,3928.0,28,-150.0,RB2005.SHF,3346.0,3345.0,361,-584.0,-0.162880437689598,-0.17633316970131002,662669.0,621630.0,-220.0,-1295.0,32.0,288125.0,265207.0,0.03195439691224551,0.43479474669857804,0.42663159757411967,26608.0,0.0,11.0
2019-05-21,RB1910.SHF,3780.0,3920.0,3777.0,3919.0,3845.0,3780.0,3775.0,144.0,70.0,5032032,19349639.55,2632486,274720.0,147,0.9308627888856578,0.8063569136934682,12,RB2001.SHF,3618.0,3553.0,477282,-301.0,RB1906.SHF,4007.0,3957.0,27,-88.0,RB2005.SHF,3445.0,3385.0,360,-562.0,-0.15373246967956228,-0.16564086613741968,721939.0,689284.0,67690.0,90285.0,33.0,304450.0,290874.0,0.023139503820445103,0.42171152964447134,0.42199441739544225,26608.0,0.0,11.0
2019-05-22,RB1910.SHF,3913.0,3947.0,3867.0,3910.0,3905.0,3919.0,3845.0,65.0,60.0,4462532,17429839.164,2481762,-150724.0,146,0.9292403876107168,0.7926252592567515,12,RB2001.SHF,3614.0,3614.0,483250,-296.0,RB1906.SHF,4006.0,4006.0,26,-96.0,RB2005.SHF,3442.0,3444.0,359,-564.0,-0.15431807244088827,-0.16632221291535074,692452.0,649987.0,-29487.0,-31118.0,33.0,296970.0,288232.0,0.03163272223169917,0.42886727166648375,0.4434427150081463,25412.0,-1196.0,11.0
2019-05-23,RB1910.SHF,3910.0,3928.0,3879.0,3881.0,3899.0,3910.0,3905.0,-24.0,-6.0,3174604,12379186.85,2381190,-100572.0,145,0.9341889904380083,0.7824872235717215,12,RB2001.SHF,3586.0,3602.0,491224,-295.0,RB1906.SHF,3961.0,3968.0,25,-80.0,RB2005.SHF,3422.0,3432.0,358,-539.0,-0.14915319257657053,-0.1603274482191259,646185.0,604070.0,-40118.0,-43668.0,34.0,282086.0,254928.0,0.033685128233840296,0.436540619172528,0.4220173158739881,25412.0,0.0,11.0
2019-05-24,RB1910.SHF,3879.0,3894.0,3826.0,3889.0,3863.0,3881.0,3899.0,-10.0,-36.0,3750018,14488753.992,2340352,-40838.0,144,0.9256446775686517,0.7768529970397722,12,RB2001.SHF,3593.0,3571.0,497360,-296.0,RB1906.SHF,3978.0,3963.0,24,-89.0,RB2005.SHF,3426.0,3403.0,357,-552.0,-0.15209779915662264,-0.16374117085103923,640194.0,607466.0,-5280.0,6408.0,34.0,276871.0,244481.0,0.026231505378067742,0.43247984204787926,0.4024603846141183,25412.0,0.0,11.0
2019-05-27,RB1910.SHF,3893.0,3926.0,3835.0,3842.0,3876.0,3889.0,3863.0,-21.0,13.0,4421734,17138963.004,2355626,15274.0,141,0.9321748259709157,0.7666825495395919,12,RB2001.SHF,3555.0,3587.0,529484,-287.0,RB1906.SHF,3945.0,3961.0,21,-103.0,RB2005.SHF,3401.0,3427.0,354,-544.0,-0.15114734506369493,-0.16263813399268592,634991.0,613040.0,-3911.0,42232.0,33.0,269099.0,246336.0,0.017588505413727702,0.423783959142728,0.4018269607203445,25412.0,0.0,11.0
2019-05-28,RB1910.SHF,3835.0,3870.0,3815.0,3845.0,3844.0,3842.0,3876.0,-31.0,-32.0,3220108,12379543.102,2328866,-26760.0,140,0.9238513785293813,0.7558509605928757,12,RB2001.SHF,3569.0,3569.0,557060,-276.0,RB1906.SHF,3939.0,3942.0,20,-94.0,RB2005.SHF,3411.0,3410.0,353,-528.0,-0.1469252954401469,-0.15775166336809296,637472.0,628080.0,5138.0,24871.0,30.0,276943.0,279318.0,0.0074212675575559125,0.43443947342000905,0.4447172334734429,25109.0,-303.0,11.0
2019-05-29,RB1910.SHF,3835.0,3839.0,3796.0,3825.0,3818.0,3845.0,3844.0,-19.0,-26.0,3088050,11792433.238,2375608,46742.0,139,0.9157098029773134,0.7500131021379532,12,RB2001.SHF,3553.0,3548.0,590400,-272.0,RB1906.SHF,3910.0,3913.0,19,-85.0,RB2005.SHF,3395.0,3391.0,352,-515.0,-0.14437071342442187,-0.15480561183217553,659418.0,650644.0,24175.0,30161.0,31.0,289784.0,289312.0,0.0066973929478146834,0.4394541853573909,0.44465483428726,25109.0,0.0,11.0
2019-05-30,RB1910.SHF,3820.0,3835.0,3773.0,3777.0,3806.0,3825.0,3818.0,-41.0,-12.0,3228754,12290408.748,2462100,86492.0,138,0.9296959268211076,0.7430251423218622,12,RB2001.SHF,3518.0,3541.0,635012,-259.0,RB1906.SHF,3881.0,3888.0,18,-104.0,RB2005.SHF,3373.0,3388.0,351,-508.0,-0.14347251141891693,-0.15377164610254787,676595.0,687699.0,21988.0,40844.0,33.0,303014.0,308729.0,-0.008139008160997557,0.447851373421323,0.44893041868608213,25109.0,0.0,11.0
2019-05-31,RB1910.SHF,3775.0,3789.0,3744.0,3750.0,3769.0,3777.0,3806.0,-56.0,-37.0,2731698,10295966.83,2540810,78710.0,137,0.9267759288461382,0.7366703720391088,12,RB2001.SHF,3493.0,3511.0,674430,-257.0,RB1906.SHF,3779.0,3834.0,17,-29.0,RB2005.SHF,3352.0,3366.0,350,-427.0,-0.12385102752924933,-0.13142437909262195,694428.0,721503.0,17833.0,36891.0,33.0,311888.0,339874.0,-0.019121694489350118,0.4491293553831355,0.4710638763802784,24812.0,-297.0,11.0
2019-06-03,RB1910.SHF,3740.0,3763.0,3699.0,3707.0,3734.0,3750.0,3769.0,-62.0,-35.0,3063850,11441506.846,2570700,29890.0,134,0.9015338006394612,0.7300047366394395,12,RB2001.SHF,3457.0,3488.0,698574,-250.0,RB1906.SHF,3760.0,3768.0,14,-53.0,RB2005.SHF,3328.0,3348.0,347,-432.0,-0.1259344450833813,-0.13377571643134228,713651.0,717822.0,25884.0,-1258.0,35.0,330068.0,336752.0,-0.002913781817749968,0.46250618299420865,0.46913023005703364,24812.0,0.0,11.0
2019-06-04,RB1910.SHF,3716.0,3747.0,3691.0,3745.0,3721.0,3707.0,3734.0,11.0,-13.0,2491734,9271820.752,2592758,22058.0,133,0.9005755335359242,0.7250482385248239,12,RB2001.SHF,3496.0,3469.0,718330,-249.0,RB1906.SHF,3765.0,3765.0,13,-20.0,RB2005.SHF,3360.0,3339.0,346,-405.0,-0.11790675137288685,-0.12474328485288763,710780.0,747713.0,-234.0,31162.0,33.0,330626.0,346405.0,-0.025322713238939098,0.4651594023467177,0.4632860469190719,24812.0,0.0,11.0
2019-06-05,RB1910.SHF,3752.0,3758.0,3726.0,3747.0,3743.0,3745.0,3721.0,26.0,22.0,2188406,8192966.922,2603960,11202.0,132,0.9198121375864371,0.7258562671013694,12,RB2001.SHF,3496.0,3492.0,717464,-251.0,RB1906.SHF,3765.0,3765.0,12,-18.0,RB2005.SHF,3357.0,3358.0,345,-408.0,-0.11878013471638973,-0.12572237924232751,716376.0,744050.0,6065.0,2561.0,32.0,333537.0,335512.0,-0.018949265488289034,0.4655892994740192,0.45092668503460787,24812.0,0.0,11.0
2019-06-06,RB1910.SHF,3741.0,3746.0,3670.0,3737.0,3713.0,3747.0,3743.0,-6.0,-30.0,3975684,14761899.224,2591634,-12326.0,131,0.918114998886905,0.7228915057736283,12,RB2001.SHF,3485.0,3462.0,713758,-252.0,RB1906.SHF,3710.0,3648.0,11,27.0,RB2005.SHF,3351.0,3335.0,344,-359.0,-0.10606428530956835,-0.11155306237364027,733769.0,748118.0,17393.0,13066.0,33.0,335383.0,348603.0,-0.009682924541479884,0.4570689140587842,0.46597328228969226,24213.0,-599.0,11.0
2019-06-10,RB1910.SHF,3716.0,3733.0,3680.0,3717.0,3703.0,3737.0,3713.0,4.0,-10.0,2194802,8128508.004,2705278,113644.0,127,0.9076428353432854,0.7257554189981902,12,RB2001.SHF,3457.0,3453.0,732706,-260.0,RB1906.SHF,3680.0,3680.0,7,37.0,RB2005.SHF,3331.0,3330.0,340,-349.0,-0.10395041780911352,-0.10921522652790815,767647.0,772802.0,33878.0,31845.0,33.0,350732.0,364219.0,-0.0033464269183854835,0.4568922955473023,0.4712966581349427,23912.0,-301.0,11.0
2019-06-11,RB1910.SHF,3718.0,3834.0,3712.0,3833.0,3783.0,3717.0,3703.0,130.0,80.0,5000976,18921219.73,2624268,-81010.0,126,0.9211932945795408,0.731675002188667,12,RB2001.SHF,3560.0,3513.0,691382,-273.0,RB1906.SHF,3750.0,3750.0,6,83.0,RB2005.SHF,3407.0,3374.0,339,-343.0,-0.10025625625625628,-0.10514159452184337,734864.0,731242.0,-19830.0,-16312.0,31.0,314879.0,332177.0,0.0024704898554401933,0.42848608722158116,0.45426411502621566,23005.0,-907.0,11.0
2019-06-12,RB1910.SHF,3836.0,3844.0,3772.0,3776.0,3805.0,3833.0,3783.0,-7.0,22.0,3388264,12895033.912,2517168,-107100.0,125,0.8920047534778367,0.7225140087178112,12,RB2001.SHF,3516.0,3540.0,699830,-260.0,RB1906.SHF,3770.0,3760.0,5,6.0,RB2005.SHF,3373.0,3392.0,338,-397.0,-0.11542444301064986,-0.12196529298452928,695480.0,722021.0,-36871.0,-2290.0,34.0,281355.0,328411.0,-0.018723796314782142,0.40454793811468337,0.4548496511874308,22701.0,-304.0,11.0
2019-06-13,RB1910.SHF,3768.0,3800.0,3744.0,3792.0,3774.0,3776.0,3805.0,-13.0,-31.0,3502002,13217200.06,2504250,-12918.0,124,0.9234102560181159,0.7161375670454039,12,RB2001.SHF,3526.0,3513.0,720582,-266.0,RB1906.SHF,3760.0,3760.0,4,32.0,RB2005.SHF,3382.0,3374.0,337,-378.0,-0.11019263944795858,-0.11613325233566464,699502.0,721239.0,4022.0,12861.0,34.0,283061.0,317898.0,-0.015299762588677317,0.40466074435812904,0.44076651428999264,22701.0,0.0,11.0
2019-06-14,RB1910.SHF,3800.0,3813.0,3753.0,3755.0,3785.0,3792.0,3774.0,-19.0,11.0,3102382,11744393.196,2532062,27812.0,123,0.912818071454674,0.7181040022824484,12,RB2001.SHF,3510.0,3527.0,727054,-245.0,RB1906.SHF,3730.0,3730.0,3,25.0,RB2005.SHF,3372.0,3387.0,336,-358.0,-0.10520171646177004,-0.1105985004005466,705865.0,737664.0,7130.0,17969.0,35.0,295457.0,333120.0,-0.022028653390406428,0.4185743732866766,0.45158771473191045,22701.0,0.0,11.0
2019-06-17,RB1910.SHF,3750.0,3754.0,3700.0,3704.0,3722.0,3755.0,3785.0,-81.0,-63.0,2968142,11050105.188,2680234,148172.0,120,0.8931809140462831,0.7126303228571641,12,RB2001.SHF,3462.0,3480.0,797350,-242.0,RB1907.SHF,3716.0,3726.0,28,-12.0,RB2005.SHF,3333.0,3350.0,333,-383.0,-0.12334345056380028,-0.13017338653602012,754567.0,777619.0,48702.0,44434.0,34.0,335601.0,351683.0,-0.015045170756030925,0.44475970987334457,0.4522561820120136,22701.0,0.0,11.0
2019-06-18,RB1910.SHF,3700.0,3737.0,3683.0,3732.0,3710.0,3704.0,3722.0,10.0,-12.0,2623144,9733565.966,2721602,41368.0,119,0.898140748699428,0.7089502823451816,12,RB2001.SHF,3498.0,3472.0,829772,-234.0,RB1907.SHF,3702.0,3703.0,27,30.0,RB2006.SHF,3354.0,3330.0,363,-348.0,-0.10211661650073314,-0.10723998816623613,772061.0,775171.0,18547.0,-2448.0,35.0,341124.0,339607.0,-0.0020100411573700646,0.4418355544445322,0.4381059146949512,22701.0,0.0,11.0
2019-06-19,RB1910.SHF,3740.0,3797.0,3723.0,3770.0,3762.0,3732.0,3710.0,60.0,52.0,3824738,14389218.866,2595294,-126308.0,118,0.8958897743514836,0.7037043464208418,12,RB2001.SHF,3530.0,3517.0,810104,-240.0,RB1907.SHF,3730.0,3727.0,26,40.0,RB2006.SHF,3363.0,3345.0,362,-367.0,-0.10688353759734462,-0.11251429264172905,727707.0,727571.0,-40933.0,-44137.0,33.0,324021.0,330552.0,9.34529347657286e-05,0.4452629973327177,0.45432267091459116,22398.0,-303.0,11.0
2019-06-20,RB1910.SHF,3750.0,3836.0,3740.0,3825.0,3800.0,3770.0,3762.0,63.0,38.0,3770756,14330178.914,2666178,70884.0,117,0.9073294634787689,0.7131876879816905,12,RB2001.SHF,3572.0,3554.0,798808,-253.0,RB1907.SHF,3761.0,3760.0,25,64.0,RB2006.SHF,3397.0,3387.0,361,-364.0,-0.10513604537800227,-0.11057782578291561,759553.0,736853.0,31846.0,27279.0,34.0,338396.0,338644.0,0.015169679886341006,0.44551993080140556,0.4595814904736766,22398.0,0.0,11.0
2019-06-21,RB1910.SHF,3825.0,3860.0,3795.0,3859.0,3816.0,3825.0,3800.0,59.0,16.0,3584776,13680015.364,2704032,37854.0,116,0.9145060695363968,0.7159857821310704,12,RB2001.SHF,3600.0,3566.0,806770,-259.0,RB1907.SHF,3750.0,3751.0,24,109.0,RB2006.SHF,3399.0,3392.0,360,-351.0,-0.10167857142857145,-0.10675660054447704,767557.0,738520.0,8004.0,12975.0,32.0,330257.0,339531.0,0.019279890735998225,0.430270325200604,0.45974516600769105,22398.0,0.0,11.0
2019-06-24,RB1910.SHF,3857.0,3966.0,3835.0,3904.0,3908.0,3859.0,3816.0,88.0,92.0,4860118,18996340.266,2544514,-159518.0,113,0.876202134564073,0.7162552596407512,12,RB2001.SHF,3641.0,3649.0,748876,-263.0,RB1907.SHF,3801.0,3791.0,21,103.0,RB2006.SHF,3421.0,3433.0,357,-380.0,-0.10860237280916045,-0.11442237697693472,698288.0,689575.0,-62794.0,-38915.0,29.0,285534.0,332373.0,0.006277997179836915,0.4089057809958069,0.4819968821375485,22398.0,0.0,10.0
2019-06-25,RB1910.SHF,3920.0,3999.0,3915.0,3994.0,3964.0,3904.0,3908.0,86.0,56.0,4513402,17894855.08,2685184,140670.0,112,0.887984609899999,0.7336644478822457,12,RB2001.SHF,3702.0,3678.0,718982,-292.0,RB1907.SHF,3828.0,3829.0,20,166.0,RB2006.SHF,3463.0,3449.0,356,-365.0,-0.10357966985122158,-0.10885604458989397,761214.0,694334.0,102443.0,30029.0,31.0,320314.0,311333.0,0.04594833011346929,0.42079362702209894,0.4483908320779337,21209.0,-1189.0,10.0
2019-06-26,RB1910.SHF,3995.0,4013.0,3966.0,3998.0,3985.0,3994.0,3964.0,34.0,21.0,3289568,13112185.958,2530034,-155150.0,111,0.9034916711297876,0.7267827626681129,12,RB2001.SHF,3711.0,3697.0,703926,-287.0,RB1907.SHF,3816.0,3811.0,19,182.0,RB2006.SHF,3470.0,3460.0,355,-346.0,-0.09849661824897674,-0.10325172102367375,694975.0,627832.0,-46586.0,-51286.0,32.0,295704.0,266425.0,0.050757971495463815,0.42548868664340445,0.42435715286892034,21209.0,0.0,10.0
2019-06-27,RB1910.SHF,4008.0,4095.0,3987.0,4001.0,4035.0,3998.0,3985.0,16.0,50.0,4993954,20155523.79,2470936,-59098.0,110,0.8740309263483023,0.7254452017793979,12,RB2001.SHF,3715.0,3750.0,685900,-286.0,RB1907.SHF,3818.0,3830.0,18,183.0,RB2006.SHF,3493.0,3513.0,354,-325.0,-0.09247003542118787,-0.09664435181483406,694359.0,612961.0,11354.0,2981.0,33.0,309357.0,248567.0,0.06226325612703852,0.44552889787559463,0.40551845876001896,21209.0,0.0,10.0
2019-06-28,RB1910.SHF,4004.0,4071.0,4002.0,4065.0,4044.0,4001.0,4035.0,30.0,9.0,3424928,13851945.604,2562644,91708.0,109,0.8782461171730599,0.7247763713271105,12,RB2001.SHF,3765.0,3752.0,715740,-300.0,RB1907.SHF,3828.0,3780.0,17,237.0,RB2006.SHF,3534.0,3536.0,353,-294.0,-0.0834312957157785,-0.08680927496434275,727529.0,647984.0,47209.0,46156.0,32.0,338573.0,270974.0,0.057829333492304326,0.46537388887590736,0.4181800785204573,21209.0,0.0,10.0
2019-07-01,RB1910.SHF,4070.0,4148.0,4061.0,4107.0,4108.0,4065.0,4044.0,63.0,64.0,4059936,16679274.602,2527118,-35526.0,106,0.8727197687041197,0.7157182167411901,12,RB2001.SHF,3794.0,3800.0,736314,-313.0,RB1907.SHF,3850.0,3835.0,14,257.0,RB2006.SHF,3578.0,3573.0,350,-272.0,-0.07674706246134815,-0.079592989800016,714238.0,618693.0,-10959.0,-19473.0,31.0,325948.0,258587.0,0.07168037955453058,0.45635768469333754,0.4179568865333857,20910.0,-299.0,10.0
2019-07-02,RB1910.SHF,4102.0,4117.0,4023.0,4053.0,4063.0,4107.0,4108.0,-55.0,-45.0,3581188,14552383.346,2455326,-71792.0,105,0.8734869054576285,0.7115991785381202,12,RB2001.SHF,3776.0,3781.0,725766,-277.0,RB1907.SHF,3829.0,3830.0,13,224.0,RB2006.SHF,3580.0,3581.0,349,-249.0,-0.07064274521508788,-0.07304439973253041,717874.0,605107.0,17414.0,-8325.0,34.0,314285.0,251156.0,0.08523705177927725,0.4377996695798984,0.41506047690738995,20311.0,-599.0,10.0
2019-07-03,RB1910.SHF,4045.0,4098.0,4001.0,4030.0,4042.0,4053.0,4063.0,-33.0,-21.0,3491260,14113138.99,2481090,25764.0,104,0.8932293092482133,0.711205450944083,12,RB2001.SHF,3755.0,3762.0,737440,-275.0,RB1907.SHF,3850.0,3825.0,12,180.0,RB2006.SHF,3552.0,3563.0,348,-298.0,-0.08408317872603582,-0.08751561891954092,713131.0,607822.0,-4743.0,16865.0,33.0,302742.0,249509.0,0.07972198859459799,0.42452508725605814,0.41049682308307367,18808.0,-1503.0,10.0
2019-07-04,RB1910.SHF,4027.0,4077.0,3996.0,4024.0,4033.0,4030.0,4042.0,-18.0,-9.0,4181700,16868489.046,2476838,-4252.0,103,0.9048670278027465,0.714334990514326,12,RB2001.SHF,3756.0,3762.0,722816,-268.0,RB1907.SHF,3850.0,3850.0,11,174.0,RB2006.SHF,3558.0,3557.0,347,-292.0,-0.08239022881880023,-0.08568218468886324,704999.0,644224.0,-4550.0,51228.0,33.0,302507.0,268257.0,0.04504444409856636,0.4290885518986552,0.41640330071527915,18808.0,0.0,10.0
2019-07-05,RB1910.SHF,4020.0,4057.0,3967.0,3984.0,4014.0,4024.0,4033.0,-49.0,-19.0,3849040,15450927.064,2506022,29184.0,102,0.8853256441832938,0.7131812728096477,12,RB2001.SHF,3741.0,3761.0,734538,-243.0,RB1907.SHF,3849.0,3849.0,10,135.0,RB2006.SHF,3540.0,3562.0,346,-309.0,-0.08720957205953313,-0.09090960182116964,,,,,,,,,,,18808.0,0.0,10.0
2019-07-08,RB1910.SHF,3980.0,4025.0,3976.0,3992.0,4002.0,3984.0,4014.0,-22.0,-12.0,3352870,13419380.646,2400964,-105058.0,99,0.8798959724762697,0.7038440251218334,12,RB2001.SHF,3737.0,3742.0,716342,-255.0,RB1907.SHF,3777.0,3777.0,7,215.0,RB2006.SHF,3526.0,3533.0,343,-251.0,-0.07219054553248352,-0.07470111699536923,672006.0,639263.0,-18918.0,-8986.0,33.0,283709.0,282337.0,0.024970467539459865,0.4221822424204546,0.44166016178004985,18511.0,-297.0,10.0
2019-07-09,RB1910.SHF,3990.0,4085.0,3989.0,4042.0,4048.0,3992.0,4002.0,40.0,46.0,3664226,14834464.802,2424496,23532.0,98,0.8841514527517276,0.7066284745659962,12,RB2001.SHF,3770.0,3783.0,720544,-272.0,RB1907.SHF,3829.0,3814.0,6,213.0,RB2006.SHF,3549.0,3550.0,342,-280.0,-0.07943762514146424,-0.08249195408702763,676276.0,645682.0,6320.0,9382.0,32.0,274879.0,273156.0,0.02314294402696606,0.4064597886070184,0.42305035605762586,17293.0,-1218.0,10.0
2019-07-10,RB1910.SHF,4040.0,4052.0,4004.0,4021.0,4025.0,4042.0,4048.0,-27.0,-23.0,2566004,10328490.318,2415562,-8934.0,97,0.9020506680297008,0.7044418211023248,12,RB2001.SHF,3761.0,3758.0,730748,-260.0,RB1907.SHF,3760.0,3792.0,5,261.0,RB2006.SHF,3545.0,3537.0,341,-215.0,-0.0621161030901722,-0.06396277100436007,682666.0,646203.0,7201.0,5566.0,30.0,270105.0,273257.0,0.027439123043731174,0.3956620074824292,0.42286557010722636,16996.0,-297.0,10.0
2019-07-11,RB1910.SHF,4020.0,4046.0,3974.0,4017.0,4004.0,4021.0,4025.0,-8.0,-21.0,3807582,15248936.69,2477402,61840.0,96,0.903199927508351,0.7097466755898221,12,RB2001.SHF,3755.0,3746.0,728378,-262.0,RB1907.SHF,3750.0,3750.0,4,267.0,RB2006.SHF,3534.0,3534.0,340,-216.0,-0.06257142857142856,-0.0644458188123732,708852.0,677692.0,32650.0,34088.0,32.0,294742.0,287519.0,0.022473141854856393,0.4158018881233318,0.4242620541484922,16996.0,0.0,10.0
2019-07-12,RB1910.SHF,4020.0,4030.0,3958.0,3965.0,3992.0,4017.0,4004.0,-39.0,-12.0,2871884,11465791.396,2559286,81884.0,95,0.8993771749396842,0.7086360875033157,12,RB2001.SHF,3724.0,3739.0,755702,-241.0,RB1907.SHF,3760.0,3760.0,3,205.0,RB2006.SHF,3511.0,3527.0,339,-249.0,-0.07193911474164133,-0.07443182136506071,714932.0,733131.0,20549.0,57153.0,34.0,287616.0,304128.0,-0.012567823361276409,0.40229840040731146,0.41483445659779766,16996.0,0.0,10.0
2019-07-15,RB1910.SHF,3957.0,4031.0,3921.0,4030.0,3964.0,3965.0,3992.0,38.0,-28.0,3686056,14613404.626,2520808,-38478.0,92,0.8668850700952713,0.7018390642027019,12,RB2001.SHF,3782.0,3728.0,772004,-248.0,RB1908.SHF,4097.0,4047.0,31,-67.0,RB2006.SHF,3558.0,3520.0,336,-539.0,-0.1574402701696963,-0.16880521115474775,705857.0,708286.0,5010.0,-18764.0,34.0,291359.0,298689.0,-0.0017176480737803744,0.4127734087782653,0.4217067681699201,16996.0,0.0,10.0
2019-07-16,RB1910.SHF,4029.0,4064.0,4019.0,4037.0,4039.0,4030.0,3964.0,73.0,75.0,2872668,11603433.654,2480884,-39924.0,91,0.8534818537641028,0.7071438262687854,12,RB2001.SHF,3785.0,3786.0,749616,-252.0,RB1908.SHF,4115.0,4122.0,30,-78.0,RB2007.SHF,3540.0,3577.0,365,-575.0,-0.15224606010046968,-0.1639908031311127,701078.0,713518.0,-1246.0,5232.0,35.0,300976.0,298544.0,-0.008794030239022307,0.4293045852244686,0.4184113084743482,16996.0,0.0,10.0
2019-07-17,RB1910.SHF,4026.0,4068.0,4009.0,4052.0,4035.0,4037.0,4039.0,13.0,-4.0,2876118,11606740.482,2495554,14670.0,90,0.8566723279383459,0.7034897750234539,12,RB2001.SHF,3801.0,3788.0,774262,-251.0,RB1908.SHF,4120.0,4104.0,29,-68.0,RB2007.SHF,3553.0,3541.0,364,-567.0,-0.14994566004926824,-0.16132002659023562,709994.0,711996.0,8916.0,-1522.0,35.0,307731.0,301799.0,-0.0014078861314073938,0.4334276064304769,0.423877381333603,16996.0,0.0,10.0
2019-07-18,RB1910.SHF,4038.0,4050.0,3966.0,3968.0,4014.0,4052.0,4035.0,-67.0,-21.0,2683150,10772643.648,2455950,-39604.0,89,0.8695907221185845,0.6921737120825665,12,RB2001.SHF,3733.0,3769.0,801716,-235.0,RB1908.SHF,4070.0,4089.0,28,-102.0,RB2007.SHF,3520.0,3535.0,363,-550.0,-0.14723678902783377,-0.15818338386042302,660516.0,706995.0,-45782.0,4352.0,33.0,272452.0,295351.0,-0.03398802642172531,0.4124835734486371,0.4177554296706483,16996.0,0.0,10.0
2019-07-19,RB1910.SHF,3958.0,4006.0,3942.0,4001.0,3970.0,3968.0,4014.0,-13.0,-44.0,2808834,11151072.13,2374568,-81382.0,88,0.8528349252442519,0.6785251580036815,12,RB2001.SHF,3776.0,3738.0,825500,-225.0,RB1908.SHF,4080.0,4060.0,27,-79.0,RB2007.SHF,3550.0,3516.0,362,-530.0,-0.14153497219783434,-0.15161052387758878,632738.0,688175.0,-21294.0,-12847.0,34.0,240301.0,305121.0,-0.04196869892263912,0.37977962442590774,0.44337704798924693,15510.0,-1486.0,10.0
2019-07-22,RB1910.SHF,3999.0,4007.0,3930.0,3948.0,3963.0,4001.0,3970.0,-22.0,-7.0,3875196,15358396.73,2459286,84718.0,85,0.8727274201365305,0.6890671021191322,12,RB2001.SHF,3726.0,3747.0,813128,-222.0,RB1908.SHF,4062.0,4060.0,24,-114.0,RB2007.SHF,3522.0,3525.0,359,-540.0,-0.14484446306135493,-0.15542076231559748,657409.0,716727.0,34128.0,28552.0,32.0,257722.0,333381.0,-0.0431674885164205,0.3920268812869918,0.4651436320942283,13719.0,-1791.0,10.0
2019-07-23,RB1910.SHF,3943.0,3980.0,3924.0,3941.0,3949.0,3948.0,3963.0,-22.0,-14.0,2641954,10433618.852,2466078,6792.0,84,0.8701182617356032,0.6846591776687121,12,RB2001.SHF,3721.0,3730.0,829526,-220.0,RB1908.SHF,4049.0,4037.0,23,-108.0,RB2007.SHF,3506.0,3512.0,358,-543.0,-0.14611678579195891,-0.15688914910778556,642331.0,722478.0,-12405.0,8846.0,33.0,244291.0,343537.0,-0.0587239679691444,0.38031949259805303,0.47549821586262836,0.0,-13719.0,10.0
2019-07-24,RB1910.SHF,3930.0,3930.0,3878.0,3899.0,3901.0,3941.0,3949.0,-50.0,-48.0,3165788,12352209.662,2547920,81842.0,83,0.8536595757302837,0.680755651811941,12,RB2001.SHF,3684.0,3689.0,861380,-215.0,RB1908.SHF,4035.0,4031.0,22,-136.0,RB2007.SHF,3487.0,3490.0,357,-548.0,-0.1479738852207365,-0.15903598483691134,657284.0,745020.0,17270.0,27741.0,33.0,246758.0,345918.0,-0.06256560631646205,0.3754206705168542,0.46430699846983975,0.0,0.0,10.0
2019-07-25,RB1910.SHF,3890.0,3948.0,3885.0,3940.0,3918.0,3899.0,3901.0,39.0,17.0,3037812,11904919.822,2537830,-10090.0,82,0.8780960727772215,0.6746106640282962,12,RB2001.SHF,3716.0,3699.0,893678,-224.0,RB1908.SHF,4060.0,4063.0,21,-120.0,RB2007.SHF,3508.0,3494.0,356,-552.0,-0.14813616645834868,-0.15922378559060363,662477.0,722608.0,13355.0,-10180.0,34.0,242919.0,326885.0,-0.04341322012728461,0.36668291880321885,0.4523683656975843,0.0,0.0,10.0
2019-07-26,RB1910.SHF,3950.0,3974.0,3926.0,3940.0,3950.0,3940.0,3918.0,22.0,32.0,2743862,10839110.48,2404082,-133748.0,81,0.7887952099554182,0.6450018887930183,12,RB2001.SHF,3685.0,3709.0,978762,-255.0,RB1908.SHF,4078.0,4085.0,20,-138.0,RB2007.SHF,3478.0,3496.0,355,-600.0,-0.16030685220293822,-0.17340142841899353,650624.0,698265.0,-9923.0,-16715.0,34.0,244747.0,334263.0,-0.03531869560801519,0.3761727203423175,0.4787050761530365,0.0,0.0,10.0
2019-07-29,RB1910.SHF,3930.0,3945.0,3875.0,3877.0,3907.0,3940.0,3950.0,-73.0,-43.0,2575014,10061822.116,2608632,204550.0,78,0.8175639077500827,0.6508098474011086,12,RB2001.SHF,3650.0,3671.0,1040694,-227.0,RB1908.SHF,4070.0,4069.0,17,-193.0,RB2007.SHF,3462.0,3471.0,352,-608.0,-0.16276357768895078,-0.1762857853303803,687780.0,767705.0,40188.0,79959.0,36.0,265834.0,364311.0,-0.05491296715527814,0.3865102212916921,0.47454556112048246,0.0,0.0,10.0
2019-07-30,RB1910.SHF,3880.0,3925.0,3866.0,3886.0,3895.0,3877.0,3907.0,-21.0,-12.0,2803966,10922483.896,2596252,-12380.0,77,0.8327678521575602,0.6441005274859842,12,RB2001.SHF,3651.0,3661.0,1071490,-235.0,RB1908.SHF,4051.0,4063.0,16,-165.0,RB2007.SHF,3463.0,3470.0,351,-588.0,-0.15814779472177495,-0.17087284197641203,682367.0,775895.0,-5413.0,17952.0,34.0,260082.0,367722.0,-0.06413662291138356,0.38114680223398845,0.4739326841905155,0.0,0.0,10.0
2019-07-31,RB1910.SHF,3871.0,3932.0,3867.0,3891.0,3907.0,3886.0,3895.0,-4.0,12.0,2938908,11483197.486,2560900,-35352.0,76,0.8401195814306892,0.6402656568692112,12,RB2001.SHF,3657.0,3671.0,1079646,-234.0,RB1908.SHF,4084.0,4064.0,15,-193.0,RB2007.SHF,3472.0,3486.0,350,-612.0,-0.16327276448316688,-0.1768845605345525,678989.0,778136.0,73.0,22375.0,34.0,256528.0,366289.0,-0.06804289268250836,0.37780877157067344,0.4707261969629988,0.0,0.0,10.0
2019-08-01,RB1910.SHF,3888.0,3904.0,3846.0,3846.0,3878.0,3891.0,3907.0,-61.0,-29.0,2829316,10973816.144,2745358,184458.0,75,0.8087702177118332,0.6470783449587975,12,RB2001.SHF,3635.0,3659.0,1120434,-211.0,RB1908.SHF,4064.0,4064.0,14,-218.0,RB2007.SHF,3465.0,3477.0,349,-599.0,-0.160590991890939,-0.17373463682544685,716976.0,817133.0,39516.0,53587.0,37.0,272421.0,375153.0,-0.06528675602581042,0.3799583249648524,0.4591088598796034,0.0,0.0,10.0
2019-08-02,RB1910.SHF,3839.0,3845.0,3724.0,3816.0,3805.0,3846.0,3878.0,-62.0,-73.0,4111132,15644038.826,2582178,-163180.0,74,0.8019442671506397,0.6340666259372832,12,RB2001.SHF,3590.0,3594.0,1106826,-226.0,RB1908.SHF,4057.0,4057.0,13,-241.0,RB2007.SHF,3451.0,3438.0,348,-606.0,-0.1627480051063392,-0.17626747802860301,672721.0,730507.0,-29436.0,-57798.0,33.0,256111.0,340567.0,-0.041180763211680495,0.3807090903955726,0.4662063470986589,0.0,0.0,10.0
2019-08-05,RB1910.SHF,3817.0,3834.0,3736.0,3753.0,3778.0,3816.0,3805.0,-52.0,-27.0,3424546,12939716.886,2618142,35964.0,71,0.7911133144580629,0.6316087345447597,12,RB2001.SHF,3525.0,3553.0,1116506,-228.0,RB1908.SHF,3950.0,4003.0,10,-197.0,RB2007.SHF,3398.0,3409.0,345,-552.0,-0.15226147742301155,-0.16400872482716702,687257.0,755178.0,15269.0,30519.0,36.0,262586.0,334992.0,-0.04708773705574255,0.38207832004621267,0.44359343095270254,0.0,0.0,10.0
2019-08-06,RB1910.SHF,3753.0,3773.0,3707.0,3707.0,3744.0,3753.0,3778.0,-71.0,-34.0,2847802,10662397.284,2693516,75374.0,70,0.7902057619106551,0.6258317460125682,12,RB2001.SHF,3497.0,3521.0,1198322,-210.0,RB1908.SHF,3990.0,3990.0,9,-283.0,RB2007.SHF,3385.0,3394.0,344,-605.0,-0.165207795608424,-0.1791630550931338,712107.0,782541.0,24850.0,42673.0,35.0,275135.0,344564.0,-0.047124138927694015,0.3863674981428353,0.44031430940998617,0.0,0.0,10.0
2019-08-07,RB1910.SHF,3700.0,3737.0,3686.0,3711.0,3711.0,3707.0,3744.0,-33.0,-33.0,3417292,12682901.522,2539706,-153810.0,69,0.7592325408099833,0.601551519377649,12,RB2001.SHF,3500.0,3505.0,1268194,-211.0,RB1908.SHF,3990.0,3990.0,8,-279.0,RB2007.SHF,3423.0,3420.0,343,-567.0,-0.15483110761979574,-0.16699988968390803,671162.0,742696.0,-40198.0,-26595.0,34.0,257019.0,327041.0,-0.05059489708301682,0.3829462931453211,0.4403430205629221,0.0,0.0,10.0
2019-08-08,RB1910.SHF,3707.0,3751.0,3662.0,3672.0,3714.0,3711.0,3711.0,-39.0,3.0,3368994,12514471.742,2611468,71762.0,68,0.7696915973470838,0.5790877465615759,12,RB2001.SHF,3477.0,3507.0,1435482,-195.0,RB1908.SHF,3990.0,3990.0,7,-318.0,RB2007.SHF,3379.0,3397.0,342,-611.0,-0.16684622002768107,-0.18109602822958504,707305.0,753768.0,36580.0,26095.0,34.0,279540.0,342621.0,-0.03180060133887903,0.3952184701083691,0.45454436908969337,890.0,890.0,10.0
2019-08-09,RB1910.SHF,3688.0,3690.0,3538.0,3591.0,3618.0,3672.0,3714.0,-123.0,-96.0,4505230,16300592.354,2518638,-92830.0,67,0.7608098724268882,0.5648302596977959,12,RB2001.SHF,3405.0,3442.0,1455640,-186.0,RB1908.SHF,3990.0,3990.0,6,-399.0,RB2007.SHF,3329.0,3350.0,341,-661.0,-0.18049975685482364,-0.1973389086350529,712613.0,754066.0,13483.0,5867.0,35.0,284117.0,337806.0,-0.028263171423331214,0.39869746973462455,0.4479793545923036,1484.0,594.0,10.0
2019-08-12,RB1910.SHF,3584.0,3683.0,3546.0,3677.0,3600.0,3591.0,3618.0,59.0,-18.0,4188360,15081244.262,2308330,-210308.0,64,0.7458397365923325,0.5319865335384768,12,RB2001.SHF,3451.0,3405.0,1542748,-226.0,RB1908.SHF,3990.0,3990.0,3,-313.0,RB2007.SHF,3345.0,3322.0,338,-645.0,-0.176130625070138,-0.1921147943951546,643056.0,643729.0,-66405.0,-90786.0,33.0,250210.0,279692.0,-0.0005230088942597248,0.3890951954417656,0.43448718327122127,1781.0,297.0,10.0
2019-08-13,RB1910.SHF,3678.0,3705.0,3643.0,3677.0,3674.0,3677.0,3600.0,77.0,74.0,3050458,11208418.614,2229472,-78858.0,63,0.7061023078903071,0.5088949889591569,12,RB2001.SHF,3440.0,3450.0,1661770,-237.0,RB1908.SHF,3990.0,3990.0,2,-313.0,RB2007.SHF,3344.0,3351.0,337,-646.0,-0.17640369580668086,-0.19244056872522586,628962.0,623954.0,-12057.0,-7564.0,37.0,261406.0,277096.0,0.003997075621989024,0.4156149338115816,0.4440968404722143,1781.0,0.0,10.0
2019-08-14,RB1910.SHF,3683.0,3740.0,3658.0,3670.0,3695.0,3677.0,3674.0,-4.0,21.0,3466926,12810297.212,2200240,-29232.0,62,0.7185201857291011,0.5035948170181833,12,RB2001.SHF,3451.0,3463.0,1676162,-219.0,RB1908.SHF,3990.0,3990.0,1,-320.0,RB2007.SHF,3350.0,3359.0,336,-640.0,-0.17476527138742376,-0.19048738223477885,609067.0,642806.0,-18829.0,18852.0,37.0,248014.0,291952.0,-0.026950816895963087,0.40720314842209476,0.4541836883912098,1781.0,0.0,10.0
2019-08-15,RB1910.SHF,3676.0,3733.0,3668.0,3715.0,3700.0,3670.0,3695.0,20.0,5.0,3579628,13247727.842,2070970,-129270.0,61,0.7195220590600055,0.4907142068441288,12,RB2001.SHF,3470.0,3462.0,1649640,-245.0,RB1909.SHF,3780.0,3783.0,32,-65.0,RB2007.SHF,3351.0,3352.0,335,-429.0,-0.13671486196238677,-0.14511484594012508,581494.0,599674.0,-25529.0,-40368.0,39.0,239500.0,265456.0,-0.015391544640559175,0.411870113879077,0.44266718250249304,1781.0,0.0,10.0
2019-08-16,RB1910.SHF,3711.0,3733.0,3692.0,3715.0,3714.0,3715.0,3700.0,15.0,14.0,2097852,7791862.916,2055080,-15890.0,60,0.7131204381547029,0.4827574218421494,12,RB2001.SHF,3459.0,3464.0,1686938,-256.0,RB1909.SHF,3776.0,3785.0,31,-61.0,RB2008.SHF,3340.0,3349.0,367,-436.0,-0.1254319259483454,-0.13328414009686157,579869.0,583426.0,179.0,-12777.0,37.0,241218.0,257136.0,-0.00305769387816504,0.4159870591461175,0.44073455759599334,1781.0,0.0,10.0
2019-08-19,RB1910.SHF,3707.0,3753.0,3698.0,3747.0,3729.0,3715.0,3714.0,33.0,15.0,2417568,9015660.994,1936586,-118494.0,57,0.7294896220761641,0.4639456121294649,12,RB2001.SHF,3470.0,3465.0,1710266,-277.0,RB1909.SHF,3790.0,3785.0,28,-43.0,RB2008.SHF,3336.0,3333.0,364,-454.0,-0.13012784269380573,-0.13860607181014772,549486.0,560264.0,-29270.0,-21739.0,39.0,231893.0,252521.0,-0.00971209731921604,0.4220180313966143,0.45071787585852385,1781.0,0.0,10.0
2019-08-20,RB1910.SHF,3755.0,3766.0,3695.0,3699.0,3726.0,3747.0,3729.0,-30.0,-3.0,2024620,7544344.244,1906932,-29654.0,56,0.6608250733735104,0.4489778620357434,12,RB2001.SHF,3435.0,3463.0,1789822,-264.0,RB1909.SHF,3756.0,3786.0,27,-57.0,RB2008.SHF,3307.0,3313.0,363,-449.0,-0.1298596848217455,-0.1383014627423264,516353.0,555918.0,-26590.0,2224.0,39.0,196826.0,257030.0,-0.03689832141315022,0.38118496454944584,0.46235236131947516,2375.0,594.0,10.0
2019-08-21,RB2001.SHF,3427.0,3437.0,3366.0,3426.0,3402.0,3435.0,3463.0,-37.0,-61.0,1648498,5608995.512,1992602,202780.0,147,0.36772960765645873,0.46574642533082083,12,RB1910.SHF,3686.0,3667.0,1702558,260.0,RB1909.SHF,3749.0,3726.0,26,-323.0,RB2008.SHF,3262.0,3268.0,362,-487.0,-0.1411130269659211,-0.15115848585582678,593073.0,642815.0,59933.0,70922.0,32.0,272469.0,290563.0,-0.04024798363605764,0.4594189922657076,0.4520165210830488,2375.0,0.0,10.0
2019-08-22,RB2001.SHF,3420.0,3438.0,3360.0,3418.0,3406.0,3426.0,3402.0,16.0,4.0,2055498,7002144.206,2165168,172566.0,146,0.47048431892893816,0.4890289835039494,12,RB1910.SHF,3715.0,3687.0,1652062,297.0,RB1909.SHF,3752.0,3744.0,25,-334.0,RB2008.SHF,3255.0,3236.0,361,-497.0,-0.14389547796730634,-0.15436105878410022,643436.0,706659.0,55003.0,72818.0,35.0,290983.0,311957.0,-0.0468285565089864,0.4522330115194052,0.4414533742583056,2375.0,0.0,10.0
2019-08-23,RB2001.SHF,3432.0,3462.0,3410.0,3446.0,3437.0,3418.0,3406.0,40.0,31.0,1944648,6685594.054,2270896,105728.0,145,0.5475133327439579,0.5163309944658424,12,RB1910.SHF,3715.0,3720.0,1529436,269.0,RB1909.SHF,3778.0,3770.0,24,-332.0,RB2008.SHF,3245.0,3240.0,360,-533.0,-0.1532564786105019,-0.1652053211517605,673079.0,739682.0,29643.0,37924.0,36.0,300745.0,315712.0,-0.047143855188528,0.44681976409901364,0.4268212556206586,2375.0,0.0,10.0
2019-08-26,RB2001.SHF,3430.0,3467.0,3367.0,3372.0,3407.0,3446.0,3437.0,-65.0,-30.0,2803968,9554742.536,2456260,185364.0,142,0.6525365904062064,0.5599163314590887,12,RB1910.SHF,3663.0,3686.0,1302810,291.0,RB1909.SHF,3720.0,3728.0,21,-348.0,RB2008.SHF,3212.0,3233.0,357,-508.0,-0.14834549411162318,-0.15950268855118185,697405.0,803099.0,30783.0,79869.0,37.0,320319.0,347368.0,-0.07043899916294792,0.4593012668392111,0.4325344695983932,2375.0,0.0,10.0
2019-08-27,RB2001.SHF,3362.0,3377.0,3281.0,3281.0,3326.0,3372.0,3407.0,-126.0,-81.0,3268474,10872549.004,2831650,375390.0,141,0.7019864107579924,0.6033246615999881,12,RB1910.SHF,3575.0,3617.0,1172886,294.0,RB1909.SHF,3626.0,3682.0,20,-345.0,RB2008.SHF,3153.0,3183.0,356,-473.0,-0.1417055721902661,-0.15183970861890916,767516.0,892995.0,74193.0,100569.0,34.0,327913.0,382032.0,-0.075566497301132,0.4272393018516878,0.4278097861690155,2375.0,0.0,10.0
2019-08-28,RB2001.SHF,3281.0,3323.0,3244.0,3317.0,3286.0,3281.0,3326.0,-9.0,-40.0,3344346,10989863.482,2850708,19058.0,140,0.7525900235430091,0.6173485121481338,12,RB1910.SHF,3611.0,3584.0,1070166,294.0,RB1909.SHF,3645.0,3629.0,19,-328.0,RB2008.SHF,3161.0,3141.0,355,-484.0,-0.14424521523286954,-0.1547642716157928,772841.0,914622.0,7809.0,33154.0,34.0,329898.0,430926.0,-0.08402021259132793,0.42686399919258944,0.47115201689878444,2375.0,0.0,10.0
2019-08-29,RB2001.SHF,3315.0,3340.0,3259.0,3266.0,3304.0,3317.0,3286.0,-20.0,18.0,3373380,11146385.166,2995622,144914.0,139,0.8164186950195599,0.6372511354329536,12,RB1910.SHF,3587.0,3607.0,995118,321.0,RB1909.SHF,3604.0,3632.0,18,-338.0,RB2008.SHF,3123.0,3169.0,354,-481.0,-0.144981931451826,-0.1556141232960706,835246.0,919421.0,70719.0,10278.0,34.0,335736.0,386684.0,-0.04797206535485081,0.4019606199850104,0.4205733825962209,2375.0,0.0,10.0
2019-08-30,RB2001.SHF,3283.0,3350.0,3278.0,3350.0,3318.0,3266.0,3304.0,46.0,14.0,3598878,11942382.874,2898978,-96644.0,138,0.8313988812350677,0.6444802812880989,12,RB1910.SHF,3644.0,3621.0,899910,294.0,RB1909.SHF,3612.0,3625.0,17,-262.0,RB2008.SHF,3170.0,3166.0,353,-442.0,-0.13293156409850765,-0.14179603392239784,822703.0,935059.0,-7957.0,28748.0,35.0,345872.0,444911.0,-0.06391991634817455,0.4204093093133245,0.4758106172979459,2375.0,0.0,10.0
2019-09-02,RB2001.SHF,3341.0,3413.0,3325.0,3407.0,3369.0,3350.0,3318.0,89.0,51.0,3842376,12945208.09,2877830,-21148.0,135,0.845562792187958,0.6593746248124636,12,RB1910.SHF,3702.0,3667.0,809460,295.0,RB1909.SHF,3700.0,3700.0,14,-293.0,RB2008.SHF,3234.0,3212.0,350,-466.0,-0.13681628056628062,-0.1462314474725335,823332.0,895621.0,5709.0,-28295.0,38.0,363734.0,434841.0,-0.042054087575402,0.4417829016727153,0.48551898626762885,2375.0,0.0,10.0
2019-09-03,RB2001.SHF,3407.0,3415.0,3383.0,3403.0,3398.0,3407.0,3369.0,34.0,29.0,2620472,8906962.846,2829992,-47838.0,134,0.85954032715691,0.663486922002789,12,RB1910.SHF,3714.0,3705.0,750560,311.0,RB1909.SHF,3693.0,3696.0,13,-290.0,RB2008.SHF,3208.0,3224.0,349,-485.0,-0.14266453264219306,-0.1529430885153205,808935.0,891798.0,-12588.0,2913.0,36.0,348912.0,417776.0,-0.048721933425176084,0.4313226649854438,0.4684648317219819,3855.0,1480.0,10.0
2019-09-04,RB2001.SHF,3395.0,3443.0,3380.0,3423.0,3415.0,3403.0,3398.0,25.0,17.0,3164842,10809271.504,2743802,-86190.0,133,0.8542899915403523,0.6660515440693832,12,RB1910.SHF,3746.0,3728.0,688666,323.0,RB1909.SHF,3696.0,3696.0,12,-273.0,RB2008.SHF,3217.0,3212.0,348,-479.0,-0.14078524402185116,-0.1507818318920541,771918.0,858886.0,-35284.0,-21334.0,37.0,335744.0,390050.0,-0.05332829696272513,0.4349477535178607,0.4541347745800956,3855.0,0.0,10.0
2019-09-05,RB2001.SHF,3429.0,3474.0,3418.0,3439.0,3450.0,3423.0,3415.0,24.0,35.0,3690626,12733151.57,2823874,80072.0,132,0.8593283008675648,0.6818329763047639,12,RB2005.SHF,3263.0,3276.0,662944,-176.0,RB1909.SHF,3785.0,3785.0,11,-346.0,RB2008.SHF,3229.0,3237.0,347,-556.0,-0.15957413348430521,-0.17258568219150294,787398.0,890391.0,17641.0,33087.0,34.0,337145.0,403403.0,-0.06138614569531687,0.42817609391946637,0.45306275557592113,8605.0,4750.0,10.0
2019-09-06,RB2001.SHF,3430.0,3448.0,3384.0,3387.0,3420.0,3439.0,3450.0,-63.0,-30.0,2802696,9586689.548,2689382,-134492.0,131,0.8750544041272829,0.6763790866834367,12,RB2005.SHF,3217.0,3247.0,680648,-170.0,RB1909.SHF,3770.0,3770.0,10,-383.0,RB2008.SHF,3188.0,3212.0,346,-582.0,-0.16770083364910954,-0.18215372855405368,727078.0,836028.0,-40653.0,-41576.0,34.0,292991.0,354849.0,-0.06970096717689012,0.4029705203568255,0.4244463104106561,8605.0,0.0,10.0
2019-09-09,RB2001.SHF,3411.0,3502.0,3398.0,3497.0,3447.0,3387.0,3420.0,77.0,27.0,5035210,17360521.82,2834242,144860.0,128,0.874217273951773,0.6995882803050872,12,RB2005.SHF,3297.0,3263.0,677432,-200.0,RB1909.SHF,3765.0,3767.0,7,-268.0,RB2008.SHF,3261.0,3229.0,343,-504.0,-0.14541832669322702,-0.1561178482806735,796158.0,873067.0,78882.0,38862.0,36.0,342302.0,396035.0,-0.04607467537330198,0.42994229788559557,0.453613525651525,9792.0,1187.0,10.0
2019-09-10,RB2001.SHF,3500.0,3509.0,3465.0,3479.0,3485.0,3497.0,3447.0,32.0,38.0,2477584,8634805.948,2712834,-121408.0,127,0.8644847845368717,0.6945043500700435,12,RB2005.SHF,3284.0,3290.0,693764,-195.0,RB1909.SHF,3785.0,3781.0,6,-306.0,RB2008.SHF,3239.0,3245.0,342,-546.0,-0.15670409511228536,-0.16922665192136982,735535.0,849029.0,-60623.0,-24038.0,36.0,307593.0,377228.0,-0.07162474977343926,0.41818948112598314,0.44430520041129334,12816.0,3024.0,10.0
2019-09-11,RB2001.SHF,3479.0,3499.0,3458.0,3481.0,3476.0,3479.0,3485.0,-4.0,-9.0,2930314,10187325.226,2722682,9848.0,126,0.9031512594682026,0.7001500753977152,12,RB2005.SHF,3279.0,3278.0,698926,-202.0,RB1909.SHF,3770.0,3770.0,5,-289.0,RB2008.SHF,3239.0,3238.0,341,-531.0,-0.15300539977264122,-0.16491304126135542,728116.0,861103.0,-7213.0,12074.0,35.0,295365.0,373266.0,-0.08368072619318043,0.40565651626938565,0.4334742765964118,18917.0,6101.0,10.0
2019-09-12,RB2001.SHF,3486.0,3549.0,3467.0,3549.0,3502.0,3481.0,3476.0,73.0,26.0,3077504,10780218.494,2788204,65522.0,125,0.8880173361534399,0.7158436863766018,12,RB2005.SHF,3335.0,3298.0,684102,-214.0,RB1909.SHF,3799.0,3789.0,4,-250.0,RB2008.SHF,3277.0,3255.0,340,-522.0,-0.14926390403489642,-0.16056687243576193,771382.0,848284.0,50443.0,-6481.0,35.0,332208.0,355919.0,-0.04748015948967256,0.4306659994658937,0.41957528374931036,18917.0,0.0,10.0
2019-09-16,RB2001.SHF,3561.0,3575.0,3531.0,3564.0,3553.0,3549.0,3502.0,62.0,51.0,2161624,7680316.892,2851190,62986.0,121,0.8710325263531157,0.7304495436723869,12,RB2005.SHF,3358.0,3345.0,663104,-206.0,RB1910.SHF,3840.0,3838.0,29,-276.0,RB2008.SHF,3306.0,3293.0,336,-534.0,-0.1653348941368078,-0.17802175579248566,814026.0,845098.0,44421.0,8827.0,35.0,362314.0,352896.0,-0.018727955234207932,0.4450889775019471,0.41757997297354865,18917.0,0.0,10.0
2019-09-17,RB2001.SHF,3568.0,3571.0,3511.0,3533.0,3540.0,3564.0,3553.0,-20.0,-13.0,2636330,9332889.868,2783088,-68102.0,120,0.8662762996625363,0.7312585131249264,12,RB2005.SHF,3337.0,3354.0,675490,-196.0,RB1910.SHF,3823.0,3827.0,28,-290.0,RB2009.SHF,3271.0,3273.0,364,-552.0,-0.15685138821419228,-0.16939878793952542,786182.0,844493.0,-18551.0,461.0,34.0,343149.0,349928.0,-0.03575881153510049,0.4364752690852754,0.414364595088414,18917.0,0.0,10.0
2019-09-18,RB2001.SHF,3529.0,3535.0,3487.0,3493.0,3513.0,3533.0,3540.0,-47.0,-27.0,2954536,10381827.104,2733366,-49722.0,119,0.9075008508196741,0.7297137118152942,12,RB2005.SHF,3309.0,3324.0,700022,-184.0,RB1910.SHF,3810.0,3817.0,27,-317.0,RB2009.SHF,3246.0,3256.0,363,-564.0,-0.1608080239970004,-0.17403299945496042,753074.0,846220.0,-21635.0,1727.0,35.0,326679.0,346990.0,-0.058241949260111024,0.4337940228981481,0.4100470326865354,18917.0,0.0,10.0
2019-09-19,RB2001.SHF,3487.0,3492.0,3389.0,3397.0,3447.0,3493.0,3513.0,-116.0,-66.0,4368150,15060297.078,2863260,129894.0,118,0.9053175632208302,0.737256255037117,12,RB2005.SHF,3231.0,3270.0,748430,-166.0,RB1910.SHF,3741.0,3777.0,26,-344.0,RB2009.SHF,3191.0,3203.0,362,-550.0,-0.1597086976998765,-0.17274342840926918,742806.0,880647.0,-3726.0,75132.0,35.0,316507.0,366241.0,-0.0849060613396261,0.4260964504863989,0.41587719029304593,18917.0,0.0,10.0
2019-09-20,RB2001.SHF,3392.0,3403.0,3371.0,3388.0,3388.0,3397.0,3447.0,-59.0,-59.0,2908174,9853332.124,2890054,26794.0,117,0.9014021730303464,0.7418700011346036,12,RB2005.SHF,3219.0,3222.0,768652,-169.0,RB1910.SHF,3691.0,3706.0,25,-303.0,RB2009.SHF,3168.0,3174.0,361,-523.0,-0.1539257331217504,-0.16598478209798792,739377.0,901819.0,3429.0,24690.0,37.0,314586.0,371974.0,-0.09897781861520501,0.4254744196803525,0.41247079513738344,18917.0,0.0,10.0
2019-09-23,RB2001.SHF,3388.0,3513.0,3381.0,3510.0,3454.0,3388.0,3388.0,122.0,66.0,4535422,15666711.65,2829956,-60098.0,114,0.9055442503390234,0.7501512254162609,12,RB2005.SHF,3316.0,3268.0,738132,-194.0,RB1910.SHF,3774.0,3722.0,22,-264.0,RB2009.SHF,3244.0,3216.0,358,-530.0,-0.15255539152597972,-0.164389385128021,774118.0,812798.0,48604.0,-77983.0,36.0,369265.0,334635.0,-0.024374321010059763,0.4770138402672461,0.41170745991008834,18917.0,0.0,10.0
2019-09-24,RB2001.SHF,3518.0,3548.0,3467.0,3477.0,3516.0,3510.0,3454.0,23.0,62.0,4891038,17198076.99,2957148,127192.0,113,0.9090668819712863,0.769699361158078,12,RB2005.SHF,3292.0,3323.0,700670,-185.0,RB1910.SHF,3759.0,3785.0,21,-282.0,RB2009.SHF,3223.0,3248.0,357,-536.0,-0.15489808586376824,-0.1671182501139588,859153.0,838853.0,90085.0,28717.0,36.0,434340.0,344382.0,0.011955199216021615,0.5055444140915529,0.41053915286706966,18027.0,-890.0,10.0
2019-09-25,RB2001.SHF,3490.0,3513.0,3480.0,3498.0,3495.0,3477.0,3516.0,-18.0,-21.0,3067474,10721065.612,2881758,-75390.0,112,0.9353822978733785,0.7675501959255163,12,RB2005.SHF,3307.0,3305.0,696976,-191.0,RB1910.SHF,3769.0,3771.0,20,-271.0,RB2009.SHF,3241.0,3240.0,356,-528.0,-0.1521813288860251,-0.1639542958209513,825464.0,830910.0,-27702.0,-3507.0,36.0,398087.0,348231.0,-0.0032879047847889425,0.4822584631189246,0.4190959309672528,18027.0,0.0,10.0
2019-09-26,RB2001.SHF,3500.0,3511.0,3433.0,3445.0,3474.0,3498.0,3495.0,-50.0,-21.0,4803740,16688641.528,2783634,-98124.0,111,0.9260075310616777,0.7643931584407625,12,RB2005.SHF,3260.0,3288.0,704486,-185.0,RB1910.SHF,3715.0,3745.0,19,-270.0,RB2009.SHF,3205.0,3225.0,355,-510.0,-0.14912997500480674,-0.1604116206724331,759063.0,823757.0,-63478.0,12964.0,36.0,343122.0,349767.0,-0.04087261975461518,0.4520336256674347,0.42459973026025877,18027.0,0.0,10.0
2019-09-27,RB2001.SHF,3447.0,3454.0,3415.0,3437.0,3434.0,3445.0,3474.0,-37.0,-40.0,2486410,8538723.972,2643388,-140246.0,110,0.9081164038092233,0.7583564756374653,12,RB2005.SHF,3250.0,3251.0,714588,-187.0,RB1910.SHF,3672.0,3692.0,18,-235.0,RB2009.SHF,3191.0,3194.0,354,-481.0,-0.14229708086938486,-0.15252016605261975,704597.0,801678.0,-54466.0,-16911.0,36.0,293944.0,344143.0,-0.0644510464556605,0.41718031725936955,0.429278338684609,18027.0,0.0,10.0
2019-09-30,RB2001.SHF,3434.0,3580.0,3434.0,3470.0,3485.0,3437.0,3434.0,36.0,51.0,3226086,11244365.248,2427578,-215810.0,107,0.9143301703907765,0.753669343672113,12,RB2005.SHF,3281.0,3296.0,697148,-189.0,RB1910.SHF,3653.0,3691.0,15,-183.0,RB2009.SHF,3216.0,3231.0,351,-437.0,-0.1299527133601867,-0.13840712714641465,654216.0,744840.0,-48440.0,-50943.0,35.0,271519.0,327076.0,-0.06477510549970837,0.4150295926727564,0.43912249610654636,18317.0,290.0,10.0
2019-10-08,RB2001.SHF,3458.0,3458.0,3402.0,3404.0,3427.0,3470.0,3485.0,-81.0,-58.0,2568022,8802318.474,2672362,244784.0,99,0.9232806382374408,0.7677515625879836,12,RB2005.SHF,3232.0,3245.0,719006,-172.0,RB1910.SHF,3649.0,3660.0,7,-245.0,RB2009.SHF,3179.0,3184.0,343,-470.0,-0.13991928643202964,-0.1497873915680369,709677.0,846799.0,57901.0,109336.0,36.0,283992.0,370880.0,-0.08809772845838934,0.4001707819190984,0.43797878835473353,17121.0,-1196.0,10.0
2019-10-09,RB2001.SHF,3405.0,3432.0,3390.0,3413.0,3411.0,3404.0,3427.0,-14.0,-16.0,3360416,11464296.386,2885712,213350.0,98,0.9191489734158131,0.7741661323510869,12,RB2005.SHF,3235.0,3236.0,761226,-178.0,RB1910.SHF,3632.0,3642.0,6,-219.0,RB2009.SHF,3185.0,3183.0,342,-447.0,-0.1336950322529893,-0.1426663026069817,771088.0,879802.0,62153.0,43114.0,37.0,317860.0,372151.0,-0.06585175269097275,0.41222272944203514,0.42299403729475493,16509.0,-612.0,10.0
2019-10-10,RB2001.SHF,3426.0,3430.0,3385.0,3415.0,3412.0,3413.0,3411.0,4.0,1.0,3471906,11848374.304,2922546,36834.0,97,0.9170327060962667,0.7766276104640719,12,RB2005.SHF,3239.0,3236.0,769324,-176.0,RB1910.SHF,3585.0,3607.0,5,-170.0,RB2009.SHF,3189.0,3184.0,341,-396.0,-0.11999402271368795,-0.12715370951975305,757838.0,897619.0,-8030.0,20407.0,34.0,292952.0,384926.0,-0.08443650303209325,0.3865628274116632,0.42883004927480367,17695.0,1186.0,10.0
2019-10-11,RB2001.SHF,3415.0,3417.0,3372.0,3407.0,3397.0,3415.0,3412.0,-5.0,-15.0,3343992,11362188.286,2978670,56124.0,96,0.9293663229522348,0.7738980149745981,12,RB2005.SHF,3231.0,3227.0,798172,-176.0,RB1910.SHF,3603.0,3605.0,4,-196.0,RB2009.SHF,3187.0,3180.0,340,-416.0,-0.12542458004572904,-0.1332758352997804,760573.0,907551.0,3608.0,13100.0,37.0,289244.0,388354.0,-0.08810975682862905,0.38029748623735,0.42791424393780625,13174.0,-4521.0,10.0
2019-10-14,RB2001.SHF,3407.0,3439.0,3351.0,3352.0,3403.0,3407.0,3397.0,-45.0,6.0,3660176,12458649.096,3157694,179024.0,93,0.9264176292341071,0.7790293015441472,12,RB2005.SHF,3201.0,3237.0,825618,-151.0,RB1910.SHF,3645.0,3620.0,1,-293.0,RB2009.SHF,3163.0,3184.0,337,-482.0,-0.14364916062446922,-0.15407716879477684,829983.0,942807.0,69410.0,45211.0,36.0,326700.0,383219.0,-0.06364205574264295,0.3936225199793249,0.4064660105408636,28495.0,15321.0,10.0
2019-10-15,RB2001.SHF,3352.0,3365.0,3315.0,3346.0,3339.0,3352.0,3403.0,-57.0,-64.0,3460928,11556618.546,3237628,79934.0,92,0.9138627492710862,0.7760753402131839,12,RB2005.SHF,3203.0,3196.0,865358,-143.0,RB1911.SHF,3483.0,3498.0,31,-137.0,RB2009.SHF,3162.0,3156.0,336,-321.0,-0.11029214498524449,-0.11571008917296101,843674.0,989326.0,13691.0,57041.0,37.0,324432.0,420500.0,-0.07946099290780141,0.38454663768232755,0.42503684326501073,153191.0,124696.0,10.0
2019-10-16,RB2001.SHF,3343.0,3357.0,3281.0,3291.0,3323.0,3346.0,3339.0,-48.0,-16.0,3761066,12498940.418,3299954,62326.0,91,0.8881444129116599,0.7778445109576247,12,RB2005.SHF,3189.0,3199.0,864686,-102.0,RB1911.SHF,3452.0,3480.0,30,-161.0,RB2010.SHF,3092.0,3097.0,365,-360.0,-0.11362653707130632,-0.11999853585385732,840642.0,987851.0,-56.0,14733.0,34.0,304513.0,414175.0,-0.08050837492951846,0.36223862238622384,0.41926869538017375,152290.0,-901.0,10.0
2019-10-17,RB2001.SHF,3291.0,3330.0,3278.0,3324.0,3304.0,3291.0,3323.0,1.0,-19.0,3187284,10532575.68,3300736,782.0,90,0.8810751310161122,0.7703648381194219,12,RB2005.SHF,3203.0,3190.0,895502,-121.0,RB1911.SHF,3477.0,3477.0,29,-153.0,RB2010.SHF,3099.0,3090.0,364,-378.0,-0.11845002768727543,-0.1253969748965412,854919.0,965949.0,14277.0,-12072.0,36.0,326553.0,411217.0,-0.060976413446773736,0.38196951991943096,0.4257129517189831,149917.0,-2373.0,10.0
2019-10-18,RB2001.SHF,3325.0,3331.0,3256.0,3310.0,3293.0,3324.0,3304.0,6.0,-11.0,4195230,13818279.728,3363954,63218.0,89,0.9001337574779956,0.7655692144114686,12,RB2005.SHF,3189.0,3180.0,922996,-121.0,RB1911.SHF,3435.0,3440.0,28,-125.0,RB2010.SHF,3091.0,3090.0,363,-344.0,-0.10911381954854552,-0.11497201737725882,859874.0,1009964.0,4955.0,47086.0,35.0,340305.0,415859.0,-0.08026898586936408,0.3957614720296229,0.4117562606191904,136555.0,-13362.0,10.0
2019-10-21,RB2001.SHF,3314.0,3321.0,3276.0,3290.0,3296.0,3310.0,3293.0,-3.0,3.0,3073322,10130940.184,3359956,-3998.0,86,0.9258064788216468,0.7637541188707929,12,RB2005.SHF,3174.0,3177.0,925892,-116.0,RB1911.SHF,3444.0,3437.0,25,-154.0,RB2010.SHF,3077.0,3081.0,360,-367.0,-0.1161050149947128,-0.12276910129055682,870782.0,978246.0,12052.0,-27479.0,33.0,337189.0,396402.0,-0.058119184782491125,0.38722550535036326,0.4052170926331414,112761.0,-23794.0,10.0
2019-10-22,RB2001.SHF,3298.0,3325.0,3280.0,3318.0,3304.0,3290.0,3296.0,22.0,8.0,3502856,11576161.704,3401906,41950.0,85,0.9146091249522833,0.7633441951701999,12,RB2005.SHF,3192.0,3185.0,936710,-126.0,RB1911.SHF,3478.0,3449.0,24,-160.0,RB2010.SHF,3084.0,3081.0,359,-394.0,-0.1234282869722692,-0.1309968223412478,880026.0,988629.0,10977.0,13958.0,31.0,341778.0,411724.0,-0.058118272233237275,0.3883726162636104,0.4164595616758157,108547.0,-4214.0,10.0
2019-10-23,RB2001.SHF,3325.0,3351.0,3299.0,3312.0,3323.0,3318.0,3304.0,8.0,19.0,3859552,12828355.558,3373536,-28370.0,84,0.9210862060160115,0.7571947887777905,12,RB2005.SHF,3189.0,3196.0,958612,-123.0,RB1911.SHF,3487.0,3488.0,23,-175.0,RB2010.SHF,3089.0,3093.0,358,-398.0,-0.12435956152703649,-0.1320475794666578,874581.0,984828.0,-5445.0,-846.0,34.0,350086.0,420287.0,-0.05929142001571467,0.4002899674244009,0.4267618304922281,78244.0,-30303.0,10.0
2019-10-24,RB2001.SHF,3310.0,3327.0,3285.0,3318.0,3304.0,3312.0,3323.0,-5.0,-19.0,3710168,12261697.088,3413170,39634.0,83,0.9235269665130844,0.7636031143969492,12,RB2005.SHF,3192.0,3185.0,928790,-126.0,RB1911.SHF,3481.0,3466.0,22,-163.0,RB2010.SHF,3094.0,3085.0,357,-387.0,-0.12113091537429205,-0.12840902294813744,880582.0,1016134.0,8344.0,32680.0,35.0,347060.0,438522.0,-0.07146668241318152,0.3941257032280923,0.4315592234882407,77937.0,-307.0,10.0
2019-10-25,RB2001.SHF,3320.0,3345.0,3300.0,3344.0,3320.0,3318.0,3304.0,40.0,16.0,3143752,10437904.38,3326654,-86516.0,82,0.923203062550767,0.7557997247303307,12,RB2005.SHF,3210.0,3196.0,938426,-134.0,RB1911.SHF,3487.0,3485.0,21,-143.0,RB2010.SHF,3108.0,3101.0,356,-379.0,-0.11842279853956486,-0.12536642490645158,872530.0,971156.0,2896.0,-44978.0,35.0,346471.0,429732.0,-0.053493924670469914,0.3970877792167605,0.4424953354558897,77326.0,-611.0,10.0
2019-10-28,RB2001.SHF,3347.0,3366.0,3322.0,3327.0,3341.0,3344.0,3320.0,7.0,21.0,3043622,10170553.57,3248826,-77828.0,79,0.9239509698743648,0.7510357636077909,12,RB2005.SHF,3202.0,3210.0,938992,-125.0,RB1911.SHF,3487.0,3470.0,18,-160.0,RB2010.SHF,3101.0,3108.0,353,-386.0,-0.12061002700863331,-0.12782313899984715,844481.0,971449.0,-26436.0,5019.0,33.0,330236.0,410995.0,-0.06991899467490487,0.3910520189323383,0.42307419123391965,59183.0,-18143.0,10.0
2019-10-29,RB2001.SHF,3331.0,3359.0,3316.0,3348.0,3339.0,3327.0,3341.0,7.0,-2.0,2710598,9051838.84,3230372,-18454.0,78,0.9300840871299957,0.7508009170337343,12,RB2005.SHF,3216.0,3207.0,933604,-132.0,RB1911.SHF,3501.0,3484.0,17,-153.0,RB2010.SHF,3110.0,3105.0,352,-391.0,-0.121683783311378,-0.12903122167225622,853394.0,947166.0,8913.0,-23841.0,34.0,333513.0,408679.0,-0.05207935309014973,0.39080776288560737,0.4314755808379946,58291.0,-892.0,10.0
2019-10-30,RB2001.SHF,3351.0,3376.0,3330.0,3373.0,3351.0,3348.0,3339.0,34.0,12.0,3414488,11442048.838,3252258,21886.0,77,0.9216887113318577,0.7486361263317622,12,RB2005.SHF,3228.0,3213.0,948704,-145.0,RB1911.SHF,3484.0,3468.0,16,-111.0,RB2010.SHF,3113.0,3106.0,351,-371.0,-0.11602292784070464,-0.12267722730966155,865378.0,944709.0,12051.0,7715.0,31.0,338267.0,413267.0,-0.04382717515787915,0.3908892992426431,0.4374542848644397,38090.0,-20201.0,10.0
2019-10-31,RB2001.SHF,3380.0,3390.0,3357.0,3367.0,3374.0,3373.0,3351.0,16.0,23.0,2997816,10114752.096,3195424,-56834.0,76,0.922345892939775,0.7438733455379108,12,RB2005.SHF,3218.0,3227.0,956336,-149.0,RB1911.SHF,3435.0,3494.0,15,-68.0,RB2010.SHF,3107.0,3111.0,350,-328.0,-0.10403875817419456,-0.10934669483922942,853116.0,941749.0,-12262.0,6326.0,32.0,334275.0,400157.0,-0.04938142980112711,0.3918283093975497,0.4249083354481927,34213.0,-3877.0,10.0
2019-11-01,RB2001.SHF,3363.0,3381.0,3343.0,3380.0,3364.0,3367.0,3374.0,6.0,-10.0,2748396,9246463.312,3122684,-72740.0,75,0.9199282371921462,0.7381404542375157,12,RB2005.SHF,3231.0,3220.0,960586,-149.0,RB1911.SHF,3494.0,3494.0,14,-114.0,RB2010.SHF,3115.0,3106.0,349,-379.0,-0.11818554622423082,-0.12510027375356308,835499.0,930415.0,-14782.0,-9398.0,33.0,327536.0,399949.0,-0.05374893681119239,0.39202440697116336,0.42986086853715816,33919.0,-294.0,10.0
2019-11-04,RB2001.SHF,3375.0,3387.0,3359.0,3382.0,3375.0,3380.0,3364.0,18.0,11.0,2725220,9198603.482,3176612,53928.0,72,0.9145094933523044,0.7382309018393188,12,RB2005.SHF,3226.0,3226.0,975706,-156.0,RB1911.SHF,3509.0,3509.0,11,-127.0,RB2010.SHF,3108.0,3108.0,346,-401.0,-0.12451138437195612,-0.132218977298275,848742.0,934338.0,25476.0,6555.0,32.0,318750.0,402695.0,-0.04800457635103304,0.3755558226174739,0.4309949932465553,28277.0,-5642.0,10.0
2019-11-05,RB2001.SHF,3383.0,3435.0,3368.0,3434.0,3398.0,3382.0,3375.0,59.0,23.0,3478140,11819612.354,3333290,156678.0,71,0.9026243043740483,0.7430474376567665,12,RB2005.SHF,3254.0,3235.0,1000116,-180.0,RB1911.SHF,3600.0,3600.0,10,-166.0,RB2010.SHF,3123.0,3111.0,345,-477.0,-0.14436567164179098,-0.1548687015337606,921407.0,958323.0,76924.0,27095.0,32.0,343772.0,409626.0,-0.01963899070611205,0.37309462593620407,0.4274404350099079,28277.0,0.0,10.0
2019-11-06,RB2001.SHF,3430.0,3467.0,3426.0,3441.0,3444.0,3434.0,3398.0,43.0,46.0,3358868,11569751.254,3243722,-89568.0,70,0.88187596225139,0.7328464442153036,12,RB2005.SHF,3252.0,3258.0,1030236,-189.0,RB1911.SHF,3600.0,3600.0,9,-159.0,RB2010.SHF,3122.0,3127.0,344,-478.0,-0.14466832504145938,-0.15521763740185301,913137.0,933841.0,-7566.0,3166.0,33.0,344198.0,394815.0,-0.011209662486504983,0.376940152463431,0.42278610598592264,27683.0,-594.0,10.0
2019-11-07,RB2001.SHF,3443.0,3458.0,3416.0,3418.0,3440.0,3441.0,3444.0,-26.0,-4.0,2892120,9951646.008,3201836,-41886.0,69,0.8965639959550893,0.7308949744630203,12,RB2005.SHF,3237.0,3253.0,1022990,-181.0,RB1911.SHF,3700.0,3700.0,8,-282.0,RB2010.SHF,3105.0,3120.0,343,-595.0,-0.17521177894312223,-0.1910193225571012,883320.0,944552.0,-29817.0,10711.0,33.0,331191.0,404589.0,-0.033499063391747345,0.37493886700176604,0.4283395726227884,22334.0,-5349.0,10.0
2019-11-08,RB2001.SHF,3421.0,3425.0,3401.0,3412.0,3412.0,3418.0,3440.0,-28.0,-28.0,2422594,8266385.304,3153390,-48446.0,68,0.8736906869088166,0.7266531907951133,12,RB2005.SHF,3233.0,3234.0,1026386,-179.0,RB1911.SHF,3700.0,3700.0,7,-288.0,RB2010.SHF,3105.0,3107.0,342,-595.0,-0.17521177894312223,-0.1910193225571012,860973.0,956944.0,-22347.0,12392.0,32.0,318449.0,417272.0,-0.052791739116802364,0.3698710644816969,0.4360464144192346,19358.0,-2976.0,10.0
2019-11-11,RB2001.SHF,3402.0,3407.0,3346.0,3373.0,3368.0,3412.0,3412.0,-39.0,-44.0,3723732,12543478.832,3023022,-130368.0,65,0.8730321952619355,0.7026215052213951,12,RB2005.SHF,3215.0,3210.0,1091928,-158.0,RB1911.SHF,3690.0,3690.0,4,-317.0,RB2010.SHF,3083.0,3089.0,339,-607.0,-0.1792298669255349,-0.19581793384828122,821264.0,904298.0,-27284.0,-47970.0,32.0,305726.0,397227.0,-0.048119974825593055,0.3722627559469306,0.4392655960756299,18464.0,-894.0,10.0
2019-11-12,RB2001.SHF,3373.0,3452.0,3362.0,3449.0,3409.0,3373.0,3368.0,81.0,41.0,4004954,13653896.418,3137874,114852.0,64,0.9001126446040268,0.7090407454943148,12,RB2005.SHF,3263.0,3237.0,1105202,-186.0,RB1911.SHF,3690.0,3690.0,3,-241.0,RB2010.SHF,3118.0,3102.0,338,-572.0,-0.16889536059539698,-0.1835183907676138,842463.0,914003.0,23849.0,21584.0,33.0,320352.0,393906.0,-0.04072951027802417,0.3802564623016085,0.43096795087105844,14598.0,-3866.0,10.0
2019-11-13,RB2001.SHF,3448.0,3460.0,3427.0,3442.0,3442.0,3449.0,3409.0,33.0,33.0,2416990,8319502.82,3034802,-103072.0,63,0.8849352423897817,0.7015439597400767,12,RB2005.SHF,3261.0,3260.0,1111268,-181.0,RB1911.SHF,3690.0,3690.0,2,-248.0,RB2010.SHF,3118.0,3118.0,337,-572.0,-0.16889536059539698,-0.1835183907676138,808434.0,884058.0,-31274.0,-28999.0,33.0,307135.0,377944.0,-0.04468204281024667,0.3799135118018292,0.42751041221277336,13113.0,-1485.0,10.0
2019-11-14,RB2001.SHF,3447.0,3520.0,3435.0,3511.0,3476.0,3442.0,3442.0,69.0,34.0,4208464,14628700.956,3098206,63404.0,62,0.8125574162596283,0.6854744393444132,12,RB2005.SHF,3335.0,3312.0,1226252,-176.0,RB1911.SHF,3690.0,3690.0,1,-179.0,RB2010.SHF,3172.0,3152.0,336,-518.0,-0.15295069368604128,-0.16481019794668506,815335.0,870474.0,18628.0,-6241.0,33.0,318234.0,364140.0,-0.032707738539775266,0.3903107311718496,0.4183238097863922,11628.0,-1485.0,10.0
2019-11-15,RB2001.SHF,3511.0,3554.0,3506.0,3545.0,3535.0,3511.0,3476.0,69.0,59.0,3337714,11799664.0,3015058,-83148.0,61,0.8070388132369575,0.6658032369560283,12,RB2005.SHF,3360.0,3362.0,1315868,-185.0,RB1912.SHF,3648.0,3635.0,31,-103.0,RB2010.SHF,3194.0,3197.0,335,-454.0,-0.14942398141735916,-0.1595734644178666,801747.0,847270.0,-8578.0,-16776.0,31.0,314555.0,370926.0,-0.02760614353884769,0.3923369841109477,0.4377896066189054,11628.0,0.0,10.0
2019-11-18,RB2001.SHF,3548.0,3576.0,3535.0,3556.0,3553.0,3545.0,3535.0,21.0,18.0,3406476,12103437.804,3033850,18792.0,58,0.7986074382490295,0.6700669349128318,12,RB2005.SHF,3334.0,3344.0,1287754,-222.0,RB1912.SHF,3690.0,3674.0,28,-134.0,RB2011.SHF,3135.0,3145.0,364,-555.0,-0.1633880178087495,-0.17706550192903692,830570.0,862611.0,28823.0,30990.0,31.0,329032.0,380782.0,-0.018923552768428182,0.39615204016518774,0.441429566745613,8950.0,-2678.0,10.0
2019-11-19,RB2001.SHF,3559.0,3639.0,3548.0,3635.0,3590.0,3556.0,3553.0,82.0,37.0,5042422,18105760.81,3064568,30718.0,57,0.8388152302256959,0.6689960762706277,12,RB2005.SHF,3369.0,3340.0,1306330,-266.0,RB1912.SHF,3704.0,3720.0,27,-69.0,RB2011.SHF,3149.0,3126.0,363,-555.0,-0.16277046050601665,-0.17633885938315935,842943.0,862921.0,14161.0,14398.0,31.0,323338.0,370171.0,-0.011711367377469716,0.38358228255054017,0.4289743788828873,8950.0,0.0,10.0
2019-11-20,RB2001.SHF,3637.0,3691.0,3624.0,3676.0,3660.0,3635.0,3590.0,86.0,70.0,4324080,15829475.074,3034804,-29764.0,56,0.8257958259505166,0.6621120885258491,12,RB2005.SHF,3395.0,3389.0,1329780,-281.0,RB1912.SHF,3831.0,3804.0,26,-155.0,RB2011.SHF,3163.0,3161.0,362,-668.0,-0.1894165392599222,-0.20814225092016386,839640.0,862935.0,-3303.0,11090.0,32.0,323888.0,361322.0,-0.013682216642438658,0.38574627221190033,0.4187128810397075,8950.0,0.0,10.0
2019-11-21,RB2001.SHF,3691.0,3691.0,3610.0,3619.0,3643.0,3676.0,3660.0,-41.0,-17.0,4217282,15366851.648,2915298,-119506.0,55,0.8310321371369478,0.6517268437066165,12,RB2005.SHF,3366.0,3382.0,1332138,-253.0,RB1912.SHF,3795.0,3807.0,25,-176.0,RB2011.SHF,3160.0,3167.0,361,-635.0,-0.18176720622372797,-0.19891672585060108,826699.0,831369.0,5433.0,-26697.0,30.0,343639.0,356965.0,-0.0028165310469775665,0.415676080411371,0.42937011122618235,8950.0,0.0,10.0
2019-11-22,RB2001.SHF,3621.0,3659.0,3618.0,3655.0,3642.0,3619.0,3643.0,12.0,-1.0,3398450,12380317.234,2915296,-2.0,54,0.8092553407828307,0.6437075201692944,12,RB2005.SHF,3390.0,3389.0,1388546,-265.0,RB1912.SHF,3831.0,3810.0,24,-176.0,RB2011.SHF,3187.0,3183.0,360,-644.0,-0.18261115461585314,-0.19993073825419372,842223.0,830237.0,18587.0,3220.0,31.0,347258.0,349720.0,0.007166688590459562,0.4123112287363323,0.42122911891423775,8950.0,0.0,10.0
2019-11-25,RB2001.SHF,3656.0,3720.0,3631.0,3697.0,3683.0,3655.0,3642.0,55.0,41.0,4167718,15353361.702,2840966,-74330.0,51,0.7978045108867102,0.6333013966680948,12,RB2005.SHF,3417.0,3400.0,1412038,-280.0,RB1912.SHF,3900.0,3886.0,21,-203.0,RB2011.SHF,3208.0,3195.0,357,-692.0,-0.19275030525030518,-0.21218760429445357,803177.0,801130.0,-39046.0,-19093.0,33.0,313494.0,343844.0,0.001275940328129217,0.390317451819462,0.42919875675608204,2111.0,-6839.0,10.0
2019-11-26,RB2001.SHF,3689.0,3690.0,3603.0,3611.0,3641.0,3697.0,3683.0,-72.0,-42.0,3850800,14021224.67,2582980,-257986.0,50,0.7783306033416392,0.6007072725911172,12,RB2005.SHF,3354.0,3374.0,1461064,-257.0,RB1912.SHF,3891.0,3892.0,20,-280.0,RB2011.SHF,3176.0,3187.0,356,-715.0,-0.19961740157383948,-0.22056825141487327,719209.0,715428.0,-81006.0,-83367.0,31.0,280971.0,301822.0,0.0026355098885641453,0.3906666907672179,0.42187613568381443,1190.0,-921.0,10.0
2019-11-27,RB2001.SHF,3605.0,3622.0,3588.0,3596.0,3605.0,3611.0,3641.0,-45.0,-36.0,3012176,10860183.614,2499630,-83350.0,49,0.7825886791080258,0.5850002457364722,12,RB2005.SHF,3360.0,3355.0,1509594,-236.0,RB1912.SHF,3919.0,3913.0,19,-323.0,RB2011.SHF,3184.0,3172.0,355,-735.0,-0.2037350089308497,-0.2256245883955524,704884.0,678275.0,-14325.0,-37153.0,31.0,272930.0,283865.0,0.01923784611892053,0.3871984610233741,0.4185101912940916,1190.0,0.0,10.0
2019-11-28,RB2001.SHF,3589.0,3625.0,3563.0,3618.0,3587.0,3596.0,3605.0,13.0,-18.0,3804958,13650072.344,2333174,-166456.0,48,0.7094320639983771,0.5538131930159704,12,RB2005.SHF,3418.0,3386.0,1622948,-200.0,RB1912.SHF,3950.0,3939.0,18,-332.0,RB2011.SHF,3220.0,3193.0,354,-730.0,-0.20076100060277274,-0.22197020852738228,669714.0,628320.0,-33345.0,-41452.0,31.0,246207.0,261870.0,0.03188976559936026,0.36763006298210876,0.41677807486631013,1190.0,0.0,10.0
2019-11-29,RB2001.SHF,3616.0,3644.0,3587.0,3620.0,3618.0,3618.0,3587.0,33.0,31.0,3443584,12461268.694,2143086,-190088.0,47,0.6614982632612423,0.512262493516303,12,RB2005.SHF,3427.0,3424.0,1770126,-193.0,RB1912.SHF,3980.0,3938.0,17,-360.0,RB2011.SHF,3229.0,3225.0,353,-751.0,-0.20497951064848055,-0.22715745400260717,612651.0,598806.0,-57063.0,-20537.0,35.0,223212.0,257630.0,0.011428387470624215,0.364337934647948,0.4302395099581501,0.0,-1190.0,10.0
2019-12-02,RB2001.SHF,3601.0,3645.0,3566.0,3634.0,3607.0,3620.0,3618.0,16.0,-11.0,3101870,11190550.53,2022564,-120522.0,44,0.6558075439210731,0.48587604823389346,12,RB2005.SHF,3429.0,3419.0,1850330,-205.0,RB1912.SHF,3716.0,3952.0,14,-82.0,RB2011.SHF,3243.0,3238.0,350,-473.0,-0.13827352119534572,-0.14789994843345258,582631.0,549854.0,-20191.0,-48952.0,35.0,208364.0,234491.0,0.0289425467003978,0.3576260102878151,0.42646047859977376,0.0,0.0,10.0
2019-12-03,RB2001.SHF,3631.0,3649.0,3596.0,3599.0,3619.0,3634.0,3607.0,-8.0,12.0,2057360,7446308.218,1943992,-78572.0,43,0.6590296245565862,0.46950703490596296,12,RB2005.SHF,3403.0,3423.0,1891008,-196.0,RB1912.SHF,3760.0,3760.0,13,-161.0,RB2011.SHF,3230.0,3241.0,349,-530.0,-0.15312341691995948,-0.16505041476500554,548734.0,538275.0,-33656.0,-8423.0,32.0,208911.0,228767.0,0.009621815458749652,0.3807145174164531,0.4250002322233059,0.0,0.0,10.0
2019-12-04,RB2005.SHF,3398.0,3436.0,3377.0,3413.0,3409.0,3403.0,3423.0,-10.0,-14.0,1539806,5250071.924,1908660,17652.0,163,0.3906800414477483,0.464516901546248,12,RB2001.SHF,3603.0,3608.0,1882538,190.0,RB1912.SHF,3760.0,3760.0,12,-347.0,RB2011.SHF,3235.0,3225.0,348,-525.0,-0.15167885638297873,-0.16337012127637748,572350.0,604052.0,22792.0,-7350.0,36.0,265322.0,241849.0,-0.02694827108420421,0.46356599982528174,0.40037778204525437,0.0,0.0,10.0
2019-12-05,RB2005.SHF,3417.0,3458.0,3401.0,3404.0,3429.0,3413.0,3409.0,-5.0,20.0,1968442,6750088.63,1987348,78688.0,162,0.5306903626378663,0.48522721113283035,12,RB2001.SHF,3585.0,3609.0,1779604,181.0,RB1912.SHF,3800.0,3800.0,11,-396.0,RB2011.SHF,3230.0,3239.0,347,-570.0,-0.1629464285714286,-0.17654586091276148,565677.0,623052.0,-4488.0,19000.0,35.0,264023.0,248446.0,-0.04826583687282804,0.4667380855152322,0.3987564440849239,0.0,0.0,10.0
2019-12-06,RB2005.SHF,3399.0,3439.0,3387.0,3437.0,3417.0,3404.0,3429.0,8.0,-12.0,2288212,7819246.94,2167606,180258.0,161,0.6640733059718689,0.5275133106941614,12,RB2001.SHF,3609.0,3599.0,1606006,172.0,RB1912.SHF,3800.0,3800.0,10,-363.0,RB2011.SHF,3245.0,3230.0,346,-555.0,-0.1586583646616541,-0.17151275759031148,631194.0,650965.0,73269.0,27913.0,35.0,282197.0,251654.0,-0.015420084404508334,0.44708441461737597,0.3865860683754119,0.0,0.0,10.0
2019-12-09,RB2005.SHF,3441.0,3535.0,3432.0,3511.0,3492.0,3437.0,3417.0,94.0,75.0,3896724,13607937.896,2352334,184728.0,158,0.6961573394865829,0.5818795007628663,12,RB2001.SHF,3668.0,3643.0,1360906,157.0,RB1912.SHF,4000.0,4000.0,7,-489.0,RB2011.SHF,3328.0,3301.0,343,-672.0,-0.18250000000000005,-0.19979713074029437,690914.0,709946.0,66179.0,58981.0,35.0,310191.0,287646.0,-0.013585940065388404,0.4489574679337805,0.4051660267118908,0.0,0.0,10.0
2019-12-10,RB2005.SHF,3511.0,3537.0,3496.0,3505.0,3513.0,3511.0,3492.0,13.0,21.0,2314644,8132139.958,2362104,9770.0,157,0.7719710401299912,0.5929901706541534,12,RB2001.SHF,3683.0,3681.0,1275196,178.0,RB1912.SHF,4000.0,4000.0,6,-495.0,RB2011.SHF,3322.0,3330.0,342,-678.0,-0.18412946428571425,-0.20175738905954593,685599.0,712465.0,-3266.0,2519.0,35.0,314706.0,292969.0,-0.019216573776307807,0.4590234233130445,0.4112047609356249,0.0,0.0,10.0
2019-12-11,RB2005.SHF,3505.0,3545.0,3505.0,3537.0,3528.0,3505.0,3513.0,24.0,15.0,2713564,9573722.442,2462120,100016.0,156,0.7545764321876055,0.61607183517904,12,RB2001.SHF,3743.0,3721.0,1179406,206.0,RB1912.SHF,4000.0,4000.0,5,-463.0,RB2011.SHF,3355.0,3344.0,341,-645.0,-0.1751674107142857,-0.19101948096467142,714702.0,733200.0,29647.0,20735.0,33.0,309746.0,303547.0,-0.012775726533978128,0.4333918192477424,0.4140030005455537,0.0,0.0,10.0
2019-12-12,RB2005.SHF,3534.0,3570.0,3508.0,3524.0,3533.0,3537.0,3528.0,-4.0,5.0,3169322,11199101.248,2511280,49160.0,155,0.8069483697174312,0.6318585237545774,12,RB2001.SHF,3749.0,3745.0,1086982,225.0,RB1912.SHF,4240.0,4240.0,4,-716.0,RB2011.SHF,3344.0,3352.0,340,-896.0,-0.22955974842767293,-0.2578850729696877,727190.0,762644.0,17132.0,29444.0,35.0,318811.0,316177.0,-0.023797282113309268,0.43841499470564776,0.4145800661907784,0.0,0.0,10.0
2019-12-13,RB2005.SHF,3530.0,3548.0,3502.0,3523.0,3524.0,3524.0,3533.0,-10.0,-9.0,2837898,10000791.23,2526754,15474.0,154,0.8406305133184594,0.6431775811317566,12,RB2001.SHF,3726.0,3733.0,1018260,203.0,RB1912.SHF,4240.0,4240.0,3,-717.0,RB2011.SHF,3339.0,3339.0,339,-901.0,-0.23084077380952386,-0.25951055512814697,739589.0,763848.0,12989.0,1204.0,35.0,331928.0,315437.0,-0.016135694412203503,0.4488006176403381,0.4129578135964223,0.0,0.0,10.0
2019-12-16,RB2005.SHF,3525.0,3558.0,3472.0,3480.0,3512.0,3523.0,3524.0,-44.0,-12.0,4155020,14596459.534,2586288,59534.0,151,0.8518686484323232,0.6592160942966571,12,RB2001.SHF,3697.0,3717.0,915220,217.0,RB2001.SHF,3697.0,3717.0,30,-217.0,RB2011.SHF,3315.0,3333.0,336,-382.0,-0.12324955227785822,-0.13009274691367384,705625.0,783752.0,-29606.0,21672.0,32.0,297906.0,309393.0,-0.0524561612002871,0.4221874224977856,0.39475880125345775,307.0,307.0,10.0
2019-12-17,RB2005.SHF,3482.0,3495.0,3456.0,3484.0,3478.0,3480.0,3512.0,-28.0,-34.0,2393776,8325819.62,2595910,9622.0,150,0.8752821897412009,0.6694789540086056,12,RB2001.SHF,3687.0,3689.0,852830,203.0,RB2001.SHF,3687.0,3689.0,29,-203.0,RB2012.SHF,3311.0,3297.0,364,-376.0,-0.11111246048034845,-0.11719535567378465,714448.0,765489.0,9504.0,-16484.0,31.0,299292.0,297366.0,-0.034488630259261036,0.4189136228248942,0.3884654123050756,307.0,0.0,10.0
2019-12-18,RB2005.SHF,3489.0,3503.0,3469.0,3476.0,3483.0,3484.0,3478.0,-2.0,5.0,1956352,6815001.336,2573956,-21954.0,149,0.8749666803225166,0.6787568674545023,12,RB2001.SHF,3688.0,3692.0,781176,212.0,RB2001.SHF,3688.0,3692.0,28,-212.0,RB2012.SHF,3296.0,3302.0,363,-392.0,-0.11580924013338945,-0.12243809904835695,711876.0,754876.0,-1068.0,-10253.0,31.0,284374.0,296295.0,-0.029316476132297757,0.3994712562300176,0.3925081735278377,307.0,0.0,10.0
2019-12-19,RB2005.SHF,3486.0,3529.0,3465.0,3518.0,3498.0,3476.0,3483.0,35.0,15.0,2761054,9659228.684,2645268,71312.0,148,0.8825431833582652,0.7031558264048268,12,RB2001.SHF,3716.0,3703.0,687414,198.0,RB2001.SHF,3716.0,3703.0,27,-198.0,RB2012.SHF,3332.0,3310.0,362,-384.0,-0.11259097408543933,-0.1188430157497119,737972.0,769247.0,34194.0,19636.0,31.0,294426.0,315392.0,-0.020750136509691028,0.3989663564471281,0.4100009489799765,307.0,0.0,10.0
2019-12-20,RB2005.SHF,3518.0,3537.0,3498.0,3507.0,3515.0,3518.0,3498.0,9.0,17.0,2456502,8634919.306,2593398,-51870.0,147,0.8947323563220902,0.7095165686226766,12,RB2001.SHF,3719.0,3722.0,630492,212.0,RB2001.SHF,3719.0,3722.0,26,-212.0,RB2012.SHF,3323.0,3329.0,361,-396.0,-0.11601578020090463,-0.12266922786036914,721142.0,758659.0,-6248.0,-10054.0,31.0,288945.0,308618.0,-0.025352733239131477,0.40067698178722083,0.4067940932619266,307.0,0.0,10.0
2019-12-23,RB2005.SHF,3510.0,3549.0,3508.0,3538.0,3534.0,3507.0,3515.0,23.0,19.0,2558004,9040078.764,2705450,112052.0,144,0.886628225373749,0.7284805480924523,12,RB2001.SHF,3741.0,3739.0,573456,203.0,RB2001.SHF,3741.0,3739.0,23,-203.0,RB2012.SHF,3339.0,3349.0,358,-402.0,-0.11708099438652769,-0.12386203569444612,774748.0,776313.0,54114.0,17654.0,29.0,331203.0,320757.0,-0.0010089867516493549,0.42749771538616427,0.4131799931213312,307.0,0.0,10.0
2019-12-24,RB2005.SHF,3543.0,3555.0,3502.0,3510.0,3522.0,3538.0,3534.0,-24.0,-12.0,2499360,8804130.406,2758576,53126.0,143,0.9040179055847889,0.7386073919215687,12,RB2001.SHF,3725.0,3730.0,525450,215.0,RB2001.SHF,3725.0,3730.0,22,-215.0,RB2012.SHF,3331.0,3334.0,357,-394.0,-0.11524391465491331,-0.12180572180982917,778370.0,798439.0,3622.0,28377.0,31.0,342173.0,320992.0,-0.012727603660303816,0.43960198877140694,0.4020244502084693,307.0,0.0,10.0
2019-12-25,RB2005.SHF,3510.0,3522.0,3483.0,3485.0,3504.0,3510.0,3522.0,-37.0,-18.0,1921198,6733209.79,2762568,3992.0,142,0.9051111603167799,0.7419703992655949,12,RB2001.SHF,3695.0,3714.0,490976,210.0,RB2001.SHF,3695.0,3714.0,21,-210.0,RB2012.SHF,3305.0,3325.0,356,-390.0,-0.11500010098358004,-0.1215331032842631,,,,,,,,,,,307.0,0.0,10.0
2019-12-26,RB2005.SHF,3482.0,3534.0,3470.0,3529.0,3501.0,3485.0,3504.0,25.0,-3.0,2527868,8852525.458,2821242,58674.0,141,0.9043325083730251,0.7555063413171087,12,RB2001.SHF,3734.0,3710.0,442962,205.0,RB2001.SHF,3734.0,3710.0,20,-205.0,RB2012.SHF,3340.0,3322.0,355,-394.0,-0.11496614410539689,-0.12149514005309386,823573.0,808237.0,70600.0,13290.0,30.0,338204.0,325528.0,0.009398152971240524,0.41065455035558474,0.40276305093679204,307.0,0.0,10.0
2019-12-27,RB2005.SHF,3527.0,3554.0,3522.0,3541.0,3537.0,3529.0,3501.0,40.0,36.0,2147774,7597504.402,2903738,82496.0,140,0.888130874975396,0.7748839170393774,12,RB2010.SHF,3384.0,3387.0,407200,-157.0,RB2001.SHF,3757.0,3748.0,19,-216.0,RB2012.SHF,3341.0,3347.0,354,-416.0,-0.12064246242834274,-0.12785961246054484,865909.0,832178.0,42608.0,23941.0,29.0,362913.0,330406.0,0.01986411768066065,0.41911216998552964,0.3970376530021221,307.0,0.0,10.0
2019-12-30,RB2005.SHF,3541.0,3563.0,3530.0,3545.0,3543.0,3541.0,3537.0,8.0,6.0,1912332,6776671.228,2916172,12434.0,137,0.8853831580467912,0.7852914643637118,12,RB2010.SHF,3390.0,3389.0,413442,-155.0,RB2001.SHF,3788.0,3774.0,16,-243.0,RB2012.SHF,3349.0,3350.0,351,-439.0,-0.12627070560607728,-0.13420710224416105,854941.0,853010.0,-10926.0,20832.0,30.0,368290.0,331438.0,0.001130594495977929,0.430778264231099,0.38855113070186753,307.0,0.0,10.0
2019-12-31,RB2005.SHF,3545.0,3577.0,3535.0,3569.0,3558.0,3545.0,3543.0,26.0,15.0,2519558,8965802.024,2948358,32186.0,136,0.8649773761869778,0.8240516730577884,12,RB2010.SHF,3407.0,3401.0,401072,-162.0,RB2001.SHF,3782.0,3796.0,15,-213.0,RB2012.SHF,3360.0,3358.0,350,-422.0,-0.12157351792070842,-0.12890710040394265,886591.0,864968.0,38371.0,11958.0,32.0,379880.0,347163.0,0.012345002366463248,0.4284726553732217,0.4013593566467199,307.0,0.0,10.0
2020-01-02,RB2005.SHF,3584.0,3593.0,3540.0,3547.0,3563.0,3569.0,3558.0,-11.0,5.0,976947,3480997.023,1443715,-1504643.0,134,0.8983916354005739,0.8270338795660538,12,RB2010.SHF,3385.0,3405.0,209263,-162.0,RB2001.SHF,3742.0,3760.0,13,-195.0,RB2012.SHF,3338.0,3353.0,348,-404.0,-0.11763204288551901,-0.12447960284618784,849908.0,850034.0,-34492.0,-10673.0,30.0,375702.0,344249.0,-7.412017586482363e-05,0.4420501983744123,0.4049826242244428,307.0,0.0,10.0
2020-01-03,RB2005.SHF,3547.0,3567.0,3542.0,3543.0,3552.0,3547.0,3563.0,-20.0,-11.0,778292,2764934.34,1398669,-45046.0,133,0.9232802349803788,0.82846188291934,12,RB2010.SHF,3381.0,3390.0,212207,-162.0,RB2001.SHF,3750.0,3747.0,12,-207.0,RB2012.SHF,3340.0,3345.0,347,-410.0,-0.11912437810945267,-0.12615384191852022,830305.0,824125.0,-19362.0,-25909.0,31.0,365688.0,339676.0,0.0037354254939767776,0.4404261084782098,0.4121656302138632,307.0,0.0,10.0
2020-01-06,RB2005.SHF,3540.0,3566.0,3526.0,3559.0,3549.0,3543.0,3552.0,7.0,-3.0,966449,3430697.674,1381265,-17404.0,130,0.9193996426852262,0.8309835429444623,12,RB2010.SHF,3397.0,3387.0,220845,-162.0,RB2001.SHF,3750.0,3755.0,9,-191.0,RB2012.SHF,3342.0,3341.0,344,-408.0,-0.11854328358208956,-0.1255016106875459,817292.0,810897.0,-12384.0,-13228.0,30.0,360516.0,340197.0,0.003927676700923541,0.44111039873142033,0.4195317037798882,307.0,0.0,10.0
2020-01-07,RB2005.SHF,3558.0,3580.0,3556.0,3574.0,3569.0,3559.0,3549.0,25.0,20.0,708368,2528273.295,1400763,19498.0,129,0.9289073175081499,0.839256655874113,12,RB2010.SHF,3409.0,3405.0,217427,-165.0,RB2001.SHF,3748.0,3748.0,8,-174.0,RB2012.SHF,3350.0,3348.0,343,-398.0,-0.11569951735452938,-0.12231533363226346,842595.0,815761.0,25303.0,4864.0,32.0,373937.0,340571.0,0.016181085364059346,0.44379209465994934,0.41748870073465144,307.0,0.0,10.0
2020-01-08,RB2005.SHF,3574.0,3621.0,3571.0,3617.0,3602.0,3574.0,3569.0,48.0,33.0,1051293,3787325.856,1419374,18611.0,128,0.9298869586753468,0.8450148627465689,12,RB2010.SHF,3445.0,3435.0,216384,-172.0,RB2001.SHF,3761.0,3759.0,7,-144.0,RB2012.SHF,3365.0,3357.0,342,-396.0,-0.11472020382003832,-0.1212202223370164,852016.0,819576.0,11632.0,3815.0,32.0,390355.0,344025.0,0.01940664946948777,0.4581545416987474,0.4197597294210665,307.0,0.0,10.0
2020-01-09,RB2005.SHF,3617.0,3622.0,3550.0,3555.0,3587.0,3617.0,3602.0,-47.0,-15.0,1162066,4169241.28,1337536,-81838.0,127,0.937888965741556,0.8322833881329228,12,RB2010.SHF,3393.0,3421.0,229892,-162.0,RB2001.SHF,3766.0,3764.0,6,-211.0,RB2012.SHF,3328.0,3353.0,341,-438.0,-0.12671903361577672,-0.13471431688280439,801155.0,776528.0,-48221.0,-38230.0,32.0,365946.0,325077.0,0.015609599647077392,0.4567730339322603,0.41862881956606846,307.0,0.0,10.0
2020-01-10,RB2005.SHF,3559.0,3583.0,3555.0,3571.0,3568.0,3555.0,3587.0,-16.0,-19.0,641895,2290517.49,1357418,19882.0,126,0.9146800233694801,0.8379640718562874,12,RB2010.SHF,3409.0,3405.0,231355,-162.0,RB2001.SHF,3881.0,3848.0,5,-310.0,RB2012.SHF,3344.0,3335.0,340,-537.0,-0.15075742134470652,-0.16226173840290936,808806.0,792737.0,7651.0,16209.0,32.0,354389.0,345869.0,0.010033448992627734,0.4381631689181336,0.4362972839668137,307.0,0.0,10.0
2020-01-13,RB2005.SHF,3565.0,3567.0,3529.0,3530.0,3549.0,3571.0,3568.0,-38.0,-19.0,864329,3067829.319,1305835,-51583.0,123,0.930797230209242,0.8234290758899013,12,RB2010.SHF,3380.0,3392.0,250300,-150.0,RB2001.SHF,3801.0,3837.0,2,-271.0,RB2012.SHF,3320.0,3327.0,337,-481.0,-0.1378780917826024,-0.14741577189173374,752295.0,769357.0,-50639.0,-21520.0,30.0,335091.0,324190.0,-0.011212813442232522,0.4454249995015253,0.4213778518945041,307.0,0.0,10.0
2020-01-14,RB2005.SHF,3528.0,3572.0,3518.0,3570.0,3546.0,3530.0,3549.0,21.0,-3.0,916208,3249652.204,1311222,5387.0,122,0.9416833599363583,0.8225437957074373,12,RB2010.SHF,3411.0,3392.0,253975,-159.0,RB2001.SHF,3925.0,3884.0,1,-355.0,RB2012.SHF,3337.0,3323.0,336,-588.0,-0.16322464112558233,-0.1768279560739529,781791.0,775186.0,34554.0,7405.0,31.0,334735.0,329491.0,0.00424219497140934,0.4281643047822244,0.42504766597951976,3276.0,2969.0,10.0
2020-01-15,RB2005.SHF,3570.0,3578.0,3537.0,3537.0,3556.0,3570.0,3546.0,-9.0,10.0,866185,3080897.477,1301908,-9314.0,121,0.9430163109155321,0.8186906061505491,12,RB2010.SHF,3388.0,3402.0,260029,-149.0,RB2002.SHF,3694.0,3685.0,33,-157.0,RB2012.SHF,3325.0,3333.0,335,-369.0,-0.12073005446455144,-0.12719429072605704,766165.0,778293.0,-14854.0,7104.0,32.0,330499.0,316510.0,-0.007852592948464769,0.43136791683253606,0.4066720373946573,25059.0,21783.0,10.0
2020-01-16,RB2005.SHF,3537.0,3577.0,3535.0,3565.0,3558.0,3537.0,3556.0,9.0,2.0,913755,3251878.574,1313248,11340.0,120,0.8834987034032522,0.8043861083700996,12,RB2010.SHF,3408.0,3404.0,264864,-157.0,RB2002.SHF,3671.0,3682.0,32,-106.0,RB2101.SHF,3288.0,3281.0,365,-383.0,-0.11435707022740525,-0.12077293985609237,789461.0,779548.0,23296.0,2898.0,29.0,337301.0,322094.0,0.006318000725298581,0.4272547978937528,0.41318045841949436,25059.0,0.0,10.0
2020-01-17,RB2005.SHF,3565.0,3608.0,3562.0,3595.0,3586.0,3565.0,3558.0,37.0,28.0,919377,3297089.09,1396015,82767.0,119,0.9293930691057527,0.8150061095610982,12,RB2010.SHF,3437.0,3427.0,259053,-158.0,RB2002.SHF,3691.0,3686.0,31,-96.0,RB2101.SHF,3315.0,3304.0,364,-376.0,-0.11165866489626991,-0.1177643457947839,856103.0,816428.0,68440.0,36880.0,31.0,363348.0,336285.0,0.023721533412534655,0.42442089328036464,0.4118979260877873,25059.0,0.0,10.0
2020-01-20,RB2005.SHF,3599.0,3618.0,3588.0,3605.0,3602.0,3595.0,3586.0,19.0,16.0,652366,2350445.846,1394164,-1851.0,116,0.9031287205471108,0.813128912430952,12,RB2010.SHF,3443.0,3442.0,255935,-162.0,RB2002.SHF,3694.0,3699.0,28,-89.0,RB2101.SHF,3317.0,3316.0,361,-377.0,-0.11186470715436607,-0.11799378216645194,834576.0,815113.0,-21527.0,-459.0,32.0,349227.0,341619.0,0.01179798131647844,0.4184484097314085,0.4191063079597553,25059.0,0.0,10.0
2020-01-21,RB2005.SHF,3605.0,3606.0,3555.0,3570.0,3574.0,3605.0,3602.0,-32.0,-28.0,887469,3172457.808,1324051,-70113.0,115,0.9190531816402487,0.8012110892057303,12,RB2010.SHF,3413.0,3417.0,253470,-157.0,RB2002.SHF,3702.0,3685.0,27,-132.0,RB2101.SHF,3294.0,3297.0,360,-408.0,-0.1208015146426816,-0.1279917795029666,794856.0,791587.0,-39071.0,-14618.0,29.0,335371.0,343314.0,0.0020605845908110154,0.4219267389313284,0.43370343373501585,25059.0,0.0,10.0
2020-01-22,RB2005.SHF,3565.0,3568.0,3506.0,3558.0,3536.0,3570.0,3574.0,-16.0,-38.0,1161870,4109130.732,1263535,-60516.0,114,0.8920526262449442,0.7801202345914314,12,RB2010.SHF,3406.0,3385.0,265233,-152.0,RB2002.SHF,3679.0,3665.0,26,-121.0,RB2101.SHF,3289.0,3275.0,359,-390.0,-0.11619393244834939,-0.12282568845116167,756403.0,761103.0,-38453.0,-26680.0,30.0,319444.0,326140.0,-0.0030971870951416337,0.42231984801752503,0.4285096760885189,25059.0,0.0,10.0
2020-01-23,RB2005.SHF,3551.0,3552.0,3491.0,3500.0,3515.0,3558.0,3536.0,-36.0,-21.0,901368,3168368.334,1269146,5611.0,113,0.8931023378630772,0.7694638623976137,12,RB2010.SHF,3363.0,3371.0,275277,-137.0,RB2002.SHF,3620.0,3626.0,25,-120.0,RB2101.SHF,3262.0,3265.0,358,-358.0,-0.10839845370232107,-0.11414034654109007,764794.0,775835.0,10348.0,16838.0,30.0,327119.0,333300.0,-0.007166553401240662,0.42772171329796,0.4296016549910741,25059.0,0.0,10.0
2020-02-03,RB2005.SHF,3233.0,3294.0,3233.0,3233.0,3259.0,3500.0,3515.0,-282.0,-256.0,1223078,3986167.967,1260621,-8525.0,102,0.7273476577390386,0.7292150280811945,12,RB2010.SHF,3158.0,3196.0,348326,-75.0,RB2002.SHF,3335.0,3374.0,14,-102.0,RB2101.SHF,3047.0,3090.0,347,-288.0,-0.09465537501519514,-0.09899411551911563,724510.0,824022.0,-26912.0,61314.0,30.0,301409.0,354211.0,-0.06426215280020045,0.41601772232267326,0.42985624170228465,25059.0,0.0,10.0
2020-02-04,RB2005.SHF,3209.0,3333.0,3207.0,3312.0,3285.0,3233.0,3259.0,53.0,26.0,1385797,4553196.535,1243680,-16941.0,101,0.7489802701804356,0.6910919005305106,12,RB2010.SHF,3290.0,3260.0,430247,-22.0,RB2002.SHF,3350.0,3352.0,13,-38.0,RB2101.SHF,3157.0,3131.0,346,-193.0,-0.06314822284971539,-0.06504029950543234,737447.0,757190.0,25369.0,-66777.0,32.0,297146.0,331043.0,-0.013209227390998618,0.4029387874654043,0.43719938192527635,25059.0,0.0,10.0
2020-02-05,RB2005.SHF,3298.0,3324.0,3282.0,3297.0,3300.0,3312.0,3285.0,12.0,15.0,1028552,3395020.406,1312971,69291.0,100,0.7639751737333583,0.6832703822547692,12,RB2010.SHF,3292.0,3292.0,473921,-5.0,RB2002.SHF,3380.0,3372.0,12,-83.0,RB2101.SHF,3163.0,3164.0,345,-217.0,-0.07037066652451271,-0.0727311990617619,762131.0,784891.0,27275.0,34059.0,31.0,295274.0,348106.0,-0.014712137254673819,0.38743208188618494,0.44350871649694035,25059.0,0.0,10.0
2020-02-06,RB2005.SHF,3297.0,3316.0,3270.0,3304.0,3295.0,3297.0,3300.0,4.0,-5.0,1139425,3754976.388,1364689,51718.0,99,0.761022528951817,0.6733096938727683,12,RB2010.SHF,3319.0,3312.0,519621,15.0,RB2002.SHF,3370.0,3368.0,11,-66.0,RB2101.SHF,3192.0,3185.0,344,-178.0,-0.05789468994216771,-0.05947972565615148,821401.0,793869.0,61304.0,17101.0,31.0,323266.0,346604.0,0.017044828418778284,0.3935544271312063,0.43660100092080684,25059.0,0.0,10.0
2020-02-07,RB2005.SHF,3300.0,3340.0,3289.0,3325.0,3309.0,3304.0,3295.0,30.0,14.0,851755,2818927.152,1400638,35949.0,98,0.7762775352478514,0.6662613837178051,12,RB2010.SHF,3363.0,3337.0,555754,38.0,RB2002.SHF,3368.0,3368.0,10,-43.0,RB2101.SHF,3234.0,3207.0,343,-134.0,-0.04360952401332445,-0.044500772844400245,860653.0,803336.0,39252.0,14211.0,32.0,330576.0,365618.0,0.03444554020489318,0.38409905037221737,0.45512463029168365,25059.0,0.0,10.0
2020-02-10,RB2005.SHF,3308.0,3321.0,3279.0,3305.0,3303.0,3325.0,3309.0,-4.0,-6.0,889861,2939236.461,1396485,-4153.0,95,0.7506683257059704,0.6545763652505041,12,RB2010.SHF,3366.0,3362.0,583087,61.0,RB2002.SHF,3380.0,3380.0,7,-75.0,RB2101.SHF,3227.0,3223.0,340,-153.0,-0.04961618423156882,-0.05077423632180918,857247.0,814745.0,6771.0,17153.0,31.0,332693.0,368088.0,0.025419978086019552,0.388094679829734,0.4517830732315019,25059.0,0.0,10.0
2020-02-11,RB2005.SHF,3316.0,3488.0,3304.0,3392.0,3393.0,3305.0,3303.0,89.0,90.0,2293748,7784507.813,1350758,-45727.0,94,0.8194239823950957,0.6427014856629528,12,RB2010.SHF,3423.0,3424.0,601647,31.0,RB2002.SHF,3380.0,3380.0,6,12.0,RB2101.SHF,3281.0,3280.0,339,-99.0,-0.032104589796897544,-0.03258414793791727,841088.0,780707.0,-13030.0,-25057.0,32.0,346499.0,350828.0,0.03723096938885617,0.4119652164815097,0.4493721716341726,24758.0,-301.0,10.0
2020-02-12,RB2005.SHF,3410.0,3423.0,3382.0,3404.0,3404.0,3392.0,3393.0,11.0,11.0,1088528,3706223.686,1353006,2248.0,93,0.788903883032154,0.6418334058337797,12,RB2010.SHF,3428.0,3434.0,602772,24.0,RB2002.SHF,3380.0,3380.0,5,24.0,RB2101.SHF,3282.0,3290.0,338,-98.0,-0.03178030101107018,-0.03225012505064653,818930.0,762692.0,-20354.0,-11328.0,33.0,337732.0,349954.0,0.03555716852699318,0.4124064327842428,0.45884052802441877,24758.0,0.0,10.0
2020-02-13,RB2005.SHF,3400.0,3424.0,3383.0,3395.0,3399.0,3404.0,3404.0,-9.0,-5.0,1051409,3574437.277,1439345,86339.0,92,0.82352098025885,0.6531442104408143,12,RB2010.SHF,3437.0,3433.0,608720,42.0,RB2002.SHF,3380.0,3380.0,4,15.0,RB2101.SHF,3288.0,3285.0,337,-92.0,-0.029834568296106766,-0.030248122492080438,862602.0,830013.0,44423.0,71515.0,32.0,349215.0,375710.0,0.01925364007763136,0.40483907990011614,0.4526555608165173,24758.0,0.0,10.0
2020-02-14,RB2005.SHF,3391.0,3404.0,3365.0,3398.0,3385.0,3395.0,3399.0,-1.0,-14.0,988231,3345421.084,1461182,21837.0,91,0.8004631557120108,0.6485751101574807,12,RB2010.SHF,3453.0,3440.0,630486,55.0,RB2002.SHF,3378.0,3378.0,3,20.0,RB2101.SHF,3307.0,3295.0,336,-71.0,-0.02303813582676814,-0.0232836945972153,887964.0,845855.0,30078.0,15842.0,33.0,371526.0,383369.0,0.02428684885792577,0.4184020973823263,0.4532325280337646,24758.0,0.0,10.0
2020-02-17,RB2005.SHF,3393.0,3437.0,3386.0,3427.0,3413.0,3398.0,3385.0,42.0,28.0,1125505,3841900.812,1520571,59389.0,88,0.7675785272651139,0.642118380746385,12,RB2010.SHF,3503.0,3480.0,682718,76.0,RB2003.SHF,3394.0,3387.0,28,33.0,RB2101.SHF,3344.0,3327.0,333,-50.0,-0.017629954500227033,-0.017761105344906495,933216.0,884626.0,48653.0,41704.0,31.0,388634.0,413526.0,0.026729495742754322,0.416445924630525,0.46745856441027056,30694.0,5936.0,10.0
2020-02-18,RB2005.SHF,3426.0,3434.0,3386.0,3390.0,3409.0,3427.0,3413.0,-23.0,-4.0,1145614,3906429.549,1513733,-6838.0,87,0.7692918250312253,0.6399531407413859,12,RB2010.SHF,3465.0,3481.0,682867,75.0,RB2003.SHF,3369.0,3385.0,27,21.0,RB2102.SHF,3292.0,3307.0,353,-77.0,-0.025589687278633956,-0.025886652722396448,889445.0,893942.0,-38841.0,10109.0,32.0,351940.0,409671.0,-0.0025216063591357346,0.3956849496034044,0.45827469791105013,30694.0,0.0,10.0
2020-02-19,RB2005.SHF,3385.0,3403.0,3376.0,3394.0,3389.0,3390.0,3409.0,-15.0,-20.0,842101,2854601.411,1523788,10055.0,86,0.718746185852982,0.6445043076557377,12,RB2010.SHF,3452.0,3449.0,664052,58.0,RB2003.SHF,3365.0,3374.0,26,29.0,RB2102.SHF,3284.0,3282.0,352,-81.0,-0.026951020519785988,-0.027280695091643922,901728.0,895062.0,12283.0,3729.0,31.0,359367.0,411962.0,0.003709949409780776,0.39853148621313744,0.46026085343808587,30694.0,0.0,10.0
2020-02-20,RB2005.SHF,3395.0,3479.0,3394.0,3460.0,3440.0,3394.0,3389.0,71.0,51.0,1843584,6342449.859,1521918,-1870.0,85,0.796316421469112,0.6432804845574778,12,RB2010.SHF,3500.0,3480.0,671988,40.0,RB2003.SHF,3413.0,3399.0,25,47.0,RB2102.SHF,3308.0,3301.0,351,-105.0,-0.03444516545363357,-0.03498613760288542,947570.0,876363.0,63429.0,-14108.0,31.0,401987.0,405111.0,0.03904035948688905,0.4242293445339131,0.4622639248804434,30694.0,0.0,10.0
2020-02-21,RB2005.SHF,3465.0,3488.0,3453.0,3485.0,3470.0,3460.0,3440.0,45.0,30.0,1226015,4255112.086,1540040,18122.0,84,0.767546454460824,0.6415176079512792,12,RB2010.SHF,3498.0,3499.0,685858,13.0,RB2003.SHF,3428.0,3423.0,24,57.0,RB2102.SHF,3320.0,3322.0,350,-108.0,-0.035274283955301376,-0.03584190030553594,969243.0,895555.0,22739.0,29349.0,32.0,405273.0,411167.0,0.039515271895401,0.41813353307684453,0.4591197637219378,30694.0,0.0,10.0
2020-02-24,RB2005.SHF,3500.0,3514.0,3458.0,3476.0,3483.0,3485.0,3470.0,6.0,13.0,1392277,4850521.447,1509634,-30406.0,81,0.7721445486459656,0.6442215532832113,12,RB2010.SHF,3487.0,3482.0,668151,11.0,RB2003.SHF,3460.0,3451.0,21,16.0,RB2102.SHF,3315.0,3308.0,347,-145.0,-0.046920990106032116,-0.047932522646041635,946215.0,856684.0,-15050.0,-31510.0,33.0,382718.0,386145.0,0.04965946511701432,0.40447255644858726,0.450743798179959,30694.0,0.0,10.0
2020-02-25,RB2005.SHF,3435.0,3494.0,3431.0,3489.0,3461.0,3476.0,3483.0,6.0,-22.0,1269765,4395348.56,1456094,-53540.0,80,0.7572043136431726,0.6222320792918635,12,RB2010.SHF,3516.0,3489.0,719791,27.0,RB2003.SHF,3485.0,3473.0,20,4.0,RB2102.SHF,3334.0,3316.0,346,-151.0,-0.04851202788462385,-0.04959438606631291,911723.0,846808.0,-33287.0,-5886.0,30.0,363535.0,396485.0,0.036914333611406336,0.3987340453185891,0.4682112119866605,36326.0,5632.0,10.0
2020-02-26,RB2005.SHF,3470.0,3488.0,3440.0,3447.0,3464.0,3489.0,3461.0,-14.0,3.0,1267101,4389453.965,1497764,41670.0,79,0.7985737739529402,0.6266726805482451,12,RB2010.SHF,3488.0,3498.0,724260,41.0,RB2003.SHF,3468.0,3461.0,19,-21.0,RB2102.SHF,3317.0,3327.0,345,-151.0,-0.048749831942881794,-0.04984298809197458,920639.0,891968.0,12460.0,46378.0,30.0,377664.0,426613.0,0.015817548977798277,0.4102194236828985,0.47828285319652725,36326.0,0.0,10.0
2020-02-27,RB2005.SHF,3445.0,3456.0,3408.0,3419.0,3426.0,3447.0,3464.0,-45.0,-38.0,1111680,3808623.605,1512736,14972.0,78,0.7989099501543663,0.6222050385604113,12,RB2010.SHF,3471.0,3472.0,743189,52.0,RB2003.SHF,3400.0,3458.0,18,19.0,RB2102.SHF,3304.0,3303.0,344,-96.0,-0.031613136051966764,-0.03206802216759256,908051.0,893563.0,-4556.0,11440.0,30.0,371922.0,419861.0,0.008041678184117131,0.4095827216753244,0.4698728573139219,36326.0,0.0,10.0
2020-02-28,RB2005.SHF,3388.0,3393.0,3324.0,3335.0,3354.0,3419.0,3426.0,-91.0,-72.0,1950824,6544859.6,1490719,-22017.0,77,0.7727584220837919,0.6085163444582327,12,RB2010.SHF,3393.0,3416.0,766343,58.0,RB2003.SHF,3400.0,3390.0,17,-65.0,RB2102.SHF,3249.0,3268.0,343,-151.0,-0.04972482858173947,-0.05086283389978728,891059.0,883072.0,-16992.0,3223.0,29.0,359443.0,386032.0,0.004501922349589743,0.40338855227319403,0.43714668792578637,36326.0,0.0,10.0
2020-03-02,RB2005.SHF,3321.0,3446.0,3321.0,3422.0,3399.0,3335.0,3354.0,68.0,45.0,1806859,6142697.752,1466679,-24040.0,74,0.7853006497598713,0.6017065622112858,12,RB2010.SHF,3473.0,3447.0,785303,51.0,RB2003.SHF,3431.0,3417.0,14,-9.0,RB2102.SHF,3312.0,3302.0,340,-119.0,-0.03883305051559853,-0.03952247694464508,877033.0,837843.0,-14026.0,-18101.0,31.0,363011.0,385900.0,0.022852964295960756,0.41390802854624625,0.46058748476743255,36326.0,0.0,10.0
2020-03-03,RB2005.SHF,3450.0,3466.0,3414.0,3421.0,3437.0,3422.0,3399.0,22.0,38.0,1178454,4050634.37,1468726,2047.0,73,0.7695719550110983,0.5918206332090641,12,RB2010.SHF,3488.0,3490.0,824875,67.0,RB2003.SHF,3431.0,3431.0,13,-10.0,RB2102.SHF,3329.0,3332.0,339,-102.0,-0.03328547187051303,-0.03379027278665661,875467.0,823926.0,-1113.0,-9040.0,32.0,362295.0,381980.0,0.030329064554226126,0.4138305612890035,0.4636095960074084,36326.0,0.0,10.0
2020-03-04,RB2005.SHF,3411.0,3479.0,3410.0,3477.0,3449.0,3421.0,3437.0,40.0,12.0,1384581,4775721.977,1456822,-11904.0,72,0.7527085321003661,0.5815884214232733,12,RB2010.SHF,3528.0,3507.0,865552,51.0,RB2003.SHF,3480.0,3457.0,12,-3.0,RB2102.SHF,3353.0,3347.0,338,-127.0,-0.04086012975107539,-0.0416243607372282,882116.0,797718.0,10579.0,-26208.0,32.0,374779.0,371815.0,0.050241869137069496,0.42486362337833117,0.4660982953875931,36326.0,0.0,10.0
2020-03-05,RB2005.SHF,3478.0,3496.0,3461.0,3469.0,3475.0,3477.0,3449.0,20.0,26.0,1102747,3832819.824,1463654,6832.0,71,0.7605314320513059,0.5788573012782561,12,RB2010.SHF,3509.0,3522.0,875878,40.0,RB2003.SHF,3473.0,3471.0,11,-4.0,RB2102.SHF,3343.0,3358.0,337,-130.0,-0.041909630647642915,-0.04271414327684365,875910.0,785155.0,-4348.0,-2294.0,32.0,367804.0,359115.0,0.05463663372595293,0.4199107214211506,0.45738102667626135,36326.0,0.0,10.0
2020-03-06,RB2005.SHF,3457.0,3469.0,3434.0,3441.0,3449.0,3469.0,3475.0,-34.0,-26.0,1092230,3768122.417,1454168,-9486.0,70,0.7829903214960855,0.575215809566229,12,RB2010.SHF,3488.0,3493.0,880306,47.0,RB2003.SHF,3470.0,3466.0,10,-29.0,RB2102.SHF,3333.0,3338.0,336,-137.0,-0.04420448719082056,-0.045100782334678846,873719.0,804589.0,-1282.0,21032.0,34.0,368009.0,373141.0,0.04119029403422971,0.42119834866816447,0.4637659724405877,33951.0,-2375.0,10.0
2020-03-09,RB2005.SHF,3350.0,3442.0,3350.0,3439.0,3400.0,3441.0,3449.0,-10.0,-49.0,1885069,6409665.524,1425767,-28401.0,67,0.7861657410268825,0.5681686676698249,12,RB2010.SHF,3484.0,3453.0,884413,45.0,RB2003.SHF,3401.0,3437.0,7,38.0,RB2102.SHF,3305.0,3295.0,333,-96.0,-0.03160384080467136,-0.032058456881331986,862091.0,782475.0,903.0,-16943.0,32.0,373308.0,352781.0,0.0484115566052077,0.4330262118500251,0.4508527428991342,30367.0,-3584.0,10.0
2020-03-10,RB2005.SHF,3438.0,3494.0,3427.0,3479.0,3464.0,3439.0,3400.0,79.0,64.0,1469955,5092434.946,1411376,-14391.0,66,0.7880401859188455,0.5728544988148196,12,RB2010.SHF,3505.0,3495.0,863190,26.0,RB2003.SHF,3470.0,3465.0,6,9.0,RB2102.SHF,3329.0,3317.0,332,-141.0,-0.04549512915259636,-0.04644528192805581,893640.0,765686.0,34872.0,-16085.0,32.0,411837.0,336117.0,0.07711203223477484,0.4608533637706459,0.43897498452368205,30074.0,-293.0,10.0
2020-03-11,RB2005.SHF,3496.0,3528.0,3484.0,3497.0,3506.0,3479.0,3464.0,33.0,42.0,1570594,5507921.829,1425564,14188.0,65,0.8090653163304993,0.5803026719591042,12,RB2010.SHF,3502.0,3515.0,844220,5.0,RB2003.SHF,3486.0,3452.0,5,11.0,RB2102.SHF,3330.0,3331.0,331,-156.0,-0.05010400937668288,-0.05125970777146931,901942.0,769485.0,14354.0,7286.0,33.0,422809.0,317940.0,0.07924785228430557,0.4687762627752117,0.4131854422113492,47850.0,17776.0,10.0
2020-03-12,RB2005.SHF,3497.0,3530.0,3466.0,3521.0,3504.0,3497.0,3506.0,15.0,-2.0,1945117,6816204.704,1394189,-31375.0,64,0.8118052335542117,0.5788297433316976,12,RB2010.SHF,3497.0,3496.0,824931,-24.0,RB2003.SHF,3486.0,3486.0,4,35.0,RB2102.SHF,3316.0,3316.0,330,-170.0,-0.054600523038692936,-0.0559767916749845,885240.0,748178.0,-16702.0,-16689.0,32.0,412949.0,312496.0,0.08391116052351572,0.466482535809498,0.41767600758108364,50816.0,2966.0,10.0
2020-03-13,RB2005.SHF,3494.0,3574.0,3465.0,3569.0,3511.0,3521.0,3504.0,65.0,7.0,2353957,8265052.363,1339120,-55069.0,63,0.7784833716022995,0.573539703465,12,RB2010.SHF,3513.0,3471.0,812985,-56.0,RB2003.SHF,3450.0,3452.0,3,119.0,RB2102.SHF,3332.0,3307.0,329,-118.0,-0.038294656352805226,-0.03896487717673418,838295.0,715938.0,-46945.0,-19315.0,34.0,378144.0,286279.0,0.07872500455208453,0.45108702783626287,0.39986563082278076,50816.0,0.0,10.0
2020-03-16,RB2005.SHF,3560.0,3584.0,3537.0,3553.0,3562.0,3569.0,3511.0,42.0,51.0,1468238,5230163.739,1258691,-80429.0,60,0.7612412650318187,0.5430895705087354,12,RB2010.SHF,3485.0,3501.0,876011,-68.0,RB2004.SHF,3520.0,3526.0,30,33.0,RB2102.SHF,3319.0,3325.0,326,-201.0,-0.07041327549140051,-0.0725036208052074,796533.0,674038.0,-25580.0,-40570.0,33.0,370854.0,268987.0,0.08329757624759362,0.4655852299904712,0.3990680050679635,56696.0,5880.0,10.0
2020-03-17,RB2005.SHF,3548.0,3565.0,3530.0,3555.0,3546.0,3553.0,3562.0,-7.0,-16.0,1253354,4445312.357,1183732,-74959.0,59,0.7349954904078806,0.5289852579007133,12,RB2010.SHF,3508.0,3490.0,878424,-47.0,RB2004.SHF,3496.0,3512.0,29,59.0,RB2103.SHF,3318.0,3313.0,363,-178.0,-0.055641006316885656,-0.05710749131478513,719398.0,645587.0,-71260.0,-28451.0,34.0,319742.0,259174.0,0.05407458690022235,0.44445772715520476,0.4014548000501869,56696.0,0.0,10.0
2020-03-18,RB2005.SHF,3545.0,3592.0,3531.0,3548.0,3560.0,3555.0,3546.0,2.0,14.0,1635325,5823350.742,1131497,-52235.0,58,0.741802443968757,0.507823145127847,12,RB2010.SHF,3485.0,3504.0,920671,-63.0,RB2004.SHF,3488.0,3510.0,28,60.0,RB2103.SHF,3312.0,3322.0,362,-176.0,-0.05514200955886396,-0.05658185142562212,672870.0,601115.0,-44549.0,-36221.0,35.0,301570.0,253425.0,0.05632326911227369,0.44818464190705487,0.42159154238373686,56696.0,0.0,10.0
2020-03-19,RB2010.SHF,3489.0,3489.0,3259.0,3437.0,3379.0,3485.0,3504.0,-67.0,-125.0,1480143,5001975.957,982845,62174.0,210,0.32060544387434176,0.45976514131236634,12,RB2005.SHF,3528.0,3461.0,979193,91.0,RB2004.SHF,3450.0,3432.0,27,-13.0,RB2103.SHF,3270.0,3236.0,361,-180.0,-0.057016401978651425,-0.05855763424834981,,,,,,,,,,,56696.0,0.0,10.0
2020-03-20,RB2010.SHF,3445.0,3471.0,3343.0,3359.0,3395.0,3437.0,3379.0,-20.0,16.0,910757,3092233.553,989541,6696.0,209,0.3560866002211376,0.48012244434546425,12,RB2005.SHF,3483.0,3505.0,890648,124.0,RB2004.SHF,3438.0,3440.0,26,-79.0,RB2103.SHF,3200.0,3240.0,360,-238.0,-0.07565148934243207,-0.07839751635199545,,,,,,,,,,,55504.0,-1192.0,10.0
2020-03-23,RB2010.SHF,3310.0,3329.0,3240.0,3270.0,3288.0,3359.0,3395.0,-125.0,-107.0,1071296,3523113.475,1110759,121218.0,206,0.4270731843441793,0.5229224856965441,12,RB2005.SHF,3400.0,3421.0,813347,130.0,RB2004.SHF,3379.0,3392.0,23,-109.0,RB2103.SHF,3126.0,3132.0,357,-253.0,-0.08182362708734645,-0.08504890761226593,,,,,,,,,,,52214.0,-3290.0,10.0
2020-03-24,RB2010.SHF,3285.0,3362.0,3281.0,3346.0,3314.0,3270.0,3288.0,58.0,26.0,1219523,4042469.596,1096182,-14577.0,205,0.48055929032247896,0.5386678145855477,12,RB2005.SHF,3435.0,3413.0,744010,89.0,RB2004.SHF,3397.0,3380.0,22,-51.0,RB2103.SHF,3193.0,3170.0,356,-204.0,-0.06562676824743213,-0.06767993424466376,,,,,,,,,,,37906.0,-14308.0,10.0
2020-03-25,RB2010.SHF,3368.0,3391.0,3333.0,3365.0,3364.0,3346.0,3314.0,51.0,50.0,989968,3330852.108,1117582,21400.0,204,0.5164774680725742,0.5494981618361087,12,RB2005.SHF,3463.0,3452.0,721047,98.0,RB2004.SHF,3441.0,3422.0,21,-76.0,RB2103.SHF,3200.0,3204.0,355,-241.0,-0.07653829220373552,-0.07935069074409223,,,,,,,,,,,37906.0,0.0,10.0
2020-03-26,RB2010.SHF,3360.0,3377.0,3335.0,3341.0,3351.0,3365.0,3364.0,-23.0,-13.0,998466,3346703.04,1164251,46669.0,203,0.6494945348881836,0.5738157866851195,12,RB2005.SHF,3455.0,3458.0,666800,114.0,RB2004.SHF,3445.0,3445.0,20,-104.0,RB2103.SHF,3193.0,3198.0,354,-252.0,-0.07993881612681743,-0.08301344795669628,,,,,,,,,,,37906.0,0.0,10.0
2020-03-27,RB2010.SHF,3351.0,3362.0,3321.0,3329.0,3342.0,3341.0,3351.0,-22.0,-9.0,1074451,3591808.228,1208580,44329.0,202,0.7270464126455681,0.5919551348770005,12,RB2005.SHF,3459.0,3458.0,636178,130.0,RB2004.SHF,3435.0,3438.0,19,-106.0,RB2103.SHF,3184.0,3187.0,353,-251.0,-0.07985339364938247,-0.08292128759773733,,,,,,,,,,,37610.0,-296.0,10.0
2020-03-30,RB2010.SHF,3306.0,3308.0,3224.0,3242.0,3256.0,3329.0,3342.0,-100.0,-86.0,1638094,5335028.216,1371228,162648.0,199,0.7210771340985644,0.6513024119831117,12,RB2005.SHF,3406.0,3411.0,521193,164.0,RB2004.SHF,3410.0,3393.0,16,-168.0,RB2103.SHF,3095.0,3118.0,350,-315.0,-0.10094912813668852,-0.10592036102690451,,,,,,,,,,,37610.0,0.0,10.0
2020-03-31,RB2010.SHF,3253.0,3271.0,3220.0,3233.0,3245.0,3242.0,3256.0,-23.0,-11.0,1073302,3482903.842,1432887,61659.0,198,0.7373108982769778,0.6799205478893042,12,RB2005.SHF,3406.0,3405.0,460440,173.0,RB2004.SHF,3297.0,3431.0,15,-64.0,RB2103.SHF,3102.0,3120.0,349,-195.0,-0.0646341529861115,-0.066624410950195,,,,,,,,,,,37022.0,-588.0,10.0
2020-04-01,RB2010.SHF,3245.0,3245.0,3154.0,3169.0,3182.0,3233.0,3245.0,-76.0,-63.0,1710110,5442173.095,1611977,179090.0,197,0.7983557730014379,0.7128913108276999,12,RB2005.SHF,3352.0,3371.0,418537,183.0,RB2004.SHF,3353.0,3351.0,14,-184.0,RB2103.SHF,3035.0,3054.0,348,-318.0,-0.10364299733369527,-0.10889244217068834,,,,,,,,,,,37022.0,0.0,10.0
2020-04-02,RB2010.SHF,3150.0,3241.0,3103.0,3229.0,3165.0,3169.0,3182.0,47.0,-17.0,2280121,7218300.657,1551444,-60533.0,196,0.7924226864136261,0.7264481140932275,12,RB2005.SHF,3377.0,3320.0,356196,148.0,RB2004.SHF,3310.0,3300.0,13,-81.0,RB2103.SHF,3091.0,3024.0,347,-219.0,-0.07230403241854656,-0.07480699723722206,,,,,,,,,,,36145.0,-877.0,10.0
2020-04-03,RB2010.SHF,3230.0,3257.0,3178.0,3189.0,3203.0,3229.0,3165.0,24.0,38.0,1394167,4465724.332,1499548,-51896.0,195,0.8434621364744602,0.725776560902054,12,RB2005.SHF,3358.0,3368.0,339782,169.0,RB2004.SHF,3292.0,3297.0,12,-103.0,RB2103.SHF,3058.0,3050.0,346,-234.0,-0.07767878580627326,-0.08057776642934966,,,,,,,,,,,36145.0,0.0,10.0
2020-04-07,RB2010.SHF,3218.0,3244.0,3191.0,3206.0,3215.0,3189.0,3203.0,3.0,12.0,1364695,4387948.993,1534684,35136.0,191,0.8299847771707433,0.7379093776099603,12,RB2005.SHF,3342.0,3359.0,319197,136.0,RB2004.SHF,3322.0,3322.0,8,-116.0,RB2103.SHF,3060.0,3065.0,342,-262.0,-0.0861882496295789,-0.08977699029277549,,,,,,,,,,,35260.0,-885.0,10.0
2020-04-08,RB2010.SHF,3200.0,3257.0,3183.0,3244.0,3227.0,3206.0,3215.0,29.0,12.0,1479143,4774183.168,1501120,-33564.0,190,0.8476702211122261,0.7425736207092718,12,RB2005.SHF,3373.0,3364.0,304143,129.0,RB2004.SHF,3325.0,3323.0,7,-81.0,RB2103.SHF,3072.0,3073.0,341,-253.0,-0.08315249200846427,-0.0864862678747694,,,,,,,,,,,35260.0,0.0,10.0
2020-04-09,RB2010.SHF,3257.0,3322.0,3253.0,3306.0,3293.0,3244.0,3227.0,79.0,66.0,1704182,5612029.559,1535127,34007.0,189,0.8256899758666517,0.7615121437496931,12,RB2005.SHF,3440.0,3424.0,269029,134.0,RB2004.SHF,3326.0,3326.0,6,-20.0,RB2103.SHF,3107.0,3104.0,340,-219.0,-0.0719562078488843,-0.07443459245909083,,,,,,,,,,,34963.0,-297.0,10.0
2020-04-10,RB2010.SHF,3306.0,3376.0,3298.0,3373.0,3330.0,3306.0,3293.0,80.0,37.0,1563049,5205719.098,1523575,-11552.0,188,0.8384983678494505,0.7696467477648002,12,RB2005.SHF,3518.0,3481.0,244539,145.0,RB2004.SHF,3450.0,3450.0,5,-77.0,RB2103.SHF,3144.0,3124.0,339,-306.0,-0.09692788336370739,-0.10149880273608541,,,,,,,,,,,,,
2020-04-13,RB2010.SHF,3378.0,3417.0,3356.0,3387.0,3388.0,3373.0,3330.0,57.0,58.0,1638618,5553131.415,1584948,61373.0,185,0.8634766965028156,0.7936342933368585,12,RB2005.SHF,3541.0,3517.0,209070,154.0,RB2004.SHF,3450.0,3450.0,2,-63.0,RB2103.SHF,3167.0,3167.0,336,-283.0,-0.08964245422199078,-0.09353339572655525,,,,,,,,,,,37674.0,2711.0,10.0
2020-04-14,RB2010.SHF,3393.0,3425.0,3370.0,3384.0,3393.0,3387.0,3388.0,-4.0,5.0,1488667,5052116.809,1569799,-15149.0,184,0.8821631045339341,0.7987701435426176,12,RB2101.SHF,3234.0,3235.0,196422,-150.0,RB2004.SHF,3470.0,3470.0,1,-86.0,RB2103.SHF,3194.0,3181.0,335,-276.0,-0.08692125834785755,-0.09057304976218768,,,,,,,,,,,37674.0,0.0,10.0
2020-04-15,RB2010.SHF,3378.0,3405.0,3358.0,3373.0,3380.0,3384.0,3393.0,-20.0,-13.0,1449573,4899829.129,1562103,-7696.0,183,0.8908514562337103,0.7955082718238549,12,RB2101.SHF,3230.0,3233.0,216444,-143.0,RB2005.SHF,3525.0,3528.0,30,-152.0,RB2103.SHF,3181.0,3183.0,334,-344.0,-0.11717058603956705,-0.12328934400160235,,,,,,,,,,,37378.0,-296.0,10.0
2020-04-16,RB2010.SHF,3363.0,3408.0,3348.0,3385.0,3380.0,3373.0,3380.0,5.0,0.0,1743734,5894511.478,1546029,-16074.0,182,0.9078085002371387,0.79645824854595,12,RB2101.SHF,3240.0,3232.0,220607,-145.0,RB2005.SHF,3540.0,3533.0,29,-155.0,RB2104.SHF,3190.0,3183.0,364,-350.0,-0.10772409140736998,-0.11342871873838632,,,,,,,,,,,37378.0,0.0,10.0
2020-04-17,RB2010.SHF,3398.0,3435.0,3371.0,3381.0,3400.0,3385.0,3380.0,1.0,20.0,1654281,5625940.044,1507800,-38229.0,181,0.9005291206906876,0.7920440493737925,12,RB2101.SHF,3246.0,3255.0,238957,-135.0,RB2005.SHF,3542.0,3556.0,28,-161.0,RB2104.SHF,3205.0,3205.0,363,-337.0,-0.10366434344370755,-0.10893283247947196,,,,,,,,,,,37378.0,0.0,10.0
2020-04-20,RB2010.SHF,3399.0,3405.0,3360.0,3362.0,3379.0,3381.0,3400.0,-38.0,-21.0,1123065,3795111.642,1538347,30547.0,178,0.9056837032335795,0.8008878583008556,12,RB2101.SHF,3225.0,3243.0,242519,-137.0,RB2005.SHF,3533.0,3541.0,25,-171.0,RB2104.SHF,3188.0,3193.0,360,-345.0,-0.10639556252138685,-0.11195542304149089,618876.0,526095.0,-5312.0,19248.0,22.0,333974.0,331121.0,0.0810334934247243,0.5396460680330147,0.6293939307539513,37378.0,0.0,10.0
2020-04-21,RB2010.SHF,3350.0,3351.0,3306.0,3337.0,3326.0,3362.0,3379.0,-42.0,-53.0,1529213,5087639.806,1527245,-11102.0,177,0.9030509895859476,0.8035687038364119,12,RB2101.SHF,3195.0,3190.0,253264,-142.0,RB2005.SHF,3507.0,3503.0,24,-170.0,RB2104.SHF,3154.0,3156.0,359,-353.0,-0.10966978622711926,-0.11559003329933115,893514.0,882898.0,-203.0,-20598.0,36.0,366576.0,370185.0,0.005976091132012169,0.4102632974972972,0.4192839943005874,37378.0,0.0,10.0
2020-04-22,RB2010.SHF,3320.0,3375.0,3304.0,3375.0,3339.0,3337.0,3326.0,49.0,13.0,1455480,4860695.992,1572868,45623.0,176,0.924547502258201,0.8116440706566302,12,RB2101.SHF,3226.0,3191.0,254545,-149.0,RB2005.SHF,3537.0,3506.0,23,-162.0,RB2104.SHF,3175.0,3154.0,358,-362.0,-0.11151199051392742,-0.11764034753946671,927615.0,916464.0,38071.0,36202.0,35.0,368526.0,381455.0,0.006046920983320129,0.39728335570252743,0.41622475078126364,37082.0,-296.0,10.0
2020-04-23,RB2010.SHF,3376.0,3388.0,3325.0,3330.0,3356.0,3375.0,3339.0,-9.0,17.0,1510335,5070000.292,1538473,-34395.0,175,0.9217740030723054,0.8108873218427942,12,RB2101.SHF,3189.0,3216.0,259501,-141.0,RB2005.SHF,3503.0,3525.0,22,-173.0,RB2104.SHF,3173.0,3184.0,357,-330.0,-0.10264123288780187,-0.10780272996780982,899711.0,920793.0,-21710.0,12287.0,34.0,372590.0,383763.0,-0.011580309628542425,0.41412186802206485,0.41677445419328774,24906.0,-12176.0,10.0
2020-04-24,RB2010.SHF,3325.0,3348.0,3318.0,3343.0,3334.0,3330.0,3356.0,-13.0,-22.0,1122495,3742587.966,1521265,-17208.0,174,0.9259554087585461,0.8132345433502527,12,RB2101.SHF,3202.0,3195.0,261439,-141.0,RB2005.SHF,3517.0,3512.0,21,-174.0,RB2104.SHF,3160.0,3184.0,356,-357.0,-0.11059714223876356,-0.11662166851031046,892719.0,902655.0,-6992.0,-15245.0,36.0,366335.0,357028.0,-0.0055342229529891825,0.41035869069662456,0.3955309614415253,24906.0,0.0,10.0
2020-04-27,RB2010.SHF,3345.0,3359.0,3309.0,3316.0,3330.0,3343.0,3334.0,-18.0,-4.0,1200761,3999545.888,1514312,-6953.0,171,0.9274298129555525,0.818460756839144,12,RB2101.SHF,3183.0,3193.0,265751,-133.0,RB2005.SHF,3513.0,3517.0,18,-197.0,RB2104.SHF,3149.0,3156.0,353,-364.0,-0.11289411184895343,-0.11918114141836683,877613.0,896490.0,-11312.0,-3516.0,34.0,362810.0,365727.0,-0.010640306678924504,0.41340545320089833,0.40795435531907775,24906.0,0.0,10.0
2020-04-28,RB2010.SHF,3309.0,3333.0,3276.0,3292.0,3303.0,3316.0,3330.0,-38.0,-27.0,1652114,5456949.601,1534322,20010.0,170,0.9222818984521582,0.8230661200737708,12,RB2101.SHF,3162.0,3166.0,275825,-130.0,RB2005.SHF,3492.0,3492.0,17,-200.0,RB2104.SHF,3137.0,3128.0,352,-355.0,-0.11076490400232511,-0.11680839910632043,897018.0,910196.0,29036.0,15127.0,36.0,367254.0,394250.0,-0.007291886849039461,0.40941653344748935,0.4331484647262787,24906.0,0.0,10.0
2020-04-29,RB2010.SHF,3292.0,3315.0,3286.0,3302.0,3297.0,3292.0,3303.0,-1.0,-6.0,981516,3236969.417,1541709,7387.0,169,0.9191756678547548,0.8249409269334658,12,RB2101.SHF,3169.0,3164.0,284970,-133.0,RB2005.SHF,3486.0,3490.0,16,-184.0,RB2104.SHF,3144.0,3134.0,351,-342.0,-0.10689238831659255,-0.11250615365303637,913813.0,910326.0,16795.0,1037.0,36.0,371287.0,403101.0,0.0019115867814897879,0.4063052287503023,0.44280949901463873,24906.0,0.0,10.0
2020-04-30,RB2010.SHF,3312.0,3368.0,3311.0,3367.0,3343.0,3302.0,3297.0,70.0,46.0,1351155,4517377.749,1478071,-63638.0,168,0.9242901021322589,0.8275252584632508,12,RB2101.SHF,3218.0,3207.0,278599,-149.0,RB2005.SHF,3524.0,3506.0,15,-157.0,RB2104.SHF,3178.0,3171.0,350,-346.0,-0.1069764683958188,-0.11259938383637078,891950.0,873667.0,-21863.0,-33211.0,35.0,364837.0,368712.0,0.010355020369649817,0.40903301754582655,0.4220280724807049,24906.0,0.0,10.0
2020-05-06,RB2010.SHF,3385.0,3406.0,3371.0,3392.0,3388.0,3367.0,3343.0,49.0,45.0,1091440,3698274.9,1455415,-22656.0,162,0.9295377605552835,0.8269210774067195,12,RB2101.SHF,3247.0,3244.0,278513,-145.0,RB2005.SHF,3559.0,3544.0,9,-167.0,RB2104.SHF,3207.0,3209.0,344,-352.0,-0.10776127790382171,-0.11346998603945906,882520.0,866287.0,4385.0,-1247.0,37.0,367090.0,339664.0,0.009282327895531068,0.4159565788877306,0.3920917663545684,24906.0,0.0,10.0
2020-05-07,RB2010.SHF,3400.0,3443.0,3394.0,3439.0,3422.0,3392.0,3388.0,51.0,34.0,1421089,4863100.44,1567775,112360.0,161,0.945345678158228,0.8356016315757775,12,RB2101.SHF,3290.0,3274.0,286193,-149.0,RB2005.SHF,3587.0,3574.0,8,-148.0,RB2104.SHF,3249.0,3228.0,343,-338.0,-0.10266759317435685,-0.10783183217928818,946183.0,912824.0,67401.0,47447.0,38.0,393169.0,351705.0,0.01794452629817962,0.4155316677640583,0.38529333146367756,24611.0,-295.0,10.0
2020-05-08,RB2010.SHF,3443.0,3480.0,3439.0,3452.0,3457.0,3439.0,3422.0,30.0,35.0,1430332,4945181.282,1559451,-8324.0,160,0.9383188703951045,0.8408040269281409,12,RB2101.SHF,3295.0,3301.0,278649,-157.0,RB2005.SHF,3536.0,3575.0,7,-84.0,RB2104.SHF,3234.0,3247.0,342,-302.0,-0.09305564935503481,-0.09727128364619672,938506.0,927369.0,3195.0,15619.0,38.0,392448.0,351973.0,0.005968781402827092,0.41816248377740795,0.3795393203784039,24611.0,0.0,10.0
2020-05-11,RB2010.SHF,3460.0,3474.0,3432.0,3452.0,3452.0,3452.0,3457.0,-5.0,-5.0,1272924,4395161.424,1542556,-16895.0,157,0.9355298406270556,0.837857509103392,12,RB2101.SHF,3294.0,3296.0,284336,-158.0,RB2005.SHF,3407.0,3460.0,4,45.0,RB2104.SHF,3232.0,3235.0,339,-175.0,-0.055964673258304946,-0.05745317694714305,926975.0,927564.0,-6638.0,1481.0,35.0,381068.0,354529.0,-0.0003175991445852581,0.41108767766120985,0.3822151355593792,24611.0,0.0,10.0
2020-05-12,RB2010.SHF,3448.0,3467.0,3441.0,3464.0,3455.0,3452.0,3452.0,12.0,3.0,1014702,3505869.294,1571098,28542.0,156,0.9339438732776791,0.8420474357744397,12,RB2101.SHF,3304.0,3298.0,281506,-160.0,RB2005.SHF,3428.0,3400.0,3,36.0,RB2104.SHF,3234.0,3240.0,338,-194.0,-0.06166077430815588,-0.06347430581171844,949268.0,932103.0,22293.0,5707.0,35.0,392426.0,354934.0,0.009123665667218214,0.4133985344497023,0.3807883892659931,24611.0,0.0,10.0
2020-05-13,RB2010.SHF,3470.0,3495.0,3434.0,3464.0,3463.0,3464.0,3455.0,9.0,8.0,1638388,5674563.93,1557860,-13238.0,155,0.945901256977112,0.8390161409329103,12,RB2101.SHF,3310.0,3305.0,285855,-154.0,RB2005.SHF,3419.0,3419.0,2,45.0,RB2104.SHF,3253.0,3250.0,337,-166.0,-0.05290016719561015,-0.05422751956887073,940585.0,923924.0,-4801.0,-593.0,35.0,390743.0,371108.0,0.00893586461636817,0.41542550646672016,0.40166507201891066,24316.0,-295.0,10.0
2020-05-14,RB2010.SHF,3464.0,3474.0,3443.0,3445.0,3457.0,3464.0,3463.0,-18.0,-6.0,1391639,4812204.472,1572719,14859.0,154,0.94383664677449,0.837652300999397,12,RB2101.SHF,3296.0,3304.0,291791,-149.0,RB2005.SHF,3406.0,3415.0,1,39.0,RB2104.SHF,3247.0,3249.0,336,-159.0,-0.05086283205230457,-0.05208832098126119,939509.0,934432.0,-1076.0,10508.0,34.0,390756.0,374443.0,0.002709263525372464,0.41591512162203875,0.40071722714975516,21359.0,-2957.0,10.0
2020-05-15,RB2010.SHF,3442.0,3476.0,3426.0,3464.0,3453.0,3445.0,3457.0,7.0,-4.0,1475799,5096281.052,1568331,-4388.0,153,0.9468061150449121,0.8396522389034572,12,RB2101.SHF,3313.0,3303.0,286550,-151.0,RB2006.SHF,3505.0,3507.0,31,-41.0,RB2104.SHF,3261.0,3251.0,335,-244.0,-0.08358360237255051,-0.08663541987819258,941925.0,931441.0,5463.0,4682.0,34.0,396039.0,383262.0,0.005596343693650894,0.4204570427581814,0.41147211685979035,20469.0,-890.0,10.0
2020-05-18,RB2010.SHF,3469.0,3544.0,3455.0,3528.0,3512.0,3464.0,3453.0,75.0,59.0,1869234,6564793.269,1473769,-94562.0,150,0.8973543601929862,0.8256566231513653,12,RB2101.SHF,3372.0,3357.0,277821,-156.0,RB2006.SHF,3551.0,3534.0,28,-23.0,RB2105.SHF,3277.0,3251.0,364,-274.0,-0.08382112349304685,-0.08723161532488018,878314.0,856858.0,-42981.0,-55377.0,33.0,359521.0,360214.0,0.012365344761210992,0.40933083157048616,0.4203893760693137,20469.0,0.0,10.0
2020-05-19,RB2010.SHF,3527.0,3583.0,3522.0,3562.0,3557.0,3528.0,3512.0,50.0,45.0,1586398,5642918.887,1486670,12901.0,149,0.9132624130214897,0.828312397134417,12,RB2101.SHF,3392.0,3395.0,269062,-170.0,RB2006.SHF,3577.0,3552.0,27,-15.0,RB2105.SHF,3292.0,3297.0,363,-285.0,-0.08655247813411082,-0.09019538623110396,851412.0,892979.0,-9698.0,38089.0,34.0,352472.0,381100.0,-0.02382894660658075,0.4139852386388728,0.42677375391806527,20177.0,-292.0,10.0
2020-05-20,RB2010.SHF,3556.0,3558.0,3524.0,3531.0,3539.0,3562.0,3557.0,-26.0,-18.0,1111150,3932499.462,1468224,-18446.0,148,0.9194752664752938,0.8244290240092358,12,RB2101.SHF,3376.0,3378.0,268181,-155.0,RB2006.SHF,3530.0,3530.0,26,1.0,RB2105.SHF,3280.0,3281.0,362,-250.0,-0.07693410225279916,-0.07979426702512163,843670.0,892063.0,-7742.0,-916.0,34.0,355399.0,373172.0,-0.02788044013681828,0.4212535707089265,0.41832471473427324,19290.0,-887.0,10.0
2020-05-21,RB2010.SHF,3535.0,3571.0,3527.0,3568.0,3548.0,3531.0,3539.0,29.0,9.0,1233801,4377786.593,1449396,-18828.0,147,0.9238958450180578,0.8278142707258274,12,RB2101.SHF,3403.0,3390.0,255225,-165.0,RB2006.SHF,3570.0,3553.0,25,-2.0,RB2105.SHF,3304.0,3290.0,361,-266.0,-0.08094070961718017,-0.08411483675142219,844117.0,868766.0,3587.0,-23297.0,33.0,355806.0,368931.0,-0.014390358243966459,0.42151265760552153,0.4246609558845535,19290.0,0.0,10.0
2020-05-22,RB2010.SHF,3570.0,3594.0,3505.0,3508.0,3547.0,3568.0,3548.0,-40.0,-1.0,1957742,6944294.8,1375530,-73866.0,146,0.913730256298242,0.815757324160835,12,RB2101.SHF,3349.0,3383.0,254166,-159.0,RB2006.SHF,3613.0,3599.0,24,-105.0,RB2105.SHF,3258.0,3286.0,360,-355.0,-0.1067367508863495,-0.1123514994784588,815853.0,813593.0,-28264.0,-37821.0,32.0,344206.0,355063.0,0.001386974468623078,0.421897081949812,0.436413538464564,18114.0,-1176.0,10.0
2020-05-25,RB2010.SHF,3516.0,3538.0,3488.0,3500.0,3510.0,3508.0,3547.0,-47.0,-37.0,1412621,4958923.843,1349237,-26293.0,143,0.9160199957331715,0.8052987587207966,12,RB2101.SHF,3336.0,3348.0,260704,-164.0,RB2006.SHF,3597.0,3599.0,21,-97.0,RB2105.SHF,3248.0,3255.0,357,-349.0,-0.10539950620225845,-0.11086955649145891,802024.0,788627.0,-11294.0,-21865.0,32.0,330063.0,342202.0,0.008422337772396333,0.41153755997326763,0.4339212327247228,3302.0,-14812.0,10.0
2020-05-26,RB2010.SHF,3500.0,3520.0,3488.0,3493.0,3502.0,3500.0,3510.0,-17.0,-8.0,1211222,4242650.931,1326071,-23166.0,142,0.9094296045795016,0.7972741418037873,12,RB2101.SHF,3320.0,3335.0,261786,-173.0,RB2006.SHF,3560.0,3568.0,20,-67.0,RB2105.SHF,3235.0,3247.0,356,-325.0,-0.09917151551631892,-0.1039941671801859,769522.0,794446.0,-32502.0,5819.0,33.0,322061.0,352838.0,-0.015936387445267423,0.41852084800694456,0.44413087862485306,3302.0,0.0,10.0
2020-05-27,RB2010.SHF,3486.0,3510.0,3467.0,3494.0,3485.0,3493.0,3502.0,-8.0,-17.0,1366527,4763161.81,1305295,-20776.0,141,0.9241570488153575,0.7894916701747255,12,RB2101.SHF,3328.0,3322.0,265427,-166.0,RB2006.SHF,3504.0,3504.0,19,-10.0,RB2105.SHF,3238.0,3235.0,355,-266.0,-0.08246527777777776,-0.0857633958447205,758948.0,776127.0,-10574.0,-17210.0,33.0,315972.0,342202.0,-0.011190984153868704,0.4163289184502759,0.4409097995560005,3894.0,592.0,10.0
2020-05-28,RB2010.SHF,3495.0,3512.0,3472.0,3498.0,3492.0,3494.0,3485.0,13.0,7.0,1335486,4663599.191,1258513,-46782.0,140,0.9221562178700626,0.7756882042988154,12,RB2101.SHF,3335.0,3329.0,277335,-163.0,RB2006.SHF,3430.0,3428.0,18,68.0,RB2105.SHF,3243.0,3237.0,354,-187.0,-0.05922445508815773,-0.06090006951257051,728589.0,760600.0,-30359.0,-13683.0,36.0,296485.0,341398.0,-0.02149559256749815,0.4069303818751038,0.4488535366815672,3894.0,0.0,10.0
2020-05-29,RB2010.SHF,3498.0,3580.0,3495.0,3579.0,3533.0,3498.0,3492.0,87.0,41.0,1609216,5686299.436,1330273,71760.0,139,0.9230707456825419,0.7905642638445154,12,RB2101.SHF,3405.0,3369.0,271607,-174.0,RB2006.SHF,3444.0,3504.0,17,135.0,RB2105.SHF,3291.0,3268.0,353,-153.0,-0.04825939522150326,-0.049364204049293904,770786.0,774616.0,46034.0,29435.0,34.0,308119.0,333120.0,-0.0024783195569825843,0.39974649254137984,0.43004533859357413,3894.0,0.0,10.0
2020-06-01,RB2010.SHF,3580.0,3609.0,3557.0,3577.0,3580.0,3579.0,3533.0,44.0,47.0,1786836,6398634.962,1267393,-62880.0,136,0.9152949215678541,0.7868355489719987,12,RB2101.SHF,3402.0,3410.0,265954,-175.0,RB2006.SHF,3504.0,3504.0,14,73.0,RB2105.SHF,3291.0,3292.0,350,-213.0,-0.06603422619047625,-0.06812649296495207,722558.0,738273.0,-40566.0,-25086.0,35.0,294967.0,308344.0,-0.010757575653857291,0.4082260524414649,0.4176557994129543,3894.0,0.0,10.0
2020-06-02,RB2010.SHF,3569.0,3648.0,3568.0,3634.0,3608.0,3577.0,3580.0,54.0,28.0,1639428,5915274.778,1424237,156844.0,135,0.9210554258699005,0.8075526494545958,12,RB2101.SHF,3458.0,3433.0,265868,-176.0,RB2006.SHF,3585.0,3537.0,13,49.0,RB2105.SHF,3335.0,3314.0,349,-250.0,-0.07575380221823733,-0.07852474720136535,828962.0,814642.0,107808.0,89399.0,34.0,366063.0,331694.0,0.008712560933168818,0.4415920150742736,0.40716535607051935,3894.0,0.0,10.0
2020-06-03,RB2010.SHF,3641.0,3663.0,3622.0,3634.0,3640.0,3634.0,3608.0,26.0,32.0,1617332,5887770.87,1405922,-18315.0,134,0.9236376428717463,0.8110425590216184,12,RB2101.SHF,3459.0,3458.0,252505,-175.0,RB2006.SHF,3537.0,3537.0,12,97.0,RB2105.SHF,3334.0,3333.0,348,-203.0,-0.06234685703515221,-0.0642075474749422,810055.0,807598.0,-18907.0,-3458.0,37.0,361231.0,332478.0,0.001518867148887926,0.4459339180672917,0.4116874979878603,3894.0,0.0,10.0
2020-06-04,RB2010.SHF,3633.0,3679.0,3605.0,3606.0,3646.0,3634.0,3640.0,-34.0,6.0,1924866,7018430.143,1383452,-22470.0,133,0.9316516938606897,0.8063648789244987,12,RB2101.SHF,3430.0,3467.0,254952,-176.0,RB2006.SHF,3537.0,3537.0,11,69.0,RB2105.SHF,3315.0,3342.0,347,-222.0,-0.06818227715174281,-0.07041598096343445,803167.0,805289.0,-6888.0,-659.0,37.0,356210.0,324250.0,-0.00131927761778998,0.4435067675838275,0.4026504770337109,3894.0,0.0,10.0
2020-06-05,RB2010.SHF,3607.0,3615.0,3591.0,3604.0,3603.0,3606.0,3646.0,-42.0,-43.0,1115833,4021189.092,1325018,-58434.0,132,0.9183440338620089,0.7935826686295343,12,RB2101.SHF,3436.0,3436.0,265630,-168.0,RB2006.SHF,3537.0,3537.0,10,67.0,RB2105.SHF,3319.0,3320.0,346,-218.0,-0.0669537676535132,-0.06910599042324313,749395.0,780707.0,-53772.0,-18104.0,37.0,319294.0,321260.0,-0.020463995210776798,0.42606902901674015,0.4114988081316038,,,
2020-06-08,RB2010.SHF,3605.0,3666.0,3583.0,3616.0,3628.0,3604.0,3603.0,13.0,25.0,1779854,6458197.971,1307324,-17694.0,129,0.9288756864067201,0.7900269763304455,12,RB2101.SHF,3452.0,3463.0,268690,-164.0,RB2006.SHF,3600.0,3600.0,7,16.0,RB2105.SHF,3339.0,3343.0,343,-261.0,-0.07875744047619049,-0.08175835369851073,714512.0,791115.0,-22857.0,14535.0,37.0,293701.0,341104.0,-0.050877807053141315,0.41105117898649707,0.43116866700795714,3894.0,0.0,10.0
2020-06-09,RB2010.SHF,3615.0,3626.0,3588.0,3619.0,3603.0,3616.0,3628.0,-9.0,-25.0,1281325,4617877.969,1325030,17706.0,128,0.9313890823237969,0.7879527429351972,12,RB2101.SHF,3456.0,3445.0,271908,-163.0,RB2006.SHF,3600.0,3600.0,6,19.0,RB2105.SHF,3341.0,3333.0,342,-259.0,-0.07815393518518522,-0.0811078689342779,743901.0,808063.0,30189.0,22046.0,35.0,322536.0,346015.0,-0.0413424538198051,0.4335738223231317,0.428202999023591,3894.0,0.0,10.0
2020-06-10,RB2010.SHF,3612.0,3623.0,3578.0,3587.0,3602.0,3619.0,3603.0,-16.0,-1.0,1246605,4491425.9,1388278,63248.0,127,0.9321400851529658,0.7906397432188312,12,RB2101.SHF,3430.0,3445.0,276958,-157.0,RB2006.SHF,3600.0,3600.0,5,-13.0,RB2105.SHF,3322.0,3332.0,341,-278.0,-0.08388723544973542,-0.08730325746696674,767647.0,842468.0,29046.0,40054.0,34.0,324059.0,361024.0,-0.0464693515680557,0.4221458561031307,0.42853141009510154,3894.0,0.0,10.0
2020-06-11,RB2010.SHF,3585.0,3621.0,3572.0,3596.0,3593.0,3587.0,3602.0,-6.0,-9.0,1440657,5177042.404,1336524,-51754.0,126,0.9269318842043699,0.7823414682116926,12,RB2101.SHF,3439.0,3439.0,282112,-157.0,RB2006.SHF,3600.0,3600.0,4,-4.0,RB2105.SHF,3324.0,3327.0,340,-276.0,-0.08328373015873015,-0.08664944491409175,740428.0,807569.0,-23000.0,-31225.0,36.0,310495.0,341897.0,-0.04337282307394653,0.41934529758464023,0.4233656814464151,3894.0,0.0,10.0
2020-06-12,RB2010.SHF,3589.0,3627.0,3560.0,3626.0,3597.0,3596.0,3593.0,33.0,4.0,1627885,5856900.095,1383420,46896.0,125,0.929757777562012,0.790099512034651,12,RB2101.SHF,3464.0,3439.0,281257,-162.0,RB2006.SHF,3600.0,3600.0,3,26.0,RB2105.SHF,3343.0,3326.0,339,-257.0,-0.07755042989417985,-0.08045777344880205,763375.0,828140.0,34634.0,20571.0,34.0,310609.0,358947.0,-0.040693929997518086,0.4068891436056984,0.43343758301736424,3894.0,0.0,10.0
2020-06-15,RB2010.SHF,3630.0,3635.0,3567.0,3572.0,3601.0,3626.0,3597.0,-25.0,4.0,1490916,5368962.602,1364692,-18728.0,122,0.908948249215828,0.7767149211299911,12,RB2101.SHF,3421.0,3443.0,297059,-151.0,RB2007.SHF,3680.0,3684.0,30,-108.0,RB2105.SHF,3311.0,3329.0,336,-369.0,-0.11960517902813295,-0.1260353273520966,747452.0,818534.0,-12910.0,-6434.0,34.0,305672.0,364376.0,-0.045391210393962655,0.40895201297207046,0.4451568291604258,3894.0,0.0,10.0
2020-06-16,RB2010.SHF,3577.0,3605.0,3575.0,3599.0,3592.0,3572.0,3601.0,-2.0,-9.0,935338,3360370.892,1347586,-17106.0,121,0.9297566707057534,0.774691091879686,12,RB2101.SHF,3445.0,3439.0,299019,-154.0,RB2007.SHF,3693.0,3706.0,29,-94.0,RB2106.SHF,3311.0,3306.0,364,-382.0,-0.11270212705764436,-0.11896698572071845,756419.0,812949.0,14970.0,-5042.0,34.0,314818.0,361566.0,-0.03602086954748663,0.41619525686160713,0.4447585272876896,3894.0,0.0,10.0
2020-06-17,RB2010.SHF,3595.0,3620.0,3572.0,3585.0,3594.0,3599.0,3592.0,-7.0,2.0,1286906,4625867.891,1376871,29285.0,120,0.9275232168018652,0.7763204039725167,12,RB2101.SHF,3436.0,3441.0,300524,-149.0,RB2007.SHF,3702.0,3693.0,28,-117.0,RB2106.SHF,3304.0,3306.0,363,-398.0,-0.11713716667876174,-0.12392497268593894,774021.0,812926.0,18126.0,12071.0,33.0,334340.0,362156.0,-0.02451562654581407,0.43195210465865913,0.4454968840952313,3894.0,0.0,10.0
2020-06-18,RB2010.SHF,3589.0,3619.0,3583.0,3615.0,3604.0,3585.0,3594.0,21.0,10.0,1625784,5860366.528,1399007,22136.0,119,0.9343994335384764,0.7832865733931368,12,RB2101.SHF,3458.0,3450.0,295033,-157.0,RB2007.SHF,3714.0,3736.0,27,-99.0,RB2106.SHF,3319.0,3311.0,362,-395.0,-0.11587860375023103,-0.12251571498605045,800059.0,816175.0,32569.0,7807.0,33.0,324138.0,347731.0,-0.009971328409128876,0.405142620731721,0.42604956044965847,3894.0,0.0,10.0
2020-06-19,RB2010.SHF,3615.0,3649.0,3609.0,3645.0,3629.0,3615.0,3604.0,41.0,25.0,1332869,4838077.628,1443332,44325.0,118,0.9099106725330839,0.783355223880597,12,RB2101.SHF,3496.0,3481.0,312058,-149.0,RB2007.SHF,3712.0,3720.0,26,-67.0,RB2106.SHF,3349.0,3336.0,361,-363.0,-0.10654834662892437,-0.11212475434578695,833333.0,832020.0,40917.0,15845.0,35.0,345025.0,354000.0,0.0007884214337741007,0.41403016561206624,0.4254705415735199,3894.0,0.0,10.0
2020-06-22,RB2010.SHF,3645.0,3658.0,3615.0,3620.0,3636.0,3645.0,3629.0,-9.0,7.0,1335426,4856037.981,1440433,-2899.0,115,0.8986220141284262,0.7778753429858086,12,RB2101.SHF,3484.0,3496.0,324603,-136.0,RB2007.SHF,3719.0,3719.0,23,-99.0,RB2106.SHF,3341.0,3347.0,358,-378.0,-0.11074233564631802,-0.11678327708189382,821467.0,863641.0,-8518.0,36270.0,35.0,356153.0,403273.0,-0.025027475983735167,0.4335572822767074,0.46694517745220526,3894.0,0.0,10.0
2020-06-23,RB2010.SHF,3615.0,3624.0,3606.0,3610.0,3614.0,3620.0,3636.0,-26.0,-22.0,860391,3109896.321,1403288,-37145.0,114,0.9239177356691386,0.7701863490396051,12,RB2101.SHF,3472.0,3477.0,329620,-138.0,RB2007.SHF,3746.0,3724.0,22,-136.0,RB2106.SHF,3331.0,3332.0,357,-415.0,-0.12070586735303726,-0.1279309144948635,790822.0,848341.0,-29211.0,-12397.0,35.0,328000.0,390026.0,-0.03509046995326273,0.4147583147661547,0.4597514442895015,1183.0,-2711.0,10.0
2020-06-24,RB2010.SHF,3618.0,3623.0,3609.0,3620.0,3615.0,3610.0,3614.0,6.0,1.0,710780,2569724.961,1330535,-72753.0,113,0.8940280316113459,0.7574671602076334,12,RB2101.SHF,3468.0,3469.0,333341,-152.0,RB2007.SHF,3725.0,3733.0,21,-105.0,RB2106.SHF,3332.0,3330.0,356,-393.0,-0.11495141740959626,-0.12147867626068114,758514.0,813521.0,-30150.0,-34820.0,36.0,303996.0,376366.0,-0.03499095121927947,0.4007783640117387,0.4626383338598512,5332.0,4149.0,10.0
2020-06-29,RB2010.SHF,3609.0,3609.0,3551.0,3552.0,3569.0,3620.0,3615.0,-63.0,-46.0,1200046,4283957.99,1376086,45551.0,108,0.8650021299860956,0.7552102684615692,12,RB2101.SHF,3413.0,3434.0,334333,-139.0,RB2007.SHF,3680.0,3675.0,16,-128.0,RB2106.SHF,3288.0,3300.0,351,-392.0,-0.1160609993510708,-0.12271983692603206,776377.0,825397.0,25393.0,25982.0,31.0,307320.0,370580.0,-0.03060356829365441,0.39583861963968536,0.4489718281021133,4741.0,-591.0,10.0
2020-06-30,RB2010.SHF,3551.0,3584.0,3551.0,3565.0,3568.0,3552.0,3569.0,-4.0,-1.0,937335,3344915.185,1366053,-10033.0,107,0.8799449878898256,0.7459165927240461,12,RB2101.SHF,3430.0,3429.0,334918,-135.0,RB2007.SHF,3798.0,3699.0,15,-233.0,RB2106.SHF,3298.0,3298.0,350,-500.0,-0.1434376301745616,-0.15379943794695738,777774.0,805142.0,1397.0,-6262.0,33.0,303694.0,372775.0,-0.017289609808732745,0.3904656108329669,0.4629928633706849,6811.0,2070.0,10.0
2020-07-01,RB2010.SHF,3568.0,3575.0,3542.0,3566.0,3561.0,3565.0,3568.0,-2.0,-7.0,1086114,3868138.443,1361885,-4168.0,106,0.9071837906780362,0.7343550825760893,12,RB2101.SHF,3436.0,3428.0,338999,-130.0,RB2007.SHF,3640.0,3655.0,14,-74.0,RB2106.SHF,3299.0,3299.0,349,-341.0,-0.10207069050352634,-0.10717303173673073,779104.0,814852.0,2579.0,9841.0,34.0,293582.0,375351.0,-0.022427218819089108,0.3768200394299092,0.46063702365582954,6811.0,0.0,10.0
2020-07-02,RB2010.SHF,3565.0,3582.0,3560.0,3573.0,3569.0,3566.0,3561.0,12.0,8.0,809918,2890623.265,1400881,38996.0,105,0.8857186913220307,0.7319502252466428,12,RB2101.SHF,3438.0,3436.0,342422,-135.0,RB2007.SHF,3655.0,3655.0,13,-82.0,RB2106.SHF,3303.0,3302.0,348,-352.0,-0.10493088592604691,-0.11033344949097781,826313.0,823618.0,47209.0,9595.0,35.0,351792.0,375930.0,0.0016334016392200643,0.42573697860253923,0.45643732895589945,6515.0,-296.0,10.0
2020-07-03,RB2010.SHF,3575.0,3620.0,3574.0,3619.0,3603.0,3573.0,3569.0,50.0,34.0,1234028,4447302.215,1407435,6554.0,104,0.9050974754661073,0.7305528996633333,12,RB2101.SHF,3479.0,3466.0,340842,-140.0,RB2007.SHF,3655.0,3655.0,12,-36.0,RB2106.SHF,3335.0,3328.0,347,-320.0,-0.09539171447822446,-0.09982849567004926,835170.0,814974.0,11504.0,-5327.0,33.0,368876.0,358573.0,0.01223893187503636,0.44167774225606765,0.43998090736636997,6515.0,0.0,10.0
2020-07-06,RB2010.SHF,3622.0,3630.0,3603.0,3618.0,3615.0,3619.0,3603.0,15.0,12.0,949955,3435018.929,1372154,-35281.0,101,0.8858727378867484,0.7173228667528891,12,RB2101.SHF,3480.0,3475.0,350442,-138.0,RB2007.SHF,3655.0,3655.0,9,-37.0,RB2106.SHF,3342.0,3334.0,344,-313.0,-0.0933050207240133,-0.09754397613557325,789501.0,799691.0,-34158.0,-14672.0,32.0,340167.0,351820.0,-0.006412063488867298,0.4308632921300923,0.4399449287287215,6515.0,0.0,10.0
2020-07-07,RB2010.SHF,3618.0,3654.0,3618.0,3634.0,3636.0,3618.0,3615.0,19.0,21.0,957205,3480601.553,1379963,7809.0,100,0.8767516393209882,0.7172637007537188,12,RB2101.SHF,3493.0,3495.0,350784,-141.0,RB2007.SHF,3655.0,3655.0,8,-21.0,RB2106.SHF,3355.0,3352.0,343,-300.0,-0.0894297323233355,-0.09331396362389649,794406.0,794729.0,6178.0,121.0,35.0,340578.0,345864.0,-0.00020325523004653475,0.42872032688574857,0.43519740691480996,6515.0,0.0,10.0
2020-07-08,RB2010.SHF,3638.0,3706.0,3636.0,3702.0,3678.0,3634.0,3636.0,66.0,42.0,1368067,5032670.493,1459061,79098.0,99,0.8703602147801303,0.7332488046885758,12,RB2101.SHF,3541.0,3526.0,334310,-161.0,RB2007.SHF,3633.0,3632.0,7,69.0,RB2106.SHF,3390.0,3379.0,342,-243.0,-0.0728767393421004,-0.07542842872850057,841369.0,822711.0,54705.0,28721.0,33.0,374038.0,342464.0,0.011212201336474208,0.444558808323102,0.4162628188999539,7699.0,1184.0,10.0
2020-07-09,RB2010.SHF,3708.0,3743.0,3703.0,3726.0,3720.0,3702.0,3678.0,48.0,42.0,1172500,4362050.832,1440834,-18227.0,98,0.8624741717489505,0.7301580383901631,12,RB2101.SHF,3562.0,3560.0,335345,-164.0,RB2007.SHF,3660.0,3660.0,6,66.0,RB2106.SHF,3411.0,3415.0,341,-249.0,-0.07412527526302916,-0.07676728373587964,836111.0,827076.0,-4266.0,4738.0,33.0,369529.0,342978.0,0.005432341642882009,0.441961653416831,0.41468740478505,10364.0,2665.0,10.0
2020-07-10,RB2010.SHF,3724.0,3724.0,3680.0,3690.0,3703.0,3726.0,3720.0,-30.0,-17.0,1178742,4365624.811,1392024,-48810.0,97,0.8502662803203587,0.7153831447947523,12,RB2101.SHF,3535.0,3549.0,351552,-155.0,RB2007.SHF,3620.0,3620.0,5,70.0,RB2106.SHF,3392.0,3401.0,340,-228.0,-0.06862373216788982,-0.07088006682515943,792093.0,812073.0,-37943.0,-11616.0,34.0,316657.0,337519.0,-0.012455070111197968,0.3997725014613183,0.4156264276733742,14812.0,4448.0,10.0
2020-07-13,RB2010.SHF,3692.0,3768.0,3692.0,3739.0,3735.0,3690.0,3703.0,36.0,32.0,1377096,5144053.17,1372843,-19181.0,94,0.854282155246428,0.7065976904532006,12,RB2101.SHF,3591.0,3582.0,364764,-148.0,RB2007.SHF,3651.0,3651.0,2,88.0,RB2106.SHF,3444.0,3427.0,337,-207.0,-0.061774120359582484,-0.0635944578490317,754223.0,798939.0,-35404.0,-12178.0,34.0,290829.0,323274.0,-0.028790300045970735,0.38560081037040767,0.4046291393961241,14812.0,0.0,10.0
2020-07-14,RB2010.SHF,3740.0,3754.0,3715.0,3744.0,3735.0,3739.0,3735.0,9.0,0.0,953888,3562872.189,1358974,-13869.0,93,0.8273907156555673,0.6948007560640292,12,RB2101.SHF,3603.0,3589.0,378343,-141.0,RB2007.SHF,3651.0,3651.0,1,93.0,RB2106.SHF,3466.0,3442.0,336,-185.0,-0.05520875491073798,-0.05665661986188413,766050.0,799349.0,11827.0,1296.0,35.0,299334.0,324218.0,-0.021271892980639442,0.39074995104758176,0.40560255908245335,14812.0,0.0,10.0
2020-07-15,RB2010.SHF,3744.0,3762.0,3720.0,3746.0,3739.0,3744.0,3735.0,11.0,4.0,858734,3211321.074,1370333,11359.0,92,0.8477622608204616,0.6926873529344861,12,RB2101.SHF,3605.0,3597.0,383518,-141.0,RB2008.SHF,3716.0,3706.0,33,30.0,RB2106.SHF,3461.0,3456.0,335,-255.0,-0.0829373961890233,-0.08592034287718701,776410.0,814256.0,13726.0,14907.0,35.0,298565.0,331300.0,-0.023792549787321787,0.38454553650777296,0.40687449647285373,14812.0,0.0,10.0
2020-07-16,RB2010.SHF,3740.0,3743.0,3691.0,3703.0,3719.0,3746.0,3739.0,-36.0,-20.0,1255806,4671344.605,1349287,-21046.0,91,0.8582570453217423,0.6784932708186249,12,RB2101.SHF,3571.0,3583.0,398206,-132.0,RB2008.SHF,3687.0,3695.0,32,16.0,RB2107.SHF,3437.0,3447.0,364,-250.0,-0.07454553772453529,-0.0771932358592572,765082.0,801486.0,-7038.0,-9520.0,34.0,280579.0,337612.0,-0.02323805924798668,0.36673062495261943,0.4212325605188363,14812.0,0.0,10.0
2020-07-17,RB2010.SHF,3705.0,3734.0,3685.0,3726.0,3711.0,3703.0,3719.0,7.0,-8.0,926286,3438370.597,1309818,-39469.0,90,0.8696133011631946,0.666483824581507,12,RB2101.SHF,3585.0,3575.0,407766,-141.0,RB2008.SHF,3688.0,3675.0,31,38.0,RB2107.SHF,3442.0,3435.0,363,-246.0,-0.07333291953061709,-0.07589318338953287,760862.0,774173.0,-4220.0,-27130.0,33.0,275860.0,334715.0,-0.008671463517118502,0.36256246204962267,0.432351683667604,14812.0,0.0,10.0
2020-07-20,RB2010.SHF,3721.0,3749.0,3696.0,3701.0,3719.0,3726.0,3711.0,-10.0,8.0,1026160,3816457.304,1321592,11774.0,87,0.8507900501274328,0.6627258576976155,12,RB2101.SHF,3564.0,3577.0,417727,-137.0,RB2008.SHF,3698.0,3707.0,28,3.0,RB2107.SHF,3433.0,3440.0,360,-265.0,-0.07878322375494404,-0.08174858659223795,763668.0,793549.0,2806.0,19376.0,33.0,272507.0,342867.0,-0.019188719362811992,0.35683962140616077,0.4320678370207763,11547.0,-3265.0,10.0
2020-07-21,RB2010.SHF,3700.0,3765.0,3696.0,3764.0,3733.0,3701.0,3719.0,45.0,14.0,1025173,3827876.674,1336180,14588.0,86,0.8297200066366399,0.6615748112587241,12,RB2101.SHF,3613.0,3590.0,429657,-151.0,RB2008.SHF,3717.0,3718.0,27,47.0,RB2107.SHF,3461.0,3451.0,359,-256.0,-0.07571853191620402,-0.07845227178191687,782997.0,792299.0,19329.0,-1250.0,32.0,286134.0,342961.0,-0.005904921995612253,0.36543435032318133,0.4328681470000593,8292.0,-3255.0,10.0
2020-07-22,RB2010.SHF,3770.0,3816.0,3765.0,3782.0,3789.0,3764.0,3733.0,49.0,56.0,1136590,4306888.469,1349404,13224.0,85,0.8121893791334236,0.6538833354250689,12,RB2101.SHF,3642.0,3645.0,455714,-140.0,RB2008.SHF,3773.0,3754.0,26,9.0,RB2107.SHF,3490.0,3495.0,358,-283.0,-0.08246210391526353,-0.08571860614536368,795329.0,800125.0,17406.0,16957.0,34.0,304511.0,346227.0,-0.0030060409137461813,0.38287425706845846,0.43271613810342135,8292.0,0.0,10.0
2020-07-23,RB2010.SHF,3773.0,3808.0,3770.0,3806.0,3787.0,3782.0,3789.0,17.0,-2.0,820694,3108146.618,1365819,16415.0,84,0.8061272800495054,0.6579159316717229,12,RB2101.SHF,3655.0,3639.0,449274,-151.0,RB2008.SHF,3798.0,3796.0,25,8.0,RB2107.SHF,3503.0,3496.0,357,-295.0,-0.08539291446988585,-0.0888916472403063,803204.0,794312.0,8448.0,-4935.0,34.0,307073.0,334861.0,0.005566141434577181,0.3823100980572806,0.4215736385702344,7996.0,-296.0,10.0
2020-07-24,RB2010.SHF,3804.0,3805.0,3728.0,3747.0,3769.0,3806.0,3787.0,-40.0,-18.0,1384951,5220256.792,1342172,-23647.0,83,0.819464175723003,0.6475014086898798,12,RB2101.SHF,3595.0,3620.0,459807,-152.0,RB2008.SHF,3784.0,3788.0,24,-37.0,RB2107.SHF,3453.0,3474.0,356,-331.0,-0.09616823530910105,-0.1006369125462302,789095.0,803742.0,-10081.0,11908.0,33.0,297241.0,338706.0,-0.009195542293404786,0.37668595036085645,0.42141134841777583,7996.0,0.0,10.0
2020-07-27,RB2010.SHF,3750.0,3785.0,3715.0,3723.0,3752.0,3747.0,3769.0,-46.0,-17.0,1037820,3894220.817,1294974,-47198.0,80,0.8224545253542993,0.6349558292321882,12,RB2101.SHF,3572.0,3596.0,472259,-151.0,RB2008.SHF,3785.0,3809.0,21,-62.0,RB2107.SHF,3440.0,3451.0,353,-345.0,-0.10020929159173017,-0.10507428210541674,768567.0,763950.0,-18767.0,-38217.0,34.0,289969.0,323566.0,0.003012690886952641,0.3772852594503797,0.42354342561685976,7996.0,0.0,10.0
2020-07-28,RB2010.SHF,3722.0,3770.0,3715.0,3724.0,3741.0,3723.0,3752.0,-28.0,-11.0,981517,3672424.364,1291599,-3375.0,79,0.8406983456987654,0.6318078003571899,12,RB2101.SHF,3576.0,3588.0,476328,-148.0,RB2008.SHF,3816.0,3826.0,20,-92.0,RB2107.SHF,3435.0,3447.0,352,-381.0,-0.10976689777979844,-0.11564104574632686,774594.0,756847.0,6152.0,-3965.0,34.0,288110.0,328938.0,0.01158843207149345,0.3719496923549627,0.43461624344154104,7996.0,0.0,10.0
2020-07-29,RB2010.SHF,3720.0,3776.0,3711.0,3766.0,3748.0,3724.0,3741.0,25.0,7.0,856356,3210235.283,1318072,26473.0,78,0.8306563239920112,0.6376933597879374,12,RB2101.SHF,3607.0,3595.0,479721,-159.0,RB2008.SHF,3840.0,3831.0,19,-74.0,RB2107.SHF,3469.0,3454.0,351,-371.0,-0.10621784011044172,-0.11170539004032624,787795.0,777434.0,13201.0,22924.0,34.0,298548.0,333208.0,0.0066194786833108765,0.37896660933364645,0.4285997267935285,7996.0,0.0,10.0
2020-07-30,RB2010.SHF,3768.0,3783.0,3750.0,3767.0,3765.0,3766.0,3748.0,19.0,17.0,810172,3050443.388,1295074,-22998.0,77,0.8022942725379498,0.6298376181729138,12,RB2101.SHF,3609.0,3611.0,489960,-158.0,RB2008.SHF,3789.0,3836.0,18,-22.0,RB2107.SHF,3471.0,3474.0,350,-318.0,-0.09226931478884658,-0.09637252780794367,780413.0,767096.0,-7382.0,-10079.0,35.0,303393.0,319603.0,0.008605442682401201,0.3887595414222982,0.41664015977139757,9478.0,1482.0,10.0
2020-07-31,RB2010.SHF,3765.0,3780.0,3722.0,3777.0,3758.0,3767.0,3765.0,12.0,-7.0,1159218,4356504.199,1280611,-14463.0,76,0.819848918731404,0.625920592933209,12,RB2101.SHF,3627.0,3608.0,492345,-150.0,RB2008.SHF,3660.0,3802.0,17,117.0,RB2107.SHF,3466.0,3465.0,349,-194.0,-0.0582740799262624,-0.059875343324545444,767615.0,758602.0,-8925.0,-5237.0,33.0,285133.0,323119.0,0.005905451190754657,0.37145313731493,0.42594008452390053,9478.0,0.0,10.0
2020-08-03,RB2010.SHF,3771.0,3845.0,3762.0,3836.0,3811.0,3777.0,3758.0,78.0,53.0,1105480,4213508.193,1305441,24830.0,73,0.8020861146260201,0.6310398634127289,12,RB2101.SHF,3679.0,3658.0,494567,-157.0,RB2008.SHF,3780.0,3780.0,14,56.0,RB2107.SHF,3539.0,3519.0,346,-241.0,-0.0700938675336266,-0.07242810246350018,765865.0,768714.0,5369.0,21594.0,33.0,290771.0,337342.0,-0.001856535245171477,0.3796635177217917,0.4388394123171947,9478.0,0.0,10.0
2020-08-04,RB2010.SHF,3832.0,3857.0,3828.0,3840.0,3843.0,3836.0,3811.0,29.0,32.0,704824,2708734.094,1275308,-30133.0,72,0.7719826287917372,0.6144508016044133,12,RB2101.SHF,3678.0,3683.0,528799,-162.0,RB2008.SHF,3750.0,3771.0,13,90.0,RB2107.SHF,3527.0,3536.0,345,-223.0,-0.06537751004016064,-0.06740207495743265,747595.0,754898.0,-15180.0,-13816.0,34.0,287847.0,329773.0,-0.004860588368797725,0.3850306649990971,0.436844447859181,10969.0,1491.0,10.0
2020-08-05,RB2010.SHF,3835.0,3847.0,3804.0,3832.0,3828.0,3840.0,3843.0,-11.0,-15.0,810005,3101182.149,1221511,-53797.0,71,0.7889379888828609,0.5961501201318302,12,RB2101.SHF,3676.0,3674.0,550852,-156.0,RB2008.SHF,3771.0,3771.0,12,61.0,RB2107.SHF,3527.0,3518.0,344,-244.0,-0.07113577619946777,-0.07354152699741381,725608.0,725949.0,-20078.0,-24212.0,34.0,284013.0,314398.0,-0.00023492015814742377,0.39141382123681107,0.43308551978169263,10969.0,0.0,10.0
2020-08-06,RB2010.SHF,3836.0,3879.0,3834.0,3858.0,3855.0,3832.0,3828.0,30.0,27.0,1050458,4049818.011,1185585,-35926.0,70,0.7038503931468161,0.5738125038114293,12,RB2101.SHF,3728.0,3721.0,598900,-130.0,RB2008.SHF,3771.0,3771.0,11,87.0,RB2107.SHF,3572.0,3553.0,343,-199.0,-0.05801647321186099,-0.059603351417524486,700574.0,697442.0,-24402.0,-28501.0,33.0,291857.0,299970.0,0.002240317707379601,0.41659696191979717,0.4301002807401906,13952.0,2983.0,10.0
2020-08-07,RB2010.SHF,3888.0,3888.0,3812.0,3832.0,3844.0,3858.0,3855.0,-23.0,-11.0,942596,3623691.856,1137326,-48259.0,69,0.7204496676714992,0.5616937843704239,12,RB2101.SHF,3727.0,3726.0,598490,-105.0,RB2008.SHF,3771.0,3771.0,10,61.0,RB2107.SHF,3560.0,3564.0,342,-211.0,-0.06151495400855608,-0.06330295420326068,676899.0,677312.0,-20674.0,-16244.0,34.0,275985.0,286309.0,-0.0003049746309843887,0.40771961548177793,0.42271360909005007,15743.0,1791.0,10.0
2020-08-10,RB2010.SHF,3830.0,3841.0,3805.0,3822.0,3821.0,3832.0,3844.0,-22.0,-23.0,735550,2810898.749,1114052,-23274.0,66,0.7228637413394919,0.5488097689490635,12,RB2101.SHF,3727.0,3720.0,626137,-95.0,RB2008.SHF,3771.0,3771.0,7,51.0,RB2107.SHF,3565.0,3561.0,339,-206.0,-0.06005725367659978,-0.061759939788059305,663678.0,670446.0,-5289.0,-6144.0,33.0,264193.0,286407.0,-0.005072991715912464,0.39807406603804857,0.4271887668805541,15743.0,0.0,9.0
2020-08-11,RB2010.SHF,3822.0,3851.0,3792.0,3795.0,3827.0,3822.0,3821.0,-26.0,6.0,881666,3374213.526,1064817,-49235.0,65,0.7034419480436587,0.5348680909160776,12,RB2101.SHF,3715.0,3738.0,633168,-80.0,RB2008.SHF,3760.0,3760.0,6,35.0,RB2107.SHF,3571.0,3584.0,338,-189.0,-0.05526227249423224,-0.056699549422182194,629971.0,638123.0,-32033.0,-30796.0,34.0,247410.0,274736.0,-0.006428545517919018,0.39273236387071786,0.43053768630812556,23173.0,7430.0,9.0
2020-08-12,RB2010.SHF,3795.0,3809.0,3780.0,3805.0,3794.0,3795.0,3827.0,-22.0,-33.0,740132,2808715.101,1053986,-10831.0,64,0.7061849817426491,0.524698493487977,12,RB2101.SHF,3729.0,3713.0,662793,-76.0,RB2008.SHF,3718.0,3718.0,5,87.0,RB2107.SHF,3566.0,3550.0,337,-152.0,-0.04494578637303378,-0.045890361440604814,635553.0,627314.0,5615.0,-9972.0,34.0,241933.0,271116.0,0.006524044099655783,0.38066534183616474,0.43218547649183664,24935.0,1762.0,9.0
2020-08-13,RB2010.SHF,3810.0,3817.0,3766.0,3791.0,3787.0,3805.0,3794.0,-3.0,-7.0,820073,3106244.263,1023253,-30733.0,63,0.6949983219827045,0.5153815701198935,12,RB2101.SHF,3717.0,3712.0,668679,-74.0,RB2008.SHF,3718.0,3718.0,4,73.0,RB2107.SHF,3568.0,3555.0,336,-150.0,-0.04435439444707289,-0.045273934404348244,617308.0,608171.0,-18245.0,-19096.0,34.0,232335.0,273076.0,0.007455860116738026,0.3763680367012901,0.4490118733053697,26723.0,1788.0,9.0
2020-08-14,RB2010.SHF,3790.0,3802.0,3772.0,3799.0,3786.0,3791.0,3787.0,12.0,-1.0,682535,2584469.514,1008694,-14559.0,62,0.7098404318936532,0.5113281634151065,12,RB2101.SHF,3724.0,3712.0,667891,-75.0,RB2008.SHF,3718.0,3718.0,3,81.0,RB2107.SHF,3567.0,3565.0,335,-151.0,-0.044650090410053335,-0.045582104719011134,604830.0,602016.0,-12478.0,-5198.0,33.0,236105.0,262999.0,0.0023316976648221893,0.39036588793545296,0.4368638042842715,30260.0,3537.0,9.0
2020-08-17,RB2010.SHF,3792.0,3840.0,3786.0,3832.0,3821.0,3799.0,3786.0,46.0,35.0,747603,2856652.229,1008394,-300.0,59,0.660747713111494,0.5040150505667454,12,RB2101.SHF,3756.0,3738.0,690156,-76.0,RB2009.SHF,3780.0,3770.0,29,52.0,RB2107.SHF,3597.0,3585.0,332,-183.0,-0.05831892713080838,-0.0597778989936418,597208.0,601402.0,-4251.0,1517.0,33.0,232193.0,259584.0,-0.0034990530698058584,0.3887975378762508,0.43163142124568926,34731.0,4471.0,9.0
2020-08-18,RB2010.SHF,3832.0,3850.0,3824.0,3848.0,3838.0,3832.0,3821.0,27.0,17.0,601564,2308939.02,973409,-34985.0,58,0.6186810485708085,0.4885137105269365,12,RB2101.SHF,3784.0,3771.0,713130,-64.0,RB2009.SHF,3796.0,3791.0,28,52.0,RB2108.SHF,3616.0,3609.0,363,-180.0,-0.051664753157290445,-0.05292983567008728,577489.0,573842.0,-16458.0,-25870.0,33.0,223915.0,252563.0,0.003167638150974828,0.3877389872361205,0.4401263762499085,48765.0,14034.0,9.0
2020-08-19,RB2010.SHF,3840.0,3856.0,3792.0,3794.0,3824.0,3848.0,3838.0,-44.0,-14.0,827835,3166086.288,909520,-63889.0,57,0.6014647277430042,0.46793373854114895,12,RB2101.SHF,3772.0,3788.0,738248,-22.0,RB2009.SHF,3750.0,3772.0,27,44.0,RB2108.SHF,3659.0,3644.0,362,-91.0,-0.026439800995024864,-0.026765890119451147,530893.0,553422.0,-45034.0,-17172.0,34.0,211232.0,242558.0,-0.02077717268505923,0.39788055220166774,0.4382875996978797,48765.0,0.0,9.0
2020-08-20,RB2010.SHF,3794.0,3795.0,3755.0,3765.0,3772.0,3794.0,3824.0,-59.0,-52.0,807143,3045194.13,832444,-77076.0,56,0.5364637681930023,0.43770845131224095,12,RB2101.SHF,3735.0,3753.0,781779,-30.0,RB2009.SHF,3727.0,3728.0,26,38.0,RB2108.SHF,3636.0,3647.0,361,-91.0,-0.02660296585225201,-0.026933125750416318,498728.0,487680.0,-18774.0,-62202.0,32.0,209542.0,217063.0,0.011200233574747975,0.42015286889847775,0.445093093832021,48765.0,0.0,9.0
2020-08-21,RB2101.SHF,3732.0,3758.0,3721.0,3731.0,3739.0,3735.0,3753.0,-22.0,-14.0,417991,1563279.028,813453,31674.0,147,0.4013205458460989,0.43190505291739917,12,RB2010.SHF,3783.0,3780.0,779082,52.0,RB2009.SHF,3729.0,3737.0,25,2.0,RB2108.SHF,3627.0,3609.0,360,-102.0,-0.029802716105714434,-0.030217904259732076,526813.0,561359.0,26749.0,16226.0,34.0,208967.0,261194.0,-0.03174681943663318,0.39666257286741213,0.4652887011698396,48765.0,0.0,9.0
2020-08-24,RB2101.SHF,3728.0,3749.0,3722.0,3732.0,3735.0,3731.0,3739.0,-7.0,-4.0,327656,1224067.271,835918,22465.0,144,0.3824098205105162,0.44693371258701625,12,RB2010.SHF,3781.0,3790.0,740580,49.0,RB2009.SHF,3752.0,3748.0,22,-20.0,RB2108.SHF,3636.0,3633.0,357,-116.0,-0.03368551697800968,-0.03421722988803645,541349.0,574260.0,14829.0,17587.0,36.0,206669.0,269312.0,-0.029500479110512734,0.3817666606939331,0.4689722425382231,54984.0,6219.0,9.0
2020-08-25,RB2101.SHF,3743.0,3772.0,3702.0,3704.0,3742.0,3732.0,3735.0,-31.0,7.0,801876,3000891.959,919228,83310.0,143,0.534309364986397,0.48053631069971003,12,RB2010.SHF,3773.0,3797.0,688362,69.0,RB2009.SHF,3733.0,3746.0,21,-29.0,RB2108.SHF,3610.0,3627.0,356,-123.0,-0.03590006037319428,-0.03650482408804443,610035.0,630732.0,70027.0,68214.0,32.0,248005.0,299314.0,-0.01668081114342983,0.40654224757595875,0.4745502051584508,55579.0,595.0,9.0
2020-08-26,RB2101.SHF,3705.0,3735.0,3687.0,3726.0,3708.0,3704.0,3742.0,-16.0,-34.0,827155,3067544.327,994949,75721.0,142,0.6423023193872948,0.5271750130608344,12,RB2010.SHF,3777.0,3779.0,581145,51.0,RB2009.SHF,3737.0,3734.0,20,-11.0,RB2108.SHF,3622.0,3600.0,355,-115.0,-0.033529169778615656,-0.03405590665783795,657582.0,655542.0,61513.0,27833.0,32.0,264023.0,307365.0,0.001553547113600848,0.40150581980650324,0.4688715597169975,56765.0,1186.0,9.0
2020-08-27,RB2101.SHF,3734.0,3747.0,3702.0,3717.0,3725.0,3726.0,3708.0,9.0,17.0,824348,3071515.256,1049757,54808.0,141,0.7374696503686686,0.5554969355929477,12,RB2010.SHF,3777.0,3781.0,525460,60.0,RB2009.SHF,3721.0,3735.0,19,-4.0,RB2108.SHF,3612.0,3616.0,354,-109.0,-0.03191647246166371,-0.03239327474793269,689260.0,693398.0,31678.0,44389.0,35.0,280912.0,314899.0,-0.0029927863578701314,0.4075559295476308,0.4541388928148048,56765.0,0.0,9.0
2020-08-28,RB2101.SHF,3714.0,3734.0,3694.0,3734.0,3717.0,3717.0,3725.0,9.0,-8.0,772438,2871351.653,1061152,11395.0,140,0.7657059136075623,0.5704287171062711,12,RB2010.SHF,3784.0,3773.0,484244,50.0,RB2009.SHF,3746.0,3726.0,18,-12.0,RB2108.SHF,3616.0,3614.0,353,-130.0,-0.037811476520228544,-0.038483161028560746,687796.0,702842.0,334.0,11604.0,36.0,275928.0,312911.0,-0.010819494361580799,0.40117709320786976,0.4452081691190908,59160.0,2395.0,9.0
2020-08-31,RB2101.SHF,3730.0,3788.0,3721.0,3779.0,3762.0,3734.0,3717.0,62.0,45.0,1012018,3808185.856,1116254,55102.0,137,0.7413274653278081,0.5976706855693231,12,RB2010.SHF,3818.0,3809.0,430762,39.0,RB2009.SHF,3755.0,3773.0,15,24.0,RB2108.SHF,3664.0,3654.0,350,-91.0,-0.026404594868533488,-0.02672980900757669,685811.0,735915.0,5303.0,39816.0,32.0,277913.0,323203.0,-0.03524167103928605,0.40523263698015927,0.43918523199010756,69797.0,10637.0,9.0
2020-09-01,RB2101.SHF,3775.0,3784.0,3766.0,3774.0,3774.0,3779.0,3762.0,12.0,12.0,511516,1930645.106,1132903,16649.0,136,0.7893424358206744,0.6085294885443782,12,RB2010.SHF,3808.0,3813.0,408970,34.0,RB2009.SHF,3760.0,3760.0,14,14.0,RB2108.SHF,3659.0,3649.0,349,-101.0,-0.029267227691330604,-0.029667495666052816,675696.0,743641.0,-10115.0,7726.0,34.0,273461.0,315638.0,-0.04787094255980081,0.40471010632000187,0.4244494319167448,71277.0,1480.0,9.0
2020-09-02,RB2101.SHF,3774.0,3787.0,3754.0,3778.0,3771.0,3774.0,3774.0,4.0,-3.0,813630,3068382.505,1140413,7510.0,135,0.8053820820972422,0.6177641461447331,12,RB2010.SHF,3812.0,3801.0,376479,34.0,RB2009.SHF,3750.0,3757.0,13,28.0,RB2108.SHF,3664.0,3655.0,348,-86.0,-0.024987064676616946,-0.025278040320026892,669995.0,752909.0,-5701.0,9778.0,36.0,274663.0,316150.0,-0.05827097260250867,0.4099478354316077,0.41990466311333774,83090.0,11813.0,9.0
2020-09-03,RB2101.SHF,3777.0,3818.0,3776.0,3790.0,3795.0,3778.0,3771.0,19.0,24.0,1087044,4125799.51,1196155,55742.0,134,0.8297760763943224,0.6390140158856676,12,RB2010.SHF,3821.0,3823.0,343560,31.0,RB2009.SHF,3815.0,3815.0,12,-25.0,RB2108.SHF,3672.0,3671.0,347,-143.0,-0.04084035914790399,-0.04162546290159506,706959.0,780505.0,42260.0,27596.0,35.0,296697.0,327161.0,-0.04944388570076318,0.41968063211586526,0.4191657965035458,83090.0,0.0,12.0
2020-09-04,RB2101.SHF,3792.0,3800.0,3730.0,3754.0,3758.0,3790.0,3795.0,-41.0,-37.0,1059478,3981747.536,1143834,-52321.0,133,0.8562801512644841,0.6334959763844505,12,RB2010.SHF,3801.0,3805.0,323627,47.0,RB2009.SHF,3780.0,3765.0,11,-26.0,RB2108.SHF,3650.0,3648.0,346,-130.0,-0.03747137329226884,-0.03813088759265707,672946.0,744393.0,-27103.0,-35189.0,35.0,269918.0,322556.0,-0.05040925283224409,0.40109904806626384,0.4333141230505929,83090.0,0.0,12.0
2020-09-07,RB2101.SHF,3755.0,3772.0,3724.0,3736.0,3751.0,3754.0,3758.0,-22.0,-7.0,1083843,4065728.189,1139801,-4033.0,130,0.8667096885630526,0.6356109092105505,12,RB2010.SHF,3793.0,3799.0,310708,57.0,RB2009.SHF,3775.0,3778.0,8,-39.0,RB2108.SHF,3640.0,3649.0,343,-135.0,-0.03896411979835925,-0.03967789816150345,683487.0,735897.0,16388.0,-2248.0,32.0,277972.0,328815.0,-0.03692446864273516,0.40669683549211616,0.4468220416715926,88110.0,5020.0,12.0
2020-09-08,RB2101.SHF,3741.0,3760.0,3718.0,3719.0,3741.0,3736.0,3751.0,-32.0,-10.0,795130,2974581.867,1156745,16944.0,129,0.857961988247303,0.643446138305222,12,RB2010.SHF,3783.0,3795.0,296962,64.0,RB2009.SHF,3778.0,3778.0,7,-59.0,RB2108.SHF,3631.0,3635.0,342,-147.0,-0.04239390659197399,-0.04324070739163724,698666.0,729714.0,15179.0,-1642.0,34.0,294997.0,313270.0,-0.021736512692700823,0.4222289334245548,0.4293051798375802,95792.0,7682.0,12.0
2020-09-09,RB2101.SHF,3705.0,3730.0,3651.0,3658.0,3699.0,3719.0,3741.0,-83.0,-42.0,1387574,5132682.016,1158237,1492.0,128,0.8503714162969663,0.647899874641924,12,RB2010.SHF,3731.0,3760.0,274391,73.0,RB2009.SHF,3771.0,3771.0,6,-113.0,RB2108.SHF,3576.0,3602.0,341,-195.0,-0.0563412056661798,-0.057850169409574916,681124.0,729718.0,-9381.0,3475.0,32.0,284911.0,317085.0,-0.034443261541689286,0.4182953471027302,0.43453087357033815,95792.0,0.0,12.0
2020-09-10,RB2101.SHF,3675.0,3684.0,3631.0,3640.0,3660.0,3658.0,3699.0,-59.0,-39.0,1060684,3882608.833,1191514,33277.0,127,0.8480573620676697,0.6576137978613315,12,RB2010.SHF,3724.0,3737.0,256675,84.0,RB2009.SHF,3710.0,3710.0,5,-70.0,RB2108.SHF,3555.0,3569.0,340,-155.0,-0.04552037655388825,-0.046498617546002825,682982.0,744895.0,1858.0,17277.0,34.0,288282.0,330290.0,-0.0433601773822255,0.42209311519190845,0.44340477516965476,95792.0,0.0,12.0
2020-09-11,RB2101.SHF,3640.0,3669.0,3622.0,3665.0,3647.0,3640.0,3660.0,5.0,-13.0,883769,3223955.418,1197894,6380.0,126,0.8664503896124268,0.6636557593298146,12,RB2010.SHF,3753.0,3733.0,242668,88.0,RB2009.SHF,3729.0,3728.0,4,-64.0,RB2108.SHF,3581.0,3575.0,339,-148.0,-0.04324315670240914,-0.044124697659228856,691793.0,745484.0,8811.0,1677.0,32.0,295946.0,323966.0,-0.03735605593076352,0.4277955978161097,0.43457136571676924,95792.0,0.0,12.0
2020-09-14,RB2101.SHF,3678.0,3680.0,3642.0,3664.0,3661.0,3665.0,3647.0,17.0,14.0,858379,3143077.506,1203687,5793.0,123,0.8612236216222182,0.6703536422365783,12,RB2010.SHF,3747.0,3750.0,227978,83.0,RB2009.SHF,3748.0,3848.0,1,-84.0,RB2108.SHF,3574.0,3574.0,336,-174.0,-0.05058220105449278,-0.0517939877260087,690252.0,755808.0,1476.0,10324.0,33.0,304648.0,322538.0,-0.0453342184971578,0.4413576490904771,0.42674594606037514,96678.0,886.0,12.0
2020-09-15,RB2101.SHF,3658.0,3686.0,3591.0,3592.0,3640.0,3664.0,3661.0,-69.0,-21.0,1276034,4645562.041,1313209,109522.0,122,0.8630616091882499,0.693475921257331,12,RB2105.SHF,3541.0,3573.0,238215,-51.0,RB2010.SHF,3690.0,3720.0,30,-98.0,RB2108.SHF,3530.0,3545.0,335,-160.0,-0.051890354969123476,-0.05304896489881675,743757.0,810629.0,60023.0,58267.0,32.0,329043.0,350854.0,-0.04302148887084675,0.4424065924757683,0.43281698532867685,99664.0,2986.0,12.0
2020-09-16,RB2101.SHF,3593.0,3613.0,3562.0,3575.0,3587.0,3592.0,3640.0,-65.0,-53.0,1283808,4605437.445,1312799,-410.0,121,0.8612207550359432,0.6957486060373514,12,RB2105.SHF,3527.0,3536.0,249842,-48.0,RB2010.SHF,3673.0,3680.0,29,-98.0,RB2109.SHF,3515.0,3518.0,364,-158.0,-0.04686884120101913,-0.04790678559653506,763055.0,798563.0,20446.0,2994.0,31.0,332181.0,359590.0,-0.02273795512090665,0.43533034971266815,0.4502963448093638,99664.0,0.0,12.0
2020-09-17,RB2101.SHF,3575.0,3598.0,3564.0,3577.0,3580.0,3575.0,3587.0,-10.0,-7.0,1030993,3691420.429,1269749,-43050.0,120,0.8459041061497892,0.6897844459256918,12,RB2105.SHF,3511.0,3521.0,258231,-66.0,RB2010.SHF,3647.0,3662.0,28,-70.0,RB2109.SHF,3500.0,3505.0,363,-147.0,-0.04391669292692011,-0.04482629646531028,734078.0,764665.0,-28977.0,-33113.0,31.0,318406.0,323881.0,-0.020408435602368116,0.43374954705085833,0.4235593364414482,99664.0,0.0,12.0
2020-09-18,RB2101.SHF,3580.0,3617.0,3568.0,3603.0,3596.0,3577.0,3580.0,23.0,16.0,994788,3577391.955,1244229,-25520.0,119,0.857162798272212,0.6899290014062202,12,RB2105.SHF,3521.0,3523.0,260074,-82.0,RB2010.SHF,3672.0,3670.0,27,-69.0,RB2109.SHF,3504.0,3505.0,362,-168.0,-0.04984879523948877,-0.051025147417003355,723007.0,771565.0,-8881.0,10562.0,33.0,313585.0,358560.0,-0.03248956892006541,0.4337233249470614,0.464717813794042,99664.0,0.0,12.0
2020-09-21,RB2101.SHF,3596.0,3604.0,3524.0,3539.0,3553.0,3603.0,3596.0,-57.0,-43.0,1188490,4223446.762,1290859,46630.0,116,0.8509180469888273,0.696688720991295,12,RB2105.SHF,3474.0,3485.0,279952,-65.0,RB2010.SHF,3608.0,3628.0,24,-69.0,RB2109.SHF,3446.0,3470.0,359,-162.0,-0.04892113710825035,-0.0500534459538608,751208.0,793901.0,28948.0,22700.0,29.0,324320.0,345437.0,-0.02763106033296033,0.43173129146654454,0.4351134461349715,94648.0,-5016.0,12.0
2020-09-22,RB2101.SHF,3541.0,3554.0,3503.0,3537.0,3536.0,3539.0,3553.0,-16.0,-17.0,982249,3473254.084,1243030,-47829.0,115,0.8462783101814557,0.6891510396338218,12,RB2105.SHF,3466.0,3463.0,294059,-71.0,RB2010.SHF,3614.0,3607.0,23,-77.0,RB2109.SHF,3449.0,3451.0,358,-165.0,-0.049744360653842065,-0.05091571118984036,723243.0,766619.0,-17784.0,-19698.0,30.0,305847.0,343825.0,-0.02911410587020811,0.422882765543531,0.44849527601063893,94648.0,0.0,12.0
2020-09-23,RB2101.SHF,3539.0,3560.0,3499.0,3542.0,3531.0,3537.0,3536.0,6.0,-5.0,1082034,3821146.706,1253222,10192.0,114,0.8764396608074494,0.6933163529500281,12,RB2105.SHF,3471.0,3461.0,300151,-71.0,RB2010.SHF,3622.0,3618.0,22,-80.0,RB2109.SHF,3444.0,3444.0,357,-178.0,-0.053545085175997445,-0.05490555852819137,722478.0,782551.0,-765.0,15932.0,32.0,307561.0,354816.0,-0.03991484549467153,0.4257029279784298,0.4534094263504871,93761.0,-887.0,12.0
2020-09-24,RB2101.SHF,3545.0,3563.0,3527.0,3552.0,3547.0,3542.0,3531.0,21.0,16.0,944747,3351023.696,1235303,-17919.0,113,0.8891795051826223,0.6927031112965343,12,RB2105.SHF,3478.0,3473.0,300703,-74.0,RB2010.SHF,3628.0,3629.0,21,-76.0,RB2109.SHF,3438.0,3452.0,356,-190.0,-0.0570603432671263,-0.05860878576616391,711400.0,760621.0,-11078.0,-21930.0,33.0,300921.0,332455.0,-0.03343770231538817,0.4229983131852685,0.43708364612599443,93761.0,0.0,12.0
2020-09-25,RB2101.SHF,3552.0,3556.0,3520.0,3522.0,3537.0,3552.0,3547.0,-25.0,-10.0,989538,3500483.454,1244934,9631.0,112,0.8895379254920363,0.69962516086612,12,RB2105.SHF,3459.0,3466.0,304490,-63.0,RB2010.SHF,3611.0,3624.0,20,-89.0,RB2109.SHF,3448.0,3450.0,355,-163.0,-0.04918222512472255,-0.05032684228437022,719625.0,764205.0,8391.0,6519.0,33.0,296781.0,334787.0,-0.030043872950405368,0.4124106305367379,0.4380853305068666,93761.0,0.0,12.0
2020-09-28,RB2101.SHF,3518.0,3551.0,3505.0,3540.0,3531.0,3522.0,3537.0,3.0,-6.0,1189331,4199544.887,1240732,-4202.0,109,0.9017379212878298,0.7069959856063045,12,RB2105.SHF,3470.0,3463.0,306012,-70.0,RB2010.SHF,3627.0,3617.0,17,-87.0,RB2109.SHF,3451.0,3438.0,352,-176.0,-0.0528704698179903,-0.054196307186531706,718494.0,776293.0,-1131.0,15643.0,34.0,288655.0,346907.0,-0.03866704754590453,0.4017500494089025,0.4468763727097887,93761.0,0.0,12.0
2020-09-29,RB2101.SHF,3546.0,3548.0,3501.0,3536.0,3520.0,3540.0,3531.0,5.0,-11.0,1086275,3824236.936,1222678,-18054.0,108,0.8952427339692398,0.7110846169280383,12,RB2105.SHF,3464.0,3456.0,308202,-72.0,RB2010.SHF,3620.0,3613.0,16,-84.0,RB2109.SHF,3437.0,3429.0,351,-183.0,-0.05507957450317479,-0.056520552862817194,712306.0,775675.0,4654.0,-213.0,33.0,293390.0,360540.0,-0.04258723733703589,0.4118875876378972,0.4648080703903052,93761.0,0.0,12.0
2020-09-30,RB2101.SHF,3536.0,3570.0,3526.0,3560.0,3553.0,3536.0,3520.0,40.0,33.0,1095792,3893394.933,1144068,-78610.0,107,0.8589663795063142,0.7128651425302841,12,RB2105.SHF,3488.0,3485.0,303839,-72.0,RB2010.SHF,3607.0,3613.0,15,-47.0,RB2109.SHF,3465.0,3463.0,350,-142.0,-0.04289337896047899,-0.043760524737404216,666774.0,739182.0,-35579.0,-36493.0,33.0,254408.0,383159.0,-0.051500900454921776,0.38155057035817236,0.518355425321504,93761.0,0.0,12.0
2020-10-09,RB2101.SHF,3596.0,3643.0,3580.0,3633.0,3612.0,3560.0,3553.0,80.0,59.0,807001,2914997.82,1143614,-454.0,98,0.8494675834308764,0.7275189781778786,12,RB2105.SHF,3565.0,3540.0,281503,-68.0,RB2010.SHF,3638.0,3637.0,6,-5.0,RB2109.SHF,3531.0,3503.0,341,-107.0,-0.03204565408252854,-0.032526362834727235,677614.0,740292.0,12831.0,2823.0,35.0,259564.0,392488.0,-0.04420462287344859,0.3830558400505302,0.5301799830337218,90213.0,-3548.0,12.0
2020-10-12,RB2101.SHF,3636.0,3656.0,3627.0,3637.0,3637.0,3633.0,3612.0,25.0,25.0,708985,2578740.094,1161498,17884.0,95,0.8526188821196385,0.7274707586314882,12,RB2105.SHF,3565.0,3567.0,280021,-72.0,RB2010.SHF,3610.0,3622.0,3,27.0,RB2109.SHF,3540.0,3529.0,338,-70.0,-0.02112705172199946,-0.02133457163484739,679346.0,749932.0,4296.0,9640.0,33.0,268126.0,382642.0,-0.04938577379628036,0.39468253290664845,0.5102355946939189,88442.0,-1771.0,12.0
2020-10-13,RB2101.SHF,3637.0,3646.0,3614.0,3628.0,3628.0,3637.0,3637.0,-9.0,-9.0,764742,2774995.416,1147934,-13564.0,94,0.8358713045303113,0.713302425926927,12,RB2105.SHF,3546.0,3552.0,287681,-82.0,RB2010.SHF,3630.0,3619.0,2,-2.0,RB2109.SHF,3518.0,3521.0,337,-112.0,-0.033617038773076716,-0.03414656930121917,670754.0,730895.0,-8592.0,-18334.0,32.0,262792.0,380421.0,-0.04290731845133839,0.3917859602775384,0.5204865267924942,84897.0,-3545.0,12.0
2020-10-14,RB2101.SHF,3625.0,3642.0,3606.0,3618.0,3622.0,3628.0,3628.0,-10.0,-6.0,736791,2668923.143,1155045,7111.0,93,0.8553939353129459,0.708146928325448,12,RB2105.SHF,3540.0,3542.0,296478,-78.0,RB2010.SHF,3625.0,3621.0,1,-7.0,RB2109.SHF,3511.0,3515.0,336,-114.0,-0.034264539372105024,-0.03481488883261246,663349.0,739662.0,-7161.0,9276.0,32.0,262589.0,360225.0,-0.054392303410308256,0.39585346476741506,0.487012987012987,78969.0,-5928.0,12.0
2020-10-15,RB2101.SHF,3623.0,3628.0,3582.0,3612.0,3604.0,3618.0,3622.0,-10.0,-18.0,955489,3443836.979,1163027,7982.0,92,0.817614642786853,0.6855562602860524,12,RB2105.SHF,3503.0,3512.0,323958,-109.0,RB2011.SHF,3611.0,3606.0,32,1.0,RB2109.SHF,3493.0,3498.0,335,-118.0,-0.03936450139059878,-0.04002204096296506,678655.0,743788.0,15555.0,4126.0,31.0,272910.0,360402.0,-0.04578953251553841,0.4021336319632214,0.48454936083937894,72470.0,-6499.0,12.0
2020-10-16,RB2101.SHF,3603.0,3640.0,3592.0,3632.0,3613.0,3612.0,3604.0,28.0,9.0,898244,3245398.763,1135625,-27402.0,91,0.800678163112134,0.6592758111015515,12,RB2105.SHF,3511.0,3504.0,354327,-121.0,RB2011.SHF,3645.0,3622.0,31,-13.0,RB2110.SHF,3440.0,3438.0,364,-205.0,-0.06164600814806576,-0.06344740641888826,639514.0,729148.0,-39141.0,-11747.0,31.0,261974.0,360137.0,-0.06549023791118626,0.4096454495132241,0.493914815647852,69804.0,-2666.0,12.0
2020-10-19,RB2101.SHF,3636.0,3664.0,3591.0,3611.0,3627.0,3632.0,3613.0,-2.0,14.0,1300997,4720011.967,1162179,26554.0,88,0.8226041519791547,0.6525132770491628,12,RB2105.SHF,3492.0,3503.0,370819,-119.0,RB2011.SHF,3631.0,3643.0,28,-20.0,RB2110.SHF,3422.0,3430.0,361,-209.0,-0.06309118261748389,-0.06497977384745315,664632.0,745841.0,28847.0,17405.0,29.0,261853.0,360874.0,-0.05757572105244127,0.39398193285908595,0.48384843418369333,62696.0,-7108.0,12.0
2020-10-20,RB2101.SHF,3620.0,3630.0,3609.0,3616.0,3618.0,3611.0,3627.0,-11.0,-9.0,590671,2137615.156,1139026,-23153.0,87,0.8382211865946142,0.6440560468640445,12,RB2105.SHF,3490.0,3494.0,377851,-126.0,RB2011.SHF,3660.0,3644.0,27,-44.0,RB2110.SHF,3418.0,3420.0,360,-242.0,-0.07247411345772005,-0.07498126244070466,660851.0,723837.0,-819.0,-22004.0,31.0,265292.0,359436.0,-0.045487503322048,0.4014399615041817,0.49657036045408015,57327.0,-5369.0,12.0
2020-10-21,RB2101.SHF,3616.0,3652.0,3613.0,3650.0,3632.0,3616.0,3618.0,32.0,14.0,777874,2825538.204,1156504,17478.0,86,0.865568173978453,0.6448217894927587,12,RB2105.SHF,3517.0,3500.0,381376,-133.0,RB2011.SHF,3660.0,3656.0,26,-10.0,RB2110.SHF,3432.0,3421.0,359,-228.0,-0.06828139615024861,-0.07050086340077792,681563.0,734488.0,30146.0,13608.0,32.0,290269.0,359661.0,-0.037375066293516265,0.4258872620726184,0.48967580137456296,19522.0,-37805.0,12.0
2020-10-22,RB2101.SHF,3654.0,3671.0,3632.0,3642.0,3653.0,3650.0,3632.0,10.0,21.0,875218,3197218.674,1128549,-27955.0,85,0.8610011490272619,0.640732100448351,12,RB2105.SHF,3515.0,3520.0,375889,-127.0,RB2011.SHF,3673.0,3665.0,25,-31.0,RB2110.SHF,3433.0,3434.0,358,-240.0,-0.07162076315357012,-0.07406787421057348,662491.0,731137.0,-18926.0,-1410.0,32.0,264012.0,352559.0,-0.04925704707425511,0.39851409302164104,0.4822064811382819,16571.0,-2951.0,12.0
2020-10-23,RB2101.SHF,3641.0,3679.0,3615.0,3616.0,3651.0,3642.0,3653.0,-37.0,-2.0,1129201,4122996.882,1149653,21104.0,84,0.8713521997533794,0.6443939859333978,12,RB2105.SHF,3500.0,3524.0,374416,-116.0,RB2011.SHF,3628.0,3678.0,24,-12.0,RB2110.SHF,3420.0,3433.0,357,-208.0,-0.06284123152921384,-0.06471458897930138,680122.0,760805.0,19592.0,32789.0,32.0,273774.0,370787.0,-0.05599381509264522,0.4025366037269784,0.4873614132399235,14503.0,-2068.0,12.0
2020-10-26,RB2101.SHF,3621.0,3627.0,3600.0,3613.0,3613.0,3616.0,3651.0,-38.0,-38.0,864064,3121935.0,1151314,1661.0,81,0.8623987080946692,0.6367468070409082,12,RB2105.SHF,3489.0,3495.0,390555,-124.0,RB2011.SHF,3611.0,3636.0,21,2.0,RB2110.SHF,3408.0,3413.0,354,-203.0,-0.0616193595977589,-0.06341917016459984,683632.0,761115.0,15328.0,310.0,33.0,271867.0,366538.0,-0.05363084332412526,0.3976803309382826,0.48158031309329075,13322.0,-1181.0,12.0
2020-10-27,RB2101.SHF,3613.0,3626.0,3605.0,3616.0,3616.0,3613.0,3613.0,3.0,3.0,538619,1947870.0,1139848,-11466.0,80,0.8455942264247509,0.6284271073447013,12,RB2105.SHF,3492.0,3492.0,400377,-124.0,RB2011.SHF,3625.0,3630.0,20,-9.0,RB2110.SHF,3412.0,3410.0,353,-213.0,-0.06440509474992237,-0.06637482107261258,676179.0,749928.0,-7453.0,-11187.0,32.0,268401.0,364295.0,-0.05171351097778778,0.39693779309916455,0.4857733009035534,13322.0,0.0,12.0
2020-10-28,RB2101.SHF,3620.0,3670.0,3615.0,3668.0,3643.0,3616.0,3616.0,52.0,27.0,1189477,4334408.0,1135457,-4391.0,79,0.8580685977611154,0.6295559286398638,12,RB2105.SHF,3530.0,3513.0,395341,-138.0,RB2011.SHF,3685.0,3657.0,19,-17.0,RB2110.SHF,3438.0,3425.0,352,-247.0,-0.07346967048459586,-0.07604782528058404,670360.0,717724.0,6048.0,-31002.0,30.0,274409.0,366645.0,-0.0341218542970022,0.4093457246852438,0.5108440013152689,8299.0,-5023.0,12.0
2020-10-29,RB2101.SHF,3652.0,3680.0,3645.0,3668.0,3662.0,3668.0,3643.0,25.0,19.0,909215,3330040.0,1121275,-14182.0,78,0.837314779853942,0.6230222782798579,12,RB2105.SHF,3522.0,3521.0,399674,-146.0,RB2011.SHF,3705.0,3687.0,18,-37.0,RB2110.SHF,3437.0,3435.0,351,-268.0,-0.07928576349628981,-0.08229956522921617,,,,,,,,,,,8299.0,0.0,12.0
2020-10-30,RB2101.SHF,3664.0,3714.0,3653.0,3702.0,3687.0,3668.0,3662.0,40.0,25.0,1092653,4029431.0,1152712,31437.0,77,0.8254380630417949,0.6309460863358655,12,RB2105.SHF,3553.0,3539.0,397007,-149.0,RB2011.SHF,3820.0,3748.0,17,-118.0,RB2110.SHF,3457.0,3446.0,350,-363.0,-0.10415782274421018,-0.1094443859244254,677926.0,753338.0,18064.0,43558.0,32.0,269729.0,375629.0,-0.05268909160015203,0.3978738092358163,0.4986194775784575,6231.0,-2068.0,12.0
2020-11-02,RB2101.SHF,3703.0,3721.0,3692.0,3719.0,3708.0,3702.0,3687.0,32.0,21.0,730956,2710449.0,1159303,6591.0,74,0.8165628120943472,0.630173108262514,12,RB2105.SHF,3565.0,3559.0,402065,-154.0,RB2011.SHF,3770.0,3733.0,14,-51.0,RB2110.SHF,3470.0,3462.0,347,-300.0,-0.08722250101560446,-0.09088873494870968,,,,,,,,,,,6231.0,0.0,12.0
2020-11-03,RB2101.SHF,3720.0,3730.0,3706.0,3708.0,3716.0,3719.0,3708.0,0.0,8.0,573928,2133022.0,1159598,295.0,73,0.8448143383272932,0.6290924853264847,12,RB2105.SHF,3555.0,3562.0,403800,-153.0,RB2011.SHF,3790.0,3758.0,13,-82.0,RB2110.SHF,3465.0,3467.0,346,-325.0,-0.09399240929583942,-0.09826872689234532,672966.0,751728.0,-5267.0,-2513.0,35.0,260340.0,379857.0,-0.055283450340915315,0.38685461078271416,0.5053117617010408,5343.0,-888.0,12.0
2020-11-04,RB2101.SHF,3711.0,3762.0,3711.0,3753.0,3736.0,3708.0,3716.0,37.0,20.0,945303,3532153.0,1211206,51608.0,72,0.8476943826189575,0.636536777790274,12,RB2105.SHF,3585.0,3578.0,408964,-168.0,RB2011.SHF,3756.0,3655.0,12,-3.0,RB2110.SHF,3485.0,3481.0,345,-271.0,-0.07908467573004307,-0.08208281908029479,727781.0,768794.0,63129.0,20176.0,33.0,278510.0,393781.0,-0.02740457377679034,0.3826838018579765,0.512206130640978,5343.0,0.0,12.0
2020-11-05,RB2101.SHF,3760.0,3772.0,3735.0,3748.0,3754.0,3753.0,3736.0,12.0,18.0,716180,2688936.0,1187604,-23602.0,71,0.826844924725224,0.6287591208414205,12,RB2105.SHF,3577.0,3582.0,418674,-171.0,RB2011.SHF,3712.0,3712.0,11,36.0,RB2110.SHF,3485.0,3487.0,344,-227.0,-0.06702958346277316,-0.06916670062968601,711009.0,754480.0,-16772.0,-13028.0,37.0,269331.0,385084.0,-0.029663136331968373,0.37880111222220814,0.5103965645212597,5343.0,0.0,12.0
2020-11-06,RB2101.SHF,3748.0,3790.0,3747.0,3782.0,3773.0,3748.0,3754.0,28.0,19.0,690166,2604051.0,1235967,48363.0,70,0.824853922432184,0.6378170592752224,12,RB2105.SHF,3602.0,3597.0,417809,-180.0,RB2011.SHF,3810.0,3744.0,10,-28.0,RB2110.SHF,3503.0,3498.0,343,-307.0,-0.08832060406863558,-0.09208242461558513,738004.0,778169.0,26995.0,23725.0,35.0,279898.0,398924.0,-0.026491040270470455,0.37926352702695376,0.5126444255682249,4751.0,-592.0,12.0
2020-11-09,RB2101.SHF,3791.0,3874.0,3787.0,3859.0,3838.0,3782.0,3773.0,86.0,65.0,1021970,3922645.0,1219769,-16198.0,67,0.7983959738412176,0.6311622414849403,12,RB2105.SHF,3671.0,3654.0,425901,-188.0,RB2011.SHF,3744.0,3744.0,7,115.0,RB2110.SHF,3556.0,3540.0,340,-188.0,-0.055039013372346755,-0.05646894279803586,720204.0,767329.0,-10552.0,-9990.0,33.0,265820.0,382437.0,-0.031679969452778525,0.3690898689815663,0.49840029504945077,4751.0,0.0,12.0
2020-11-10,RB2101.SHF,3875.0,3888.0,3818.0,3826.0,3848.0,3859.0,3838.0,-12.0,10.0,821818,3162707.0,1187661,-32108.0,66,0.8097670468093827,0.6214183684681432,12,RB2105.SHF,3646.0,3666.0,433397,-180.0,RB2011.SHF,3744.0,3744.0,6,82.0,RB2110.SHF,3540.0,3555.0,339,-204.0,-0.05972318472318475,-0.06141188734662713,725533.0,751989.0,5329.0,-15340.0,36.0,277103.0,365657.0,-0.017905655550306526,0.38193024989903973,0.4862531233834537,4751.0,0.0,12.0
2020-11-11,RB2101.SHF,3826.0,3858.0,3824.0,3843.0,3841.0,3826.0,3848.0,-5.0,-7.0,560686,2153850.0,1175414,-12247.0,65,0.8117401961139158,0.6153729364781862,12,RB2105.SHF,3653.0,3655.0,441760,-190.0,RB2011.SHF,3968.0,3968.0,5,-125.0,RB2110.SHF,3544.0,3547.0,338,-424.0,-0.11712317155865538,-0.12386560717154356,715701.0,734032.0,-6009.0,-14932.0,34.0,270069.0,357235.0,-0.012644397278671313,0.3773489208482313,0.48667496784881314,4751.0,0.0,12.0
2020-11-12,RB2101.SHF,3838.0,3872.0,3812.0,3832.0,3840.0,3843.0,3841.0,-9.0,-1.0,917453,3523509.0,1197561,22147.0,64,0.8379989660344132,0.6148947389770008,12,RB2105.SHF,3642.0,3653.0,453651,-190.0,RB2011.SHF,3968.0,3968.0,4,-136.0,RB2110.SHF,3533.0,3542.0,337,-435.0,-0.120161744405696,-0.12727300204699893,725460.0,756842.0,9906.0,24827.0,34.0,284567.0,362145.0,-0.021171124372766144,0.3922573263860171,0.47849485097285827,4161.0,-590.0,12.0
2020-11-13,RB2101.SHF,3830.0,3848.0,3816.0,3840.0,3833.0,3832.0,3840.0,0.0,-7.0,677706,2598304.0,1192211,-5350.0,63,0.807481138684879,0.6108120210303477,12,RB2105.SHF,3647.0,3640.0,461680,-193.0,RB2011.SHF,3968.0,3968.0,3,-128.0,RB2110.SHF,3538.0,3534.0,336,-430.0,-0.1187805749297685,-0.12572287295806905,722903.0,759429.0,-1866.0,7799.0,35.0,279271.0,362979.0,-0.024640903657210396,0.3863187730580728,0.47796304855358435,4161.0,0.0,12.0
2020-11-16,RB2101.SHF,3840.0,3859.0,3810.0,3852.0,3836.0,3840.0,3833.0,19.0,3.0,921326,3534998.338,1173230,-18981.0,60,0.7976130287835554,0.6025506572318097,12,RB2105.SHF,3657.0,3644.0,473498,-195.0,RB2012.SHF,4050.0,4050.0,29,-198.0,RB2110.SHF,3548.0,3537.0,333,-502.0,-0.14882228719948018,-0.15888644106893707,709383.0,727691.0,-10966.0,-30332.0,34.0,270459.0,349454.0,-0.012739775404746032,0.381259488879773,0.4802230617116331,4161.0,0.0,12.0
2020-11-17,RB2101.SHF,3853.0,3920.0,3848.0,3919.0,3889.0,3852.0,3836.0,83.0,53.0,1103475,4291452.0,1225098,51868.0,59,0.7835427443434175,0.6151097016881277,12,RB2105.SHF,3712.0,3689.0,467654,-207.0,RB2012.SHF,4100.0,4097.0,28,-181.0,RB2111.SHF,3568.0,3548.0,363,-532.0,-0.14137604659628686,-0.15142788666346924,736945.0,735077.0,31039.0,11454.0,35.0,277420.0,351916.0,0.001269002773056381,0.37644600343309204,0.4787471244509079,4161.0,0.0,12.0
2020-11-18,RB2101.SHF,3920.0,3928.0,3886.0,3907.0,3906.0,3919.0,3889.0,18.0,17.0,663714,2592514.0,1191227,-33871.0,58,0.7517780302403895,0.6044634493621107,12,RB2105.SHF,3692.0,3691.0,481692,-215.0,RB2012.SHF,4094.0,4089.0,27,-187.0,RB2111.SHF,3536.0,3539.0,362,-558.0,-0.14850272331551817,-0.1596481044753755,732971.0,714046.0,-3370.0,-16583.0,36.0,278724.0,341372.0,0.013078630036827486,0.38026606782533007,0.4780812440655084,4161.0,0.0,12.0
2020-11-19,RB2101.SHF,3906.0,3956.0,3906.0,3940.0,3935.0,3907.0,3906.0,34.0,29.0,834183,3282528.742,1197284,6057.0,57,0.7520562061227747,0.599916823249405,12,RB2105.SHF,3713.0,3708.0,495572,-227.0,RB2012.SHF,4100.0,4112.0,26,-160.0,RB2111.SHF,3542.0,3552.0,361,-558.0,-0.14828540225700765,-0.15939651802272065,722429.0,713173.0,-9190.0,570.0,36.0,276633.0,325790.0,0.0064474694239768406,0.3829206745576382,0.4568176305048004,3274.0,-887.0,12.0
2020-11-20,RB2101.SHF,3930.0,3980.0,3930.0,3977.0,3955.0,3940.0,3935.0,42.0,20.0,698059,2761281.0,1209316,12032.0,56,0.7594912056611041,0.599356095975005,12,RB2105.SHF,3739.0,3723.0,504314,-238.0,RB2012.SHF,4125.0,4119.0,25,-148.0,RB2111.SHF,3573.0,3563.0,360,-552.0,-0.1458018995929444,-0.15652555484197206,720988.0,704253.0,-1441.0,-7468.0,37.0,276911.0,318745.0,0.011741873830460953,0.38407157955472215,0.45260013091886014,1500.0,-1774.0,12.0
2020-11-23,RB2101.SHF,3981.0,4005.0,3903.0,3911.0,3945.0,3977.0,3955.0,-44.0,-10.0,1290303,5091169.0,1076051,-133265.0,53,0.7465622804956935,0.5577428243255571,12,RB2105.SHF,3678.0,3712.0,544360,-233.0,RB2012.SHF,4056.0,4100.0,22,-145.0,RB2111.SHF,3543.0,3567.0,357,-513.0,-0.13780579351761896,-0.14733300223290946,658959.0,643252.0,-39842.0,-55032.0,34.0,259199.0,295509.0,0.01206179336528412,0.3933461717648594,0.4593984939028561,1500.0,0.0,12.0
2020-11-24,RB2101.SHF,3911.0,3924.0,3895.0,3910.0,3913.0,3911.0,3945.0,-35.0,-32.0,608878,2382666.0,1037906,-38145.0,52,0.7547322766617044,0.5416946976438322,12,RB2105.SHF,3685.0,3684.0,567706,-225.0,RB2012.SHF,4081.0,4071.0,21,-171.0,RB2111.SHF,3547.0,3539.0,356,-534.0,-0.1425682174766939,-0.15279867591267784,655175.0,624690.0,443.0,-18562.0,34.0,256854.0,282130.0,0.023818918401550163,0.39203876826802,0.45163200947670046,1500.0,0.0,12.0
2020-11-25,RB2101.SHF,3900.0,3913.0,3858.0,3865.0,3881.0,3910.0,3913.0,-48.0,-32.0,1088059,4223272.0,977157,-60749.0,51,0.7445457114644927,0.5197911807151752,12,RB2105.SHF,3699.0,3690.0,593085,-166.0,RB2012.SHF,4071.0,4084.0,20,-206.0,RB2111.SHF,3562.0,3549.0,355,-509.0,-0.13622748453751876,-0.1455276623835246,623131.0,566954.0,-28519.0,-55377.0,31.0,259453.0,255824.0,0.04720419129726028,0.41636991258659894,0.45122531986722025,1500.0,0.0,12.0
2020-11-26,RB2101.SHF,3855.0,3896.0,3855.0,3884.0,3878.0,3865.0,3881.0,3.0,-3.0,717036,2780724.51,912001,-65156.0,50,0.6818024925904056,0.48942452432764577,12,RB2105.SHF,3736.0,3726.0,630505,-148.0,RB2012.SHF,4040.0,4053.0,19,-156.0,RB2111.SHF,3586.0,3584.0,354,-454.0,-0.12243978129156198,-0.1298825988907251,575313.0,519803.0,-42718.0,-47151.0,30.0,234319.0,237332.0,0.05068869416573221,0.4072895971410345,0.45658066613697884,1500.0,0.0,12.0
2020-11-27,RB2101.SHF,3884.0,3955.0,3882.0,3924.0,3928.0,3884.0,3878.0,46.0,50.0,996601,3915610.919,912695,694.0,49,0.6981731644250095,0.48005880450133204,12,RB2105.SHF,3775.0,3773.0,656618,-149.0,RB2012.SHF,4014.0,4060.0,18,-90.0,RB2111.SHF,3643.0,3629.0,353,-371.0,-0.10070350787170274,-0.10566557405050046,584772.0,518555.0,9459.0,2036.0,30.0,230626.0,238348.0,0.060015752356282405,0.39438618812118226,0.45963880398414825,1500.0,0.0,12.0
2020-11-30,RB2101.SHF,3924.0,3944.0,3889.0,3906.0,3919.0,3924.0,3928.0,-22.0,-9.0,996077,3903935.91,792551,-120144.0,46,0.6557698346810907,0.4383161557639428,12,RB2105.SHF,3764.0,3771.0,676752,-142.0,RB2012.SHF,4258.0,4194.0,15,-352.0,RB2111.SHF,3632.0,3637.0,350,-626.0,-0.1601831144886184,-0.17325635400676986,489939.0,444691.0,-94833.0,-69848.0,31.0,187990.0,198535.0,0.048412740870718896,0.38370082806226896,0.44645607849045743,1500.0,0.0,12.0
2020-12-01,RB2101.SHF,3900.0,3912.0,3872.0,3892.0,3892.0,3906.0,3919.0,-27.0,-27.0,617798,2404538.419,744402,-48149.0,45,0.6392195247121537,0.41768361280765787,12,RB2105.SHF,3764.0,3757.0,688048,-128.0,RB2012.SHF,4258.0,4258.0,14,-366.0,RB2111.SHF,3624.0,3620.0,349,-634.0,-0.1622301830443835,-0.17565889574941043,463256.0,416041.0,-24532.0,-27093.0,32.0,180961.0,183209.0,0.053696305116473726,0.39062850777971575,0.4403628488538389,1500.0,0.0,12.0
2020-12-02,RB2101.SHF,3891.0,3939.0,3887.0,3913.0,3914.0,3892.0,3892.0,21.0,22.0,670259,2624029.695,710249,-34153.0,44,0.5556569721267469,0.4042426039577982,12,RB2105.SHF,3812.0,3795.0,694767,-101.0,RB2012.SHF,4258.0,4258.0,13,-345.0,RB2111.SHF,3652.0,3650.0,348,-606.0,-0.15506544309920572,-0.16727307571515365,436997.0,401067.0,-24666.0,-14974.0,32.0,171476.0,188372.0,0.0428726207067718,0.3923962864733625,0.46967713623908225,1500.0,0.0,12.0
2020-12-03,RB2105.SHF,3812.0,3820.0,3772.0,3774.0,3795.0,3812.0,3795.0,-21.0,0.0,422057,1602078.276,715243,20476.0,165,0.3519728667237086,0.4061572969903464,12,RB2101.SHF,3866.0,3895.0,681075,92.0,RB2012.SHF,4258.0,4258.0,12,-484.0,RB2111.SHF,3647.0,3656.0,347,-611.0,-0.15634486094655894,-0.16876581774725904,502520.0,477986.0,9815.0,4441.0,35.0,236981.0,214842.0,0.025021774471548363,0.471585210538884,0.44947341553936726,1500.0,0.0,12.0
2020-12-04,RB2105.SHF,3776.0,3816.0,3736.0,3813.0,3784.0,3774.0,3795.0,18.0,-11.0,663701,2511486.0,751530,36287.0,164,0.4100873805484053,0.4328239671815617,12,RB2101.SHF,3900.0,3881.0,624212,87.0,RB2012.SHF,4258.0,4258.0,11,-445.0,RB2111.SHF,3663.0,3646.0,346,-595.0,-0.15225072383502866,-0.16399622440666503,519398.0,484088.0,17616.0,7037.0,33.0,249322.0,215366.0,0.035187336943415255,0.48002110135194975,0.4448901852555734,1500.0,0.0,12.0
2020-12-07,RB2105.SHF,3817.0,3924.0,3815.0,3912.0,3874.0,3813.0,3784.0,128.0,90.0,1093075,4235519.659,809777,58247.0,161,0.5191021715788029,0.47129242436147023,12,RB2101.SHF,3980.0,3943.0,555254,68.0,RB2012.SHF,4258.0,4258.0,8,-346.0,RB2111.SHF,3749.0,3737.0,343,-509.0,-0.13024473686055396,-0.13871136263251388,522872.0,495521.0,22116.0,13280.0,37.0,248203.0,222349.0,0.026857018852250555,0.47469170274943007,0.448717612371625,1500.0,0.0,12.0
2020-12-08,RB2105.SHF,3921.0,3951.0,3898.0,3914.0,3928.0,3912.0,3874.0,40.0,54.0,1073612,4218025.0,894870,85093.0,160,0.6805703643318175,0.5205580494910297,12,RB2101.SHF,3963.0,3979.0,461737,49.0,RB2012.SHF,4258.0,4258.0,7,-344.0,RB2111.SHF,3754.0,3780.0,342,-504.0,-0.12896531901320074,-0.13725920696132615,574576.0,531357.0,51704.0,43971.0,37.0,255898.0,234715.0,0.03907922089312824,0.4453684107933502,0.44172750147264456,1500.0,0.0,12.0
2020-12-09,RB2105.SHF,3904.0,3993.0,3893.0,3989.0,3946.0,3914.0,3928.0,61.0,18.0,1260588,4975468.0,1021746,126876.0,159,0.7369213627387593,0.5622363861774324,12,RB2101.SHF,4019.0,3984.0,409967,30.0,RB2012.SHF,4258.0,4258.0,6,-269.0,RB2111.SHF,3864.0,3833.0,341,-394.0,-0.10081812637143078,-0.10579187251991316,631522.0,588389.0,66815.0,61226.0,35.0,270748.0,264583.0,0.03535749739120313,0.428722989856252,0.44967360028824466,1500.0,0.0,12.0
2020-12-10,RB2105.SHF,3995.0,4085.0,3988.0,4040.0,4041.0,3989.0,3946.0,94.0,95.0,1735315,7013847.0,1005780,-15966.0,158,0.7588236040070857,0.5768482970076475,11,RB2101.SHF,4121.0,4094.0,333854,81.0,RB2101.SHF,4121.0,4094.0,36,-81.0,RB2111.SHF,3911.0,3916.0,340,-210.0,-0.06118373159299604,-0.06279771760824233,607109.0,573643.0,-18864.0,2604.0,35.0,276367.0,247405.0,0.02834295432063634,0.4552180909853091,0.4312874034896268,1500.0,0.0,12.0
2020-12-11,RB2105.SHF,4045.0,4237.0,3998.0,4033.0,4108.0,4040.0,4041.0,-8.0,67.0,3301833,13566027.0,951089,-54691.0,157,0.8377750087346648,0.5847691423266224,11,RB2101.SHF,4125.0,4196.0,272276,92.0,RB2101.SHF,4125.0,4196.0,35,-92.0,RB2111.SHF,3907.0,3987.0,339,-218.0,-0.06345295055821366,-0.06519116564310665,580663.0,540195.0,24974.0,-27198.0,37.0,279616.0,229872.0,0.036104484243320745,0.48154609472275656,0.42553522339155303,1500.0,0.0,12.0
2020-12-14,RB2105.SHF,4045.0,4080.0,3973.0,3988.0,4026.0,4033.0,4108.0,-120.0,-82.0,1816593,7314085.0,969923,18834.0,154,0.8408358216139982,0.5933110793429995,11,RB2101.SHF,4100.0,4115.0,256473,112.0,RB2101.SHF,4100.0,4115.0,32,-112.0,RB2111.SHF,3860.0,3894.0,336,-240.0,-0.07028241335044935,-0.07242343235274927,586866.0,552417.0,6715.0,12222.0,35.0,278215.0,236695.0,0.030237438810199045,0.4740690379064386,0.42847160749940716,1500.0,0.0,12.0
2020-12-15,RB2105.SHF,3988.0,4083.0,3964.0,4073.0,4020.0,3988.0,4026.0,47.0,-6.0,1673432,6727238.0,1031317,61394.0,153,0.874491405231798,0.6135190893915833,11,RB2101.SHF,4179.0,4124.0,242134,106.0,RB2101.SHF,4179.0,4124.0,31,-106.0,RB2111.SHF,3939.0,3886.0,335,-240.0,-0.06895379151396079,-0.07101303062206736,632619.0,579931.0,47685.0,31277.0,34.0,295077.0,245347.0,0.04345222877407117,0.46643714463207714,0.42306239880261615,1500.0,0.0,12.0
2020-12-16,RB2105.SHF,4085.0,4150.0,4068.0,4148.0,4104.0,4073.0,4020.0,128.0,84.0,2078000,8528895.0,1100449,69132.0,152,0.8787546887356167,0.6318217519813883,12,RB2101.SHF,4230.0,4200.0,228196,82.0,RB2101.SHF,4230.0,4200.0,30,-82.0,RB2112.SHF,3980.0,3963.0,364,-250.0,-0.06458713778117521,-0.06657444138644218,654305.0,610721.0,22076.0,30874.0,35.0,301967.0,244673.0,0.03445304681484807,0.4615080123184142,0.4006297474624256,1500.0,0.0,12.0
2020-12-17,RB2105.SHF,4155.0,4194.0,4129.0,4175.0,4163.0,4148.0,4104.0,71.0,59.0,1784003,7428075.0,1117529,17080.0,151,0.879055214330941,0.6355981463197121,12,RB2101.SHF,4263.0,4256.0,217131,88.0,RB2101.SHF,4263.0,4256.0,29,-88.0,RB2112.SHF,4012.0,4020.0,363,-251.0,-0.06434351564288737,-0.06631554701926716,678968.0,613735.0,30250.0,3668.0,35.0,309760.0,247987.0,0.05046248055431139,0.4562217954307125,0.40406201373556994,1500.0,0.0,12.0
2020-12-18,RB2105.SHF,4185.0,4317.0,4174.0,4316.0,4248.0,4175.0,4163.0,153.0,85.0,2335177,9920009.0,1183110,65581.0,150,0.8704382799803188,0.6536764917135008,12,RB2101.SHF,4376.0,4328.0,186937,60.0,RB2101.SHF,4376.0,4328.0,28,-60.0,RB2112.SHF,4180.0,4112.0,362,-196.0,-0.04894689597039918,-0.050076927493414684,694660.0,646418.0,20169.0,32683.0,35.0,325285.0,259102.0,0.03597255342343995,0.468265050528316,0.40082732844691826,1500.0,0.0,12.0
2020-12-21,RB2105.SHF,4314.0,4460.0,4272.0,4460.0,4379.0,4316.0,4248.0,212.0,131.0,2287800,10018583.0,1168745,-14365.0,147,0.8696987644484114,0.6664490303303321,12,RB2101.SHF,4544.0,4461.0,158469,84.0,RB2101.SHF,4544.0,4461.0,25,-84.0,RB2112.SHF,4317.0,4272.0,359,-227.0,-0.05459261933878725,-0.056003419666500236,692613.0,650142.0,3264.0,17571.0,35.0,305845.0,258599.0,0.03162974630517108,0.44158137372529827,0.39775772062103354,1500.0,0.0,12.0
2020-12-22,RB2105.SHF,4470.0,4603.0,4344.0,4368.0,4465.0,4460.0,4379.0,-11.0,86.0,4335786,19362101.0,1073185,-95560.0,146,0.8885932685737661,0.6716095198162623,12,RB2101.SHF,4442.0,4546.0,129776,74.0,RB2101.SHF,4442.0,4546.0,24,-74.0,RB2112.SHF,4180.0,4293.0,358,-262.0,-0.06445685845778057,-0.06643598745953097,660939.0,611470.0,-7488.0,-30422.0,32.0,325334.0,246890.0,0.03887822233259903,0.49222999399339423,0.40376469818633787,7338.0,5838.0,12.0
2020-12-23,RB2105.SHF,4381.0,4406.0,4241.0,4283.0,4308.0,4368.0,4465.0,-182.0,-157.0,3592629,15479085.0,1077489,4304.0,145,0.9023364211344843,0.6819762131863583,12,RB2103.SHF,4218.0,4275.0,120513,-65.0,RB2101.SHF,4318.0,4366.0,23,-35.0,RB2112.SHF,4090.0,4115.0,357,-228.0,-0.057703028403591115,-0.05928229683783053,643523.0,604466.0,20718.0,-4833.0,35.0,314812.0,226929.0,0.03129594892262672,0.48920085218399345,0.3754206191911538,15829.0,8491.0,12.0
2020-12-24,RB2105.SHF,4283.0,4343.0,4258.0,4291.0,4306.0,4283.0,4308.0,-17.0,-2.0,2500667,10768777.0,1140598,63109.0,144,0.8642261899207647,0.7112489905871275,12,RB2110.SHF,4170.0,4182.0,114266,-121.0,RB2101.SHF,4244.0,4263.0,22,47.0,RB2112.SHF,4154.0,4134.0,356,-90.0,-0.023174668570493266,-0.023423924502104405,697673.0,655756.0,68010.0,51290.0,32.0,358019.0,233874.0,0.03097096338263773,0.5131616100952738,0.3566478995236033,19623.0,3794.0,12.0
2020-12-25,RB2105.SHF,4278.0,4348.0,4209.0,4341.0,4274.0,4291.0,4306.0,35.0,-32.0,2903111,12410163.0,1194466,53868.0,143,0.9090724339883018,0.7269999458310281,12,RB2110.SHF,4215.0,4155.0,119590,-126.0,RB2101.SHF,4258.0,4209.0,21,83.0,RB2112.SHF,4168.0,4107.0,355,-90.0,-0.02309847191478945,-0.023346079752637697,745320.0,686193.0,54905.0,30948.0,33.0,385544.0,269193.0,0.0413038512399119,0.517286534642838,0.39229925108533603,19623.0,0.0,12.0
2020-12-28,RB2105.SHF,4340.0,4383.0,4228.0,4244.0,4300.0,4341.0,4274.0,-30.0,26.0,3061108,13164626.545,1175467,-18999.0,140,0.9091283842379747,0.739198159719078,12,RB2110.SHF,4126.0,4174.0,123071,-118.0,RB2101.SHF,4188.0,4223.0,18,56.0,RB2112.SHF,4083.0,4127.0,352,-105.0,-0.027398641113189102,-0.02774795642173915,745401.0,678400.0,3074.0,-6443.0,32.0,375381.0,261589.0,0.04705784024593324,0.5035960509846378,0.3855969929245283,22553.0,2930.0,12.0
2020-12-29,RB2105.SHF,4256.0,4282.0,4206.0,4234.0,4243.0,4244.0,4300.0,-66.0,-57.0,2825002,11987625.014,1177292,1825.0,139,0.915572598697846,0.7516878453426706,12,RB2110.SHF,4111.0,4120.0,125024,-123.0,RB2101.SHF,4158.0,4180.0,17,76.0,RB2112.SHF,4065.0,4078.0,351,-93.0,-0.024442457077187615,-0.024719948949572614,763081.0,668780.0,17680.0,-9620.0,34.0,390823.0,259717.0,0.06585904637391479,0.5121645015404656,0.3883444480995245,26404.0,3851.0,12.0
2020-12-30,RB2105.SHF,4250.0,4294.0,4179.0,4256.0,4247.0,4234.0,4243.0,13.0,4.0,3668716,15583364.0,1183457,6165.0,138,0.9148185394635492,0.7653362201816826,12,RB2110.SHF,4143.0,4131.0,127441,-113.0,RB2101.SHF,4193.0,4169.0,16,63.0,RB2112.SHF,4120.0,4082.0,350,-73.0,-0.0190258643219166,-0.0191934319219298,762558.0,672043.0,-523.0,4421.0,32.0,389211.0,264119.0,0.06309419831716274,0.5104018317295209,0.39300907828814524,31557.0,5153.0,12.0
2020-12-31,RB2105.SHF,4256.0,4400.0,4247.0,4388.0,4306.0,4256.0,4247.0,141.0,59.0,2649324,11408249.887,1217327,33870.0,137,0.9001135451710686,0.7726970355954517,12,RB2110.SHF,4259.0,4176.0,127911,-129.0,RB2101.SHF,4213.0,4220.0,15,175.0,RB2112.SHF,4227.0,4172.0,349,14.0,0.0036314742932839397,0.0036254538459201107,773362.0,693012.0,20419.0,20969.0,34.0,391147.0,271823.0,0.05479502500726281,0.5057747859346593,0.39223418930696724,31557.0,0.0,12.0
2021-01-04,RB2105.SHF,4354.0,4407.0,4307.0,4383.0,4346.0,4388.0,4306.0,77.0,40.0,1420698,6175572.366,1220915,3588.0,133,0.8880761219892133,0.7668871385141077,12,RB2110.SHF,4266.0,4223.0,135291,-117.0,RB2101.SHF,4234.0,4220.0,11,149.0,RB2112.SHF,4232.0,4187.0,345,-2.0,-0.0005162089613875425,-0.0005163309197198287,756670.0,701658.0,-16413.0,10639.0,32.0,377868.0,272209.0,0.03772265224284249,0.4993828221021053,0.3879511100849702,35165.0,3608.0,12.0
2021-01-05,RB2105.SHF,4388.0,4426.0,4359.0,4397.0,4391.0,4383.0,4346.0,51.0,45.0,1578335,6930840.0,1257064,36149.0,132,0.9010510030485368,0.7673872739848203,12,RB2110.SHF,4269.0,4269.0,136463,-128.0,RB2101.SHF,4233.0,4234.0,10,164.0,RB2112.SHF,4230.0,4227.0,344,-3.0,-0.0007744963651718915,-0.000774770944368347,763715.0,718356.0,14715.0,16698.0,32.0,382899.0,273523.0,0.030605146447100037,0.5013637286160413,0.38076246317981616,35165.0,0.0,12.0
2021-01-06,RB2105.SHF,4400.0,4447.0,4315.0,4377.0,4381.0,4397.0,4391.0,-14.0,-10.0,2154746,9441154.0,1236056,-21008.0,131,0.8935560174303359,0.7647153080283426,12,RB2110.SHF,4246.0,4253.0,134618,-131.0,RB2101.SHF,4232.0,4231.0,9,145.0,RB2112.SHF,4195.0,4200.0,343,-37.0,-0.009554378954755895,-0.009596390546235019,774377.0,701919.0,10662.0,-10210.0,34.0,379353.0,269117.0,0.049080943117098465,0.48988154348592483,0.38340178852545664,38451.0,3286.0,12.0
2021-01-07,RB2105.SHF,4377.0,4473.0,4363.0,4455.0,4411.0,4377.0,4381.0,74.0,30.0,2098980,9259154.0,1313573,77517.0,130,0.9090806720417999,0.7723224653679513,12,RB2110.SHF,4325.0,4284.0,135314,-130.0,RB2101.SHF,4240.0,4244.0,8,215.0,RB2112.SHF,4299.0,4284.0,342,59.0,0.015206615071743349,0.015101785684585386,805946.0,730450.0,64284.0,30329.0,33.0,395211.0,284365.0,0.04913837317983124,0.49036908179952504,0.3893011157505647,48366.0,9915.0,12.0
2021-01-08,RB2105.SHF,4455.0,4511.0,4435.0,4487.0,4473.0,4455.0,4411.0,76.0,62.0,2047522,9158712.0,1321813,8240.0,129,0.9022591709968766,0.7750641482704594,12,RB2110.SHF,4343.0,4336.0,133624,-144.0,RB2101.SHF,4289.0,4270.0,7,198.0,RB2112.SHF,4310.0,4301.0,341,21.0,0.005350688224855981,0.005337631682734308,808228.0,734501.0,2438.0,4051.0,35.0,387875.0,278125.0,0.04778998774250046,0.47990789727651106,0.3786584361355533,50501.0,2135.0,12.0
2021-01-11,RB2105.SHF,4495.0,4500.0,4331.0,4348.0,4404.0,4487.0,4473.0,-125.0,-69.0,2787680,12277326.0,1247798,-74015.0,126,0.9002145520821627,0.7719912369759524,12,RB2110.SHF,4220.0,4267.0,131790,-128.0,RB2101.SHF,4220.0,4242.0,4,128.0,RB2112.SHF,4193.0,4225.0,338,-27.0,-0.006991940290036083,-0.007014403738450985,,,,,,,,,,,53212.0,2711.0,12.0
2021-01-12,RB2105.SHF,4349.0,4355.0,4262.0,4327.0,4304.0,4348.0,4404.0,-77.0,-100.0,2163248,9312348.0,1193034,-54764.0,125,0.9106495474636919,0.7669497164038348,12,RB2110.SHF,4203.0,4178.0,135326,-124.0,RB2101.SHF,4192.0,4178.0,3,135.0,RB2112.SHF,4170.0,4131.0,337,-22.0,-0.005735189925492483,-0.005750292188417021,749280.0,671182.0,-11769.0,-20912.0,32.0,362451.0,256856.0,0.05498070346126824,0.48373238308776423,0.38269202690179416,76686.0,23474.0,12.0
2021-01-13,RB2105.SHF,4320.0,4328.0,4253.0,4293.0,4292.0,4327.0,4304.0,-11.0,-12.0,1917584,8230530.0,1178576,-14458.0,124,0.913131759498059,0.7654572118500853,12,RB2110.SHF,4168.0,4173.0,138630,-125.0,RB2101.SHF,4175.0,4163.0,2,118.0,RB2112.SHF,4108.0,4141.0,336,-67.0,-0.017537380329161988,-0.017679623282410305,732450.0,661438.0,-11414.0,-7877.0,31.0,346371.0,249590.0,0.05094526963428912,0.47289371288142534,0.3773445130155812,95031.0,18345.0,12.0
2021-01-14,RB2105.SHF,4289.0,4304.0,4251.0,4294.0,4281.0,4293.0,4292.0,2.0,-11.0,1497549,6411684.0,1169652,-8924.0,123,0.9153034337882909,0.7638643443506201,12,RB2110.SHF,4171.0,4158.0,135530,-123.0,RB2101.SHF,4165.0,4164.0,1,129.0,RB2112.SHF,4128.0,4124.0,335,-37.0,-0.009708074846705201,-0.009751453040220733,726493.0,656015.0,-5957.0,-5423.0,30.0,351930.0,250851.0,0.050978366852126714,0.4844231121290914,0.38238607348917325,109010.0,13979.0,12.0
2021-01-15,RB2105.SHF,4305.0,4412.0,4301.0,4360.0,4368.0,4294.0,4281.0,79.0,87.0,2117861,9250898.0,1265904,96252.0,122,0.9175629522857612,0.7750505412907958,12,RB2110.SHF,4240.0,4240.0,138362,-120.0,RB2102.SHF,4230.0,4216.0,21,130.0,RB2112.SHF,4220.0,4218.0,334,-10.0,-0.002756818404972851,-0.002760082200470132,797170.0,698758.0,73101.0,51294.0,32.0,383469.0,263916.0,0.06578658865934724,0.4810379216478292,0.37769299242370036,100304.0,-8706.0,12.0
2021-01-18,RB2105.SHF,4370.0,4400.0,4334.0,4392.0,4373.0,4360.0,4368.0,24.0,5.0,1547808,6769054.0,1273675,7771.0,119,0.8954574197097964,0.7714618328771421,12,RB2110.SHF,4268.0,4250.0,143404,-124.0,RB2102.SHF,4255.0,4240.0,18,137.0,RB2201.SHF,4162.0,4144.0,364,-93.0,-0.023056859322252606,-0.023312564825640408,790153.0,702323.0,-4969.0,3565.0,30.0,387156.0,263025.0,0.05884851749709878,0.48997599199142444,0.3745071712018544,100304.0,0.0,12.0
2021-01-19,RB2105.SHF,4392.0,4392.0,4282.0,4288.0,4329.0,4392.0,4373.0,-85.0,-44.0,1908555,8262248.0,1246331,-27344.0,118,0.8988164785964456,0.7637346879998039,12,RB2110.SHF,4178.0,4210.0,154860,-110.0,RB2102.SHF,4170.0,4189.0,17,118.0,RB2201.SHF,4081.0,4110.0,363,-89.0,-0.022514936028056123,-0.02275867767708125,761235.0,687975.0,-24492.0,-7028.0,31.0,362633.0,260310.0,0.050551679880762625,0.4763745755252977,0.37837130709691486,100304.0,0.0,12.0
2021-01-20,RB2105.SHF,4290.0,4325.0,4267.0,4310.0,4295.0,4288.0,4329.0,-19.0,-34.0,1485631,6381908.0,1249904,3573.0,117,0.9098994207290558,0.7648045407179558,12,RB2110.SHF,4190.0,4183.0,152938,-120.0,RB2102.SHF,4180.0,4168.0,16,130.0,RB2201.SHF,4094.0,4079.0,362,-86.0,-0.021703957739856696,-0.0219303385653526,774725.0,679470.0,19406.0,-6442.0,31.0,383596.0,265192.0,0.06550359477236546,0.4951382748717287,0.3902924338087038,100304.0,0.0,12.0
2021-01-21,RB2105.SHF,4310.0,4384.0,4270.0,4369.0,4320.0,4310.0,4295.0,74.0,25.0,2077734,8976371.0,1304359,54455.0,116,0.9156042373490084,0.7661658198478664,12,RB2110.SHF,4240.0,4205.0,159624,-129.0,RB2102.SHF,4229.0,4192.0,15,140.0,RB2201.SHF,4141.0,4105.0,361,-88.0,-0.021951376198202102,-0.02218298463389103,805041.0,717170.0,37682.0,41665.0,32.0,391212.0,275975.0,0.057725900023058566,0.4859528893559458,0.38481113264637395,111786.0,11482.0,12.0
2021-01-22,RB2105.SHF,4367.0,4387.0,4280.0,4294.0,4332.0,4369.0,4320.0,-26.0,12.0,1858367,8050814.0,1236925,-67434.0,115,0.9155135100250608,0.7603924034836321,12,RB2110.SHF,4183.0,4213.0,160765,-111.0,RB2102.SHF,4177.0,4200.0,14,117.0,RB2201.SHF,4085.0,4111.0,360,-92.0,-0.023234863088672994,-0.023494561789367898,760190.0,708106.0,-44367.0,-4320.0,30.0,365462.0,285303.0,0.03547241155734266,0.48075086491535013,0.4029100162969951,111786.0,0.0,12.0
2021-01-25,RB2105.SHF,4280.0,4352.0,4245.0,4321.0,4299.0,4294.0,4332.0,-11.0,-33.0,2167772,9320849.0,1243903,6978.0,112,0.9138122837213439,0.757668489314153,12,RB2110.SHF,4216.0,4195.0,171158,-105.0,RB2102.SHF,4166.0,4166.0,11,155.0,RB2201.SHF,4116.0,4090.0,357,-50.0,-0.012660985295219442,-0.012737576810539353,801592.0,693739.0,41402.0,-9154.0,31.0,395628.0,282094.0,0.07212650577029434,0.4935528298685616,0.40662842942374583,111493.0,-293.0,12.0
2021-01-26,RB2105.SHF,4320.0,4362.0,4296.0,4303.0,4325.0,4321.0,4299.0,4.0,26.0,1609339,6960957.39,1266940,23037.0,111,0.9118305632894682,0.757087650042816,12,RB2110.SHF,4213.0,4225.0,175155,-90.0,RB2102.SHF,4190.0,4182.0,10,113.0,RB2201.SHF,4117.0,4123.0,356,-73.0,-0.01837915764205995,-0.01854114672945588,807523.0,685771.0,8677.0,-4160.0,32.0,394871.0,281710.0,0.08153250465079215,0.48899040646520286,0.41079310732008206,111493.0,0.0,12.0
2021-01-27,RB2105.SHF,4314.0,4398.0,4291.0,4385.0,4349.0,4303.0,4325.0,60.0,24.0,1878084,8168006.863,1348252,81312.0,110,0.9039636890465487,0.7618426591702101,12,RB2110.SHF,4303.0,4268.0,188661,-82.0,RB2102.SHF,4268.0,4222.0,9,117.0,RB2201.SHF,4194.0,4164.0,355,-74.0,-0.018290436695180188,-0.01845085650381285,843371.0,728494.0,36142.0,57347.0,31.0,415530.0,284012.0,0.07308324824332879,0.4927013141310289,0.38986182453115603,111493.0,0.0,12.0
2021-01-28,RB2105.SHF,4373.0,4381.0,4275.0,4275.0,4327.0,4385.0,4349.0,-74.0,-22.0,2052146,8879816.345,1192387,-155865.0,109,0.8878894353433598,0.7313292501769463,12,RB2110.SHF,4224.0,4272.0,205821,-51.0,RB2102.SHF,4177.0,4210.0,8,98.0,RB2201.SHF,4117.0,4152.0,354,-60.0,-0.015153171579569415,-0.015263058079346248,720812.0,659248.0,-114144.0,-57918.0,31.0,343811.0,260976.0,0.04460965465269626,0.47697735331820224,0.3958692328228527,110909.0,-584.0,12.0
2021-01-29,RB2105.SHF,4265.0,4307.0,4219.0,4267.0,4270.0,4275.0,4327.0,-60.0,-57.0,1893215,8085365.0,1173970,-18417.0,108,0.9006384625521091,0.7291087008366953,12,RB2110.SHF,4203.0,4207.0,202930,-64.0,RB2102.SHF,4160.0,4191.0,7,107.0,RB2201.SHF,4099.0,4102.0,353,-61.0,-0.015468680524677637,-0.015583213740186603,708901.0,636111.0,-6897.0,-19679.0,31.0,329993.0,245231.0,0.054118476266382755,0.46549941388148697,0.3855160498717991,110609.0,-300.0,12.0
2021-02-01,RB2105.SHF,4273.0,4303.0,4211.0,4221.0,4248.0,4267.0,4270.0,-49.0,-22.0,1588518,6748193.0,1215897,41927.0,105,0.8928005179701819,0.7328230058413834,12,RB2110.SHF,4157.0,4183.0,207936,-64.0,RB2102.SHF,4140.0,4143.0,4,81.0,RB2201.SHF,4061.0,4079.0,350,-79.0,-0.020129987992516214,-0.020324528276207263,729528.0,658835.0,20627.0,23776.0,32.0,331849.0,237737.0,0.0509182396822733,0.454881786579816,0.3608445210105717,109715.0,-894.0,12.0
2021-02-02,RB2105.SHF,4225.0,4242.0,4128.0,4154.0,4184.0,4221.0,4248.0,-94.0,-64.0,1868757,7820524.0,1272168,56271.0,104,0.9021614137534505,0.7372984940116898,12,RB2110.SHF,4091.0,4121.0,213995,-63.0,RB2102.SHF,4060.0,4105.0,3,94.0,RB2201.SHF,4002.0,4026.0,349,-58.0,-0.015070189925681201,-0.015178870433573232,753585.0,663826.0,27643.0,26517.0,34.0,336120.0,259384.0,0.0633260218807389,0.4460279862258405,0.39074094717591656,112079.0,2364.0,12.0
2021-02-03,RB2105.SHF,4162.0,4200.0,4132.0,4175.0,4165.0,4154.0,4184.0,-9.0,-19.0,1400700,5834364.0,1238189,-33979.0,103,0.8875818385053494,0.7278540986979396,12,RB2110.SHF,4114.0,4104.0,218459,-61.0,RB2102.SHF,4076.0,4011.0,2,99.0,RB2201.SHF,4022.0,4006.0,348,-54.0,-0.01397578947965531,-0.014069192958545057,748982.0,640095.0,-2669.0,-19987.0,32.0,329032.0,241531.0,0.07838802312614779,0.4393056174914751,0.37733617666127683,112079.0,0.0,12.0
2021-02-04,RB2105.SHF,4181.0,4249.0,4172.0,4246.0,4216.0,4175.0,4165.0,81.0,51.0,1474021,6214697.0,1174941,-63248.0,102,0.9057048144836972,0.7164951565544304,12,RB2110.SHF,4170.0,4145.0,216688,-76.0,RB2102.SHF,4125.0,4126.0,1,121.0,RB2201.SHF,4064.0,4049.0,347,-61.0,-0.015599929935190058,-0.01571642477259883,723612.0,623539.0,-23077.0,-6661.0,34.0,333277.0,246629.0,0.07428491683560343,0.4605741751104183,0.3955309932498208,115064.0,2985.0,12.0
2021-02-05,RB2105.SHF,4243.0,4292.0,4226.0,4285.0,4258.0,4246.0,4216.0,69.0,42.0,1312422,5589104.246,1130483,-44458.0,101,0.8834610304897997,0.7114000664528763,12,RB2110.SHF,4194.0,4174.0,207226,-91.0,RB2103.SHF,4215.0,4177.0,38,70.0,RB2201.SHF,4085.0,4078.0,346,-130.0,-0.036550045446842615,-0.0371255520999227,706557.0,603425.0,-16661.0,-9340.0,35.0,330202.0,234937.0,0.078727799313273,0.46733950693291554,0.3893391887972822,114762.0,-302.0,12.0
2021-02-08,RB2105.SHF,4291.0,4361.0,4267.0,4335.0,4320.0,4285.0,4258.0,77.0,62.0,1238633,5351387.0,1134679,4196.0,98,0.875345400990232,0.7106173724018334,11,RB2110.SHF,4260.0,4232.0,217819,-75.0,RB2103.SHF,4245.0,4241.0,35,90.0,RB2201.SHF,4145.0,4131.0,343,-100.0,-0.027916724029798168,-0.028250799932659363,699162.0,625510.0,-7395.0,23445.0,33.0,330901.0,243494.0,0.05560017876123297,0.473282300811543,0.3892727534331985,112941.0,-1821.0,12.0
2021-02-09,RB2105.SHF,4335.0,4420.0,4323.0,4420.0,4370.0,4335.0,4320.0,100.0,50.0,1047598,4579003.0,1150440,15761.0,97,0.8681518754884192,0.7219362077577832,11,RB2110.SHF,4329.0,4291.0,218048,-91.0,RB2103.SHF,4320.0,4280.0,34,100.0,RB2201.SHF,4204.0,4175.0,342,-116.0,-0.03182118807118813,-0.0322562223151939,700916.0,650567.0,4323.0,26071.0,33.0,338865.0,243782.0,0.037254630653881696,0.48346021491876345,0.3747223575742391,112941.0,0.0,12.0
2021-02-10,RB2105.SHF,4415.0,4415.0,4351.0,4404.0,4386.0,4420.0,4370.0,34.0,16.0,898635,3941420.0,1094782,-55658.0,96,0.8500117763570478,0.7098699350096516,12,RB2110.SHF,4322.0,4305.0,224736,-82.0,RB2103.SHF,4311.0,4294.0,33,93.0,RB2202.SHF,4167.0,4167.0,370,-144.0,-0.03617823977995696,-0.036796270959966196,665371.0,638630.0,-35545.0,-18.0,33.0,316991.0,236447.0,0.020506886114351138,0.4764124075140035,0.3702409846076758,112941.0,0.0,12.0
2021-02-18,RB2105.SHF,4486.0,4547.0,4468.0,4529.0,4511.0,4404.0,4386.0,143.0,125.0,978913,4415909.0,1181090,86308.0,88,0.8522513973289687,0.7163717595139476,12,RB2110.SHF,4458.0,4430.0,243903,-71.0,RB2103.SHF,4410.0,4402.0,25,119.0,RB2202.SHF,4230.0,4230.0,362,-180.0,-0.044207594016835265,-0.04513511627954703,713233.0,684917.0,63049.0,53052.0,30.0,342070.0,253904.0,0.02025247648678611,0.47960484161557304,0.3707076915889079,80769.0,-32172.0,12.0
2021-02-19,RB2105.SHF,4531.0,4588.0,4479.0,4524.0,4532.0,4529.0,4511.0,13.0,21.0,1503027,6812609.0,1209469,28379.0,87,0.8770239604710287,0.7121032991334432,12,RB2110.SHF,4446.0,4455.0,253043,-78.0,RB2103.SHF,4406.0,4399.0,24,118.0,RB2202.SHF,4295.0,4299.0,361,-111.0,-0.02728609893980563,-0.027635691170728335,720748.0,706485.0,19086.0,25371.0,33.0,340911.0,272034.0,0.009993462875367932,0.47299610959725175,0.3850527612051211,80769.0,0.0,12.0
2021-02-22,RB2105.SHF,4524.0,4676.0,4488.0,4582.0,4584.0,4524.0,4532.0,50.0,52.0,2081968,9545715.0,1205401,-4068.0,84,0.86727129429525,0.7043514438491425,12,RB2110.SHF,4502.0,4512.0,267824,-80.0,RB2103.SHF,4500.0,4510.0,21,82.0,RB2202.SHF,4336.0,4361.0,358,-164.0,-0.03947246950214303,-0.04020971339231175,695548.0,712590.0,-23235.0,13045.0,30.0,327210.0,275728.0,-0.01210250699860383,0.47043482261468655,0.38693779031420594,80769.0,0.0,12.0
2021-02-23,RB2105.SHF,4565.0,4628.0,4535.0,4552.0,4581.0,4582.0,4584.0,-32.0,-3.0,1457647,6677765.0,1213858,8457.0,83,0.8782529740099487,0.7010664502770807,12,RB2110.SHF,4478.0,4501.0,280468,-74.0,RB2103.SHF,4469.0,4499.0,20,83.0,RB2202.SHF,4307.0,4335.0,357,-162.0,-0.0392615664920159,-0.03999085553697164,701224.0,711402.0,13315.0,-38.0,31.0,337423.0,274963.0,-0.007205021003436154,0.48119145950509395,0.3865086125706703,80769.0,0.0,12.0
2021-02-24,RB2105.SHF,4550.0,4619.0,4514.0,4618.0,4571.0,4552.0,4581.0,37.0,-10.0,1638383,7489324.0,1252201,38343.0,82,0.8786690471350984,0.7002523187940594,12,RB2110.SHF,4533.0,4493.0,300394,-85.0,RB2103.SHF,4540.0,4511.0,19,78.0,RB2202.SHF,4344.0,4321.0,356,-196.0,-0.04675878116053807,-0.04779813572371558,714131.0,735726.0,21143.0,25449.0,31.0,346910.0,279313.0,-0.01489457236127425,0.4857792197790041,0.3796426930677997,86386.0,5617.0,12.0
2021-02-25,RB2105.SHF,4615.0,4746.0,4612.0,4686.0,4673.0,4618.0,4571.0,115.0,102.0,2078722,9715298.0,1264478,12277.0,81,0.8490401581492615,0.6948345611063915,12,RB2110.SHF,4599.0,4589.0,318754,-87.0,RB2103.SHF,4618.0,4622.0,18,68.0,RB2202.SHF,4410.0,4414.0,355,-208.0,-0.04878343419441155,-0.049916210201321656,737646.0,761351.0,24324.0,31584.0,31.0,357858.0,291182.0,-0.015813907566192595,0.48513514612700404,0.3824543476005154,86386.0,0.0,12.0
2021-02-26,RB2105.SHF,4681.0,4725.0,4610.0,4677.0,4671.0,4686.0,4673.0,4.0,-2.0,1814382,8475801.0,1259695,-4783.0,80,0.8620407534949486,0.6911728476686747,12,RB2110.SHF,4595.0,4588.0,324094,-82.0,RB2103.SHF,4686.0,4587.0,17,-9.0,RB2202.SHF,4418.0,4397.0,354,-268.0,-0.061943461868233074,-0.06378535847775268,732440.0,760969.0,-4966.0,-382.0,33.0,357577.0,286806.0,-0.01910327311540241,0.4881997160176943,0.3768957736780342,86386.0,0.0,12.0
2021-03-01,RB2105.SHF,4655.0,4704.0,4601.0,4639.0,4647.0,4677.0,4671.0,-32.0,-24.0,2141292,9951887.0,1207873,-51822.0,77,0.8513480954429468,0.6686949223667645,12,RB2110.SHF,4572.0,4579.0,350946,-67.0,RB2103.SHF,4542.0,4563.0,14,97.0,RB2202.SHF,4373.0,4378.0,351,-169.0,-0.04029976728901501,-0.04106864245457821,711290.0,700713.0,-14502.0,-60256.0,31.0,341230.0,257815.0,0.007490777285883953,0.47973400441451447,0.3679323774498261,90214.0,3828.0,12.0
2021-03-02,RB2105.SHF,4639.0,4733.0,4620.0,4732.0,4662.0,4639.0,4647.0,85.0,15.0,2176669,10149505.0,1277277,69404.0,76,0.8648550819651287,0.6762075787648044,12,RB2110.SHF,4657.0,4597.0,358480,-75.0,RB2103.SHF,4590.0,4575.0,13,142.0,RB2202.SHF,4436.0,4397.0,350,-154.0,-0.03633883490752057,-0.03696242855573182,753410.0,725846.0,46983.0,28109.0,33.0,353995.0,268092.0,0.018633691531418497,0.4698570499462444,0.3693510744703422,90214.0,0.0,12.0
2021-03-03,RB2105.SHF,4782.0,4924.0,4761.0,4842.0,4844.0,4732.0,4662.0,180.0,182.0,3010753,14585665.0,1265923,-11354.0,75,0.8534214206791535,0.6619253683425657,12,RB2110.SHF,4782.0,4772.0,392633,-60.0,RB2103.SHF,4748.0,4748.0,12,94.0,RB2202.SHF,4558.0,4518.0,349,-190.0,-0.043341691269664646,-0.04423274261790534,742660.0,724431.0,3612.0,2140.0,33.0,349858.0,280939.0,0.01242526878019155,0.47108771173888453,0.3878064301500074,90214.0,0.0,12.0
2021-03-04,RB2105.SHF,4844.0,4887.0,4822.0,4849.0,4848.0,4842.0,4844.0,5.0,4.0,1756663,8516591.0,1233841,-32082.0,74,0.7980881281947254,0.6535375557088089,12,RB2110.SHF,4804.0,4801.0,398632,-45.0,RB2103.SHF,4748.0,4738.0,11,101.0,RB2202.SHF,4588.0,4566.0,348,-160.0,-0.036498266332349226,-0.03712740735996599,707677.0,702318.0,-22753.0,-22113.0,33.0,338993.0,278771.0,0.0038007226975982186,0.4790222092847443,0.39692988076626257,90214.0,0.0,12.0
2021-03-05,RB2105.SHF,4822.0,4822.0,4633.0,4696.0,4718.0,4849.0,4848.0,-152.0,-130.0,2869471,13538927.0,1097841,-136000.0,73,0.8194290753336934,0.6114790914042997,12,RB2110.SHF,4654.0,4691.0,426419,-42.0,RB2103.SHF,4580.0,4592.0,10,116.0,RB2202.SHF,4499.0,4488.0,347,-81.0,-0.019155015355111188,-0.019326423197258986,646984.0,630820.0,-45639.0,-67530.0,36.0,281538.0,250352.0,0.01264982736006461,0.4351545015023555,0.3968675691956501,90214.0,0.0,12.0
2021-03-08,RB2105.SHF,4701.0,4850.0,4701.0,4752.0,4779.0,4696.0,4718.0,34.0,61.0,1947568,9307496.0,1105484,7643.0,70,0.8246106893758709,0.6145254688499731,12,RB2110.SHF,4709.0,4736.0,418755,-43.0,RB2103.SHF,4650.0,4686.0,7,102.0,RB2202.SHF,4528.0,4566.0,344,-122.0,-0.02841645129383237,-0.028795877521987673,646480.0,650332.0,14582.0,19732.0,33.0,285709.0,260828.0,-0.0029703611626049112,0.4419456131666873,0.4010689924530855,90214.0,0.0,12.0
2021-03-09,RB2105.SHF,4752.0,4796.0,4575.0,4592.0,4712.0,4752.0,4779.0,-187.0,-67.0,2416092,11386589.0,1072298,-33186.0,69,0.8293980193383812,0.6027911819068992,12,RB2110.SHF,4576.0,4666.0,426860,-16.0,RB2103.SHF,4581.0,4620.0,6,11.0,RB2202.SHF,4432.0,4495.0,343,-149.0,-0.03522807726663545,-0.0358137192663566,624211.0,611945.0,-16215.0,-35960.0,35.0,261046.0,234501.0,0.009922695840978,0.41820153762109286,0.38320600707579927,90214.0,0.0,12.0
2021-03-10,RB2105.SHF,4616.0,4636.0,4558.0,4589.0,4597.0,4592.0,4712.0,-123.0,-115.0,1983047,9117626.0,1061406,-10892.0,68,0.8097427341297452,0.5925501227912783,12,RB2110.SHF,4558.0,4570.0,442697,-31.0,RB2103.SHF,4452.0,4476.0,5,137.0,RB2202.SHF,4417.0,4403.0,342,-35.0,-0.008514827463934515,-0.008548474159055788,617994.0,607475.0,843.0,3883.0,33.0,260033.0,234907.0,0.008583652462852998,0.420769457308647,0.38669410263796866,90214.0,0.0,12.0
2021-03-11,RB2105.SHF,4608.0,4704.0,4504.0,4687.0,4594.0,4589.0,4597.0,90.0,-3.0,2479092,11390832.0,1065287,3881.0,67,0.8220000019894381,0.5924287427933637,12,RB2110.SHF,4635.0,4547.0,442061,-52.0,RB2103.SHF,4548.0,4478.0,4,139.0,RB2202.SHF,4436.0,4385.0,341,-112.0,-0.02667230386591819,-0.027006216130746857,618134.0,588272.0,8321.0,-9495.0,34.0,277405.0,235081.0,0.024752860977150314,0.4487780966586533,0.3996127641635162,90214.0,0.0,12.0
2021-03-12,RB2105.SHF,4729.0,4828.0,4698.0,4729.0,4757.0,4687.0,4594.0,135.0,163.0,2730355,12990222.0,1053642,-11645.0,66,0.8314005023685743,0.5869250608570681,12,RB2110.SHF,4663.0,4688.0,448518,-66.0,RB2103.SHF,4550.0,4598.0,3,179.0,RB2202.SHF,4450.0,4508.0,340,-100.0,-0.02380408908598823,-0.024069569514597138,634735.0,593327.0,28846.0,13906.0,33.0,286592.0,237888.0,0.03371816732379961,0.4515144115260699,0.4009391111478156,95845.0,5631.0,12.0
2021-03-15,RB2105.SHF,4729.0,4790.0,4670.0,4787.0,4723.0,4729.0,4757.0,30.0,-34.0,2242762,10593729.0,1050050,-3592.0,63,0.8291800302795591,0.5840710819596264,12,RB2110.SHF,4712.0,4656.0,453084,-75.0,RB2104.SHF,4733.0,4707.0,31,54.0,RB2202.SHF,4513.0,4464.0,337,-220.0,-0.055444390588124795,-0.0567743545062911,625549.0,604933.0,4542.0,14651.0,32.0,275861.0,235122.0,0.016754410060447856,0.4409902341782978,0.38867444824468167,94630.0,-1215.0,12.0
2021-03-16,RB2105.SHF,4788.0,4798.0,4658.0,4701.0,4735.0,4787.0,4723.0,-22.0,12.0,2297261,10877771.0,983475,-66575.0,62,0.8205379788770301,0.5654332415355338,12,RB2110.SHF,4636.0,4667.0,461777,-65.0,RB2104.SHF,4660.0,4708.0,30,41.0,RB2203.SHF,4456.0,4464.0,364,-204.0,-0.04783994243273115,-0.04891868297032531,579102.0,563687.0,-22687.0,-40021.0,35.0,267313.0,220018.0,0.013488929277408166,0.46159916560467756,0.3903194503332523,94323.0,-307.0,12.0
2021-03-17,RB2105.SHF,4689.0,4794.0,4666.0,4785.0,4738.0,4701.0,4735.0,50.0,3.0,1886315,8938070.0,1040308,56833.0,61,0.8224702689150742,0.5719906529209622,12,RB2110.SHF,4711.0,4667.0,481096,-74.0,RB2104.SHF,4730.0,4706.0,29,55.0,RB2203.SHF,4500.0,4479.0,363,-230.0,-0.05313896519856692,-0.05447439847473696,605960.0,584085.0,43821.0,22907.0,35.0,288696.0,229409.0,0.01838165783646837,0.4764274869628358,0.3927664637852367,94323.0,0.0,12.0
2021-03-18,RB2105.SHF,4781.0,4821.0,4728.0,4759.0,4781.0,4785.0,4738.0,21.0,43.0,2285393,10928647.0,995590,-44718.0,60,0.817537656606661,0.562180713890848,12,RB2110.SHF,4691.0,4708.0,476792,-68.0,RB2104.SHF,4710.0,4739.0,28,49.0,RB2203.SHF,4490.0,4480.0,362,-220.0,-0.05104440799928804,-0.052275000868472025,580807.0,569628.0,-17677.0,-14457.0,35.0,262858.0,234186.0,0.009717193930991321,0.452573746528537,0.4111209420885209,85631.0,-8692.0,12.0
2021-03-19,RB2105.SHF,4741.0,4805.0,4721.0,4746.0,4769.0,4759.0,4781.0,-35.0,-12.0,2295850,10949335.0,966527,-29063.0,59,0.8005340496768016,0.5588492594659135,12,RB2110.SHF,4674.0,4693.0,466012,-72.0,RB2104.SHF,4692.0,4702.0,27,54.0,RB2203.SHF,4498.0,4497.0,361,-194.0,-0.04518456692752605,-0.04614526406511488,559216.0,544692.0,-20122.0,-24936.0,35.0,263625.0,217474.0,0.013156893509241712,0.47141891505250205,0.3992604995116506,19576.0,-66055.0,12.0
2021-03-22,RB2105.SHF,4764.0,4903.0,4739.0,4763.0,4800.0,4746.0,4769.0,-6.0,31.0,2913208,13984373.0,984310,17783.0,56,0.7915902328054721,0.5558821652471851,12,RB2110.SHF,4719.0,4736.0,487566,-44.0,RB2104.SHF,4700.0,4737.0,24,63.0,RB2203.SHF,4559.0,4532.0,358,-141.0,-0.03278443113772458,-0.033286259676403085,538788.0,568381.0,-10418.0,23689.0,33.0,235302.0,227241.0,-0.02672853015212673,0.43672464865587207,0.3998040047081095,19576.0,0.0,12.0
2021-03-23,RB2105.SHF,4763.0,4779.0,4643.0,4715.0,4716.0,4763.0,4800.0,-85.0,-84.0,2558890,12067936.0,957353,-26957.0,55,0.7693422427335523,0.5232409300088541,12,RB2110.SHF,4676.0,4681.0,565054,-39.0,RB2104.SHF,4655.0,4672.0,23,60.0,RB2203.SHF,4512.0,4522.0,357,-143.0,-0.03357088186677133,-0.03409733453486384,534913.0,541550.0,9512.0,-23868.0,33.0,236177.0,219464.0,-0.006165562587845564,0.44152413570057186,0.40525159265072475,19576.0,0.0,12.0
2021-03-24,RB2105.SHF,4703.0,4819.0,4657.0,4816.0,4733.0,4715.0,4716.0,100.0,17.0,2385637,11291874.0,996558,39205.0,54,0.7760950428413695,0.5186600041948383,12,RB2110.SHF,4736.0,4673.0,617133,-80.0,RB2104.SHF,4738.0,4695.0,22,78.0,RB2203.SHF,4562.0,4515.0,356,-176.0,-0.04059420205599778,-0.04136737540166189,571001.0,542046.0,41424.0,2837.0,32.0,260258.0,212032.0,0.026014175502022827,0.455792546773123,0.3911697531205839,19576.0,0.0,12.0
2021-03-25,RB2105.SHF,4818.0,4843.0,4776.0,4795.0,4802.0,4816.0,4733.0,62.0,69.0,1886984,9062259.0,937529,-59029.0,53,0.7744557934668539,0.5040012428958183,12,RB2110.SHF,4720.0,4733.0,614092,-75.0,RB2104.SHF,4719.0,4745.0,21,76.0,RB2203.SHF,4538.0,4558.0,355,-181.0,-0.04191553320568019,-0.04274054530272208,532049.0,506783.0,-15273.0,-28252.0,33.0,255701.0,194813.0,0.02432154573598041,0.4805967119569814,0.3844110792982401,19576.0,0.0,12.0
2021-03-26,RB2105.SHF,4789.0,4943.0,4765.0,4934.0,4847.0,4795.0,4802.0,132.0,45.0,2129811,10324306.0,1038295,100766.0,52,0.7440091468846306,0.5317300951055297,12,RB2110.SHF,4826.0,4754.0,653864,-108.0,RB2104.SHF,4799.0,4770.0,20,135.0,RB2203.SHF,4584.0,4587.0,354,-215.0,-0.04895917687442368,-0.05008978432407053,586893.0,537736.0,58181.0,38772.0,31.0,274229.0,199865.0,0.04370952554131185,0.46725553039480794,0.3716786675989705,19576.0,0.0,12.0
2021-03-29,RB2105.SHF,4946.0,5017.0,4920.0,4971.0,4971.0,4934.0,4847.0,124.0,124.0,2487470,12366984.0,978227,-60068.0,49,0.7325734503933562,0.5113289533727073,12,RB2110.SHF,4879.0,4852.0,682772,-92.0,RB2104.SHF,4786.0,4849.0,17,185.0,RB2203.SHF,4628.0,4592.0,351,-158.0,-0.036077031061153925,-0.03668597531881521,554729.0,513197.0,-31977.0,-22196.0,34.0,237567.0,195606.0,0.03889033509812478,0.42825776189815207,0.38115187734924405,19576.0,0.0,12.0
2021-03-30,RB2105.SHF,4976.0,4995.0,4937.0,4964.0,4967.0,4971.0,4971.0,-7.0,-4.0,1567060,7784053.0,859089,-119138.0,48,0.6840992521470596,0.46024145440519015,12,RB2110.SHF,4901.0,4904.0,758213,-63.0,RB2104.SHF,4830.0,4820.0,16,134.0,RB2203.SHF,4631.0,4647.0,350,-199.0,-0.045024857118062055,-0.04597867862437501,478126.0,458278.0,-66504.0,-42552.0,34.0,200579.0,184479.0,0.021195979513116133,0.41951075657880976,0.40254823491417874,19576.0,0.0,12.0
2021-03-31,RB2110.SHF,4901.0,4939.0,4814.0,4850.0,4872.0,4901.0,4904.0,-54.0,-32.0,1048210,5106916.733,765583,7370.0,198,0.3127426962507336,0.433151661328531,12,RB2105.SHF,4935.0,4956.0,754275,85.0,RB2104.SHF,4815.0,4832.0,15,35.0,RB2203.SHF,4637.0,4641.0,349,-178.0,-0.040398952873070035,-0.04116461240083608,,,,,,,,,,,19576.0,0.0,12.0
2021-04-01,RB2110.SHF,4834.0,4966.0,4821.0,4934.0,4900.0,4850.0,4872.0,62.0,28.0,909389,4456115.026,851341,85758.0,197,0.3817726741664732,0.4605898923971432,12,RB2105.SHF,5003.0,4973.0,751539,69.0,RB2104.SHF,4890.0,4878.0,14,44.0,RB2203.SHF,4718.0,4662.0,348,-172.0,-0.038438460502308244,-0.03913075662566926,,,,,,,,,,,19576.0,0.0,12.0
2021-04-02,RB2110.SHF,4966.0,5119.0,4966.0,5119.0,5036.0,4934.0,4900.0,219.0,136.0,1489692,7503428.633,1052731,201390.0,196,0.45919303411184187,0.5223641903022845,12,RB2105.SHF,5157.0,5076.0,714857,38.0,RB2104.SHF,4960.0,4960.0,13,159.0,RB2203.SHF,4817.0,4773.0,347,-143.0,-0.031506543364883115,-0.03196964304609164,,,,,,,,,,,19576.0,0.0,12.0
2021-04-06,RB2110.SHF,5135.0,5166.0,5103.0,5147.0,5139.0,5119.0,5036.0,111.0,103.0,1058142,5438651.274,1131494,78763.0,192,0.5660644435124239,0.5533565175375578,12,RB2105.SHF,5180.0,5172.0,657322,33.0,RB2104.SHF,5000.0,5000.0,9,147.0,RB2203.SHF,4877.0,4851.0,343,-123.0,-0.02688323353293408,-0.027219422253764808,,,,,,,,,,,19576.0,0.0,12.0
2021-04-07,RB2110.SHF,5147.0,5178.0,5057.0,5117.0,5127.0,5147.0,5139.0,-22.0,-12.0,2433589,12479306.531,1205671,74177.0,191,0.6825201305925831,0.6106502971781372,12,RB2105.SHF,5127.0,5152.0,506538,10.0,RB2104.SHF,5000.0,5000.0,8,117.0,RB2203.SHF,4838.0,4854.0,342,-162.0,-0.035407185628742496,-0.03599348080804392,,,,,,,,,,,19576.0,0.0,12.0
2021-04-08,RB2110.SHF,5110.0,5164.0,5056.0,5115.0,5108.0,5117.0,5127.0,-12.0,-19.0,2308312,11791096.969,1288163,82492.0,190,0.7666228054735049,0.6524931149919183,12,RB2105.SHF,5124.0,5113.0,421319,9.0,RB2104.SHF,5000.0,5000.0,7,115.0,RB2203.SHF,4825.0,4846.0,341,-175.0,-0.03824850299401201,-0.038933891735778964,154197.0,65743.0,23656.0,3183.0,5.0,154197.0,65743.0,0.40217331999636263,1.0,1.0,19576.0,0.0,12.0
2021-04-09,RB2110.SHF,5125.0,5147.0,5041.0,5068.0,5086.0,5115.0,5108.0,-40.0,-22.0,2261562,11503864.254,1259830,-28333.0,189,0.8174487911198182,0.6647576051144698,12,RB2105.SHF,5092.0,5105.0,375278,24.0,RB2104.SHF,5000.0,5000.0,6,68.0,RB2203.SHF,4812.0,4824.0,340,-188.0,-0.0410898203592814,-0.04188223571080473,809092.0,714561.0,-1645.0,-14718.0,35.0,363060.0,270335.0,0.062042341661782574,0.4487252376738368,0.3783231942409395,19576.0,0.0,12.0
2021-04-12,RB2110.SHF,5066.0,5096.0,4937.0,4985.0,4998.0,5068.0,5086.0,-101.0,-88.0,2901094,14501371.177,1182927,-76903.0,186,0.83189379173851,0.6807977854002164,12,RB2105.SHF,5022.0,5036.0,302309,37.0,RB2104.SHF,4920.0,4925.0,3,65.0,RB2203.SHF,4768.0,4762.0,337,-152.0,-0.03376174480307677,-0.03429426428301304,782596.0,672220.0,-7613.0,-39429.0,34.0,336758.0,265919.0,0.07586938829377736,0.43030886945499336,0.3955832911844337,19576.0,0.0,12.0
2021-04-13,RB2110.SHF,4992.0,5125.0,4985.0,5116.0,5062.0,4985.0,4998.0,118.0,64.0,2265296,11467613.988,1298437,115510.0,185,0.8707000628436462,0.7054031559698419,12,RB2105.SHF,5134.0,5084.0,287993,18.0,RB2104.SHF,5000.0,5010.0,2,116.0,RB2203.SHF,4856.0,4824.0,336,-144.0,-0.03147305389221562,-0.03193515993134641,832416.0,719834.0,83043.0,48852.0,34.0,375486.0,284901.0,0.07252826542116282,0.45107974858724487,0.395787084244423,20172.0,596.0,12.0
2021-04-14,RB2110.SHF,5151.0,5175.0,5096.0,5116.0,5131.0,5116.0,5062.0,54.0,69.0,1968178,10100241.719,1344602,46165.0,184,0.8614578856097896,0.7160715921412245,12,RB2105.SHF,5136.0,5142.0,267837,20.0,RB2104.SHF,5050.0,5050.0,1,66.0,RB2203.SHF,4863.0,4880.0,335,-187.0,-0.04046659156933661,-0.041234849793267095,859184.0,748958.0,41456.0,31416.0,34.0,371275.0,295761.0,0.06854245458423448,0.4321251326840351,0.3948966430694378,20763.0,591.0,12.0
2021-04-15,RB2110.SHF,5129.0,5165.0,5087.0,5107.0,5123.0,5116.0,5131.0,-24.0,-8.0,2177858,11159067.731,1334526,-10076.0,183,0.889217796621242,0.7246734417380963,12,RB2105.SHF,5121.0,5135.0,242287,14.0,RB2105.SHF,5121.0,5135.0,32,-14.0,RB2203.SHF,4840.0,4866.0,334,-281.0,-0.06631892312009634,-0.06820787844183318,849333.0,742485.0,-9851.0,-6473.0,34.0,365656.0,296680.0,0.06712325152749875,0.4305213620570495,0.39957709583358586,16902.0,-3861.0,12.0
2021-04-16,RB2110.SHF,5110.0,5195.0,5086.0,5116.0,5131.0,5107.0,5123.0,-7.0,8.0,2920906,14988438.837,1324562,-9964.0,182,0.8973680248973109,0.7401474749551853,12,RB2105.SHF,5134.0,5138.0,207652,18.0,RB2105.SHF,5134.0,5138.0,31,-18.0,RB2204.SHF,4875.0,4860.0,364,-259.0,-0.05529584902393628,-0.05673939029935564,813896.0,737701.0,-30088.0,-4784.0,34.0,367416.0,288614.0,0.04910746798298785,0.4514286837630361,0.39123438900042157,21157.0,4255.0,12.0
2021-04-19,RB2110.SHF,5122.0,5143.0,5058.0,5082.0,5105.0,5116.0,5131.0,-49.0,-26.0,2509136,12809659.345,1317620,-6942.0,179,0.8968140700320569,0.7505732034167196,12,RB2105.SHF,5101.0,5117.0,183905,19.0,RB2105.SHF,5101.0,5117.0,28,-19.0,RB2204.SHF,4833.0,4876.0,361,-268.0,-0.057587483582386585,-0.0591554360913289,802365.0,732409.0,-7412.0,-5292.0,34.0,356198.0,286441.0,0.045580652265414974,0.4439351168109277,0.3910943202500242,21157.0,0.0,12.0
2021-04-20,RB2110.SHF,5091.0,5171.0,5070.0,5165.0,5114.0,5082.0,5105.0,60.0,9.0,2137195,10929880.199,1425052,107432.0,178,0.9050442402175635,0.7700253315581069,12,RB2105.SHF,5168.0,5122.0,168453,3.0,RB2105.SHF,5168.0,5122.0,27,-3.0,RB2204.SHF,4932.0,4883.0,360,-236.0,-0.05005392389293315,-0.05123282621634845,890706.0,777339.0,91331.0,46127.0,34.0,387450.0,305147.0,0.0679639937771463,0.4349920175680864,0.3925533132905978,21157.0,0.0,12.0
2021-04-21,RB2110.SHF,5158.0,5189.0,5125.0,5188.0,5158.0,5165.0,5114.0,74.0,44.0,2026507,10453578.684,1488550,63498.0,177,0.9161846522760091,0.7825799403398128,12,RB2105.SHF,5183.0,5161.0,157468,-5.0,RB2105.SHF,5183.0,5161.0,26,5.0,RB2204.SHF,4956.0,4932.0,359,-227.0,-0.04800575223110433,-0.04908874635389133,922157.0,817796.0,31451.0,43047.0,34.0,411377.0,324153.0,0.05997920633488376,0.446102995476909,0.396373912320432,9302.0,-11855.0,12.0
2021-04-22,RB2110.SHF,5195.0,5238.0,5175.0,5208.0,5212.0,5188.0,5158.0,50.0,54.0,2569897,13396793.491,1500543,11993.0,176,0.9194481086695268,0.7903314240568833,12,RB2105.SHF,5195.0,5193.0,139789,-13.0,RB2105.SHF,5195.0,5193.0,25,13.0,RB2204.SHF,4961.0,4980.0,358,-234.0,-0.04937179720625337,-0.05051829219153687,907644.0,830196.0,-8234.0,13769.0,36.0,414768.0,328830.0,0.044565667725452285,0.45697211682113253,0.39608718904933293,9302.0,0.0,12.0
2021-04-23,RB2110.SHF,5225.0,5300.0,5205.0,5299.0,5248.0,5208.0,5212.0,87.0,36.0,2115301,11101672.14,1629094,128551.0,175,0.9146950909700226,0.807059905258913,12,RB2105.SHF,5250.0,5210.0,119607,-49.0,RB2105.SHF,5250.0,5210.0,24,49.0,RB2204.SHF,5077.0,5054.0,357,-173.0,-0.03611897611897612,-0.036727484483394635,996150.0,883400.0,100924.0,53264.0,35.0,466890.0,344420.0,0.059987763028384454,0.46869447372383677,0.3898800090559203,9302.0,0.0,12.0
2021-04-26,RB2110.SHF,5300.0,5475.0,5292.0,5371.0,5382.0,5299.0,5248.0,123.0,134.0,3320401,17871979.76,1600371,-28723.0,172,0.9038142069511795,0.827909284246935,12,RB2201.SHF,5272.0,5275.0,108873,-99.0,RB2105.SHF,5354.0,5336.0,21,17.0,RB2204.SHF,5209.0,5184.0,354,-145.0,-0.02968508291631187,-0.030094465202143487,964399.0,877469.0,-27696.0,-2188.0,36.0,437056.0,342448.0,0.04719665035713743,0.45319001782457263,0.3902679182968287,7821.0,-1481.0,12.0
2021-04-27,RB2110.SHF,5362.0,5424.0,5362.0,5411.0,5396.0,5371.0,5382.0,29.0,14.0,1552404,8377671.59,1602700,2329.0,171,0.9107449914727878,0.840055559923474,12,RB2201.SHF,5302.0,5283.0,109171,-109.0,RB2105.SHF,5391.0,5366.0,20,20.0,RB2204.SHF,5208.0,5198.0,353,-183.0,-0.0372074912976416,-0.037853669431204856,966195.0,872475.0,9434.0,-3018.0,36.0,432726.0,340163.0,0.05097162622982917,0.44786611398320214,0.3898828046648901,7821.0,0.0,12.0
2021-04-28,RB2110.SHF,5411.0,5422.0,5308.0,5358.0,5348.0,5411.0,5396.0,-38.0,-48.0,2425402,12973088.343,1526948,-75752.0,170,0.9259701699952163,0.845864595012608,12,RB2201.SHF,5248.0,5239.0,109548,-110.0,RB2105.SHF,5331.0,5332.0,19,27.0,RB2204.SHF,5168.0,5148.0,352,-163.0,-0.033514099355404905,-0.034037150289843776,927706.0,847779.0,-35972.0,-24696.0,35.0,423430.0,334745.0,0.04501699535619845,0.45642692835876886,0.3948493652237199,7821.0,0.0,12.0
2021-04-29,RB2110.SHF,5329.0,5475.0,5317.0,5452.0,5413.0,5358.0,5348.0,104.0,65.0,2790743,15107954.533,1626091,99143.0,169,0.9292620294074752,0.8645198780595432,12,RB2201.SHF,5335.0,5287.0,107853,-117.0,RB2105.SHF,5394.0,5363.0,18,58.0,RB2204.SHF,5257.0,5206.0,351,-137.0,-0.02783929647110958,-0.028198938592441235,1001095.0,911305.0,89923.0,64029.0,33.0,444797.0,356384.0,0.0469514745869065,0.4443104800243733,0.3910699491388723,7821.0,0.0,12.0
2021-04-30,RB2110.SHF,5464.0,5487.0,5354.0,5391.0,5418.0,5452.0,5413.0,-22.0,5.0,2380525,12897838.595,1510979,-115112.0,168,0.9159983854279097,0.8705606407784107,12,RB2201.SHF,5281.0,5304.0,112515,-110.0,RB2105.SHF,5352.0,5362.0,17,39.0,RB2204.SHF,5225.0,5227.0,350,-127.0,-0.026009754148767623,-0.0263233231708535,949484.0,854897.0,-41958.0,-56408.0,34.0,424003.0,349991.0,0.052420747059517915,0.44656150077305146,0.4093955178226149,7821.0,0.0,12.0
2021-05-06,RB2110.SHF,5520.0,5672.0,5520.0,5665.0,5614.0,5391.0,5418.0,247.0,196.0,1811309,10169838.027,1567670,56691.0,162,0.9255047253492916,0.8780123619695812,12,RB2201.SHF,5535.0,5484.0,112878,-130.0,RB2105.SHF,5483.0,5460.0,11,182.0,RB2204.SHF,5437.0,5369.0,344,-46.0,-0.009195772464056296,-0.009234563856506492,975157.0,888992.0,28024.0,34095.0,34.0,437454.0,361062.0,0.04622216357168874,0.44859853336437105,0.4061476368741226,7821.0,0.0,12.0
2021-05-07,RB2110.SHF,5669.0,5698.0,5641.0,5678.0,5672.0,5665.0,5614.0,64.0,58.0,1754729,9954264.81,1533792,-33878.0,161,0.917850423244085,0.8756329789602646,12,RB2201.SHF,5565.0,5554.0,120936,-113.0,RB2105.SHF,5538.0,5552.0,10,140.0,RB2204.SHF,5474.0,5467.0,343,-64.0,-0.01266705492057609,-0.012740817289949628,925700.0,862355.0,-38684.0,-26637.0,33.0,413052.0,352901.0,0.035426762599584466,0.4462050340283029,0.40922937769248163,7821.0,0.0,12.0
2021-05-10,RB2110.SHF,5677.0,6012.0,5643.0,6012.0,5819.0,5678.0,5672.0,340.0,147.0,2039444,11868993.243,1386351,-147441.0,158,0.9343837937344399,0.869667031968168,12,RB2201.SHF,5887.0,5688.0,119864,-125.0,RB2105.SHF,5885.0,5740.0,7,127.0,RB2204.SHF,5795.0,5659.0,340,-90.0,-0.016762727043100865,-0.01689222621919407,843738.0,786674.0,-66487.0,-49062.0,31.0,381851.0,343449.0,0.03499974239640042,0.4525705847075751,0.4365836420168965,11990.0,4169.0,12.0
2021-05-11,RB2110.SHF,6113.0,6208.0,5905.0,6086.0,6041.0,6012.0,5819.0,267.0,222.0,4185301,25284089.89,1232769,-153582.0,157,0.9249208349014605,0.8677957869172694,12,RB2201.SHF,5987.0,5954.0,109928,-99.0,RB2105.SHF,5886.0,5975.0,6,200.0,RB2204.SHF,5926.0,5907.0,339,40.0,0.007448835175644463,0.007423638916317479,770716.0,734327.0,-70547.0,-50001.0,34.0,321628.0,326006.0,0.024178046740192805,0.4173106565842671,0.4439520812934837,12288.0,298.0,12.0
2021-05-12,RB2110.SHF,6080.0,6200.0,5985.0,6171.0,6093.0,6086.0,6041.0,130.0,52.0,2754563,16784353.053,1276377,43608.0,156,0.919995457741128,0.86815728866682,12,RB2201.SHF,6062.0,6003.0,116369,-109.0,RB2105.SHF,6035.0,5947.0,5,136.0,RB2204.SHF,5991.0,5939.0,338,-44.0,-0.0079914214131281,-0.008020695730970076,794574.0,761847.0,28095.0,32826.0,34.0,332014.0,333151.0,0.02102708714415958,0.4178515783300234,0.4372938398392328,13759.0,1471.0,12.0
2021-05-13,RB2110.SHF,6094.0,6166.0,5800.0,5915.0,6000.0,6171.0,6093.0,-178.0,-93.0,4057849,24348291.768,1198382,-77995.0,155,0.9273711979051327,0.8577301731017675,12,RB2201.SHF,5785.0,5889.0,123194,-130.0,RB2105.SHF,5800.0,5938.0,4,115.0,RB2204.SHF,5735.0,5816.0,337,-65.0,-0.012283835559697623,-0.012353186019307707,734416.0,713341.0,-17191.0,-30913.0,34.0,305362.0,312487.0,0.014557000933167651,0.41578887170214157,0.43806117971629277,13759.0,0.0,12.0
2021-05-14,RB2110.SHF,5885.0,5900.0,5640.0,5641.0,5761.0,5915.0,6000.0,-359.0,-239.0,3135973,18066479.981,1147877,-50505.0,154,0.9263777402746486,0.8537600706881984,12,RB2201.SHF,5535.0,5649.0,120423,-106.0,RB2105.SHF,5581.0,5594.0,3,60.0,RB2204.SHF,5471.0,5562.0,336,-110.0,-0.021603757493383,-0.021819499112557924,683893.0,692808.0,-50393.0,-16932.0,32.0,296494.0,291954.0,-0.006475625426290822,0.43353857986556377,0.42140679668826,14345.0,586.0,12.0
2021-05-17,RB2110.SHF,5680.0,5711.0,5509.0,5596.0,5620.0,5641.0,5761.0,-165.0,-141.0,3355072,18858059.564,1156107,8230.0,151,0.9078668833233439,0.8510912247070411,12,RB2201.SHF,5421.0,5464.0,125427,-175.0,RB2106.SHF,5528.0,5542.0,29,68.0,RB2204.SHF,5363.0,5388.0,333,-165.0,-0.03583729244420744,-0.03638301565648658,711209.0,681092.0,43542.0,-11581.0,32.0,312577.0,285919.0,0.021631098447821268,0.43950090620338045,0.41979497630276086,22326.0,7981.0,12.0
2021-05-18,RB2110.SHF,5599.0,5680.0,5575.0,5610.0,5621.0,5596.0,5620.0,-10.0,1.0,1901897,10690774.482,1174025,17918.0,150,0.9034607937584674,0.8501538064934726,12,RB2201.SHF,5434.0,5446.0,129938,-176.0,RB2106.SHF,5499.0,5528.0,28,111.0,RB2205.SHF,5333.0,5331.0,363,-166.0,-0.03289064768899639,-0.03339731031681363,710626.0,707857.0,6213.0,34286.0,34.0,303618.0,295164.0,0.001952085432113039,0.4272542800291574,0.41698252613169046,22326.0,0.0,12.0
2021-05-19,RB2110.SHF,5599.0,5600.0,5287.0,5309.0,5444.0,5610.0,5621.0,-312.0,-177.0,3005705,16364591.822,1209679,35654.0,149,0.9150422007981072,0.8583947023702239,12,RB2201.SHF,5181.0,5297.0,121370,-128.0,RB2106.SHF,5213.0,5379.0,27,96.0,RB2205.SHF,5085.0,5206.0,362,-128.0,-0.02675286525362826,-0.02708678759458997,721105.0,706661.0,37435.0,-632.0,33.0,321523.0,286152.0,0.010116503684777477,0.4458754272956088,0.404935322594568,22326.0,0.0,12.0
2021-05-20,RB2110.SHF,5200.0,5274.0,5010.0,5186.0,5150.0,5309.0,5444.0,-258.0,-294.0,3714645,19131192.059,1162027,-47652.0,148,0.9104064624203931,0.8557492197545338,12,RB2201.SHF,5059.0,5015.0,115964,-127.0,RB2106.SHF,5101.0,5056.0,26,85.0,RB2205.SHF,4950.0,4907.0,361,-151.0,-0.03225296766510523,-0.03273997958647634,706098.0,701785.0,-6509.0,-26.0,33.0,307621.0,290842.0,0.0030634647907532087,0.4356633215219417,0.4144317704140157,22326.0,0.0,12.0
2021-05-21,RB2110.SHF,5187.0,5238.0,5101.0,5112.0,5158.0,5186.0,5150.0,-38.0,8.0,2283610,11780175.673,1133681,-28346.0,147,0.9147268128823862,0.8518569168980377,12,RB2201.SHF,4983.0,5037.0,115843,-129.0,RB2106.SHF,5080.0,5114.0,25,32.0,RB2205.SHF,4892.0,4936.0,360,-188.0,-0.04032201198730753,-0.04108706261013305,683181.0,674685.0,-21847.0,2967.0,33.0,305136.0,284067.0,0.006256876599016398,0.4466400558563543,0.4210364836923898,22326.0,0.0,12.0
2021-05-24,RB2110.SHF,5100.0,5125.0,4807.0,4974.0,4953.0,5112.0,5158.0,-184.0,-205.0,4036879,19998000.702,1172165,38484.0,144,0.9249288983988879,0.8538529059327867,12,RB2201.SHF,4856.0,4830.0,116797,-118.0,RB2106.SHF,4879.0,4960.0,22,95.0,RB2205.SHF,4765.0,4735.0,357,-114.0,-0.025457871535946065,-0.025760004359851294,707440.0,690067.0,30798.0,22833.0,29.0,278525.0,276780.0,0.012431422525969458,0.39370830035055976,0.4010914882178107,28245.0,5919.0,12.0
2021-05-25,RB2110.SHF,4976.0,5025.0,4901.0,4919.0,4966.0,4974.0,4953.0,-34.0,13.0,2456109,12199006.642,1169779,-2386.0,143,0.925490052742302,0.8509928306677191,12,RB2201.SHF,4813.0,4855.0,118407,-106.0,RB2106.SHF,4860.0,4911.0,21,59.0,RB2205.SHF,4719.0,4762.0,356,-141.0,-0.03161046618758061,-0.03207807966082225,663470.0,695426.0,-43970.0,20765.0,30.0,279392.0,275749.0,-0.023516148402821114,0.42110720906747856,0.3965181054490341,27358.0,-887.0,12.0
2021-05-26,RB2110.SHF,4888.0,4903.0,4661.0,4667.0,4806.0,4919.0,4966.0,-299.0,-160.0,3630128,17449622.788,1292360,122581.0,142,0.9293991352028361,0.848370427165499,12,RB2201.SHF,4567.0,4712.0,129455,-100.0,RB2106.SHF,4666.0,4728.0,20,1.0,RB2205.SHF,4476.0,4605.0,355,-190.0,-0.04436667924842139,-0.04529528313310203,666670.0,792944.0,49843.0,101867.0,30.0,297605.0,330059.0,-0.08651191342368598,0.44640526797366015,0.4162450311749632,25252.0,-2106.0,12.0
2021-05-27,RB2110.SHF,4647.0,4848.0,4626.0,4817.0,4740.0,4667.0,4806.0,11.0,-66.0,3189226,15118474.681,1177353,-115007.0,141,0.9280828923869712,0.8331561844537352,12,RB2201.SHF,4715.0,4632.0,126099,-102.0,RB2106.SHF,4680.0,4659.0,19,137.0,RB2205.SHF,4623.0,4545.0,354,-57.0,-0.01327018752391882,-0.01335166178228487,617245.0,713302.0,-24020.0,-61019.0,30.0,279269.0,316264.0,-0.0721936166103114,0.45244432923717487,0.4433802232434509,25252.0,0.0,12.0
2021-05-28,RB2110.SHF,4845.0,5004.0,4821.0,4933.0,4907.0,4817.0,4740.0,193.0,167.0,3430514,16835314.105,1149584,-27769.0,140,0.9264198024293947,0.8234335134081998,12,RB2201.SHF,4831.0,4805.0,126529,-102.0,RB2106.SHF,4738.0,4755.0,18,195.0,RB2205.SHF,4734.0,4711.0,353,-4.0,-0.0009198414848510084,-0.0009202299861270792,643409.0,708685.0,37161.0,-1898.0,27.0,292124.0,332084.0,-0.04827770850251536,0.4540253555669877,0.468591828527484,25252.0,0.0,12.0
2021-05-31,RB2110.SHF,4910.0,5149.0,4887.0,5027.0,5030.0,4933.0,4907.0,120.0,123.0,3595560,18088538.337,1096371,-53213.0,137,0.9264003858584526,0.8091119753806189,12,RB2201.SHF,4903.0,4919.0,131843,-124.0,RB2106.SHF,5080.0,4842.0,15,-53.0,RB2205.SHF,4818.0,4826.0,350,-262.0,-0.05619344223763072,-0.057694359552729765,637421.0,628935.0,13258.0,-31588.0,28.0,289136.0,256262.0,0.006701117221381665,0.45360287784682335,0.4074538704317616,25252.0,0.0,12.0
2021-06-01,RB2110.SHF,4972.0,5133.0,4850.0,5128.0,4977.0,5027.0,5030.0,98.0,-53.0,3394168,16893419.308,1076347,-20024.0,136,0.9183509030725082,0.8062463951580887,12,RB2201.SHF,5028.0,4869.0,128080,-100.0,RB2106.SHF,4833.0,4795.0,14,295.0,RB2205.SHF,4927.0,4782.0,349,94.0,0.02119137398050091,0.020987925686838268,626722.0,625908.0,-8921.0,5296.0,31.0,276787.0,271251.0,0.0006498327518900234,0.4416423868956252,0.4333719971625223,25252.0,0.0,12.0
2021-06-02,RB2110.SHF,5115.0,5147.0,4976.0,5002.0,5061.0,5128.0,4977.0,25.0,84.0,2536533,12838948.233,1065129,-11218.0,135,0.9242005122842558,0.8019028015768093,12,RB2201.SHF,4898.0,4958.0,128730,-104.0,RB2106.SHF,4830.0,4830.0,13,172.0,RB2205.SHF,4809.0,4857.0,348,-21.0,-0.004737183646982452,-0.004747511819906958,620493.0,610372.0,6172.0,8088.0,31.0,273274.0,274138.0,0.00822267267328261,0.440414315713473,0.44913266008270364,25252.0,0.0,12.0
2021-06-03,RB2110.SHF,4981.0,5188.0,4970.0,5148.0,5090.0,5002.0,5061.0,87.0,29.0,2797515,14241192.113,1102969,37840.0,134,0.9200859860555508,0.8069770725736415,12,RB2201.SHF,5043.0,4983.0,126459,-105.0,RB2106.SHF,4850.0,4850.0,12,298.0,RB2205.SHF,4943.0,4893.0,347,93.0,0.02089244499153723,0.020694660364275,665343.0,621079.0,45499.0,16322.0,30.0,293964.0,267153.0,0.03440861552429918,0.4418232400431056,0.4301433473036441,25252.0,0.0,12.0
2021-06-04,RB2110.SHF,5160.0,5275.0,5094.0,5159.0,5175.0,5148.0,5090.0,69.0,85.0,3095791,16023291.31,1166188,63219.0,133,0.9310375213001241,0.8149245512697776,12,RB2201.SHF,5044.0,5065.0,126137,-115.0,RB2106.SHF,4860.0,4860.0,11,299.0,RB2205.SHF,4945.0,4961.0,346,85.0,0.01905595479393158,0.018891231087252717,723690.0,669346.0,62409.0,48933.0,29.0,334932.0,289848.0,0.03901119569056363,0.46281142478132903,0.43303164581546766,25252.0,0.0,12.0
2021-06-07,RB2110.SHF,5175.0,5217.0,4955.0,4959.0,5093.0,5159.0,5175.0,-216.0,-82.0,2495752,12712566.899,1191217,25029.0,130,0.9295962037716452,0.8132778411577437,12,RB2201.SHF,4859.0,4985.0,131847,-100.0,RB2106.SHF,4830.0,4878.0,8,129.0,RB2205.SHF,4771.0,4885.0,343,-59.0,-0.013309230246284129,-0.013391186604885537,722981.0,711283.0,25121.0,44597.0,27.0,326786.0,307842.0,0.008156099574415867,0.4519980469749551,0.4327981970608042,25252.0,0.0,12.0
2021-06-08,RB2110.SHF,4950.0,5020.0,4903.0,5004.0,4970.0,4959.0,5093.0,-89.0,-123.0,2189390,10881626.276,1159547,-31670.0,129,0.9104450488970357,0.8102481935237276,12,RB2201.SHF,4901.0,4870.0,129443,-103.0,RB2106.SHF,4895.0,4898.0,7,109.0,RB2205.SHF,4808.0,4775.0,342,-87.0,-0.01936487125150544,-0.019539026100274706,705687.0,683590.0,-16385.0,-26037.0,29.0,302584.0,306533.0,0.015905395396310456,0.42877933134661683,0.4484164484559458,25252.0,0.0,12.0
2021-06-09,RB2110.SHF,5004.0,5100.0,4977.0,5035.0,5033.0,5004.0,4970.0,65.0,63.0,1898245,9554146.881,1115774,-43773.0,128,0.9048120445540968,0.800743780419715,12,RB2201.SHF,4941.0,4933.0,135599,-94.0,RB2106.SHF,4898.0,4898.0,6,137.0,RB2205.SHF,4850.0,4839.0,341,-48.0,-0.010677522960940447,-0.010730186737054339,684152.0,664262.0,-20379.0,-19023.0,31.0,292364.0,304649.0,0.014750662630319768,0.4273377845858815,0.45862777036771635,25252.0,0.0,12.0
2021-06-10,RB2110.SHF,5040.0,5202.0,5037.0,5168.0,5130.0,5035.0,5033.0,135.0,97.0,2386753,12245317.781,1282413,166639.0,127,0.9090356141176757,0.8253525604720372,12,RB2201.SHF,5060.0,5021.0,136410,-108.0,RB2106.SHF,4898.0,4898.0,5,270.0,RB2205.SHF,4955.0,4924.0,340,57.0,0.012679558516116872,0.012606347393943283,851188.0,733098.0,167356.0,85370.0,29.0,379238.0,318544.0,0.07453830937090904,0.4455396457656828,0.43451762247339376,25252.0,0.0,12.0
2021-06-11,RB2110.SHF,5191.0,5330.0,5185.0,5322.0,5245.0,5168.0,5130.0,192.0,115.0,2032513,10661922.387,1210229,-72184.0,126,0.9107607996719937,0.8186709599299188,12,RB2201.SHF,5196.0,5123.0,137378,-126.0,RB2106.SHF,4900.0,4900.0,4,422.0,RB2205.SHF,5075.0,5023.0,339,175.0,0.03891257995735618,0.03823382606302573,780175.0,664472.0,-71013.0,-52890.0,27.0,350782.0,286225.0,0.08009084572217295,0.4496196366199891,0.43075554726158516,25252.0,0.0,12.0
2021-06-15,RB2110.SHF,5200.0,5228.0,5110.0,5168.0,5165.0,5322.0,5245.0,-77.0,-80.0,1761824,9100115.308,1135776,-74453.0,122,0.8917160314368894,0.8012676070248907,12,RB2201.SHF,5045.0,5042.0,150720,-123.0,RB2107.SHF,5061.0,5015.0,30,107.0,RB2205.SHF,4937.0,4938.0,335,-124.0,-0.029320972658160634,-0.029686147634929584,730188.0,662482.0,-49987.0,-933.0,27.0,327249.0,282475.0,0.04861596788901894,0.4481708820194251,0.4263889433977074,25252.0,0.0,12.0
2021-06-16,RB2110.SHF,5169.0,5185.0,4996.0,5014.0,5088.0,5168.0,5165.0,-151.0,-77.0,1966255,10005445.238,1158196,22420.0,121,0.9016106290050784,0.7905170389703995,12,RB2201.SHF,4909.0,4966.0,166891,-105.0,RB2107.SHF,4911.0,4966.0,29,103.0,RB2206.SHF,4791.0,4834.0,364,-120.0,-0.02662314572525274,-0.026953810871596078,700068.0,693166.0,-30120.0,32068.0,28.0,305649.0,287831.0,0.004953941692493867,0.4365990160955793,0.41524108222272876,25252.0,0.0,12.0
2021-06-17,RB2110.SHF,5007.0,5118.0,4973.0,5101.0,5053.0,5014.0,5088.0,13.0,-35.0,2171848,10975406.051,1160418,2222.0,120,0.901362763310142,0.7913762873134201,12,RB2201.SHF,4987.0,4943.0,163670,-114.0,RB2107.SHF,4983.0,4909.0,28,118.0,RB2206.SHF,4869.0,4816.0,363,-114.0,-0.02492654128514564,-0.02521609810754282,732181.0,695069.0,37723.0,2671.0,28.0,320527.0,292912.0,0.02600245226834822,0.43777016885169107,0.42141427685596683,25252.0,0.0,12.0
2021-06-18,RB2110.SHF,5090.0,5177.0,5015.0,5061.0,5104.0,5101.0,5053.0,8.0,51.0,2683467,13697951.69,1162139,1721.0,119,0.9097222999120269,0.7930248094272685,12,RB2201.SHF,4955.0,4994.0,159395,-106.0,RB2107.SHF,4940.0,4981.0,27,121.0,RB2206.SHF,4822.0,4854.0,362,-118.0,-0.02602574173666084,-0.026341615748987836,726460.0,693975.0,1513.0,5500.0,30.0,316099.0,299841.0,0.022869754687824505,0.435122374253228,0.4320631146655139,25252.0,0.0,12.0
2021-06-21,RB2110.SHF,5063.0,5086.0,4885.0,4889.0,4991.0,5061.0,5104.0,-215.0,-113.0,2277214,11365831.794,1234883,72744.0,116,0.8904052116458906,0.7904374253493937,12,RB2201.SHF,4823.0,4893.0,181241,-66.0,RB2107.SHF,4832.0,4874.0,24,57.0,RB2206.SHF,4671.0,4747.0,359,-161.0,-0.03630337550657315,-0.03692196082411392,751555.0,745273.0,29452.0,57061.0,30.0,323962.0,329606.0,0.0041968749916490074,0.4310556113657683,0.44226209724490223,18645.0,-6607.0,12.0
2021-06-22,RB2110.SHF,4861.0,4910.0,4820.0,4885.0,4864.0,4889.0,4991.0,-106.0,-127.0,1830478,8905077.163,1239361,4478.0,115,0.8763945637508702,0.7807268913253688,12,RB2201.SHF,4828.0,4806.0,201763,-57.0,RB2107.SHF,4785.0,4760.0,23,100.0,RB2206.SHF,4705.0,4667.0,358,-80.0,-0.018216129384425888,-0.01837012516914853,748620.0,744589.0,-553.0,4235.0,29.0,320126.0,337156.0,0.002699555119209702,0.4276214902086506,0.4528081935134685,18645.0,0.0,12.0
2021-06-23,RB2110.SHF,4875.0,4975.0,4846.0,4934.0,4901.0,4885.0,4864.0,70.0,37.0,1936375,9491432.483,1245383,6022.0,114,0.8971627163939561,0.7805249656705969,12,RB2201.SHF,4873.0,4845.0,202525,-61.0,RB2107.SHF,4837.0,4786.0,22,97.0,RB2206.SHF,4733.0,4746.0,357,-104.0,-0.023426386776063853,-0.023681900491368212,755385.0,729508.0,6765.0,-3911.0,31.0,325444.0,300692.0,0.017426844897241753,0.43083195986152756,0.4121846504767597,18645.0,0.0,12.0
2021-06-24,RB2110.SHF,4951.0,5022.0,4911.0,4933.0,4976.0,4934.0,4901.0,32.0,75.0,1770624,8811834.146,1190672,-54711.0,113,0.9034372090056764,0.7722469691820358,12,RB2201.SHF,4866.0,4911.0,203821,-67.0,RB2107.SHF,4831.0,4868.0,21,102.0,RB2206.SHF,4759.0,4774.0,356,-72.0,-0.016238410514185484,-0.01636063299448696,736144.0,703204.0,-7276.0,-25466.0,30.0,315629.0,305179.0,0.02288536198334246,0.42875986220087375,0.43398359508762746,18645.0,0.0,12.0
2021-06-25,RB2110.SHF,4955.0,5087.0,4941.0,5066.0,5021.0,4933.0,4976.0,90.0,45.0,1774404,8909517.369,1173304,-17368.0,112,0.8953203169741633,0.7696744195810068,12,RB2201.SHF,4982.0,4941.0,204624,-84.0,RB2107.SHF,4910.0,4909.0,20,156.0,RB2206.SHF,4830.0,4809.0,355,-80.0,-0.01775237863634986,-0.01789859122928655,734358.0,671682.0,2626.0,-24208.0,28.0,315884.0,284872.0,0.04457625672100367,0.43014987240555697,0.4241173650626338,18645.0,0.0,12.0
2021-06-28,RB2110.SHF,5077.0,5100.0,5005.0,5070.0,5061.0,5066.0,5021.0,49.0,40.0,1619350,8195656.48,1172323,-981.0,109,0.880203028026695,0.7658152476749344,12,RB2201.SHF,4998.0,4997.0,209090,-72.0,RB2107.SHF,4910.0,4909.0,17,160.0,RB2206.SHF,4846.0,4843.0,352,-64.0,-0.01420190290907984,-0.014295273389297761,730257.0,677729.0,-4101.0,7505.0,30.0,316824.0,282457.0,0.037307189133982864,0.43385273951499265,0.41676982982873684,18645.0,0.0,12.0
2021-06-29,RB2110.SHF,5100.0,5170.0,5031.0,5036.0,5103.0,5070.0,5061.0,-25.0,42.0,1737958,8870297.526,1176537,4214.0,108,0.8873389297964177,0.7621302181444122,12,RB2201.SHF,4983.0,5043.0,216104,-53.0,RB2107.SHF,4894.0,4914.0,16,142.0,RB2206.SHF,4848.0,4901.0,351,-46.0,-0.010240989576026737,-0.0102894221866129,702403.0,684370.0,-12264.0,6641.0,31.0,308506.0,271233.0,0.01300357015892291,0.43921509446856005,0.39632508730657395,18645.0,0.0,12.0
2021-06-30,RB2110.SHF,5085.0,5151.0,5057.0,5147.0,5107.0,5036.0,5103.0,44.0,4.0,1434058,7325024.742,1219369,42832.0,107,0.867960888867369,0.759290082462967,12,RB2201.SHF,5078.0,5041.0,233434,-69.0,RB2107.SHF,4940.0,4893.0,15,207.0,RB2206.SHF,4915.0,4881.0,350,-25.0,-0.005513928334038272,-0.005527927833599844,738800.0,690356.0,40014.0,5986.0,33.0,322328.0,267677.0,0.03389692937649914,0.436285868976719,0.38773763101935815,18645.0,0.0,12.0
2021-07-01,RB2110.SHF,5156.0,5198.0,5113.0,5146.0,5156.0,5147.0,5107.0,39.0,49.0,1419832,7321053.156,1229702,10333.0,106,0.867210671618089,0.7539110181675277,12,RB2201.SHF,5079.0,5090.0,246366,-67.0,RB2107.SHF,4950.0,4971.0,14,196.0,RB2206.SHF,4916.0,4919.0,349,-34.0,-0.0074837931554349955,-0.007509613373241388,742887.0,700244.0,6597.0,9888.0,31.0,313955.0,270104.0,0.029548946006980655,0.42261474490736817,0.3857284032422984,18645.0,0.0,12.0
2021-07-02,RB2110.SHF,5156.0,5180.0,5068.0,5124.0,5115.0,5146.0,5156.0,-32.0,-41.0,1643131,8405601.144,1197107,-32595.0,105,0.8905554986469296,0.7444223065452316,12,RB2201.SHF,5059.0,5057.0,255800,-65.0,RB2107.SHF,4921.0,4908.0,13,203.0,RB2206.SHF,4860.0,4865.0,348,-61.0,-0.013505931023605838,-0.013590338058433305,719223.0,694845.0,-20504.0,-3423.0,29.0,314664.0,285558.0,0.01723962355417137,0.4375054746580685,0.4109664745374868,18645.0,0.0,12.0
2021-07-05,RB2110.SHF,5115.0,5226.0,5076.0,5222.0,5153.0,5124.0,5115.0,107.0,38.0,1600989,8251078.222,1305433,108326.0,102,0.8783467655659368,0.7553990221840051,12,RB2201.SHF,5152.0,5095.0,264304,-70.0,RB2107.SHF,4955.0,4949.0,10,267.0,RB2206.SHF,4950.0,4925.0,345,-5.0,-0.0010994472641835645,-0.0011000023537122352,799402.0,724694.0,87117.0,31691.0,28.0,354615.0,294475.0,0.049017909632989,0.4436003412550882,0.40634391895061917,18645.0,0.0,12.0
2021-07-06,RB2110.SHF,5230.0,5305.0,5220.0,5304.0,5263.0,5222.0,5153.0,151.0,110.0,1395330,7343899.894,1353475,48042.0,101,0.8349100126014669,0.751267353430777,12,RB2201.SHF,5277.0,5221.0,287349,-27.0,RB2107.SHF,4992.0,5005.0,9,312.0,RB2206.SHF,5024.0,5017.0,344,32.0,0.006984309223115169,0.006962018824034062,827250.0,729365.0,29535.0,17148.0,28.0,365337.0,292406.0,0.06288324344812302,0.44162828649138713,0.4009048967252336,24266.0,5621.0,12.0
2021-07-07,RB2110.SHF,5312.0,5440.0,5255.0,5439.0,5340.0,5304.0,5263.0,176.0,77.0,1950730,10417348.936,1521265,167790.0,100,0.8474342126698307,0.7598430230990001,12,RB2201.SHF,5388.0,5309.0,318873,-51.0,RB2107.SHF,4990.0,4924.0,8,449.0,RB2206.SHF,5175.0,5106.0,343,185.0,0.04039422127837775,0.039663437989916506,939828.0,809435.0,128585.0,82122.0,29.0,417234.0,309297.0,0.07454167840970741,0.4439471903369553,0.38211468493455314,27254.0,2988.0,12.0
2021-07-08,RB2110.SHF,5459.0,5474.0,5356.0,5393.0,5410.0,5439.0,5340.0,53.0,70.0,1871636,10126522.136,1519485,-1780.0,99,0.8564040780449325,0.7527561699863566,12,RB2201.SHF,5365.0,5372.0,336862,-28.0,RB2107.SHF,4940.0,4950.0,7,453.0,RB2206.SHF,5171.0,5173.0,342,231.0,0.0509486978065141,0.04979336778567906,928727.0,808866.0,-7500.0,4290.0,30.0,410865.0,315199.0,0.06898105597801096,0.44239588167459326,0.3896801200693316,27254.0,0.0,12.0
2021-07-09,RB2110.SHF,5368.0,5438.0,5280.0,5428.0,5356.0,5393.0,5410.0,18.0,-54.0,2140769,11467840.012,1536789,17304.0,98,0.8633967782669947,0.7502969621250625,12,RB2201.SHF,5393.0,5333.0,347631,-35.0,RB2107.SHF,4890.0,4899.0,6,538.0,RB2206.SHF,5181.0,5137.0,341,291.0,0.06483838476330017,0.0629824217499785,938400.0,850301.0,20102.0,41435.0,30.0,401672.0,329448.0,0.04925306129979242,0.4280392156862745,0.3874486799380455,27254.0,0.0,12.0
2021-07-12,RB2110.SHF,5475.0,5532.0,5417.0,5432.0,5465.0,5428.0,5356.0,76.0,109.0,1828594,9993343.0,1482566,-54223.0,95,0.8599098516573046,0.7410940210246387,12,RB2201.SHF,5382.0,5424.0,353973,-50.0,RB2107.SHF,4946.0,4876.0,3,486.0,RB2206.SHF,5219.0,5234.0,338,273.0,0.06013905402224624,0.058537984776563814,893371.0,829123.0,-42809.0,-21178.0,30.0,350361.0,317851.0,0.03729940423595089,0.3921786133644365,0.38335807835508123,27254.0,0.0,12.0
2021-07-13,RB2110.SHF,5415.0,5460.0,5381.0,5458.0,5425.0,5432.0,5465.0,-7.0,-40.0,1516791,8228876.767,1440842,-41724.0,94,0.8831141837084029,0.7371989099925198,12,RB2201.SHF,5407.0,5379.0,349886,-51.0,RB2107.SHF,4946.0,4946.0,2,512.0,RB2206.SHF,5194.0,5191.0,337,248.0,0.054631814642919725,0.05330628242264564,873526.0,818095.0,-7281.0,-11028.0,31.0,365838.0,315017.0,0.032767978170051094,0.4188060801853637,0.38506163709593627,26666.0,-588.0,12.0
2021-07-14,RB2110.SHF,5458.0,5580.0,5440.0,5580.0,5498.0,5458.0,5425.0,155.0,73.0,1695714,9324686.482,1467966,27124.0,93,0.8580354454719106,0.7306388659107266,12,RB2201.SHF,5534.0,5464.0,376092,-46.0,RB2107.SHF,4950.0,4950.0,1,630.0,RB2206.SHF,5331.0,5288.0,336,381.0,0.08386250565355037,0.08079167271614662,869961.0,797275.0,-3320.0,-3030.0,31.0,350661.0,307039.0,0.043596707364764196,0.4030766896447082,0.38511053275218715,29610.0,2944.0,12.0
2021-07-15,RB2110.SHF,5568.0,5597.0,5501.0,5546.0,5546.0,5580.0,5498.0,48.0,48.0,1584452,8788869.128,1397291,-70675.0,92,0.8451212968484475,0.7192479993164191,12,RB2201.SHF,5503.0,5511.0,380950,-43.0,RB2108.SHF,5458.0,5444.0,32,88.0,RB2206.SHF,5328.0,5332.0,335,-130.0,-0.028691949444119964,-0.029039169975384298,828877.0,761584.0,-41014.0,-34475.0,31.0,347237.0,292908.0,0.042310374161956814,0.41892464141241703,0.38460366814428876,29610.0,0.0,12.0
2021-07-16,RB2110.SHF,5540.0,5579.0,5440.0,5559.0,5525.0,5546.0,5546.0,13.0,-21.0,1865007,10305358.013,1395450,-1841.0,91,0.852195961383102,0.7200508981479762,12,RB2201.SHF,5517.0,5495.0,378777,-42.0,RB2108.SHF,5503.0,5452.0,31,56.0,RB2207.SHF,5376.0,5325.0,364,-127.0,-0.025296057460331454,-0.02559252289105781,842275.0,767263.0,13398.0,7927.0,30.0,360316.0,290783.0,0.04660467786408274,0.42778902377489536,0.37898738763631246,29610.0,0.0,12.0
2021-07-19,RB2110.SHF,5580.0,5650.0,5565.0,5568.0,5612.0,5559.0,5525.0,43.0,87.0,1558355,8746449.332,1380402,-15048.0,88,0.8285667040978656,0.7177739264995157,12,RB2201.SHF,5514.0,5565.0,378655,-54.0,RB2108.SHF,5484.0,5539.0,28,84.0,RB2207.SHF,5380.0,5420.0,361,-104.0,-0.020786650983587496,-0.020986280622002498,827003.0,765152.0,-1258.0,-2111.0,30.0,365874.0,302084.0,0.038847348405148995,0.44240951967526115,0.3948026013132031,29610.0,0.0,12.0
2021-07-20,RB2110.SHF,5528.0,5635.0,5467.0,5601.0,5546.0,5568.0,5612.0,-11.0,-66.0,1672424,9276442.401,1399389,18987.0,87,0.815408880925391,0.7162902282994704,12,RB2201.SHF,5559.0,5495.0,390971,-42.0,RB2108.SHF,5515.0,5461.0,27,86.0,RB2207.SHF,5398.0,5341.0,360,-117.0,-0.023253534586263478,-0.02350373997003992,855254.0,772882.0,28998.0,9527.0,31.0,390575.0,302778.0,0.05059282516939617,0.45667719765122405,0.39175191038217994,29610.0,0.0,12.0
2021-07-21,RB2110.SHF,5609.0,5648.0,5522.0,5561.0,5587.0,5601.0,5546.0,15.0,41.0,1399698,7821393.184,1372989,-26400.0,86,0.8080263565793021,0.6959913013063248,12,RB2201.SHF,5551.0,5565.0,432916,-10.0,RB2108.SHF,5511.0,5511.0,26,50.0,RB2207.SHF,5384.0,5398.0,359,-127.0,-0.025259336636582162,-0.02555493523698241,822286.0,765837.0,-32968.0,-7045.0,30.0,380770.0,300488.0,0.03554447608906867,0.4630627299990514,0.39236547724907517,13334.0,-16276.0,12.0
2021-07-22,RB2110.SHF,5550.0,5660.0,5481.0,5648.0,5549.0,5561.0,5587.0,61.0,-38.0,2184004,12120534.742,1435425,62436.0,85,0.7512053142863235,0.6599988964959147,12,RB2201.SHF,5688.0,5576.0,570222,40.0,RB2108.SHF,5598.0,5521.0,25,50.0,RB2207.SHF,5489.0,5438.0,358,-109.0,-0.021342349852532024,-0.02155286803847146,851627.0,781292.0,42500.0,19190.0,28.0,374186.0,294978.0,0.04307317141879052,0.4393778027234928,0.3775515428290575,13334.0,0.0,12.0
2021-07-23,RB2110.SHF,5665.0,5693.0,5626.0,5671.0,5662.0,5648.0,5549.0,122.0,113.0,1166075,6602404.159,1365691,-69734.0,84,0.7195795111987386,0.6318153534409575,12,RB2201.SHF,5701.0,5704.0,623073,30.0,RB2108.SHF,5597.0,5597.0,24,74.0,RB2207.SHF,5454.0,5485.0,357,-143.0,-0.028004599203455723,-0.028368562319298476,807804.0,729350.0,-41601.0,-51942.0,31.0,341946.0,280508.0,0.05103847760211404,0.4233031775034538,0.3845999862891616,13334.0,0.0,12.0
2021-07-26,RB2110.SHF,5660.0,5756.0,5622.0,5687.0,5687.0,5671.0,5662.0,25.0,25.0,1497934,8519838.404,1338751,-26940.0,81,0.7288223502393835,0.6159583591755757,12,RB2201.SHF,5740.0,5728.0,661560,53.0,RB2108.SHF,5635.0,5612.0,21,52.0,RB2207.SHF,5508.0,5528.0,354,-127.0,-0.02470349675318618,-0.024986131586323984,802358.0,732332.0,-2796.0,4821.0,30.0,352496.0,294797.0,0.04562875890244936,0.4393250892992903,0.4025455667648007,13334.0,0.0,12.0
2021-07-27,RB2110.SHF,5680.0,5750.0,5581.0,5613.0,5675.0,5687.0,5687.0,-74.0,-12.0,1464049,8308672.707,1292319,-46432.0,80,0.7002854620055237,0.5997087582735435,12,RB2201.SHF,5685.0,5737.0,690020,72.0,RB2108.SHF,5595.0,5633.0,20,18.0,RB2207.SHF,5485.0,5567.0,353,-110.0,-0.021549699833882194,-0.021764355956137207,775372.0,716983.0,-22989.0,-13314.0,28.0,334145.0,291642.0,0.03912540916872996,0.4309479836775122,0.4067627823811722,13334.0,0.0,12.0
2021-07-28,RB2110.SHF,5599.0,5705.0,5585.0,5658.0,5643.0,5613.0,5675.0,-17.0,-32.0,1300624,7340606.059,1261899,-30420.0,79,0.6885255100717365,0.5898422162641209,12,RB2201.SHF,5696.0,5712.0,706317,38.0,RB2108.SHF,5655.0,5633.0,19,3.0,RB2207.SHF,5540.0,5515.0,352,-115.0,-0.022290194703987846,-0.022519961607343392,774585.0,699663.0,-787.0,-11470.0,29.0,339428.0,295887.0,0.050820486105458515,0.4382062652904459,0.4228993100964321,13934.0,600.0,12.0
2021-07-29,RB2110.SHF,5660.0,5770.0,5628.0,5753.0,5681.0,5658.0,5643.0,110.0,38.0,1209958,6874140.752,1271187,9288.0,78,0.7068853608307651,0.5950149668015512,12,RB2201.SHF,5774.0,5716.0,694616,21.0,RB2108.SHF,5740.0,5657.0,18,13.0,RB2207.SHF,5541.0,5514.0,351,-199.0,-0.03800054409810509,-0.03867489628494234,791294.0,694701.0,18912.0,-4137.0,28.0,343708.0,292152.0,0.06500223755799986,0.4343619438539911,0.4205435144040386,13934.0,0.0,12.0
2021-07-30,RB2110.SHF,5763.0,5793.0,5669.0,5737.0,5732.0,5753.0,5681.0,56.0,51.0,1597844,9159346.657,1246720,-24467.0,77,0.6761975536017172,0.5859450638903458,12,RB2201.SHF,5776.0,5757.0,709019,39.0,RB2108.SHF,5700.0,5705.0,17,37.0,RB2207.SHF,5544.0,5572.0,350,-156.0,-0.029998419472103705,-0.030416571254682785,770453.0,690554.0,-14857.0,-44.0,29.0,336443.0,289250.0,0.05468762298880156,0.43668205588141,0.41886659117172587,15428.0,1494.0,12.0
2021-08-02,RB2110.SHF,5683.0,5685.0,5367.0,5414.0,5497.0,5737.0,5732.0,-318.0,-235.0,2747833,15106840.868,1158574,-88146.0,74,0.6625018293442979,0.5989997833708427,12,RB2201.SHF,5424.0,5484.0,607571,10.0,RB2108.SHF,5470.0,5473.0,14,-56.0,RB2207.SHF,5329.0,5347.0,347,-141.0,-0.028254030996261295,-0.02862456392950232,673830.0,670227.0,-77803.0,-10981.0,28.0,297197.0,309681.0,0.0026806898814559204,0.44105634952436074,0.46205390114095674,15428.0,0.0,12.0
2021-08-03,RB2110.SHF,5401.0,5418.0,5238.0,5247.0,5323.0,5414.0,5497.0,-250.0,-174.0,1789543,9525777.223,1067241,-91333.0,73,0.6644360912863871,0.5754664026697337,12,RB2201.SHF,5234.0,5321.0,618839,-13.0,RB2108.SHF,5340.0,5391.0,13,-93.0,RB2207.SHF,5105.0,5179.0,346,-235.0,-0.04823643868587694,-0.04933002550975449,617808.0,630378.0,-49030.0,-31781.0,29.0,271631.0,288584.0,-0.010070614475727175,0.43966895864087224,0.4577951641713385,16326.0,898.0,12.0
2021-08-04,RB2110.SHF,5218.0,5463.0,5218.0,5454.0,5359.0,5247.0,5323.0,131.0,36.0,1813894,9722239.878,1018127,-49114.0,72,0.6437203960921688,0.5379850376384029,12,RB2201.SHF,5484.0,5388.0,705946,30.0,RB2108.SHF,5447.0,5431.0,12,7.0,RB2207.SHF,5299.0,5233.0,345,-148.0,-0.029781939089814986,-0.030194022027576636,626396.0,579248.0,23691.0,-47817.0,31.0,281498.0,269867.0,0.039106071112202274,0.44939303571542605,0.4658919840897163,16326.0,0.0,12.0
2021-08-05,RB2110.SHF,5454.0,5496.0,5366.0,5373.0,5431.0,5454.0,5359.0,14.0,72.0,1588552,8627804.492,948427,-69700.0,71,0.5737131333210059,0.5185647908686205,12,RB2201.SHF,5406.0,5469.0,710410,33.0,RB2108.SHF,5445.0,5456.0,11,-72.0,RB2207.SHF,5254.0,5309.0,344,-191.0,-0.03844891723679604,-0.039139470778904284,568705.0,539668.0,-54023.0,-29093.0,32.0,255832.0,258805.0,0.026197859384882165,0.44985009802973425,0.4795633611776129,16326.0,0.0,12.0
2021-08-06,RB2110.SHF,5360.0,5445.0,5318.0,5379.0,5378.0,5373.0,5431.0,-52.0,-53.0,1239190,6664905.856,892240,-56187.0,70,0.5748151735360232,0.4990547358294274,12,RB2201.SHF,5401.0,5407.0,721469,22.0,RB2108.SHF,5380.0,5390.0,10,-1.0,RB2207.SHF,5214.0,5217.0,343,-166.0,-0.03382006541857845,-0.03435281204735684,535772.0,510789.0,-32235.0,-28792.0,32.0,238426.0,241169.0,0.023871518239261733,0.4450139238332724,0.47214994841314123,19632.0,3306.0,12.0
2021-08-09,RB2110.SHF,5370.0,5389.0,5261.0,5330.0,5333.0,5379.0,5378.0,-48.0,-45.0,1257656,6707352.864,866210,-26030.0,67,0.5377935368442298,0.4898081277128,12,RB2201.SHF,5341.0,5345.0,719027,11.0,RB2108.SHF,5323.0,5308.0,7,7.0,RB2207.SHF,5160.0,5154.0,340,-163.0,-0.03356446809386875,-0.03408910890228035,523951.0,501867.0,-10046.0,-3025.0,32.0,233020.0,239469.0,0.021528185311624478,0.44473624441980264,0.4771562983818422,24650.0,5018.0,12.0
2021-08-10,RB2201.SHF,5373.0,5501.0,5357.0,5497.0,5426.0,5341.0,5345.0,152.0,81.0,1128567,6124550.343,828255,109228.0,160,0.4826004741476631,0.45266415774096125,12,RB2110.SHF,5437.0,5379.0,809003,-60.0,RB2108.SHF,5276.0,5311.0,6,221.0,RB2207.SHF,5285.0,5213.0,339,9.0,0.0018697621047886008,0.0018681691606710381,543860.0,516311.0,75984.0,48141.0,33.0,253365.0,234836.0,0.025985430652224972,0.46586437686169235,0.454834392449512,26423.0,1773.0,12.0
2021-08-11,RB2201.SHF,5500.0,5600.0,5496.0,5597.0,5556.0,5497.0,5426.0,171.0,130.0,1296964,7206078.831,961520,133265.0,159,0.6024737879465665,0.5152009241810405,12,RB2110.SHF,5507.0,5479.0,707565,-90.0,RB2108.SHF,5395.0,5353.0,5,202.0,RB2207.SHF,5399.0,5338.0,338,4.0,0.0008126755114706424,0.0008123743904172487,614510.0,588993.0,70650.0,76631.0,33.0,287278.0,252888.0,0.021202273696035657,0.46749117182796046,0.4293565458333121,36943.0,10520.0,12.0
2021-08-12,RB2201.SHF,5560.0,5589.0,5441.0,5442.0,5531.0,5597.0,5556.0,-114.0,-25.0,1676951,9275849.856,1030048,68528.0,158,0.7221973874381356,0.55553080652303,12,RB2110.SHF,5385.0,5459.0,624868,-57.0,RB2108.SHF,5350.0,5411.0,4,92.0,RB2207.SHF,5282.0,5346.0,337,-68.0,-0.013931688698043882,-0.01402098398509244,631168.0,621123.0,22978.0,32130.0,35.0,291042.0,262467.0,0.008021298563991915,0.4611165331575745,0.4225684767751315,47871.0,10928.0,12.0
2021-08-13,RB2201.SHF,5438.0,5502.0,5386.0,5482.0,5442.0,5442.0,5531.0,-49.0,-89.0,1791658,9751330.752,1066680,36632.0,157,0.7838052082248761,0.5828463894756744,12,RB2110.SHF,5421.0,5386.0,561865,-61.0,RB2108.SHF,5310.0,5343.0,3,172.0,RB2207.SHF,5290.0,5251.0,336,-20.0,-0.004128422207518296,-0.004136216591676919,665120.0,636398.0,36273.0,24288.0,36.0,294275.0,278800.0,0.022068077429586067,0.4424389583834496,0.4380906288203294,50026.0,2155.0,12.0
2021-08-16,RB2201.SHF,5476.0,5498.0,5290.0,5328.0,5390.0,5482.0,5442.0,-114.0,-52.0,2471691,13324031.742,1108556,41876.0,154,0.8042669875459697,0.6115793120645786,12,RB2110.SHF,5319.0,5357.0,487669,-9.0,RB2109.SHF,5221.0,5263.0,30,107.0,RB2207.SHF,5152.0,5184.0,333,-69.0,-0.01592009421206437,-0.016026229219876,650917.0,671162.0,4747.0,37043.0,33.0,286507.0,294804.0,-0.015313003232030763,0.4401590371737103,0.4392441765177409,99440.0,49414.0,12.0
2021-08-17,RB2201.SHF,5308.0,5383.0,5288.0,5345.0,5342.0,5328.0,5390.0,-45.0,-48.0,1524396,8143381.004,1123010,14454.0,153,0.8309794124364867,0.6256232500253478,12,RB2110.SHF,5329.0,5323.0,460061,-16.0,RB2109.SHF,5212.0,5224.0,29,133.0,RB2208.SHF,5179.0,5138.0,363,-33.0,-0.006919200738967182,-0.006941198247329812,675164.0,675094.0,24601.0,7468.0,33.0,302819.0,283212.0,5.1841944280278286e-05,0.44851176899242257,0.41951491199744034,106815.0,7375.0,12.0
2021-08-18,RB2201.SHF,5344.0,5363.0,5121.0,5144.0,5219.0,5345.0,5342.0,-198.0,-123.0,2805129,14641645.39,1240085,117075.0,152,0.8263513537398854,0.6647862724611328,12,RB2110.SHF,5164.0,5231.0,403528,20.0,RB2109.SHF,5027.0,5131.0,28,117.0,RB2208.SHF,5020.0,5053.0,362,-7.0,-0.001521722816551069,-0.0015227832858746148,704555.0,736260.0,38009.0,73246.0,33.0,304769.0,324522.0,-0.02200490694502764,0.4325694942197557,0.44077092331513323,106815.0,0.0,12.0
2021-08-19,RB2201.SHF,5100.0,5126.0,4925.0,5017.0,5017.0,5144.0,5219.0,-202.0,-202.0,3342898,16774070.126,1252525,12440.0,151,0.8552658274418482,0.6792143937434351,12,RB2110.SHF,5064.0,5062.0,364515,47.0,RB2109.SHF,4939.0,4947.0,27,78.0,RB2208.SHF,4888.0,4826.0,361,-51.0,-0.011284375973705555,-0.01134304127711275,691559.0,755851.0,-11332.0,24443.0,33.0,297533.0,328119.0,-0.04441865124601875,0.4302351643171443,0.4341053990799774,106815.0,0.0,12.0
2021-08-20,RB2201.SHF,4950.0,5125.0,4890.0,5100.0,5024.0,5017.0,5017.0,83.0,7.0,2624847,13187236.331,1264779,12254.0,150,0.8772866765641513,0.6867472627117954,12,RB2110.SHF,5136.0,5056.0,349817,36.0,RB2109.SHF,5020.0,4957.0,26,80.0,RB2208.SHF,4850.0,4844.0,360,-170.0,-0.03700765799079129,-0.037648797890119094,703728.0,750754.0,15700.0,-4378.0,34.0,296576.0,338396.0,-0.03233178547414131,0.42143555464611326,0.45074152119069627,103827.0,-2988.0,12.0
2021-08-23,RB2201.SHF,5104.0,5167.0,5063.0,5102.0,5113.0,5100.0,5024.0,78.0,89.0,2370091,12118907.602,1232528,-32251.0,147,0.8778251365391609,0.685487243831033,12,RB2110.SHF,5173.0,5172.0,334107,71.0,RB2109.SHF,5087.0,5069.0,23,15.0,RB2208.SHF,4900.0,4921.0,357,-187.0,-0.040172260158276,-0.04092924300681793,683242.0,729150.0,-17998.0,-11620.0,33.0,293746.0,317608.0,-0.03250372417855666,0.4299296588909932,0.4355866419803881,103827.0,0.0,12.0
2021-08-24,RB2201.SHF,5139.0,5241.0,5109.0,5235.0,5191.0,5102.0,5113.0,122.0,78.0,2174181,11286384.664,1187775,-44753.0,146,0.8852593382199055,0.6791974116990471,12,RB2110.SHF,5255.0,5231.0,317709,20.0,RB2109.SHF,5143.0,5143.0,22,92.0,RB2208.SHF,4962.0,4969.0,356,-181.0,-0.0384599263460246,-0.039153005257356266,676461.0,692507.0,-1050.0,-28992.0,34.0,295679.0,294032.0,-0.011721238188182631,0.43709689102549887,0.4245906539572885,106798.0,2971.0,12.0
2021-08-25,RB2201.SHF,5239.0,5279.0,5206.0,5236.0,5240.0,5235.0,5191.0,45.0,49.0,1836224,9623387.37,1134685,-53090.0,145,0.88113135749175,0.6761756804752064,12,RB2110.SHF,5226.0,5254.0,299838,-10.0,RB2109.SHF,5123.0,5159.0,21,113.0,RB2208.SHF,4990.0,4993.0,355,-133.0,-0.028370937219840978,-0.02874571181340669,654302.0,647778.0,-16047.0,-36630.0,33.0,288271.0,272575.0,0.005010444826738757,0.4405778982793878,0.420784589782302,106798.0,0.0,12.0
2021-08-26,RB2201.SHF,5220.0,5285.0,5104.0,5108.0,5217.0,5236.0,5240.0,-132.0,-23.0,2386747,12452099.01,1131537,-3148.0,144,0.8990213301954025,0.6823031485617532,12,RB2110.SHF,5146.0,5219.0,290550,38.0,RB2109.SHF,5095.0,5136.0,20,13.0,RB2208.SHF,4920.0,4930.0,354,-175.0,-0.03753533169186655,-0.03819510389886848,640935.0,629138.0,-8705.0,25.0,31.0,284987.0,261866.0,0.009288442475353778,0.4446425924625742,0.41622982557086047,106498.0,-300.0,12.0
2021-08-27,RB2201.SHF,5095.0,5238.0,5068.0,5222.0,5148.0,5108.0,5217.0,5.0,-69.0,2267319,11674045.604,1124900,-6637.0,143,0.8899610269969199,0.6897262126004867,12,RB2110.SHF,5215.0,5148.0,273226,-7.0,RB2109.SHF,5108.0,5074.0,19,114.0,RB2208.SHF,4992.0,4884.0,353,-116.0,-0.02481724100741356,-0.02510337452890934,668270.0,625070.0,28581.0,15359.0,32.0,316133.0,264507.0,0.033401889680981026,0.4730617864036991,0.42316380565376677,105901.0,-597.0,12.0
2021-08-30,RB2201.SHF,5242.0,5374.0,5184.0,5354.0,5291.0,5222.0,5148.0,206.0,143.0,2179722,11533816.257,1149924,25024.0,140,0.8942984892633569,0.7034830831724902,12,RB2110.SHF,5330.0,5277.0,247668,-24.0,RB2109.SHF,5203.0,5208.0,16,151.0,RB2208.SHF,4987.0,5036.0,350,-216.0,-0.04536765408257096,-0.046336264510856436,680375.0,641168.0,18514.0,27253.0,32.0,319288.0,261549.0,0.029667593108964295,0.46928238103986775,0.4079258478277144,131059.0,25158.0,12.0
2021-08-31,RB2201.SHF,5361.0,5377.0,5287.0,5308.0,5334.0,5354.0,5291.0,17.0,43.0,1796956,9586527.711,1158510,8586.0,139,0.9085432969148715,0.7115254457973991,12,RB2110.SHF,5289.0,5320.0,227341,-19.0,RB2109.SHF,5299.0,5233.0,15,9.0,RB2208.SHF,5045.0,5064.0,349,-254.0,-0.052382496753991536,-0.05367955521659956,675317.0,651839.0,-2391.0,10671.0,34.0,307960.0,264342.0,0.017690459900720035,0.45602287518306217,0.4055326545358593,131059.0,0.0,12.0
2021-09-01,RB2201.SHF,5298.0,5314.0,5197.0,5242.0,5262.0,5308.0,5334.0,-92.0,-72.0,2267865,11935683.51,1178109,19599.0,138,0.9139796429947431,0.7161460802836114,12,RB2110.SHF,5258.0,5264.0,219901,16.0,RB2109.SHF,5182.0,5211.0,14,60.0,RB2208.SHF,5000.0,5000.0,348,-182.0,-0.03838136155323476,-0.039071577672525545,689132.0,673352.0,14774.0,27396.0,34.0,306975.0,272182.0,0.011581787382457335,0.44545166963658633,0.40421948698451926,131059.0,0.0,12.0
2021-09-02,RB2201.SHF,5245.0,5348.0,5215.0,5273.0,5283.0,5242.0,5262.0,11.0,21.0,2821134,14904693.23,1147372,-30737.0,137,0.9204208221208934,0.7124401266204776,12,RB2110.SHF,5289.0,5295.0,206950,16.0,RB2109.SHF,5290.0,5226.0,13,-17.0,RB2208.SHF,5000.0,5000.0,347,-290.0,-0.05990853831090179,-0.06161323863526729,670563.0,651779.0,-13891.0,-17664.0,32.0,296772.0,261265.0,0.014205099739704252,0.4425713915023644,0.40084906080128385,151855.0,20796.0,12.0
2021-09-03,RB2201.SHF,5265.0,5449.0,5243.0,5408.0,5381.0,5273.0,5283.0,125.0,98.0,2450687,13187788.63,1224178,76806.0,136,0.9052659147308642,0.7275336806841151,12,RB2110.SHF,5388.0,5373.0,189206,-20.0,RB2109.SHF,5305.0,5302.0,12,103.0,RB2208.SHF,5091.0,5107.0,346,-214.0,-0.04408336954742735,-0.044997175024544485,715331.0,694904.0,44768.0,54522.0,33.0,336885.0,280026.0,0.014484819905902209,0.47094981204505326,0.402970770063203,151855.0,0.0,12.0
2021-09-06,RB2201.SHF,5419.0,5495.0,5370.0,5473.0,5427.0,5408.0,5381.0,92.0,46.0,2273077,12336789.59,1261350,37172.0,133,0.8980220480056131,0.7334910008007429,12,RB2110.SHF,5431.0,5395.0,178182,-42.0,RB2109.SHF,5340.0,5354.0,9,133.0,RB2208.SHF,5107.0,5099.0,343,-233.0,-0.04768272443876288,-0.048754279751220805,738143.0,696082.0,32209.0,1178.0,33.0,357909.0,276447.0,0.02932663982290087,0.4848775914694036,0.39714717518913,152147.0,292.0,12.0
2021-09-07,RB2201.SHF,5480.0,5556.0,5463.0,5494.0,5504.0,5473.0,5427.0,67.0,77.0,1962909,10805297.84,1248290,-13060.0,132,0.9122223007099213,0.7337845138072864,12,RB2205.SHF,5241.0,5232.0,168200,-253.0,RB2109.SHF,5420.0,5420.0,8,74.0,RB2208.SHF,5177.0,5154.0,342,-243.0,-0.04899518306560312,-0.05012747993743578,713260.0,703617.0,-13345.0,8788.0,34.0,345107.0,283808.0,0.0068058130663423855,0.483844600846816,0.40335580294393114,151549.0,-598.0,12.0
2021-09-08,RB2201.SHF,5481.0,5488.0,5400.0,5452.0,5439.0,5494.0,5504.0,-52.0,-65.0,2116290,11511616.86,1211136,-37154.0,131,0.911590037117651,0.7315496238167261,12,RB2205.SHF,5200.0,5191.0,169297,-252.0,RB2109.SHF,5401.0,5413.0,7,51.0,RB2208.SHF,5091.0,5083.0,341,-310.0,-0.06272402427139791,-0.06459608994626527,696095.0,691046.0,-16981.0,-12571.0,33.0,331055.0,287255.0,0.0036398606918835214,0.4755888204914559,0.41568144522940587,151549.0,0.0,12.0
2021-09-09,RB2201.SHF,5473.0,5693.0,5460.0,5682.0,5567.0,5452.0,5439.0,243.0,128.0,2675888,14899032.97,1402569,191433.0,130,0.9122607729517678,0.7650006381509549,12,RB2205.SHF,5396.0,5299.0,167562,-286.0,RB2109.SHF,5575.0,5575.0,6,107.0,RB2208.SHF,5307.0,5221.0,340,-268.0,-0.05253349802636875,-0.05383817044208067,819557.0,763759.0,136898.0,99121.0,32.0,386341.0,309957.0,0.035241227903968636,0.4714022331576693,0.40583089691905433,151549.0,0.0,12.0
2021-09-10,RB2201.SHF,5712.0,5731.0,5606.0,5640.0,5675.0,5682.0,5567.0,73.0,108.0,2212851,12559086.09,1440779,38210.0,129,0.9119401318178091,0.7742685237631031,12,RB2205.SHF,5357.0,5402.0,166448,-283.0,RB2109.SHF,5560.0,5604.0,5,80.0,RB2208.SHF,5267.0,5330.0,339,-293.0,-0.05758895877310131,-0.05916187494865911,840587.0,821228.0,22613.0,57625.0,33.0,402888.0,325464.0,0.011649311144742346,0.4792936364707044,0.39631381297276763,151551.0,2.0,12.0
2021-09-13,RB2201.SHF,5640.0,5763.0,5622.0,5642.0,5690.0,5640.0,5675.0,-33.0,15.0,2099548,11948001.13,1479218,38439.0,126,0.9118336318421789,0.7809245967137369,12,RB2205.SHF,5302.0,5390.0,170817,-340.0,RB2109.SHF,5600.0,5600.0,2,42.0,RB2208.SHF,5265.0,5291.0,336,-335.0,-0.06537371685201027,-0.06741074861268002,857725.0,846745.0,19317.0,27950.0,32.0,404546.0,342041.0,0.006441885160783117,0.47165000437203064,0.40394805992358973,149158.0,-2393.0,12.0
2021-09-14,RB2201.SHF,5660.0,5680.0,5486.0,5492.0,5598.0,5642.0,5690.0,-198.0,-92.0,2877975,16111600.26,1378900,-100318.0,125,0.9152662198000072,0.77292687547856,12,RB2205.SHF,5204.0,5272.0,175816,-288.0,RB2109.SHF,5600.0,5572.0,1,-108.0,RB2208.SHF,5146.0,5175.0,335,-454.0,-0.08859602224123182,-0.09239404975079689,768316.0,789383.0,-83922.0,-57272.0,32.0,362638.0,325415.0,-0.01352443572217739,0.4719906913301298,0.41223968593192406,149158.0,0.0,12.0
2021-09-15,RB2201.SHF,5498.0,5581.0,5417.0,5518.0,5495.0,5492.0,5598.0,-80.0,-103.0,2972222,16334718.32,1345649,-33251.0,124,0.9097484880234068,0.7748046792905636,12,RB2205.SHF,5190.0,5187.0,179796,-328.0,RB2110.SHF,5460.0,5429.0,30,58.0,RB2208.SHF,5100.0,5105.0,334,-360.0,-0.07916425679583573,-0.08189477388054196,763116.0,770252.0,9100.0,-14626.0,33.0,361164.0,324902.0,-0.004653807826953477,0.47327536049565205,0.42181260159012895,149158.0,0.0,12.0
2021-09-16,RB2201.SHF,5550.0,5685.0,5531.0,5541.0,5604.0,5518.0,5495.0,46.0,109.0,2833032,15876817.18,1342319,-3330.0,123,0.8951965175890068,0.7695949234859296,12,RB2205.SHF,5192.0,5247.0,188372,-349.0,RB2110.SHF,5652.0,5607.0,29,-111.0,RB2209.SHF,5100.0,5134.0,364,-552.0,-0.10641062204899068,-0.11197211241367262,776365.0,776867.0,17779.0,17934.0,34.0,365598.0,325016.0,-0.00032319704976461984,0.4709099457085263,0.41836762277198025,149158.0,0.0,12.0
2021-09-17,RB2201.SHF,5557.0,5588.0,5423.0,5478.0,5495.0,5541.0,5604.0,-126.0,-109.0,2983056,16393196.04,1195609,-146710.0,122,0.8790110942495544,0.7334466580456456,12,RB2205.SHF,5064.0,5102.0,223172,-414.0,RB2110.SHF,5750.0,5709.0,28,-272.0,RB2209.SHF,4968.0,4995.0,363,-782.0,-0.14817910447761193,-0.15927348123880516,686390.0,722195.0,-89975.0,-45550.0,34.0,316951.0,306680.0,-0.025419126286308602,0.46176517723160304,0.4246498521867363,148864.0,-294.0,12.0
2021-09-22,RB2201.SHF,5500.0,5660.0,5457.0,5656.0,5532.0,5478.0,5495.0,161.0,37.0,1948123,10777089.46,1264601,68992.0,117,0.8399609020300073,0.7331989387582822,12,RB2205.SHF,5170.0,5048.0,243583,-486.0,RB2110.SHF,5935.0,5875.0,23,-279.0,RB2209.SHF,4994.0,4929.0,358,-941.0,-0.1727495630524715,-0.18808922452083054,740783.0,747503.0,59106.0,34857.0,30.0,351342.0,310451.0,-0.00451526117963886,0.47428464206117044,0.41531739671947804,142347.0,-6517.0,12.0
2021-09-23,RB2201.SHF,5651.0,5688.0,5563.0,5605.0,5627.0,5656.0,5532.0,73.0,95.0,2312905,13016942.55,1300291,35690.0,116,0.8783631620701664,0.7418051725337931,12,RB2205.SHF,5216.0,5210.0,241399,-389.0,RB2110.SHF,5846.0,5858.0,22,-241.0,RB2209.SHF,5050.0,5035.0,357,-796.0,-0.14835504312171613,-0.15947713296015464,740298.0,783530.0,1098.0,40868.0,30.0,343546.0,332975.0,-0.02837065600579593,0.4640644713345166,0.4249677740482177,131972.0,-10375.0,12.0
2021-09-24,RB2201.SHF,5589.0,5596.0,5441.0,5468.0,5511.0,5605.0,5627.0,-159.0,-116.0,2579122,14214018.28,1226142,-74149.0,115,0.9088125985983312,0.7370905368174963,12,RB2205.SHF,5117.0,5159.0,229423,-351.0,RB2110.SHF,5768.0,5811.0,21,-300.0,RB2209.SHF,5027.0,5019.0,356,-741.0,-0.1399719502349556,-0.14981562858016884,675864.0,727928.0,-64434.0,-41177.0,32.0,295176.0,308479.0,-0.03708811561826823,0.4367387521749938,0.42377680210130675,131972.0,0.0,12.0
2021-09-27,RB2201.SHF,5460.0,5600.0,5384.0,5564.0,5504.0,5468.0,5511.0,53.0,-7.0,2602380,14325997.61,1208773,-17369.0,112,0.8989514685450927,0.7460322946374954,12,RB2205.SHF,5188.0,5164.0,230307,-376.0,RB2110.SHF,5833.0,5782.0,18,-269.0,RB2209.SHF,5078.0,5026.0,353,-755.0,-0.1410272484653708,-0.15102715533877636,689636.0,732918.0,13772.0,26006.0,32.0,300975.0,307869.0,-0.030425558537672384,0.43642588263953735,0.42005926993197057,131677.0,-295.0,12.0
2021-09-28,RB2201.SHF,5579.0,5640.0,5548.0,5634.0,5597.0,5564.0,5504.0,130.0,93.0,1931458,10810931.99,1215932,7159.0,111,0.903276887627854,0.7556005185101409,12,RB2205.SHF,5289.0,5238.0,221839,-345.0,RB2110.SHF,5795.0,5823.0,17,-161.0,RB2209.SHF,5113.0,5070.0,352,-682.0,-0.1282268553693998,-0.13642192135300385,684936.0,728253.0,-4700.0,-4665.0,32.0,301203.0,308779.0,-0.030651951012921837,0.43975349521707136,0.4239996265034267,129314.0,-2363.0,12.0
2021-09-29,RB2201.SHF,5638.0,5700.0,5581.0,5657.0,5641.0,5634.0,5597.0,60.0,44.0,1890899,10667842.59,1191708,-24224.0,110,0.8887307063224982,0.7571024333592963,12,RB2205.SHF,5308.0,5287.0,222023,-349.0,RB2110.SHF,5786.0,5803.0,16,-129.0,RB2209.SHF,5101.0,5124.0,351,-685.0,-0.12899123463223114,-0.13728860232477955,682127.0,717435.0,-2809.0,-10818.0,32.0,309827.0,293533.0,-0.0252278927264387,0.4542072077487037,0.4091422916361761,132020.0,2706.0,12.0
2021-09-30,RB2201.SHF,5635.0,5730.0,5585.0,5706.0,5649.0,5657.0,5641.0,65.0,8.0,1968234,11119766.21,1172256,-19452.0,109,0.8818635935343069,0.7700775887383011,12,RB2205.SHF,5376.0,5346.0,205411,-330.0,RB2110.SHF,5866.0,5835.0,15,-160.0,RB2209.SHF,5119.0,5128.0,350,-747.0,-0.13874795812957036,-0.14841211947502023,696491.0,720468.0,17265.0,3467.0,32.0,335353.0,296707.0,-0.016921449385620898,0.48148935162119827,0.41182536906566286,169022.0,37002.0,12.0
2021-10-08,RB2201.SHF,5775.0,5843.0,5701.0,5750.0,5765.0,5706.0,5649.0,101.0,116.0,1384149,7980824.65,1207041,34785.0,101,0.8995492339707054,0.7681730067955864,12,RB2205.SHF,5423.0,5442.0,216212,-327.0,RB2110.SHF,5935.0,5925.0,7,-185.0,RB2209.SHF,5177.0,5174.0,342,-758.0,-0.13915427076915343,-0.14887782358740745,699913.0,742557.0,6146.0,22089.0,32.0,342472.0,305101.0,-0.029563179823497196,0.4893065280970635,0.4108788954921979,156362.0,-12660.0,12.0
2021-10-11,RB2201.SHF,5759.0,5870.0,5738.0,5808.0,5808.0,5750.0,5765.0,43.0,43.0,2233485,12972257.67,1345601,138560.0,98,0.9158566669564404,0.7814933271693596,12,RB2205.SHF,5485.0,5470.0,224244,-323.0,RB2110.SHF,5910.0,5922.0,4,-102.0,RB2209.SHF,5282.0,5183.0,339,-628.0,-0.11577644771068518,-0.12240140717378876,763142.0,809817.0,70423.0,67260.0,33.0,355686.0,315547.0,-0.02967337355900567,0.46608101768740284,0.3896522300717323,147235.0,-9127.0,12.0
2021-10-12,RB2201.SHF,5803.0,5812.0,5553.0,5562.0,5688.0,5808.0,5808.0,-246.0,-120.0,2862726,16284945.36,1304162,-41439.0,97,0.9102481879939396,0.7686489137110168,12,RB2205.SHF,5288.0,5399.0,242437,-274.0,RB2110.SHF,5770.0,5867.0,3,-208.0,RB2209.SHF,5170.0,5234.0,338,-600.0,-0.11329832639230193,-0.11963217337277525,707226.0,813714.0,-40979.0,32753.0,31.0,312068.0,359758.0,-0.07001459623653793,0.44125640177255926,0.4421184838899171,147236.0,1.0,12.0
2021-10-13,RB2201.SHF,5534.0,5566.0,5267.0,5421.0,5474.0,5562.0,5688.0,-267.0,-214.0,3359719,18391396.14,1221213,-82949.0,96,0.8863543307834445,0.7533496931607039,12,RB2205.SHF,5225.0,5264.0,253090,-196.0,RB2110.SHF,5625.0,5702.0,2,-204.0,RB2209.SHF,5120.0,5147.0,337,-505.0,-0.09781757877280262,-0.10249037552017787,678207.0,766138.0,-25426.0,-21203.0,33.0,294293.0,344755.0,-0.06087949901166272,0.4339279895371177,0.4499907327400547,164785.0,17549.0,13.0
2021-10-14,RB2201.SHF,5423.0,5542.0,5388.0,5465.0,5461.0,5421.0,5474.0,-9.0,-13.0,2036258,11121873.81,1212392,-8821.0,95,0.8845569239737986,0.7487455464970718,12,RB2205.SHF,5249.0,5261.0,260865,-216.0,RB2110.SHF,5670.0,5638.0,1,-205.0,RB2209.SHF,5150.0,5141.0,336,-520.0,-0.09992366211271683,-0.1048066481145248,669400.0,748120.0,-7745.0,-12958.0,33.0,282088.0,350696.0,-0.05553360799142164,0.42140424260531817,0.46876971608832807,168943.0,4158.0,13.0
2021-10-15,RB2201.SHF,5470.0,5552.0,5425.0,5515.0,5488.0,5465.0,5461.0,54.0,27.0,1740063,9550343.57,1168438,-43954.0,94,0.8736027881981541,0.7223683315713658,12,RB2205.SHF,5279.0,5263.0,292809,-236.0,RB2111.SHF,5688.0,5652.0,31,-173.0,RB2209.SHF,5151.0,5160.0,335,-537.0,-0.11335325061070396,-0.11906662828909349,648632.0,730815.0,-11725.0,-12192.0,33.0,277308.0,327320.0,-0.05957677243127137,0.4275274732051456,0.4478835272948694,167760.0,-1183.0,13.0
2021-10-18,RB2201.SHF,5515.0,5532.0,5311.0,5422.0,5424.0,5515.0,5488.0,-66.0,-64.0,2607810,14146304.75,1167686,-752.0,91,0.8801587371231968,0.7043337219872137,12,RB2205.SHF,5189.0,5204.0,328582,-233.0,RB2111.SHF,5573.0,5583.0,28,-151.0,RB2210.SHF,5030.0,5058.0,364,-543.0,-0.10584354412857909,-0.1113614179572895,655395.0,730007.0,7321.0,408.0,33.0,281405.0,333959.0,-0.05385584833860497,0.4293670229403642,0.45747369545771477,166573.0,-1187.0,13.0
2021-10-19,RB2201.SHF,5411.0,5570.0,5381.0,5546.0,5461.0,5422.0,5424.0,122.0,37.0,2123050,11596094.93,1143027,-24659.0,90,0.8696950567828268,0.6870213728923277,12,RB2205.SHF,5309.0,5234.0,339131,-237.0,RB2111.SHF,5680.0,5625.0,27,-134.0,RB2210.SHF,5121.0,5048.0,363,-559.0,-0.10690968729040908,-0.11254329640540488,660771.0,700971.0,10890.0,-19517.0,31.0,285037.0,317804.0,-0.029521010587908722,0.43137032345547854,0.45337681587398054,161549.0,-5024.0,13.0
2021-10-20,RB2201.SHF,5525.0,5537.0,5302.0,5304.0,5409.0,5546.0,5461.0,-157.0,-52.0,2902835,15704277.86,1145737,2710.0,89,0.8746223965473501,0.6644707806424112,12,RB2205.SHF,5075.0,5175.0,396026,-229.0,RB2111.SHF,5507.0,5573.0,26,-203.0,RB2210.SHF,4930.0,5010.0,362,-577.0,-0.11381888419068377,-0.12023384854880119,667458.0,690250.0,17517.0,-10721.0,31.0,270162.0,278956.0,-0.016787114755160905,0.4047625468568809,0.4041376312930098,161676.0,127.0,13.0
2021-10-21,RB2201.SHF,5296.0,5390.0,4976.0,4976.0,5243.0,5304.0,5409.0,-433.0,-166.0,3829430,20080186.8,1290481,144744.0,88,0.8742228417521577,0.6625958737203573,12,RB2205.SHF,4766.0,5015.0,460029,-210.0,RB2111.SHF,5127.0,5363.0,25,-151.0,RB2210.SHF,4661.0,4841.0,361,-466.0,-0.09873614942368603,-0.1035151682291675,720450.0,792073.0,67023.0,104604.0,31.0,289943.0,325944.0,-0.04735332950308855,0.40244708168505794,0.41150752519022865,85246.0,-76430.0,13.0
2021-10-22,RB2201.SHF,4976.0,5025.0,4757.0,4900.0,4907.0,4976.0,5243.0,-343.0,-336.0,4372677,21457341.06,1299617,9136.0,87,0.8580938077865256,0.6388113623963468,12,RB2205.SHF,4722.0,4733.0,527270,-178.0,RB2111.SHF,4950.0,5009.0,24,-50.0,RB2210.SHF,4589.0,4614.0,360,-361.0,-0.0792237854737855,-0.0822612679353703,745297.0,796713.0,32699.0,51232.0,29.0,316696.0,357182.0,-0.033343493232858415,0.42492590202295194,0.4483195328807237,88796.0,3550.0,13.0
2021-10-25,RB2201.SHF,4914.0,4956.0,4820.0,4825.0,4889.0,4900.0,4907.0,-82.0,-18.0,3072872,15024710.11,1370440,70823.0,84,0.8458536169111707,0.623034604597792,12,RB2205.SHF,4629.0,4724.0,606027,-196.0,RB2111.SHF,4896.0,4970.0,21,-71.0,RB2210.SHF,4511.0,4574.0,357,-385.0,-0.08542262391067544,-0.08896840975022215,780870.0,849977.0,35857.0,56943.0,32.0,344255.0,362537.0,-0.04237491315862248,0.4408608347100029,0.42652565892959454,85865.0,-2931.0,13.0
2021-10-26,RB2201.SHF,4830.0,4946.0,4778.0,4917.0,4863.0,4825.0,4889.0,28.0,-26.0,2990021,14541955.77,1356528,-13912.0,83,0.8363264659944775,0.5986781248014009,12,RB2205.SHF,4642.0,4642.0,662922,-275.0,RB2111.SHF,4900.0,4899.0,20,17.0,RB2210.SHF,4506.0,4506.0,356,-394.0,-0.0873481535471331,-0.09106029027941306,777634.0,815806.0,4205.0,-25938.0,34.0,334975.0,339955.0,-0.02395571844562707,0.43076177224761264,0.41671059050803744,82901.0,-2964.0,13.0
2021-10-27,RB2201.SHF,4940.0,4977.0,4624.0,4655.0,4773.0,4917.0,4863.0,-208.0,-90.0,4087900,19514803.14,1371298,14770.0,82,0.8263178151040361,0.5718323473349688,12,RB2205.SHF,4416.0,4529.0,740552,-239.0,RB2111.SHF,4699.0,4837.0,19,-44.0,RB2210.SHF,4286.0,4382.0,355,-413.0,-0.09547687451230762,-0.09993593875086934,787469.0,844806.0,11949.0,33359.0,32.0,333680.0,363053.0,-0.03512704660672987,0.42373731537368453,0.4297471845607157,87961.0,5060.0,13.0
2021-10-28,RB2201.SHF,4620.0,4864.0,4464.0,4712.0,4609.0,4655.0,4773.0,-61.0,-164.0,5031704,23194408.82,1280885,-90413.0,81,0.8278530362539355,0.554907647885768,12,RB2205.SHF,4506.0,4404.0,732442,-206.0,RB2111.SHF,4787.0,4705.0,18,-75.0,RB2210.SHF,4360.0,4273.0,354,-427.0,-0.09689871875217601,-0.10149591179476662,729716.0,811293.0,-54188.0,-32639.0,30.0,308096.0,355125.0,-0.052937393616779654,0.42221357349982735,0.43772718364388696,79056.0,-8905.0,13.0
2021-10-29,RB2201.SHF,4712.0,4793.0,4576.0,4646.0,4690.0,4712.0,4609.0,37.0,81.0,3331332,15626728.56,1294160,13275.0,80,0.8344570620570285,0.5457090810956686,12,RB2205.SHF,4417.0,4452.0,774081,-229.0,RB2111.SHF,4337.0,4806.0,17,309.0,RB2210.SHF,4275.0,4311.0,353,-62.0,-0.01552944212040365,-0.015641512796263607,733860.0,822639.0,14776.0,11715.0,30.0,307092.0,379640.0,-0.05703762096859683,0.41846128689395795,0.4614903985830966,75495.0,-3561.0,13.0
2021-11-01,RB2201.SHF,4630.0,4707.0,4477.0,4509.0,4598.0,4646.0,4690.0,-181.0,-92.0,2933969,13491263.65,1387410,93250.0,77,0.7990046377616741,0.5376224502449005,12,RB2205.SHF,4245.0,4341.0,859003,-264.0,RB2111.SHF,4600.0,4686.0,14,-91.0,RB2210.SHF,4107.0,4197.0,350,-493.0,-0.11642404244306415,-0.12314781550603908,759385.0,887427.0,29164.0,66000.0,31.0,315782.0,412478.0,-0.07775143732253591,0.41583913298261094,0.46480217527751577,75194.0,-301.0,13.0
2021-11-02,RB2201.SHF,4499.0,4556.0,4230.0,4230.0,4388.0,4509.0,4598.0,-368.0,-210.0,3825062,16786684.85,1378300,-9110.0,76,0.7992785922393292,0.5193569063013521,12,RB2205.SHF,4023.0,4138.0,907108,-207.0,RB2111.SHF,4400.0,4481.0,13,-170.0,RB2210.SHF,3917.0,3996.0,349,-483.0,-0.11924715909090906,-0.12631442701723286,751283.0,877709.0,-7444.0,-1115.0,29.0,313874.0,414075.0,-0.07760995756885239,0.4177839775424174,0.4717679777693974,75194.0,0.0,13.0
2021-11-03,RB2201.SHF,4250.0,4444.0,4233.0,4385.0,4331.0,4230.0,4388.0,-3.0,-57.0,3354919,14530497.99,1334316,-43984.0,75,0.7955091416996042,0.5060288117813836,12,RB2205.SHF,4214.0,4160.0,901530,-171.0,RB2111.SHF,4550.0,4534.0,12,-165.0,RB2210.SHF,4102.0,4046.0,348,-448.0,-0.10695970695970698,-0.11259877755691852,743463.0,832218.0,-4930.0,-44504.0,30.0,315006.0,381829.0,-0.05632802578694546,0.4237009777218234,0.45880886979132873,60365.0,-14829.0,13.0
2021-11-04,RB2201.SHF,4398.0,4413.0,4142.0,4226.0,4272.0,4385.0,4331.0,-105.0,-59.0,3459112,14779724.99,1396426,62110.0,74,0.809404796697155,0.4995732027111824,12,RB2205.SHF,4051.0,4100.0,961388,-175.0,RB2111.SHF,4400.0,4477.0,11,-174.0,RB2210.SHF,3940.0,3987.0,347,-460.0,-0.11356872294372289,-0.11995444472989922,779969.0,850295.0,40372.0,18643.0,30.0,343648.0,405151.0,-0.04313779854060447,0.44059186967687175,0.4764828677106181,55908.0,-4457.0,13.0
2021-11-05,RB2201.SHF,4238.0,4305.0,4122.0,4247.0,4202.0,4226.0,4272.0,-25.0,-70.0,3131361,13158455.19,1315842,-80584.0,73,0.8174760992167388,0.48042893288887106,12,RB2205.SHF,4061.0,4020.0,967016,-186.0,RB2111.SHF,4490.0,4490.0,10,-243.0,RB2210.SHF,3951.0,3922.0,346,-539.0,-0.13040553080920558,-0.13892159663271386,726791.0,790661.0,-36643.0,-59634.0,31.0,329190.0,365384.0,-0.042090293465625275,0.4529362636576402,0.4621247285499095,55908.0,0.0,13.0
2021-11-08,RB2201.SHF,4255.0,4397.0,4215.0,4312.0,4286.0,4247.0,4202.0,110.0,84.0,2993817,12832000.16,1275004,-40838.0,70,0.7984585128241236,0.4712398595968343,12,RB2205.SHF,4132.0,4102.0,959373,-180.0,RB2111.SHF,4520.0,4533.0,7,-208.0,RB2210.SHF,4008.0,3986.0,343,-512.0,-0.12305099030762748,-0.1305957290847479,700833.0,773175.0,-20421.0,-2333.0,32.0,311848.0,361177.0,-0.04907843105329143,0.44496763137580564,0.46713486597471465,55612.0,-296.0,13.0
2021-11-09,RB2201.SHF,4290.0,4359.0,4226.0,4257.0,4297.0,4312.0,4286.0,-29.0,11.0,2794490,12009022.7,1274301,-703.0,69,0.804927922039953,0.45654398303232674,12,RB2205.SHF,4011.0,4073.0,1031975,-246.0,RB2111.SHF,4480.0,4475.0,6,-223.0,RB2210.SHF,3901.0,3949.0,342,-579.0,-0.1403958067602041,-0.15033450090585307,698109.0,770963.0,522.0,-2212.0,34.0,304777.0,360232.0,-0.04959185118224294,0.4365750907093305,0.4672494010737221,55612.0,0.0,13.0
2021-11-10,RB2201.SHF,4219.0,4254.0,4026.0,4246.0,4136.0,4257.0,4297.0,-51.0,-161.0,3963513,16394274.36,1189585,-84716.0,68,0.7659154722727334,0.4305657001015621,12,RB2205.SHF,3949.0,3881.0,1067436,-297.0,RB2111.SHF,4344.0,4326.0,5,-98.0,RB2210.SHF,3840.0,3776.0,341,-504.0,-0.12603591160220998,-0.1339671840823797,651764.0,708118.0,-45534.0,-54397.0,34.0,283426.0,304083.0,-0.04144036026655254,0.4348598572489429,0.42942419201319554,52632.0,-2980.0,13.0
2021-11-11,RB2201.SHF,4275.0,4466.0,4236.0,4443.0,4349.0,4246.0,4136.0,307.0,213.0,3680862,16008078.1,1111300,-78285.0,67,0.720142038229022,0.4103642356472219,12,RB2205.SHF,4191.0,4079.0,1062781,-252.0,RB2111.SHF,4490.0,4461.0,4,-47.0,RB2210.SHF,4069.0,3957.0,340,-421.0,-0.1018566390921625,-0.10695307425039485,615254.0,692122.0,-34945.0,-14189.0,33.0,265101.0,315221.0,-0.05879563339085313,0.4308805794029783,0.4554413817217196,52632.0,0.0,13.0
2021-11-12,RB2201.SHF,4425.0,4428.0,4246.0,4249.0,4335.0,4443.0,4349.0,-100.0,-14.0,3441240,14918678.89,1136389,25089.0,66,0.7477268277886407,0.40400876996199137,12,RB2205.SHF,4021.0,4111.0,1121997,-228.0,RB2111.SHF,4350.0,4350.0,3,-101.0,RB2210.SHF,3913.0,3991.0,339,-437.0,-0.1091304050355775,-0.11500922078391618,613653.0,705353.0,5472.0,18110.0,33.0,259485.0,329362.0,-0.06952204917945787,0.42285298043030833,0.46694633750760256,51733.0,-899.0,13.0
2021-11-15,RB2201.SHF,4195.0,4255.0,4125.0,4138.0,4191.0,4249.0,4335.0,-197.0,-144.0,3659782,15338441.63,1186129,49740.0,63,0.7503118797641748,0.40788858768633685,12,RB2205.SHF,3915.0,3961.0,1167663,-223.0,RB2112.SHF,4299.0,4318.0,30,-161.0,RB2210.SHF,3810.0,3860.0,336,-489.0,-0.13567906809153057,-0.14403573744140594,644724.0,742559.0,35157.0,37206.0,34.0,277099.0,353114.0,-0.07052274121430162,0.42979476489164353,0.47553662402583496,51733.0,0.0,13.0
2021-11-16,RB2205.SHF,3920.0,4015.0,3885.0,3887.0,3953.0,3915.0,3961.0,-74.0,-8.0,789458,3121058.87,1206542,38879.0,181,0.19515066210145557,0.40969501958589816,12,RB2201.SHF,4128.0,4193.0,1175588,241.0,RB2112.SHF,4307.0,4330.0,29,-420.0,RB2211.SHF,3787.0,3831.0,364,-520.0,-0.13154566152289407,-0.1401899160017769,668893.0,867498.0,17379.0,33718.0,33.0,285607.0,380156.0,-0.12926722429381582,0.4269845849784644,0.4382211832188662,48464.0,-3269.0,13.0
2021-11-17,RB2205.SHF,3883.0,3910.0,3824.0,3885.0,3864.0,3887.0,3953.0,-68.0,-89.0,1118553,4322302.42,1333565,127023.0,180,0.25372977573482874,0.4432521923876684,12,RB2201.SHF,4216.0,4171.0,1099110,331.0,RB2112.SHF,4328.0,4362.0,28,-443.0,RB2211.SHF,3732.0,3752.0,363,-596.0,-0.15004000331061879,-0.16142943096735904,723205.0,944962.0,57290.0,82802.0,33.0,307810.0,420295.0,-0.13293453233399294,0.42561929190201947,0.4447744988687376,47869.0,-595.0,13.0
2021-11-18,RB2205.SHF,3879.0,3891.0,3781.0,3781.0,3831.0,3885.0,3864.0,-83.0,-33.0,1169049,4478646.0,1451981,118416.0,179,0.286736901590575,0.4716560867494739,12,RB2201.SHF,4169.0,4195.0,1047299,388.0,RB2112.SHF,4267.0,4307.0,27,-486.0,RB2211.SHF,3680.0,3717.0,362,-587.0,-0.14988684419477488,-0.1612518268332344,782653.0,1012705.0,63743.0,67743.0,33.0,329527.0,457455.0,-0.12813711805667727,0.4210384423237373,0.4517159488696116,46366.0,-1503.0,13.0
2021-11-19,RB2205.SHF,3770.0,4039.0,3765.0,3974.0,3892.0,3781.0,3831.0,143.0,61.0,1888556,7351854.37,1433189,-18792.0,178,0.35164678839721036,0.47404538592724016,12,RB2201.SHF,4285.0,4204.0,1020098,311.0,RB2112.SHF,4290.0,4274.0,26,-316.0,RB2211.SHF,3840.0,3780.0,361,-450.0,-0.11428869637824862,-0.12073804093792803,775099.0,1005597.0,21964.0,-3486.0,31.0,341683.0,449360.0,-0.12944264489839927,0.4408249784866191,0.4468589305656242,16979.0,-29387.0,13.0
2021-11-22,RB2205.SHF,3939.0,4046.0,3906.0,3964.0,3980.0,3974.0,3892.0,72.0,88.0,1617040,6436658.04,1486396,53207.0,175,0.37210929203183446,0.48699455012839993,12,RB2201.SHF,4300.0,4319.0,993798,336.0,RB2112.SHF,4306.0,4313.0,23,-342.0,RB2211.SHF,3843.0,3857.0,358,-463.0,-0.11715343394499864,-0.12394319966031196,801720.0,1027552.0,34427.0,32037.0,31.0,359555.0,456929.0,-0.1234545764653917,0.44847951903407673,0.4446772523434337,16094.0,-885.0,13.0
2021-11-23,RB2205.SHF,3967.0,4143.0,3942.0,4006.0,4048.0,3964.0,3980.0,26.0,68.0,1958351,7929050.4,1523433,37037.0,174,0.4262395951319016,0.5022085290527307,12,RB2201.SHF,4315.0,4361.0,940832,309.0,RB2112.SHF,4282.0,4317.0,22,-276.0,RB2211.SHF,3869.0,3907.0,357,-413.0,-0.10508759332715222,-0.11050687096694638,822129.0,1062142.0,24637.0,34590.0,31.0,368913.0,491051.0,-0.12737711295243626,0.44872884912221805,0.4623214221827213,16094.0,0.0,13.0
2021-11-24,RB2205.SHF,4010.0,4257.0,4010.0,4239.0,4149.0,4006.0,4048.0,191.0,101.0,2265274,9399025.73,1510354,-13079.0,173,0.4818191118882621,0.5130062456608485,12,RB2201.SHF,4502.0,4433.0,882801,263.0,RB2112.SHF,4367.0,4350.0,21,-128.0,RB2211.SHF,4038.0,3964.0,356,-329.0,-0.08208442559358002,-0.08534109084675823,874388.0,1023555.0,55627.0,-24423.0,31.0,387003.0,472197.0,-0.07859403575344465,0.44259870903992277,0.4613303632926418,15199.0,-895.0,13.0
2021-11-25,RB2205.SHF,4239.0,4288.0,4214.0,4255.0,4251.0,4239.0,4149.0,106.0,102.0,1901062,8082288.34,1544047,33693.0,172,0.5199067753594652,0.5342327592351293,12,RB2201.SHF,4471.0,4484.0,784938,216.0,RB2112.SHF,4398.0,4366.0,20,-143.0,RB2211.SHF,4092.0,4104.0,355,-306.0,-0.0758078638186964,-0.07857419724108693,910763.0,1031588.0,39047.0,8033.0,33.0,412149.0,479329.0,-0.06220554369421387,0.4525315587040756,0.46465158571057436,14599.0,-600.0,13.0
2021-11-26,RB2205.SHF,4248.0,4255.0,4100.0,4104.0,4184.0,4255.0,4251.0,-147.0,-67.0,2459199,10289746.51,1738317,194270.0,171,0.6847860864063836,0.5767291420047669,12,RB2201.SHF,4371.0,4428.0,715109,267.0,RB2112.SHF,4262.0,4300.0,19,-158.0,RB2211.SHF,3955.0,4040.0,354,-307.0,-0.07848252869859988,-0.08145267267682084,1010341.0,1158342.0,109151.0,149336.0,27.0,433233.0,520071.0,-0.06824464433022254,0.42879879169508117,0.448978799007547,14599.0,0.0,15.0
2021-11-29,RB2205.SHF,4055.0,4196.0,4050.0,4145.0,4128.0,4104.0,4184.0,-39.0,-56.0,2083315,8600525.88,1696796,-41521.0,168,0.7281018811056249,0.5800764069911543,12,RB2201.SHF,4414.0,4396.0,657400,269.0,RB2112.SHF,4190.0,4217.0,16,-45.0,RB2211.SHF,3985.0,3955.0,351,-205.0,-0.053307448438000886,-0.05465566841054271,986572.0,1121282.0,-20652.0,-35853.0,31.0,433563.0,532442.0,-0.06390860088032663,0.43946412426057097,0.4748511079282464,14004.0,-595.0,15.0
2021-11-30,RB2205.SHF,4160.0,4203.0,4078.0,4163.0,4141.0,4145.0,4128.0,35.0,13.0,2102255,8707319.04,1772171,75375.0,167,0.7474376167951828,0.600157949581437,12,RB2201.SHF,4445.0,4427.0,597055,282.0,RB2112.SHF,4049.0,4176.0,15,114.0,RB2211.SHF,3953.0,3968.0,350,-96.0,-0.025832801907970698,-0.02614397238342871,1036726.0,1176794.0,54659.0,59323.0,28.0,438210.0,542994.0,-0.0632783982073801,0.42268641859083306,0.4614180561763571,13706.0,-298.0,15.0
2021-12-01,RB2205.SHF,4165.0,4315.0,4163.0,4306.0,4232.0,4163.0,4141.0,165.0,91.0,2311658,9783485.98,1801517,29346.0,166,0.7939719272913618,0.6127275386373531,12,RB2201.SHF,4535.0,4487.0,541319,229.0,RB2112.SHF,4290.0,4283.0,14,16.0,RB2211.SHF,4112.0,4081.0,349,-178.0,-0.04520752878961833,-0.046172178350082055,1059990.0,1146235.0,36852.0,-28154.0,31.0,461803.0,530860.0,-0.039091661095309864,0.4356673176162039,0.46313365060393374,12812.0,-894.0,15.0
2021-12-02,RB2205.SHF,4315.0,4370.0,4225.0,4288.0,4296.0,4306.0,4232.0,56.0,64.0,2487761,10689116.76,1834627,33110.0,165,0.8038394777384866,0.6165675645065835,12,RB2201.SHF,4528.0,4524.0,508516,240.0,RB2112.SHF,4360.0,4301.0,13,-72.0,RB2211.SHF,4120.0,4124.0,348,-240.0,-0.05997535259482405,-0.06168924271588177,1075992.0,1161380.0,18955.0,38339.0,28.0,471166.0,520933.0,-0.038164417897426084,0.4378898727871583,0.44854655668256727,13418.0,606.0,15.0
2021-12-03,RB2205.SHF,4290.0,4386.0,4275.0,4384.0,4331.0,4288.0,4296.0,88.0,35.0,2352415,10190478.57,1863221,28594.0,164,0.8230018524770539,0.6240765148305262,12,RB2201.SHF,4598.0,4554.0,468037,214.0,RB2112.SHF,4301.0,4301.0,12,83.0,RB2211.SHF,4178.0,4118.0,347,-123.0,-0.03115901543202381,-0.03161323908518571,1120675.0,1166461.0,45320.0,6585.0,30.0,504987.0,512116.0,-0.020018923229751094,0.4506096772034711,0.4390339668450124,10119.0,-3299.0,15.0
2021-12-06,RB2205.SHF,4408.0,4449.0,4334.0,4359.0,4393.0,4384.0,4331.0,28.0,62.0,2090706,9185222.46,1874956,11735.0,161,0.8302900307897839,0.6290882468794813,12,RB2201.SHF,4576.0,4600.0,428827,217.0,RB2112.SHF,4360.0,4380.0,9,-1.0,RB2211.SHF,4142.0,4152.0,344,-218.0,-0.05447761194029856,-0.05588672373568944,1085996.0,1176882.0,-34679.0,11029.0,29.0,492652.0,507976.0,-0.04016389747922778,0.45364071322546307,0.4316286594577876,10119.0,0.0,15.0
2021-12-07,RB2205.SHF,4384.0,4496.0,4373.0,4450.0,4439.0,4359.0,4393.0,57.0,46.0,2256706,10018396.78,1868456,-6500.0,160,0.8488966479448721,0.6382770997454005,12,RB2201.SHF,4650.0,4634.0,387129,200.0,RB2112.SHF,4380.0,4380.0,8,70.0,RB2211.SHF,4261.0,4227.0,343,-119.0,-0.029601990049751233,-0.03001155284406453,1135818.0,1167320.0,49822.0,-9562.0,29.0,514802.0,490986.0,-0.013677860380055385,0.4532433893458283,0.4206096014803139,9821.0,-298.0,15.0
2021-12-08,RB2205.SHF,4464.0,4478.0,4346.0,4350.0,4424.0,4450.0,4439.0,-89.0,-15.0,2415138,10685682.2,1967774,99318.0,159,0.8683726547637496,0.6593122128161159,12,RB2201.SHF,4592.0,4638.0,334217,242.0,RB2112.SHF,4380.0,4380.0,7,-30.0,RB2211.SHF,4154.0,4214.0,342,-226.0,-0.056218905472636804,-0.05772120779423426,1140025.0,1249244.0,9267.0,81924.0,28.0,500802.0,543172.0,-0.04571230782302035,0.43929036643933245,0.4348005673831533,9522.0,-299.0,15.0
2021-12-09,RB2205.SHF,4338.0,4396.0,4271.0,4293.0,4333.0,4350.0,4424.0,-131.0,-91.0,2557982,11084703.33,1973781,6007.0,158,0.8782972861521622,0.6682811249902235,12,RB2210.SHF,4140.0,4172.0,299188,-153.0,RB2112.SHF,4300.0,4300.0,6,-7.0,RB2211.SHF,4100.0,4130.0,341,-200.0,-0.05067684831655672,-0.05189324740620276,1164011.0,1255041.0,25668.0,5797.0,28.0,507195.0,578953.0,-0.037630443661401246,0.435730418355153,0.4613020610482048,9226.0,-296.0,15.0
2021-12-10,RB2205.SHF,4279.0,4345.0,4264.0,4322.0,4307.0,4293.0,4333.0,-11.0,-26.0,2020021,8700528.53,1934030,-39751.0,157,0.8861634042008095,0.6700652142806907,12,RB2210.SHF,4155.0,4141.0,296673,-167.0,RB2112.SHF,4300.0,4303.0,5,22.0,RB2211.SHF,4131.0,4122.0,340,-169.0,-0.042821936827490456,-0.04368615735517784,1152873.0,1216378.0,-5583.0,-38663.0,27.0,504934.0,579363.0,-0.026803829564702092,0.4379788580355338,0.47630177461282597,9226.0,0.0,15.0
2021-12-13,RB2205.SHF,4322.0,4417.0,4280.0,4415.0,4346.0,4322.0,4307.0,108.0,39.0,2231172,9698896.61,1988270,54240.0,154,0.8831543477254097,0.6775249028149586,12,RB2210.SHF,4244.0,4182.0,298529,-171.0,RB2112.SHF,4303.0,4303.0,2,112.0,RB2211.SHF,4219.0,4184.0,337,-84.0,-0.021269437150755615,-0.021479782270761926,1195591.0,1249221.0,42781.0,41959.0,28.0,527636.0,576083.0,-0.02193624704067225,0.44131814307735673,0.46115379104257775,9226.0,0.0,15.0
2021-12-14,RB2205.SHF,4413.0,4429.0,4352.0,4382.0,4394.0,4415.0,4346.0,36.0,48.0,1646029,7233286.86,1920239,-68031.0,153,0.9001393386772013,0.6701244740875576,12,RB2210.SHF,4222.0,4229.0,301525,-160.0,RB2112.SHF,4303.0,4303.0,1,79.0,RB2211.SHF,4193.0,4207.0,336,-110.0,-0.027852834364084807,-0.028215029160479153,1142971.0,1223266.0,-50131.0,-4498.0,31.0,510199.0,582453.0,-0.03393362541452948,0.44637965442692773,0.47614582601004196,9226.0,0.0,15.0
2021-12-15,RB2205.SHF,4383.0,4468.0,4368.0,4441.0,4421.0,4382.0,4394.0,47.0,27.0,1906505,8429148.58,2010408,90169.0,152,0.8899553179650536,0.6827089964482566,12,RB2210.SHF,4266.0,4248.0,305387,-175.0,RB2201.SHF,4649.0,4632.0,33,-208.0,RB2211.SHF,4234.0,4194.0,335,-415.0,-0.10788833032525687,-0.11301097367038944,1226900.0,1287109.0,85173.0,64415.0,30.0,536078.0,591662.0,-0.023949397158084956,0.4369369956801695,0.4596829017589031,9226.0,0.0,15.0
2021-12-16,RB2205.SHF,4436.0,4534.0,4428.0,4529.0,4477.0,4441.0,4421.0,108.0,56.0,1654291,7406356.56,2014297,3889.0,151,0.8707060531321482,0.6874407664619323,12,RB2210.SHF,4331.0,4295.0,314859,-198.0,RB2201.SHF,4704.0,4674.0,32,-175.0,RB2212.SHF,4281.0,4243.0,364,-423.0,-0.09886164556183917,-0.1035924787748,1220362.0,1260213.0,-5204.0,-24988.0,28.0,544014.0,580119.0,-0.01606522681233182,0.4457808420780064,0.46033408638063567,9226.0,0.0,15.0
2021-12-17,RB2205.SHF,4529.0,4563.0,4484.0,4505.0,4521.0,4529.0,4477.0,28.0,44.0,1582890,7157722.61,1995458,-18839.0,150,0.8824542742075757,0.6890153347552451,12,RB2210.SHF,4319.0,4337.0,319765,-186.0,RB2201.SHF,4671.0,4680.0,31,-166.0,RB2212.SHF,4275.0,4275.0,363,-396.0,-0.0932051907050166,-0.09739462012923286,1187267.0,1265474.0,-33095.0,5446.0,29.0,539674.0,586523.0,-0.03188555171540738,0.4545515035792286,0.46348087752099215,9226.0,0.0,15.0
2021-12-20,RB2205.SHF,4498.0,4595.0,4469.0,4475.0,4537.0,4505.0,4521.0,-46.0,16.0,2010427,9121453.34,1997807,2349.0,147,0.890545522681275,0.6936247023687593,12,RB2210.SHF,4287.0,4347.0,323590,-188.0,RB2201.SHF,4640.0,4685.0,28,-165.0,RB2212.SHF,4250.0,4313.0,360,-390.0,-0.09240626298296636,-0.0965220328469007,1216931.0,1268915.0,35133.0,4544.0,29.0,520430.0,580427.0,-0.02091199535288992,0.4276577718868202,0.45741992174416723,3599.0,-5627.0,15.0
2021-12-21,RB2205.SHF,4485.0,4523.0,4444.0,4473.0,4480.0,4475.0,4537.0,-64.0,-57.0,1935240,8671228.36,1967053,-30754.0,146,0.8877883004471879,0.6940948481342337,12,RB2210.SHF,4278.0,4290.0,321624,-195.0,RB2201.SHF,4678.0,4663.0,27,-205.0,RB2212.SHF,4210.0,4214.0,359,-468.0,-0.10998676192585645,-0.11588532370695626,1186170.0,1241551.0,-27507.0,-27364.0,30.0,515673.0,577185.0,-0.02281192937738727,0.43473785376463747,0.4648902864239971,1200.0,-2399.0,15.0
2021-12-22,RB2205.SHF,4480.0,4498.0,4412.0,4438.0,4454.0,4473.0,4480.0,-42.0,-26.0,1709898,7616052.78,1956678,-10375.0,145,0.8954267670023408,0.69681321976412,12,RB2210.SHF,4227.0,4252.0,320103,-211.0,RB2201.SHF,4645.0,4657.0,26,-207.0,RB2212.SHF,4167.0,4177.0,358,-478.0,-0.113134994228799,-0.11938910312139216,1169179.0,1224543.0,-16991.0,-17008.0,31.0,497880.0,582650.0,-0.023128834509604707,0.42583727555831913,0.4758101593819082,1200.0,0.0,15.0
2021-12-23,RB2205.SHF,4429.0,4488.0,4403.0,4479.0,4450.0,4438.0,4454.0,25.0,-4.0,1753140,7802305.29,1992623,35945.0,144,0.9076962665234902,0.7034525828089978,12,RB2210.SHF,4259.0,4238.0,321043,-220.0,RB2201.SHF,4673.0,4660.0,25,-194.0,RB2212.SHF,4209.0,4180.0,357,-464.0,-0.10916338153813629,-0.11497079362770263,1226789.0,1238021.0,71652.0,24816.0,31.0,536121.0,582025.0,-0.00455694353723005,0.4370115806385613,0.47012530482116216,1200.0,0.0,15.0
2021-12-24,RB2205.SHF,4481.0,4545.0,4479.0,4519.0,4513.0,4479.0,4450.0,69.0,63.0,1613379,7282712.85,2002893,10270.0,143,0.8973865653909305,0.7083886109925291,12,RB2210.SHF,4304.0,4292.0,321072,-215.0,RB2201.SHF,4698.0,4692.0,24,-179.0,RB2212.SHF,4236.0,4224.0,356,-462.0,-0.10811445013771563,-0.11380684443255958,1244179.0,1256365.0,21424.0,18437.0,30.0,532362.0,584213.0,-0.004873339561311458,0.42788216165037346,0.4650026067265484,1200.0,0.0,15.0
2021-12-27,RB2205.SHF,4510.0,4523.0,4292.0,4307.0,4386.0,4519.0,4513.0,-206.0,-127.0,2238448,9819075.73,2074674,71781.0,140,0.8915416481297901,0.7260217693778538,12,RB2210.SHF,4106.0,4168.0,337503,-201.0,RB2201.SHF,4540.0,4603.0,21,-233.0,RB2212.SHF,4040.0,4103.0,353,-500.0,-0.1210790297754896,-0.1282802615339525,1248116.0,1314496.0,14903.0,64163.0,33.0,507578.0,614330.0,-0.02590325808198822,0.40667534107406683,0.46735022396416576,1200.0,0.0,15.0
2021-12-28,RB2205.SHF,4318.0,4353.0,4301.0,4319.0,4327.0,4307.0,4386.0,-67.0,-59.0,1593516,6896259.03,1985941,-88733.0,139,0.8820319687021557,0.7259264701635723,12,RB2210.SHF,4119.0,4143.0,332025,-200.0,RB2201.SHF,4559.0,4564.0,20,-240.0,RB2212.SHF,4067.0,4084.0,352,-492.0,-0.118645232388206,-0.12554864795713597,1187764.0,1262859.0,-58557.0,-49521.0,29.0,494895.0,593801.0,-0.030643228272973853,0.4166610538793902,0.47020372028864665,1200.0,0.0,15.0
2021-12-29,RB2205.SHF,4319.0,4346.0,4270.0,4315.0,4307.0,4319.0,4327.0,-12.0,-20.0,1728554,7445575.4,1972822,-13119.0,138,0.8675136935907872,0.7334409738655083,12,RB2210.SHF,4124.0,4118.0,335352,-191.0,RB2201.SHF,4567.0,4555.0,19,-252.0,RB2212.SHF,4062.0,4068.0,351,-505.0,-0.1215668454417626,-0.1288285871424824,1202616.0,1287199.0,15534.0,24554.0,32.0,485833.0,593539.0,-0.03397160029962065,0.40398015659196285,0.4611089660573074,12132.0,10932.0,15.0
2021-12-30,RB2205.SHF,4321.0,4368.0,4265.0,4282.0,4320.0,4315.0,4307.0,-25.0,13.0,1916411,8279776.18,1967818,-5004.0,137,0.901580815313425,0.7371946475018291,12,RB2210.SHF,4097.0,4130.0,349537,-185.0,RB2201.SHF,4535.0,4568.0,18,-253.0,RB2212.SHF,4049.0,4051.0,350,-486.0,-0.11781857307952874,-0.12462237493594187,1169469.0,1286837.0,-19533.0,10696.0,31.0,481645.0,580383.0,-0.047782320280942196,0.4118493093874228,0.4510151635366406,19776.0,7644.0,15.0
2021-12-31,RB2205.SHF,4282.0,4348.0,4267.0,4315.0,4301.0,4282.0,4320.0,-5.0,-19.0,1446800,6223442.47,1877654,-90164.0,136,0.8868712044542169,0.7353861096859347,12,RB2210.SHF,4123.0,4114.0,346622,-192.0,RB2201.SHF,4550.0,4548.0,17,-235.0,RB2212.SHF,4082.0,4058.0,349,-468.0,-0.11308089500860585,-0.11932879978900661,1158733.0,1231027.0,-10736.0,-54673.0,31.0,507571.0,568120.0,-0.030251573379753614,0.4380396519301685,0.4615008444168974,30233.0,10457.0,15.0
2022-01-04,RB2205.SHF,4302.0,4398.0,4291.0,4395.0,4353.0,4315.0,4301.0,94.0,52.0,1184617,5157583.61,1904095,26441.0,132,0.9169898456017476,0.7405417430409468,12,RB2210.SHF,4200.0,4161.0,345747,-195.0,RB2201.SHF,4595.0,4579.0,13,-200.0,RB2212.SHF,4133.0,4123.0,345,-462.0,-0.11053790788835426,-0.1164979078358135,1181926.0,1222723.0,23193.0,-7018.0,32.0,514917.0,563326.0,-0.016965885665641847,0.4356592544710921,0.4607143236857408,30233.0,0.0,15.0
2022-01-05,RB2205.SHF,4400.0,4449.0,4385.0,4444.0,4422.0,4395.0,4353.0,91.0,69.0,1277992,5651669.5,1903328,-767.0,131,0.8810724055771267,0.7358843202072338,12,RB2210.SHF,4258.0,4243.0,359230,-186.0,RB2201.SHF,4630.0,4617.0,12,-186.0,RB2212.SHF,4184.0,4186.0,344,-446.0,-0.10590309401753886,-0.11135703791405165,1183596.0,1200037.0,2259.0,-22686.0,34.0,520501.0,555205.0,-0.006897454431953241,0.4397623851381722,0.46265656808915057,30233.0,0.0,15.0
2022-01-06,RB2205.SHF,4452.0,4505.0,4430.0,4494.0,4471.0,4444.0,4422.0,72.0,49.0,1422849,6361978.62,1935095,31767.0,130,0.8877669822951867,0.7391789137697496,12,RB2210.SHF,4314.0,4293.0,368107,-180.0,RB2201.SHF,4675.0,4664.0,11,-181.0,RB2212.SHF,4238.0,4237.0,343,-437.0,-0.10276721860704856,-0.1078923540858681,1195814.0,1217521.0,15253.0,17484.0,33.0,523616.0,551909.0,-0.00899460704792331,0.4378741175467088,0.45330552820033493,30233.0,0.0,15.0
2022-01-07,RB2205.SHF,4495.0,4530.0,4455.0,4526.0,4488.0,4494.0,4471.0,55.0,17.0,1285819,5771502.66,1916326,-18769.0,129,0.9112723819378249,0.7392662603194198,12,RB2210.SHF,4331.0,4302.0,367568,-195.0,RB2201.SHF,4620.0,4647.0,10,-94.0,RB2212.SHF,4252.0,4236.0,342,-368.0,-0.08757106347467793,-0.09125576591593457,1192464.0,1222377.0,-3350.0,4856.0,33.0,523739.0,559553.0,-0.012387150955280285,0.43920738907002643,0.45775812208508504,30233.0,0.0,15.0
2022-01-10,RB2205.SHF,4525.0,4537.0,4463.0,4492.0,4499.0,4526.0,4488.0,4.0,11.0,1133370,5100084.8,1890745,-25581.0,126,0.9048790029620521,0.7430520568144037,12,RB2210.SHF,4304.0,4313.0,365623,-188.0,RB2201.SHF,4510.0,4568.0,7,-18.0,RB2212.SHF,4250.0,4247.0,339,-260.0,-0.06337990543103676,-0.06528021765381158,1167628.0,1210304.0,-24836.0,-12073.0,33.0,503986.0,553443.0,-0.017946686448561188,0.43163233495599623,0.45727602321400246,32858.0,2625.0,15.0
2022-01-11,RB2205.SHF,4500.0,4590.0,4481.0,4589.0,4527.0,4492.0,4499.0,90.0,28.0,1581977,7161614.72,2014725,123980.0,125,0.9213138755847109,0.7557867782657821,12,RB2210.SHF,4394.0,4335.0,367092,-195.0,RB2201.SHF,4622.0,4539.0,6,-33.0,RB2212.SHF,4343.0,4269.0,338,-279.0,-0.06636346337318116,-0.06845086680517776,1243730.0,1247538.0,77987.0,40553.0,31.0,544460.0,557279.0,-0.0015285388806021672,0.43776382333786273,0.4467030262805622,44557.0,11699.0,15.0
2022-01-12,RB2205.SHF,4590.0,4634.0,4570.0,4632.0,4601.0,4589.0,4527.0,105.0,74.0,1065702,4903652.78,1984861,-29864.0,124,0.9107863497679666,0.7573406134697787,12,RB2210.SHF,4438.0,4404.0,367493,-194.0,RB2201.SHF,4635.0,4619.0,5,-3.0,RB2212.SHF,4353.0,4339.0,337,-282.0,-0.06688891488283236,-0.06901021627528671,1222639.0,1223942.0,-19758.0,-22681.0,31.0,538917.0,542751.0,-0.000532579955456206,0.4407817843206376,0.44344503252605105,44557.0,0.0,15.0
2022-01-13,RB2205.SHF,4632.0,4701.0,4629.0,4633.0,4665.0,4632.0,4601.0,32.0,64.0,1371509,6398487.51,1991671,6810.0,123,0.9043230512180424,0.7658820846662536,12,RB2210.SHF,4440.0,4470.0,355036,-193.0,RB2201.SHF,4635.0,4639.0,4,-2.0,RB2212.SHF,4378.0,4408.0,336,-257.0,-0.060959046542155726,-0.06271425593300836,1228748.0,1202607.0,7586.0,-21335.0,31.0,533536.0,543128.0,0.010751617924984217,0.43421108315130524,0.451625510245658,44557.0,0.0,15.0
2022-01-14,RB2205.SHF,4625.0,4679.0,4606.0,4664.0,4648.0,4633.0,4665.0,-1.0,-17.0,1153063,5359755.31,1945448,-46223.0,122,0.9175251251283112,0.7694852478754045,12,RB2210.SHF,4463.0,4447.0,347990,-201.0,RB2201.SHF,4695.0,4677.0,3,-31.0,RB2212.SHF,4388.0,4394.0,335,-307.0,-0.07188819174461424,-0.07434628957904663,1212486.0,1168931.0,-16262.0,-33676.0,32.0,538651.0,521208.0,0.01828953098092438,0.44425337694620803,0.4458843165250986,44557.0,0.0,15.0
2022-01-17,RB2205.SHF,4670.0,4690.0,4520.0,4553.0,4587.0,4664.0,4648.0,-95.0,-61.0,1781730,8173119.32,1927580,-17868.0,119,0.915048825406673,0.7651276628513091,12,RB2210.SHF,4370.0,4391.0,359187,-183.0,RB2202.SHF,4586.0,4598.0,29,-33.0,RB2212.SHF,4305.0,4320.0,332,-281.0,-0.073811240696682,-0.07616941251797621,1181489.0,1191116.0,-30997.0,30378.0,32.0,510663.0,519122.0,-0.004057565418601074,0.43221985139091434,0.4358282484661444,44557.0,0.0,15.0
2022-01-18,RB2205.SHF,4547.0,4619.0,4537.0,4599.0,4575.0,4553.0,4587.0,12.0,-12.0,1066625,4880311.05,1873336,-54244.0,118,0.9167832029588042,0.7620933671528735,12,RB2210.SHF,4420.0,4397.0,357651,-179.0,RB2202.SHF,4635.0,4609.0,28,-36.0,RB2301.SHF,4293.0,4271.0,363,-342.0,-0.08039414577597451,-0.08351462557617659,1150632.0,1146336.0,-30857.0,-44780.0,31.0,501550.0,514614.0,0.0018702916192128057,0.4358908843140118,0.4489207352818022,44557.0,0.0,15.0
2022-01-19,RB2205.SHF,4630.0,4744.0,4627.0,4713.0,4698.0,4599.0,4575.0,138.0,123.0,1617199,7599109.71,1932904,59568.0,117,0.8948332367784877,0.7858905114356205,12,RB2210.SHF,4529.0,4515.0,332725,-184.0,RB2202.SHF,4740.0,4699.0,27,-27.0,RB2301.SHF,4394.0,4375.0,362,-346.0,-0.07953271616600543,-0.08258496727393087,1205928.0,1185319.0,63461.0,52193.0,30.0,558774.0,533043.0,0.00861851577858749,0.4633560212550003,0.4497042568287524,44557.0,0.0,15.0
2022-01-20,RB2205.SHF,4718.0,4742.0,4675.0,4713.0,4706.0,4713.0,4698.0,15.0,8.0,1170056,5507415.41,1908425,-24479.0,116,0.8768135871125062,0.7879053733253515,12,RB2210.SHF,4542.0,4536.0,323053,-171.0,RB2202.SHF,4733.0,4728.0,26,-20.0,RB2301.SHF,4407.0,4397.0,361,-326.0,-0.07504627717108522,-0.0777559664132993,1169088.0,1172757.0,-24290.0,-2509.0,30.0,504101.0,523154.0,-0.001566713424671573,0.4311916639294903,0.44608900224002074,44557.0,0.0,15.0
2022-01-21,RB2205.SHF,4713.0,4758.0,4680.0,4711.0,4717.0,4713.0,4706.0,5.0,11.0,1318370,6219220.36,1882937,-25488.0,115,0.9057320596186413,0.7910413149117748,12,RB2210.SHF,4542.0,4546.0,311879,-169.0,RB2202.SHF,4722.0,4743.0,25,-11.0,RB2301.SHF,4408.0,4414.0,360,-314.0,-0.07245222426621659,-0.07497357876608467,1143472.0,1143447.0,-25616.0,-20717.0,32.0,493103.0,499541.0,1.0931738290687165e-05,0.43123312158058963,0.4368728939775958,44557.0,0.0,15.0
2022-01-24,RB2205.SHF,4720.0,4786.0,4653.0,4665.0,4712.0,4711.0,4717.0,-52.0,-5.0,1574388,7418918.48,1877729,-5208.0,112,0.917822114644691,0.7917371694136209,12,RB2210.SHF,4496.0,4548.0,312118,-169.0,RB2202.SHF,4711.0,4740.0,22,-46.0,RB2301.SHF,4365.0,4410.0,357,-346.0,-0.08002230410249744,-0.08311323524063746,1133944.0,1152266.0,-4753.0,12983.0,32.0,471129.0,491211.0,-0.008014136934052427,0.4154781893991238,0.4263000036449917,43083.0,-1474.0,15.0
2022-01-25,RB2205.SHF,4660.0,4730.0,4630.0,4722.0,4677.0,4665.0,4712.0,10.0,-35.0,1212866,5673670.24,1785229,-92500.0,111,0.9133893727868758,0.7895117639852802,12,RB2210.SHF,4539.0,4508.0,301060,-183.0,RB2202.SHF,4742.0,4720.0,21,-20.0,RB2301.SHF,4403.0,4375.0,356,-339.0,-0.0778908074557621,-0.08081520661911311,1074438.0,1090869.0,-57440.0,-58110.0,32.0,481293.0,463337.0,-0.00758830041190464,0.44794860196679565,0.42474119257216036,43083.0,0.0,15.0
2022-01-26,RB2205.SHF,4722.0,4740.0,4635.0,4694.0,4688.0,4722.0,4677.0,17.0,11.0,1237281,5800500.88,1766393,-18836.0,110,0.8894218776844628,0.8010489320212235,12,RB2210.SHF,4519.0,4514.0,288851,-175.0,RB2202.SHF,4738.0,4733.0,20,-44.0,RB2301.SHF,4390.0,4382.0,355,-348.0,-0.0800262091820341,-0.08311744987185825,1065418.0,1095830.0,-9020.0,6411.0,34.0,469229.0,455658.0,-0.014071499429958986,0.44041775153038526,0.41581084657291734,43083.0,0.0,15.0
2022-01-27,RB2205.SHF,4697.0,4757.0,4654.0,4673.0,4696.0,4694.0,4688.0,-15.0,8.0,1325881,6227617.63,1727529,-38864.0,109,0.8867743063846123,0.8038671526549507,12,RB2210.SHF,4499.0,4516.0,280316,-174.0,RB2202.SHF,4700.0,4736.0,19,-27.0,RB2301.SHF,4373.0,4386.0,354,-327.0,-0.07580501746586217,-0.07857113804211555,1051520.0,1095750.0,-8493.0,3691.0,34.0,477506.0,446425.0,-0.02059824800793566,0.45411024041387704,0.4074150125484828,43083.0,0.0,15.0
2022-01-28,RB2205.SHF,4691.0,4830.0,4681.0,4829.0,4764.0,4673.0,4696.0,133.0,68.0,1210006,5764565.79,1675744,-51785.0,108,0.9068361617487911,0.8006134515007823,12,RB2210.SHF,4641.0,4582.0,275490,-188.0,RB2202.SHF,5051.0,4778.0,18,-222.0,RB2301.SHF,4500.0,4443.0,353,-551.0,-0.11885632222967521,-0.12585292253438546,1008716.0,1056001.0,-41811.0,-24416.0,33.0,464283.0,432318.0,-0.022901443636101217,0.4602712755621999,0.40939165777305137,43083.0,0.0,15.0
2022-02-07,RB2205.SHF,4875.0,4879.0,4801.0,4847.0,4837.0,4829.0,4764.0,83.0,73.0,744755,3602803.85,1680665,4921.0,98,0.8891652110999547,0.7982628503901629,12,RB2210.SHF,4658.0,4647.0,277546,-189.0,RB2202.SHF,4800.0,4808.0,8,47.0,RB2301.SHF,4516.0,4510.0,343,-284.0,-0.06446517412935326,-0.06645099744372192,1028081.0,1070713.0,19365.0,15609.0,34.0,458006.0,437560.0,-0.02031261762707536,0.4454960260913294,0.4086622652382104,43083.0,0.0,15.0
2022-02-08,RB2205.SHF,4839.0,4946.0,4839.0,4912.0,4905.0,4847.0,4837.0,75.0,68.0,1186239,5818614.05,1749557,68892.0,97,0.8879280339350716,0.7965540994906681,12,RB2210.SHF,4713.0,4706.0,288498,-199.0,RB2202.SHF,4850.0,4850.0,7,62.0,RB2301.SHF,4572.0,4564.0,342,-278.0,-0.06245268502846596,-0.06431404489893161,1061060.0,1074518.0,36451.0,4380.0,31.0,469138.0,448655.0,-0.006301806817639065,0.44214087798993457,0.417540701970558,43083.0,0.0,15.0
2022-02-09,RB2205.SHF,4900.0,4935.0,4825.0,4843.0,4881.0,4912.0,4905.0,-62.0,-24.0,1324241,6464801.98,1785924,36367.0,96,0.8786834621259474,0.7880504232531541,12,RB2210.SHF,4644.0,4679.0,311520,-199.0,RB2202.SHF,4850.0,4850.0,6,-7.0,RB2301.SHF,4506.0,4546.0,341,-344.0,-0.07727958147407298,-0.08015711932196656,1079338.0,1078277.0,23949.0,6626.0,32.0,463938.0,442231.0,0.0004917466739895672,0.4298356955837745,0.4101274533352747,34252.0,-8831.0,15.0
2022-02-10,RB2205.SHF,4850.0,4967.0,4838.0,4955.0,4906.0,4843.0,4881.0,74.0,25.0,1394586,6842470.44,1867561,81637.0,95,0.8639315786082794,0.7832825492025878,12,RB2210.SHF,4738.0,4698.0,338647,-217.0,RB2202.SHF,4960.0,4960.0,5,-5.0,RB2301.SHF,4584.0,4542.0,340,-376.0,-0.08259508907077515,-0.08589350114449298,1134084.0,1123793.0,61812.0,55910.0,32.0,524891.0,462306.0,0.004557821351650245,0.4628325591402401,0.41138003173182247,33070.0,-1182.0,15.0
2022-02-11,RB2205.SHF,4990.0,5034.0,4902.0,4905.0,4986.0,4955.0,4906.0,-1.0,80.0,1470339,7331952.6,1895139,27578.0,94,0.8612899030891504,0.7692862561969683,12,RB2210.SHF,4716.0,4782.0,378061,-189.0,RB2202.SHF,4999.0,4999.0,4,-94.0,RB2301.SHF,4568.0,4626.0,339,-431.0,-0.09393819062319929,-0.09823666665184878,1149787.0,1140051.0,37542.0,16258.0,29.0,497228.0,460570.0,0.004251829168701017,0.4324522715946519,0.40399069866172654,33070.0,0.0,15.0
2022-02-14,RB2205.SHF,4900.0,4910.0,4791.0,4817.0,4862.0,4905.0,4986.0,-169.0,-124.0,1874764,9116170.34,1888817,-6322.0,91,0.8553933981780336,0.7500838912515224,12,RB2210.SHF,4597.0,4659.0,421214,-220.0,RB2202.SHF,4800.0,4800.0,1,17.0,RB2301.SHF,4457.0,4511.0,336,-343.0,-0.07785758706467658,-0.0807794290792258,1136046.0,1153776.0,22745.0,18180.0,33.0,486188.0,462024.0,-0.007742959933130174,0.4279650647949115,0.40044514706494155,32485.0,-585.0,15.0
2022-02-15,RB2205.SHF,4805.0,4816.0,4666.0,4728.0,4744.0,4817.0,4862.0,-134.0,-118.0,2124511,10079013.32,1921187,32370.0,90,0.8665326392950633,0.7371627789367702,12,RB2210.SHF,4518.0,4530.0,454709,-210.0,RB2203.SHF,4799.0,4796.0,28,-71.0,RB2301.SHF,4387.0,4373.0,335,-412.0,-0.10207066754542381,-0.10672022264687794,1164494.0,1191130.0,28448.0,39106.0,33.0,494690.0,464505.0,-0.01130740729420315,0.42481111967944873,0.38997002846036954,45761.0,13276.0,15.0
2022-02-16,RB2205.SHF,4745.0,4834.0,4725.0,4832.0,4780.0,4728.0,4744.0,88.0,36.0,1497635,7159420.54,1874486,-46701.0,89,0.8621784465031237,0.7183840626004816,12,RB2210.SHF,4611.0,4557.0,503954,-221.0,RB2203.SHF,4865.0,4837.0,27,-33.0,RB2302.SHF,4424.0,4375.0,364,-441.0,-0.09817902354674118,-0.10291749189182833,1133214.0,1147685.0,-8487.0,-16711.0,31.0,467346.0,484075.0,-0.00634442822764182,0.41240754173527683,0.4217838518408797,45761.0,0.0,15.0
2022-02-17,RB2205.SHF,4835.0,4842.0,4684.0,4686.0,4744.0,4832.0,4780.0,-94.0,-36.0,2132547,10118573.18,1962220,87734.0,88,0.8724064633155543,0.7150462833058692,12,RB2210.SHF,4488.0,4549.0,541537,-198.0,RB2203.SHF,4738.0,4784.0,26,-52.0,RB2302.SHF,4333.0,4370.0,363,-405.0,-0.09258122660026327,-0.09677911420554836,1160234.0,1234054.0,49479.0,93249.0,31.0,477996.0,502917.0,-0.030831712809820708,0.41198241044478956,0.4075324094407538,45761.0,0.0,15.0
2022-02-18,RB2205.SHF,4666.0,4798.0,4659.0,4779.0,4730.0,4686.0,4744.0,35.0,-14.0,1578103,7465020.79,1929520,-32700.0,87,0.8846791201324802,0.7051297980853705,12,RB2210.SHF,4577.0,4531.0,557350,-202.0,RB2203.SHF,4813.0,4789.0,25,-34.0,RB2302.SHF,4390.0,4348.0,362,-423.0,-0.09518915449687756,-0.09963456255302877,1174903.0,1191755.0,29638.0,-23790.0,32.0,497626.0,487767.0,-0.007120589455679697,0.4235464544732629,0.40928462645426283,45761.0,0.0,15.0
2022-02-21,RB2205.SHF,4785.0,4848.0,4751.0,4845.0,4788.0,4779.0,4730.0,115.0,58.0,1627394,7792624.84,1978620,49100.0,84,0.8778228359920557,0.7105039765700522,12,RB2210.SHF,4637.0,4589.0,548848,-208.0,RB2203.SHF,4865.0,4819.0,22,-20.0,RB2302.SHF,4445.0,4390.0,359,-420.0,-0.09350383194927739,-0.0977884244371415,1192426.0,1193677.0,21572.0,11713.0,29.0,478469.0,481154.0,-0.0005242858334279786,0.4012567656189986,0.40308559183095594,22668.0,-23093.0,15.0
2022-02-22,RB2205.SHF,4845.0,4883.0,4723.0,4734.0,4820.0,4845.0,4788.0,-54.0,32.0,1766048,8513404.2,1980665,2045.0,83,0.8800472402099897,0.7053981882339199,12,RB2210.SHF,4543.0,4625.0,551807,-191.0,RB2203.SHF,4806.0,4845.0,21,-72.0,RB2302.SHF,4370.0,4424.0,358,-436.0,-0.09825749464998618,-0.10300378871060563,1191734.0,1194898.0,-54.0,1221.0,30.0,495696.0,485177.0,-0.0013257175802553556,0.4159451689722707,0.40604051559212584,22668.0,0.0,15.0
2022-02-23,RB2205.SHF,4735.0,4818.0,4732.0,4786.0,4775.0,4734.0,4820.0,-34.0,-45.0,1506852,7196301.65,1966677,-13988.0,82,0.8608610255592861,0.6976731068651028,12,RB2210.SHF,4583.0,4576.0,570093,-203.0,RB2203.SHF,4829.0,4827.0,20,-43.0,RB2302.SHF,4417.0,4399.0,357,-412.0,-0.09240659639799846,-0.09658817837124814,1192482.0,1195032.0,7846.0,5088.0,32.0,490577.0,483790.0,-0.001068056564275644,0.4113915346311307,0.4048343475321163,22668.0,0.0,15.0
2022-02-24,RB2205.SHF,4788.0,4808.0,4622.0,4637.0,4704.0,4786.0,4775.0,-138.0,-71.0,2257947,10622456.6,2081475,114798.0,81,0.861392314277474,0.6991039338041551,12,RB2210.SHF,4441.0,4503.0,607911,-196.0,RB2203.SHF,4695.0,4710.0,19,-58.0,RB2302.SHF,4309.0,4345.0,356,-386.0,-0.08904605252762739,-0.09292039382694872,1229476.0,1319969.0,60223.0,143339.0,30.0,496874.0,505467.0,-0.035495176401138286,0.40413476960916683,0.382938538708106,22668.0,0.0,15.0
2022-02-25,RB2205.SHF,4635.0,4666.0,4525.0,4617.0,4603.0,4637.0,4704.0,-87.0,-101.0,2155123,9920514.26,2108560,27085.0,80,0.8214429737664003,0.687506582235805,12,RB2210.SHF,4447.0,4418.0,659243,-170.0,RB2203.SHF,4643.0,4656.0,18,-26.0,RB2302.SHF,4285.0,4259.0,355,-358.0,-0.08351169655861766,-0.08690699495737439,,,,,,,,,,,22668.0,0.0,15.0
2022-02-28,RB2205.SHF,4617.0,4706.0,4597.0,4693.0,4662.0,4617.0,4603.0,90.0,59.0,1624958,7576307.84,2004494,-104066.0,77,0.8305484112348248,0.669806138242787,12,RB2210.SHF,4516.0,4483.0,682042,-177.0,RB2203.SHF,4830.0,4716.0,15,-137.0,RB2302.SHF,4350.0,4322.0,352,-480.0,-0.10763588108446832,-0.11336729150094754,1210425.0,1259328.0,-40818.0,-88312.0,32.0,509726.0,485253.0,-0.019800765501651378,0.42111324534770844,0.38532693627077297,21794.0,-874.0,15.0
2022-03-01,RB2205.SHF,4710.0,4844.0,4710.0,4837.0,4776.0,4693.0,4662.0,175.0,114.0,1595430,7620476.75,1904382,-100112.0,76,0.8187448713941956,0.6563564017239686,12,RB2210.SHF,4668.0,4592.0,690520,-169.0,RB2203.SHF,4830.0,4829.0,14,7.0,RB2302.SHF,4500.0,4431.0,351,-330.0,-0.07399966824557203,-0.07664899369197523,1165039.0,1190963.0,-43851.0,-68365.0,32.0,503682.0,459413.0,-0.011003386245003188,0.43233059150809544,0.3857491794455411,21794.0,0.0,15.0
2022-03-02,RB2205.SHF,4850.0,4893.0,4803.0,4860.0,4850.0,4837.0,4776.0,84.0,74.0,1480163,7179346.61,1874846,-29536.0,75,0.8210920875409669,0.6462686381949596,12,RB2210.SHF,4689.0,4677.0,717069,-171.0,RB2203.SHF,4850.0,4876.0,13,10.0,RB2302.SHF,4505.0,4492.0,350,-345.0,-0.0770442656551133,-0.07992180139322866,1124070.0,1166041.0,-29881.0,-10475.0,30.0,483133.0,442217.0,-0.018327059256079727,0.4298068625619401,0.3792465273519542,21794.0,0.0,15.0
2022-03-03,RB2205.SHF,4861.0,4943.0,4833.0,4880.0,4886.0,4860.0,4850.0,30.0,36.0,1865890,9118352.8,1845374,-29472.0,74,0.817363291653817,0.6399988624548363,12,RB2210.SHF,4700.0,4713.0,728420,-180.0,RB2203.SHF,4977.0,4985.0,12,-97.0,RB2302.SHF,4522.0,4515.0,349,-455.0,-0.09901630586752476,-0.10383862907279898,1099336.0,1147918.0,2199.0,-18123.0,29.0,469257.0,454631.0,-0.021618384036695453,0.42685493788978074,0.39604832400920625,20917.0,-877.0,15.0
2022-03-04,RB2205.SHF,4886.0,4924.0,4842.0,4901.0,4881.0,4880.0,4886.0,15.0,-5.0,1661820,8112692.45,1804366,-41008.0,73,0.8096592777661118,0.6302821267776796,12,RB2210.SHF,4714.0,4699.0,747483,-187.0,RB2203.SHF,4985.0,4985.0,11,-84.0,RB2302.SHF,4534.0,4524.0,348,-451.0,-0.09798832699880057,-0.1027078063349837,1079733.0,1122764.0,-18520.0,-24757.0,30.0,463278.0,444388.0,-0.019537370538983707,0.4290671860543301,0.39579822651955354,20917.0,0.0,15.0
2022-03-07,RB2205.SHF,4902.0,5096.0,4887.0,5094.0,5014.0,4901.0,4881.0,213.0,133.0,1930142,9679028.62,1725088,-79278.0,70,0.7733953927457644,0.6145022981213575,12,RB2210.SHF,4889.0,4827.0,781510,-205.0,RB2203.SHF,5090.0,5085.0,8,4.0,RB2302.SHF,4667.0,4539.0,345,-423.0,-0.09000891956649747,-0.09397002288452463,1058156.0,1030694.0,-3657.0,-91435.0,28.0,479195.0,417784.0,0.013146946884649449,0.4528585577173876,0.4053424197676517,20917.0,0.0,15.0
2022-03-08,RB2205.SHF,5094.0,5100.0,4900.0,4956.0,4981.0,5094.0,5014.0,-58.0,-33.0,2239561,11156569.35,1563898,-161190.0,69,0.7626838930793644,0.6015434210743943,12,RB2210.SHF,4748.0,4774.0,749645,-208.0,RB2203.SHF,5085.0,5085.0,7,-129.0,RB2302.SHF,4585.0,4621.0,344,-500.0,-0.10649813701204161,-0.11210473941873804,973808.0,939272.0,-67801.0,-91422.0,31.0,449555.0,374377.0,0.018052564451042297,0.46164644365213675,0.3985820933659259,20917.0,0.0,15.0
2022-03-09,RB2205.SHF,4925.0,5000.0,4855.0,4907.0,4944.0,4956.0,4981.0,-74.0,-37.0,1502246,7427812.99,1464164,-99734.0,68,0.7511301357362895,0.5671945685581623,12,RB2210.SHF,4736.0,4753.0,824268,-171.0,RB2203.SHF,4820.0,4956.0,6,87.0,RB2302.SHF,4579.0,4598.0,343,-241.0,-0.0541543026706232,-0.05555505178473579,879004.0,897019.0,-91290.0,-22159.0,33.0,399930.0,359305.0,-0.0101434497188381,0.45498086470596266,0.4005545033048352,20917.0,0.0,15.0
2022-03-10,RB2205.SHF,4850.0,4955.0,4822.0,4896.0,4872.0,4907.0,4944.0,-48.0,-72.0,1593413,7764597.25,1438212,-25952.0,67,0.723967988281392,0.5585940109527323,12,RB2210.SHF,4715.0,4704.0,845944,-181.0,RB2203.SHF,4990.0,4990.0,5,-94.0,RB2302.SHF,4548.0,4561.0,342,-442.0,-0.09593668048262698,-0.10045442689740432,865062.0,874270.0,-12739.0,-18392.0,33.0,388476.0,360164.0,-0.005293986426973114,0.4490730144197757,0.4119596920859689,20330.0,-587.0,15.0
2022-03-11,RB2205.SHF,4908.0,4949.0,4847.0,4917.0,4894.0,4896.0,4872.0,45.0,22.0,1264426,6189346.23,1380899,-57313.0,66,0.7255424241937372,0.5439398463306782,12,RB2210.SHF,4769.0,4744.0,867492,-148.0,RB2203.SHF,4900.0,4900.0,4,17.0,RB2302.SHF,4584.0,4550.0,341,-316.0,-0.06984799854659964,-0.07220201003564393,826347.0,836470.0,-26475.0,-29297.0,33.0,379790.0,354921.0,-0.006087861743054106,0.4596011118815703,0.424308104295432,20330.0,0.0,15.0
2022-03-14,RB2205.SHF,4872.0,4919.0,4693.0,4695.0,4792.0,4917.0,4894.0,-199.0,-102.0,1788603,8571348.15,1410730,29831.0,63,0.7186391441916529,0.5355287507948108,12,RB2210.SHF,4601.0,4693.0,906804,-94.0,RB2203.SHF,4889.0,4889.0,1,-194.0,RB2302.SHF,4488.0,4566.0,338,-401.0,-0.08883565297983173,-0.09269117095632444,846502.0,854971.0,76010.0,40679.0,31.0,381814.0,352335.0,-0.0049774518902151255,0.4510491410534175,0.41210169701662397,20330.0,0.0,15.0
2022-03-15,RB2205.SHF,4694.0,4825.0,4681.0,4753.0,4751.0,4695.0,4792.0,-39.0,-41.0,1735203,8244332.27,1349633,-61097.0,62,0.6917348354381937,0.5060542420189481,12,RB2210.SHF,4663.0,4662.0,980520,-90.0,RB2204.SHF,4801.0,4755.0,31,-48.0,RB2302.SHF,4539.0,4516.0,337,-262.0,-0.06509400955410972,-0.06693754809537016,814246.0,810993.0,-17847.0,-34124.0,33.0,390746.0,326827.0,0.0020015517717701828,0.47988691378281256,0.4029960801141317,20330.0,0.0,15.0
2022-03-16,RB2205.SHF,4730.0,4908.0,4725.0,4904.0,4818.0,4753.0,4751.0,153.0,67.0,1363006,6568308.26,1330578,-19055.0,61,0.6802014345549791,0.48641783858893356,11,RB2210.SHF,4811.0,4732.0,1061175,-93.0,RB2204.SHF,4920.0,4834.0,30,-16.0,RB2302.SHF,4620.0,4540.0,336,-300.0,-0.0727323449705086,-0.07504426887208432,804901.0,793587.0,-5666.0,-16177.0,34.0,392116.0,327899.0,0.007077938652026165,0.4871605327860197,0.4131859518868127,20330.0,0.0,15.0
2022-03-17,RB2205.SHF,4920.0,4946.0,4861.0,4902.0,4904.0,4904.0,4818.0,84.0,86.0,1203863,5903866.38,1309488,-21090.0,60,0.6859575239129555,0.47396121191852353,12,RB2210.SHF,4810.0,4817.0,1101388,-92.0,RB2204.SHF,4908.0,4920.0,29,-6.0,RB2303.SHF,4620.0,4634.0,363,-288.0,-0.0641260266752559,-0.06608447587000424,787900.0,780547.0,-9048.0,-5599.0,34.0,385353.0,334708.0,0.004688076804635413,0.48908871684223887,0.4288121022821175,20330.0,0.0,15.0
2022-03-18,RB2205.SHF,4902.0,4956.0,4890.0,4953.0,4924.0,4902.0,4904.0,49.0,20.0,979085,4821141.98,1271483,-38005.0,59,0.6784031540582863,0.4641688947558253,12,RB2210.SHF,4853.0,4832.0,1114213,-100.0,RB2204.SHF,4948.0,4943.0,28,5.0,RB2303.SHF,4626.0,4624.0,362,-322.0,-0.07111686086194632,-0.07353645243461927,781291.0,746849.0,-4292.0,-27282.0,32.0,384268.0,312394.0,0.02253851086942296,0.4918372283822545,0.4182826782923991,20330.0,0.0,15.0
2022-03-21,RB2205.SHF,4923.0,4980.0,4862.0,4923.0,4926.0,4953.0,4924.0,-1.0,2.0,1214930,5985053.46,1269415,-2068.0,56,0.6638145583193323,0.4590132813601733,12,RB2210.SHF,4831.0,4834.0,1133286,-92.0,RB2204.SHF,4931.0,4926.0,25,-8.0,RB2303.SHF,4628.0,4621.0,359,-303.0,-0.0671512379823602,-0.06930300669866472,772009.0,753906.0,-1622.0,8251.0,30.0,375918.0,307081.0,0.011863701451260391,0.48693473780746077,0.4073200107175165,14188.0,-6142.0,15.0
2022-03-22,RB2205.SHF,4909.0,4955.0,4897.0,4918.0,4932.0,4923.0,4926.0,-8.0,6.0,785470,3874016.71,1188532,-80883.0,55,0.6453370053083153,0.4378224179671441,12,RB2210.SHF,4834.0,4845.0,1162522,-84.0,RB2204.SHF,4933.0,4933.0,24,-15.0,RB2303.SHF,4660.0,4654.0,358,-273.0,-0.06047807081964189,-0.06221597021445223,720501.0,697055.0,-51508.0,-50495.0,31.0,343022.0,279282.0,0.01653973458544142,0.4760881664286378,0.4006599192316245,14188.0,0.0,15.0
2022-03-23,RB2205.SHF,4912.0,4987.0,4866.0,4983.0,4926.0,4918.0,4932.0,51.0,-6.0,1044259,5145022.75,1208811,20279.0,54,0.601153190992077,0.4344615285085828,12,RB2210.SHF,4900.0,4844.0,1207094,-83.0,RB2204.SHF,4950.0,4940.0,23,33.0,RB2303.SHF,4699.0,4654.0,357,-251.0,-0.055413415593056306,-0.05686771738883502,750146.0,691743.0,33218.0,368.0,29.0,370825.0,255905.0,0.04050450485439586,0.49433710237740386,0.3699423051624664,14188.0,0.0,15.0
2022-03-24,RB2210.SHF,4922.0,4939.0,4867.0,4877.0,4906.0,4900.0,4844.0,33.0,62.0,734687,3604757.95,1277923,70829.0,207,0.4271071018930359,0.4694011358869608,12,RB2205.SHF,4945.0,4976.0,1081970,68.0,RB2204.SHF,4940.0,4945.0,22,-63.0,RB2303.SHF,4717.0,4727.0,356,-223.0,-0.04933149894542901,-0.05047963867563738,,,,,,,,,,,14188.0,0.0,15.0
2022-03-25,RB2210.SHF,4885.0,4978.0,4877.0,4974.0,4928.0,4877.0,4906.0,68.0,22.0,761033,3750472.75,1322010,44087.0,206,0.47262760236663753,0.4904478400425002,12,RB2205.SHF,5013.0,4979.0,1012299,39.0,RB2204.SHF,4929.0,4954.0,21,45.0,RB2303.SHF,4786.0,4728.0,355,-143.0,-0.03170469772566851,-0.032173698971636425,,,,,,,,,,,14188.0,0.0,15.0
2022-03-28,RB2210.SHF,4975.0,5051.0,4940.0,5032.0,4999.0,4974.0,4928.0,104.0,71.0,982760,4913661.24,1434753,112743.0,203,0.5402475520754311,0.5341943223425494,12,RB2205.SHF,5058.0,5031.0,893420,26.0,RB2204.SHF,5058.0,5035.0,18,-26.0,RB2303.SHF,4848.0,4670.0,352,-210.0,-0.04537188967261205,-0.04634068356430365,,,,,,,,,,,14188.0,0.0,15.0
2022-03-29,RB2210.SHF,5032.0,5050.0,4992.0,5012.0,5022.0,5032.0,4999.0,13.0,23.0,987028,4957685.64,1527965,93212.0,202,0.645810269335155,0.5720780574959106,12,RB2205.SHF,5045.0,5051.0,771444,33.0,RB2204.SHF,5048.0,5018.0,17,-36.0,RB2303.SHF,4839.0,4847.0,351,-209.0,-0.045245285973220015,-0.04620860377581336,,,,,,,,,,,14188.0,0.0,15.0
2022-03-30,RB2210.SHF,4976.0,5037.0,4918.0,5034.0,4979.0,5012.0,5022.0,12.0,-43.0,1352525,6734333.29,1519061,-8904.0,201,0.7371082022140631,0.600736594502077,12,RB2205.SHF,5059.0,5018.0,651944,25.0,RB2204.SHF,5089.0,5023.0,16,-55.0,RB2303.SHF,4857.0,4808.0,350,-232.0,-0.049819794484522784,-0.050991138469242685,,,,,,,,,,,14188.0,0.0,15.0
2022-03-31,RB2210.SHF,5070.0,5117.0,4997.0,5061.0,5061.0,5034.0,4979.0,82.0,82.0,1551132,7851802.85,1541215,22154.0,200,0.7701560389047138,0.6310571086384621,12,RB2205.SHF,5092.0,5093.0,556391,31.0,RB2204.SHF,5109.0,5115.0,15,-48.0,RB2303.SHF,4902.0,4898.0,349,-207.0,-0.044277270473732526,-0.045199245250299815,348577.0,223299.0,10375.0,-7917.0,8.0,265362.0,223299.0,0.2190649721268247,0.7612722583532476,1.0,14188.0,0.0,15.0
2022-04-01,RB2210.SHF,5063.0,5165.0,5051.0,5160.0,5109.0,5061.0,5061.0,99.0,48.0,1276736,6523621.56,1639645,98430.0,199,0.8118972308388881,0.6631113774915536,12,RB2205.SHF,5189.0,5137.0,488401,29.0,RB2204.SHF,5115.0,5115.0,14,45.0,RB2303.SHF,4982.0,4933.0,348,-133.0,-0.028415310142178983,-0.028791268370402426,1064398.0,989607.0,72137.0,32074.0,29.0,499190.0,398670.0,0.03641227747741607,0.46898810407385205,0.40285689167518013,14188.0,0.0,15.0
2022-04-06,RB2210.SHF,5158.0,5190.0,5083.0,5121.0,5133.0,5160.0,5109.0,12.0,24.0,1062347,5454022.55,1644865,5220.0,194,0.8255733801471714,0.6714850181234189,12,RB2205.SHF,5162.0,5163.0,447987,41.0,RB2204.SHF,5115.0,5115.0,9,6.0,RB2303.SHF,4979.0,4960.0,343,-136.0,-0.029056256987491313,-0.029449524210759328,1051339.0,993239.0,-11816.0,3632.0,32.0,465312.0,382457.0,0.02841662191415539,0.442589878240986,0.3850603933192313,14188.0,0.0,15.0
2022-04-07,RB2210.SHF,5122.0,5148.0,5034.0,5070.0,5090.0,5121.0,5133.0,-63.0,-43.0,1495053,7610534.68,1681999,37134.0,193,0.8510223005476518,0.6876827041564353,12,RB2205.SHF,5131.0,5142.0,398646,61.0,RB2204.SHF,5115.0,5115.0,8,-45.0,RB2303.SHF,4920.0,4967.0,342,-195.0,-0.04166154494529998,-0.04247645852775794,1079059.0,1015387.0,43703.0,26800.0,31.0,458751.0,409985.0,0.03040040182463525,0.42513986723617525,0.4037721578078112,14188.0,0.0,15.0
2022-04-08,RB2210.SHF,5052.0,5103.0,4953.0,5019.0,5025.0,5070.0,5090.0,-71.0,-65.0,1778196,8935671.45,1664699,-17300.0,192,0.8712773291482659,0.6953650240414236,12,RB2205.SHF,5091.0,5096.0,349265,72.0,RB2204.SHF,5115.0,5115.0,7,-96.0,RB2303.SHF,4885.0,4918.0,341,-230.0,-0.04913925814061024,-0.05027832807403578,1044364.0,1016461.0,-33481.0,3342.0,31.0,417041.0,403485.0,0.013539723169119163,0.3993253310148569,0.39695079299648484,14188.0,0.0,15.0
2022-04-11,RB2210.SHF,5018.0,5039.0,4859.0,4867.0,4927.0,5019.0,5025.0,-158.0,-98.0,1756999,8658230.34,1686172,21473.0,189,0.8430970133139346,0.7015418616755488,12,RB2205.SHF,4987.0,5028.0,305679,120.0,RB2204.SHF,5005.0,5005.0,4,-138.0,RB2303.SHF,4769.0,4823.0,338,-236.0,-0.05152930901433898,-0.0527837793702104,1018731.0,1030298.0,-22399.0,26698.0,32.0,389887.0,420610.0,-0.005645112880295984,0.3827183034579295,0.40824111082424697,14188.0,0.0,15.0
2022-04-12,RB2210.SHF,4880.0,5035.0,4872.0,5035.0,4955.0,4867.0,4927.0,108.0,28.0,1710656,8476688.41,1712979,26807.0,188,0.8780479291918025,0.7055114588327164,12,RB2205.SHF,5094.0,5041.0,277767,59.0,RB2204.SHF,5005.0,5005.0,3,30.0,RB2303.SHF,4926.0,4786.0,337,-79.0,-0.017249217848020193,-0.017386800209957354,1041684.0,1026548.0,22953.0,2861.0,32.0,396876.0,400551.0,0.007318327924526843,0.380994620249519,0.3901921780569442,14188.0,0.0,15.0
2022-04-13,RB2210.SHF,5036.0,5041.0,4912.0,4915.0,4973.0,5035.0,4955.0,-40.0,18.0,1918588,9541783.18,1713890,911.0,187,0.8902630064777177,0.7035514386990441,12,RB2205.SHF,5018.0,5060.0,259232,103.0,RB2204.SHF,5010.0,5017.0,2,-95.0,RB2303.SHF,4846.0,4915.0,336,-164.0,-0.035772765845554375,-0.03637136777362392,1001596.0,1053863.0,-38768.0,30736.0,29.0,390612.0,427517.0,-0.02542838363596647,0.38998957663568945,0.4056665809502753,14188.0,0.0,15.0
2022-04-14,RB2210.SHF,4940.0,5035.0,4931.0,5004.0,4983.0,4915.0,4973.0,31.0,10.0,1699571,8470152.3,1695968,-17922.0,186,0.9001645598381837,0.7049265569881112,12,RB2205.SHF,5079.0,5070.0,243077,75.0,RB2204.SHF,4980.0,4965.0,1,24.0,RB2303.SHF,4930.0,4914.0,335,-50.0,-0.010972031839934605,-0.011027483797653993,1021643.0,1057774.0,21163.0,3911.0,30.0,397216.0,412079.0,-0.017375543241206548,0.3888011761447003,0.3895718745214006,14188.0,0.0,15.0
2022-04-15,RB2210.SHF,5000.0,5078.0,4994.0,5049.0,5040.0,5004.0,4983.0,66.0,57.0,1457183,7344758.66,1721933,25965.0,185,0.9093389929508556,0.7113485578313352,12,RB2205.SHF,5126.0,5114.0,221689,77.0,RB2205.SHF,5126.0,5114.0,31,-77.0,RB2303.SHF,4948.0,4942.0,334,-178.0,-0.04183036329384007,-0.042573905264844294,1027471.0,1078399.0,5828.0,20625.0,30.0,398849.0,418484.0,-0.024183829011287496,0.38818516532340086,0.3880604488691106,14188.0,0.0,15.0
2022-04-18,RB2210.SHF,5020.0,5088.0,4960.0,5063.0,5033.0,5049.0,5040.0,23.0,-7.0,1783175,8976286.62,1748021,26088.0,182,0.917996421040493,0.7174520579093419,12,RB2301.SHF,5007.0,4975.0,215763,-56.0,RB2205.SHF,5131.0,5113.0,28,-68.0,RB2304.SHF,4972.0,4946.0,364,-159.0,-0.03366268062477383,-0.03419528387990337,1041434.0,1078430.0,14127.0,31.0,29.0,399639.0,415742.0,-0.01745206296252967,0.3837391519769856,0.38550670882672033,14188.0,0.0,15.0
2022-04-19,RB2210.SHF,5080.0,5128.0,5000.0,5011.0,5066.0,5063.0,5033.0,-22.0,33.0,2283937,11571017.5,1772066,24045.0,181,0.9169613215527587,0.7212970489385077,12,RB2301.SHF,4961.0,5010.0,224361,-50.0,RB2205.SHF,5106.0,5139.0,27,-95.0,RB2304.SHF,4925.0,4964.0,363,-181.0,-0.03850803443194752,-0.03920713134304337,1048646.0,1100864.0,21102.0,22434.0,28.0,431275.0,428700.0,-0.02429297839972831,0.41126843567800764,0.38942139991860936,14188.0,0.0,15.0
2022-04-20,RB2210.SHF,5021.0,5145.0,5015.0,5106.0,5094.0,5011.0,5066.0,40.0,28.0,1752642,8928129.59,1824534,52468.0,180,0.9127768510422,0.7313148431099361,12,RB2301.SHF,5043.0,5029.0,225092,-63.0,RB2205.SHF,5175.0,5164.0,26,-69.0,RB2304.SHF,5003.0,5013.0,362,-172.0,-0.03610536001840355,-0.03671900721892311,1111301.0,1113890.0,63800.0,14696.0,31.0,473449.0,416374.0,-0.0011634956280157523,0.426031291252325,0.37380172189354427,14188.0,0.0,15.0
2022-04-21,RB2210.SHF,5117.0,5131.0,5026.0,5058.0,5085.0,5106.0,5094.0,-36.0,-9.0,1736150,8828480.64,1766237,-58297.0,179,0.8965308904633054,0.7276960797441293,12,RB2301.SHF,4978.0,5007.0,223084,-80.0,RB2205.SHF,5154.0,5159.0,25,-96.0,RB2304.SHF,4920.0,4957.0,361,-234.0,-0.049320222850490654,-0.05047491764873263,1049000.0,1083739.0,-56599.0,-28175.0,30.0,437937.0,419671.0,-0.016288444108725916,0.4174804575786463,0.3872436075475737,1200.0,-12988.0,15.0
2022-04-22,RB2210.SHF,5065.0,5078.0,4963.0,4964.0,5015.0,5058.0,5085.0,-121.0,-70.0,1591861,7983691.17,1749223,-17014.0,178,0.9110508905269905,0.7290230461109766,12,RB2301.SHF,4883.0,4934.0,226529,-81.0,RB2205.SHF,5121.0,5133.0,24,-157.0,RB2304.SHF,4857.0,4850.0,360,-264.0,-0.0560018969509303,-0.057497025975101146,1028182.0,1068027.0,-20035.0,-13221.0,29.0,419798.0,428905.0,-0.019008123712854968,0.40829152815357594,0.40158628948519093,1200.0,0.0,15.0
2022-04-25,RB2210.SHF,4960.0,4991.0,4763.0,4778.0,4863.0,4964.0,5015.0,-237.0,-152.0,2661872,12945656.98,1749194,-29.0,175,0.9051597265483668,0.7400503043008273,12,RB2301.SHF,4692.0,4788.0,232796,-86.0,RB2205.SHF,4989.0,5047.0,21,-211.0,RB2304.SHF,4661.0,4733.0,357,-328.0,-0.07141902662046974,-0.07387499134889336,1066975.0,1023625.0,42276.0,-44402.0,28.0,426203.0,390511.0,0.020735673969195446,0.3994498465287378,0.3814981072169984,1200.0,0.0,15.0
2022-04-26,RB2210.SHF,4800.0,4877.0,4747.0,4829.0,4817.0,4778.0,4863.0,-34.0,-46.0,1832418,8827518.31,1741533,-7661.0,174,0.9159699318477877,0.7461398757613888,12,RB2301.SHF,4745.0,4730.0,239889,-84.0,RB2205.SHF,5027.0,5017.0,20,-198.0,RB2304.SHF,4714.0,4686.0,356,-313.0,-0.06763773243532542,-0.06983512432060139,1065446.0,1036731.0,-1529.0,13492.0,29.0,423435.0,380973.0,0.013659649020991097,0.39742511586697027,0.3674752660043927,1200.0,0.0,15.0
2022-04-27,RB2210.SHF,4849.0,4905.0,4816.0,4864.0,4866.0,4829.0,4817.0,47.0,49.0,1914290,9315842.3,1752014,10481.0,173,0.9150394592811767,0.7534487637432343,12,RB2301.SHF,4780.0,4777.0,246973,-84.0,RB2205.SHF,5061.0,5052.0,19,-197.0,RB2304.SHF,4715.0,4729.0,355,-346.0,-0.0742665669310601,-0.07692720027821379,1053734.0,1054564.0,-11712.0,20013.0,29.0,416550.0,377183.0,-0.0003936824870108495,0.39530849341484664,0.3576672444725972,1200.0,0.0,15.0
2022-04-28,RB2210.SHF,4860.0,4873.0,4784.0,4850.0,4831.0,4864.0,4866.0,-16.0,-35.0,1892895,9145594.48,1745874,-6140.0,172,0.9121493174402697,0.7580828931850985,12,RB2301.SHF,4754.0,4749.0,247259,-96.0,RB2205.SHF,5079.0,5051.0,18,-229.0,RB2304.SHF,4702.0,4700.0,354,-377.0,-0.08063372523650135,-0.08378318815758633,1045626.0,1056699.0,-4031.0,6240.0,30.0,426467.0,385778.0,-0.0052670257928721775,0.40785806779862016,0.3650784187360828,1200.0,0.0,15.0
2022-04-29,RB2210.SHF,4850.0,4926.0,4809.0,4910.0,4863.0,4850.0,4831.0,79.0,32.0,1593951,7752385.88,1687884,-57990.0,171,0.8910722880857066,0.7628488759408589,12,RB2301.SHF,4801.0,4761.0,246973,-109.0,RB2205.SHF,5211.0,5152.0,17,-301.0,RB2304.SHF,4744.0,4703.0,353,-467.0,-0.09735301240050813,-0.10199481159093292,1022362.0,1028352.0,-23264.0,-28347.0,30.0,437184.0,373354.0,-0.002920933879614612,0.4276215274041876,0.3630605084640279,1200.0,0.0,15.0
2022-05-05,RB2210.SHF,4930.0,4953.0,4866.0,4923.0,4914.0,4910.0,4863.0,60.0,51.0,1096034,5386583.82,1671713,-16171.0,165,0.9153059290108739,0.7628791035179237,12,RB2301.SHF,4809.0,4803.0,245599,-114.0,RB2205.SHF,5210.0,5209.0,11,-287.0,RB2304.SHF,4757.0,4753.0,347,-453.0,-0.09445263230052099,-0.09881358031256807,1042027.0,1011628.0,20575.0,-16724.0,30.0,437118.0,374050.0,0.014802388911477341,0.41948817065200805,0.36975054071259394,1200.0,0.0,15.0
2022-05-06,RB2210.SHF,4923.0,4932.0,4726.0,4734.0,4834.0,4923.0,4914.0,-180.0,-80.0,2034752,9837690.51,1888415,216702.0,164,0.9223696229156325,0.7758726237959772,12,RB2301.SHF,4622.0,4722.0,266490,-112.0,RB2205.SHF,5082.0,5158.0,10,-348.0,RB2304.SHF,4585.0,4683.0,346,-497.0,-0.10623688180506367,-0.11179730477435608,1152679.0,1124576.0,119743.0,117657.0,30.0,481061.0,458898.0,0.012340734788155037,0.41734168836250163,0.40806312779216347,1200.0,0.0,15.0
2022-05-09,RB2210.SHF,4734.0,4749.0,4623.0,4654.0,4679.0,4734.0,4834.0,-180.0,-155.0,2004662,9381346.21,1923461,35046.0,161,0.8728247542616704,0.7670822328029119,12,RB2301.SHF,4571.0,4599.0,311722,-83.0,RB2205.SHF,5111.0,5095.0,7,-457.0,RB2304.SHF,4559.0,4582.0,343,-552.0,-0.11732397909271325,-0.12415624753724984,1179581.0,1165576.0,35927.0,41000.0,31.0,486169.0,491761.0,0.005971881626688533,0.41215397670867876,0.42190384839770206,1200.0,0.0,15.0
2022-05-10,RB2210.SHF,4630.0,4657.0,4531.0,4607.0,4590.0,4654.0,4679.0,-72.0,-89.0,2024014,9291822.95,1975489,52028.0,160,0.8965251474893261,0.7635914625708612,12,RB2301.SHF,4530.0,4521.0,343110,-77.0,RB2205.SHF,5096.0,5098.0,6,-489.0,RB2304.SHF,4488.0,4507.0,342,-608.0,-0.12960678777005308,-0.13801426716683174,1220703.0,1235348.0,45198.0,69772.0,28.0,508678.0,497364.0,-0.005962824061878194,0.4167090602710078,0.40261043851611045,1200.0,0.0,15.0
2022-05-11,RB2210.SHF,4614.0,4714.0,4611.0,4681.0,4658.0,4607.0,4590.0,91.0,68.0,1540902,7178605.87,1932947,-42542.0,159,0.9227223297436093,0.7609500286594315,12,RB2301.SHF,4592.0,4571.0,341532,-89.0,RB2205.SHF,5053.0,5060.0,5,-372.0,RB2304.SHF,4551.0,4539.0,341,-502.0,-0.10792150820351887,-0.11366614614723905,1214857.0,1221084.0,-5812.0,-11700.0,30.0,503083.0,485201.0,-0.0025563016509841576,0.41410882103819624,0.39735268007770147,1200.0,0.0,15.0
2022-05-12,RB2210.SHF,4670.0,4731.0,4585.0,4612.0,4656.0,4681.0,4658.0,-46.0,-2.0,1899655,8845143.9,1933319,372.0,158,0.9183923088563117,0.7584001613050647,12,RB2301.SHF,4530.0,4568.0,354296,-82.0,RB2205.SHF,5010.0,5029.0,4,-398.0,RB2304.SHF,4490.0,4538.0,340,-520.0,-0.11275068909799446,-0.11904128830372865,1205962.0,1223794.0,-8895.0,15202.0,30.0,497671.0,489118.0,-0.007339008525958985,0.41267552377272254,0.39967347445730245,1200.0,0.0,15.0
2022-05-13,RB2210.SHF,4585.0,4690.0,4555.0,4670.0,4615.0,4612.0,4656.0,14.0,-41.0,1711214,7898641.17,1903090,-30229.0,157,0.923238862901877,0.7539456471701238,12,RB2301.SHF,4586.0,4527.0,358298,-84.0,RB2205.SHF,5030.0,5018.0,3,-360.0,RB2304.SHF,4539.0,4489.0,339,-491.0,-0.10603935908359371,-0.11157839325184986,1199112.0,1191797.0,-6850.0,-30453.0,31.0,505211.0,465255.0,0.003059505819753073,0.42132094416534904,0.39038107999936233,9000.0,7800.0,15.0
2022-05-16,RB2210.SHF,4666.0,4704.0,4589.0,4679.0,4645.0,4670.0,4615.0,64.0,30.0,2012180,9348506.83,1949519,46429.0,154,0.9252572164296635,0.7569389601363603,12,RB2301.SHF,4580.0,4558.0,363941,-99.0,RB2206.SHF,4886.0,4899.0,30,-207.0,RB2304.SHF,4542.0,4532.0,336,-344.0,-0.08398010589144919,-0.08708295143969418,1218057.0,1235801.0,18977.0,46472.0,30.0,510225.0,494376.0,-0.007231062270106909,0.41888433792507246,0.4000449910624769,9000.0,0.0,15.0
2022-05-17,RB2210.SHF,4680.0,4696.0,4632.0,4650.0,4666.0,4679.0,4645.0,5.0,21.0,1419456,6623856.97,1922217,-27302.0,153,0.9291913918664594,0.7551998598205562,12,RB2301.SHF,4568.0,4582.0,366269,-82.0,RB2206.SHF,4922.0,4923.0,29,-272.0,RB2305.SHF,4484.0,4488.0,363,-438.0,-0.09724760150564374,-0.1018496948114281,1205714.0,1214930.0,-12343.0,-19752.0,31.0,508687.0,482386.0,-0.0038072512934574435,0.42189690092343624,0.397048389619155,9000.0,0.0,15.0
2022-05-18,RB2210.SHF,4660.0,4666.0,4531.0,4532.0,4597.0,4650.0,4666.0,-134.0,-69.0,1882000,8652300.91,2114881,192664.0,152,0.9274993198995423,0.7686915225455553,12,RB2301.SHF,4462.0,4523.0,375738,-70.0,RB2206.SHF,4841.0,4905.0,28,-309.0,RB2305.SHF,4398.0,4440.0,362,-443.0,-0.1000034634305031,-0.1048789457219178,1294081.0,1324258.0,102275.0,110680.0,31.0,539068.0,562661.0,-0.011525245585082756,0.4165643417993155,0.42488774845989224,9000.0,0.0,15.0
2022-05-19,RB2210.SHF,4525.0,4585.0,4461.0,4579.0,4521.0,4532.0,4597.0,-18.0,-76.0,2047231,9255535.96,2065144,-49737.0,151,0.9334034560754881,0.7633400544465616,12,RB2301.SHF,4493.0,4445.0,377756,-86.0,RB2206.SHF,4875.0,4862.0,27,-296.0,RB2305.SHF,4417.0,4368.0,361,-458.0,-0.10266850913557501,-0.10781637940098412,1282168.0,1280293.0,-11913.0,-43612.0,30.0,529696.0,531770.0,0.0007317184534710967,0.41312526907550334,0.41535023623498685,9000.0,0.0,15.0
2022-05-20,RB2210.SHF,4579.0,4650.0,4558.0,4638.0,4611.0,4579.0,4521.0,117.0,90.0,1533538,7072243.05,1968756,-96388.0,150,0.9291027640349506,0.7542678499935828,12,RB2301.SHF,4549.0,4525.0,377705,-89.0,RB2206.SHF,4822.0,4817.0,26,-184.0,RB2305.SHF,4465.0,4452.0,360,-357.0,-0.08090724399396981,-0.0840588065333494,1231769.0,1232299.0,-50399.0,-47994.0,31.0,516202.0,497364.0,-0.0002150914666316027,0.41907370619004053,0.40360659223126855,7800.0,-1200.0,15.0
2022-05-23,RB2210.SHF,4629.0,4700.0,4567.0,4604.0,4636.0,4638.0,4611.0,-7.0,25.0,2154222,9987471.48,1976149,7393.0,147,0.9284839342283904,0.7541753203286063,12,RB2301.SHF,4515.0,4551.0,380787,-89.0,RB2206.SHF,4767.0,4792.0,23,-163.0,RB2305.SHF,4442.0,4463.0,357,-325.0,-0.07450486063744129,-0.07716630096980634,1235718.0,1229810.0,10923.0,2817.0,29.0,513817.0,500816.0,0.002396241291926111,0.4158044149231459,0.40723038518145077,7800.0,0.0,15.0
2022-05-24,RB2210.SHF,4620.0,4621.0,4456.0,4468.0,4552.0,4604.0,4636.0,-168.0,-84.0,1870396,8514182.48,2104086,127937.0,146,0.9361617785510182,0.7627352365651348,12,RB2301.SHF,4390.0,4470.0,389477,-78.0,RB2206.SHF,4650.0,4673.0,22,-182.0,RB2305.SHF,4323.0,4381.0,356,-327.0,-0.07684952675294571,-0.07968541640277282,1269085.0,1326209.0,45256.0,96399.0,29.0,520868.0,583235.0,-0.022010608432031207,0.41042798551712456,0.4397760835584738,7800.0,0.0,15.0
2022-05-25,RB2210.SHF,4468.0,4549.0,4444.0,4541.0,4497.0,4468.0,4552.0,-11.0,-55.0,2157011,9701134.85,2040853,-63233.0,145,0.9451665951697282,0.7576356501230829,12,RB2301.SHF,4457.0,4417.0,387727,-84.0,RB2206.SHF,4680.0,4625.0,21,-139.0,RB2305.SHF,4382.0,4340.0,355,-298.0,-0.06958518859716464,-0.071899392503121,1245137.0,1269824.0,-23948.0,-56385.0,28.0,506362.0,534280.0,-0.009816056789747436,0.40667171564253574,0.42075122221662214,7800.0,0.0,15.0
2022-05-26,RB2210.SHF,4500.0,4520.0,4427.0,4505.0,4475.0,4541.0,4497.0,8.0,-22.0,2591842,11598510.33,2113657,72804.0,144,0.915345509253782,0.7593386143593612,12,RB2301.SHF,4430.0,4401.0,401679,-75.0,RB2206.SHF,4655.0,4642.0,20,-150.0,RB2305.SHF,4350.0,4322.0,354,-305.0,-0.07160223055500173,-0.0740557304023346,1274578.0,1323942.0,41502.0,55696.0,29.0,501273.0,560658.0,-0.01899696750457953,0.3932854638947165,0.42347625500210734,7800.0,0.0,15.0
2022-05-27,RB2210.SHF,4510.0,4604.0,4503.0,4576.0,4561.0,4505.0,4475.0,101.0,86.0,1992558,9089410.73,1994377,-119280.0,143,0.9259786973009145,0.7470500099263205,12,RB2301.SHF,4506.0,4485.0,402815,-70.0,RB2206.SHF,4670.0,4683.0,19,-94.0,RB2305.SHF,4419.0,4386.0,353,-251.0,-0.05873584736308962,-0.0603732353869883,1235651.0,1235076.0,-38927.0,-88076.0,28.0,478182.0,492228.0,0.0002327250238492557,0.38698791163524326,0.39854065660736665,7200.0,-600.0,15.0
2022-05-30,RB2210.SHF,4588.0,4646.0,4580.0,4621.0,4615.0,4576.0,4561.0,60.0,54.0,1658750,7656287.5,1941132,-53245.0,140,0.9113054618993282,0.7411426871830742,12,RB2301.SHF,4545.0,4538.0,404279,-76.0,RB2206.SHF,4618.0,4724.0,16,3.0,RB2305.SHF,4455.0,4455.0,350,-163.0,-0.03857270301320274,-0.03926990195652342,1187762.0,1207205.0,-47889.0,-27871.0,29.0,468491.0,496694.0,-0.008118274698565783,0.3944317127505342,0.41144130450089256,7200.0,0.0,15.0
2022-05-31,RB2210.SHF,4621.0,4690.0,4604.0,4684.0,4656.0,4621.0,4615.0,69.0,41.0,1562122,7273721.32,1887003,-54129.0,139,0.9139540285433284,0.7317706222677408,12,RB2301.SHF,4605.0,4580.0,416662,-79.0,RB2206.SHF,4465.0,4522.0,15,219.0,RB2305.SHF,4517.0,4496.0,349,52.0,0.012727065465932604,0.012653525316053052,1147551.0,1176498.0,-36485.0,-30707.0,30.0,448345.0,484751.0,-0.012455417248087281,0.3906972326284409,0.41202874973013126,7200.0,0.0,15.0
2022-06-01,RB2210.SHF,4690.0,4729.0,4654.0,4712.0,4694.0,4684.0,4656.0,56.0,38.0,1417079,6653013.63,1871860,-15143.0,138,0.9238417417585785,0.730585730031505,12,RB2301.SHF,4640.0,4622.0,412050,-72.0,RB2206.SHF,4465.0,4465.0,14,247.0,RB2305.SHF,4548.0,4534.0,348,83.0,0.020314354493700053,0.020127850207595516,1131255.0,1150054.0,-11789.0,-26444.0,29.0,453488.0,468577.0,-0.008240444411519877,0.4008715983575763,0.40743912894524953,7200.0,0.0,15.0
2022-06-02,RB2210.SHF,4713.0,4795.0,4687.0,4788.0,4733.0,4712.0,4694.0,94.0,39.0,1678060,7943900.22,1816719,-55141.0,137,0.9305056879146716,0.7216157955426084,12,RB2301.SHF,4716.0,4661.0,413162,-72.0,RB2206.SHF,4465.0,4465.0,13,323.0,RB2305.SHF,4609.0,4552.0,347,144.0,0.03524418129027511,0.034687785283283736,1088897.0,1080960.0,-31180.0,-53083.0,28.0,446072.0,425246.0,0.003657844733546957,0.4096549076726265,0.39339661042036705,7200.0,0.0,15.0
2022-06-06,RB2210.SHF,4798.0,4798.0,4738.0,4750.0,4774.0,4788.0,4733.0,17.0,41.0,976089,4660127.22,1800987,-15732.0,133,0.9074857962601235,0.7188449702441536,12,RB2301.SHF,4680.0,4703.0,414212,-70.0,RB2206.SHF,4600.0,4600.0,9,150.0,RB2305.SHF,4588.0,4609.0,343,-12.0,-0.0028508200989325774,-0.0028545450394989497,1069320.0,1073427.0,-19577.0,-7533.0,29.0,442915.0,431505.0,-0.001916698518303841,0.41420248382149405,0.40198821158774656,7200.0,0.0,15.0
2022-06-07,RB2210.SHF,4750.0,4783.0,4711.0,4719.0,4749.0,4750.0,4774.0,-55.0,-25.0,1235198,5867056.56,1810732,9745.0,132,0.9252973960986426,0.7202819818124754,12,RB2301.SHF,4647.0,4677.0,411251,-72.0,RB2206.SHF,4600.0,4600.0,8,119.0,RB2305.SHF,4553.0,4586.0,342,-47.0,-0.011165712054152585,-0.011223145829274164,1081951.0,1078439.0,12639.0,5012.0,30.0,448664.0,436140.0,0.0016256324089631965,0.41468051695501923,0.40441786693545023,7200.0,0.0,15.0
2022-06-08,RB2210.SHF,4706.0,4807.0,4696.0,4795.0,4760.0,4719.0,4749.0,46.0,11.0,1705881,8121036.95,1823787,13055.0,131,0.9273914887139564,0.7213437070243114,12,RB2301.SHF,4724.0,4687.0,415118,-71.0,RB2206.SHF,4600.0,4600.0,7,195.0,RB2305.SHF,4628.0,4595.0,341,28.0,0.006651913564176054,0.006631750390056947,1110656.0,1082058.0,29775.0,5391.0,28.0,473347.0,429889.0,0.013042284584309673,0.4261868661403711,0.39728831541377635,7200.0,0.0,15.0
2022-06-09,RB2210.SHF,4795.0,4827.0,4757.0,4791.0,4793.0,4795.0,4760.0,31.0,33.0,1423160,6821308.64,1836549,12762.0,130,0.9123066133831809,0.7241989563769015,12,RB2301.SHF,4713.0,4722.0,411955,-78.0,RB2206.SHF,4600.0,4600.0,6,191.0,RB2305.SHF,4626.0,4634.0,340,26.0,0.006176776881020605,0.006159386271503972,1120326.0,1092793.0,9670.0,10735.0,28.0,462306.0,433152.0,0.012440813169106587,0.4126531027575902,0.3963714994514057,7200.0,0.0,15.0
2022-06-10,RB2210.SHF,4776.0,4834.0,4741.0,4793.0,4786.0,4791.0,4793.0,0.0,-7.0,1694289,8109841.95,1887652,51103.0,129,0.9291320403747043,0.7294424880429369,12,RB2301.SHF,4722.0,4713.0,411531,-71.0,RB2206.SHF,4600.0,4600.0,5,193.0,RB2305.SHF,4627.0,4618.0,339,27.0,0.006414345222598208,0.006395593852939526,1154578.0,1131933.0,46022.0,39140.0,30.0,488404.0,444440.0,0.009903735429219452,0.42301516224975705,0.39263808016905594,7200.0,0.0,15.0
2022-06-13,RB2210.SHF,4793.0,4793.0,4660.0,4691.0,4716.0,4793.0,4786.0,-95.0,-70.0,1768776,8341999.95,1829059,-58593.0,126,0.9123299287271257,0.7205853848408539,12,RB2301.SHF,4634.0,4645.0,416720,-57.0,RB2206.SHF,4600.0,4600.0,2,91.0,RB2305.SHF,4544.0,4600.0,336,-56.0,-0.013303827128351988,-0.013385470232972053,1111337.0,1126174.0,-39154.0,-2651.0,29.0,458662.0,468206.0,-0.0066310288530425105,0.41271189567161,0.4157492536677281,7200.0,0.0,15.0
2022-06-14,RB2210.SHF,4680.0,4726.0,4607.0,4617.0,4661.0,4691.0,4716.0,-99.0,-55.0,1731426,8071205.67,1783474,-45585.0,125,0.9006543352637238,0.7067865176376222,12,RB2301.SHF,4577.0,4613.0,438263,-40.0,RB2206.SHF,4660.0,4660.0,1,-43.0,RB2305.SHF,4498.0,4525.0,335,-162.0,-0.037990542520109936,-0.03866660787172796,1055385.0,1118003.0,-55952.0,-820.0,30.0,430912.0,461570.0,-0.028811238490320183,0.4082983934772619,0.4128522016488328,7200.0,0.0,15.0
2022-06-15,RB2210.SHF,4610.0,4635.0,4544.0,4547.0,4594.0,4617.0,4661.0,-114.0,-67.0,1899270,8725556.88,1776348,-7126.0,124,0.879224096666645,0.7073555342116203,12,RB2301.SHF,4520.0,4553.0,426829,-27.0,RB2207.SHF,4727.0,4695.0,30,-180.0,RB2305.SHF,4443.0,4480.0,334,-284.0,-0.07213599367574847,-0.07439387719712061,1078102.0,1122835.0,30602.0,6225.0,31.0,440039.0,454541.0,-0.020324525418037864,0.4081608233729276,0.404815489363976,7200.0,0.0,15.0
2022-06-16,RB2210.SHF,4555.0,4601.0,4494.0,4506.0,4548.0,4547.0,4594.0,-88.0,-46.0,1692130,7696849.4,1806083,29735.0,123,0.8937709164356703,0.7130745247079233,12,RB2301.SHF,4461.0,4503.0,414898,-45.0,RB2207.SHF,4655.0,4717.0,29,-149.0,RB2306.SHF,4388.0,4424.0,364,-267.0,-0.062494188563092204,-0.06435807294136422,1042587.0,1127008.0,-33817.0,6019.0,29.0,444499.0,460147.0,-0.03891094881763647,0.42634235799986,0.40829080183991595,7200.0,0.0,15.0
2022-06-17,RB2210.SHF,4489.0,4489.0,4353.0,4354.0,4413.0,4506.0,4548.0,-194.0,-135.0,2532863,11178087.58,1852034,45951.0,122,0.9096408107122912,0.717345220697741,12,RB2301.SHF,4317.0,4370.0,415250,-37.0,RB2207.SHF,4519.0,4552.0,28,-165.0,RB2306.SHF,4268.0,4293.0,363,-251.0,-0.0605172852268862,-0.06226289522751358,1077888.0,1140578.0,52562.0,19142.0,29.0,452955.0,473409.0,-0.028258264945236936,0.42022455023156396,0.41506060962073615,7200.0,0.0,15.0
2022-06-20,RB2210.SHF,4346.0,4365.0,4074.0,4149.0,4187.0,4354.0,4413.0,-264.0,-226.0,3395298,14218977.45,1921252,69218.0,119,0.9046413218807001,0.719694568872966,12,RB2301.SHF,4121.0,4157.0,425986,-28.0,RB2207.SHF,4310.0,4435.0,25,-161.0,RB2306.SHF,4040.0,4085.0,360,-270.0,-0.06825501263981713,-0.0704866341255169,1107708.0,1151324.0,47433.0,20025.0,30.0,462768.0,482859.0,-0.019307384755948565,0.41777074824773314,0.41939454054636227,6900.0,-300.0,15.0
2022-06-21,RB2210.SHF,4145.0,4256.0,4103.0,4224.0,4187.0,4149.0,4187.0,37.0,0.0,2444922,10238842.61,1882531,-38721.0,118,0.8776439193489505,0.7108805030496554,12,RB2301.SHF,4188.0,4152.0,440382,-36.0,RB2207.SHF,4350.0,4327.0,24,-126.0,RB2306.SHF,4127.0,4115.0,359,-223.0,-0.05585520672499577,-0.057337789344788136,1101931.0,1145408.0,-5353.0,-5916.0,32.0,443409.0,469562.0,-0.019345990969764686,0.4023927087993713,0.4099517377214058,6900.0,0.0,15.0
2022-06-22,RB2210.SHF,4226.0,4261.0,4092.0,4128.0,4170.0,4224.0,4187.0,-59.0,-17.0,2226834,9287746.88,1899978,17447.0,117,0.9051537859954507,0.7099711748365366,12,RB2301.SHF,4096.0,4136.0,447560,-32.0,RB2207.SHF,4286.0,4291.0,23,-158.0,RB2306.SHF,4012.0,4051.0,358,-274.0,-0.06965406286347077,-0.0719802084697585,1114538.0,1168863.0,12607.0,23455.0,32.0,449520.0,493803.0,-0.023791265747890974,0.4033240679097527,0.4224643948863126,6900.0,0.0,15.0
2022-06-23,RB2210.SHF,4147.0,4249.0,4115.0,4235.0,4177.0,4128.0,4170.0,65.0,7.0,2354370,9835888.62,1896277,-3701.0,116,0.8870700656381436,0.7060204395824514,12,RB2301.SHF,4206.0,4152.0,457497,-29.0,RB2207.SHF,4331.0,4289.0,22,-96.0,RB2306.SHF,4168.0,4069.0,357,-163.0,-0.041006006678682295,-0.04179757489617817,1126541.0,1189865.0,13173.0,26671.0,32.0,447055.0,512523.0,-0.02733717664347269,0.3968386414697734,0.4307404621532695,6900.0,0.0,15.0
2022-06-24,RB2210.SHF,4260.0,4275.0,4182.0,4189.0,4226.0,4235.0,4177.0,12.0,49.0,2063167,8719940.71,1900788,4511.0,115,0.9071214481463552,0.7061144218688821,12,RB2301.SHF,4162.0,4198.0,454552,-27.0,RB2207.SHF,4290.0,4301.0,21,-101.0,RB2306.SHF,4118.0,4156.0,356,-172.0,-0.043683679504575045,-0.04458352352844684,1133812.0,1189498.0,11765.0,-367.0,32.0,457311.0,508824.0,-0.023968389926441156,0.40333935431976375,0.4277636448316853,6900.0,0.0,15.0
2022-06-27,RB2210.SHF,4192.0,4300.0,4153.0,4274.0,4244.0,4189.0,4226.0,48.0,18.0,1980808,8408475.87,1878385,-22403.0,112,0.9012599297213012,0.7023218232994434,12,RB2301.SHF,4241.0,4213.0,456118,-33.0,RB2207.SHF,4391.0,4350.0,18,-117.0,RB2306.SHF,4186.0,4112.0,353,-205.0,-0.050867276008932774,-0.05209298256076692,1136083.0,1184934.0,4848.0,-1178.0,32.0,462986.0,499438.0,-0.02104723920591706,0.4075283231946962,0.4214901420669843,6900.0,0.0,15.0
2022-06-28,RB2210.SHF,4280.0,4350.0,4250.0,4349.0,4295.0,4274.0,4244.0,105.0,51.0,1731054,7435369.18,1925971,47586.0,111,0.9001606822495515,0.7079755417601581,12,RB2301.SHF,4297.0,4246.0,446588,-52.0,RB2207.SHF,4488.0,4436.0,17,-139.0,RB2306.SHF,4228.0,4178.0,352,-260.0,-0.06312022773831383,-0.06502240769411187,1165712.0,1206956.0,29629.0,22022.0,32.0,477908.0,509419.0,-0.017382962976699647,0.4099709019037292,0.422069238646645,6900.0,0.0,15.0
2022-06-29,RB2210.SHF,4350.0,4420.0,4340.0,4360.0,4370.0,4349.0,4295.0,65.0,75.0,1941680,8486839.37,1917484,-8487.0,110,0.8946716792511166,0.7027099727745714,12,RB2301.SHF,4305.0,4314.0,458224,-55.0,RB2207.SHF,4505.0,4522.0,16,-145.0,RB2306.SHF,4256.0,4261.0,351,-249.0,-0.060221644275846066,-0.06194991266462585,1157979.0,1201637.0,-7639.0,-4914.0,31.0,468522.0,515820.0,-0.018502163063820555,0.4046031922858705,0.42926441179823854,6900.0,0.0,15.0
2022-06-30,RB2210.SHF,4382.0,4408.0,4324.0,4378.0,4375.0,4360.0,4370.0,8.0,5.0,2103300,9202329.32,1954729,37245.0,109,0.9086573230444621,0.7040455636458984,12,RB2301.SHF,4315.0,4320.0,467901,-63.0,RB2207.SHF,4699.0,4501.0,15,-321.0,RB2306.SHF,4267.0,4265.0,350,-432.0,-0.1001673903307468,-0.10507501883256044,1160420.0,1234511.0,27536.0,32941.0,30.0,499098.0,512111.0,-0.030936590657517898,0.4301011702659382,0.41482902946996825,6900.0,0.0,15.0
2022-07-01,RB2210.SHF,4350.0,4373.0,4258.0,4265.0,4315.0,4378.0,4375.0,-110.0,-60.0,2390863,10317159.37,1943605,-11124.0,108,0.9085669356928799,0.7012576494651643,12,RB2301.SHF,4218.0,4261.0,469772,-47.0,RB2207.SHF,4500.0,4500.0,14,-235.0,RB2306.SHF,4151.0,4202.0,349,-349.0,-0.0845008291873964,-0.08795751227600278,1160407.0,1236791.0,9767.0,2280.0,31.0,482795.0,515545.0,-0.03186386773224406,0.4160566077247035,0.41684084053004916,6900.0,0.0,15.0
2022-07-04,RB2210.SHF,4270.0,4312.0,4150.0,4168.0,4214.0,4265.0,4315.0,-147.0,-101.0,1981674,8352464.98,1935596,-8009.0,105,0.8783377449511649,0.6953398554210288,12,RB2301.SHF,4128.0,4175.0,474285,-40.0,RB2207.SHF,4220.0,4220.0,11,-52.0,RB2306.SHF,4077.0,4101.0,346,-143.0,-0.03692084600693215,-0.03756090160281638,1181419.0,1208139.0,21671.0,-28652.0,31.0,506368.0,486170.0,-0.011181984283285862,0.4286100020399198,0.40241230520660287,6900.0,0.0,13.0
2022-07-05,RB2210.SHF,4180.0,4258.0,4116.0,4238.0,4198.0,4168.0,4214.0,24.0,-16.0,1965705,8252973.36,1945403,9807.0,104,0.890181088013448,0.6944023843943531,12,RB2301.SHF,4182.0,4150.0,478784,-56.0,RB2207.SHF,4220.0,4220.0,10,18.0,RB2306.SHF,4141.0,4077.0,345,-79.0,-0.020396831010822722,-0.020590165886086434,1199274.0,1223206.0,17855.0,15067.0,32.0,522635.0,493335.0,-0.009879132129057826,0.43579282132356745,0.40331309689455414,7791.0,891.0,13.0
2022-07-06,RB2210.SHF,4198.0,4247.0,4126.0,4245.0,4180.0,4238.0,4198.0,47.0,-18.0,2483205,10380557.15,1910606,-34797.0,103,0.8938485046461527,0.6885022007064459,12,RB2301.SHF,4177.0,4122.0,487480,-68.0,RB2207.SHF,4220.0,4220.0,9,25.0,RB2306.SHF,4080.0,4073.0,344,-140.0,-0.03614628280398954,-0.03675946556903072,1174256.0,1204011.0,-25018.0,-19195.0,30.0,495769.0,470481.0,-0.012511210894319266,0.42219839626112193,0.390761380087059,7791.0,0.0,13.0
2022-07-07,RB2210.SHF,4250.0,4269.0,4182.0,4209.0,4228.0,4245.0,4180.0,29.0,48.0,2336988,9881702.93,1964378,53772.0,102,0.8935759702155108,0.6939533812412875,12,RB2301.SHF,4147.0,4163.0,491034,-62.0,RB2207.SHF,4220.0,4220.0,8,-11.0,RB2306.SHF,4098.0,4099.0,343,-122.0,-0.031498903586333754,-0.03196318971460461,1180012.0,1273459.0,5756.0,74537.0,32.0,484980.0,530878.0,-0.03808767252598461,0.41099582038148763,0.41687875306546973,7791.0,0.0,13.0
2022-07-08,RB2210.SHF,4229.0,4279.0,4166.0,4196.0,4220.0,4209.0,4228.0,-32.0,-8.0,2033395,8581426.46,1977016,12638.0,101,0.9202477171383094,0.6928265869437764,12,RB2301.SHF,4135.0,4158.0,499175,-61.0,RB2207.SHF,4260.0,4260.0,7,-64.0,RB2306.SHF,4084.0,4084.0,342,-176.0,-0.045014364795739635,-0.0459706713202504,1203426.0,1267437.0,23414.0,-6022.0,31.0,498056.0,556661.0,-0.025906333131379602,0.41386508185796217,0.4392021062979856,7791.0,0.0,13.0
2022-07-11,RB2210.SHF,4196.0,4246.0,3971.0,4049.0,4084.0,4196.0,4220.0,-171.0,-136.0,3063941,12515603.37,1966756,-10260.0,98,0.9110962298504542,0.6868661328445862,12,RB2301.SHF,3996.0,4024.0,513536,-53.0,RB2207.SHF,4030.0,4030.0,4,19.0,RB2306.SHF,3950.0,4006.0,339,-80.0,-0.021628828561905077,-0.021846390810835205,1183009.0,1217287.0,-16961.0,-50150.0,33.0,485063.0,527106.0,-0.014280738708892569,0.4100247758047487,0.4330170288518648,7791.0,0.0,13.0
2022-07-12,RB2210.SHF,4049.0,4069.0,3891.0,3910.0,3997.0,4049.0,4084.0,-174.0,-87.0,2511590,10040563.5,2002501,35745.0,97,0.8977527852930379,0.68428633327957,12,RB2301.SHF,3861.0,3947.0,529317,-49.0,RB2207.SHF,3940.0,3940.0,3,-30.0,RB2306.SHF,3839.0,3891.0,338,-101.0,-0.027930146223198768,-0.028294372123227968,1180431.0,1256182.0,-2578.0,41023.0,31.0,490451.0,557820.0,-0.0310886464120482,0.415484683136922,0.44405985756840965,7791.0,0.0,13.0
2022-07-13,RB2210.SHF,3900.0,3941.0,3850.0,3910.0,3892.0,3910.0,3997.0,-87.0,-105.0,2455104,9557665.05,1977784,-24717.0,96,0.8864356182545288,0.6781493757978468,12,RB2301.SHF,3842.0,3835.0,538804,-68.0,RB2207.SHF,3950.0,3930.0,2,-40.0,RB2306.SHF,3802.0,3800.0,337,-148.0,-0.04082372945399587,-0.041608185728595475,1187770.0,1245402.0,7339.0,-9287.0,33.0,491291.0,554975.0,-0.023685953972838746,0.41362469164905663,0.4456191655385169,8684.0,893.0,13.0
2022-07-14,RB2210.SHF,3878.0,3919.0,3810.0,3833.0,3868.0,3910.0,3892.0,-59.0,-24.0,2705644,10466921.3,1917507,-60277.0,95,0.878245692507994,0.668635778770412,12,RB2301.SHF,3740.0,3792.0,543017,-93.0,RB2207.SHF,3930.0,3930.0,1,-97.0,RB2306.SHF,3711.0,3749.0,336,-219.0,-0.06071550643727922,-0.062472793993996696,1147978.0,1202075.0,-39792.0,-43327.0,33.0,455635.0,526899.0,-0.023019480837240692,0.39690220544296145,0.43832456377513884,8684.0,0.0,13.0
2022-07-15,RB2210.SHF,3798.0,3798.0,3588.0,3589.0,3704.0,3833.0,3868.0,-279.0,-164.0,3298883,12220527.01,1970080,52573.0,94,0.8377870868533364,0.6699587396989525,12,RB2301.SHF,3517.0,3614.0,562534,-72.0,RB2208.SHF,3630.0,3738.0,31,-41.0,RB2306.SHF,3483.0,3571.0,335,-147.0,-0.04862168334058286,-0.04963358475627228,1181415.0,1232948.0,41526.0,45773.0,32.0,461143.0,562497.0,-0.02134434631412095,0.390331086028195,0.4562211869438127,8684.0,0.0,13.0
2022-07-18,RB2210.SHF,3611.0,3795.0,3611.0,3780.0,3710.0,3589.0,3704.0,76.0,6.0,2825094,10483364.95,1880061,-90019.0,91,0.8542780215035035,0.6614897391492814,12,RB2301.SHF,3684.0,3635.0,553427,-96.0,RB2208.SHF,3809.0,3713.0,28,-29.0,RB2307.SHF,3628.0,3560.0,364,-181.0,-0.05162037905211966,-0.05288714780924267,1152157.0,1151766.0,-29258.0,-81182.0,32.0,465331.0,512581.0,0.00016971053286069022,0.40387811730519363,0.4450391833063313,8684.0,0.0,13.0
2022-07-19,RB2210.SHF,3789.0,3872.0,3748.0,3774.0,3814.0,3780.0,3710.0,64.0,104.0,2698472,10292509.8,1889735,9674.0,90,0.8766620935304362,0.6617120014622735,12,RB2301.SHF,3683.0,3721.0,546999,-91.0,RB2208.SHF,3802.0,3826.0,27,-28.0,RB2307.SHF,3644.0,3669.0,363,-158.0,-0.04514384659702914,-0.04610869525003519,1167018.0,1180210.0,20539.0,31890.0,33.0,465295.0,511236.0,-0.005620246520576612,0.3987042187866854,0.43317375721269946,8684.0,0.0,13.0
2022-07-20,RB2210.SHF,3767.0,3877.0,3712.0,3830.0,3805.0,3774.0,3814.0,16.0,-9.0,2659073,10118307.83,1882732,-7003.0,89,0.8908212751359479,0.6602349761134854,12,RB2301.SHF,3739.0,3712.0,547416,-91.0,RB2208.SHF,3826.0,3803.0,26,4.0,RB2307.SHF,3652.0,3648.0,362,-174.0,-0.04940351728773053,-0.05056217715520463,1148881.0,1197014.0,-18137.0,18637.0,31.0,450205.0,515778.0,-0.02051796862178401,0.39186390931697884,0.4308871909601726,8684.0,0.0,13.0
2022-07-21,RB2210.SHF,3823.0,3860.0,3771.0,3831.0,3811.0,3830.0,3805.0,26.0,6.0,2578896,9828411.81,1892537,9805.0,88,0.8911083222300237,0.6568558443929382,12,RB2301.SHF,3719.0,3715.0,560595,-112.0,RB2208.SHF,3830.0,3832.0,25,1.0,RB2307.SHF,3650.0,3650.0,361,-180.0,-0.05105371130175309,-0.05229237200394759,1136839.0,1193133.0,-11732.0,-1742.0,32.0,457046.0,517756.0,-0.024160805365901393,0.40203230184749117,0.433946592710117,6900.0,-1784.0,13.0
2022-07-22,RB2210.SHF,3800.0,3880.0,3760.0,3863.0,3827.0,3831.0,3811.0,52.0,16.0,2100304,8039682.22,1889528,-3009.0,87,0.8886177351735495,0.6536605312162818,12,RB2301.SHF,3725.0,3703.0,571199,-138.0,RB2208.SHF,3866.0,3829.0,24,-3.0,RB2307.SHF,3650.0,3647.0,360,-216.0,-0.06069396201315504,-0.0624554250445975,1125331.0,1184343.0,-11508.0,243.0,32.0,457113.0,507417.0,-0.025549926093466003,0.4062031526724137,0.42843753878732765,9903.0,3003.0,13.0
2022-07-25,RB2210.SHF,3865.0,3900.0,3843.0,3859.0,3875.0,3863.0,3827.0,32.0,48.0,1899608,7362743.19,1876972,-12556.0,84,0.8909086986578271,0.6491999192033227,12,RB2301.SHF,3727.0,3746.0,580103,-132.0,RB2208.SHF,3875.0,3889.0,21,-16.0,RB2307.SHF,3655.0,3673.0,357,-220.0,-0.06167434715821812,-0.06349432412292409,1099747.0,1195084.0,-25584.0,10741.0,32.0,441966.0,520129.0,-0.04154423571931876,0.4018797050594364,0.43522380016802165,11107.0,1204.0,13.0
2022-07-26,RB2210.SHF,3865.0,3909.0,3798.0,3888.0,3851.0,3859.0,3875.0,13.0,-24.0,2220357,8551745.46,1889277,12305.0,83,0.8578868466909052,0.641567259262479,12,RB2301.SHF,3771.0,3729.0,585282,-117.0,RB2208.SHF,3875.0,3859.0,20,13.0,RB2307.SHF,3694.0,3650.0,356,-181.0,-0.050741167434715816,-0.051964464509868045,1129332.0,1169311.0,29585.0,-25773.0,32.0,460532.0,507114.0,-0.017392435449958953,0.40779150860862884,0.43368616219294953,14109.0,3002.0,13.0
2022-07-27,RB2210.SHF,3895.0,3934.0,3827.0,3916.0,3885.0,3888.0,3851.0,65.0,34.0,2184613,8487845.26,1924464,35187.0,82,0.8519208466278626,0.6344657332642315,12,RB2301.SHF,3788.0,3766.0,604776,-128.0,RB2208.SHF,3886.0,3866.0,19,30.0,RB2307.SHF,3719.0,3712.0,355,-167.0,-0.04668391417297744,-0.04771672810861634,1159657.0,1193021.0,30325.0,23710.0,32.0,503638.0,516198.0,-0.014181286176858881,0.4342991074084837,0.4326814029258496,7209.0,-6900.0,13.0
2022-07-28,RB2210.SHF,3911.0,4068.0,3878.0,4058.0,3971.0,3916.0,3885.0,173.0,86.0,2248033,8929163.09,1887291,-37173.0,81,0.8418167847115134,0.6319688772344457,12,RB2301.SHF,3927.0,3853.0,600043,-131.0,RB2208.SHF,4019.0,3969.0,18,39.0,RB2307.SHF,3872.0,3848.0,354,-147.0,-0.039733142572779344,-0.04047800687276111,1136175.0,1178628.0,-21172.0,-12046.0,33.0,490560.0,491103.0,-0.018339789606286152,0.4317644729025018,0.416673454219652,7209.0,0.0,13.0
2022-07-29,RB2210.SHF,4030.0,4054.0,3979.0,3996.0,4014.0,4058.0,3971.0,25.0,43.0,1827254,7335959.43,1859128,-28163.0,80,0.8103466932516861,0.620718000083469,12,RB2301.SHF,3884.0,3897.0,616980,-112.0,RB2208.SHF,3916.0,4122.0,17,80.0,RB2307.SHF,3833.0,3829.0,353,-83.0,-0.02302443577022227,-0.02327194187051712,1104976.0,1193016.0,-31199.0,14388.0,35.0,462545.0,521886.0,-0.038311708656949196,0.4186018519859255,0.4374509646140538,7209.0,0.0,13.0
2022-08-01,RB2210.SHF,4003.0,4133.0,4003.0,4093.0,4084.0,3996.0,4014.0,79.0,70.0,2461131,10052342.41,1867672,8544.0,77,0.8401711522909234,0.6194407205878159,12,RB2301.SHF,3949.0,3954.0,623901,-144.0,RB2208.SHF,3972.0,3972.0,14,121.0,RB2307.SHF,3905.0,3910.0,350,-67.0,-0.018323952189133498,-0.018480257307488306,1097461.0,1196874.0,-7515.0,15902.0,34.0,456139.0,512756.0,-0.043329766577243516,0.4156311704926189,0.4284126817025017,7209.0,0.0,13.0
2022-08-02,RB2210.SHF,4070.0,4115.0,4013.0,4104.0,4064.0,4093.0,4084.0,20.0,-20.0,2177234,8850455.02,1847616,-20056.0,76,0.8350121268928614,0.6120805689291963,12,RB2301.SHF,3929.0,3914.0,632672,-175.0,RB2208.SHF,4010.0,4010.0,13,94.0,RB2307.SHF,3839.0,3860.0,349,-171.0,-0.0463239223370146,-0.047340636114384715,1104681.0,1190912.0,7220.0,4319.0,34.0,462984.0,523524.0,-0.037563714473776495,0.4191110374850296,0.4395992315133276,7209.0,0.0,13.0
2022-08-03,RB2210.SHF,4091.0,4145.0,4028.0,4063.0,4097.0,4104.0,4064.0,-1.0,33.0,2348397,9623105.23,1825651,-21965.0,75,0.8437440381129628,0.6082603958779649,12,RB2301.SHF,3910.0,3930.0,628317,-153.0,RB2208.SHF,4022.0,4061.0,12,41.0,RB2307.SHF,3860.0,3846.0,348,-162.0,-0.04375488385309366,-0.04466047432710739,1083850.0,1170467.0,-20831.0,-15805.0,34.0,452268.0,513007.0,-0.03842272404457758,0.41727914379296027,0.4382925789449852,7209.0,0.0,13.0
2022-08-04,RB2210.SHF,4075.0,4085.0,3974.0,3980.0,4030.0,4063.0,4097.0,-117.0,-67.0,2291892,9236841.41,1783755,-41896.0,74,0.832960022213314,0.5915782051758264,12,RB2301.SHF,3787.0,3853.0,674454,-193.0,RB2208.SHF,4061.0,4061.0,11,-81.0,RB2307.SHF,3750.0,3855.0,347,-311.0,-0.0831918891664029,-0.08654998268890504,1046203.0,1151798.0,-37647.0,-18669.0,35.0,415027.0,492499.0,-0.04804137941702483,0.3966983463056405,0.4275914700320716,7209.0,0.0,13.0
2022-08-05,RB2210.SHF,3978.0,4081.0,3963.0,4036.0,4022.0,3980.0,4030.0,6.0,-8.0,1914339,7700429.78,1773775,-9980.0,73,0.785229712851245,0.5824266103560969,12,RB2301.SHF,3863.0,3845.0,691267,-173.0,RB2208.SHF,4061.0,4061.0,10,-25.0,RB2307.SHF,3776.0,3797.0,346,-285.0,-0.07623694023287719,-0.07904422664771091,1054729.0,1115981.0,11384.0,-35817.0,33.0,449842.0,472024.0,-0.028217495658102647,0.4265000772710336,0.4229677745409644,7209.0,0.0,13.0
2022-08-08,RB2210.SHF,4040.0,4154.0,4022.0,4136.0,4102.0,4036.0,4022.0,114.0,80.0,1933791,7933091.58,1759184,-14591.0,70,0.7914671925130735,0.5776657520427986,12,RB2301.SHF,3987.0,3936.0,703986,-149.0,RB2208.SHF,4130.0,4130.0,7,6.0,RB2307.SHF,3897.0,3887.0,343,-233.0,-0.061285743110803606,-0.0630824075148058,1039945.0,1085168.0,-14784.0,-15780.0,32.0,446691.0,482462.0,-0.021280280154514136,0.42953329262605233,0.4445965970246082,9013.0,1804.0,13.0
2022-08-09,RB2210.SHF,4130.0,4158.0,4077.0,4089.0,4113.0,4136.0,4102.0,-13.0,11.0,1633047,6717700.98,1718371,-40813.0,69,0.7721696870887771,0.5636267025280646,12,RB2301.SHF,3943.0,3969.0,740797,-146.0,RB2208.SHF,4100.0,4105.0,6,-11.0,RB2307.SHF,3860.0,3896.0,342,-240.0,-0.06358885017421609,-0.06552596260486838,1015403.0,1081771.0,-24542.0,-3397.0,33.0,429874.0,493568.0,-0.03164639653171363,0.4233530923190103,0.4562592267679574,9013.0,0.0,13.0
2022-08-10,RB2210.SHF,4089.0,4118.0,4047.0,4066.0,4081.0,4089.0,4113.0,-47.0,-32.0,1834425,7487257.11,1703285,-15086.0,68,0.7890254524339495,0.5565079626460385,12,RB2301.SHF,3904.0,3924.0,760450,-162.0,RB2208.SHF,4097.0,4093.0,5,-31.0,RB2307.SHF,3835.0,3854.0,341,-262.0,-0.06946865883282774,-0.0717893772830738,1014927.0,1072758.0,-476.0,-3717.0,31.0,436713.0,488972.0,-0.027701018113364805,0.43029006027034455,0.45580829972836373,12321.0,3308.0,13.0
2022-08-11,RB2210.SHF,4100.0,4130.0,4032.0,4108.0,4080.0,4066.0,4081.0,27.0,-1.0,2228055,9092621.22,1688732,-14553.0,67,0.7896910994653058,0.5497135111662612,12,RB2301.SHF,3940.0,3916.0,783446,-168.0,RB2208.SHF,4093.0,4093.0,4,15.0,RB2307.SHF,3863.0,3847.0,340,-230.0,-0.06104353542052056,-0.0628257486504001,1026857.0,1041390.0,12383.0,-28790.0,33.0,448141.0,487798.0,-0.007026723597326625,0.4364200662799202,0.4684104898260978,14727.0,2406.0,13.0
2022-08-12,RB2210.SHF,4118.0,4153.0,4100.0,4150.0,4127.0,4108.0,4080.0,70.0,47.0,1590627,6565586.37,1738768,50036.0,66,0.786633393815938,0.5577364746095003,12,RB2301.SHF,3965.0,3951.0,784563,-185.0,RB2208.SHF,4120.0,4135.0,3,30.0,RB2307.SHF,3882.0,3871.0,339,-238.0,-0.0627528317152103,-0.06463832647123514,1053786.0,1060993.0,26929.0,21727.0,31.0,479637.0,479784.0,-0.0034079211113785413,0.45515598043625555,0.45220279492890153,15628.0,901.0,13.0
2022-08-15,RB2210.SHF,4120.0,4199.0,4095.0,4126.0,4157.0,4150.0,4127.0,-1.0,30.0,2399032,9973236.47,1746361,7593.0,63,0.7803552179012856,0.550978304902504,12,RB2301.SHF,3903.0,3951.0,816261,-223.0,RB2209.SHF,4132.0,4153.0,31,-6.0,RB2307.SHF,3820.0,3866.0,336,-312.0,-0.0903623061907861,-0.09395594083016902,1024896.0,1081248.0,-26657.0,43830.0,30.0,441942.0,503776.0,-0.026756005287387755,0.43120667853128514,0.46592086181893516,15628.0,0.0,13.0
2022-08-16,RB2210.SHF,4090.0,4183.0,4078.0,4153.0,4138.0,4126.0,4157.0,-4.0,-19.0,1502797,6219907.78,1732832,-13529.0,62,0.7662397986602504,0.5474690292998573,12,RB2301.SHF,3932.0,3913.0,821733,-221.0,RB2209.SHF,4168.0,4142.0,30,-15.0,RB2308.SHF,3835.0,3840.0,364,-333.0,-0.08730978541956391,-0.09099523178330504,1022644.0,1052022.0,8432.0,-28592.0,31.0,448848.0,484264.0,-0.014160351593943315,0.4389093369735705,0.46031736978884474,18028.0,2400.0,13.0
2022-08-17,RB2210.SHF,4160.0,4174.0,3985.0,3993.0,4087.0,4153.0,4138.0,-145.0,-51.0,2155416,8809264.52,1659566,-73266.0,61,0.7495662570408245,0.5245602656106972,12,RB2301.SHF,3797.0,3877.0,874208,-196.0,RB2209.SHF,4021.0,4093.0,29,-28.0,RB2308.SHF,3750.0,3783.0,363,-271.0,-0.07365150326057655,-0.0762508910044263,960410.0,1031049.0,-61614.0,-17228.0,29.0,379359.0,509773.0,-0.035470978815029586,0.3949969283951646,0.49442170061752644,18028.0,0.0,13.0
2022-08-18,RB2210.SHF,4003.0,4075.0,3980.0,4041.0,4030.0,3993.0,4087.0,-46.0,-57.0,1958935,7896278.06,1659860,294.0,60,0.7203892363878139,0.5144192089176822,12,RB2301.SHF,3783.0,3802.0,922879,-258.0,RB2209.SHF,4046.0,4045.0,28,-5.0,RB2308.SHF,3721.0,3755.0,362,-325.0,-0.08778167836349056,-0.091508220431407,981687.0,1019905.0,34700.0,-9638.0,30.0,414161.0,489271.0,-0.019093801334138027,0.42188701694124503,0.4797221309827876,19829.0,1801.0,13.0
2022-08-19,RB2210.SHF,4050.0,4062.0,3924.0,3929.0,3998.0,4041.0,4030.0,-101.0,-32.0,2162701,8648406.08,1514851,-145009.0,59,0.7252272810344117,0.4855433283470768,12,RB2301.SHF,3714.0,3766.0,953420,-215.0,RB2209.SHF,3937.0,3996.0,27,-8.0,RB2308.SHF,3665.0,3691.0,361,-272.0,-0.07550051028245769,-0.078235320261646,867055.0,936417.0,-104180.0,-73243.0,31.0,363379.0,470169.0,-0.03846025887843005,0.4190956744381844,0.5020936185481468,19829.0,0.0,13.0
2022-08-22,RB2210.SHF,3948.0,4027.0,3924.0,4010.0,3986.0,3929.0,3998.0,12.0,-12.0,1732096,6905493.6,1472526,-42325.0,56,0.6927198063691496,0.4741892633853456,12,RB2301.SHF,3803.0,3774.0,958736,-207.0,RB2209.SHF,4010.0,3998.0,24,0.0,RB2308.SHF,3721.0,3693.0,358,-289.0,-0.07875894097092594,-0.08174119480002155,859584.0,908149.0,8674.0,-21682.0,32.0,389116.0,464677.0,-0.02747304032905422,0.4526794356339811,0.51167484630826,19829.0,0.0,13.0
2022-08-23,RB2210.SHF,4005.0,4064.0,3973.0,4052.0,4025.0,4010.0,3986.0,66.0,39.0,1237138,4980522.89,1411349,-61177.0,55,0.6619258019537742,0.46261497367745646,12,RB2301.SHF,3839.0,3821.0,964834,-213.0,RB2209.SHF,4048.0,4023.0,23,4.0,RB2308.SHF,3767.0,3722.0,357,-281.0,-0.0758598908901564,-0.07862144070500009,820871.0,879640.0,-38713.0,-28509.0,32.0,372189.0,457233.0,-0.03455961178728041,0.45340741724339145,0.5197955981992634,26744.0,6915.0,13.0
2022-08-24,RB2210.SHF,4054.0,4094.0,4034.0,4086.0,4064.0,4052.0,4025.0,61.0,39.0,1300583,5286423.98,1288077,-123272.0,54,0.6515594346598481,0.4327442137359854,12,RB2301.SHF,3847.0,3837.0,1010690,-239.0,RB2209.SHF,4087.0,4071.0,22,-1.0,RB2308.SHF,3741.0,3764.0,356,-346.0,-0.09251621542820888,-0.09666844599966425,736692.0,788215.0,-82178.0,-84000.0,30.0,323673.0,394992.0,-0.03378763426228616,0.4393600039093678,0.5011221557569953,26744.0,0.0,13.0
2022-08-25,RB2210.SHF,4089.0,4110.0,4043.0,4052.0,4081.0,4086.0,4064.0,-12.0,17.0,1324563,5405724.58,1165706,-122371.0,53,0.5761572292874911,0.3971764061325057,12,RB2301.SHF,3815.0,3853.0,1092473,-237.0,RB2209.SHF,4065.0,4081.0,21,-13.0,RB2308.SHF,3741.0,3764.0,355,-324.0,-0.08710254767218334,-0.09077002241414422,657404.0,718108.0,-75856.0,-70107.0,29.0,290349.0,363446.0,-0.044131930510239094,0.4416599229697416,0.5061160716772407,26744.0,0.0,13.0
2022-08-26,RB2301.SHF,3815.0,3882.0,3807.0,3866.0,3851.0,3815.0,3853.0,13.0,-2.0,784879,3022647.98,1167198,74725.0,143,0.3739663121141836,0.3987789253586522,12,RB2210.SHF,4097.0,4078.0,1114193,231.0,RB2209.SHF,4102.0,4076.0,20,-236.0,RB2308.SHF,3755.0,3755.0,354,-347.0,-0.09244431663245908,-0.09658990020491955,711053.0,726431.0,66629.0,57457.0,30.0,275995.0,361784.0,-0.010697858202247817,0.3881496878573046,0.49802940678467744,26744.0,0.0,13.0
2022-08-29,RB2301.SHF,3890.0,3916.0,3734.0,3761.0,3816.0,3866.0,3851.0,-90.0,-35.0,1394105,5320331.78,1318488,151290.0,140,0.4385385999718778,0.4448979509200715,12,RB2210.SHF,3965.0,4023.0,979188,204.0,RB2209.SHF,3964.0,4013.0,17,-203.0,RB2308.SHF,3689.0,3703.0,351,-275.0,-0.07581330779409903,-0.07857138388149432,769361.0,834244.0,58308.0,123169.0,31.0,309574.0,416952.0,-0.0404607119583688,0.4023780773914976,0.49979622268784674,27642.0,898.0,13.0
2022-08-30,RB2301.SHF,3770.0,3770.0,3652.0,3661.0,3708.0,3761.0,3816.0,-155.0,-108.0,1426335,5289443.79,1468467,149979.0,139,0.515349546049722,0.4836822335587164,12,RB2210.SHF,3875.0,3917.0,870285,214.0,RB2209.SHF,3862.0,3912.0,16,-201.0,RB2308.SHF,3594.0,3648.0,350,-268.0,-0.07583486574236303,-0.07859454913296024,838502.0,924010.0,69657.0,91568.0,30.0,332927.0,459666.0,-0.048514846991112685,0.3970497387006829,0.49746864211426284,27642.0,0.0,13.0
2022-08-31,RB2301.SHF,3650.0,3704.0,3650.0,3677.0,3680.0,3661.0,3708.0,-31.0,-28.0,1401509,5158177.59,1589990,121523.0,138,0.630316050986237,0.5229562805799786,12,RB2210.SHF,3902.0,3901.0,727435,225.0,RB2209.SHF,3969.0,3873.0,15,-292.0,RB2308.SHF,3601.0,3596.0,349,-368.0,-0.10132418458623188,-0.10633366776640533,904324.0,1011984.0,77121.0,88619.0,32.0,364409.0,513556.0,-0.05618094794782467,0.40296287613731363,0.5074744264731458,27642.0,0.0,13.0
2022-09-01,RB2301.SHF,3694.0,3729.0,3626.0,3642.0,3686.0,3677.0,3680.0,-38.0,6.0,1969194,7258477.91,1705345,115355.0,137,0.7448800687234528,0.5506763553181506,12,RB2210.SHF,3890.0,3910.0,638714,248.0,RB2209.SHF,3901.0,3901.0,14,-259.0,RB2308.SHF,3584.0,3622.0,348,-317.0,-0.08880342365768333,-0.09261977223149677,956145.0,1066159.0,70688.0,54175.0,30.0,370924.0,544541.0,-0.0544003275471937,0.38793697608626304,0.510750272707917,27642.0,0.0,13.0
2022-09-02,RB2301.SHF,3628.0,3655.0,3575.0,3637.0,3622.0,3642.0,3686.0,-49.0,-64.0,1807756,6547794.4,1712615,7270.0,136,0.7554425953289962,0.5583380931515995,12,RB2210.SHF,3866.0,3860.0,575860,229.0,RB2209.SHF,3850.0,3797.0,13,-213.0,RB2308.SHF,3560.0,3568.0,347,-290.0,-0.08231588770510928,-0.08558113848518004,969770.0,1077387.0,17113.0,15305.0,29.0,382136.0,541150.0,-0.05256900179126467,0.39404807325448304,0.5022800534998102,27642.0,0.0,13.0
2022-09-05,RB2301.SHF,3650.0,3706.0,3621.0,3691.0,3665.0,3637.0,3622.0,69.0,43.0,1715622,6288724.13,1652554,-60061.0,133,0.7850552222250695,0.5562890588839237,12,RB2210.SHF,3897.0,3885.0,524916,206.0,RB2209.SHF,3840.0,3840.0,10,-149.0,RB2308.SHF,3617.0,3565.0,344,-223.0,-0.06346291791417169,-0.06538025740967437,931372.0,1063875.0,-35024.0,-13512.0,30.0,363249.0,511633.0,-0.06640932175314636,0.39001494569302064,0.48091458113030194,27642.0,0.0,13.0
2022-09-06,RB2301.SHF,3708.0,3709.0,3672.0,3693.0,3692.0,3691.0,3665.0,28.0,27.0,1231154,4546265.99,1651704,-850.0,132,0.8265474510477915,0.5607596191583296,12,RB2210.SHF,3899.0,3900.0,497294,206.0,RB2209.SHF,3842.0,3842.0,9,-149.0,RB2308.SHF,3626.0,3617.0,343,-216.0,-0.06143880900354425,-0.06323346552395977,938689.0,1056965.0,9183.0,-6910.0,32.0,369755.0,502303.0,-0.05926678672755899,0.3939057557934524,0.47523144096540565,27642.0,0.0,13.0
2022-09-07,RB2301.SHF,3696.0,3726.0,3651.0,3673.0,3687.0,3693.0,3692.0,-19.0,-5.0,1789661,6599299.23,1661151,9447.0,131,0.8488966995854322,0.5678515830372409,12,RB2210.SHF,3892.0,3896.0,459612,219.0,RB2209.SHF,3850.0,3850.0,8,-177.0,RB2308.SHF,3600.0,3625.0,342,-250.0,-0.07096197215957697,-0.07337079501716894,950409.0,1057455.0,11817.0,899.0,32.0,373762.0,509693.0,-0.053313371821995914,0.3932643735486512,0.4819997068433172,27642.0,0.0,13.0
2022-09-08,RB2301.SHF,3682.0,3755.0,3670.0,3719.0,3715.0,3673.0,3687.0,32.0,28.0,1793055,6662603.38,1690538,29387.0,130,0.8434710615508008,0.580158377446228,12,RB2210.SHF,3926.0,3917.0,419892,207.0,RB2209.SHF,3918.0,3918.0,7,-199.0,RB2308.SHF,3635.0,3661.0,341,-283.0,-0.07893477975137016,-0.08193070693400063,977407.0,1068525.0,26998.0,12224.0,31.0,403354.0,515433.0,-0.04453618204319596,0.41267762559506943,0.4823780445005966,32445.0,4803.0,13.0
2022-09-09,RB2301.SHF,3730.0,3792.0,3718.0,3791.0,3756.0,3719.0,3715.0,76.0,41.0,1378872,5179456.8,1652024,-38514.0,129,0.8337764630688603,0.5822108961371291,12,RB2210.SHF,3972.0,3956.0,382276,181.0,RB2209.SHF,3918.0,3918.0,6,-127.0,RB2308.SHF,3686.0,3668.0,340,-232.0,-0.06470978410713031,-0.06670479940201161,962144.0,1051237.0,-10410.0,-14787.0,32.0,412130.0,507399.0,-0.044250442415022295,0.4283454451724482,0.4826685133799514,32445.0,0.0,13.0
2022-09-13,RB2301.SHF,3795.0,3807.0,3769.0,3794.0,3790.0,3791.0,3756.0,38.0,34.0,875682,3319182.13,1648566,-3458.0,125,0.8380710475289939,0.58667181963473,12,RB2305.SHF,3720.0,3715.0,361805,-74.0,RB2209.SHF,3920.0,3920.0,2,-126.0,RB2308.SHF,3703.0,3697.0,336,-217.0,-0.06049508126603938,-0.06223397734394276,943440.0,1053757.0,-18056.0,6532.0,30.0,391797.0,525065.0,-0.05523591313225486,0.41528555075044515,0.49827901499112226,32445.0,0.0,13.0
2022-09-14,RB2301.SHF,3770.0,3778.0,3704.0,3741.0,3737.0,3794.0,3790.0,-49.0,-53.0,1528167,5711818.25,1682113,33547.0,124,0.8417120800023794,0.5974745078092699,12,RB2305.SHF,3667.0,3666.0,368346,-74.0,RB2209.SHF,3920.0,3920.0,1,-179.0,RB2308.SHF,3644.0,3642.0,335,-276.0,-0.07694305267016982,-0.07978602143024138,978176.0,1073868.0,41907.0,24606.0,30.0,402093.0,531681.0,-0.04663252834734538,0.41106406209107565,0.4951083373375499,32445.0,0.0,13.0
2022-09-15,RB2301.SHF,3745.0,3789.0,3693.0,3722.0,3747.0,3741.0,3737.0,-15.0,10.0,1976576,7407421.36,1711041,28928.0,123,0.857649536175451,0.6063195337227482,12,RB2305.SHF,3642.0,3663.0,378929,-80.0,RB2210.SHF,3913.0,3928.0,32,-191.0,RB2308.SHF,3621.0,3643.0,334,-292.0,-0.09019011175179362,-0.09373261934550177,999459.0,1108599.0,21855.0,35566.0,29.0,405239.0,528263.0,-0.05177276906043382,0.4054583529689562,0.47651405061704005,32445.0,0.0,13.0
2022-09-16,RB2301.SHF,3710.0,3740.0,3658.0,3686.0,3696.0,3722.0,3747.0,-61.0,-51.0,1715119,6340550.09,1735896,24855.0,122,0.854168876644161,0.6166731262546906,12,RB2305.SHF,3597.0,3606.0,374899,-89.0,RB2210.SHF,3890.0,3897.0,31,-204.0,RB2309.SHF,3578.0,3585.0,364,-312.0,-0.08791310590796456,-0.0916393032387299,1000614.0,1115484.0,1155.0,6885.0,31.0,407233.0,521045.0,-0.054283875321464316,0.4069831123690054,0.46710217268916454,32445.0,0.0,13.0
2022-09-19,RB2301.SHF,3689.0,3737.0,3687.0,3696.0,3714.0,3686.0,3696.0,0.0,18.0,1476096,5483298.88,1685459,-50437.0,119,0.8686816494697326,0.6163360263112955,12,RB2305.SHF,3608.0,3623.0,372329,-88.0,RB2210.SHF,3885.0,3903.0,28,-189.0,RB2309.SHF,3586.0,3592.0,361,-299.0,-0.0843584897638952,-0.08778152298013342,983158.0,1076494.0,-17456.0,-38414.0,28.0,411377.0,511859.0,-0.045316393254782844,0.41842409866979674,0.47548709049934323,32445.0,0.0,13.0
2022-09-20,RB2301.SHF,3698.0,3726.0,3650.0,3659.0,3690.0,3696.0,3714.0,-55.0,-24.0,1744328,6437040.08,1708020,22561.0,118,0.8817383559379522,0.6226990845555664,12,RB2305.SHF,3578.0,3607.0,374416,-81.0,RB2210.SHF,3852.0,3877.0,27,-193.0,RB2309.SHF,3550.0,3573.0,360,-302.0,-0.08593484450182268,-0.08949064568685423,982300.0,1074357.0,17799.0,292.0,31.0,414254.0,507560.0,-0.044760502115812215,0.4217184159625369,0.4724314171174014,32445.0,0.0,13.0
2022-09-21,RB2301.SHF,3655.0,3685.0,3630.0,3664.0,3656.0,3659.0,3690.0,-26.0,-34.0,1573075,5751790.96,1739827,31807.0,117,0.861017682040728,0.631925126134264,12,RB2305.SHF,3586.0,3579.0,370967,-78.0,RB2210.SHF,3864.0,3856.0,26,-200.0,RB2309.SHF,3557.0,3549.0,359,-307.0,-0.08708630991239685,-0.0907407793848138,1004145.0,1099724.0,21845.0,25417.0,31.0,424790.0,520015.0,-0.04543010995456466,0.42303651365091693,0.4728595538516937,26437.0,-6008.0,13.0
2022-09-22,RB2301.SHF,3665.0,3768.0,3662.0,3765.0,3718.0,3664.0,3656.0,109.0,62.0,1843645,6855604.49,1733745,-6082.0,116,0.8757559837431432,0.6400977197133683,12,RB2305.SHF,3677.0,3638.0,362754,-88.0,RB2210.SHF,3945.0,3908.0,25,-180.0,RB2309.SHF,3642.0,3612.0,358,-303.0,-0.08418684844540363,-0.08759558601271415,1008374.0,1111955.0,5432.0,12231.0,29.0,442518.0,523497.0,-0.048851381082841386,0.4388431276490667,0.47078973519611855,26437.0,0.0,13.0
2022-09-23,RB2301.SHF,3771.0,3787.0,3748.0,3766.0,3768.0,3765.0,3718.0,48.0,50.0,1294449,4877494.31,1714891,-18854.0,115,0.8433579281700464,0.6454395760528578,12,RB2305.SHF,3678.0,3683.0,358452,-88.0,RB2210.SHF,3942.0,3948.0,24,-176.0,RB2309.SHF,3642.0,3644.0,357,-300.0,-0.08341675008341674,-0.08676173576626417,1012154.0,1103940.0,3780.0,-6196.0,29.0,432566.0,518606.0,-0.043375199778459744,0.4273717240657054,0.4697773429715383,26437.0,0.0,13.0
2022-09-26,RB2301.SHF,3736.0,3783.0,3710.0,3765.0,3751.0,3766.0,3768.0,-3.0,-17.0,1733812,6504513.1,1674462,-40429.0,112,0.8678437051233858,0.6515340287856562,12,RB2305.SHF,3680.0,3667.0,357583,-85.0,RB2210.SHF,3938.0,3931.0,21,-173.0,RB2309.SHF,3636.0,3632.0,354,-302.0,-0.08405815668385502,-0.08745619646883188,989767.0,1085063.0,-22387.0,-13847.0,29.0,432753.0,503796.0,-0.04592954603509685,0.4372271453786598,0.46430115117739706,26437.0,0.0,13.0
2022-09-27,RB2301.SHF,3775.0,3845.0,3773.0,3837.0,3812.0,3765.0,3751.0,86.0,61.0,1813334,6913978.14,1749635,75173.0,111,0.852615443931935,0.6707385797310352,12,RB2305.SHF,3728.0,3720.0,350993,-109.0,RB2210.SHF,3976.0,3960.0,20,-139.0,RB2309.SHF,3670.0,3670.0,353,-306.0,-0.08435749632932729,-0.08778044671370801,1009987.0,1158655.0,32158.0,76620.0,31.0,443906.0,544256.0,-0.0685535003011101,0.439516548232799,0.46973085172031365,33754.0,7317.0,13.0
2022-09-28,RB2301.SHF,3846.0,3856.0,3814.0,3823.0,3831.0,3837.0,3812.0,11.0,19.0,1177884,4513100.94,1727377,-22258.0,110,0.7903235546323023,0.6677393779357015,12,RB2305.SHF,3722.0,3735.0,356666,-101.0,RB2210.SHF,3961.0,3971.0,19,-138.0,RB2309.SHF,3674.0,3676.0,352,-287.0,-0.07941923241090118,-0.08244345082311914,1005371.0,1139875.0,6042.0,-18780.0,31.0,442259.0,537658.0,-0.0626986368929251,0.43989631688202663,0.4716815440289505,33754.0,0.0,13.0
2022-09-29,RB2301.SHF,3835.0,3860.0,3806.0,3836.0,3834.0,3823.0,3831.0,5.0,3.0,1463427,5610964.53,1725569,-1808.0,109,0.8253284418363981,0.672646766006248,12,RB2305.SHF,3740.0,3736.0,362422,-96.0,RB2210.SHF,3973.0,3974.0,18,-137.0,RB2309.SHF,3675.0,3670.0,351,-298.0,-0.08221410436361357,-0.08546079766125105,1019791.0,1156773.0,14792.0,23751.0,32.0,456670.0,544187.0,-0.06293497457460474,0.4478074428976133,0.4704354268296373,48766.0,15012.0,13.0
2022-09-30,RB2301.SHF,3836.0,3852.0,3785.0,3799.0,3823.0,3836.0,3834.0,-35.0,-11.0,1260768,4821154.22,1621968,-103601.0,108,0.7878194817805872,0.6658860893569434,12,RB2305.SHF,3697.0,3730.0,371089,-102.0,RB2210.SHF,3890.0,3936.0,17,-91.0,RB2309.SHF,3652.0,3670.0,350,-238.0,-0.06706192053235759,-0.06920114455746551,959293.0,1100514.0,-60498.0,-56259.0,34.0,416171.0,534217.0,-0.0685603068637013,0.43383095675669475,0.48542499232176967,49985.0,1219.0,13.0
2022-10-10,RB2301.SHF,3825.0,3886.0,3820.0,3875.0,3866.0,3799.0,3823.0,52.0,43.0,1060636,4100917.02,1663666,41698.0,98,0.8077171456247982,0.6664829197492015,12,RB2305.SHF,3753.0,3753.0,376555,-122.0,RB2210.SHF,3930.0,3950.0,7,-55.0,RB2309.SHF,3692.0,3689.0,340,-238.0,-0.06637935645569237,-0.06847433895737516,979696.0,1107770.0,20403.0,7256.0,32.0,451333.0,534968.0,-0.06135381366690523,0.4606867844719178,0.48292335051499863,61739.0,11754.0,12.0
2022-10-11,RB2301.SHF,3880.0,3893.0,3763.0,3774.0,3819.0,3875.0,3866.0,-92.0,-47.0,1685248,6437523.46,1697534,33868.0,97,0.795603438955982,0.6653531023843269,12,RB2305.SHF,3670.0,3707.0,395918,-104.0,RB2210.SHF,3868.0,3889.0,6,-94.0,RB2309.SHF,3622.0,3654.0,339,-246.0,-0.069710351509731,-0.07202580966182152,959551.0,1133547.0,-16008.0,25777.0,32.0,411135.0,564219.0,-0.08312845361277876,0.42846602212909995,0.4977464542714153,90890.0,29151.0,12.0
2022-10-12,RB2301.SHF,3782.0,3790.0,3711.0,3754.0,3742.0,3774.0,3819.0,-65.0,-77.0,1723401,6449475.42,1653422,-44112.0,96,0.7713437503916244,0.6565711036315436,12,RB2305.SHF,3648.0,3645.0,407474,-106.0,RB2210.SHF,3800.0,3805.0,5,-46.0,RB2309.SHF,3603.0,3598.0,338,-197.0,-0.05682392919235026,-0.05834983712531571,937531.0,1079375.0,2472.0,-54172.0,32.0,413147.0,534039.0,-0.0703275214610894,0.44067556166142774,0.4947668789808917,105967.0,15077.0,12.0
2022-10-13,RB2301.SHF,3754.0,3785.0,3712.0,3719.0,3746.0,3754.0,3742.0,-23.0,4.0,1614102,6046898.36,1669890,16468.0,95,0.7828112496544499,0.6552195797215408,12,RB2305.SHF,3605.0,3637.0,416789,-114.0,RB2210.SHF,3790.0,3804.0,4,-71.0,RB2309.SHF,3558.0,3583.0,337,-232.0,-0.06709611986656837,-0.069237573259767,948068.0,1070324.0,12030.0,-7944.0,34.0,411937.0,512838.0,-0.06057098918346882,0.43450153364526595,0.4791427642470878,105967.0,0.0,12.0
2022-10-14,RB2301.SHF,3707.0,3770.0,3685.0,3759.0,3739.0,3719.0,3746.0,13.0,-7.0,1352892,5059136.3,1633530,-36360.0,94,0.7245984664922779,0.6486362212303254,12,RB2305.SHF,3642.0,3625.0,414420,-117.0,RB2210.SHF,3830.0,3818.0,3,-71.0,RB2309.SHF,3590.0,3578.0,336,-240.0,-0.06868487286241853,-0.0709312289871291,938258.0,1029897.0,-8294.0,-39693.0,34.0,407613.0,483097.0,-0.046560865378997084,0.43443594405803093,0.46907312090432346,105967.0,0.0,12.0
2022-10-17,RB2301.SHF,3758.0,3763.0,3655.0,3675.0,3694.0,3759.0,3739.0,-64.0,-45.0,1989759,7351871.26,1740712,107182.0,91,0.7300228352384712,0.6530514855533942,12,RB2305.SHF,3572.0,3583.0,446968,-103.0,RB2211.SHF,3750.0,3778.0,29,-75.0,RB2309.SHF,3520.0,3536.0,333,-230.0,-0.073640350877193,-0.07599546179570565,978685.0,1124226.0,45427.0,99491.0,31.0,423765.0,546820.0,-0.06920930082157542,0.4329942729274486,0.48639686326414794,105967.0,0.0,12.0
2022-10-18,RB2301.SHF,3675.0,3699.0,3636.0,3678.0,3666.0,3675.0,3694.0,-16.0,-28.0,1652862,6059773.22,1750625,9913.0,90,0.6936104873597504,0.6522158667331813,12,RB2305.SHF,3577.0,3562.0,452313,-101.0,RB2211.SHF,3765.0,3751.0,28,-87.0,RB2310.SHF,3498.0,3496.0,363,-267.0,-0.07726705119819233,-0.08014363253503884,983573.0,1124532.0,12952.0,306.0,31.0,425257.0,537413.0,-0.06686526525007055,0.43235936732708197,0.477899250532666,103855.0,-2112.0,12.0
2022-10-19,RB2301.SHF,3683.0,3691.0,3632.0,3647.0,3662.0,3678.0,3666.0,-19.0,-4.0,1512142,5537734.4,1803156,52531.0,89,0.6695663725043062,0.6540180911215385,12,RB2305.SHF,3553.0,3566.0,462317,-94.0,RB2211.SHF,3730.0,3748.0,27,-83.0,RB2310.SHF,3480.0,3488.0,362,-250.0,-0.07302628946420717,-0.07558871060390912,1015258.0,1157445.0,32014.0,32913.0,31.0,433890.0,566613.0,-0.06544244657461236,0.4273692007351826,0.4895377318144707,103855.0,0.0,12.0
2022-10-20,RB2301.SHF,3645.0,3648.0,3588.0,3594.0,3622.0,3647.0,3662.0,-68.0,-40.0,2105144,7625179.82,1835441,32285.0,88,0.7272671997291503,0.6493474653054048,12,RB2305.SHF,3510.0,3529.0,484299,-84.0,RB2211.SHF,3678.0,3696.0,26,-84.0,RB2310.SHF,3446.0,3461.0,361,-232.0,-0.06872651424768494,-0.07098976312800866,1036709.0,1153391.0,24301.0,-4054.0,31.0,434260.0,571831.0,-0.05327701931418657,0.41888321602301126,0.49578243631171043,93940.0,-9915.0,12.0
2022-10-21,RB2301.SHF,3600.0,3664.0,3589.0,3630.0,3634.0,3594.0,3622.0,8.0,12.0,1872506,6806189.97,1749107,-86334.0,87,0.7387036886542578,0.6425558271178707,12,RB2305.SHF,3537.0,3542.0,484629,-93.0,RB2211.SHF,3699.0,3707.0,25,-69.0,RB2310.SHF,3469.0,3472.0,360,-230.0,-0.06774723301578073,-0.06994505335787177,1014038.0,1088430.0,-22671.0,-46327.0,31.0,425836.0,533271.0,-0.03538317824575689,0.4199408700660133,0.48994515035417985,64500.0,-29440.0,12.0
2022-10-24,RB2301.SHF,3629.0,3678.0,3604.0,3622.0,3637.0,3630.0,3634.0,-12.0,3.0,1849163,6726302.39,1781095,31988.0,84,0.7087063550677619,0.6438443664273135,12,RB2305.SHF,3543.0,3551.0,487237,-79.0,RB2211.SHF,3710.0,3711.0,22,-88.0,RB2310.SHF,3472.0,3480.0,357,-238.0,-0.06989580399887355,-0.0722384899544854,1015169.0,1106473.0,1131.0,18043.0,31.0,425138.0,556357.0,-0.043034593018049225,0.4187854436059415,0.5028202224545922,54000.0,-10500.0,12.0
2022-10-25,RB2301.SHF,3615.0,3618.0,3561.0,3574.0,3583.0,3622.0,3637.0,-63.0,-54.0,1694506,6071568.2,1822433,41338.0,83,0.649316122525461,0.6443260278747985,12,RB2305.SHF,3504.0,3511.0,493796,-70.0,RB2211.SHF,3640.0,3698.0,21,-66.0,RB2310.SHF,3441.0,3444.0,356,-199.0,-0.05956618008856818,-0.061256320937781154,1038143.0,1130973.0,23340.0,26945.0,32.0,441424.0,564887.0,-0.04279623588595539,0.42520539077949765,0.4994699254535696,51302.0,-2698.0,12.0
2022-10-26,RB2301.SHF,3574.0,3620.0,3555.0,3580.0,3589.0,3574.0,3583.0,-3.0,6.0,1549716,5563229.46,1785892,-36541.0,82,0.8659745423882814,0.639488321112734,12,RB2305.SHF,3500.0,3509.0,499454,-80.0,RB2211.SHF,3645.0,3650.0,20,-65.0,RB2310.SHF,3436.0,3444.0,355,-209.0,-0.06247364003030118,-0.0643362742943092,1034295.0,1111103.0,-3642.0,-15732.0,32.0,442852.0,573448.0,-0.03580128255922677,0.4281679791548833,0.5161069675808634,47402.0,-3900.0,12.0
2022-10-27,RB2301.SHF,3580.0,3622.0,3563.0,3563.0,3591.0,3580.0,3589.0,-26.0,2.0,1451705,5213662.39,1773458,-12434.0,81,0.8349595922820713,0.6347209720569419,12,RB2305.SHF,3484.0,3505.0,513076,-79.0,RB2211.SHF,3626.0,3638.0,19,-63.0,RB2310.SHF,3420.0,3437.0,354,-206.0,-0.061899548040273034,-0.06372743241559145,1021624.0,1110484.0,-10306.0,1948.0,30.0,438476.0,556212.0,-0.04167706326321181,0.42919508547175866,0.5008734929994489,47402.0,0.0,12.0
2022-10-28,RB2301.SHF,3558.0,3564.0,3478.0,3490.0,3517.0,3563.0,3591.0,-101.0,-74.0,1981946,6971175.53,1844304,70846.0,80,0.8077564666090381,0.6343527967973903,12,RB2305.SHF,3426.0,3447.0,549647,-64.0,RB2211.SHF,3549.0,3571.0,18,-59.0,RB2310.SHF,3370.0,3387.0,353,-179.0,-0.05495346597528004,-0.05638773789412695,1057806.0,1153868.0,42040.0,48290.0,30.0,459172.0,582040.0,-0.04343406849291532,0.43407959493517717,0.5044251162177996,44990.0,-2412.0,12.0
2022-10-31,RB2301.SHF,3490.0,3506.0,3389.0,3397.0,3441.0,3490.0,3517.0,-120.0,-76.0,2171777,7474546.01,1861216,16912.0,77,0.8037837229666662,0.6281012485649164,12,RB2305.SHF,3336.0,3375.0,585717,-61.0,RB2211.SHF,3337.0,3464.0,15,60.0,RB2310.SHF,3279.0,3315.0,350,-58.0,-0.01893737783960038,-0.019103884167029614,1048819.0,1149651.0,-8926.0,3405.0,30.0,461724.0,586323.0,-0.04586462403398727,0.44023229937672753,0.5100008611308997,34486.0,-10504.0,12.0
2022-11-01,RB2301.SHF,3391.0,3495.0,3389.0,3485.0,3442.0,3397.0,3441.0,44.0,1.0,2077614,7153163.85,1789906,-71310.0,76,0.7825948403933138,0.6127250855977395,12,RB2305.SHF,3427.0,3384.0,605055,-58.0,RB2211.SHF,3530.0,3487.0,14,-45.0,RB2310.SHF,3359.0,3298.0,349,-171.0,-0.05278000930193227,-0.05410123735818848,1015860.0,1088836.0,-32959.0,-55351.0,30.0,441688.0,551500.0,-0.03467294089027584,0.4347921957750084,0.5065041934689889,33286.0,-1200.0,12.0
2022-11-02,RB2301.SHF,3485.0,3515.0,3450.0,3485.0,3478.0,3485.0,3442.0,43.0,36.0,2015196,7009310.26,1773472,-16434.0,75,0.7120026315036351,0.6074882371156339,12,RB2305.SHF,3436.0,3433.0,616991,-49.0,RB2211.SHF,3530.0,3530.0,13,-45.0,RB2310.SHF,3365.0,3360.0,348,-165.0,-0.050928079150987265,-0.05215676526778419,1017862.0,1076603.0,2020.0,-12233.0,30.0,430434.0,543289.0,-0.028045825544948232,0.4228805083596794,0.50463262688289,30257.0,-3029.0,12.0
2022-11-03,RB2301.SHF,3470.0,3522.0,3461.0,3504.0,3493.0,3485.0,3478.0,26.0,15.0,1692427,5911830.8,1760124,-13348.0,74,0.6870911022634589,0.6039166036201563,12,RB2305.SHF,3441.0,3437.0,627375,-63.0,RB2211.SHF,3522.0,3524.0,12,-18.0,RB2310.SHF,3375.0,3368.0,347,-147.0,-0.045475348979124794,-0.04645162775694104,1018935.0,1073992.0,1073.0,-1333.0,31.0,432162.0,528324.0,-0.026306220904981397,0.42413107803736255,0.4919254519586738,27838.0,-2419.0,12.0
2022-11-04,RB2301.SHF,3491.0,3582.0,3488.0,3562.0,3536.0,3504.0,3493.0,69.0,43.0,1960115,6931225.82,1719886,-40238.0,73,0.7060348025920042,0.5961174928409169,12,RB2305.SHF,3496.0,3469.0,634769,-66.0,RB2211.SHF,3520.0,3529.0,11,42.0,RB2310.SHF,3423.0,3404.0,346,-97.0,-0.030024592944369096,-0.030446044694371576,1005104.0,1075713.0,4097.0,5382.0,32.0,423622.0,507737.0,-0.03393330600432426,0.4214708129705981,0.472000431341817,26938.0,-900.0,12.0
2022-11-07,RB2301.SHF,3585.0,3607.0,3513.0,3535.0,3551.0,3562.0,3536.0,-1.0,15.0,1870515,6643249.46,1695884,-24002.0,70,0.6866709446357865,0.5828084491011214,12,RB2305.SHF,3505.0,3500.0,672880,-30.0,RB2211.SHF,3570.0,3570.0,8,-35.0,RB2310.SHF,3437.0,3434.0,343,-133.0,-0.040591161837869455,-0.0413665917677778,986640.0,1071510.0,-10510.0,-2569.0,30.0,412763.0,526942.0,-0.04123606151155164,0.4183521851941944,0.4917751584212933,25738.0,-1200.0,12.0
2022-11-08,RB2301.SHF,3540.0,3572.0,3511.0,3571.0,3536.0,3535.0,3551.0,20.0,-15.0,1371946,4851228.7,1696738,854.0,69,0.6643957513802977,0.5774116529250739,12,RB2305.SHF,3530.0,3498.0,692289,-41.0,RB2211.SHF,3565.0,3565.0,7,6.0,RB2310.SHF,3474.0,3440.0,342,-91.0,-0.027811852379058366,-0.028172972857556107,1002499.0,1068902.0,16677.0,-2169.0,30.0,434229.0,526093.0,-0.03205704738000995,0.4331465667297424,0.49218076119232634,25738.0,0.0,12.0
2022-11-09,RB2301.SHF,3571.0,3608.0,3566.0,3590.0,3586.0,3571.0,3536.0,54.0,50.0,1461441,5241584.63,1682606,-14132.0,68,0.5878261380214377,0.569395362215849,12,RB2305.SHF,3562.0,3552.0,717125,-28.0,RB2211.SHF,3611.0,3592.0,6,-21.0,RB2310.SHF,3504.0,3492.0,341,-107.0,-0.03228526434567672,-0.03277326198725108,995009.0,1063115.0,-7084.0,-5787.0,31.0,437697.0,528395.0,-0.033091300621342544,0.4398925034848931,0.49702525126632585,23337.0,-2401.0,12.0
2022-11-10,RB2301.SHF,3580.0,3584.0,3524.0,3538.0,3548.0,3590.0,3586.0,-48.0,-38.0,1912637,6786917.19,1697396,14790.0,67,0.6813957548077265,0.5683182107342551,12,RB2305.SHF,3513.0,3528.0,730254,-25.0,RB2211.SHF,3555.0,3550.0,5,-17.0,RB2310.SHF,3457.0,3468.0,340,-98.0,-0.03003547662531231,-0.030457236851452598,1010032.0,1100334.0,16846.0,37219.0,31.0,433978.0,582016.0,-0.042789734102994456,0.4296675748887164,0.5289448476553483,23337.0,0.0,12.0
2022-11-11,RB2301.SHF,3522.0,3661.0,3516.0,3637.0,3603.0,3538.0,3548.0,89.0,55.0,2247442,8099196.02,1651407,-45989.0,66,0.6790638677938058,0.555033969386884,12,RB2305.SHF,3601.0,3582.0,761227,-36.0,RB2211.SHF,3580.0,3580.0,4,57.0,RB2310.SHF,3542.0,3525.0,339,-38.0,-0.011565079629783998,-0.011626896370053706,1009925.0,1076741.0,-107.0,-21913.0,31.0,459725.0,559291.0,-0.03202045751452317,0.4552070698319182,0.5194294635385854,23337.0,0.0,12.0
2022-11-14,RB2301.SHF,3637.0,3695.0,3627.0,3648.0,3659.0,3637.0,3603.0,45.0,56.0,1688571,6179559.72,1575348,-76059.0,63,0.6480135392101743,0.5388813652203093,12,RB2305.SHF,3625.0,3635.0,779030,-23.0,RB2211.SHF,3695.0,3695.0,1,-47.0,RB2310.SHF,3570.0,3572.0,336,-125.0,-0.03685900672550649,-0.03749689520043392,969833.0,1028988.0,-39667.0,-41003.0,34.0,440734.0,541701.0,-0.02959494622079716,0.45444318764158365,0.5264405415806598,17268.0,-6069.0,12.0
2022-11-15,RB2301.SHF,3655.0,3695.0,3644.0,3692.0,3666.0,3648.0,3659.0,33.0,7.0,1258019,4612813.53,1555797,-19551.0,62,0.6160747035613771,0.5303586421728997,12,RB2305.SHF,3661.0,3641.0,795183,-31.0,RB2212.SHF,3715.0,3692.0,30,-23.0,RB2310.SHF,3604.0,3585.0,335,-111.0,-0.03575667983143221,-0.036301749261066656,964322.0,1007827.0,-4915.0,-10178.0,34.0,448917.0,508031.0,-0.02205969224434868,0.4655260379831633,0.5040855226144964,17268.0,0.0,12.0
2022-11-16,RB2301.SHF,3700.0,3764.0,3695.0,3742.0,3729.0,3692.0,3666.0,76.0,63.0,1575266,5874305.63,1539464,-16333.0,61,0.6194496362380156,0.5194912477428851,12,RB2305.SHF,3704.0,3691.0,827624,-38.0,RB2212.SHF,3768.0,3757.0,29,-26.0,RB2311.SHF,3640.0,3629.0,364,-128.0,-0.037012390277909805,-0.03765566089222559,943854.0,972625.0,-15612.0,-35202.0,33.0,451362.0,463633.0,-0.015012426434101287,0.4782116725680031,0.4766821745276957,16053.0,-1215.0,12.0
2022-11-17,RB2301.SHF,3748.0,3752.0,3670.0,3726.0,3704.0,3742.0,3729.0,-3.0,-25.0,1681333,6229095.61,1451721,-87743.0,60,0.6037663825827968,0.4972987582612163,12,RB2305.SHF,3678.0,3660.0,868088,-48.0,RB2212.SHF,3745.0,3734.0,28,-19.0,RB2311.SHF,3613.0,3608.0,363,-132.0,-0.03840344339716635,-0.0390965825472927,882985.0,928575.0,-59150.0,-41281.0,31.0,404421.0,456835.0,-0.025166155137008987,0.45801570808111125,0.4919742616374552,16053.0,0.0,12.0
2022-11-18,RB2301.SHF,3719.0,3736.0,3697.0,3716.0,3715.0,3726.0,3704.0,12.0,11.0,1411248,5242788.54,1440140,-11581.0,59,0.6138727388354388,0.492146582545121,12,RB2305.SHF,3672.0,3672.0,873945,-44.0,RB2212.SHF,3747.0,3743.0,27,-31.0,RB2311.SHF,3619.0,3613.0,362,-128.0,-0.037219825611733204,-0.037870411817701226,876084.0,926564.0,-6901.0,-2011.0,32.0,410404.0,446790.0,-0.028003248554348936,0.46845279676378065,0.48220090571185587,15753.0,-300.0,12.0
2022-11-21,RB2301.SHF,3712.0,3718.0,3631.0,3671.0,3668.0,3716.0,3715.0,-44.0,-47.0,1620175,5944399.15,1387097,-53043.0,56,0.5714497843362781,0.4718684684635649,12,RB2305.SHF,3624.0,3621.0,925827,-47.0,RB2212.SHF,3716.0,3729.0,24,-45.0,RB2311.SHF,3561.0,3537.0,359,-155.0,-0.04544687756052884,-0.04642191665499178,854365.0,891080.0,-21719.0,-33736.0,32.0,397456.0,446202.0,-0.021034750450458193,0.46520632282455393,0.5007429187053912,7894.0,-7859.0,12.0
2022-11-22,RB2301.SHF,3665.0,3714.0,3661.0,3677.0,3687.0,3671.0,3668.0,9.0,19.0,1435117,5291642.24,1358722,-28375.0,55,0.5847562600490421,0.45588303385632484,12,RB2305.SHF,3601.0,3619.0,972697,-76.0,RB2212.SHF,3711.0,3717.0,23,-34.0,RB2311.SHF,3550.0,3561.0,358,-161.0,-0.04726971448336325,-0.048325758763476605,827260.0,863119.0,-24144.0,-27961.0,32.0,387361.0,432252.0,-0.021213585828976814,0.4682457752097285,0.5008023227388112,7894.0,0.0,12.0
2022-11-23,RB2301.SHF,3660.0,3704.0,3652.0,3691.0,3676.0,3677.0,3687.0,4.0,-11.0,1317195,4842979.02,1303587,-55135.0,54,0.5312392618440348,0.43651660561088157,12,RB2305.SHF,3618.0,3606.0,1014355,-73.0,RB2212.SHF,3715.0,3709.0,22,-24.0,RB2311.SHF,3554.0,3536.0,357,-161.0,-0.04721881842470023,-0.0482725557600029,786420.0,813245.0,-39962.0,-48303.0,33.0,377251.0,390459.0,-0.016769136037857926,0.47970677246255183,0.48012468567282923,7894.0,0.0,12.0
2022-11-24,RB2301.SHF,3695.0,3746.0,3677.0,3681.0,3711.0,3691.0,3676.0,5.0,35.0,1601967,5944992.19,1228892,-74695.0,53,0.570098061021678,0.41223364732710577,12,RB2305.SHF,3632.0,3635.0,1077671,-49.0,RB2212.SHF,3720.0,3728.0,21,-39.0,RB2311.SHF,3571.0,3558.0,356,-149.0,-0.04364066762959395,-0.044538716061347704,730785.0,766472.0,-52261.0,-40960.0,32.0,345918.0,384109.0,-0.023834919456045288,0.47335125926230015,0.501138984855285,7894.0,0.0,12.0
2022-11-25,RB2301.SHF,3680.0,3736.0,3659.0,3736.0,3691.0,3681.0,3711.0,25.0,-20.0,1314236,4851231.23,1185293,-43599.0,52,0.5515768109056616,0.40031051012957397,12,RB2305.SHF,3684.0,3641.0,1113416,-52.0,RB2212.SHF,3736.0,3721.0,20,0.0,RB2311.SHF,3600.0,3580.0,355,-136.0,-0.03966250119850433,-0.04040242191090791,723212.0,717804.0,1446.0,-46894.0,33.0,359222.0,350798.0,0.003752907670699007,0.49670359452000246,0.4887100099748678,7894.0,0.0,12.0
2022-11-28,RB2305.SHF,3690.0,3700.0,3644.0,3681.0,3672.0,3684.0,3641.0,40.0,31.0,554965,2038378.41,1151973,38557.0,168,0.25221015930234725,0.3937810532864568,12,RB2301.SHF,3738.0,3735.0,1123090,57.0,RB2212.SHF,3740.0,3727.0,17,-59.0,RB2311.SHF,3623.0,3615.0,352,-117.0,-0.034084922978689404,-0.03462945618635113,729434.0,826450.0,30534.0,31252.0,29.0,281602.0,439556.0,-0.06235426291420183,0.38605548959878483,0.5318603666283501,7593.0,-301.0,12.0
2022-11-29,RB2305.SHF,3696.0,3768.0,3689.0,3729.0,3734.0,3681.0,3672.0,57.0,62.0,821184,3066576.51,1307428,155455.0,167,0.3308873570925185,0.4354682165636918,12,RB2301.SHF,3765.0,3776.0,1027132,36.0,RB2212.SHF,3728.0,3737.0,16,1.0,RB2311.SHF,3685.0,3668.0,351,-43.0,-0.012567260265197614,-0.012640299944615999,818547.0,903922.0,94678.0,83181.0,30.0,347533.0,479445.0,-0.04956547839177367,0.42457305444891985,0.5304052783315375,7593.0,0.0,12.0
2022-11-30,RB2305.SHF,3720.0,3750.0,3691.0,3719.0,3722.0,3729.0,3734.0,-15.0,-12.0,735547,2738134.1,1433714,126286.0,166,0.32854623004449274,0.4845189970010605,12,RB2301.SHF,3748.0,3745.0,850445,29.0,RB2212.SHF,3799.0,3682.0,15,-80.0,RB2311.SHF,3670.0,3668.0,350,-129.0,-0.036997167361403065,-0.037639902778323936,886298.0,978063.0,77315.0,79536.0,29.0,367052.0,536188.0,-0.049220617680803234,0.4141406163615398,0.5482141743425526,7593.0,0.0,12.0
2022-12-01,RB2305.SHF,3739.0,3766.0,3708.0,3733.0,3739.0,3719.0,3722.0,11.0,17.0,862507,3225419.97,1494811,61097.0,165,0.3995183584722913,0.5067758909619415,12,RB2301.SHF,3752.0,3761.0,775894,19.0,RB2212.SHF,3670.0,3673.0,14,63.0,RB2311.SHF,3680.0,3684.0,349,10.0,0.002968807190206926,0.0029647698260943703,916527.0,1002309.0,30229.0,41663.0,32.0,376532.0,538654.0,-0.04470522754419867,0.41082477657504907,0.5374131131218017,7292.0,-301.0,12.0
2022-12-02,RB2305.SHF,3742.0,3818.0,3726.0,3808.0,3773.0,3733.0,3739.0,69.0,34.0,1326667,5006036.74,1679372,184561.0,164,0.5188740384047521,0.549934556238246,12,RB2301.SHF,3784.0,3767.0,672160,-24.0,RB2212.SHF,3675.0,3677.0,13,133.0,RB2311.SHF,3766.0,3746.0,348,91.0,0.026979388770433547,0.02665077197942879,1029595.0,1103279.0,118612.0,101279.0,30.0,428228.0,577757.0,-0.03454681336075174,0.41591888072494526,0.5236726159022332,7292.0,0.0,12.0
2022-12-05,RB2305.SHF,3805.0,3890.0,3790.0,3804.0,3831.0,3808.0,3773.0,31.0,58.0,1735437,6649850.07,1723182,43810.0,161,0.572584434112292,0.572099309668918,12,RB2301.SHF,3768.0,3788.0,557404,-36.0,RB2212.SHF,3737.0,3722.0,10,67.0,RB2311.SHF,3766.0,3803.0,345,29.0,0.008455181944172621,0.008422543588176245,1034014.0,1151609.0,4419.0,53320.0,30.0,436517.0,604260.0,-0.05380388109019717,0.4221577270713936,0.5247093414518296,7292.0,0.0,12.0
2022-12-06,RB2305.SHF,3799.0,3825.0,3780.0,3808.0,3803.0,3804.0,3831.0,-23.0,-28.0,1189183,4522933.59,1753871,30689.0,160,0.5706482410999292,0.5832212140539383,12,RB2301.SHF,3794.0,3777.0,526828,-14.0,RB2212.SHF,3708.0,3698.0,9,100.0,RB2311.SHF,3760.0,3765.0,344,52.0,0.015279589109468939,0.01517344190997313,1043112.0,1173880.0,10318.0,25534.0,30.0,421841.0,601718.0,-0.05898442574443209,0.4044062382562946,0.5125890210242955,7292.0,0.0,12.0
2022-12-07,RB2305.SHF,3803.0,3838.0,3772.0,3782.0,3810.0,3808.0,3803.0,-21.0,7.0,1576075,6005342.22,1761581,7710.0,159,0.5857540685857128,0.5934580116179687,12,RB2301.SHF,3789.0,3792.0,492331,7.0,RB2212.SHF,3673.0,3676.0,8,109.0,RB2311.SHF,3763.0,3786.0,343,90.0,0.026697441190453895,0.026375602514704527,1054779.0,1170169.0,11667.0,-3711.0,29.0,422767.0,602143.0,-0.05186188621037435,0.40081097556928985,0.5145778088464145,7292.0,0.0,12.0
2022-12-08,RB2305.SHF,3781.0,3849.0,3779.0,3839.0,3815.0,3782.0,3810.0,29.0,5.0,1176620,4489396.8,1757505,-4076.0,158,0.5743899468334644,0.5976562420298559,12,RB2301.SHF,3840.0,3814.0,460256,1.0,RB2212.SHF,3676.0,3676.0,7,163.0,RB2311.SHF,3809.0,3774.0,342,133.0,0.03942068763906263,0.03872430237643178,1056528.0,1147168.0,8814.0,-20021.0,30.0,444982.0,575362.0,-0.04113090008785241,0.4211738827555919,0.5015499037630059,7292.0,0.0,12.0
2022-12-09,RB2305.SHF,3850.0,3960.0,3850.0,3945.0,3909.0,3839.0,3815.0,130.0,94.0,1942575,7594980.68,1868420,110915.0,157,0.6378385708502118,0.6213944442264214,12,RB2301.SHF,3945.0,3900.0,397417,0.0,RB2212.SHF,3760.0,3760.0,6,185.0,RB2311.SHF,3907.0,3875.0,341,147.0,0.0425968561448079,0.04178526392526149,1135826.0,1198488.0,97718.0,54733.0,32.0,485724.0,605539.0,-0.026843860765946654,0.42763944477411153,0.5052524514221252,7292.0,0.0,12.0
2022-12-12,RB2305.SHF,3945.0,3991.0,3917.0,3935.0,3948.0,3945.0,3909.0,26.0,39.0,1544896,6100150.58,1857069,-11351.0,154,0.6463123827564798,0.6280758763226898,12,RB2301.SHF,3921.0,3933.0,359102,-14.0,RB2212.SHF,3668.0,3647.0,3,267.0,RB2311.SHF,3910.0,3918.0,338,242.0,0.07188430801282576,0.06961238553765806,1134513.0,1190523.0,12547.0,-4598.0,30.0,476769.0,595402.0,-0.024089949574974324,0.42024110785861424,0.5001180153596361,7292.0,0.0,12.0
2022-12-13,RB2305.SHF,3935.0,3959.0,3906.0,3937.0,3930.0,3935.0,3948.0,-11.0,-18.0,1171180,4602770.42,1848719,-8350.0,153,0.5213126692002753,0.6292637482181198,12,RB2301.SHF,3909.0,3910.0,342876,-28.0,RB2212.SHF,3699.0,3699.0,2,238.0,RB2311.SHF,3889.0,3896.0,337,190.0,0.05596510553477542,0.05457517297911059,1114928.0,1200110.0,-19585.0,9700.0,30.0,468695.0,605317.0,-0.036795076365917105,0.42038140579481365,0.5043845980785094,7292.0,0.0,12.0
2022-12-14,RB2305.SHF,3933.0,3990.0,3923.0,3986.0,3953.0,3937.0,3930.0,56.0,23.0,1500044,5929993.67,1910944,62225.0,152,0.6330351965685435,0.6367801108183148,12,RB2301.SHF,3939.0,3924.0,328369,-47.0,RB2212.SHF,3699.0,3699.0,1,287.0,RB2311.SHF,3948.0,3927.0,336,249.0,0.07334374356925845,0.07098063338249308,1161879.0,1211690.0,46951.0,13357.0,31.0,496875.0,599481.0,-0.02098569706631659,0.42764780153527177,0.4947478315410707,7292.0,0.0,12.0
2022-12-15,RB2305.SHF,3993.0,4085.0,3988.0,4084.0,4031.0,3986.0,3953.0,131.0,78.0,1932793,7791930.77,2002134,91190.0,151,0.6665433216793587,0.6525037421941887,12,RB2301.SHF,4034.0,3989.0,295004,-50.0,RB2301.SHF,4034.0,3989.0,32,50.0,RB2311.SHF,4035.0,4008.0,335,1.0,0.00029861687209866317,0.00029857986571154514,1240531.0,1250125.0,78652.0,41337.0,32.0,502598.0,609642.0,-0.0038519972248275153,0.4051474731385189,0.48766483351664835,7292.0,0.0,12.0
2022-12-16,RB2305.SHF,4083.0,4149.0,3972.0,4049.0,4067.0,4084.0,4031.0,18.0,36.0,2765803,11249830.64,1898413,-103721.0,150,0.7312663760076781,0.6493011270687695,12,RB2310.SHF,4037.0,4047.0,268308,-12.0,RB2301.SHF,4022.0,4044.0,31,27.0,RB2312.SHF,3997.0,4024.0,364,-25.0,-0.006813128394431182,-0.006834391116411211,1174135.0,1200674.0,-58116.0,-48297.0,30.0,478765.0,566581.0,-0.011175214511988121,0.4077597550537204,0.4718857908141594,6693.0,-599.0,12.0
2022-12-19,RB2305.SHF,4041.0,4044.0,3915.0,3927.0,3966.0,4049.0,4067.0,-140.0,-101.0,2411668,9565316.04,1846442,-51971.0,147,0.6867712551789026,0.6522407372017799,12,RB2310.SHF,3910.0,3946.0,266724,-17.0,RB2301.SHF,3924.0,3954.0,28,3.0,RB2312.SHF,3910.0,3922.0,361,-14.0,-0.003910638467213435,-0.003917631269166472,1133011.0,1196231.0,-41124.0,-4443.0,31.0,448014.0,577133.0,-0.02714187705699966,0.3954189323845929,0.48245949151961454,6693.0,0.0,12.0
2022-12-20,RB2305.SHF,3927.0,3964.0,3898.0,3939.0,3931.0,3927.0,3966.0,-27.0,-35.0,1525034,5995086.2,1822179,-24263.0,146,0.6162448211333722,0.6483464519861576,12,RB2310.SHF,3922.0,3917.0,268160,-17.0,RB2301.SHF,3945.0,3933.0,27,-6.0,RB2312.SHF,3895.0,3905.0,360,-50.0,-0.013892219215413167,-0.013981007104867854,1120868.0,1163099.0,-12143.0,-33132.0,31.0,442711.0,552099.0,-0.018490197100045666,0.3949715756003383,0.4746792835347636,4859.0,-1834.0,12.0
2022-12-21,RB2305.SHF,3950.0,4037.0,3929.0,4034.0,3978.0,3939.0,3931.0,103.0,47.0,1489491,5925979.56,1904049,81870.0,145,0.6385887425063441,0.6598718481446607,12,RB2310.SHF,4016.0,3965.0,270477,-18.0,RB2301.SHF,4000.0,3962.0,26,34.0,RB2312.SHF,4010.0,3895.0,359,10.0,0.002740240240240182,0.002736820638091016,1161882.0,1206645.0,46092.0,43546.0,31.0,469164.0,566299.0,-0.018899087914133975,0.40379659896616005,0.46931699049844816,,,
2022-12-22,RB2305.SHF,4047.0,4047.0,3950.0,3961.0,4000.0,4034.0,3978.0,-17.0,22.0,1655882,6623732.63,1859635,-44414.0,144,0.5840305636226019,0.6576063029437195,12,RB2310.SHF,3947.0,3982.0,272897,-14.0,RB2301.SHF,3956.0,3984.0,25,5.0,RB2312.SHF,3940.0,3988.0,358,-16.0,-0.004433149023644434,-0.004442138181614014,1138165.0,1180423.0,-21884.0,-26222.0,32.0,456801.0,563691.0,-0.018225747739572532,0.40134866210083775,0.47753305382900874,,,
2022-12-23,RB2305.SHF,3966.0,4017.0,3932.0,4005.0,3979.0,3961.0,4000.0,5.0,-21.0,1676702,6672094.41,1900337,40702.0,143,0.6188807304164364,0.6786248926891492,12,RB2310.SHF,3989.0,3962.0,270922,-16.0,RB2301.SHF,3999.0,3967.0,24,6.0,RB2312.SHF,3973.0,3959.0,357,-26.0,-0.0071264062261811555,-0.007149673744024272,1168268.0,1199636.0,52520.0,22210.0,31.0,471581.0,572789.0,-0.013247158668594673,0.4036582359527095,0.4774689989296753,,,
2022-12-26,RB2305.SHF,4009.0,4020.0,3940.0,4006.0,3985.0,4005.0,3979.0,27.0,6.0,1638853,6531055.15,1897487,-2850.0,140,0.8257979440372192,0.6944404491733814,12,RB2310.SHF,3988.0,3969.0,271346,-18.0,RB2301.SHF,3999.0,3976.0,21,7.0,RB2312.SHF,3983.0,3974.0,354,-16.0,-0.004385480754573075,-0.004394277380746472,1153428.0,1203706.0,-14840.0,4272.0,32.0,461780.0,581447.0,-0.021330140755680415,0.4003544217757849,0.4830473554173527,,,
2022-12-27,RB2305.SHF,3999.0,4078.0,3994.0,4066.0,4039.0,4006.0,3985.0,81.0,54.0,1413061,5708620.72,1932125,34638.0,139,0.7772463126397456,0.6992695060769537,12,RB2310.SHF,4046.0,4026.0,275963,-20.0,RB2301.SHF,4045.0,4025.0,20,21.0,RB2312.SHF,4046.0,4000.0,353,1.0,0.0002709755490967455,0.0002709420594926403,1175291.0,1224882.0,21863.0,21923.0,31.0,469840.0,587511.0,-0.020661427322113863,0.39976482420098514,0.4796470190597951,,,
2022-12-28,RB2305.SHF,4060.0,4075.0,4011.0,4050.0,4045.0,4066.0,4039.0,11.0,6.0,1264540,5116083.62,1918199,-13926.0,138,0.7843295357561082,0.6928685647658344,12,RB2310.SHF,4032.0,4025.0,275271,-18.0,RB2301.SHF,4043.0,4037.0,19,7.0,RB2312.SHF,4022.0,4029.0,352,-21.0,-0.005693301513237185,-0.005708138881331309,1177583.0,1217407.0,2292.0,-7475.0,31.0,476789.0,589244.0,-0.016628044375968168,0.4048878083328309,0.48401561679865485,,,
2022-12-29,RB2305.SHF,4054.0,4071.0,4000.0,4048.0,4032.0,4050.0,4045.0,3.0,-13.0,1603581,6466601.08,1895064,-23135.0,137,0.8204688843875242,0.6898223157808907,12,RB2310.SHF,4029.0,4015.0,278477,-19.0,RB2301.SHF,4048.0,4034.0,18,0.0,RB2312.SHF,4012.0,4010.0,351,-36.0,-0.009747890182672735,-0.009791494258854274,1171775.0,1206465.0,-3674.0,-10942.0,32.0,480453.0,598041.0,-0.014586416846071044,0.41002154850547246,0.4956969327746764,,,
2022-12-30,RB2305.SHF,4052.0,4125.0,4049.0,4105.0,4087.0,4048.0,4032.0,73.0,55.0,1699077,6945436.89,1931845,36781.0,136,0.7885376236994244,0.7001363780836831,12,RB2310.SHF,4085.0,4069.0,282227,-20.0,RB2301.SHF,4140.0,4095.0,17,-35.0,RB2312.SHF,4074.0,4060.0,350,-66.0,-0.01747399573486528,-0.017614779465171943,1211857.0,1223654.0,48060.0,17189.0,33.0,505836.0,608920.0,-0.004843747369648505,0.41740568400397077,0.49762432844578613,,,
2023-01-03,RB2305.SHF,4100.0,4100.0,4016.0,4063.0,4044.0,4105.0,4087.0,-24.0,-43.0,1245821,5039088.61,1882723,-49122.0,132,0.8070356934637559,0.6948255742288442,12,RB2310.SHF,4040.0,4027.0,281196,-23.0,RB2301.SHF,4088.0,4083.0,13,-25.0,RB2312.SHF,4032.0,4031.0,346,-56.0,-0.015015015015015074,-0.01511880654144923,1170693.0,1220368.0,-40378.0,-3286.0,32.0,479006.0,601790.0,-0.020775295987848073,0.40916448633416275,0.49312174688290744,,,
2023-01-04,RB2305.SHF,4061.0,4084.0,4010.0,4027.0,4045.0,4063.0,4044.0,-17.0,1.0,1383006,5594286.79,1874643,-8080.0,131,0.6588789387855051,0.6887615692645822,12,RB2310.SHF,3999.0,4015.0,282318,-28.0,RB2301.SHF,4057.0,4077.0,12,-30.0,RB2312.SHF,3985.0,4023.0,345,-72.0,-0.01945253116068989,-0.019627214034468803,1159704.0,1208936.0,-10989.0,-11432.0,32.0,469746.0,591545.0,-0.020784922993785464,0.4050568075991805,0.48931043496099047,,,
2023-01-05,RB2305.SHF,4015.0,4024.0,3970.0,4017.0,4001.0,4027.0,4045.0,-28.0,-44.0,1522301,6091715.22,1825776,-48867.0,130,0.663048496632275,0.6849659294563607,12,RB2310.SHF,3968.0,3961.0,272951,-49.0,RB2301.SHF,4059.0,4044.0,11,-42.0,RB2312.SHF,3953.0,3983.0,344,-106.0,-0.028624337567426966,-0.02900473436308543,1136821.0,1174569.0,-13403.0,-34367.0,35.0,467633.0,579451.0,-0.016331298482731172,0.4113514792566288,0.4933307451499231,0.0,0.0,12.0
2023-01-06,RB2305.SHF,4031.0,4122.0,4023.0,4107.0,4070.0,4017.0,4001.0,106.0,69.0,1730447,7044603.37,1923950,98174.0,129,0.731548702851077,0.6968250536123748,12,RB2310.SHF,4057.0,4021.0,272561,-50.0,RB2301.SHF,4125.0,4099.0,10,-18.0,RB2312.SHF,4026.0,4007.0,343,-99.0,-0.026306306306306333,-0.026627125488592415,1222988.0,1195327.0,94592.0,20758.0,32.0,513535.0,588833.0,0.011438129441367233,0.4199019123654525,0.4926124817727701,,,
2023-01-09,RB2305.SHF,4105.0,4140.0,4072.0,4093.0,4100.0,4107.0,4070.0,23.0,30.0,1607579,6592262.95,1863784,-60166.0,126,0.6362587528278976,0.6894285846395709,12,RB2310.SHF,4039.0,4049.0,273446,-54.0,RB2301.SHF,4116.0,4122.0,7,-23.0,RB2312.SHF,4024.0,4034.0,340,-92.0,-0.024499718377269372,-0.024777674440370115,1170521.0,1145094.0,-50637.0,-44260.0,33.0,491039.0,551676.0,0.01098066820261572,0.41950464793028064,0.4817735487217643,,,
2023-01-10,RB2305.SHF,4103.0,4136.0,4087.0,4124.0,4109.0,4093.0,4100.0,24.0,9.0,1083219,4451952.43,1930856,67072.0,125,0.6377207065435284,0.6953043470745706,12,RB2310.SHF,4067.0,4054.0,272166,-57.0,RB2301.SHF,4166.0,4140.0,6,-42.0,RB2312.SHF,4044.0,4044.0,339,-122.0,-0.03209882950641477,-0.03257821385406213,1236783.0,1181270.0,66262.0,36176.0,33.0,538355.0,565193.0,0.02295772673303687,0.43528654582089177,0.4784621636035792,40279.0,40279.0,12.0
2023-01-11,RB2305.SHF,4120.0,4172.0,4101.0,4161.0,4136.0,4124.0,4109.0,52.0,27.0,1112383,4600966.35,1955990,25134.0,124,0.6015137570526456,0.697269193270391,12,RB2310.SHF,4110.0,4088.0,272734,-51.0,RB2301.SHF,4285.0,4253.0,5,-124.0,RB2312.SHF,4099.0,4072.0,338,-186.0,-0.047578500320624065,-0.04864201604370291,1236517.0,1183998.0,3691.0,3339.0,33.0,530465.0,561407.0,0.021697448683441332,0.42899935868249284,0.4741621185170921,40279.0,0.0,12.0
2023-01-12,RB2305.SHF,4152.0,4163.0,4091.0,4136.0,4126.0,4161.0,4136.0,0.0,-10.0,1318042,5439544.03,1867251,-88739.0,123,0.6171085313238148,0.6843374491901019,12,RB2310.SHF,4089.0,4081.0,278315,-47.0,RB2301.SHF,4300.0,4271.0,4,-164.0,RB2312.SHF,4071.0,4063.0,337,-229.0,-0.058373489768838556,-0.059985342072721756,1170533.0,1151321.0,-58663.0,-32677.0,33.0,499583.0,550064.0,0.008274422078218527,0.4267995861714279,0.4777677120455546,40279.0,0.0,12.0
2023-01-13,RB2305.SHF,4131.0,4186.0,4113.0,4173.0,4154.0,4136.0,4126.0,47.0,28.0,1278231,5310271.78,1927798,60547.0,122,0.5595671536530986,0.6907565795367003,12,RB2310.SHF,4121.0,4104.0,278502,-52.0,RB2301.SHF,4345.0,4324.0,3,-172.0,RB2312.SHF,4112.0,4095.0,336,-233.0,-0.05877799548685622,-0.060412685153271306,1219665.0,1176636.0,50315.0,25315.0,31.0,527226.0,554585.0,0.017956425340556133,0.4322711564241001,0.47133098086409053,46272.0,5993.0,12.0
2023-01-16,RB2305.SHF,4150.0,4151.0,4081.0,4093.0,4112.0,4173.0,4154.0,-61.0,-42.0,1441664,5928521.62,1829618,-98180.0,119,0.570372565411304,0.6778446707691623,12,RB2310.SHF,4048.0,4064.0,283196,-45.0,RB2302.SHF,4041.0,4045.0,30,52.0,RB2312.SHF,4033.0,4061.0,333,-8.0,-0.0023847967573297664,-0.0023871604780974095,1135493.0,1147040.0,-82793.0,-25419.0,31.0,469616.0,541634.0,-0.0050588534755028735,0.41357894764652886,0.4722014925373134,48675.0,2403.0,12.0
2023-01-17,RB2305.SHF,4084.0,4139.0,4065.0,4119.0,4102.0,4093.0,4112.0,7.0,-10.0,1025767,4208385.68,1844213,14595.0,118,0.48238858219374886,0.6779696345856923,12,RB2310.SHF,4067.0,4049.0,292021,-52.0,RB2302.SHF,4055.0,4032.0,29,64.0,RB2401.SHF,4011.0,3996.0,363,-44.0,-0.011857911796628727,-0.01192271492366188,1159062.0,1158045.0,25114.0,12691.0,32.0,486372.0,546311.0,0.0004389093813967158,0.41962552477779447,0.47175282480387204,48675.0,0.0,12.0
2023-01-18,RB2305.SHF,4140.0,4176.0,4125.0,4165.0,4155.0,4119.0,4102.0,63.0,53.0,899703,3738297.86,1856961,12748.0,117,0.5169527412423717,0.6837353722846078,12,RB2310.SHF,4109.0,4107.0,293685,-56.0,RB2302.SHF,4084.0,4068.0,28,81.0,RB2401.SHF,4037.0,4036.0,362,-47.0,-0.012576463136410775,-0.012649390202214344,1173461.0,1176781.0,14399.0,18736.0,31.0,500979.0,556543.0,-0.0014126204875923416,0.42692428636315993,0.47293676563438736,48675.0,0.0,12.0
2023-01-19,RB2305.SHF,4166.0,4200.0,4154.0,4196.0,4180.0,4165.0,4155.0,41.0,25.0,914584,3822995.06,1854203,-2758.0,116,0.5303974803069238,0.6905786557089966,12,RB2310.SHF,4142.0,4126.0,294116,-54.0,RB2302.SHF,4115.0,4101.0,27,81.0,RB2401.SHF,4080.0,4066.0,361,-35.0,-0.009294897446904477,-0.009334651752189876,1170481.0,1169534.0,-1381.0,-7247.0,32.0,494155.0,556960.0,0.00040469826048123624,0.4221811374981738,0.47622386352171037,48675.0,0.0,12.0
2023-01-20,RB2305.SHF,4195.0,4196.0,4155.0,4179.0,4176.0,4196.0,4180.0,-1.0,-4.0,817918,3416414.71,1811643,-42560.0,115,0.4997739182292787,0.686979662987517,12,RB2310.SHF,4130.0,4126.0,299553,-49.0,RB2302.SHF,4093.0,4094.0,26,86.0,RB2401.SHF,4070.0,4065.0,360,-23.0,-0.006140906557273973,-0.006158225420219365,1143821.0,1158651.0,-26660.0,-7039.0,33.0,476854.0,561999.0,-0.006440903515873374,0.4168956506306494,0.4850459715652082,48675.0,0.0,12.0
2023-01-30,RB2305.SHF,4230.0,4273.0,4190.0,4201.0,4234.0,4179.0,4176.0,25.0,58.0,1048134,4438742.09,1882832,71189.0,105,0.7549918171655122,0.6857014663593907,12,RB2310.SHF,4157.0,4192.0,313777,-44.0,RB2302.SHF,4110.0,4131.0,16,91.0,RB2401.SHF,4084.0,4123.0,350,-26.0,-0.0069131809373953225,-0.006935140105057832,1164918.0,1195597.0,21338.0,38419.0,33.0,477843.0,581913.0,-0.012996740118152182,0.4101945372979042,0.4867133323352267,48675.0,0.0,12.0
2023-01-31,RB2305.SHF,4200.0,4218.0,4141.0,4143.0,4181.0,4201.0,4234.0,-91.0,-53.0,1119159,4679265.949,1953462,70630.0,104,0.7431221169929012,0.6835071263170933,12,RB2310.SHF,4098.0,4128.0,335127,-45.0,RB2302.SHF,4129.0,4101.0,15,14.0,RB2401.SHF,4040.0,4073.0,349,-89.0,-0.023555456294966328,-0.023813031586157093,1194858.0,1254717.0,31033.0,63079.0,31.0,474726.0,632456.0,-0.02443648387985671,0.3973074624767127,0.5040626691118396,48675.0,0.0,12.0
2023-02-01,RB2305.SHF,4143.0,4178.0,4075.0,4084.0,4123.0,4143.0,4181.0,-97.0,-58.0,1500523,6187108.47,1994916,41454.0,103,0.7755550651161661,0.6839221139328514,12,RB2310.SHF,4041.0,4075.0,345467,-43.0,RB2302.SHF,4033.0,4063.0,14,51.0,RB2401.SHF,3982.0,4013.0,348,-51.0,-0.013819373402958468,-0.013907494733436134,1217020.0,1288339.0,26984.0,33622.0,33.0,487086.0,657056.0,-0.028466579041167353,0.4002284268130351,0.5100024139609218,48675.0,0.0,12.0
2023-02-02,RB2305.SHF,4090.0,4135.0,4029.0,4042.0,4088.0,4084.0,4123.0,-81.0,-35.0,1540806,6299434.01,1967595,-27321.0,102,0.7546337949047724,0.6803416515995988,12,RB2310.SHF,4000.0,4040.0,352220,-42.0,RB2302.SHF,3980.0,4035.0,13,62.0,RB2401.SHF,3946.0,3983.0,347,-34.0,-0.009335600156470981,-0.009375704398238918,1208850.0,1271103.0,-4632.0,-17236.0,35.0,471983.0,644295.0,-0.02510249186174093,0.3904396740703975,0.5068786715159983,48675.0,0.0,12.0
2023-02-03,RB2305.SHF,4050.0,4059.0,3993.0,4055.0,4031.0,4042.0,4088.0,-33.0,-57.0,1340933,5406018.3,1962672,-4923.0,101,0.6816465254877879,0.6804874116527374,12,RB2310.SHF,4018.0,3991.0,357918,-37.0,RB2302.SHF,3959.0,3966.0,12,96.0,RB2401.SHF,3958.0,3938.0,346,-1.0,-0.00027603293035050947,-0.00027606779766815105,1179557.0,1285575.0,-27349.0,14506.0,35.0,453555.0,656866.0,-0.04300702761555973,0.38451299937179806,0.5109511308169497,48675.0,0.0,12.0
2023-02-06,RB2305.SHF,4054.0,4084.0,4001.0,4049.0,4037.0,4055.0,4031.0,18.0,6.0,1447504,5843906.05,1984665,21993.0,98,0.6211866327014055,0.6796972524979238,12,RB2310.SHF,4013.0,3998.0,357997,-36.0,RB2302.SHF,3979.0,3959.0,9,70.0,RB2401.SHF,3960.0,3944.0,343,-19.0,-0.005218264150261929,-0.0052307627398708945,1185114.0,1290171.0,7400.0,6923.0,34.0,446457.0,660030.0,-0.042442385422284706,0.3767207205382773,0.5115833482538361,55985.0,7310.0,12.0
2023-02-07,RB2305.SHF,4040.0,4055.0,3978.0,4018.0,4016.0,4049.0,4037.0,-19.0,-21.0,1511616,6072126.54,1974498,-10167.0,97,0.6149194909841781,0.6749506733447369,12,RB2310.SHF,3986.0,3978.0,362427,-32.0,RB2302.SHF,3940.0,3952.0,8,78.0,RB2401.SHF,3935.0,3915.0,342,-5.0,-0.0013868202680932895,-0.0013877009753704027,1194322.0,1294330.0,15742.0,5128.0,35.0,458572.0,663455.0,-0.040185610523287306,0.38396010456141644,0.512585662079995,55985.0,0.0,12.0
2023-02-08,RB2305.SHF,4010.0,4063.0,3984.0,4055.0,4022.0,4018.0,4016.0,39.0,6.0,1539318,6192552.34,1981288,6790.0,96,0.6957095924363652,0.6731926165480058,12,RB2310.SHF,4017.0,3991.0,368313,-38.0,RB2302.SHF,3970.0,3970.0,7,85.0,RB2401.SHF,3965.0,3938.0,341,-5.0,-0.0013763405179565735,-0.0013772079595360438,1179465.0,1300192.0,-2535.0,5862.0,34.0,456432.0,673665.0,-0.048686975658326935,0.38698223347025984,0.5181273227338732,60283.0,4298.0,12.0
2023-02-09,RB2305.SHF,4052.0,4100.0,4048.0,4085.0,4076.0,4055.0,4022.0,63.0,54.0,1157730,4718937.71,1979876,-1412.0,95,0.6302221152856884,0.6730252271092504,12,RB2310.SHF,4047.0,4038.0,373237,-38.0,RB2302.SHF,4030.0,4030.0,6,55.0,RB2401.SHF,3996.0,3985.0,340,-34.0,-0.009219773851800136,-0.009258886340969635,1175627.0,1301853.0,-3838.0,3270.0,33.0,455326.0,672769.0,-0.050949351760660025,0.38730481691897173,0.5167780079624965,61814.0,1531.0,12.0
2023-02-10,RB2305.SHF,4085.0,4096.0,4016.0,4074.0,4058.0,4085.0,4076.0,-2.0,-18.0,1582510,6422393.65,1933276,-46600.0,94,0.5715956501936189,0.6704611267826414,12,RB2310.SHF,4031.0,4020.0,368823,-43.0,RB2302.SHF,3970.0,4001.0,5,104.0,RB2401.SHF,3972.0,3958.0,339,2.0,0.0005505362071825808,0.0005503975796313956,1143604.0,1272969.0,-28256.0,-28884.0,31.0,435257.0,663893.0,-0.053532419670334806,0.3806011521470719,0.5215311606174228,61814.0,0.0,12.0
2023-02-13,RB2305.SHF,4074.0,4080.0,3991.0,3993.0,4031.0,4074.0,4058.0,-65.0,-27.0,1552262,6258106.48,1942412,9136.0,91,0.6497889588847618,0.6727510825981802,12,RB2310.SHF,3950.0,3984.0,363690,-43.0,RB2302.SHF,3960.0,3960.0,2,33.0,RB2401.SHF,3890.0,3927.0,336,-70.0,-0.019317425754551445,-0.01949019966213318,1117024.0,1287190.0,-24794.0,19619.0,31.0,427490.0,673874.0,-0.07077822523286197,0.38270440026355745,0.5235233337735687,73163.0,11349.0,12.0
2023-02-14,RB2305.SHF,3992.0,4046.0,3961.0,4027.0,4006.0,3993.0,4031.0,-4.0,-25.0,1585145,6351106.12,1911228,-31184.0,90,0.5802784862303543,0.667260647490303,12,RB2310.SHF,3970.0,3956.0,375588,-57.0,RB2302.SHF,3960.0,3960.0,1,67.0,RB2401.SHF,3910.0,3893.0,335,-50.0,-0.013798161253251102,-0.013886011117445817,1100963.0,1235764.0,-16061.0,-47175.0,31.0,442000.0,651588.0,-0.057687954134137194,0.4014667159568487,0.5272754344680699,77101.0,3938.0,12.0
2023-02-15,RB2305.SHF,4036.0,4088.0,4030.0,4066.0,4061.0,4027.0,4006.0,60.0,55.0,1287382,5228457.36,1896584,-14644.0,89,0.5982808827206221,0.6659007888635001,12,RB2310.SHF,4011.0,3998.0,378211,-55.0,RB2303.SHF,4073.0,4068.0,28,-7.0,RB2401.SHF,3945.0,3936.0,334,-128.0,-0.037485818453742055,-0.03808748086431322,1105413.0,1220603.0,4450.0,-15161.0,31.0,458106.0,650263.0,-0.049522445245432534,0.4144206735401158,0.5327391461433406,77101.0,0.0,12.0
2023-02-16,RB2305.SHF,4061.0,4164.0,4052.0,4146.0,4111.0,4066.0,4061.0,85.0,50.0,1877414,7719656.3,1906154,9570.0,88,0.6971231537922267,0.6687055979046579,12,RB2310.SHF,4078.0,4050.0,378480,-68.0,RB2303.SHF,4168.0,4124.0,27,-22.0,RB2402.SHF,4004.0,3964.0,368,-164.0,-0.04211672792565614,-0.04296771757860247,1126812.0,1201774.0,21399.0,-14680.0,31.0,475437.0,597351.0,-0.03219206849135055,0.4219310763463648,0.49705768305854514,77101.0,0.0,12.0
2023-02-17,RB2305.SHF,4155.0,4178.0,4146.0,4167.0,4162.0,4146.0,4111.0,56.0,51.0,1091790,4545006.2,1946318,40164.0,87,0.4961799971005153,0.6746600473432754,12,RB2310.SHF,4102.0,4096.0,383773,-65.0,RB2303.SHF,4176.0,4175.0,26,-9.0,RB2402.SHF,3997.0,4000.0,367,-179.0,-0.04588080471005944,-0.0468931564829037,1149059.0,1228533.0,33854.0,26759.0,32.0,491252.0,601824.0,-0.03342625648134751,0.4275254795445665,0.4898720669286051,74699.0,-2402.0,12.0
2023-02-20,RB2305.SHF,4150.0,4194.0,4130.0,4184.0,4167.0,4167.0,4162.0,22.0,5.0,1366456,5694351.63,1960497,14179.0,84,0.7062080085998388,0.6726793299616396,12,RB2310.SHF,4127.0,4105.0,390370,-57.0,RB2303.SHF,4182.0,4171.0,23,2.0,RB2402.SHF,4036.0,4023.0,364,-146.0,-0.03736864175610878,-0.03803653066863328,1138029.0,1247378.0,-11030.0,19382.0,31.0,485082.0,622379.0,-0.0458408145863578,0.4262474857846329,0.4989497970943852,67791.0,-6908.0,12.0
2023-02-21,RB2305.SHF,4195.0,4258.0,4191.0,4254.0,4232.0,4184.0,4167.0,87.0,65.0,1421583,6016384.28,1971804,11307.0,83,0.6821644680963372,0.6728503161891867,12,RB2310.SHF,4195.0,4170.0,390707,-59.0,RB2303.SHF,4252.0,4230.0,22,2.0,RB2402.SHF,4075.0,4075.0,363,-177.0,-0.04455726199573493,-0.04551123323228601,1152189.0,1231943.0,14160.0,-10900.0,32.0,508623.0,591865.0,-0.033452006851969605,0.4414405969853904,0.4804321303826557,54261.0,-13530.0,12.0
2023-02-22,RB2305.SHF,4228.0,4278.0,4225.0,4237.0,4245.0,4254.0,4232.0,5.0,13.0,1444261,6131108.04,1974418,2614.0,82,0.6696832516241753,0.6729697929845992,12,RB2310.SHF,4183.0,4191.0,399653,-54.0,RB2303.SHF,4248.0,4241.0,21,-11.0,RB2402.SHF,4088.0,4087.0,362,-160.0,-0.0403156772757647,-0.04109453762157048,1151745.0,1231035.0,5925.0,-446.0,31.0,529122.0,586623.0,-0.03327625714501549,0.4594089837594259,0.47652828717298856,52464.0,-1797.0,12.0
2023-02-23,RB2305.SHF,4260.0,4289.0,4220.0,4228.0,4261.0,4237.0,4245.0,-17.0,16.0,1896147,8080155.92,2005676,31258.0,81,0.7575679001494243,0.6782343580181537,12,RB2310.SHF,4171.0,4206.0,395887,-57.0,RB2303.SHF,4248.0,4263.0,20,-20.0,RB2402.SHF,4079.0,4075.0,361,-169.0,-0.04258343412252658,-0.043453649898941266,1180591.0,1256514.0,28846.0,31033.0,31.0,544251.0,597692.0,-0.031152945810705737,0.46099877095454733,0.4756747636715548,52464.0,0.0,12.0
2023-02-24,RB2305.SHF,4227.0,4244.0,4187.0,4224.0,4218.0,4228.0,4261.0,-37.0,-43.0,1669416,7042838.43,2057187,51511.0,80,0.7153699799454929,0.68796465580983,12,RB2310.SHF,4164.0,4166.0,403192,-60.0,RB2303.SHF,4256.0,4255.0,19,-32.0,RB2402.SHF,4060.0,4067.0,360,-196.0,-0.049293872511189975,-0.05046502676064873,1226564.0,1284009.0,54783.0,27495.0,29.0,557751.0,636470.0,-0.02288123069912725,0.45472637383781034,0.49568967195712804,52464.0,0.0,12.0
2023-02-27,RB2305.SHF,4200.0,4240.0,4173.0,4191.0,4201.0,4224.0,4218.0,-27.0,-17.0,1925170,8088495.12,1975574,-81613.0,77,0.8238566093997803,0.6782769971942941,12,RB2310.SHF,4140.0,4148.0,400177,-51.0,RB2303.SHF,4258.0,4260.0,16,-67.0,RB2402.SHF,4047.0,4059.0,357,-211.0,-0.053041437266955885,-0.05440073522231415,1177618.0,1254824.0,-39726.0,-25816.0,30.0,521510.0,645348.0,-0.03174011959997402,0.44285158684734777,0.5142936379922602,52464.0,0.0,12.0
2023-02-28,RB2305.SHF,4190.0,4193.0,4150.0,4174.0,4170.0,4191.0,4201.0,-27.0,-31.0,1369701,5712525.8,1943334,-32240.0,76,0.7876353360889337,0.6691527461709382,12,RB2310.SHF,4126.0,4123.0,403241,-48.0,RB2303.SHF,4318.0,4259.0,15,-144.0,RB2402.SHF,4037.0,4034.0,356,-281.0,-0.06965658316343376,-0.0720264778034057,1151105.0,1238324.0,-11119.0,-16500.0,32.0,522600.0,649713.0,-0.03650202621630524,0.4539985492200972,0.5246712492045701,52464.0,0.0,12.0
2023-03-01,RB2305.SHF,4175.0,4226.0,4164.0,4216.0,4198.0,4174.0,4170.0,46.0,28.0,1533443,6438091.4,1983020,39686.0,75,0.8021848907423847,0.669935794244286,12,RB2310.SHF,4160.0,4147.0,410744,-56.0,RB2303.SHF,4330.0,4309.0,14,-114.0,RB2402.SHF,4070.0,4050.0,355,-260.0,-0.06427231414194094,-0.06628286813595789,1170630.0,1281421.0,21263.0,47282.0,33.0,546025.0,671794.0,-0.045182991707758115,0.4664368758702579,0.5242570552535037,52764.0,300.0,12.0
2023-03-02,RB2305.SHF,4213.0,4236.0,4203.0,4225.0,4219.0,4216.0,4198.0,27.0,21.0,993488,4192289.85,1971186,-11834.0,74,0.6839372959264106,0.6678771574360817,12,RB2310.SHF,4174.0,4167.0,413941,-51.0,RB2303.SHF,4349.0,4339.0,13,-124.0,RB2402.SHF,4077.0,4075.0,354,-272.0,-0.06694497471020072,-0.06913004712349131,1174250.0,1261809.0,3839.0,-19612.0,32.0,545530.0,662241.0,-0.035942889724756254,0.46457738982329144,0.5248345827300328,52764.0,0.0,12.0
2023-03-03,RB2305.SHF,4229.0,4278.0,4218.0,4272.0,4249.0,4225.0,4219.0,53.0,30.0,1154498,4905744.57,1981344,10158.0,73,0.6101710860324223,0.6684222777738419,12,RB2310.SHF,4215.0,4196.0,415746,-57.0,RB2303.SHF,4390.0,4387.0,12,-118.0,RB2402.SHF,4114.0,4078.0,353,-276.0,-0.06729503871101346,-0.06950353104854788,1183526.0,1257928.0,14286.0,3720.0,30.0,565185.0,657989.0,-0.03047446316825957,0.4775433746280183,0.5230736576338232,52764.0,0.0,12.0
2023-03-06,RB2305.SHF,4260.0,4270.0,4175.0,4210.0,4213.0,4272.0,4249.0,-39.0,-36.0,1762004,7424354.86,1961814,-19530.0,70,0.623459356522053,0.6635946290418165,12,RB2310.SHF,4159.0,4160.0,426757,-51.0,RB2303.SHF,4308.0,4314.0,9,-98.0,RB2402.SHF,4063.0,4065.0,350,-245.0,-0.06087358443814549,-0.06267311417982883,1183983.0,1268500.0,3966.0,11928.0,31.0,547339.0,677430.0,-0.03446180870570764,0.46228619836602386,0.5340402049664958,57852.0,5088.0,12.0
2023-03-07,RB2305.SHF,4212.0,4273.0,4199.0,4248.0,4238.0,4210.0,4213.0,35.0,25.0,1464187,6206648.07,2048392,86578.0,69,0.7118066544449906,0.6719731892016728,12,RB2310.SHF,4192.0,4185.0,429159,-56.0,RB2303.SHF,4340.0,4327.0,8,-92.0,RB2402.SHF,4103.0,4087.0,349,-237.0,-0.05845169398759412,-0.06010825849875817,1227861.0,1310557.0,51710.0,48203.0,29.0,590989.0,704697.0,-0.03257777087934296,0.4813158818465608,0.5377080126999436,60248.0,2396.0,12.0
2023-03-08,RB2305.SHF,4249.0,4267.0,4221.0,4249.0,4251.0,4248.0,4238.0,11.0,13.0,1058647,4500632.45,2048137,-255.0,68,0.5761745580100274,0.669322098537361,12,RB2310.SHF,4175.0,4186.0,436666,-74.0,RB2303.SHF,4341.0,4335.0,7,-92.0,RB2402.SHF,4088.0,4090.0,348,-253.0,-0.0623834258495515,-0.06427519779137654,1241715.0,1312382.0,14945.0,1825.0,31.0,615089.0,703813.0,-0.027668095612656842,0.4953544090230045,0.5362866909177358,60248.0,0.0,12.0
2023-03-09,RB2305.SHF,4250.0,4322.0,4206.0,4313.0,4256.0,4249.0,4251.0,62.0,5.0,2639304,11233980.61,2107683,59546.0,67,0.7051541929666366,0.6705948606508739,12,RB2310.SHF,4223.0,4183.0,455144,-90.0,RB2303.SHF,4432.0,4409.0,6,-119.0,RB2402.SHF,4132.0,4082.0,347,-300.0,-0.07245360322686509,-0.07502237635915117,1255452.0,1309371.0,20268.0,4965.0,30.0,635264.0,656667.0,-0.02102250330724576,0.5060042120288151,0.5015133220454707,72512.0,12264.0,12.0
2023-03-10,RB2305.SHF,4325.0,4348.0,4303.0,4314.0,4328.0,4313.0,4256.0,58.0,72.0,1652266,7151500.96,2073405,-34278.0,66,0.5748319791702182,0.6671515682721832,12,RB2310.SHF,4214.0,4236.0,460810,-100.0,RB2303.SHF,4555.0,4508.0,5,-241.0,RB2402.SHF,4124.0,4129.0,346,-431.0,-0.10128085858407018,-0.1063979972533166,1260733.0,1271070.0,5281.0,-38301.0,29.0,632917.0,640865.0,-0.004082861107282044,0.502023029459846,0.504193317441211,78796.0,6284.0,12.0
2023-03-13,RB2305.SHF,4327.0,4377.0,4317.0,4371.0,4351.0,4314.0,4328.0,43.0,23.0,1525232,6637786.22,2073724,319.0,63,0.5871448314092027,0.6639620114515072,12,RB2310.SHF,4267.0,4256.0,465937,-104.0,RB2303.SHF,4480.0,4492.0,2,-109.0,RB2402.SHF,4162.0,4144.0,343,-318.0,-0.07597795349811481,-0.07880929981301954,1248417.0,1267071.0,-10979.0,52.0,31.0,627397.0,633716.0,-0.007415658512384078,0.5025540344292011,0.5001424545270154,93149.0,14353.0,12.0
2023-03-14,RB2305.SHF,4328.0,4401.0,4327.0,4373.0,4372.0,4371.0,4351.0,22.0,21.0,1703065,7445979.97,1999189,-74535.0,62,0.5891319508344391,0.6368072946562299,12,RB2310.SHF,4312.0,4286.0,542024,-61.0,RB2303.SHF,4530.0,4491.0,1,-157.0,RB2402.SHF,4191.0,4169.0,342,-339.0,-0.08010137693965937,-0.0832570036700381,1218908.0,1212467.0,-29509.0,-51017.0,33.0,608351.0,601850.0,0.002649118297259781,0.4990950916722181,0.4963846438707198,102733.0,9584.0,12.0
2023-03-15,RB2305.SHF,4379.0,4394.0,4318.0,4332.0,4359.0,4373.0,4372.0,-40.0,-13.0,1575120,6866935.59,1888550,-110639.0,61,0.5039608303489926,0.6101175717285109,12,RB2310.SHF,4265.0,4295.0,599557,-67.0,RB2304.SHF,4320.0,4343.0,33,12.0,RB2402.SHF,4159.0,4186.0,341,-161.0,-0.0441656144781145,-0.04500964495377983,1152202.0,1146903.0,-66573.0,-63238.0,31.0,572798.0,581488.0,0.0023048099151626394,0.49713331516522274,0.5070071313790269,118090.0,15357.0,12.0
2023-03-16,RB2305.SHF,4295.0,4308.0,4197.0,4205.0,4255.0,4332.0,4359.0,-154.0,-104.0,2511599,10687739.38,1691899,-196651.0,60,0.6240185108670347,0.5762471198696214,12,RB2310.SHF,4138.0,4190.0,635512,-67.0,RB2304.SHF,4213.0,4254.0,32,-8.0,RB2403.SHF,4042.0,4090.0,365,-171.0,-0.04448906537679387,-0.045417140737655674,1059747.0,1053281.0,-70300.0,-74338.0,29.0,512758.0,539118.0,0.003060063567543828,0.4838494470850118,0.5118463164150877,118090.0,0.0,12.0
2023-03-17,RB2305.SHF,4203.0,4284.0,4185.0,4262.0,4234.0,4205.0,4255.0,7.0,-21.0,1812692,7675614.54,1645579,-46320.0,59,0.5578451025926202,0.5635864915608216,12,RB2310.SHF,4177.0,4158.0,641047,-85.0,RB2304.SHF,4252.0,4230.0,31,10.0,RB2403.SHF,4065.0,4038.0,364,-187.0,-0.04820554326669092,-0.04929770834886953,1035436.0,1024081.0,-15538.0,-28857.0,31.0,499446.0,534519.0,0.005513428633995252,0.4823533274871648,0.5219499238829741,118090.0,0.0,12.0
2023-03-20,RB2305.SHF,4266.0,4279.0,4192.0,4194.0,4233.0,4262.0,4234.0,-40.0,-1.0,1524810,6455782.85,1614331,-31248.0,56,0.634568086195488,0.5489883545832829,12,RB2310.SHF,4120.0,4158.0,668345,-74.0,RB2304.SHF,4180.0,4226.0,28,14.0,RB2403.SHF,4005.0,4029.0,361,-175.0,-0.045889190626032694,-0.046877471759654545,1010055.0,1007128.0,-20054.0,-13228.0,30.0,476385.0,523819.0,0.0014510334461474244,0.47164263332194784,0.5201116442001414,121147.0,3057.0,12.0
2023-03-21,RB2305.SHF,4200.0,4223.0,4153.0,4156.0,4188.0,4194.0,4233.0,-77.0,-45.0,1435222,6012097.87,1583137,-31194.0,55,0.6647497662156485,0.5311515395519321,12,RB2310.SHF,4072.0,4105.0,712879,-84.0,RB2304.SHF,4143.0,4172.0,27,13.0,RB2403.SHF,3966.0,3993.0,360,-177.0,-0.04682814603162175,-0.047857893525964215,991946.0,971533.0,-17488.0,-33064.0,30.0,470941.0,507409.0,0.010396342410588552,0.47476475533950435,0.5222766493778389,89776.0,-31371.0,12.0
2023-03-22,RB2305.SHF,4161.0,4195.0,4120.0,4153.0,4154.0,4156.0,4188.0,-35.0,-34.0,1641849,6820677.81,1498897,-84240.0,54,0.6172060699266314,0.5082996902176954,12,RB2310.SHF,4081.0,4085.0,757265,-72.0,RB2304.SHF,4142.0,4143.0,26,11.0,RB2403.SHF,3963.0,3971.0,359,-179.0,-0.047368711057750125,-0.04842272912690528,914337.0,905974.0,-77445.0,-63269.0,30.0,428709.0,468329.0,0.004594269880256725,0.46887416783964775,0.5169342608066015,89776.0,0.0,12.0
2023-03-23,RB2305.SHF,4159.0,4181.0,4066.0,4070.0,4125.0,4153.0,4154.0,-84.0,-29.0,1805506,7448838.54,1528575,29678.0,53,0.5414837234522404,0.4987166465960874,12,RB2310.SHF,4033.0,4067.0,842880,-37.0,RB2304.SHF,4059.0,4116.0,25,11.0,RB2403.SHF,3940.0,3954.0,358,-119.0,-0.032134869533243536,-0.03261534177064613,909635.0,914730.0,2751.0,19090.0,32.0,406856.0,480011.0,-0.0027927525467765497,0.4472739065669197,0.5247570321296995,89776.0,0.0,12.0
2023-03-24,RB2305.SHF,4070.0,4125.0,4055.0,4107.0,4085.0,4070.0,4125.0,-18.0,-40.0,1463299,5977845.15,1461026,-67549.0,52,0.5620295452677411,0.48332220708582074,12,RB2310.SHF,4060.0,4038.0,891944,-47.0,RB2304.SHF,4090.0,4051.0,24,17.0,RB2403.SHF,3955.0,3939.0,357,-135.0,-0.03617921099583692,-0.03678977364807512,859534.0,872550.0,-48041.0,-39853.0,31.0,392351.0,467365.0,-0.007514647095637394,0.45646943576403026,0.5356311959200046,92213.0,2437.0,12.0
2023-03-27,RB2305.SHF,4080.0,4129.0,4074.0,4105.0,4105.0,4107.0,4085.0,20.0,20.0,1179589,4842581.99,1380095,-80931.0,49,0.6380657707193452,0.4625887028196192,12,RB2310.SHF,4060.0,4059.0,920252,-45.0,RB2304.SHF,4072.0,4076.0,21,33.0,RB2403.SHF,3966.0,3957.0,354,-106.0,-0.0285329533856056,-0.028910903723649642,803813.0,818757.0,-53587.0,-53793.0,29.0,357071.0,422448.0,-0.009210080304701801,0.44422147937393397,0.5159626116173663,92213.0,0.0,12.0
2023-03-28,RB2305.SHF,4110.0,4147.0,4095.0,4136.0,4121.0,4105.0,4105.0,31.0,16.0,1156760,4767340.73,1233806,-146289.0,48,0.5962462198548404,0.4222155910339338,12,RB2310.SHF,4104.0,4088.0,971987,-32.0,RB2304.SHF,4109.0,4091.0,20,27.0,RB2403.SHF,3985.0,3978.0,353,-124.0,-0.033077613997545864,-0.033586990527235544,716069.0,736155.0,-86800.0,-69239.0,28.0,307617.0,370851.0,-0.013831199594552906,0.4295912824043493,0.503767548953685,92213.0,0.0,12.0
2023-03-29,RB2305.SHF,4141.0,4168.0,4123.0,4151.0,4145.0,4136.0,4121.0,30.0,24.0,1055543,4376213.16,1123338,-110468.0,47,0.550179198392114,0.3891349358466958,12,RB2310.SHF,4118.0,4111.0,1031440,-33.0,RB2304.SHF,4099.0,4120.0,19,52.0,RB2403.SHF,4008.0,4006.0,352,-91.0,-0.024333921625944124,-0.024608100225127518,644475.0,653756.0,-71271.0,-66759.0,29.0,263390.0,319621.0,-0.007148958852469245,0.4086892431824353,0.4888995282643677,92213.0,0.0,12.0
2023-03-30,RB2310.SHF,4130.0,4137.0,4094.0,4127.0,4116.0,4118.0,4111.0,16.0,5.0,538942,2218372.27,1085398,53958.0,200,0.24825351668913012,0.384675061676065,12,RB2305.SHF,4167.0,4151.0,1013872,40.0,RB2304.SHF,4112.0,4108.0,18,15.0,RB2403.SHF,4015.0,4010.0,351,-97.0,-0.025856352461410857,-0.02616620412991213,716551.0,708102.0,48598.0,44983.0,34.0,328499.0,318186.0,0.005930566952092896,0.45844468851484405,0.44935051729835535,92213.0,0.0,12.0
2023-03-31,RB2310.SHF,4130.0,4178.0,4120.0,4136.0,4149.0,4127.0,4116.0,20.0,33.0,610859,2534970.84,1171676,86278.0,199,0.33005685744682345,0.41853418944623544,12,RB2305.SHF,4161.0,4175.0,906146,25.0,RB2304.SHF,4115.0,4139.0,17,21.0,RB2403.SHF,4033.0,4041.0,350,-82.0,-0.02184201212147744,-0.02206257104143462,771288.0,763455.0,56154.0,60581.0,32.0,369312.0,342740.0,0.00510378610620801,0.47882503033886176,0.448932812019045,92213.0,0.0,12.0
2023-04-03,RB2310.SHF,4137.0,4140.0,4017.0,4019.0,4084.0,4136.0,4149.0,-130.0,-65.0,1077799,4402232.15,1281453,109777.0,196,0.41823186861500244,0.444231093226432,12,RB2305.SHF,4044.0,4108.0,863464,25.0,RB2304.SHF,4023.0,4046.0,14,-4.0,RB2403.SHF,3930.0,3957.0,347,-93.0,-0.025338537642788178,-0.025636007467164157,808330.0,807018.0,42442.0,49546.0,31.0,368099.0,386613.0,0.0008122088862585647,0.45538208404983116,0.4790636640074943,92213.0,0.0,12.0
2023-04-04,RB2310.SHF,4020.0,4038.0,3971.0,3975.0,3998.0,4019.0,4084.0,-109.0,-86.0,1034068,4135069.4,1352877,71424.0,195,0.4701206593986125,0.4683077736812026,12,RB2305.SHF,4018.0,4032.0,767896,43.0,RB2304.SHF,3983.0,4002.0,13,-8.0,RB2403.SHF,3894.0,3907.0,346,-89.0,-0.02449223011613168,-0.024770015003204846,838994.0,849006.0,30820.0,43413.0,30.0,380465.0,413249.0,-0.005931279620853081,0.45347761724160124,0.486744498861021,100902.0,8689.0,12.0
2023-04-06,RB2310.SHF,3960.0,3979.0,3923.0,3938.0,3950.0,3975.0,3998.0,-60.0,-48.0,1066014,4211687.99,1442365,89488.0,193,0.5454651513236567,0.4965328948976427,12,RB2305.SHF,3981.0,3997.0,708093,43.0,RB2304.SHF,3960.0,3970.0,11,-22.0,RB2403.SHF,3856.0,3865.0,344,-104.0,-0.028786362119695395,-0.029171116243552037,871189.0,896104.0,35765.0,50154.0,30.0,388448.0,445514.0,-0.01409783210820164,0.445882581162067,0.4971677394588128,102399.0,1497.0,12.0
2023-04-07,RB2310.SHF,3952.0,4008.0,3948.0,3989.0,3983.0,3938.0,3950.0,39.0,33.0,1293250,5151911.96,1506483,64118.0,192,0.5527221968874891,0.5191340890412021,12,RB2305.SHF,4033.0,4027.0,622516,44.0,RB2304.SHF,3962.0,3969.0,10,27.0,RB2403.SHF,3881.0,3887.0,343,-81.0,-0.022408829829324548,-0.022641066065166162,917665.0,938557.0,54604.0,42453.0,31.0,408106.0,461604.0,-0.011255119269139144,0.444722202546681,0.4918230858647903,103597.0,1198.0,12.0
2023-04-10,RB2310.SHF,4000.0,4020.0,3881.0,3907.0,3946.0,3989.0,3983.0,-76.0,-37.0,1768635,6979040.26,1655293,148810.0,189,0.6214926210192896,0.5499261136441256,12,RB2305.SHF,3978.0,3986.0,562499,71.0,RB2304.SHF,3885.0,3900.0,7,22.0,RB2403.SHF,3815.0,3831.0,340,-70.0,-0.01974947920893871,-0.01992956896505863,973144.0,1056578.0,55533.0,120592.0,28.0,435529.0,515646.0,-0.04110612192211544,0.4475483587218336,0.48803401168678506,106022.0,2425.0,12.0
2023-04-11,RB2310.SHF,3909.0,3940.0,3868.0,3937.0,3903.0,3907.0,3946.0,-9.0,-43.0,1469111,5735320.9,1666310,11017.0,188,0.6190883948448878,0.5545054671521624,12,RB2305.SHF,3984.0,3961.0,528405,47.0,RB2304.SHF,3910.0,3894.0,6,27.0,RB2403.SHF,3835.0,3803.0,339,-75.0,-0.02102486117831392,-0.02122912252249266,988578.0,1052899.0,16466.0,4145.0,30.0,429777.0,506296.0,-0.031507090209686416,0.43474263032355565,0.4808590377614567,125171.0,19149.0,12.0
2023-04-12,RB2310.SHF,3940.0,3945.0,3890.0,3900.0,3914.0,3937.0,3903.0,-3.0,11.0,1205778,4719981.03,1720589,54279.0,187,0.599735888565865,0.5670668062755443,12,RB2305.SHF,3956.0,3972.0,507282,56.0,RB2304.SHF,3870.0,3841.0,5,30.0,RB2403.SHF,3801.0,3823.0,338,-69.0,-0.01954279861256602,-0.01971911626913282,1005529.0,1075766.0,16951.0,22867.0,30.0,435770.0,509182.0,-0.03374677784744594,0.433373875840478,0.4733204061106226,125171.0,0.0,12.0
2023-04-13,RB2310.SHF,3914.0,3915.0,3855.0,3886.0,3881.0,3900.0,3914.0,-28.0,-33.0,1637913,6357862.87,1748553,27964.0,186,0.6767528022896779,0.5724486538779479,12,RB2305.SHF,3933.0,3937.0,479881,47.0,RB2304.SHF,3850.0,3877.0,4,36.0,RB2403.SHF,3783.0,3777.0,337,-67.0,-0.019074919074919094,-0.019242846747183923,1011727.0,1088051.0,6198.0,14803.0,28.0,446255.0,522256.0,-0.03634860447152032,0.44108242638577405,0.47999220624768507,126068.0,897.0,12.0
2023-04-14,RB2310.SHF,3886.0,3948.0,3885.0,3896.0,3916.0,3886.0,3881.0,15.0,35.0,1435636,5621963.4,1703998,-44555.0,185,0.6843068111511186,0.5766352145176884,12,RB2305.SHF,3945.0,3960.0,445906,49.0,RB2304.SHF,3880.0,3880.0,3,16.0,RB2403.SHF,3788.0,3811.0,336,-92.0,-0.025989907433206432,-0.02630299424517374,978521.0,1056168.0,-31034.0,-29995.0,30.0,434144.0,502543.0,-0.03816160602431133,0.443673666686765,0.47581729421834407,124844.0,-1224.0,12.0
2023-04-17,RB2310.SHF,3900.0,3938.0,3873.0,3928.0,3907.0,3896.0,3916.0,12.0,-9.0,1636060,6392194.71,1742720,38722.0,182,0.7323232775367625,0.5818090525071052,12,RB2305.SHF,3960.0,3947.0,427733,32.0,RB2305.SHF,3960.0,3947.0,28,-32.0,RB2403.SHF,3831.0,3797.0,333,-129.0,-0.03898410332836564,-0.039633207327787544,1018773.0,1076269.0,40748.0,22489.0,28.0,444605.0,518340.0,-0.027443841221321576,0.43641223314712896,0.48160822247969604,128738.0,3894.0,12.0
2023-04-18,RB2310.SHF,3945.0,3981.0,3926.0,3950.0,3952.0,3928.0,3907.0,43.0,45.0,1619625,6401228.41,1778836,36116.0,181,0.6491040690614267,0.5941310208071909,12,RB2305.SHF,3971.0,3979.0,384222,21.0,RB2305.SHF,3971.0,3979.0,27,-21.0,RB2404.SHF,3833.0,3843.0,363,-138.0,-0.03775137604777491,-0.038422947913702876,1032039.0,1110261.0,17130.0,35845.0,30.0,455976.0,525971.0,-0.036513093404285116,0.4418205125969077,0.47373635568573513,133531.0,4793.0,12.0
2023-04-19,RB2310.SHF,3950.0,3963.0,3910.0,3927.0,3940.0,3950.0,3952.0,-25.0,-12.0,1495928,5895257.29,1818464,39628.0,180,0.5952165522729533,0.6010465721984097,12,RB2305.SHF,3949.0,3967.0,368197,22.0,RB2305.SHF,3949.0,3967.0,26,-22.0,RB2404.SHF,3802.0,3834.0,362,-147.0,-0.04043745251962526,-0.04120930195526896,1051877.0,1132361.0,20436.0,22100.0,29.0,449463.0,542615.0,-0.03684763290447286,0.4272961572503249,0.4791890571999565,133531.0,0.0,12.0
2023-04-20,RB2310.SHF,3911.0,3929.0,3868.0,3914.0,3899.0,3927.0,3940.0,-26.0,-41.0,1895468,7391500.05,1812943,-5521.0,179,0.7198117331103417,0.6071379294639604,12,RB2307.SHF,3925.0,3922.0,353285,11.0,RB2305.SHF,3928.0,3922.0,25,-14.0,RB2404.SHF,3810.0,3796.0,361,-118.0,-0.03263353457472597,-0.03313374551805827,1071897.0,1120795.0,20981.0,767.0,29.0,456749.0,542149.0,-0.022300441648895514,0.42611277016355115,0.48371825356108833,122930.0,-10601.0,12.0
2023-04-21,RB2310.SHF,3904.0,3908.0,3809.0,3810.0,3853.0,3914.0,3899.0,-89.0,-46.0,1838698,7084759.94,1918659,105716.0,178,0.6562604286345007,0.6303911057986904,12,RB2307.SHF,3832.0,3863.0,339432,22.0,RB2305.SHF,3828.0,3877.0,24,-18.0,RB2404.SHF,3718.0,3752.0,360,-110.0,-0.031215790914066798,-0.03167307519756335,1118977.0,1199969.0,47236.0,79174.0,30.0,481788.0,622789.0,-0.034926212167079355,0.43056112860228585,0.519004240942891,129839.0,6909.0,12.0
2023-04-24,RB2310.SHF,3810.0,3817.0,3690.0,3714.0,3743.0,3810.0,3853.0,-139.0,-110.0,2188088,8191178.03,2009878,91219.0,175,0.6784596484678529,0.6455023260370014,12,RB2307.SHF,3741.0,3780.0,340248,27.0,RB2305.SHF,3728.0,3759.0,21,-14.0,RB2404.SHF,3633.0,3659.0,357,-95.0,-0.027682243766605358,-0.02804106371506592,1155684.0,1264392.0,39288.0,70511.0,28.0,498475.0,649954.0,-0.044919250469819955,0.43132465275975096,0.514044694999652,129540.0,-299.0,12.0
2023-04-25,RB2310.SHF,3715.0,3747.0,3680.0,3685.0,3719.0,3714.0,3743.0,-58.0,-24.0,1706302,6346522.56,2046197,36319.0,174,0.6256091368231941,0.6720664381773185,12,RB2307.SHF,3708.0,3746.0,298875,23.0,RB2305.SHF,3700.0,3735.0,20,-15.0,RB2404.SHF,3605.0,3632.0,356,-95.0,-0.027891731016730974,-0.02825605015875657,1168835.0,1295090.0,13472.0,32679.0,30.0,499539.0,649870.0,-0.051241413598222346,0.42738196580355653,0.5017952420295114,129540.0,0.0,12.0
2023-04-26,RB2310.SHF,3670.0,3736.0,3662.0,3719.0,3702.0,3685.0,3719.0,0.0,-17.0,1771843,6560508.6,2010382,-35815.0,173,0.7779710193289362,0.6973749343083164,12,RB2307.SHF,3716.0,3703.0,257609,-3.0,RB2305.SHF,3698.0,3695.0,19,21.0,RB2404.SHF,3628.0,3607.0,355,-70.0,-0.02056291689201368,-0.020760027559213284,1160222.0,1257821.0,-3448.0,-35471.0,27.0,493323.0,616817.0,-0.04036280578964063,0.42519707435301174,0.4903853568989546,129540.0,0.0,12.0
2023-04-27,RB2310.SHF,3744.0,3759.0,3690.0,3691.0,3728.0,3719.0,3702.0,-11.0,26.0,1710699,6377604.09,2003400,-6982.0,172,0.7930432629992045,0.709612999866465,12,RB2307.SHF,3688.0,3722.0,216673,-3.0,RB2305.SHF,3679.0,3705.0,18,12.0,RB2404.SHF,3608.0,3634.0,354,-71.0,-0.020964386026223483,-0.021169319885788487,1154571.0,1269639.0,-5651.0,14948.0,30.0,487464.0,614595.0,-0.047466184860222506,0.42220357171624784,0.4840706689066735,129540.0,0.0,12.0
2023-04-28,RB2310.SHF,3691.0,3710.0,3660.0,3660.0,3683.0,3691.0,3728.0,-68.0,-45.0,1458191,5371300.09,1955066,-48334.0,171,0.7843455875312917,0.7087894538590017,12,RB2401.SHF,3598.0,3616.0,201069,-62.0,RB2305.SHF,3583.0,3638.0,17,77.0,RB2404.SHF,3600.0,3599.0,353,17.0,0.005154133939369828,0.005141945255432668,1137304.0,1256314.0,-17267.0,-13325.0,29.0,485014.0,611049.0,-0.049719713003495127,0.4264594163038203,0.4863823852953959,129540.0,0.0,12.0
2023-05-04,RB2310.SHF,3650.0,3677.0,3609.0,3615.0,3641.0,3660.0,3683.0,-68.0,-42.0,1268068,4617920.56,2022762,67696.0,165,0.8066816119535153,0.7073554034603295,12,RB2401.SHF,3548.0,3570.0,208848,-67.0,RB2305.SHF,3558.0,3580.0,11,57.0,RB2404.SHF,3533.0,3555.0,347,-25.0,-0.0076328662437431275,-0.007659808381910287,1169640.0,1309847.0,32336.0,53533.0,30.0,502446.0,640926.0,-0.05654677761972537,0.4295732020108751,0.48931363739429107,128341.0,-1199.0,12.0
2023-05-05,RB2310.SHF,3610.0,3625.0,3539.0,3622.0,3583.0,3615.0,3641.0,-19.0,-58.0,1999125,7164654.38,2062499,39737.0,164,0.820706707862281,0.6973601061137463,12,RB2311.SHF,3603.0,3559.0,245247,-19.0,RB2305.SHF,3542.0,3524.0,10,80.0,RB2404.SHF,3540.0,3498.0,346,-2.0,-0.0006133876475491175,-0.000613560888273582,1197284.0,1326504.0,33873.0,16926.0,29.0,499012.0,661781.0,-0.05120081401448933,0.4167866604748748,0.4988910700608517,143315.0,14974.0,12.0
2023-05-08,RB2310.SHF,3611.0,3733.0,3605.0,3732.0,3670.0,3622.0,3583.0,149.0,87.0,2562981,9408061.14,2103630,41131.0,161,0.8536944124403817,0.6979917925086734,12,RB2311.SHF,3710.0,3638.0,289313,-22.0,RB2305.SHF,3616.0,3587.0,7,116.0,RB2404.SHF,3626.0,3581.0,343,10.0,0.003004174568057271,0.003000028208321911,1228736.0,1310490.0,34486.0,-14075.0,30.0,515144.0,638569.0,-0.03219642520988679,0.4192470962029272,0.487274988744668,142716.0,-599.0,12.0
2023-05-09,RB2310.SHF,3738.0,3743.0,3690.0,3691.0,3720.0,3732.0,3670.0,21.0,50.0,1593264,5927281.29,2051179,-52451.0,160,0.8365162586984851,0.6886155034075268,12,RB2311.SHF,3665.0,3702.0,322879,-26.0,RB2305.SHF,3588.0,3604.0,6,103.0,RB2404.SHF,3606.0,3634.0,342,18.0,0.00544971333014823,0.0054360890278875645,1206943.0,1285797.0,-20499.0,-24693.0,28.0,502863.0,624084.0,-0.031633463578231186,0.4166418795253794,0.4853674413612724,142716.0,0.0,12.0
2023-05-10,RB2310.SHF,3690.0,3732.0,3666.0,3688.0,3698.0,3691.0,3720.0,-32.0,-22.0,1778887,6579894.57,2050699,-480.0,159,0.8626742855812704,0.6825148055229576,12,RB2311.SHF,3662.0,3670.0,345845,-26.0,RB2305.SHF,3537.0,3560.0,5,151.0,RB2404.SHF,3589.0,3592.0,341,52.0,0.0159706234769847,0.015854363716893433,1203663.0,1285340.0,-3280.0,-457.0,28.0,490331.0,627135.0,-0.03281514726981044,0.4073656829195547,0.48791370376709664,137924.0,-4792.0,12.0
2023-05-11,RB2310.SHF,3692.0,3709.0,3591.0,3600.0,3635.0,3688.0,3698.0,-98.0,-63.0,2626151,9547470.44,2041822,-8877.0,158,0.8796814972349911,0.6793871540047408,12,RB2311.SHF,3571.0,3612.0,357190,-29.0,RB2305.SHF,3480.0,3491.0,4,120.0,RB2404.SHF,3540.0,3543.0,340,60.0,0.018729474548439984,0.018569845762334863,1185847.0,1266931.0,-17816.0,-18409.0,30.0,501193.0,618480.0,-0.03305802645000893,0.42264558581334694,0.4881718104616589,131026.0,-6898.0,12.0
2023-05-12,RB2310.SHF,3580.0,3633.0,3562.0,3579.0,3595.0,3600.0,3635.0,-56.0,-40.0,1856249,6673804.65,1995985,-45837.0,157,0.8618019458511845,0.6772465175491635,12,RB2311.SHF,3559.0,3569.0,353594,-20.0,RB2305.SHF,3415.0,3444.0,3,164.0,RB2404.SHF,3508.0,3517.0,339,93.0,0.02958324618280695,0.029187595960779397,1157044.0,1232248.0,-28230.0,-34683.0,30.0,490028.0,585341.0,-0.03147543288974307,0.42351716961498437,0.4750188273789043,125335.0,-5691.0,12.0
2023-05-15,RB2310.SHF,3587.0,3698.0,3587.0,3667.0,3652.0,3579.0,3595.0,72.0,57.0,2564799,9368332.46,1993296,-2689.0,154,0.8809915555579981,0.6785265803015506,12,RB2311.SHF,3646.0,3626.0,362970,-21.0,RB2306.SHF,3655.0,3632.0,31,12.0,RB2404.SHF,3584.0,3565.0,336,-71.0,-0.02324684353344847,-0.023475600991823272,1152553.0,1244191.0,-4122.0,12726.0,29.0,486305.0,583669.0,-0.03823437129705968,0.4219372124318795,0.46911527249433566,116655.0,-8680.0,12.0
2023-05-16,RB2310.SHF,3680.0,3697.0,3627.0,3640.0,3662.0,3667.0,3652.0,-12.0,10.0,1743581,6386247.9,2001059,7763.0,153,0.8668365292354195,0.6763684311216298,12,RB2311.SHF,3616.0,3642.0,376642,-24.0,RB2306.SHF,3624.0,3645.0,30,16.0,RB2405.SHF,3524.0,3554.0,365,-100.0,-0.030064907251820403,-0.03048750220591626,1145920.0,1251842.0,-5194.0,7663.0,31.0,475844.0,576714.0,-0.04417536019004388,0.4152506283161128,0.4606923237916606,111207.0,-5448.0,12.0
2023-05-17,RB2310.SHF,3640.0,3717.0,3636.0,3715.0,3676.0,3640.0,3662.0,53.0,14.0,1783507,6556609.87,2018915,17856.0,152,0.8734101402347889,0.6765562873960534,12,RB2311.SHF,3693.0,3648.0,388616,-22.0,RB2306.SHF,3694.0,3657.0,29,21.0,RB2405.SHF,3595.0,3569.0,364,-99.0,-0.029200235961502723,-0.029598656926787904,1165152.0,1237420.0,20066.0,-12576.0,29.0,500433.0,574526.0,-0.030079431542530254,0.42950018538353796,0.46429344927348837,111207.0,0.0,12.0
2023-05-18,RB2310.SHF,3718.0,3724.0,3661.0,3687.0,3695.0,3715.0,3676.0,11.0,19.0,1720513,6358741.79,1990809,-28106.0,151,0.8745394787672264,0.6757184057760969,12,RB2311.SHF,3668.0,3679.0,388299,-19.0,RB2306.SHF,3668.0,3675.0,28,19.0,RB2405.SHF,3574.0,3576.0,363,-94.0,-0.027922003938866194,-0.028286015656114848,1152385.0,1243291.0,-12419.0,6589.0,29.0,478506.0,590457.0,-0.037945865801552466,0.4152310208827779,0.47491456143412925,33282.0,-77925.0,12.0
2023-05-19,RB2310.SHF,3684.0,3695.0,3613.0,3645.0,3655.0,3687.0,3695.0,-50.0,-40.0,2021992,7391906.89,1932553,-58256.0,150,0.8794557965152188,0.6705082642864651,12,RB2311.SHF,3626.0,3635.0,381360,-19.0,RB2306.SHF,3614.0,3629.0,27,31.0,RB2405.SHF,3535.0,3537.0,362,-79.0,-0.02381699691911219,-0.0240811668055156,1131592.0,1200043.0,-19431.0,-43248.0,30.0,468428.0,584631.0,-0.029357510931170616,0.41395485298588186,0.4871750428942963,33282.0,0.0,12.0
2023-05-22,RB2310.SHF,3651.0,3675.0,3551.0,3569.0,3609.0,3645.0,3655.0,-86.0,-46.0,2274723,8210209.05,1967803,35250.0,147,0.8708257007172266,0.6709010168509159,12,RB2311.SHF,3546.0,3593.0,391923,-23.0,RB2306.SHF,3542.0,3585.0,24,27.0,RB2405.SHF,3454.0,3481.0,359,-88.0,-0.02706962083989993,-0.02741156497670618,1138236.0,1227350.0,13252.0,29592.0,29.0,473730.0,589559.0,-0.03767100414020036,0.4161966411183621,0.4803511630749175,33282.0,0.0,12.0
2023-05-23,RB2310.SHF,3569.0,3621.0,3565.0,3588.0,3592.0,3569.0,3609.0,-21.0,-17.0,1840790,6612483.75,1928799,-39004.0,146,0.8777399123495072,0.6654757698794084,12,RB2311.SHF,3563.0,3569.0,400832,-25.0,RB2306.SHF,3562.0,3564.0,23,26.0,RB2405.SHF,3478.0,3475.0,358,-84.0,-0.025694101083577066,-0.026001912422128955,1130455.0,1178001.0,-7618.0,-43685.0,29.0,474705.0,560902.0,-0.020596450614609938,0.41992383597754884,0.47614730377987796,33282.0,0.0,12.0
2023-05-24,RB2310.SHF,3590.0,3595.0,3462.0,3466.0,3521.0,3588.0,3592.0,-126.0,-71.0,2270046,7993780.58,2055599,126800.0,145,0.8755201429190176,0.6754551010751557,12,RB2311.SHF,3433.0,3501.0,409603,-33.0,RB2306.SHF,3455.0,3516.0,22,11.0,RB2405.SHF,3390.0,3415.0,357,-65.0,-0.0204980884290559,-0.020693359931209365,1182551.0,1273681.0,55101.0,99863.0,30.0,484704.0,613377.0,-0.037101544153809576,0.4098799967189576,0.48157819736653057,32982.0,-300.0,12.0
2023-05-25,RB2310.SHF,3459.0,3477.0,3411.0,3432.0,3440.0,3466.0,3521.0,-89.0,-81.0,2220314,7639912.37,2085614,30015.0,144,0.8593776972708941,0.679330966418032,12,RB2311.SHF,3410.0,3417.0,413752,-22.0,RB2306.SHF,3450.0,3448.0,21,-18.0,RB2405.SHF,3352.0,3358.0,356,-98.0,-0.03094959982695223,-0.03139767962553018,1194409.0,1290666.0,12344.0,19537.0,28.0,482891.0,597961.0,-0.038734042232125794,0.4042928343641081,0.4632964686448702,32982.0,0.0,12.0
2023-05-26,RB2310.SHF,3423.0,3510.0,3388.0,3493.0,3447.0,3432.0,3440.0,53.0,7.0,2829006,9753438.37,2071715,-13899.0,143,0.9005322965402953,0.6783265163927449,12,RB2311.SHF,3480.0,3426.0,424334,-13.0,RB2306.SHF,3468.0,3452.0,20,25.0,RB2405.SHF,3399.0,3370.0,355,-69.0,-0.02167794246759286,-0.021896500580822445,1217026.0,1298102.0,22617.0,17209.0,28.0,504611.0,604062.0,-0.0322353375255653,0.4146263103664178,0.46534247693940844,32982.0,0.0,12.0
2023-05-29,RB2310.SHF,3495.0,3517.0,3463.0,3511.0,3489.0,3493.0,3447.0,64.0,42.0,1986052,6930425.4,2076395,4680.0,140,0.8981743027573139,0.6754806190857893,12,RB2311.SHF,3497.0,3474.0,446953,-14.0,RB2306.SHF,3419.0,3459.0,17,92.0,RB2405.SHF,3421.0,3403.0,352,2.0,0.0006373514119951966,0.0006371650700916484,1202444.0,1289542.0,-14582.0,-2088.0,28.0,495394.0,599745.0,-0.034951239693962965,0.41198924856375846,0.46508372740089116,32982.0,0.0,12.0
2023-05-30,RB2310.SHF,3510.0,3522.0,3444.0,3460.0,3483.0,3511.0,3489.0,-29.0,-6.0,1856823,6468184.79,2092489,16094.0,139,0.8873400771873082,0.6758816385330465,12,RB2311.SHF,3444.0,3472.0,457855,-16.0,RB2306.SHF,3418.0,3417.0,16,42.0,RB2405.SHF,3372.0,3400.0,351,-46.0,-0.014663371265381746,-0.014762936603383322,1226969.0,1304410.0,24525.0,14868.0,27.0,497264.0,603185.0,-0.030592416228466777,0.40527837296622815,0.46241979132328026,32982.0,0.0,12.0
2023-05-31,RB2310.SHF,3460.0,3473.0,3424.0,3463.0,3448.0,3460.0,3483.0,-20.0,-35.0,1666251,5745931.85,2091644,-845.0,138,0.8717993928669717,0.6760908831146331,12,RB2311.SHF,3453.0,3434.0,460677,-10.0,RB2306.SHF,3194.0,3360.0,15,269.0,RB2405.SHF,3374.0,3361.0,350,180.0,0.061402443013486026,0.05973462994268318,1234373.0,1282589.0,7404.0,-19369.0,30.0,518911.0,602715.0,-0.01915642747089547,0.4203842760656625,0.46992060589947365,32982.0,0.0,12.0
2023-06-01,RB2310.SHF,3455.0,3548.0,3445.0,3546.0,3507.0,3463.0,3448.0,98.0,59.0,2124122,7449846.24,2057886,-33758.0,137,0.8857121650832621,0.670994790209585,12,RB2311.SHF,3533.0,3493.0,467167,-13.0,RB2306.SHF,3360.0,3312.0,14,186.0,RB2405.SHF,3446.0,3414.0,349,86.0,0.02788734896943842,0.027536432560233127,1192158.0,1304250.0,-35997.0,24781.0,29.0,489856.0,611291.0,-0.04490131420825442,0.41089855539282544,0.4686915852022235,32982.0,0.0,12.0
2023-06-02,RB2310.SHF,3539.0,3631.0,3508.0,3596.0,3563.0,3546.0,3507.0,89.0,56.0,2437115,8684609.4,1932492,-125394.0,136,0.8900732842337002,0.6596679560824881,12,RB2311.SHF,3583.0,3543.0,455586,-13.0,RB2306.SHF,3405.0,3366.0,13,191.0,RB2405.SHF,3491.0,3458.0,348,86.0,0.027518793696714592,0.02717701585169993,1119650.0,1233131.0,-69010.0,-23699.0,28.0,462320.0,596914.0,-0.048232708441627165,0.4129147501451346,0.48406373694279037,32982.0,0.0,12.0
2023-06-05,RB2310.SHF,3602.0,3689.0,3598.0,3638.0,3638.0,3596.0,3563.0,75.0,75.0,2077583,7560046.73,1908666,-23826.0,133,0.8823409747450338,0.6602153252795337,12,RB2311.SHF,3616.0,3614.0,445021,-22.0,RB2306.SHF,3460.0,3421.0,10,178.0,RB2405.SHF,3517.0,3522.0,345,57.0,0.01794927098610992,0.017803026907783792,1102637.0,1204027.0,-9464.0,-26446.0,30.0,460401.0,565588.0,-0.043955253127460264,0.41754539345224223,0.46974694089086044,32982.0,0.0,12.0
2023-06-06,RB2310.SHF,3638.0,3686.0,3624.0,3641.0,3655.0,3638.0,3638.0,3.0,17.0,1651168,6035748.85,1880580,-28086.0,132,0.8844901601776728,0.6597398970772362,12,RB2311.SHF,3616.0,3629.0,445437,-25.0,RB2306.SHF,3483.0,3459.0,9,158.0,RB2405.SHF,3525.0,3526.0,344,42.0,0.01313844215614434,0.013059857854729132,1083525.0,1180194.0,-18785.0,-23833.0,28.0,456879.0,536270.0,-0.042703621783445736,0.4216598601785838,0.4543913966686833,32982.0,0.0,12.0
2023-06-07,RB2310.SHF,3645.0,3664.0,3586.0,3621.0,3631.0,3641.0,3655.0,-34.0,-24.0,2087487,7580812.22,1881811,1231.0,131,0.9075675299662187,0.6606960475383792,12,RB2311.SHF,3595.0,3609.0,445609,-26.0,RB2306.SHF,3391.0,3474.0,8,230.0,RB2405.SHF,3496.0,3502.0,343,105.0,0.03373724124878407,0.03322545387215647,1091608.0,1173858.0,9788.0,-1160.0,28.0,474843.0,531292.0,-0.03630599620563716,0.43499406380312344,0.4526032961397375,32682.0,-300.0,12.0
2023-06-08,RB2310.SHF,3630.0,3678.0,3625.0,3654.0,3652.0,3621.0,3631.0,23.0,21.0,1856030,6779512.06,1862472,-19339.0,130,0.9056004824586655,0.6582259333960763,12,RB2311.SHF,3630.0,3628.0,446128,-24.0,RB2306.SHF,3461.0,3406.0,7,193.0,RB2405.SHF,3503.0,3517.0,342,42.0,0.013221957246417325,0.013142374746811935,1087225.0,1167247.0,1431.0,-5576.0,29.0,479998.0,524934.0,-0.03549478547526871,0.44148911218928927,0.4497197251310134,32682.0,0.0,12.0
2023-06-09,RB2310.SHF,3659.0,3722.0,3656.0,3711.0,3691.0,3654.0,3652.0,59.0,39.0,2034193,7510017.68,1909178,46706.0,129,0.8899899196547482,0.6656448744370526,12,RB2311.SHF,3687.0,3663.0,439818,-24.0,RB2306.SHF,3520.0,3471.0,6,191.0,RB2405.SHF,3558.0,3522.0,341,38.0,0.011762211668928034,0.011699175720232045,1111457.0,1207244.0,33030.0,43103.0,26.0,493949.0,534449.0,-0.04131063039175814,0.44441575337597405,0.4427017239265633,32682.0,0.0,12.0
2023-06-12,RB2310.SHF,3711.0,3727.0,3630.0,3652.0,3672.0,3711.0,3691.0,-39.0,-19.0,1944009,7139099.8,1881702,-27476.0,126,0.9143540217515537,0.6658464347512234,12,RB2311.SHF,3626.0,3647.0,433248,-26.0,RB2306.SHF,3548.0,3547.0,3,104.0,RB2405.SHF,3518.0,3532.0,338,-30.0,-0.00921267394706292,-0.009251843636321892,1099953.0,1200908.0,-7739.0,-5979.0,27.0,460847.0,539779.0,-0.04387705298147085,0.41896971961529267,0.44947573003094327,31785.0,-897.0,12.0
2023-06-13,RB2310.SHF,3652.0,3744.0,3648.0,3741.0,3699.0,3652.0,3672.0,69.0,27.0,2062664,7630970.3,1957459,75757.0,125,0.9063435931326368,0.6730507251908134,12,RB2311.SHF,3722.0,3668.0,434594,-19.0,RB2306.SHF,3547.0,3547.0,2,194.0,RB2405.SHF,3588.0,3540.0,337,41.0,0.012594204057244044,0.012521971545816945,1169146.0,1197872.0,77770.0,-1435.0,28.0,503694.0,537364.0,-0.012135944889307982,0.43082215565891685,0.4485988486248948,31785.0,0.0,12.0
2023-06-14,RB2310.SHF,3749.0,3763.0,3718.0,3739.0,3738.0,3741.0,3699.0,40.0,39.0,1754411,6558073.62,1910655,-46804.0,124,0.8995697023706364,0.6707969144089743,12,RB2311.SHF,3717.0,3714.0,432340,-22.0,RB2306.SHF,3600.0,3611.0,1,139.0,RB2405.SHF,3594.0,3591.0,336,-6.0,-0.001815920398009992,-0.001817435348520676,1119237.0,1182107.0,-44393.0,-15037.0,27.0,472097.0,524764.0,-0.027318818916250678,0.4218025315460443,0.44392258907188603,31484.0,-301.0,12.0
2023-06-15,RB2310.SHF,3744.0,3770.0,3713.0,3760.0,3743.0,3739.0,3738.0,22.0,5.0,1848995,6920994.79,1948226,37571.0,123,0.9096725661888208,0.6749370351252195,12,RB2311.SHF,3739.0,3718.0,434508,-21.0,RB2307.SHF,3803.0,3782.0,32,-43.0,RB2405.SHF,3611.0,3600.0,335,-192.0,-0.06081702043462299,-0.06240594926581746,1148287.0,1206945.0,29050.0,24838.0,27.0,481617.0,547647.0,-0.02490540210051494,0.41942214794733373,0.45374644246423823,31484.0,0.0,12.0
2023-06-16,RB2310.SHF,3764.0,3809.0,3754.0,3799.0,3780.0,3760.0,3743.0,56.0,37.0,1666649,6301225.95,1975804,27578.0,122,0.9108332190225527,0.6809137417957435,12,RB2311.SHF,3776.0,3758.0,431876,-23.0,RB2307.SHF,3845.0,3828.0,31,-46.0,RB2406.SHF,3630.0,3629.0,367,-215.0,-0.06074292525852999,-0.06250728707889731,1177599.0,1185817.0,39898.0,-19334.0,29.0,513948.0,538099.0,-0.003477170333111056,0.4364371912679953,0.4537791244348833,31484.0,0.0,12.0
2023-06-19,RB2310.SHF,3800.0,3815.0,3743.0,3752.0,3776.0,3799.0,3780.0,-28.0,-4.0,2146210,8104528.05,1897696,-78108.0,119,0.9067936109838889,0.6753813597626035,12,RB2311.SHF,3730.0,3753.0,431714,-22.0,RB2307.SHF,3801.0,3820.0,28,-49.0,RB2406.SHF,3613.0,3613.0,364,-188.0,-0.05372959496874261,-0.05510385211960454,1107516.0,1162902.0,-70083.0,-19290.0,30.0,475712.0,551640.0,-0.024394626892492926,0.42953058917433246,0.4743649937827951,30884.0,-600.0,12.0
2023-06-20,RB2310.SHF,3760.0,3770.0,3720.0,3743.0,3745.0,3752.0,3776.0,-33.0,-31.0,1639611,6140672.33,1871501,-26195.0,118,0.9023701090530846,0.673485001426859,12,RB2311.SHF,3717.0,3721.0,423687,-26.0,RB2307.SHF,3776.0,3784.0,27,-33.0,RB2406.SHF,3601.0,3602.0,363,-175.0,-0.0503453831214689,-0.05154936672627487,1098269.0,1155104.0,-8628.0,-7798.0,31.0,478078.0,513744.0,-0.025222189136019646,0.43530136970086564,0.44475995235061083,0.0,-30884.0,12.0
2023-06-21,RB2310.SHF,3736.0,3744.0,3683.0,3686.0,3713.0,3743.0,3745.0,-59.0,-32.0,1937589,7195542.34,1789953,-81548.0,117,0.8955807718973885,0.6686049247967799,12,RB2311.SHF,3661.0,3692.0,406483,-25.0,RB2307.SHF,3744.0,3759.0,26,-58.0,RB2406.SHF,3543.0,3567.0,362,-201.0,-0.058319501678876715,-0.059943355497571155,1039679.0,1116654.0,-52261.0,-28374.0,33.0,454037.0,477765.0,-0.035697176642012156,0.4367088303216666,0.42785410700181076,299.0,299.0,12.0
2023-06-26,RB2310.SHF,3643.0,3672.0,3633.0,3667.0,3652.0,3686.0,3713.0,-46.0,-61.0,1275952,4659922.2,1799393,9440.0,112,0.8661432502772984,0.6633078451184533,12,RB2311.SHF,3643.0,3630.0,429284,-24.0,RB2307.SHF,3747.0,3727.0,21,-80.0,RB2406.SHF,3520.0,3521.0,357,-227.0,-0.0658105849759173,-0.06788840334393986,1066535.0,1112721.0,28111.0,-3933.0,30.0,480748.0,478907.0,-0.021193471533404062,0.45075689030364685,0.43039270401115826,299.0,0.0,12.0
2023-06-27,RB2310.SHF,3667.0,3744.0,3661.0,3728.0,3703.0,3667.0,3652.0,76.0,51.0,1589090,5885729.9,1849307,49914.0,111,0.8735669969797953,0.6682099066540346,12,RB2311.SHF,3706.0,3682.0,449147,-22.0,RB2307.SHF,3761.0,3768.0,20,-33.0,RB2406.SHF,3581.0,3571.0,356,-180.0,-0.05199035211000114,-0.053275648191204894,1101453.0,1142340.0,38514.0,29619.0,31.0,511002.0,492159.0,-0.018222269166540763,0.46393445748479506,0.43083407742003255,299.0,0.0,12.0
2023-06-28,RB2310.SHF,3720.0,3741.0,3691.0,3731.0,3717.0,3728.0,3703.0,28.0,14.0,1415176,5261144.36,1839521,-9786.0,110,0.8740531753521719,0.661644651062414,12,RB2311.SHF,3706.0,3696.0,471949,-25.0,RB2307.SHF,3757.0,3757.0,19,-26.0,RB2406.SHF,3578.0,3574.0,355,-179.0,-0.051756562353448124,-0.053030134670940775,1086163.0,1143658.0,-15290.0,1318.0,33.0,498480.0,513268.0,-0.025784580914790918,0.4589366421062032,0.4487950068989156,299.0,0.0,12.0
2023-06-29,RB2310.SHF,3722.0,3751.0,3700.0,3723.0,3722.0,3731.0,3717.0,6.0,5.0,1741069,6481958.06,1800906,-38615.0,109,0.8994495545550587,0.6597754814487535,12,RB2311.SHF,3701.0,3701.0,467657,-22.0,RB2307.SHF,3740.0,3752.0,18,-17.0,RB2406.SHF,3578.0,3577.0,354,-162.0,-0.047054048892284206,-0.04810355242282234,1067138.0,1103586.0,-19025.0,-34760.0,32.0,487343.0,492334.0,-0.016790711301851363,0.45668226602370077,0.44612200589713896,299.0,0.0,12.0
2023-06-30,RB2310.SHF,3725.0,3777.0,3711.0,3721.0,3746.0,3723.0,3722.0,-1.0,24.0,1704726,6385997.7,1802556,1650.0,108,0.887765304825845,0.6591423772780843,12,RB2311.SHF,3698.0,3724.0,481265,-23.0,RB2307.SHF,3709.0,3746.0,17,12.0,RB2406.SHF,3587.0,3589.0,353,-122.0,-0.035731939041456454,-0.036332816917909266,1064120.0,1118673.0,-2276.0,15087.0,31.0,486628.0,529173.0,-0.024992291985543293,0.45730556704131115,0.4730363564687804,1496.0,1197.0,12.0
2023-07-03,RB2310.SHF,3718.0,3780.0,3704.0,3767.0,3739.0,3721.0,3746.0,21.0,-7.0,2153411,8053172.52,1844614,42058.0,105,0.8991074940272745,0.6653705157898951,12,RB2311.SHF,3741.0,3712.0,485325,-26.0,RB2307.SHF,3745.0,3728.0,14,22.0,RB2406.SHF,3603.0,3588.0,350,-142.0,-0.04118984042215018,-0.041991061307076555,1081537.0,1131804.0,30795.0,13131.0,30.0,497091.0,523650.0,-0.022710915308576492,0.45961534371917,0.46266844789380496,1795.0,299.0,12.0
2023-07-04,RB2310.SHF,3766.0,3793.0,3751.0,3768.0,3771.0,3767.0,3739.0,29.0,32.0,1458155,5499748.04,1846276,1662.0,104,0.889238190488968,0.6617723384670969,12,RB2311.SHF,3746.0,3748.0,487728,-22.0,RB2307.SHF,3749.0,3759.0,13,19.0,RB2406.SHF,3607.0,3613.0,349,-142.0,-0.04114589287302011,-0.04194538267504809,1084583.0,1133379.0,10625.0,1575.0,31.0,495179.0,521009.0,-0.022000376922598312,0.4565616462732682,0.4596953005128911,1795.0,0.0,12.0
2023-07-05,RB2310.SHF,3768.0,3780.0,3730.0,3751.0,3754.0,3768.0,3771.0,-20.0,-17.0,1476438,5542610.47,1836969,-9307.0,103,0.8763824452601537,0.6540393754726467,12,RB2311.SHF,3726.0,3733.0,513310,-25.0,RB2307.SHF,3750.0,3747.0,12,1.0,RB2406.SHF,3600.0,3606.0,348,-150.0,-0.043452380952380985,-0.04434532142825338,1072525.0,1143417.0,-9161.0,10038.0,30.0,473909.0,512177.0,-0.03199181206006294,0.4418628936388429,0.44793544262504403,1795.0,0.0,12.0
2023-07-06,RB2310.SHF,3742.0,3777.0,3733.0,3758.0,3754.0,3751.0,3754.0,4.0,0.0,1407277,5283541.84,1825369,-11600.0,102,0.8996088398736577,0.6497135787247401,12,RB2311.SHF,3735.0,3729.0,526511,-23.0,RB2307.SHF,3754.0,3755.0,11,4.0,RB2406.SHF,3601.0,3601.0,347,-153.0,-0.044274202755156394,-0.04520172329350087,1071736.0,1139252.0,-789.0,-4165.0,32.0,461693.0,514731.0,-0.03053657459922894,0.4307898586965447,0.4518148750232609,9602.0,7807.0,12.0
2023-07-07,RB2310.SHF,3758.0,3770.0,3670.0,3671.0,3729.0,3758.0,3754.0,-83.0,-25.0,2169063,8090233.2,1860783,35414.0,101,0.9087954515459339,0.6524223786286243,12,RB2311.SHF,3648.0,3715.0,525781,-23.0,RB2307.SHF,3683.0,3735.0,10,-12.0,RB2406.SHF,3533.0,3563.0,346,-150.0,-0.044242853264031684,-0.045169042310597735,1068247.0,1138716.0,1051.0,-536.0,32.0,450753.0,517664.0,-0.03193030422349627,0.4219557836343093,0.4546032548941088,17996.0,8394.0,12.0
2023-07-10,RB2310.SHF,3668.0,3709.0,3650.0,3654.0,3679.0,3671.0,3729.0,-75.0,-50.0,1632546,6006326.05,1823284,-37499.0,98,0.8902782716054769,0.6431277878933033,12,RB2311.SHF,3631.0,3655.0,535527,-23.0,RB2307.SHF,3700.0,3685.0,7,-46.0,RB2406.SHF,3523.0,3535.0,343,-177.0,-0.05196669884169879,-0.0532508062685819,1060091.0,1098774.0,-6864.0,-39942.0,31.0,460616.0,482650.0,-0.017918211652882418,0.43450609428813186,0.43926230507820535,19813.0,1817.0,12.0
2023-07-11,RB2310.SHF,3661.0,3698.0,3659.0,3679.0,3677.0,3654.0,3679.0,0.0,-2.0,1435227,5278640.56,1800885,-22399.0,97,0.8878712462441563,0.6379158761577797,12,RB2311.SHF,3657.0,3652.0,548841,-22.0,RB2307.SHF,3670.0,3675.0,6,9.0,RB2406.SHF,3534.0,3525.0,342,-136.0,-0.040255611781497336,-0.041020446969272616,1045708.0,1091538.0,-14215.0,-7236.0,33.0,459605.0,482278.0,-0.021443483810473854,0.43951562003924616,0.4418334496829245,36589.0,16776.0,12.0
2023-07-12,RB2310.SHF,3685.0,3717.0,3672.0,3716.0,3693.0,3679.0,3677.0,39.0,16.0,1405017,5189538.24,1794663,-6222.0,96,0.8927862473184965,0.6364791236430607,12,RB2311.SHF,3696.0,3668.0,554429,-20.0,RB2307.SHF,3707.0,3700.0,5,9.0,RB2406.SHF,3570.0,3557.0,341,-137.0,-0.040146858581576746,-0.0409075144572094,1054926.0,1103734.0,10211.0,12196.0,32.0,467399.0,494250.0,-0.022610323070793917,0.44306330491427837,0.44779811077669074,42929.0,6340.0,12.0
2023-07-13,RB2310.SHF,3723.0,3732.0,3693.0,3727.0,3715.0,3716.0,3693.0,34.0,22.0,1414138,5253931.81,1753008,-41655.0,95,0.890784929188249,0.631087600535252,12,RB2311.SHF,3706.0,3694.0,555370,-21.0,RB2307.SHF,3700.0,3707.0,4,27.0,RB2406.SHF,3583.0,3574.0,340,-117.0,-0.03435086872586873,-0.03490571185859267,1026860.0,1094217.0,-18875.0,-9517.0,31.0,455034.0,496676.0,-0.03175603714528044,0.4431314882262431,0.45390996484243984,47429.0,4500.0,12.0
2023-07-14,RB2310.SHF,3727.0,3776.0,3726.0,3774.0,3748.0,3727.0,3715.0,59.0,33.0,1400123,5248399.91,1790969,37961.0,94,0.8838702794426047,0.6383405140458729,12,RB2311.SHF,3755.0,3725.0,549028,-19.0,RB2307.SHF,3750.0,3745.0,3,24.0,RB2406.SHF,3624.0,3600.0,339,-126.0,-0.03649999999999996,-0.037127291391604395,1077588.0,1085931.0,51420.0,-8286.0,30.0,497932.0,513369.0,-0.0038562175788611056,0.4620801270986685,0.47274550592993475,53715.0,6286.0,12.0
2023-07-17,RB2310.SHF,3778.0,3782.0,3681.0,3687.0,3726.0,3774.0,3748.0,-61.0,-22.0,1937196,7218522.53,1722852,-68117.0,91,0.8937627943478568,0.6256741646278153,12,RB2311.SHF,3667.0,3710.0,547394,-20.0,RB2308.SHF,3670.0,3711.0,29,17.0,RB2406.SHF,3567.0,3584.0,336,-103.0,-0.03336765214921587,-0.03384483982654537,1002812.0,1066900.0,-65940.0,-19031.0,31.0,420247.0,499718.0,-0.030964694604853234,0.41906857915541496,0.4683831661823976,55216.0,1501.0,12.0
2023-07-18,RB2310.SHF,3691.0,3750.0,3690.0,3749.0,3722.0,3687.0,3726.0,23.0,-4.0,1322481,4922888.03,1733830,10978.0,90,0.8901316134868488,0.6277982578519591,12,RB2311.SHF,3734.0,3703.0,550911,-15.0,RB2308.SHF,3739.0,3705.0,28,10.0,RB2407.SHF,3606.0,3594.0,363,-133.0,-0.038756471720030515,-0.039462570128524395,1035369.0,1049597.0,32557.0,-17303.0,31.0,457513.0,500410.0,-0.0068240920955065934,0.4418840046398917,0.47676393892131935,55216.0,0.0,12.0
2023-07-19,RB2310.SHF,3748.0,3756.0,3705.0,3741.0,3733.0,3749.0,3722.0,19.0,11.0,1368317,5108028.77,1716805,-17025.0,89,0.8789947092666206,0.6200316443467241,12,RB2311.SHF,3727.0,3722.0,565485,-14.0,RB2308.SHF,3733.0,3720.0,27,8.0,RB2407.SHF,3600.0,3598.0,362,-133.0,-0.038818764468575975,-0.039527162333401825,1003896.0,1050275.0,-30390.0,678.0,32.0,421719.0,507795.0,-0.022577964541413545,0.42008235912883407,0.4834876579943348,55516.0,300.0,12.0
2023-07-20,RB2310.SHF,3747.0,3790.0,3747.0,3784.0,3770.0,3741.0,3733.0,51.0,37.0,1876106,7073935.19,1862645,145840.0,88,0.8721117578752914,0.6289910384618761,12,RB2311.SHF,3778.0,3755.0,579965,-6.0,RB2308.SHF,3752.0,3746.0,26,32.0,RB2407.SHF,3647.0,3637.0,361,-105.0,-0.0304912007128537,-0.030925980748847226,1066151.0,1119262.0,66995.0,69233.0,30.0,467270.0,531420.0,-0.024302500259676316,0.4382775047812177,0.47479499884745485,55516.0,0.0,12.0
2023-07-21,RB2310.SHF,3793.0,3825.0,3750.0,3823.0,3779.0,3784.0,3770.0,53.0,9.0,2408389,9103442.13,1947284,84639.0,87,0.890668499983728,0.6371860835557324,12,RB2311.SHF,3813.0,3768.0,580451,-10.0,RB2308.SHF,3775.0,3747.0,25,48.0,RB2407.SHF,3657.0,3641.0,360,-118.0,-0.03405752693486212,-0.034601175790497055,1150855.0,1151616.0,89045.0,33464.0,29.0,500379.0,555149.0,-0.00033051447770677676,0.4347889178045888,0.48206086056463265,55516.0,0.0,12.0
2023-07-24,RB2310.SHF,3820.0,3830.0,3787.0,3793.0,3811.0,3823.0,3779.0,14.0,32.0,2125369,8099995.37,1937737,-9547.0,84,0.8791195109552364,0.6322283822283822,12,RB2311.SHF,3787.0,3800.0,583194,-6.0,RB2308.SHF,3731.0,3765.0,22,62.0,RB2407.SHF,3660.0,3669.0,357,-71.0,-0.02073390751949179,-0.020933727138499274,1100975.0,1157110.0,-42298.0,5613.0,30.0,466712.0,595543.0,-0.02485956020256102,0.42390789981607213,0.514681404533709,55516.0,0.0,12.0
2023-07-25,RB2310.SHF,3807.0,3870.0,3790.0,3857.0,3838.0,3793.0,3811.0,46.0,27.0,2164065,8307699.73,2033479,95742.0,83,0.823302958779783,0.6291019666174971,12,RB2311.SHF,3853.0,3839.0,594027,-4.0,RB2308.SHF,3746.0,3753.0,21,111.0,RB2407.SHF,3720.0,3716.0,356,-26.0,-0.0075622953040457574,-0.007588661325215506,1168326.0,1206706.0,77133.0,58171.0,27.0,521606.0,598702.0,-0.016159782268196806,0.44645586933783893,0.4961457057477132,55516.0,0.0,12.0
2023-07-26,RB2310.SHF,3855.0,3877.0,3835.0,3851.0,3854.0,3857.0,3838.0,13.0,16.0,1868445,7201119.85,2018640,-14839.0,82,0.8266413306286596,0.6208899841412596,12,RB2311.SHF,3855.0,3855.0,603921,4.0,RB2308.SHF,3745.0,3742.0,20,106.0,RB2407.SHF,3730.0,3724.0,355,-15.0,-0.004364027658768958,-0.004372790774365423,1142334.0,1207180.0,-18015.0,474.0,29.0,499554.0,614134.0,-0.02759975041646911,0.4373099286198257,0.5087344058052652,55516.0,0.0,12.0
2023-07-27,RB2310.SHF,3850.0,3883.0,3839.0,3861.0,3863.0,3851.0,3854.0,7.0,9.0,2200065,8499217.93,1963212,-55428.0,81,0.7888608253965522,0.6019111297384652,12,RB2311.SHF,3877.0,3869.0,633709,16.0,RB2308.SHF,3781.0,3771.0,19,80.0,RB2407.SHF,3757.0,3746.0,354,-24.0,-0.006915962372743533,-0.006938005330423422,1152009.0,1177732.0,14475.0,-29448.0,30.0,516755.0,584007.0,-0.011041141483109067,0.44856854416935976,0.49587427360384195,55516.0,0.0,12.0
2023-07-28,RB2310.SHF,3854.0,3863.0,3823.0,3851.0,3841.0,3861.0,3863.0,-12.0,-22.0,2154425,8275878.8,1875583,-87629.0,80,0.7954025645011051,0.5751492546696035,12,RB2311.SHF,3879.0,3861.0,673832,28.0,RB2308.SHF,3776.0,3761.0,18,75.0,RB2407.SHF,3745.0,3742.0,353,-31.0,-0.0089449468757905,-0.008981866954137515,1098779.0,1116903.0,-50306.0,-60829.0,30.0,493174.0,557776.0,-0.008179874187721885,0.44883821041355904,0.49939520262726483,55516.0,0.0,12.0
2023-07-31,RB2310.SHF,3851.0,3875.0,3831.0,3847.0,3849.0,3851.0,3841.0,6.0,8.0,1874903,7218129.09,1840552,-35031.0,77,0.8117369818793614,0.5637602311703889,12,RB2311.SHF,3880.0,3879.0,680765,33.0,RB2308.SHF,3741.0,3772.0,15,106.0,RB2407.SHF,3735.0,3723.0,350,-6.0,-0.001747477528157099,-0.001748880373577248,1076356.0,1107247.0,-21464.0,-9656.0,30.0,485167.0,570315.0,-0.014146802326247033,0.4507495661286786,0.5150747755469195,55516.0,0.0,12.0
2023-08-01,RB2310.SHF,3847.0,3876.0,3834.0,3862.0,3858.0,3847.0,3849.0,13.0,9.0,1592842,6146504.42,1837995,-2557.0,76,0.7844556972498481,0.545352018564569,12,RB2311.SHF,3904.0,3889.0,727109,42.0,RB2308.SHF,3784.0,3783.0,14,78.0,RB2407.SHF,3734.0,3740.0,349,-50.0,-0.014396831908112695,-0.014492794673393579,1074602.0,1106722.0,-819.0,-525.0,32.0,475504.0,569208.0,-0.014725001879592395,0.4424931276882046,0.5143188623701345,55516.0,0.0,12.0
2023-08-02,RB2310.SHF,3853.0,3871.0,3800.0,3801.0,3835.0,3862.0,3858.0,-57.0,-23.0,2246681,8616749.12,1904043,66048.0,75,0.79887274322853,0.5460067704457569,12,RB2311.SHF,3844.0,3886.0,769589,43.0,RB2308.SHF,3740.0,3775.0,13,61.0,RB2407.SHF,3696.0,3710.0,348,-44.0,-0.012818261633011368,-0.01289425982434633,1073305.0,1152186.0,7619.0,50312.0,31.0,466213.0,620283.0,-0.03544431318751682,0.4343714042140864,0.538353182559066,55516.0,0.0,12.0
2023-08-03,RB2310.SHF,3798.0,3801.0,3724.0,3728.0,3760.0,3801.0,3835.0,-107.0,-75.0,2556807,9615404.03,1808417,-95626.0,74,0.7538100945060874,0.5172542307531693,12,RB2311.SHF,3774.0,3808.0,813161,46.0,RB2308.SHF,3685.0,3697.0,12,43.0,RB2407.SHF,3640.0,3653.0,347,-45.0,-0.013305251220154376,-0.013387158380052246,1021173.0,1070444.0,-52132.0,-72908.0,31.0,446530.0,591178.0,-0.02355641592127048,0.4372716474094008,0.5522736359865625,55516.0,0.0,12.0
2023-08-04,RB2310.SHF,3740.0,3774.0,3732.0,3736.0,3752.0,3728.0,3760.0,-24.0,-8.0,1458807,5474746.98,1779600,-28817.0,73,0.7354640918488807,0.5048533553627478,12,RB2311.SHF,3783.0,3803.0,849822,47.0,RB2308.SHF,3686.0,3686.0,11,50.0,RB2407.SHF,3633.0,3646.0,346,-53.0,-0.015666377823308895,-0.015780100576498035,1008390.0,1061374.0,-12783.0,-5155.0,31.0,443735.0,592563.0,-0.025599053805168127,0.4400430389035988,0.558298017475461,55516.0,0.0,12.0
2023-08-07,RB2310.SHF,3732.0,3739.0,3706.0,3732.0,3721.0,3736.0,3752.0,-20.0,-31.0,1524669,5673661.78,1793253,13653.0,70,0.736318525691022,0.49432502315529486,12,RB2311.SHF,3775.0,3769.0,893342,43.0,RB2308.SHF,3642.0,3641.0,8,90.0,RB2407.SHF,3625.0,3622.0,343,-17.0,-0.005085773767078932,-0.005097680431504503,1013065.0,1067227.0,6787.0,6918.0,30.0,450929.0,584618.0,-0.026035768055638342,0.4451135909344415,0.5477916132181814,56728.0,1212.0,12.0
2023-08-08,RB2310.SHF,3735.0,3748.0,3686.0,3692.0,3717.0,3732.0,3721.0,-29.0,-4.0,1365258,5074796.66,1813182,19929.0,69,0.7485447257307624,0.48802796202969106,12,RB2311.SHF,3731.0,3767.0,920912,39.0,RB2308.SHF,3623.0,3634.0,7,69.0,RB2407.SHF,3608.0,3619.0,342,-15.0,-0.004510980839660362,-0.0045203449107029045,1024830.0,1084214.0,13444.0,16987.0,32.0,444424.0,602356.0,-0.028156833143357842,0.43365631373008207,0.5555692879818929,63070.0,6342.0,12.0
2023-08-09,RB2310.SHF,3682.0,3708.0,3663.0,3700.0,3690.0,3692.0,3717.0,-17.0,-27.0,1163636,4294374.66,1788140,-25042.0,68,0.746092209681587,0.4780092846301038,12,RB2311.SHF,3738.0,3731.0,932609,38.0,RB2308.SHF,3618.0,3618.0,6,82.0,RB2407.SHF,3618.0,3605.0,341,0.0,0.0,0.0,1024470.0,1080433.0,6843.0,-3781.0,31.0,448724.0,592700.0,-0.026586973366468668,0.43800599334289925,0.5485763578120995,64282.0,1212.0,12.0
2023-08-10,RB2310.SHF,3700.0,3716.0,3664.0,3671.0,3688.0,3700.0,3690.0,-19.0,-2.0,1536943,5669612.79,1864067,75927.0,67,0.7380767609090062,0.4832282531122903,12,RB2311.SHF,3720.0,3732.0,950970,49.0,RB2308.SHF,3618.0,3618.0,5,53.0,RB2407.SHF,3608.0,3609.0,340,-10.0,-0.003011476613615161,-0.0030156460956568547,1043595.0,1154646.0,22194.0,74213.0,30.0,448800.0,653152.0,-0.05051811880498999,0.4300518879450361,0.5656729421831453,65813.0,1531.0,12.0
2023-08-11,RB2310.SHF,3670.0,3695.0,3652.0,3691.0,3672.0,3671.0,3688.0,3.0,-16.0,1646084,6045948.13,1813650,-50417.0,66,0.7196577646716784,0.4753831648857327,12,RB2311.SHF,3723.0,3713.0,949545,32.0,RB2308.SHF,3600.0,3600.0,4,91.0,RB2407.SHF,3635.0,3622.0,339,35.0,0.010592868988391338,0.010541707212082667,1027419.0,1112542.0,-15684.0,-40343.0,30.0,455099.0,618732.0,-0.03977782772676698,0.44295365376735296,0.5561425995602862,65813.0,0.0,12.0
2023-08-14,RB2310.SHF,3685.0,3691.0,3630.0,3641.0,3657.0,3691.0,3672.0,-31.0,-15.0,1428056,5222537.96,1860600,46950.0,63,0.7181216524799621,0.47601626120260243,12,RB2311.SHF,3678.0,3695.0,960642,37.0,RB2308.SHF,3599.0,3599.0,1,42.0,RB2407.SHF,3604.0,3609.0,336,5.0,0.00151368746708243,0.0015126369759916182,1048177.0,1138392.0,20758.0,26473.0,31.0,459070.0,639133.0,-0.0412587025609528,0.4379699230187268,0.5614349011588275,75799.0,9986.0,12.0
2023-08-15,RB2310.SHF,3650.0,3698.0,3640.0,3694.0,3665.0,3641.0,3657.0,37.0,8.0,1555592,5701469.1,1757174,-103426.0,62,0.7240807906280489,0.4567988305860094,12,RB2311.SHF,3733.0,3704.0,967306,39.0,RB2309.SHF,3611.0,3580.0,31,83.0,RB2407.SHF,3612.0,3599.0,335,1.0,0.00033250010931497683,0.0003324540779198595,1006240.0,1078501.0,-40341.0,-58196.0,30.0,446132.0,597272.0,-0.03466185967465503,0.44336539990459534,0.5537982811327945,77024.0,1225.0,12.0
2023-08-16,RB2310.SHF,3691.0,3718.0,3686.0,3713.0,3701.0,3694.0,3665.0,48.0,36.0,1184152,4383017.36,1672597,-84577.0,61,0.7061528791715218,0.43905092800402357,12,RB2311.SHF,3754.0,3742.0,973425,41.0,RB2309.SHF,3628.0,3618.0,30,85.0,RB2408.SHF,3610.0,3624.0,365,-18.0,-0.005405716730569836,-0.005419171243154376,951130.0,1034853.0,-55110.0,-42916.0,31.0,427302.0,573705.0,-0.042156957033368365,0.4492571993313217,0.5543830862934156,80044.0,3020.0,12.0
2023-08-17,RB2310.SHF,3713.0,3730.0,3680.0,3726.0,3704.0,3713.0,3701.0,25.0,3.0,1377243,5102173.92,1604495,-68102.0,60,0.6944405647120042,0.43080514766097183,12,RB2311.SHF,3766.0,3739.0,958459,40.0,RB2309.SHF,3640.0,3618.0,29,86.0,RB2408.SHF,3643.0,3612.0,364,3.0,0.0008979826144005216,0.0008976127698172208,916546.0,1012157.0,-33664.0,-22696.0,29.0,416300.0,559630.0,-0.04957269211485646,0.4542052444721814,0.5529082938714053,83963.0,3919.0,12.0
2023-08-18,RB2310.SHF,3726.0,3739.0,3693.0,3700.0,3718.0,3726.0,3704.0,-4.0,14.0,1135837,4223671.71,1549204,-55291.0,59,0.6728852317225609,0.42066167967179136,12,RB2311.SHF,3735.0,3755.0,954783,35.0,RB2309.SHF,3612.0,3632.0,28,88.0,RB2408.SHF,3624.0,3637.0,363,12.0,0.0036197748797539564,0.003613775249217148,874295.0,962810.0,-41814.0,-45662.0,30.0,389872.0,533358.0,-0.048181786016585876,0.44592728998793313,0.553959763608604,101826.0,17863.0,12.0
2023-08-21,RB2310.SHF,3700.0,3702.0,3635.0,3666.0,3665.0,3700.0,3718.0,-52.0,-53.0,1815011,6652358.52,1561469,12265.0,56,0.6677272981452377,0.4240170294485198,12,RB2311.SHF,3685.0,3688.0,930312,19.0,RB2309.SHF,3571.0,3579.0,25,95.0,RB2408.SHF,3609.0,3605.0,360,38.0,0.011594227128150987,0.011532972604907984,878338.0,949882.0,6840.0,-7926.0,32.0,395764.0,501240.0,-0.03913314590147794,0.4505828052526476,0.5276865968615049,109014.0,7188.0,12.0
2023-08-22,RB2310.SHF,3671.0,3737.0,3645.0,3723.0,3686.0,3666.0,3665.0,58.0,21.0,1720172,6341540.58,1451795,-109674.0,55,0.705004705026017,0.4099182024299271,12,RB2311.SHF,3730.0,3697.0,908365,7.0,RB2309.SHF,3634.0,3593.0,24,89.0,RB2408.SHF,3650.0,3627.0,359,16.0,0.0047971479969443715,0.004786618302846515,816938.0,891060.0,-59926.0,-54639.0,31.0,363564.0,473475.0,-0.043397006319679535,0.44503254836964373,0.5313615244764662,118630.0,9616.0,12.0
2023-08-23,RB2310.SHF,3723.0,3755.0,3716.0,3723.0,3734.0,3723.0,3686.0,37.0,48.0,1446653,5402284.95,1337094,-114701.0,54,0.6730334057238775,0.38623985108424086,12,RB2311.SHF,3745.0,3750.0,907198,22.0,RB2309.SHF,3623.0,3642.0,23,100.0,RB2408.SHF,3654.0,3663.0,358,31.0,0.009322693735298,0.009283035240744062,736897.0,822012.0,-76893.0,-66157.0,32.0,310077.0,435193.0,-0.05459908179374165,0.4207874370502255,0.5294241446596887,123126.0,4496.0,12.0
2023-08-24,RB2310.SHF,3723.0,3768.0,3687.0,3688.0,3735.0,3723.0,3734.0,-46.0,1.0,1436149,5364284.41,1279159,-57935.0,53,0.6402829971230379,0.36911889085336663,12,RB2311.SHF,3713.0,3763.0,927777,25.0,RB2309.SHF,3590.0,3644.0,22,98.0,RB2408.SHF,3646.0,3674.0,357,56.0,0.01699580093959167,0.016864605734458395,707909.0,790644.0,-27932.0,-30113.0,28.0,289038.0,416950.0,-0.05520992584179538,0.4082982417231593,0.5273549157395743,124926.0,1800.0,12.0
2023-08-25,RB2310.SHF,3700.0,3735.0,3689.0,3716.0,3714.0,3688.0,3735.0,-19.0,-21.0,1254638,4659746.87,1212885,-66274.0,52,0.6566657193297042,0.35019814201260313,12,RB2311.SHF,3754.0,3748.0,953716,38.0,RB2309.SHF,3598.0,3598.0,21,118.0,RB2408.SHF,3669.0,3655.0,356,71.0,0.021500336007566317,0.021290951024935226,670685.0,753219.0,-32546.0,-35766.0,30.0,271386.0,388873.0,-0.057963177292851206,0.4046400322058791,0.5162814533356168,125227.0,301.0,12.0
2023-08-28,RB2310.SHF,3717.0,3743.0,3642.0,3667.0,3693.0,3716.0,3714.0,-47.0,-21.0,2237950,8265418.84,1239375,26490.0,49,0.6774815890718991,0.34659504191859913,12,RB2401.SHF,3701.0,3726.0,987625,34.0,RB2309.SHF,3557.0,3583.0,18,110.0,RB2408.SHF,3638.0,3663.0,353,81.0,0.02481128235684109,0.02453299791733889,675733.0,757626.0,7817.0,11130.0,30.0,262307.0,398525.0,-0.057133628072241496,0.3881814266877598,0.5260181144786478,130625.0,5398.0,12.0
2023-08-29,RB2310.SHF,3667.0,3705.0,3660.0,3678.0,3678.0,3667.0,3693.0,-15.0,-15.0,1295318,4764800.86,1120677,-118698.0,48,0.6350653368378373,0.3169426833013848,12,RB2401.SHF,3694.0,3700.0,1035778,16.0,RB2309.SHF,3564.0,3558.0,17,114.0,RB2408.SHF,3636.0,3639.0,352,72.0,0.02201115633951445,0.021791771187863712,628287.0,684516.0,-44059.0,-72541.0,32.0,253756.0,336587.0,-0.04283125495599873,0.4038854854548956,0.4917153141781931,130924.0,299.0,12.0
2023-08-30,RB2401.SHF,3700.0,3732.0,3689.0,3726.0,3711.0,3694.0,3700.0,26.0,11.0,592339,2198409.14,1120782,85004.0,138,0.2730601467227103,0.3122927975898901,12,RB2310.SHF,3713.0,3693.0,1039387,-13.0,RB2309.SHF,3597.0,3581.0,16,129.0,RB2408.SHF,3661.0,3643.0,351,64.0,0.01938597255590262,0.0192155278805476,688099.0,709598.0,62794.0,64187.0,31.0,291543.0,331131.0,-0.015381731519778606,0.4236933929565368,0.4666459037370455,132727.0,1803.0,12.0
2023-08-31,RB2401.SHF,3735.0,3764.0,3729.0,3760.0,3748.0,3726.0,3711.0,49.0,37.0,681912,2556044.36,1224507,103725.0,137,0.3073735909474459,0.33761910000554196,12,RB2311.SHF,3763.0,3748.0,1001431,3.0,RB2309.SHF,3608.0,3619.0,15,152.0,RB2408.SHF,3683.0,3664.0,350,75.0,0.022648674587152893,0.02241648618158541,753958.0,770365.0,69025.0,64838.0,32.0,323957.0,361826.0,-0.010763466798047395,0.4296751277922643,0.46968125498951796,133027.0,300.0,12.0
2023-09-01,RB2401.SHF,3765.0,3814.0,3752.0,3813.0,3787.0,3760.0,3748.0,65.0,39.0,813926,3082594.59,1317333,92826.0,136,0.3849512926127563,0.3625495902739076,12,RB2311.SHF,3810.0,3785.0,1007478,-3.0,RB2309.SHF,3661.0,3651.0,14,152.0,RB2408.SHF,3720.0,3700.0,349,59.0,0.017559022695862448,0.017419035712355133,793017.0,824948.0,42364.0,60420.0,32.0,357313.0,386177.0,-0.019735284755850714,0.4505741995442721,0.46812283925774717,140297.0,7270.0,12.0
2023-09-04,RB2401.SHF,3815.0,3845.0,3798.0,3813.0,3821.0,3813.0,3787.0,26.0,34.0,867625,3316019.83,1370059,52726.0,133,0.4299841362429608,0.37588084706176716,12,RB2311.SHF,3810.0,3816.0,1011935,-3.0,RB2309.SHF,3665.0,3680.0,11,148.0,RB2408.SHF,3737.0,3739.0,346,72.0,0.02140457331351423,0.021197037418290064,801006.0,858880.0,10936.0,33932.0,33.0,345240.0,413506.0,-0.03486624985089337,0.4310080074306559,0.48144793219076004,139992.0,-305.0,12.0
2023-09-05,RB2401.SHF,3811.0,3839.0,3786.0,3799.0,3816.0,3813.0,3821.0,-22.0,-5.0,1017159,3882286.61,1457450,87391.0,132,0.5537427594616959,0.3972876114794571,12,RB2311.SHF,3782.0,3813.0,1006293,-17.0,RB2309.SHF,3635.0,3664.0,10,164.0,RB2408.SHF,3730.0,3749.0,345,95.0,0.028475230450224695,0.028109491864591364,835614.0,905380.0,35827.0,49024.0,34.0,365085.0,442348.0,-0.04007251030158634,0.436906274906835,0.48857717201617,148424.0,8432.0,12.0
2023-09-06,RB2401.SHF,3798.0,3828.0,3788.0,3817.0,3811.0,3799.0,3816.0,1.0,-5.0,894842,3410315.8,1511551,54101.0,131,0.611838115287919,0.40672955267447614,12,RB2311.SHF,3790.0,3791.0,997042,-27.0,RB2309.SHF,3639.0,3595.0,9,178.0,RB2408.SHF,3755.0,3753.0,344,116.0,0.034731536054271046,0.03418945911617154,867272.0,936120.0,31658.0,31110.0,32.0,376019.0,449527.0,-0.03817694655404926,0.4335652482727449,0.48020232448831346,149296.0,872.0,12.0
2023-09-07,RB2401.SHF,3814.0,3833.0,3765.0,3795.0,3792.0,3817.0,3811.0,-16.0,-19.0,1673420,6346869.45,1532233,20682.0,130,0.7162901629632673,0.4160145029056855,12,RB2311.SHF,3785.0,3773.0,964044,-10.0,RB2309.SHF,3610.0,3619.0,8,185.0,RB2408.SHF,3746.0,3737.0,343,136.0,0.04104684334559877,0.04029254794669881,873804.0,937664.0,15787.0,3885.0,32.0,397897.0,465830.0,-0.03525317587724431,0.4553618431593355,0.49679842672855096,153198.0,3902.0,12.0
2023-09-08,RB2401.SHF,3790.0,3802.0,3711.0,3717.0,3757.0,3795.0,3792.0,-75.0,-35.0,1786032,6710765.94,1546003,13770.0,129,0.7529407796971006,0.4200926158404499,12,RB2311.SHF,3701.0,3751.0,944672,-16.0,RB2309.SHF,3580.0,3598.0,7,137.0,RB2408.SHF,3690.0,3713.0,342,110.0,0.03347786208621702,0.03297383593593083,859724.0,962542.0,-1490.0,34377.0,33.0,387440.0,493445.0,-0.05642315666318748,0.45065625712437946,0.5126477597860665,158364.0,5166.0,12.0
2023-09-11,RB2401.SHF,3718.0,3771.0,3707.0,3759.0,3740.0,3717.0,3757.0,2.0,-17.0,1503805,5625485.99,1530613,-15390.0,126,0.7804437169507473,0.4158226990103308,12,RB2311.SHF,3748.0,3733.0,927576,-11.0,RB2309.SHF,3610.0,3604.0,4,149.0,RB2408.SHF,3719.0,3706.0,339,109.0,0.032897837681399096,0.032410956860663746,882979.0,932910.0,24001.0,-27614.0,32.0,412583.0,464876.0,-0.027496724744739354,0.4672625283274008,0.498307446591847,161652.0,3288.0,12.0
2023-09-12,RB2401.SHF,3762.0,3800.0,3762.0,3791.0,3782.0,3759.0,3740.0,51.0,42.0,1324021,5007778.2,1539364,8751.0,125,0.7850972639438534,0.4207573755212099,12,RB2311.SHF,3778.0,3770.0,905951,-13.0,RB2309.SHF,3600.0,3608.0,3,191.0,RB2408.SHF,3738.0,3736.0,338,138.0,0.04176616915422885,0.04098553792097604,885130.0,946823.0,4315.0,21245.0,32.0,425147.0,467492.0,-0.03367608230123808,0.4803215346898196,0.4937480394962945,158898.0,-2754.0,12.0
2023-09-13,RB2401.SHF,3793.0,3804.0,3745.0,3777.0,3773.0,3791.0,3782.0,-5.0,-9.0,1493026,5634477.15,1536524,-2840.0,124,0.7959010477137834,0.42237238450707865,12,RB2311.SHF,3773.0,3770.0,882164,-4.0,RB2309.SHF,3606.0,3602.0,2,171.0,RB2408.SHF,3719.0,3717.0,337,113.0,0.03414292928038672,0.03361888629570064,872616.0,942845.0,-11535.0,-2390.0,33.0,409694.0,465482.0,-0.0386838384300186,0.4695009030318032,0.4936993885527314,159195.0,297.0,12.0
2023-09-14,RB2401.SHF,3778.0,3795.0,3759.0,3794.0,3776.0,3777.0,3773.0,21.0,3.0,1502575,5674560.57,1585958,49434.0,123,0.8186389750770245,0.432030723482663,12,RB2311.SHF,3790.0,3778.0,868180,-4.0,RB2309.SHF,3630.0,3616.0,1,164.0,RB2408.SHF,3735.0,3715.0,336,105.0,0.03151597384975948,0.03106876764903806,899374.0,975221.0,31404.0,40229.0,31.0,426562.0,485088.0,-0.04046047279545715,0.4742876712024141,0.4974134068072775,157685.0,-1510.0,12.0
2023-09-15,RB2401.SHF,3809.0,3833.0,3800.0,3824.0,3816.0,3794.0,3776.0,48.0,40.0,1543446,5891139.95,1669241,83283.0,122,0.8065401274937123,0.449651671282855,12,RB2311.SHF,3818.0,3810.0,845497,-6.0,RB2310.SHF,3762.0,3752.0,31,62.0,RB2408.SHF,3762.0,3754.0,335,0.0,0.0,0.0,929902.0,1030940.0,30677.0,56121.0,32.0,441810.0,506688.0,-0.051527864050239645,0.47511458196670187,0.4914815605175859,162784.0,5099.0,12.0
2023-09-18,RB2401.SHF,3820.0,3846.0,3792.0,3842.0,3820.0,3824.0,3816.0,26.0,4.0,1665547,6363532.35,1766006,96765.0,119,0.8149916056520801,0.4693048810464985,12,RB2311.SHF,3833.0,3816.0,817641,-9.0,RB2310.SHF,3767.0,3750.0,28,75.0,RB2409.SHF,3753.0,3754.0,366,-14.0,-0.004013364267392195,-0.004020840601515971,999488.0,1086892.0,71383.0,55952.0,34.0,483045.0,537234.0,-0.04189265617960295,0.4832924457322149,0.49428462073508683,162784.0,0.0,12.0
2023-09-19,RB2401.SHF,3846.0,3874.0,3830.0,3831.0,3854.0,3842.0,3820.0,11.0,34.0,1475760,5688477.58,1775340,9334.0,118,0.7635154117057256,0.48362856267238735,12,RB2311.SHF,3797.0,3832.0,736473,-34.0,RB2310.SHF,3763.0,3776.0,27,68.0,RB2409.SHF,3760.0,3777.0,365,-3.0,-0.0008609208000037366,-0.0008612641611432336,999597.0,1100056.0,886.0,13164.0,32.0,471367.0,547358.0,-0.047845524951027625,0.4715570374861069,0.4975728508366847,161570.0,-1214.0,12.0
2023-09-20,RB2401.SHF,3834.0,3855.0,3821.0,3842.0,3839.0,3831.0,3854.0,-12.0,-15.0,1180974,4534730.98,1773099,-2241.0,117,0.7906604938891512,0.4922433661902935,12,RB2311.SHF,3796.0,3798.0,672492,-46.0,RB2310.SHF,3760.0,3760.0,26,82.0,RB2409.SHF,3773.0,3758.0,364,13.0,0.00373363338788875,0.003727193807204614,1012089.0,1097330.0,26429.0,-2068.0,33.0,488440.0,533991.0,-0.04040970523163013,0.48260577874080246,0.4866275413959338,121153.0,-40417.0,12.0
2023-09-21,RB2401.SHF,3847.0,3850.0,3755.0,3762.0,3798.0,3842.0,3839.0,-77.0,-41.0,1990053,7558820.81,1687100,-85999.0,116,0.830517578125,0.4889031078716559,12,RB2311.SHF,3727.0,3767.0,622380,-35.0,RB2310.SHF,3694.0,3730.0,25,68.0,RB2409.SHF,3703.0,3733.0,363,9.0,0.0026310056608670183,0.0026278057880651526,951575.0,1065846.0,-60514.0,-16574.0,32.0,426618.0,538631.0,-0.05664211882398369,0.4483282978220319,0.5053553702880154,121754.0,601.0,12.0
2023-09-22,RB2401.SHF,3752.0,3793.0,3751.0,3779.0,3773.0,3762.0,3798.0,-19.0,-25.0,1160111,4377617.71,1643925,-43175.0,115,0.7773448440835646,0.49141391374634713,12,RB2311.SHF,3741.0,3735.0,566040,-38.0,RB2310.SHF,3713.0,3705.0,24,66.0,RB2409.SHF,3732.0,3714.0,362,19.0,0.005525922833097153,0.0055118323769417854,931097.0,1032060.0,-20478.0,-33059.0,33.0,420105.0,521660.0,-0.05142889743408194,0.45119359207472476,0.5054551091990775,121755.0,1.0,12.0
2023-09-25,RB2401.SHF,3786.0,3787.0,3704.0,3716.0,3741.0,3779.0,3773.0,-57.0,-32.0,1655226,6193788.02,1710023,66098.0,112,0.7820204270807644,0.5242410716201774,12,RB2311.SHF,3677.0,3709.0,457682,-39.0,RB2310.SHF,3658.0,3682.0,21,58.0,RB2409.SHF,3685.0,3702.0,359,27.0,0.007970695662582721,0.007941423433456982,948614.0,1052272.0,34038.0,58925.0,32.0,410352.0,520823.0,-0.051806049919885494,0.43258058599177324,0.49495092523606066,122957.0,1202.0,12.0
2023-09-26,RB2401.SHF,3716.0,3725.0,3665.0,3675.0,3697.0,3716.0,3741.0,-66.0,-44.0,1451253,5365717.92,1772900,62877.0,111,0.7742311853541637,0.5671858859044278,12,RB2403.SHF,3659.0,3679.0,347248,-16.0,RB2310.SHF,3614.0,3637.0,20,61.0,RB2409.SHF,3647.0,3668.0,358,33.0,0.009860568531974707,0.009815821522558813,995669.0,1075964.0,54670.0,53103.0,33.0,441348.0,521387.0,-0.038759278308464866,0.443267792810663,0.4845766215226532,122957.0,0.0,12.0
2023-09-27,RB2401.SHF,3679.0,3697.0,3673.0,3682.0,3684.0,3675.0,3697.0,-15.0,-13.0,897787,3307979.57,1767758,-5142.0,110,0.753428577662676,0.5845754782650678,12,RB2403.SHF,3664.0,3664.0,376367,-18.0,RB2310.SHF,3607.0,3618.0,19,75.0,RB2409.SHF,3649.0,3650.0,357,42.0,0.01257416955525338,0.012501525945300794,985497.0,1102016.0,-10172.0,28042.0,33.0,438611.0,540737.0,-0.05581713742621004,0.4450657891398959,0.4906798086416168,124754.0,1797.0,12.0
2023-09-28,RB2401.SHF,3690.0,3717.0,3684.0,3690.0,3700.0,3682.0,3684.0,6.0,16.0,1021754,3781502.03,1697143,-70615.0,109,0.8028277024956509,0.5950599112078523,12,RB2403.SHF,3679.0,3681.0,380600,-11.0,RB2310.SHF,3615.0,3623.0,18,75.0,RB2409.SHF,3675.0,3674.0,356,60.0,0.01792334700090838,0.01777623113827294,956343.0,1084242.0,-29154.0,-17774.0,34.0,424910.0,516349.0,-0.06267761450760444,0.4443071157524026,0.47623039874861883,126274.0,1520.0,12.0
2023-10-09,RB2401.SHF,3670.0,3670.0,3620.0,3638.0,3642.0,3690.0,3700.0,-62.0,-58.0,1025556,3735376.28,1810235,113092.0,98,0.8689613449821175,0.6094724640062327,12,RB2403.SHF,3628.0,3630.0,400362,-10.0,RB2310.SHF,3569.0,3572.0,7,69.0,RB2409.SHF,3632.0,3629.0,345,63.0,0.019062074636788624,0.018895786758353954,1028478.0,1143540.0,77346.0,65962.0,34.0,465067.0,572118.0,-0.05297469910470355,0.4521895461059935,0.5003043181698935,132329.0,6055.0,12.0
2023-10-10,RB2401.SHF,3638.0,3654.0,3596.0,3610.0,3625.0,3638.0,3642.0,-32.0,-17.0,1316197,4772423.53,1877432,67197.0,97,0.8494728377181773,0.6207858193165123,12,RB2403.SHF,3595.0,3616.0,425990,-15.0,RB2310.SHF,3550.0,3563.0,6,60.0,RB2409.SHF,3606.0,3620.0,344,56.0,0.017034752896074697,0.016901790746264526,1077585.0,1155533.0,51232.0,32350.0,33.0,484655.0,580310.0,-0.03490545506327924,0.44976034373158497,0.5022011487339608,138722.0,6393.0,12.0
2023-10-11,RB2401.SHF,3616.0,3634.0,3590.0,3619.0,3616.0,3610.0,3625.0,-6.0,-9.0,1061811,3839935.29,1871876,-5556.0,96,0.8398808770486617,0.618958104143293,12,RB2403.SHF,3604.0,3603.0,458464,-15.0,RB2310.SHF,3522.0,3540.0,5,97.0,RB2409.SHF,3610.0,3609.0,343,88.0,0.02698171090256009,0.026650142688854846,1086055.0,1158895.0,9451.0,3362.0,32.0,484262.0,583315.0,-0.03244615692999844,0.445890861880844,0.503337230724095,150086.0,11364.0,12.0
2023-10-12,RB2401.SHF,3619.0,3632.0,3595.0,3627.0,3616.0,3619.0,3616.0,11.0,0.0,1253955,4535305.71,1900044,28168.0,95,0.875284268190023,0.6192586277025124,12,RB2403.SHF,3614.0,3605.0,481593,-13.0,RB2310.SHF,3505.0,3509.0,4,122.0,RB2409.SHF,3619.0,3611.0,342,114.0,0.03512311237538928,0.03456401418548506,1108964.0,1179148.0,24425.0,21287.0,32.0,488140.0,593767.0,-0.030673323683456055,0.4401765972565385,0.5035559573522578,147384.0,-2702.0,12.0
2023-10-13,RB2401.SHF,3630.0,3652.0,3602.0,3620.0,3619.0,3627.0,3616.0,4.0,3.0,1181367,4275968.59,1910511,10467.0,94,0.867778047114304,0.6196140026444928,12,RB2403.SHF,3613.0,3608.0,488143,-7.0,RB2310.SHF,3520.0,3501.0,3,100.0,RB2409.SHF,3619.0,3617.0,341,99.0,0.030371671597633088,0.029952412913117933,1105093.0,1199956.0,-3871.0,20808.0,33.0,477344.0,606520.0,-0.04115443966700925,0.4319491662692642,0.5054518665684409,148284.0,900.0,12.0
2023-10-16,RB2401.SHF,3624.0,3663.0,3592.0,3657.0,3625.0,3620.0,3619.0,38.0,6.0,1639211,5943749.65,1888586,-21925.0,91,0.87185906528953,0.614529437011242,12,RB2403.SHF,3665.0,3624.0,509824,8.0,RB2311.SHF,3617.0,3589.0,30,40.0,RB2409.SHF,3665.0,3634.0,338,48.0,0.015726601294751737,0.015623164170645108,1099438.0,1197087.0,-5655.0,-2203.0,32.0,487599.0,603862.0,-0.04252032962846039,0.44349840554901687,0.5044428683963655,141896.0,-6388.0,12.0
2023-10-17,RB2401.SHF,3658.0,3672.0,3637.0,3647.0,3652.0,3657.0,3625.0,22.0,27.0,1068036,3900789.03,1870289,-18297.0,90,0.8611672615884776,0.612381688622233,12,RB2403.SHF,3665.0,3665.0,523165,18.0,RB2311.SHF,3608.0,3614.0,29,39.0,RB2410.SHF,3631.0,3631.0,364,23.0,0.006945593540060204,0.006923549058551767,1089411.0,1190539.0,-10027.0,-5415.0,31.0,473792.0,603417.0,-0.044355358670146276,0.434906568778909,0.5068435389348858,140095.0,-1801.0,12.0
2023-10-18,RB2401.SHF,3652.0,3660.0,3605.0,3615.0,3634.0,3647.0,3652.0,-37.0,-18.0,1361935,4950385.29,1951142,80853.0,89,0.8817436049496534,0.6177694415403407,12,RB2403.SHF,3633.0,3655.0,541759,18.0,RB2311.SHF,3573.0,3596.0,28,42.0,RB2410.SHF,3602.0,3615.0,363,29.0,0.008843273138923413,0.00880757825390881,1141635.0,1261100.0,52224.0,75286.0,30.0,512101.0,641053.0,-0.04972042276822038,0.4485680624718058,0.508328443422409,135899.0,-4196.0,12.0
2023-10-19,RB2401.SHF,3615.0,3650.0,3595.0,3644.0,3624.0,3615.0,3634.0,10.0,-10.0,1313338,4759752.89,1886883,-64259.0,88,0.8844759532271023,0.6086974615064503,12,RB2403.SHF,3663.0,3639.0,552637,19.0,RB2311.SHF,3599.0,3580.0,27,45.0,RB2410.SHF,3623.0,3608.0,362,24.0,0.007265699841995809,0.0072415812771849265,1110966.0,1201454.0,-30669.0,-56215.0,30.0,504902.0,624358.0,-0.039131299677394246,0.4544711539327036,0.5196686681304487,71400.0,-64499.0,12.0
2023-10-20,RB2401.SHF,3650.0,3659.0,3601.0,3610.0,3629.0,3644.0,3624.0,-14.0,5.0,1418587,5149241.91,1880167,-6716.0,87,0.8793686786660947,0.607785558681494,12,RB2403.SHF,3621.0,3648.0,558178,11.0,RB2311.SHF,3582.0,3590.0,26,28.0,RB2410.SHF,3588.0,3606.0,361,6.0,0.0018250456261407018,0.0018235188169577262,1099834.0,1199375.0,-9516.0,10774.0,30.0,481513.0,632334.0,-0.043293584880713325,0.4378051596877347,0.5272195935383012,71099.0,-301.0,12.0
2023-10-23,RB2401.SHF,3600.0,3616.0,3558.0,3572.0,3582.0,3610.0,3629.0,-57.0,-47.0,1591543,5702292.8,1953077,72910.0,84,0.884901918375494,0.6145384692837275,12,RB2403.SHF,3586.0,3593.0,565187,14.0,RB2311.SHF,3549.0,3552.0,23,23.0,RB2410.SHF,3568.0,3570.0,358,19.0,0.005833049461063199,0.005817490998484401,1142423.0,1210970.0,42589.0,22237.0,33.0,513178.0,624581.0,-0.029126881910501137,0.4492013903781699,0.5157691767756427,71400.0,301.0,12.0
2023-10-24,RB2401.SHF,3576.0,3636.0,3572.0,3630.0,3596.0,3572.0,3582.0,48.0,14.0,1443112,5190079.34,1862178,-90899.0,83,0.886246255393523,0.6055898863798227,12,RB2403.SHF,3644.0,3609.0,566427,14.0,RB2311.SHF,3593.0,3569.0,22,37.0,RB2410.SHF,3611.0,3588.0,357,18.0,0.005458374700391652,0.0054447476711573664,1112035.0,1155314.0,-27893.0,-51468.0,33.0,516240.0,594109.0,-0.01908793044211544,0.46422999276101923,0.514240284459463,71099.0,-301.0,12.0
2023-10-25,RB2401.SHF,3645.0,3687.0,3634.0,3673.0,3664.0,3630.0,3596.0,77.0,68.0,1688410,6187531.08,1781581,-80597.0,82,0.868493283156762,0.5953473124707812,12,RB2403.SHF,3695.0,3686.0,580979,22.0,RB2311.SHF,3601.0,3609.0,21,72.0,RB2410.SHF,3638.0,3637.0,356,37.0,0.011195066047159308,0.011137942781060233,1063690.0,1097549.0,-38422.0,-45523.0,32.0,499421.0,567200.0,-0.015666476497971767,0.4695174345909052,0.5167878609519939,70799.0,-300.0,12.0
2023-10-26,RB2401.SHF,3673.0,3688.0,3657.0,3685.0,3670.0,3673.0,3664.0,21.0,6.0,1133648,4161432.26,1759038,-22543.0,81,0.8682593271121949,0.5917894768714222,12,RB2403.SHF,3694.0,3682.0,591643,9.0,RB2311.SHF,3615.0,3605.0,20,70.0,RB2410.SHF,3636.0,3637.0,355,21.0,0.0063293491050969,0.00631103599147491,1039758.0,1080384.0,-23932.0,-16665.0,32.0,482697.0,555132.0,-0.01916192405980354,0.4642397557893279,0.5138284165629998,69598.0,-1201.0,12.0
2023-10-27,RB2401.SHF,3676.0,3726.0,3666.0,3724.0,3694.0,3685.0,3670.0,54.0,24.0,1427073,5272979.96,1725232,-33806.0,80,0.8651643364401673,0.5848539468603668,12,RB2403.SHF,3733.0,3703.0,609460,9.0,RB2311.SHF,3676.0,3632.0,19,48.0,RB2410.SHF,3688.0,3653.0,354,12.0,0.0035567537719454136,0.0035509610099431245,1029212.0,1056065.0,-6271.0,-21109.0,33.0,499651.0,543873.0,-0.012877425876754023,0.4854694659603658,0.5149995502170794,69598.0,0.0,12.0
2023-10-30,RB2401.SHF,3720.0,3743.0,3708.0,3740.0,3725.0,3724.0,3694.0,46.0,31.0,1066575,3973328.04,1709019,-16213.0,77,0.8560088155083605,0.5750462319917308,12,RB2403.SHF,3752.0,3738.0,637539,12.0,RB2311.SHF,3716.0,3683.0,16,24.0,RB2410.SHF,3712.0,3698.0,351,-4.0,-0.0011728226467233329,-0.0011734543286204518,1025208.0,1046409.0,-2715.0,-4316.0,32.0,491005.0,546073.0,-0.01023403457299298,0.47893208012422844,0.5218542653971822,65056.0,-4542.0,12.0
2023-10-31,RB2401.SHF,3745.0,3748.0,3712.0,3733.0,3729.0,3740.0,3725.0,8.0,4.0,1069766,3989779.7,1692499,-16520.0,76,0.8477886499856161,0.5683503390795238,12,RB2403.SHF,3743.0,3744.0,666500,10.0,RB2311.SHF,3713.0,3715.0,15,20.0,RB2410.SHF,3710.0,3707.0,350,-3.0,-0.0008803276909286278,-0.0008806835226678707,1022246.0,1026994.0,-2962.0,-19117.0,31.0,502180.0,519218.0,-0.00231695653022584,0.49125161653848487,0.505570626508042,63558.0,-1498.0,12.0
2023-11-01,RB2401.SHF,3733.0,3761.0,3723.0,3749.0,3742.0,3733.0,3729.0,20.0,13.0,1185467,4437134.65,1665545,-26954.0,75,0.8621471589078535,0.5612671117816405,12,RB2403.SHF,3761.0,3754.0,677334,12.0,RB2311.SHF,3740.0,3730.0,14,9.0,RB2410.SHF,3713.0,3717.0,349,-27.0,-0.007865751456620624,-0.007894281267154015,1007565.0,999700.0,-11170.0,-27294.0,31.0,498219.0,500445.0,0.003918266895502088,0.49447827187327864,0.5005951785535661,61765.0,-1793.0,12.0
2023-11-02,RB2401.SHF,3756.0,3767.0,3737.0,3756.0,3752.0,3749.0,3742.0,14.0,10.0,1009222,3786683.98,1658538,-7007.0,74,0.8463837006758678,0.5613690796127336,12,RB2403.SHF,3760.0,3757.0,673127,4.0,RB2311.SHF,3746.0,3739.0,13,10.0,RB2410.SHF,3717.0,3716.0,348,-29.0,-0.008434867839127927,-0.008467686979030813,1001292.0,1000766.0,-50.0,6267.0,33.0,502010.0,492135.0,0.0002627296511889266,0.5013622399859382,0.4917583131321408,60863.0,-902.0,12.0
2023-11-03,RB2401.SHF,3746.0,3813.0,3737.0,3805.0,3783.0,3756.0,3752.0,53.0,31.0,1486028,5621832.13,1665308,6770.0,73,0.8361258058671744,0.5556056750044374,12,RB2403.SHF,3809.0,3784.0,675852,4.0,RB2311.SHF,3788.0,3767.0,12,17.0,RB2410.SHF,3758.0,3754.0,347,-30.0,-0.008628977604059916,-0.008663328750399239,1019967.0,1006869.0,24463.0,14498.0,30.0,515559.0,497413.0,0.006462289006115936,0.5054663533231958,0.4940195795083571,61164.0,301.0,12.0
2023-11-06,RB2401.SHF,3805.0,3830.0,3791.0,3805.0,3811.0,3805.0,3783.0,22.0,28.0,1429910,5450280.43,1639478,-25830.0,70,0.8105629231985806,0.5424610958026613,12,RB2403.SHF,3824.0,3822.0,681514,19.0,RB2311.SHF,3789.0,3785.0,9,16.0,RB2410.SHF,3792.0,3789.0,344,3.0,0.0008626700228074995,0.0008623286867275114,998288.0,987387.0,-21062.0,-19451.0,27.0,491014.0,500225.0,0.005489820841779244,0.4918560575705608,0.5066149341646183,58731.0,-2433.0,12.0
2023-11-07,RB2401.SHF,3800.0,3818.0,3780.0,3791.0,3799.0,3805.0,3811.0,-20.0,-12.0,1267602,4816189.47,1599081,-40397.0,69,0.83652761077902,0.532525715792867,12,RB2403.SHF,3805.0,3814.0,694464,14.0,RB2311.SHF,3775.0,3780.0,8,16.0,RB2410.SHF,3783.0,3786.0,343,8.0,0.002308984876939797,0.0023065417215373733,977946.0,966905.0,-15414.0,-19883.0,30.0,485832.0,489074.0,0.005677041583134132,0.4967881662177666,0.5058139113977071,60525.0,1794.0,12.0
2023-11-08,RB2401.SHF,3780.0,3851.0,3768.0,3848.0,3800.0,3791.0,3799.0,49.0,1.0,1511907,5745773.04,1645117,46036.0,68,0.8429205649030219,0.5360566113725853,12,RB2403.SHF,3850.0,3800.0,702763,2.0,RB2311.SHF,3784.0,3761.0,7,64.0,RB2410.SHF,3819.0,3783.0,342,35.0,0.010077782335678983,0.01003146067050089,1013162.0,977899.0,41340.0,12242.0,30.0,517802.0,494491.0,0.017710657784969924,0.5110752278510248,0.505666740634769,58112.0,-2413.0,12.0
2023-11-09,RB2401.SHF,3847.0,3879.0,3837.0,3853.0,3854.0,3848.0,3800.0,53.0,54.0,1553439,5987914.14,1639732,-5385.0,67,0.8223034823948154,0.5264808570454331,12,RB2403.SHF,3854.0,3855.0,714913,1.0,RB2311.SHF,3795.0,3783.0,6,58.0,RB2410.SHF,3832.0,3833.0,341,37.0,0.010622775450809295,0.01057132531424671,1010428.0,975704.0,2868.0,316.0,32.0,502821.0,498786.0,0.017483228707860305,0.4976316966671549,0.511206267474562,58112.0,0.0,12.0
2023-11-10,RB2401.SHF,3853.0,3884.0,3849.0,3879.0,3870.0,3853.0,3854.0,25.0,16.0,1287764,4984770.42,1624456,-15276.0,66,0.8439533879338423,0.5216613332348535,12,RB2403.SHF,3870.0,3868.0,719110,-9.0,RB2311.SHF,3791.0,3791.0,5,88.0,RB2410.SHF,3852.0,3847.0,340,61.0,0.017531703130351857,0.017392149109294514,999792.0,955179.0,-9279.0,-20493.0,34.0,502588.0,484384.0,0.022820287359761347,0.502692560052491,0.5071133264026952,58112.0,0.0,12.0
2023-11-13,RB2401.SHF,3873.0,3918.0,3853.0,3872.0,3878.0,3879.0,3870.0,2.0,8.0,1676739,6503518.5,1590486,-33970.0,63,0.8253829250571508,0.5146227932178558,12,RB2403.SHF,3863.0,3868.0,725792,-9.0,RB2311.SHF,3836.0,3835.0,2,36.0,RB2410.SHF,3842.0,3860.0,337,6.0,0.0017042005820739263,0.0017028691751885597,961616.0,954711.0,-26935.0,113.0,31.0,460257.0,498096.0,0.003603247253730705,0.478628683382972,0.5217243752297815,54180.0,-3932.0,12.0
2023-11-14,RB2401.SHF,3874.0,3881.0,3834.0,3856.0,3857.0,3872.0,3878.0,-22.0,-21.0,1331751,5136938.73,1582876,-7610.0,62,0.8252702614773985,0.5076161210728825,12,RB2403.SHF,3841.0,3847.0,759836,-15.0,RB2311.SHF,3830.0,3830.0,1,26.0,RB2410.SHF,3819.0,3821.0,336,-11.0,-0.0031292623046646935,-0.003133764646116577,964372.0,951362.0,7945.0,-1426.0,30.0,475737.0,496166.0,0.006791130710213422,0.4933127465334954,0.5215322873942831,52354.0,-1826.0,12.0
2023-11-15,RB2401.SHF,3868.0,3962.0,3868.0,3920.0,3923.0,3856.0,3857.0,63.0,66.0,2343797,9196238.47,1577302,-5574.0,61,0.8250000175996475,0.4946969048315765,12,RB2403.SHF,3906.0,3899.0,781799,-14.0,RB2312.SHF,3910.0,3920.0,30,10.0,RB2410.SHF,3881.0,3878.0,335,-29.0,-0.008875938115802253,-0.008909017665030732,961911.0,951954.0,22360.0,2113.0,30.0,478515.0,492562.0,0.00520256130918325,0.4974628629883638,0.5174220603096368,51152.0,-1202.0,12.0
2023-11-16,RB2401.SHF,3920.0,3979.0,3893.0,3972.0,3929.0,3920.0,3923.0,49.0,6.0,1699371,6678515.19,1638080,60778.0,60,0.78158555941536,0.49071815101158495,12,RB2403.SHF,3959.0,3919.0,796945,-13.0,RB2312.SHF,3965.0,3918.0,29,7.0,RB2411.SHF,3871.0,3868.0,365,-94.0,-0.02575361796673277,-0.0260638064712042,1000586.0,956623.0,57468.0,4669.0,31.0,511915.0,475532.0,0.022462087595141858,0.511615193496611,0.4970944666812318,51152.0,0.0,12.0
2023-11-17,RB2401.SHF,3982.0,3994.0,3920.0,3929.0,3957.0,3972.0,3929.0,0.0,28.0,1588116,6284650.13,1578094,-59986.0,59,0.7856169388010521,0.4770261218212244,12,RB2403.SHF,3918.0,3949.0,810014,-11.0,RB2312.SHF,3924.0,3946.0,28,5.0,RB2411.SHF,3903.0,3907.0,364,-21.0,-0.00581358307849128,-0.005829195027360476,973291.0,936434.0,-26245.0,-18361.0,31.0,473796.0,467838.0,0.019299637382345625,0.4867978847025196,0.4995952731319025,49344.0,-1808.0,12.0
2023-11-20,RB2401.SHF,3928.0,3995.0,3911.0,3983.0,3952.0,3929.0,3957.0,26.0,-5.0,1661591,6567158.16,1622470,44376.0,56,0.775244936455792,0.47935075356218115,12,RB2403.SHF,3974.0,3943.0,827748,-9.0,RB2312.SHF,3971.0,3937.0,25,12.0,RB2411.SHF,3921.0,3914.0,361,-50.0,-0.013678034799918411,-0.013764876566088456,1012727.0,952248.0,45737.0,16900.0,32.0,529603.0,472979.0,0.030778508632425348,0.5229474478314492,0.49669728894153625,15270.0,-34074.0,12.0
2023-11-21,RB2401.SHF,4000.0,4053.0,3983.0,3983.0,4019.0,3983.0,3952.0,31.0,67.0,2030063,8158945.03,1628589,6119.0,55,0.7913852398368627,0.47767753175788047,12,RB2403.SHF,3961.0,3995.0,835462,-22.0,RB2312.SHF,3974.0,4005.0,24,9.0,RB2411.SHF,3926.0,3952.0,360,-48.0,-0.013121000790854806,-0.013200885775312051,1029374.0,965483.0,18958.0,14552.0,30.0,504940.0,487970.0,0.032027859641067004,0.4905311383423323,0.5054154241970081,15270.0,0.0,12.0
2023-11-22,RB2401.SHF,3986.0,4017.0,3955.0,4001.0,3986.0,3983.0,4019.0,-18.0,-33.0,2020789,8056832.99,1599519,-29070.0,54,0.773987697634514,0.46271654052402783,12,RB2403.SHF,4006.0,3980.0,884476,5.0,RB2312.SHF,3989.0,3984.0,23,12.0,RB2411.SHF,3896.0,3911.0,359,-93.0,-0.025326343874225603,-0.02562624496186919,993496.0,930872.0,-35878.0,-31334.0,31.0,496175.0,472251.0,0.03254263217846067,0.49942324881026195,0.5073210924810285,15270.0,0.0,12.0
2023-11-23,RB2401.SHF,4003.0,4016.0,3896.0,3934.0,3950.0,4001.0,3986.0,-52.0,-36.0,2420217,9559914.74,1472805,-126714.0,53,0.7584027089470647,0.4347848548488325,12,RB2403.SHF,3958.0,3966.0,923793,24.0,RB2312.SHF,3922.0,3965.0,22,12.0,RB2411.SHF,3893.0,3892.0,358,-29.0,-0.008032375367281039,-0.008062219012589562,926173.0,856461.0,-40274.0,-71169.0,31.0,468623.0,433056.0,0.03910617659037133,0.5059778248772098,0.5056342320315811,15270.0,0.0,12.0
2023-11-24,RB2401.SHF,3946.0,3981.0,3907.0,3976.0,3937.0,3934.0,3950.0,26.0,-13.0,1549819,6101658.04,1424684,-48121.0,52,0.7204710664542501,0.41387187925856056,12,RB2403.SHF,3985.0,3945.0,944285,9.0,RB2312.SHF,3955.0,3947.0,21,21.0,RB2411.SHF,3955.0,3912.0,357,0.0,0.0,0.0,872663.0,820672.0,-45458.0,-34068.0,33.0,436262.0,406409.0,0.030703316236893468,0.49992035871808477,0.49521489705997035,15270.0,0.0,12.0
2023-11-27,RB2401.SHF,3979.0,3982.0,3915.0,3959.0,3944.0,3976.0,3937.0,22.0,7.0,1793161,7072246.29,1326302,-98382.0,49,0.7312795182226406,0.38663120342023655,12,RB2403.SHF,3980.0,3956.0,949567,21.0,RB2312.SHF,3950.0,3947.0,18,9.0,RB2411.SHF,3962.0,3944.0,354,12.0,0.0033001808318263706,0.0032951780286159535,810499.0,760571.0,-51922.0,-58483.0,32.0,420004.0,370015.0,0.0317796151667335,0.5182042174018722,0.4864963297312151,15270.0,0.0,12.0
2023-11-28,RB2401.SHF,3959.0,3959.0,3883.0,3893.0,3918.0,3959.0,3944.0,-51.0,-26.0,1814439,7109915.26,1160221,-166081.0,48,0.6964032604052363,0.34313639084544534,12,RB2403.SHF,3915.0,3939.0,963522,22.0,RB2312.SHF,3919.0,3927.0,17,-26.0,RB2411.SHF,3919.0,3943.0,353,0.0,0.0,0.0,699899.0,655726.0,-82189.0,-103753.0,31.0,348692.0,313299.0,0.03258497003227294,0.4982033121921877,0.4777895035426382,15270.0,0.0,12.0
2023-11-29,RB2401.SHF,3895.0,3927.0,3885.0,3896.0,3904.0,3893.0,3918.0,-22.0,-14.0,1202436,4694698.63,1035330,-124891.0,47,0.6848033897436335,0.3103978932049925,12,RB2403.SHF,3901.0,3916.0,974614,5.0,RB2312.SHF,3895.0,3928.0,16,1.0,RB2411.SHF,3913.0,3910.0,352,18.0,0.005020172382174865,0.005008608111698716,613877.0,557802.0,-85208.0,-94868.0,30.0,286196.0,249498.0,0.04785867118895192,0.4662106578353644,0.44728774726515863,15270.0,0.0,12.0
2023-11-30,RB2405.SHF,3931.0,3946.0,3881.0,3934.0,3911.0,3921.0,3930.0,4.0,-19.0,600556,2349308.01,1023871,77375.0,167,0.24562969204058135,0.31021909863331876,12,RB2403.SHF,3916.0,3892.0,984325,-18.0,RB2312.SHF,3782.0,3847.0,15,152.0,RB2411.SHF,3907.0,3896.0,351,125.0,0.03590393719624293,0.03532335931661835,652736.0,647407.0,47147.0,35967.0,35.0,322973.0,312660.0,0.004098779903441391,0.4947988160603981,0.48294195150809305,15270.0,0.0,12.0
2023-12-01,RB2405.SHF,3934.0,3980.0,3930.0,3968.0,3955.0,3934.0,3911.0,57.0,44.0,607957,2404968.46,1138923,115052.0,166,0.3408669510041989,0.3476269878114776,12,RB2403.SHF,3936.0,3930.0,981091,-32.0,RB2312.SHF,3900.0,3864.0,14,68.0,RB2411.SHF,3932.0,3924.0,350,32.0,0.008913308913309027,0.008876940296135742,718533.0,712985.0,73747.0,67906.0,36.0,362454.0,352595.0,0.0038756061747040552,0.5044361219317693,0.494533545586513,16165.0,895.0,12.0
2023-12-04,RB2405.SHF,3968.0,3974.0,3894.0,3900.0,3935.0,3968.0,3955.0,-55.0,-20.0,651409,2563617.07,1134598,-4325.0,163,0.3875552112783315,0.35380892538067427,12,RB2403.SHF,3879.0,3909.0,978796,-21.0,RB2312.SHF,3852.0,3869.0,11,48.0,RB2411.SHF,3888.0,3911.0,347,36.0,0.010152425456163653,0.01010527774328689,699376.0,714511.0,-13354.0,2191.0,35.0,348073.0,348730.0,-0.010704532964798459,0.49769079865480087,0.4880680633328248,16165.0,0.0,12.0
2023-12-05,RB2405.SHF,3900.0,3923.0,3890.0,3899.0,3903.0,3900.0,3935.0,-36.0,-32.0,516808,2017179.78,1131421,-3177.0,162,0.38441420882413324,0.35907366173438815,12,RB2403.SHF,3868.0,3879.0,987578,-31.0,RB2312.SHF,3852.0,3852.0,10,47.0,RB2411.SHF,3881.0,3881.0,346,29.0,0.008178342728576324,0.008147710817187145,696737.0,694855.0,-723.0,-19115.0,37.0,354871.0,331865.0,0.001352407889668811,0.5093327898475322,0.47760324096394213,16165.0,0.0,12.0
2023-12-06,RB2405.SHF,3896.0,3955.0,3874.0,3953.0,3914.0,3899.0,3903.0,50.0,11.0,742650,2907378.51,1170999,39578.0,161,0.4753361563984925,0.36958790755307663,12,RB2403.SHF,3910.0,3880.0,985710,-43.0,RB2312.SHF,3852.0,3852.0,9,101.0,RB2411.SHF,3929.0,3891.0,345,77.0,0.021714910003461357,0.02150072328500564,709382.0,705079.0,14230.0,14803.0,34.0,347529.0,331060.0,0.0030421482105197667,0.4899038881730859,0.4695360378056927,13769.0,-2396.0,12.0
2023-12-07,RB2405.SHF,3953.0,4021.0,3945.0,4011.0,3992.0,3953.0,3914.0,97.0,78.0,1040675,4154637.23,1313215,142216.0,160,0.5912771598015052,0.4063370151403057,12,RB2403.SHF,3968.0,3938.0,982241,-43.0,RB2312.SHF,3870.0,3870.0,8,141.0,RB2411.SHF,3995.0,3968.0,344,125.0,0.03508751691891225,0.03453277185845193,787065.0,771161.0,84914.0,77188.0,32.0,378685.0,368710.0,0.010206478392736355,0.48113561141710026,0.4781232453404672,13769.0,0.0,12.0
2023-12-08,RB2405.SHF,4002.0,4060.0,3996.0,4042.0,4035.0,4011.0,3992.0,50.0,43.0,937385,3782829.41,1371697,58482.0,159,0.6193017251403262,0.4226025869484311,12,RB2403.SHF,3977.0,3976.0,983551,-65.0,RB2312.SHF,3882.0,3882.0,7,160.0,RB2411.SHF,4033.0,4016.0,343,151.0,0.04225469811829924,0.041453605261043316,823932.0,808769.0,38409.0,37608.0,33.0,392407.0,383293.0,0.009287064808559559,0.4762613905030998,0.4739214781971119,13769.0,0.0,12.0
2023-12-11,RB2405.SHF,4042.0,4076.0,4010.0,4025.0,4037.0,4042.0,4035.0,-10.0,2.0,1295013,5229118.6,1403548,31851.0,156,0.7511271143726006,0.4345711763611273,12,RB2403.SHF,3964.0,3970.0,962175,-61.0,RB2312.SHF,3883.0,3883.0,4,142.0,RB2411.SHF,4024.0,4018.0,340,141.0,0.03944621242779872,0.03874690311751881,821702.0,832702.0,2296.0,23933.0,34.0,381686.0,405150.0,-0.006648920094487199,0.46450659728222643,0.4865486092263499,15859.0,2090.0,12.0
2023-12-12,RB2405.SHF,4023.0,4063.0,4005.0,4060.0,4035.0,4025.0,4037.0,23.0,-2.0,1106310,4464634.06,1462775,59227.0,155,0.7661421287104372,0.45051281048356423,12,RB2403.SHF,4006.0,3980.0,949396,-54.0,RB2312.SHF,3883.0,3883.0,3,177.0,RB2411.SHF,4043.0,4024.0,339,160.0,0.04476165949253762,0.0438640269845916,850730.0,859541.0,39351.0,26839.0,35.0,399645.0,416723.0,-0.005151815121697088,0.46976714116112045,0.4848203866947592,15859.0,0.0,12.0
2023-12-13,RB2405.SHF,4050.0,4053.0,3931.0,3942.0,3990.0,4060.0,4035.0,-93.0,-45.0,1915813,7644099.73,1388556,-74219.0,154,0.7953688904019164,0.4464460023072145,12,RB2403.SHF,3897.0,3948.0,931249,-45.0,RB2312.SHF,3850.0,3850.0,2,92.0,RB2411.SHF,3928.0,3982.0,338,78.0,0.022008348794063014,0.021788373215095795,817123.0,833528.0,-29436.0,-22393.0,35.0,381087.0,411658.0,-0.009938503051220397,0.46637654306634374,0.49387423097964317,20065.0,4206.0,12.0
2023-12-14,RB2405.SHF,3951.0,3979.0,3920.0,3925.0,3947.0,3942.0,3990.0,-65.0,-43.0,1284734,5071824.4,1364343,-24213.0,153,0.799387983799864,0.4456410505992267,12,RB2403.SHF,3880.0,3899.0,923954,-45.0,RB2312.SHF,3850.0,3850.0,1,75.0,RB2411.SHF,3911.0,3927.0,337,61.0,0.01721165739022874,0.017076728654448547,798156.0,810127.0,-14600.0,-23401.0,33.0,372015.0,394468.0,-0.0074433417501770524,0.46609309458301384,0.48692118643126325,24257.0,4192.0,12.0
2023-12-15,RB2405.SHF,3929.0,3963.0,3896.0,3915.0,3932.0,3925.0,3947.0,-32.0,-15.0,1635283,6430612.65,1378052,13709.0,152,0.8300347488348532,0.454662190161719,12,RB2403.SHF,3864.0,3880.0,909225,-51.0,RB2401.SHF,3944.0,3944.0,31,-29.0,RB2411.SHF,3891.0,3913.0,336,-53.0,-0.0160817011937618,-0.016190733112655523,805592.0,807189.0,7436.0,4668.0,35.0,370759.0,396896.0,-0.0009902150384956173,0.46023173020586106,0.49170144786413095,24257.0,0.0,12.0
2023-12-18,RB2405.SHF,3915.0,3942.0,3892.0,3933.0,3914.0,3915.0,3932.0,1.0,-18.0,1387983,5433184.49,1385700,7648.0,149,0.8461386526113268,0.46127712212608907,12,RB2403.SHF,3896.0,3874.0,899714,-37.0,RB2401.SHF,3962.0,3943.0,28,-29.0,RB2412.SHF,3889.0,3881.0,364,-73.0,-0.020015294103507168,-0.02020198209078387,824378.0,803101.0,18786.0,3538.0,35.0,384648.0,383135.0,0.013073594190769896,0.46659178192528183,0.4770695093145196,24257.0,0.0,12.0
2023-12-19,RB2405.SHF,3933.0,3950.0,3906.0,3925.0,3930.0,3933.0,3914.0,11.0,16.0,1241986,4881051.14,1383881,-1819.0,148,0.8581992813709232,0.4647988698773685,12,RB2403.SHF,3908.0,3905.0,889926,-17.0,RB2401.SHF,3952.0,3953.0,27,-27.0,RB2412.SHF,3889.0,3895.0,363,-63.0,-0.017317181174089015,-0.017456694999654913,827595.0,806377.0,3217.0,3542.0,32.0,382808.0,378638.0,0.012985534635844433,0.4625547520224264,0.46955456318818617,24257.0,0.0,12.0
2023-12-20,RB2405.SHF,3925.0,3957.0,3918.0,3940.0,3938.0,3925.0,3930.0,10.0,8.0,1064645,4193581.04,1370546,-13335.0,147,0.8561198806661466,0.4651328375476699,12,RB2403.SHF,3920.0,3912.0,880165,-20.0,RB2401.SHF,3966.0,3961.0,26,-26.0,RB2412.SHF,3910.0,3899.0,362,-56.0,-0.015338712388636775,-0.015448034156608328,816952.0,787345.0,-10643.0,-17728.0,34.0,381290.0,373643.0,0.018454812294730963,0.466722647107786,0.47456070718681137,15281.0,-8976.0,12.0
2023-12-21,RB2405.SHF,3940.0,3993.0,3923.0,3988.0,3954.0,3940.0,3938.0,50.0,16.0,1382449,5467221.66,1419138,48592.0,146,0.8642558716865583,0.48164218924627106,12,RB2403.SHF,3953.0,3926.0,859308,-35.0,RB2401.SHF,4002.0,3978.0,25,-14.0,RB2412.SHF,3937.0,3925.0,361,-65.0,-0.017643707907950838,-0.017788562002912362,848637.0,813326.0,31685.0,29282.0,36.0,407489.0,370741.0,0.0212465620474102,0.4801687883040688,0.45583320833220625,15281.0,0.0,12.0
2023-12-22,RB2405.SHF,3988.0,4029.0,3982.0,4004.0,4002.0,3988.0,3954.0,50.0,48.0,1242795,4974543.53,1413911,-5227.0,145,0.8336525168317589,0.4914329230038799,12,RB2403.SHF,3974.0,3966.0,840944,-30.0,RB2401.SHF,4007.0,4010.0,24,-3.0,RB2412.SHF,3961.0,3965.0,360,-46.0,-0.012470735736271018,-0.012542869792241597,850736.0,813804.0,2099.0,2905.0,33.0,411653.0,372634.0,0.02218751126437334,0.4838786650617818,0.457891580773749,15281.0,0.0,12.0
2023-12-25,RB2405.SHF,4001.0,4014.0,3981.0,3998.0,3997.0,4004.0,4002.0,-4.0,-5.0,1014394,4055100.89,1395734,-18177.0,142,0.828817596136955,0.491378466621087,12,RB2403.SHF,3976.0,3969.0,823502,-22.0,RB2401.SHF,4025.0,4008.0,21,-27.0,RB2412.SHF,3942.0,3951.0,357,-83.0,-0.022400916888494563,-0.022635107979462398,822657.0,810560.0,-28020.0,-602.0,34.0,398420.0,369157.0,0.007406854080015087,0.48430877024081725,0.45543451440979077,15281.0,0.0,12.0
2023-12-26,RB2405.SHF,4000.0,4040.0,3997.0,4023.0,4021.0,3998.0,3997.0,26.0,24.0,1069379,4300139.26,1460390,64656.0,141,0.8247893637566831,0.520192320022341,12,RB2403.SHF,3993.0,3991.0,782471,-30.0,RB2401.SHF,4056.0,4041.0,20,-33.0,RB2412.SHF,3972.0,3972.0,356,-84.0,-0.02249753451676528,-0.022733764400815162,857799.0,842383.0,35142.0,36904.0,33.0,406381.0,380263.0,0.009067264563440855,0.47374851218059244,0.45141343070788464,15588.0,307.0,12.0
2023-12-27,RB2405.SHF,4023.0,4034.0,3990.0,4023.0,4013.0,4023.0,4021.0,2.0,-8.0,1119862,4494739.31,1455027,-5363.0,140,0.8437753352159879,0.5373221469000411,12,RB2403.SHF,3992.0,3986.0,733715,-31.0,RB2401.SHF,4054.0,4041.0,19,-31.0,RB2412.SHF,3978.0,3972.0,355,-76.0,-0.020364954072403556,-0.020558263908571957,866139.0,837888.0,9535.0,-4495.0,35.0,421271.0,375029.0,0.01657896265728184,0.48637805248349286,0.44758846051023526,15588.0,0.0,12.0
2023-12-28,RB2405.SHF,4023.0,4028.0,3982.0,3996.0,4007.0,4023.0,4013.0,-17.0,-6.0,1321056,5294567.79,1442009,-13018.0,139,0.8905024957954021,0.5482765517042093,12,RB2403.SHF,3968.0,3979.0,698566,-28.0,RB2401.SHF,4051.0,4048.0,18,-55.0,RB2412.SHF,3936.0,3952.0,354,-115.0,-0.030838211611477446,-0.0312843944528258,850709.0,850662.0,-2431.0,13122.0,34.0,412129.0,387176.0,2.762478025075072e-05,0.4844535557987514,0.4551466975132309,15889.0,301.0,12.0
2023-12-29,RB2405.SHF,3990.0,4014.0,3976.0,4002.0,4000.0,3996.0,4007.0,-5.0,-7.0,1202060,4808773.45,1398474,-43535.0,138,0.8433869346099039,0.5648414496722364,12,RB2403.SHF,3976.0,3972.0,663272,-26.0,RB2401.SHF,4009.0,4040.0,17,-7.0,RB2412.SHF,3937.0,3949.0,353,-72.0,-0.019509674660585053,-0.01968699380967507,857942.0,812488.0,8839.0,-35283.0,33.0,417110.0,351015.0,0.027210957657609117,0.486175056122675,0.4320248422130542,17090.0,1201.0,12.0
2024-01-02,RB2405.SHF,4005.0,4058.0,3983.0,4047.0,4036.0,4002.0,4000.0,47.0,36.0,970394,3916594.78,1541082,142608.0,134,0.8786458050379384,0.6041082664348102,12,RB2403.SHF,4013.0,3987.0,601607,-34.0,RB2401.SHF,4041.0,4033.0,13,6.0,RB2412.SHF,3984.0,3969.0,349,-57.0,-0.0153228514865486,-0.015431946209834714,934170.0,911637.0,76228.0,100191.0,31.0,461490.0,403308.0,0.012207668515722392,0.494010726099104,0.4423997709614682,17090.0,0.0,12.0
2024-01-03,RB2405.SHF,4048.0,4072.0,4040.0,4055.0,4055.0,4047.0,4036.0,19.0,19.0,964192,3910263.19,1583796,42714.0,133,0.8988618237854498,0.6245015961540888,12,RB2403.SHF,4018.0,4083.0,552355,-37.0,RB2401.SHF,4036.0,4042.0,12,19.0,RB2412.SHF,4000.0,3996.0,348,-36.0,-0.009689579498796508,-0.009733052382700096,942399.0,950334.0,8229.0,38697.0,31.0,449548.0,424693.0,-0.004192350426605337,0.4770251241777633,0.44688814669368876,17090.0,0.0,12.0
2024-01-04,RB2405.SHF,4054.0,4060.0,4028.0,4046.0,4045.0,4055.0,4055.0,-9.0,-10.0,1012620,4096146.6,1565306,-18490.0,132,0.9133457142779832,0.63334891107537,12,RB2403.SHF,4003.0,4010.0,509497,-43.0,RB2401.SHF,4030.0,4031.0,11,16.0,RB2412.SHF,3993.0,3988.0,347,-37.0,-0.009973561384851766,-0.010019627902649405,936179.0,936894.0,-6220.0,-13440.0,30.0,456281.0,419616.0,-0.00038172564550340536,0.4873864933949597,0.44787990957354834,17703.0,613.0,12.0
2024-01-05,RB2405.SHF,4047.0,4053.0,3971.0,3979.0,4011.0,4046.0,4045.0,-66.0,-34.0,1381043,5539500.25,1519864,-45442.0,131,0.9098253466418872,0.638751834474504,12,RB2403.SHF,3927.0,3971.0,480405,-52.0,RB2401.SHF,3973.0,3998.0,10,6.0,RB2412.SHF,3936.0,3960.0,346,-37.0,-0.01011665048601871,-0.0101640524985001,888511.0,913440.0,-37988.0,-18751.0,30.0,430155.0,413838.0,-0.013834449438414251,0.484130190847384,0.4530543878087231,18903.0,1200.0,12.0
2024-01-08,RB2405.SHF,3986.0,3990.0,3937.0,3950.0,3961.0,3979.0,4011.0,-61.0,-50.0,1112685,4407757.33,1481551,-38313.0,128,0.9175156570175186,0.6434450988456606,12,RB2403.SHF,3908.0,3915.0,458855,-42.0,RB2401.SHF,3958.0,3964.0,7,-8.0,RB2412.SHF,3907.0,3921.0,343,-51.0,-0.01399741933155274,-0.014088382006594544,865484.0,876139.0,-5831.0,-36367.0,30.0,416335.0,407596.0,-0.006117856734781293,0.48104297710876226,0.4652184185386109,33524.0,14621.0,12.0
2024-01-09,RB2405.SHF,3950.0,3963.0,3935.0,3943.0,3948.0,3950.0,3961.0,-18.0,-13.0,904309,3571102.63,1500557,19006.0,127,0.8886492233855007,0.6643765988929395,12,RB2403.SHF,3900.0,3903.0,393319,-43.0,RB2401.SHF,3931.0,3939.0,6,12.0,RB2412.SHF,3913.0,3912.0,342,-18.0,-0.004974197768652162,-0.00498562104815026,858154.0,896584.0,-4413.0,21251.0,30.0,394177.0,415273.0,-0.021900705404453543,0.45933130883268036,0.463172441176733,47575.0,14051.0,12.0
2024-01-10,RB2405.SHF,3943.0,3946.0,3885.0,3887.0,3914.0,3943.0,3948.0,-61.0,-34.0,1306981,5116799.31,1555083,54526.0,126,0.9160861315720673,0.6881632067844403,12,RB2403.SHF,3851.0,3886.0,361170,-36.0,RB2401.SHF,3880.0,3922.0,5,7.0,RB2412.SHF,3867.0,3879.0,341,-13.0,-0.0036396968581246802,-0.00364580794243465,877279.0,928947.0,22782.0,35776.0,28.0,384806.0,430111.0,-0.02860550119420272,0.438635827370768,0.4630091921282915,49670.0,2095.0,12.0
2024-01-11,RB2405.SHF,3882.0,3931.0,3882.0,3926.0,3907.0,3887.0,3914.0,12.0,-7.0,1049723,4101936.8,1518301,-36782.0,125,0.9468804234484202,0.6890581290016901,12,RB2403.SHF,3882.0,3863.0,346426,-44.0,RB2401.SHF,3931.0,3912.0,4,-5.0,RB2412.SHF,3877.0,3871.0,340,-54.0,-0.01492259330595637,-0.015026037288958046,850486.0,899585.0,-25820.0,-29362.0,28.0,377152.0,428741.0,-0.028055433179568143,0.4434546835574013,0.4765986538237076,55447.0,5777.0,12.0
2024-01-12,RB2405.SHF,3926.0,3931.0,3901.0,3902.0,3915.0,3926.0,3907.0,-5.0,8.0,946101,3704806.71,1518179,-122.0,124,0.9210601380274478,0.7009910142439539,12,RB2403.SHF,3862.0,3873.0,324327,-40.0,RB2401.SHF,3926.0,3927.0,3,-24.0,RB2412.SHF,3869.0,3878.0,339,-57.0,-0.015771686922349135,-0.015887298659527028,852823.0,902503.0,5696.0,2918.0,30.0,375855.0,430738.0,-0.02830243498928404,0.4407186485355109,0.47727043566614186,62343.0,6896.0,12.0
2024-01-15,RB2405.SHF,3905.0,3920.0,3864.0,3896.0,3892.0,3902.0,3915.0,-19.0,-23.0,1337484,5206589.4,1534526,16347.0,121,0.9145321061020364,0.6978074347860094,12,RB2403.SHF,3855.0,3856.0,314755,-41.0,RB2402.SHF,3803.0,3799.0,35,93.0,RB2412.SHF,3855.0,3852.0,336,52.0,0.016580720064505762,0.016468385366269468,876170.0,896324.0,26327.0,-6179.0,30.0,390509.0,429135.0,-0.011370419307484256,0.44570003538126163,0.47877218505808167,110286.0,47943.0,12.0
2024-01-16,RB2405.SHF,3889.0,3907.0,3865.0,3899.0,3884.0,3896.0,3892.0,7.0,-8.0,1241142,4821749.42,1577068,42542.0,120,0.8935957895646289,0.7070512883739238,12,RB2403.SHF,3853.0,3846.0,292370,-46.0,RB2402.SHF,3796.0,3785.0,34,103.0,RB2501.SHF,3818.0,3822.0,365,22.0,0.006390890076690726,0.006372441881855545,891444.0,937066.0,16138.0,40742.0,29.0,375010.0,456409.0,-0.02495036942647292,0.42067701392347695,0.4870617437832554,110286.0,0.0,12.0
2024-01-17,RB2405.SHF,3913.0,3925.0,3855.0,3858.0,3894.0,3899.0,3884.0,-26.0,10.0,1343304,5231206.7,1678312,101244.0,119,0.9049712300444434,0.718728694812069,12,RB2403.SHF,3820.0,3858.0,277831,-38.0,RB2402.SHF,3763.0,3789.0,33,95.0,RB2501.SHF,3802.0,3824.0,364,39.0,0.011428658595820484,0.011369840924628647,947985.0,1003297.0,57386.0,68746.0,31.0,401919.0,494105.0,-0.02834649220358718,0.4239718982895299,0.4924812891895421,113625.0,3339.0,12.0
2024-01-18,RB2405.SHF,3852.0,3915.0,3841.0,3913.0,3879.0,3858.0,3894.0,19.0,-15.0,1671022,6483333.43,1624177,-54135.0,118,0.9418458696008734,0.7047397259798459,12,RB2403.SHF,3881.0,3842.0,272053,-32.0,RB2402.SHF,3813.0,3787.0,32,100.0,RB2501.SHF,3835.0,3808.0,363,22.0,0.006362396729902483,0.006344112354937792,921081.0,947539.0,-26904.0,-49513.0,31.0,409880.0,455559.0,-0.014159112072010361,0.44499886546351514,0.48078126599538384,109112.0,-4513.0,12.0
2024-01-19,RB2405.SHF,3913.0,3920.0,3892.0,3915.0,3907.0,3913.0,3879.0,36.0,28.0,938865,3668764.87,1589085,-35092.0,117,0.9048036659936683,0.6942604031912426,12,RB2403.SHF,3883.0,3878.0,267450,-32.0,RB2402.SHF,3819.0,3816.0,31,96.0,RB2501.SHF,3846.0,3829.0,362,27.0,0.007796128278942395,0.0077686985104870885,897492.0,927352.0,-4779.0,-17641.0,30.0,401331.0,447860.0,-0.016363042539526668,0.44716944552152,0.4829449874481319,109112.0,0.0,12.0
2024-01-22,RB2405.SHF,3915.0,3930.0,3883.0,3902.0,3908.0,3915.0,3907.0,-5.0,1.0,1351690,5282840.49,1547107,-41978.0,114,0.9198411413001316,0.6917282710850754,12,RB2403.SHF,3868.0,3876.0,251427,-34.0,RB2402.SHF,3816.0,3814.0,28,86.0,RB2501.SHF,3816.0,3832.0,359,0.0,0.0,0.0,896575.0,909844.0,7785.0,-17508.0,31.0,401480.0,439835.0,-0.007345471897715868,0.447792989989683,0.4834180364985646,107584.0,-1528.0,12.0
2024-01-23,RB2405.SHF,3904.0,3939.0,3893.0,3932.0,3922.0,3902.0,3908.0,24.0,14.0,1025124,4021358.89,1512174,-34933.0,113,0.9154944545607989,0.6937389465281489,12,RB2403.SHF,3901.0,3885.0,220460,-31.0,RB2402.SHF,3826.0,3821.0,27,106.0,RB2501.SHF,3848.0,3843.0,358,22.0,0.006340778549690966,0.006322617980877919,884966.0,871504.0,-11609.0,-36637.0,32.0,433417.0,425255.0,0.00766423565446606,0.48975553863086263,0.4879553048523013,107584.0,0.0,12.0
2024-01-24,RB2405.SHF,3930.0,3955.0,3928.0,3955.0,3940.0,3932.0,3922.0,33.0,18.0,863883,3404155.09,1504867,-7307.0,112,0.9187087841092901,0.6976763700932327,12,RB2403.SHF,3927.0,3910.0,198351,-28.0,RB2402.SHF,3840.0,3834.0,26,115.0,RB2501.SHF,3883.0,3863.0,357,43.0,0.012348155840886237,0.012279530860155896,890028.0,884966.0,5116.0,15638.0,32.0,440882.0,435631.0,0.002851840625940144,0.4953574494285573,0.49225732966012253,106369.0,-1215.0,12.0
2024-01-25,RB2405.SHF,3971.0,3989.0,3961.0,3967.0,3974.0,3955.0,3940.0,27.0,34.0,1058613,4207704.58,1493572,-11295.0,111,0.9410286474190477,0.6979197526768266,12,RB2403.SHF,3944.0,3950.0,188302,-23.0,RB2402.SHF,3850.0,3857.0,25,117.0,RB2501.SHF,3898.0,3899.0,356,48.0,0.01374818534939386,0.013663188117135454,873802.0,874306.0,-16210.0,-1026.0,34.0,434635.0,419182.0,-0.0002883117061417258,0.4974067351642592,0.47944541156071213,106667.0,298.0,12.0
2024-01-26,RB2405.SHF,3961.0,3987.0,3959.0,3973.0,3971.0,3967.0,3974.0,-1.0,-3.0,911318,3619534.87,1498486,4914.0,110,0.9329818382849772,0.7027141856270746,12,RB2403.SHF,3951.0,3952.0,170570,-22.0,RB2402.SHF,3809.0,3843.0,24,164.0,RB2501.SHF,3900.0,3898.0,355,91.0,0.02634482331955075,0.02603504821233773,895089.0,880128.0,23708.0,8729.0,31.0,451273.0,409552.0,0.00842770207811214,0.5041655075640523,0.4653323152995928,106667.0,0.0,12.0
2024-01-29,RB2405.SHF,3973.0,3992.0,3955.0,3968.0,3973.0,3973.0,3971.0,-3.0,2.0,933122,3707836.73,1515490,17004.0,107,0.9070524067768272,0.704869890066548,12,RB2410.SHF,3945.0,3944.0,162968,-23.0,RB2402.SHF,3829.0,3848.0,21,139.0,RB2501.SHF,3901.0,3901.0,352,72.0,0.020735380097348897,0.020542837403979164,893652.0,885719.0,-446.0,11660.0,32.0,422677.0,418612.0,0.004458317012022788,0.47297717679812723,0.47262393603388886,108181.0,1514.0,12.0
2024-01-30,RB2405.SHF,3968.0,3974.0,3912.0,3913.0,3946.0,3968.0,3973.0,-60.0,-27.0,1177825,4647963.64,1548905,33415.0,106,0.9067397401165695,0.7068481310501058,12,RB2410.SHF,3889.0,3925.0,179343,-24.0,RB2402.SHF,3772.0,3814.0,20,141.0,RB2501.SHF,3855.0,3879.0,351,83.0,0.024264496224365894,0.024001387973081083,920041.0,917969.0,26496.0,34033.0,32.0,417942.0,444079.0,0.0011273061626432936,0.45426453821079715,0.4837625235710574,110583.0,2402.0,12.0
2024-01-31,RB2405.SHF,3910.0,3919.0,3867.0,3869.0,3895.0,3913.0,3946.0,-77.0,-51.0,1219415,4750547.59,1612323,63418.0,105,0.9200666991108043,0.7207320491197611,12,RB2410.SHF,3852.0,3877.0,183878,-17.0,RB2402.SHF,3750.0,3744.0,19,119.0,RB2501.SHF,3822.0,3838.0,350,72.0,0.02117220543806658,0.020971517009223905,959147.0,946370.0,46746.0,30325.0,32.0,418645.0,436067.0,0.006705266864583208,0.4364763691071337,0.46077855384257743,110583.0,0.0,12.0
2024-02-01,RB2405.SHF,3868.0,3886.0,3855.0,3868.0,3871.0,3869.0,3895.0,-27.0,-24.0,985874,3816743.08,1668963,56640.0,104,0.9474838493903998,0.7236438639363283,12,RB2410.SHF,3856.0,3856.0,192917,-12.0,RB2402.SHF,3730.0,3742.0,18,138.0,RB2501.SHF,3830.0,3825.0,349,100.0,0.02956351295529837,0.029174162782305495,985155.0,992536.0,26210.0,54066.0,32.0,421613.0,465279.0,-0.0037321300445822933,0.42796615760971624,0.4687779586836145,112085.0,1502.0,12.0
2024-02-02,RB2405.SHF,3868.0,3877.0,3801.0,3825.0,3836.0,3868.0,3871.0,-46.0,-35.0,1622279,6223342.94,1764601,95638.0,103,0.9488121417709674,0.7291576964811529,12,RB2410.SHF,3816.0,3821.0,202060,-9.0,RB2402.SHF,3717.0,3719.0,17,108.0,RB2501.SHF,3773.0,3796.0,348,56.0,0.0166134694272335,0.016489563832254573,1032737.0,1031593.0,47582.0,52900.0,31.0,427788.0,502816.0,0.0005541749623364481,0.41422743641411125,0.487417033655715,112085.0,0.0,12.0
2024-02-05,RB2405.SHF,3825.0,3855.0,3814.0,3833.0,3838.0,3825.0,3836.0,-3.0,2.0,1108800,4255636.05,1711481,-53120.0,100,0.9368148464199867,0.7265358986582603,12,RB2410.SHF,3817.0,3821.0,200876,-16.0,RB2402.SHF,3705.0,3705.0,14,128.0,RB2501.SHF,3777.0,3789.0,345,72.0,0.021429357730836606,0.0212237961284847,1004329.0,999142.0,-28408.0,-32451.0,32.0,419226.0,488267.0,0.0025890067787355045,0.41741899317853015,0.4886862928392561,115990.0,3905.0,12.0
2024-02-06,RB2405.SHF,3828.0,3848.0,3794.0,3836.0,3819.0,3833.0,3838.0,-2.0,-19.0,1256479,4798616.52,1729234,17753.0,99,0.9514304255346537,0.7315749705759664,12,RB2410.SHF,3812.0,3805.0,197796,-24.0,RB2402.SHF,3705.0,3705.0,13,131.0,RB2501.SHF,3771.0,3766.0,344,66.0,0.019643577919933354,0.019470665340731,1002736.0,993986.0,-1261.0,238.0,31.0,419372.0,473072.0,0.004382182396948599,0.4182277289336376,0.4759342686919132,119594.0,3604.0,12.0
2024-02-07,RB2405.SHF,3835.0,3846.0,3813.0,3840.0,3827.0,3836.0,3819.0,21.0,8.0,753136,2882932.1,1670548,-58686.0,98,0.9635232227294127,0.7266164958300675,12,RB2410.SHF,3818.0,3808.0,196881,-22.0,RB2402.SHF,3705.0,3705.0,12,135.0,RB2501.SHF,3772.0,3766.0,343,67.0,0.01994120788841727,0.019763047427352572,980880.0,971202.0,-21856.0,-22784.0,32.0,412828.0,466859.0,0.0049577835357326175,0.42087513253405107,0.48070226379270226,119594.0,0.0,12.0
2024-02-08,RB2405.SHF,3841.0,3865.0,3833.0,3854.0,3849.0,3840.0,3827.0,27.0,22.0,748877,2883024.09,1574632,-95916.0,97,0.9701082450722325,0.7156048774302736,12,RB2410.SHF,3831.0,3829.0,195171,-23.0,RB2402.SHF,3705.0,3705.0,11,149.0,RB2501.SHF,3796.0,3789.0,342,91.0,0.027084327132029552,0.02675706051318859,935643.0,936110.0,-43895.0,-34216.0,32.0,390325.0,445918.0,-0.000249498731937387,0.4171730029509118,0.476352138103428,119594.0,0.0,12.0
2024-02-19,RB2405.SHF,3877.0,3883.0,3803.0,3808.0,3835.0,3854.0,3849.0,-41.0,-14.0,923941,3543802.71,1698766,124134.0,86,0.9531089945605361,0.7271654021919844,12,RB2410.SHF,3793.0,3811.0,206345,-15.0,RB2403.SHF,3859.0,3891.0,25,-51.0,RB2501.SHF,3760.0,3779.0,331,-99.0,-0.030600734722497417,-0.03100010026500871,981731.0,1001553.0,48745.0,66967.0,30.0,410741.0,483215.0,-0.00999453431782841,0.4183844658058063,0.48246573072019155,122597.0,3003.0,12.0
2024-02-20,RB2405.SHF,3805.0,3821.0,3751.0,3753.0,3788.0,3808.0,3835.0,-82.0,-47.0,1412007,5349636.38,1903502,204736.0,85,0.9410174267299607,0.7418960559311477,12,RB2410.SHF,3740.0,3769.0,228463,-13.0,RB2403.SHF,3809.0,3837.0,24,-56.0,RB2502.SHF,3700.0,3716.0,363,-109.0,-0.030811205567314193,-0.03126065417078233,1074529.0,1123949.0,98570.0,122573.0,32.0,439306.0,544914.0,-0.022479187874520464,0.4088358713445612,0.4848209304870595,122597.0,0.0,12.0
2024-02-21,RB2405.SHF,3753.0,3848.0,3734.0,3791.0,3788.0,3753.0,3788.0,3.0,0.0,2460300,9320612.45,1775444,-128058.0,84,0.9389128486004463,0.730692824003862,12,RB2410.SHF,3770.0,3756.0,236840,-21.0,RB2403.SHF,3835.0,3841.0,23,-44.0,RB2502.SHF,3717.0,3697.0,362,-118.0,-0.033129112775130476,-0.03364949374335727,1041663.0,1037980.0,-20732.0,-74325.0,34.0,453367.0,518942.0,0.0017709770378858294,0.4352338520231591,0.4999537563344188,124400.0,1803.0,12.0
2024-02-22,RB2405.SHF,3782.0,3817.0,3769.0,3797.0,3793.0,3791.0,3788.0,9.0,5.0,1443443,5475443.52,1821231,45787.0,83,0.9614703917372228,0.7338982948397899,12,RB2410.SHF,3772.0,3771.0,243895,-25.0,RB2403.SHF,3846.0,3843.0,22,-49.0,RB2502.SHF,3720.0,3714.0,361,-126.0,-0.0352739773307747,-0.03586472652436428,1065089.0,1075613.0,23426.0,41531.0,33.0,453889.0,535063.0,-0.004916144330224384,0.42615124182110603,0.4974493614338986,66317.0,-58083.0,12.0
2024-02-23,RB2405.SHF,3797.0,3814.0,3783.0,3790.0,3798.0,3797.0,3793.0,-3.0,5.0,993602,3774403.9,1865495,44264.0,82,0.9433909595679552,0.7356812888397776,12,RB2410.SHF,3770.0,3777.0,248161,-20.0,RB2403.SHF,3848.0,3849.0,21,-58.0,RB2502.SHF,3706.0,3719.0,360,-142.0,-0.039732550794497716,-0.040484211808869006,1087415.0,1118576.0,22693.0,42963.0,34.0,466987.0,572269.0,-0.01412562426591949,0.42944689929787616,0.5116049334153424,68119.0,1802.0,12.0
2024-02-26,RB2405.SHF,3789.0,3799.0,3740.0,3749.0,3763.0,3790.0,3798.0,-49.0,-35.0,1489032,5603230.0,1931411,65916.0,79,0.9365947179457503,0.7396899171961032,12,RB2410.SHF,3728.0,3743.0,266619,-21.0,RB2403.SHF,3816.0,3840.0,18,-67.0,RB2502.SHF,3695.0,3691.0,357,-121.0,-0.03414052305770454,-0.034693518297476016,1117906.0,1151735.0,31497.0,35437.0,33.0,468813.0,582288.0,-0.014905000394335491,0.41936710242184944,0.5055746330536104,69020.0,901.0,12.0
2024-02-27,RB2405.SHF,3741.0,3828.0,3738.0,3824.0,3784.0,3749.0,3763.0,61.0,21.0,1526868,5778861.2,1817302,-114109.0,78,0.9375818612885221,0.7322530668326755,12,RB2410.SHF,3791.0,3756.0,271686,-33.0,RB2403.SHF,3870.0,3840.0,17,-46.0,RB2502.SHF,3731.0,3713.0,356,-139.0,-0.03867203280662836,-0.03938362145420178,1069081.0,1054445.0,-43821.0,-89664.0,33.0,469114.0,526685.0,0.006892310242492911,0.4388011759632806,0.49949025316635765,75717.0,6697.0,12.0
2024-02-28,RB2405.SHF,3822.0,3827.0,3798.0,3810.0,3813.0,3824.0,3784.0,26.0,29.0,1104940,4213477.844,1832452,15150.0,77,0.9416952457574539,0.7262893509518108,12,RB2410.SHF,3778.0,3787.0,294541,-32.0,RB2403.SHF,3865.0,3867.0,16,-55.0,RB2502.SHF,3729.0,3738.0,355,-136.0,-0.03788633336767837,-0.0385689587244427,1071170.0,1070010.0,2089.0,19121.0,34.0,455854.0,542889.0,0.000541757348751623,0.42556643670005695,0.5073681554377997,79955.0,4238.0,12.0
2024-02-29,RB2405.SHF,3800.0,3816.0,3774.0,3788.0,3795.0,3810.0,3813.0,-25.0,-18.0,1593839,6049907.986,1840987,8535.0,76,0.9418894769562433,0.7284142930058282,12,RB2410.SHF,3765.0,3766.0,310310,-23.0,RB2403.SHF,3825.0,3842.0,15,-37.0,RB2502.SHF,3726.0,3722.0,354,-99.0,-0.027867430157903866,-0.028234413602278442,1066301.0,1095299.0,-651.0,26963.0,32.0,460224.0,572892.0,-0.013415062916358253,0.43160796060399453,0.5230462184298534,80854.0,899.0,12.0
2024-03-01,RB2405.SHF,3788.0,3809.0,3760.0,3763.0,3788.0,3788.0,3795.0,-32.0,-7.0,1307382,4953475.26,1907770,66783.0,75,0.9280907857645354,0.7375883289251833,12,RB2410.SHF,3745.0,3762.0,325737,-18.0,RB2403.SHF,3790.0,3809.0,14,-27.0,RB2502.SHF,3713.0,3714.0,353,-77.0,-0.021874829741362522,-0.02210009741379958,1095121.0,1152418.0,29773.0,57119.0,33.0,459681.0,619376.0,-0.025493217247843085,0.4197536162670609,0.5374577627215125,80854.0,0.0,12.0
2024-03-04,RB2405.SHF,3751.0,3776.0,3709.0,3762.0,3742.0,3763.0,3788.0,-26.0,-46.0,2064821,7728521.92,1995627,87857.0,72,0.9355417052167428,0.737917758558913,12,RB2410.SHF,3750.0,3731.0,358551,-12.0,RB2403.SHF,3785.0,3768.0,11,-23.0,RB2502.SHF,3708.0,3693.0,350,-77.0,-0.021903726478141088,-0.02212959381362311,1143759.0,1205530.0,54037.0,55541.0,34.0,470064.0,638887.0,-0.02629348709332909,0.4109816840785515,0.5299635844815144,83255.0,2401.0,12.0
2024-03-05,RB2405.SHF,3746.0,3768.0,3715.0,3723.0,3738.0,3762.0,3742.0,-19.0,-4.0,1476512,5520211.64,2105091,109464.0,71,0.9266865998378233,0.7424985318211238,12,RB2410.SHF,3715.0,3729.0,385004,-8.0,RB2403.SHF,3740.0,3769.0,10,-17.0,RB2502.SHF,3685.0,3693.0,349,-55.0,-0.015833767135172597,-0.015951346051847535,1187441.0,1305054.0,44107.0,101797.0,32.0,477548.0,719388.0,-0.04718685493852545,0.4021656654941172,0.5512323627987807,84453.0,1198.0,12.0
2024-03-06,RB2405.SHF,3715.0,3722.0,3688.0,3712.0,3707.0,3723.0,3738.0,-26.0,-31.0,1491723,5530499.45,2154551,49460.0,70,0.909662075841609,0.7456230935929496,12,RB2410.SHF,3712.0,3706.0,409287,0.0,RB2403.SHF,3730.0,3723.0,9,-18.0,RB2502.SHF,3676.0,3677.0,348,-54.0,-0.015587558423687357,-0.015701491575909988,1205731.0,1337026.0,18409.0,34293.0,34.0,477882.0,729977.0,-0.051634898655278504,0.39634213601541307,0.5459706841901354,90189.0,5736.0,12.0
2024-03-07,RB2405.SHF,3710.0,3733.0,3695.0,3708.0,3714.0,3712.0,3707.0,1.0,7.0,1453456,5399186.65,2173795,19244.0,69,0.9243210311499576,0.7419217106628367,12,RB2410.SHF,3714.0,3719.0,429712,6.0,RB2403.SHF,3720.0,3731.0,8,-12.0,RB2502.SHF,3677.0,3681.0,347,-43.0,-0.012445681479366928,-0.012518171320238636,1227774.0,1356008.0,25865.0,18982.0,32.0,488882.0,746663.0,-0.049630348071160804,0.3981856595757851,0.5506331821051204,97441.0,7252.0,12.0
2024-03-08,RB2405.SHF,3710.0,3718.0,3681.0,3691.0,3695.0,3708.0,3714.0,-23.0,-19.0,1446243,5345001.92,2234800,61005.0,68,0.9161537131248325,0.7487928613382914,12,RB2410.SHF,3709.0,3711.0,440168,18.0,RB2403.SHF,3665.0,3684.0,7,26.0,RB2502.SHF,3690.0,3684.0,346,25.0,0.007344448602944981,0.007319512656473901,1258285.0,1407897.0,33020.0,54660.0,34.0,505269.0,784862.0,-0.056114698846515355,0.4015537020627282,0.5574711786444605,104339.0,6898.0,12.0
2024-03-11,RB2405.SHF,3687.0,3689.0,3604.0,3606.0,3640.0,3691.0,3695.0,-89.0,-55.0,1970962,7175489.1,2344611,109811.0,65,0.911736556252362,0.7468050868890233,12,RB2410.SHF,3637.0,3669.0,481743,31.0,RB2403.SHF,3616.0,3617.0,4,-10.0,RB2502.SHF,3630.0,3650.0,343,14.0,0.0041686245333750925,0.004160575509123036,1287935.0,1447271.0,29650.0,40533.0,31.0,512888.0,828385.0,-0.058253747615353284,0.39822506570595567,0.5723772534653151,104339.0,0.0,12.0
2024-03-12,RB2405.SHF,3604.0,3641.0,3596.0,3636.0,3620.0,3606.0,3640.0,-4.0,-20.0,1442101,5220680.19,2273876,-70735.0,64,0.9065455928436947,0.7398409482974596,12,RB2410.SHF,3655.0,3644.0,499830,19.0,RB2403.SHF,3606.0,3608.0,3,30.0,RB2502.SHF,3642.0,3634.0,342,36.0,0.010749046574293573,0.01069574522526872,1257575.0,1386669.0,-30360.0,-59997.0,32.0,498693.0,792305.0,-0.048820759355036825,0.39655129912728865,0.571372836632246,126039.0,21700.0,12.0
2024-03-13,RB2405.SHF,3635.0,3646.0,3577.0,3583.0,3613.0,3636.0,3620.0,-37.0,-7.0,1592420,5754839.53,2322421,48545.0,63,0.887322491760163,0.7418564707257791,12,RB2410.SHF,3620.0,3644.0,517123,37.0,RB2403.SHF,3575.0,3604.0,2,8.0,RB2502.SHF,3604.0,3611.0,341,29.0,0.008734038822534288,0.008698804466206333,1273846.0,1444794.0,16271.0,59238.0,32.0,504084.0,844301.0,-0.06287996939646294,0.39571816373407775,0.5843746582557791,141956.0,15917.0,12.0
2024-03-14,RB2405.SHF,3587.0,3592.0,3505.0,3506.0,3553.0,3583.0,3613.0,-107.0,-60.0,2499011,8881095.36,2365042,42621.0,62,0.8980206619306677,0.7294964250683216,12,RB2410.SHF,3568.0,3592.0,577740,62.0,RB2403.SHF,3486.0,3492.0,1,20.0,RB2502.SHF,3556.0,3590.0,340,70.0,0.021620404923528954,0.021406195434063666,1277415.0,1448115.0,5177.0,15348.0,30.0,516685.0,848388.0,-0.06263002058315263,0.40447701021202975,0.5858567862358998,146209.0,4253.0,12.0
2024-03-15,RB2405.SHF,3500.0,3525.0,3484.0,3490.0,3504.0,3506.0,3553.0,-63.0,-49.0,2252282,7892390.33,2324008,-41034.0,61,0.9117218090797256,0.7196479311122176,12,RB2410.SHF,3546.0,3559.0,603913,56.0,RB2404.SHF,3441.0,3451.0,31,49.0,RB2502.SHF,3544.0,3553.0,339,103.0,0.03547273708564032,0.03495219371277365,1264660.0,1405455.0,-8892.0,-33717.0,33.0,510355.0,804407.0,-0.05272993859815027,0.40355115208830833,0.5723463220095983,149843.0,3634.0,12.0
2024-03-18,RB2405.SHF,3488.0,3524.0,3414.0,3513.0,3474.0,3490.0,3504.0,9.0,-30.0,3569146,12400487.18,2233803,-90205.0,58,0.8931872793712459,0.6973614995655935,12,RB2410.SHF,3553.0,3531.0,676130,40.0,RB2404.SHF,3462.0,3426.0,28,51.0,RB2503.SHF,3550.0,3545.0,364,88.0,0.027612720420345998,0.02726761475493155,1244808.0,1345817.0,-19115.0,-59575.0,31.0,518795.0,743614.0,-0.03899020506634499,0.4167670837591018,0.5525372320308036,151081.0,1238.0,12.0
2024-03-19,RB2405.SHF,3518.0,3578.0,3513.0,3573.0,3545.0,3513.0,3474.0,99.0,71.0,2378936,8434553.94,2057185,-176618.0,57,0.8804313230289132,0.6782821518701033,12,RB2410.SHF,3593.0,3573.0,686724,20.0,RB2404.SHF,3506.0,3476.0,27,67.0,RB2503.SHF,3587.0,3570.0,363,81.0,0.02509728221008879,0.02481175713884672,1162221.0,1212465.0,-80469.0,-127084.0,31.0,496441.0,663665.0,-0.02115816575328275,0.42714853715429335,0.5473683776438908,156260.0,5179.0,12.0
2024-03-20,RB2405.SHF,3580.0,3603.0,3558.0,3570.0,3579.0,3573.0,3545.0,25.0,34.0,2019844,7229866.64,1944955,-112230.0,56,0.8641894175683597,0.6612034248750144,12,RB2410.SHF,3601.0,3604.0,711089,31.0,RB2404.SHF,3504.0,3511.0,26,66.0,RB2503.SHF,3603.0,3599.0,362,99.0,0.03069196428571438,0.03026638518604497,1094596.0,1115959.0,-67570.0,-93573.0,29.0,467344.0,582058.0,-0.009664088882656165,0.42695569872354733,0.5215765095312641,108589.0,-47671.0,12.0
2024-03-21,RB2405.SHF,3569.0,3622.0,3549.0,3616.0,3587.0,3570.0,3579.0,37.0,8.0,2105708,7554713.85,1816447,-128508.0,55,0.8445306650057132,0.6381915656474627,12,RB2410.SHF,3649.0,3619.0,747364,33.0,RB2404.SHF,3559.0,3528.0,25,57.0,RB2503.SHF,3647.0,3618.0,361,88.0,0.02686013995370544,0.026533441767702132,1013677.0,1061719.0,-80615.0,-49772.0,32.0,425096.0,557260.0,-0.02314835337448853,0.41936040770383465,0.5248658072427826,114720.0,6131.0,12.0
2024-03-22,RB2405.SHF,3609.0,3630.0,3586.0,3612.0,3612.0,3616.0,3587.0,25.0,25.0,1808837,6534329.96,1739877,-76570.0,54,0.8502099629709361,0.6242427830280068,12,RB2410.SHF,3634.0,3638.0,769839,22.0,RB2404.SHF,3544.0,3543.0,24,68.0,RB2503.SHF,3631.0,3628.0,360,87.0,0.026667304901644685,0.026345243412553447,972976.0,1014617.0,-37353.0,-40853.0,31.0,417165.0,535000.0,-0.020950466217178266,0.4287515827728536,0.5272925645834833,124305.0,9585.0,12.0
2024-03-25,RB2405.SHF,3612.0,3629.0,3570.0,3585.0,3598.0,3612.0,3612.0,-27.0,-14.0,1982646,7133568.63,1701482,-38395.0,51,0.8613855708013315,0.6066676745217561,12,RB2410.SHF,3613.0,3622.0,824744,28.0,RB2404.SHF,3505.0,3524.0,21,80.0,RB2503.SHF,3618.0,3622.0,357,113.0,0.03502224712995042,0.034469542463067694,956033.0,979369.0,-15801.0,-23399.0,31.0,392777.0,503676.0,-0.012057443363187596,0.41084042078045424,0.514286239405168,130360.0,6055.0,12.0
2024-03-26,RB2405.SHF,3585.0,3595.0,3496.0,3499.0,3549.0,3585.0,3598.0,-99.0,-49.0,2079364,7380664.02,1706818,5336.0,50,0.7949623730156181,0.5741377680646467,12,RB2410.SHF,3514.0,3564.0,983517,15.0,RB2404.SHF,3417.0,3471.0,20,82.0,RB2503.SHF,3539.0,3587.0,356,122.0,0.03878541466337767,0.03810907233337076,955285.0,994719.0,3677.0,27875.0,32.0,382345.0,526426.0,-0.02022252262046642,0.40024181265276854,0.5292208151246734,139764.0,9404.0,12.0
2024-03-27,RB2405.SHF,3491.0,3533.0,3477.0,3479.0,3502.0,3499.0,3549.0,-70.0,-47.0,2233843,7824998.59,1551457,-155361.0,49,0.7316286563124438,0.5099001928570583,12,RB2410.SHF,3490.0,3510.0,1198541,11.0,RB2404.SHF,3387.0,3406.0,19,92.0,RB2503.SHF,3505.0,3527.0,355,118.0,0.03784603596383938,0.037201697998765965,865760.0,894052.0,-88915.0,-91954.0,33.0,347421.0,462475.0,-0.016076717285710064,0.40129019589724635,0.5172797555399462,140666.0,902.0,12.0
2024-03-28,RB2405.SHF,3470.0,3504.0,3441.0,3481.0,3473.0,3479.0,3502.0,-21.0,-29.0,2313912,8037380.44,1434142,-117315.0,48,0.7244016493443353,0.47316693187565717,12,RB2410.SHF,3509.0,3493.0,1302305,28.0,RB2404.SHF,3364.0,3371.0,18,117.0,RB2503.SHF,3513.0,3502.0,354,149.0,0.048115374270992654,0.04708025410160945,777502.0,831311.0,-85879.0,-60515.0,30.0,317759.0,434472.0,-0.03344639805869296,0.40869219629017034,0.5226347299626735,143371.0,2705.0,12.0
2024-03-29,RB2410.SHF,3505.0,3507.0,3443.0,3450.0,3475.0,3509.0,3493.0,-43.0,-18.0,837570,2911122.14,1488697,186392.0,200,0.28627570540983394,0.4819775266638975,12,RB2405.SHF,3412.0,3448.0,1299182,-38.0,RB2404.SHF,3421.0,3343.0,17,29.0,RB2503.SHF,3463.0,3485.0,353,42.0,0.01333674364220979,0.013255539256125829,,,,,,,,,,,144874.0,1503.0,12.0
2024-04-01,RB2410.SHF,3439.0,3497.0,3408.0,3492.0,3445.0,3450.0,3475.0,17.0,-30.0,1404806,4840883.6,1569587,80890.0,197,0.44827571902346003,0.5202505284252513,12,RB2405.SHF,3456.0,3405.0,1142343,-36.0,RB2404.SHF,3330.0,3297.0,14,162.0,RB2503.SHF,3504.0,3452.0,350,174.0,0.056762119262119166,0.05532886075849479,,,,,,,,,,,145476.0,602.0,12.0
2024-04-02,RB2410.SHF,3498.0,3546.0,3482.0,3506.0,3512.0,3492.0,3445.0,61.0,67.0,1694801,5952160.52,1651838,82251.0,196,0.563754855264309,0.5538278217813816,12,RB2405.SHF,3463.0,3463.0,1026775,-43.0,RB2404.SHF,3351.0,3354.0,13,155.0,RB2503.SHF,3525.0,3519.0,349,174.0,0.05640640320586597,0.05499075607382849,,,,,,,,,,,146378.0,902.0,12.0
2024-04-03,RB2410.SHF,3500.0,3540.0,3462.0,3463.0,3509.0,3506.0,3512.0,-49.0,-3.0,1620584,5688192.29,1674662,22824.0,195,0.6731968150156856,0.5807700310731329,12,RB2405.SHF,3422.0,3472.0,905238,-41.0,RB2404.SHF,3331.0,3376.0,12,132.0,RB2503.SHF,3479.0,3521.0,348,148.0,0.04826592900744796,0.04722441366001706,,,,,,,,,,,146078.0,-300.0,12.0
2024-04-08,RB2410.SHF,3460.0,3561.0,3446.0,3560.0,3517.0,3463.0,3509.0,51.0,8.0,1716178,6037050.64,1712789,38127.0,190,0.7472127197594189,0.6023975068292438,12,RB2405.SHF,3497.0,3463.0,827232,-63.0,RB2404.SHF,3358.0,3350.0,7,202.0,RB2503.SHF,3557.0,3531.0,343,199.0,0.06437629399585922,0.062540940546142,,,,,,,,,,,149173.0,3095.0,12.0
2024-04-09,RB2410.SHF,3558.0,3603.0,3540.0,3594.0,3570.0,3560.0,3517.0,77.0,53.0,1882756,6722937.64,1713445,656.0,189,0.7750301736984145,0.625040582431765,12,RB2405.SHF,3534.0,3509.0,728422,-60.0,RB2404.SHF,3350.0,3350.0,6,244.0,RB2503.SHF,3595.0,3577.0,342,245.0,0.07944651741293524,0.07667568615372836,,,,,,,,,,,161782.0,12609.0,12.0
2024-04-10,RB2410.SHF,3595.0,3608.0,3571.0,3583.0,3586.0,3594.0,3570.0,13.0,16.0,1593959,5716920.9,1738323,24878.0,188,0.8135660784238666,0.6382888958001565,12,RB2405.SHF,3518.0,3527.0,682606,-65.0,RB2404.SHF,3350.0,3350.0,5,233.0,RB2503.SHF,3586.0,3594.0,341,236.0,0.07652807391613374,0.0739527253311835,0.0,95273.0,0.0,-1316.0,4.0,0.0,95273.0,-1.0,,1.0,162378.0,596.0,12.0
2024-04-11,RB2410.SHF,3580.0,3620.0,3566.0,3613.0,3594.0,3583.0,3586.0,27.0,8.0,1800637,6472447.88,1788118,49795.0,187,0.8405927069834145,0.6569618109199099,12,RB2405.SHF,3550.0,3534.0,623808,-63.0,RB2404.SHF,3370.0,3370.0,4,243.0,RB2503.SHF,3611.0,3590.0,340,241.0,0.07768563656916776,0.07503356918105174,1051415.0,1119205.0,60589.0,23926.0,35.0,455615.0,560357.0,-0.031230708276897844,0.43333507701526036,0.5006741392327589,162378.0,0.0,12.0
2024-04-12,RB2410.SHF,3615.0,3637.0,3599.0,3628.0,3617.0,3613.0,3594.0,34.0,23.0,1440449,5211296.28,1790761,2643.0,186,0.8168908730124974,0.6741323011571325,12,RB2405.SHF,3576.0,3564.0,556683,-52.0,RB2404.SHF,3440.0,3441.0,3,188.0,RB2503.SHF,3631.0,3619.0,339,191.0,0.060315441583610276,0.05870049607772475,1056640.0,1115890.0,5920.0,4891.0,35.0,458985.0,578814.0,-0.02727235066949593,0.4343816247728649,0.5187016641425231,168758.0,6380.0,12.0
2024-04-15,RB2410.SHF,3628.0,3641.0,3586.0,3616.0,3611.0,3628.0,3617.0,-1.0,-6.0,1807915,6529087.91,1804825,14064.0,183,0.8549904849461634,0.6882658176342029,12,RB2405.SHF,3556.0,3564.0,505644,-60.0,RB2405.SHF,3556.0,3564.0,30,60.0,RB2503.SHF,3613.0,3613.0,336,57.0,0.01911985266547553,0.018968232344945758,1039297.0,1114727.0,-12353.0,493.0,34.0,448656.0,570361.0,-0.03501817992742885,0.43169180705804017,0.5116598054949777,169373.0,615.0,12.0
2024-04-16,RB2410.SHF,3618.0,3635.0,3594.0,3608.0,3612.0,3616.0,3611.0,-3.0,1.0,1932383,6981692.86,1783614,-21211.0,182,0.8929260265920922,0.6979510858931716,12,RB2405.SHF,3544.0,3549.0,462900,-64.0,RB2405.SHF,3544.0,3549.0,29,64.0,RB2504.SHF,3611.0,3621.0,364,67.0,0.020598194130925535,0.020405907422858104,1045811.0,1132889.0,7202.0,22215.0,33.0,439924.0,603156.0,-0.03996787074861156,0.42065344502974245,0.5324052047464491,181474.0,12101.0,12.0
2024-04-17,RB2410.SHF,3606.0,3685.0,3602.0,3682.0,3639.0,3608.0,3612.0,70.0,27.0,2046152,7446611.49,1822853,39239.0,181,0.8968505614323297,0.7174406046666132,12,RB2405.SHF,3610.0,3575.0,412869,-72.0,RB2405.SHF,3610.0,3575.0,28,72.0,RB2504.SHF,3680.0,3662.0,363,70.0,0.02112705172199946,0.020924828776591842,1085504.0,1118307.0,39959.0,-14582.0,35.0,489063.0,564750.0,-0.014884670237148285,0.4505400256470727,0.5050044397468674,186275.0,4801.0,12.0
2024-04-18,RB2410.SHF,3686.0,3705.0,3668.0,3682.0,3686.0,3682.0,3639.0,43.0,47.0,1863700,6870811.47,1760462,-62391.0,180,0.9028841230077276,0.7222162281243346,12,RB2405.SHF,3599.0,3609.0,372241,-83.0,RB2405.SHF,3599.0,3609.0,27,83.0,RB2504.SHF,3696.0,3689.0,362,97.0,0.029365536861400057,0.028976777639189735,1036661.0,1077112.0,-27637.0,-21134.0,34.0,473876.0,565936.0,-0.019136870420806775,0.45711761125382355,0.5254198263504631,165225.0,-21050.0,12.0
2024-04-19,RB2410.SHF,3680.0,3695.0,3661.0,3675.0,3678.0,3682.0,3686.0,-11.0,-8.0,1308924,4814801.15,1736610,-23852.0,179,0.9095055449011924,0.7276063121977053,12,RB2405.SHF,3594.0,3599.0,345553,-81.0,RB2405.SHF,3594.0,3599.0,26,81.0,RB2504.SHF,3680.0,3682.0,361,86.0,0.02607164511333148,0.025764602370469753,1021355.0,1076562.0,-12379.0,-457.0,35.0,459130.0,560415.0,-0.026315149741386337,0.44953028085239705,0.5205598934385571,166726.0,1501.0,12.0
2024-04-22,RB2410.SHF,3664.0,3694.0,3651.0,3670.0,3672.0,3675.0,3678.0,-8.0,-6.0,1479647,5433455.75,1695415,-41195.0,176,0.9051301312629455,0.736470610721343,12,RB2405.SHF,3585.0,3590.0,305525,-85.0,RB2405.SHF,3585.0,3590.0,23,85.0,RB2504.SHF,3678.0,3680.0,358,93.0,0.028264535065259562,0.027904143366117008,978697.0,1052605.0,-32211.0,-20725.0,34.0,438620.0,557462.0,-0.03638454547871267,0.44816730816585726,0.5296022724573796,175321.0,8595.0,12.0
2024-04-23,RB2410.SHF,3670.0,3685.0,3635.0,3641.0,3664.0,3670.0,3672.0,-31.0,-8.0,1480656,5426147.65,1726245,30830.0,175,0.9133616185493114,0.7483366395350047,12,RB2405.SHF,3558.0,3578.0,271874,-83.0,RB2405.SHF,3558.0,3578.0,22,83.0,RB2504.SHF,3651.0,3675.0,357,93.0,0.02847902141904317,0.028113186274321265,998154.0,1077489.0,23351.0,27005.0,32.0,442261.0,570002.0,-0.038221890758670926,0.4430789236931375,0.5290095768959127,177159.0,1838.0,12.0
2024-04-24,RB2410.SHF,3636.0,3693.0,3631.0,3681.0,3668.0,3641.0,3664.0,17.0,4.0,1421565,5215258.54,1718813,-7432.0,174,0.8845490686058862,0.7512659049455633,12,RB2405.SHF,3583.0,3578.0,254090,-98.0,RB2405.SHF,3583.0,3578.0,21,98.0,RB2504.SHF,3695.0,3687.0,356,112.0,0.03405801025572674,0.033536544382782585,1025910.0,1051914.0,29663.0,-20403.0,35.0,463424.0,543183.0,-0.012515015708741452,0.45171993644666686,0.5163758634260975,177159.0,0.0,12.0
2024-04-25,RB2410.SHF,3680.0,3706.0,3662.0,3669.0,3682.0,3681.0,3668.0,1.0,14.0,1606852,5917620.34,1703349,-15464.0,173,0.9126086768851904,0.7683846747913201,12,RB2405.SHF,3570.0,3589.0,197102,-99.0,RB2405.SHF,3570.0,3589.0,20,99.0,RB2504.SHF,3680.0,3696.0,355,110.0,0.033571637610267865,0.03306481218534772,1008070.0,1060082.0,-17840.0,8168.0,34.0,444828.0,551916.0,-0.02514902192875572,0.44126697550765326,0.5206351961452038,178059.0,900.0,12.0
2024-04-26,RB2410.SHF,3671.0,3690.0,3645.0,3685.0,3670.0,3669.0,3682.0,3.0,-12.0,1283568,4711362.61,1735237,31888.0,172,0.9020370128309461,0.7756056831839919,12,RB2405.SHF,3572.0,3570.0,159807,-113.0,RB2405.SHF,3572.0,3570.0,19,113.0,RB2504.SHF,3695.0,3681.0,354,123.0,0.037518176196286286,0.03688667270405397,1035612.0,1080303.0,28670.0,23258.0,34.0,476536.0,549715.0,-0.021121358844755106,0.46014916783505794,0.5088526089439722,178961.0,902.0,12.0
2024-04-29,RB2410.SHF,3680.0,3696.0,3652.0,3675.0,3670.0,3685.0,3670.0,5.0,0.0,1461304,5364252.66,1728962,-6275.0,169,0.9004875547821286,0.783747556118057,12,RB2405.SHF,3543.0,3558.0,113527,-132.0,RB2405.SHF,3543.0,3558.0,16,132.0,RB2504.SHF,3679.0,3685.0,351,136.0,0.04182306081784126,0.04104032787267263,1022396.0,1072830.0,-12536.0,-4474.0,35.0,469638.0,546835.0,-0.024070911682081073,0.45935038869479144,0.509712629214321,176560.0,-2401.0,12.0
2024-04-30,RB2410.SHF,3688.0,3710.0,3634.0,3656.0,3670.0,3675.0,3670.0,-14.0,0.0,1694316,6218705.21,1688963,-39999.0,168,0.8920917703823906,0.796365870471955,12,RB2501.SHF,3670.0,3668.0,99949,14.0,RB2405.SHF,3493.0,3524.0,15,163.0,RB2504.SHF,3690.0,3701.0,350,197.0,0.061449124261315824,0.05977881988992667,995092.0,1071877.0,-27304.0,854.0,34.0,448698.0,562349.0,-0.0371485977777122,0.450911071539114,0.5246394875531427,175662.0,-898.0,12.0
2024-05-06,RB2410.SHF,3672.0,3738.0,3672.0,3735.0,3712.0,3656.0,3670.0,65.0,42.0,1265164,4697235.71,1820186,131223.0,162,0.937817074508618,0.804443788383958,12,RB2501.SHF,3733.0,3715.0,103516,-2.0,RB2405.SHF,3551.0,3537.0,9,184.0,RB2504.SHF,3735.0,3722.0,344,184.0,0.0564566634582649,0.055042615187157876,1105590.0,1129164.0,116949.0,57287.0,32.0,518165.0,552377.0,-0.010548812084014616,0.4686773577908628,0.489191118384929,182250.0,6588.0,12.0
2024-05-07,RB2410.SHF,3735.0,3744.0,3715.0,3723.0,3729.0,3735.0,3712.0,11.0,17.0,994251,3707806.37,1822429,2243.0,161,0.9181365609598662,0.7984064544421824,12,RB2411.SHF,3733.0,3742.0,123884,10.0,RB2405.SHF,3535.0,3547.0,8,188.0,RB2504.SHF,3739.0,3749.0,343,204.0,0.06287656484198535,0.061129215749107,1087928.0,1143719.0,-12795.0,14555.0,31.0,487256.0,576483.0,-0.02499992158258004,0.4478752270370833,0.5040425139391757,180148.0,-2102.0,12.0
2024-05-08,RB2410.SHF,3723.0,3732.0,3671.0,3674.0,3702.0,3723.0,3729.0,-55.0,-27.0,1441955,5339542.93,1842890,20461.0,160,0.915338685883031,0.7957681434523545,12,RB2411.SHF,3681.0,3715.0,142328,7.0,RB2405.SHF,3500.0,3523.0,7,174.0,RB2504.SHF,3720.0,3741.0,342,220.0,0.0684861407249468,0.0664198669350324,1064665.0,1185793.0,-13859.0,43801.0,33.0,473101.0,618165.0,-0.05382371055136332,0.4443660681998563,0.521309368498549,179547.0,-601.0,12.0
2024-05-09,RB2410.SHF,3674.0,3691.0,3656.0,3669.0,3674.0,3674.0,3702.0,-33.0,-28.0,1296179,4762757.15,1883846,40956.0,159,0.9364677068018192,0.7938139812014202,12,RB2411.SHF,3677.0,3685.0,157969,8.0,RB2405.SHF,3510.0,3507.0,6,159.0,RB2504.SHF,3721.0,3721.0,341,211.0,0.06549729982565812,0.0636041502646255,1084251.0,1218469.0,25268.0,33427.0,33.0,479002.0,643030.0,-0.05828672178988327,0.4417814694199037,0.5277360359598808,180135.0,588.0,12.0
2024-05-10,RB2410.SHF,3674.0,3679.0,3627.0,3662.0,3652.0,3669.0,3674.0,-12.0,-22.0,1591620,5813444.31,1890163,6317.0,158,0.9187539829874484,0.7883792903529883,12,RB2411.SHF,3677.0,3666.0,181319,15.0,RB2405.SHF,3480.0,3498.0,5,182.0,RB2504.SHF,3717.0,3708.0,340,237.0,0.07420226453937204,0.0717847107402603,1096008.0,1221212.0,11757.0,5138.0,33.0,482880.0,638312.0,-0.054031986604638316,0.44058072568813367,0.5226872975372008,179235.0,-900.0,13.0
2024-05-13,RB2410.SHF,3658.0,3688.0,3623.0,3686.0,3655.0,3662.0,3652.0,34.0,3.0,1571537,5745367.48,1883012,-7151.0,155,0.9378430297196444,0.7870824006905214,12,RB2411.SHF,3700.0,3671.0,189327,14.0,RB2405.SHF,3509.0,3486.0,2,177.0,RB2504.SHF,3729.0,3712.0,337,220.0,0.06831048519159699,0.06625458709670481,1117886.0,1198061.0,28402.0,-23151.0,33.0,510526.0,611720.0,-0.03461866787106959,0.45668878579747846,0.510591697751617,178339.0,-896.0,13.0
2024-05-14,RB2410.SHF,3686.0,3690.0,3624.0,3630.0,3649.0,3686.0,3655.0,-25.0,-6.0,1403063,5120198.89,1954528,71516.0,154,0.9467489439803506,0.7926662892312484,12,RB2411.SHF,3646.0,3667.0,194174,16.0,RB2405.SHF,3472.0,3516.0,1,158.0,RB2504.SHF,3691.0,3706.0,336,219.0,0.06872463718274983,0.06664423566018383,1118168.0,1277082.0,3224.0,84537.0,32.0,485884.0,673204.0,-0.06634547542010229,0.4345357763770739,0.5271423448141936,186506.0,8167.0,13.0
2024-05-15,RB2410.SHF,3626.0,3632.0,3607.0,3621.0,3617.0,3630.0,3649.0,-28.0,-32.0,1358284,4913874.47,1973963,19435.0,153,0.9403976260963243,0.7920131956525925,12,RB2411.SHF,3635.0,3632.0,203496,14.0,RB2406.SHF,3472.0,3477.0,33,149.0,RB2504.SHF,3672.0,3673.0,335,200.0,0.0696203497421185,0.06768897922334827,1132143.0,1265804.0,17832.0,-6175.0,31.0,496247.0,648948.0,-0.055739764056503334,0.4383253705583129,0.5126765281196773,183147.0,-3359.0,13.0
2024-05-16,RB2410.SHF,3624.0,3708.0,3614.0,3703.0,3667.0,3621.0,3617.0,86.0,50.0,2001330,7340591.17,1948433,-25530.0,152,0.9414191399736107,0.7898247935277946,12,RB2411.SHF,3721.0,3666.0,211122,18.0,RB2406.SHF,3560.0,3522.0,32,143.0,RB2505.SHF,3740.0,3699.0,364,180.0,0.05558751861378099,0.054227859323232055,1149298.0,1234705.0,28370.0,-27243.0,33.0,534372.0,631279.0,-0.035825038810773306,0.46495512913099996,0.5112792124434582,186521.0,3374.0,13.0
2024-05-17,RB2410.SHF,3700.0,3727.0,3690.0,3716.0,3710.0,3703.0,3667.0,49.0,43.0,1539174,5711066.96,1910315,-38118.0,151,0.9421324308492373,0.7838714071987742,12,RB2411.SHF,3735.0,3727.0,218222,19.0,RB2406.SHF,3547.0,3542.0,31,169.0,RB2505.SHF,3751.0,3746.0,363,204.0,0.06323008413694246,0.06147863791420755,1091779.0,1221014.0,-39820.0,-8621.0,30.0,490792.0,618255.0,-0.05587832547054579,0.44953420060286925,0.5063455455875199,188912.0,2391.0,13.0
2024-05-20,RB2410.SHF,3710.0,3759.0,3695.0,3735.0,3730.0,3716.0,3710.0,25.0,20.0,1653225,6166776.86,1902839,-7476.0,148,0.9315161192899579,0.7806454921395517,12,RB2411.SHF,3749.0,3747.0,218474,14.0,RB2406.SHF,3555.0,3556.0,28,180.0,RB2505.SHF,3766.0,3767.0,360,211.0,0.06525257146730386,0.06338946972172027,1076015.0,1238605.0,-6848.0,19583.0,31.0,477741.0,647028.0,-0.07024479180167803,0.4439910224299847,0.5223844567073441,83478.0,-105434.0,13.0
2024-05-21,RB2410.SHF,3730.0,3753.0,3722.0,3746.0,3736.0,3735.0,3730.0,16.0,6.0,1317680,4924049.38,1906958,4119.0,147,0.9262190681575995,0.7802974443161425,12,RB2411.SHF,3763.0,3753.0,219307,17.0,RB2406.SHF,3584.0,3566.0,27,162.0,RB2505.SHF,3782.0,3776.0,359,198.0,0.060736808842513014,0.05911842897622698,1078883.0,1233387.0,5868.0,-5218.0,33.0,489414.0,637747.0,-0.0668191863406955,0.45363028243099573,0.5170696626444092,84079.0,601.0,13.0
2024-05-22,RB2410.SHF,3746.0,3814.0,3743.0,3800.0,3786.0,3746.0,3736.0,64.0,50.0,1955706,7404507.74,1991310,84352.0,146,0.9382121301816309,0.7848609660445776,12,RB2411.SHF,3829.0,3810.0,223800,29.0,RB2406.SHF,3614.0,3619.0,26,186.0,RB2505.SHF,3842.0,3826.0,358,228.0,0.06935878544615649,0.0672588052540957,1136917.0,1251432.0,61634.0,26964.0,32.0,523374.0,607882.0,-0.047947347728493614,0.46034495042294205,0.48574912580148183,86471.0,2392.0,13.0
2024-05-23,RB2410.SHF,3790.0,3806.0,3754.0,3775.0,3781.0,3800.0,3786.0,-11.0,-5.0,1545612,5845420.03,1887482,-103828.0,145,0.9336850734177888,0.7786857144978843,12,RB2411.SHF,3799.0,3810.0,220072,24.0,RB2406.SHF,3586.0,3598.0,25,189.0,RB2505.SHF,3815.0,3822.0,357,229.0,0.07020692922274718,0.06805632737054196,1084703.0,1198580.0,-52214.0,-50082.0,32.0,503303.0,574921.0,-0.049874238103642866,0.46400074490436555,0.4796684409885031,86771.0,300.0,13.0
2024-05-24,RB2410.SHF,3780.0,3803.0,3769.0,3788.0,3786.0,3775.0,3781.0,7.0,5.0,1164093,4407724.47,1880099,-7383.0,144,0.9170635827221377,0.7744761747834773,12,RB2411.SHF,3812.0,3811.0,230056,24.0,RB2406.SHF,3604.0,3604.0,24,184.0,RB2505.SHF,3826.0,3824.0,356,222.0,0.06772093925089932,0.06571707504297873,1069236.0,1211705.0,-12179.0,13125.0,34.0,499415.0,578723.0,-0.06246062480353503,0.46707649199989526,0.4776104744966803,85570.0,-1201.0,13.0
2024-05-27,RB2410.SHF,3786.0,3792.0,3745.0,3763.0,3766.0,3788.0,3786.0,-23.0,-20.0,1257128,4734421.74,1851637,-28462.0,141,0.9279841026008222,0.7745795241676867,12,RB2411.SHF,3786.0,3793.0,226057,23.0,RB2406.SHF,3575.0,3592.0,21,188.0,RB2505.SHF,3807.0,3807.0,353,232.0,0.07134552194793167,0.06912605408991605,1031648.0,1190901.0,-34757.0,-15898.0,33.0,475045.0,567027.0,-0.07165331338026742,0.4604719826917708,0.4761327767799339,85570.0,0.0,13.0
2024-05-28,RB2410.SHF,3768.0,3797.0,3738.0,3745.0,3768.0,3763.0,3766.0,-21.0,2.0,1352103,5095733.87,1818116,-33521.0,140,0.9412835567783265,0.7705533474550051,12,RB2411.SHF,3768.0,3793.0,228738,23.0,RB2406.SHF,3538.0,3573.0,20,207.0,RB2505.SHF,3794.0,3811.0,352,256.0,0.07954940167680329,0.07680311945168239,995122.0,1171195.0,-34204.0,-19706.0,33.0,455717.0,566863.0,-0.08127757848920542,0.4579508844141723,0.4840039446889715,86171.0,601.0,13.0
2024-05-29,RB2410.SHF,3745.0,3757.0,3722.0,3753.0,3740.0,3745.0,3768.0,-15.0,-28.0,1281620,4793486.3,1806967,-11149.0,139,0.9314870563404235,0.7685613943753209,12,RB2411.SHF,3777.0,3764.0,229471,24.0,RB2406.SHF,3546.0,3539.0,19,207.0,RB2505.SHF,3807.0,3800.0,351,261.0,0.08092012720934505,0.07808061282573986,982964.0,1178089.0,-7721.0,8085.0,33.0,438615.0,550740.0,-0.09029163097804635,0.44621674852792165,0.46748590301751397,86171.0,0.0,13.0
2024-05-30,RB2410.SHF,3765.0,3820.0,3727.0,3737.0,3773.0,3753.0,3740.0,-3.0,33.0,2508872,9468005.36,1818782,11815.0,138,0.938028275386849,0.7651701918918419,12,RB2411.SHF,3760.0,3799.0,229377,23.0,RB2406.SHF,3545.0,3559.0,18,192.0,RB2505.SHF,3810.0,3831.0,350,265.0,0.08218345879993894,0.07925670373915478,986851.0,1215817.0,15346.0,43495.0,32.0,443592.0,607400.0,-0.10394939228245019,0.4495025084840569,0.4995817627159351,93975.0,7804.0,13.0
2024-05-31,RB2410.SHF,3735.0,3739.0,3700.0,3706.0,3715.0,3737.0,3773.0,-67.0,-58.0,1427259,5303129.94,1779867,-38915.0,137,0.9150040484947485,0.7603214947841466,12,RB2411.SHF,3726.0,3736.0,229343,20.0,RB2406.SHF,3519.0,3519.0,17,187.0,RB2505.SHF,3785.0,3791.0,349,266.0,0.08310308583010638,0.08011203439980975,963825.0,1182769.0,-21921.0,-24741.0,33.0,421534.0,592775.0,-0.10199599924345265,0.43735532902757246,0.5011756310826544,94576.0,601.0,13.0
2024-06-03,RB2410.SHF,3706.0,3713.0,3656.0,3665.0,3679.0,3706.0,3715.0,-50.0,-36.0,1508167,5549431.7,1806122,26255.0,134,0.9115314086919523,0.7595561564680922,12,RB2411.SHF,3677.0,3697.0,236126,12.0,RB2406.SHF,3492.0,3503.0,14,173.0,RB2505.SHF,3737.0,3755.0,346,245.0,0.07713413792627552,0.07454851527706846,991792.0,1192716.0,27967.0,11025.0,31.0,425229.0,608869.0,-0.0919767746330066,0.42874816493780954,0.5104895046264156,91561.0,-3015.0,13.0
2024-06-04,RB2410.SHF,3665.0,3675.0,3642.0,3646.0,3657.0,3665.0,3679.0,-33.0,-22.0,1282722,4692103.42,1860282,54160.0,133,0.9022198151560764,0.7612245181892805,12,RB2411.SHF,3661.0,3673.0,244013,15.0,RB2406.SHF,3477.0,3483.0,13,169.0,RB2505.SHF,3722.0,3727.0,345,245.0,0.07746689952216107,0.07485941685521728,1013505.0,1226486.0,21713.0,34367.0,31.0,436927.0,640285.0,-0.09508118559404927,0.43110492794806143,0.5220483560350465,86370.0,-5191.0,13.0
2024-06-05,RB2410.SHF,3636.0,3662.0,3630.0,3632.0,3642.0,3646.0,3657.0,-25.0,-15.0,1239456,4514596.66,1906987,46705.0,132,0.9126289654197433,0.762472121798055,12,RB2411.SHF,3644.0,3657.0,252691,12.0,RB2406.SHF,3458.0,3470.0,12,174.0,RB2505.SHF,3709.0,3717.0,344,251.0,0.07980011428013965,0.07703689037626378,1026988.0,1254269.0,14856.0,29690.0,30.0,443583.0,665334.0,-0.09962972168414168,0.4319261763525961,0.5304555880756042,84220.0,-2150.0,13.0
2024-06-06,RB2410.SHF,3637.0,3668.0,3621.0,3665.0,3642.0,3632.0,3642.0,23.0,0.0,1785129,6501825.14,1908589,1602.0,131,0.9266455984659803,0.7611381805159307,12,RB2411.SHF,3677.0,3652.0,255484,12.0,RB2406.SHF,3465.0,3455.0,11,200.0,RB2505.SHF,3739.0,3724.0,343,274.0,0.08693649055094839,0.08367027296350961,1039881.0,1249269.0,22059.0,-4494.0,33.0,463996.0,654939.0,-0.09146975951772492,0.4462010556977193,0.5242577859532255,84819.0,599.0,13.0
2024-06-07,RB2410.SHF,3665.0,3689.0,3639.0,3655.0,3662.0,3665.0,3642.0,13.0,20.0,1445253,5293180.56,1839352,-69237.0,130,0.9105051379410058,0.753149396408341,12,RB2411.SHF,3672.0,3676.0,257344,17.0,RB2406.SHF,3448.0,3463.0,10,207.0,RB2505.SHF,3743.0,3750.0,342,295.0,0.0940609887345205,0.09025293007261606,1012994.0,1218654.0,-20590.0,-25602.0,33.0,460840.0,653678.0,-0.0921561106411047,0.4549286570305451,0.5363934307851121,86300.0,1481.0,13.0
2024-06-11,RB2410.SHF,3640.0,3650.0,3591.0,3597.0,3612.0,3655.0,3662.0,-65.0,-50.0,1219348,4404941.53,1923508,84156.0,126,0.915713790063248,0.7598578654936685,12,RB2411.SHF,3609.0,3626.0,257800,12.0,RB2406.SHF,3403.0,3404.0,6,194.0,RB2505.SHF,3687.0,3708.0,338,284.0,0.09175107718561593,0.08812300952600058,1059095.0,1272105.0,46101.0,53451.0,33.0,469765.0,684868.0,-0.0913735415236788,0.44355322232660904,0.538373797760405,84782.0,-1518.0,13.0
2024-06-12,RB2410.SHF,3598.0,3618.0,3588.0,3608.0,3604.0,3597.0,3612.0,-4.0,-8.0,991522,3573907.6,1938347,14839.0,125,0.9099211786223282,0.7619279537013125,12,RB2411.SHF,3622.0,3619.0,257138,14.0,RB2406.SHF,3400.0,3400.0,5,208.0,RB2505.SHF,3695.0,3690.0,337,295.0,0.09538890857547828,0.09147551148791566,1076115.0,1265974.0,17020.0,-6005.0,33.0,474008.0,671618.0,-0.0810639561519652,0.44048080363158215,0.5305148446966526,84782.0,0.0,14.0
2024-06-13,RB2410.SHF,3630.0,3639.0,3583.0,3621.0,3611.0,3608.0,3604.0,17.0,7.0,1316641,4755280.9,1951022,12675.0,124,0.9120229363231644,0.7583678987382315,12,RB2411.SHF,3638.0,3627.0,275055,17.0,RB2406.SHF,3425.0,3407.0,4,196.0,RB2505.SHF,3698.0,3697.0,336,273.0,0.08763081523172973,0.0843135281822943,1090782.0,1259393.0,16847.0,-5681.0,32.0,486715.0,651559.0,-0.07174401906241025,0.44620739982874674,0.5173595533721403,86567.0,1785.0,14.0
2024-06-14,RB2410.SHF,3626.0,3658.0,3625.0,3637.0,3640.0,3621.0,3611.0,26.0,29.0,1276433,4647267.77,1881475,-69547.0,123,0.920872916474282,0.7491227602166134,12,RB2411.SHF,3656.0,3657.0,276503,19.0,RB2406.SHF,3455.0,3450.0,3,182.0,RB2505.SHF,3700.0,3712.0,335,245.0,0.07796017645110102,0.07532012737093104,1067410.0,1198998.0,-23372.0,-56235.0,32.0,486916.0,593278.0,-0.05806015510005259,0.456165859416719,0.4948115009366154,86567.0,0.0,14.0
2024-06-17,RB2410.SHF,3637.0,3641.0,3604.0,3613.0,3618.0,3637.0,3640.0,-27.0,-22.0,1141437,4130650.46,1930901,49426.0,120,0.9167925669440087,0.7524968900916292,12,RB2411.SHF,3635.0,3639.0,277486,22.0,RB2407.SHF,3475.0,3481.0,28,138.0,RB2505.SHF,3683.0,3700.0,332,208.0,0.07186671715259385,0.06979803563438522,1081557.0,1226766.0,14147.0,28407.0,31.0,470473.0,613211.0,-0.06290670759681379,0.4349960288731893,0.49985979396233676,90171.0,3604.0,14.0
2024-06-18,RB2410.SHF,3609.0,3654.0,3609.0,3618.0,3634.0,3613.0,3618.0,0.0,16.0,1363788,4956659.93,1892618,-38283.0,119,0.9083968499573374,0.7430230850829111,12,RB2411.SHF,3642.0,3655.0,289825,24.0,RB2407.SHF,3457.0,3489.0,27,161.0,RB2506.SHF,3698.0,3712.0,363,241.0,0.07573057426615423,0.07320745473002274,1079045.0,1204717.0,1113.0,-21856.0,35.0,490769.0,603475.0,-0.05502850121860334,0.4548179176957402,0.5009267736738172,90170.0,-1.0,14.0
2024-06-19,RB2410.SHF,3618.0,3650.0,3606.0,3614.0,3628.0,3618.0,3634.0,-20.0,-6.0,1370036,4971678.94,1924648,32030.0,118,0.911295981822451,0.745182626364466,12,RB2411.SHF,3638.0,3655.0,283971,24.0,RB2407.SHF,3484.0,3482.0,26,130.0,RB2506.SHF,3704.0,3711.0,362,220.0,0.06859589415559564,0.0665171848056308,1071336.0,1226888.0,5141.0,22477.0,32.0,479033.0,613641.0,-0.06768356783324864,0.44713609922563974,0.5001605688538807,91072.0,902.0,14.0
2024-06-20,RB2410.SHF,3615.0,3636.0,3582.0,3597.0,3606.0,3614.0,3628.0,-31.0,-22.0,2149607,7753517.22,2016628,91980.0,117,0.9326163456361412,0.7533580489321038,12,RB2411.SHF,3622.0,3637.0,281619,25.0,RB2407.SHF,3462.0,3475.0,25,135.0,RB2506.SHF,3705.0,3708.0,361,243.0,0.07624876206981934,0.0736917640708987,1123625.0,1296834.0,56133.0,70368.0,36.0,481056.0,658413.0,-0.07156039412359391,0.42812860162420735,0.5077080027204716,41767.0,-49305.0,14.0
2024-06-21,RB2410.SHF,3594.0,3615.0,3563.0,3563.0,3586.0,3597.0,3606.0,-43.0,-20.0,1429126,5125719.82,2130004,113376.0,116,0.923780300586733,0.7630659574346129,12,RB2411.SHF,3592.0,3614.0,280490,29.0,RB2407.SHF,3429.0,3447.0,24,134.0,RB2506.SHF,3680.0,3700.0,360,251.0,0.07951697010095969,0.07674133549262073,1181814.0,1385984.0,60979.0,98433.0,31.0,498070.0,738751.0,-0.07951170613887852,0.42144533742196316,0.5330155326468415,41767.0,0.0,14.0
2024-06-24,RB2410.SHF,3560.0,3565.0,3525.0,3532.0,3543.0,3563.0,3586.0,-54.0,-43.0,1205595,4271819.37,2171118,41114.0,113,0.8940890206658826,0.7646238244679708,12,RB2411.SHF,3556.0,3568.0,279642,24.0,RB2407.SHF,3397.0,3400.0,21,135.0,RB2506.SHF,3645.0,3653.0,357,248.0,0.07930667115241741,0.07654536262795755,1206380.0,1391388.0,24566.0,10095.0,32.0,512072.0,731377.0,-0.07121806104317245,0.4244699016893516,0.5256456143074397,42068.0,301.0,14.0
2024-06-25,RB2410.SHF,3525.0,3546.0,3522.0,3532.0,3533.0,3532.0,3543.0,-11.0,-10.0,1007338,3559920.37,2168862,-2256.0,112,0.8957738463111747,0.7630255589368327,12,RB2411.SHF,3559.0,3558.0,284143,27.0,RB2407.SHF,3365.0,3372.0,20,167.0,RB2506.SHF,3659.0,3657.0,356,294.0,0.0949108469539375,0.09099137462273266,1197241.0,1378716.0,-9139.0,-10984.0,32.0,503588.0,717486.0,-0.07044954554753825,0.42062375077365377,0.5204015910455816,42068.0,0.0,14.0
2024-06-26,RB2410.SHF,3531.0,3567.0,3524.0,3563.0,3543.0,3532.0,3533.0,30.0,10.0,1172911,4155646.3,2149873,-18989.0,111,0.9151641646640242,0.7589555871786119,12,RB2411.SHF,3594.0,3567.0,288995,31.0,RB2407.SHF,3380.0,3371.0,19,183.0,RB2506.SHF,3685.0,3660.0,355,305.0,0.09802497182304884,0.09385151158757736,1179487.0,1362131.0,-17754.0,-16585.0,31.0,510856.0,701956.0,-0.0718613103936154,0.43311710938738623,0.5153366306177599,42068.0,0.0,14.0
2024-06-27,RB2410.SHF,3563.0,3568.0,3535.0,3535.0,3551.0,3563.0,3543.0,-8.0,8.0,1051877,3736051.73,2177715,27842.0,110,0.8745388803761954,0.7593039987922069,12,RB2411.SHF,3561.0,3579.0,295645,26.0,RB2407.SHF,3365.0,3371.0,18,170.0,RB2506.SHF,3663.0,3676.0,354,298.0,0.09620215099412711,0.0921782739746873,1185601.0,1394994.0,6114.0,33672.0,34.0,502995.0,730750.0,-0.08114136468527607,0.42425318467174034,0.5238373785120223,42068.0,0.0,14.0
2024-06-28,RB2410.SHF,3535.0,3553.0,3523.0,3544.0,3537.0,3535.0,3551.0,-7.0,-14.0,1178268,4168216.76,2193732,16017.0,109,0.9053279261641728,0.7589644163424932,12,RB2411.SHF,3573.0,3564.0,299509,29.0,RB2407.SHF,3301.0,3334.0,17,243.0,RB2506.SHF,3673.0,3668.0,353,372.0,0.12241961310425412,0.11599973094572358,1212326.0,1376787.0,26725.0,-16434.0,33.0,511603.0,711742.0,-0.06352020943079734,0.4220011779009936,0.5169586871462325,42364.0,296.0,14.0
2024-07-01,RB2410.SHF,3547.0,3566.0,3532.0,3562.0,3549.0,3544.0,3537.0,25.0,12.0,1261981,4479382.19,2207299,13567.0,106,0.9039926705291087,0.7564942765096991,12,RB2411.SHF,3595.0,3583.0,303644,33.0,RB2407.SHF,3350.0,3334.0,14,212.0,RB2506.SHF,3701.0,3688.0,350,351.0,0.11381929637526648,0.10824282220824702,1223368.0,1375095.0,14465.0,-349.0,35.0,532299.0,710205.0,-0.05839105655920442,0.43510946828754715,0.5164770434042739,43264.0,900.0,14.0
2024-07-02,RB2410.SHF,3571.0,3584.0,3551.0,3562.0,3566.0,3562.0,3549.0,13.0,17.0,1023302,3649507.32,2181825,-25474.0,105,0.8903767627171882,0.7519766820279357,12,RB2411.SHF,3594.0,3600.0,304830,32.0,RB2407.SHF,3356.0,3360.0,13,206.0,RB2506.SHF,3707.0,3711.0,349,351.0,0.11361580538055496,0.10805861452597296,1206113.0,1380627.0,-17060.0,17567.0,34.0,519684.0,725178.0,-0.06746483991433233,0.430875050679331,0.5252526569449967,43865.0,601.0,14.0
2024-07-03,RB2410.SHF,3565.0,3620.0,3554.0,3619.0,3585.0,3562.0,3566.0,53.0,19.0,1621967,5815917.91,2097856,-83969.0,104,0.9057017935717318,0.7421895812496883,12,RB2411.SHF,3653.0,3614.0,304707,34.0,RB2407.SHF,3416.0,3383.0,12,203.0,RB2506.SHF,3759.0,3730.0,348,343.0,0.10907616120218588,0.1039410159504075,1177648.0,1324768.0,-16672.0,-42413.0,33.0,538283.0,681426.0,-0.058791184199589515,0.45708310123228674,0.5143738375323076,44767.0,902.0,14.0
2024-07-04,RB2410.SHF,3619.0,3629.0,3604.0,3616.0,3616.0,3619.0,3585.0,31.0,31.0,1161511,4200391.99,2050491,-47365.0,103,0.8968691340179279,0.7354617880999931,12,RB2411.SHF,3650.0,3651.0,304140,34.0,RB2407.SHF,3409.0,3420.0,11,207.0,RB2506.SHF,3756.0,3754.0,347,347.0,0.11057477405746693,0.10530203092095658,1133961.0,1279585.0,-35619.0,-44532.0,32.0,511166.0,642924.0,-0.06033611955189584,0.4507791714177119,0.5024472778283584,50456.0,5689.0,14.0
2024-07-05,RB2410.SHF,3609.0,3618.0,3551.0,3553.0,3586.0,3616.0,3616.0,-63.0,-30.0,1465825,5256520.29,2081641,31150.0,102,0.9018685551153004,0.7358750026954921,12,RB2411.SHF,3590.0,3625.0,300331,37.0,RB2407.SHF,3369.0,3385.0,10,184.0,RB2506.SHF,3720.0,3734.0,346,351.0,0.11317739473349443,0.10766164258670642,1140470.0,1314521.0,9908.0,44740.0,32.0,497906.0,659190.0,-0.07089679758500134,0.43657965575596025,0.5014678350517032,50456.0,0.0,14.0
2024-07-08,RB2410.SHF,3559.0,3566.0,3501.0,3503.0,3533.0,3553.0,3586.0,-83.0,-53.0,1474404,5210204.45,2183700,102059.0,99,0.8948521258446115,0.7399034537298596,12,RB2501.SHF,3602.0,3625.0,308840,99.0,RB2407.SHF,3275.0,3311.0,7,228.0,RB2506.SHF,3690.0,3710.0,343,415.0,0.13765448927662666,0.12960605646519494,1210464.0,1347867.0,73153.0,45845.0,31.0,509476.0,686410.0,-0.05370806201386764,0.42089314510799164,0.5092564770856471,50456.0,0.0,14.0
2024-07-09,RB2410.SHF,3505.0,3522.0,3494.0,3515.0,3510.0,3503.0,3533.0,-18.0,-23.0,1099757,3860469.57,2192582,8882.0,98,0.88234463492145,0.7391058855573156,12,RB2501.SHF,3611.0,3606.0,317527,96.0,RB2407.SHF,3311.0,3311.0,6,204.0,RB2506.SHF,3677.0,3684.0,342,366.0,0.12008133062950346,0.11389623354231967,1212161.0,1354846.0,1697.0,9533.0,32.0,506604.0,671320.0,-0.0555841881225879,0.41793458129736893,0.4954954290007868,54958.0,4502.0,14.0
2024-07-10,RB2410.SHF,3511.0,3516.0,3471.0,3478.0,3492.0,3515.0,3510.0,-32.0,-18.0,1174823,4103531.4,2263881,71299.0,97,0.8739018791349226,0.7407112576034048,12,RB2501.SHF,3562.0,3581.0,333946,84.0,RB2407.SHF,3311.0,3311.0,5,167.0,RB2506.SHF,3640.0,3653.0,341,329.0,0.10794196113963557,0.10290981971872659,1250530.0,1398955.0,39713.0,51302.0,30.0,518017.0,710680.0,-0.056020320930294,0.4142379631036441,0.5080077629373354,54958.0,0.0,14.0
2024-07-11,RB2410.SHF,3486.0,3534.0,3478.0,3514.0,3505.0,3478.0,3492.0,22.0,13.0,1517698,5320741.69,2202912,-60969.0,96,0.8884456833904869,0.7340622488327178,12,RB2501.SHF,3594.0,3590.0,342349,80.0,RB2407.SHF,3298.0,3299.0,4,216.0,RB2506.SHF,3668.0,3662.0,340,370.0,0.12187220248924316,0.11550765042778607,1227800.0,1365447.0,-18528.0,-33508.0,32.0,530995.0,677213.0,-0.05307901638370738,0.43247678775044796,0.4959643252356188,58262.0,3304.0,14.0
2024-07-12,RB2410.SHF,3517.0,3529.0,3505.0,3523.0,3519.0,3514.0,3505.0,18.0,14.0,917664,3229262.48,2183643,-19269.0,95,0.8769766675108348,0.7316739980056614,12,RB2501.SHF,3600.0,3596.0,344544,77.0,RB2407.SHF,3299.0,3299.0,3,224.0,RB2506.SHF,3678.0,3674.0,339,379.0,0.12479882071046054,0.11813587168608629,1215259.0,1357123.0,-12541.0,-7485.0,33.0,523285.0,668557.0,-0.05514888535217553,0.4305954533148901,0.492628155296167,59462.0,1200.0,14.0
2024-07-15,RB2410.SHF,3523.0,3581.0,3492.0,3551.0,3544.0,3523.0,3519.0,32.0,25.0,1893587,6712410.01,2100492,-83151.0,92,0.8855245024385294,0.7192389358167973,12,RB2501.SHF,3620.0,3611.0,343432,69.0,RB2408.SHF,3350.0,3360.0,31,201.0,RB2506.SHF,3690.0,3679.0,336,340.0,0.12145828235869824,0.11568239658571525,1159442.0,1326866.0,-53436.0,-12181.0,34.0,519327.0,670610.0,-0.06733839894333285,0.44791115036370943,0.5054089862879899,62146.0,2684.0,14.0
2024-07-16,RB2410.SHF,3548.0,3558.0,3525.0,3544.0,3541.0,3551.0,3544.0,0.0,-3.0,1202701,4259710.33,2081726,-18766.0,91,0.8767876370640214,0.7193354980740903,12,RB2501.SHF,3610.0,3600.0,336770,66.0,RB2408.SHF,3332.0,3338.0,30,212.0,RB2507.SHF,3691.0,3683.0,364,359.0,0.11774320506645768,0.11182190241404734,1146954.0,1309954.0,-12488.0,-16308.0,32.0,501276.0,662991.0,-0.06634355051145586,0.43704978578042364,0.5061177720744393,63944.0,1798.0,14.0
2024-07-17,RB2410.SHF,3538.0,3556.0,3484.0,3487.0,3521.0,3544.0,3541.0,-54.0,-20.0,1578526,5559065.26,2186809,105083.0,90,0.8958773295406498,0.725426478222865,12,RB2501.SHF,3572.0,3600.0,350525,85.0,RB2408.SHF,3253.0,3296.0,29,234.0,RB2507.SHF,3660.0,3682.0,363,407.0,0.13672777408601172,0.12882696847770075,1199850.0,1385755.0,53999.0,80621.0,31.0,517897.0,723782.0,-0.07190000019337833,0.43163478768179353,0.5223015612427883,63944.0,0.0,14.0
2024-07-18,RB2410.SHF,3482.0,3496.0,3456.0,3492.0,3475.0,3487.0,3521.0,-29.0,-46.0,1611544,5600581.59,2229663,42854.0,89,0.8856267499787048,0.7223480312879047,12,RB2501.SHF,3569.0,3559.0,375512,77.0,RB2408.SHF,3257.0,3240.0,28,235.0,RB2507.SHF,3658.0,3657.0,362,401.0,0.1345466880178851,0.1268867025186252,1214772.0,1427952.0,22725.0,42197.0,30.0,519058.0,750057.0,-0.0806667665635912,0.4272884129696766,0.5252676560556657,34772.0,-29172.0,14.0
2024-07-19,RB2410.SHF,3480.0,3488.0,3455.0,3479.0,3474.0,3492.0,3475.0,4.0,-1.0,1363881,4738950.55,2222700,-6963.0,88,0.872551014141166,0.721173500840347,12,RB2501.SHF,3551.0,3548.0,384164,72.0,RB2408.SHF,3244.0,3248.0,27,235.0,RB2507.SHF,3634.0,3636.0,361,390.0,0.13138027274673836,0.12406375541346328,1223462.0,1422571.0,9047.0,-5381.0,32.0,523043.0,736259.0,-0.07524811670905086,0.42751062149866526,0.5175551870521753,34772.0,0.0,14.0
2024-07-22,RB2410.SHF,3473.0,3486.0,3441.0,3451.0,3462.0,3479.0,3474.0,-23.0,-12.0,1589548,5503288.99,2233901,11201.0,85,0.8916204789980496,0.720369229777011,12,RB2501.SHF,3524.0,3534.0,390641,73.0,RB2408.SHF,3236.0,3242.0,24,215.0,RB2507.SHF,3617.0,3626.0,358,381.0,0.12866572170862228,0.12163783870480896,1240349.0,1432566.0,18777.0,9995.0,31.0,532788.0,750076.0,-0.07191287414676487,0.4295468452830615,0.5235891400466017,34772.0,0.0,14.0
2024-07-23,RB2410.SHF,3448.0,3460.0,3396.0,3397.0,3428.0,3451.0,3462.0,-65.0,-34.0,1456729,4994060.27,2329380,95479.0,84,0.8746029182469385,0.7243362785077313,12,RB2501.SHF,3470.0,3497.0,404999,73.0,RB2408.SHF,3174.0,3211.0,23,223.0,RB2507.SHF,3577.0,3600.0,357,403.0,0.1387536835591576,0.1306261105779105,1276003.0,1496930.0,35983.0,67687.0,31.0,536530.0,816530.0,-0.07967267871239586,0.4204770678438844,0.5454697280433954,34772.0,0.0,14.0
2024-07-24,RB2410.SHF,3405.0,3413.0,3384.0,3391.0,3398.0,3397.0,3428.0,-37.0,-30.0,1376828,4678762.04,2382127,52747.0,83,0.8817302772257826,0.7247343010748435,12,RB2501.SHF,3467.0,3473.0,418112,76.0,RB2408.SHF,3185.0,3181.0,22,206.0,RB2507.SHF,3564.0,3572.0,356,379.0,0.13003976348715438,0.1228664536326922,1303995.0,1506631.0,35331.0,11481.0,34.0,539483.0,810197.0,-0.07209639418407145,0.41371554338781974,0.5377541017010801,34772.0,0.0,14.0
2024-07-25,RB2410.SHF,3391.0,3395.0,3309.0,3329.0,3349.0,3391.0,3398.0,-69.0,-49.0,1877270,6288294.72,2399751,17624.0,82,0.8784353839221248,0.7228884196320718,12,RB2501.SHF,3414.0,3432.0,441886,85.0,RB2408.SHF,3136.0,3147.0,21,193.0,RB2507.SHF,3514.0,3529.0,355,378.0,0.1317231608212146,0.12436980196410641,1325145.0,1495009.0,21150.0,8533.0,34.0,544207.0,802996.0,-0.06023217171828205,0.41067732210437347,0.5371178367488089,34772.0,0.0,14.0
2024-07-26,RB2410.SHF,3332.0,3401.0,3330.0,3371.0,3376.0,3329.0,3349.0,22.0,27.0,1981217,6689435.11,2307823,-91928.0,81,0.8790273990471517,0.729193253876348,12,RB2501.SHF,3458.0,3462.0,436295,87.0,RB2408.SHF,3084.0,3132.0,20,287.0,RB2507.SHF,3560.0,3554.0,354,476.0,0.16867044121872973,0.15685502258815098,1284129.0,1434754.0,-41016.0,-57938.0,31.0,536056.0,758966.0,-0.05539958872816521,0.417447156788765,0.5289868507075081,34772.0,0.0,14.0
2024-07-29,RB2410.SHF,3371.0,3376.0,3341.0,3363.0,3359.0,3371.0,3376.0,-13.0,-17.0,1475836,4957723.1,2296842,-10981.0,78,0.8634861569425917,0.7263377693477026,12,RB2501.SHF,3448.0,3447.0,450543,85.0,RB2408.SHF,3055.0,3058.0,17,308.0,RB2507.SHF,3526.0,3539.0,351,471.0,0.16848300126424726,0.1566926327650411,1282779.0,1412623.0,-1350.0,-15688.0,32.0,534184.0,727601.0,-0.048172406193955485,0.4164271476224665,0.5150709000207415,34772.0,0.0,14.0
2024-07-30,RB2410.SHF,3374.0,3394.0,3294.0,3301.0,3344.0,3363.0,3359.0,-58.0,-15.0,2051883,6862755.4,2289134,-7708.0,77,0.8450375511293343,0.711717941144465,12,RB2501.SHF,3379.0,3418.0,501663,78.0,RB2408.SHF,2969.0,3038.0,16,332.0,RB2507.SHF,3480.0,3512.0,350,511.0,0.1880862727223224,0.17354667895729795,1261009.0,1441956.0,-21770.0,36882.0,32.0,512092.0,767209.0,-0.06694389309517511,0.40609702230515404,0.5320613111634475,34772.0,0.0,14.0
2024-07-31,RB2410.SHF,3301.0,3364.0,3271.0,3326.0,3319.0,3301.0,3344.0,-18.0,-25.0,2163118,7180236.64,2266687,-22447.0,76,0.8484968539076385,0.7054159587932889,12,RB2501.SHF,3397.0,3391.0,521560,71.0,RB2408.SHF,2944.0,2973.0,15,382.0,RB2507.SHF,3489.0,3487.0,349,545.0,0.20230429087477209,0.18561010745021744,1255931.0,1413551.0,-5078.0,-26510.0,32.0,537845.0,732828.0,-0.05904516306908981,0.42824406754829686,0.518430534165375,34772.0,0.0,14.0
2024-08-01,RB2410.SHF,3346.0,3384.0,3331.0,3355.0,3353.0,3326.0,3319.0,36.0,34.0,1582455,5307415.01,2226504,-40183.0,75,0.8203044206464442,0.697440446711918,12,RB2501.SHF,3444.0,3426.0,533247,89.0,RB2408.SHF,3000.0,2994.0,14,355.0,RB2507.SHF,3535.0,3531.0,348,535.0,0.19488522954091805,0.1793319428094479,1234003.0,1407718.0,-18741.0,-5833.0,32.0,540333.0,720953.0,-0.06575826894664501,0.43787008621534956,0.5121430570611444,34772.0,0.0,14.0
2024-08-02,RB2410.SHF,3354.0,3382.0,3324.0,3379.0,3353.0,3355.0,3353.0,26.0,0.0,1434418,4809985.29,2176940,-49564.0,74,0.8249527832030127,0.6902223832891192,12,RB2501.SHF,3470.0,3440.0,531759,91.0,RB2408.SHF,3005.0,2993.0,13,374.0,RB2507.SHF,3550.0,3525.0,347,545.0,0.19819761475385345,0.18213941005256304,1221982.0,1354786.0,-12021.0,-52932.0,32.0,549889.0,661164.0,-0.05153898216680741,0.44999762680628685,0.4880209863402781,37162.0,2390.0,14.0
2024-08-05,RB2410.SHF,3382.0,3397.0,3336.0,3367.0,3366.0,3379.0,3353.0,14.0,13.0,1470364,4949311.61,2140088,-36852.0,71,0.8294198544418258,0.6848485410925829,12,RB2501.SHF,3466.0,3460.0,544595,99.0,RB2408.SHF,3040.0,3017.0,10,327.0,RB2507.SHF,3566.0,3543.0,344,526.0,0.18908564450047263,0.17439897146206185,1199933.0,1350357.0,-12394.0,-4429.0,32.0,534348.0,676215.0,-0.05898309604005819,0.44531486341320725,0.500767574796887,36260.0,-902.0,14.0
2024-08-06,RB2410.SHF,3350.0,3379.0,3296.0,3306.0,3336.0,3367.0,3366.0,-60.0,-30.0,1667829,5564722.37,2193394,53306.0,70,0.8243878737311627,0.6818452834294418,12,RB2501.SHF,3414.0,3436.0,575158,108.0,RB2408.SHF,2974.0,2984.0,9,332.0,RB2507.SHF,3524.0,3535.0,343,550.0,0.20210084202811596,0.1854384248896077,1232133.0,1400161.0,32275.0,52288.0,31.0,532862.0,725364.0,-0.06383329521702363,0.43247116991428686,0.5180575662370256,37760.0,1500.0,14.0
2024-08-07,RB2410.SHF,3305.0,3335.0,3296.0,3304.0,3313.0,3306.0,3336.0,-32.0,-23.0,1100349,3646338.26,2143920,-49474.0,69,0.8214729115636406,0.6724259927435502,12,RB2501.SHF,3410.0,3420.0,591846,106.0,RB2408.SHF,2975.0,2985.0,8,329.0,RB2507.SHF,3515.0,3531.0,342,540.0,0.19835958335429982,0.18227650445131088,1199912.0,1358022.0,-29414.0,-42139.0,31.0,517473.0,682221.0,-0.061811602644947054,0.43125912566921576,0.5023637319572143,39256.0,1496.0,14.0
2024-08-08,RB2410.SHF,3306.0,3323.0,3252.0,3254.0,3286.0,3304.0,3313.0,-59.0,-27.0,1445782,4752069.12,2173101,29181.0,68,0.8290343390091948,0.6683998734005516,12,RB2501.SHF,3361.0,3393.0,617068,107.0,RB2408.SHF,2950.0,2969.0,7,304.0,RB2507.SHF,3489.0,3504.0,341,539.0,0.19967015122297768,0.18338517073745988,1223994.0,1391354.0,24082.0,45557.0,30.0,531743.0,737746.0,-0.06399148411607174,0.43443268512754146,0.5302360147022254,41055.0,1799.0,14.0
2024-08-09,RB2410.SHF,3260.0,3324.0,3255.0,3277.0,3286.0,3254.0,3286.0,-9.0,0.0,1694699,5570234.41,2055995,-117106.0,67,0.8049312338391448,0.6449698814645369,12,RB2501.SHF,3370.0,3384.0,656277,93.0,RB2408.SHF,3000.0,2994.0,6,277.0,RB2507.SHF,3497.0,3503.0,340,497.0,0.18104291417165663,0.16752097855027578,1178987.0,1308135.0,-37270.0,-78389.0,31.0,549537.0,688627.0,-0.05192668473842457,0.4661094651594971,0.5264189093633302,43456.0,2401.0,14.0
2024-08-12,RB2410.SHF,3277.0,3283.0,3206.0,3222.0,3236.0,3277.0,3286.0,-64.0,-50.0,1438848,4657466.01,2065002,9007.0,64,0.7935402638758747,0.6418800695654336,12,RB2501.SHF,3317.0,3336.0,664992,95.0,RB2408.SHF,2950.0,2950.0,3,272.0,RB2507.SHF,3441.0,3455.0,337,491.0,0.18188876484319488,0.16824637457850122,1172961.0,1308304.0,-2709.0,2114.0,31.0,522733.0,704405.0,-0.05454596748029735,0.44565249825015496,0.5384107974904915,49460.0,6004.0,14.0
2024-08-13,RB2410.SHF,3222.0,3242.0,3159.0,3173.0,3201.0,3222.0,3236.0,-63.0,-35.0,1575824,5044459.07,2045327,-19675.0,63,0.7766031055765936,0.6375608235532488,12,RB2501.SHF,3269.0,3293.0,672161,96.0,RB2408.SHF,2900.0,2930.0,2,273.0,RB2507.SHF,3390.0,3413.0,336,490.0,0.1846479454883337,0.17060928834124148,1159839.0,1302494.0,-12149.0,-1364.0,30.0,521803.0,710922.0,-0.05793489345267273,0.44989261440596495,0.5458159500158926,56063.0,6603.0,14.0
2024-08-14,RB2410.SHF,3171.0,3176.0,3056.0,3099.0,3124.0,3173.0,3201.0,-102.0,-77.0,2366225,7392745.71,1979876,-65451.0,62,0.7666168488693477,0.6305092604682239,12,RB2501.SHF,3174.0,3204.0,684985,75.0,RB2408.SHF,2825.0,2865.0,1,274.0,RB2507.SHF,3280.0,3317.0,335,455.0,0.1760108102379312,0.16319549729383698,1164022.0,1264294.0,12364.0,-36163.0,32.0,549974.0,691962.0,-0.04129281362063257,0.47247732431173983,0.5473109893743069,56063.0,0.0,14.0
2024-08-15,RB2410.SHF,3110.0,3132.0,3069.0,3119.0,3100.0,3099.0,3124.0,-5.0,-24.0,2317984,7187332.75,1899971,-79905.0,61,0.7610784799470196,0.6182637911538117,12,RB2501.SHF,3182.0,3161.0,702647,63.0,RB2409.SHF,2931.0,2900.0,34,188.0,RB2507.SHF,3256.0,3262.0,334,325.0,0.13490844990333214,0.12793954013403847,1120442.0,1214393.0,-43580.0,-42146.0,32.0,539122.0,653346.0,-0.040238817732302284,0.48116903864724814,0.5380021129897817,56063.0,0.0,14.0
2024-08-16,RB2410.SHF,3123.0,3139.0,3075.0,3078.0,3112.0,3119.0,3100.0,-22.0,12.0,1799160,5600060.34,1872344,-27627.0,60,0.7511682989242006,0.6062275195506451,12,RB2501.SHF,3156.0,3187.0,743798,78.0,RB2409.SHF,2880.0,2919.0,33,198.0,RB2508.SHF,3223.0,3225.0,364,343.0,0.13133077374958035,0.12408049145071863,1083293.0,1221246.0,-30780.0,10877.0,32.0,498849.0,689059.0,-0.05986142998664809,0.46049314451399576,0.5642262083151143,57263.0,1200.0,14.0
2024-08-19,RB2410.SHF,3067.0,3159.0,3042.0,3156.0,3112.0,3078.0,3112.0,44.0,0.0,2725356,8482645.92,1877749,5405.0,57,0.7614863949237146,0.5974038410756998,12,RB2501.SHF,3203.0,3167.0,794131,47.0,RB2409.SHF,3054.0,2995.0,30,102.0,RB2508.SHF,3216.0,3210.0,361,162.0,0.05849393692982511,0.05699529531692426,1122101.0,1179841.0,56206.0,-38909.0,31.0,560824.0,655481.0,-0.025083168906949,0.49979814651265797,0.5555672332119328,68945.0,11682.0,14.0
2024-08-20,RB2410.SHF,3156.0,3182.0,3134.0,3172.0,3156.0,3156.0,3112.0,60.0,44.0,1725185,5445833.95,1785676,-92073.0,56,0.7534371611261127,0.5830588388950565,12,RB2501.SHF,3216.0,3204.0,808503,44.0,RB2409.SHF,3063.0,3053.0,29,109.0,RB2508.SHF,3259.0,3261.0,360,196.0,0.07056249771909745,0.06839677879681884,1051880.0,1124872.0,-58929.0,-37729.0,29.0,517115.0,622954.0,-0.03353252919946783,0.491610259725444,0.5537998990107319,48580.0,-20365.0,14.0
2024-08-21,RB2410.SHF,3189.0,3238.0,3172.0,3235.0,3196.0,3172.0,3156.0,79.0,40.0,1604043,5127751.08,1725001,-60675.0,55,0.7324474183975448,0.5702147113326885,12,RB2501.SHF,3288.0,3248.0,835134,53.0,RB2409.SHF,3117.0,3099.0,28,118.0,RB2508.SHF,3350.0,3303.0,359,233.0,0.0824297512811043,0.07949429288186663,996129.0,1094420.0,-48255.0,-28300.0,32.0,489749.0,625696.0,-0.04701683624732068,0.4916521856104982,0.5717146981963049,62645.0,14065.0,14.0
2024-08-22,RB2410.SHF,3226.0,3233.0,3168.0,3174.0,3204.0,3235.0,3196.0,-22.0,8.0,1630527,5224872.15,1675988,-49013.0,54,0.7347486417176206,0.5564402443308094,12,RB2501.SHF,3237.0,3264.0,868305,63.0,RB2409.SHF,3009.0,3043.0,27,165.0,RB2508.SHF,3300.0,3328.0,358,291.0,0.1066438147792274,0.10179714456481015,970421.0,1054358.0,-18611.0,-38396.0,33.0,463324.0,582637.0,-0.04145489458355702,0.4774463866713519,0.5525988326545632,72230.0,9585.0,14.0
2024-08-23,RB2410.SHF,3175.0,3195.0,3153.0,3154.0,3180.0,3174.0,3204.0,-50.0,-24.0,1425130,4532233.52,1602633,-73355.0,53,0.7160514545321168,0.532957661233333,12,RB2501.SHF,3210.0,3234.0,928783,56.0,RB2409.SHF,2996.0,3000.0,26,158.0,RB2508.SHF,3287.0,3299.0,357,291.0,0.10710655496351625,0.10221899877611745,915495.0,1015997.0,-54926.0,-38361.0,32.0,413890.0,594808.0,-0.05203335038405543,0.4520942222513504,0.5854426735512014,76129.0,3899.0,14.0
2024-08-26,RB2410.SHF,3161.0,3267.0,3144.0,3264.0,3213.0,3154.0,3180.0,84.0,33.0,2099759,6748072.5,1565422,-37211.0,50,0.6971623894165243,0.5120671336942897,12,RB2501.SHF,3311.0,3262.0,1003929,47.0,RB2409.SHF,3053.0,3045.0,23,211.0,RB2508.SHF,3370.0,3333.0,354,317.0,0.11449784917613588,0.10893544161090107,894929.0,974110.0,-6202.0,-28105.0,30.0,418383.0,551245.0,-0.04236455205054576,0.46750412602564,0.5658960487008654,90808.0,14679.0,14.0
2024-08-27,RB2410.SHF,3259.0,3289.0,3239.0,3249.0,3257.0,3264.0,3213.0,36.0,44.0,1529548,4981930.28,1456440,-108982.0,49,0.6754545872062008,0.4844797108902486,12,RB2501.SHF,3306.0,3310.0,1057756,57.0,RB2409.SHF,3142.0,3108.0,22,107.0,RB2508.SHF,3376.0,3370.0,353,234.0,0.0821248420676114,0.07921055428580864,820071.0,927852.0,-55106.0,-37255.0,32.0,372258.0,527636.0,-0.06166232723066176,0.4539338667017856,0.5686639679604075,96803.0,5995.0,14.0
2024-08-28,RB2410.SHF,3250.0,3278.0,3248.0,3264.0,3262.0,3249.0,3257.0,7.0,5.0,1130551,3688969.77,1379700,-76740.0,48,0.5826783544111993,0.4557281129447329,12,RB2501.SHF,3307.0,3310.0,1135570,43.0,RB2409.SHF,3187.0,3168.0,21,77.0,RB2508.SHF,3379.0,3379.0,352,192.0,0.0664330261627439,0.06450881235162555,767751.0,864938.0,-50775.0,-62914.0,30.0,349750.0,495728.0,-0.05952572718993023,0.455551344120685,0.573137034099554,96803.0,0.0,14.0
2024-08-29,RB2410.SHF,3260.0,3285.0,3235.0,3259.0,3261.0,3264.0,3262.0,-3.0,-1.0,1200943,3916471.11,1312947,-66753.0,47,0.5362089965941745,0.42719594248337434,12,RB2501.SHF,3296.0,3296.0,1237961,37.0,RB2409.SHF,3132.0,3178.0,20,127.0,RB2508.SHF,3366.0,3365.0,351,234.0,0.08238705420703542,0.07945456476924778,737934.0,821386.0,-26941.0,-40384.0,31.0,336567.0,447268.0,-0.05351820024113075,0.4560936343900674,0.544528394688977,114973.0,18170.0,14.0
2024-08-30,RB2501.SHF,3296.0,3333.0,3272.0,3287.0,3299.0,3296.0,3296.0,-9.0,3.0,1123148,3705778.97,1348805,110844.0,138,0.44202119139514284,0.43674378408203035,12,RB2410.SHF,3222.0,3243.0,1204109,-65.0,RB2409.SHF,3137.0,3116.0,19,150.0,RB2508.SHF,3370.0,3371.0,350,233.0,0.08190421891718268,0.07900520402368927,803416.0,853662.0,73794.0,58812.0,33.0,382047.0,378585.0,-0.030322048811220716,0.47552824439642727,0.44348348643842644,125534.0,10561.0,14.0
2024-09-02,RB2501.SHF,3282.0,3299.0,3210.0,3223.0,3251.0,3287.0,3299.0,-76.0,-48.0,1256621,4085637.5,1430833,82028.0,135,0.535912259587705,0.46714198170326593,12,RB2410.SHF,3178.0,3201.0,1082665,-45.0,RB2409.SHF,3088.0,3113.0,16,135.0,RB2508.SHF,3312.0,3329.0,347,224.0,0.07998998168526841,0.07722187489902266,847158.0,904264.0,50731.0,52597.0,32.0,418111.0,416886.0,-0.03260550569765596,0.4935454779391802,0.4610224447727655,133407.0,7873.0,14.0
2024-09-03,RB2501.SHF,3223.0,3238.0,3142.0,3149.0,3196.0,3223.0,3251.0,-102.0,-55.0,1716879,5488692.47,1571584,140751.0,134,0.6781036090530249,0.5115375413984751,12,RB2410.SHF,3096.0,3151.0,941369,-53.0,RB2409.SHF,3045.0,3081.0,15,104.0,RB2508.SHF,3251.0,3282.0,346,206.0,0.07460102490834863,0.07218590682285927,911115.0,984009.0,73527.0,82829.0,32.0,448648.0,461659.0,-0.038463973861341,0.4924164348079002,0.4691613592965105,133707.0,300.0,14.0
2024-09-04,RB2501.SHF,3140.0,3159.0,3087.0,3109.0,3127.0,3149.0,3196.0,-87.0,-69.0,2601602,8137225.65,1645158,73574.0,133,0.7583695766239521,0.5327970681811116,12,RB2410.SHF,3070.0,3083.0,855179,-39.0,RB2409.SHF,3015.0,3011.0,14,94.0,RB2508.SHF,3199.0,3213.0,345,184.0,0.06729694929180882,0.06532334512901736,940029.0,1022669.0,30699.0,38660.0,34.0,460526.0,465846.0,-0.042105306063388255,0.48990616246945573,0.4555198211738109,151861.0,18154.0,14.0
2024-09-05,RB2501.SHF,3110.0,3141.0,3073.0,3083.0,3108.0,3109.0,3127.0,-44.0,-19.0,2202508,6845499.64,1677290,32132.0,132,0.7805180565684829,0.5479098094505124,12,RB2410.SHF,3033.0,3065.0,776945,-50.0,RB2409.SHF,2993.0,3008.0,13,90.0,RB2508.SHF,3153.0,3186.0,344,160.0,0.058949229975683505,0.05742756908674353,950571.0,1041825.0,11784.0,19156.0,33.0,462666.0,480793.0,-0.045801135918763135,0.4867242951867877,0.4614911333477311,170089.0,18228.0,14.0
2024-09-06,RB2501.SHF,3101.0,3124.0,3014.0,3051.0,3067.0,3083.0,3108.0,-57.0,-41.0,2823651,8662323.87,1718737,41447.0,131,0.7879796484127113,0.5650244043077294,12,RB2410.SHF,2981.0,3003.0,707638,-70.0,RB2409.SHF,2954.0,2937.0,12,97.0,RB2508.SHF,3121.0,3138.0,343,167.0,0.06234058177042947,0.06064213565105981,962889.0,1092224.0,23726.0,50399.0,32.0,475268.0,515974.0,-0.06293327909462886,0.4935854496208805,0.472406759053088,189161.0,19072.0,14.0
2024-09-09,RB2501.SHF,3060.0,3094.0,2988.0,3078.0,3032.0,3051.0,3067.0,11.0,-35.0,3007110,9117900.49,1800082,81345.0,128,0.8090107642652543,0.5819560462155505,12,RB2410.SHF,3013.0,2964.0,660437,-65.0,RB2409.SHF,2940.0,2916.0,9,138.0,RB2508.SHF,3164.0,3107.0,340,224.0,0.08401668824629545,0.08096986713748718,1038563.0,1112895.0,77499.0,36151.0,33.0,537164.0,514226.0,-0.03454959381033699,0.5172185028736822,0.4620615601651548,199800.0,10639.0,14.0
2024-09-10,RB2501.SHF,3084.0,3116.0,3058.0,3080.0,3087.0,3078.0,3032.0,48.0,55.0,2637623,8143543.46,1853061,52979.0,127,0.8310913556035474,0.5893384456415992,12,RB2410.SHF,3006.0,3015.0,628244,-74.0,RB2409.SHF,2953.0,2953.0,8,127.0,RB2508.SHF,3145.0,3164.0,339,192.0,0.07169727544214857,0.06946279425249445,1063331.0,1130397.0,26605.0,18954.0,33.0,550563.0,529523.0,-0.030571702599410683,0.5177719825717486,0.46843984900879954,204073.0,4273.0,14.0
2024-09-11,RB2501.SHF,3080.0,3138.0,3038.0,3137.0,3089.0,3080.0,3087.0,50.0,2.0,3139653,9700171.19,1880988,27927.0,126,0.860776731236626,0.6016910794010176,12,RB2410.SHF,3068.0,3018.0,578108,-69.0,RB2409.SHF,3010.0,2990.0,7,127.0,RB2508.SHF,3182.0,3143.0,338,172.0,0.06301251618472165,0.061277932542314006,1092801.0,1119081.0,35989.0,-5710.0,34.0,573176.0,496331.0,-0.011881284806332345,0.5245017162319581,0.4435165997814278,202688.0,-1385.0,14.0
2024-09-12,RB2501.SHF,3139.0,3194.0,3126.0,3185.0,3158.0,3137.0,3089.0,96.0,69.0,2928057,9247037.79,1855494,-25494.0,125,0.8587120625580675,0.6028895904301569,12,RB2410.SHF,3126.0,3093.0,546445,-59.0,RB2409.SHF,3080.0,3037.0,6,105.0,RB2508.SHF,3225.0,3195.0,337,145.0,0.051913720720367214,0.05072877323481037,1106554.0,1076395.0,14935.0,-42686.0,33.0,597878.0,459095.0,0.013815714430341708,0.5403062118974763,0.42651164303067185,207181.0,4493.0,14.0
2024-09-13,RB2501.SHF,3187.0,3219.0,3170.0,3190.0,3196.0,3185.0,3158.0,32.0,38.0,2518063,8048656.55,1802789,-52705.0,124,0.8596019712317058,0.6028688949454077,12,RB2410.SHF,3123.0,3139.0,500692,-67.0,RB2409.SHF,3037.0,3037.0,5,153.0,RB2508.SHF,3212.0,3237.0,336,175.0,0.06354159723928554,0.06177830108045259,1088414.0,1041741.0,-13538.0,-34654.0,32.0,590806.0,438779.0,0.021910612138553297,0.542813672003484,0.42119778332618185,210111.0,2930.0,14.0
2024-09-18,RB2501.SHF,3185.0,3231.0,3123.0,3150.0,3170.0,3190.0,3196.0,-46.0,-26.0,2600922,8246377.77,1871684,68895.0,119,0.881090538917693,0.620222124725459,12,RB2410.SHF,3080.0,3103.0,461393,-70.0,RB2410.SHF,3080.0,3103.0,27,70.0,RB2508.SHF,3186.0,3213.0,331,106.0,0.0413213431305537,0.04062619833344213,1126135.0,1070114.0,41456.0,47304.0,30.0,627466.0,463625.0,0.02550758133526754,0.557185417378911,0.43324823336579094,197757.0,-12354.0,14.0
2024-09-19,RB2501.SHF,3157.0,3211.0,3128.0,3206.0,3174.0,3150.0,3170.0,36.0,4.0,3207683,10182510.61,1977224,105540.0,118,0.885641797588762,0.6351651451093167,12,RB2410.SHF,3138.0,3108.0,429785,-68.0,RB2410.SHF,3138.0,3108.0,26,68.0,RB2509.SHF,3237.0,3209.0,361,99.0,0.034374019006306836,0.03384293143624547,1170873.0,1137677.0,56628.0,75983.0,29.0,631958.0,489711.0,0.014379588919451604,0.5397323193890371,0.4304481852054669,197757.0,0.0,14.0
2024-09-20,RB2501.SHF,3210.0,3237.0,3141.0,3165.0,3194.0,3206.0,3174.0,-9.0,20.0,3311177,10576509.41,1981675,4451.0,117,0.9025177563806585,0.6394820701060869,12,RB2410.SHF,3098.0,3128.0,402513,-67.0,RB2410.SHF,3098.0,3128.0,25,67.0,RB2509.SHF,3204.0,3226.0,360,106.0,0.037279708622799515,0.036656118902012265,1146846.0,1174343.0,-7579.0,57610.0,31.0,603117.0,525508.0,-0.011846084054335945,0.5258918808628186,0.44749106521689147,197574.0,-183.0,14.0
2024-09-23,RB2501.SHF,3163.0,3167.0,3084.0,3087.0,3117.0,3165.0,3194.0,-107.0,-77.0,3220101,10038496.83,2029260,47585.0,114,0.89314815975645,0.6498165119987703,12,RB2410.SHF,3030.0,3056.0,372846,-57.0,RB2410.SHF,3030.0,3056.0,22,57.0,RB2509.SHF,3146.0,3172.0,357,116.0,0.04171223092458511,0.040933589751955435,1164068.0,1203537.0,33631.0,31343.0,29.0,615951.0,538773.0,-0.016670432779116447,0.5291366140122399,0.4476580279625803,191298.0,-6276.0,14.0
2024-09-24,RB2501.SHF,3090.0,3220.0,3088.0,3217.0,3151.0,3087.0,3117.0,100.0,34.0,4491637,14156498.56,1967554,-61706.0,113,0.8842689387048941,0.6487231632159168,12,RB2503.SHF,3227.0,3158.0,359908,10.0,RB2410.SHF,3134.0,3088.0,21,83.0,RB2509.SHF,3249.0,3204.0,356,115.0,0.03998037889683691,0.0392643168802806,1166721.0,1202094.0,12756.0,12334.0,30.0,655185.0,521033.0,-0.014932782847119762,0.5615609901596011,0.4334378176748241,205551.0,14253.0,14.0
2024-09-25,RB2501.SHF,3220.0,3288.0,3216.0,3225.0,3247.0,3217.0,3151.0,74.0,96.0,3653042,11864759.28,1868854,-98700.0,112,0.8806859097419425,0.6544958517340768,12,RB2503.SHF,3236.0,3259.0,364728,11.0,RB2410.SHF,3128.0,3161.0,20,97.0,RB2509.SHF,3272.0,3292.0,355,144.0,0.05015841508569673,0.04903812704765402,1103936.0,1138699.0,-50389.0,-45337.0,30.0,590874.0,514549.0,-0.01550096203795981,0.5352429851005855,0.45187446375205387,200752.0,-4799.0,14.0
2024-09-26,RB2501.SHF,3223.0,3297.0,3211.0,3281.0,3257.0,3225.0,3247.0,34.0,10.0,3295786,10736096.04,1871665,2811.0,111,0.891757284487692,0.6656380386338321,12,RB2503.SHF,3311.0,3269.0,369902,30.0,RB2410.SHF,3171.0,3153.0,19,110.0,RB2509.SHF,3329.0,3294.0,354,158.0,0.05428863252328714,0.05297943733846971,1129038.0,1127614.0,48690.0,2216.0,30.0,607316.0,520642.0,0.0006310233035487971,0.5379057215080449,0.4617200566860646,207329.0,6577.0,14.0
2024-09-27,RB2501.SHF,3305.0,3349.0,3295.0,3341.0,3319.0,3281.0,3257.0,84.0,62.0,3114689,10338598.03,1695940,-175725.0,110,0.8761444108922798,0.6635428966706652,12,RB2503.SHF,3377.0,3350.0,372061,36.0,RB2410.SHF,3200.0,3194.0,18,141.0,RB2509.SHF,3415.0,3390.0,353,215.0,0.07320429104477606,0.07084996828128794,1032483.0,1063755.0,-88154.0,-63642.0,29.0,547554.0,518281.0,-0.014918153377622197,0.5303273758502561,0.4872183914529191,210023.0,2694.0,14.0
2024-09-30,RB2501.SHF,3341.0,3551.0,3323.0,3551.0,3471.0,3341.0,3319.0,232.0,152.0,2758421,9574871.38,1622556,-73384.0,107,0.8581694722472146,0.6731072545390131,12,RB2503.SHF,3584.0,3459.0,375468,33.0,RB2410.SHF,3417.0,3327.0,15,134.0,RB2509.SHF,3627.0,3566.0,350,210.0,0.06696106823214923,0.06498404124232197,999832.0,1001764.0,-28704.0,-57446.0,29.0,553046.0,464442.0,-0.0009652297466621636,0.5531389273397931,0.46362416696946585,190003.0,-20020.0,14.0
2024-10-08,RB2501.SHF,3680.0,3780.0,3434.0,3486.0,3584.0,3551.0,3471.0,15.0,113.0,4220545,15130390.86,1540193,-82363.0,99,0.9039226462066708,0.6713742704078741,12,RB2503.SHF,3540.0,3647.0,366086,54.0,RB2410.SHF,3370.0,3476.0,7,116.0,RB2509.SHF,3561.0,3667.0,342,191.0,0.061752070507994236,0.06006555485059759,950901.0,991080.0,-20356.0,-7802.0,31.0,528039.0,475095.0,-0.020689697787980417,0.5553038644401468,0.479370989223877,147332.0,-42671.0,14.0
2024-10-09,RB2501.SHF,3500.0,3545.0,3450.0,3466.0,3500.0,3486.0,3584.0,-118.0,-84.0,3644952,12759249.25,1622329,82136.0,98,0.8879737536350762,0.6673674935354172,12,RB2503.SHF,3505.0,3543.0,403270,39.0,RB2410.SHF,3370.0,3407.0,6,96.0,RB2509.SHF,3507.0,3549.0,341,137.0,0.044293369945524644,0.04341672471560094,946380.0,1005709.0,2853.0,20634.0,33.0,496047.0,480305.0,-0.030392569191261258,0.524152031953338,0.47757850431884374,159661.0,12329.0,14.0
2024-10-10,RB2501.SHF,3450.0,3511.0,3412.0,3442.0,3460.0,3466.0,3500.0,-58.0,-40.0,3806663,13174608.05,1703228,80899.0,97,0.9059098298371289,0.6634323960180688,12,RB2503.SHF,3489.0,3500.0,445273,47.0,RB2410.SHF,3374.0,3396.0,5,68.0,RB2509.SHF,3510.0,3509.0,340,136.0,0.04391793256597873,0.043055893952863446,1000841.0,1064860.0,60947.0,64906.0,30.0,524177.0,515027.0,-0.030991416473148823,0.5237365375719021,0.4836570065548523,148233.0,-11428.0,14.0
2024-10-11,RB2501.SHF,3442.0,3484.0,3421.0,3468.0,3455.0,3442.0,3460.0,8.0,-5.0,3198181,11049742.74,1752309,49081.0,96,0.9085627906923891,0.6517074364483447,12,RB2503.SHF,3514.0,3496.0,500394,46.0,RB2410.SHF,3380.0,3385.0,4,88.0,RB2509.SHF,3530.0,3516.0,339,150.0,0.04835291000618199,0.047310713221944564,1027489.0,1082372.0,29834.0,20599.0,31.0,545130.0,501170.0,-0.02601261410111851,0.5305458257947288,0.46302934665715667,152455.0,4222.0,14.0
2024-10-14,RB2501.SHF,3472.0,3534.0,3436.0,3502.0,3492.0,3468.0,3455.0,47.0,37.0,4049131,14140791.11,1740933,-11376.0,93,0.9171840619451828,0.6429103207141786,12,RB2503.SHF,3543.0,3534.0,525288,41.0,RB2410.SHF,3420.0,3408.0,1,82.0,RB2509.SHF,3561.0,3556.0,336,141.0,0.044920136161298786,0.044018840076750214,1012077.0,1079554.0,-15412.0,3336.0,32.0,522954.0,493880.0,-0.03226047041758322,0.5167136492579122,0.4574852207485684,144557.0,-7898.0,14.0
2024-10-15,RB2501.SHF,3499.0,3512.0,3461.0,3467.0,3487.0,3502.0,3492.0,-25.0,-5.0,3584093,12498773.68,1781904,40971.0,92,0.9288713935249184,0.6400733358094706,12,RB2503.SHF,3510.0,3531.0,557911,43.0,RB2411.SHF,3391.0,3412.0,31,76.0,RB2509.SHF,3539.0,3552.0,335,148.0,0.05240264477176429,0.05129131069156594,1028260.0,1119951.0,18568.0,56403.0,31.0,505071.0,532720.0,-0.04268249254845078,0.49118997140800963,0.4756636674283071,151582.0,7025.0,14.0
2024-10-16,RB2501.SHF,3470.0,3502.0,3444.0,3447.0,3474.0,3467.0,3487.0,-40.0,-13.0,3479402,12090201.13,1859839,77935.0,91,0.9295846820861755,0.6454558232269685,12,RB2503.SHF,3487.0,3513.0,572729,40.0,RB2411.SHF,3383.0,3407.0,30,64.0,RB2510.SHF,3551.0,3567.0,364,168.0,0.05426923274349904,0.05296473927924691,1083146.0,1171495.0,56468.0,54021.0,30.0,538798.0,562786.0,-0.03918539581245972,0.4974380185127397,0.4803998309851941,118212.0,-33370.0,14.0
2024-10-17,RB2501.SHF,3450.0,3486.0,3300.0,3300.0,3399.0,3447.0,3474.0,-174.0,-75.0,4903326,16668090.52,1898835,38996.0,90,0.9223657795889867,0.6442433096694429,12,RB2503.SHF,3347.0,3450.0,589224,47.0,RB2411.SHF,3237.0,3335.0,29,63.0,RB2510.SHF,3401.0,3494.0,363,164.0,0.0553665606692083,0.05400965222918302,1103099.0,1213698.0,20128.0,42203.0,32.0,527577.0,584429.0,-0.047737889853966486,0.47826804303149584,0.481527529912713,120054.0,1842.0,14.0
2024-10-18,RB2501.SHF,3311.0,3384.0,3284.0,3336.0,3322.0,3300.0,3399.0,-63.0,-77.0,3902945,12966514.81,1804647,-94188.0,89,0.9223481997414175,0.6310563536900764,12,RB2503.SHF,3387.0,3369.0,592388,51.0,RB2411.SHF,3250.0,3252.0,28,86.0,RB2510.SHF,3443.0,3432.0,362,193.0,0.06489636112390601,0.0630424809143123,1072802.0,1144940.0,-30297.0,-50854.0,32.0,511813.0,496382.0,-0.032527679053740245,0.47708057964097755,0.43354411584886543,72218.0,-47836.0,14.0
2024-10-21,RB2501.SHF,3350.0,3376.0,3335.0,3358.0,3354.0,3336.0,3322.0,36.0,32.0,2416552,8106524.69,1778378,-26269.0,86,0.9153009728154075,0.6260091283566916,12,RB2503.SHF,3405.0,3401.0,599389,47.0,RB2411.SHF,3239.0,3250.0,25,119.0,RB2510.SHF,3463.0,3467.0,359,224.0,0.07557592440928589,0.07307718026751153,1063314.0,1125734.0,-9488.0,-16091.0,32.0,507105.0,502551.0,-0.028514678526921293,0.4769099250080409,0.44642073527138737,70081.0,-2137.0,14.0
2024-10-22,RB2501.SHF,3358.0,3367.0,3300.0,3349.0,3332.0,3358.0,3354.0,-5.0,-22.0,2735345,9115126.06,1751263,-27115.0,85,0.9191582177501845,0.6190717580588316,12,RB2503.SHF,3382.0,3375.0,600916,33.0,RB2411.SHF,3236.0,3221.0,24,113.0,RB2510.SHF,3441.0,3440.0,358,205.0,0.06922958779597796,0.06712516940410425,1040393.0,1112985.0,-15485.0,-7344.0,32.0,504242.0,510080.0,-0.0337107558450026,0.4846649295026014,0.4582990786039345,68786.0,-1295.0,14.0
2024-10-23,RB2501.SHF,3342.0,3362.0,3308.0,3316.0,3334.0,3349.0,3332.0,-16.0,2.0,2479153,8267703.52,1807359,56096.0,84,0.9223320800708951,0.6273815891921576,12,RB2503.SHF,3357.0,3372.0,602973,41.0,RB2411.SHF,3206.0,3221.0,23,110.0,RB2510.SHF,3434.0,3442.0,357,228.0,0.07771730400708254,0.07507821414698128,1048346.0,1159967.0,8481.0,57935.0,31.0,494072.0,537816.0,-0.050545823893623776,0.471287151379411,0.4636476727355175,66668.0,-2118.0,14.0
2024-10-24,RB2501.SHF,3307.0,3340.0,3290.0,3330.0,3312.0,3316.0,3334.0,-4.0,-22.0,2641100,8749591.47,1802226,-5133.0,83,0.9289240013477856,0.6246039530184828,12,RB2503.SHF,3361.0,3351.0,608104,31.0,RB2411.SHF,3218.0,3208.0,22,112.0,RB2510.SHF,3441.0,3425.0,356,223.0,0.07572952293052175,0.0732208340104204,1058863.0,1128118.0,27604.0,-17161.0,30.0,521865.0,514736.0,-0.031666941779558214,0.49285412749335844,0.4562785098721942,66364.0,-304.0,14.0
2024-10-25,RB2501.SHF,3332.0,3389.0,3329.0,3376.0,3362.0,3330.0,3312.0,64.0,50.0,2617330,8800488.43,1728168,-74058.0,82,0.919121855907449,0.6131760424753441,12,RB2503.SHF,3395.0,3384.0,616089,19.0,RB2411.SHF,3243.0,3246.0,21,133.0,RB2510.SHF,3475.0,3471.0,355,232.0,0.0781785180794747,0.07550872115995418,1037396.0,1073156.0,-15973.0,-53634.0,30.0,518806.0,490343.0,-0.016943434703338273,0.5001041068213102,0.45691679494873066,66060.0,-304.0,14.0
2024-10-28,RB2501.SHF,3380.0,3479.0,3372.0,3451.0,3437.0,3376.0,3362.0,89.0,75.0,2997381,10303268.93,1778152,49984.0,79,0.9165952371851229,0.619920693191984,12,RB2503.SHF,3474.0,3460.0,617515,23.0,RB2411.SHF,3325.0,3294.0,18,126.0,RB2510.SHF,3565.0,3538.0,352,240.0,0.07887983431632964,0.07616301979590187,1051578.0,1118325.0,34602.0,52314.0,34.0,515946.0,513324.0,-0.030760361177435122,0.4906397813571604,0.4590114680437261,63340.0,-2720.0,14.0
2024-10-29,RB2501.SHF,3450.0,3460.0,3411.0,3422.0,3434.0,3451.0,3437.0,-15.0,-3.0,1928067,6622878.75,1762609,-15543.0,78,0.8946747357831473,0.620093516632782,12,RB2503.SHF,3431.0,3455.0,614372,9.0,RB2411.SHF,3285.0,3306.0,17,137.0,RB2510.SHF,3534.0,3543.0,351,249.0,0.08283433133732544,0.07984508537646641,1027494.0,1112839.0,-20336.0,-1088.0,32.0,489936.0,540423.0,-0.03987463632995426,0.47682614205046453,0.48562550377907315,63340.0,0.0,14.0
2024-10-30,RB2501.SHF,3451.0,3469.0,3403.0,3442.0,3439.0,3422.0,3434.0,8.0,5.0,2252191,7746452.52,1732080,-30529.0,77,0.9118809796625679,0.618423528428852,12,RB2503.SHF,3451.0,3449.0,615754,9.0,RB2411.SHF,3307.0,3300.0,16,135.0,RB2510.SHF,3548.0,3543.0,350,241.0,0.07963963213578899,0.07687143746527622,1021364.0,1093671.0,-981.0,-16370.0,33.0,487601.0,529102.0,-0.034187141111140004,0.47740178819696016,0.48378534312421195,61239.0,-2101.0,14.0
2024-10-31,RB2501.SHF,3445.0,3451.0,3417.0,3427.0,3434.0,3442.0,3439.0,-12.0,-5.0,2057799,7068134.18,1726259,-5821.0,76,0.9262601496834969,0.6204540855587796,12,RB2503.SHF,3439.0,3447.0,603759,12.0,RB2411.SHF,3253.0,3312.0,15,174.0,RB2510.SHF,3546.0,3543.0,349,293.0,0.09843055972285361,0.0942471091577623,1002568.0,1111498.0,-14989.0,17827.0,31.0,473886.0,555237.0,-0.05152630050339015,0.47267217784728816,0.4995393603947106,61239.0,0.0,14.0
2024-11-01,RB2501.SHF,3425.0,3434.0,3370.0,3393.0,3400.0,3427.0,3434.0,-41.0,-34.0,2381801,8098933.49,1706790,-19469.0,75,0.9075799161923574,0.6242563869797818,12,RB2503.SHF,3410.0,3419.0,596177,17.0,RB2411.SHF,3290.0,3299.0,14,103.0,RB2510.SHF,3522.0,3525.0,348,232.0,0.07706168210691074,0.07446595069852649,987882.0,1086308.0,-14686.0,-23812.0,32.0,472874.0,541502.0,-0.04745274058789214,0.47867457854278145,0.4984792526613078,59711.0,-1528.0,14.0
2024-11-04,RB2501.SHF,3403.0,3483.0,3344.0,3425.0,3389.0,3393.0,3400.0,25.0,-11.0,3213882,10893801.68,1701525,-5265.0,72,0.914176600714017,0.6208880228573931,12,RB2503.SHF,3446.0,3409.0,610180,21.0,RB2411.SHF,3325.0,3288.0,11,100.0,RB2510.SHF,3552.0,3522.0,345,227.0,0.07460717662419526,0.07217071893134362,1005453.0,1075214.0,17571.0,-2478.0,32.0,497776.0,524683.0,-0.033528190719610586,0.49507634867069866,0.4879800672238271,59365.0,-346.0,14.0
2024-11-05,RB2501.SHF,3425.0,3458.0,3405.0,3433.0,3430.0,3425.0,3389.0,44.0,41.0,2032842,6973582.32,1701597,72.0,71,0.8948888323456362,0.6194405512943257,12,RB2503.SHF,3454.0,3452.0,609266,21.0,RB2411.SHF,3332.0,3322.0,10,101.0,RB2510.SHF,3555.0,3556.0,344,223.0,0.07313853685186641,0.07079507100889781,1009174.0,1071833.0,3721.0,8028.0,31.0,511438.0,519342.0,-0.030109941965596465,0.5067887202801499,0.4845363036965647,61760.0,2395.0,16.0
2024-11-06,RB2501.SHF,3445.0,3446.0,3354.0,3392.0,3401.0,3433.0,3430.0,-38.0,-29.0,3356124,11414470.74,1677086,-24511.0,70,0.9113985513208952,0.6177169218869418,12,RB2503.SHF,3427.0,3435.0,607473,35.0,RB2411.SHF,3310.0,3305.0,9,82.0,RB2510.SHF,3537.0,3536.0,343,227.0,0.07494527561191815,0.07248716498367003,947712.0,1074539.0,-59065.0,7543.0,32.0,457446.0,545804.0,-0.0627157558581996,0.4826846130470016,0.5079424757965975,61760.0,0.0,16.0
2024-11-07,RB2501.SHF,3380.0,3438.0,3362.0,3436.0,3399.0,3392.0,3401.0,35.0,-2.0,2361478,8028988.38,1674191,-2895.0,69,0.9008220578530367,0.6174525133978179,12,RB2503.SHF,3461.0,3431.0,598173,25.0,RB2411.SHF,3330.0,3323.0,8,106.0,RB2510.SHF,3561.0,3539.0,342,231.0,0.07580784377191559,0.07329407667874306,961469.0,1040920.0,26572.0,-28976.0,32.0,485404.0,512909.0,-0.03967810450416977,0.5048566308430121,0.49274584021826845,59925.0,-1835.0,16.0
2024-11-08,RB2501.SHF,3443.0,3465.0,3356.0,3367.0,3411.0,3436.0,3399.0,-32.0,12.0,3624024,12362881.51,1777628,103437.0,68,0.9053023537455512,0.629943013309888,12,RB2503.SHF,3402.0,3440.0,589944,35.0,RB2411.SHF,3230.0,3329.0,7,137.0,RB2510.SHF,3511.0,3543.0,341,281.0,0.09507146697317438,0.0911612197077289,968965.0,1127380.0,17868.0,112965.0,31.0,463713.0,599201.0,-0.07556723726295052,0.4785652732554839,0.5314986960918235,59925.0,0.0,16.0
2024-11-11,RB2501.SHF,3348.0,3388.0,3307.0,3331.0,3342.0,3367.0,3411.0,-80.0,-69.0,2744850,9173813.62,1832002,54374.0,65,0.8933508606742385,0.6376172908255604,12,RB2503.SHF,3365.0,3374.0,583814,34.0,RB2411.SHF,3238.0,3241.0,4,93.0,RB2510.SHF,3463.0,3485.0,338,225.0,0.0759367614369779,0.07341462488074008,995306.0,1152289.0,28276.0,36665.0,32.0,485936.0,602969.0,-0.07309711561071804,0.48822774101633065,0.5232793162132069,58123.0,-1802.0,16.0
2024-11-12,RB2501.SHF,3333.0,3353.0,3308.0,3344.0,3328.0,3331.0,3342.0,2.0,-14.0,2032597,6765869.03,1817779,-14223.0,64,0.8919417511941357,0.636033175716954,12,RB2503.SHF,3367.0,3358.0,578533,23.0,RB2411.SHF,3241.0,3241.0,3,103.0,RB2510.SHF,3465.0,3459.0,337,224.0,0.07552928699835745,0.07303355867094763,1006268.0,1128469.0,10962.0,-23820.0,31.0,519692.0,586144.0,-0.05724405395137668,0.5164548609316802,0.5194152431302942,58123.0,0.0,16.0
2024-11-13,RB2501.SHF,3344.0,3367.0,3323.0,3337.0,3344.0,3344.0,3328.0,9.0,16.0,1899234,6351231.31,1761405,-56374.0,63,0.8750746417197452,0.6215820407270238,12,RB2503.SHF,3367.0,3371.0,575171,30.0,RB2411.SHF,3270.0,3225.0,2,67.0,RB2510.SHF,3462.0,3466.0,336,192.0,0.06416524748667801,0.06235213240530615,990354.0,1084276.0,-15914.0,-42206.0,30.0,524815.0,557136.0,-0.04527168699960957,0.5299266726847168,0.5138322714880713,58693.0,570.0,16.0
2024-11-14,RB2501.SHF,3345.0,3350.0,3304.0,3313.0,3326.0,3337.0,3344.0,-31.0,-18.0,1803371,5998217.19,1804837,43432.0,62,0.8701167926460102,0.6195374091935297,12,RB2503.SHF,3345.0,3357.0,576871,32.0,RB2411.SHF,3238.0,3238.0,1,75.0,RB2510.SHF,3435.0,3448.0,335,197.0,0.06648685334704275,0.06454278653559065,999507.0,1111984.0,13904.0,55961.0,33.0,514195.0,609361.0,-0.05326899333219985,0.5144486231712234,0.5479943956028144,58693.0,0.0,16.0
2024-11-15,RB2501.SHF,3304.0,3321.0,3231.0,3232.0,3277.0,3313.0,3326.0,-94.0,-49.0,2617529,8579972.54,1803336,-1501.0,61,0.8810182472256226,0.6134188172577022,12,RB2503.SHF,3279.0,3313.0,581207,47.0,RB2412.SHF,3258.0,3291.0,31,-26.0,RB2510.SHF,3368.0,3400.0,334,110.0,0.040671654642444016,0.04000012859103244,961272.0,1112511.0,-30547.0,3429.0,35.0,462956.0,645764.0,-0.07292903838058273,0.4816077031266905,0.5804562831288859,58693.0,0.0,16.0
2024-11-18,RB2501.SHF,3243.0,3295.0,3226.0,3279.0,3262.0,3232.0,3277.0,2.0,-15.0,2342838,7644506.79,1766798,-36538.0,58,0.8758796787845254,0.60818014930516,12,RB2503.SHF,3307.0,3298.0,579510,28.0,RB2412.SHF,3288.0,3278.0,28,-9.0,RB2511.SHF,3388.0,3376.0,364,100.0,0.03303861082145756,0.03254615878718509,987732.0,1052003.0,32350.0,-49351.0,33.0,500753.0,556325.0,-0.03150948530078662,0.506972539109799,0.5288245375726115,53820.0,-4873.0,16.0
2024-11-19,RB2501.SHF,3285.0,3330.0,3254.0,3322.0,3291.0,3279.0,3262.0,60.0,29.0,2389998,7866057.01,1684167,-82631.0,57,0.8637503202926201,0.5928449582550402,12,RB2503.SHF,3341.0,3316.0,580113,19.0,RB2412.SHF,3339.0,3318.0,27,-17.0,RB2511.SHF,3450.0,3424.0,363,111.0,0.03611271552646218,0.03552543922571159,932794.0,987291.0,-48672.0,-46821.0,34.0,465737.0,491685.0,-0.02838259764541674,0.49929244827904123,0.4980142632719229,53820.0,0.0,16.0
2024-11-20,RB2501.SHF,3315.0,3328.0,3304.0,3319.0,3315.0,3322.0,3291.0,28.0,24.0,1434021,4754755.08,1605126,-79041.0,56,0.8610354730612125,0.5809758904883072,12,RB2503.SHF,3340.0,3337.0,571654,21.0,RB2412.SHF,3335.0,3330.0,26,-16.0,RB2511.SHF,3441.0,3443.0,362,106.0,0.03452737916755914,0.03399002475723532,875647.0,935489.0,-57147.0,-45762.0,32.0,428031.0,462956.0,-0.03304114102971836,0.48881684057616825,0.4948812866853592,14647.0,-39173.0,16.0
2024-11-21,RB2501.SHF,3319.0,3345.0,3311.0,3332.0,3327.0,3319.0,3315.0,17.0,12.0,1737723,5782285.3,1536631,-68495.0,55,0.8641333941339958,0.5687219595677415,12,RB2503.SHF,3350.0,3347.0,569486,18.0,RB2412.SHF,3348.0,3343.0,25,-16.0,RB2511.SHF,3458.0,3453.0,361,110.0,0.03569117312396882,0.03511738286119793,854984.0,887532.0,-8484.0,-47075.0,33.0,429307.0,430261.0,-0.01867873810053968,0.5021228467433309,0.48478364723750805,17635.0,2988.0,16.0
2024-11-22,RB2501.SHF,3338.0,3343.0,3269.0,3277.0,3304.0,3332.0,3327.0,-50.0,-23.0,1794057,5927825.96,1516855,-19776.0,54,0.8272240276507216,0.5638813765671323,12,RB2503.SHF,3307.0,3327.0,563934,30.0,RB2412.SHF,3306.0,3316.0,24,-29.0,RB2511.SHF,3414.0,3426.0,360,108.0,0.03548742546020217,0.034920098557431486,826012.0,909375.0,-25733.0,24850.0,34.0,393440.0,468519.0,-0.04803712370785306,0.4763126927938093,0.5152098969072165,18837.0,1202.0,16.0
2024-11-25,RB2501.SHF,3277.0,3344.0,3277.0,3297.0,3307.0,3277.0,3304.0,-7.0,3.0,2286942,7563256.9,1418516,-98339.0,51,0.8306921471993305,0.5411560045321543,12,RB2503.SHF,3325.0,3330.0,563047,28.0,RB2412.SHF,3299.0,3316.0,21,-2.0,RB2511.SHF,3426.0,3427.0,357,127.0,0.041819129895061924,0.04103426426860583,769820.0,858742.0,-54295.0,-50633.0,31.0,352161.0,430944.0,-0.05460154418437861,0.4574588864929464,0.5018317492331806,18266.0,-571.0,16.0
2024-11-26,RB2501.SHF,3300.0,3329.0,3294.0,3303.0,3310.0,3297.0,3307.0,-4.0,3.0,1540708,5100677.61,1363289,-55227.0,50,0.8091788035854307,0.5261957511849439,12,RB2505.SHF,3363.0,3372.0,572783,60.0,RB2412.SHF,3287.0,3301.0,20,16.0,RB2511.SHF,3434.0,3432.0,356,147.0,0.04858153331305139,0.04752654983487653,738438.0,806754.0,-26760.0,-48580.0,33.0,327473.0,389831.0,-0.04421198142366774,0.44346715634894196,0.4832092558574237,28266.0,10000.0,16.0
2024-11-27,RB2501.SHF,3305.0,3316.0,3274.0,3309.0,3298.0,3303.0,3310.0,-1.0,-12.0,1572858,5187413.47,1299346,-63943.0,49,0.8071911676178833,0.5040460355833895,12,RB2505.SHF,3372.0,3363.0,616057,63.0,RB2412.SHF,3290.0,3289.0,19,19.0,RB2511.SHF,3436.0,3427.0,355,146.0,0.04820704877695747,0.04716803678817212,710058.0,770749.0,-21531.0,-31166.0,34.0,314061.0,384922.0,-0.04098508448433861,0.44230330480045293,0.4994129087420159,28266.0,0.0,16.0
2024-11-28,RB2501.SHF,3311.0,3319.0,3284.0,3312.0,3302.0,3309.0,3298.0,14.0,4.0,1695442,5598576.91,1233968,-65378.0,48,0.8090882497087803,0.4781368762360585,12,RB2505.SHF,3367.0,3364.0,680258,55.0,RB2412.SHF,3293.0,3292.0,18,19.0,RB2511.SHF,3424.0,3426.0,354,131.0,0.043214864141830525,0.04237742867000895,668216.0,729767.0,-41637.0,-35895.0,32.0,289034.0,356016.0,-0.044028432391524076,0.43254576364528835,0.48784886134889627,34613.0,6347.0,16.0
2024-11-29,RB2501.SHF,3309.0,3354.0,3305.0,3318.0,3327.0,3312.0,3302.0,16.0,25.0,1785535,5940667.05,1116449,-117519.0,47,0.7626212300533931,0.43457168892042636,12,RB2505.SHF,3380.0,3384.0,783700,62.0,RB2412.SHF,3347.0,3320.0,17,-29.0,RB2511.SHF,3440.0,3448.0,353,93.0,0.030184280165606692,0.029772538517806098,608890.0,665319.0,-53330.0,-62293.0,31.0,269209.0,327968.0,-0.04428551360098697,0.44213076253510486,0.49294849538341756,39718.0,5105.0,16.0
2024-12-02,RB2501.SHF,3318.0,3349.0,3298.0,3333.0,3325.0,3318.0,3327.0,6.0,-2.0,1414682,4703823.37,1010298,-106151.0,44,0.6920819765803563,0.3970157934240568,12,RB2505.SHF,3407.0,3394.0,859806,74.0,RB2412.SHF,3340.0,3330.0,14,-7.0,RB2511.SHF,3470.0,3467.0,350,130.0,0.042281508411747964,0.04147941144079751,567460.0,600043.0,-39634.0,-53608.0,30.0,262966.0,294174.0,-0.027908279464806514,0.46340887463433544,0.4902548650680035,37959.0,-1759.0,16.0
2024-12-03,RB2501.SHF,3333.0,3356.0,3330.0,3352.0,3342.0,3333.0,3325.0,27.0,17.0,907857,3034551.98,980405,-29893.0,43,0.635609097642975,0.3792650172358901,12,RB2505.SHF,3426.0,3415.0,925490,74.0,RB2412.SHF,3355.0,3336.0,13,-3.0,RB2511.SHF,3488.0,3480.0,349,133.0,0.043063835072031764,0.04223216816198553,556567.0,583954.0,-10893.0,-16089.0,31.0,256346.0,287661.0,-0.02401270998078948,0.46058426029570565,0.4926090068738291,37959.0,0.0,16.0
2024-12-04,RB2505.SHF,3426.0,3427.0,3385.0,3405.0,3403.0,3426.0,3415.0,-10.0,-12.0,686286,2335676.04,987361,61871.0,162,0.34275928098493735,0.3893198187150598,12,RB2501.SHF,3339.0,3327.0,863032,-66.0,RB2412.SHF,3335.0,3346.0,12,70.0,RB2511.SHF,3476.0,3475.0,348,141.0,0.045927928892696444,0.04498356468148469,561907.0,645362.0,30043.0,50963.0,34.0,283094.0,310454.0,-0.06912709594961852,0.5038093492339479,0.48105404408688457,37959.0,0.0,16.0
2024-12-05,RB2505.SHF,3405.0,3418.0,3331.0,3341.0,3370.0,3405.0,3403.0,-62.0,-33.0,1105790,3727432.44,1148369,161008.0,161,0.48374974626750755,0.43221845762646793,12,RB2501.SHF,3280.0,3305.0,820430,-61.0,RB2412.SHF,3280.0,3302.0,11,61.0,RB2511.SHF,3419.0,3441.0,347,139.0,0.04603567799070858,0.04508693814079127,641942.0,757670.0,85223.0,118368.0,33.0,319895.0,364280.0,-0.08268577291420766,0.4983238361098043,0.48078978975015507,37959.0,0.0,16.0
2024-12-06,RB2505.SHF,3340.0,3350.0,3308.0,3311.0,3329.0,3341.0,3370.0,-59.0,-41.0,1524215,5074155.38,1334694,186325.0,160,0.6661359599745471,0.48336656712223397,12,RB2501.SHF,3260.0,3274.0,702734,-51.0,RB2412.SHF,3275.0,3276.0,10,36.0,RB2511.SHF,3390.0,3407.0,346,115.0,0.038145219920029116,0.03749077110529001,740405.0,860164.0,98463.0,102494.0,34.0,367173.0,437814.0,-0.07482276615378657,0.4959083204462423,0.5089889834961705,37959.0,0.0,16.0
2024-12-09,RB2505.SHF,3305.0,3347.0,3288.0,3330.0,3319.0,3311.0,3329.0,1.0,-10.0,1721667,5714426.979,1360587,25893.0,157,0.7511039699290895,0.5004757986409852,12,RB2501.SHF,3267.0,3264.0,618784,-63.0,RB2412.SHF,3260.0,3257.0,7,70.0,RB2511.SHF,3392.0,3393.0,343,132.0,0.043985539000876414,0.04311836527121943,780032.0,845885.0,39627.0,-14279.0,34.0,389081.0,419738.0,-0.04050206744870741,0.4988013312274368,0.4962116599774201,40118.0,2159.0,16.0
2024-12-10,RB2505.SHF,3390.0,3457.0,3385.0,3402.0,3418.0,3330.0,3319.0,83.0,99.0,3030547,10359674.82,1333488,-27099.0,156,0.7683699172820334,0.5219129072747917,12,RB2503.SHF,3357.0,3371.0,614234,-45.0,RB2412.SHF,3320.0,3320.0,6,82.0,RB2511.SHF,3470.0,3490.0,342,150.0,0.04908024956970728,0.048003812577634676,753194.0,795524.0,-21289.0,-30090.0,35.0,377080.0,353783.0,-0.02733228386316941,0.5006412690488772,0.44471694128649797,60829.0,20711.0,16.0
2024-12-11,RB2505.SHF,3402.0,3423.0,3395.0,3413.0,3408.0,3402.0,3418.0,-5.0,-10.0,1233061,4202962.82,1366184,32696.0,155,0.8023488854213978,0.5308519025524476,12,RB2503.SHF,3365.0,3363.0,617598,-48.0,RB2412.SHF,3320.0,3320.0,5,93.0,RB2511.SHF,3482.0,3477.0,341,162.0,0.053006669535283886,0.051754021792928595,773650.0,815441.0,21558.0,32378.0,36.0,385641.0,370648.0,-0.026298682706025017,0.4984695921928521,0.45453687023340744,66506.0,5677.0,16.0
2024-12-12,RB2505.SHF,3413.0,3436.0,3402.0,3428.0,3419.0,3413.0,3408.0,20.0,11.0,1334907,4564634.8,1434412,68228.0,154,0.8429252491065001,0.5488408397837408,12,RB2503.SHF,3374.0,3364.0,618859,-54.0,RB2412.SHF,3320.0,3311.0,4,108.0,RB2511.SHF,3494.0,3485.0,340,174.0,0.05693308950086048,0.05549132888680254,824530.0,839121.0,60768.0,29251.0,34.0,420462.0,372406.0,-0.00877046928712813,0.5099414211732745,0.44380488630364395,66506.0,0.0,16.0
2024-12-13,RB2505.SHF,3406.0,3411.0,3351.0,3360.0,3377.0,3428.0,3419.0,-59.0,-42.0,2022355,6830501.11,1446384,11972.0,153,0.8588439238115785,0.5580325123893924,12,RB2503.SHF,3317.0,3332.0,613566,-43.0,RB2412.SHF,3295.0,3295.0,3,65.0,RB2511.SHF,3426.0,3441.0,339,131.0,0.04318863357178987,0.04235220137149415,823608.0,898436.0,1746.0,68427.0,34.0,410727.0,445996.0,-0.043453012815003564,0.49869233907392835,0.49641376792559516,71296.0,4790.0,16.0
2024-12-16,RB2505.SHF,3360.0,3379.0,3340.0,3362.0,3355.0,3360.0,3377.0,-15.0,-22.0,1337573,4488865.79,1427400,-18984.0,150,0.8646752101611731,0.5563452552215344,12,RB2503.SHF,3318.0,3311.0,614175,-44.0,RB2501.SHF,3289.0,3284.0,30,73.0,RB2511.SHF,3420.0,3413.0,336,131.0,0.04750932500293126,0.046587578796313055,819413.0,880523.0,-4195.0,-12825.0,35.0,408862.0,436931.0,-0.0359484121755172,0.498969384181115,0.49621758886479966,71296.0,0.0,16.0
2024-12-17,RB2505.SHF,3369.0,3377.0,3352.0,3364.0,3364.0,3362.0,3355.0,9.0,9.0,1096666,3689841.4,1420263,-7137.0,149,0.8688225097524725,0.5589212299184716,12,RB2503.SHF,3318.0,3316.0,611285,-46.0,RB2501.SHF,3288.0,3290.0,29,76.0,RB2512.SHF,3412.0,3419.0,363,124.0,0.041213194049856385,0.040455061793284945,816528.0,868012.0,488.0,-12511.0,35.0,409146.0,433992.0,-0.03056264618234058,0.5010801834107342,0.49998387119072085,74626.0,3330.0,16.0
2024-12-18,RB2505.SHF,3360.0,3364.0,3305.0,3312.0,3337.0,3364.0,3364.0,-52.0,-27.0,1557154,5196330.294,1590081,169818.0,148,0.8612272574422144,0.5915407288526592,12,RB2503.SHF,3278.0,3299.0,605334,-34.0,RB2501.SHF,3247.0,3266.0,28,65.0,RB2512.SHF,3390.0,3390.0,362,143.0,0.04812825842002466,0.047098581793868916,886911.0,1017817.0,77341.0,156931.0,31.0,431365.0,530231.0,-0.06872687333834543,0.4863678542717364,0.5209492472615411,74626.0,0.0,16.0
2024-12-19,RB2505.SHF,3312.0,3323.0,3258.0,3287.0,3288.0,3312.0,3337.0,-50.0,-49.0,2101553,6910138.94,1696609,106528.0,147,0.8581522200734362,0.6112454735974412,12,RB2503.SHF,3248.0,3251.0,598509,-39.0,RB2501.SHF,3231.0,3226.0,27,56.0,RB2512.SHF,3337.0,3351.0,361,106.0,0.03585215826471484,0.03527660843805292,941486.0,1061055.0,54667.0,52321.0,33.0,457181.0,565962.0,-0.059708640172660636,0.485595112407407,0.5333955355754414,61715.0,-12911.0,16.0
2024-12-20,RB2505.SHF,3288.0,3293.0,3273.0,3279.0,3283.0,3287.0,3288.0,-9.0,-5.0,1000578,3285461.15,1691042,-5567.0,146,0.8670302046135756,0.6127432205867912,12,RB2503.SHF,3239.0,3243.0,592505,-40.0,RB2501.SHF,3214.0,3223.0,26,65.0,RB2512.SHF,3348.0,3338.0,360,134.0,0.0455622668788123,0.04463806328995931,936857.0,1058855.0,2050.0,-1526.0,36.0,459028.0,575276.0,-0.06113006285476061,0.48996591795759653,0.5433000741366854,61117.0,-598.0,16.0
2024-12-23,RB2505.SHF,3283.0,3308.0,3256.0,3290.0,3284.0,3279.0,3283.0,7.0,1.0,1582804,5198425.61,1678153,-12889.0,143,0.8633444969291021,0.6174931108696476,12,RB2503.SHF,3248.0,3239.0,588330,-42.0,RB2501.SHF,3230.0,3220.0,23,60.0,RB2512.SHF,3348.0,3337.0,357,118.0,0.03992324947627966,0.039211289276413964,929133.0,1038100.0,-5730.0,-20755.0,35.0,464317.0,555354.0,-0.055390998422657614,0.4997314700909342,0.5349715826991619,57828.0,-3289.0,16.0
2024-12-24,RB2505.SHF,3290.0,3316.0,3275.0,3314.0,3293.0,3290.0,3284.0,30.0,9.0,1306122,4301410.42,1664902,-13251.0,142,0.8642734395730121,0.624948199442656,12,RB2503.SHF,3269.0,3248.0,579721,-45.0,RB2501.SHF,3250.0,3232.0,22,64.0,RB2512.SHF,3362.0,3351.0,356,112.0,0.037660064486411876,0.03702568594414343,930638.0,1006600.0,1505.0,-31184.0,34.0,466410.0,513272.0,-0.03921149595454972,0.5011723140469226,0.5099066163322075,63024.0,5196.0,16.0
2024-12-25,RB2505.SHF,3308.0,3315.0,3293.0,3300.0,3304.0,3314.0,3293.0,7.0,11.0,1008991,3334179.14,1660415,-4487.0,141,0.8219892643497062,0.6303006997625955,12,RB2503.SHF,3257.0,3260.0,562119,-43.0,RB2501.SHF,3249.0,3245.0,21,51.0,RB2512.SHF,3363.0,3363.0,355,114.0,0.03834436390377153,0.03768698882028992,921291.0,1034368.0,-9347.0,27768.0,36.0,460382.0,543577.0,-0.05782040734095259,0.4997139883055408,0.525516063915357,63921.0,897.0,16.0
2024-12-26,RB2505.SHF,3299.0,3329.0,3289.0,3305.0,3310.0,3300.0,3304.0,1.0,6.0,1424785,4716260.18,1578827,-81588.0,140,0.7993215120620389,0.657899682431737,12,RB2503.SHF,3261.0,3262.0,458583,-44.0,RB2501.SHF,3261.0,3265.0,20,44.0,RB2512.SHF,3361.0,3361.0,354,100.0,0.03351163358655272,0.03300807771425771,881820.0,972068.0,-35547.0,-22074.0,36.0,447920.0,514581.0,-0.04868039493216419,0.5079494681454265,0.529367287062222,64505.0,584.0,16.0
2024-12-27,RB2505.SHF,3307.0,3310.0,3261.0,3268.0,3284.0,3305.0,3310.0,-42.0,-26.0,1467866,4821317.23,1679845,101018.0,139,0.8352201472579746,0.6882582550469759,12,RB2503.SHF,3232.0,3249.0,418758,-36.0,RB2501.SHF,3269.0,3267.0,19,-1.0,RB2512.SHF,3318.0,3332.0,353,49.0,0.01638051520086154,0.016258962184297492,925778.0,1076756.0,50009.0,114120.0,33.0,452265.0,595166.0,-0.07539347646531844,0.4885242466336422,0.5527398965039433,64205.0,-300.0,16.0
2024-12-30,RB2505.SHF,3265.0,3320.0,3262.0,3317.0,3296.0,3268.0,3284.0,33.0,12.0,1632026,5379890.34,1607825,-72020.0,136,0.8345922759510851,0.7043442796025454,12,RB2503.SHF,3288.0,3252.0,361948,-29.0,RB2501.SHF,3298.0,3287.0,16,19.0,RB2512.SHF,3348.0,3341.0,350,50.0,0.016567834615789586,0.01644349969696081,928261.0,970016.0,6656.0,-80064.0,35.0,494465.0,504453.0,-0.021996262926854193,0.5326788478671408,0.5200460610958995,64826.0,621.0,16.0
2024-12-31,RB2505.SHF,3326.0,3327.0,3302.0,3309.0,3312.0,3317.0,3296.0,13.0,16.0,1115370,3694817.888,1561545,-46280.0,135,0.8244923846611019,0.7162403214021485,12,RB2503.SHF,3280.0,3284.0,341954,-29.0,RB2501.SHF,3310.0,3298.0,15,-1.0,RB2512.SHF,3345.0,3352.0,349,35.0,0.011555438971000684,0.011494772544297652,894810.0,959550.0,-32185.0,-6308.0,36.0,463958.0,505757.0,-0.03491231476088785,0.518498899207653,0.5270772758063675,83964.0,19138.0,16.0
2025-01-02,RB2505.SHF,3305.0,3335.0,3284.0,3306.0,3311.0,3309.0,3312.0,-6.0,-1.0,1373928,4549774.76,1551112,-10433.0,133,0.8864274649491181,0.7205144594162721,12,RB2503.SHF,3282.0,3286.0,306276,-24.0,RB2501.SHF,3283.0,3296.0,13,23.0,RB2512.SHF,3352.0,3355.0,347,69.0,0.022968075423931377,0.02273004070850026,896873.0,959935.0,2882.0,5087.0,36.0,456953.0,510957.0,-0.03396258525383346,0.5094957703041568,0.5322829149890357,75138.0,-8826.0,16.0
2025-01-03,RB2505.SHF,3305.0,3309.0,3260.0,3272.0,3280.0,3306.0,3311.0,-39.0,-31.0,1560003,5118136.77,1675464,124352.0,132,0.8757788662615261,0.7383491031873305,12,RB2503.SHF,3260.0,3272.0,267101,-12.0,RB2501.SHF,3254.0,3262.0,12,18.0,RB2512.SHF,3320.0,3325.0,346,66.0,0.0221652576837721,0.021943465742563468,966556.0,1082601.0,69683.0,126769.0,37.0,475704.0,607541.0,-0.05663060468280371,0.4921639304913528,0.5611864389558111,81221.0,6083.0,16.0
2025-01-06,RB2505.SHF,3264.0,3287.0,3251.0,3252.0,3266.0,3272.0,3280.0,-28.0,-14.0,1614675,5274229.64,1746201,70737.0,129,0.8800191626635449,0.7550222005455769,12,RB2503.SHF,3255.0,3265.0,243136,3.0,RB2501.SHF,3250.0,3255.0,9,2.0,RB2512.SHF,3298.0,3306.0,343,48.0,0.016140027637033733,0.016022000435487474,999347.0,1134296.0,36669.0,55071.0,35.0,495599.0,637497.0,-0.06324816288385639,0.49592283761296124,0.5620199665695726,81221.0,0.0,16.0
2025-01-07,RB2505.SHF,3269.0,3278.0,3232.0,3239.0,3248.0,3252.0,3266.0,-27.0,-18.0,1312041,4262702.32,1772105,25904.0,128,0.8847250121881897,0.7554328689316374,12,RB2503.SHF,3225.0,3243.0,225833,-14.0,RB2501.SHF,3230.0,3237.0,8,9.0,RB2512.SHF,3281.0,3288.0,342,51.0,0.017254963756697186,0.01712015752007725,1020579.0,1128420.0,22422.0,-642.0,32.0,505237.0,626310.0,-0.05018196844205139,0.49504937883299577,0.5550327005902058,81526.0,305.0,16.0
2025-01-08,RB2505.SHF,3239.0,3250.0,3204.0,3211.0,3226.0,3239.0,3248.0,-37.0,-22.0,1273140,4107699.92,1842567,70462.0,127,0.8744159468237741,0.7617696889115999,12,RB2503.SHF,3199.0,3224.0,198956,-12.0,RB2501.SHF,3129.0,3194.0,7,82.0,RB2512.SHF,3260.0,3269.0,341,131.0,0.045752215607136604,0.044820394318960996,1037965.0,1168609.0,18053.0,46066.0,32.0,491802.0,682608.0,-0.05920671593157537,0.4738136642372334,0.5841200949162637,88444.0,6918.0,16.0
2025-01-09,RB2505.SHF,3207.0,3218.0,3184.0,3205.0,3201.0,3211.0,3226.0,-21.0,-25.0,1503533,4814157.12,1842442,-125.0,126,0.89912875827273,0.7582162570798229,12,RB2503.SHF,3194.0,3186.0,185752,-11.0,RB2501.SHF,3150.0,3139.0,6,55.0,RB2512.SHF,3260.0,3257.0,340,110.0,0.038161771694705936,0.03751057193859957,1035291.0,1153563.0,-2075.0,-10764.0,32.0,501158.0,658708.0,-0.0540337546496934,0.4840745259062428,0.5710203950716173,94235.0,5791.0,16.0
2025-01-10,RB2505.SHF,3206.0,3216.0,3189.0,3202.0,3203.0,3205.0,3201.0,1.0,2.0,1107492,3548241.04,1839478,-2964.0,125,0.8736306775557727,0.7605177618887361,12,RB2503.SHF,3182.0,3183.0,171164,-20.0,RB2501.SHF,3134.0,3128.0,5,68.0,RB2512.SHF,3272.0,3264.0,339,138.0,0.04812009675607297,0.04709076438453618,1030945.0,1174082.0,-4346.0,22247.0,35.0,498833.0,662248.0,-0.06491394436440007,0.4838599537317704,0.5640560029026933,97527.0,3292.0,16.0
2025-01-13,RB2505.SHF,3213.0,3255.0,3208.0,3249.0,3235.0,3202.0,3203.0,46.0,32.0,1647938,5331653.12,1762313,-77165.0,122,0.8981200354247565,0.7539694016377312,12,RB2507.SHF,3257.0,3234.0,171227,8.0,RB2501.SHF,3199.0,3179.0,2,50.0,RB2512.SHF,3288.0,3286.0,336,89.0,0.03040340076333727,0.029988155457160628,1013841.0,1110233.0,-17104.0,-28115.0,35.0,498148.0,623742.0,-0.04538071649104504,0.49134726253919503,0.5618117998654336,97527.0,0.0,16.0
2025-01-14,RB2505.SHF,3249.0,3293.0,3240.0,3283.0,3268.0,3249.0,3235.0,48.0,33.0,1311180,4285688.24,1742948,-19365.0,121,0.88452555867222,0.7498243689435249,12,RB2507.SHF,3303.0,3282.0,182928,20.0,RB2501.SHF,3220.0,3200.0,1,63.0,RB2512.SHF,3339.0,3321.0,335,119.0,0.0403866180682113,0.039658235068557354,1002618.0,1097608.0,824.0,-12625.0,35.0,509174.0,597409.0,-0.0452284658889091,0.5078444631953546,0.5442826582896626,97227.0,-300.0,16.0
2025-01-15,RB2505.SHF,3285.0,3303.0,3270.0,3290.0,3287.0,3283.0,3268.0,22.0,19.0,1168495,3841238.72,1717577,-25371.0,120,0.9126813654427753,0.7439481932073536,12,RB2507.SHF,3311.0,3305.0,192647,21.0,RB2502.SHF,3210.0,3211.0,33,80.0,RB2512.SHF,3345.0,3337.0,334,135.0,0.050998230198404146,0.04995498704308165,993280.0,1071493.0,-6302.0,-18485.0,34.0,517306.0,570977.0,-0.03787970881060533,0.5208058150773196,0.532879822826654,98721.0,1494.0,16.0
2025-01-16,RB2505.SHF,3290.0,3332.0,3284.0,3327.0,3308.0,3290.0,3287.0,40.0,21.0,1462774,4839783.79,1755226,37649.0,119,0.9126167072718028,0.7488868409151029,12,RB2507.SHF,3347.0,3327.0,200226,20.0,RB2502.SHF,3257.0,3241.0,32,70.0,RB2601.SHF,3369.0,3348.0,364,112.0,0.03780550510300337,0.03717001481194753,1038285.0,1076858.0,49580.0,12243.0,32.0,566458.0,550162.0,-0.018236592041294606,0.5455708211136634,0.5108955869761844,89455.0,-9266.0,16.0
2025-01-17,RB2505.SHF,3330.0,3378.0,3316.0,3372.0,3346.0,3327.0,3308.0,64.0,38.0,1588746,5317256.15,1809583,54357.0,118,0.9044571990704633,0.7521288905662133,12,RB2507.SHF,3394.0,3365.0,205362,22.0,RB2502.SHF,3284.0,3276.0,31,88.0,RB2601.SHF,3407.0,3388.0,363,123.0,0.041177193548860534,0.040424791226977216,1115033.0,1078792.0,78944.0,8869.0,31.0,611464.0,530785.0,0.01651954918920151,0.5483819761388228,0.49201792375175196,89455.0,0.0,16.0
2025-01-20,RB2505.SHF,3371.0,3391.0,3340.0,3354.0,3363.0,3372.0,3346.0,8.0,17.0,1687191,5674386.46,1761893,-47690.0,115,0.8991302818590226,0.7471356294660709,12,RB2507.SHF,3369.0,3380.0,209578,15.0,RB2502.SHF,3233.0,3260.0,28,121.0,RB2601.SHF,3413.0,3406.0,360,180.0,0.06120988749305909,0.05956664903965354,1074671.0,1050140.0,-36211.0,-28652.0,32.0,596997.0,522193.0,0.01154502682826849,0.555516060264025,0.4972603652846287,69127.0,-20328.0,16.0
2025-01-21,RB2505.SHF,3356.0,3385.0,3344.0,3354.0,3363.0,3354.0,3363.0,-9.0,0.0,1411296,4747513.42,1749180,-12713.0,114,0.9099171123960037,0.7485995695460461,12,RB2507.SHF,3367.0,3378.0,207232,13.0,RB2502.SHF,3241.0,3244.0,27,113.0,RB2601.SHF,3419.0,3427.0,359,178.0,0.06038036750519505,0.05878059660144625,1057140.0,1048186.0,-14500.0,-1954.0,33.0,579621.0,516198.0,0.00425302304726204,0.5482916170043702,0.4924679398503701,69127.0,0.0,16.0
2025-01-22,RB2505.SHF,3350.0,3354.0,3320.0,3337.0,3333.0,3354.0,3363.0,-26.0,-30.0,1227104,4090198.91,1693073,-56107.0,113,0.8909787156181793,0.7465927426200527,12,RB2507.SHF,3351.0,3344.0,200873,14.0,RB2502.SHF,3219.0,3216.0,26,118.0,RB2601.SHF,3410.0,3399.0,358,191.0,0.06523297289811619,0.0633709690579678,1016562.0,1010113.0,-24848.0,-34174.0,31.0,562271.0,484674.0,0.003182059284295706,0.5531103857905372,0.47982156451802915,69127.0,0.0,16.0
2025-01-23,RB2505.SHF,3346.0,3375.0,3337.0,3352.0,3356.0,3337.0,3333.0,19.0,23.0,1336839,4487157.79,1704493,11420.0,112,0.8910068123241682,0.7534143579398133,12,RB2507.SHF,3366.0,3369.0,193689,14.0,RB2502.SHF,3214.0,3226.0,25,138.0,RB2601.SHF,3419.0,3423.0,357,205.0,0.07012336839579855,0.06797777957762907,1026066.0,1025217.0,16380.0,17341.0,33.0,561497.0,506840.0,0.0004138873085771198,0.5472328290772719,0.4943733863172382,69127.0,0.0,16.0
2025-01-24,RB2505.SHF,3342.0,3383.0,3329.0,3377.0,3353.0,3352.0,3356.0,21.0,-3.0,1312473,4401131.92,1683783,-20710.0,111,0.8925461175315305,0.7580786981697063,12,RB2507.SHF,3393.0,3364.0,180176,16.0,RB2502.SHF,3250.0,3218.0,24,127.0,RB2601.SHF,3430.0,3418.0,356,180.0,0.060889712696941586,0.05926331826871651,1033280.0,1017938.0,17627.0,-7279.0,33.0,581115.0,507863.0,0.007479458546093102,0.5623983818519666,0.49891348981961575,70025.0,898.0,16.0
2025-01-27,RB2505.SHF,3371.0,3388.0,3353.0,3382.0,3371.0,3377.0,3353.0,29.0,18.0,839664,2831093.32,1627909,-55874.0,108,0.8664485231976077,0.7575524476175319,12,RB2507.SHF,3405.0,3396.0,171797,23.0,RB2502.SHF,3300.0,3239.0,21,82.0,RB2601.SHF,3450.0,3436.0,353,150.0,0.049972617743702034,0.04887016065769378,1007297.0,1001582.0,-25688.0,-16356.0,32.0,562433.0,499480.0,0.002844870198752638,0.5583586568807413,0.4986910707261113,70025.0,0.0,16.0
2025-02-05,RB2505.SHF,3395.0,3398.0,3307.0,3320.0,3337.0,3382.0,3371.0,-51.0,-34.0,1169030,3901619.44,1711847,83938.0,99,0.9069151865994113,0.7647807536801662,12,RB2507.SHF,3343.0,3359.0,176137,23.0,RB2502.SHF,3190.0,3228.0,12,130.0,RB2601.SHF,3382.0,3400.0,344,192.0,0.06617063866752271,0.06425575841285208,1061109.0,1080534.0,66498.0,78952.0,31.0,572199.0,567241.0,-0.0090701391408372,0.5392462037359027,0.5249635828210866,70025.0,0.0,16.0
2025-02-06,RB2505.SHF,3320.0,3362.0,3317.0,3357.0,3340.0,3320.0,3337.0,20.0,3.0,1198192,4002310.16,1773454,61607.0,98,0.9013889547143439,0.7635039519404094,12,RB2507.SHF,3383.0,3365.0,187498,26.0,RB2502.SHF,3231.0,3224.0,11,126.0,RB2601.SHF,3416.0,3397.0,343,185.0,0.06294910375019117,0.06121290667363322,1116187.0,1074128.0,55078.0,-6406.0,32.0,609582.0,535608.0,0.01920226086202213,0.546128919258153,0.49864448184946303,70025.0,0.0,16.0
2025-02-07,RB2505.SHF,3355.0,3377.0,3345.0,3352.0,3361.0,3357.0,3340.0,12.0,21.0,1254092,4215580.28,1828012,54558.0,97,0.9066363223629229,0.7619681992908907,12,RB2507.SHF,3378.0,3387.0,193278,26.0,RB2502.SHF,3225.0,3225.0,10,127.0,RB2601.SHF,3403.0,3413.0,342,178.0,0.060679929018399255,0.05906452567447897,1135622.0,1120878.0,21549.0,46750.0,30.0,615879.0,553441.0,0.006534012851761578,0.5423274645964943,0.49375668003118983,84730.0,14705.0,16.0
2025-02-10,RB2505.SHF,3355.0,3374.0,3312.0,3331.0,3340.0,3352.0,3361.0,-30.0,-21.0,1851664,6184679.44,1856963,28951.0,94,0.890784528132876,0.7566571468037832,12,RB2507.SHF,3357.0,3371.0,204425,26.0,RB2502.SHF,3205.0,3209.0,7,126.0,RB2601.SHF,3385.0,3391.0,339,180.0,0.0617446384602373,0.06007308083414409,1140892.0,1170220.0,31592.0,51097.0,31.0,606759.0,601840.0,-0.012689995119232647,0.5318286042850682,0.5142964570764471,87128.0,2398.0,16.0
2025-02-11,RB2505.SHF,3339.0,3339.0,3269.0,3275.0,3302.0,3331.0,3340.0,-65.0,-38.0,1803197,5955512.25,1947395,90432.0,93,0.907822988319412,0.7606004517370551,12,RB2507.SHF,3294.0,3329.0,209061,19.0,RB2502.SHF,3150.0,3150.0,6,125.0,RB2601.SHF,3346.0,3378.0,338,196.0,0.06840696117804547,0.06636310135659046,1166308.0,1213697.0,45060.0,43477.0,30.0,607947.0,638336.0,-0.019911302707347252,0.5212576780747452,0.5259434603529547,106885.0,19757.0,16.0
2025-02-12,RB2505.SHF,3275.0,3297.0,3261.0,3292.0,3280.0,3275.0,3302.0,-10.0,-22.0,1274350,4180892.99,1895628,-51767.0,92,0.901926506808595,0.7544929198675557,12,RB2507.SHF,3318.0,3304.0,209892,26.0,RB2502.SHF,3165.0,3157.0,5,127.0,RB2601.SHF,3361.0,3348.0,337,196.0,0.06808275757056667,0.06605784638130312,1136035.0,1158733.0,-28983.0,-50615.0,34.0,590447.0,594097.0,-0.00989119597275193,0.5197436698693262,0.5127125921156988,105089.0,-1796.0,16.0
2025-02-13,RB2505.SHF,3292.0,3299.0,3255.0,3265.0,3277.0,3292.0,3280.0,-15.0,-3.0,1297857,4254001.83,1889839,-5789.0,91,0.9128793473811262,0.7510176361116863,12,RB2507.SHF,3282.0,3301.0,213732,17.0,RB2502.SHF,3150.0,3152.0,4,115.0,RB2601.SHF,3330.0,3349.0,336,180.0,0.0628227194492255,0.061093360456343185,1117588.0,1164460.0,-15125.0,6495.0,32.0,566056.0,598656.0,-0.02053944527021342,0.5064979223112632,0.5141061092695327,113176.0,8087.0,16.0
2025-02-14,RB2505.SHF,3260.0,3288.0,3252.0,3262.0,3268.0,3265.0,3277.0,-15.0,-9.0,1124905,3677089.88,1885541,-4298.0,90,0.8984534114561286,0.7470675610943757,12,RB2507.SHF,3283.0,3290.0,217150,21.0,RB2502.SHF,3160.0,3163.0,3,102.0,RB2601.SHF,3330.0,3334.0,335,170.0,0.05914480707640696,0.05760873760132258,1126362.0,1160427.0,8774.0,-4033.0,32.0,570301.0,587650.0,-0.014896433383228623,0.5063212359791968,0.5064084169017095,117089.0,3913.0,16.0
2025-02-17,RB2505.SHF,3259.0,3301.0,3247.0,3290.0,3269.0,3262.0,3268.0,22.0,1.0,1400224,4578450.51,1902224,16683.0,87,0.890283726182362,0.7440010732379283,12,RB2507.SHF,3311.0,3289.0,223744,21.0,RB2503.SHF,3229.0,3210.0,28,61.0,RB2601.SHF,3365.0,3342.0,332,136.0,0.05056967286596791,0.049533707342111245,1146432.0,1151406.0,24305.0,-7872.0,33.0,589602.0,585923.0,-0.0021646434605050485,0.5142930413666053,0.5088761045191704,117982.0,893.0,16.0
2025-02-18,RB2505.SHF,3289.0,3320.0,3276.0,3313.0,3299.0,3290.0,3269.0,44.0,30.0,1316289,4342586.13,1880432,-21792.0,86,0.9034284996564843,0.7379958987843526,12,RB2507.SHF,3334.0,3316.0,226486,21.0,RB2503.SHF,3243.0,3230.0,27,70.0,RB2602.SHF,3363.0,3355.0,371,120.0,0.03926166555514913,0.03855270634600966,1138438.0,1140024.0,-7953.0,-8835.0,30.0,586762.0,575599.0,-0.0006960835862085916,0.5154097104980684,0.5049007740187926,120388.0,2406.0,16.0
2025-02-19,RB2505.SHF,3318.0,3329.0,3308.0,3315.0,3317.0,3313.0,3299.0,16.0,18.0,911004,3022557.34,1860033,-20399.0,85,0.8981310871281917,0.7332135509651245,12,RB2507.SHF,3334.0,3338.0,225491,19.0,RB2503.SHF,3251.0,3247.0,26,64.0,RB2602.SHF,3395.0,3392.0,370,144.0,0.046998061419384264,0.045986943855945456,1134260.0,1148168.0,4005.0,9307.0,33.0,584655.0,579331.0,-0.006093510945361694,0.5154506021547088,0.5045698887270852,116206.0,-4182.0,16.0
2025-02-20,RB2505.SHF,3311.0,3364.0,3305.0,3358.0,3331.0,3315.0,3317.0,41.0,14.0,1572547,5238624.16,1924251,64218.0,84,0.9064972436966457,0.7345405864717105,12,RB2510.SHF,3404.0,3384.0,234823,46.0,RB2503.SHF,3309.0,3275.0,25,49.0,RB2602.SHF,3435.0,3408.0,369,126.0,0.04040249636298463,0.039652259616906084,1182519.0,1183252.0,62706.0,40742.0,34.0,648419.0,601159.0,-0.00030983556734781175,0.5483370668885659,0.50805661008813,61726.0,-54480.0,16.0
2025-02-21,RB2505.SHF,3358.0,3377.0,3356.0,3361.0,3366.0,3358.0,3331.0,30.0,35.0,1237733,4166880.57,1937279,13028.0,83,0.906060495146626,0.7338964745084416,12,RB2510.SHF,3407.0,3413.0,241351,46.0,RB2503.SHF,3300.0,3303.0,24,61.0,RB2602.SHF,3430.0,3439.0,368,130.0,0.041798801973220494,0.04099649516708163,1188616.0,1191193.0,22147.0,21960.0,33.0,638820.0,600246.0,-0.001082860011034499,0.5374485956776621,0.5039032297872805,65917.0,4191.0,16.0
2025-02-24,RB2505.SHF,3340.0,3355.0,3321.0,3340.0,3338.0,3361.0,3366.0,-26.0,-28.0,1370969,4576634.24,1892131,-45148.0,80,0.8853008961049108,0.7261981247577268,12,RB2510.SHF,3388.0,3383.0,249377,48.0,RB2503.SHF,3299.0,3294.0,21,41.0,RB2602.SHF,3406.0,3411.0,365,107.0,0.034414057818789354,0.03386774519717745,1146454.0,1184358.0,-42156.0,4225.0,31.0,613987.0,609559.0,-0.016262143836568543,0.5355531054887506,0.5146746169654783,77885.0,11968.0,16.0
2025-02-25,RB2505.SHF,3338.0,3343.0,3268.0,3273.0,3298.0,3340.0,3338.0,-65.0,-40.0,1783574,5883022.19,1927913,35782.0,79,0.9064147207636843,0.7297028975962623,12,RB2510.SHF,3325.0,3346.0,257771,52.0,RB2503.SHF,3226.0,3254.0,20,47.0,RB2602.SHF,3357.0,3373.0,364,131.0,0.04308651364639063,0.042234678714045085,1156677.0,1212123.0,17968.0,40906.0,33.0,588420.0,646643.0,-0.02340678824721378,0.508715916370776,0.53347968811746,85984.0,8099.0,16.0
2025-02-26,RB2505.SHF,3273.0,3346.0,3269.0,3339.0,3313.0,3273.0,3298.0,41.0,15.0,2666374,8834431.49,1936010,8097.0,78,0.9054264313476736,0.7228041670042349,12,RB2510.SHF,3384.0,3369.0,286577,45.0,RB2503.SHF,3259.0,3242.0,19,80.0,RB2602.SHF,3400.0,3385.0,363,141.0,0.04590597058592669,0.04494065870593696,1209562.0,1193668.0,65622.0,-5849.0,31.0,648215.0,634319.0,0.0066135991977463665,0.5359088661846189,0.5314032042410453,85683.0,-301.0,16.0
2025-02-27,RB2505.SHF,3340.0,3352.0,3295.0,3329.0,3325.0,3339.0,3313.0,16.0,12.0,2344249,7796736.2,1908752,-27258.0,77,0.8915223104100035,0.7087306614664054,12,RB2510.SHF,3390.0,3383.0,319700,61.0,RB2503.SHF,3275.0,3260.0,18,54.0,RB2602.SHF,3408.0,3405.0,362,133.0,0.04308982780046164,0.042237863535310324,1187348.0,1206580.0,-18463.0,15121.0,31.0,630009.0,642828.0,-0.00803365848931129,0.5306018117687485,0.5327686518921249,85683.0,0.0,16.0
2025-02-28,RB2505.SHF,3332.0,3337.0,3301.0,3328.0,3318.0,3329.0,3325.0,3.0,-7.0,1588693,5271747.0,1891741,-17011.0,76,0.8716127952685706,0.6999762079110361,12,RB2510.SHF,3390.0,3383.0,341277,62.0,RB2503.SHF,3148.0,3261.0,17,180.0,RB2602.SHF,3405.0,3402.0,361,257.0,0.08662292042197345,0.08326839331949544,1165257.0,1203730.0,-18134.0,898.0,32.0,626725.0,645171.0,-0.016240274851656,0.5378427248237942,0.5359765063593995,84183.0,-1500.0,16.0
2025-03-03,RB2505.SHF,3320.0,3340.0,3292.0,3296.0,3319.0,3328.0,3318.0,-22.0,1.0,2038460,6766919.02,1904595,12854.0,73,0.8905507586758865,0.6981929636510537,12,RB2510.SHF,3362.0,3386.0,349758,66.0,RB2503.SHF,3243.0,3259.0,14,53.0,RB2602.SHF,3395.0,3402.0,358,152.0,0.04973144303652232,0.04860116510232461,1133930.0,1196945.0,-23787.0,-6785.0,30.0,583976.0,635662.0,-0.027034911782056095,0.5150018078717381,0.5310703499325365,86585.0,2402.0,16.0
2025-03-04,RB2505.SHF,3298.0,3309.0,3260.0,3282.0,3282.0,3296.0,3319.0,-37.0,-37.0,1805693,5926605.71,1966385,61790.0,72,0.8665834489934213,0.7019466817737711,12,RB2510.SHF,3351.0,3350.0,360762,69.0,RB2503.SHF,3248.0,3241.0,13,34.0,RB2602.SHF,3368.0,3376.0,357,120.0,0.0392012257990605,0.038494421626269676,1160571.0,1215667.0,36595.0,18722.0,30.0,603294.0,644169.0,-0.023186229662180303,0.5198251550314458,0.5298893529231278,86585.0,0.0,16.0
2025-03-05,RB2505.SHF,3279.0,3288.0,3252.0,3259.0,3268.0,3282.0,3282.0,-23.0,-14.0,1789010,5847403.15,2047118,80733.0,71,0.8491933183241983,0.7044915890893035,12,RB2510.SHF,3326.0,3333.0,367160,67.0,RB2503.SHF,3224.0,3227.0,12,35.0,RB2602.SHF,3344.0,3356.0,356,120.0,0.039493046338507726,0.03877580744475806,1191780.0,1269858.0,31209.0,59057.0,30.0,607183.0,685726.0,-0.03171790490722031,0.5094757421671785,0.5400021104721945,90518.0,3933.0,16.0
2025-03-06,RB2505.SHF,3260.0,3299.0,3254.0,3282.0,3274.0,3259.0,3268.0,14.0,6.0,1991285,6520920.69,2039890,-7228.0,70,0.8583125,0.6928512911504533,12,RB2510.SHF,3346.0,3342.0,407196,64.0,RB2503.SHF,3219.0,3229.0,11,63.0,RB2602.SHF,3365.0,3357.0,355,146.0,0.048124507827795614,0.04706506376368392,1184886.0,1258765.0,4172.0,-5676.0,31.0,604126.0,666795.0,-0.030233040642874125,0.5098600202888717,0.529721592195525,97454.0,6936.0,16.0
2025-03-07,RB2505.SHF,3278.0,3285.0,3245.0,3252.0,3264.0,3282.0,3274.0,-22.0,-10.0,1987064,6485841.66,2118487,78597.0,69,0.8743682815630403,0.6996791067303697,12,RB2510.SHF,3312.0,3326.0,405686,60.0,RB2503.SHF,3211.0,3220.0,10,41.0,RB2602.SHF,3337.0,3344.0,354,126.0,0.04163558407509065,0.0408394517487759,1215014.0,1336767.0,33711.0,83694.0,33.0,615824.0,725725.0,-0.0477129502884456,0.5068451886151106,0.5428956579568466,99576.0,2122.0,16.0
2025-03-10,RB2505.SHF,3240.0,3266.0,3215.0,3220.0,3236.0,3252.0,3264.0,-44.0,-28.0,2009350,6503899.18,2216822,98335.0,66,0.8580039446788469,0.7041142376533485,12,RB2510.SHF,3289.0,3302.0,413502,69.0,RB2503.SHF,3196.0,3190.0,7,24.0,RB2602.SHF,3318.0,3325.0,351,122.0,0.040503027039613476,0.03974909828616846,1243206.0,1394922.0,43427.0,60725.0,33.0,613429.0,765309.0,-0.05750896089954695,0.49342506390734925,0.5486392787553712,106876.0,7300.0,16.0
2025-03-11,RB2505.SHF,3220.0,3225.0,3186.0,3209.0,3207.0,3220.0,3236.0,-27.0,-29.0,1646378,5279962.94,2206072,-10750.0,65,0.8638363893842828,0.7007055741437282,12,RB2510.SHF,3280.0,3278.0,425758,71.0,RB2503.SHF,3185.0,3174.0,6,24.0,RB2602.SHF,3308.0,3302.0,350,123.0,0.0409760505275456,0.040204631308491764,1258954.0,1365098.0,17168.0,-25328.0,32.0,618639.0,732042.0,-0.04045041790330375,0.4913912660827957,0.5362560050633728,106876.0,0.0,16.0
2025-03-12,RB2505.SHF,3218.0,3230.0,3202.0,3226.0,3217.0,3209.0,3207.0,19.0,10.0,1584434,5097510.62,2200520,-5552.0,64,0.8693481784353166,0.6960510021556666,12,RB2510.SHF,3294.0,3286.0,442820,68.0,RB2503.SHF,3180.0,3191.0,5,46.0,RB2602.SHF,3321.0,3314.0,349,141.0,0.047046401930671285,0.04603323297942225,1270054.0,1358016.0,11603.0,-211.0,33.0,620952.0,730142.0,-0.033470189150212895,0.48891779404655233,0.5376534591639568,111142.0,4266.0,16.0
2025-03-13,RB2505.SHF,3230.0,3258.0,3228.0,3256.0,3242.0,3226.0,3217.0,39.0,25.0,1928609,6253630.78,2056013,-144507.0,63,0.8656160472599201,0.6732168461627374,12,RB2510.SHF,3328.0,3313.0,477194,72.0,RB2503.SHF,3200.0,3200.0,4,56.0,RB2602.SHF,3343.0,3336.0,348,143.0,0.047415515988372084,0.0463866166737862,1202185.0,1301547.0,-60764.0,-32694.0,32.0,606224.0,690940.0,-0.03968555739991341,0.504268477813315,0.5308605835978263,120527.0,9385.0,16.0
2025-03-14,RB2505.SHF,3258.0,3274.0,3241.0,3267.0,3257.0,3256.0,3242.0,25.0,15.0,1274506,4152144.59,1963117,-92896.0,62,0.8408961951688119,0.6583103458220407,12,RB2510.SHF,3343.0,3332.0,498447,76.0,RB2503.SHF,3210.0,3199.0,3,57.0,RB2602.SHF,3370.0,3365.0,347,160.0,0.05288705353908571,0.051611219872547215,1140564.0,1256938.0,-61621.0,-44609.0,31.0,560732.0,670256.0,-0.04853968839233502,0.49162694947411983,0.5332450765272432,135657.0,15130.0,16.0
2025-03-17,RB2505.SHF,3268.0,3272.0,3210.0,3217.0,3234.0,3267.0,3257.0,-40.0,-23.0,1608112,5201439.54,2048429,85312.0,59,0.8382092552080809,0.6633934666837662,12,RB2510.SHF,3296.0,3310.0,514510,79.0,RB2504.SHF,3186.0,3196.0,29,31.0,RB2602.SHF,3321.0,3332.0,344,135.0,0.04909873553941363,0.04808698978084059,1155999.0,1321738.0,22652.0,80342.0,29.0,545320.0,718507.0,-0.06689128022869255,0.47173051187760545,0.54360773466451,148368.0,12711.0,16.0
2025-03-18,RB2505.SHF,3215.0,3217.0,3186.0,3191.0,3200.0,3217.0,3234.0,-43.0,-34.0,1498790,4797236.03,2164560,116131.0,58,0.8407840189385227,0.6666913069189828,12,RB2510.SHF,3270.0,3279.0,558824,79.0,RB2504.SHF,3162.0,3170.0,28,29.0,RB2603.SHF,3318.0,3318.0,363,156.0,0.053754000396499454,0.052470060710611784,1203830.0,1388681.0,47831.0,71499.0,30.0,557121.0,763361.0,-0.07130191540170899,0.4627904272197902,0.5497021994252099,148368.0,0.0,16.0
2025-03-19,RB2505.SHF,3195.0,3197.0,3155.0,3162.0,3169.0,3191.0,3200.0,-38.0,-31.0,1579305,5005146.46,2173949,9389.0,57,0.830987041947007,0.6611107529419207,12,RB2510.SHF,3250.0,3255.0,590150,88.0,RB2504.SHF,3134.0,3138.0,27,28.0,RB2603.SHF,3300.0,3299.0,362,166.0,0.05771080779891232,0.056234323751017945,1194173.0,1389081.0,-9050.0,7095.0,29.0,555350.0,777479.0,-0.0754505751273394,0.4650498713335505,0.559707461263958,148368.0,0.0,16.0
2025-03-20,RB2505.SHF,3162.0,3176.0,3134.0,3176.0,3157.0,3162.0,3169.0,7.0,-12.0,1727171,5453927.72,2137880,-36069.0,56,0.840791638675507,0.6484437084084029,12,RB2510.SHF,3260.0,3247.0,629919,84.0,RB2504.SHF,3141.0,3130.0,26,35.0,RB2603.SHF,3296.0,3289.0,361,155.0,0.053766506531335766,0.05248197878839189,1174533.0,1374336.0,-18249.0,-12553.0,30.0,543411.0,772461.0,-0.07838888542329951,0.46266133007757126,0.562061242665549,128354.0,-20014.0,16.0
2025-03-21,RB2505.SHF,3172.0,3178.0,3151.0,3156.0,3165.0,3176.0,3157.0,-1.0,8.0,1355881,4291371.86,2077123,-60757.0,55,0.8281210873035941,0.6355082112466972,12,RB2510.SHF,3242.0,3247.0,661085,86.0,RB2504.SHF,3129.0,3132.0,25,27.0,RB2603.SHF,3294.0,3294.0,360,165.0,0.057454816044418267,0.05599118203007983,1134960.0,1347880.0,-38419.0,-23679.0,31.0,523707.0,731471.0,-0.08575663353256754,0.4614321209558046,0.5426825830192599,128354.0,0.0,16.0
2025-03-24,RB2505.SHF,3159.0,3210.0,3136.0,3204.0,3179.0,3156.0,3165.0,39.0,14.0,1894792,6024509.76,1930428,-146695.0,52,0.8040400765682942,0.6071849597459573,12,RB2510.SHF,3284.0,3267.0,718478,80.0,RB2504.SHF,3165.0,3145.0,22,39.0,RB2603.SHF,3322.0,3312.0,357,157.0,0.05404729904977486,0.05274953370794547,1072235.0,1239255.0,-61715.0,-95780.0,30.0,502499.0,661844.0,-0.0722564233459803,0.4686463321939687,0.5340660316076998,135350.0,6996.0,16.0
2025-03-25,RB2505.SHF,3204.0,3225.0,3185.0,3220.0,3207.0,3204.0,3179.0,41.0,28.0,1676454,5377596.47,1794958,-135470.0,51,0.7785546767969015,0.5716949288040022,12,RB2510.SHF,3290.0,3281.0,798410,70.0,RB2504.SHF,3159.0,3161.0,21,61.0,RB2603.SHF,3334.0,3317.0,356,175.0,0.06035822785408182,0.0587456740765932,988466.0,1143949.0,-74474.0,-52486.0,30.0,459377.0,632350.0,-0.07291404346714875,0.46473727978504065,0.5527781395848941,147520.0,12170.0,16.0
2025-03-26,RB2505.SHF,3220.0,3229.0,3202.0,3209.0,3214.0,3220.0,3207.0,2.0,7.0,1163080,3739050.75,1712086,-82872.0,50,0.7435389122831467,0.5454205452657199,12,RB2510.SHF,3274.0,3281.0,871713,65.0,RB2504.SHF,3149.0,3143.0,20,60.0,RB2603.SHF,3322.0,3319.0,355,173.0,0.05985790324338921,0.0582715080936079,933441.0,1096910.0,-51086.0,-41552.0,31.0,436044.0,600033.0,-0.0805126798272811,0.4671361125127351,0.5470211776718236,156949.0,9429.0,16.0
2025-03-27,RB2505.SHF,3205.0,3223.0,3188.0,3208.0,3206.0,3209.0,3214.0,-6.0,-8.0,1477756,4738304.51,1607725,-104361.0,49,0.7038277309143317,0.5104198381552659,12,RB2510.SHF,3274.0,3270.0,976172,66.0,RB2504.SHF,3138.0,3140.0,19,70.0,RB2603.SHF,3319.0,3310.0,354,181.0,0.06284542868829839,0.06109977798762321,876699.0,1007623.0,-56742.0,-79748.0,29.0,398096.0,537191.0,-0.06948069385168777,0.4540851535133495,0.5331269730841793,160593.0,3644.0,16.0
2025-03-28,RB2505.SHF,3210.0,3210.0,3181.0,3197.0,3192.0,3208.0,3206.0,-9.0,-14.0,1417171,4525024.85,1553390,-54335.0,48,0.7125526368054141,0.4849229328442658,12,RB2510.SHF,3257.0,3254.0,1070278,60.0,RB2504.SHF,3119.0,3122.0,18,78.0,RB2603.SHF,3303.0,3303.0,353,184.0,0.06427624621362568,0.062451727479970257,847035.0,971231.0,-29664.0,-34566.0,30.0,382788.0,504411.0,-0.06830463749528397,0.4519152101152845,0.519352244728597,161811.0,1218.0,16.0
2025-03-31,RB2505.SHF,3197.0,3201.0,3153.0,3159.0,3173.0,3197.0,3192.0,-33.0,-19.0,1286485,4082484.88,1403648,-149742.0,45,0.6686383889706903,0.4437513218664612,12,RB2510.SHF,3247.0,3246.0,1169048,88.0,RB2504.SHF,3050.0,3112.0,15,109.0,RB2603.SHF,3289.0,3291.0,350,239.0,0.08537802789332039,0.0821979744909669,739248.0,877797.0,-94541.0,-89966.0,30.0,315618.0,458714.0,-0.08568036139996105,0.4269446789169534,0.522574125908382,166955.0,5144.0,16.0
2025-04-01,RB2505.SHF,3159.0,3188.0,3131.0,3170.0,3156.0,3159.0,3173.0,-3.0,-17.0,1317976,4160686.81,1272676,-130972.0,44,0.6061513060314992,0.41138212065389235,12,RB2510.SHF,3255.0,3240.0,1214644,85.0,RB2504.SHF,3140.0,3114.0,14,30.0,RB2603.SHF,3305.0,3290.0,349,165.0,0.05725354121114179,0.05579997249245669,684294.0,800668.0,-54954.0,-77129.0,31.0,295129.0,423513.0,-0.07836833535134233,0.43128976726377843,0.5289495771031189,188260.0,21305.0,16.0
2025-04-02,RB2510.SHF,3255.0,3262.0,3236.0,3247.0,3252.0,3255.0,3240.0,7.0,12.0,474027,1541672.27,1238185,23541.0,196,0.3605286235055837,0.4032814650153488,12,RB2505.SHF,3166.0,3170.0,1210865,-81.0,RB2504.SHF,3134.0,3141.0,13,113.0,RB2603.SHF,3289.0,3294.0,348,155.0,0.05388659764356256,0.05259641640202425,,,,,,,,,,,195195.0,6935.0,16.0
2025-04-03,RB2510.SHF,3243.0,3264.0,3214.0,3231.0,3235.0,3247.0,3252.0,-21.0,-17.0,890157,2880036.1,1325145,86960.0,195,0.44292411709445256,0.43097411933977436,12,RB2505.SHF,3164.0,3165.0,1118015,-67.0,RB2504.SHF,3117.0,3122.0,12,114.0,RB2603.SHF,3278.0,3282.0,347,161.0,0.05627780251772896,0.05487255233074578,,,,,,,,,,,200728.0,5533.0,16.0
2025-04-07,RB2510.SHF,3155.0,3170.0,3113.0,3146.0,3139.0,3231.0,3235.0,-89.0,-96.0,1420144,4459023.31,1425776,100631.0,191,0.531273299302868,0.4759103465679003,12,RB2505.SHF,3083.0,3078.0,939691,-63.0,RB2504.SHF,3040.0,3042.0,8,106.0,RB2603.SHF,3207.0,3195.0,343,167.0,0.05985369206598582,0.05826751621463862,,,,,,,,,,,206513.0,5785.0,16.0
2025-04-08,RB2510.SHF,3158.0,3171.0,3093.0,3101.0,3131.0,3146.0,3139.0,-38.0,-8.0,1790923,5608077.77,1640009,214233.0,190,0.6645933875495637,0.5259217047979189,12,RB2505.SHF,3039.0,3075.0,844478,-62.0,RB2504.SHF,3004.0,3032.0,7,97.0,RB2603.SHF,3173.0,3187.0,342,169.0,0.0612963809448098,0.05963422156775251,,,,,,,,,,,219917.0,13404.0,16.0
2025-04-09,RB2510.SHF,3102.0,3115.0,3033.0,3088.0,3077.0,3101.0,3131.0,-43.0,-54.0,2234794,6876557.73,1687170,47161.0,189,0.7175936465755105,0.5526759827026899,12,RB2505.SHF,3013.0,3009.0,729028,-75.0,RB2504.SHF,3032.0,3032.0,6,56.0,RB2603.SHF,3160.0,3136.0,341,128.0,0.0459969282873232,0.045052505474101015,,,,,,,,,,,232088.0,12171.0,16.0
2025-04-10,RB2510.SHF,3075.0,3155.0,3066.0,3139.0,3123.0,3088.0,3077.0,62.0,46.0,1929556,6026386.11,1686421,-749.0,188,0.7674983144961288,0.5630581180657805,12,RB2505.SHF,3061.0,3042.0,670422,-78.0,RB2504.SHF,3032.0,3032.0,5,107.0,RB2603.SHF,3199.0,3189.0,340,167.0,0.060011617374867036,0.05841720750253231,,,,,,,,,,,234780.0,2692.0,16.0
2025-04-11,RB2510.SHF,3145.0,3146.0,3104.0,3131.0,3126.0,3139.0,3123.0,8.0,3.0,1505491,4706423.33,1665377,-21044.0,187,0.7837539409184995,0.5657477696239461,12,RB2505.SHF,3050.0,3044.0,636266,-81.0,RB2504.SHF,3032.0,3032.0,4,99.0,RB2603.SHF,3195.0,3186.0,339,163.0,0.05857421336588823,0.05705398900901823,,,,,,,,,,,236909.0,2129.0,16.0
2025-04-14,RB2510.SHF,3130.0,3145.0,3118.0,3126.0,3131.0,3131.0,3126.0,0.0,5.0,1066833,3340328.79,1705840,40463.0,184,0.7972590025154582,0.5778647554464458,12,RB2505.SHF,3047.0,3052.0,595696,-79.0,RB2504.SHF,3045.0,3047.0,1,81.0,RB2603.SHF,3192.0,3191.0,336,147.0,0.052599073597529696,0.05136887798621271,402149.0,247728.0,6842.0,-6394.0,13.0,356404.0,206386.0,0.2376157334387892,0.8862486292394113,0.8331153523219015,234202.0,-2707.0,16.0
2025-04-15,RB2510.SHF,3127.0,3140.0,3112.0,3125.0,3126.0,3126.0,3131.0,-6.0,-5.0,1128992,3529937.73,1708811,2971.0,183,0.8212827960767283,0.5832650961708797,12,RB2505.SHF,3049.0,3048.0,560672,-76.0,RB2505.SHF,3049.0,3048.0,30,76.0,RB2603.SHF,3185.0,3188.0,335,136.0,0.05337950093822749,0.052223267775650006,1116699.0,1122368.0,9737.0,-2014.0,34.0,585475.0,645869.0,-0.002531858135553782,0.5242907891920742,0.5754520798882363,237005.0,2803.0,16.0
2025-04-16,RB2510.SHF,3122.0,3133.0,3088.0,3093.0,3106.0,3125.0,3126.0,-33.0,-20.0,1202994,3737335.64,1838220,129409.0,182,0.8339004762891729,0.605317794970668,12,RB2505.SHF,3023.0,3034.0,531342,-70.0,RB2505.SHF,3023.0,3034.0,29,70.0,RB2604.SHF,3148.0,3173.0,364,125.0,0.04505260663273108,0.04414605787047774,1167785.0,1207274.0,54487.0,94058.0,33.0,596870.0,694352.0,-0.016626534330305056,0.5111129189020239,0.5751403575327556,236704.0,-301.0,16.0
2025-04-17,RB2510.SHF,3096.0,3118.0,3086.0,3092.0,3101.0,3093.0,3106.0,-14.0,-5.0,1414470,4387507.18,1859673,21453.0,181,0.8571683091276877,0.6150680464252971,12,RB2505.SHF,3022.0,3028.0,494077,-70.0,RB2505.SHF,3022.0,3028.0,28,70.0,RB2604.SHF,3168.0,3166.0,363,146.0,0.05263885733476902,0.05140682891670319,1179464.0,1199407.0,17542.0,-7039.0,34.0,608353.0,683110.0,-0.008383388590638164,0.515787679827447,0.5695397809083989,240588.0,3884.0,16.0
2025-04-18,RB2510.SHF,3091.0,3100.0,3073.0,3076.0,3088.0,3092.0,3101.0,-25.0,-13.0,1332522,4115546.83,1926742,67069.0,180,0.8481437256858871,0.6285495622399586,12,RB2505.SHF,3003.0,3015.0,466171,-73.0,RB2505.SHF,3003.0,3015.0,27,73.0,RB2604.SHF,3159.0,3159.0,362,156.0,0.056600116301608855,0.05517899247416583,1226529.0,1263170.0,49160.0,67156.0,33.0,626594.0,718641.0,-0.014717040091995056,0.510867659875959,0.5689186728627184,198463.0,-42125.0,16.0
2025-04-21,RB2510.SHF,3080.0,3119.0,3070.0,3113.0,3098.0,3076.0,3088.0,25.0,10.0,1277622,3959115.73,1953540,26798.0,177,0.8319330193452352,0.6384747775760876,12,RB2505.SHF,3039.0,3026.0,425777,-74.0,RB2505.SHF,3039.0,3026.0,24,74.0,RB2604.SHF,3173.0,3168.0,359,134.0,0.048042119118131,0.0470130880992147,1247155.0,1237501.0,22199.0,-1585.0,32.0,641247.0,667207.0,0.0038854473214803174,0.514167846017536,0.5391567360349607,196618.0,-1845.0,16.0
2025-04-22,RB2510.SHF,3118.0,3123.0,3065.0,3075.0,3092.0,3113.0,3098.0,-23.0,-6.0,1344693,4158595.89,2012421,58881.0,176,0.8292010781458408,0.6559877983109567,12,RB2505.SHF,3006.0,3022.0,375427,-69.0,RB2505.SHF,3006.0,3022.0,23,69.0,RB2604.SHF,3139.0,3150.0,358,133.0,0.048207068450164293,0.04717105994954419,1271994.0,1292544.0,26223.0,77039.0,34.0,640854.0,719857.0,-0.00801313920869958,0.503818414237803,0.5569303636858783,205724.0,9106.0,16.0
2025-04-23,RB2510.SHF,3080.0,3146.0,3073.0,3137.0,3109.0,3075.0,3092.0,45.0,17.0,1965374,6111812.99,1968021,-44400.0,175,0.8677741743916251,0.6623275922124837,12,RB2505.SHF,3059.0,3038.0,318809,-78.0,RB2505.SHF,3059.0,3038.0,22,78.0,RB2604.SHF,3197.0,3162.0,357,138.0,0.04915273257771306,0.04807627997541016,1282912.0,1259637.0,18294.0,-6537.0,35.0,661634.0,665617.0,0.009154199191441345,0.5157282806614951,0.5284196955154541,202697.0,-3027.0,16.0
2025-04-24,RB2510.SHF,3138.0,3139.0,3095.0,3106.0,3116.0,3137.0,3109.0,-3.0,7.0,1456883,4539912.2,1980197,12176.0,174,0.8399285801587979,0.673308294196932,12,RB2505.SHF,3030.0,3040.0,289591,-76.0,RB2505.SHF,3030.0,3040.0,21,76.0,RB2604.SHF,3155.0,3174.0,356,125.0,0.04494852470321671,0.044046104215650944,1246224.0,1284141.0,-26364.0,24504.0,36.0,631189.0,704322.0,-0.01498479468377092,0.5064811783435401,0.548477153209811,204203.0,1506.0,16.0
2025-04-25,RB2510.SHF,3114.0,3130.0,3096.0,3101.0,3110.0,3106.0,3116.0,-15.0,-6.0,1679713,5225145.94,1986742,6545.0,173,0.8456709103440706,0.6885845445203284,12,RB2509.SHF,3087.0,3095.0,237646,-14.0,RB2505.SHF,3025.0,3034.0,20,76.0,RB2604.SHF,3165.0,3168.0,355,140.0,0.05042555815961508,0.049293483287663135,1257527.0,1296364.0,14525.0,12223.0,36.0,636014.0,713104.0,-0.015206991997700764,0.5057656813730441,0.5500800701037671,202977.0,-1226.0,16.0
2025-04-28,RB2510.SHF,3106.0,3164.0,3102.0,3129.0,3138.0,3101.0,3110.0,19.0,28.0,3309555,10386481.61,2032936,46194.0,170,0.8720391147639209,0.728645672790876,12,RB2509.SHF,3115.0,3121.0,240244,-14.0,RB2505.SHF,3060.0,3060.0,17,69.0,RB2604.SHF,3181.0,3188.0,352,121.0,0.04308360159984401,0.04225359502385663,1284184.0,1323317.0,49496.0,40972.0,36.0,654615.0,716511.0,-0.015007856181071455,0.5097517178223682,0.5414507634980885,200547.0,-2430.0,16.0
2025-04-29,RB2510.SHF,3129.0,3131.0,3092.0,3100.0,3109.0,3129.0,3138.0,-38.0,-29.0,1627530,5060010.16,2017637,-15299.0,169,0.8479372970393336,0.7458517011102916,12,RB2509.SHF,3090.0,3099.0,239489,-10.0,RB2505.SHF,3045.0,3048.0,16,55.0,RB2604.SHF,3148.0,3158.0,351,103.0,0.036855133200990146,0.036245512622546903,1295606.0,1341240.0,12090.0,21314.0,33.0,652882.0,756183.0,-0.01730628182305679,0.5039201732625505,0.5637939518654379,200547.0,0.0,16.0
2025-04-30,RB2510.SHF,3100.0,3104.0,3085.0,3096.0,3096.0,3100.0,3109.0,-13.0,-13.0,1034654,3203584.36,1911940,-105697.0,168,0.7990099774503444,0.7554477314125182,12,RB2509.SHF,3090.0,3089.0,237601,-6.0,RB2505.SHF,3060.0,3044.0,15,36.0,RB2604.SHF,3137.0,3143.0,350,77.0,0.02741683738171876,0.027077566669109956,1238147.0,1278015.0,-55086.0,-63225.0,35.0,640877.0,707483.0,-0.0158447667519023,0.5176097830063797,0.5535795745746334,192221.0,-8326.0,16.0
2025-05-06,RB2510.SHF,3120.0,3130.0,3071.0,3077.0,3092.0,3096.0,3096.0,-19.0,-4.0,1325224,4097674.3,2004472,92532.0,162,0.904276196376956,0.763472264754322,12,RB2509.SHF,3071.0,3083.0,239435,-6.0,RB2505.SHF,3031.0,3046.0,9,46.0,RB2604.SHF,3120.0,3135.0,344,89.0,0.031992790911821674,0.03153208169310329,1278362.0,1334145.0,40642.0,67485.0,32.0,652446.0,759015.0,-0.021352287285737417,0.5103765600041302,0.568914923040599,192241.0,20.0,16.0
2025-05-07,RB2510.SHF,3090.0,3136.0,3080.0,3098.0,3106.0,3077.0,3092.0,6.0,14.0,2279629,7081958.0,1974322,-30150.0,161,0.9256440668537476,0.7571643718305624,12,RB2509.SHF,3090.0,3098.0,246836,-8.0,RB2505.SHF,3048.0,3057.0,8,50.0,RB2604.SHF,3144.0,3149.0,343,96.0,0.034316605946644665,0.03378727286875964,1236438.0,1267799.0,-38019.0,-64453.0,35.0,645327.0,704766.0,-0.012523175721786716,0.5219242695549635,0.5558972676268084,163403.0,-28838.0,16.0
2025-05-08,RB2510.SHF,3101.0,3102.0,3047.0,3052.0,3072.0,3098.0,3106.0,-54.0,-34.0,2053864,6311024.97,2234779,260457.0,160,0.8887477260571779,0.7723595134379653,12,RB2509.SHF,3049.0,3070.0,256931,-3.0,RB2505.SHF,2991.0,3022.0,7,61.0,RB2604.SHF,3098.0,3113.0,342,107.0,0.03897762940562977,0.03829663061673446,1350374.0,1429178.0,120273.0,177525.0,35.0,681287.0,795922.0,-0.028351331437584185,0.5045172670682344,0.5569089364655767,160099.0,-3304.0,16.0
2025-05-09,RB2510.SHF,3052.0,3053.0,3016.0,3022.0,3036.0,3052.0,3072.0,-50.0,-36.0,1655962,5027830.14,2344321,109542.0,159,0.8789733186197467,0.773605514550471,12,RB2509.SHF,3019.0,3037.0,266337,-3.0,RB2505.SHF,2988.0,2987.0,6,34.0,RB2604.SHF,3066.0,3072.0,341,78.0,0.02844212671581861,0.028077230777175635,1402927.0,1470544.0,54470.0,49401.0,33.0,694696.0,819843.0,-0.02353147117197285,0.4951761567066569,0.5575100099010978,157939.0,-2160.0,16.0
2025-05-12,RB2510.SHF,3023.0,3086.0,3014.0,3082.0,3052.0,3022.0,3036.0,46.0,16.0,2373248,7244981.71,2180461,-163860.0,156,0.9167097999286177,0.7599765920931744,12,RB2509.SHF,3072.0,3046.0,266766,-10.0,RB2505.SHF,3036.0,3015.0,3,46.0,RB2604.SHF,3128.0,3089.0,338,92.0,0.0330167345092718,0.0325263628347272,1359166.0,1351959.0,-38642.0,-101634.0,33.0,715755.0,696456.0,0.0026583060537599705,0.5266133790868812,0.5151457995397789,169603.0,11664.0,16.0
2025-05-13,RB2510.SHF,3105.0,3115.0,3066.0,3079.0,3089.0,3082.0,3052.0,27.0,37.0,1930069,5962974.98,2151176,-29285.0,155,0.9146197450339819,0.7546561385955914,12,RB2509.SHF,3070.0,3077.0,269026,-9.0,RB2505.SHF,3033.0,3048.0,2,46.0,RB2604.SHF,3124.0,3133.0,337,91.0,0.03269015948939778,0.032209346847502596,1329263.0,1327760.0,-22702.0,1743.0,37.0,705602.0,686256.0,0.0005656706772956049,0.5308219667590236,0.5168524432126288,149897.0,-19706.0,16.0
2025-05-14,RB2510.SHF,3084.0,3133.0,3067.0,3127.0,3106.0,3079.0,3089.0,38.0,17.0,2134942,6631662.92,2111525,-39651.0,154,0.9123145729012563,0.7493143047960871,12,RB2509.SHF,3111.0,3092.0,272645,-16.0,RB2505.SHF,3060.0,3042.0,1,67.0,RB2604.SHF,3170.0,3145.0,336,110.0,0.03916691054531276,0.038479358962950676,1323132.0,1302920.0,3734.0,-7019.0,34.0,713083.0,676872.0,0.007696724969650258,0.5389356466323844,0.5195038835845639,152289.0,2392.0,16.0
2025-05-15,RB2510.SHF,3126.0,3130.0,3111.0,3118.0,3118.0,3127.0,3106.0,12.0,12.0,1151080,3589831.15,2088127,-23398.0,153,0.9060005179034826,0.746882634246492,12,RB2509.SHF,3106.0,3103.0,272603,-12.0,RB2506.SHF,3091.0,3093.0,32,27.0,RB2604.SHF,3165.0,3167.0,335,74.0,0.02883918285066939,0.02849938363976398,1285998.0,1309456.0,-28731.0,6536.0,35.0,697928.0,691579.0,-0.009038110480863849,0.5427131301914933,0.5281422208917291,144101.0,-8188.0,16.0
2025-05-16,RB2510.SHF,3119.0,3119.0,3080.0,3082.0,3100.0,3118.0,3118.0,-36.0,-18.0,1485885,4606982.23,2073027,-15100.0,152,0.9155801783116405,0.7460170656828342,12,RB2509.SHF,3072.0,3090.0,270859,-10.0,RB2506.SHF,3057.0,3073.0,31,25.0,RB2605.SHF,3126.0,3147.0,364,69.0,0.02474014740943099,0.024465072126319504,1270681.0,1305351.0,-10280.0,-604.0,35.0,677804.0,702758.0,-0.013458683743059092,0.5334179074055565,0.5383670752157849,144101.0,0.0,16.0
2025-05-19,RB2510.SHF,3078.0,3095.0,3061.0,3069.0,3076.0,3082.0,3100.0,-31.0,-24.0,1291096,3971951.97,2113045,40018.0,149,0.8943003157178737,0.7492092341174039,12,RB2509.SHF,3061.0,3068.0,273086,-8.0,RB2506.SHF,3047.0,3051.0,28,22.0,RB2605.SHF,3115.0,3120.0,361,68.0,0.024461612909266402,0.024192651850099858,1269022.0,1348391.0,-671.0,46864.0,34.0,670519.0,735149.0,-0.03032345296672707,0.5283746065868047,0.5452046179483547,141967.0,-2134.0,16.0
2025-05-20,RB2510.SHF,3065.0,3080.0,3050.0,3058.0,3063.0,3069.0,3076.0,-18.0,-13.0,1285345,3938265.69,2160329,47284.0,148,0.9065905193968876,0.7521795959182366,12,RB2509.SHF,3050.0,3055.0,271358,-8.0,RB2506.SHF,3050.0,3047.0,27,8.0,RB2605.SHF,3095.0,3104.0,360,45.0,0.016171909614532607,0.01605376926063757,1305128.0,1396122.0,37928.0,51808.0,32.0,683283.0,763095.0,-0.03368588616381305,0.5235371549763701,0.5465818889753188,51625.0,-90342.0,16.0
2025-05-21,RB2510.SHF,3062.0,3074.0,3053.0,3061.0,3062.0,3058.0,3063.0,-2.0,-1.0,1023277,3133290.21,2169396,9067.0,147,0.8972643038964752,0.7514459837018984,12,RB2509.SHF,3060.0,3056.0,269328,-1.0,RB2506.SHF,3055.0,3054.0,26,6.0,RB2605.SHF,3101.0,3103.0,359,46.0,0.016504229270186837,0.01638120821496989,1318273.0,1396254.0,15890.0,355.0,31.0,691238.0,767060.0,-0.028727288400520606,0.5243511776392296,0.5493699570422,44087.0,-7538.0,16.0
2025-05-22,RB2510.SHF,3062.0,3076.0,3043.0,3061.0,3059.0,3061.0,3062.0,-1.0,-3.0,1461626,4472126.67,2174638,5242.0,146,0.9207226309420546,0.7492354803278305,12,RB2509.SHF,3060.0,3058.0,270548,-1.0,RB2506.SHF,3058.0,3051.0,25,3.0,RB2605.SHF,3097.0,3098.0,358,39.0,0.013978988799132685,0.013890599464658388,1328893.0,1378699.0,10928.0,-14568.0,32.0,699847.0,768307.0,-0.018394942812654195,0.5266390898289027,0.5572695708055203,42287.0,-1800.0,16.0
2025-05-23,RB2510.SHF,3060.0,3069.0,3044.0,3046.0,3055.0,3061.0,3059.0,-13.0,-4.0,1208627,3692617.54,2158221,-16417.0,145,0.8872356466082677,0.7423756063431873,12,RB2509.SHF,3045.0,3053.0,273982,-1.0,RB2506.SHF,3037.0,3043.0,24,9.0,RB2605.SHF,3078.0,3085.0,357,41.0,0.014797477754343095,0.014698483525143122,1312051.0,1357219.0,-16621.0,-12132.0,34.0,679689.0,786811.0,-0.016921480404754857,0.5180355031930923,0.5797229481756445,41979.0,-308.0,16.0
2025-05-26,RB2510.SHF,3040.0,3045.0,2996.0,3004.0,3017.0,3046.0,3055.0,-51.0,-38.0,1829729,5521285.25,2349145,190924.0,142,0.9102902912862864,0.754585857833107,12,RB2509.SHF,3009.0,3017.0,272737,5.0,RB2506.SHF,3005.0,3008.0,21,-1.0,RB2605.SHF,3031.0,3043.0,354,26.0,0.009483693343926184,0.009442900847749888,1399512.0,1475360.0,90149.0,158960.0,33.0,701392.0,855259.0,-0.026383087664424713,0.501168978901217,0.5796951252575643,41979.0,0.0,17.0
2025-05-27,RB2510.SHF,3010.0,3018.0,2964.0,2980.0,2987.0,3004.0,3017.0,-37.0,-30.0,1935755,5782467.96,2399979,50834.0,141,0.8988473702368642,0.7553769143464327,12,RB2509.SHF,2987.0,2987.0,270903,7.0,RB2506.SHF,2983.0,2990.0,20,-3.0,RB2605.SHF,3013.0,3019.0,353,30.0,0.011023427047563757,0.010968364668698858,1415872.0,1532914.0,17158.0,63785.0,31.0,708013.0,890234.0,-0.03969158833499616,0.5000543834470913,0.5807462127686224,41975.0,-4.0,17.0
2025-05-28,RB2510.SHF,2981.0,2982.0,2950.0,2964.0,2964.0,2980.0,2987.0,-23.0,-23.0,1333951,3954637.54,2441388,41409.0,140,0.896499558118357,0.7574223191557681,12,RB2509.SHF,2977.0,2976.0,270224,13.0,RB2506.SHF,2962.0,2961.0,19,2.0,RB2605.SHF,2996.0,2999.0,352,34.0,0.01258179178503278,0.012510128169425145,1455901.0,1563182.0,40100.0,38267.0,31.0,725403.0,881972.0,-0.03553429965323908,0.4982502244314689,0.5642158110827786,41975.0,0.0,17.0
2025-05-29,RB2510.SHF,2960.0,2990.0,2954.0,2978.0,2971.0,2964.0,2964.0,14.0,7.0,1945056,5779779.5,2377320,-64068.0,139,0.9072707376528439,0.7497575521519119,12,RB2509.SHF,2987.0,2982.0,268932,9.0,RB2506.SHF,2949.0,2948.0,18,29.0,RB2605.SHF,3003.0,3000.0,351,54.0,0.020070935635533832,0.01988938617519439,1435295.0,1482444.0,-17174.0,-70510.0,30.0,728490.0,821836.0,-0.016159430298597646,0.5075541961756991,0.5543791198858102,40776.0,-1199.0,17.0
2025-05-30,RB2510.SHF,2978.0,2978.0,2946.0,2961.0,2963.0,2978.0,2971.0,-10.0,-8.0,1549422,4592403.71,2296076,-81244.0,138,0.9015637201107417,0.7407251123309874,12,RB2509.SHF,2971.0,2976.0,264999,10.0,RB2506.SHF,2865.0,2925.0,17,96.0,RB2605.SHF,2973.0,2981.0,350,108.0,0.04131880571671142,0.04055905632125843,1385685.0,1433138.0,-49118.0,-49306.0,31.0,704142.0,797700.0,-0.016834331208451188,0.5081544506868444,0.5566107381145431,40776.0,0.0,17.0
2025-06-03,RB2510.SHF,2948.0,2948.0,2912.0,2928.0,2928.0,2961.0,2963.0,-35.0,-35.0,1553663,4549707.1,2297854,1778.0,134,0.8426660490837409,0.7360354190703583,12,RB2509.SHF,2924.0,2932.0,266660,-4.0,RB2506.SHF,2866.0,2859.0,13,62.0,RB2605.SHF,2910.0,2915.0,346,44.0,0.01682771396658352,0.0166998480443204,1384128.0,1414398.0,-1557.0,-18740.0,30.0,701882.0,768370.0,-0.010816408352111076,0.5070932746104406,0.5432487885305267,40167.0,-609.0,17.0
2025-06-04,RB2510.SHF,2930.0,2988.0,2925.0,2974.0,2955.0,2928.0,2928.0,46.0,27.0,2066104,6106838.3,2280391,-17463.0,133,0.8887776180410194,0.7304501940806523,12,RB2509.SHF,2971.0,2952.0,266100,-3.0,RB2506.SHF,2925.0,2886.0,12,49.0,RB2605.SHF,2966.0,2941.0,345,41.0,0.015364082030748738,0.015257397917870901,1396414.0,1372893.0,12286.0,-37799.0,32.0,726297.0,702113.0,0.008493460638347428,0.5201158109271319,0.5114113044498005,40167.0,0.0,17.0
2025-06-05,RB2510.SHF,2974.0,2979.0,2935.0,2959.0,2958.0,2974.0,2955.0,4.0,3.0,1486968,4399398.34,2257013,-23378.0,132,0.8896030860977232,0.7253677676959631,12,RB2509.SHF,2946.0,2948.0,268952,-13.0,RB2506.SHF,2890.0,2893.0,11,69.0,RB2605.SHF,2952.0,2954.0,344,62.0,0.02351486434531429,0.02326617923143592,1367864.0,1366082.0,-27350.0,-6811.0,32.0,709813.0,723078.0,0.0006518051197792494,0.5189207406584281,0.52930790391792,40167.0,0.0,17.0
2025-06-06,RB2510.SHF,2969.0,3002.0,2963.0,2975.0,2982.0,2959.0,2958.0,17.0,24.0,1845348,5504616.32,2216449,-40564.0,131,0.9096792321684734,0.7206487776488069,12,RB2509.SHF,2957.0,2964.0,271173,-18.0,RB2506.SHF,2925.0,2924.0,10,50.0,RB2605.SHF,2975.0,2979.0,343,50.0,0.018736685403352004,0.018578344698279937,1363722.0,1344789.0,-3107.0,-21293.0,32.0,710767.0,701615.0,0.006990187597539756,0.5211964021992752,0.521728687548753,40167.0,0.0,17.0
2025-06-09,RB2510.SHF,2975.0,2990.0,2962.0,2981.0,2976.0,2975.0,2982.0,-1.0,-6.0,1433362,4266903.49,2196722,-19727.0,128,0.9068329976009475,0.7182404837440334,12,RB2511.SHF,2978.0,2971.0,270759,-3.0,RB2506.SHF,2910.0,2913.0,7,71.0,RB2605.SHF,2980.0,2974.0,340,70.0,0.02636657275832524,0.026054444615248726,1340212.0,1338656.0,-23510.0,-6133.0,32.0,723367.0,692836.0,0.0005808423558010323,0.5397407275863818,0.5175608968995768,37755.0,-2412.0,17.0
2025-06-10,RB2510.SHF,2983.0,2988.0,2957.0,2974.0,2971.0,2981.0,2976.0,-2.0,-5.0,1456363,4327976.27,2165234,-31488.0,127,0.9017744305407378,0.7162680809199528,12,RB2511.SHF,2971.0,2969.0,272136,-3.0,RB2506.SHF,2913.0,2913.0,6,61.0,RB2605.SHF,2973.0,2972.0,339,60.0,0.022576644615779407,0.022347279591927883,1310304.0,1319774.0,-22682.0,-18882.0,34.0,682669.0,682744.0,-0.003600653668826552,0.5210004701199111,0.5173188742921137,37755.0,0.0,17.0
2025-06-11,RB2510.SHF,2974.0,3008.0,2974.0,2991.0,2989.0,2974.0,2971.0,20.0,18.0,1514855,4528342.24,2164232,-1002.0,126,0.9155105351202909,0.7150514755441606,12,RB2511.SHF,2986.0,2982.0,275477,-5.0,RB2506.SHF,2913.0,2913.0,5,78.0,RB2605.SHF,2989.0,2986.0,338,76.0,0.028597083179987316,0.028230399229560544,1337099.0,1310645.0,28046.0,-9129.0,33.0,701908.0,664482.0,0.009991147180392061,0.5249484144405163,0.5069885438085828,37755.0,0.0,17.0
2025-06-12,RB2510.SHF,2994.0,2994.0,2963.0,2968.0,2975.0,2991.0,2989.0,-21.0,-14.0,1312653,3906245.1,2220025,55793.0,125,0.9195158411485989,0.7193456102428477,12,RB2511.SHF,2964.0,2971.0,277440,-4.0,RB2506.SHF,2913.0,2913.0,4,55.0,RB2605.SHF,2967.0,2976.0,337,54.0,0.020318980154201687,0.020132943291160256,1338077.0,1358956.0,2682.0,61465.0,32.0,675968.0,731146.0,-0.0077414699783057905,0.5051787004783731,0.5380203626901827,35964.0,-1791.0,17.0
2025-06-13,RB2510.SHF,2970.0,2985.0,2940.0,2969.0,2961.0,2968.0,2975.0,-6.0,-14.0,2168544,6422378.12,2135661,-84364.0,124,0.9133018867924528,0.7113501677400789,12,RB2511.SHF,2965.0,2956.0,279749,-4.0,RB2506.SHF,2913.0,2913.0,3,56.0,RB2605.SHF,2976.0,2967.0,336,63.0,0.023705476846568513,0.023452772470405343,1295861.0,1296431.0,-41038.0,-62168.0,32.0,662048.0,670844.0,-0.00021988263667827544,0.5108943011634736,0.517454457661071,35964.0,0.0,17.0
2025-06-16,RB2510.SHF,2961.0,2994.0,2951.0,2990.0,2976.0,2969.0,2961.0,29.0,15.0,1537422,4576472.64,2164732,29071.0,121,0.9171225170817142,0.7128419307005519,12,RB2511.SHF,2984.0,2971.0,282078,-6.0,RB2507.SHF,3019.0,3012.0,29,-29.0,RB2605.SHF,2989.0,2977.0,333,-30.0,-0.011931015847004126,-0.011990691149206789,1326000.0,1300150.0,30415.0,3719.0,33.0,690849.0,662963.0,0.00984330674180835,0.521002262443439,0.5099127023804946,34766.0,-1198.0,17.0
2025-06-17,RB2510.SHF,2986.0,2994.0,2972.0,2981.0,2982.0,2990.0,2976.0,5.0,6.0,1046277,3120094.64,2140997,-23735.0,120,0.9151985962506035,0.7107235082503464,12,RB2511.SHF,2975.0,2976.0,283421,-6.0,RB2507.SHF,3019.0,3016.0,28,-38.0,RB2606.SHF,2966.0,2970.0,363,-53.0,-0.01912761465939594,-0.019297503159017612,1315777.0,1296058.0,-10223.0,-3267.0,31.0,681311.0,662287.0,0.007549864367389211,0.5178012687560278,0.5110010508788958,37751.0,2985.0,17.0
2025-06-18,RB2510.SHF,2979.0,2996.0,2969.0,2986.0,2982.0,2981.0,2982.0,4.0,0.0,1326973,3958113.12,2133943,-7054.0,119,0.9106039135491973,0.709476316688898,12,RB2511.SHF,2982.0,2977.0,284978,-4.0,RB2507.SHF,3022.0,3022.0,27,-36.0,RB2606.SHF,2975.0,2980.0,362,-47.0,-0.01694538558037079,-0.017078540511428278,1325435.0,1283402.0,9658.0,-11351.0,31.0,688632.0,643588.0,0.016111777010215662,0.5195516943494023,0.5014703109392069,37751.0,0.0,17.0
2025-06-19,RB2510.SHF,2986.0,3002.0,2975.0,2986.0,2985.0,2986.0,2982.0,4.0,3.0,1180366,3523781.17,2132733,-1210.0,118,0.9089226215364807,0.7100336351048887,12,RB2511.SHF,2983.0,2980.0,286084,-3.0,RB2507.SHF,3039.0,3033.0,26,-53.0,RB2606.SHF,2978.0,2977.0,361,-61.0,-0.021869919897059605,-0.022092392777869105,1315532.0,1295540.0,-7243.0,17921.0,33.0,684090.0,660606.0,0.0076566253247708225,0.5200101555872453,0.5099078376584282,18221.0,-19530.0,17.0
2025-06-20,RB2510.SHF,2990.0,3010.0,2982.0,2992.0,2994.0,2986.0,2985.0,7.0,9.0,1414281,4235078.15,2164155,31422.0,117,0.9027957488939119,0.7132962208554986,12,RB2511.SHF,2992.0,2992.0,287169,0.0,RB2507.SHF,3017.0,3034.0,25,-25.0,RB2606.SHF,2985.0,2983.0,360,-32.0,-0.01155640425647696,-0.011618127959136998,1340891.0,1324774.0,28833.0,33328.0,33.0,696102.0,672159.0,0.0060461460836226605,0.519133919162706,0.5073763524948406,18221.0,0.0,17.0
2025-06-23,RB2510.SHF,2991.0,3006.0,2983.0,2995.0,2993.0,2992.0,2994.0,1.0,-1.0,976619,2923364.33,2157949,-6206.0,114,0.906705647628323,0.7116945590687465,12,RB2511.SHF,2996.0,2994.0,289151,1.0,RB2507.SHF,3016.0,3018.0,22,-21.0,RB2606.SHF,2989.0,2991.0,357,-27.0,-0.009753949087454018,-0.009797871337393247,1334393.0,1331558.0,-6498.0,6784.0,32.0,693041.0,695803.0,0.001063410392764158,0.5193679822960702,0.5225480226922147,18221.0,0.0,17.0
2025-06-24,RB2510.SHF,2992.0,3005.0,2975.0,2977.0,2986.0,2995.0,2993.0,-16.0,-7.0,1530297,4570154.26,2168877,10928.0,113,0.9025217934404708,0.7075135084351876,12,RB2511.SHF,2983.0,2991.0,292178,6.0,RB2507.SHF,3001.0,3013.0,21,-24.0,RB2606.SHF,2981.0,2988.0,356,-20.0,-0.00726126117164926,-0.007285565352949022,1327838.0,1350470.0,-6555.0,18912.0,34.0,693107.0,727222.0,-0.008450111040253772,0.5219815971526647,0.5384954867564625,18221.0,0.0,17.0
2025-06-25,RB2510.SHF,2976.0,2980.0,2960.0,2976.0,2970.0,2977.0,2986.0,-10.0,-16.0,1361264,4043151.32,2172600,3723.0,112,0.8837115698970524,0.7101032666515229,12,RB2511.SHF,2980.0,2974.0,296356,4.0,RB2507.SHF,2988.0,2987.0,20,-12.0,RB2606.SHF,2982.0,2975.0,355,-6.0,-0.002187855901216835,-0.00219005548874281,1317735.0,1330674.0,-4380.0,-19331.0,33.0,702759.0,708595.0,-0.004885574697865775,0.5333082903618709,0.5325083378799015,18221.0,0.0,17.0
2025-06-26,RB2510.SHF,2976.0,2977.0,2952.0,2973.0,2966.0,2976.0,2970.0,3.0,-4.0,1377892,4087361.81,2191778,19178.0,111,0.9203906556326913,0.7090615402881243,12,RB2511.SHF,2979.0,2970.0,300201,6.0,RB2507.SHF,2986.0,2985.0,19,-13.0,RB2606.SHF,2982.0,2978.0,354,-4.0,-0.0014595475402625028,-0.001460526007984964,1332490.0,1322310.0,14755.0,-8077.0,33.0,701520.0,704827.0,0.003834563808949827,0.5264729941688118,0.5330270511453441,18221.0,0.0,17.0
2025-06-27,RB2510.SHF,2975.0,3005.0,2971.0,2995.0,2990.0,2973.0,2966.0,29.0,24.0,1500826,4487928.738,2142813,-48965.0,110,0.9122891264533125,0.7039455270098199,12,RB2511.SHF,3001.0,2996.0,306608,6.0,RB2507.SHF,2994.0,2994.0,18,1.0,RB2606.SHF,3015.0,2997.0,353,21.0,0.007642149971584907,0.0076154735114176645,1328822.0,1272647.0,6045.0,-43537.0,32.0,688757.0,637505.0,0.021593568864360868,0.518321490764,0.5009283799828232,18221.0,0.0,17.0
2025-06-30,RB2510.SHF,2998.0,3027.0,2994.0,2997.0,3009.0,2995.0,2990.0,7.0,19.0,1768212,5321542.42,2124170,-18643.0,107,0.9022939911261249,0.6999978250395942,12,RB2511.SHF,3002.0,3015.0,314431,5.0,RB2507.SHF,2995.0,2999.0,15,2.0,RB2606.SHF,3027.0,3032.0,350,32.0,0.011641292701766627,0.011579541618930322,1303249.0,1280020.0,-25573.0,7373.0,32.0,657980.0,636241.0,0.008992094899911702,0.504876658259473,0.4970555147575819,18221.0,0.0,17.0
2025-07-01,RB2510.SHF,2993.0,3004.0,2977.0,3003.0,2987.0,2997.0,3009.0,-6.0,-22.0,1372384,4100302.48,2076067,-48103.0,106,0.9219838335196492,0.6941909859735146,12,RB2511.SHF,3011.0,2996.0,318863,8.0,RB2507.SHF,2994.0,2988.0,14,9.0,RB2606.SHF,3024.0,3018.0,349,30.0,0.01091735710226412,0.010863023572373717,1277419.0,1249124.0,-23960.0,-28075.0,31.0,649739.0,636322.0,0.011199096947884917,0.5086342069438453,0.5094145977501032,24614.0,6393.0,17.0
2025-07-02,RB2510.SHF,3003.0,3071.0,3003.0,3065.0,3032.0,3003.0,2987.0,78.0,45.0,2371284,7191823.39,2226379,150312.0,105,0.9193132687810537,0.7034786246521912,12,RB2511.SHF,3073.0,3039.0,322041,8.0,RB2507.SHF,3041.0,3018.0,13,24.0,RB2606.SHF,3093.0,3056.0,348,52.0,0.01863094916734976,0.018473450829290545,1404740.0,1342918.0,132288.0,109117.0,32.0,753251.0,667546.0,0.022499888996374368,0.5362209376824181,0.4970861958809101,25270.0,656.0,17.0
2025-07-03,RB2510.SHF,3075.0,3086.0,3050.0,3076.0,3065.0,3065.0,3032.0,44.0,33.0,1776150,5445362.03,2237249,10870.0,104,0.9035726258930038,0.7026392363221228,12,RB2511.SHF,3086.0,3072.0,324821,10.0,RB2507.SHF,3070.0,3049.0,12,6.0,RB2606.SHF,3102.0,3093.0,347,32.0,0.011356896300257721,0.011298115378098775,1405638.0,1323050.0,3845.0,-7094.0,33.0,736864.0,661170.0,0.030266560339621093,0.5242203184603718,0.49973168058652356,27073.0,1803.0,17.0
2025-07-04,RB2510.SHF,3073.0,3095.0,3070.0,3072.0,3082.0,3076.0,3065.0,7.0,17.0,1644200,5068859.14,2238587,1338.0,103,0.9070302290083073,0.7026134887758836,12,RB2511.SHF,3085.0,3094.0,324464,13.0,RB2507.SHF,3079.0,3078.0,11,-7.0,RB2606.SHF,3106.0,3114.0,346,27.0,0.00955437169462843,0.009512723466292996,1421541.0,1338588.0,15958.0,24717.0,32.0,752583.0,667803.0,0.030054030083376537,0.5294135026706933,0.4988861397233503,29168.0,2095.0,17.0
2025-07-07,RB2510.SHF,3070.0,3085.0,3053.0,3061.0,3067.0,3072.0,3082.0,-21.0,-15.0,1226302,3762007.74,2197330,-41257.0,100,0.9091463098194759,0.6981932316248968,12,RB2511.SHF,3074.0,3080.0,327400,13.0,RB2507.SHF,3084.0,3082.0,8,-23.0,RB2606.SHF,3097.0,3100.0,343,13.0,0.004592794780959002,0.004583141883115447,1361548.0,1322924.0,-58994.0,-10493.0,32.0,713107.0,667023.0,0.014387931779508223,0.523747234765135,0.504203567249517,36441.0,7273.0,17.0
2025-07-08,RB2510.SHF,3059.0,3074.0,3050.0,3063.0,3061.0,3061.0,3067.0,-4.0,-6.0,954572,2922806.84,2168547,-28783.0,99,0.9078952874800744,0.695644656307341,12,RB2511.SHF,3076.0,3074.0,328069,13.0,RB2507.SHF,3055.0,3070.0,7,8.0,RB2606.SHF,3101.0,3097.0,342,46.0,0.01640569655812602,0.016283409956970068,1341471.0,1295405.0,-20077.0,-23435.0,32.0,697751.0,659031.0,0.01746991515717842,0.520138713397457,0.5087451414808496,44905.0,8464.0,17.0
2025-07-09,RB2510.SHF,3061.0,3077.0,3054.0,3063.0,3065.0,3063.0,3061.0,2.0,4.0,1026448,3146974.26,2174941,6394.0,98,0.9091157084376235,0.6971585929771947,12,RB2511.SHF,3077.0,3079.0,328910,14.0,RB2507.SHF,3055.0,3055.0,6,8.0,RB2606.SHF,3107.0,3106.0,341,52.0,0.018545570022229306,0.018389503857860843,1338782.0,1303824.0,-2689.0,13384.0,32.0,687526.0,655194.0,0.013228608426681844,0.5135458947013031,0.5025172109119023,44905.0,0.0,17.0
2025-07-10,RB2510.SHF,3060.0,3130.0,3060.0,3123.0,3099.0,3063.0,3065.0,58.0,34.0,2153427,6675518.97,2230035,55094.0,97,0.9071858633449943,0.7005291267900123,12,RB2511.SHF,3139.0,3112.0,332085,16.0,RB2507.SHF,3100.0,3091.0,5,23.0,RB2606.SHF,3165.0,3136.0,340,65.0,0.022845450168512308,0.022609237606982763,1413245.0,1329276.0,74463.0,45036.0,31.0,745802.0,644382.0,0.030617450148968776,0.5277230770319371,0.48476162963899144,54625.0,9720.0,17.0
2025-07-11,RB2510.SHF,3116.0,3149.0,3116.0,3133.0,3133.0,3123.0,3099.0,34.0,34.0,1654545,5185249.17,2200525,-29510.0,96,0.8887767391241288,0.6960981618535582,12,RB2511.SHF,3150.0,3151.0,334730,17.0,RB2507.SHF,3127.0,3127.0,4,6.0,RB2606.SHF,3178.0,3180.0,339,51.0,0.01777011966073058,0.01762676483035614,1414140.0,1304166.0,3640.0,-5648.0,33.0,735483.0,656973.0,0.04045681391278245,0.5200920700920701,0.5037495226834621,69192.0,14567.0,17.0
2025-07-14,RB2510.SHF,3133.0,3143.0,3122.0,3138.0,3131.0,3133.0,3133.0,5.0,-2.0,1164609,3647239.74,2122341,-78184.0,93,0.9037932482214905,0.687285702997794,12,RB2511.SHF,3158.0,3148.0,337724,20.0,RB2507.SHF,3140.0,3115.0,1,-2.0,RB2606.SHF,3183.0,3177.0,336,43.0,0.01492061983078233,0.014819379577984201,1332540.0,1291292.0,-77607.0,13428.0,32.0,704628.0,665074.0,0.015720518691745507,0.5287856274483318,0.5150453963936894,88510.0,19318.0,17.0
2025-07-15,RB2510.SHF,3131.0,3138.0,3102.0,3114.0,3121.0,3138.0,3131.0,-17.0,-10.0,1439493,4492852.48,2153852,31511.0,92,0.8659854655709697,0.6865118562114627,12,RB2511.SHF,3139.0,3145.0,341314,25.0,RB2508.SHF,3057.0,3071.0,31,57.0,RB2606.SHF,3181.0,3181.0,335,124.0,0.04870185768641417,0.04774004275750979,1343550.0,1327962.0,16813.0,39487.0,31.0,700523.0,697439.0,0.005834897990351531,0.5213970451416025,0.525194998049643,96689.0,8179.0,17.0
2025-07-16,RB2510.SHF,3115.0,3122.0,3094.0,3106.0,3108.0,3114.0,3121.0,-15.0,-13.0,1130791,3515386.75,2137057,-16795.0,91,0.8896503759487228,0.6861985613654505,12,RB2511.SHF,3131.0,3134.0,343158,25.0,RB2508.SHF,3054.0,3051.0,30,52.0,RB2607.SHF,3167.0,3178.0,364,113.0,0.040434847397542946,0.03970474454318169,1326784.0,1316406.0,-16274.0,-3339.0,32.0,687852.0,696993.0,0.003926316307189419,0.5184355554483624,0.5294665931331215,96689.0,0.0,17.0
2025-07-17,RB2510.SHF,3105.0,3135.0,3105.0,3133.0,3124.0,3106.0,3108.0,25.0,16.0,1501721,4691715.06,2126876,-10181.0,90,0.8815819057800133,0.684443277358249,12,RB2511.SHF,3155.0,3148.0,346696,22.0,RB2508.SHF,3071.0,3066.0,29,62.0,RB2607.SHF,3200.0,3199.0,363,129.0,0.04590460888707764,0.04496665403189629,1320616.0,1286439.0,-6168.0,-9494.0,32.0,694664.0,657272.0,0.01310942807113774,0.5260151323321843,0.5109235649727659,94600.0,-2089.0,17.0
2025-07-18,RB2510.SHF,3135.0,3177.0,3135.0,3147.0,3156.0,3133.0,3124.0,23.0,32.0,1874850,5917248.88,2075790,-51086.0,89,0.8766901014937657,0.6802904570434719,12,RB2511.SHF,3169.0,3178.0,348387,22.0,RB2508.SHF,3073.0,3083.0,28,74.0,RB2607.SHF,3223.0,3225.0,362,150.0,0.05334271255731309,0.052081696661700455,1307796.0,1293458.0,-10954.0,32074.0,31.0,705784.0,672888.0,0.0055119569253906,0.5396743834665345,0.5202240814931757,87431.0,-7169.0,17.0
2025-07-21,RB2510.SHF,3159.0,3240.0,3156.0,3224.0,3207.0,3147.0,3156.0,68.0,51.0,2696289,8648887.27,2095912,20122.0,86,0.8626311204332401,0.671131672853121,12,RB2601.SHF,3277.0,3260.0,380576,53.0,RB2508.SHF,3137.0,3121.0,25,87.0,RB2607.SHF,3316.0,3298.0,359,179.0,0.06235695647277323,0.0606427917471413,1313150.0,1305498.0,12455.0,23079.0,28.0,723071.0,689616.0,0.0029221185894400467,0.5506385409130716,0.5282397981459949,86534.0,-897.0,17.0
2025-07-22,RB2510.SHF,3224.0,3335.0,3215.0,3307.0,3264.0,3224.0,3207.0,100.0,57.0,3266737,10665720.49,2024507,-71405.0,85,0.862039374120112,0.65729978480771,12,RB2601.SHF,3367.0,3320.0,413101,60.0,RB2508.SHF,3228.0,3185.0,24,79.0,RB2607.SHF,3404.0,3348.0,358,176.0,0.05958343535976378,0.05801583236751574,1268827.0,1278181.0,-27152.0,-13669.0,28.0,720660.0,697845.0,-0.003672544412895444,0.567973411662898,0.5459672769349568,86534.0,0.0,17.0
2025-07-23,RB2510.SHF,3320.0,3330.0,3245.0,3274.0,3283.0,3307.0,3264.0,10.0,19.0,2847460,9350081.41,1922698,-101809.0,84,0.8525574387766834,0.6460285849550145,12,RB2601.SHF,3324.0,3337.0,421111,50.0,RB2508.SHF,3215.0,3221.0,23,59.0,RB2607.SHF,3355.0,3372.0,357,140.0,0.047587562045426975,0.04658057080219389,1178980.0,1208981.0,-87272.0,-62333.0,31.0,632990.0,641013.0,-0.012563438012597359,0.5368963001916911,0.5302093250431562,86534.0,0.0,17.0
2025-07-24,RB2510.SHF,3277.0,3330.0,3249.0,3294.0,3280.0,3274.0,3283.0,11.0,-3.0,2533253,8309229.08,1906352,-16346.0,83,0.8634813194094828,0.6396124114236633,12,RB2601.SHF,3353.0,3337.0,445921,59.0,RB2508.SHF,3229.0,3225.0,22,65.0,RB2607.SHF,3386.0,3374.0,356,157.0,0.05313467212369936,0.051883320527556835,1201174.0,1208235.0,27505.0,4512.0,31.0,632021.0,619906.0,-0.0029305941830548485,0.5261693976060088,0.5130674082442571,83539.0,-2995.0,17.0
2025-07-25,RB2510.SHF,3318.0,3358.0,3288.0,3356.0,3316.0,3294.0,3280.0,76.0,36.0,2878137,9545641.26,1998652,92300.0,82,0.8605584872353079,0.6454914631082128,12,RB2601.SHF,3399.0,3368.0,472628,43.0,RB2508.SHF,3261.0,3249.0,21,95.0,RB2607.SHF,3412.0,3398.0,355,151.0,0.05060256671569457,0.04946595053928576,1275961.0,1262909.0,88097.0,61176.0,32.0,665990.0,636893.0,0.005140869757017886,0.5219516897460033,0.5043063276926525,88027.0,4488.0,17.0
2025-07-28,RB2510.SHF,3352.0,3352.0,3230.0,3248.0,3282.0,3356.0,3316.0,-68.0,-34.0,3414713,11208167.57,1935881,-62771.0,79,0.8415548113871566,0.6526087582377537,12,RB2601.SHF,3289.0,3326.0,459131,41.0,RB2508.SHF,3192.0,3227.0,18,56.0,RB2607.SHF,3316.0,3350.0,352,124.0,0.04245268860774694,0.04164885794970801,1247876.0,1234900.0,-24929.0,-24506.0,31.0,644994.0,641182.0,0.005226407859589427,0.5168734714026073,0.5192177504251356,84440.0,-3587.0,17.0
2025-07-29,RB2510.SHF,3259.0,3349.0,3248.0,3347.0,3301.0,3248.0,3282.0,65.0,19.0,2711612,8951879.44,2175237,239356.0,78,0.8227682101441932,0.665216398075945,12,RB2601.SHF,3384.0,3338.0,536646,37.0,RB2508.SHF,3295.0,3217.0,17,52.0,RB2607.SHF,3389.0,3352.0,351,94.0,0.03117588798124532,0.030739474565005805,1458896.0,1361835.0,252803.0,126935.0,31.0,787393.0,682236.0,0.034409874603427267,0.5397183897961199,0.500968178964412,85034.0,594.0,17.0
2025-07-30,RB2510.SHF,3350.0,3384.0,3291.0,3315.0,3345.0,3347.0,3301.0,14.0,44.0,3510866,11745394.99,2029133,-146104.0,77,0.8193439770434906,0.6392552613024831,12,RB2601.SHF,3371.0,3401.0,584273,56.0,RB2508.SHF,3258.0,3295.0,16,57.0,RB2607.SHF,3395.0,3426.0,350,137.0,0.0459532132787832,0.045013298063605496,1308043.0,1288523.0,-140377.0,-69351.0,33.0,713055.0,650368.0,0.007517621350660834,0.5451311615902535,0.5047391470699397,85034.0,0.0,17.0
2025-07-31,RB2510.SHF,3301.0,3301.0,3186.0,3205.0,3243.0,3315.0,3345.0,-140.0,-102.0,2730966,8859077.03,1816026,-213107.0,76,0.8019398317402986,0.6170759040066546,12,RB2601.SHF,3261.0,3302.0,568796,56.0,RB2508.SHF,3198.0,3206.0,15,7.0,RB2607.SHF,3306.0,3332.0,349,108.0,0.03690555099931476,0.036296064431977706,1133803.0,1166153.0,-66285.0,-115342.0,33.0,660710.0,576937.0,-0.01406548647017595,0.5827379183156157,0.4947352534358699,85034.0,0.0,17.0
2025-08-01,RB2510.SHF,3210.0,3235.0,3192.0,3203.0,3213.0,3205.0,3243.0,-40.0,-30.0,1929148,6199245.69,1760703,-55323.0,75,0.8127272849829295,0.6076946918354302,12,RB2601.SHF,3257.0,3270.0,571091,54.0,RB2508.SHF,3163.0,3170.0,14,40.0,RB2607.SHF,3297.0,3311.0,348,134.0,0.046296909816156535,0.04534307549287431,1091327.0,1137768.0,-39718.0,-28385.0,33.0,628608.0,566869.0,-0.020834015598258485,0.5760033427194599,0.4982289886866215,85034.0,0.0,17.0
2025-08-04,RB2510.SHF,3206.0,3216.0,3164.0,3204.0,3189.0,3203.0,3213.0,-9.0,-24.0,1634527,5213003.11,1742635,-18068.0,72,0.7874923516460222,0.5969361137725187,12,RB2601.SHF,3271.0,3250.0,607183,67.0,RB2508.SHF,3148.0,3146.0,11,56.0,RB2607.SHF,3319.0,3297.0,345,171.0,0.059361898819895204,0.05780572993017513,1050363.0,1102149.0,-40964.0,-32035.0,31.0,591799.0,559305.0,-0.024058402461867807,0.5634233117503187,0.507467683589061,82640.0,-2394.0,17.0
2025-08-05,RB2510.SHF,3209.0,3247.0,3188.0,3233.0,3210.0,3204.0,3189.0,44.0,21.0,1580653,5074673.61,1708832,-33803.0,71,0.7772133562532945,0.5816740038321414,12,RB2601.SHF,3306.0,3284.0,650657,73.0,RB2508.SHF,3175.0,3168.0,10,58.0,RB2607.SHF,3350.0,3331.0,344,175.0,0.060233862982695924,0.058632456361367664,1019590.0,1063533.0,-21106.0,-36100.0,29.0,592410.0,539622.0,-0.021094769727951733,0.5810276679841897,0.5073862306106157,88363.0,5723.0,17.0
2025-08-06,RB2510.SHF,3233.0,3246.0,3212.0,3234.0,3230.0,3233.0,3210.0,24.0,20.0,1202766,3885038.6,1652569,-56263.0,70,0.7516578122939648,0.5660143872965987,12,RB2601.SHF,3309.0,3306.0,676774,75.0,RB2508.SHF,3201.0,3195.0,9,33.0,RB2607.SHF,3354.0,3354.0,343,153.0,0.052233864043235094,0.05102394275703978,985222.0,1031847.0,-33750.0,-31686.0,30.0,576725.0,518718.0,-0.02311522312821227,0.585375681826025,0.5027082503510695,,,
2025-08-07,RB2510.SHF,3234.0,3262.0,3214.0,3231.0,3236.0,3234.0,3230.0,1.0,6.0,1648650,5335445.97,1628167,-24402.0,69,0.76654976122183,0.5523072575838629,12,RB2601.SHF,3304.0,3309.0,718766,73.0,RB2508.SHF,3205.0,3202.0,8,26.0,RB2607.SHF,3345.0,3350.0,342,140.0,0.04773604117817398,0.046722844822631115,992977.0,1006896.0,13984.0,-21661.0,31.0,593062.0,492300.0,-0.006959941956314226,0.597256532628651,0.48892835009772606,,,
2025-08-08,RB2510.SHF,3235.0,3235.0,3204.0,3213.0,3215.0,3231.0,3236.0,-23.0,-21.0,1040873,3346723.38,1612110,-16057.0,68,0.7542202722335543,0.5483561323257693,12,RB2601.SHF,3286.0,3283.0,721494,73.0,RB2508.SHF,3175.0,3179.0,7,38.0,RB2607.SHF,3333.0,3328.0,341,158.0,0.05438257343580544,0.05307271241929899,980223.0,995424.0,-6180.0,-7389.0,32.0,586088.0,480954.0,-0.00769418828363569,0.597912923895889,0.48316496287009353,,,
2025-08-11,RB2510.SHF,3210.0,3255.0,3191.0,3250.0,3227.0,3213.0,3215.0,35.0,12.0,1411239,4555424.94,1612625,515.0,65,0.75381665220004,0.5449712598522322,12,RB2601.SHF,3319.0,3295.0,733217,69.0,RB2508.SHF,3194.0,3200.0,4,56.0,RB2607.SHF,3359.0,3340.0,338,165.0,0.0564540924412915,0.05504425211265652,965992.0,1000839.0,7767.0,5415.0,32.0,574808.0,468777.0,-0.017717333110979033,0.5950442653769389,0.46838402580235183,97357.0,2379.0,20.0
2025-08-12,RB2510.SHF,3250.0,3269.0,3235.0,3258.0,3252.0,3250.0,3227.0,31.0,25.0,1141600,3713211.95,1605388,-7237.0,64,0.7333697362926798,0.5370128162843145,12,RB2601.SHF,3336.0,3328.0,762683,78.0,RB2508.SHF,3234.0,3215.0,3,24.0,RB2607.SHF,3381.0,3368.0,337,147.0,0.04967338051170382,0.04857752496513274,951643.0,988793.0,-11297.0,-9284.0,32.0,558704.0,464100.0,-0.019145181804501667,0.5870941098710336,0.4693601188519741,98554.0,1197.0,20.0
2025-08-13,RB2510.SHF,3260.0,3274.0,3221.0,3222.0,3248.0,3258.0,3252.0,-30.0,-4.0,1236428,4016513.99,1652593,47205.0,63,0.7282839182719494,0.5419043068884704,12,RB2601.SHF,3296.0,3318.0,768665,74.0,RB2508.SHF,3215.0,3215.0,2,7.0,RB2607.SHF,3343.0,3361.0,336,128.0,0.04350862815581889,0.042664838796880974,975911.0,1030165.0,31758.0,41372.0,32.0,567304.0,497376.0,-0.027044837782815804,0.5813071068980675,0.4828119767221756,108473.0,9919.0,20.0
2025-08-14,RB2510.SHF,3206.0,3225.0,3174.0,3189.0,3201.0,3222.0,3248.0,-59.0,-47.0,1283713,4110140.81,1636544,-16049.0,62,0.714920678413145,0.5372838364810021,12,RB2601.SHF,3267.0,3278.0,778858,78.0,RB2508.SHF,3190.0,3190.0,1,-1.0,RB2607.SHF,3317.0,3331.0,335,127.0,0.04350702982749225,0.042663301665805856,965548.0,1018816.0,-6733.0,-6133.0,33.0,555804.0,488519.0,-0.026843865339222037,0.5756358047450774,0.4794967884289214,110855.0,2382.0,20.0
2025-08-15,RB2510.SHF,3189.0,3200.0,3167.0,3188.0,3183.0,3189.0,3201.0,-13.0,-18.0,1119005,3561904.58,1617947,-18597.0,61,0.7333332896437288,0.5303302807204205,12,RB2601.SHF,3269.0,3262.0,796350,81.0,RB2509.SHF,3163.0,3159.0,31,25.0,RB2607.SHF,3330.0,3321.0,334,167.0,0.06360152297240483,0.061979360657184394,950093.0,997804.0,-10401.0,-21012.0,33.0,536733.0,478463.0,-0.024493594887203995,0.5649268019025506,0.47951601717371345,121212.0,10357.0,20.0
2025-08-18,RB2510.SHF,3190.0,3203.0,3142.0,3155.0,3173.0,3188.0,3183.0,-28.0,-10.0,1316477,4177769.54,1609893,-8054.0,58,0.7009864033417907,0.5271336333283236,12,RB2601.SHF,3237.0,3249.0,809052,82.0,RB2509.SHF,3128.0,3143.0,28,27.0,RB2608.SHF,3315.0,3322.0,364,187.0,0.06494241718426494,0.06307525996573753,919912.0,1000602.0,-25129.0,3776.0,32.0,513993.0,500907.0,-0.04201479395620131,0.5587414883162737,0.5006056354074847,121212.0,0.0,20.0
2025-08-19,RB2510.SHF,3161.0,3170.0,3122.0,3126.0,3144.0,3155.0,3173.0,-47.0,-29.0,1121791,3527290.39,1608694,-1199.0,57,0.7035130782487413,0.5190175957526025,12,RB2601.SHF,3208.0,3224.0,853001,82.0,RB2509.SHF,3109.0,3116.0,27,17.0,RB2608.SHF,3288.0,3298.0,363,179.0,0.06254403498292212,0.060809810514347064,922636.0,986058.0,2724.0,2100.0,31.0,496726.0,488196.0,-0.03322795586930121,0.538376998079416,0.49509866559573573,136349.0,15137.0,20.0
2025-08-20,RB2510.SHF,3130.0,3141.0,3104.0,3132.0,3122.0,3126.0,3144.0,-12.0,-22.0,1317374,4113250.37,1523392,-85302.0,56,0.6661401086051285,0.499179007764283,12,RB2601.SHF,3207.0,3196.0,886592,75.0,RB2509.SHF,3119.0,3104.0,26,13.0,RB2608.SHF,3264.0,3266.0,362,145.0,0.05050172521717886,0.049362990502413495,858121.0,910207.0,-64515.0,-61079.0,32.0,459259.0,444638.0,-0.02945494274817794,0.5351914240532513,0.48850206601355517,128245.0,-8104.0,20.0
2025-08-21,RB2510.SHF,3139.0,3145.0,3115.0,3121.0,3130.0,3132.0,3122.0,-1.0,8.0,1125179,3522039.45,1458111,-65281.0,55,0.6730920278502109,0.48473177889669083,12,RB2601.SHF,3200.0,3208.0,907049,79.0,RB2509.SHF,3103.0,3113.0,25,18.0,RB2608.SHF,3268.0,3279.0,361,165.0,0.05776380000920776,0.056280383657745174,803623.0,868185.0,-54498.0,-30723.0,32.0,417850.0,414969.0,-0.03861807097465738,0.5199577413787311,0.4779730126643515,138210.0,9965.0,20.0
2025-08-22,RB2510.SHF,3108.0,3127.0,3106.0,3119.0,3116.0,3121.0,3130.0,-11.0,-14.0,801286,2497362.02,1411603,-46508.0,54,0.6248345871052412,0.47187840031021694,12,RB2601.SHF,3195.0,3194.0,937573,76.0,RB2509.SHF,3098.0,3100.0,24,21.0,RB2608.SHF,3261.0,3262.0,360,163.0,0.05715573027145019,0.055702861626679846,768008.0,834724.0,-35615.0,-33461.0,32.0,385289.0,405535.0,-0.0416264228829274,0.5016731596545869,0.48583124481864665,159533.0,21323.0,20.0
2025-08-25,RB2510.SHF,3121.0,3165.0,3121.0,3138.0,3144.0,3119.0,3116.0,22.0,28.0,1200313,3773835.43,1347830,-63773.0,51,0.6110285306457803,0.4466832238688839,12,RB2601.SHF,3224.0,3224.0,1015822,86.0,RB2509.SHF,3103.0,3119.0,21,35.0,RB2608.SHF,3284.0,3282.0,357,181.0,0.06336513819191882,0.061585935223921515,727587.0,794382.0,-39605.0,-38510.0,31.0,358677.0,385660.0,-0.043887227663638353,0.4929678512672711,0.48548431359220123,163106.0,3573.0,20.0
2025-08-26,RB2510.SHF,3142.0,3143.0,3111.0,3113.0,3126.0,3138.0,3144.0,-31.0,-18.0,770094,2407358.54,1308206,-39624.0,50,0.5532296405811219,0.4303096886666776,12,RB2601.SHF,3185.0,3206.0,1071838,72.0,RB2509.SHF,3080.0,3099.0,20,33.0,RB2608.SHF,3252.0,3281.0,356,172.0,0.06066403834260973,0.059030705552171346,698181.0,765231.0,-29015.0,-24125.0,30.0,330235.0,374677.0,-0.04581758247164845,0.4729933928307989,0.48962600835564685,163106.0,0.0,20.0
2025-08-27,RB2510.SHF,3110.0,3128.0,3097.0,3111.0,3112.0,3113.0,3126.0,-15.0,-14.0,1006734,3133812.01,1234764,-73442.0,49,0.5683238597071597,0.4013019618804022,12,RB2601.SHF,3172.0,3180.0,1172576,61.0,RB2509.SHF,3088.0,3082.0,19,23.0,RB2608.SHF,3235.0,3243.0,355,147.0,0.051712273316062124,0.050519145724618894,655948.0,739693.0,-40896.0,-6282.0,31.0,301280.0,368885.0,-0.060004686018825755,0.45930470098239495,0.4987001364079422,186127.0,23021.0,20.0
2025-08-28,RB2601.SHF,3172.0,3214.0,3159.0,3205.0,3182.0,3172.0,3180.0,25.0,2.0,766476,2439315.33,1255043,82467.0,140,0.415124771511746,0.4074473631754223,12,RB2510.SHF,3129.0,3116.0,1148167,-76.0,RB2509.SHF,3097.0,3093.0,18,108.0,RB2608.SHF,3273.0,3245.0,354,176.0,0.061734089825791524,0.060043688996166314,773973.0,808646.0,65746.0,54138.0,33.0,415814.0,412463.0,-0.02190862108947258,0.5372461313249945,0.5100662094414614,192857.0,6730.0,20.0
2025-08-29,RB2601.SHF,3205.0,3210.0,3152.0,3160.0,3175.0,3205.0,3182.0,-22.0,-7.0,922905,2930753.74,1429783,174740.0,139,0.49727038883758223,0.45163502477894163,12,RB2510.SHF,3090.0,3107.0,1055710,-70.0,RB2509.SHF,2954.0,3057.0,17,206.0,RB2608.SHF,3231.0,3242.0,353,277.0,0.10186450172486061,0.09736755505240541,861656.0,926752.0,90504.0,125960.0,34.0,458685.0,488605.0,-0.03639885305813886,0.5323296071750211,0.5272230326991472,200097.0,7240.0,20.0
2025-09-01,RB2601.SHF,3150.0,3161.0,3094.0,3115.0,3122.0,3160.0,3175.0,-60.0,-53.0,1342816,4193197.26,1633714,203931.0,136,0.6226305037089381,0.51344331869418,12,RB2510.SHF,3039.0,3062.0,859408,-76.0,RB2509.SHF,2962.0,2978.0,14,153.0,RB2608.SHF,3198.0,3197.0,350,236.0,0.08655268319346636,0.08327746421621046,956597.0,1048675.0,101260.0,126061.0,35.0,512900.0,547701.0,-0.045917960256763174,0.5361714494191389,0.5222790664409851,212138.0,12041.0,20.0
2025-09-02,RB2601.SHF,3115.0,3135.0,3101.0,3117.0,3116.0,3115.0,3122.0,-5.0,-6.0,869767,2710625.56,1675244,41530.0,135,0.7243084748472716,0.5273420887700679,12,RB2510.SHF,3047.0,3044.0,807407,-70.0,RB2509.SHF,2965.0,2975.0,13,152.0,RB2608.SHF,3205.0,3200.0,349,240.0,0.08793061912792088,0.08455296470796056,986886.0,1069609.0,30289.0,20934.0,36.0,527539.0,557618.0,-0.04022523760086944,0.5345490765904066,0.5213288220274885,215821.0,3683.0,20.0
2025-09-03,RB2601.SHF,3120.0,3146.0,3099.0,3106.0,3119.0,3117.0,3116.0,-10.0,3.0,1169148,3647643.19,1754813,79569.0,134,0.7670387000438252,0.5461881652222522,12,RB2510.SHF,3034.0,3047.0,764189,-72.0,RB2509.SHF,2955.0,2962.0,12,151.0,RB2608.SHF,3198.0,3204.0,348,243.0,0.08933103698332134,0.08584774314613358,1018942.0,1116082.0,39588.0,46473.0,36.0,544553.0,593471.0,-0.045498317583315226,0.534429830157163,0.531744979311556,222853.0,7032.0,20.0
2025-09-04,RB2601.SHF,3107.0,3132.0,3088.0,3117.0,3110.0,3106.0,3119.0,-2.0,-9.0,1231326,3829975.2,1736432,-18381.0,133,0.7736457087853711,0.5503094086469623,12,RB2510.SHF,3035.0,3030.0,724635,-82.0,RB2509.SHF,2971.0,2961.0,11,146.0,RB2608.SHF,3208.0,3198.0,347,237.0,0.08665612828773384,0.08337327123864907,1014912.0,1104882.0,-3239.0,-391.0,36.0,555901.0,588863.0,-0.042442803404481755,0.5477332024845504,0.5329646061751391,223749.0,896.0,20.0
2025-09-05,RB2601.SHF,3117.0,3153.0,3100.0,3143.0,3126.0,3117.0,3110.0,33.0,16.0,1385167,4331232.79,1737894,1462.0,132,0.8031075645930823,0.5589668838558073,12,RB2510.SHF,3054.0,3042.0,673564,-89.0,RB2509.SHF,2977.0,2967.0,10,166.0,RB2608.SHF,3236.0,3216.0,346,259.0,0.0945092934721756,0.090622023108188,1015303.0,1103109.0,4875.0,4596.0,34.0,544873.0,590499.0,-0.041448972154613926,0.5366604846041034,0.53530430809648,231331.0,7582.0,20.0
2025-09-08,RB2601.SHF,3146.0,3151.0,3106.0,3132.0,3123.0,3143.0,3126.0,6.0,-3.0,1257953,3928950.84,1798654,60760.0,129,0.7965241628743819,0.5718516040995563,12,RB2510.SHF,3042.0,3035.0,652236,-90.0,RB2509.SHF,2937.0,2949.0,7,195.0,RB2608.SHF,3217.0,3219.0,343,280.0,0.10356372715923272,0.0989199927224651,1052730.0,1163539.0,41762.0,63517.0,35.0,564650.0,634764.0,-0.049997992120992533,0.5363673496528074,0.5455459593533177,224700.0,-6631.0,20.0
2025-09-09,RB2601.SHF,3138.0,3152.0,3115.0,3123.0,3132.0,3132.0,3123.0,0.0,9.0,1329359,4164607.59,1778829,-19825.0,128,0.8029712180242216,0.5698246443539172,12,RB2510.SHF,3037.0,3043.0,613646,-86.0,RB2509.SHF,2950.0,2951.0,6,173.0,RB2608.SHF,3203.0,3218.0,342,253.0,0.09316485068603722,0.08938448095381502,1032003.0,1161816.0,-16173.0,-926.0,34.0,557445.0,628686.0,-0.05917215595270166,0.5401583134932747,0.5411235514057303,235217.0,10517.0,20.0
2025-09-10,RB2601.SHF,3115.0,3126.0,3092.0,3109.0,3108.0,3123.0,3132.0,-23.0,-24.0,1264549,3930758.05,1867674,88845.0,127,0.8461176114781159,0.583600525082173,12,RB2510.SHF,3023.0,3025.0,597632,-86.0,RB2509.SHF,2950.0,2950.0,5,159.0,RB2608.SHF,3195.0,3190.0,341,245.0,0.09021892655367222,0.0866678567838866,1091032.0,1212449.0,61638.0,59757.0,33.0,590749.0,649048.0,-0.052710224221515174,0.5414589122958813,0.5353198361333137,243440.0,8223.0,20.0
2025-09-11,RB2601.SHF,3110.0,3119.0,3082.0,3092.0,3101.0,3109.0,3108.0,-16.0,-7.0,1542810,4784746.92,2000701,133027.0,126,0.841846506425122,0.6008531527881681,12,RB2510.SHF,3006.0,3013.0,582868,-86.0,RB2509.SHF,2941.0,2941.0,4,151.0,RB2608.SHF,3181.0,3192.0,340,240.0,0.08864817603341917,0.08521658606020661,1142484.0,1325445.0,54030.0,112996.0,34.0,600467.0,742939.0,-0.07413543906652095,0.5255802269440972,0.5605204289880003,251965.0,8525.0,20.0
2025-09-12,RB2601.SHF,3092.0,3137.0,3075.0,3127.0,3107.0,3092.0,3101.0,26.0,6.0,2108701,6552885.82,1912184,-88517.0,125,0.8472152637687984,0.5980995276969754,12,RB2510.SHF,3035.0,3017.0,541771,-92.0,RB2509.SHF,2941.0,2941.0,3,186.0,RB2608.SHF,3225.0,3207.0,339,284.0,0.10490034163954588,0.10013958659730766,1103250.0,1257314.0,-25309.0,-62564.0,34.0,595284.0,724557.0,-0.0652657585221159,0.5395730795377295,0.5762737072839402,252849.0,884.0,20.0
2025-09-15,RB2601.SHF,3127.0,3144.0,3110.0,3136.0,3127.0,3127.0,3107.0,29.0,20.0,1471013,4600000.44,1978070,65886.0,122,0.8409882983029452,0.6120989547650744,12,RB2510.SHF,3045.0,3037.0,505713,-91.0,RB2510.SHF,3045.0,3037.0,30,91.0,RB2608.SHF,3242.0,3235.0,336,197.0,0.07717033173422636,0.07477671759915945,1162438.0,1295152.0,59753.0,41091.0,34.0,623903.0,743127.0,-0.054001684577167065,0.5367193777216506,0.5737758965743017,266418.0,13569.0,20.0
2025-09-16,RB2601.SHF,3150.0,3180.0,3144.0,3166.0,3166.0,3136.0,3127.0,39.0,39.0,1965356,6222939.65,1956248,-21822.0,121,0.8595808629415871,0.6200726559486305,12,RB2510.SHF,3069.0,3070.0,455913,-97.0,RB2510.SHF,3069.0,3070.0,29,97.0,RB2609.SHF,3282.0,3277.0,364,213.0,0.07561897258575152,0.07311028124196862,1134714.0,1292576.0,-23400.0,7822.0,35.0,600844.0,728549.0,-0.06503631622097071,0.5295114011107644,0.5636411321268536,281359.0,14941.0,20.0
2025-09-17,RB2601.SHF,3168.0,3170.0,3141.0,3168.0,3155.0,3166.0,3166.0,2.0,-11.0,1242094,3919004.77,1963371,7123.0,120,0.8608364312782939,0.6247775664818463,12,RB2510.SHF,3074.0,3061.0,433649,-94.0,RB2510.SHF,3074.0,3061.0,28,94.0,RB2609.SHF,3273.0,3270.0,363,199.0,0.07053379815302138,0.06834472506556218,1138663.0,1313075.0,3949.0,30424.0,34.0,598259.0,738276.0,-0.07113810692659656,0.5254047949217635,0.562249681092093,275059.0,-6300.0,20.0
2025-09-18,RB2601.SHF,3166.0,3176.0,3123.0,3147.0,3149.0,3168.0,3155.0,-8.0,-6.0,1727718,5441388.98,1999684,36313.0,119,0.8483157349464437,0.6351875163388104,12,RB2510.SHF,3054.0,3057.0,406116,-93.0,RB2510.SHF,3054.0,3057.0,27,93.0,RB2609.SHF,3239.0,3242.0,362,185.0,0.06600103607698252,0.0640792184726995,1157801.0,1325569.0,19826.0,17037.0,35.0,609366.0,733728.0,-0.06755658641281806,0.526313243813056,0.5535192811539799,260922.0,-14137.0,20.0
2025-09-19,RB2601.SHF,3144.0,3175.0,3141.0,3172.0,3158.0,3147.0,3149.0,23.0,9.0,1250591,3950448.63,1970510,-29174.0,118,0.8534849407210655,0.638179902665509,12,RB2510.SHF,3078.0,3069.0,375796,-94.0,RB2510.SHF,3078.0,3069.0,26,94.0,RB2609.SHF,3263.0,3253.0,361,185.0,0.06548640811536866,0.06359387612236149,1156437.0,1276957.0,-354.0,-40986.0,37.0,630797.0,714585.0,-0.049527532327276226,0.5454659441024458,0.5595998925570712,267853.0,6931.0,20.0
2025-09-22,RB2601.SHF,3172.0,3202.0,3171.0,3185.0,3187.0,3172.0,3158.0,27.0,29.0,1652529,5267052.22,1861142,-109368.0,115,0.867115617409592,0.6336223170559407,12,RB2511.SHF,3110.0,3109.0,341838,-75.0,RB2510.SHF,3095.0,3093.0,23,90.0,RB2609.SHF,3269.0,3274.0,358,174.0,0.061254310033033596,0.05959439070451545,1089110.0,1193613.0,-57881.0,-26384.0,34.0,606013.0,701165.0,-0.04577997417995964,0.5564295617522564,0.5874307669236176,245931.0,-21922.0,20.0
2025-09-23,RB2601.SHF,3182.0,3182.0,3146.0,3155.0,3163.0,3185.0,3187.0,-32.0,-24.0,1290376,4081594.01,1881412,20270.0,114,0.8627895687710369,0.6425569875492143,12,RB2511.SHF,3082.0,3088.0,336561,-73.0,RB2510.SHF,3063.0,3074.0,22,92.0,RB2609.SHF,3240.0,3248.0,357,177.0,0.062961392839914,0.06120941257631022,1094518.0,1248257.0,7920.0,56259.0,33.0,596372.0,731506.0,-0.06562260567062565,0.5448718065851818,0.5860219490056935,278790.0,32859.0,20.0
2025-09-24,RB2601.SHF,3156.0,3179.0,3140.0,3164.0,3157.0,3155.0,3163.0,1.0,-6.0,1205152,3805117.07,1882224,812.0,113,0.8360570556050035,0.6471822213175433,12,RB2511.SHF,3086.0,3082.0,331530,-78.0,RB2510.SHF,3071.0,3066.0,21,93.0,RB2609.SHF,3253.0,3244.0,356,182.0,0.06457131470618259,0.06273032299066608,1107137.0,1233440.0,13596.0,-7009.0,35.0,611944.0,722215.0,-0.053962334928524036,0.5527265370049055,0.585529089376054,275206.0,-3584.0,20.0
2025-09-25,RB2601.SHF,3168.0,3175.0,3152.0,3167.0,3164.0,3164.0,3157.0,10.0,7.0,883015,2794723.65,1870449,-11775.0,112,0.8100200437568513,0.6602818267695189,12,RB2511.SHF,3089.0,3087.0,313630,-78.0,RB2510.SHF,3074.0,3072.0,20,93.0,RB2609.SHF,3256.0,3255.0,355,182.0,0.06450829780829094,0.06267083016035742,1098140.0,1206960.0,-8954.0,-13869.0,34.0,607430.0,697923.0,-0.04720836406229665,0.5531444078168539,0.5782486577848479,282822.0,7616.0,20.0
2025-09-26,RB2601.SHF,3165.0,3171.0,3113.0,3114.0,3139.0,3167.0,3164.0,-50.0,-25.0,1388756,4359601.05,1976545,106096.0,111,0.7956553823025236,0.715366844723145,12,RB2603.SHF,3129.0,3157.0,239542,15.0,RB2510.SHF,3022.0,3050.0,19,92.0,RB2609.SHF,3209.0,3232.0,354,187.0,0.06742100220275199,0.06541725931691876,1151576.0,1310418.0,58510.0,111115.0,32.0,630530.0,784850.0,-0.06451762270744771,0.5475365933294893,0.5989310281146931,284050.0,1228.0,20.0
2025-09-29,RB2601.SHF,3115.0,3117.0,3097.0,3097.0,3107.0,3114.0,3139.0,-42.0,-32.0,1145688,3560663.81,1926639,-49906.0,108,0.8008835886000294,0.7372281990009011,12,RB2603.SHF,3116.0,3125.0,246460,19.0,RB2510.SHF,3005.0,3016.0,16,92.0,RB2609.SHF,3193.0,3200.0,351,188.0,0.06816499863411715,0.0661176752152179,1138969.0,1256599.0,-7866.0,-49211.0,33.0,627076.0,740534.0,-0.04910317720056371,0.5505645895542373,0.5893160825370704,281638.0,-2412.0,20.0
2025-09-30,RB2601.SHF,3106.0,3111.0,3068.0,3072.0,3090.0,3097.0,3107.0,-35.0,-17.0,959828,2966083.12,1873832,-52807.0,107,0.7576845746456993,0.7677443092099063,12,RB2603.SHF,3095.0,3106.0,254703,23.0,RB2510.SHF,2989.0,3001.0,15,83.0,RB2609.SHF,3167.0,3186.0,350,178.0,0.06488467665020506,0.06302611269542158,1113938.0,1220757.0,-24024.0,-34580.0,33.0,603034.0,723784.0,-0.045752871360070585,0.5413532889622223,0.5928976856163839,297246.0,15608.0,20.0
2025-10-09,RB2601.SHF,3088.0,3100.0,3073.0,3096.0,3087.0,3072.0,3090.0,6.0,-3.0,823683,2543019.0,1908129,34297.0,98,0.8566663685207874,0.7699921109391614,12,RB2603.SHF,3121.0,3109.0,267509,25.0,RB2510.SHF,3020.0,2998.0,6,76.0,RB2609.SHF,3195.0,3189.0,341,175.0,0.06313630522882267,0.06137475701967975,1146104.0,1229059.0,33603.0,8888.0,32.0,632870.0,710429.0,-0.03492602402445643,0.5521924711893511,0.5780267668191682,287136.0,-10110.0,20.0
2025-10-10,RB2601.SHF,3110.0,3124.0,3093.0,3103.0,3107.0,3096.0,3087.0,16.0,20.0,1039362,3229813.21,1926153,18024.0,97,0.8677874118634232,0.7702455312512496,12,RB2603.SHF,3131.0,3128.0,285860,28.0,RB2510.SHF,3019.0,3022.0,5,84.0,RB2609.SHF,3199.0,3203.0,340,180.0,0.0649617101639864,0.06309881414500879,1151222.0,1222469.0,6905.0,-6590.0,34.0,635212.0,693606.0,-0.030015280000640354,0.551771943204699,0.5673812587476655,288667.0,1531.0,20.0
2025-10-13,RB2601.SHF,3107.0,3114.0,3066.0,3083.0,3086.0,3103.0,3107.0,-24.0,-21.0,1231858,3801864.71,1952748,26595.0,94,0.8611206064330048,0.7688441320724185,12,RB2603.SHF,3113.0,3112.0,307682,30.0,RB2510.SHF,2986.0,2998.0,2,97.0,RB2609.SHF,3176.0,3178.0,337,190.0,0.0693285081624696,0.06721212882919426,1179189.0,1227783.0,32811.0,5314.0,35.0,648143.0,684580.0,-0.020188851386721572,0.5496514977666854,0.5575740990060947,294557.0,5890.0,20.0
2025-10-14,RB2601.SHF,3090.0,3093.0,3039.0,3061.0,3060.0,3083.0,3086.0,-25.0,-26.0,1158107,3544663.55,1991462,38714.0,93,0.8556918198100214,0.7681429255251648,12,RB2603.SHF,3087.0,3087.0,319791,26.0,RB2510.SHF,2970.0,2975.0,1,91.0,RB2609.SHF,3156.0,3161.0,336,186.0,0.06823458465249506,0.0661831621244541,1181082.0,1249211.0,5495.0,21428.0,33.0,629596.0,703141.0,-0.02803324537411744,0.5330671367441041,0.562868082333569,306965.0,12408.0,20.0
2025-10-15,RB2601.SHF,3061.0,3063.0,3027.0,3034.0,3044.0,3061.0,3060.0,-26.0,-16.0,1018136,3099869.69,2051545,60083.0,92,0.8299985652236295,0.7682414490779246,12,RB2603.SHF,3058.0,3074.0,334808,24.0,RB2511.SHF,2973.0,2987.0,33,61.0,RB2609.SHF,3128.0,3143.0,335,155.0,0.06301191963877997,0.06142427719699663,1200618.0,1289281.0,20866.0,45813.0,34.0,623422.0,738189.0,-0.03560907490625122,0.5192509191099917,0.5725586586632394,320352.0,13387.0,20.0
2025-10-16,RB2601.SHF,3036.0,3054.0,3021.0,3049.0,3036.0,3034.0,3044.0,5.0,-8.0,1036367,3146884.843,2039387,-12158.0,91,0.8493955117639779,0.7641190000970423,12,RB2603.SHF,3080.0,3064.0,346329,31.0,RB2511.SHF,2987.0,2971.0,32,62.0,RB2610.SHF,3141.0,3134.0,364,154.0,0.056681362208122796,0.05526856530941544,1193143.0,1266790.0,-7475.0,-18002.0,34.0,619599.0,717948.0,-0.029938620279495416,0.5192998659842114,0.5667458694811295,320651.0,299.0,20.0
2025-10-17,RB2601.SHF,3053.0,3061.0,3032.0,3037.0,3046.0,3049.0,3036.0,1.0,10.0,854671,2604116.78,2004317,-35070.0,90,0.8502243267709877,0.7591399592538123,12,RB2603.SHF,3064.0,3075.0,349606,27.0,RB2511.SHF,2976.0,2985.0,31,61.0,RB2610.SHF,3132.0,3142.0,363,156.0,0.05762971239797909,0.056170049164351275,1174417.0,1241464.0,-16550.0,-23505.0,35.0,600219.0,691478.0,-0.027752608675675663,0.5110782626613886,0.5569859456254873,320651.0,0.0,20.0
2025-10-20,RB2601.SHF,3040.0,3076.0,3040.0,3045.0,3058.0,3037.0,3046.0,-1.0,12.0,1232540,3770176.81,2005926,1609.0,87,0.873042800729578,0.7557941330729026,12,RB2603.SHF,3071.0,3087.0,355368,26.0,RB2511.SHF,2984.0,2997.0,28,61.0,RB2610.SHF,3149.0,3151.0,360,165.0,0.060791086598404286,0.05916986391187107,1177249.0,1263233.0,2836.0,24522.0,36.0,600964.0,689061.0,-0.03523238442242147,0.5104816398230111,0.5454741920136665,172996.0,-147655.0,20.0
2025-10-21,RB2601.SHF,3045.0,3065.0,3036.0,3047.0,3050.0,3045.0,3058.0,-11.0,-8.0,894573,2728521.69,1995833,-10093.0,86,0.8598645667626266,0.7526179797228656,12,RB2603.SHF,3078.0,3078.0,359014,31.0,RB2511.SHF,2987.0,2990.0,27,60.0,RB2610.SHF,3144.0,3147.0,359,157.0,0.057785544588800454,0.05631810962813368,1175046.0,1246557.0,-2203.0,-16258.0,36.0,611786.0,665094.0,-0.029530439134738434,0.5206485533332312,0.5335447957855116,172996.0,0.0,20.0
2025-10-22,RB2601.SHF,3048.0,3068.0,3045.0,3068.0,3058.0,3047.0,3050.0,18.0,8.0,822987,2517196.561,1977511,-18322.0,85,0.8620381921422354,0.7478543978132141,12,RB2603.SHF,3098.0,3088.0,364172,30.0,RB2511.SHF,3004.0,2997.0,26,64.0,RB2610.SHF,3159.0,3151.0,358,155.0,0.05672657340413587,0.05531155900630074,1168381.0,1220988.0,-4916.0,-25569.0,36.0,610092.0,654024.0,-0.022017109956645457,0.5221687103778647,0.5356514560339659,170582.0,-2414.0,20.0
2025-10-23,RB2601.SHF,3072.0,3083.0,3059.0,3071.0,3069.0,3068.0,3058.0,13.0,11.0,930140,2855451.3,1969325,-8186.0,84,0.8732372416240519,0.7446670934529646,12,RB2603.SHF,3107.0,3101.0,370960,36.0,RB2511.SHF,3004.0,3004.0,25,67.0,RB2610.SHF,3157.0,3161.0,357,153.0,0.05599461761827601,0.05461529705119786,1143806.0,1209516.0,-7593.0,-7949.0,33.0,600721.0,639142.0,-0.02792223078694713,0.5251948319907397,0.5284279000856541,170582.0,0.0,20.0
2025-10-24,RB2601.SHF,3072.0,3076.0,3038.0,3046.0,3053.0,3071.0,3069.0,-23.0,-16.0,1081693,3302420.09,2050545,81220.0,83,0.8714321161508827,0.7470397763993801,12,RB2603.SHF,3087.0,3088.0,383489,41.0,RB2511.SHF,2979.0,2985.0,24,67.0,RB2610.SHF,3147.0,3149.0,356,168.0,0.062000266928742206,0.06031508942217015,1160357.0,1287832.0,19896.0,80099.0,34.0,586806.0,690167.0,-0.052069100874156365,0.5057116042735124,0.5359138459053665,172019.0,1437.0,20.0
2025-10-27,RB2601.SHF,3050.0,3100.0,3048.0,3100.0,3076.0,3046.0,3053.0,47.0,23.0,1696201,5219128.848,1953001,-97544.0,80,0.8940846127612292,0.7333110799380009,12,RB2603.SHF,3143.0,3116.0,399333,43.0,RB2511.SHF,3031.0,3010.0,21,69.0,RB2610.SHF,3192.0,3171.0,353,161.0,0.05839756253652025,0.05689941190313896,1120123.0,1214821.0,-32186.0,-60001.0,35.0,576878.0,651864.0,-0.04055686132087108,0.5150130833845926,0.5365926338118949,172019.0,0.0,20.0
2025-10-28,RB2601.SHF,3100.0,3119.0,3087.0,3091.0,3102.0,3100.0,3076.0,15.0,26.0,1333406,4137317.11,1930357,-22644.0,79,0.884400359489154,0.7297432572663127,12,RB2603.SHF,3132.0,3141.0,405844,41.0,RB2511.SHF,3027.0,3034.0,20,64.0,RB2610.SHF,3189.0,3201.0,352,162.0,0.05883792852281277,0.05731748694501124,1109337.0,1194862.0,-2102.0,-16658.0,35.0,572570.0,625779.0,-0.03711701984073424,0.5161371161333301,0.523724915513256,168961.0,-3058.0,20.0
2025-10-29,RB2601.SHF,3094.0,3135.0,3092.0,3133.0,3118.0,3091.0,3102.0,31.0,16.0,1239602,3866044.94,1894007,-36350.0,78,0.8737652341244387,0.7202569033554949,12,RB2603.SHF,3173.0,3157.0,417780,40.0,RB2511.SHF,3060.0,3043.0,19,73.0,RB2610.SHF,3218.0,3204.0,351,158.0,0.0567662808095126,0.055349317473356224,1110620.0,1143866.0,2129.0,-49466.0,35.0,585648.0,602302.0,-0.01474659855949427,0.5273162737930165,0.5265494384831789,167740.0,-1221.0,20.0
2025-10-30,RB2601.SHF,3137.0,3143.0,3096.0,3106.0,3121.0,3133.0,3118.0,-12.0,3.0,1440978,4498464.78,1894916,909.0,77,0.8681458507296512,0.7156294740626632,12,RB2603.SHF,3146.0,3164.0,416119,40.0,RB2511.SHF,3015.0,3049.0,18,91.0,RB2610.SHF,3199.0,3206.0,350,184.0,0.06709424763731542,0.06512658806537575,1102077.0,1153328.0,2441.0,11380.0,32.0,591475.0,598508.0,-0.022723635001252546,0.5366911749360526,0.518939971976749,167440.0,-300.0,20.0
2025-10-31,RB2601.SHF,3106.0,3126.0,3097.0,3106.0,3109.0,3106.0,3121.0,-15.0,-12.0,985855,3065474.55,1879450,-15466.0,76,0.88100248879595,0.7131100392780607,12,RB2603.SHF,3142.0,3148.0,419594,36.0,RB2511.SHF,2957.0,3009.0,17,149.0,RB2610.SHF,3189.0,3197.0,349,232.0,0.08625642237533158,0.08303986057987003,1086509.0,1137632.0,-15568.0,-14965.0,35.0,589265.0,599007.0,-0.022985503167290203,0.5423470951460135,0.526538458833788,167440.0,0.0,20.0
2025-11-03,RB2601.SHF,3105.0,3108.0,3076.0,3079.0,3088.0,3106.0,3109.0,-30.0,-21.0,1150576,3554024.68,1919017,39567.0,73,0.8857247991181058,0.716766548700662,12,RB2603.SHF,3117.0,3125.0,421862,38.0,RB2511.SHF,2970.0,2979.0,14,109.0,RB2610.SHF,3168.0,3176.0,346,198.0,0.07329317269076303,0.07095349462413698,1105290.0,1181070.0,20445.0,43752.0,33.0,573669.0,635881.0,-0.03314438671075421,0.5190212523410146,0.53839399866223,166240.0,-1200.0,20.0
2025-11-04,RB2601.SHF,3083.0,3084.0,3040.0,3044.0,3061.0,3079.0,3088.0,-44.0,-27.0,1016465,3112259.63,1966544,47527.0,72,0.8503073006811894,0.719159306404379,12,RB2603.SHF,3085.0,3105.0,433917,41.0,RB2511.SHF,2935.0,2957.0,13,109.0,RB2610.SHF,3144.0,3164.0,345,209.0,0.07828759672420516,0.0756258246075862,1125256.0,1220746.0,19966.0,44310.0,35.0,573373.0,653631.0,-0.040703290108022074,0.5095489381971747,0.5354357089845062,164442.0,-1798.0,20.0
2025-11-05,RB2601.SHF,3046.0,3046.0,3009.0,3024.0,3025.0,3044.0,3061.0,-37.0,-36.0,1149565,3477944.05,2031781,65237.0,71,0.8607247199339911,0.7196004228816516,12,RB2603.SHF,3069.0,3068.0,439900,45.0,RB2511.SHF,2910.0,2911.0,12,114.0,RB2610.SHF,3133.0,3131.0,344,223.0,0.08424936860845438,0.08117724318412206,1139413.0,1267164.0,16214.0,52116.0,35.0,577442.0,678212.0,-0.05308411075149476,0.5067890220666256,0.5352203818921624,161734.0,-2708.0,20.0
2025-11-06,RB2601.SHF,3026.0,3042.0,3017.0,3037.0,3028.0,3024.0,3025.0,12.0,3.0,884740,2679782.86,2020353,-11428.0,70,0.8810975427582375,0.715329487987928,12,RB2603.SHF,3076.0,3069.0,440411,39.0,RB2511.SHF,2920.0,2914.0,11,117.0,RB2610.SHF,3137.0,3133.0,343,217.0,0.08170180722891558,0.07880846150255419,1142187.0,1243861.0,2774.0,-22056.0,35.0,581712.0,675200.0,-0.042611883750871736,0.509296638816586,0.5428259266911657,161734.0,0.0,20.0
2025-11-07,RB2601.SHF,3038.0,3045.0,3025.0,3034.0,3036.0,3037.0,3028.0,6.0,8.0,800946,2431802.01,1960886,-59467.0,69,0.8365137271653432,0.7068194196678801,12,RB2603.SHF,3070.0,3074.0,438381,36.0,RB2511.SHF,2900.0,2906.0,10,134.0,RB2610.SHF,3132.0,3137.0,342,232.0,0.08795180722891574,0.08461078317676766,1110719.0,1198698.0,-27154.0,-45119.0,37.0,583374.0,635199.0,-0.03809576183079972,0.5252219508264466,0.5299074495827973,159335.0,-2399.0,20.0
2025-11-10,RB2601.SHF,3037.0,3050.0,3022.0,3044.0,3035.0,3034.0,3036.0,8.0,-1.0,1049513,3186248.3,1923733,-37153.0,66,0.8755090736486295,0.6982585396095308,12,RB2603.SHF,3077.0,3069.0,438385,33.0,RB2511.SHF,2872.0,2879.0,7,172.0,RB2610.SHF,3136.0,3133.0,339,264.0,0.10105883142598242,0.09668042085932838,1112349.0,1153703.0,2519.0,-43298.0,36.0,593941.0,605050.0,-0.018249360561893548,0.5339520240500059,0.524441732404267,257184.0,-18286.0,21.0
2025-11-11,RB2601.SHF,3040.0,3046.0,3020.0,3025.0,3034.0,3044.0,3035.0,-10.0,-1.0,753110,2285220.49,1923701,-32.0,65,0.8444944314119499,0.6931918627382091,12,RB2603.SHF,3051.0,3064.0,440241,26.0,RB2511.SHF,2880.0,2880.0,6,145.0,RB2610.SHF,3133.0,3136.0,338,253.0,0.09657902443105754,0.09257006628043081,1102359.0,1186557.0,-6141.0,33527.0,37.0,578111.0,635944.0,-0.03678509827359326,0.5244307888809362,0.5359573960627261,244424.0,-12760.0,21.0
2025-11-12,RB2601.SHF,3025.0,3049.0,3022.0,3038.0,3039.0,3025.0,3034.0,4.0,5.0,775671,2357749.36,1868036,-55665.0,64,0.8534633289725159,0.6842316936752277,12,RB2603.SHF,3065.0,3064.0,440361,27.0,RB2511.SHF,2891.0,2890.0,5,147.0,RB2610.SHF,3138.0,3141.0,337,247.0,0.09392985292953214,0.09013212293967066,1075335.0,1140169.0,-16903.0,-46388.0,36.0,568252.0,606072.0,-0.02926377023015982,0.5284418344050924,0.5315633033348565,138693.0,-5119.0,20.0
2025-11-13,RB2601.SHF,3040.0,3054.0,3026.0,3046.0,3040.0,3038.0,3039.0,7.0,1.0,885545,2692196.11,1857343,-10693.0,63,0.8711698266897917,0.6800464997070884,12,RB2603.SHF,3070.0,3064.0,440368,24.0,RB2511.SHF,2895.0,2891.0,4,151.0,RB2610.SHF,3139.0,3139.0,336,244.0,0.09266079863495423,0.08896233703229854,1074534.0,1133709.0,-189.0,1.0,34.0,570463.0,604040.0,-0.02679732257727071,0.5308933919261745,0.5327998631042005,133527.0,-5166.0,20.0
2025-11-14,RB2601.SHF,3048.0,3057.0,3034.0,3053.0,3047.0,3046.0,3040.0,13.0,7.0,769087,2343499.48,1837133,-20210.0,62,0.8621423326775515,0.6727618555164493,12,RB2603.SHF,3069.0,3067.0,444071,16.0,RB2511.SHF,2890.0,2890.0,3,163.0,RB2610.SHF,3144.0,3138.0,335,254.0,0.09662525534664611,0.09261256307697607,1073387.0,1130108.0,-802.0,-3415.0,35.0,565327.0,604833.0,-0.02574137903648522,0.5266758401210374,0.5351992906872618,133527.0,0.0,20.0
2025-11-17,RB2601.SHF,3047.0,3104.0,3040.0,3097.0,3076.0,3053.0,3047.0,50.0,29.0,1329238,4088754.36,1729748,-107385.0,59,0.8326649402455326,0.6470060389793769,12,RB2603.SHF,3109.0,3089.0,450714,12.0,RB2512.SHF,3056.0,3038.0,28,41.0,RB2610.SHF,3192.0,3169.0,332,136.0,0.053432419399283435,0.05227761520855325,1024129.0,1057593.0,-45889.0,-65338.0,33.0,536059.0,562657.0,-0.01607515316646507,0.5234291773790216,0.5320165697011988,129872.0,-3655.0,20.0
2025-11-18,RB2601.SHF,3100.0,3100.0,3075.0,3090.0,3085.0,3097.0,3076.0,14.0,9.0,801889,2473919.62,1655469,-74279.0,58,0.8129244494006134,0.6296946028589545,12,RB2605.SHF,3139.0,3134.0,453294,49.0,RB2512.SHF,3046.0,3048.0,27,44.0,RB2611.SHF,3176.0,3178.0,363,130.0,0.04636252071412942,0.045400447776340856,975365.0,1030251.0,-48764.0,-24976.0,31.0,506840.0,556640.0,-0.02736615583441696,0.5196413650274513,0.5402955202178886,,,
2025-11-19,RB2601.SHF,3084.0,3096.0,3065.0,3070.0,3081.0,3090.0,3085.0,-15.0,-4.0,912064,2810939.29,1631133,-24336.0,57,0.797248984715222,0.6187243104308944,12,RB2605.SHF,3116.0,3128.0,479522,46.0,RB2512.SHF,3029.0,3037.0,26,41.0,RB2611.SHF,3178.0,3178.0,362,149.0,0.05343681711707459,0.0521640793611302,954196.0,1026852.0,-14396.0,9011.0,32.0,489098.0,562804.0,-0.03667553739232972,0.5125760325970765,0.5480867739460019,,,
2025-11-20,RB2601.SHF,3065.0,3075.0,3040.0,3050.0,3055.0,3070.0,3081.0,-31.0,-26.0,1151053,3517593.68,1573323,-57810.0,56,0.8043528088160277,0.6005088582635841,12,RB2605.SHF,3099.0,3103.0,517445,49.0,RB2512.SHF,3008.0,3017.0,25,42.0,RB2611.SHF,3154.0,3157.0,361,146.0,0.05272645959979734,0.05148681576023044,908345.0,994719.0,-44188.0,-26997.0,31.0,455603.0,540063.0,-0.04538680780047334,0.5015748421579906,0.5429302144625768,,,
2025-11-21,RB2601.SHF,3057.0,3072.0,3050.0,3057.0,3060.0,3050.0,3055.0,2.0,5.0,778562,2382885.29,1513411,-59912.0,55,0.7726581193103497,0.5834936573381871,12,RB2605.SHF,3098.0,3102.0,554030,41.0,RB2512.SHF,3014.0,3014.0,24,43.0,RB2611.SHF,3151.0,3157.0,360,137.0,0.04937770562770558,0.04828837303081647,871602.0,936971.0,-36743.0,-57206.0,32.0,435104.0,503985.0,-0.03614396543573303,0.49920032308324214,0.5378875119934342,,,
2025-11-24,RB2601.SHF,3057.0,3117.0,3050.0,3089.0,3084.0,3057.0,3060.0,29.0,24.0,1264959,3901186.25,1432705,-80706.0,52,0.7628493013219733,0.5521929812728337,12,RB2605.SHF,3118.0,3113.0,631741,29.0,RB2512.SHF,3031.0,3007.0,21,58.0,RB2611.SHF,3175.0,3162.0,357,144.0,0.05160955837300274,0.050421093774347996,823926.0,853708.0,-47153.0,-77524.0,31.0,416400.0,442819.0,-0.017752382224013104,0.505385192359508,0.5187007735666059,,,
2025-11-25,RB2601.SHF,3089.0,3113.0,3086.0,3106.0,3101.0,3089.0,3084.0,22.0,17.0,929789,2883650.12,1301038,-131667.0,51,0.7022930918709632,0.5072490438186433,12,RB2605.SHF,3125.0,3124.0,732262,19.0,RB2512.SHF,3005.0,2994.0,20,101.0,RB2611.SHF,3165.0,3169.0,356,160.0,0.05784010775691303,0.056352836241885494,731613.0,756397.0,-91181.0,-94733.0,31.0,368965.0,379369.0,-0.0166558020443411,0.5043171731502858,0.501547467797995,,,
2025-11-26,RB2601.SHF,3106.0,3107.0,3085.0,3099.0,3097.0,3106.0,3101.0,-2.0,-4.0,753169,2332914.86,1200700,-100338.0,50,0.706837896404382,0.4727971343146292,12,RB2605.SHF,3116.0,3117.0,809022,17.0,RB2512.SHF,3008.0,2997.0,19,91.0,RB2611.SHF,3160.0,3162.0,355,152.0,0.054893300405268436,0.05355138943927966,653643.0,697576.0,-76066.0,-48764.0,32.0,313851.0,357351.0,-0.032513604382413214,0.48015659924454174,0.512275364978153,,,
2025-11-27,RB2601.SHF,3099.0,3099.0,3077.0,3093.0,3088.0,3099.0,3097.0,-4.0,-9.0,753252,2326282.06,1069617,-131083.0,49,0.6534765816130006,0.4340999225645579,12,RB2605.SHF,3105.0,3104.0,857482,12.0,RB2512.SHF,2997.0,3008.0,18,96.0,RB2611.SHF,3147.0,3149.0,354,150.0,0.05436984603651268,0.05305299957716199,575165.0,631642.0,-77811.0,-57380.0,31.0,261221.0,330928.0,-0.046798701035045374,0.4541670651030574,0.5239170289499432,,,
2025-11-28,RB2601.SHF,3093.0,3113.0,3084.0,3110.0,3098.0,3093.0,3088.0,22.0,10.0,680875,2109658.0,972278,-97339.0,48,0.6122464578052376,0.39781900401019465,12,RB2605.SHF,3117.0,3108.0,927091,7.0,RB2512.SHF,2985.0,2992.0,17,125.0,RB2611.SHF,3148.0,3142.0,353,163.0,0.05931941453298249,0.057756452542755646,528931.0,573989.0,-42968.0,-51753.0,28.0,239864.0,310743.0,-0.040853371051390856,0.4534882621740832,0.5413744862706428,,,
2025-12-01,RB2605.SHF,3118.0,3168.0,3110.0,3167.0,3144.0,3117.0,3108.0,59.0,36.0,667976,2100288.35,1047769,120678.0,165,0.4158123946425503,0.422188393142439,12,RB2601.SHF,3134.0,3122.0,882576,-33.0,RB2512.SHF,3010.0,3000.0,14,157.0,RB2611.SHF,3201.0,3177.0,350,191.0,0.0689319332384116,0.0668332187881955,663693.0,683180.0,72557.0,55073.0,35.0,387776.0,341241.0,-0.014468327748792946,0.584270136945847,0.49948915366374896,,,
2025-12-02,RB2605.SHF,3167.0,3182.0,3159.0,3169.0,3169.0,3167.0,3144.0,25.0,25.0,581458,1842661.039,1175559,127790.0,164,0.49525913761617923,0.46793874867795526,12,RB2601.SHF,3133.0,3135.0,780154,-36.0,RB2512.SHF,3025.0,3022.0,13,144.0,RB2611.SHF,3212.0,3207.0,349,187.0,0.0671536796536796,0.06515978327269137,726080.0,756673.0,67612.0,73493.0,33.0,412927.0,401547.0,-0.02063256658391519,0.5687073049801675,0.5306744128573373,,,
2025-12-03,RB2605.SHF,3167.0,3174.0,3154.0,3169.0,3164.0,3169.0,3169.0,0.0,-5.0,750667,2375812.379,1297106,121547.0,163,0.6098085440312985,0.5124521220381838,12,RB2601.SHF,3137.0,3131.0,677656,-32.0,RB2512.SHF,3020.0,3020.0,12,149.0,RB2611.SHF,3204.0,3199.0,348,184.0,0.06618574582150731,0.06424781905969366,793127.0,807737.0,71694.0,52252.0,32.0,445235.0,424823.0,-0.009126321786235432,0.561366590722545,0.5259422311965405,,,
2025-12-04,RB2605.SHF,3171.0,3175.0,3150.0,3175.0,3161.0,3169.0,3164.0,11.0,-3.0,873461,2761285.916,1411905,114799.0,162,0.674534137507626,0.541958968028411,12,RB2601.SHF,3148.0,3137.0,627470,-27.0,RB2512.SHF,3030.0,3030.0,11,145.0,RB2611.SHF,3200.0,3191.0,347,170.0,0.06094805909162334,0.0592996709934735,859851.0,868064.0,72558.0,61199.0,31.0,490102.0,456513.0,-0.004753127323971376,0.5699847996920396,0.5258978600656172,,,
2025-12-05,RB2605.SHF,3178.0,3181.0,3155.0,3157.0,3164.0,3175.0,3161.0,-4.0,3.0,680567,2153537.858,1474541,62636.0,161,0.6874525244852442,0.5634055264552519,12,RB2601.SHF,3137.0,3144.0,568562,-20.0,RB2512.SHF,3027.0,3066.0,10,130.0,RB2611.SHF,3192.0,3199.0,346,165.0,0.05921409693708991,0.057656583586348044,894652.0,937276.0,37262.0,70945.0,32.0,516027.0,500379.0,-0.023267289980828942,0.5767907521583812,0.5338651581817949,,,
2025-12-08,RB2605.SHF,3157.0,3157.0,3110.0,3123.0,3128.0,3157.0,3164.0,-41.0,-36.0,1256787,3932457.797,1477577,3036.0,158,0.7511138629394267,0.578116600139445,12,RB2601.SHF,3117.0,3116.0,494029,-6.0,RB2512.SHF,3020.0,3020.0,7,103.0,RB2611.SHF,3167.0,3169.0,343,147.0,0.05287665562913906,0.05163004970818283,905437.0,938980.0,14087.0,13227.0,32.0,520506.0,489512.0,-0.018186234457825967,0.5748671635906197,0.5213231378730111,,,
2025-12-09,RB2605.SHF,3117.0,3124.0,3066.0,3079.0,3087.0,3123.0,3128.0,-49.0,-41.0,1324333,4089156.624,1593747,116170.0,157,0.7500596102143305,0.6116544425097471,12,RB2603.SHF,3057.0,3059.0,431023,-22.0,RB2512.SHF,2955.0,2955.0,6,124.0,RB2611.SHF,3106.0,3116.0,342,151.0,0.055510232857948705,0.0541384879820785,977133.0,991553.0,73975.0,61211.0,32.0,540575.0,501555.0,-0.007324682554759875,0.5532256100244286,0.5058277268083501,,,
2025-12-10,RB2605.SHF,3082.0,3140.0,3077.0,3117.0,3110.0,3079.0,3087.0,30.0,23.0,1519252,4724992.675,1514218,-79529.0,156,0.8020839107749147,0.6102014704786007,12,RB2603.SHF,3099.0,3091.0,425276,-18.0,RB2512.SHF,2972.0,2972.0,5,145.0,RB2611.SHF,3151.0,3135.0,341,179.0,0.06542712138691281,0.06353252562697344,969425.0,943836.0,-4701.0,-39661.0,35.0,562194.0,456100.0,0.013374547434981426,0.5799252133996957,0.4832407325001377,,,
2025-12-11,RB2605.SHF,3117.0,3118.0,3061.0,3069.0,3087.0,3117.0,3110.0,-41.0,-23.0,1360006,4199522.969,1602075,87857.0,155,0.8189196089435261,0.6315437802551286,12,RB2603.SHF,3054.0,3078.0,422742,-15.0,RB2512.SHF,2972.0,2972.0,4,97.0,RB2611.SHF,3105.0,3117.0,340,133.0,0.04861344773440999,0.04755709765900058,980780.0,987318.0,13743.0,48055.0,31.0,535970.0,490462.0,-0.0033219890472933767,0.5464732151960684,0.49676193485786746,,,
2025-12-12,RB2605.SHF,3077.0,3082.0,3057.0,3060.0,3070.0,3069.0,3087.0,-27.0,-17.0,974336,2991615.922,1607057,4982.0,154,0.8152716160742227,0.6380192804414127,12,RB2603.SHF,3056.0,3060.0,419196,-4.0,RB2512.SHF,2972.0,2972.0,3,88.0,RB2611.SHF,3097.0,3104.0,339,125.0,0.04568933057745295,0.044754620712728614,982541.0,979224.0,2881.0,-506.0,31.0,537055.0,475854.0,0.0016908243342092452,0.5465980554501033,0.485950099262273,,,
2025-12-15,RB2605.SHF,3040.0,3086.0,3031.0,3074.0,3064.0,3060.0,3070.0,4.0,-6.0,1232643,3777613.741,1627666,20609.0,151,0.821110585602089,0.6487883742602972,12,RB2603.SHF,3068.0,3062.0,409050,-6.0,RB2601.SHF,3083.0,3079.0,31,-9.0,RB2611.SHF,3106.0,3101.0,336,23.0,0.008927859281198438,0.008894721885921221,1012562.0,980989.0,32078.0,15928.0,32.0,561699.0,469420.0,0.015837568238785966,0.5547304757634595,0.47851708836694395,,,
2025-12-16,RB2605.SHF,3075.0,3095.0,3065.0,3081.0,3081.0,3074.0,3064.0,17.0,17.0,778715,2399502.225,1615142,-12524.0,150,0.8428080216201473,0.6509506469638744,12,RB2603.SHF,3076.0,3076.0,408231,-5.0,RB2601.SHF,3090.0,3088.0,30,-9.0,RB2612.SHF,3121.0,3121.0,364,31.0,0.010963509873456899,0.010908879995002098,1005576.0,967654.0,-5538.0,-8611.0,31.0,552165.0,455819.0,0.019218236090065528,0.5491032005537125,0.4710557699342947,,,
2025-12-17,RB2605.SHF,3081.0,3093.0,3071.0,3084.0,3082.0,3081.0,3081.0,3.0,1.0,593611,1829512.449,1604729,-10413.0,149,0.830286720554111,0.6532750483729076,12,RB2603.SHF,3078.0,3074.0,405427,-6.0,RB2601.SHF,3095.0,3095.0,29,-11.0,RB2612.SHF,3126.0,3120.0,363,31.0,0.010945798225842237,0.010891344131421416,995320.0,962303.0,-9515.0,-5351.0,32.0,543981.0,453775.0,0.01686586232384887,0.546538801591448,0.47155106032091765,,,
2025-12-18,RB2605.SHF,3083.0,3134.0,3081.0,3125.0,3119.0,3084.0,3082.0,43.0,37.0,1215549,3792034.491,1575943,-28786.0,148,0.8478689389056758,0.6549838970374622,12,RB2603.SHF,3117.0,3112.0,406550,-8.0,RB2601.SHF,3126.0,3126.0,28,-1.0,RB2612.SHF,3154.0,3148.0,362,28.0,0.009788484451442633,0.009744906100808555,988477.0,945944.0,-1600.0,-925.0,33.0,552183.0,458995.0,0.021987457745754415,0.5586199780065697,0.4852242838899554,,,
2025-12-19,RB2605.SHF,3125.0,3125.0,3103.0,3119.0,3114.0,3125.0,3119.0,0.0,-5.0,686113,2137130.202,1568866,-7077.0,147,0.8186421607639084,0.6608297512515348,12,RB2603.SHF,3099.0,3105.0,402253,-20.0,RB2601.SHF,3120.0,3116.0,27,-1.0,RB2612.SHF,3141.0,3141.0,361,21.0,0.007355481345002276,0.0073308378392761865,979157.0,962093.0,-9134.0,17802.0,33.0,541470.0,463084.0,0.008790212491951062,0.5529960976636025,0.4813297674964894,,,
2025-12-22,RB2605.SHF,3119.0,3138.0,3104.0,3126.0,3122.0,3119.0,3114.0,12.0,8.0,842412,2630154.046,1591974,23108.0,144,0.8456491449267797,0.667286739303747,12,RB2603.SHF,3114.0,3109.0,399822,-12.0,RB2601.SHF,3128.0,3124.0,24,-2.0,RB2612.SHF,3166.0,3162.0,358,38.0,0.013275877911695808,0.013195885189074422,984720.0,987702.0,5563.0,25609.0,34.0,539715.0,481033.0,-0.001511846856301542,0.5480898123324397,0.4870224014935679,,,
2025-12-23,RB2605.SHF,3128.0,3149.0,3118.0,3128.0,3134.0,3126.0,3122.0,6.0,12.0,849315,2662379.104,1580041,-11933.0,143,0.8301663822275396,0.6742074960540684,12,RB2603.SHF,3110.0,3118.0,397139,-18.0,RB2601.SHF,3116.0,3125.0,23,12.0,RB2612.SHF,3174.0,3171.0,357,58.0,0.02034121743675685,0.02015422258962928,984722.0,991496.0,371.0,14769.0,32.0,554904.0,488890.0,-0.003427759488072672,0.5635133570693048,0.4930831793572541,,,
2025-12-24,RB2605.SHF,3130.0,3144.0,3111.0,3136.0,3126.0,3128.0,3134.0,2.0,-8.0,837866,2619859.116,1597429,17388.0,142,0.8245738692280439,0.6827346157774908,12,RB2603.SHF,3111.0,3113.0,384476,-25.0,RB2601.SHF,3121.0,3116.0,22,15.0,RB2612.SHF,3168.0,3171.0,356,47.0,0.016456993094874042,0.016334308060452187,997125.0,989695.0,13268.0,-1552.0,32.0,567748.0,489503.0,0.0037396442556446984,0.5693849818227403,0.49459985146939206,,,
2025-12-25,RB2605.SHF,3141.0,3144.0,3123.0,3127.0,3131.0,3136.0,3126.0,1.0,5.0,502388,1573171.62,1581839,-15590.0,141,0.7810953008781313,0.6847841238589738,12,RB2603.SHF,3099.0,3106.0,375598,-28.0,RB2601.SHF,3107.0,3115.0,21,20.0,RB2612.SHF,3180.0,3180.0,355,73.0,0.02567603768966743,0.02537904709320045,987329.0,987950.0,-9796.0,-639.0,34.0,557835.0,491548.0,-0.0003143859677544286,0.5649940394741773,0.49754339794524016,,,
2025-12-26,RB2605.SHF,3132.0,3132.0,3090.0,3118.0,3108.0,3127.0,3131.0,-13.0,-23.0,1132633,3520357.62,1534424,-47415.0,140,0.8578284983742934,0.6904529631776178,12,RB2603.SHF,3097.0,3080.0,361536,-21.0,RB2601.SHF,3097.0,3100.0,20,21.0,RB2612.SHF,3171.0,3164.0,354,74.0,0.026111806093979277,0.02580472909065194,966197.0,947716.0,-18022.0,-37451.0,34.0,566797.0,474851.0,0.00965613379500531,0.5866267438213946,0.5010477822470023,,,
2025-12-29,RB2605.SHF,3118.0,3150.0,3116.0,3130.0,3137.0,3118.0,3108.0,22.0,29.0,1051146,3297721.15,1530792,-3632.0,137,0.8648282636973144,0.6955331706718646,12,RB2603.SHF,3101.0,3107.0,354931,-29.0,RB2601.SHF,3106.0,3112.0,17,24.0,RB2612.SHF,3188.0,3202.0,351,82.0,0.02885086234485313,0.02847659644771782,960611.0,951023.0,-5586.0,3307.0,34.0,566133.0,483903.0,0.0050156044514797285,0.5893467803304355,0.5088236562102073,,,
2025-12-30,RB2605.SHF,3130.0,3148.0,3128.0,3134.0,3137.0,3130.0,3137.0,-3.0,0.0,635547,1993875.79,1560806,30014.0,136,0.8564065386621103,0.7075995023973423,12,RB2603.SHF,3102.0,3106.0,343907,-32.0,RB2601.SHF,3113.0,3113.0,16,21.0,RB2612.SHF,3192.0,3189.0,350,79.0,0.027732841416428303,0.027386789421417045,987987.0,970579.0,29987.0,19556.0,36.0,576251.0,492028.0,0.008888135503220214,0.5832576744430847,0.5069427630311392,,,
2025-12-31,RB2605.SHF,3138.0,3142.0,3114.0,3122.0,3127.0,3134.0,3137.0,-15.0,-10.0,651840,2038600.27,1505284,-55522.0,135,0.8453685258964143,0.7111943069833191,12,RB2603.SHF,3096.0,3103.0,328550,-26.0,RB2601.SHF,3100.0,3105.0,15,22.0,RB2612.SHF,3173.0,3186.0,349,73.0,0.025734015839289054,0.025435692829744363,956514.0,947463.0,-29984.0,-23116.0,37.0,556799.0,477686.0,0.004753733894894739,0.5821127552759291,0.5041737777622979,,,
2026-01-05,RB2605.SHF,3135.0,3135.0,3097.0,3104.0,3113.0,3122.0,3127.0,-23.0,-14.0,697016,2170044.4,1548351,43067.0,130,0.9067995394552822,0.7166370681192402,12,RB2603.SHF,3089.0,3091.0,328112,-15.0,RB2601.SHF,3088.0,3090.0,10,16.0,RB2612.SHF,3165.0,3164.0,344,77.0,0.02724958114858376,0.026915387884034723,964874.0,979474.0,10008.0,32011.0,33.0,552055.0,498281.0,-0.0075089438721874895,0.5721524261198871,0.5087230493101399,,,
2026-01-06,RB2605.SHF,3103.0,3119.0,3085.0,3111.0,3098.0,3104.0,3113.0,-2.0,-15.0,841618,2607862.65,1562948,14597.0,129,0.9257033369043717,0.720039509048475,12,RB2603.SHF,3087.0,3075.0,324978,-24.0,RB2601.SHF,3082.0,3065.0,9,29.0,RB2612.SHF,3172.0,3155.0,343,90.0,0.03191216528655862,0.03145509553669852,966968.0,961291.0,12866.0,-14972.0,34.0,556304.0,483171.0,0.0029441065748947626,0.5753075592987565,0.5026271961351974,,,
2026-01-07,RB2605.SHF,3113.0,3192.0,3110.0,3187.0,3154.0,3111.0,3098.0,89.0,56.0,1937222,6111321.6,1741383,178435.0,128,0.9220054676226122,0.7398255993032469,12,RB2603.SHF,3156.0,3127.0,314420,-31.0,RB2601.SHF,3130.0,3103.0,8,57.0,RB2612.SHF,3242.0,3212.0,342,112.0,0.03910390082454905,0.03842053247880012,1091910.0,1084730.0,132512.0,126444.0,34.0,650787.0,553583.0,0.003298662158188768,0.596007912740061,0.5103417440284679,,,
2026-01-08,RB2605.SHF,3180.0,3198.0,3156.0,3168.0,3179.0,3187.0,3154.0,14.0,25.0,1350602,4294633.59,1781802,40419.0,127,0.8967723943774194,0.7525264384903876,12,RB2603.SHF,3145.0,3156.0,288661,-23.0,RB2601.SHF,3127.0,3124.0,7,41.0,RB2612.SHF,3222.0,3237.0,341,95.0,0.03320030868866682,0.0327059739277354,1128461.0,1092903.0,43685.0,23051.0,35.0,669163.0,555116.0,0.016007282012313155,0.5929872631841066,0.5079279679898399,,,
2026-01-09,RB2605.SHF,3173.0,3174.0,3128.0,3144.0,3146.0,3168.0,3179.0,-35.0,-33.0,1169507,3679922.07,1714863,-66939.0,126,0.9116560313928961,0.7425796723901111,12,RB2603.SHF,3120.0,3126.0,281604,-24.0,RB2601.SHF,3089.0,3106.0,6,55.0,RB2612.SHF,3214.0,3209.0,340,125.0,0.04422201243353361,0.04335069306374185,1062895.0,1079922.0,-63646.0,-12981.0,35.0,609183.0,565427.0,-0.00794608218993969,0.5731356342818434,0.523581332725882,,,
2026-01-12,RB2605.SHF,3145.0,3174.0,3141.0,3165.0,3158.0,3144.0,3146.0,19.0,12.0,957432,3024385.32,1726703,11840.0,123,0.8932760227687272,0.7436255548004613,12,RB2603.SHF,3140.0,3132.0,273739,-25.0,RB2601.SHF,3133.0,3132.0,3,32.0,RB2612.SHF,3219.0,3221.0,337,86.0,0.029997458004514324,0.029593129420703482,1073480.0,1083458.0,10585.0,4364.0,36.0,621299.0,574807.0,-0.004626002230940342,0.5787709132913514,0.5305300251601816,,,
2026-01-13,RB2605.SHF,3169.0,3173.0,3150.0,3158.0,3161.0,3165.0,3158.0,0.0,3.0,837879,2648877.8,1687943,-38760.0,122,0.9060404208614034,0.7370550338454176,12,RB2603.SHF,3132.0,3136.0,269337,-26.0,RB2601.SHF,3134.0,3132.0,2,24.0,RB2612.SHF,3225.0,3222.0,336,91.0,0.03173136815074384,0.03127941408555676,1064799.0,1061589.0,-8681.0,-19304.0,33.0,618462.0,545253.0,0.001509602198658006,0.5808251134721201,0.5136196776718673,,,
2026-01-14,RB2605.SHF,3158.0,3175.0,3152.0,3162.0,3164.0,3158.0,3161.0,1.0,3.0,764719,2419647.77,1691461,3518.0,121,0.9041272911496567,0.733275704583003,12,RB2603.SHF,3137.0,3139.0,262584,-25.0,RB2601.SHF,3143.0,3133.0,1,19.0,RB2612.SHF,3229.0,3226.0,335,86.0,0.0299020158855055,0.029500233220533797,1071895.0,1060596.0,14789.0,-213.0,33.0,622183.0,542944.0,0.005298498328949571,0.5804514434716087,0.511923484531339,,,
2026-01-15,RB2605.SHF,3161.0,3172.0,3149.0,3160.0,3161.0,3162.0,3164.0,-4.0,-3.0,754088,2383726.46,1685122,-6339.0,120,0.8833307757995612,0.7260377495062439,12,RB2603.SHF,3136.0,3137.0,254238,-24.0,RB2602.SHF,3135.0,3129.0,40,25.0,RB2612.SHF,3217.0,3223.0,334,82.0,0.03247295728498724,0.032055534261162894,1064999.0,1065708.0,-6896.0,5544.0,33.0,614539.0,540581.0,-0.00033275340063180906,0.5770324666971518,0.5072505789578383,,,
2026-01-16,RB2605.SHF,3165.0,3194.0,3156.0,3163.0,3173.0,3160.0,3161.0,2.0,12.0,1365347,4332403.54,1755339,70217.0,119,0.9208213932364817,0.7335920260782347,12,RB2603.SHF,3141.0,3148.0,247999,-22.0,RB2602.SHF,3150.0,3148.0,39,13.0,RB2701.SHF,3242.0,3246.0,364,92.0,0.03280097680097683,0.03233110530375102,1104321.0,1126956.0,48825.0,61991.0,33.0,633370.0,573365.0,-0.010144415059179115,0.5735379477525103,0.5087731907900575,,,
2026-01-19,RB2605.SHF,3163.0,3171.0,3134.0,3140.0,3148.0,3163.0,3173.0,-33.0,-25.0,1056242,3325862.92,1727955,-27384.0,116,0.9091387969581814,0.7299520914221215,12,RB2603.SHF,3117.0,3130.0,239022,-23.0,RB2602.SHF,3118.0,3128.0,36,22.0,RB2701.SHF,3215.0,3227.0,361,97.0,0.03493857008930775,0.03440612084525923,1063915.0,1121177.0,-35829.0,-4850.0,34.0,596617.0,585176.0,-0.026205761588070434,0.5607750619175405,0.5219300788367939,,,
2026-01-20,RB2605.SHF,3140.0,3147.0,3110.0,3111.0,3128.0,3140.0,3148.0,-37.0,-20.0,936583,2929925.07,1741235,13280.0,115,0.9073772485024516,0.7327443273633181,12,RB2607.SHF,3150.0,3168.0,233873,39.0,RB2602.SHF,3068.0,3086.0,35,43.0,RB2701.SHF,3191.0,3208.0,360,123.0,0.04502557416507863,0.044146428565385434,1067509.0,1113027.0,11184.0,-8150.0,34.0,591082.0,585766.0,-0.020874684022643974,0.5537021233544636,0.5262819320645411,,,
2026-01-21,RB2605.SHF,3111.0,3122.0,3104.0,3117.0,3113.0,3111.0,3128.0,-11.0,-15.0,633661,1972735.93,1742258,1023.0,114,0.8885481432870312,0.7342791853826748,12,RB2607.SHF,3152.0,3150.0,236605,35.0,RB2602.SHF,3068.0,3062.0,34,49.0,RB2701.SHF,3192.0,3191.0,359,124.0,0.04539163574365671,0.044498324831174545,1067017.0,1110521.0,-492.0,-2506.0,34.0,593341.0,567840.0,-0.01997852620712015,0.5560745517644049,0.5113275660703399,,,
2026-01-22,RB2605.SHF,3116.0,3135.0,3112.0,3124.0,3124.0,3117.0,3113.0,11.0,11.0,615894,1924200.0,1747274,5016.0,113,0.8838181776435877,0.7360172336663074,12,RB2607.SHF,3160.0,3158.0,242690,36.0,RB2602.SHF,3075.0,3075.0,33,49.0,RB2701.SHF,3190.0,3194.0,358,115.0,0.042001250781738546,0.04123490975836699,1050525.0,1119350.0,-13675.0,15500.0,35.0,589660.0,550816.0,-0.031718416959502276,0.5613003022298375,0.49208558538437486,,,
2026-01-23,RB2605.SHF,3120.0,3147.0,3119.0,3142.0,3134.0,3124.0,3124.0,18.0,10.0,657796,2061901.66,1741762,-5512.0,112,0.8664250988202163,0.7412579615259233,12,RB2607.SHF,3178.0,3171.0,253917,36.0,RB2602.SHF,3092.0,3089.0,32,50.0,RB2701.SHF,3219.0,3205.0,357,127.0,0.046128968056523154,0.045206790402756686,1058532.0,1117450.0,8007.0,-1900.0,35.0,594582.0,551729.0,-0.027076510743195486,0.5617043225901531,0.49373931719540026,,,
2026-01-26,RB2605.SHF,3148.0,3160.0,3140.0,3143.0,3151.0,3142.0,3134.0,9.0,17.0,809245,2550134.77,1730856,-10906.0,109,0.8275191043820692,0.7447495307816692,12,RB2607.SHF,3182.0,3188.0,268597,39.0,RB2602.SHF,3077.0,3094.0,29,66.0,RB2701.SHF,3219.0,3225.0,354,142.0,0.051828704282393,0.05066835209698379,1062148.0,1123814.0,3828.0,9746.0,35.0,591578.0,556861.0,-0.028210005480424637,0.5569638129526205,0.4955099331384019,,,
2026-01-27,RB2605.SHF,3143.0,3145.0,3121.0,3126.0,3133.0,3143.0,3151.0,-25.0,-18.0,673796,2111014.54,1714659,-16197.0,108,0.8552447197400488,0.7449053977499818,12,RB2607.SHF,3163.0,3170.0,278221,37.0,RB2602.SHF,3058.0,3069.0,28,68.0,RB2701.SHF,3199.0,3207.0,353,141.0,0.05178346833023099,0.050625110809496346,1064437.0,1119067.0,3656.0,-4747.0,37.0,585491.0,554840.0,-0.025019418329437455,0.5500475838400958,0.4958058811492073,,,
2026-01-28,RB2605.SHF,3126.0,3131.0,3115.0,3123.0,3122.0,3126.0,3133.0,-10.0,-11.0,607256,1896165.87,1744406,29747.0,107,0.8439725873185078,0.7484739019753138,12,RB2607.SHF,3159.0,3159.0,293533,36.0,RB2602.SHF,3049.0,3049.0,27,74.0,RB2701.SHF,3200.0,3196.0,352,151.0,0.055619749224209626,0.05428632848258622,1068989.0,1146962.0,8196.0,27895.0,33.0,574490.0,567798.0,-0.03518714989636504,0.5374143232530925,0.495045171505246,,,
2026-01-29,RB2605.SHF,3123.0,3159.0,3120.0,3157.0,3143.0,3123.0,3122.0,35.0,21.0,1026450,3226296.7,1785380,40974.0,106,0.8711900025122727,0.7513321207969075,12,RB2607.SHF,3195.0,3180.0,304520,38.0,RB2602.SHF,3059.0,3044.0,26,98.0,RB2701.SHF,3228.0,3213.0,351,169.0,0.06204642039882318,0.060393108037574264,1117809.0,1141817.0,48826.0,-5145.0,33.0,616504.0,567045.0,-0.010624767107477078,0.5515289284663122,0.4966163579627909,,,
2026-01-30,RB2605.SHF,3157.0,3174.0,3124.0,3128.0,3147.0,3157.0,3143.0,-15.0,4.0,1218321,3834882.12,1734110,-51270.0,105,0.8873720459680368,0.7500349258814406,12,RB2607.SHF,3163.0,3185.0,301150,35.0,RB2602.SHF,2954.0,3038.0,25,174.0,RB2701.SHF,3211.0,3228.0,350,257.0,0.09770845268475606,0.09368958250565826,1075044.0,1139768.0,-38347.0,-2049.0,32.0,581654.0,583488.0,-0.029223247842254784,0.5410513430147975,0.5119357623656744,,,
2026-02-02,RB2605.SHF,3128.0,3139.0,3093.0,3098.0,3115.0,3128.0,3147.0,-49.0,-32.0,1134404,3533763.9,1784097,49987.0,102,0.8766503789351178,0.7626588501234551,12,RB2607.SHF,3130.0,3152.0,306002,32.0,RB2602.SHF,3018.0,3017.0,22,80.0,RB2701.SHF,3180.0,3197.0,347,162.0,0.060284447163174694,0.05872213939368093,1115174.0,1150695.0,64717.0,25831.0,34.0,620140.0,605382.0,-0.015676546172792866,0.5560925918287191,0.5261011823289403,,,
2026-02-03,RB2605.SHF,3112.0,3118.0,3095.0,3099.0,3106.0,3098.0,3115.0,-16.0,-9.0,685806,2130249.62,1805126,21029.0,101,0.8562588880717863,0.7619931674457028,12,RB2607.SHF,3131.0,3137.0,313614,32.0,RB2602.SHF,3002.0,3007.0,21,97.0,RB2701.SHF,3182.0,3189.0,346,180.0,0.06733972223645766,0.0653981132217802,1128800.0,1164814.0,13626.0,16178.0,33.0,612943.0,593166.0,-0.015701857418031106,0.5430040751240255,0.5092366678285116,,,
2026-02-04,RB2605.SHF,3105.0,3119.0,3100.0,3110.0,3110.0,3099.0,3106.0,4.0,4.0,614090,1909933.29,1798227,-6899.0,100,0.8691141712781465,0.757101668697419,12,RB2607.SHF,3144.0,3144.0,323050,34.0,RB2602.SHF,3007.0,3007.0,20,103.0,RB2701.SHF,3191.0,3196.0,345,184.0,0.06872170064720776,0.06670115938691003,1124154.0,1149819.0,-4646.0,-11386.0,32.0,602661.0,575158.0,-0.011286413690927729,0.536101815231721,0.5002161209720835,,,
2026-02-05,RB2605.SHF,3111.0,3113.0,3086.0,3101.0,3097.0,3110.0,3110.0,-9.0,-13.0,681405,2110836.6,1847671,49444.0,99,0.8453191447130104,0.759933748958401,12,RB2607.SHF,3134.0,3133.0,335697,33.0,RB2602.SHF,3007.0,3007.0,19,94.0,RB2701.SHF,3185.0,3181.0,344,178.0,0.06648077562610326,0.0645874631737636,1159477.0,1180925.0,35323.0,39091.0,33.0,611967.0,589714.0,-0.009164237596788928,0.5277957216917627,0.49936617482058554,,,
2026-02-06,RB2605.SHF,3105.0,3111.0,3074.0,3077.0,3090.0,3101.0,3097.0,-20.0,-7.0,723307,2235523.24,1915253,67582.0,98,0.8745224208306734,0.7635816858693056,12,RB2607.SHF,3110.0,3124.0,345835,33.0,RB2602.SHF,3007.0,3007.0,18,70.0,RB2701.SHF,3158.0,3170.0,343,151.0,0.05639661303113244,0.055026290205773154,1188040.0,1221899.0,32114.0,41113.0,35.0,618091.0,626862.0,-0.014049733209014833,0.5202611023197872,0.5130227621104526,,,
2026-02-09,RB2605.SHF,3079.0,3083.0,3060.0,3064.0,3069.0,3077.0,3090.0,-26.0,-21.0,665539,2042554.36,2005501,90248.0,95,0.8708712913263423,0.769492653085029,12,RB2607.SHF,3094.0,3100.0,353316,30.0,RB2602.SHF,2940.0,2924.0,15,124.0,RB2701.SHF,3145.0,3149.0,340,205.0,0.0783097854526425,0.07570022373126749,1246828.0,1261556.0,58788.0,50412.0,32.0,633712.0,651357.0,-0.00587150930639009,0.5082593589492697,0.5163123951691403,,,
2026-02-10,RB2605.SHF,3071.0,3072.0,3047.0,3052.0,3056.0,3064.0,3069.0,-17.0,-13.0,528327,1614654.04,2065537,60036.0,94,0.8477484387335289,0.7737299144735659,12,RB2607.SHF,3083.0,3087.0,351956,31.0,RB2602.SHF,2940.0,2940.0,14,112.0,RB2701.SHF,3133.0,3134.0,339,193.0,0.07372579801151238,0.07140683746493708,1275140.0,1307696.0,28312.0,46140.0,32.0,641218.0,673252.0,-0.012604749198168215,0.5028608623366846,0.5148383110447688,,,
2026-02-11,RB2605.SHF,3053.0,3068.0,3043.0,3054.0,3057.0,3052.0,3056.0,-2.0,1.0,557284,1703952.64,2063660,-1877.0,93,0.8676989669212385,0.7731646677466779,12,RB2607.SHF,3087.0,3088.0,349236,33.0,RB2602.SHF,2940.0,2940.0,13,114.0,RB2701.SHF,3132.0,3135.0,338,192.0,0.07334379905808466,0.07104831330448526,1274564.0,1310406.0,-576.0,3475.0,33.0,637444.0,677102.0,-0.013865538091351158,0.5001271022875273,0.5167116145683094,,,
2026-02-12,RB2605.SHF,3058.0,3060.0,3041.0,3050.0,3051.0,3054.0,3057.0,-7.0,-6.0,444164,1355354.74,2029537,-34123.0,92,0.7922106644978097,0.7778203185421778,12,RB2607.SHF,3086.0,3087.0,325644,36.0,RB2602.SHF,2900.0,2900.0,12,150.0,RB2701.SHF,3130.0,3128.0,337,230.0,0.08907161803713533,0.08571577741312691,1256832.0,1297131.0,-9804.0,-12920.0,33.0,628121.0,671078.0,-0.01577900697856625,0.49976528286994604,0.5173556101889477,,,
2026-02-13,RB2605.SHF,3051.0,3066.0,3042.0,3055.0,3054.0,3050.0,3051.0,4.0,3.0,555957,1698410.15,1942442,-87095.0,91,0.8162550083907522,0.7705060898573778,12,RB2607.SHF,3088.0,3093.0,325687,33.0,RB2602.SHF,2900.0,2900.0,11,155.0,RB2701.SHF,3130.0,3129.0,336,230.0,0.08907161803713533,0.08571577741312691,1219084.0,1261848.0,-37748.0,-33718.0,32.0,616334.0,648677.0,-0.017237070584764112,0.5055713962286438,0.514069047936043,,,
2026-02-24,RB2605.SHF,3055.0,3060.0,3005.0,3027.0,3024.0,3055.0,3054.0,-27.0,-30.0,746349,2257553.31,2034509,92067.0,80,0.8560668016310425,0.7740888183564583,12,RB2607.SHF,3056.0,3058.0,333343,29.0,RB2603.SHF,3040.0,3032.0,20,-13.0,RB2701.SHF,3104.0,3101.0,325,64.0,0.025194132873166603,0.0249325958017618,1266835.0,1324765.0,49202.0,63663.0,31.0,624719.0,686747.0,-0.02235298657200185,0.4931336756562615,0.5183915637867849,,,
2026-02-25,RB2605.SHF,3029.0,3084.0,3024.0,3076.0,3057.0,3027.0,3024.0,52.0,33.0,1150036,3515829.22,1988709,-45800.0,79,0.8716673033428531,0.7619043423025674,12,RB2607.SHF,3097.0,3078.0,343776,21.0,RB2603.SHF,3088.0,3058.0,19,-12.0,RB2702.SHF,3149.0,3127.0,355,61.0,0.021458834505304787,0.021249637303781675,1238956.0,1265262.0,-27147.0,-59503.0,31.0,617165.0,639356.0,-0.010504676509792678,0.49813310561472723,0.5053151046976831,,,
2026-02-26,RB2605.SHF,3076.0,3083.0,3050.0,3063.0,3066.0,3076.0,3057.0,6.0,9.0,692924,2125127.49,1952420,-36289.0,78,0.8616100072119569,0.7566155712245661,12,RB2607.SHF,3084.0,3088.0,348452,21.0,RB2603.SHF,3080.0,3089.0,18,-17.0,RB2702.SHF,3130.0,3137.0,354,50.0,0.017634894867037638,0.01749328500536076,1189621.0,1228007.0,-36165.0,-37255.0,33.0,566264.0,602123.0,-0.01587754609063098,0.47600370201938264,0.49032538088137934,,,
2026-02-27,RB2605.SHF,3063.0,3070.0,3047.0,3067.0,3059.0,3063.0,3066.0,1.0,-7.0,595003,1820142.35,1948194,-4226.0,77,0.8365360552251606,0.7536012013094644,12,RB2607.SHF,3089.0,3079.0,355454,22.0,RB2603.SHF,3050.0,3073.0,17,17.0,RB2702.SHF,3134.0,3132.0,353,84.0,0.029918032786885308,0.029513458213677807,1182468.0,1222115.0,-5767.0,-5274.0,31.0,567690.0,604361.0,-0.01648809793631578,0.4800891017769614,0.49452056475863565,,,
2026-03-02,RB2605.SHF,3075.0,3098.0,3050.0,3067.0,3072.0,3067.0,3059.0,8.0,13.0,1029503,3163136.99,1903813,-44381.0,74,0.8417904614257493,0.7398933811513079,12,RB2607.SHF,3091.0,3091.0,365665,24.0,RB2603.SHF,3068.0,3070.0,14,-1.0,RB2702.SHF,3148.0,3149.0,350,80.0,0.02832619358043096,0.027963179087213394,1160929.0,1198148.0,-16868.0,-23916.0,32.0,564420.0,597537.0,-0.015776933097139262,0.48617960271472244,0.4987171868583848,,,
2026-03-03,RB2605.SHF,3070.0,3078.0,3057.0,3074.0,3067.0,3067.0,3072.0,2.0,-5.0,788272,2417711.6,1881888,-21925.0,73,0.8469586089744485,0.7316315343405205,12,RB2607.SHF,3099.0,3092.0,370791,25.0,RB2603.SHF,3085.0,3077.0,13,-11.0,RB2702.SHF,3133.0,3136.0,349,48.0,0.01690206066219037,0.016771917957252407,1150647.0,1175250.0,-9226.0,-20352.0,32.0,574056.0,582148.0,-0.010577854479368605,0.4988984458309108,0.49533971495426504,,,
2026-03-04,RB2605.SHF,3074.0,3085.0,3061.0,3071.0,3072.0,3074.0,3067.0,4.0,5.0,710699,2183364.01,1839511,-42377.0,72,0.8555896919776466,0.7242856507251278,12,RB2607.SHF,3095.0,3094.0,373657,24.0,RB2603.SHF,3079.0,3083.0,12,-8.0,RB2702.SHF,3139.0,3139.0,348,60.0,0.021168746810188807,0.020965131710923814,1125200.0,1135475.0,-22051.0,-39192.0,34.0,554013.0,573506.0,-0.004545102679509439,0.4923684678279417,0.5050802527576564,,,
2026-03-05,RB2605.SHF,3071.0,3093.0,3068.0,3075.0,3080.0,3071.0,3072.0,3.0,8.0,806140,2482945.28,1837275,-2236.0,71,0.8563303798960897,0.7190936783631384,12,RB2607.SHF,3097.0,3103.0,378233,22.0,RB2603.SHF,3093.0,3096.0,11,-18.0,RB2702.SHF,3144.0,3146.0,347,51.0,0.01791199020830435,0.01776591968860124,1127931.0,1132297.0,2731.0,-2870.0,33.0,554560.0,589255.0,-0.0019316635312897636,0.491661280698908,0.5204067484061161,,,
2026-03-06,RB2605.SHF,3075.0,3092.0,3064.0,3088.0,3079.0,3075.0,3080.0,8.0,-1.0,704303,2168731.49,1798732,-38543.0,70,0.8333990062679195,0.7091279029197636,12,RB2607.SHF,3111.0,3103.0,383353,23.0,RB2603.SHF,3098.0,3090.0,10,-10.0,RB2702.SHF,3150.0,3144.0,346,52.0,0.018233729902548394,0.0180823942191834,1111487.0,1099600.0,-13429.0,-28669.0,33.0,552170.0,573088.0,0.00537608877443538,0.4967849376555911,0.5211786104037832,,,
2026-03-09,RB2605.SHF,3092.0,3142.0,3091.0,3119.0,3117.0,3088.0,3079.0,40.0,38.0,1576431,4915011.98,1740832,-57900.0,67,0.8374104319399609,0.6958459861480908,12,RB2607.SHF,3144.0,3139.0,381788,25.0,RB2603.SHF,3110.0,3115.0,7,9.0,RB2702.SHF,3192.0,3184.0,343,82.0,0.02864224467922208,0.0282711547312295,1074037.0,1105846.0,-35924.0,9690.0,34.0,541595.0,563207.0,-0.014592067555919285,0.5042610263892212,0.5092996674039604,,,
2026-03-10,RB2605.SHF,3119.0,3121.0,3091.0,3104.0,3106.0,3119.0,3117.0,-13.0,-11.0,795516,2471615.76,1731363,-9469.0,66,0.8261041586835768,0.6900725321029686,12,RB2607.SHF,3128.0,3133.0,387824,24.0,RB2603.SHF,3115.0,3119.0,6,-11.0,RB2702.SHF,3168.0,3171.0,342,53.0,0.018482954979744688,0.01832747745582879,1073031.0,1074951.0,-964.0,-30895.0,33.0,531652.0,552654.0,-0.0008938622390690425,0.49546751212220336,0.5141201785011595,,,
2026-03-11,RB2605.SHF,3106.0,3117.0,3096.0,3115.0,3107.0,3104.0,3106.0,9.0,1.0,534162,1659947.58,1722422,-8941.0,65,0.7918766825982282,0.676826266056441,12,RB2607.SHF,3140.0,3132.0,405817,25.0,RB2603.SHF,3115.0,3115.0,5,0.0,RB2702.SHF,3179.0,3174.0,341,64.0,0.022319039975540852,0.02209285219219041,1070868.0,1079831.0,-1696.0,5100.0,33.0,541599.0,561792.0,-0.004167482292966147,0.5057570120687144,0.5202591887063809,,,
2026-03-12,RB2605.SHF,3115.0,3136.0,3112.0,3120.0,3124.0,3115.0,3107.0,13.0,17.0,765830,2392938.08,1676246,-46176.0,64,0.82141428312477,0.6623826231481398,12,RB2607.SHF,3141.0,3145.0,410814,21.0,RB2603.SHF,3129.0,3129.0,4,-9.0,RB2702.SHF,3182.0,3188.0,340,53.0,0.01840025719460047,0.018246160144435346,1049717.0,1052852.0,-21084.0,-26129.0,32.0,537290.0,541419.0,-0.0014910331123497017,0.5118427157033753,0.5142403680669267,,,
2026-03-13,RB2605.SHF,3142.0,3150.0,3134.0,3142.0,3141.0,3120.0,3124.0,18.0,17.0,919808,2889673.58,1626779,-49467.0,63,0.8454342992598148,0.6520075301669599,12,RB2607.SHF,3162.0,3161.0,409976,20.0,RB2603.SHF,3158.0,3155.0,3,-16.0,RB2702.SHF,3201.0,3201.0,339,43.0,0.014791421635151866,0.014691624944376853,1023991.0,1028182.0,-22273.0,-16347.0,33.0,530545.0,516887.0,-0.0020422254848884575,0.518114905306785,0.5027193629143478,,,
2026-03-16,RB2605.SHF,3130.0,3146.0,3121.0,3140.0,3135.0,3142.0,3141.0,-1.0,-6.0,735893,2307584.22,1574064,-52715.0,60,0.8193686381137529,0.6414393738111034,12,RB2607.SHF,3155.0,3154.0,404717,15.0,RB2604.SHF,3141.0,3138.0,30,-1.0,RB2702.SHF,3204.0,3199.0,336,63.0,0.023924565050470952,0.023687794631062707,987009.0,997770.0,-36982.0,-30412.0,34.0,500143.0,494832.0,-0.005421762322152744,0.506725875853209,0.4959379416097898,,,
2026-03-17,RB2605.SHF,3140.0,3150.0,3134.0,3148.0,3143.0,3140.0,3135.0,13.0,8.0,592481,1862504.28,1549534,-24530.0,59,0.8059529526030055,0.6321444627481505,12,RB2610.SHF,3168.0,3162.0,407719,20.0,RB2604.SHF,3153.0,3147.0,29,-5.0,RB2703.SHF,3201.0,3204.0,363,48.0,0.01663656511904827,0.016511201661834757,972522.0,980588.0,-14487.0,-17182.0,31.0,496937.0,487909.0,-0.004129823717046147,0.5109776436934075,0.4975677858590968,,,
2026-03-18,RB2605.SHF,3148.0,3167.0,3135.0,3140.0,3151.0,3148.0,3143.0,-3.0,8.0,860500,2711685.34,1514911,-34623.0,58,0.7704787981784288,0.6121312551165461,12,RB2610.SHF,3165.0,3171.0,442061,25.0,RB2604.SHF,3139.0,3153.0,28,1.0,RB2703.SHF,3215.0,3219.0,362,76.0,0.026458710486004778,0.026143485442708624,940125.0,969023.0,-32397.0,-11043.0,31.0,481817.0,488386.0,-0.015136594962779209,0.5125031245844968,0.5039983571081388,,,
2026-03-19,RB2605.SHF,3140.0,3145.0,3122.0,3135.0,3131.0,3140.0,3151.0,-16.0,-20.0,648797,2031659.74,1449246,-65665.0,57,0.7934753230234877,0.5972755012718284,12,RB2610.SHF,3163.0,3157.0,458153,28.0,RB2604.SHF,3130.0,3130.0,27,5.0,RB2703.SHF,3209.0,3203.0,361,79.0,0.027582215760172977,0.027239881781781942,908702.0,933338.0,-31423.0,-35685.0,31.0,457397.0,480491.0,-0.013374302403856593,0.5033520340001453,0.5148092116682274,,,
2026-03-20,RB2605.SHF,3130.0,3136.0,3113.0,3123.0,3126.0,3135.0,3131.0,-8.0,-5.0,724139,2264163.33,1387220,-62026.0,56,0.7711991122262716,0.579962565528094,12,RB2610.SHF,3151.0,3156.0,486030,28.0,RB2604.SHF,3120.0,3123.0,26,3.0,RB2703.SHF,3195.0,3200.0,360,75.0,0.02626957623215099,0.025958806565745736,851149.0,907311.0,-45350.0,-13398.0,33.0,414054.0,469285.0,-0.03193817317425474,0.4864647670384386,0.5172261771322072,,,
2026-03-23,RB2605.SHF,3120.0,3165.0,3111.0,3154.0,3148.0,3123.0,3126.0,28.0,22.0,1011355,3183775.86,1351388,-35832.0,53,0.7579201458053241,0.5591454440661332,12,RB2610.SHF,3182.0,3176.0,545182,28.0,RB2604.SHF,3152.0,3150.0,23,2.0,RB2703.SHF,3234.0,3237.0,357,82.0,0.028429815495911708,0.02806630252436549,820046.0,881647.0,-27933.0,-19272.0,32.0,390844.0,452208.0,-0.03619983157949172,0.47661228760337837,0.5129127644057089,,,
2026-03-24,RB2605.SHF,3145.0,3155.0,3135.0,3145.0,3145.0,3154.0,3148.0,-3.0,-3.0,618964,1946673.5,1263489,-87899.0,52,0.7329189751799545,0.535088518005769,12,RB2610.SHF,3173.0,3173.0,576982,28.0,RB2604.SHF,3141.0,3142.0,22,4.0,RB2703.SHF,3228.0,3213.0,356,87.0,0.03026897494409464,0.029857360466123965,766449.0,833793.0,-53597.0,-47854.0,33.0,349955.0,423551.0,-0.0420836348502289,0.4565926760945608,0.5079809976816788,,,
2026-03-25,RB2605.SHF,3147.0,3155.0,3126.0,3132.0,3139.0,3145.0,3145.0,-13.0,-6.0,593608,1863625.68,1207317,-56172.0,51,0.7419543534234933,0.5173586753953198,12,RB2610.SHF,3162.0,3167.0,603335,30.0,RB2604.SHF,3109.0,3122.0,21,23.0,RB2703.SHF,3208.0,3218.0,355,99.0,0.03479852774348375,0.03425597008560695,725910.0,803611.0,-33804.0,-25796.0,33.0,320031.0,422853.0,-0.05080087164543671,0.4408687027317436,0.5261911546755831,,,
2026-03-26,RB2605.SHF,3131.0,3138.0,3125.0,3128.0,3131.0,3132.0,3139.0,-11.0,-8.0,406440,1272831.99,1167209,-40108.0,50,0.7311926225895415,0.5053699472595625,12,RB2610.SHF,3158.0,3160.0,618049,30.0,RB2604.SHF,3109.0,3106.0,20,19.0,RB2703.SHF,3212.0,3209.0,354,103.0,0.0362045288644326,0.03561773271821241,697616.0,776564.0,-28294.0,-23656.0,33.0,311150.0,406777.0,-0.05355384010093747,0.44601901332538246,0.5238164529903524,,,
2026-03-27,RB2605.SHF,3135.0,3136.0,3112.0,3124.0,3121.0,3128.0,3131.0,-7.0,-10.0,517368,1614942.48,1076159,-91050.0,49,0.6564384173450537,0.47380333902752586,12,RB2610.SHF,3151.0,3148.0,676848,27.0,RB2604.SHF,3104.0,3105.0,19,20.0,RB2703.SHF,3203.0,3200.0,353,99.0,0.03485458207296746,0.034310293208705996,648437.0,730248.0,-43207.0,-42514.0,34.0,294860.0,385504.0,-0.059339878217286764,0.4547242060523998,0.5279083270341035,,,
2026-03-30,RB2605.SHF,3124.0,3151.0,3121.0,3139.0,3136.0,3124.0,3121.0,18.0,15.0,616755,1934686.43,976441,-99718.0,46,0.60351862941957,0.43985889429054337,12,RB2610.SHF,3168.0,3165.0,759497,29.0,RB2604.SHF,3126.0,3121.0,16,13.0,RB2703.SHF,3215.0,3212.0,350,89.0,0.031113397006371148,0.030678715200475198,579364.0,669250.0,-25052.0,-53571.0,33.0,276623.0,357229.0,-0.0719886209829459,0.4774597662264138,0.5337751214045573,,,
2026-03-31,RB2605.SHF,3145.0,3145.0,3116.0,3121.0,3130.0,3139.0,3136.0,-15.0,-6.0,477403,1494569.9,901052,-75389.0,45,0.5540580376209311,0.4108839194513352,12,RB2610.SHF,3146.0,3156.0,817555,25.0,RB2604.SHF,3180.0,3116.0,15,-59.0,RB2703.SHF,3194.0,3200.0,349,14.0,0.004811132452077098,0.004800572890025141,534658.0,619141.0,-44488.0,-47670.0,31.0,260721.0,323166.0,-0.07322159232240624,0.4876406974177886,0.521958649160692,,,
2026-04-01,RB2605.SHF,3121.0,3141.0,3116.0,3120.0,3127.0,3121.0,3130.0,-10.0,-3.0,426930,1335137.969,870166,-30886.0,44,0.5190373257535785,0.3951388125755502,12,RB2610.SHF,3149.0,3155.0,856191,29.0,RB2604.SHF,3120.0,3124.0,14,0.0,RB2703.SHF,3193.0,3200.0,348,73.0,0.025569054199293628,0.025274514513795428,515960.0,597248.0,-18136.0,-20704.0,32.0,251680.0,316740.0,-0.07302139402519565,0.4877897511434995,0.5303324582083154,,,
2026-04-02,RB2610.SHF,3152.0,3153.0,3118.0,3137.0,3133.0,3149.0,3155.0,-18.0,-22.0,454583,1424407.83,944109,87918.0,196,0.38390689276300843,0.41748724688335764,12,RB2605.SHF,3106.0,3104.0,821053,-31.0,RB2604.SHF,3100.0,3099.0,13,37.0,RB2703.SHF,3184.0,3184.0,347,84.0,0.029611744253428628,0.029217656045593256,649736.0,608462.0,69769.0,56417.0,33.0,359283.0,320075.0,0.03280405786688582,0.552967666867774,0.5260394239903231,,,
2026-04-03,RB2610.SHF,3144.0,3145.0,3119.0,3124.0,3128.0,3137.0,3133.0,-9.0,-5.0,316343,989650.199,1039413,95304.0,195,0.4273692600748436,0.44854718101504865,12,RB2605.SHF,3097.0,3100.0,761769,-27.0,RB2604.SHF,3091.0,3091.0,12,33.0,RB2703.SHF,3182.0,3184.0,346,91.0,0.032172794495124876,0.031708300507334655,706792.0,668885.0,58981.0,60737.0,32.0,384963.0,344192.0,0.027555160113893015,0.5446623617697993,0.5145757491945551,,,
2026-04-07,RB2610.SHF,3124.0,3134.0,3114.0,3115.0,3120.0,3124.0,3128.0,-13.0,-8.0,267435,834480.334,1112918,73505.0,191,0.48966151130706403,0.4707842667787946,12,RB2605.SHF,3091.0,3094.0,727786,-24.0,RB2604.SHF,3082.0,3082.0,8,33.0,RB2703.SHF,3172.0,3171.0,342,90.0,0.03191216528655862,0.03145509553669852,740845.0,715100.0,36325.0,46215.0,31.0,396010.0,360345.0,0.01768267345263729,0.5345382637393786,0.5039085442595441,,,
2026-04-08,RB2610.SHF,3120.0,3120.0,3097.0,3114.0,3109.0,3115.0,3120.0,-6.0,-11.0,486843,1513660.783,1221262,108344.0,190,0.600979900800166,0.5059992169259995,12,RB2605.SHF,3088.0,3083.0,652264,-26.0,RB2604.SHF,3050.0,3066.0,7,64.0,RB2703.SHF,3167.0,3162.0,341,117.0,0.041921075881024894,0.0411370047367414,814166.0,763101.0,73470.0,49839.0,31.0,446404.0,385193.0,0.03237562188266159,0.5482960477347372,0.5047732868912503,,,
2026-04-09,RB2610.SHF,3119.0,3119.0,3093.0,3096.0,3106.0,3114.0,3109.0,-13.0,-3.0,425537,1321884.623,1324703,103441.0,189,0.6938401159615005,0.52971783501968,12,RB2605.SHF,3071.0,3079.0,616377,-25.0,RB2604.SHF,3066.0,3066.0,6,30.0,RB2703.SHF,3144.0,3155.0,340,78.0,0.02780153977758762,0.02745378548750973,874164.0,823550.0,65454.0,60449.0,31.0,489836.0,413704.0,0.029813030934539034,0.5603479438640804,0.5023422985853925,,,
2026-04-10,RB2610.SHF,3101.0,3105.0,3083.0,3099.0,3094.0,3096.0,3106.0,-7.0,-12.0,488279,1511161.802,1389937,65234.0,188,0.7135608701052923,0.548399213267917,12,RB2605.SHF,3074.0,3071.0,570219,-25.0,RB2604.SHF,3066.0,3066.0,5,33.0,RB2703.SHF,3150.0,3138.0,339,84.0,0.02994011976047916,0.02953732162152871,915211.0,871028.0,41280.0,48271.0,31.0,505686.0,437360.0,0.024735211805363113,0.552534879934791,0.5021193348549071,,,
2026-04-13,RB2610.SHF,3096.0,3109.0,3088.0,3100.0,3096.0,3099.0,3094.0,6.0,2.0,439355,1360476.101,1442559,52622.0,185,0.7032965801622518,0.5655865353174252,12,RB2605.SHF,3074.0,3072.0,526774,-26.0,RB2604.SHF,3066.0,3066.0,2,34.0,RB2703.SHF,3148.0,3144.0,336,82.0,0.029227259766181984,0.028843250863832572,947090.0,913147.0,31879.0,42119.0,32.0,517109.0,464331.0,0.018246599761213223,0.5459977404470536,0.5084953463133537,,,
2026-04-14,RB2610.SHF,3105.0,3105.0,3088.0,3094.0,3095.0,3100.0,3096.0,-2.0,-1.0,404178,1251039.532,1497766,55207.0,184,0.731104567029405,0.5812377563977188,12,RB2605.SHF,3069.0,3070.0,496460,-25.0,RB2604.SHF,3057.0,3057.0,1,37.0,RB2703.SHF,3145.0,3143.0,335,88.0,0.03145818275127856,0.03101390492201444,979775.0,950968.0,34379.0,41116.0,33.0,531346.0,486461.0,0.014920162859583072,0.542314306856166,0.5115429751579443,,,
2026-04-15,RB2610.SHF,3094.0,3105.0,3093.0,3103.0,3100.0,3094.0,3095.0,8.0,5.0,355919,1103616.168,1516241,18475.0,183,0.7094075696663231,0.5916031457671982,12,RB2605.SHF,3072.0,3072.0,465251,-31.0,RB2605.SHF,3072.0,3072.0,30,31.0,RB2703.SHF,3145.0,3146.0,334,73.0,0.02853125856633763,0.028197540547522975,991139.0,962222.0,11364.0,11834.0,33.0,540716.0,491736.0,0.014803715237480424,0.545550119609863,0.5110421503561549,,,
2026-04-16,RB2610.SHF,3103.0,3136.0,3103.0,3133.0,3120.0,3103.0,3100.0,33.0,20.0,698682,2180317.428,1483685,-32556.0,182,0.7263320068362421,0.6007926153228165,12,RB2605.SHF,3097.0,3087.0,408837,-36.0,RB2605.SHF,3097.0,3087.0,29,36.0,RB2704.SHF,3180.0,3157.0,364,83.0,0.02920014072356986,0.028815710350364888,982493.0,932585.0,-2987.0,-18456.0,35.0,547108.0,474534.0,0.02606055732455806,0.5568568936369013,0.5088372641635883,,,
2026-04-17,RB2610.SHF,3137.0,3139.0,3128.0,3133.0,3133.0,3133.0,3120.0,13.0,13.0,481135,1507397.562,1437049,-46636.0,181,0.7739395499219843,0.6016062380713756,12,RB2605.SHF,3095.0,3095.0,373557,-38.0,RB2605.SHF,3095.0,3095.0,28,38.0,RB2704.SHF,3175.0,3174.0,363,80.0,0.028162901164613025,0.027805074823745803,949683.0,893854.0,-32810.0,-30434.0,35.0,526611.0,461549.0,0.030283634122884432,0.554512400453625,0.51635837620014,,,
2026-04-20,RB2610.SHF,3133.0,3178.0,3124.0,3172.0,3152.0,3133.0,3133.0,39.0,19.0,1001836,3158097.881,1558248,121199.0,178,0.7847885894053431,0.6428598833877697,12,RB2607.SHF,3158.0,3139.0,365479,-14.0,RB2605.SHF,3121.0,3109.0,25,51.0,RB2704.SHF,3202.0,3190.0,360,81.0,0.028277389087883218,0.027916672296556415,1046486.0,982069.0,101845.0,91576.0,33.0,598511.0,514133.0,0.03175511632664631,0.5719245169070585,0.5235202414494298,,,
2026-04-21,RB2610.SHF,3172.0,3184.0,3169.0,3176.0,3176.0,3172.0,3152.0,24.0,24.0,715710,2273264.625,1627367,69119.0,177,0.768678893899737,0.6640135237252754,12,RB2607.SHF,3156.0,3160.0,356418,-20.0,RB2605.SHF,3125.0,3126.0,24,51.0,RB2704.SHF,3215.0,3214.0,359,90.0,0.03137910447761187,0.03093573788938659,1058150.0,1027244.0,23018.0,54404.0,32.0,624725.0,551815.0,0.014820221022981748,0.5903936114917545,0.5371800662744197,,,
2026-04-22,RB2610.SHF,3171.0,3188.0,3165.0,3186.0,3178.0,3176.0,3176.0,10.0,2.0,643975,2046837.5,1663643,36276.0,176,0.7990953988186826,0.6785181312113128,12,RB2607.SHF,3167.0,3160.0,351007,-19.0,RB2605.SHF,3128.0,3124.0,23,58.0,RB2704.SHF,3227.0,3220.0,358,99.0,0.03448391037141658,0.03394945669005208,1073775.0,1044728.0,23087.0,23493.0,33.0,628719.0,561279.0,0.01371109693967863,0.5855221065865754,0.5372489298649984,,,
2026-04-23,RB2610.SHF,3189.0,3203.0,3176.0,3181.0,3189.0,3186.0,3178.0,3.0,11.0,781128,2491422.989,1710033,46390.0,175,0.795364224249848,0.6941711452019694,12,RB2607.SHF,3160.0,3172.0,344914,-21.0,RB2605.SHF,3117.0,3128.0,22,64.0,RB2704.SHF,3226.0,3230.0,357,109.0,0.03810112095920771,0.037450066582099116,1103871.0,1073426.0,33693.0,28698.0,32.0,643610.0,573024.0,0.013982933885455223,0.5830482003784863,0.5338272037383108,,,
2026-04-24,RB2610.SHF,3181.0,3196.0,3179.0,3191.0,3190.0,3181.0,3189.0,2.0,1.0,525851,1677534.131,1759257,49224.0,174,0.7438010800901866,0.7051407229622646,12,RB2607.SHF,3166.0,3165.0,346177,-25.0,RB2605.SHF,3121.0,3120.0,21,70.0,RB2704.SHF,3233.0,3230.0,356,112.0,0.039099599726455776,0.0384143819132793,1146923.0,1109250.0,44753.0,36990.0,33.0,671819.0,596412.0,0.016697744366234328,0.5857577186960241,0.5376713995943205,,,
2026-04-27,RB2610.SHF,3191.0,3214.0,3185.0,3190.0,3197.0,3191.0,3190.0,0.0,7.0,732162,2341229.164,1790156,30899.0,171,0.7658053611249409,0.7124193722978179,12,RB2607.SHF,3168.0,3173.0,351830,-22.0,RB2605.SHF,3118.0,3121.0,18,72.0,RB2704.SHF,3235.0,3241.0,353,117.0,0.040884416914784574,0.04013600722628911,1166924.0,1135007.0,21575.0,28655.0,34.0,689587.0,609934.0,0.013865315684961887,0.5909442260164329,0.5373834698816835,,,
2026-04-28,RB2610.SHF,3191.0,3195.0,3162.0,3176.0,3177.0,3190.0,3197.0,-21.0,-20.0,667771,2121779.777,1749901,-40255.0,170,0.7754418805572555,0.7147024239585074,12,RB2607.SHF,3161.0,3158.0,352642,-15.0,RB2605.SHF,3105.0,3107.0,17,71.0,RB2704.SHF,3215.0,3212.0,352,110.0,0.038599274160597906,0.03793128191346658,1160940.0,1125103.0,-2991.0,-8535.0,34.0,684301.0,613989.0,0.015676433032974446,0.5894370079418403,0.5457180364819932,,,
2026-04-29,RB2610.SHF,3176.0,3198.0,3166.0,3195.0,3181.0,3176.0,3177.0,18.0,4.0,583210,1855689.586,1802387,52486.0,169,0.7642852181753135,0.7363206335083047,12,RB2607.SHF,3176.0,3160.0,339022,-19.0,RB2605.SHF,3113.0,3105.0,16,82.0,RB2704.SHF,3235.0,3220.0,351,122.0,0.0427000877399064,0.04188460692563698,1201982.0,1158309.0,46327.0,36543.0,31.0,709736.0,629366.0,0.018503226932611274,0.5904714047298545,0.543348968194152,,,
2026-04-30,RB2610.SHF,3195.0,3220.0,3191.0,3214.0,3204.0,3195.0,3181.0,33.0,23.0,658964,2111441.766,1885016,82629.0,168,0.7662978002911858,0.7589181180600849,12,RB2607.SHF,3195.0,3180.0,319856,-19.0,RB2605.SHF,3162.0,3112.0,15,52.0,RB2704.SHF,3256.0,3247.0,350,94.0,0.032390231008147176,0.031918116160746204,1263665.0,1216640.0,64412.0,61539.0,34.0,737968.0,657204.0,0.018959361852675376,0.5839902189266933,0.540179510783798,,,
