trade_date,main_ts_code,main_open,main_high,main_low,main_close,main_settle,main_pre_close,main_pre_settle,main_change1,main_change2,main_vol,main_amount,main_oi,main_oi_chg,main_days_to_expiry,main_volume_share,main_oi_share,active_contract_count,second_main_ts_code,second_main_close,second_main_settle,second_main_oi,second_main_main_spread,near_ts_code,near_close,near_settle,near_days_to_expiry,main_near_spread,far_ts_code,far_close,far_settle,far_days_to_expiry,far_near_spread,annualized_carry,term_structure_slope,warehouse_receipt_total,warehouse_receipt_change,warehouse_count
2019-01-02,SC1903.INE,380.8,383.0,369.4,370.9,374.6,379.1,377.9,-7.0,-3.3,155324,5819221.74,47524,4304.0,57,0.9768682154941447,0.800795335827183,17,SC1904.INE,375.1,377.3,6618,4.2000000000000455,SC1902.INE,367.5,371.2,23,3.3999999999999773,SC2112.INE,420.0,420.0,1063,52.5,0.05013736263736261,0.04686438298841417,2724000.0,0.0,8.0
2019-01-03,SC1903.INE,370.9,397.3,370.2,385.4,384.3,370.9,374.6,10.8,9.7,612956,23557168.86,44910,-2614.0,56,0.9810278324610682,0.7987976237060226,17,SC1904.INE,386.7,385.6,6448,1.3000000000000114,SC1902.INE,379.8,379.3,22,5.599999999999966,SC2112.INE,420.0,420.0,1062,40.19999999999999,0.037147587799246574,0.03531020981559462,2724000.0,0.0,8.0
2019-01-04,SC1903.INE,391.4,401.8,386.2,398.0,393.9,385.4,384.3,13.7,9.6,661536,26058003.56,46186,1276.0,55,0.9826971526358321,0.7927838236808679,17,SC1904.INE,399.2,394.7,7886,1.1999999999999886,SC1902.INE,393.5,388.2,21,4.5,SC2112.INE,426.4,426.4,1061,32.89999999999998,0.029343417065780412,0.0281810902143024,2724000.0,0.0,8.0
2019-01-07,SC1903.INE,401.9,411.5,398.9,407.5,405.9,398.0,393.9,13.6,12.0,703896,28575200.48,46310,124.0,52,0.9872923434265228,0.7940127563267265,17,SC1904.INE,408.6,406.9,8440,1.1000000000000227,SC1902.INE,404.8,402.9,18,2.6999999999999886,SC2112.INE,437.3,443.1,1058,32.5,0.0281774950592885,0.027103475252548987,2724000.0,0.0,8.0
2019-01-08,SC1903.INE,409.1,415.5,402.7,405.5,409.1,407.5,405.9,-0.4,3.2,600078,24551490.38,46406,96.0,51,0.9879811254276579,0.7947049354385725,17,SC1904.INE,406.7,410.3,8624,1.1999999999999886,SC1902.INE,402.8,405.0,17,2.6999999999999886,SC2112.INE,443.1,443.1,1057,40.30000000000001,0.0351135799404171,0.03346604888151766,2724000.0,0.0,8.0
2019-01-09,SC1903.INE,409.0,419.8,407.3,416.3,412.2,405.5,409.1,7.2,3.1,557344,22973952.18,45180,-1226.0,50,0.9875472206275293,0.7929932951872785,17,SC1904.INE,417.2,413.6,8904,0.8999999999999773,SC1902.INE,417.0,410.4,16,-0.6999999999999886,SC2112.INE,444.2,444.2,1056,27.19999999999999,0.022892455266556016,0.02217679973697777,2724000.0,0.0,8.0
2019-01-10,SC1903.INE,419.5,428.9,416.5,421.5,422.3,416.3,412.2,9.3,10.1,636884,26898005.44,43364,-1816.0,49,0.9840392822157741,0.7872054605525904,17,SC1904.INE,424.4,423.5,9056,2.8999999999999773,SC1902.INE,422.0,421.8,15,-0.5,SC2112.INE,456.4,456.4,1055,34.39999999999998,0.02860918702150928,0.027502856675429507,2724000.0,0.0,8.0
2019-01-11,SC1903.INE,424.0,427.5,419.7,426.9,423.7,421.5,422.3,4.6,1.4,508960,21569394.62,48972,5608.0,48,0.987229024098816,0.8068938245567785,17,SC1904.INE,429.1,426.1,9202,2.2000000000000455,SC1902.INE,426.5,423.6,14,0.39999999999997726,SC2112.INE,456.4,456.4,1054,29.899999999999977,0.024604337631887453,0.023780189072604006,2724000.0,0.0,8.0
2019-01-14,SC1903.INE,426.5,426.5,412.5,414.8,419.7,426.9,423.7,-8.9,-4.0,606728,25469191.38,49450,478.0,45,0.9864052415093726,0.8004208481709291,17,SC1904.INE,417.1,421.7,9770,2.3000000000000114,SC1902.INE,408.2,415.6,11,6.600000000000023,SC2112.INE,456.4,456.4,1051,48.19999999999999,0.04144131835827082,0.039171648248504116,2724000.0,0.0,8.0
2019-01-15,SC1903.INE,416.1,420.2,413.1,416.3,416.2,414.8,419.7,-3.4,-3.5,506802,21097764.12,52220,2770.0,44,0.9883573986099085,0.8001348369698456,17,SC1904.INE,419.0,418.6,10382,2.6999999999999886,SC1902.INE,412.0,407.1,10,4.300000000000011,SC2112.INE,456.4,456.4,1050,44.39999999999998,0.037822068707991034,0.03591960389712873,2724000.0,0.0,8.0
2019-01-16,SC1903.INE,417.1,423.5,414.5,422.9,419.0,416.3,416.2,6.7,2.8,468574,19635912.22,51958,-262.0,43,0.9903328345464844,0.7970729911330654,17,SC1904.INE,426.0,422.2,10568,3.1000000000000227,SC1902.INE,419.9,415.9,9,3.0,SC2112.INE,456.4,456.4,1049,36.5,0.030507492626449532,0.029253707748737645,2724000.0,0.0,8.0
2019-01-17,SC1903.INE,420.0,425.8,418.0,425.2,422.1,422.9,419.0,6.2,3.1,548660,23161251.58,48976,-2982.0,42,0.9887084043638251,0.7771007870017771,17,SC1904.INE,427.0,424.4,11314,1.8000000000000114,SC1902.INE,423.3,417.6,8,1.8999999999999773,SC2112.INE,456.4,456.4,1048,33.099999999999966,0.027443484344618293,0.026423357421423592,2724000.0,0.0,8.0
2019-01-18,SC1903.INE,419.2,433.3,418.2,432.0,424.8,425.2,422.1,9.9,2.7,516038,21926354.98,48930,-46.0,41,0.9864318265231221,0.7699206948640483,18,SC1904.INE,432.4,427.4,11710,0.39999999999997726,SC1902.INE,422.1,422.1,7,9.899999999999977,SC2112.INE,456.4,486.9,1047,34.299999999999955,0.02851926266105369,0.027419700286351566,2724000.0,0.0,8.0
2019-01-21,SC1903.INE,431.0,441.5,429.4,438.8,435.9,432.0,424.8,14.0,11.1,545476,23780642.34,50558,1628.0,38,0.9887471813574438,0.7689429657794676,18,SC1904.INE,439.9,437.4,12138,1.099999999999966,SC1902.INE,422.1,422.1,4,16.69999999999999,SC2112.INE,486.9,486.9,1044,64.79999999999995,0.05387895686403144,0.05012310220776322,2724000.0,0.0,8.0
2019-01-22,SC1903.INE,438.2,442.2,432.2,434.5,438.5,438.8,435.9,-1.4,2.6,357922,15696138.22,49238,-1320.0,37,0.9825248155305693,0.7563905616320511,18,SC1904.INE,435.3,439.0,12594,0.8000000000000114,SC1902.INE,422.1,422.1,3,12.399999999999977,SC2112.INE,486.9,486.9,1043,64.79999999999995,0.05387895686403144,0.05012310220776322,2724000.0,0.0,8.0
2019-01-23,SC1903.INE,430.9,433.2,423.9,432.4,428.4,434.5,438.5,-6.1,-10.1,456382,19554907.96,48142,-1096.0,36,0.986998101186434,0.7531602002503129,18,SC1904.INE,433.0,430.1,12660,0.6000000000000227,SC1902.INE,426.0,421.5,2,6.399999999999977,SC2112.INE,486.9,477.9,1042,60.89999999999998,0.0501726706392199,0.04689527613032589,2724000.0,0.0,8.0
2019-01-24,SC1903.INE,434.6,435.7,421.5,425.7,428.7,432.4,428.4,-2.7,0.3,531904,22807291.68,48488,346.0,35,0.9861140465040397,0.7530595763185687,18,SC1904.INE,427.4,429.4,12688,1.6999999999999886,SC1902.INE,426.0,421.5,1,-0.30000000000001137,SC2112.INE,449.5,448.6,1041,23.5,0.019360554351751522,0.018845408932154945,2724000.0,0.0,8.0
2019-01-25,SC1903.INE,424.0,433.0,423.2,430.8,427.3,425.7,428.7,2.1,-1.4,497512,21259316.1,48172,-316.0,34,0.9796628859483302,0.7536295369211514,17,SC1904.INE,431.9,430.3,12276,1.099999999999966,SC1903.INE,430.8,427.3,34,0.0,SC2112.INE,447.2,447.0,1040,16.399999999999977,0.013812205688801248,0.013555786723567977,2724000.0,0.0,8.0
2019-01-28,SC1903.INE,426.5,430.7,421.9,422.0,427.5,430.8,427.3,-5.3,0.2,401152,17152387.28,50116,1944.0,31,0.976956460325269,0.7375640195443575,17,SC1904.INE,423.3,428.5,13622,1.3000000000000114,SC1903.INE,422.0,427.5,31,0.0,SC2112.INE,447.2,447.0,1037,25.19999999999999,0.02166621126322635,0.021043958100179273,3075000.0,351000.0,8.0
2019-01-29,SC1903.INE,421.6,423.4,413.0,418.5,418.2,422.0,427.5,-9.0,-9.3,373126,15606925.2,48580,-1536.0,30,0.9609219675508628,0.7004440855874041,17,SC1904.INE,417.3,419.3,15866,-1.1999999999999886,SC1903.INE,418.5,418.2,30,0.0,SC2112.INE,447.0,447.0,1036,28.5,0.02470838054112604,0.023903401798880914,3075000.0,0.0,8.0
2019-01-30,SC1903.INE,420.5,429.2,419.5,425.1,425.0,418.5,418.2,6.9,6.8,368132,15646958.74,44332,-4248.0,29,0.9722685879693211,0.673002186057809,17,SC1904.INE,423.9,422.9,15950,-1.2000000000000455,SC1903.INE,425.1,425.0,29,0.0,SC2112.INE,447.0,447.0,1035,21.899999999999977,0.01869166090261534,0.01822611145707841,3075000.0,0.0,8.0
2019-01-31,SC1903.INE,429.4,434.0,427.2,431.6,431.0,425.1,425.0,6.6,6.0,318880,13746479.9,42048,-2284.0,28,0.9647769286159469,0.6443940415619445,17,SC1904.INE,428.7,429.7,17300,-2.900000000000034,SC1903.INE,431.6,431.0,28,0.0,SC2112.INE,447.0,447.8,1034,15.399999999999977,0.01294595725001245,0.012720344780119366,3075000.0,0.0,8.0
2019-02-01,SC1903.INE,430.0,437.6,422.7,423.2,430.9,431.6,431.0,-7.8,-0.1,312950,13486260.16,34014,-8034.0,27,0.9438713958257933,0.576449852557367,18,SC1904.INE,423.5,427.3,18174,0.30000000000001137,SC1903.INE,423.2,430.9,27,0.0,SC2112.INE,447.8,447.8,1033,24.600000000000023,0.02109037645582086,0.02050016463370396,3075000.0,0.0,8.0
2019-02-11,SC1903.INE,424.9,430.8,423.0,429.6,427.9,423.2,430.9,-1.3,-3.0,72378,3097498.68,32460,-1554.0,17,0.8475969645868465,0.5665316950572465,18,SC1904.INE,430.3,428.2,18228,0.6999999999999886,SC1903.INE,429.6,427.9,17,0.0,SC2112.INE,447.8,449.6,1023,18.19999999999999,0.015370995627723446,0.015054312876789117,3075000.0,0.0,8.0
2019-02-12,SC1903.INE,431.0,434.5,424.2,427.4,428.5,429.6,427.9,-0.5,0.6,237138,10163242.3,31828,-632.0,16,0.9140379278445884,0.5311394432948401,19,SC1904.INE,429.7,431.2,20598,2.3000000000000114,SC1903.INE,427.4,428.5,16,0.0,SC2112.INE,449.6,449.6,1022,22.200000000000045,0.018845746298995956,0.018372618119749974,2124000.0,-951000.0,8.0
2019-02-13,SC1903.INE,432.4,438.4,429.1,432.5,433.7,427.4,428.5,4.0,5.2,314590,13643886.02,33180,1352.0,15,0.8928642383166164,0.49014683723815994,19,SC1904.INE,437.8,437.4,25216,5.300000000000011,SC1903.INE,432.5,433.7,15,0.0,SC2112.INE,449.6,453.6,1021,17.100000000000023,0.014345143014743959,0.014068816954030635,2774000.0,650000.0,8.0
2019-02-14,SC1903.INE,432.0,442.8,430.1,441.8,435.8,432.5,433.7,8.1,2.1,286410,12484317.86,34344,1164.0,14,0.8518782903542429,0.45535785314629684,19,SC1904.INE,447.4,441.8,29648,5.599999999999966,SC1903.INE,441.8,435.8,14,0.0,SC2112.INE,453.6,460.1,1020,11.800000000000011,0.00969061142425666,0.009563457674996856,2774000.0,0.0,8.0
2019-02-15,SC1904.INE,447.2,452.8,439.5,451.0,446.3,447.4,441.8,9.2,4.5,59970,2676683.56,32746,3098.0,42,0.1680067236307606,0.44586351505909266,19,SC1903.INE,444.3,440.5,29098,-6.699999999999989,SC1903.INE,444.3,440.5,13,6.699999999999989,SC2112.INE,460.1,460.1,1019,15.800000000000011,0.0129025531707348,0.012678433633339443,2774000.0,0.0,8.0
2019-02-18,SC1904.INE,454.0,467.9,450.9,461.1,457.7,451.0,446.3,14.8,11.4,181348,8301877.56,41730,8984.0,39,0.5138326929833509,0.6059418017076146,19,SC1903.INE,453.0,449.8,15304,-8.100000000000023,SC1903.INE,453.0,449.8,10,8.100000000000023,SC2112.INE,460.1,462.1,1016,7.100000000000023,0.005686630767272748,0.005642526901204722,2774000.0,0.0,8.0
2019-02-19,SC1904.INE,460.0,462.0,456.0,461.2,459.3,461.1,457.7,3.5,1.6,173320,7960772.58,46850,5120.0,38,0.9473626673954633,0.652307092534321,19,SC1903.INE,455.0,452.2,12830,-6.199999999999989,SC1903.INE,455.0,452.2,9,6.199999999999989,SC2112.INE,476.0,478.3,1015,21.0,0.016745679767548576,0.016370734470548133,2774000.0,0.0,8.0
2019-02-20,SC1904.INE,460.9,460.9,453.7,456.4,457.1,461.2,459.3,-2.9,-2.2,250302,11441443.86,45150,-1700.0,37,0.962566721530865,0.676992742757752,19,SC1905.INE,458.9,459.7,10290,2.5,SC1903.INE,448.1,454.3,8,8.299999999999955,SC2112.INE,478.3,477.1,1014,30.19999999999999,0.024452703551065803,0.023663947362192964,2774000.0,0.0,8.0
2019-02-21,SC1904.INE,453.6,462.6,450.5,457.3,456.8,456.4,457.1,0.2,-0.3,291430,13312639.02,47000,1850.0,36,0.9674281806653786,0.7210579607867202,19,SC1905.INE,461.1,459.4,10220,3.8000000000000114,SC1903.INE,450.1,447.2,7,7.199999999999989,SC2112.INE,478.3,477.1,1013,28.19999999999999,0.022731860337640866,0.022048166194222566,2774000.0,0.0,8.0
2019-02-22,SC1904.INE,456.8,457.5,452.4,456.8,454.5,457.3,456.8,0.0,-2.3,239458,10884863.54,47084,84.0,35,0.9738974117034603,0.7245029851664923,19,SC1905.INE,460.6,457.9,10086,3.8000000000000114,SC1903.INE,447.1,447.0,6,9.699999999999989,SC2112.INE,477.1,477.1,1012,30.0,0.024345094719093185,0.02356311897413135,,,
2019-02-25,SC1904.INE,459.6,460.7,446.2,449.0,454.6,456.8,454.5,-5.5,0.1,276492,12569761.68,47640,556.0,32,0.9626287313822565,0.7554230622859317,19,SC1905.INE,452.8,456.6,8948,3.8000000000000114,SC1903.INE,441.2,446.9,3,7.800000000000011,SC2112.INE,477.1,477.1,1009,35.900000000000034,0.029522547399195073,0.028382859022952896,2774000.0,0.0,8.0
2019-02-26,SC1904.INE,441.3,441.9,427.5,433.1,435.9,449.0,454.6,-21.5,-18.7,328414,14317859.5,46346,-1294.0,31,0.9577041741757505,0.7349508404693942,18,SC1905.INE,437.2,439.8,10250,4.099999999999966,SC1903.INE,425.6,425.4,2,7.5,SC2112.INE,456.5,461.4,1008,30.899999999999977,0.02634218187117893,0.025429819217465014,2774000.0,0.0,8.0
2019-02-27,SC1904.INE,437.0,440.5,433.0,438.3,436.4,433.1,435.9,2.4,0.5,254924,11126505.32,42476,-3870.0,30,0.967923697279893,0.7118723603941811,18,SC1905.INE,442.6,440.4,11010,4.300000000000011,SC1903.INE,431.3,429.3,1,7.0,SC2112.INE,469.9,469.9,1007,38.599999999999966,0.03247152835364348,0.031099742441416476,2774000.0,0.0,8.0
2019-02-28,SC1904.INE,443.1,445.0,438.2,439.7,441.5,438.3,436.4,3.3,5.1,262114,11574196.3,43972,1496.0,29,0.9584674116545753,0.688525616935989,18,SC1905.INE,444.2,444.9,13568,4.5,SC1904.INE,439.7,441.5,29,0.0,SC2112.INE,458.0,464.0,1006,18.30000000000001,0.015548658490284504,0.015233802859271738,2774000.0,0.0,8.0
2019-03-01,SC1904.INE,440.4,450.2,439.8,449.3,443.2,439.7,441.5,7.8,1.7,246056,10907603.58,42116,-1856.0,28,0.9655995165252608,0.7163803367919714,17,SC1905.INE,452.0,447.4,13878,2.6999999999999886,SC1904.INE,449.3,443.2,28,0.0,SC2112.INE,458.0,471.0,1005,8.699999999999989,0.007234043813406108,0.007164896964069414,2774000.0,0.0,8.0
2019-03-04,SC1904.INE,445.0,447.2,431.6,436.1,439.3,449.3,443.2,-7.1,-3.9,336684,14792925.58,43662,1546.0,25,0.9476741894988093,0.6918615706408062,17,SC1905.INE,438.9,440.0,16424,2.7999999999999545,SC1904.INE,436.1,439.3,25,0.0,SC2112.INE,471.0,471.0,1002,34.89999999999998,0.029897690448299888,0.02876159620901678,2774000.0,0.0,8.0
2019-03-05,SC1904.INE,438.0,443.6,433.2,434.5,439.0,436.1,439.3,-4.8,-0.3,251926,11060309.1,45128,1466.0,24,0.9328381420700278,0.6489315809151305,17,SC1905.INE,436.5,439.9,21064,2.0,SC1904.INE,434.5,439.0,24,0.0,SC2112.INE,471.0,471.0,1001,36.5,0.031383500605997795,0.030134784542993273,2774000.0,0.0,8.0
2019-03-06,SC1904.INE,438.0,440.0,426.1,438.6,434.2,434.5,439.0,-0.4,-4.8,327370,14215907.74,40326,-4802.0,23,0.9295583483352169,0.5944455909667148,17,SC1905.INE,439.6,435.8,24012,1.0,SC1904.INE,438.6,434.2,23,0.0,SC2112.INE,452.4,457.6,1000,13.799999999999955,0.011754624489104337,0.011573491826238238,2774000.0,0.0,8.0
2019-03-07,SC1904.INE,438.2,445.7,434.9,440.0,439.4,438.6,434.2,5.8,5.2,349816,15373998.54,38266,-2060.0,22,0.9166221216027838,0.5897601874113803,17,SC1905.INE,441.6,441.2,23216,1.6000000000000227,SC1904.INE,440.0,439.4,22,0.0,SC2112.INE,462.9,461.6,999,22.899999999999977,0.019443798269284437,0.018954715671028716,2774000.0,0.0,8.0
2019-03-08,SC1904.INE,444.8,445.5,436.5,437.0,440.2,440.0,439.4,-2.4,0.8,278732,12272045.18,36664,-1602.0,21,0.9194281529763357,0.5917557054779043,17,SC1905.INE,439.8,442.6,21892,2.8000000000000114,SC1904.INE,437.0,440.2,21,0.0,SC2112.INE,461.6,461.6,998,24.600000000000023,0.021030614897798137,0.020459994714308507,2573000.0,-201000.0,8.0
2019-03-11,SC1904.INE,431.0,440.9,426.5,439.7,432.1,437.0,440.2,-0.5,-8.1,286090,12362015.12,35130,-1534.0,18,0.9165673497110197,0.5690543298668481,17,SC1905.INE,442.7,436.6,23148,3.0,SC1904.INE,439.7,432.1,18,0.0,SC2112.INE,457.1,457.1,995,17.400000000000034,0.014783970367811523,0.014498946612170958,2573000.0,0.0,8.0
2019-03-12,SC1904.INE,440.0,448.5,439.7,444.2,444.7,439.7,432.1,12.1,12.6,287550,12787789.36,36480,1350.0,17,0.8903965368823271,0.5495134516313681,17,SC1905.INE,450.3,449.8,25842,6.100000000000023,SC1904.INE,444.2,444.7,17,0.0,SC2112.INE,457.1,457.1,994,12.900000000000034,0.01084949332163402,0.010694938551935205,2573000.0,0.0,8.0
2019-03-13,SC1904.INE,447.5,448.0,440.8,445.5,444.4,444.2,444.7,0.8,-0.3,240012,10667672.74,32498,-3982.0,16,0.932020285960593,0.5167928248839132,17,SC1905.INE,451.3,450.2,26322,5.800000000000011,SC1904.INE,445.5,444.4,16,0.0,SC2112.INE,457.1,457.1,993,11.600000000000023,0.009727664453014151,0.009603175563761156,2573000.0,0.0,8.0
2019-03-14,SC1904.INE,446.4,453.9,446.3,452.7,450.0,445.5,444.4,8.3,5.6,258524,11635578.12,32812,314.0,15,0.8805673256400125,0.5013752215634741,18,SC1905.INE,455.5,453.8,28282,2.8000000000000114,SC1904.INE,452.7,450.0,15,0.0,SC2203.INE,478.6,470.9,1082,25.900000000000034,0.019571211696808664,0.019031832405633973,2573000.0,0.0,8.0
2019-03-15,SC1905.INE,456.1,457.6,451.2,454.2,453.7,455.5,453.8,0.4,-0.1,37220,1688842.22,31484,3202.0,46,0.12530383317959318,0.501993048247712,18,SC1904.INE,455.0,452.2,26774,0.8000000000000114,SC1904.INE,455.0,452.2,14,-0.8000000000000114,SC2203.INE,471.9,475.2,1081,16.899999999999977,0.012705850850180746,0.012475569934590315,2573000.0,0.0,8.0
2019-03-18,SC1905.INE,450.0,453.9,443.4,451.2,448.5,454.2,453.7,-2.5,-5.2,67612,3032631.78,34596,3112.0,43,0.24037941920987513,0.567780476596862,18,SC1904.INE,452.8,448.9,21412,1.6000000000000227,SC1904.INE,452.8,448.9,11,-1.6000000000000227,SC2203.INE,475.2,475.2,1078,22.399999999999977,0.016922715185073538,0.01651744425792277,2573000.0,0.0,8.0
2019-03-19,SC1905.INE,453.0,458.7,451.6,457.3,455.5,451.2,448.5,8.8,7.0,139738,6366389.46,41768,7172.0,42,0.5748169477581242,0.7275134118302794,18,SC1904.INE,468.2,460.1,9874,10.899999999999977,SC1904.INE,468.2,460.1,10,-10.899999999999977,SC2203.INE,468.8,468.8,1077,0.6000000000000227,0.00043837753072949697,0.0004380968792758068,2573000.0,0.0,8.0
2019-03-20,SC1905.INE,459.0,459.8,452.3,457.5,455.3,457.3,455.5,2.0,-0.2,224314,10213036.96,42176,408.0,41,0.971544152041718,0.7456332649741886,18,SC1904.INE,465.5,464.5,8448,8.0,SC1904.INE,465.5,464.5,9,-8.0,SC2203.INE,480.1,480.1,1076,14.600000000000023,0.010729058554808525,0.01056424214547061,2573000.0,0.0,8.0
2019-03-21,SC1905.INE,453.8,464.9,453.2,463.9,459.4,457.5,455.3,8.6,4.1,309556,14222296.02,48976,6800.0,40,0.9786104033231959,0.7778165994346155,19,SC1904.INE,472.5,467.1,7358,8.600000000000023,SC1904.INE,472.5,467.1,8,-8.600000000000023,SC2203.INE,478.0,478.0,1075,5.5,0.0039818905798287355,0.003958893841185919,2573000.0,0.0,8.0
2019-03-22,SC1905.INE,462.6,463.4,457.0,460.9,460.8,463.9,459.4,1.5,1.4,255788,11788895.04,44852,-4124.0,39,0.9796027788628722,0.8066326163585353,19,SC1906.INE,459.4,458.5,4422,-1.5,SC1904.INE,467.3,471.2,7,-6.400000000000034,SC2203.INE,473.9,473.9,1074,6.599999999999966,0.004831440100070385,0.004797639112009548,2573000.0,0.0,8.0
2019-03-25,SC1905.INE,456.8,457.2,448.6,450.2,451.8,460.9,460.8,-10.6,-9.0,295100,13332658.02,40322,-4530.0,36,0.9849010760152724,0.8090613588025202,19,SC1906.INE,448.6,450.7,4386,-1.599999999999966,SC1904.INE,454.0,462.0,4,-3.8000000000000114,SC2203.INE,450.3,453.9,1071,-3.6999999999999886,-0.002787881540322594,-0.0027993039529943925,2573000.0,0.0,8.0
2019-03-26,SC1905.INE,452.2,456.6,450.4,454.8,453.3,450.2,451.8,3.0,1.5,239912,10875937.94,37118,-3204.0,35,0.9794805216013849,0.7586249182472204,19,SC1906.INE,453.7,451.5,6688,-1.1000000000000227,SC1904.INE,455.2,459.0,3,-0.39999999999997726,SC2203.INE,443.8,444.5,1070,-11.399999999999977,-0.008567044898644906,-0.008676146574015057,2573000.0,0.0,8.0
2019-03-27,SC1905.INE,458.3,460.8,456.6,458.8,458.9,454.8,453.3,5.5,5.6,214722,9855264.98,38798,1680.0,34,0.9704685974617637,0.7266087347366844,19,SC1906.INE,456.0,456.5,9526,-2.8000000000000114,SC1904.INE,459.3,457.6,2,-0.5,SC2203.INE,452.5,452.5,1069,-6.800000000000011,-0.005064550574189875,-0.005102415454540734,2573000.0,0.0,8.0
2019-03-28,SC1905.INE,459.0,461.2,453.1,453.2,456.9,458.8,458.9,-5.7,-2.0,290626,13279107.98,40172,1374.0,33,0.9800698734723609,0.7298161470823341,19,SC1906.INE,452.2,455.1,10432,-1.0,SC1904.INE,458.0,459.0,1,-4.800000000000011,SC2203.INE,452.5,452.5,1068,-5.5,-0.004107954801242497,-0.00413281973344376,2573000.0,0.0,8.0
2019-03-29,SC1905.INE,450.0,459.6,446.9,457.9,452.8,453.2,456.9,1.0,-4.1,299682,13570399.82,36078,-4094.0,32,0.9704162322144435,0.6951445086705202,19,SC1906.INE,456.1,452.7,11382,-1.7999999999999545,SC1905.INE,457.9,452.8,32,0.0,SC2203.INE,452.5,452.5,1067,-5.399999999999977,-0.0041588727365952,-0.00418358998156535,2573000.0,0.0,8.0
2019-04-01,SC1905.INE,462.0,463.6,455.8,461.1,459.3,457.9,452.8,8.3,6.5,245490,11277543.3,33716,-2362.0,29,0.9785312265820565,0.7073682443773078,18,SC1906.INE,460.6,458.5,12076,-0.5,SC1905.INE,461.1,459.3,29,0.0,SC2203.INE,452.5,452.5,1064,-8.600000000000023,-0.0065774240762218605,-0.006639535523215333,2573000.0,0.0,8.0
2019-04-02,SC1905.INE,463.5,473.0,460.7,470.2,466.5,461.1,459.3,10.9,7.2,315862,14736163.72,39900,6184.0,28,0.9751535920471736,0.7255336945848638,18,SC1906.INE,467.9,466.0,13044,-2.3000000000000114,SC1905.INE,470.2,466.5,28,0.0,SC2203.INE,452.5,452.5,1063,-17.69999999999999,-0.013275263686744447,-0.013531580804430648,2573000.0,0.0,8.0
2019-04-03,SC1905.INE,467.9,475.5,467.9,472.4,471.3,470.2,466.5,5.9,4.8,259958,12253278.12,42392,2492.0,27,0.978845980058439,0.727035741236194,18,SC1906.INE,470.7,469.7,13744,-1.6999999999999886,SC1905.INE,472.4,471.3,27,0.0,SC2203.INE,452.5,452.5,1062,-19.899999999999977,-0.014855788306806226,-0.015177765441427666,2573000.0,0.0,8.0
2019-04-04,SC1905.INE,471.5,472.5,467.0,469.0,469.7,472.4,471.3,-2.3,-1.6,288444,13548864.46,39220,-3172.0,26,0.9781410017294584,0.6998822227774011,18,SC1906.INE,468.1,468.4,14610,-0.8999999999999773,SC1905.INE,469.0,469.7,26,0.0,SC2203.INE,452.5,452.5,1061,-16.5,-0.012406909551620797,-0.012630412499322698,2113000.0,-460000.0,8.0
2019-04-08,SC1905.INE,477.1,479.4,476.1,476.1,477.9,469.0,469.7,6.4,8.2,89040,4255433.56,39960,740.0,22,0.9246874091305612,0.675114039533705,18,SC1906.INE,477.0,477.8,16914,0.8999999999999773,SC1905.INE,476.1,477.9,22,0.0,SC2203.INE,459.0,459.0,1057,-17.100000000000023,-0.012666319644210665,-0.012899384290892461,2113000.0,0.0,8.0
2019-04-09,SC1905.INE,475.0,481.9,475.0,478.2,478.9,476.1,477.9,0.3,1.0,277158,13274167.18,39856,-104.0,21,0.9647392163960903,0.6446478827677676,18,SC1906.INE,477.6,478.8,19622,-0.5999999999999659,SC1905.INE,478.2,478.9,21,0.0,SC2203.INE,459.0,459.0,1056,-19.19999999999999,-0.01415937786021251,-0.014451476726321648,2113000.0,0.0,8.0
2019-04-10,SC1905.INE,477.0,479.1,472.8,475.7,475.7,478.2,478.9,-3.2,-3.2,268000,12750578.68,37900,-1956.0,20,0.9526856492837084,0.624094322223686,18,SC1906.INE,476.1,475.6,20398,0.4000000000000341,SC1905.INE,475.7,475.7,20,0.0,SC2203.INE,459.0,459.0,1055,-16.69999999999999,-0.012380433005415858,-0.012602971577639685,2113000.0,0.0,8.0
2019-04-11,SC1905.INE,476.0,482.8,475.6,480.1,479.4,475.7,475.7,4.4,3.7,254698,12211703.98,37354,-546.0,19,0.937161485929589,0.6014168410883916,18,SC1906.INE,480.1,479.3,22254,0.0,SC1905.INE,480.1,479.4,19,0.0,SC2203.INE,458.2,466.0,1054,-21.900000000000034,-0.016086624465313712,-0.016465077887813866,2113000.0,0.0,8.0
2019-04-12,SC1905.INE,479.0,479.7,472.4,475.2,476.5,480.1,479.4,-4.2,-2.9,237404,11312537.78,32954,-4400.0,18,0.8847859629245894,0.5514206351862387,18,SC1906.INE,475.4,476.6,24384,0.19999999999998863,SC1905.INE,475.2,476.5,18,0.0,SC2203.INE,466.0,466.0,1053,-9.199999999999989,-0.0068275346053123815,-0.0068944916732541954,2113000.0,0.0,8.0
2019-04-15,SC1905.INE,479.4,480.2,467.5,471.8,473.8,475.2,476.5,-4.7,-2.7,240048,11375029.16,30204,-2750.0,15,0.8639668303076546,0.49653131678448137,18,SC1906.INE,472.7,473.6,28182,0.8999999999999773,SC1905.INE,471.8,473.8,15,0.0,SC2203.INE,466.0,466.0,1050,-5.800000000000011,-0.004335334099235525,-0.0043622024053082105,2113000.0,0.0,8.0
2019-04-16,SC1906.INE,470.4,474.9,468.3,469.4,471.1,472.7,473.6,-4.2,-2.5,48256,2273603.76,31978,3796.0,45,0.16263253324705612,0.5276549402679691,19,SC1905.INE,465.6,468.3,26174,-3.7999999999999545,SC1905.INE,465.6,468.3,14,3.7999999999999545,SC2203.INE,466.0,466.0,1049,0.39999999999997726,0.00030296993542174965,0.00030283986818598903,2113000.0,0.0,8.0
2019-04-17,SC1906.INE,471.3,477.5,469.1,476.3,473.4,469.4,471.1,5.2,2.3,58462,2768103.38,36372,4394.0,44,0.21922318301472188,0.6167254476397178,19,SC1905.INE,472.1,469.7,20142,-4.199999999999989,SC1905.INE,472.1,469.7,13,4.199999999999989,SC2203.INE,466.0,466.0,1048,-6.100000000000023,-0.004556678096735042,-0.0045863725610698295,2113000.0,0.0,8.0
2019-04-18,SC1906.INE,476.1,476.1,471.6,472.6,474.0,476.3,473.4,-0.8,0.6,172316,8167892.74,43902,7530.0,43,0.5762537287478096,0.8032714897354265,19,SC1905.INE,474.7,471.7,8166,2.099999999999966,SC1905.INE,474.7,471.7,12,-2.099999999999966,SC2203.INE,466.0,466.0,1047,-8.699999999999989,-0.006463273524392218,-0.0065232346594624796,2363000.0,250000.0,8.0
2019-04-19,SC1906.INE,476.0,476.9,473.4,475.9,474.5,472.6,474.0,1.9,0.5,187136,8881245.66,47534,3632.0,42,0.9784377287462094,0.8368956653403289,19,SC1905.INE,476.7,473.5,6558,0.8000000000000114,SC1905.INE,476.7,473.5,11,-0.8000000000000114,SC2203.INE,466.0,466.0,1046,-10.699999999999989,-0.007915733064172061,-0.008005923430989326,2363000.0,0.0,8.0
2019-04-22,SC1906.INE,475.9,495.2,475.1,490.2,486.2,475.9,474.5,15.7,11.7,223512,10868964.44,50252,2718.0,39,0.981512545999069,0.8537546721032959,19,SC1905.INE,487.0,482.5,5786,-3.1999999999999886,SC1905.INE,487.0,482.5,8,3.1999999999999886,SC2203.INE,476.8,476.8,1043,-10.199999999999989,-0.00738624527571941,-0.007464693406743142,2867000.0,504000.0,8.0
2019-04-23,SC1906.INE,490.5,499.3,488.6,498.3,493.5,490.2,486.2,12.1,7.3,261146,12888182.94,52238,1986.0,38,0.9942888907502875,0.8594603487989471,19,SC1905.INE,494.2,488.9,5510,-4.100000000000023,SC1905.INE,494.2,488.9,7,4.100000000000023,SC2203.INE,476.8,476.8,1042,-17.399999999999977,-0.012416495111408252,-0.012640347727758369,2867000.0,0.0,8.0
2019-04-24,SC1906.INE,495.4,500.3,495.2,497.0,497.8,498.3,493.5,3.5,4.3,249936,12442818.26,51580,-658.0,37,0.9953247580741508,0.8580078514871249,19,SC1905.INE,491.0,492.3,5370,-6.0,SC1905.INE,491.0,492.3,6,6.0,SC2203.INE,476.8,476.8,1041,-14.199999999999989,-0.010199041687574413,-0.010349429367955474,2867000.0,0.0,8.0
2019-04-25,SC1906.INE,500.0,506.9,498.0,505.9,500.6,497.0,497.8,8.1,2.8,309824,15511084.1,51094,-486.0,36,0.9912147678919921,0.8516802240298706,19,SC1905.INE,500.9,494.8,5322,-5.0,SC1905.INE,500.9,494.8,5,5.0,SC2203.INE,476.8,476.8,1040,-24.099999999999966,-0.016967526085895603,-0.01738929283433558,2867000.0,0.0,8.0
2019-04-26,SC1906.INE,507.0,508.3,497.3,498.0,503.6,505.9,500.6,-2.6,3.0,240910,12133267.08,47170,-3924.0,35,0.9797470413599577,0.8130235444172498,19,SC1905.INE,494.5,495.9,5194,-3.5,SC1905.INE,494.5,495.9,4,3.5,SC2203.INE,477.7,477.7,1039,-16.80000000000001,-0.01198106710042351,-0.012189318061256518,2867000.0,0.0,8.0
2019-04-29,SC1906.INE,492.3,495.4,481.2,482.8,485.9,498.0,503.6,-20.8,-17.7,408794,19867106.08,40358,-6812.0,32,0.9808341051197028,0.7640377115595774,19,SC1907.INE,481.1,485.0,5512,-1.6999999999999886,SC1905.INE,479.0,480.3,1,3.8000000000000114,SC2203.INE,477.7,477.7,1036,-1.3000000000000114,-0.0009571066936955941,-0.0009584078362073951,3414000.0,547000.0,8.0
2019-04-30,SC1906.INE,485.3,489.1,483.1,487.6,485.3,482.8,485.9,1.7,-0.6,244428,11863215.28,36922,-3436.0,31,0.9802999919788241,0.7374665441617065,19,SC1907.INE,486.0,483.4,6310,-1.6000000000000227,SC1906.INE,487.6,485.3,31,0.0,SC2203.INE,477.7,477.7,1035,-9.900000000000034,-0.0073812624808395795,-0.00745722528096427,3414000.0,0.0,8.0
2019-05-06,SC1906.INE,471.9,474.8,465.3,472.0,471.7,487.6,485.3,-13.3,-13.6,100108,4722269.16,34552,-2370.0,25,0.9476872976503777,0.7863808093222268,18,SC1907.INE,470.5,470.1,7568,-1.5,SC1906.INE,472.0,471.7,25,0.0,SC2203.INE,477.7,477.7,1029,5.699999999999989,0.004390277871564566,0.00436398028464309,3414000.0,0.0,8.0
2019-05-07,SC1906.INE,478.8,486.5,476.7,485.2,482.5,472.0,471.7,13.5,10.8,263596,12719120.18,34914,362.0,24,0.9701015751508906,0.7534962016574586,18,SC1907.INE,483.6,481.5,9582,-1.599999999999966,SC1906.INE,485.2,482.5,24,0.0,SC2203.INE,474.3,474.3,1028,-10.899999999999977,-0.008167043286047861,-0.008260176920339658,3414000.0,0.0,8.0
2019-05-08,SC1906.INE,480.8,482.8,475.1,482.3,479.4,485.2,482.5,-0.2,-3.1,312368,14977347.56,33732,-1182.0,23,0.9711063165683232,0.7149336611419609,18,SC1907.INE,480.2,478.1,11536,-2.1000000000000227,SC1906.INE,482.3,479.4,23,0.0,SC2203.INE,474.3,474.3,1027,-8.0,-0.006030202226548933,-0.006080774282726523,3414000.0,0.0,8.0
2019-05-09,SC1906.INE,480.7,486.6,476.8,481.7,482.1,482.3,479.4,2.3,2.7,324868,15663167.56,33014,-718.0,22,0.9657423482127994,0.6828693170065776,18,SC1907.INE,479.7,480.0,13354,-2.0,SC1906.INE,481.7,482.1,22,0.0,SC2203.INE,474.3,474.3,1026,-7.399999999999977,-0.005584884874039212,-0.005628227564455415,3161000.0,-253000.0,8.0
2019-05-10,SC1906.INE,483.6,491.8,481.1,487.7,485.5,481.7,482.1,5.6,3.4,333746,16203542.62,31760,-1254.0,21,0.9543889549780381,0.6514604529044963,18,SC1907.INE,485.2,484.3,15020,-2.5,SC1906.INE,487.7,485.5,21,0.0,SC2203.INE,474.3,474.3,1025,-13.399999999999977,-0.009988751167158293,-0.010128542717979937,3161000.0,0.0,8.0
2019-05-13,SC1906.INE,487.8,497.4,486.5,496.8,490.8,487.7,485.5,11.3,5.3,260830,12803327.92,33738,1978.0,18,0.9364520877463828,0.6203434707461479,18,SC1907.INE,495.4,490.1,18002,-1.400000000000034,SC1906.INE,496.8,490.8,18,0.0,SC2203.INE,474.3,474.3,1022,-22.5,-0.016464937352041104,-0.016849438917871044,3161000.0,0.0,8.0
2019-05-14,SC1906.INE,500.9,511.4,491.0,496.3,499.8,496.8,490.8,5.5,9.0,380802,19033208.06,32438,-1300.0,17,0.9052531985603507,0.5718567096819688,18,SC1907.INE,493.8,499.0,19092,-2.5,SC1906.INE,496.3,499.8,17,0.0,SC2203.INE,474.3,474.3,1021,-22.0,-0.016115268926309653,-0.016483367175396963,3161000.0,0.0,8.0
2019-05-15,SC1906.INE,500.8,503.4,498.2,500.9,500.9,496.3,499.8,1.1,1.1,249164,12481309.02,33672,1234.0,16,0.9010574127381349,0.5681887212716412,18,SC1907.INE,498.1,498.5,19986,-2.7999999999999545,SC1906.INE,500.9,500.9,16,0.0,SC2203.INE,474.3,474.3,1020,-26.599999999999966,-0.01930588685386222,-0.019837403715351365,3161000.0,0.0,8.0
2019-05-16,SC1906.INE,499.9,510.0,499.1,506.5,504.6,500.9,500.9,5.6,3.7,266284,13439193.38,31598,-2074.0,15,0.8888755365952986,0.520114564129576,18,SC1907.INE,505.6,503.4,23236,-0.8999999999999773,SC1906.INE,506.5,504.6,15,0.0,SC2203.INE,474.3,474.3,1019,-32.19999999999999,-0.02311189595025624,-0.023879249147309517,3161000.0,0.0,8.0
2019-05-17,SC1906.INE,510.4,515.0,507.2,512.0,511.7,506.5,504.6,7.4,7.1,258828,13244490.18,27884,-3714.0,14,0.8646853660818088,0.4755440343816086,18,SC1907.INE,509.7,509.7,24636,-2.3000000000000114,SC1906.INE,512.0,511.7,14,0.0,SC2203.INE,474.3,474.3,1018,-37.69999999999999,-0.026768900958665333,-0.02780565352283833,3161000.0,0.0,8.0
2019-05-20,SC1907.INE,511.3,519.0,506.0,518.3,512.5,509.7,509.7,8.6,2.8,59632,3056513.74,30690,6054.0,39,0.20898723619006232,0.4977940699409589,18,SC1906.INE,520.5,513.5,24694,2.2000000000000455,SC1906.INE,520.5,513.5,11,-2.2000000000000455,SC2203.INE,474.3,474.3,1015,-46.19999999999999,-0.0322686200443184,-0.0337915310135388,2413000.0,-748000.0,8.0
2019-05-21,SC1907.INE,512.7,514.3,504.8,508.9,509.1,518.3,512.5,-3.6,-3.4,213274,10858815.84,35278,4588.0,38,0.6129197273281144,0.7035057631715391,18,SC1906.INE,509.6,508.4,8864,0.7000000000000455,SC1906.INE,509.6,508.4,10,-0.7000000000000455,SC2203.INE,474.3,474.3,1014,-35.30000000000001,-0.02518282443225529,-0.026097525947870934,1363000.0,-1050000.0,8.0
2019-05-22,SC1907.INE,509.0,509.9,501.8,504.7,506.6,508.9,509.1,-4.4,-2.5,224690,11384165.98,38154,2876.0,37,0.9782400473686044,0.72849123610952,17,SC1906.INE,499.0,506.2,7898,-5.699999999999989,SC1906.INE,499.0,506.2,9,5.699999999999989,SC2203.INE,474.3,474.3,1013,-24.69999999999999,-0.017995153653921396,-0.01845578978766302,1363000.0,0.0,8.0
2019-05-23,SC1907.INE,502.4,506.3,491.8,493.0,498.5,504.7,506.6,-13.6,-8.1,261802,13053192.6,38786,632.0,36,0.9876041163689039,0.7315904632563754,17,SC1906.INE,491.0,496.7,7678,-2.0,SC1906.INE,491.0,496.7,8,2.0,SC2203.INE,474.3,474.3,1012,-16.69999999999999,-0.01236500028399637,-0.012580173946722447,1363000.0,0.0,8.0
2019-05-24,SC1907.INE,484.5,485.0,463.6,472.5,472.4,493.0,498.5,-26.0,-26.1,414570,19584534.38,35930,-2856.0,35,0.9772431545598552,0.7355470029479201,17,SC1906.INE,468.3,470.2,6308,-4.199999999999989,SC1906.INE,468.3,470.2,7,4.199999999999989,SC2203.INE,441.1,443.4,1011,-27.19999999999999,-0.02111562292363748,-0.021753676109252704,1363000.0,0.0,8.0
2019-05-27,SC1907.INE,474.0,477.9,464.9,469.7,470.7,472.5,472.4,-2.7,-1.7,330574,15562729.22,32662,-3268.0,32,0.9729289052658842,0.6600784123519664,17,SC1908.INE,468.5,469.8,7658,-1.1999999999999886,SC1906.INE,470.2,470.8,4,-0.5,SC2203.INE,458.4,458.4,1008,-11.800000000000011,-0.009123438191089338,-0.009239869828172681,1616000.0,253000.0,8.0
2019-05-28,SC1907.INE,472.3,481.1,469.5,476.9,475.1,469.7,470.7,6.2,4.4,235302,11180751.62,32918,256.0,31,0.9724669785587938,0.6424027165216034,17,SC1908.INE,476.2,473.3,9050,-0.6999999999999886,SC1906.INE,462.1,471.6,3,14.799999999999955,SC2203.INE,458.4,458.4,1007,-3.7000000000000455,-0.0029108840552096293,-0.0029226002526167496,1616000.0,0.0,8.0
2019-05-29,SC1907.INE,477.0,479.4,473.0,473.8,475.7,476.9,475.1,-1.3,0.6,264712,12592540.18,33670,752.0,30,0.9702949973608586,0.6232415222863912,17,SC1908.INE,472.8,474.5,11048,-1.0,SC1906.INE,469.7,471.8,2,4.100000000000023,SC2203.INE,458.4,458.4,1006,-11.300000000000011,-0.008746152286744045,-0.008853077774734248,2115000.0,499000.0,8.0
2019-05-30,SC1907.INE,465.2,477.0,460.7,476.1,471.6,473.8,475.7,0.4,-4.1,326984,15421981.64,32384,-1286.0,29,0.9565578614181153,0.5887571812959057,17,SC1908.INE,474.4,470.4,13588,-1.7000000000000455,SC1906.INE,470.0,468.7,1,6.100000000000023,SC2203.INE,458.4,458.4,1005,-11.600000000000023,-0.008972620157667241,-0.00908520238625968,3066000.0,951000.0,8.0
2019-05-31,SC1907.INE,472.6,474.2,447.4,447.7,462.0,476.1,471.6,-23.9,-9.6,379962,17556641.52,33298,914.0,28,0.9418428254144523,0.5421361120156301,17,SC1908.INE,448.7,457.7,18172,1.0,SC1907.INE,447.7,462.0,28,0.0,SC2203.INE,438.2,438.2,1004,-9.5,-0.007935596143494822,-0.008021001435683524,,,
2019-06-03,SC1907.INE,443.9,445.8,429.6,429.6,439.0,447.7,462.0,-32.4,-23.0,309890,13604324.46,32942,-356.0,25,0.9226211742288912,0.5757279177881086,16,SC1908.INE,426.0,437.3,19662,-3.6000000000000227,SC1907.INE,429.6,439.0,25,0.0,SC2203.INE,419.0,419.0,1001,-10.600000000000023,-0.009227512440089168,-0.009343260752529513,3066000.0,0.0,8.0
2019-06-04,SC1907.INE,438.0,439.0,418.4,422.5,427.2,429.6,439.0,-16.5,-11.8,351034,14998725.62,34888,1946.0,24,0.9274983222097158,0.5757475740973002,16,SC1908.INE,424.0,428.2,20958,1.5,SC1907.INE,422.5,427.2,24,0.0,SC2203.INE,422.9,425.5,1000,0.39999999999997726,0.0003540595596080979,0.000353892063159047,3066000.0,0.0,8.0
2019-06-05,SC1907.INE,421.0,430.4,419.3,425.0,425.2,422.5,427.2,-2.2,-2.0,373720,15891253.7,35354,466.0,23,0.9396418639968219,0.5632667367683141,17,SC1908.INE,426.8,426.8,21910,1.8000000000000114,SC1907.INE,425.0,425.2,23,0.0,SC2203.INE,425.0,425.0,999,0.0,0.0,0.0,3066000.0,0.0,8.0
2019-06-06,SC1907.INE,423.8,426.4,409.7,416.2,417.6,425.0,425.2,-9.0,-7.6,426258,17803784.1,33388,-1966.0,22,0.9375354662185643,0.5477932731747334,17,SC1908.INE,417.5,418.4,21804,1.3000000000000114,SC1907.INE,416.2,417.6,22,0.0,SC2203.INE,420.9,420.9,998,4.699999999999989,0.004223172576236191,0.004199505187706623,3066000.0,0.0,8.0
2019-06-10,SC1907.INE,434.7,437.5,430.3,434.8,434.2,416.2,417.6,17.2,16.6,88062,3823836.02,32728,-660.0,18,0.8492651313505382,0.536947105919412,17,SC1908.INE,435.4,435.2,22326,0.5999999999999659,SC1907.INE,434.8,434.2,18,0.0,SC2203.INE,420.9,420.9,994,-13.900000000000034,-0.01195551563183377,-0.01215078996592548,3066000.0,0.0,8.0
2019-06-11,SC1907.INE,433.9,436.6,425.5,431.0,430.3,434.8,434.2,-3.2,-3.9,355748,15309127.78,32934,206.0,17,0.9289381191867601,0.5351815138613539,17,SC1908.INE,432.9,431.3,22736,1.8999999999999773,SC1907.INE,431.0,430.3,17,0.0,SC2203.INE,426.7,423.8,993,-4.300000000000011,-0.0037310771746985817,-0.003749814003150251,3066000.0,0.0,8.0
2019-06-12,SC1907.INE,432.0,433.8,419.1,423.0,427.3,431.0,430.3,-7.3,-3.0,309622,13231805.98,32692,-242.0,16,0.9269675704157885,0.5204075135307227,17,SC1908.INE,424.8,428.5,23776,1.8000000000000114,SC1907.INE,423.0,427.3,16,0.0,SC2203.INE,423.8,423.8,992,0.8000000000000114,0.0007072820989807397,0.000706614116384289,3066000.0,0.0,8.0
2019-06-13,SC1907.INE,419.0,435.9,413.1,427.7,422.0,423.0,427.3,0.4,-5.3,412346,17404290.96,31752,-940.0,15,0.9080510900682669,0.4892299158731626,17,SC1908.INE,428.5,423.5,26036,0.8000000000000114,SC1907.INE,427.7,422.0,15,0.0,SC2203.INE,423.8,423.8,991,-3.8999999999999773,-0.0034101101200856737,-0.003425752900115185,3066000.0,0.0,8.0
2019-06-14,SC1907.INE,431.8,433.9,420.5,425.7,426.3,427.7,422.0,3.7,4.3,342788,14613198.48,29220,-2532.0,14,0.8960606456672331,0.4535013657809784,17,SC1908.INE,426.9,427.5,27876,1.1999999999999886,SC1907.INE,425.7,426.3,14,0.0,SC2203.INE,423.8,423.8,990,-1.8999999999999773,-0.001669140894264785,-0.0016728769005803239,3066000.0,0.0,8.0
2019-06-17,SC1908.INE,428.0,431.8,425.2,425.9,427.8,426.9,427.5,-1.6,0.3,50894,2177437.82,36402,8526.0,44,0.15907954289715187,0.5272442860867298,17,SC1907.INE,426.0,427.4,23762,0.10000000000002274,SC1907.INE,426.0,427.4,11,-0.10000000000002274,SC2203.INE,423.8,423.8,987,-2.1999999999999886,-0.0019313284076040642,-0.0019363326422516913,3066000.0,0.0,8.0
2019-06-18,SC1908.INE,424.4,426.4,412.3,413.5,419.9,425.9,427.8,-14.3,-7.9,225018,9448851.3,47994,11592.0,43,0.6713628470668266,0.7312591418820088,17,SC1907.INE,408.1,420.4,7768,-5.399999999999977,SC1907.INE,408.1,420.4,10,5.399999999999977,SC2203.INE,423.8,423.8,986,15.699999999999989,0.014387194154438161,0.014117348615973448,3066000.0,0.0,8.0
2019-06-19,SC1908.INE,416.5,432.1,416.4,424.8,425.2,413.5,419.9,4.9,5.3,396952,16878566.74,47896,-98.0,42,0.9793545840323695,0.7399579780002472,17,SC1909.INE,426.8,427.1,6914,2.0,SC1907.INE,419.6,418.1,9,5.199999999999989,SC2203.INE,423.8,423.8,985,4.199999999999989,0.0037433191642313006,0.003724708810348979,3066000.0,0.0,8.0
2019-06-20,SC1908.INE,422.1,436.5,418.0,433.0,425.7,424.8,425.2,7.8,0.5,472352,20110039.88,50544,2648.0,41,0.9724739665899423,0.7661199866614121,17,SC1909.INE,433.2,428.6,7904,0.19999999999998863,SC1907.INE,425.8,420.2,8,7.199999999999989,SC2203.INE,423.8,423.8,984,-2.0,-0.0017565777822266932,-0.0017607161047037236,3066000.0,0.0,8.0
2019-06-21,SC1908.INE,433.5,445.0,432.3,439.5,438.2,433.0,425.7,13.8,12.5,444474,19480313.1,46746,-3798.0,40,0.9746595618709295,0.764623135304894,17,SC1909.INE,439.2,437.4,8904,-0.30000000000001137,SC1907.INE,431.9,427.7,7,7.600000000000023,SC2203.INE,423.8,423.8,983,-8.099999999999966,-0.007013662467404769,-0.007080264813879798,3066000.0,0.0,8.0
2019-06-24,SC1908.INE,443.1,448.8,440.9,447.6,445.1,439.5,438.2,9.4,6.9,325584,14493654.64,46530,-216.0,37,0.9799898865852777,0.7729235880398672,17,SC1909.INE,447.4,444.3,8680,-0.20000000000004547,SC1907.INE,441.0,437.9,4,6.600000000000023,SC2203.INE,423.8,423.8,980,-17.19999999999999,-0.014585889000408879,-0.014877949598992045,2116000.0,-950000.0,8.0
2019-06-25,SC1908.INE,446.4,447.3,436.6,440.0,441.1,447.6,445.1,-5.1,-4.0,370744,16354925.12,42486,-4044.0,36,0.9821085144821959,0.7450024549344182,17,SC1909.INE,439.7,442.0,9506,-0.30000000000001137,SC1907.INE,432.0,432.6,3,8.0,SC2203.INE,423.8,423.8,979,-8.199999999999989,-0.007098607316332729,-0.0071668432168214575,2116000.0,0.0,8.0
2019-06-26,SC1908.INE,441.4,451.5,440.7,450.1,445.0,440.0,441.1,9.0,3.9,352010,15664797.28,40604,-1882.0,35,0.9654954880825036,0.6874576730326426,17,SC1909.INE,448.9,445.3,13824,-1.2000000000000455,SC1907.INE,442.2,434.7,2,7.900000000000034,SC2203.INE,425.0,425.0,978,-17.19999999999999,-0.0145463072120767,-0.014836763644578987,2115000.0,-1000.0,8.0
2019-06-27,SC1908.INE,449.0,455.3,446.4,447.9,451.0,450.1,445.0,2.9,6.0,364606,16444683.18,38740,-1864.0,34,0.9571319066719869,0.6440565253532835,17,SC1909.INE,446.2,449.0,16714,-1.6999999999999886,SC1907.INE,441.4,438.7,1,6.5,SC2203.INE,425.0,425.0,977,-16.399999999999977,-0.013894872499572873,-0.014159578471157772,2115000.0,0.0,8.0
2019-06-28,SC1908.INE,448.8,452.0,443.1,443.5,448.1,447.9,451.0,-7.5,-2.9,278966,12502589.06,36602,-2138.0,33,0.9536386260460538,0.6198475867908552,17,SC1909.INE,444.2,447.9,18410,0.6999999999999886,SC1908.INE,443.5,448.1,33,0.0,SC2203.INE,423.3,423.3,976,-20.19999999999999,-0.017629456231820297,-0.018043561814746558,1611000.0,-504000.0,8.0
2019-07-01,SC1908.INE,446.8,453.4,438.0,451.6,447.1,443.5,448.1,3.5,-1.0,307400,13746427.72,35960,-642.0,30,0.9417776742932072,0.6077404089910428,17,SC1909.INE,451.9,448.5,19994,0.2999999999999545,SC1908.INE,451.6,447.1,30,0.0,SC2206.INE,444.2,444.2,1065,-7.400000000000034,-0.005778702027787425,-0.005826571108734956,1611000.0,0.0,8.0
2019-07-02,SC1908.INE,451.9,452.4,434.2,444.2,443.0,451.6,447.1,-2.9,-4.1,369098,16352108.94,35584,-376.0,29,0.9367494035835744,0.5881069645985522,17,SC1909.INE,446.7,444.4,21742,2.5,SC1908.INE,444.2,443.0,29,0.0,SC2206.INE,444.2,444.2,1064,0.0,0.0,0.0,1611000.0,0.0,8.0
2019-07-03,SC1908.INE,438.0,442.9,423.6,427.7,432.0,444.2,443.0,-15.3,-11.0,428314,18506545.34,37454,1870.0,28,0.9320818934375571,0.5583482409063805,17,SC1909.INE,431.6,434.9,25912,3.900000000000034,SC1908.INE,427.7,432.0,28,0.0,SC2206.INE,445.7,445.7,1063,18.0,0.01484177247359483,0.014537955190986662,1611000.0,0.0,8.0
2019-07-04,SC1908.INE,429.5,437.4,427.0,430.4,431.1,427.7,432.0,-1.6,-0.9,369456,15930751.4,32044,-5410.0,27,0.9312201318734499,0.5317270675693615,17,SC1909.INE,431.5,433.3,24534,1.1000000000000227,SC1908.INE,430.4,431.1,27,0.0,SC2206.INE,445.7,445.7,1062,15.300000000000011,0.012536366575076792,0.012318686911402383,1611000.0,0.0,8.0
2019-07-05,SC1908.INE,433.4,434.3,428.6,432.1,431.3,430.4,431.1,1.0,0.2,200982,8669563.26,30448,-1596.0,26,0.9308687033366063,0.5205498187786364,18,SC1909.INE,435.0,434.0,24240,2.8999999999999773,SC1908.INE,432.1,431.3,26,0.0,SC2206.INE,447.0,447.0,1061,14.899999999999977,0.012160586373479873,0.011955619673066317,1611000.0,0.0,8.0
2019-07-08,SC1908.INE,429.7,442.4,429.7,441.7,438.0,432.1,431.3,10.4,6.7,297186,13017332.72,31084,636.0,23,0.9437112590183925,0.522912320839782,17,SC1909.INE,444.3,441.2,24296,2.6000000000000227,SC1908.INE,441.7,438.0,23,0.0,SC2206.INE,446.4,446.4,1058,4.699999999999989,0.0037525196348320157,0.003732695410228423,1611000.0,0.0,8.0
2019-07-09,SC1908.INE,441.0,449.6,438.8,441.3,444.3,441.7,438.0,3.3,6.3,295342,13123003.64,30482,-602.0,22,0.9247064717117004,0.502820758140609,17,SC1909.INE,442.5,445.0,26048,1.1999999999999886,SC1908.INE,441.3,444.3,22,0.0,SC2206.INE,446.4,446.4,1057,5.099999999999966,0.00407557381517717,0.004052203477230806,1611000.0,0.0,8.0
2019-07-10,SC1908.INE,445.8,445.8,437.2,443.8,441.6,441.3,444.3,-0.5,-2.7,246040,10866970.06,30156,-326.0,21,0.9156680312616301,0.49531881344239675,17,SC1909.INE,444.3,443.1,26704,0.5,SC1908.INE,443.8,441.6,21,0.0,SC2206.INE,446.4,446.4,1056,2.599999999999966,0.002066039235151838,0.0020600108285427883,1611000.0,0.0,8.0
2019-07-11,SC1908.INE,447.9,462.2,447.2,461.6,454.3,443.8,441.6,20.0,12.7,320884,14579086.9,33338,3182.0,20,0.9049182177100958,0.489042100630776,17,SC1909.INE,462.4,455.1,30768,0.7999999999999545,SC1908.INE,461.6,454.3,20,0.0,SC2206.INE,446.4,446.4,1055,-15.200000000000045,-0.011612622342785876,-0.011808121745196009,2190000.0,579000.0,8.0
2019-07-12,SC1908.INE,459.8,462.0,454.1,458.2,458.2,461.6,454.3,3.9,3.9,246716,11306570.58,31092,-2246.0,19,0.9159408668018028,0.4719633261483348,18,SC1909.INE,459.8,459.2,30584,1.6000000000000227,SC1908.INE,458.2,458.2,19,0.0,SC2206.INE,446.4,446.4,1054,-11.800000000000011,-0.009081956911839464,-0.009200947843079538,2190000.0,0.0,8.0
2019-07-15,SC1909.INE,457.9,458.9,453.3,455.8,456.0,459.8,459.2,-3.4,-3.2,20358,928478.5,30590,6.0,46,0.08576628497762949,0.4767173669118564,18,SC1908.INE,454.5,454.9,29374,-1.3000000000000114,SC1908.INE,454.5,454.9,16,1.3000000000000114,SC2206.INE,446.4,446.4,1051,-8.100000000000023,-0.006284976323719334,-0.0063416554887998165,2190000.0,0.0,8.0
2019-07-16,SC1909.INE,457.1,461.5,451.6,454.9,455.8,455.8,456.0,-1.1,-0.2,35362,1612043.9,33636,3046.0,45,0.1165093966630644,0.5119323024473396,18,SC1908.INE,451.6,454.1,27498,-3.2999999999999545,SC1908.INE,451.6,454.1,15,3.2999999999999545,SC2206.INE,446.4,446.4,1050,-5.2000000000000455,-0.004060709533039822,-0.004084269315041672,2190000.0,0.0,8.0
2019-07-17,SC1909.INE,457.5,458.8,436.5,441.5,448.4,454.9,455.8,-14.3,-7.4,57030,2557338.6,37294,3658.0,44,0.17818979415844924,0.543058508314646,18,SC1908.INE,436.2,445.4,26012,-5.300000000000011,SC1908.INE,436.2,445.4,14,5.300000000000011,SC2206.INE,436.0,436.0,1049,-0.19999999999998863,-0.00016169509620859055,-0.00016173217657048435,2190000.0,0.0,8.0
2019-07-18,SC1909.INE,444.8,446.4,435.0,437.0,440.1,441.5,448.4,-11.4,-8.3,89708,3948526.56,41650,4356.0,43,0.2679818613071091,0.5901105128931708,18,SC1908.INE,430.5,435.0,23120,-6.5,SC1908.INE,430.5,435.0,13,6.5,SC2206.INE,418.8,418.8,1048,-11.699999999999989,-0.009584406403070234,-0.009717056403924968,1860000.0,-330000.0,8.0
2019-07-19,SC1909.INE,437.8,438.4,420.2,431.4,428.7,437.0,440.1,-8.7,-11.4,289852,12427149.34,50872,9222.0,42,0.7074703076870505,0.7146951390840124,18,SC1908.INE,425.9,422.3,13994,-5.5,SC1908.INE,425.9,422.3,12,5.5,SC2206.INE,418.8,418.8,1047,-7.099999999999966,-0.00587899679337758,-0.005928551444895537,1860000.0,0.0,8.0
2019-07-22,SC1909.INE,429.7,436.8,424.3,434.7,429.3,431.4,428.7,6.0,0.6,289556,12432633.08,49196,-1676.0,39,0.9799777982346889,0.7173729184286506,18,SC1908.INE,426.5,423.0,13182,-8.199999999999989,SC1908.INE,426.5,423.0,9,8.199999999999989,SC2206.INE,418.8,418.8,1044,-7.699999999999989,-0.006366843932469065,-0.006425018450631362,1860000.0,0.0,8.0
2019-07-23,SC1909.INE,434.0,437.9,430.6,436.8,433.8,434.7,429.3,7.5,4.5,219738,9532875.34,50154,958.0,38,0.9754428019709682,0.7316624846822665,18,SC1908.INE,430.9,414.2,11714,-5.900000000000034,SC1908.INE,430.9,414.2,8,5.900000000000034,SC2206.INE,417.7,417.7,1043,-13.199999999999989,-0.010803138695214917,-0.010972066848610487,1860000.0,0.0,8.0
2019-07-24,SC1909.INE,433.8,442.9,432.1,440.5,436.7,436.8,433.8,6.7,2.9,229532,10024696.48,44556,-5598.0,37,0.9745423049488808,0.7297084834588929,18,SC1908.INE,432.0,431.0,9592,-8.5,SC1908.INE,432.0,431.0,7,8.5,SC2206.INE,422.8,422.8,1042,-9.199999999999989,-0.007510288065843608,-0.007591412560898659,1860000.0,0.0,8.0
2019-07-25,SC1909.INE,441.4,446.7,433.1,440.6,441.4,440.5,436.7,3.9,4.7,304744,13452082.04,42984,-1572.0,36,0.969824266610656,0.7607518317935649,18,SC1908.INE,433.6,432.0,5600,-7.0,SC1908.INE,433.6,432.0,6,7.0,SC2206.INE,422.8,422.8,1041,-10.800000000000011,-0.008783892186747971,-0.00889513679924076,1860000.0,0.0,8.0
2019-07-26,SC1909.INE,444.5,445.3,438.8,444.2,442.5,440.6,441.4,2.8,1.1,221622,9806789.32,38304,-4680.0,35,0.9543622427008871,0.7276595744680852,18,SC1910.INE,444.4,442.8,8132,0.19999999999998863,SC1908.INE,436.0,433.7,5,8.199999999999989,SC2206.INE,422.8,422.8,1040,-13.199999999999989,-0.010676771705890166,-0.010841730544760755,1860000.0,0.0,8.0
2019-07-29,SC1909.INE,445.3,445.3,438.2,439.2,441.5,444.2,442.5,-3.3,-1.0,215918,9534648.18,37360,-944.0,32,0.9448290347706607,0.6480260875598418,18,SC1910.INE,440.9,441.7,13780,1.6999999999999886,SC1908.INE,434.0,433.5,2,5.199999999999989,SC2206.INE,422.8,422.8,1037,-11.199999999999989,-0.009100825931120445,-0.009220316172055671,1860000.0,0.0,8.0
2019-07-30,SC1909.INE,441.0,445.0,436.2,444.1,440.8,439.2,441.5,2.6,-0.7,226612,9989758.2,35642,-1718.0,31,0.9366067369291176,0.6147928381688343,18,SC1910.INE,447.2,443.7,16324,3.099999999999966,SC1908.INE,436.0,432.3,1,8.100000000000023,SC2206.INE,422.8,422.8,1036,-13.199999999999989,-0.010676771705890166,-0.010841730544760755,1860000.0,0.0,8.0
2019-07-31,SC1909.INE,443.7,449.7,440.3,446.4,444.3,444.1,440.8,5.6,3.5,203216,9029283.82,31578,-4064.0,30,0.9363066715812753,0.5656098871574422,18,SC1910.INE,449.6,447.6,18242,3.2000000000000455,SC1909.INE,446.4,444.3,30,0.0,SC2206.INE,444.4,444.4,1035,-2.0,-0.0016271688154210877,-0.001630824830938873,1860000.0,0.0,8.0
2019-08-01,SC1909.INE,447.7,448.7,438.1,442.9,444.6,446.4,444.3,-1.4,0.3,243008,10805496.26,30250,-1328.0,29,0.9320579007525257,0.5522088353413654,17,SC1910.INE,446.4,446.8,20024,3.5,SC1909.INE,442.9,444.6,29,0.0,SC2206.INE,444.4,444.4,1034,1.5,0.001230020590207652,0.0012279423833409422,1860000.0,0.0,8.0
2019-08-02,SC1909.INE,440.9,442.8,416.4,428.4,431.5,442.9,444.6,-16.2,-13.1,329664,14227119.3,32756,2506.0,28,0.9257260315516941,0.5430371352785146,18,SC1910.INE,431.6,433.9,22356,3.2000000000000455,SC1909.INE,428.4,431.5,28,0.0,SC2206.INE,443.8,443.8,1033,15.400000000000034,0.013055636848437586,0.012826452987650226,1860000.0,0.0,8.0
2019-08-05,SC1909.INE,430.4,437.8,429.0,433.0,433.4,428.4,431.5,1.5,1.9,294686,12771750.34,31020,-1736.0,25,0.9187576384905096,0.5168449465160452,18,SC1910.INE,435.2,435.8,23538,2.1999999999999886,SC1909.INE,433.0,433.4,25,0.0,SC2206.INE,443.8,443.8,1030,10.800000000000011,0.009058632932336044,0.008947505583125754,1860000.0,0.0,8.0
2019-08-06,SC1909.INE,432.3,433.2,399.6,430.5,429.5,433.0,433.4,-2.9,-3.9,261790,11245036.72,30482,-538.0,24,0.9056973236279096,0.517486079043868,18,SC1910.INE,431.5,431.2,22952,1.0,SC1909.INE,430.5,429.5,24,0.0,SC2206.INE,442.9,442.9,1029,12.399999999999977,0.010461051305608983,0.0103132246541283,1860000.0,0.0,8.0
2019-08-07,SC1909.INE,427.3,428.4,417.4,419.1,423.7,430.5,429.5,-10.4,-5.8,216468,9173908.82,33308,2826.0,23,0.9209288078484092,0.5289838960708954,18,SC1910.INE,420.2,425.0,23502,1.099999999999966,SC1909.INE,419.1,423.7,23,0.0,SC2206.INE,424.2,424.2,1028,5.099999999999966,0.004419562887067823,0.00439288838590843,1860000.0,0.0,8.0
2019-08-08,SC1909.INE,412.2,415.0,401.5,413.5,408.1,419.1,423.7,-10.2,-15.6,390538,15940301.82,31434,-1874.0,22,0.8871750370282869,0.48425560759181663,18,SC1910.INE,413.9,409.6,26818,0.39999999999997726,SC1909.INE,413.5,408.1,22,0.0,SC2206.INE,396.7,396.7,1027,-16.80000000000001,-0.014755725604143729,-0.01506385396454076,1860000.0,0.0,8.0
2019-08-09,SC1909.INE,410.7,413.0,405.9,412.2,409.7,413.5,408.1,4.1,1.6,217562,8914043.04,31490,56.0,21,0.8756631006141982,0.4849838287386416,18,SC1910.INE,411.8,409.6,26578,-0.39999999999997726,SC1909.INE,412.2,409.7,21,0.0,SC2206.INE,406.6,406.6,1026,-5.599999999999966,-0.004934087447285611,-0.0049679104981800865,1860000.0,0.0,8.0
2019-08-12,SC1909.INE,415.6,423.3,413.7,417.9,419.2,412.2,409.7,8.2,9.5,235946,9892963.22,28580,-2910.0,18,0.8827473193508077,0.4559522669985004,18,SC1910.INE,417.6,418.2,27084,-0.2999999999999545,SC1909.INE,417.9,419.2,18,0.0,SC2206.INE,406.6,406.6,1023,-11.299999999999955,-0.009820483607328245,-0.009955699417674152,1860000.0,0.0,8.0
2019-08-13,SC1909.INE,419.5,422.7,416.8,418.0,419.8,417.9,419.2,-1.2,0.6,183256,7694674.68,28450,-130.0,17,0.9042802017231341,0.45025796853733424,18,SC1910.INE,417.0,418.9,27708,-1.0,SC1909.INE,418.0,419.8,17,0.0,SC2206.INE,405.4,405.4,1022,-12.600000000000023,-0.010947654074126978,-0.011116047218908142,1860000.0,0.0,8.0
2019-08-14,SC1910.INE,418.3,432.6,417.2,429.1,427.2,417.0,418.9,10.2,8.3,36802,1572444.56,29232,1524.0,40,0.1134827441596566,0.47471499561531716,18,SC1909.INE,431.6,428.8,25664,2.5,SC1909.INE,431.6,428.8,16,-2.5,SC2206.INE,410.5,410.5,1021,-21.100000000000023,-0.017755292121413323,-0.018203986208354516,1860000.0,0.0,8.0
2019-08-15,SC1910.INE,422.8,425.5,414.0,420.0,419.1,429.1,427.2,-7.2,-8.1,45524,1908353.72,31426,2194.0,39,0.14494488630212876,0.4978455104239275,18,SC1909.INE,422.4,421.2,24912,2.3999999999999773,SC1909.INE,422.4,421.2,15,-2.3999999999999773,SC2206.INE,410.5,410.5,1020,-11.899999999999977,-0.010231748454696184,-0.010378640076957792,1860000.0,0.0,8.0
2019-08-16,SC1910.INE,417.5,418.7,410.8,418.0,414.8,420.0,419.1,-1.1,-4.3,57640,2391070.02,32090,664.0,38,0.19598509370834807,0.5137852636972046,18,SC1909.INE,424.6,418.1,23412,6.600000000000023,SC1909.INE,424.6,418.1,14,-6.600000000000023,SC2206.INE,410.5,410.5,1019,-14.100000000000023,-0.012060517009863556,-0.01226531486316974,1860000.0,0.0,8.0
2019-08-19,SC1910.INE,416.4,425.7,414.1,424.8,418.7,418.0,414.8,10.0,3.9,76632,3208958.36,35164,3074.0,35,0.29448022503343224,0.5761945336566822,18,SC1909.INE,432.0,424.6,18470,7.199999999999989,SC1909.INE,432.0,424.6,11,-7.199999999999989,SC2206.INE,407.5,407.5,1016,-24.5,-0.020597245255205437,-0.021204377393597405,1860000.0,0.0,8.0
2019-08-20,SC1910.INE,424.2,427.9,422.9,427.0,425.4,424.8,418.7,8.3,6.7,167724,7135925.5,40672,5508.0,34,0.6803391068024176,0.7469605142332415,18,SC1909.INE,431.4,432.6,6272,4.399999999999977,SC1909.INE,431.4,432.6,10,-4.399999999999977,SC2206.INE,407.5,407.5,1015,-23.899999999999977,-0.02012076843413896,-0.020699604442846322,1860000.0,0.0,8.0
2019-08-21,SC1910.INE,426.0,428.1,418.1,426.4,422.9,427.0,425.4,1.0,-2.5,253880,10737037.62,38510,-2162.0,33,0.9748268288562257,0.7567302023973276,18,SC1909.INE,431.4,429.3,5074,5.0,SC1909.INE,431.4,429.3,9,-5.0,SC2206.INE,418.4,416.4,1014,-13.0,-0.010944351031121626,-0.011112641531925514,1860000.0,0.0,8.0
2019-08-22,SC1910.INE,428.6,433.0,423.1,425.7,428.4,426.4,422.9,2.8,5.5,252010,10797675.54,37792,-718.0,32,0.9726886053279606,0.7896694387563208,19,SC1911.INE,425.5,427.5,3690,-0.19999999999998863,SC1909.INE,430.0,431.5,8,-4.300000000000011,SC2206.INE,416.4,416.4,1013,-13.600000000000023,-0.011486752285086211,-0.011672326627442716,1860000.0,0.0,8.0
2019-08-23,SC1910.INE,430.0,430.2,421.3,427.1,425.5,425.7,428.4,-1.3,-2.9,230598,9812039.0,38052,260.0,31,0.9798087954110899,0.7877608479629016,19,SC1911.INE,426.5,424.7,4024,-0.6000000000000227,SC1909.INE,430.9,429.0,7,-3.7999999999999545,SC2206.INE,418.4,418.4,1012,-12.5,-0.010535625423589884,-0.01069146082879991,1860000.0,0.0,8.0
2019-08-26,SC1910.INE,415.7,424.8,415.6,422.1,420.9,427.1,425.5,-3.4,-4.6,320820,13506385.14,35384,-2668.0,28,0.9717047994620822,0.7454284991994606,19,SC1911.INE,421.4,419.8,5924,-0.7000000000000455,SC1909.INE,422.5,423.3,4,-0.39999999999997726,SC2206.INE,414.4,413.4,1009,-8.100000000000023,-0.006962819040890239,-0.007030428742252414,1860000.0,0.0,8.0
2019-08-27,SC1910.INE,427.8,429.4,419.2,421.8,423.6,422.1,420.9,0.9,2.7,222324,9419563.9,32202,-3182.0,27,0.9674000069620914,0.6928141135972461,20,SC1911.INE,421.8,423.3,7890,0.0,SC1909.INE,421.0,424.7,3,0.8000000000000114,SC2206.INE,413.4,413.4,1008,-7.600000000000023,-0.006556292173337601,-0.006616192088229307,1860000.0,0.0,8.0
2019-08-28,SC1910.INE,423.1,430.0,417.9,427.3,423.2,421.8,423.6,3.7,-0.4,218430,9244489.48,30512,-1690.0,26,0.9642261205823408,0.6712720552646632,20,SC1911.INE,426.6,423.7,9098,-0.6999999999999886,SC1909.INE,428.0,421.6,2,-0.6999999999999886,SC2206.INE,413.8,414.1,1007,-14.199999999999989,-0.012049565257823018,-0.012253987113113674,1860000.0,0.0,8.0
2019-08-29,SC1910.INE,429.0,435.9,427.8,430.4,431.2,427.3,423.2,7.2,8.0,258770,11159268.96,26992,-3520.0,25,0.9708559379900802,0.625799870166002,20,SC1911.INE,430.0,430.2,10320,-0.39999999999997726,SC1909.INE,435.9,428.4,1,-5.5,SC2206.INE,414.1,414.1,1006,-21.799999999999955,-0.01816336989062482,-0.018633293107344472,1860000.0,0.0,8.0
2019-08-30,SC1910.INE,431.8,442.2,428.9,439.5,435.3,430.4,431.2,8.3,4.1,263684,11479676.02,29152,2160.0,24,0.9565343567940914,0.6008987096508225,20,SC1911.INE,436.0,433.9,13164,-3.5,SC1910.INE,439.5,435.3,24,0.0,SC2206.INE,414.1,414.1,1005,-25.399999999999977,-0.021502982144244624,-0.022149370743531283,1860000.0,0.0,8.0
2019-09-02,SC1910.INE,440.3,441.9,429.2,431.5,433.3,439.5,435.3,-3.8,-2.0,251734,10909008.36,25884,-3268.0,21,0.9474226959323157,0.5688791208791208,19,SC1911.INE,427.8,429.8,14584,-3.6999999999999886,SC1910.INE,431.5,433.3,21,0.0,SC2206.INE,414.1,414.1,1002,-17.399999999999977,-0.015003490419948872,-0.015314380519638899,1860000.0,0.0,8.0
2019-09-03,SC1910.INE,431.5,433.8,425.2,429.6,429.7,431.5,433.3,-3.7,-3.6,168258,7231657.42,25176,-708.0,20,0.945577772532623,0.5461645262061784,19,SC1911.INE,426.2,426.5,15686,-3.400000000000034,SC1910.INE,429.6,429.7,20,0.0,SC2206.INE,414.1,414.1,1001,-15.5,-0.013424288672866408,-0.013672450779555236,1860000.0,0.0,8.0
2019-09-04,SC1910.INE,423.5,429.9,420.3,429.9,424.1,429.6,429.7,0.2,-5.6,204192,8661002.04,25286,110.0,19,0.9325027857442961,0.5231081136993669,19,SC1911.INE,424.9,421.0,17464,-5.0,SC1910.INE,429.9,424.1,19,0.0,SC2206.INE,414.1,414.1,1000,-15.799999999999955,-0.013674564338149403,-0.013932185042824353,1860000.0,0.0,8.0
2019-09-05,SC1910.INE,435.1,444.9,433.1,439.0,438.4,429.9,424.1,14.9,14.3,224896,9860610.5,22252,-3034.0,18,0.8949802217393726,0.46842371168743685,19,SC1911.INE,434.8,434.1,18858,-4.199999999999989,SC1910.INE,439.0,438.4,18,0.0,SC2206.INE,414.1,414.1,999,-24.899999999999977,-0.02110370385850519,-0.021725842733060278,1860000.0,0.0,8.0
2019-09-06,SC1911.INE,439.7,447.3,436.7,438.7,441.3,434.8,434.1,4.6,7.2,25642,1131812.14,20726,1868.0,55,0.09588375188835874,0.43379798233496586,19,SC1910.INE,443.3,446.0,19978,4.600000000000023,SC1910.INE,443.3,446.0,17,-4.600000000000023,SC2206.INE,414.1,414.1,998,-29.19999999999999,-0.02450806238909227,-0.025352524656281832,1860000.0,0.0,8.0
2019-09-09,SC1911.INE,432.2,445.4,430.2,445.0,437.1,438.7,441.3,3.7,-4.2,42394,1853334.48,23344,2618.0,52,0.15976152970703728,0.48791907031184684,19,SC1910.INE,450.5,442.4,17420,5.5,SC1910.INE,450.5,442.4,14,-5.5,SC2206.INE,417.7,417.7,995,-32.80000000000001,-0.02708961953023088,-0.028126433255882752,1860000.0,0.0,8.0
2019-09-10,SC1911.INE,443.6,451.0,442.2,447.2,447.6,445.0,437.1,10.1,10.5,108484,4856242.26,30600,7256.0,51,0.45872552750644846,0.6657094374102598,18,SC1910.INE,455.9,450.0,7962,8.699999999999989,SC1910.INE,455.9,450.0,13,-8.699999999999989,SC2206.INE,417.7,417.7,994,-38.19999999999999,-0.031175801514138235,-0.0325597917802621,1860000.0,0.0,8.0
2019-09-11,SC1911.INE,448.9,454.9,445.9,448.9,450.4,447.2,447.6,1.3,2.8,230900,10401935.0,33400,2800.0,50,0.9521492428990862,0.7197655374536678,18,SC1910.INE,458.0,461.4,5794,9.100000000000023,SC1910.INE,458.0,461.4,12,-9.100000000000023,SC2206.INE,420.6,420.6,993,-37.39999999999998,-0.030382952962176545,-0.03169543945834732,1860000.0,0.0,8.0
2019-09-12,SC1911.INE,449.4,451.7,433.6,436.5,442.2,448.9,450.4,-13.9,-8.2,293978,13000349.92,34164,764.0,49,0.9779707252162342,0.7413097252961854,18,SC1910.INE,446.6,451.9,5022,10.100000000000023,SC1910.INE,446.6,451.9,11,-10.100000000000023,SC2206.INE,420.6,420.6,992,-26.0,-0.021660999199752777,-0.022317118032795336,1860000.0,0.0,8.0
2019-09-16,SC1911.INE,477.5,477.5,468.4,470.3,474.4,436.5,442.2,28.1,32.2,107460,5098791.7,37252,3088.0,45,0.8860488126649076,0.734782437177009,19,SC1912.INE,463.9,469.7,5186,-6.400000000000034,SC1910.INE,485.1,487.0,7,-14.800000000000011,SC2209.INE,448.0,450.7,1080,-37.10000000000002,-0.026015715670888086,-0.027064366575216943,1860000.0,0.0,8.0
2019-09-17,SC1911.INE,478.0,496.0,471.6,489.9,484.1,470.3,474.4,15.5,9.7,406772,19693257.0,37906,654.0,44,0.9599792320581503,0.7335036185610898,19,SC1912.INE,484.6,477.6,5568,-5.2999999999999545,SC1910.INE,508.7,493.2,6,-18.80000000000001,SC2209.INE,456.7,456.7,1079,-52.0,-0.034772406538165095,-0.03668087795692881,1860000.0,0.0,8.0
2019-09-18,SC1911.INE,489.3,489.8,465.0,470.6,473.6,489.9,484.1,-13.5,-10.5,487338,23083270.84,40006,2100.0,43,0.9615109915043228,0.7210366952634993,19,SC1912.INE,463.2,466.7,7708,-7.400000000000034,SC1910.INE,484.2,493.1,5,-13.599999999999966,SC2209.INE,443.2,443.2,1078,-41.0,-0.02880396099214199,-0.03009699143604164,2860000.0,1000000.0,8.0
2019-09-19,SC1911.INE,464.2,468.0,457.4,458.4,463.6,470.6,473.6,-15.2,-10.0,297932,13814783.08,41740,1734.0,42,0.9559581335951588,0.7179716526764828,19,SC1912.INE,453.5,456.5,8620,-4.899999999999977,SC1910.INE,475.0,477.7,4,-16.600000000000023,SC2209.INE,443.2,443.2,1077,-31.80000000000001,-0.02277333594937951,-0.023571471611903094,2860000.0,0.0,8.0
2019-09-20,SC1911.INE,465.9,467.1,461.0,463.9,464.1,458.4,463.6,0.3,0.5,235612,10934874.22,40156,-1584.0,41,0.9603802194577145,0.7024946642874637,19,SC1912.INE,459.3,459.1,9096,-4.599999999999966,SC1910.INE,440.0,440.0,3,23.899999999999977,SC2209.INE,443.2,443.2,1076,3.1999999999999886,0.0024739473015335245,0.002464994510792216,2860000.0,0.0,8.0
2019-09-23,SC1911.INE,464.6,470.3,463.0,466.5,466.3,463.9,464.1,2.4,2.2,242532,11310556.92,37938,-2218.0,38,0.9776441280564984,0.6872577080540561,19,SC1912.INE,460.6,460.8,9334,-5.899999999999977,SC1911.INE,466.5,466.3,38,0.0,SC2209.INE,443.2,443.2,1073,-23.30000000000001,-0.017613951152326647,-0.018069046349592676,2860000.0,0.0,8.0
2019-09-24,SC1911.INE,463.2,467.1,461.2,462.0,464.2,466.5,466.3,-4.3,-2.1,205690,9549785.0,37060,-878.0,37,0.9712987797967587,0.7313992500493388,18,SC1912.INE,456.9,458.7,9782,-5.100000000000023,SC1911.INE,462.0,464.2,37,0.0,SC2209.INE,418.3,434.7,1072,-43.69999999999999,-0.03335738335738335,-0.03504212039735161,2860000.0,0.0,8.0
2019-09-25,SC1911.INE,460.8,463.3,452.0,452.6,458.2,462.0,464.2,-11.6,-6.0,231796,10620959.96,33806,-3254.0,36,0.9656074517187943,0.6966287504121332,18,SC1912.INE,446.1,451.2,10750,-6.5,SC1911.INE,452.6,458.2,36,0.0,SC2209.INE,428.8,428.8,1071,-23.80000000000001,-0.018544491195262604,-0.01904986961994045,2860000.0,0.0,8.0
2019-09-26,SC1911.INE,450.0,453.5,445.3,450.5,449.3,452.6,458.2,-7.7,-8.9,242942,10917444.02,31920,-1886.0,35,0.9550432820448309,0.6586060330953658,18,SC1912.INE,444.9,443.3,12450,-5.600000000000023,SC1911.INE,450.5,449.3,35,0.0,SC2209.INE,428.8,428.8,1070,-21.69999999999999,-0.016987029977427105,-0.017409783151214605,2860000.0,0.0,8.0
2019-09-27,SC1911.INE,448.6,453.5,445.1,448.5,448.4,450.5,449.3,-0.8,-0.9,203472,9124953.0,29108,-2812.0,34,0.9436338845964772,0.6303707553707554,18,SC1912.INE,443.3,443.1,13288,-5.199999999999989,SC1911.INE,448.5,448.4,34,0.0,SC2209.INE,428.8,428.8,1069,-19.69999999999999,-0.015490173902272208,-0.015840672643405204,2860000.0,0.0,8.0
2019-09-30,SC1911.INE,444.0,452.2,442.7,447.0,447.9,448.5,448.4,-1.4,-0.5,197200,8833046.38,23548,-5560.0,31,0.9354661201874728,0.5563220563220563,18,SC1912.INE,442.9,442.1,15008,-4.100000000000023,SC1911.INE,447.0,447.9,31,0.0,SC2209.INE,431.8,431.8,1066,-15.199999999999989,-0.011991916047941718,-0.01220054872898026,2860000.0,0.0,8.0
2019-10-08,SC1911.INE,432.3,441.8,431.5,440.0,437.2,447.0,447.9,-7.9,-10.7,44698,1954318.44,26974,3426.0,23,0.7828021015761821,0.5339482956569935,18,SC1912.INE,436.1,432.9,18896,-3.8999999999999773,SC1911.INE,440.0,437.2,23,0.0,SC2209.INE,429.5,429.5,1058,-10.5,-0.008415678524374156,-0.008517719519921552,2860000.0,0.0,8.0
2019-10-09,SC1911.INE,434.3,469.3,434.2,449.3,445.3,440.0,437.2,12.1,8.1,254332,11326303.76,25848,-1126.0,22,0.8312263867281974,0.46861742630262154,18,SC1912.INE,444.3,440.0,24100,-5.0,SC1911.INE,449.3,445.3,22,0.0,SC2209.INE,429.5,429.5,1057,-19.80000000000001,-0.0155410832309196,-0.01589392487720632,2860000.0,0.0,8.0
2019-10-10,SC1912.INE,446.9,451.3,441.4,443.5,445.9,444.3,440.0,3.5,5.9,34754,1549687.32,26814,2714.0,50,0.13894486023156144,0.4567817110149569,18,SC1911.INE,450.4,452.4,26134,6.899999999999977,SC1911.INE,450.4,452.4,21,-6.899999999999977,SC2209.INE,429.5,429.5,1056,-20.899999999999977,-0.016364412524347623,-0.016756263209108422,2860000.0,0.0,8.0
2019-10-11,SC1912.INE,446.9,463.0,444.5,460.2,451.8,443.5,445.9,14.3,5.9,44976,2032287.66,31124,4310.0,49,0.16172018266153682,0.48512999563563813,18,SC1911.INE,467.2,458.5,27024,7.0,SC1911.INE,467.2,458.5,20,-7.0,SC2209.INE,429.5,429.5,1055,-37.69999999999999,-0.028457125603864708,-0.029671040466418466,2860000.0,0.0,8.0
2019-10-14,SC1912.INE,459.0,469.4,458.4,466.7,464.8,460.2,451.8,14.9,13.0,59478,2764831.94,35342,4218.0,46,0.2155749826026444,0.5556568769259795,18,SC1911.INE,474.3,471.7,22478,7.600000000000023,SC1911.INE,474.3,471.7,17,-7.600000000000023,SC2209.INE,439.3,439.3,1052,-35.0,-0.026023603561210473,-0.02703379796536984,2860000.0,0.0,8.0
2019-10-15,SC1912.INE,463.0,464.6,455.4,455.9,459.4,466.7,464.8,-8.9,-5.4,54826,2518788.74,35558,216.0,45,0.27109911192863784,0.572205593640372,18,SC1911.INE,463.7,466.8,20866,7.800000000000011,SC1911.INE,463.7,466.8,16,-7.800000000000011,SC2209.INE,439.3,439.3,1051,-24.399999999999977,-0.01855689221021001,-0.019062959180409303,2860000.0,0.0,8.0
2019-10-16,SC1912.INE,457.6,459.4,451.5,453.1,455.7,455.9,459.4,-6.3,-3.7,59936,2731768.76,35786,228.0,44,0.2634873742702398,0.5766912688948336,18,SC1911.INE,462.2,465.4,20112,9.099999999999966,SC1911.INE,462.2,465.4,15,-9.099999999999966,SC2209.INE,431.0,431.0,1050,-31.19999999999999,-0.02380549232091008,-0.02464705973317333,2860000.0,0.0,8.0
2019-10-17,SC1912.INE,452.0,453.4,443.0,444.1,448.5,453.1,455.7,-11.6,-7.2,74740,3352165.68,37684,1898.0,43,0.2997056677012407,0.6149076431042361,18,SC1911.INE,444.0,452.2,17118,-0.10000000000002274,SC1911.INE,444.0,452.2,14,0.10000000000002274,SC2209.INE,439.6,439.6,1049,-4.399999999999977,-0.0034947991469730243,-0.0035122309801998066,2860000.0,0.0,8.0
2019-10-18,SC1912.INE,445.0,447.3,442.3,447.3,444.9,444.1,448.5,-1.2,-3.6,80344,3574682.16,38636,952.0,42,0.44792328706026646,0.6461301759315005,18,SC1911.INE,448.5,444.8,14028,1.1999999999999886,SC1911.INE,448.5,444.8,13,-1.1999999999999886,SC2209.INE,436.4,436.4,1048,-12.100000000000023,-0.00951426924961899,-0.009644967200073738,2860000.0,0.0,8.0
2019-10-21,SC1912.INE,450.0,450.8,441.0,446.1,446.3,447.3,444.9,1.2,1.4,136906,6110950.2,42046,3410.0,39,0.7902952076382235,0.7318711923411663,18,SC1911.INE,441.4,444.5,7936,-4.7000000000000455,SC1911.INE,441.4,444.5,10,4.7000000000000455,SC2209.INE,434.0,434.0,1045,-7.399999999999977,-0.005912237960463931,-0.0059623577764389805,1445000.0,-1415000.0,8.0
2019-10-22,SC1912.INE,445.0,445.5,440.3,442.3,442.4,446.1,446.3,-4.0,-3.9,139372,6166737.94,40604,-1442.0,38,0.9701382411493645,0.7300776754890679,18,SC1911.INE,434.0,432.0,7238,-8.300000000000011,SC1911.INE,434.0,432.0,9,8.300000000000011,SC2209.INE,430.9,430.9,1044,-3.1000000000000227,-0.002518978605935158,-0.0025280180286894774,1445000.0,0.0,8.0
2019-10-23,SC1912.INE,445.7,447.3,442.4,443.6,444.7,442.3,442.4,1.2,2.3,168554,7496687.5,41860,1256.0,37,0.9776233672830198,0.7315368215022194,18,SC1911.INE,438.2,438.8,7132,-5.400000000000034,SC1911.INE,438.2,438.8,8,5.400000000000034,SC2209.INE,430.9,430.9,1043,-7.300000000000011,-0.005874934128858291,-0.0059244199294149315,1445000.0,0.0,8.0
2019-10-24,SC1912.INE,440.1,450.1,439.0,448.4,445.6,443.6,444.7,3.7,0.9,189560,8448125.54,41548,-312.0,36,0.9736304149074959,0.7327948075769869,18,SC1911.INE,443.8,441.9,6962,-4.599999999999966,SC1911.INE,443.8,441.9,7,4.599999999999966,SC2209.INE,432.1,432.1,1042,-11.699999999999989,-0.009297176558183271,-0.009421925758088121,1445000.0,0.0,8.0
2019-10-25,SC1912.INE,452.0,455.4,450.0,451.7,452.6,448.4,445.6,6.1,7.0,152940,6922258.66,35690,-5858.0,35,0.9717386331867741,0.7105315548477006,18,SC1911.INE,446.9,446.0,6368,-4.800000000000011,SC1911.INE,446.9,446.0,6,4.800000000000011,SC2209.INE,432.1,432.1,1041,-14.799999999999955,-0.011678952050788909,-0.01187671666237115,1445000.0,0.0,8.0
2019-10-28,SC1912.INE,449.2,457.3,449.1,456.3,453.9,451.7,452.6,3.7,1.3,147522,6696428.46,36304,614.0,32,0.9458842538567087,0.7298166613058862,18,SC2001.INE,450.8,449.2,6058,-5.5,SC1911.INE,449.0,446.9,3,7.300000000000011,SC2209.INE,432.1,432.1,1038,-16.899999999999977,-0.013273726907889773,-0.013529983916515822,2444000.0,999000.0,8.0
2019-10-29,SC1912.INE,457.2,460.5,453.3,454.9,456.4,456.3,453.9,1.0,2.5,138400,6316680.14,32784,-3520.0,31,0.9398343066684776,0.7093647221741388,18,SC2001.INE,449.7,450.8,7740,-5.199999999999989,SC1911.INE,447.5,484.8,2,7.399999999999977,SC2209.INE,432.1,432.1,1037,-15.399999999999977,-0.012136129328259516,-0.01234987013875675,2444000.0,0.0,8.0
2019-10-30,SC1912.INE,451.6,458.3,450.8,452.6,454.2,454.9,456.4,-3.8,-2.2,136244,6188377.68,31892,-892.0,30,0.9283076461850838,0.6815403684233021,19,SC2001.INE,447.3,448.2,11080,-5.300000000000011,SC1911.INE,445.4,447.2,1,7.2000000000000455,SC2209.INE,439.0,439.0,1036,-6.399999999999977,-0.005067366032595118,-0.005104125350777762,2444000.0,0.0,8.0
2019-10-31,SC1912.INE,453.2,456.0,448.1,449.3,452.2,452.6,454.2,-4.9,-2.0,170804,7725004.54,31168,-724.0,29,0.934335477659621,0.6416601474039609,19,SC2001.INE,445.3,446.8,13208,-4.0,SC1912.INE,449.3,452.2,29,0.0,SC2209.INE,439.0,439.0,1035,-10.300000000000011,-0.008317555163123196,-0.00841437584030235,2444000.0,0.0,8.0
2019-11-01,SC1912.INE,447.1,448.3,442.0,443.6,444.4,449.3,452.2,-8.6,-7.8,135110,6004862.94,30498,-670.0,28,0.93757373044842,0.611721758664955,18,SC2001.INE,440.1,440.6,15686,-3.5,SC1912.INE,443.6,444.4,28,0.0,SC2209.INE,433.1,433.1,1034,-10.5,-0.00858801205391634,-0.008691283944637465,2444000.0,0.0,9.0
2019-11-04,SC1912.INE,447.0,454.5,445.7,450.2,449.1,443.6,444.4,5.8,4.7,145370,6529065.26,28114,-2384.0,25,0.927790967807817,0.5825528387898881,18,SC2001.INE,446.4,446.0,16314,-3.8000000000000114,SC1912.INE,450.2,449.1,25,0.0,SC2209.INE,435.0,435.0,1031,-15.199999999999989,-0.012249912342912755,-0.012461483643281245,2444000.0,0.0,9.0
2019-11-05,SC1912.INE,456.2,460.9,453.4,458.7,458.0,450.2,449.1,9.6,8.9,151540,6940963.94,28532,418.0,24,0.8919259337735871,0.567056204785754,18,SC2001.INE,454.6,453.4,17926,-4.099999999999966,SC1912.INE,458.7,458.0,24,0.0,SC2209.INE,434.3,434.3,1030,-24.399999999999977,-0.019299940492211298,-0.01983222132480891,2444000.0,0.0,9.0
2019-11-06,SC1912.INE,461.4,462.7,457.5,458.0,459.6,458.7,458.0,0.0,1.6,117880,5418863.96,28862,330.0,23,0.9104249370549437,0.5617579508739149,18,SC2001.INE,454.3,455.6,18632,-3.6999999999999886,SC1912.INE,458.0,459.6,23,0.0,SC2209.INE,433.2,433.2,1029,-24.80000000000001,-0.01964631425421273,-0.020198239741930964,2444000.0,0.0,9.0
2019-11-07,SC1912.INE,458.4,463.4,452.9,453.8,458.0,458.0,459.6,-5.8,-1.6,186856,8559311.06,28510,-352.0,22,0.9008234182463313,0.5282368635588823,18,SC2001.INE,451.6,454.3,21294,-2.1999999999999886,SC1912.INE,453.8,458.0,22,0.0,SC2209.INE,415.0,415.0,1028,-38.80000000000001,-0.031021451721578868,-0.03242841851092518,2444000.0,0.0,9.0
2019-11-08,SC1912.INE,457.8,459.1,450.9,451.6,456.1,453.8,458.0,-6.4,-1.9,156504,7139347.58,27502,-1008.0,21,0.9053067552089962,0.5142867828558606,18,SC2001.INE,450.6,453.6,21686,-1.0,SC1912.INE,451.6,456.1,21,0.0,SC2209.INE,414.2,414.2,1027,-37.400000000000034,-0.030047791197896787,-0.031365285695445805,2444000.0,0.0,9.0
2019-11-11,SC1912.INE,450.0,457.9,445.4,452.3,452.1,451.6,456.1,-3.8,-4.0,178388,8065368.2,25400,-2102.0,18,0.9075221554083616,0.4912959381044487,18,SC2001.INE,450.6,450.7,21854,-1.6999999999999886,SC1912.INE,452.3,452.1,18,0.0,SC2209.INE,411.5,411.5,1024,-40.80000000000001,-0.03272867767966599,-0.034300079099240204,2444000.0,0.0,9.0
2019-11-12,SC1912.INE,452.2,459.4,451.3,457.2,455.6,452.3,452.1,5.1,3.5,150168,6842688.0,26598,1198.0,17,0.8779495334533804,0.48769665187575634,19,SC2001.INE,456.0,454.6,23136,-1.1999999999999886,SC1912.INE,457.2,455.6,17,0.0,SC2209.INE,411.5,411.5,1023,-45.69999999999999,-0.03626643463801618,-0.03820959026668873,2444000.0,0.0,9.0
2019-11-13,SC1912.INE,457.3,459.2,449.1,450.1,454.5,457.2,455.6,-5.5,-1.1,160808,7309796.18,26372,-226.0,16,0.8515388362881532,0.46606814647250105,19,SC2001.INE,450.4,454.0,25186,0.2999999999999545,SC1912.INE,450.1,454.5,16,0.0,SC2209.INE,412.9,412.9,1022,-37.200000000000045,-0.029986709381568895,-0.03129869463568345,2444000.0,0.0,9.0
2019-11-14,SC2001.INE,451.1,457.5,449.7,456.1,453.8,450.4,454.0,2.1,-0.2,25930,1176930.6,26894,1708.0,36,0.13817247847216302,0.4762360107663975,19,SC1912.INE,455.6,452.8,24630,-0.5,SC1912.INE,455.6,452.8,15,0.5,SC2209.INE,418.0,418.0,1021,-37.60000000000002,-0.029943255305742402,-0.03125132868053565,2444000.0,0.0,9.0
2019-11-15,SC2001.INE,457.2,457.5,450.5,450.6,454.8,456.1,453.8,-3.2,1.0,35300,1605462.06,27950,1056.0,35,0.20339022113645006,0.5072779411230898,19,SC1912.INE,449.6,454.4,22050,-1.0,SC1912.INE,449.6,454.4,14,1.0,SC2209.INE,421.2,421.2,1020,-28.400000000000034,-0.022918538590520968,-0.02367439282969807,2444000.0,0.0,9.0
2019-11-18,SC2001.INE,448.7,456.5,446.5,455.8,452.4,450.6,454.8,1.0,-2.4,57964,2622779.0,29184,1234.0,32,0.2892270844768225,0.5558010207968309,19,SC1912.INE,455.4,452.4,18196,-0.4000000000000341,SC1912.INE,455.4,452.4,11,0.4000000000000341,SC2209.INE,424.3,424.3,1017,-31.099999999999966,-0.024777771666007427,-0.02566443490934034,2444000.0,0.0,9.0
2019-11-19,SC2001.INE,455.8,455.8,450.1,453.1,452.7,455.8,452.4,0.7,0.3,113590,5142333.06,31192,2008.0,31,0.7008526969162234,0.6481319868678054,19,SC1912.INE,453.4,453.6,11256,0.2999999999999545,SC1912.INE,453.4,453.6,10,-0.2999999999999545,SC2209.INE,424.3,424.3,1016,-29.099999999999966,-0.023286614674546447,-0.02406749984172916,2444000.0,0.0,9.0
2019-11-20,SC2001.INE,450.8,451.4,441.8,443.3,447.6,453.1,452.7,-9.4,-5.1,165824,7423007.54,35698,4506.0,30,0.9706619213748858,0.6701332832738878,19,SC1912.INE,446.4,451.5,10982,3.099999999999966,SC1912.INE,446.4,451.5,9,-3.099999999999966,SC2209.INE,424.3,424.3,1015,-22.099999999999966,-0.01796234243285804,-0.0184222171803877,2444000.0,0.0,9.0
2019-11-21,SC2001.INE,446.2,453.0,444.7,452.4,449.1,443.3,447.6,4.8,1.5,180326,8098717.98,31362,-4336.0,29,0.9735878802276237,0.6458667984678117,19,SC1912.INE,449.5,454.8,10836,-2.8999999999999773,SC1912.INE,449.5,454.8,8,2.8999999999999773,SC2209.INE,424.3,424.3,1014,-25.19999999999999,-0.020340692220426053,-0.020933113441092905,2444000.0,0.0,9.0
2019-11-22,SC2001.INE,453.2,460.0,453.2,458.9,456.7,452.4,449.1,9.8,7.6,172658,7885691.16,34364,3002.0,28,0.9732475028747942,0.6844327597195666,19,SC1912.INE,453.8,449.9,9486,-5.099999999999966,SC1912.INE,453.8,449.9,7,5.099999999999966,SC2209.INE,425.6,425.6,1013,-28.19999999999999,-0.022546519034755772,-0.023277506487258414,2444000.0,0.0,9.0
2019-11-25,SC2001.INE,460.6,464.9,457.5,463.3,461.2,458.9,456.7,6.6,4.5,184198,8496569.38,34596,232.0,25,0.9709451267724422,0.702713682157946,19,SC1912.INE,458.5,453.8,7584,-4.800000000000011,SC1912.INE,458.5,453.8,4,4.800000000000011,SC2209.INE,432.0,432.0,1010,-26.5,-0.020970144238169685,-0.02160056337985028,2444000.0,0.0,9.0
2019-11-26,SC2001.INE,461.9,463.2,458.4,460.2,461.2,463.3,461.2,-1.0,0.0,169044,7796667.06,32208,-2388.0,24,0.9693779245802367,0.6663907969875031,19,SC1912.INE,456.0,456.4,7524,-4.199999999999989,SC1912.INE,456.0,456.4,3,4.199999999999989,SC2209.INE,428.0,428.0,1009,-28.0,-0.022278609047469557,-0.022991957341347,4356000.0,1912000.0,9.0
2019-11-27,SC2001.INE,462.2,465.8,459.5,463.3,462.5,460.2,461.2,2.1,1.3,153682,7109151.42,31740,-468.0,23,0.9560667894291545,0.6670589718801228,19,SC2002.INE,458.9,457.9,6626,-4.400000000000034,SC1912.INE,458.6,456.0,2,4.699999999999989,SC2209.INE,442.0,435.0,1008,-16.600000000000023,-0.013133150508202433,-0.013376737819412208,4356000.0,0.0,9.0
2019-11-28,SC2001.INE,464.4,465.3,459.7,461.8,462.1,463.3,462.5,-0.7,-0.4,152480,7047054.18,32002,262.0,22,0.9652099053020712,0.644629763919104,19,SC2002.INE,458.0,458.0,7908,-3.8000000000000114,SC1912.INE,458.4,457.5,1,3.400000000000034,SC2209.INE,430.0,427.4,1007,-28.399999999999977,-0.022478566645502192,-0.023205058847133603,4356000.0,0.0,9.0
2019-11-29,SC2001.INE,462.2,464.0,460.5,463.5,462.1,461.8,462.1,1.4,0.0,103688,4792189.32,31870,-132.0,21,0.9452821588111952,0.6386261622314845,19,SC2002.INE,458.5,458.0,9030,-5.0,SC2001.INE,463.5,462.1,21,0.0,SC2209.INE,427.4,427.4,1006,-36.10000000000002,-0.028861180928599996,-0.030047112054938947,4356000.0,0.0,9.0
2019-12-02,SC2001.INE,462.8,463.4,450.7,451.5,456.1,463.5,462.1,-10.6,-6.0,215772,9841412.28,28580,-3290.0,18,0.9370554054875666,0.608966163811472,19,SC2002.INE,447.0,450.6,12478,-4.5,SC2001.INE,451.5,456.1,18,0.0,SC2212.INE,415.8,415.8,1094,-35.69999999999999,-0.026821993602489838,-0.02794183463112598,4356000.0,0.0,9.0
2019-12-03,SC2001.INE,453.9,455.0,449.8,450.5,452.0,451.5,456.1,-5.6,-4.1,168514,7617934.0,27036,-1544.0,17,0.9368759312384638,0.5632734697279054,19,SC2002.INE,446.2,447.7,14754,-4.300000000000011,SC2001.INE,450.5,452.0,17,0.0,SC2212.INE,415.0,413.5,1093,-35.5,-0.02673093506182722,-0.02784297234057475,4356000.0,0.0,9.0
2019-12-04,SC2001.INE,447.2,452.0,445.4,448.7,448.5,450.5,452.0,-3.3,-3.5,173306,7773528.66,27042,6.0,16,0.9120792371008147,0.5383206593144085,19,SC2002.INE,447.1,445.2,16746,-1.599999999999966,SC2001.INE,448.7,448.5,16,0.0,SC2212.INE,413.5,413.5,1092,-35.19999999999999,-0.02661136716313047,-0.02771320117020439,4356000.0,0.0,9.0
2019-12-05,SC2001.INE,452.4,459.2,450.4,455.7,455.5,448.7,448.5,7.2,7.0,191952,8743883.08,23168,-3874.0,15,0.8662641141588368,0.48202396804260983,19,SC2002.INE,454.5,453.8,17652,-1.1999999999999886,SC2001.INE,455.7,455.5,15,0.0,SC2212.INE,413.5,413.5,1091,-42.19999999999999,-0.031413332811239376,-0.032964379265077295,4356000.0,0.0,9.0
2019-12-06,SC2001.INE,458.6,461.0,455.0,458.0,458.2,455.7,455.5,2.5,2.7,165356,7577882.42,21408,-1760.0,14,0.8503430046591037,0.43652379593001917,19,SC2002.INE,457.0,457.1,19724,-1.0,SC2001.INE,458.0,458.2,14,0.0,SC2212.INE,413.5,413.5,1090,-44.5,-0.03295908345643739,-0.03467217418439611,4356000.0,0.0,9.0
2019-12-09,SC2002.INE,457.0,465.4,453.9,465.3,461.1,457.0,457.1,8.2,4.0,54898,2531525.2,25006,5282.0,38,0.2100828116150561,0.46024442317602887,19,SC2001.INE,467.9,463.5,19802,2.599999999999966,SC2001.INE,467.9,463.5,11,-2.599999999999966,SC2212.INE,413.5,413.5,1087,-54.39999999999998,-0.039439050221228907,-0.0419265199294377,4356000.0,0.0,9.0
2019-12-10,SC2002.INE,463.1,468.7,461.5,466.7,466.1,465.3,461.1,5.6,5.0,107824,5026477.96,33428,8422.0,37,0.58897689408423,0.618372858781309,19,SC2001.INE,470.2,468.0,10202,3.5,SC2001.INE,470.2,468.0,10,-3.5,SC2212.INE,424.4,417.4,1086,-45.80000000000001,-0.03304178084466152,-0.034763783660447474,3342000.0,-1014000.0,9.0
2019-12-11,SC2002.INE,465.0,468.5,464.6,465.4,466.7,466.7,466.1,-0.7,0.6,138786,6478267.76,34704,1276.0,36,0.9579243798401458,0.6345120122865396,19,SC2001.INE,465.4,470.1,9120,0.0,SC2001.INE,465.4,470.1,9,0.0,SC2212.INE,417.4,417.4,1085,-48.0,-0.03498609342724732,-0.03692478951873441,3342000.0,0.0,9.0
2019-12-12,SC2002.INE,466.0,468.1,460.6,466.4,464.1,465.4,466.7,-0.3,-2.6,180602,8382758.92,36176,1472.0,35,0.9776962137698813,0.6445038303937288,19,SC2001.INE,460.0,465.2,8700,-6.399999999999977,SC2001.INE,460.0,465.2,8,6.399999999999977,SC2212.INE,420.1,421.4,1084,-39.89999999999998,-0.02942358978503311,-0.03077862883582579,3342000.0,0.0,9.0
2019-12-13,SC2002.INE,467.1,470.7,464.8,466.2,466.7,466.4,464.1,2.1,2.6,188018,8776369.26,35280,-896.0,34,0.9767371789543678,0.637329286798179,19,SC2003.INE,463.2,463.5,8702,-3.0,SC2001.INE,461.7,462.5,7,4.5,SC2212.INE,421.4,421.4,1083,-40.30000000000001,-0.02960913804084307,-0.030981860847715533,3342000.0,0.0,9.0
2019-12-16,SC2002.INE,467.8,473.9,467.2,470.9,470.1,466.2,466.7,4.2,3.4,225240,10589751.66,38692,3412.0,31,0.9694830628846899,0.652083052447081,19,SC2003.INE,468.4,467.1,9264,-2.5,SC2001.INE,482.0,468.8,4,-11.100000000000023,SC2212.INE,421.4,421.4,1080,-60.60000000000002,-0.04264873744774715,-0.04557805634608434,3342000.0,0.0,9.0
2019-12-17,SC2002.INE,472.3,474.2,469.7,470.7,472.2,470.9,470.1,0.6,2.1,122678,5793250.78,38370,-322.0,30,0.958631575657175,0.6612325084441993,19,SC2003.INE,467.9,469.0,9630,-2.8000000000000114,SC2001.INE,486.0,481.1,3,-15.300000000000011,SC2212.INE,421.4,421.4,1079,-64.60000000000002,-0.04508964768155187,-0.04838153784720992,3342000.0,0.0,9.0
2019-12-18,SC2002.INE,472.2,477.9,471.7,473.6,474.8,470.7,472.2,1.4,2.6,149050,7078119.0,39086,716.0,29,0.9215749316779404,0.6290395262005922,19,SC2003.INE,472.3,473.3,13072,-1.3000000000000114,SC2001.INE,474.6,493.7,2,-1.0,SC2212.INE,421.4,421.4,1078,-53.200000000000045,-0.03802458575955965,-0.04032973286294123,3342000.0,0.0,9.0
2019-12-19,SC2002.INE,474.9,479.0,473.7,478.5,476.6,473.6,474.8,3.7,1.8,163836,7808626.2,39930,844.0,28,0.9398900834126921,0.6102332120915732,19,SC2003.INE,476.6,475.5,15160,-1.8999999999999773,SC2001.INE,471.3,470.6,1,7.199999999999989,SC2212.INE,421.4,421.4,1077,-49.900000000000034,-0.035915647378878486,-0.03796282656529065,3342000.0,0.0,9.0
2019-12-20,SC2002.INE,478.1,481.9,477.0,480.2,479.6,478.5,476.6,3.6,3.0,122436,5872064.82,41234,1304.0,27,0.9543094981995043,0.6252501971250076,19,SC2003.INE,478.3,478.0,14364,-1.8999999999999773,SC2002.INE,480.2,479.6,27,0.0,SC2212.INE,421.4,421.4,1076,-58.80000000000001,-0.042606174977140525,-0.045449348505460854,3342000.0,0.0,9.0
2019-12-23,SC2002.INE,479.1,481.0,476.2,476.8,478.4,480.2,479.6,-2.8,-1.2,139382,6668147.5,38200,-3034.0,24,0.9537827776865385,0.6778097164555165,18,SC2003.INE,474.2,476.3,14434,-2.6000000000000227,SC2002.INE,476.8,478.4,24,0.0,SC2212.INE,421.4,421.4,1073,-55.400000000000034,-0.04042880403836189,-0.04297696305918375,3342000.0,0.0,9.0
2019-12-24,SC2002.INE,478.4,481.7,477.3,480.4,478.8,476.8,478.4,2.0,0.4,96150,4603918.72,37894,-306.0,23,0.9455021043936593,0.6711654268508679,18,SC2003.INE,477.8,476.5,14864,-2.599999999999966,SC2002.INE,480.4,478.8,23,0.0,SC2212.INE,421.4,421.4,1072,-59.0,-0.04273329581560965,-0.04559423729746905,3342000.0,0.0,9.0
2019-12-25,SC2002.INE,481.7,488.8,480.2,484.2,483.3,480.4,478.8,5.4,4.5,104448,5048559.88,37548,-346.0,22,0.9293022759222023,0.6584595959595959,18,SC2003.INE,482.0,481.4,15648,-2.1999999999999886,SC2002.INE,484.2,483.3,22,0.0,SC2212.INE,422.6,422.6,1071,-61.599999999999966,-0.04426630818910948,-0.04734628965922843,3342000.0,0.0,9.0
2019-12-26,SC2002.INE,484.2,486.0,481.1,484.8,484.2,484.2,483.3,1.5,0.9,46628,2258166.98,34108,-3440.0,21,0.8150323370040202,0.5858467880453453,18,SC2003.INE,482.7,482.2,18284,-2.1000000000000227,SC2002.INE,484.8,484.2,21,0.0,SC2212.INE,422.6,422.6,1070,-62.19999999999999,-0.0446421548732566,-0.04777718807835951,2642000.0,-700000.0,9.0
2019-12-27,SC2002.INE,484.2,492.0,482.8,489.6,486.5,484.8,484.2,5.4,2.3,126412,6150643.1,36890,2782.0,20,0.8468680913780398,0.5570824524312896,18,SC2003.INE,487.6,485.0,20664,-2.0,SC2002.INE,489.6,486.5,20,0.0,SC2212.INE,422.6,422.6,1069,-67.0,-0.0476157654037147,-0.05120529885214336,2642000.0,0.0,9.0
2019-12-30,SC2002.INE,488.9,493.5,487.3,489.3,490.1,489.6,486.5,2.8,3.6,152836,7491396.9,30784,-6106.0,17,0.8842322067042339,0.4850776842835082,18,SC2003.INE,487.3,488.1,22294,-2.0,SC2002.INE,489.3,490.1,17,0.0,SC2212.INE,422.9,422.9,1066,-66.40000000000003,-0.047218288338996,-0.050745109287961665,2642000.0,0.0,9.0
2019-12-31,SC2002.INE,491.0,494.2,481.2,483.5,488.1,489.3,490.1,-6.6,-2.0,166386,8121566.38,23718,-7066.0,16,0.8143482218894077,0.4032301938116287,18,SC2003.INE,482.8,486.7,23638,-0.6999999999999886,SC2002.INE,483.5,488.1,16,0.0,SC2212.INE,438.0,441.0,1065,-45.5,-0.03274404243761972,-0.03438877754877937,2642000.0,0.0,9.0
2020-01-02,SC2003.INE,483.7,483.7,479.7,481.7,481.1,482.8,486.7,-5.0,-5.6,5163,248411.12,12563,-11075.0,57,0.2903824521934758,0.4344954001521754,18,SC2002.INE,482.5,481.8,10614,0.8000000000000114,SC2002.INE,482.5,481.8,14,-0.8000000000000114,SC2212.INE,425.7,425.7,1063,-56.80000000000001,-0.04096079661360189,-0.04357941611048702,2642000.0,0.0,9.0
2020-01-03,SC2003.INE,480.6,502.4,478.6,499.0,488.3,481.7,481.1,17.9,7.2,51402,2510074.57,17776,5213.0,56,0.3833109619686801,0.543824762137853,19,SC2002.INE,499.7,487.1,8153,0.6999999999999886,SC2002.INE,499.7,487.1,13,-0.6999999999999886,SC2212.INE,440.0,440.0,1062,-59.69999999999999,-0.04157022335422223,-0.044270843541292786,2642000.0,0.0,9.0
2020-01-06,SC2003.INE,503.1,517.5,497.4,516.1,506.6,499.0,488.3,27.8,18.3,90369,4578576.78,19223,1447.0,53,0.6900293210347882,0.5979346169398737,19,SC2004.INE,511.4,503.9,6176,-4.7000000000000455,SC2002.INE,509.2,507.4,10,6.900000000000034,SC2212.INE,460.0,454.5,1059,-49.19999999999999,-0.03361971937512775,-0.03535676613731212,2642000.0,0.0,9.0
2020-01-07,SC2003.INE,511.0,513.1,498.8,502.2,507.3,516.1,506.6,-4.4,0.7,90211,4576836.26,19100,-123.0,52,0.9152716056898196,0.5865552928170009,19,SC2004.INE,499.2,502.2,7024,-3.0,SC2002.INE,494.9,500.6,9,7.300000000000011,SC2212.INE,454.6,454.6,1058,-40.299999999999955,-0.02833380943199277,-0.0295541476138037,2642000.0,0.0,9.0
2020-01-08,SC2003.INE,500.7,529.8,498.2,508.1,508.3,502.2,507.3,0.8,1.0,137033,6966273.79,19722,622.0,51,0.9199006478031753,0.5818042362381262,19,SC2004.INE,503.9,507.3,7652,-4.2000000000000455,SC2002.INE,501.4,501.5,8,6.7000000000000455,SC2212.INE,456.0,456.0,1057,-45.39999999999998,-0.0315056830388734,-0.033024454067282646,1884000.0,-758000.0,9.0
2020-01-09,SC2003.INE,500.0,502.7,479.1,481.5,492.4,508.1,508.3,-26.8,-15.9,148785,7327119.4,18810,-912.0,50,0.9414805768415457,0.5638996312618041,19,SC2004.INE,477.5,487.7,7899,-4.0,SC2002.INE,474.7,481.9,7,6.800000000000011,SC2212.INE,429.8,432.2,1056,-44.89999999999998,-0.032911258186646586,-0.03457341286209219,1884000.0,0.0,9.0
2020-01-10,SC2003.INE,481.9,482.9,475.8,479.1,479.1,481.5,492.4,-13.3,-13.3,98522,4720392.13,19346,536.0,49,0.9194173035825938,0.6155069835512711,19,SC2004.INE,475.3,475.9,8267,-3.8000000000000114,SC2002.INE,471.1,474.3,6,8.0,SC2212.INE,420.0,420.5,1055,-51.10000000000002,-0.037742022757115336,-0.03995016317105076,2584000.0,700000.0,9.0
2020-01-13,SC2003.INE,480.2,480.4,473.5,476.9,477.8,479.1,479.1,-2.2,-1.3,84094,4018019.18,19966,620.0,46,0.9449613448399856,0.6199080973671137,19,SC2004.INE,473.8,474.1,8490,-3.099999999999966,SC2002.INE,468.6,467.4,3,8.299999999999955,SC2212.INE,423.2,423.2,1052,-45.400000000000034,-0.03371094638431741,-0.03545776512707918,2253000.0,-331000.0,9.0
2020-01-14,SC2003.INE,475.8,476.5,461.9,465.4,470.2,476.9,477.8,-12.4,-7.6,94882,4461705.95,21279,1313.0,45,0.8989294173377547,0.6164252607184241,19,SC2004.INE,461.2,466.1,9495,-4.199999999999989,SC2002.INE,456.8,464.1,2,8.599999999999966,SC2212.INE,416.7,417.0,1051,-40.10000000000002,-0.030544685205992225,-0.031969379188168126,2053000.0,-200000.0,9.0
2020-01-15,SC2003.INE,467.6,471.0,462.6,463.3,466.8,465.4,470.2,-6.9,-3.4,71774,3350905.33,22468,1189.0,44,0.9150995116851325,0.610643039626026,19,SC2004.INE,459.0,462.2,10649,-4.300000000000011,SC2002.INE,455.6,458.0,1,7.699999999999989,SC2212.INE,420.6,417.4,1050,-35.0,-0.026730169039287367,-0.027812710611168807,2053000.0,0.0,9.0
2020-01-16,SC2003.INE,463.9,465.6,458.6,463.6,462.3,463.3,466.8,-3.2,-4.5,75761,3503067.11,22523,55.0,43,0.9265700483091788,0.6098505361204376,19,SC2004.INE,459.2,458.1,10834,-4.400000000000034,SC2003.INE,463.6,462.3,43,0.0,SC2212.INE,417.0,417.0,1049,-46.60000000000002,-0.03647013518543617,-0.03843598382542772,2268000.0,215000.0,9.0
2020-01-17,SC2003.INE,461.1,468.0,461.0,464.0,465.4,463.6,462.3,1.7,3.1,72015,3351761.07,21731,-792.0,42,0.9107176730951628,0.6123823479682128,18,SC2004.INE,459.9,460.7,11194,-4.100000000000023,SC2003.INE,464.0,465.4,42,0.0,SC2212.INE,430.7,430.7,1048,-33.30000000000001,-0.026038810241996297,-0.027020434851550184,2268000.0,0.0,9.0
2020-01-20,SC2003.INE,465.2,470.8,463.6,466.0,466.0,464.0,465.4,0.6,0.6,65715,3062502.27,19687,-2044.0,39,0.908820600763401,0.5908818056305901,18,SC2004.INE,462.8,462.5,11039,-3.1999999999999886,SC2003.INE,466.0,466.0,39,0.0,SC2212.INE,423.7,421.2,1045,-42.30000000000001,-0.032934368040682935,-0.03452623401589791,2268000.0,0.0,9.0
2020-01-21,SC2003.INE,465.0,466.4,460.1,460.9,463.8,466.0,466.0,-5.1,-2.2,47983,2225471.76,17884,-1803.0,38,0.8761297861851115,0.5710271720042147,19,SC2004.INE,459.3,460.8,10389,-1.599999999999966,SC2003.INE,460.9,463.8,38,0.0,SC2212.INE,421.2,421.2,1044,-39.69999999999999,-0.03125206237083895,-0.03268067754008386,2268000.0,0.0,9.0
2020-01-22,SC2003.INE,460.1,464.3,457.1,459.8,461.0,460.9,463.8,-4.0,-2.8,54377,2507211.58,15726,-2158.0,37,0.8427798701198059,0.5297268164516455,19,SC2004.INE,459.0,459.6,10432,-0.8000000000000114,SC2003.INE,459.8,461.0,37,0.0,SC2212.INE,418.0,418.9,1043,-41.80000000000001,-0.032983914693656254,-0.03458073124113179,2268000.0,0.0,9.0
2020-01-23,SC2003.INE,458.2,459.2,443.7,447.2,451.7,459.8,461.0,-13.8,-9.3,66758,3015622.46,12402,-3324.0,36,0.849349228361684,0.4601513802315227,19,SC2004.INE,447.1,449.6,10449,-0.0999999999999659,SC2003.INE,447.2,451.7,36,0.0,SC2212.INE,416.5,417.7,1042,-30.69999999999999,-0.024907576010840152,-0.025803780303585582,2268000.0,0.0,9.0
2020-02-03,SC2003.INE,415.5,415.5,415.5,415.5,415.5,447.2,451.7,-36.2,-36.2,771,32035.05,11922,-480.0,25,0.305952380952381,0.44551569506726457,19,SC2004.INE,413.6,413.6,10627,-1.8999999999999773,SC2003.INE,415.5,415.5,25,0.0,SC2212.INE,403.2,398.9,1031,-12.300000000000011,-0.010740610488692386,-0.010902795826536341,2268000.0,0.0,9.0
2020-02-04,SC2004.INE,398.2,401.4,381.4,400.2,396.6,413.6,413.6,-13.4,-17.0,15541,616451.44,12172,1545.0,56,0.3438882988139494,0.4231825609289713,19,SC2003.INE,397.5,394.4,10778,-2.6999999999999886,SC2003.INE,397.5,394.4,24,2.6999999999999886,SC2212.INE,400.2,382.8,1030,2.6999999999999886,0.0024644585318278674,0.002456126381873677,2268000.0,0.0,9.0
2020-02-05,SC2004.INE,392.0,403.3,392.0,399.0,399.7,400.2,396.6,2.4,3.1,17003,679776.04,15851,3679.0,55,0.4277591889104128,0.4478569208600571,19,SC2003.INE,395.8,396.4,10196,-3.1999999999999886,SC2003.INE,395.8,396.4,23,3.1999999999999886,SC2212.INE,402.0,401.7,1029,6.199999999999989,0.005683433507092823,0.00563937896565884,2268000.0,0.0,9.0
2020-02-06,SC2004.INE,407.0,411.2,403.7,409.1,407.6,399.0,399.7,9.4,7.9,25588,1043112.18,19862,4011.0,54,0.5815718896313469,0.48430908780571064,19,SC2005.INE,410.8,408.8,10056,1.6999999999999886,SC2003.INE,403.8,402.2,22,5.300000000000011,SC2212.INE,409.8,406.2,1028,6.0,0.005391130187670392,0.005351469605380423,2268000.0,0.0,9.0
2020-02-07,SC2004.INE,406.1,407.5,402.4,404.9,404.7,409.1,407.6,-2.7,-2.9,21457,868384.21,22730,2868.0,53,0.6631946590838845,0.5000660007920095,19,SC2005.INE,405.1,406.0,12051,0.20000000000004547,SC2003.INE,398.0,398.5,21,6.899999999999977,SC2212.INE,406.2,406.2,1027,8.199999999999989,0.007475249008461788,0.007399284303751498,2268000.0,0.0,9.0
2020-02-10,SC2004.INE,391.9,401.8,391.8,399.9,399.1,404.9,404.7,-4.8,-5.6,24122,962826.96,25819,3089.0,50,0.69077892325315,0.5102972567001344,19,SC2005.INE,400.6,400.4,14769,0.7000000000000455,SC2003.INE,393.6,393.1,18,6.2999999999999545,SC2212.INE,408.0,408.0,1024,14.399999999999977,0.013274014449886061,0.013036961597925575,2268000.0,0.0,9.0
2020-02-11,SC2004.INE,396.6,400.5,396.3,397.8,398.2,399.9,399.1,-1.3,-0.9,29529,1175896.92,29091,3272.0,49,0.6721218190922748,0.4996135813282498,19,SC2005.INE,398.1,398.9,19099,0.30000000000001137,SC2003.INE,390.3,391.5,17,7.5,SC2212.INE,408.0,408.0,1023,17.69999999999999,0.016453928236881535,0.01609174709684017,2268000.0,0.0,9.0
2020-02-12,SC2004.INE,398.1,403.5,398.1,403.3,401.6,397.8,398.2,5.1,3.4,35605,1430192.7,31630,2539.0,48,0.6959130621738365,0.49899034517574303,19,SC2005.INE,403.1,402.0,22091,-0.19999999999998863,SC2003.INE,395.4,393.8,16,7.900000000000034,SC2212.INE,408.0,408.0,1022,12.600000000000023,0.01156188815513594,0.011381492284980588,2179000.0,-89000.0,9.0
2020-02-13,SC2004.INE,406.3,410.6,405.3,406.1,407.6,403.3,401.6,4.5,6.0,33153,1351645.49,31478,-152.0,47,0.7161093831000518,0.49014356451060387,19,SC2005.INE,405.9,407.3,22881,-0.20000000000004547,SC2003.INE,398.5,400.1,15,7.600000000000023,SC2212.INE,408.0,408.0,1021,9.5,0.008649483276002713,0.00854799384042801,2179000.0,0.0,9.0
2020-02-14,SC2004.INE,410.1,410.5,406.0,408.2,407.8,406.1,407.6,0.6,0.2,25236,1029207.2,30635,-843.0,46,0.7408407703147017,0.4861540902959613,19,SC2005.INE,409.6,408.5,22797,1.400000000000034,SC2003.INE,399.8,400.5,14,8.399999999999977,SC2212.INE,408.0,408.0,1020,8.199999999999989,0.007441593560199578,0.00736630676274317,2179000.0,0.0,9.0
2020-02-17,SC2004.INE,410.5,411.2,408.5,410.4,409.7,408.2,407.8,2.6,1.9,23664,969640.42,30722,87.0,43,0.707697828817513,0.47760590750097165,19,SC2005.INE,413.3,412.4,23549,2.900000000000034,SC2003.INE,402.1,401.7,11,8.299999999999955,SC2212.INE,414.9,409.5,1017,12.799999999999955,0.011549702036475486,0.011369682310130965,2922000.0,743000.0,9.0
2020-02-18,SC2004.INE,410.0,410.5,405.8,406.0,407.8,410.4,409.7,-3.7,-1.9,24445,996883.66,30619,-103.0,42,0.722305942144609,0.4783695533301045,19,SC2005.INE,410.5,411.1,23573,4.5,SC2003.INE,397.5,400.4,10,8.5,SC2212.INE,415.0,415.1,1016,17.5,0.015973342335921573,0.015631718627985854,2922000.0,0.0,9.0
2020-02-19,SC2004.INE,409.6,415.2,407.3,413.5,411.4,406.0,407.8,5.7,3.6,33957,1397060.41,30238,-381.0,41,0.7413059139432838,0.47370482352388266,19,SC2005.INE,416.7,414.3,23712,3.1999999999999886,SC2003.INE,405.9,399.6,9,7.600000000000023,SC2212.INE,420.0,419.1,1015,14.100000000000023,0.01260360967968984,0.012389641066486249,2922000.0,0.0,9.0
2020-02-20,SC2004.INE,419.0,422.0,417.1,419.6,419.6,413.5,411.4,8.2,8.2,27734,1163967.93,29527,-711.0,40,0.7188326162459178,0.47633412918629414,19,SC2005.INE,422.2,422.0,23353,2.599999999999966,SC2003.INE,412.0,412.9,8,7.600000000000023,SC2212.INE,421.7,424.6,1014,9.699999999999989,0.008542193441294007,0.008443187039851457,2922000.0,0.0,9.0
2020-02-21,SC2004.INE,418.0,419.3,413.6,415.4,416.6,419.6,419.6,-4.2,-3.0,24528,1022032.39,29196,-331.0,39,0.7560569631958572,0.47113119251250607,19,SC2005.INE,417.8,419.2,23585,2.400000000000034,SC2003.INE,409.8,411.8,7,5.599999999999966,SC2212.INE,419.0,422.7,1013,9.199999999999989,0.008145368879936605,0.00805528300479972,2922000.0,0.0,9.0
2020-02-24,SC2004.INE,405.0,405.0,399.8,400.2,401.2,415.4,416.6,-16.4,-15.4,29599,1187632.25,26779,-2417.0,36,0.692374269005848,0.4410461649949767,19,SC2005.INE,404.6,405.1,23726,4.400000000000034,SC2003.INE,393.0,395.4,4,7.199999999999989,SC2212.INE,409.8,409.8,1010,16.80000000000001,0.015509993474268867,0.015187636914981512,2922000.0,0.0,9.0
2020-02-25,SC2004.INE,397.0,399.7,395.1,399.3,397.4,400.2,401.2,-1.9,-3.8,29531,1173590.89,25393,-1386.0,35,0.6613441426107989,0.40539936459281256,19,SC2005.INE,404.6,402.2,25169,5.300000000000011,SC2003.INE,391.4,389.8,3,7.900000000000034,SC2212.INE,409.8,409.8,1009,18.400000000000034,0.017056577245774255,0.016667794242177566,2922000.0,0.0,9.0
2020-02-26,SC2005.INE,395.0,395.2,387.3,387.6,392.0,404.6,402.2,-14.6,-10.2,15150,593978.38,26120,951.0,64,0.2524663378216238,0.39336756976551557,19,SC2004.INE,382.4,387.1,24390,-5.2000000000000455,SC2003.INE,375.0,377.8,2,12.600000000000023,SC2212.INE,409.9,408.9,1008,34.89999999999998,0.033766732935719,0.03228660890860495,2922000.0,0.0,9.0
2020-02-27,SC2005.INE,378.0,378.0,371.8,374.9,375.3,387.6,392.0,-17.1,-16.7,21967,824506.89,28092,1972.0,63,0.29395942618563325,0.40101066335488844,20,SC2004.INE,368.7,369.4,22476,-6.199999999999989,SC2003.INE,359.5,361.3,1,15.399999999999977,SC2212.INE,405.0,403.1,1007,45.5,0.04592058220910976,0.043238672793324856,2922000.0,0.0,9.0
2020-02-28,SC2005.INE,365.0,367.6,358.7,360.0,363.2,374.9,375.3,-15.3,-12.1,27123,985339.64,28975,883.0,62,0.3416984768887713,0.41071909507137083,20,SC2004.INE,353.5,357.2,20592,-6.5,SC2004.INE,353.5,357.2,32,6.5,SC2212.INE,394.1,395.6,1006,40.60000000000002,0.04303982759672275,0.04074254372225943,2922000.0,0.0,9.0
2020-03-02,SC2005.INE,355.2,371.8,354.3,367.9,365.8,360.0,363.2,4.7,2.6,44515,1628440.17,34047,5072.0,59,0.3785224741075832,0.45152178237517404,20,SC2004.INE,361.8,358.6,18725,-6.099999999999966,SC2004.INE,361.8,358.6,29,6.099999999999966,SC2303.INE,397.6,374.7,1093,35.80000000000001,0.03394420961192371,0.03236798793679217,2922000.0,0.0,9.0
2020-03-03,SC2005.INE,385.0,385.4,371.8,376.5,378.5,367.9,365.8,10.7,12.7,35194,1332436.73,33111,-936.0,58,0.42788537525379633,0.4562377711025987,20,SC2006.INE,379.2,381.1,18138,2.6999999999999886,SC2004.INE,370.7,372.7,28,5.800000000000011,SC2303.INE,397.1,397.1,1092,26.400000000000034,0.02443051248298789,0.02359979813241496,2922000.0,0.0,9.0
2020-03-04,SC2005.INE,376.0,377.9,373.2,375.1,375.4,376.5,378.5,-3.4,-3.1,29805,1119155.55,35218,2107.0,57,0.4842955332044262,0.46273108305193866,20,SC2006.INE,377.9,378.4,19668,2.7999999999999545,SC2004.INE,367.7,368.7,27,7.400000000000034,SC2303.INE,397.1,397.1,1091,29.400000000000034,0.027428681848761197,0.02638728730069789,2922000.0,0.0,9.0
2020-03-05,SC2005.INE,374.3,375.9,372.4,373.7,374.0,375.1,375.4,-1.7,-1.4,33329,1246638.41,39377,4159.0,56,0.6298235005102234,0.48527309474514446,20,SC2006.INE,376.7,376.7,21282,3.0,SC2004.INE,366.2,366.5,26,7.5,SC2303.INE,397.1,397.1,1090,30.900000000000034,0.02894618783441402,0.02778957204166387,2922000.0,0.0,9.0
2020-03-06,SC2005.INE,365.0,366.6,354.5,357.3,359.7,373.7,374.0,-16.7,-14.3,65930,2372160.3,41188,1811.0,55,0.719524173305686,0.4829850606252492,20,SC2006.INE,362.2,364.0,23841,4.899999999999977,SC2004.INE,350.0,352.5,25,7.300000000000011,SC2303.INE,397.1,397.1,1089,47.10000000000002,0.0461640708915145,0.04331115510678331,2922000.0,0.0,9.0
2020-03-09,SC2005.INE,338.1,338.1,338.1,338.1,338.1,357.3,359.7,-21.6,-21.6,302,10210.62,41059,-129.0,52,0.4015957446808511,0.4824114108468841,20,SC2006.INE,342.1,342.1,23834,4.0,SC2004.INE,331.3,331.3,22,6.800000000000011,SC2303.INE,373.2,373.2,1086,41.89999999999998,0.043385421749362836,0.04085329725430317,2922000.0,0.0,9.0
2020-03-10,SC2005.INE,307.6,307.6,307.6,307.6,307.6,338.1,338.1,-30.5,-30.5,1371,42171.96,40535,-524.0,51,0.21883479648842777,0.46814727554108054,20,SC2006.INE,311.3,311.3,23819,3.6999999999999886,SC2004.INE,301.4,301.4,21,6.2000000000000455,SC2303.INE,349.4,344.6,1085,48.0,0.05463226746361589,0.05069490197392836,2922000.0,0.0,9.0
2020-03-11,SC2005.INE,287.0,294.2,273.7,275.0,284.7,307.6,307.6,-32.6,-22.9,148779,4236366.15,41637,1102.0,50,0.6259898178146169,0.4273222697743157,20,SC2006.INE,281.2,290.9,33577,6.199999999999989,SC2004.INE,268.7,276.8,20,6.300000000000011,SC2303.INE,365.2,364.5,1084,96.5,0.12320004980818258,0.10526326699367416,2922000.0,0.0,9.0
2020-03-12,SC2005.INE,270.0,272.4,256.2,261.1,262.2,275.0,284.7,-23.6,-22.5,104010,2727305.5,41269,-368.0,49,0.643833411741402,0.4041661361877993,20,SC2006.INE,268.3,268.4,36411,7.199999999999989,SC2004.INE,253.3,254.0,19,7.800000000000011,SC2303.INE,367.2,366.4,1083,113.89999999999998,0.1542551849422213,0.12738366272051466,2922000.0,0.0,9.0
2020-03-13,SC2005.INE,257.0,269.4,250.8,267.1,260.5,261.1,262.2,4.9,-1.7,97296,2535453.66,39007,-2262.0,48,0.6374714993317084,0.37890002719819715,20,SC2006.INE,273.8,267.5,38348,6.699999999999989,SC2004.INE,260.0,253.2,18,7.100000000000023,SC2303.INE,378.8,372.4,1082,118.80000000000001,0.1567452284557548,0.12909704563739133,2922000.0,0.0,9.0
2020-03-16,SC2005.INE,255.6,263.7,247.7,248.2,256.2,267.1,260.5,-12.3,-4.3,98454,2523360.84,38875,-132.0,45,0.6510818960956513,0.3720594146584231,20,SC2006.INE,253.8,261.9,38326,5.600000000000023,SC2004.INE,240.3,248.4,15,7.899999999999977,SC2303.INE,367.3,373.4,1079,127.0,0.18130141208201525,0.14555088879733774,2922000.0,0.0,9.0
2020-03-17,SC2006.INE,253.3,256.2,246.8,252.0,251.9,253.8,261.9,-9.9,-10.0,36391,916836.03,40983,2657.0,73,0.2416096242837889,0.37657814940733253,20,SC2005.INE,246.5,246.7,38530,-5.5,SC2004.INE,240.1,239.5,14,11.900000000000006,SC2303.INE,375.0,371.9,1078,134.9,0.19273963229606714,0.15295370376059136,2922000.0,0.0,9.0
2020-03-18,SC2006.INE,236.0,247.7,236.0,241.0,243.5,252.0,251.9,-10.9,-8.4,34019,828673.64,42860,1877.0,72,0.27139210211408055,0.3832431707426119,20,SC2005.INE,236.8,238.3,38000,-4.199999999999989,SC2004.INE,229.4,229.0,13,11.599999999999994,SC2303.INE,363.7,361.9,1077,134.29999999999998,0.20083242653276603,0.1580965072966641,2922000.0,0.0,9.0
2020-03-19,SC2006.INE,225.0,240.0,220.1,236.2,228.7,241.0,243.5,-7.3,-14.8,54148,1238806.2,42325,-535.0,71,0.28467034324678125,0.37734587438149153,20,SC2005.INE,229.7,222.7,35492,-6.5,SC2004.INE,220.8,214.0,12,15.399999999999977,SC2303.INE,343.8,347.2,1076,123.0,0.19109850032690417,0.1519013291064099,2922000.0,0.0,9.0
2020-03-20,SC2006.INE,249.0,251.5,244.1,251.5,247.4,236.2,228.7,22.8,18.7,40114,992705.9,43413,1088.0,70,0.27755175467729437,0.3870976370931788,20,SC2005.INE,244.9,240.9,33379,-6.599999999999994,SC2004.INE,235.4,231.8,11,16.099999999999994,SC2303.INE,368.4,364.2,1075,132.99999999999997,0.1938190314358538,0.15364411183041915,2922000.0,0.0,9.0
2020-03-23,SC2006.INE,225.0,249.5,223.0,248.9,241.3,251.5,247.4,1.5,-6.1,60781,1466663.43,46833,3420.0,67,0.3306855709645653,0.399231083984042,20,SC2005.INE,242.9,234.6,32083,-6.0,SC2004.INE,230.0,229.5,8,18.900000000000006,SC2303.INE,359.1,356.7,1072,129.10000000000002,0.19255271330500168,0.1528340048803828,2922000.0,0.0,9.0
2020-03-24,SC2006.INE,259.9,262.5,253.4,260.0,258.5,248.9,241.3,18.7,17.2,47118,1218067.31,45906,-927.0,66,0.31123176918199114,0.3889053617872059,20,SC2005.INE,254.3,252.5,29750,-5.699999999999989,SC2004.INE,244.6,239.5,7,15.400000000000006,SC2303.INE,370.5,370.9,1071,125.9,0.1765714623844976,0.14244235511402295,2922000.0,0.0,9.0
2020-03-25,SC2006.INE,260.7,267.1,260.7,264.4,264.0,260.0,258.5,5.9,5.5,40062,1057779.35,44839,-1067.0,65,0.3710612600263046,0.38794774182384495,20,SC2005.INE,259.3,258.6,27383,-5.099999999999966,SC2004.INE,253.9,244.9,6,10.499999999999972,SC2303.INE,377.9,374.8,1070,123.99999999999997,0.16753680183128158,0.13642530958680057,2922000.0,0.0,9.0
2020-03-26,SC2006.INE,266.8,266.9,257.2,258.7,261.5,264.4,264.0,-5.3,-2.5,38830,1015477.35,43094,-1745.0,64,0.37574995161602476,0.3683814603956164,20,SC2007.INE,266.3,268.4,25656,7.600000000000023,SC2004.INE,245.6,253.6,5,13.099999999999994,SC2303.INE,373.0,371.7,1069,127.4,0.1779476684381965,0.1433497100849176,3398000.0,476000.0,9.0
2020-03-27,SC2006.INE,260.8,260.8,253.0,255.6,256.9,258.7,261.5,-5.9,-4.6,47920,1231177.84,42312,-782.0,63,0.3998731621021713,0.3526,20,SC2007.INE,261.5,263.6,27630,5.900000000000006,SC2004.INE,244.5,244.6,4,11.099999999999994,SC2303.INE,370.0,370.9,1068,125.5,0.1760824607531098,0.14211936964663568,3398000.0,0.0,9.0
2020-03-30,SC2006.INE,250.0,253.2,243.4,252.0,248.9,255.6,256.9,-4.9,-8.0,68789,1712279.33,43143,831.0,60,0.42716004918093864,0.3378967896554695,20,SC2007.INE,258.5,255.8,30210,6.5,SC2004.INE,236.6,234.9,1,15.400000000000006,SC2303.INE,369.9,369.9,1065,133.29999999999998,0.1932709785876356,0.15329373849845346,3398000.0,0.0,9.0
2020-03-31,SC2006.INE,253.3,271.0,253.3,265.3,264.0,252.0,248.9,16.4,15.1,100343,2649399.62,43960,817.0,59,0.5622559045190934,0.3464008510302983,20,SC2007.INE,272.2,270.7,31176,6.899999999999977,SC2005.INE,259.2,257.5,30,6.100000000000023,SC2303.INE,374.8,372.3,1064,115.60000000000002,0.15743277932994248,0.13018306948592248,3398000.0,0.0,9.0
2020-04-01,SC2006.INE,264.0,265.9,259.6,262.2,262.8,265.3,264.0,-1.8,-1.2,71104,1868680.83,43890,-70.0,58,0.5460172166207199,0.3527482860885849,20,SC2007.INE,268.9,269.4,32378,6.699999999999989,SC2005.INE,256.5,256.9,29,5.699999999999989,SC2303.INE,370.5,373.3,1063,114.0,0.15688802922845474,0.12980613611773772,3398000.0,0.0,9.0
2020-04-02,SC2006.INE,266.0,289.0,263.8,289.0,276.5,262.2,262.8,26.2,13.7,142041,3927545.25,47568,3678.0,57,0.6000861846802507,0.37297119289937114,20,SC2007.INE,296.3,283.0,32970,7.300000000000011,SC2005.INE,282.5,268.6,28,6.5,SC2303.INE,390.8,380.1,1062,108.30000000000001,0.13532633813183614,0.11455400376932126,3398000.0,0.0,9.0
2020-04-03,SC2006.INE,297.0,299.8,276.3,283.5,285.0,289.0,276.5,7.0,8.5,155096,4421400.15,46215,-1353.0,56,0.6308767419724864,0.36774008736960206,20,SC2007.INE,289.4,291.6,32125,5.899999999999977,SC2005.INE,276.6,278.4,27,6.899999999999977,SC2303.INE,389.0,390.1,1061,112.39999999999998,0.14344534559608169,0.1203747847210278,3398000.0,0.0,9.0
2020-04-07,SC2006.INE,298.0,298.5,292.4,297.7,295.8,283.5,285.0,12.7,10.8,90805,2686519.65,46206,-9.0,52,0.617288566514619,0.36912236974548246,20,SC2007.INE,303.2,302.0,31281,5.5,SC2005.INE,290.3,289.0,23,7.399999999999977,SC2303.INE,399.1,401.8,1057,108.80000000000001,0.13229827611135284,0.11235827511972725,3398000.0,0.0,9.0
2020-04-08,SC2006.INE,290.0,296.4,286.3,292.8,292.4,297.7,295.8,-3.0,-3.4,90970,2660441.56,47072,866.0,51,0.6454931846080706,0.3724286347237167,20,SC2007.INE,299.3,298.4,30661,6.5,SC2005.INE,285.9,285.3,22,6.900000000000034,SC2303.INE,395.3,397.9,1056,109.40000000000003,0.1350751605267022,0.11437238675594436,3398000.0,0.0,9.0
2020-04-09,SC2006.INE,297.0,302.9,297.0,301.6,300.2,292.8,292.4,9.2,7.8,78742,2364580.05,48615,1543.0,50,0.6161394064116308,0.37786517639926315,20,SC2007.INE,307.0,305.5,31383,5.399999999999977,SC2005.INE,295.0,293.3,21,6.600000000000023,SC2303.INE,397.9,397.9,1055,102.89999999999998,0.12313051175294232,0.10562597369339267,3398000.0,0.0,9.0
2020-04-10,SC2006.INE,287.2,295.0,286.0,290.0,291.7,301.6,300.2,-10.2,-8.5,70584,2059258.12,48204,-411.0,49,0.6280832888414308,0.36514862285246796,20,SC2007.INE,296.5,298.5,33178,6.5,SC2005.INE,283.2,284.5,20,6.800000000000011,SC2303.INE,397.9,397.9,1054,114.69999999999999,0.14296920248281586,0.12003605879967229,,,
2020-04-13,SC2006.INE,295.1,304.9,284.6,285.1,294.3,290.0,291.7,-6.6,2.6,115339,3394620.32,51621,3417.0,46,0.5773387326869459,0.3677495191280188,20,SC2007.INE,292.9,302.1,36739,7.7999999999999545,SC2005.INE,277.4,287.8,17,7.7000000000000455,SC2303.INE,397.7,401.8,1051,120.30000000000001,0.15308459737351116,0.1271631210652935,3398000.0,0.0,9.0
2020-04-14,SC2006.INE,287.8,289.5,279.2,280.8,283.7,285.1,294.3,-13.5,-10.6,94765,2688972.06,55641,4020.0,45,0.5999493526637334,0.36663569691818054,20,SC2007.INE,288.5,291.6,39380,7.699999999999989,SC2005.INE,273.2,275.7,16,7.600000000000023,SC2303.INE,402.9,400.3,1050,129.7,0.16758363517420866,0.13713419394849444,3398000.0,0.0,9.0
2020-04-15,SC2006.INE,273.0,279.0,270.4,274.5,274.7,280.8,283.7,-9.2,-9.0,102720,2822412.76,57263,1622.0,44,0.5716130037506538,0.3582228672592945,20,SC2007.INE,283.4,283.2,41514,8.899999999999977,SC2005.INE,266.7,267.3,15,7.800000000000011,SC2303.INE,401.7,399.6,1049,135.0,0.17868293542610847,0.14458133966605685,3398000.0,0.0,9.0
2020-04-16,SC2006.INE,275.8,278.5,258.5,258.6,266.8,274.5,274.7,-16.1,-7.9,144437,3854083.77,62522,5259.0,43,0.5893655741986029,0.3629808529661066,20,SC2007.INE,271.8,278.9,45732,13.199999999999989,SC2005.INE,249.0,255.7,14,9.600000000000023,SC2303.INE,410.0,408.2,1048,161.0,0.2282437292691074,0.1760416403097493,3398000.0,0.0,9.0
2020-04-17,SC2006.INE,262.2,263.6,242.1,253.7,252.1,258.6,266.8,-13.1,-14.7,203634,5134713.46,67631,5109.0,42,0.6187245342869904,0.366206411089452,20,SC2007.INE,265.9,265.1,49358,12.199999999999989,SC2005.INE,246.1,248.1,13,7.599999999999994,SC2303.INE,415.0,413.3,1047,168.9,0.24226482449225326,0.18445580796353597,3398000.0,0.0,9.0
2020-04-20,SC2006.INE,242.0,245.8,234.2,242.8,240.7,253.7,252.1,-9.3,-11.4,152002,3659730.53,65372,-2259.0,39,0.6182210111034286,0.34707356439007814,20,SC2007.INE,254.8,253.2,53004,12.0,SC2005.INE,236.6,233.1,10,6.200000000000017,SC2303.INE,415.0,416.3,1044,178.4,0.2661659126470911,0.19835228488446846,3398000.0,0.0,9.0
2020-04-21,SC2006.INE,233.0,239.6,226.8,229.2,234.1,242.8,240.7,-11.5,-6.6,210567,4931358.64,61152,-4220.0,38,0.6203876115163872,0.3267382279238508,20,SC2007.INE,242.3,247.3,51758,13.100000000000023,SC2005.INE,224.0,228.2,9,5.199999999999989,SC2303.INE,416.9,416.3,1043,192.89999999999998,0.3039880664548218,0.2192825160121612,4346000.0,948000.0,9.0
2020-04-22,SC2006.INE,210.6,217.7,210.6,210.6,212.1,229.2,234.1,-23.5,-22.0,20657,438279.41,58591,-2561.0,37,0.44715992726643,0.3160282203691518,20,SC2007.INE,222.5,224.1,51261,11.900000000000006,SC2005.INE,205.3,205.3,8,5.299999999999983,SC2303.INE,374.6,378.6,1042,169.3,0.2910987459028209,0.21228825926940192,5314000.0,968000.0,9.0
2020-04-23,SC2007.INE,223.3,251.8,219.0,242.2,235.3,222.5,224.1,18.1,11.2,76299,1795376.01,52369,1108.0,68,0.19547556523409979,0.28873010359637663,20,SC2006.INE,227.5,221.0,51631,-14.699999999999989,SC2005.INE,219.5,211.8,7,22.69999999999999,SC2303.INE,416.4,411.1,1041,196.89999999999998,0.31665293461929916,0.22602258031174036,5314000.0,0.0,9.0
2020-04-24,SC2007.INE,247.4,251.9,241.6,245.1,246.2,242.2,235.3,9.8,10.9,62006,1526761.93,52597,228.0,67,0.21485844970373194,0.29237123258735503,20,SC2006.INE,231.1,231.8,48016,-14.0,SC2005.INE,224.9,225.3,6,20.19999999999999,SC2303.INE,431.6,429.4,1040,206.70000000000002,0.32443174830335086,0.2300994503508985,7169000.0,1855000.0,9.0
2020-04-27,SC2007.INE,240.5,240.9,230.8,230.9,235.1,245.1,246.2,-15.3,-11.1,81762,1923032.18,52823,226.0,64,0.24783798775996435,0.2887559926311819,20,SC2006.INE,215.2,219.9,49215,-15.700000000000017,SC2005.INE,211.3,221.5,3,19.599999999999994,SC2303.INE,423.7,422.3,1037,212.39999999999998,0.354835727251673,0.24559725101434562,8164000.0,995000.0,12.0
2020-04-28,SC2007.INE,227.0,237.4,221.4,232.4,230.0,230.9,235.1,-2.7,-5.1,97144,2234829.13,53256,433.0,63,0.24885491489993955,0.2865336296089055,20,SC2006.INE,206.6,209.1,48880,-25.80000000000001,SC2005.INE,202.3,203.9,2,30.099999999999994,SC2303.INE,434.0,434.7,1036,231.7,0.40429882272626877,0.26944087845575176,8164000.0,0.0,12.0
2020-04-29,SC2007.INE,237.2,249.9,237.2,243.7,243.5,232.4,230.0,13.7,13.5,86795,2113957.04,52345,-911.0,62,0.21605952434294703,0.29357000644962283,20,SC2006.INE,224.5,221.7,41253,-19.19999999999999,SC2005.INE,220.4,211.2,1,23.299999999999983,SC2303.INE,452.0,450.3,1035,231.6,0.37093626148342906,0.25353666095939764,8164000.0,0.0,12.0
2020-04-30,SC2007.INE,255.8,259.4,247.9,248.7,252.6,243.7,243.5,5.2,9.1,74753,1888891.19,50433,-1912.0,61,0.24403007243892963,0.28334897100382606,20,SC2009.INE,285.6,290.2,39331,36.900000000000034,SC2006.INE,229.0,234.5,29,19.69999999999999,SC2303.INE,447.5,454.3,1034,218.5,0.346531534467401,0.24331682086432307,8164000.0,0.0,12.0
2020-05-06,SC2007.INE,287.3,287.3,261.7,263.6,267.3,248.7,252.6,11.0,14.7,65463,1749972.46,53158,2725.0,55,0.2995675551996339,0.3083839977723117,19,SC2009.INE,292.5,297.8,39665,28.899999999999977,SC2006.INE,246.4,248.9,23,17.200000000000017,SC2303.INE,446.5,446.0,1028,200.1,0.2949396685404148,0.21590682244763584,8164000.0,0.0,13.0
2020-05-07,SC2007.INE,257.7,264.8,253.9,261.4,261.4,263.6,267.3,-5.9,-5.9,102970,2691686.26,53700,542.0,54,0.32242206385190564,0.31185212285928327,19,SC2009.INE,289.3,290.2,38761,27.900000000000034,SC2006.INE,247.2,246.3,22,14.199999999999989,SC2303.INE,442.1,443.1,1027,194.90000000000003,0.2863453766764882,0.2111328427520016,8164000.0,0.0,13.0
2020-05-08,SC2007.INE,271.7,273.8,251.8,262.3,261.5,261.4,261.4,0.9,0.1,134996,3530285.13,53036,-664.0,53,0.3325008251190881,0.3137463692240344,19,SC2009.INE,289.9,290.0,36568,27.599999999999966,SC2006.INE,248.6,247.4,21,13.700000000000017,SC2303.INE,434.4,433.7,1026,185.79999999999998,0.27143846335498695,0.20270051262013628,8164000.0,0.0,13.0
2020-05-11,SC2007.INE,260.2,263.7,254.8,258.8,259.0,262.3,261.5,-2.7,-2.5,146748,3801656.17,54447,1411.0,50,0.38634161752316765,0.320218077879916,19,SC2009.INE,291.1,290.0,37223,32.30000000000001,SC2006.INE,243.3,243.8,18,15.5,SC2303.INE,433.7,433.7,1023,190.39999999999998,0.28421803845548255,0.20994139043176407,8164000.0,0.0,13.0
2020-05-12,SC2007.INE,259.0,259.8,251.5,253.2,256.4,258.8,259.0,-5.8,-2.6,105750,2712479.51,56336,1889.0,49,0.444974626978717,0.32511354389690733,19,SC2009.INE,285.1,288.1,38514,31.900000000000034,SC2006.INE,238.4,241.1,17,14.799999999999983,SC2303.INE,435.0,435.0,1022,196.6,0.2995049918194263,0.21841748756475982,8164000.0,0.0,13.0
2020-05-13,SC2007.INE,256.3,256.5,248.8,251.3,252.6,253.2,256.4,-5.1,-3.8,163824,4138997.27,60878,4542.0,48,0.6081543104696358,0.3402830568349506,19,SC2009.INE,284.1,285.2,39682,32.80000000000001,SC2006.INE,235.4,237.7,16,15.900000000000006,SC2303.INE,431.8,430.6,1021,196.4,0.30301339521593396,0.22033518207751612,8164000.0,0.0,13.0
2020-05-14,SC2007.INE,252.0,252.6,240.8,245.3,247.0,251.3,252.6,-7.3,-5.6,207303,5120722.73,64551,3673.0,47,0.6687754456825411,0.3462553506485147,19,SC2009.INE,281.2,280.6,42300,35.89999999999998,SC2006.INE,229.5,230.9,15,15.800000000000011,SC2303.INE,426.1,426.6,1020,196.60000000000002,0.31111978235185733,0.2247277873800222,8164000.0,0.0,13.0
2020-05-15,SC2007.INE,245.3,262.2,244.5,259.5,254.8,245.3,247.0,12.5,7.8,263795,6722215.36,65371,820.0,46,0.7171362938194076,0.3498806452648819,19,SC2009.INE,289.8,286.7,44217,30.30000000000001,SC2006.INE,243.8,238.5,14,15.699999999999989,SC2303.INE,428.1,432.4,1019,184.3,0.2745480962700852,0.2044757587839415,8164000.0,0.0,13.0
2020-05-18,SC2007.INE,260.3,269.5,256.2,267.6,263.0,259.5,254.8,12.8,8.2,297529,7826357.49,68376,3005.0,43,0.7686181205695745,0.36775921603218487,20,SC2009.INE,295.2,291.8,43050,27.599999999999966,SC2006.INE,252.3,247.3,11,15.300000000000011,SC2303.INE,432.4,432.4,1016,180.09999999999997,0.25925268623193976,0.19565896914734823,11106000.0,2942000.0,13.0
2020-05-19,SC2007.INE,270.0,279.5,263.2,267.4,271.9,267.6,263.0,4.4,8.9,378163,10282701.94,70466,2090.0,42,0.7642837221146578,0.38331737673528005,20,SC2009.INE,293.8,297.4,41917,26.400000000000034,SC2006.INE,254.7,257.9,10,12.699999999999989,SC2303.INE,424.1,426.7,1015,169.40000000000003,0.24155234819229338,0.18518134974201378,13635000.0,2529000.0,13.0
2020-05-20,SC2007.INE,268.0,270.8,265.0,268.6,267.9,267.4,271.9,-3.3,-4.0,218089,5843253.32,70339,-127.0,41,0.8231419868879436,0.37985149183205075,20,SC2009.INE,295.2,295.9,42284,26.599999999999966,SC2006.INE,254.8,254.8,9,13.800000000000011,SC2303.INE,432.0,427.8,1014,177.2,0.2525754274155127,0.19174182344211668,13635000.0,0.0,13.0
2020-05-21,SC2007.INE,271.9,279.0,271.3,278.2,274.8,268.6,267.9,10.3,6.9,245635,6750840.83,70909,570.0,40,0.7908072102584245,0.37919859676893214,20,SC2009.INE,303.6,300.7,42410,25.400000000000034,SC2006.INE,265.4,260.9,8,12.800000000000011,SC2303.INE,433.0,431.9,1013,167.60000000000002,0.2293506094246177,0.1777784639085569,13635000.0,0.0,13.0
2020-05-22,SC2007.INE,279.3,280.0,260.1,265.7,270.7,278.2,274.8,-9.1,-4.1,318918,8634303.53,67052,-3857.0,39,0.7885948275648903,0.36359298321720035,20,SC2009.INE,294.1,298.2,43285,28.400000000000034,SC2006.INE,251.7,256.7,7,14.0,SC2303.INE,423.1,424.8,1012,171.40000000000003,0.2473172476908268,0.18862715352083018,17507000.0,3872000.0,13.0
2020-05-25,SC2007.INE,268.0,274.2,264.2,271.7,268.3,265.7,270.7,1.0,-2.4,249897,6704979.6,66497,-555.0,36,0.8388986427739378,0.3622610467365072,20,SC2009.INE,298.3,296.4,43317,26.600000000000023,SC2006.INE,258.7,236.1,4,13.0,SC2303.INE,432.0,432.0,1009,173.3,0.2432926207770579,0.1862249971681854,17513000.0,0.0,13.0
2020-05-26,SC2007.INE,271.3,275.9,270.2,274.8,273.5,271.7,268.3,6.5,5.2,145154,3970052.27,65163,-1334.0,35,0.7447690586871081,0.3489859201696649,20,SC2009.INE,303.6,301.2,42345,28.80000000000001,SC2006.INE,260.2,258.7,3,14.600000000000023,SC2303.INE,428.7,432.6,1008,168.5,0.23519030519959777,0.18134028333016636,17513000.0,0.0,13.0
2020-05-27,SC2007.INE,275.3,276.7,270.2,272.8,272.8,274.8,273.5,-0.7,-0.7,197154,5378818.56,61099,-4064.0,34,0.7664025874066069,0.3317604769610026,20,SC2009.INE,302.1,301.8,42516,29.30000000000001,SC2006.INE,257.7,259.6,2,15.100000000000023,SC2303.INE,432.6,432.6,1007,174.90000000000003,0.24649163959017495,0.188135671133466,17513000.0,0.0,13.0
2020-05-28,SC2007.INE,271.3,276.8,270.2,273.1,273.2,272.8,272.8,0.3,0.4,239585,6546484.98,54898,-6201.0,33,0.7805470035348352,0.30611812463755184,20,SC2009.INE,300.9,301.3,42636,27.799999999999955,SC2006.INE,259.0,258.6,1,14.100000000000023,SC2303.INE,432.6,432.6,1006,173.60000000000002,0.24343149119268526,0.1863081491682473,18483000.0,970000.0,13.0
2020-05-29,SC2007.INE,274.5,278.8,273.0,275.2,275.2,273.1,273.2,2.0,2.0,193600,5328466.44,51200,-3698.0,32,0.7753987135430435,0.28947487448550363,20,SC2009.INE,302.6,302.9,42981,27.400000000000034,SC2007.INE,275.2,275.2,32,0.0,SC2303.INE,433.0,433.0,1005,157.8,0.21509910012189581,0.1700230853127492,18483000.0,0.0,13.0
2020-06-01,SC2007.INE,274.2,279.9,273.9,278.1,276.8,275.2,275.2,2.9,1.6,157039,4346943.08,49546,-1654.0,29,0.7394803262323181,0.3118846783331235,19,SC2009.INE,305.5,304.7,41866,27.399999999999977,SC2007.INE,278.1,276.8,29,0.0,SC2303.INE,431.0,431.0,1002,152.89999999999998,0.20624646838239066,0.16435403395200146,18483000.0,0.0,13.0
2020-06-02,SC2007.INE,278.6,279.8,276.1,278.6,278.1,278.1,276.8,1.8,1.3,122956,3419612.11,47944,-1602.0,28,0.7396828452486945,0.30441214753296886,20,SC2009.INE,305.9,305.9,40833,27.299999999999955,SC2007.INE,278.6,278.1,28,0.0,SC2306.INE,425.0,428.9,1093,146.39999999999998,0.1800956492725195,0.14473607442838468,19434000.0,951000.0,13.0
2020-06-03,SC2007.INE,279.7,292.6,279.1,290.6,286.0,278.6,278.1,12.5,7.9,204652,5854517.09,48271,327.0,27,0.7356978006571426,0.30930259380766867,20,SC2009.INE,315.3,310.5,38719,24.69999999999999,SC2007.INE,290.6,286.0,27,0.0,SC2306.INE,426.0,426.3,1092,135.39999999999998,0.15968580466510923,0.13108866875456673,21334000.0,1900000.0,13.0
2020-06-04,SC2007.INE,287.0,287.2,276.7,280.4,283.8,290.6,286.0,-5.6,-2.2,200082,5678651.05,44711,-3560.0,26,0.7415333071432277,0.2851466836734694,20,SC2009.INE,307.6,310.1,40099,27.200000000000045,SC2007.INE,280.4,283.8,26,0.0,SC2306.INE,428.0,427.3,1091,147.60000000000002,0.18040626067388643,0.14493962887680475,21334000.0,0.0,13.0
2020-06-05,SC2007.INE,281.6,286.0,279.3,284.9,282.2,280.4,283.8,1.1,-1.6,140924,3978169.15,42850,-1861.0,25,0.732803627514196,0.27203585667487745,20,SC2009.INE,311.6,309.4,40710,26.700000000000045,SC2007.INE,284.9,282.2,25,0.0,SC2306.INE,433.7,433.7,1090,148.8,0.179000291676348,0.1440172820734011,,,
2020-06-08,SC2007.INE,293.7,298.1,287.0,295.7,292.2,284.9,282.2,13.5,10.0,210566,6153731.74,39965,-2885.0,22,0.654035266455246,0.2637309699941269,20,SC2009.INE,321.8,318.8,38339,26.100000000000023,SC2007.INE,295.7,292.2,22,0.0,SC2306.INE,437.0,431.2,1087,141.3,0.16376990383287213,0.13386341352728912,22339000.0,1005000.0,13.0
2020-06-09,SC2009.INE,317.6,320.4,312.8,316.4,317.3,321.8,318.8,-2.4,-1.5,28331,899015.89,40706,2367.0,83,0.11893636939920992,0.26937457399429565,20,SC2008.INE,303.7,304.9,38756,-12.699999999999989,SC2007.INE,289.2,290.3,21,27.19999999999999,SC2306.INE,435.4,432.8,1086,146.2,0.17325761855596464,0.14022397216739968,22339000.0,0.0,13.0
2020-06-10,SC2009.INE,314.0,317.5,312.0,313.0,314.9,316.4,317.3,-4.3,-2.4,23552,741673.64,42221,1515.0,82,0.124356490012725,0.2772353292666111,20,SC2008.INE,300.7,302.3,39651,-12.300000000000011,SC2007.INE,286.3,288.1,20,26.69999999999999,SC2306.INE,433.2,433.2,1085,146.89999999999998,0.17585053925837008,0.14194192075428133,22339000.0,0.0,13.0
2020-06-11,SC2009.INE,313.4,315.1,306.3,308.2,311.2,313.0,314.9,-6.7,-3.7,33500,1042570.0,43562,1341.0,81,0.14235994543577016,0.2818124183260231,20,SC2008.INE,295.7,299.1,42633,-12.5,SC2007.INE,281.5,285.0,19,26.69999999999999,SC2306.INE,433.2,433.2,1084,151.7,0.18469300110908193,0.1477366006147305,26054000.0,3715000.0,13.0
2020-06-12,SC2009.INE,303.0,305.0,290.0,293.2,297.6,308.2,311.2,-18.0,-13.6,57213,1702892.47,45469,1907.0,80,0.15864120850478589,0.2901974049513987,20,SC2008.INE,280.4,284.7,44835,-12.800000000000011,SC2007.INE,266.0,270.5,18,27.19999999999999,SC2306.INE,431.0,428.6,1083,165.0,0.21259133749867629,0.16540215979581951,26511000.0,457000.0,13.0
2020-06-15,SC2008.INE,284.7,290.5,274.8,276.1,282.7,280.4,284.7,-8.6,-2.0,117343,3318288.58,49144,4309.0,46,0.32627724236880007,0.30775589441713375,20,SC2009.INE,289.8,295.9,47705,13.699999999999989,SC2007.INE,260.6,268.4,15,15.5,SC2306.INE,427.0,433.6,1080,166.39999999999998,0.21883771289800708,0.16923571100124515,27480000.0,969000.0,13.0
2020-06-16,SC2008.INE,277.0,291.1,275.7,290.2,284.8,276.1,282.7,7.5,2.1,189531,5398658.17,53287,4143.0,45,0.5770063292873386,0.34157457501089716,20,SC2009.INE,304.2,298.6,46432,14.0,SC2007.INE,275.5,268.6,14,14.699999999999989,SC2306.INE,435.1,431.2,1079,159.60000000000002,0.19854298203011173,0.15662038996599795,27480000.0,0.0,13.0
2020-06-17,SC2008.INE,296.6,299.6,290.9,294.6,294.7,290.2,284.8,9.8,9.9,233711,6888437.46,53464,177.0,44,0.715495863973402,0.3493237504083633,20,SC2009.INE,308.0,308.6,44314,13.399999999999977,SC2007.INE,279.5,279.9,13,15.100000000000023,SC2306.INE,431.2,431.2,1078,151.7,0.1860145968236371,0.14859431958203403,27480000.0,0.0,13.0
2020-06-18,SC2008.INE,294.3,296.3,291.9,295.3,294.4,294.6,294.7,0.6,-0.3,147317,4338035.97,54176,712.0,43,0.7427048882794225,0.35185161131100057,20,SC2009.INE,308.7,307.9,44080,13.399999999999977,SC2007.INE,280.7,279.2,12,14.600000000000023,SC2306.INE,432.2,436.4,1077,151.5,0.18497518778506453,0.14791992080498248,28477000.0,997000.0,13.0
2020-06-19,SC2008.INE,296.5,300.6,293.9,299.3,296.5,295.3,294.4,4.9,2.1,118060,3501314.21,54343,167.0,42,0.7161618673832734,0.3557107604092346,20,SC2009.INE,312.7,310.3,42041,13.399999999999977,SC2007.INE,285.1,282.7,11,14.199999999999989,SC2306.INE,437.3,437.3,1076,152.2,0.1829619127132725,0.14660986273482698,31309000.0,2832000.0,13.0
2020-06-22,SC2008.INE,301.6,302.8,294.4,297.3,298.6,299.3,296.5,0.8,2.1,184688,5515031.98,52787,-1556.0,39,0.7198684118211087,0.35443930410727115,20,SC2009.INE,310.3,311.6,42450,13.0,SC2007.INE,283.4,284.4,8,13.900000000000034,SC2306.INE,428.8,433.3,1073,145.40000000000003,0.1758360087601592,0.14193231747653,31309000.0,0.0,13.0
2020-06-23,SC2008.INE,297.2,301.8,295.9,298.6,298.5,297.3,298.6,0.0,-0.1,153205,4574191.2,51311,-1476.0,38,0.7209545277007854,0.3503748822091419,20,SC2009.INE,311.7,311.8,41115,13.099999999999966,SC2007.INE,283.5,284.5,7,15.100000000000023,SC2306.INE,428.0,428.0,1072,144.5,0.1746859759379321,0.1411714004047947,30352000.0,-957000.0,13.0
2020-06-24,SC2008.INE,300.7,301.2,296.5,299.0,298.6,298.6,298.5,0.5,0.1,124007,3704018.24,46193,-5118.0,37,0.7512980364358979,0.32801471319216624,20,SC2009.INE,311.9,311.9,40952,12.899999999999977,SC2007.INE,285.0,284.2,6,14.0,SC2306.INE,428.0,428.0,1071,143.0,0.17196277077670702,0.1393628315392473,32755000.0,2403000.0,13.0
2020-06-29,SC2008.INE,290.8,291.8,283.6,285.7,287.3,299.0,298.6,-12.9,-11.3,72550,2084728.81,45778,-415.0,32,0.611936773562307,0.31393929418864613,20,SC2009.INE,298.2,300.6,43937,12.5,SC2007.INE,272.6,285.1,1,13.099999999999966,SC2306.INE,428.0,427.6,1066,155.39999999999998,0.19537474295516305,0.1546084054991249,32755000.0,0.0,13.0
2020-06-30,SC2008.INE,289.1,294.5,288.7,292.4,292.0,285.7,287.3,5.1,4.7,107528,3139881.91,42889,-2889.0,31,0.6969078312042672,0.30171861919535137,20,SC2009.INE,304.9,304.3,42610,12.5,SC2008.INE,292.4,292.0,31,0.0,SC2306.INE,427.6,427.6,1065,135.20000000000005,0.16321935188541714,0.13416236916389984,32755000.0,0.0,13.0
2020-07-01,SC2008.INE,291.0,294.0,288.7,293.3,291.4,292.4,292.0,1.3,-0.6,105446,3073592.29,43110,221.0,30,0.7145296596961525,0.32980904584123877,19,SC2009.INE,305.4,303.9,42096,12.099999999999966,SC2008.INE,293.3,291.4,30,0.0,SC2306.INE,427.8,427.8,1064,134.5,0.16187603083962193,0.1332425865983447,32755000.0,0.0,13.0
2020-07-02,SC2008.INE,293.0,300.0,291.0,298.2,294.7,293.3,291.4,6.8,3.3,126720,3735633.34,43621,511.0,29,0.6920279170352895,0.3315723863239028,19,SC2009.INE,309.9,306.7,41978,11.699999999999989,SC2008.INE,298.2,294.7,29,0.0,SC2306.INE,429.8,429.8,1063,131.60000000000002,0.1557831839521981,0.1290404133320956,32755000.0,0.0,13.0
2020-07-03,SC2008.INE,299.5,301.5,296.3,297.8,298.6,298.2,294.7,3.1,3.9,104822,3130823.29,41984,-1637.0,28,0.6997930435943654,0.32614758364601054,20,SC2009.INE,309.5,310.3,41045,11.699999999999989,SC2008.INE,297.8,298.6,28,0.0,SC2306.INE,433.9,433.9,1062,136.09999999999997,0.16132651695931347,0.13286563828080722,33770000.0,1015000.0,13.0
2020-07-06,SC2009.INE,309.0,311.8,305.7,311.0,308.9,309.5,310.3,0.7,-1.4,30200,932971.6,40868,-177.0,56,0.23680516893931672,0.3247874115870619,20,SC2008.INE,298.7,296.8,39973,-12.300000000000011,SC2008.INE,298.7,296.8,25,12.300000000000011,SC2306.INE,433.9,433.9,1059,135.2,0.1597768278918511,0.13180042956239646,33770000.0,0.0,13.0
2020-07-07,SC2009.INE,311.0,312.5,308.1,308.7,310.5,311.0,308.9,-0.2,1.6,36020,1118617.01,42549,1681.0,55,0.2584116507640433,0.3375886637363335,20,SC2008.INE,295.9,297.6,38742,-12.800000000000011,SC2008.INE,295.9,297.6,24,12.800000000000011,SC2306.INE,432.5,430.7,1058,136.60000000000002,0.16295889078528414,0.133984216578826,33270000.0,-500000.0,13.0
2020-07-08,SC2009.INE,310.0,315.0,308.4,311.1,311.3,308.7,310.5,0.6,0.8,41875,1303629.8,42331,-218.0,54,0.27649754371137286,0.3395089948108403,20,SC2008.INE,298.7,298.9,37360,-12.400000000000034,SC2008.INE,298.7,298.9,23,12.400000000000034,SC2306.INE,430.7,430.7,1057,132.0,0.15599512782340497,0.12918743171747607,33270000.0,0.0,13.0
2020-07-09,SC2009.INE,312.7,313.3,310.8,311.8,311.9,311.1,311.3,0.5,0.6,31434,980622.71,43111,780.0,53,0.2640647182856039,0.34917870796345496,20,SC2008.INE,298.9,299.1,34957,-12.900000000000034,SC2008.INE,298.9,299.1,22,12.900000000000034,SC2306.INE,430.7,430.7,1056,131.8,0.15565455024321936,0.12895115455620218,33270000.0,0.0,13.0
2020-07-10,SC2009.INE,311.8,312.6,303.0,304.8,306.6,311.8,311.9,-7.1,-5.3,59226,1815892.73,45234,2123.0,52,0.3057267630935051,0.3562517720442302,20,SC2008.INE,292.1,293.9,34547,-12.699999999999989,SC2008.INE,292.1,293.9,21,12.699999999999989,SC2306.INE,430.7,430.7,1055,138.59999999999997,0.16749582990377815,0.13707464958725807,35283000.0,2013000.0,13.0
2020-07-13,SC2009.INE,307.0,310.5,306.5,308.3,308.7,304.8,306.6,1.7,2.1,47470,1465707.84,43408,-1826.0,49,0.32110339975918933,0.35550896389054965,20,SC2008.INE,295.5,296.1,31393,-12.800000000000011,SC2008.INE,295.5,296.1,18,12.800000000000011,SC2306.INE,429.3,429.3,1052,133.8,0.15983465718858308,0.13184023743741988,35283000.0,0.0,13.0
2020-07-14,SC2009.INE,308.5,309.8,301.3,305.3,305.5,308.3,308.7,-3.4,-3.2,53280,1627796.51,46548,3140.0,48,0.3316072495518821,0.37218450910312073,20,SC2008.INE,292.3,292.9,30277,-13.0,SC2008.INE,292.3,292.9,17,13.0,SC2306.INE,429.3,429.3,1051,137.0,0.16544897369028796,0.13568373852646018,37199000.0,1916000.0,13.0
2020-07-15,SC2009.INE,304.5,309.0,303.2,307.9,307.0,305.3,305.5,2.4,1.5,50222,1541848.73,45567,-981.0,47,0.3604510123375272,0.37697933385177956,20,SC2008.INE,294.6,294.5,28074,-13.299999999999955,SC2008.INE,294.6,294.5,16,13.299999999999955,SC2306.INE,430.0,430.0,1050,135.39999999999998,0.16224011576527064,0.1334921152810092,37199000.0,0.0,13.0
2020-07-16,SC2009.INE,309.5,310.4,299.1,301.5,305.7,307.9,307.0,-5.5,-1.3,100180,3062681.57,50431,4864.0,46,0.42336852247851037,0.3937061353860086,20,SC2008.INE,288.7,292.8,26592,-12.800000000000011,SC2008.INE,288.7,292.8,15,12.800000000000011,SC2306.INE,429.5,429.5,1049,140.8,0.1721583916161222,0.1402227117850373,37199000.0,0.0,13.0
2020-07-17,SC2009.INE,302.3,305.3,300.2,300.7,302.4,301.5,305.7,-5.0,-3.3,83421,2523266.9,55941,5510.0,45,0.5964607464607464,0.42459962049335864,20,SC2008.INE,287.9,289.9,23751,-12.800000000000011,SC2008.INE,287.9,289.9,14,12.800000000000011,SC2306.INE,429.5,429.5,1048,141.60000000000002,0.17361766624586905,0.1412022422526651,37199000.0,0.0,13.0
2020-07-20,SC2009.INE,301.0,302.4,292.5,293.3,296.9,300.7,302.4,-9.1,-5.5,111145,3300013.72,62668,6727.0,42,0.6920394757323869,0.45199679762273975,20,SC2010.INE,303.0,305.8,23775,9.699999999999989,SC2008.INE,280.1,283.7,11,13.199999999999989,SC2306.INE,429.5,429.5,1045,149.39999999999998,0.18828243850462356,0.15089786904522262,37199000.0,0.0,13.0
2020-07-21,SC2009.INE,293.5,302.7,293.0,299.4,298.0,293.3,296.9,2.5,1.1,112967,3367286.89,62962,294.0,41,0.7552380697696185,0.469567811462878,20,SC2010.INE,308.8,307.8,23729,9.400000000000034,SC2008.INE,285.5,284.7,10,13.899999999999977,SC2306.INE,428.0,428.0,1044,142.5,0.17618992774561576,0.1429222686337448,36499000.0,-700000.0,13.0
2020-07-22,SC2009.INE,305.7,305.7,299.6,301.3,302.7,299.4,298.0,3.3,4.7,106156,3214296.4,60398,-2564.0,40,0.8044924746502569,0.4590839300101853,20,SC2010.INE,311.0,311.8,24010,9.699999999999989,SC2008.INE,287.3,288.9,9,14.0,SC2306.INE,435.0,435.0,1043,147.7,0.1814751629423815,0.1464303276235548,38782000.0,2283000.0,13.0
2020-07-23,SC2009.INE,300.0,301.7,297.7,301.1,299.7,301.3,302.7,-1.6,-3.0,89022,2668347.69,59014,-1384.0,39,0.7910535295372148,0.45122566635572614,20,SC2010.INE,310.0,309.0,24477,8.899999999999977,SC2008.INE,288.1,286.5,8,13.0,SC2306.INE,435.0,435.0,1042,146.89999999999998,0.17999103040866016,0.1454487543368892,38782000.0,0.0,13.0
2020-07-24,SC2009.INE,298.9,302.1,294.1,295.8,298.9,301.1,299.7,-3.9,-0.8,109905,3285533.54,60664,1650.0,38,0.8104192014157726,0.45605857853824294,20,SC2010.INE,305.5,307.7,24952,9.699999999999989,SC2008.INE,283.1,285.6,7,12.699999999999989,SC2306.INE,435.0,435.0,1041,151.89999999999998,0.1894044725876196,0.1516288503136876,40488000.0,1706000.0,13.0
2020-07-27,SC2009.INE,296.7,298.5,292.8,294.8,295.3,295.8,298.9,-4.1,-3.6,98145,2898933.79,59110,-1554.0,35,0.7943554587909643,0.44651760084604925,20,SC2010.INE,304.0,304.7,25979,9.199999999999989,SC2008.INE,280.6,281.9,4,14.199999999999989,SC2306.INE,442.4,442.4,1038,161.79999999999995,0.20354628310983228,0.16071447110929785,43375000.0,2887000.0,13.0
2020-07-28,SC2009.INE,296.5,297.0,288.6,291.9,291.4,294.8,295.3,-3.4,-3.9,119902,3494935.53,61056,1946.0,34,0.7906286678887468,0.4467795518740213,20,SC2010.INE,300.9,301.1,27992,9.0,SC2008.INE,276.6,283.1,3,15.299999999999955,SC2306.INE,425.0,425.0,1037,148.39999999999998,0.18938869471938194,0.15161858185514704,43375000.0,0.0,13.0
2020-07-29,SC2009.INE,290.2,292.2,288.0,291.1,290.1,291.9,291.4,-0.3,-1.3,87553,2540553.27,59686,-1370.0,33,0.7463896608753474,0.4338938201062817,20,SC2010.INE,300.3,299.7,28774,9.199999999999989,SC2008.INE,278.1,276.5,2,13.0,SC2306.INE,425.0,425.0,1036,146.89999999999998,0.18646319978689319,0.14970944758688745,43375000.0,0.0,13.0
2020-07-30,SC2009.INE,291.7,295.5,290.3,290.9,292.9,291.1,290.1,0.8,2.8,92109,2698067.47,56108,-3578.0,32,0.7624159851670363,0.41408729280136974,20,SC2010.INE,300.5,302.0,30142,9.600000000000023,SC2008.INE,277.7,279.1,1,13.199999999999989,SC2306.INE,432.5,432.5,1035,154.8,0.19677385876943032,0.15639259207118061,43375000.0,0.0,13.0
2020-07-31,SC2009.INE,288.8,291.3,279.5,286.1,285.7,290.9,292.9,-6.8,-7.2,174975,5000503.41,54559,-1549.0,31,0.7506112993865557,0.39086578070709604,20,SC2010.INE,296.0,296.1,34352,9.899999999999977,SC2009.INE,286.1,285.7,31,0.0,SC2306.INE,427.8,422.7,1034,141.7,0.18023698913744604,0.14640553814174256,43375000.0,0.0,13.0
2020-08-03,SC2009.INE,286.3,286.9,277.9,279.7,281.9,286.1,285.7,-6.0,-3.8,120129,3386468.75,57591,3032.0,28,0.724777671859351,0.4226955455899946,20,SC2010.INE,289.8,291.6,39224,10.100000000000023,SC2009.INE,279.7,281.9,28,0.0,SC2306.INE,422.7,422.7,1031,143.0,0.18605249678208852,0.15027414176287443,43375000.0,0.0,13.0
2020-08-04,SC2009.INE,281.7,284.1,279.4,281.3,282.3,279.7,281.9,-0.6,0.4,96822,2733648.94,53007,-4584.0,27,0.7036533695739068,0.39600017929715514,20,SC2010.INE,290.8,291.9,40563,9.5,SC2009.INE,281.3,282.3,27,0.0,SC2306.INE,422.7,422.7,1030,141.39999999999998,0.18292438716555628,0.14819836700705938,43375000.0,0.0,13.0
2020-08-05,SC2009.INE,279.0,283.7,277.1,280.0,280.2,281.3,282.3,-2.3,-2.1,97875,2743149.53,50913,-2094.0,26,0.6554275765084042,0.38513559514353796,20,SC2010.INE,289.9,289.5,40388,9.899999999999977,SC2009.INE,280.0,280.2,26,0.0,SC2306.INE,422.7,422.7,1029,142.7,0.18546325309784928,0.1498840310142328,43375000.0,0.0,13.0
2020-08-06,SC2009.INE,287.0,287.4,277.8,282.9,283.2,280.0,280.2,2.7,3.0,133190,3772883.96,48927,-1986.0,25,0.6268354668674698,0.37329193020470136,20,SC2010.INE,292.4,292.7,41598,9.5,SC2009.INE,282.9,283.2,25,0.0,SC2306.INE,425.5,430.1,1028,142.60000000000002,0.18343343951884186,0.1485369755161079,43375000.0,0.0,13.0
2020-08-07,SC2009.INE,284.4,285.0,279.7,281.8,282.6,282.9,283.2,-1.4,-0.6,81399,2300575.1,47850,-1077.0,24,0.6598759677353978,0.36183936903078473,20,SC2010.INE,291.3,291.9,43355,9.5,SC2009.INE,281.8,282.6,24,0.0,SC2306.INE,430.1,430.1,1027,148.3,0.1915102810801096,0.15386774797474123,43375000.0,0.0,13.0
2020-08-10,SC2009.INE,281.8,287.0,279.4,284.3,282.4,281.8,282.6,1.7,-0.2,85035,2402219.9,45408,-2442.0,21,0.6546894969434736,0.3497065754817245,20,SC2010.INE,293.9,292.0,42909,9.599999999999966,SC2009.INE,284.3,282.4,21,0.0,SC2306.INE,430.1,430.1,1024,145.8,0.18662619247428308,0.15065355754082635,43375000.0,0.0,13.0
2020-08-11,SC2010.INE,294.2,296.4,292.5,294.9,294.4,293.9,292.0,2.9,2.4,32535,957899.13,43287,378.0,43,0.2789734531485801,0.34038956034882717,20,SC2009.INE,285.3,284.8,42609,-9.599999999999966,SC2009.INE,285.3,284.8,20,9.599999999999966,SC2306.INE,430.0,430.0,1023,144.7,0.18456897097002015,0.14929116841562923,43375000.0,0.0,13.0
2020-08-12,SC2010.INE,297.0,297.0,288.5,293.5,293.2,294.9,294.4,-0.9,-1.2,60691,1779537.03,48543,5256.0,42,0.3517829403445318,0.3763314985657803,20,SC2009.INE,284.2,283.7,37696,-9.300000000000011,SC2009.INE,284.2,283.7,19,9.300000000000011,SC2306.INE,430.0,430.0,1022,145.8,0.18669185967782792,0.15069696156927406,43375000.0,0.0,13.0
2020-08-13,SC2010.INE,295.0,295.5,292.3,292.9,293.4,293.5,293.2,-0.3,0.2,30465,893958.43,49059,516.0,41,0.3500677958311309,0.38508453821881033,20,SC2009.INE,282.7,283.7,35515,-10.199999999999989,SC2009.INE,282.7,283.7,18,10.199999999999989,SC2306.INE,430.0,430.0,1021,147.3,0.18961333191793564,0.1526227463166931,42875000.0,-500000.0,13.0
2020-08-14,SC2010.INE,294.0,294.0,290.3,291.9,292.0,292.9,293.4,-1.5,-1.4,30992,905165.64,51125,2066.0,40,0.39650981295258564,0.4004025563108925,20,SC2009.INE,282.3,282.2,33260,-9.599999999999966,SC2009.INE,282.3,282.2,17,9.599999999999966,SC2306.INE,429.0,429.0,1020,146.7,0.18910855107366525,0.15229073084648978,42875000.0,0.0,13.0
2020-08-17,SC2010.INE,291.3,291.5,289.2,289.3,290.1,291.9,292.0,-2.7,-1.9,42658,1237818.07,58167,7042.0,37,0.4509826724037679,0.44262407353858796,20,SC2009.INE,279.2,280.2,27950,-10.100000000000023,SC2009.INE,279.2,280.2,14,10.100000000000023,SC2306.INE,418.0,418.0,1017,138.8,0.18091142046639452,0.1468562986015321,42875000.0,0.0,13.0
2020-08-18,SC2010.INE,287.9,291.9,283.8,284.1,287.9,289.3,290.1,-6.0,-2.2,91330,2629680.83,69492,11325.0,36,0.6003418129231578,0.4868704985567357,20,SC2012.INE,312.5,314.7,26548,28.399999999999977,SC2009.INE,274.0,278.2,13,10.100000000000023,SC2306.INE,418.0,418.0,1016,144.0,0.19125106432527236,0.15369787042860458,42875000.0,0.0,13.0
2020-08-19,SC2010.INE,284.9,291.8,283.5,288.8,287.6,284.1,287.9,0.9,-0.3,97471,2803297.67,67356,-2136.0,35,0.7208273862787585,0.5033478806719675,20,SC2012.INE,315.5,314.6,26027,26.69999999999999,SC2009.INE,277.6,277.2,12,11.199999999999989,SC2306.INE,418.0,418.0,1015,140.39999999999998,0.18405159162282603,0.1489477312269382,42875000.0,0.0,13.0
2020-08-20,SC2010.INE,288.6,290.5,287.8,288.8,289.1,288.8,287.6,1.2,1.5,65021,1879761.65,66287,-1069.0,34,0.8064220069701968,0.4998152658287024,20,SC2012.INE,315.6,315.6,26189,26.80000000000001,SC2009.INE,278.7,278.0,11,10.100000000000023,SC2306.INE,418.0,418.0,1014,139.3,0.1818888508496756,0.14750858104033066,42875000.0,0.0,13.0
2020-08-21,SC2010.INE,289.0,289.3,284.3,286.3,286.1,288.8,289.1,-2.8,-3.0,78116,2235303.51,67020,733.0,33,0.7741922695738355,0.5018345189067764,20,SC2012.INE,313.4,313.3,27155,27.099999999999966,SC2009.INE,276.2,277.2,10,10.100000000000023,SC2306.INE,423.0,423.0,1013,146.8,0.19341685298918598,0.15511478803185097,42175000.0,-700000.0,13.0
2020-08-24,SC2010.INE,284.8,290.8,282.2,288.7,287.4,286.3,286.1,2.6,1.3,117425,3375589.42,58746,-8274.0,30,0.7994675889677898,0.4728961731038591,19,SC2012.INE,314.3,313.3,26857,25.600000000000023,SC2009.INE,278.7,278.1,7,10.0,SC2306.INE,423.0,423.0,1010,144.3,0.18841752460594535,0.15183572209751448,42175000.0,0.0,13.0
2020-08-25,SC2010.INE,290.0,295.0,288.7,293.3,290.9,288.7,287.4,5.9,3.5,79578,2315331.5,55216,-3530.0,29,0.7729846817356166,0.4522157885684802,19,SC2012.INE,318.7,316.4,27933,25.399999999999977,SC2009.INE,283.3,280.2,6,10.0,SC2306.INE,423.0,423.0,1009,139.7,0.17944929771222862,0.1458783717413555,42175000.0,0.0,13.0
2020-08-26,SC2010.INE,295.8,296.6,293.1,294.4,294.9,293.3,290.9,3.5,4.0,77552,2287097.73,54670,-546.0,28,0.7776975531488167,0.4411788440743072,19,SC2012.INE,319.6,319.7,27770,25.200000000000045,SC2009.INE,284.3,285.1,5,10.099999999999966,SC2306.INE,428.0,428.0,1008,143.7,0.1839381608954354,0.14887239240036648,43173000.0,998000.0,13.0
2020-08-27,SC2010.INE,294.1,295.8,293.3,294.9,294.8,294.4,294.9,0.0,-0.1,49253,1452021.22,52889,-1781.0,27,0.7552171979698545,0.4281920707271064,19,SC2012.INE,320.2,319.9,27893,25.30000000000001,SC2009.INE,284.2,284.0,4,10.699999999999989,SC2306.INE,428.0,428.0,1007,143.8,0.18413092881804977,0.14900041642109746,42943000.0,-230000.0,13.0
2020-08-28,SC2010.INE,294.1,296.2,291.4,293.6,293.6,294.9,294.8,-1.2,-1.2,75368,2213219.62,52043,-846.0,26,0.7478171138275916,0.41699117029629984,19,SC2012.INE,318.9,318.6,28317,25.299999999999955,SC2009.INE,283.1,283.5,3,10.5,SC2306.INE,428.0,428.0,1006,144.89999999999998,0.18626036408612381,0.15041166128049763,42943000.0,0.0,13.0
2020-08-31,SC2010.INE,293.6,299.9,293.6,298.0,296.2,293.6,293.6,4.4,2.6,74943,2220343.96,52152,109.0,23,0.7328528681230565,0.409115512845656,19,SC2012.INE,322.7,321.3,28559,24.69999999999999,SC2010.INE,298.0,296.2,23,0.0,SC2306.INE,428.0,428.0,1003,130.0,0.16247774277496232,0.1348375957274318,42243000.0,-700000.0,13.0
2020-09-01,SC2010.INE,297.9,298.6,292.2,294.8,295.5,298.0,296.2,-1.4,-0.7,65373,1932291.05,50094,-2058.0,22,0.74460112077999,0.4330281891029797,18,SC2012.INE,319.8,320.7,29303,25.0,SC2010.INE,294.8,295.5,22,0.0,SC2306.INE,428.0,428.0,1002,133.2,0.16828427436103344,0.138858676400321,41753000.0,-490000.0,13.0
2020-09-02,SC2010.INE,294.0,295.6,292.0,292.7,293.7,294.8,295.5,-2.8,-1.8,53465,1570427.08,50658,564.0,21,0.6933961040645346,0.4237815590021583,18,SC2012.INE,317.5,318.7,30146,24.80000000000001,SC2010.INE,292.7,293.7,21,0.0,SC2306.INE,428.0,428.0,1001,135.3,0.17216380915194918,0.1415213017220859,41753000.0,0.0,13.0
2020-09-03,SC2010.INE,292.8,292.9,284.1,285.8,288.2,292.7,293.7,-7.9,-5.5,89085,2567508.89,53164,2506.0,20,0.6771177744840953,0.41326130047805976,18,SC2012.INE,311.6,313.6,33320,25.80000000000001,SC2010.INE,285.8,288.2,20,0.0,SC2306.INE,428.0,428.0,1000,142.2,0.18531226346381796,0.1504064178381641,41753000.0,0.0,13.0
2020-09-04,SC2010.INE,283.8,287.0,282.3,284.4,284.9,285.8,288.2,-3.8,-3.3,77223,2200378.5,51074,-2090.0,19,0.7261349531726031,0.3958519023739953,18,SC2012.INE,309.9,310.1,34464,25.5,SC2010.INE,284.4,284.9,19,0.0,SC2306.INE,419.0,419.0,999,134.60000000000002,0.17627156347771178,0.14431996533414687,41753000.0,0.0,13.0
2020-09-07,SC2010.INE,285.2,285.5,272.2,272.5,278.6,284.4,284.9,-12.4,-6.3,123291,3436109.58,50044,-1030.0,16,0.6758559822828387,0.36223082769353265,18,SC2012.INE,299.0,304.2,36568,26.5,SC2010.INE,272.5,278.6,16,0.0,SC2306.INE,419.0,419.0,996,146.5,0.20023403856955624,0.16023958328966958,40887000.0,-866000.0,13.0
2020-09-08,SC2010.INE,272.5,275.2,268.1,269.1,272.9,272.5,278.6,-9.5,-5.7,68528,1870473.94,45209,-4835.0,15,0.6174861910811955,0.3234435588879191,19,SC2012.INE,295.9,298.9,37503,26.799999999999955,SC2010.INE,269.1,272.9,15,0.0,SC2309.INE,430.1,425.8,1087,161.0,0.20370901900752644,0.15966526021524544,40887000.0,0.0,13.0
2020-09-09,SC2011.INE,277.4,277.6,264.5,264.5,266.8,283.7,287.5,-23.0,-20.7,56590,1510180.71,41283,4892.0,51,0.2993704702957203,0.29450623140743487,19,SC2012.INE,274.9,278.5,39090,10.399999999999977,SC2010.INE,251.0,252.7,14,13.5,SC2309.INE,424.7,411.1,1086,173.7,0.23562652375572338,0.17907134872986583,40887000.0,0.0,13.0
2020-09-10,SC2011.INE,267.3,269.4,261.6,264.0,265.8,264.5,266.8,-2.8,-1.0,92575,2460924.59,46540,5257.0,50,0.36824079746060034,0.35036210608729695,19,SC2012.INE,276.5,278.3,41659,12.5,SC2010.INE,248.2,250.1,13,15.800000000000011,SC2309.INE,413.0,410.1,1085,164.8,0.22607550482879718,0.17337933103502048,39309000.0,-1578000.0,13.0
2020-09-11,SC2011.INE,261.6,266.5,259.1,259.8,263.1,264.0,265.8,-6.0,-2.7,105850,2784970.41,55147,8607.0,49,0.5407849428305762,0.39446220753488836,19,SC2012.INE,272.7,275.6,44582,12.899999999999977,SC2010.INE,243.3,247.5,12,16.5,SC2309.INE,425.1,423.0,1084,181.8,0.2544191803007159,0.19000060889456408,39309000.0,0.0,13.0
2020-09-14,SC2011.INE,258.0,264.5,256.8,262.0,261.2,259.8,263.1,-1.1,-1.9,101352,2647769.72,54742,-405.0,46,0.7410776306457156,0.39614435511299906,19,SC2012.INE,274.2,273.8,44389,12.199999999999989,SC2010.INE,246.5,245.1,9,15.5,SC2309.INE,416.2,415.5,1081,169.7,0.23440290938815053,0.1783474169533844,37399000.0,-1910000.0,13.0
2020-09-15,SC2011.INE,260.1,262.6,258.7,260.7,261.0,262.0,261.2,-0.5,-0.2,69794,1821738.25,55503,761.0,45,0.752601442789825,0.3981078347690741,19,SC2012.INE,273.3,273.5,44771,12.600000000000023,SC2010.INE,245.4,245.5,8,15.299999999999983,SC2309.INE,417.1,417.1,1080,171.70000000000002,0.2382285546594655,0.18060570070711035,37399000.0,0.0,13.0
2020-09-16,SC2011.INE,264.1,272.3,261.8,270.6,266.9,260.7,261.0,9.6,5.9,129009,3444364.46,52710,-2793.0,44,0.7323025049810126,0.39574746041399195,19,SC2012.INE,281.7,279.1,42943,11.099999999999966,SC2010.INE,255.3,248.7,7,15.300000000000011,SC2309.INE,428.0,428.0,1079,172.7,0.2303242161694465,0.17592314648977692,37399000.0,0.0,13.0
2020-09-17,SC2011.INE,271.1,273.8,268.3,270.0,271.5,270.6,266.9,3.1,4.6,110973,3013365.43,50992,-1718.0,43,0.7624756944683014,0.39392183673627046,19,SC2012.INE,281.4,282.6,42245,11.399999999999977,SC2010.INE,254.4,255.4,6,15.599999999999994,SC2309.INE,426.1,430.2,1078,171.70000000000002,0.2298006576785882,0.17561070298466722,37399000.0,0.0,13.0
2020-09-18,SC2011.INE,271.0,279.2,270.0,277.8,274.7,270.0,271.5,6.3,3.2,106364,2922102.12,49924,-1068.0,42,0.7269620607874898,0.3922868996731204,19,SC2012.INE,288.5,286.0,41825,10.699999999999989,SC2010.INE,262.7,259.2,5,15.100000000000023,SC2309.INE,430.2,430.2,1077,167.5,0.2170964979063571,0.1679400138543652,36245000.0,-1154000.0,13.0
2020-09-21,SC2011.INE,275.1,281.3,274.4,276.7,279.0,277.8,274.7,2.0,4.3,106238,2964273.23,49227,-697.0,39,0.752164709047528,0.39039612990205796,19,SC2012.INE,287.6,289.2,41748,10.900000000000034,SC2010.INE,262.4,262.6,2,14.300000000000011,SC2309.INE,429.8,430.0,1074,167.40000000000003,0.21721494471241362,0.1680123352663655,36245000.0,0.0,13.0
2020-09-22,SC2011.INE,275.0,277.0,258.6,264.8,267.8,276.7,279.0,-14.2,-11.2,175306,4696329.02,47968,-1259.0,38,0.7229769298658023,0.3827030477102282,19,SC2012.INE,276.6,279.1,40618,11.800000000000011,SC2010.INE,249.5,255.0,1,15.300000000000011,SC2309.INE,429.0,424.3,1073,179.5,0.24495819998205362,0.1845422307498152,36245000.0,0.0,13.0
2020-09-23,SC2011.INE,267.4,269.1,262.2,265.0,265.8,264.8,267.8,-2.8,-2.0,102969,2737300.06,45711,-2257.0,37,0.7422419572253418,0.3707539824157285,19,SC2012.INE,276.6,277.4,40797,11.600000000000023,SC2011.INE,265.0,265.8,37,0.0,SC2309.INE,427.7,427.7,1072,162.7,0.21651809315468054,0.16881415369567523,36977000.0,732000.0,13.0
2020-09-24,SC2011.INE,266.4,269.5,259.7,261.7,265.0,265.0,265.8,-4.1,-0.8,138030,3658816.07,45061,-650.0,36,0.7236286809228979,0.3866536240464729,18,SC2012.INE,273.9,276.7,41354,12.199999999999989,SC2011.INE,261.7,265.0,36,0.0,SC2309.INE,427.7,427.7,1071,166.0,0.2236953106684462,0.17323330442446222,36977000.0,0.0,13.0
2020-09-25,SC2012.INE,273.2,280.4,273.2,278.6,277.6,273.9,276.7,1.9,0.9,27729,769982.28,40104,-1250.0,66,0.189244156287323,0.3677545368680709,18,SC2011.INE,266.7,265.6,38802,-11.900000000000034,SC2011.INE,266.7,265.6,35,11.900000000000034,SC2309.INE,427.7,427.7,1070,161.0,0.21289005540974043,0.16655905137815116,36977000.0,0.0,13.0
2020-09-28,SC2012.INE,277.5,280.4,273.7,274.9,276.5,278.6,277.6,-2.7,-1.1,35371,978265.53,40417,313.0,63,0.22187999874541292,0.36771141336487284,18,SC2011.INE,262.3,264.4,37329,-12.599999999999966,SC2011.INE,262.3,264.4,32,12.599999999999966,SC2309.INE,427.7,427.7,1067,165.39999999999998,0.22237692946638893,0.17242569261006063,36977000.0,0.0,13.0
2020-09-29,SC2012.INE,278.1,279.7,275.2,277.7,277.4,274.9,276.5,1.2,0.9,29887,829218.88,39004,-1413.0,62,0.25314665175924517,0.381942812377595,18,SC2011.INE,265.6,264.9,31357,-12.099999999999966,SC2011.INE,265.6,264.9,31,12.099999999999966,SC2309.INE,425.5,425.5,1066,159.89999999999998,0.21231120132704726,0.1661979116908886,36241000.0,-736000.0,13.0
2020-09-30,SC2012.INE,278.0,278.6,266.3,266.6,270.4,277.7,277.4,-10.8,-7.0,49564,1340640.38,41313,2309.0,61,0.2568788320108631,0.39195650936414866,18,SC2011.INE,254.7,258.2,30004,-11.900000000000034,SC2011.INE,254.7,258.2,30,11.900000000000034,SC2309.INE,425.5,425.5,1065,170.8,0.23648926747200935,0.18097601603886607,36241000.0,0.0,13.0
2020-10-09,SC2012.INE,278.0,279.3,274.2,277.0,276.5,266.6,270.4,6.6,6.1,23372,646389.18,40775,-538.0,52,0.33786284260437144,0.4014591353490799,18,SC2011.INE,264.5,264.3,25790,-12.5,SC2011.INE,264.5,264.3,21,12.5,SC2309.INE,424.5,424.5,1056,160.0,0.21332748874460059,0.16683171533851449,35741000.0,-500000.0,13.0
2020-10-12,SC2012.INE,276.1,278.9,272.1,275.2,275.5,277.0,276.5,-1.3,-1.0,40591,1117419.12,43489,2714.0,49,0.34156582911190025,0.4140902468982985,18,SC2101.INE,284.3,284.6,24817,9.100000000000023,SC2011.INE,262.8,263.0,18,12.399999999999977,SC2309.INE,424.5,424.5,1053,161.7,0.21698872785829307,0.16910563525260436,35441000.0,-300000.0,13.0
2020-10-13,SC2012.INE,274.6,275.7,269.3,271.9,272.2,275.2,275.5,-3.6,-3.3,51384,1398869.67,45334,1845.0,48,0.3640511530695384,0.4103924319920337,18,SC2101.INE,281.6,281.6,27453,9.700000000000045,SC2011.INE,259.7,259.6,17,12.199999999999989,SC2309.INE,424.5,424.5,1052,164.8,0.2237885036431855,0.17329032249776355,35441000.0,0.0,13.0
2020-10-14,SC2012.INE,272.6,273.4,268.2,269.6,270.4,271.9,272.2,-2.6,-1.8,54362,1470293.06,47453,2119.0,47,0.4163501010967465,0.4161375754174267,19,SC2101.INE,279.2,279.8,28442,9.599999999999966,SC2011.INE,257.1,257.9,16,12.5,SC2309.INE,424.5,424.5,1051,167.39999999999998,0.22961797980822887,0.1768387588309553,35441000.0,0.0,13.0
2020-10-15,SC2012.INE,271.3,275.4,271.2,272.9,273.1,269.6,270.4,2.5,2.7,64280,1755738.99,47202,-251.0,46,0.46691363405244424,0.4322092096949941,19,SC2101.INE,282.3,282.5,28140,9.400000000000034,SC2011.INE,260.2,260.6,15,12.699999999999989,SC2309.INE,424.5,424.5,1050,164.3,0.22268080666302772,0.17261200529530818,35441000.0,0.0,13.0
2020-10-16,SC2012.INE,268.0,277.3,263.3,271.4,270.3,272.9,273.1,-1.7,-2.8,138130,3734434.48,50896,3694.0,45,0.6355129007324525,0.45920926791417793,19,SC2101.INE,280.8,279.7,28614,9.400000000000034,SC2011.INE,258.5,257.5,14,12.899999999999977,SC2309.INE,424.5,424.5,1049,166.0,0.22646445958194336,0.17492362686769578,35141000.0,-300000.0,13.0
2020-10-19,SC2012.INE,271.5,276.0,269.9,271.6,272.8,271.4,270.3,1.3,2.5,107620,2936528.12,52765,1869.0,42,0.70884241725671,0.47072520139527,19,SC2101.INE,281.5,282.2,29201,9.899999999999977,SC2011.INE,258.8,259.9,11,12.800000000000011,SC2309.INE,424.5,424.5,1046,165.7,0.22579314412860546,0.17451459105362283,35141000.0,0.0,13.0
2020-10-20,SC2012.INE,270.9,274.6,267.7,270.7,271.2,271.6,272.8,-2.1,-1.6,103743,2813918.03,56170,3405.0,41,0.7259324050101462,0.4833615875119399,19,SC2101.INE,280.4,280.6,30131,9.699999999999989,SC2011.INE,257.6,258.3,10,13.099999999999966,SC2309.INE,418.7,426.7,1045,161.09999999999997,0.22054752903051575,0.17130196885037502,35141000.0,0.0,13.0
2020-10-21,SC2012.INE,270.4,272.3,268.5,269.8,270.0,270.7,271.2,-1.4,-1.2,94296,2546378.14,56398,228.0,40,0.7021923031097344,0.479338421526798,19,SC2101.INE,279.7,279.5,30773,9.899999999999977,SC2011.INE,256.9,257.5,9,12.900000000000034,SC2309.INE,426.7,426.7,1044,169.8,0.23309131732304345,0.17893614919663042,35100000.0,-41000.0,13.0
2020-10-22,SC2012.INE,269.1,271.4,263.7,266.7,267.0,269.8,270.0,-3.3,-3.0,135217,3610577.12,59576,3178.0,39,0.7574206124701018,0.47599491854491416,19,SC2101.INE,276.2,276.9,32841,9.5,SC2011.INE,253.8,253.5,8,12.899999999999977,SC2309.INE,426.7,426.7,1043,172.89999999999998,0.24024584765668117,0.18321752825457818,34900000.0,-200000.0,13.0
2020-10-23,SC2012.INE,267.1,268.3,264.6,265.3,266.7,266.7,267.0,-1.7,-0.3,99199,2645699.0,57236,-2340.0,38,0.7688712515210938,0.46296206422389385,19,SC2101.INE,275.1,276.2,33172,9.800000000000011,SC2011.INE,252.6,253.8,7,12.700000000000017,SC2309.INE,426.7,426.7,1042,174.1,0.24306248828607604,0.18488889159546926,34889000.0,-11000.0,13.0
2020-10-26,SC2012.INE,266.7,266.7,255.3,255.8,260.7,265.3,266.7,-10.9,-6.0,126336,3293783.0,59198,1962.0,35,0.6979658132879573,0.4427938844508273,19,SC2101.INE,265.5,270.0,37982,9.699999999999989,SC2011.INE,243.4,249.3,4,12.400000000000006,SC2309.INE,426.7,426.7,1039,183.29999999999998,0.26557941243018585,0.19797282948675607,34089000.0,-800000.0,13.0
2020-10-27,SC2012.INE,255.8,257.6,253.4,256.4,255.6,255.8,260.7,-4.3,-5.1,108578,2776031.0,56017,-3181.0,34,0.7278955801216087,0.41935483870967744,19,SC2101.INE,266.0,265.4,39835,9.600000000000023,SC2011.INE,244.3,243.6,3,12.099999999999966,SC2309.INE,408.6,416.3,1038,164.3,0.23717374495996646,0.18138549952051866,34089000.0,0.0,13.0
2020-10-28,SC2012.INE,255.6,259.1,249.4,252.0,254.9,256.4,255.6,-3.6,-0.7,124164,3165490.0,54461,-1556.0,33,0.7165181662896449,0.4090352623080101,19,SC2101.INE,261.8,264.3,40747,9.800000000000011,SC2011.INE,239.4,243.7,2,12.599999999999994,SC2309.INE,416.3,416.3,1037,176.9,0.260589073327441,0.1951146683991554,34089000.0,0.0,13.0
2020-10-29,SC2012.INE,245.6,247.4,235.6,237.7,241.3,252.0,254.9,-17.2,-13.6,173441,4186058.0,51848,-2613.0,32,0.680782832941472,0.3802037119873285,19,SC2101.INE,247.5,250.9,43336,9.800000000000011,SC2011.INE,224.1,229.4,1,13.599999999999994,SC2309.INE,394.2,394.2,1036,170.1,0.26767941330539546,0.19916869089641018,34089000.0,0.0,13.0
2020-10-30,SC2101.INE,234.2,244.2,230.8,233.3,236.6,247.5,250.9,-17.6,-14.3,83338,1972563.0,45530,2194.0,55,0.23122853163306642,0.33793512951829585,19,SC2012.INE,223.7,227.4,45499,-9.600000000000023,SC2012.INE,223.7,227.4,31,9.600000000000023,SC2309.INE,397.7,397.9,1035,174.0,0.28277591466944024,0.20918138501684239,34089000.0,0.0,13.0
2020-11-02,SC2101.INE,235.3,237.9,225.0,229.3,233.6,233.3,236.6,-7.3,-3.0,72383,1691410.0,49082,3552.0,52,0.26867826758325786,0.3791784801032115,18,SC2012.INE,221.0,224.3,42866,-8.300000000000011,SC2012.INE,221.0,224.3,28,8.300000000000011,SC2309.INE,397.2,396.2,1032,176.2,0.28984965116907935,0.21313863464984226,34089000.0,0.0,13.0
2020-11-03,SC2101.INE,233.6,241.2,232.1,238.7,237.8,229.3,233.6,5.1,4.2,61889,1471860.0,47840,-1242.0,51,0.2610105730179282,0.3816331089058362,18,SC2012.INE,229.3,229.6,38985,-9.399999999999977,SC2012.INE,229.3,229.6,27,9.399999999999977,SC2309.INE,396.2,396.2,1031,166.89999999999998,0.2646131566190536,0.19881882440858167,34089000.0,0.0,13.0
2020-11-04,SC2101.INE,244.4,249.1,241.1,247.8,244.7,238.7,237.8,10.0,6.9,74068,1812549.0,46586,-1254.0,50,0.28944005689700314,0.38832021872499334,18,SC2012.INE,238.2,235.0,33329,-9.600000000000023,SC2012.INE,238.2,235.0,26,9.600000000000023,SC2309.INE,413.0,407.5,1030,174.8,0.26678341211142,0.20007269089097515,34089000.0,0.0,13.0
2020-11-05,SC2101.INE,248.7,250.7,241.8,243.2,246.0,247.8,244.7,-1.5,1.3,59147,1455040.0,46458,-128.0,49,0.2920637585549641,0.3967513834802214,18,SC2012.INE,234.2,236.4,30813,-9.0,SC2012.INE,234.2,236.4,25,9.0,SC2309.INE,403.0,403.0,1029,168.8,0.2620261907111095,0.19731853131057683,33889000.0,-200000.0,13.0
2020-11-06,SC2101.INE,246.5,248.8,236.9,240.4,243.4,243.2,246.0,-5.6,-2.6,62291,1516781.0,47709,1251.0,48,0.31690416715421676,0.4000251540686706,18,SC2012.INE,230.7,234.6,29762,-9.700000000000017,SC2012.INE,230.7,234.6,24,9.700000000000017,SC2309.INE,403.0,403.0,1028,172.3,0.2715168800308087,0.20279254464138036,33889000.0,0.0,13.0
2020-11-09,SC2101.INE,239.4,247.4,238.6,245.5,243.2,240.4,243.4,2.1,-0.2,75584,1838499.0,47729,20.0,45,0.31920401707849605,0.39606499153583163,18,SC2012.INE,237.2,234.1,28635,-8.300000000000011,SC2012.INE,237.2,234.1,21,8.300000000000011,SC2309.INE,403.0,403.0,1025,165.8,0.2541142344618155,0.1926912416438607,33889000.0,0.0,13.0
2020-11-10,SC2101.INE,259.8,261.7,251.7,256.4,256.9,245.5,243.2,13.2,13.7,89878,2309706.0,48394,665.0,44,0.36014585670780574,0.420013886478042,18,SC2102.INE,267.6,267.6,25367,11.200000000000045,SC2012.INE,248.1,248.3,20,8.299999999999983,SC2309.INE,406.6,406.6,1024,158.50000000000003,0.23225317191532144,0.1795909101904574,33889000.0,0.0,13.0
2020-11-11,SC2101.INE,258.2,266.6,256.4,265.9,260.5,256.4,256.9,9.0,3.6,73554,1916285.0,49732,1338.0,43,0.3757759056703059,0.4312858270243082,18,SC2102.INE,277.1,271.5,24647,11.200000000000045,SC2012.INE,255.9,251.5,19,9.999999999999972,SC2309.INE,411.0,411.0,1023,155.1,0.22034371307267997,0.17225036059325635,33889000.0,0.0,13.0
2020-11-12,SC2101.INE,266.9,267.7,258.9,261.0,263.3,265.9,260.5,0.5,2.8,84135,2215312.0,50062,330.0,42,0.40134425400581014,0.44387895338836525,18,SC2102.INE,273.1,275.0,25165,12.100000000000023,SC2012.INE,251.9,254.0,18,9.099999999999994,SC2309.INE,413.1,412.8,1022,161.20000000000002,0.23264623127181627,0.17983066885569357,33310000.0,-579000.0,13.0
2020-11-13,SC2101.INE,259.6,264.6,256.5,257.2,260.5,261.0,263.3,-6.1,-2.8,90706,2363259.0,50556,494.0,41,0.4643968871595331,0.44001914791766394,18,SC2102.INE,269.4,272.0,26407,12.199999999999989,SC2012.INE,248.5,252.2,17,8.699999999999989,SC2309.INE,410.0,410.0,1021,161.5,0.2362682068506657,0.18203259429184218,32681000.0,-629000.0,13.0
2020-11-16,SC2101.INE,257.2,261.5,254.6,260.8,258.3,257.2,260.5,0.3,-2.2,118740,3067795.0,52389,1833.0,38,0.6382669927701776,0.45459594075128207,18,SC2102.INE,271.1,269.5,26999,10.300000000000011,SC2012.INE,251.9,250.9,14,8.900000000000006,SC2309.INE,416.5,415.9,1018,164.6,0.23755316170807048,0.1828105692835075,33159000.0,478000.0,13.0
2020-11-17,SC2101.INE,265.2,266.2,258.5,259.8,261.9,260.8,258.3,1.5,3.6,123778,3242240.0,55467,3078.0,37,0.7320200365483674,0.4757971126379989,18,SC2102.INE,270.6,272.5,28000,10.800000000000011,SC2012.INE,250.0,253.0,13,9.800000000000011,SC2309.INE,415.9,415.9,1017,165.89999999999998,0.24124900398406374,0.1850389781310918,32889000.0,-270000.0,13.0
2020-11-18,SC2101.INE,258.9,262.9,256.4,259.7,259.6,259.8,261.9,-2.2,-2.3,138567,3598459.0,58442,2975.0,36,0.769829497158286,0.49114226166464975,18,SC2102.INE,270.3,269.9,29347,10.600000000000023,SC2012.INE,249.6,249.7,12,10.099999999999994,SC2309.INE,415.9,415.9,1016,166.29999999999998,0.24221822645316168,0.1856211172734677,32889000.0,0.0,13.0
2020-11-19,SC2101.INE,264.0,264.5,257.4,260.9,260.8,259.7,259.6,1.3,1.2,112660,2938614.8,58109,-333.0,35,0.7913295122499439,0.4866750418760469,18,SC2102.INE,271.6,271.4,30323,10.700000000000045,SC2012.INE,251.0,251.4,11,9.899999999999977,SC2309.INE,415.9,415.9,1015,164.89999999999998,0.23883946286566876,0.18358769549824197,32850000.0,-39000.0,13.0
2020-11-20,SC2101.INE,260.7,264.0,259.4,260.6,261.6,260.9,260.8,-0.2,0.8,96971,2537212.0,57646,-463.0,34,0.806431761291342,0.48389967094217984,19,SC2102.INE,272.1,272.2,30601,11.5,SC2012.INE,250.8,252.1,10,9.800000000000011,SC2309.INE,415.9,415.9,1014,165.09999999999997,0.23931983390203138,0.18387748891074363,32601000.0,-249000.0,13.0
2020-11-23,SC2101.INE,260.8,268.1,260.5,267.9,264.0,260.6,261.6,6.3,2.4,132757,3505237.0,58745,1099.0,31,0.8060338546726248,0.48166642068841115,19,SC2102.INE,278.7,274.8,32496,10.800000000000011,SC2012.INE,257.7,254.6,7,10.199999999999989,SC2309.INE,419.0,419.0,1011,161.3,0.22755118447436493,0.1767104609823643,32530000.0,-71000.0,13.0
2020-11-24,SC2101.INE,268.5,282.6,264.9,281.4,272.5,267.9,264.0,17.4,8.5,189061,5152189.0,59783,1038.0,30,0.7684750488779413,0.4492530359504629,19,SC2102.INE,293.3,284.0,39066,11.900000000000034,SC2012.INE,269.6,260.8,6,11.799999999999955,SC2309.INE,419.0,419.0,1010,149.39999999999998,0.20146047856053528,0.16029881715403863,32530000.0,0.0,13.0
2020-11-25,SC2101.INE,282.0,293.9,280.4,289.8,289.2,281.4,272.5,17.3,16.7,235797,6820572.0,55607,-4176.0,29,0.7379610359126829,0.41667853101841096,20,SC2102.INE,302.6,300.8,41225,12.800000000000011,SC2012.INE,279.0,271.4,5,10.800000000000011,SC2309.INE,429.2,429.2,1009,150.2,0.19571534649930739,0.1565832654993425,32530000.0,0.0,13.0
2020-11-26,SC2101.INE,289.8,297.4,287.3,288.5,291.2,289.8,289.2,-0.7,2.0,180380,5253424.0,52849,-2758.0,28,0.742466463878953,0.39223530110288113,20,SC2102.INE,301.6,303.8,41574,13.100000000000023,SC2012.INE,278.1,279.6,4,10.399999999999977,SC2309.INE,421.9,421.9,1008,143.79999999999995,0.18798233889325824,0.15152137313743663,31830000.0,-700000.0,13.0
2020-11-27,SC2101.INE,285.0,292.2,284.0,289.1,289.2,288.5,291.2,-2.1,-2.0,145411,4206152.01,50022,-2827.0,27,0.7677292982196786,0.37925335112512887,20,SC2102.INE,301.5,301.7,40378,12.399999999999977,SC2012.INE,279.0,279.3,3,10.100000000000023,SC2309.INE,417.0,415.6,1007,138.0,0.17981836096474318,0.14609977150574113,31830000.0,0.0,13.0
2020-11-30,SC2101.INE,291.3,293.2,277.4,281.6,287.4,289.1,289.2,-7.6,-1.8,168893,4855286.87,47247,-2775.0,24,0.7174967713431213,0.36213200070514834,20,SC2102.INE,294.5,299.0,40296,12.899999999999977,SC2101.INE,281.6,287.4,24,0.0,SC2309.INE,415.6,415.6,1004,134.0,0.1772306934137291,0.14497041505462502,31830000.0,0.0,13.0
2020-12-01,SC2101.INE,283.0,291.5,282.6,286.7,286.8,281.6,287.4,-0.7,-0.6,161983,4647182.16,43889,-3358.0,23,0.7555212477670138,0.35523557454936905,19,SC2102.INE,299.7,299.5,40976,13.0,SC2101.INE,286.7,286.8,23,0.0,SC2309.INE,415.6,415.6,1003,128.90000000000003,0.16745264551582761,0.13828542195157972,31830000.0,0.0,13.0
2020-12-02,SC2101.INE,287.4,288.0,279.6,284.1,284.7,286.7,286.8,-2.7,-2.1,130209,3707701.64,41724,-2165.0,22,0.7369055501791202,0.33858088808101794,20,SC2102.INE,296.6,297.4,41305,12.5,SC2101.INE,284.1,284.7,22,0.0,SC2312.INE,418.0,421.5,1093,133.89999999999998,0.1606248506677104,0.13160282673910745,31830000.0,0.0,13.0
2020-12-03,SC2101.INE,285.1,292.5,283.6,286.8,288.0,284.1,284.7,2.1,3.3,141883,4087118.84,40457,-1267.0,21,0.7023632727416736,0.33118855243661843,20,SC2102.INE,299.4,300.3,40420,12.599999999999966,SC2101.INE,286.8,288.0,21,0.0,SC2312.INE,420.0,420.0,1092,133.2,0.1582808855759877,0.13000598032816177,31830000.0,0.0,13.0
2020-12-04,SC2102.INE,298.6,315.3,295.2,308.8,305.3,299.4,300.3,8.5,5.0,70477,2152025.0,44039,3619.0,56,0.23023422952533404,0.3499936421146327,20,SC2101.INE,295.9,292.2,39696,-12.900000000000034,SC2101.INE,295.9,292.2,20,12.900000000000034,SC2312.INE,410.0,412.4,1091,114.10000000000002,0.13141473780004287,0.11114798702768364,31830000.0,0.0,13.0
2020-12-07,SC2102.INE,307.8,310.6,303.8,306.7,306.9,308.8,305.3,1.4,1.6,46423,1424834.26,45955,1916.0,53,0.2503991456126346,0.3729054245952854,20,SC2101.INE,293.9,293.8,35128,-12.800000000000011,SC2101.INE,293.9,293.8,17,12.800000000000011,SC2312.INE,412.4,412.4,1088,118.5,0.1374112081035204,0.11544843625774566,31540000.0,-290000.0,13.0
2020-12-08,SC2102.INE,305.7,309.0,294.2,296.0,302.7,306.7,306.9,-10.9,-4.2,58828,1780880.0,45356,-599.0,52,0.3035876475930972,0.3806151134980909,20,SC2101.INE,283.6,290.3,31476,-12.399999999999977,SC2101.INE,283.6,290.3,16,12.399999999999977,SC2312.INE,411.8,411.8,1087,128.2,0.15405833231270877,0.1271103127698754,31140000.0,-400000.0,13.0
2020-12-09,SC2102.INE,297.3,300.3,293.2,297.5,297.3,296.0,302.7,-5.2,-5.4,51633,1535112.0,46074,718.0,51,0.30587545318831305,0.403906339034461,20,SC2101.INE,284.8,284.7,24896,-12.699999999999989,SC2101.INE,284.8,284.7,15,12.699999999999989,SC2312.INE,409.5,409.5,1086,124.69999999999999,0.14922097115999958,0.12376251089699883,31140000.0,0.0,13.0
2020-12-10,SC2102.INE,297.5,302.5,294.3,295.2,297.4,297.5,297.3,-2.1,0.1,73284,2180075.0,46727,653.0,50,0.3892825650450986,0.4220018604315117,20,SC2103.INE,303.5,306.1,23337,8.300000000000011,SC2101.INE,282.6,285.0,14,12.599999999999966,SC2312.INE,412.0,412.0,1085,129.39999999999998,0.15605062501528086,0.12847961799362392,31140000.0,0.0,13.0
2020-12-11,SC2102.INE,298.0,310.4,297.4,301.5,303.8,295.2,297.4,4.1,6.4,155858,4735884.21,49459,2732.0,49,0.5159511253678674,0.4610744949612656,20,SC2103.INE,309.5,311.8,23045,8.0,SC2101.INE,288.3,290.6,13,13.199999999999989,SC2312.INE,414.3,413.6,1084,126.0,0.14894615494480834,0.12357132746987386,31140000.0,0.0,13.0
2020-12-14,SC2102.INE,301.5,305.6,300.2,304.9,303.2,301.5,303.8,1.1,-0.6,113532,3442415.0,52978,3519.0,46,0.7001017482194062,0.5107839450823861,20,SC2103.INE,312.8,311.0,23935,7.900000000000034,SC2101.INE,291.7,289.3,10,13.199999999999989,SC2312.INE,413.6,413.6,1081,121.90000000000003,0.1424198979100268,0.1189993537880471,31140000.0,0.0,13.0
2020-12-15,SC2102.INE,304.2,309.9,295.7,300.5,302.3,304.9,303.2,-2.7,-0.9,166639,5038377.0,53101,123.0,45,0.8387559519615048,0.511846468229488,20,SC2103.INE,308.9,310.5,24272,8.399999999999977,SC2101.INE,288.4,288.5,9,12.100000000000023,SC2312.INE,413.6,413.6,1080,125.20000000000005,0.14794914729645914,0.12287683005690972,30923000.0,-217000.0,13.0
2020-12-16,SC2102.INE,302.9,304.9,299.8,301.8,302.1,300.5,302.3,-0.5,-0.2,111647,3373225.0,52274,-827.0,44,0.8218584142454379,0.5146598405040859,20,SC2103.INE,309.7,310.0,24475,7.899999999999977,SC2101.INE,291.0,290.2,8,10.800000000000011,SC2312.INE,413.6,413.6,1079,122.60000000000002,0.14358228973147108,0.11981817035321693,30209000.0,-714000.0,13.0
2020-12-17,SC2102.INE,302.2,316.7,302.0,314.7,309.1,301.8,302.1,12.6,7.0,168644,5212852.0,56815,4541.0,43,0.8330525931011998,0.5369834788854864,20,SC2103.INE,321.0,316.0,24701,6.300000000000011,SC2101.INE,302.0,297.7,7,12.699999999999989,SC2312.INE,413.6,413.6,1078,111.60000000000002,0.12593911736880187,0.1071731014230277,30209000.0,0.0,13.0
2020-12-18,SC2102.INE,313.5,319.6,311.6,315.4,316.0,314.7,309.1,6.3,6.9,127305,4024090.0,54191,-2624.0,42,0.8076139845588748,0.5278275606810301,20,SC2103.INE,320.7,321.5,24891,5.300000000000011,SC2101.INE,304.0,303.1,6,11.399999999999977,SC2312.INE,412.8,412.8,1077,108.80000000000001,0.12197159565580618,0.10426373684202887,30209000.0,0.0,13.0
2020-12-21,SC2102.INE,316.0,322.7,306.1,308.8,315.3,315.4,316.0,-7.2,-0.7,200765,6331521.0,51355,-2836.0,39,0.8183734031191658,0.5178533614335125,20,SC2103.INE,315.3,319.8,24991,6.5,SC2101.INE,299.0,298.6,3,9.800000000000011,SC2312.INE,411.4,411.4,1074,112.39999999999998,0.12811456801226623,0.10875786871828402,29813000.0,-396000.0,13.0
2020-12-22,SC2102.INE,308.0,309.5,294.5,295.2,304.5,308.8,315.3,-20.1,-10.8,193299,5886267.0,48019,-3336.0,38,0.7938911546185976,0.5121644250562625,20,SC2103.INE,301.9,309.8,22708,6.699999999999989,SC2101.INE,286.0,291.6,2,9.199999999999989,SC2312.INE,399.6,399.6,1073,113.60000000000002,0.1353679000737825,0.11398913737013006,29813000.0,0.0,13.0
2020-12-23,SC2102.INE,299.4,301.6,286.5,291.4,294.7,295.2,304.5,-13.1,-9.8,183681,5414318.0,42333,-5686.0,37,0.7935001425596807,0.4754219871298137,20,SC2103.INE,297.9,300.7,22930,6.5,SC2101.INE,278.9,278.3,1,12.5,SC2312.INE,396.8,394.2,1072,117.90000000000003,0.14406838389712287,0.12016000418646611,28999000.0,-814000.0,13.0
2020-12-24,SC2102.INE,294.5,308.6,293.4,307.2,301.1,291.4,294.7,12.5,6.4,197944,5960680.0,38799,-3534.0,36,0.7966707450576341,0.44425996748116425,20,SC2103.INE,314.0,308.4,24145,6.800000000000011,SC2102.INE,307.2,301.1,36,0.0,SC2312.INE,394.4,401.4,1071,87.19999999999999,0.10010316022544286,0.08811721432952813,28999000.0,0.0,13.0
2020-12-25,SC2102.INE,304.4,310.4,302.1,309.6,306.9,307.2,301.1,8.5,5.8,129456,3973891.0,36595,-2204.0,35,0.8125788532153281,0.4362988220706758,19,SC2103.INE,315.4,313.1,24496,5.7999999999999545,SC2102.INE,309.6,306.9,35,0.0,SC2312.INE,403.0,403.0,1070,93.39999999999998,0.10638941941604557,0.09297993080614052,28999000.0,0.0,13.0
2020-12-28,SC2102.INE,309.6,313.0,303.8,306.6,308.3,309.6,306.9,-0.3,1.4,105510,3253772.07,34910,-1685.0,32,0.7562465058272051,0.4177186411879435,19,SC2103.INE,312.2,314.1,24649,5.599999999999966,SC2102.INE,306.6,308.3,32,0.0,SC2312.INE,403.0,403.0,1067,96.39999999999998,0.1108810674028065,0.09641381387514371,28999000.0,0.0,13.0
2020-12-29,SC2102.INE,309.4,312.7,301.6,305.0,307.2,306.6,308.3,-3.3,-1.1,131801,4049636.59,33646,-1264.0,31,0.7648796397316558,0.4020793499043977,19,SC2103.INE,311.0,312.7,24974,6.0,SC2102.INE,305.0,307.2,31,0.0,SC2312.INE,403.0,403.0,1066,98.0,0.11331274253583591,0.09825898226940488,28873000.0,-126000.0,13.0
2020-12-30,SC2102.INE,306.7,308.7,299.9,305.1,304.7,305.0,307.2,-2.1,-2.5,136755,4167575.0,31171,-2475.0,30,0.7774322649596944,0.3779173385385725,20,SC2103.INE,311.2,311.0,24937,6.099999999999966,SC2102.INE,305.1,304.7,30,0.0,SC2312.INE,403.0,403.0,1065,97.89999999999998,0.1131600156438769,0.09814337597273576,28873000.0,0.0,13.0
2020-12-31,SC2102.INE,306.7,307.1,300.8,301.7,303.3,305.1,304.7,-3.0,-1.4,123311,3740558.0,31114,-57.0,29,0.7470677329455956,0.36743032593292396,20,SC2103.INE,309.5,310.0,25812,7.800000000000011,SC2102.INE,301.7,303.3,29,0.0,SC2312.INE,403.0,403.0,1064,101.30000000000001,0.11840952797272787,0.10209540749788279,28873000.0,0.0,13.0
2021-01-04,SC2102.INE,302.9,321.5,301.6,320.1,313.9,301.7,303.3,16.8,10.6,91239,2864775.1,32033,919.0,25,0.6509771185170915,0.3591787764621457,20,SC2103.INE,325.7,320.5,28066,5.599999999999966,SC2102.INE,320.1,313.9,25,0.0,SC2312.INE,403.0,403.0,1060,82.89999999999998,0.0913316641689568,0.08121800672885593,28873000.0,0.0,13.0
2021-01-05,SC2103.INE,320.0,325.6,313.8,316.9,319.4,325.7,320.5,-3.6,-1.1,51266,1637925.0,30308,2242.0,52,0.2273779638615135,0.3361542130189328,20,SC2102.INE,311.1,313.4,28425,-5.7999999999999545,SC2102.INE,311.1,313.4,24,5.7999999999999545,SC2312.INE,403.0,403.0,1059,91.89999999999998,0.10417608082276227,0.09127544703935113,26300000.0,-2573000.0,13.0
2021-01-06,SC2103.INE,320.5,332.7,316.7,329.2,325.8,316.9,319.4,9.8,6.4,63707,2075610.0,34609,4301.0,51,0.2595677063173549,0.3605742683600221,20,SC2102.INE,323.7,319.3,27801,-5.5,SC2102.INE,323.7,319.3,23,5.5,SC2312.INE,411.0,411.0,1058,87.30000000000001,0.09510953513048855,0.08420604787523975,25885000.0,-415000.0,13.0
2021-01-07,SC2103.INE,325.5,343.9,325.5,341.5,334.5,329.2,325.8,15.7,8.7,67590,2261042.0,39517,4908.0,50,0.29309223364121245,0.3798907923323912,20,SC2102.INE,335.3,327.6,28196,-6.199999999999989,SC2102.INE,335.3,327.6,22,6.199999999999989,SC2312.INE,394.0,394.7,1057,58.69999999999999,0.06173864057135361,0.05689248152309088,25885000.0,0.0,13.0
2021-01-08,SC2103.INE,340.9,346.5,334.6,344.6,339.9,341.5,334.5,10.1,5.4,65501,2226783.0,43933,4416.0,49,0.3140600876477978,0.40552540245163193,20,SC2102.INE,336.5,332.7,27427,-8.100000000000023,SC2102.INE,336.5,332.7,21,8.100000000000023,SC2312.INE,393.0,393.0,1056,56.5,0.05921284033565191,0.05473640958099977,25600000.0,-285000.0,13.0
2021-01-11,SC2103.INE,347.5,352.0,331.6,332.4,343.0,344.6,339.9,-7.5,3.1,93942,3222881.0,41826,-2107.0,46,0.34473116385574004,0.41758768382903527,20,SC2102.INE,325.7,336.0,21499,-6.699999999999989,SC2102.INE,325.7,336.0,18,6.699999999999989,SC2312.INE,393.0,393.0,1053,67.30000000000001,0.07287017631292843,0.06624058777708391,25600000.0,0.0,13.0
2021-01-12,SC2103.INE,333.4,346.4,330.5,344.3,339.1,332.4,343.0,1.3,-3.9,84713,2873124.0,41272,-554.0,45,0.4023720634196852,0.42491068762804873,20,SC2102.INE,336.9,332.2,20129,-7.400000000000034,SC2102.INE,336.9,332.2,17,7.400000000000034,SC2312.INE,393.0,393.0,1052,56.10000000000002,0.05872382894334963,0.05431745259102919,25400000.0,-200000.0,13.0
2021-01-13,SC2103.INE,347.1,353.8,342.0,350.3,347.9,344.3,339.1,11.2,8.8,82960,2886870.0,45282,4010.0,44,0.4658083425510531,0.4499895656321736,20,SC2104.INE,353.1,351.0,19187,2.8000000000000114,SC2102.INE,342.4,340.0,16,7.900000000000034,SC2312.INE,394.5,394.5,1051,52.10000000000002,0.05366071831685408,0.049950160431589216,25400000.0,0.0,13.0
2021-01-14,SC2103.INE,348.5,350.0,340.2,342.4,343.9,350.3,347.9,-5.5,-4.0,129001,4436346.0,46676,1394.0,43,0.6476766662482741,0.47466796835275693,20,SC2104.INE,347.0,347.5,19963,4.600000000000023,SC2102.INE,334.4,335.9,15,8.0,SC2312.INE,411.1,411.1,1050,76.70000000000005,0.08088753669417288,0.07282318225415407,25200000.0,-200000.0,13.0
2021-01-15,SC2103.INE,342.0,347.6,335.0,339.4,341.2,342.4,343.9,-4.5,-2.7,159692,5449153.0,46932,256.0,42,0.7239903523566001,0.49974976307354835,20,SC2104.INE,345.8,346.3,21560,6.400000000000034,SC2102.INE,329.4,332.2,14,10.0,SC2312.INE,409.6,409.6,1049,80.20000000000005,0.08586245229945241,0.07684687288245577,25200000.0,0.0,13.0
2021-01-18,SC2103.INE,338.3,339.2,326.8,333.0,332.5,339.4,341.2,-8.2,-8.7,161671,5376360.0,46064,-868.0,39,0.7706655988864578,0.5011205152194251,20,SC2104.INE,339.7,339.1,22430,6.699999999999989,SC2102.INE,323.9,326.1,11,9.100000000000023,SC2312.INE,383.3,387.4,1046,59.400000000000034,0.06467374525148671,0.059381496006152154,25200000.0,0.0,13.0
2021-01-19,SC2103.INE,332.5,338.6,331.8,334.3,335.4,333.0,332.5,1.8,2.9,99435,3335299.0,45654,-410.0,38,0.8066963054307086,0.5042412193505633,20,SC2104.INE,340.9,341.6,22689,6.599999999999966,SC2102.INE,330.2,328.4,10,4.100000000000023,SC2312.INE,387.4,387.4,1045,57.19999999999999,0.06109018981322984,0.056340207838364006,25200000.0,0.0,13.0
2021-01-20,SC2103.INE,335.4,343.8,335.1,342.7,339.7,334.3,335.4,7.3,4.3,123996,4212654.0,47340,1686.0,37,0.8507911240411138,0.5097063858651765,20,SC2104.INE,347.8,345.4,23069,5.100000000000023,SC2102.INE,340.1,337.3,9,2.599999999999966,SC2312.INE,387.4,387.4,1044,47.299999999999955,0.049046387322853276,0.045922310647639755,25200000.0,0.0,13.0
2021-01-21,SC2103.INE,342.4,344.3,337.2,340.0,341.1,342.7,339.7,0.3,1.4,116190,3964197.0,45812,-1528.0,36,0.844815426115914,0.5001310043668122,20,SC2104.INE,346.0,345.9,23236,6.0,SC2102.INE,336.5,336.2,8,3.5,SC2312.INE,387.4,387.4,1043,50.89999999999998,0.05334395704574653,0.049675125303537404,25000000.0,-200000.0,13.0
2021-01-22,SC2103.INE,339.2,341.8,332.0,332.3,337.4,340.0,341.1,-8.8,-3.7,130119,4390696.0,47164,1352.0,35,0.832671005394613,0.5027716186252772,20,SC2104.INE,338.0,342.9,23744,5.699999999999989,SC2102.INE,323.9,324.5,7,8.400000000000034,SC2312.INE,382.0,382.0,1042,58.10000000000002,0.06325832658436656,0.05818339187119945,24588000.0,-412000.0,13.0
2021-01-25,SC2103.INE,329.0,336.7,324.6,332.1,331.7,332.3,337.4,-5.3,-5.7,161179,5347413.0,43103,-4061.0,32,0.8077609277430865,0.4786881968815246,20,SC2104.INE,338.1,337.4,24114,6.0,SC2102.INE,323.9,318.5,4,8.200000000000045,SC2312.INE,387.0,387.0,1039,63.10000000000002,0.0687022445348284,0.06276937333445587,24588000.0,0.0,13.0
2021-01-26,SC2103.INE,330.5,332.8,327.7,328.0,330.2,332.1,331.7,-3.7,-1.5,107960,3564929.86,41631,-1472.0,31,0.8004923368948668,0.46896015680443376,20,SC2104.INE,333.9,335.7,24571,5.899999999999977,SC2102.INE,320.9,322.6,3,7.100000000000023,SC2312.INE,387.0,387.0,1038,66.10000000000002,0.07264140859870263,0.06605094482473363,23584000.0,-1004000.0,13.0
2021-01-27,SC2103.INE,332.5,335.7,330.4,335.0,332.9,328.0,330.2,4.8,2.7,92348,3075023.78,39174,-2457.0,30,0.8180280093187233,0.45256992340484525,20,SC2104.INE,339.8,338.4,25257,4.800000000000011,SC2102.INE,326.0,323.6,2,9.0,SC2312.INE,387.0,387.0,1037,61.0,0.06598796716161348,0.06049030797779911,23084000.0,-500000.0,13.0
2021-01-28,SC2103.INE,332.2,339.3,329.0,333.3,334.0,335.0,332.9,0.4,1.1,140516,4694598.91,37516,-1658.0,29,0.8070530124633852,0.4403648187057622,20,SC2104.INE,338.2,338.5,25224,4.899999999999977,SC2102.INE,324.0,324.0,1,9.300000000000011,SC2312.INE,387.0,387.0,1036,63.0,0.06857219538378959,0.06266051177939144,23084000.0,0.0,13.0
2021-01-29,SC2103.INE,334.5,340.9,332.8,335.0,336.4,333.3,334.0,1.0,2.4,130152,4378748.0,36018,-1498.0,28,0.7989883115607505,0.4318549692457106,20,SC2104.INE,340.3,341.3,24730,5.300000000000011,SC2103.INE,335.0,336.4,28,0.0,SC2312.INE,387.0,387.0,1035,52.0,0.056262876283923006,0.05230126001958404,23084000.0,0.0,13.0
2021-02-01,SC2103.INE,336.5,339.8,329.7,336.3,336.0,335.0,336.4,-0.1,-0.4,134066,4505710.0,34182,-1836.0,25,0.7750779032323337,0.42518098365549667,19,SC2104.INE,342.5,341.4,25203,6.199999999999989,SC2103.INE,336.3,336.0,25,0.0,SC2312.INE,387.0,387.0,1032,50.69999999999999,0.05464425205541582,0.050897410241805975,23084000.0,0.0,13.0
2021-02-02,SC2103.INE,336.8,347.6,334.6,346.8,340.6,336.3,336.0,10.8,4.6,117974,4019042.0,35632,1450.0,24,0.7247539593802602,0.4105731339156085,19,SC2104.INE,353.5,348.1,29267,6.699999999999989,SC2103.INE,346.8,340.6,24,0.0,SC2312.INE,387.0,387.0,1031,40.19999999999999,0.04201557952464234,0.0397536281678641,22084000.0,-1000000.0,13.0
2021-02-03,SC2104.INE,358.0,358.4,350.5,352.5,353.9,353.5,348.1,4.4,5.8,31870,1127925.0,31185,1918.0,56,0.20751670161090782,0.38014262205156335,20,SC2103.INE,347.1,347.5,29003,-5.399999999999977,SC2103.INE,347.1,347.5,23,5.399999999999977,SC2312.INE,387.0,387.0,1030,39.89999999999998,0.04166598718220511,0.03944021460689676,22084000.0,0.0,13.0
2021-02-04,SC2104.INE,353.9,365.7,353.9,362.9,359.4,352.5,353.9,9.0,5.5,45474,1634682.0,37945,6760.0,55,0.2426884979933396,0.43842216547851504,20,SC2103.INE,357.5,353.1,25937,-5.399999999999977,SC2103.INE,357.5,353.1,22,5.399999999999977,SC2312.INE,393.0,393.0,1029,35.5,0.035992805605516626,0.034315889923880426,22084000.0,0.0,13.0
2021-02-05,SC2104.INE,362.3,366.5,357.7,364.3,362.9,362.9,359.4,4.9,3.5,49583,1799479.87,43911,5966.0,54,0.34168309053571677,0.5122787778387018,20,SC2103.INE,358.1,356.3,18529,-6.199999999999989,SC2103.INE,358.1,356.3,21,6.199999999999989,SC2312.INE,396.6,393.9,1028,38.5,0.03896904855067862,0.03701322518835912,22084000.0,0.0,14.0
2021-02-08,SC2104.INE,365.7,373.0,364.6,369.3,368.5,364.3,362.9,6.4,5.6,61015,2248437.0,48560,4649.0,51,0.4100167326340123,0.585165993854311,20,SC2105.INE,372.8,371.5,12389,3.5,SC2103.INE,362.1,361.9,18,7.199999999999989,SC2312.INE,390.0,390.0,1025,27.899999999999977,0.027927950905385523,0.026904277714513616,22084000.0,0.0,14.0
2021-02-09,SC2104.INE,370.1,380.6,369.0,378.2,374.4,369.3,368.5,9.7,5.9,76843,2877738.0,51765,3205.0,50,0.6010778930242018,0.652823668877847,20,SC2105.INE,381.4,378.3,12970,3.1999999999999886,SC2103.INE,376.0,367.3,17,2.1999999999999886,SC2312.INE,399.0,399.7,1024,23.0,0.022171924190242775,0.021520238160366106,21983000.0,-101000.0,14.0
2021-02-10,SC2104.INE,376.1,376.5,367.3,371.2,371.9,378.2,374.4,-3.2,-2.5,95910,3567349.0,47103,-4662.0,49,0.8522454637544652,0.6430882654106083,20,SC2105.INE,375.1,375.5,12565,3.900000000000034,SC2103.INE,368.5,368.1,16,2.6999999999999886,SC2312.INE,398.1,399.0,1023,29.600000000000023,0.02911505486021194,0.028004785707608067,21983000.0,0.0,14.0
2021-02-18,SC2104.INE,392.1,405.3,392.1,399.0,399.5,371.2,371.9,27.1,27.6,47685,1905061.0,48960,1857.0,41,0.6947520251762923,0.6399414432666292,20,SC2105.INE,400.8,402.1,13500,1.8000000000000114,SC2103.INE,396.1,395.8,8,2.8999999999999773,SC2312.INE,399.0,399.0,1015,2.8999999999999773,0.0026537288713917493,0.0026440615448135155,21983000.0,0.0,15.0
2021-02-19,SC2104.INE,397.7,400.6,380.1,388.4,391.3,399.0,399.5,-11.1,-8.2,114593,4484278.0,48545,-415.0,40,0.7933440872870268,0.6272612156295224,20,SC2105.INE,391.4,393.3,14489,3.0,SC2103.INE,384.2,387.0,7,4.199999999999989,SC2312.INE,399.0,399.0,1014,14.800000000000011,0.013962646689208906,0.013700427798136714,21983000.0,0.0,15.0
2021-02-22,SC2104.INE,387.6,396.0,384.6,392.2,390.7,388.4,391.3,0.9,-0.6,122174,4774197.0,49205,660.0,37,0.7755503643704136,0.6043800820497703,20,SC2105.INE,395.9,393.8,17477,3.6999999999999886,SC2103.INE,385.6,384.8,4,6.599999999999966,SC2312.INE,400.0,400.0,1011,14.399999999999977,0.013535953718163678,0.013289328992682054,21983000.0,0.0,15.0
2021-02-23,SC2104.INE,390.8,419.2,390.0,412.9,405.1,392.2,390.7,22.2,14.4,167885,6801460.0,48906,-299.0,36,0.7248732761672841,0.5413908384439967,20,SC2105.INE,417.2,410.1,23511,4.300000000000011,SC2103.INE,407.5,393.8,3,5.399999999999977,SC2312.INE,418.0,416.4,1010,10.5,0.009339531256663505,0.009221233806356732,21514000.0,-469000.0,15.0
2021-02-24,SC2104.INE,409.2,412.3,400.3,405.8,406.0,412.9,405.1,0.7,0.9,140181,5692292.0,43960,-4946.0,35,0.7521731198489011,0.4990804023523535,20,SC2105.INE,410.1,410.3,25675,4.300000000000011,SC2103.INE,396.1,407.0,2,9.699999999999989,SC2312.INE,416.1,411.8,1009,20.0,0.01830157842339175,0.01785452099977559,21514000.0,0.0,15.0
2021-02-25,SC2104.INE,412.0,422.2,408.1,417.8,415.9,405.8,406.0,11.8,9.9,163926,6818081.0,43297,-663.0,34,0.7321622382120031,0.46645694401051485,20,SC2105.INE,422.7,420.0,26350,4.899999999999977,SC2103.INE,407.3,407.3,1,10.5,SC2312.INE,420.0,419.0,1008,12.699999999999989,0.01130193238540623,0.01112930910368636,21514000.0,0.0,15.0
2021-02-26,SC2104.INE,418.0,419.2,402.1,405.9,410.8,417.8,415.9,-10.0,-5.1,158243,6501803.0,38669,-4628.0,33,0.7358907345746759,0.42328743131116314,20,SC2105.INE,410.7,415.4,28533,4.800000000000011,SC2104.INE,405.9,410.8,33,0.0,SC2312.INE,423.4,423.4,1007,17.5,0.016156709075024273,0.015818116244772206,21514000.0,0.0,15.0
2021-03-01,SC2104.INE,402.3,414.5,398.1,409.0,407.2,405.9,410.8,-1.8,-3.6,155225,6321643.0,34855,-3814.0,30,0.7088449788339735,0.3881057366827009,19,SC2105.INE,415.2,413.2,30274,6.199999999999989,SC2104.INE,409.0,407.2,30,0.0,SC2312.INE,423.4,423.4,1004,14.399999999999977,0.01319389706952902,0.01296694452788142,21514000.0,0.0,15.0
2021-03-02,SC2105.INE,412.2,414.4,391.9,393.3,402.4,415.2,413.2,-19.9,-10.8,50530,2033556.0,31672,1398.0,59,0.2271011235955056,0.356682733456462,19,SC2104.INE,387.1,397.2,31410,-6.199999999999989,SC2104.INE,387.1,397.2,29,6.199999999999989,SC2312.INE,404.1,404.1,1003,17.0,0.016457340610457227,0.01610621128624363,21514000.0,0.0,15.0
2021-03-03,SC2105.INE,403.0,403.5,393.0,398.5,398.2,393.3,402.4,-3.9,-4.2,38664,1539744.0,33169,1497.0,58,0.23010450639179184,0.38095511554187533,20,SC2104.INE,392.8,392.9,27791,-5.699999999999989,SC2104.INE,392.8,392.9,28,5.699999999999989,SC2403.INE,405.0,405.0,1093,12.199999999999989,0.010644655441132887,0.010482693970491402,21514000.0,0.0,15.0
2021-03-04,SC2105.INE,400.0,408.4,396.0,405.5,402.5,398.5,398.2,7.3,4.3,51997,2092883.0,34090,921.0,57,0.24891095175635955,0.3976947934530268,20,SC2104.INE,399.4,396.5,25044,-6.100000000000023,SC2104.INE,399.4,396.5,27,6.100000000000023,SC2403.INE,414.5,414.5,1092,15.100000000000023,0.012957229271136742,0.012718297710494552,21514000.0,0.0,15.0
2021-03-05,SC2105.INE,405.5,429.3,402.7,428.4,417.0,405.5,402.5,25.9,14.5,84399,3519818.0,36731,2641.0,56,0.25235992213826736,0.4086716585631794,20,SC2104.INE,423.6,411.7,25109,-4.7999999999999545,SC2104.INE,423.6,411.7,26,4.7999999999999545,SC2403.INE,432.1,428.9,1091,8.5,0.0068771141168699175,0.006809025034631134,21014000.0,-500000.0,15.0
2021-03-08,SC2105.INE,430.6,450.3,428.8,444.5,439.5,428.4,417.0,27.5,22.5,75743,3329345.0,38543,1812.0,53,0.3185302936637103,0.428241280846194,20,SC2104.INE,441.4,433.6,22927,-3.1000000000000227,SC2104.INE,441.4,433.6,23,3.1000000000000227,SC2403.INE,437.7,438.0,1088,-3.6999999999999886,-0.0028728480230423513,-0.0028849564445183385,21014000.0,0.0,15.0
2021-03-09,SC2105.INE,438.1,438.9,425.1,428.2,432.5,444.5,439.5,-11.3,-7.0,85915,3716527.0,38734,191.0,52,0.3537853363256398,0.4442380034865584,20,SC2104.INE,422.7,428.1,19323,-5.5,SC2104.INE,422.7,428.1,22,5.5,SC2403.INE,435.9,435.9,1087,13.199999999999989,0.010702492694515823,0.010538784375713614,21014000.0,0.0,15.0
2021-03-10,SC2105.INE,432.1,433.4,411.7,417.3,423.5,428.2,432.5,-15.2,-9.0,99523,4215658.0,38471,-263.0,51,0.3890428630064695,0.4509077696644358,20,SC2106.INE,420.7,426.1,17760,3.3999999999999773,SC2104.INE,412.0,417.9,21,5.300000000000011,SC2403.INE,435.9,435.9,1086,23.899999999999977,0.019881261680112988,0.01932598226442201,21014000.0,0.0,15.0
2021-03-11,SC2105.INE,423.0,425.1,415.8,421.7,421.6,417.3,423.5,-1.8,-1.9,91493,3857771.0,39423,952.0,50,0.4212986199687801,0.46373998658997073,20,SC2106.INE,424.8,425.3,18238,3.1000000000000227,SC2104.INE,416.2,416.3,20,5.5,SC2403.INE,433.9,433.9,1085,17.69999999999999,0.014575197460592475,0.014273788993747788,20714000.0,-300000.0,15.0
2021-03-12,SC2105.INE,424.1,430.8,422.8,423.4,426.1,421.7,421.6,1.8,4.5,88448,3769470.0,40535,1112.0,49,0.4647062223179619,0.4652938002915619,20,SC2106.INE,427.0,429.3,19799,3.6000000000000227,SC2104.INE,418.8,421.2,19,4.599999999999966,SC2403.INE,433.9,433.9,1084,15.099999999999966,0.012357013779589317,0.012139459192386804,20714000.0,0.0,15.0
2021-03-15,SC2105.INE,425.4,434.4,421.3,428.1,426.6,423.4,426.1,2.0,0.5,120400,5136928.0,44193,3658.0,46,0.6645545166524998,0.497411250928573,20,SC2106.INE,431.3,431.1,20615,3.1999999999999886,SC2104.INE,422.8,420.4,16,5.300000000000011,SC2403.INE,436.0,438.3,1081,13.199999999999989,0.010699961357549269,0.010536329684344967,20714000.0,0.0,15.0
2021-03-16,SC2105.INE,422.1,422.7,414.6,416.0,417.6,428.1,426.6,-10.6,-9.0,129211,5396511.0,44371,178.0,45,0.7564869675183251,0.5129891901265969,20,SC2106.INE,419.6,421.8,20747,3.6000000000000227,SC2104.INE,408.4,411.3,15,7.600000000000023,SC2403.INE,431.3,431.3,1080,22.900000000000034,0.019217328128089503,0.018697876373333127,20414000.0,-300000.0,15.0
2021-03-17,SC2105.INE,415.5,422.2,410.2,420.9,415.5,416.0,417.6,3.3,-2.1,140951,5857295.0,46156,1785.0,44,0.7798464109061535,0.5153122173966439,20,SC2106.INE,423.8,418.8,21801,2.900000000000034,SC2104.INE,414.1,408.3,14,6.7999999999999545,SC2403.INE,426.9,426.9,1079,12.799999999999955,0.010593707945167516,0.010433277626783132,20414000.0,0.0,15.0
2021-03-18,SC2105.INE,414.0,416.2,407.4,411.5,412.6,420.9,415.5,-4.0,-2.9,164656,6795116.0,46598,442.0,43,0.8296057437964479,0.52302650039846,20,SC2106.INE,414.7,416.0,22325,3.1999999999999886,SC2104.INE,407.0,407.8,13,4.5,SC2403.INE,420.0,422.9,1078,13.0,0.01094692643988422,0.010775734206299502,20414000.0,0.0,15.0
2021-03-19,SC2105.INE,408.6,408.9,379.5,379.5,395.9,411.5,412.6,-33.1,-16.7,268668,10638943.0,51163,4565.0,42,0.8015705134898874,0.5429126254801673,20,SC2106.INE,382.7,398.5,23485,3.1999999999999886,SC2104.INE,375.1,394.8,12,4.399999999999977,SC2403.INE,404.0,413.0,1077,28.899999999999977,0.026405478100988356,0.025437662552823963,20414000.0,0.0,15.0
2021-03-22,SC2105.INE,378.9,393.7,377.5,390.1,386.1,379.5,395.9,-5.8,-9.8,224117,8654358.42,48345,-2818.0,39,0.839974663998141,0.5344232937587053,20,SC2106.INE,394.1,389.4,23105,4.0,SC2104.INE,383.2,376.6,9,6.900000000000034,SC2403.INE,413.0,413.0,1074,29.80000000000001,0.02665225871583014,0.025666713244581665,20414000.0,0.0,15.0
2021-03-23,SC2105.INE,390.1,395.9,388.6,390.8,392.2,390.1,386.1,4.7,6.1,134770,5286194.0,48269,,38,0.8465186394899658,0.5330940416367552,20,SC2106.INE,394.3,395.8,23236,3.5,SC2104.INE,384.9,386.5,8,5.900000000000034,SC2403.INE,413.0,413.0,1073,28.100000000000023,0.025020827310794736,0.02414964500003411,20264000.0,-150000.0,15.0
2021-03-24,SC2105.INE,379.6,388.2,372.7,378.1,380.7,390.8,392.2,-14.1,-11.5,223694,8516658.0,49164,895.0,37,0.8331806229095433,0.5146823278163374,20,SC2106.INE,382.6,385.0,26970,4.5,SC2104.INE,371.0,376.2,7,7.100000000000023,SC2403.INE,406.0,406.0,1072,35.0,0.03233235893347506,0.030896854838421202,20264000.0,0.0,15.0
2021-03-25,SC2105.INE,382.1,395.1,380.9,383.2,387.0,378.1,380.7,2.5,6.3,226964,8765961.0,45180,-3984.0,36,0.8318392059989884,0.4933660933660934,20,SC2106.INE,387.6,390.2,27090,4.400000000000034,SC2104.INE,376.8,374.5,6,6.399999999999977,SC2403.INE,406.0,406.0,1071,29.19999999999999,0.02655921373962098,0.025580371050071785,20264000.0,0.0,15.0
2021-03-26,SC2105.INE,379.5,386.8,374.7,384.3,380.6,383.2,387.0,-2.7,-6.4,227299,8653208.0,42184,-2996.0,35,0.8108004951148431,0.4665184742819858,20,SC2106.INE,388.6,385.0,27629,4.300000000000011,SC2104.INE,378.0,375.8,5,6.300000000000011,SC2403.INE,406.0,406.0,1070,28.0,0.025386889236654532,0.02449063084834079,20264000.0,0.0,15.0
2021-03-29,SC2105.INE,385.7,397.2,385.3,388.0,391.7,384.3,380.6,7.4,11.1,213632,8368845.0,38213,-3971.0,32,0.7841087604422063,0.4542947155679724,20,SC2106.INE,392.7,396.0,24111,4.699999999999989,SC2104.INE,380.0,383.3,2,8.0,SC2403.INE,406.0,406.0,1067,26.0,0.023449468742278226,0.022682061982793364,19964000.0,-300000.0,14.0
2021-03-30,SC2105.INE,397.2,402.7,390.1,398.6,395.3,388.0,391.7,6.9,3.6,185852,7347901.0,35738,-2475.0,31,0.7704667937981925,0.4457276843063645,20,SC2106.INE,402.2,400.5,21845,3.599999999999966,SC2104.INE,390.0,383.1,1,8.600000000000023,SC2403.INE,408.7,408.7,1066,18.69999999999999,0.016433128686649798,0.016051312467593344,19510000.0,-454000.0,14.0
2021-03-31,SC2105.INE,393.1,400.8,392.0,399.7,396.0,398.6,395.3,4.4,0.7,155362,6152487.0,30560,-5178.0,30,0.802369479778339,0.3986641619703611,20,SC2106.INE,403.3,400.0,23197,3.6000000000000227,SC2105.INE,399.7,396.0,30,0.0,SC2403.INE,418.0,418.0,1065,18.30000000000001,0.01614616759671201,0.015787454961091428,17718000.0,-1792000.0,14.0
2021-04-01,SC2105.INE,395.9,399.4,383.5,392.8,393.4,399.7,396.0,-3.2,-2.6,171283,6738803.4,29285,-1275.0,29,0.7944591065738391,0.3966437317152454,19,SC2106.INE,397.4,397.2,22864,4.599999999999966,SC2105.INE,392.8,393.4,29,0.0,SC2403.INE,418.0,418.0,1064,25.19999999999999,0.022624634729478427,0.02192851445045661,17718000.0,0.0,14.0
2021-04-02,SC2105.INE,392.9,409.0,387.6,408.8,396.5,392.8,393.4,15.4,3.1,228120,9045499.11,29871,586.0,28,0.7641263896937398,0.3872761924518028,19,SC2106.INE,412.8,402.0,25115,4.0,SC2105.INE,408.8,396.5,28,0.0,SC2403.INE,424.5,424.5,1063,15.699999999999989,0.013543823326432029,0.013290220197677468,17718000.0,0.0,14.0
2021-04-06,SC2105.INE,390.7,393.1,383.6,388.1,388.5,408.8,396.5,-8.4,-8.0,74580,2897894.21,31201,1330.0,24,0.6335264436553916,0.3871380003474204,19,SC2106.INE,392.0,393.2,26834,3.8999999999999773,SC2105.INE,388.1,388.5,24,0.0,SC2403.INE,417.4,417.4,1059,29.299999999999955,0.026624195417536415,0.025667066703292253,17718000.0,0.0,14.0
2021-04-07,SC2105.INE,388.6,394.2,384.1,386.0,389.3,388.1,388.5,-2.5,0.8,128994,5022064.2,30554,-647.0,23,0.7168284699723814,0.37421156413428214,19,SC2106.INE,389.9,392.9,28189,3.8999999999999773,SC2105.INE,386.0,389.3,23,0.0,SC2403.INE,417.4,417.4,1058,31.399999999999977,0.02868764236189328,0.027580466850307572,17718000.0,0.0,14.0
2021-04-08,SC2105.INE,387.7,388.9,379.4,383.5,384.4,386.0,389.3,-5.8,-4.9,151938,5841094.92,30577,23.0,22,0.7152952032126094,0.36934542863009895,19,SC2106.INE,387.3,388.6,28534,3.8000000000000114,SC2105.INE,383.5,384.4,22,0.0,SC2403.INE,416.8,416.8,1057,33.30000000000001,0.030621846834079727,0.02936464484601345,17718000.0,0.0,14.0
2021-04-09,SC2105.INE,384.7,389.7,382.5,386.6,386.4,383.5,384.4,2.2,2.0,128074,4949011.62,28959,-1618.0,21,0.7241383209697847,0.35594532805624524,19,SC2106.INE,389.5,389.8,28286,2.8999999999999773,SC2105.INE,386.6,386.4,21,0.0,SC2403.INE,416.8,416.8,1056,30.19999999999999,0.02754847787349641,0.026525422355263964,16560000.0,-1158000.0,14.0
2021-04-12,SC2106.INE,388.5,394.5,385.0,385.7,389.3,389.5,389.8,-4.1,-0.5,43923,1710196.14,30154,1868.0,49,0.2397753078871517,0.3638491704374057,19,SC2105.INE,382.4,387.3,27697,-3.3000000000000114,SC2105.INE,382.4,387.3,18,3.3000000000000114,SC2403.INE,416.3,416.3,1053,33.900000000000034,0.03126326481110915,0.029954323819946418,16560000.0,0.0,14.0
2021-04-13,SC2106.INE,390.0,395.8,388.3,394.0,392.4,385.7,389.3,4.7,3.1,56778,2228057.36,31174,1020.0,48,0.2902968515128895,0.3915151210690244,19,SC2105.INE,392.8,391.1,22151,-1.1999999999999886,SC2105.INE,392.8,391.1,17,1.1999999999999886,SC2403.INE,416.3,416.3,1052,23.5,0.021098369688204124,0.02049133900292361,16560000.0,0.0,14.0
2021-04-14,SC2106.INE,396.2,400.1,391.5,400.0,395.7,394.0,392.4,7.6,3.3,52978,2096769.62,32393,1219.0,47,0.32999464314634175,0.4057341115759413,19,SC2105.INE,397.8,394.0,19985,-2.1999999999999886,SC2105.INE,397.8,394.0,16,2.1999999999999886,SC2403.INE,416.3,416.3,1051,18.5,0.01640058971687277,0.016030654628102572,16560000.0,0.0,14.0
2021-04-15,SC2106.INE,399.0,415.3,399.0,414.6,409.0,400.0,395.7,18.9,13.3,84783,3467725.8,35495,3102.0,46,0.4056331154850871,0.4407509964859126,19,SC2107.INE,415.5,410.2,19320,0.8999999999999773,SC2105.INE,411.0,406.3,15,3.6000000000000227,SC2403.INE,420.0,420.0,1050,9.0,0.0077224161641807135,0.007639078575005319,16560000.0,0.0,14.0
2021-04-16,SC2106.INE,412.1,418.6,411.3,416.9,414.7,414.6,409.0,7.9,5.7,85770,3557530.46,39438,3943.0,45,0.473932863655201,0.4805761356989667,19,SC2107.INE,417.6,416.5,19702,0.7000000000000455,SC2105.INE,412.8,410.1,14,4.099999999999966,SC2403.INE,424.0,424.0,1049,11.199999999999989,0.009568213309366008,0.009440713032445182,16560000.0,0.0,14.0
2021-04-19,SC2106.INE,416.6,417.3,408.8,412.3,412.8,416.9,414.7,-2.4,-1.9,107549,4440514.6,41739,2301.0,42,0.6668506129130265,0.5048685786169608,19,SC2107.INE,413.1,413.7,20344,0.8000000000000114,SC2105.INE,408.8,408.5,11,3.5,SC2403.INE,419.8,419.8,1046,11.0,0.009489302967563803,0.009363878745332184,16560000.0,0.0,14.0
2021-04-20,SC2106.INE,414.2,418.5,410.4,414.3,413.8,412.3,412.8,1.5,1.0,117599,4867256.2,42473,734.0,41,0.7640466228332337,0.5285275195679496,19,SC2107.INE,415.1,415.2,20097,0.8000000000000114,SC2105.INE,419.0,413.7,10,-4.699999999999989,SC2403.INE,419.8,419.8,1045,0.8000000000000114,0.000673330796813191,0.0006726888159460041,16560000.0,0.0,14.0
2021-04-21,SC2106.INE,412.8,414.4,400.0,402.5,405.4,414.3,413.8,-11.3,-8.4,172578,6997977.23,41785,-688.0,40,0.8176455817347098,0.5279216677195199,19,SC2107.INE,404.7,407.6,19604,2.1999999999999886,SC2105.INE,408.8,411.6,9,-6.300000000000011,SC2403.INE,419.8,419.8,1044,11.0,0.009489302967563803,0.009363878745332184,16560000.0,0.0,14.0
2021-04-22,SC2106.INE,396.2,403.5,391.7,395.3,396.9,402.5,405.4,-10.1,-8.5,187496,7442934.12,40009,-1776.0,39,0.8179097706313961,0.5080443422940661,19,SC2107.INE,396.8,398.1,20744,1.5,SC2105.INE,400.9,400.1,8,-5.599999999999966,SC2403.INE,419.8,419.8,1043,18.900000000000034,0.01662563579771607,0.016245634323088023,16531000.0,-29000.0,14.0
2021-04-23,SC2106.INE,397.6,400.3,394.3,399.0,397.2,395.3,396.9,2.1,0.3,124231,4934901.6,38217,-1792.0,38,0.8360938183531312,0.4955523858921162,19,SC2107.INE,400.7,398.7,20964,1.6999999999999886,SC2105.INE,403.9,403.4,7,-4.899999999999977,SC2403.INE,419.8,419.8,1042,15.900000000000034,0.01388275904137558,0.013616469524894096,16531000.0,0.0,14.0
2021-04-26,SC2106.INE,395.8,405.7,394.6,396.5,400.1,399.0,397.2,-0.7,2.9,147019,5883179.1,38743,526.0,35,0.8160966755297004,0.4930012979411091,19,SC2107.INE,397.9,401.5,21225,1.3999999999999773,SC2105.INE,402.1,406.3,4,-5.600000000000023,SC2403.INE,419.4,419.4,1039,17.299999999999955,0.015172758476933263,0.014855431078334074,16531000.0,0.0,14.0
2021-04-27,SC2106.INE,394.0,404.6,391.2,402.4,398.8,396.5,400.1,2.3,-1.3,132602,5289059.33,39553,810.0,34,0.7899229747359516,0.4991670663065701,19,SC2107.INE,403.8,400.5,21979,1.400000000000034,SC2105.INE,400.0,402.1,3,2.3999999999999773,SC2403.INE,419.4,419.4,1038,19.399999999999977,0.017103864734299513,0.01670203724284127,16531000.0,0.0,14.0
2021-04-28,SC2106.INE,402.4,408.2,400.3,408.1,403.8,402.4,398.8,9.3,5.0,114219,4612991.04,39012,-541.0,33,0.7798967593920275,0.4837557660830316,19,SC2107.INE,408.9,405.6,22937,0.7999999999999545,SC2105.INE,403.9,395.6,2,4.2000000000000455,SC2403.INE,419.4,419.4,1037,15.5,0.01353350724159256,0.013280285510082264,16333000.0,-198000.0,14.0
2021-04-29,SC2106.INE,410.0,416.5,408.2,414.9,412.6,408.1,403.8,11.1,8.8,114970,4743874.19,39924,912.0,32,0.7862594375752271,0.4890189978074742,19,SC2107.INE,415.2,413.2,23054,0.30000000000001137,SC2105.INE,412.2,403.9,1,2.6999999999999886,SC2403.INE,420.6,420.6,1036,8.400000000000034,0.007186605629742183,0.0071143595231574095,16128000.0,-205000.0,14.0
2021-04-30,SC2106.INE,421.9,423.6,415.2,420.1,419.4,414.9,412.6,7.5,6.8,128071,5371467.18,33686,-6238.0,31,0.7586245705485132,0.4479104338691877,19,SC2107.INE,418.8,418.6,24552,-1.3000000000000114,SC2106.INE,420.1,419.4,31,0.0,SC2403.INE,420.6,420.6,1035,0.5,0.0004326896176304163,0.0004324323297221271,16128000.0,0.0,14.0
2021-05-06,SC2106.INE,423.6,432.4,423.3,428.3,429.1,420.1,419.4,8.9,9.7,46304,1987221.23,35217,1531.0,25,0.6777021587998536,0.4629430013671259,18,SC2107.INE,428.0,427.9,25304,-0.30000000000001137,SC2106.INE,428.3,429.1,25,0.0,SC2403.INE,430.0,430.0,1029,1.6999999999999886,0.001442978959715614,0.0014401227930211013,16128000.0,0.0,14.0
2021-05-07,SC2106.INE,428.1,428.5,420.2,425.7,424.4,428.3,429.1,-3.4,-4.7,96704,4104169.58,33569,-1648.0,24,0.7229827223995754,0.42749442852594716,18,SC2107.INE,426.4,424.4,28809,0.6999999999999886,SC2106.INE,425.7,424.4,24,0.0,SC2403.INE,430.0,430.0,1028,4.300000000000011,0.003672179967000708,0.0036537575563028385,16128000.0,0.0,14.0
2021-05-10,SC2107.INE,420.0,431.5,419.2,428.7,425.4,426.4,424.4,4.3,1.0,39420,1677048.32,32170,3361.0,51,0.22527773967905637,0.40846125522162546,18,SC2106.INE,428.3,424.0,30440,-0.39999999999997726,SC2106.INE,428.3,424.0,21,0.39999999999997726,SC2403.INE,430.0,430.0,1025,1.6999999999999886,0.001442978959715614,0.0014401227930211013,15402000.0,-726000.0,14.0
2021-05-11,SC2107.INE,426.1,428.6,417.4,420.8,422.2,428.7,425.4,-4.6,-3.2,39820,1681427.92,34110,1940.0,50,0.2598300860010179,0.4335171958008185,18,SC2106.INE,418.6,421.1,28206,-2.1999999999999886,SC2106.INE,418.6,421.1,20,2.1999999999999886,SC2403.INE,430.0,430.0,1024,11.399999999999977,0.009900674416524008,0.009768257486686895,15402000.0,0.0,14.0
2021-05-12,SC2107.INE,418.0,428.9,416.9,428.9,423.7,420.8,422.2,6.7,1.5,54941,2328150.18,39420,5310.0,49,0.29707472693846654,0.48198368933938157,19,SC2106.INE,425.8,420.6,25929,-3.099999999999966,SC2106.INE,425.8,420.6,19,3.099999999999966,SC2403.INE,430.0,430.0,1023,4.199999999999989,0.003585938070171186,0.0035683680510992075,15402000.0,0.0,14.0
2021-05-13,SC2107.INE,430.1,436.4,422.8,424.9,430.3,428.9,423.7,1.2,6.6,65698,2827009.41,39534,114.0,48,0.33390256050579903,0.5047881713016165,18,SC2106.INE,423.8,428.7,22214,-1.099999999999966,SC2106.INE,423.8,428.7,18,1.099999999999966,SC2403.INE,430.0,430.0,1022,6.199999999999989,0.005318508880946274,0.0052799805194167935,15402000.0,0.0,14.0
2021-05-14,SC2107.INE,420.7,423.5,410.6,414.5,417.4,424.9,430.3,-15.8,-12.9,75744,3162176.09,43131,3597.0,47,0.3981015751880292,0.5349714101435075,18,SC2106.INE,414.3,417.5,18918,-0.19999999999998863,SC2106.INE,414.3,417.5,17,0.19999999999998863,SC2403.INE,423.0,423.0,1021,8.699999999999989,0.00763419890315636,0.007555147347078138,15402000.0,0.0,14.0
2021-05-17,SC2107.INE,419.2,430.1,418.3,426.7,424.4,414.5,417.4,9.3,7.0,81058,3440474.51,42494,-637.0,44,0.4666417201577387,0.5512615943439061,18,SC2106.INE,427.1,424.9,15512,0.4000000000000341,SC2106.INE,427.1,424.9,14,-0.4000000000000341,SC2403.INE,433.0,433.0,1018,5.899999999999977,0.005022056470908687,0.004987685066334858,14676000.0,-726000.0,14.0
2021-05-18,SC2107.INE,425.0,438.0,424.2,436.6,432.7,426.7,424.4,12.2,8.3,105637,4571728.44,53658,11164.0,43,0.6701409594376848,0.6335064935064935,18,SC2106.INE,437.5,432.5,11568,0.8999999999999773,SC2106.INE,437.5,432.5,13,-0.8999999999999773,SC2403.INE,439.6,438.9,1017,2.1000000000000227,0.0017450199203187752,0.001740845226201215,13654000.0,-1022000.0,14.0
2021-05-19,SC2107.INE,436.6,436.6,419.0,421.2,427.5,436.6,432.7,-11.5,-5.2,173481,7417436.33,51215,-2443.0,42,0.7790106603680387,0.6639743822438873,18,SC2108.INE,421.2,427.1,11760,0.0,SC2106.INE,419.3,429.8,12,1.8999999999999773,SC2403.INE,426.8,427.5,1016,7.5,0.006502727463625071,0.00644525479738212,13654000.0,0.0,14.0
2021-05-20,SC2107.INE,417.2,418.0,405.3,411.0,411.6,421.2,427.5,-16.5,-15.9,175018,7204620.2,51190,-25.0,41,0.84626208217085,0.6561390466180448,18,SC2108.INE,412.6,412.2,12254,1.6000000000000227,SC2106.INE,411.4,410.5,11,-0.39999999999997726,SC2403.INE,420.0,423.7,1015,8.600000000000023,0.0075996451723490035,0.007521302720491405,13654000.0,0.0,14.0
2021-05-21,SC2107.INE,408.8,410.8,399.8,400.2,405.5,411.0,411.6,-11.4,-6.1,157404,6383871.11,52740,1550.0,40,0.8551451373684582,0.6553995277743259,18,SC2108.INE,401.0,406.0,12553,0.8000000000000114,SC2106.INE,397.1,403.7,10,3.099999999999966,SC2403.INE,427.6,427.6,1014,30.5,0.02792280889035142,0.026902405348600358,13654000.0,0.0,14.0
2021-05-24,SC2107.INE,406.8,415.8,405.6,414.0,410.2,400.2,405.5,8.5,4.7,142604,5850905.76,46020,-6720.0,37,0.8500223526957351,0.6311458547623946,18,SC2108.INE,413.5,410.8,12439,-0.5,SC2106.INE,415.7,410.5,7,-1.6999999999999886,SC2403.INE,427.6,427.6,1011,11.900000000000034,0.010407012795582224,0.010260838153076669,15677000.0,2023000.0,14.0
2021-05-25,SC2107.INE,415.7,426.2,415.0,425.0,421.3,414.0,410.2,14.8,11.1,121127,5103940.63,40507,-5513.0,36,0.8587643922636266,0.594083655989675,18,SC2108.INE,424.3,421.1,12865,-0.6999999999999886,SC2106.INE,424.5,421.3,6,0.5,SC2403.INE,435.0,433.6,1010,10.5,0.008992299353821447,0.00888288769731867,15677000.0,0.0,14.0
2021-05-26,SC2107.INE,423.6,428.2,422.6,426.3,425.3,425.0,421.3,5.0,4.0,108974,4634752.84,36437,-4070.0,35,0.8304869033738006,0.537189107903699,18,SC2108.INE,424.6,424.0,15287,-1.6999999999999886,SC2106.INE,422.3,426.8,5,4.0,SC2403.INE,432.0,432.0,1009,9.699999999999989,0.008350448549161185,0.00825598964246769,18015000.0,2338000.0,14.0
2021-05-27,SC2107.INE,421.3,427.1,420.5,421.9,423.6,426.3,425.3,-3.4,-1.7,111621,4728737.13,33934,-2503.0,34,0.7842573791339662,0.47766110188339295,18,SC2108.INE,419.2,421.1,19527,-2.6999999999999886,SC2106.INE,419.8,419.6,4,2.099999999999966,SC2403.INE,430.0,430.0,1008,10.199999999999989,0.008833176109283662,0.008727572186147938,18015000.0,0.0,14.0
2021-05-28,SC2107.INE,421.0,436.0,421.0,429.9,429.5,421.9,423.6,6.3,5.9,131196,5635824.66,37628,3694.0,33,0.7956673620882053,0.47726436752451135,18,SC2108.INE,426.4,427.0,22263,-3.5,SC2106.INE,429.0,429.0,3,0.8999999999999773,SC2403.INE,418.1,418.1,1007,-10.899999999999977,-0.009236944993917088,-0.009356317137855199,18015000.0,0.0,14.0
2021-05-31,SC2107.INE,438.0,438.0,424.5,428.8,429.5,429.9,429.5,-0.7,0.0,103954,4465211.3,33549,-4079.0,30,0.7656512388415874,0.43864649660708915,18,SC2108.INE,426.7,426.5,24188,-2.1000000000000227,SC2107.INE,428.8,429.5,30,0.0,SC2403.INE,420.0,420.0,1004,-8.800000000000011,-0.0076906279689846575,-0.007770639573819374,18015000.0,0.0,14.0
2021-06-01,SC2107.INE,432.0,453.6,427.5,440.0,435.2,428.8,429.5,10.5,5.7,93810,4083358.75,39361,5812.0,29,0.7111127956337174,0.4725720666098378,18,SC2108.INE,437.3,432.5,28647,-2.6999999999999886,SC2107.INE,440.0,435.2,29,0.0,SC2406.INE,440.2,437.1,1095,0.19999999999998863,0.00015563704588095884,0.0001556016845402288,18015000.0,0.0,14.0
2021-06-02,SC2107.INE,445.5,447.1,435.4,438.9,440.8,440.0,435.2,3.7,5.6,115269,5081851.14,36796,-2565.0,28,0.7481599273057701,0.4554016757633139,18,SC2108.INE,437.0,438.0,28376,-1.8999999999999773,SC2107.INE,438.9,440.8,28,0.0,SC2406.INE,426.2,426.2,1094,-12.699999999999989,-0.009907721717734559,-0.010053893166820002,18015000.0,0.0,14.0
2021-06-03,SC2107.INE,441.2,451.5,440.2,448.1,444.9,438.9,440.8,7.3,4.1,101389,4511710.33,40781,3985.0,27,0.7594454098753596,0.46478841134703275,18,SC2108.INE,445.5,442.5,30333,-2.6000000000000227,SC2107.INE,448.1,444.9,27,0.0,SC2406.INE,428.1,428.1,1093,-20.0,-0.015282370048564432,-0.01563391853099143,18015000.0,0.0,14.0
2021-06-04,SC2107.INE,446.0,447.3,438.6,445.2,443.2,448.1,444.9,0.3,-1.7,119979,5318029.64,36085,-4696.0,26,0.7367816656636494,0.4393911719939117,18,SC2108.INE,442.3,440.4,29683,-2.8999999999999773,SC2107.INE,445.2,443.2,26,0.0,SC2406.INE,428.1,428.1,1092,-17.099999999999966,-0.013151540130371212,-0.013410773247118743,17915000.0,-100000.0,14.0
2021-06-07,SC2107.INE,447.0,454.4,440.6,442.8,447.7,445.2,443.2,-0.4,4.5,124786,5586993.75,36191,106.0,23,0.7167489948305571,0.43429894878318054,18,SC2108.INE,439.7,444.0,29702,-3.1000000000000227,SC2107.INE,442.8,447.7,23,0.0,SC2406.INE,429.0,420.2,1089,-13.800000000000011,-0.010671049487230333,-0.010840870446397439,17115000.0,-800000.0,14.0
2021-06-08,SC2107.INE,444.4,448.6,437.2,443.0,443.7,442.8,447.7,-4.7,-4.0,96028,4261008.52,33260,-2931.0,22,0.7292527339003645,0.4209647002240251,18,SC2108.INE,439.9,440.4,28657,-3.1000000000000227,SC2107.INE,443.0,443.7,22,0.0,SC2406.INE,424.2,424.2,1088,-18.80000000000001,-0.01453080861768856,-0.014848147925714891,15099000.0,-2016000.0,14.0
2021-06-09,SC2107.INE,442.5,455.5,441.5,453.2,448.7,443.0,443.7,9.5,5.0,104789,4702268.35,39818,6558.0,21,0.7114951113525259,0.45238987922787643,18,SC2108.INE,449.6,445.8,30874,-3.599999999999966,SC2107.INE,453.2,448.7,21,0.0,SC2406.INE,424.2,424.2,1087,-29.0,-0.021910069565764557,-0.022642493211532114,14100000.0,-999000.0,14.0
2021-06-10,SC2107.INE,452.6,454.4,442.5,446.4,448.3,453.2,448.7,-2.3,-0.4,104666,4693082.28,31194,-8624.0,20,0.6932074072111691,0.40347677622133404,18,SC2108.INE,443.3,444.7,28987,-3.099999999999966,SC2107.INE,446.4,448.3,20,0.0,SC2406.INE,424.2,424.2,1086,-22.19999999999999,-0.01702803163267363,-0.01746602688726966,14100000.0,0.0,14.0
2021-06-11,SC2107.INE,450.1,454.0,439.2,453.5,449.3,446.4,448.3,5.2,1.0,119805,5383127.89,31443,249.0,19,0.6353478357710298,0.3951118371450113,18,SC2108.INE,450.6,446.3,29724,-2.8999999999999773,SC2107.INE,453.5,449.3,19,0.0,SC2406.INE,441.9,442.0,1085,-11.600000000000023,-0.008758230233476966,-0.008872190391886883,14100000.0,0.0,14.0
2021-06-15,SC2108.INE,455.0,459.2,449.4,452.1,453.8,450.6,446.3,5.8,7.5,34249,1554366.1,34949,5225.0,45,0.3703515468711139,0.42964975474226424,18,SC2107.INE,454.4,457.0,26885,2.2999999999999545,SC2107.INE,454.4,457.0,15,-2.2999999999999545,SC2406.INE,442.0,442.0,1081,-12.399999999999977,-0.009343702930528741,-0.009473559704665893,14100000.0,0.0,14.0
2021-06-16,SC2108.INE,455.9,464.4,454.1,461.3,459.6,452.1,453.8,7.5,5.8,75124,3453416.89,48582,13633.0,44,0.44673588563409095,0.5460799190692969,18,SC2107.INE,458.5,459.2,17225,-2.8000000000000114,SC2107.INE,458.5,459.2,14,2.8000000000000114,SC2406.INE,442.0,442.0,1080,-16.5,-0.012321973316201572,-0.012549155263480119,14100000.0,0.0,14.0
2021-06-17,SC2108.INE,460.8,463.2,454.3,457.9,458.6,461.3,459.6,-1.7,-1.0,128360,5887858.37,53444,4862.0,43,0.6602303296522424,0.6088264108815019,18,SC2109.INE,455.8,456.3,13152,-2.099999999999966,SC2107.INE,452.7,454.2,13,5.199999999999989,SC2406.INE,442.0,442.0,1079,-10.699999999999989,-0.00809298886688207,-0.008190165959604475,13150000.0,-950000.0,14.0
2021-06-18,SC2108.INE,457.0,460.6,441.7,442.4,449.9,457.9,458.6,-16.2,-8.7,183534,8258855.2,49096,-4348.0,42,0.7970209532081207,0.6306162817581628,18,SC2109.INE,441.0,448.6,13818,-1.3999999999999773,SC2107.INE,435.0,445.3,12,7.399999999999977,SC2406.INE,442.0,442.0,1078,7.0,0.005509909210497926,0.0054660465393903445,13150000.0,0.0,14.0
2021-06-21,SC2108.INE,440.8,457.6,440.7,451.8,450.2,442.4,449.9,1.9,0.3,138834,6250399.38,47093,-2003.0,39,0.8566615658011649,0.6216159136208239,18,SC2109.INE,450.3,448.9,13875,-1.5,SC2107.INE,445.6,440.2,9,6.199999999999989,SC2406.INE,448.8,448.8,1075,3.1999999999999886,0.002458897672804907,0.002450110640080173,13150000.0,0.0,14.0
2021-06-22,SC2108.INE,449.4,461.8,446.4,461.8,455.2,451.8,450.2,11.6,5.0,139253,6339340.32,49839,2746.0,38,0.8563513147861166,0.6369526876773254,18,SC2109.INE,459.8,453.4,14213,-2.0,SC2107.INE,453.2,450.2,8,8.600000000000023,SC2406.INE,448.8,448.8,1074,-4.399999999999977,-0.003324286416874623,-0.00334052894470742,13150000.0,0.0,14.0
2021-06-23,SC2108.INE,460.5,467.2,456.5,466.0,461.4,461.8,455.2,10.8,6.2,129946,5996514.11,54160,4321.0,37,0.8535713816524126,0.6515410340928229,18,SC2109.INE,463.7,459.9,14593,-2.3000000000000114,SC2107.INE,458.8,454.3,7,7.199999999999989,SC2406.INE,448.8,448.8,1073,-10.0,-0.0074629795322163645,-0.007545512506619251,13150000.0,0.0,14.0
2021-06-24,SC2108.INE,467.0,470.3,462.3,465.5,466.1,466.0,461.4,4.1,4.7,125224,5837315.5,52362,-1798.0,36,0.8565780383197324,0.6403022854836935,18,SC2109.INE,463.0,463.7,14875,-2.5,SC2107.INE,458.3,456.4,6,7.199999999999989,SC2406.INE,448.8,448.8,1072,-9.5,-0.007097565478751514,-0.007172160053382748,13098000.0,-52000.0,14.0
2021-06-25,SC2108.INE,460.3,471.4,460.2,466.3,466.2,465.5,466.1,0.2,0.1,136052,6343843.6,52741,379.0,35,0.8487230352709261,0.6291873449131513,18,SC2109.INE,464.6,464.1,16071,-1.6999999999999886,SC2107.INE,458.7,460.1,5,7.600000000000023,SC2406.INE,448.8,448.8,1071,-9.899999999999977,-0.0073899604519011355,-0.007470874576963883,13098000.0,0.0,14.0
2021-06-28,SC2108.INE,467.8,473.8,459.4,463.9,467.4,466.3,466.2,-2.3,1.2,165278,7725274.4,49168,-3573.0,32,0.8494089834515366,0.6027632369346949,18,SC2109.INE,463.0,465.3,16747,-0.8999999999999773,SC2107.INE,458.0,459.1,2,5.899999999999977,SC2406.INE,448.8,448.8,1068,-9.199999999999989,-0.006877934079979035,-0.006947953016491487,13098000.0,0.0,14.0
2021-06-29,SC2108.INE,465.9,466.1,455.2,456.3,459.9,463.9,467.4,-11.1,-7.5,127142,5848317.14,44781,-4387.0,31,0.8225635319082863,0.559720520960928,18,SC2109.INE,456.0,459.4,18433,-0.30000000000001137,SC2107.INE,447.9,446.5,1,8.400000000000034,SC2406.INE,448.8,448.8,1067,0.9000000000000341,0.0006880137326284311,0.0006873234176920571,13098000.0,0.0,14.0
2021-06-30,SC2108.INE,461.0,463.1,458.3,459.0,460.6,456.3,459.9,-0.9,0.7,89149,4107047.18,39989,-4792.0,30,0.7993920427542794,0.515747523730912,18,SC2109.INE,459.5,460.5,19981,0.5,SC2108.INE,459.0,460.6,30,0.0,SC2406.INE,448.8,448.8,1066,-10.199999999999989,-0.007829257829257802,-0.00791756021814803,13098000.0,0.0,14.0
2021-07-01,SC2108.INE,462.5,464.6,454.5,459.5,460.0,459.0,460.6,-1.1,-0.6,110784,5096812.77,38050,-1939.0,29,0.7192505210125497,0.488722770242499,17,SC2109.INE,461.6,461.6,21050,2.1000000000000227,SC2108.INE,459.5,460.0,29,0.0,SC2406.INE,448.8,448.8,1065,-10.699999999999989,-0.008204108040887139,-0.008301138483926768,13098000.0,0.0,14.0
2021-07-02,SC2108.INE,470.1,473.0,464.1,468.1,468.1,459.5,460.0,8.1,8.1,131311,6147916.27,38073,23.0,28,0.7303617017726335,0.4660040880772573,17,SC2109.INE,470.3,470.2,21965,2.1999999999999886,SC2108.INE,468.1,468.1,28,0.0,SC2406.INE,453.1,453.1,1064,-15.0,-0.011289786444667872,-0.011474633466235819,13098000.0,0.0,14.0
2021-07-05,SC2108.INE,469.2,472.4,464.6,471.6,468.0,468.1,468.1,3.5,-0.1,102514,4798374.08,38948,875.0,25,0.7106788309023349,0.45602285500187334,19,SC2109.INE,473.6,470.2,23246,2.0,SC2108.INE,471.6,468.0,25,0.0,SC2406.INE,457.5,457.5,1061,-14.100000000000023,-0.01053363887333355,-0.010694318186185879,13098000.0,0.0,14.0
2021-07-06,SC2108.INE,471.9,479.0,465.7,474.1,471.9,471.6,468.0,6.1,3.9,99543,4698095.95,38234,-714.0,24,0.7114432127618516,0.4445090334131653,19,SC2109.INE,476.3,474.6,24193,2.1999999999999886,SC2108.INE,474.1,471.9,24,0.0,SC2406.INE,468.0,465.5,1060,-6.100000000000023,-0.004533075878783571,-0.004562490836395265,13098000.0,0.0,14.0
2021-07-07,SC2108.INE,468.0,468.7,448.3,450.9,458.1,474.1,471.9,-21.0,-13.8,162057,7423971.22,33755,-4479.0,23,0.6454499832719973,0.39851008819050093,19,SC2109.INE,455.2,461.1,25448,4.300000000000011,SC2108.INE,450.9,458.1,23,0.0,SC2406.INE,465.5,465.5,1059,14.600000000000023,0.01140790062945753,0.011227100985405797,13098000.0,0.0,14.0
2021-07-08,SC2108.INE,450.9,453.3,437.2,438.9,443.5,450.9,458.1,-19.2,-14.6,148715,6596316.0,33401,-354.0,22,0.6610290032225803,0.3888811270229363,19,SC2109.INE,443.2,447.6,26248,4.300000000000011,SC2108.INE,438.9,443.5,22,0.0,SC2406.INE,437.0,441.9,1058,-1.8999999999999773,-0.0015251800966086554,-0.001528490910703009,13098000.0,0.0,14.0
2021-07-09,SC2108.INE,439.9,446.7,436.1,444.6,441.2,438.9,443.5,1.1,-2.3,120023,5295822.3,32248,-1153.0,21,0.6478624635647199,0.37464130952519253,19,SC2109.INE,450.0,445.9,25900,5.399999999999977,SC2108.INE,444.6,441.2,21,0.0,SC2406.INE,441.9,441.9,1057,-2.7000000000000455,-0.0021395745079956004,-0.0021460976144707963,13098000.0,0.0,14.0
2021-07-12,SC2108.INE,447.0,454.6,447.0,448.6,450.6,444.6,441.2,7.4,9.4,80511,3628339.32,28577,-3671.0,18,0.6146253206302675,0.3466652109566441,19,SC2109.INE,452.0,454.4,25463,3.3999999999999773,SC2108.INE,448.6,450.6,18,0.0,SC2406.INE,441.9,441.9,1054,-6.7000000000000455,-0.005261973329293899,-0.005301663737003866,13098000.0,0.0,14.0
2021-07-13,SC2108.INE,444.6,455.6,444.6,454.7,450.5,448.6,450.6,4.1,-0.1,67119,3023744.13,26277,-2300.0,17,0.5939944776806259,0.32761888138044537,19,SC2109.INE,458.9,454.6,25853,4.199999999999989,SC2108.INE,454.7,450.5,17,0.0,SC2406.INE,441.9,441.9,1053,-12.800000000000011,-0.009917863447663329,-0.010060135881668708,12100000.0,-998000.0,14.0
2021-07-14,SC2109.INE,456.6,467.8,456.0,466.8,462.7,458.9,454.6,12.2,8.1,51973,2405307.74,27181,1328.0,48,0.36183321962154863,0.34403280721961343,19,SC2108.INE,460.9,457.1,22738,-5.900000000000034,SC2108.INE,460.9,457.1,16,5.900000000000034,SC2406.INE,455.0,455.0,1052,-5.899999999999977,-0.004510019426487187,-0.004539134636160158,12100000.0,0.0,14.0
2021-07-15,SC2109.INE,466.9,467.7,443.5,444.9,454.5,466.8,462.7,-17.8,-8.2,90684,4122207.76,31046,3865.0,47,0.40919612842091013,0.3764155289895487,19,SC2108.INE,439.3,449.7,19616,-5.599999999999966,SC2108.INE,439.3,449.7,15,5.599999999999966,SC2406.INE,455.0,455.0,1051,15.699999999999989,0.01259132860544196,0.012371550973710451,12100000.0,0.0,14.0
2021-07-16,SC2109.INE,444.6,449.6,436.8,438.0,443.2,444.9,454.5,-16.5,-11.3,76225,3378662.54,35766,4720.0,46,0.4205099631484873,0.40568959063531496,19,SC2108.INE,434.0,438.5,18713,-4.0,SC2108.INE,434.0,438.5,14,4.0,SC2406.INE,444.7,444.7,1050,10.699999999999989,0.008686146646976096,0.00858079888699779,12100000.0,0.0,14.0
2021-07-19,SC2109.INE,442.0,442.8,430.4,435.1,436.9,438.0,443.2,-8.1,-6.3,116177,5076003.74,37817,2051.0,43,0.5519438255094139,0.45556064183491546,19,SC2110.INE,437.6,439.3,17536,2.5,SC2108.INE,427.9,432.1,11,7.2000000000000455,SC2406.INE,444.7,444.7,1047,16.80000000000001,0.013832481698805651,0.01356784415469701,12100000.0,0.0,14.0
2021-07-20,SC2109.INE,425.1,426.0,409.8,414.5,417.2,435.1,436.9,-22.4,-19.7,208812,8713642.02,46327,8510.0,42,0.771010490013994,0.5246961820302856,19,SC2110.INE,417.2,420.0,18592,2.6999999999999886,SC2108.INE,406.6,412.5,10,7.899999999999977,SC2406.INE,416.1,419.7,1046,9.5,0.008231696315808485,0.00813700376452416,12100000.0,0.0,14.0
2021-07-21,SC2109.INE,408.1,418.1,407.2,413.1,413.3,414.5,417.2,-4.1,-3.9,158550,6554149.81,47372,1045.0,41,0.858809637301209,0.5275807152164471,19,SC2110.INE,415.8,415.5,18873,2.6999999999999886,SC2108.INE,406.7,404.7,9,6.400000000000034,SC2406.INE,416.2,416.2,1045,9.5,0.008229672294093236,0.00813502594779888,13118000.0,1018000.0,14.0
2021-07-22,SC2109.INE,420.0,427.5,418.5,426.4,424.0,413.1,413.3,13.1,10.7,134824,5717441.7,42553,-4819.0,40,0.8577354217296705,0.5039913776767102,19,SC2110.INE,428.1,426.1,18332,1.7000000000000455,SC2108.INE,417.7,415.3,8,8.699999999999989,SC2406.INE,421.3,421.3,1044,3.6000000000000227,0.0030364849613114474,0.003023474498911288,12491000.0,-627000.0,14.0
2021-07-23,SC2109.INE,426.8,440.6,426.7,436.6,434.7,426.4,424.0,12.6,10.7,126069,5481112.15,37300,-5253.0,39,0.7455821820590461,0.46130253036186897,19,SC2110.INE,441.0,437.5,20011,4.399999999999977,SC2108.INE,429.1,424.4,7,7.5,SC2406.INE,434.2,432.6,1043,5.099999999999966,0.004187403103739605,0.004162714177654465,12491000.0,0.0,14.0
2021-07-26,SC2109.INE,437.8,444.4,436.2,439.2,439.9,436.6,434.7,4.5,5.2,109932,4836247.5,36271,-1029.0,36,0.7439298378583222,0.45100282257563135,19,SC2110.INE,442.3,443.3,20592,3.1000000000000227,SC2108.INE,430.9,433.1,4,8.300000000000011,SC2406.INE,435.0,435.0,1040,4.100000000000023,0.0033522814330426503,0.0033364334559995343,12491000.0,0.0,14.0
2021-07-27,SC2109.INE,442.4,452.2,442.3,446.0,447.0,439.2,439.9,6.1,7.1,109300,4886801.55,35010,-1261.0,35,0.7476315879476042,0.4403718192223997,19,SC2110.INE,448.3,450.1,20117,2.3000000000000114,SC2108.INE,437.7,440.0,3,8.300000000000011,SC2406.INE,435.0,435.0,1039,-2.6999999999999886,-0.002173303235674714,-0.0021800340583787835,12491000.0,0.0,14.0
2021-07-28,SC2109.INE,447.7,454.1,442.8,450.5,448.5,446.0,447.0,3.5,1.5,101602,4557707.26,35319,309.0,34,0.755579352861998,0.45447409733124017,19,SC2110.INE,452.5,451.0,20583,2.0,SC2108.INE,443.6,443.7,2,6.899999999999977,SC2406.INE,440.1,440.1,1038,-3.5,-0.0027797748153924958,-0.0027907990401502773,12491000.0,0.0,14.0
2021-07-29,SC2109.INE,452.0,453.9,448.6,452.9,451.2,450.5,448.5,4.4,2.7,76901,3470112.24,34708,-611.0,33,0.7928101610342482,0.44346203971073006,19,SC2110.INE,454.6,452.9,21452,1.7000000000000455,SC2108.INE,445.5,443.5,1,7.399999999999977,SC2406.INE,445.1,446.0,1037,-0.39999999999997726,-0.00031633364966695025,-0.000316475747591866,12491000.0,0.0,14.0
2021-07-30,SC2109.INE,452.9,458.6,449.6,452.2,454.3,452.9,451.2,1.0,3.1,91374,4151256.15,32083,-2625.0,32,0.8034927585933996,0.41862498205874293,19,SC2110.INE,455.1,455.7,22411,2.900000000000034,SC2109.INE,452.2,454.3,32,0.0,SC2406.INE,450.2,450.2,1036,-2.0,-0.0016078983491068966,-0.0016114645921331992,12491000.0,0.0,14.0
2021-08-02,SC2109.INE,454.0,460.4,443.8,449.3,452.2,452.2,454.3,-5.0,-2.1,109173,4937644.67,30955,-1128.0,29,0.7531198046371093,0.4070883745397159,18,SC2110.INE,451.7,453.7,22878,2.3999999999999773,SC2109.INE,449.3,452.2,29,0.0,SC2406.INE,449.7,449.7,1033,0.39999999999997726,0.0003236553008974523,0.00032351131543806164,12491000.0,0.0,14.0
2021-08-03,SC2109.INE,449.0,452.4,434.6,435.2,441.8,449.3,452.2,-17.0,-10.4,121153,5353183.17,31751,796.0,28,0.7531720720888739,0.40002267773676187,18,SC2110.INE,437.9,443.9,24684,2.6999999999999886,SC2109.INE,435.2,441.8,28,0.0,SC2406.INE,442.0,442.0,1032,6.800000000000011,0.005680403386454183,0.005636482156999321,12491000.0,0.0,14.0
2021-08-04,SC2109.INE,427.4,436.6,424.4,436.4,432.0,435.2,441.8,-5.4,-9.8,130443,5635980.71,31769,18.0,27,0.7460664260671124,0.398807431584233,18,SC2110.INE,438.2,434.7,25273,1.8000000000000114,SC2109.INE,436.4,432.0,27,0.0,SC2406.INE,432.6,432.6,1031,-3.7999999999999545,-0.003165614352854362,-0.0031794773511796856,12491000.0,0.0,14.0
2021-08-05,SC2109.INE,429.7,433.4,420.3,421.4,428.6,436.4,432.0,-10.6,-3.4,142491,6107669.11,33681,1912.0,26,0.7488648069120646,0.4012843577615479,18,SC2110.INE,423.7,430.4,27051,2.3000000000000114,SC2109.INE,421.4,428.6,26,0.0,SC2406.INE,427.1,429.1,1030,5.7000000000000455,0.00491744460222708,0.004884483978312996,12491000.0,0.0,14.0
2021-08-06,SC2109.INE,424.4,435.6,422.5,433.2,428.5,421.4,428.6,4.6,-0.1,96168,4121044.07,29969,-3712.0,25,0.715604932024675,0.3724939407121994,18,SC2110.INE,435.1,430.9,26531,1.900000000000034,SC2109.INE,433.2,428.5,25,0.0,SC2406.INE,432.4,432.4,1029,-0.8000000000000114,-0.0006713680826095369,-0.0006719887620025352,12491000.0,0.0,14.0
2021-08-09,SC2109.INE,435.6,439.1,415.7,418.6,426.4,433.2,428.5,-9.9,-2.1,146352,6241334.63,31376,1407.0,22,0.7097368650766709,0.36795628056431845,18,SC2110.INE,419.9,426.9,30120,1.2999999999999545,SC2109.INE,418.6,426.4,22,0.0,SC2406.INE,428.2,428.2,1026,9.599999999999966,0.008337410034967591,0.008243243667773186,12491000.0,0.0,14.0
2021-08-10,SC2110.INE,415.8,427.0,415.5,426.5,420.3,419.9,426.9,-0.4,-6.6,45639,1918330.47,31707,1587.0,44,0.27912907862144887,0.36930011530801216,18,SC2109.INE,424.4,417.7,29463,-2.1000000000000227,SC2109.INE,424.4,417.7,21,2.1000000000000227,SC2406.INE,428.2,428.2,1025,3.8000000000000114,0.003255122769994516,0.0032406362915840385,12491000.0,0.0,14.0
2021-08-11,SC2110.INE,425.3,434.6,424.0,434.6,430.5,426.5,420.3,14.3,10.2,51330,2210245.72,30635,-1072.0,43,0.3211537258336983,0.36634219841193916,18,SC2109.INE,433.2,429.8,26737,-1.400000000000034,SC2109.INE,433.2,429.8,20,1.400000000000034,SC2406.INE,428.2,428.2,1024,-5.0,-0.004196050516309647,-0.004220453908871903,12491000.0,0.0,14.0
2021-08-12,SC2110.INE,427.5,436.6,424.1,432.0,429.8,434.6,430.5,1.5,-0.7,57430,2468635.33,30653,18.0,42,0.32408060538685957,0.3701382599770573,18,SC2109.INE,431.4,428.7,25824,-0.6000000000000227,SC2109.INE,431.4,428.7,19,0.6000000000000227,SC2406.INE,428.2,428.2,1023,-3.1999999999999886,-0.0026966773610241426,-0.002706728682079536,11491000.0,-1000000.0,14.0
2021-08-13,SC2110.INE,431.1,435.5,426.7,430.0,431.9,432.0,429.8,0.2,2.1,56224,2428481.42,32525,1872.0,41,0.3937337619137657,0.38935309327714995,18,SC2109.INE,429.1,431.4,24512,-0.8999999999999773,SC2109.INE,429.1,431.4,18,0.8999999999999773,SC2406.INE,428.2,428.2,1022,-0.9000000000000341,-0.0007625057913301604,-0.0007633065560680119,11491000.0,0.0,14.0
2021-08-16,SC2110.INE,432.5,435.7,422.7,424.3,429.3,430.0,431.9,-7.6,-2.6,63899,2743535.59,35512,2987.0,38,0.44924000618681365,0.4181719695720779,18,SC2109.INE,423.9,428.6,23242,-0.4000000000000341,SC2109.INE,423.9,428.6,15,0.4000000000000341,SC2406.INE,428.2,428.2,1019,4.300000000000011,0.0036877730878796763,0.0036691944182287986,11491000.0,0.0,14.0
2021-08-17,SC2110.INE,420.1,426.4,416.8,419.9,421.9,424.3,429.3,-9.4,-7.4,83266,3513299.86,36138,626.0,37,0.5483618163258586,0.44418496029892574,18,SC2109.INE,422.0,422.0,18375,2.1000000000000227,SC2109.INE,422.0,422.0,14,-2.1000000000000227,SC2406.INE,428.2,428.2,1018,6.199999999999989,0.005341194463850713,0.005302338320361782,11491000.0,0.0,14.0
2021-08-18,SC2110.INE,420.9,426.0,416.6,422.5,421.6,419.9,421.9,0.6,-0.3,113908,4803104.09,38394,2256.0,36,0.7366964170223774,0.49223076923076925,18,SC2111.INE,422.7,421.3,15079,0.19999999999998863,SC2109.INE,426.4,424.0,13,-3.8999999999999773,SC2406.INE,428.2,428.2,1017,1.8000000000000114,0.0015346680818937959,0.001531437954124373,11491000.0,0.0,14.0
2021-08-19,SC2110.INE,423.4,424.4,405.3,405.9,414.3,422.5,421.6,-15.7,-7.3,166260,6889730.45,45183,6789.0,35,0.8259683741448947,0.5563381148802561,18,SC2111.INE,406.8,413.8,14865,0.9000000000000341,SC2109.INE,410.6,420.2,12,-4.7000000000000455,SC2406.INE,416.1,416.5,1016,5.5,0.004869707725357685,0.0048373811379310355,11491000.0,0.0,14.0
2021-08-20,SC2110.INE,402.6,406.1,398.1,405.3,402.3,405.9,414.3,-9.0,-12.0,155592,6260524.61,45308,125.0,34,0.8782371136348243,0.5580077836346619,18,SC2111.INE,405.4,403.4,15667,0.0999999999999659,SC2109.INE,410.0,409.2,11,-4.699999999999989,SC2406.INE,403.0,403.5,1015,-7.0,-0.00620687979788165,-0.006260476274262689,9250000.0,-2241000.0,14.0
2021-08-23,SC2110.INE,397.3,409.1,395.2,405.5,401.0,405.3,402.3,3.2,-1.3,155518,6236980.42,44767,-541.0,31,0.860870624183513,0.5534511108089063,18,SC2111.INE,405.1,401.8,16329,-0.39999999999997726,SC2109.INE,407.4,404.9,8,-1.8999999999999773,SC2406.INE,403.5,403.5,1012,-3.8999999999999773,-0.0034801882308761883,-0.0034969530579543836,9250000.0,0.0,14.0
2021-08-24,SC2110.INE,410.0,425.4,408.8,422.6,417.7,405.5,401.0,21.6,16.7,148972,6223381.46,40921,-3846.0,30,0.8204749735636235,0.5197769535616299,19,SC2111.INE,420.2,416.9,17058,-2.400000000000034,SC2109.INE,424.7,414.4,7,-2.099999999999966,SC2406.INE,418.8,418.8,1011,-5.899999999999977,-0.0050504363520722595,-0.005085845406213068,9250000.0,0.0,14.0
2021-08-25,SC2110.INE,425.6,433.0,423.7,429.5,429.0,422.6,417.7,11.8,11.3,118644,5090774.66,37567,-3354.0,29,0.814582904222451,0.5067855601122383,19,SC2111.INE,426.6,425.9,17821,-2.8999999999999773,SC2109.INE,430.7,427.7,6,-1.1999999999999886,SC2406.INE,418.8,418.8,1010,-11.899999999999977,-0.010044567492740875,-0.010185940506219428,9250000.0,0.0,14.0
2021-08-26,SC2110.INE,433.9,435.5,429.3,432.7,432.5,429.5,429.0,3.7,3.5,113911,4926711.97,32844,-4723.0,28,0.7978972289933036,0.4869962338008956,19,SC2111.INE,431.1,430.2,16454,-1.599999999999966,SC2109.INE,434.0,434.0,5,-1.3000000000000114,SC2406.INE,418.8,418.8,1009,-15.199999999999989,-0.012732480217379341,-0.01296079194518768,9250000.0,0.0,14.0
2021-08-27,SC2110.INE,432.5,440.3,427.2,438.2,433.1,432.7,432.5,5.7,0.6,132826,5753545.56,33296,452.0,27,0.7944138755980861,0.4912436005252364,19,SC2111.INE,436.2,431.9,16688,-2.0,SC2109.INE,435.0,434.3,4,3.1999999999999886,SC2406.INE,423.8,423.8,1008,-11.199999999999989,-0.009360260108989315,-0.009482869141321865,9250000.0,0.0,14.0
2021-08-30,SC2110.INE,440.7,441.5,436.5,438.3,438.8,438.2,433.1,5.2,5.7,110363,4843039.86,32351,-945.0,24,0.7873061393371286,0.480505592110149,19,SC2111.INE,436.3,436.7,17244,-2.0,SC2109.INE,434.3,434.3,1,4.0,SC2406.INE,423.8,423.8,1005,-10.5,-0.008789387694444399,-0.00889738167619598,9250000.0,0.0,14.0
2021-08-31,SC2110.INE,440.6,442.6,436.6,440.8,439.7,438.3,438.8,2.0,0.9,87416,3844036.49,32426,75.0,23,0.7579509589706239,0.4763065895002791,19,SC2111.INE,438.8,437.6,17819,-2.0,SC2110.INE,440.8,439.7,23,0.0,SC2406.INE,423.0,423.0,1004,-17.80000000000001,-0.015024577683796145,-0.01533635449463384,9250000.0,0.0,14.0
2021-09-01,SC2110.INE,438.3,446.7,436.3,446.5,440.3,440.8,439.7,6.8,0.6,101038,4449476.85,35403,2977.0,22,0.7155057643826304,0.5265952699687639,18,SC2111.INE,444.0,438.7,19348,-2.5,SC2110.INE,446.5,440.3,22,0.0,SC2406.INE,424.6,432.6,1003,-21.899999999999977,-0.018249312525897975,-0.018712054671050204,9250000.0,0.0,14.0
2021-09-02,SC2110.INE,444.9,445.2,434.0,444.8,438.9,446.5,440.3,4.5,-1.4,139100,6105511.15,33063,-2340.0,21,0.7201395755784155,0.4926247094582514,18,SC2111.INE,443.3,437.2,21501,-1.5,SC2110.INE,444.8,438.9,21,0.0,SC2406.INE,432.6,432.6,1002,-12.199999999999989,-0.010205138641380472,-0.010347705134919664,9250000.0,0.0,14.0
2021-09-03,SC2110.INE,448.8,458.8,448.6,456.0,455.7,444.8,438.9,17.1,16.8,102423,4668286.81,30510,-2553.0,20,0.6768144002220299,0.4511244843341071,18,SC2111.INE,452.9,453.5,24397,-3.1000000000000227,SC2110.INE,456.0,455.7,20,0.0,SC2406.INE,433.0,433.0,1001,-23.0,-0.018766654148112377,-0.019256477830623977,8942000.0,-308000.0,14.0
2021-09-06,SC2110.INE,458.8,459.5,445.3,447.5,451.6,456.0,455.7,-8.2,-4.1,90290,4078330.73,27223,-3287.0,17,0.6492087117208453,0.40378824960322757,18,SC2111.INE,443.9,447.9,26096,-3.6000000000000227,SC2110.INE,447.5,451.6,17,0.0,SC2406.INE,433.0,433.0,998,-14.5,-0.012055877311374218,-0.01225552043326543,8942000.0,0.0,14.0
2021-09-07,SC2111.INE,448.6,452.8,446.5,451.6,450.4,443.9,447.9,3.7,2.5,36709,1653411.89,29012,2916.0,52,0.3208043485860104,0.4303365619947491,18,SC2110.INE,456.9,454.3,24270,5.2999999999999545,SC2110.INE,456.9,454.3,16,-5.2999999999999545,SC2406.INE,433.0,433.0,997,-23.899999999999977,-0.01946258848076239,-0.019990101434106632,8942000.0,0.0,14.0
2021-09-08,SC2111.INE,446.8,449.5,442.9,448.5,446.0,451.6,450.4,-1.9,-4.4,62981,2809104.79,32196,3184.0,51,0.4070906857992373,0.4926325453293551,18,SC2110.INE,453.8,451.0,17642,5.300000000000011,SC2110.INE,453.8,451.0,15,-5.300000000000011,SC2406.INE,433.0,433.0,996,-20.80000000000001,-0.017053860277848547,-0.017457062370322945,8942000.0,0.0,14.0
2021-09-09,SC2111.INE,452.1,454.9,448.0,451.4,451.3,448.5,446.0,5.4,5.3,74429,3359708.35,37206,5010.0,50,0.5877396632869011,0.5784245137820064,18,SC2112.INE,449.4,448.3,11455,-2.0,SC2110.INE,457.1,454.7,14,-5.7000000000000455,SC2406.INE,433.0,433.0,995,-24.100000000000023,-0.019616868388241178,-0.020152932647656722,8942000.0,0.0,14.0
2021-09-10,SC2111.INE,447.0,452.5,439.2,447.3,445.5,451.4,451.3,-4.0,-5.8,156877,6988901.49,37084,-122.0,49,0.8308195019648135,0.6041805829355317,18,SC2112.INE,444.6,442.3,11527,-2.6999999999999886,SC2110.INE,456.0,453.5,13,-8.699999999999989,SC2406.INE,433.0,433.0,994,-23.0,-0.018766654148112377,-0.019256477830623977,7942000.0,-1000000.0,14.0
2021-09-13,SC2111.INE,452.1,462.0,451.5,460.0,456.0,447.3,445.5,14.5,10.5,108744,4959091.3,42007,4923.0,46,0.8388281213841621,0.6346043448046651,18,SC2112.INE,456.5,452.6,12072,-3.5,SC2110.INE,462.6,462.1,10,-2.6000000000000227,SC2406.INE,433.0,433.0,991,-29.600000000000023,-0.02380728876760481,-0.0246030916973699,7942000.0,0.0,14.0
2021-09-14,SC2111.INE,461.6,467.0,457.5,464.1,461.7,460.0,456.0,8.1,5.7,95163,4393749.92,42630,623.0,45,0.8851301703049864,0.6375914210077623,18,SC2112.INE,459.8,458.1,12183,-4.300000000000011,SC2110.INE,462.9,463.3,9,1.2000000000000455,SC2406.INE,433.0,433.0,990,-29.899999999999977,-0.024032993257725236,-0.024844303580711782,7612000.0,-330000.0,14.0
2021-09-15,SC2111.INE,465.6,468.8,458.0,467.3,463.3,464.1,461.7,5.6,1.6,94766,4390780.6,42409,-221.0,44,0.8585432143504258,0.6347607429914236,18,SC2112.INE,461.7,459.4,13471,-5.600000000000023,SC2110.INE,461.2,463.8,8,6.100000000000023,SC2406.INE,433.0,433.0,989,-28.19999999999999,-0.022750118690505566,-0.02347536395844155,7612000.0,0.0,14.0
2021-09-16,SC2111.INE,471.8,483.9,471.3,473.7,478.4,467.3,463.3,10.4,15.1,138888,6644900.27,39284,-3125.0,43,0.8514676671816376,0.6234269119070668,19,SC2112.INE,468.3,472.3,14119,-5.399999999999977,SC2110.INE,473.7,468.2,7,0.0,SC2409.INE,450.6,450.6,1079,-23.099999999999966,-0.01660376868034746,-0.017022272765876985,7612000.0,0.0,14.0
2021-09-17,SC2111.INE,471.7,478.2,468.0,474.6,472.6,473.7,478.4,-3.8,-5.8,93153,4402638.53,37058,-2226.0,42,0.8710772395735926,0.6297561390092616,19,SC2112.INE,469.5,467.4,13961,-5.100000000000023,SC2110.INE,471.1,474.3,6,3.5,SC2409.INE,450.6,450.6,1078,-20.5,-0.01481626837157873,-0.015148302764333706,7612000.0,0.0,14.0
2021-09-22,SC2111.INE,468.9,476.4,467.5,473.9,471.6,474.6,472.6,1.3,-1.0,45127,2128503.37,37467,409.0,37,0.8311140578669172,0.6410423118380755,19,SC2112.INE,469.1,466.6,14349,-4.7999999999999545,SC2110.INE,467.1,471.0,1,6.7999999999999545,SC2409.INE,448.8,448.8,1073,-18.30000000000001,-0.013339492326421835,-0.013607831020844358,7612000.0,0.0,14.0
2021-09-23,SC2111.INE,473.3,482.7,472.1,479.4,477.0,473.9,471.6,7.8,5.4,92809,4427217.75,37624,157.0,36,0.8630665649933974,0.6424863387978142,19,SC2112.INE,475.8,473.1,14258,-3.599999999999966,SC2111.INE,479.4,477.0,36,0.0,SC2409.INE,452.3,449.6,1072,-27.099999999999966,-0.019916103301585115,-0.020501178198375998,7612000.0,0.0,14.0
2021-09-24,SC2111.INE,479.6,490.8,477.1,488.6,484.8,479.4,477.0,11.6,7.8,113626,5509528.13,39349,1725.0,35,0.8499977558012538,0.6470810721920737,18,SC2112.INE,484.1,480.2,14950,-4.5,SC2111.INE,488.6,484.8,35,0.0,SC2409.INE,454.0,452.5,1071,-34.60000000000002,-0.02494914948865013,-0.025876583673297926,6912000.0,-700000.0,14.0
2021-09-27,SC2111.INE,486.4,501.1,483.8,494.5,492.2,488.6,484.8,9.7,7.4,114256,5624122.69,36651,-2698.0,32,0.8210346289549515,0.6130262431632295,18,SC2112.INE,491.0,489.3,16192,-3.5,SC2111.INE,494.5,492.2,32,0.0,SC2409.INE,459.9,459.9,1068,-34.60000000000002,-0.024651475106480195,-0.025556368657011972,6057000.0,-855000.0,14.0
2021-09-28,SC2111.INE,497.7,509.4,496.3,507.6,501.9,494.5,492.2,15.4,9.7,112029,5623581.48,36812,161.0,31,0.804147465437788,0.5879947608855381,18,SC2112.INE,503.8,498.5,18162,-3.8000000000000114,SC2111.INE,507.6,501.9,31,0.0,SC2409.INE,464.0,458.0,1067,-43.60000000000002,-0.030262024942876012,-0.03164126642770437,6057000.0,0.0,14.0
2021-09-29,SC2111.INE,505.0,508.1,486.0,489.2,496.5,507.6,501.9,-12.7,-5.4,128645,6387944.81,28455,-8357.0,30,0.7938403248299949,0.5136652465882013,18,SC2112.INE,487.8,493.5,18756,-1.3999999999999773,SC2111.INE,489.2,496.5,30,0.0,SC2409.INE,455.0,455.0,1066,-34.19999999999999,-0.02463047383325388,-0.02553378810294827,6057000.0,0.0,14.0
2021-09-30,SC2111.INE,493.2,500.6,491.1,494.6,495.7,489.2,496.5,-1.9,-0.8,88967,4410152.82,22563,-5892.0,29,0.7784184369859658,0.46291623068874255,18,SC2112.INE,492.9,493.3,17903,-1.7000000000000455,SC2111.INE,494.6,495.7,29,0.0,SC2409.INE,455.0,455.0,1065,-39.60000000000002,-0.02820812262785576,-0.02940150259630636,6057000.0,0.0,14.0
2021-10-08,SC2111.INE,523.2,529.8,522.1,528.1,526.9,494.6,495.7,32.4,31.2,50004,2634791.99,26109,3546.0,21,0.6696037601939018,0.47627647348547036,18,SC2112.INE,526.2,524.0,19522,-1.8999999999999773,SC2111.INE,528.1,526.9,21,0.0,SC2409.INE,470.0,469.4,1057,-58.10000000000002,-0.038760830514286325,-0.041063544621820366,6057000.0,0.0,14.0
2021-10-11,SC2111.INE,524.4,532.6,519.9,530.0,526.9,528.1,526.9,3.1,0.0,92557,4877157.91,24685,-1424.0,18,0.6911313386250103,0.4268767184879036,18,SC2112.INE,527.9,526.1,23250,-2.1000000000000227,SC2111.INE,530.0,526.9,18,0.0,SC2409.INE,474.2,474.2,1054,-55.80000000000001,-0.03709295548918192,-0.03919445850764942,6057000.0,0.0,14.0
2021-10-12,SC2112.INE,531.0,532.8,525.8,528.2,529.8,527.9,526.1,2.1,3.7,31801,1685027.45,25189,1939.0,49,0.28316385589371895,0.4319619981822235,18,SC2111.INE,529.5,531.3,22343,1.2999999999999545,SC2111.INE,529.5,531.3,17,-1.2999999999999545,SC2409.INE,484.4,484.4,1053,-45.10000000000002,-0.03000845847871344,-0.03136398260359194,6057000.0,0.0,14.0
2021-10-13,SC2112.INE,528.0,534.0,521.2,525.7,527.4,528.2,529.8,-4.1,-2.4,54592,2879245.22,27317,2128.0,48,0.3193990206001603,0.4875858991521642,18,SC2111.INE,524.0,528.0,16460,-1.7000000000000455,SC2111.INE,524.0,528.0,16,1.7000000000000455,SC2409.INE,484.4,484.4,1052,-39.60000000000002,-0.02662545315217074,-0.027685275593019646,6057000.0,0.0,14.0
2021-10-14,SC2112.INE,523.7,530.4,516.7,529.5,523.5,525.7,527.4,2.1,-3.9,53364,2793873.35,29908,2591.0,47,0.40745208826448803,0.5350938400157443,18,SC2111.INE,526.5,520.6,12804,-3.0,SC2111.INE,526.5,520.6,15,3.0,SC2409.INE,484.4,484.4,1051,-42.10000000000002,-0.028171944838611525,-0.029362178341417924,6057000.0,0.0,14.0
2021-10-15,SC2112.INE,531.0,536.2,524.0,534.5,530.5,529.5,523.5,11.0,7.0,73957,3923443.47,36039,6131.0,46,0.5267967803974642,0.6011409317609381,18,SC2111.INE,529.2,525.2,9371,-5.2999999999999545,SC2111.INE,529.2,525.2,14,5.2999999999999545,SC2409.INE,484.4,484.4,1050,-44.80000000000007,-0.029825744111458434,-0.03116431322884189,6057000.0,0.0,14.0
2021-10-18,SC2112.INE,535.0,546.5,529.3,543.0,537.9,534.5,530.5,12.5,7.4,110532,5946171.42,43018,6979.0,43,0.704303610342938,0.665645405873797,18,SC2201.INE,539.0,535.4,10825,-4.0,SC2111.INE,537.9,534.1,11,5.100000000000023,SC2409.INE,484.4,484.4,1047,-53.5,-0.035041714489567256,-0.03690927125877876,6057000.0,0.0,14.0
2021-10-19,SC2112.INE,542.9,544.1,526.3,530.4,533.1,543.0,537.9,-7.5,-4.8,117269,6252391.01,40699,-2319.0,42,0.7756245328818133,0.6406365596814053,18,SC2201.INE,527.2,529.8,13207,-3.199999999999932,SC2111.INE,532.2,530.2,10,-1.8000000000000682,SC2409.INE,484.4,484.4,1046,-47.80000000000007,-0.03164361817123941,-0.03315593301698638,6057000.0,0.0,14.0
2021-10-20,SC2112.INE,529.3,530.7,521.4,524.4,526.1,530.4,533.1,-8.7,-7.0,118380,6228839.7,35789,-4910.0,41,0.8421786517173672,0.6189726738152889,18,SC2201.INE,521.5,522.3,12885,-2.8999999999999773,SC2111.INE,523.7,530.1,9,0.6999999999999318,SC2409.INE,479.0,479.0,1045,-44.700000000000045,-0.030071705410639936,-0.031433124917183676,6057000.0,0.0,14.0
2021-10-21,SC2112.INE,523.0,539.5,519.5,529.8,530.6,524.4,526.1,3.7,4.5,110284,5852142.44,34766,-1023.0,40,0.8378205907378146,0.6144248272449322,18,SC2201.INE,526.0,527.1,12443,-3.7999999999999545,SC2111.INE,530.5,531.4,8,-0.7000000000000455,SC2409.INE,480.7,481.3,1044,-49.80000000000001,-0.03307326445874985,-0.034730166844840565,6057000.0,0.0,14.0
2021-10-22,SC2112.INE,528.0,533.3,517.6,520.2,524.8,529.8,530.6,-10.4,-5.8,162178,8511295.11,30151,-4615.0,39,0.8560238579082103,0.594494942524203,18,SC2201.INE,519.1,522.5,11100,-1.1000000000000227,SC2111.INE,519.4,528.2,7,0.8000000000000682,SC2409.INE,474.1,480.9,1043,-45.299999999999955,-0.0307276512994649,-0.03215101419112933,6057000.0,0.0,14.0
2021-10-25,SC2112.INE,529.4,537.3,523.4,533.2,529.6,520.2,524.8,8.4,4.8,121021,6410041.17,32846,2695.0,36,0.8390834084448451,0.6018175821759684,18,SC2201.INE,529.8,527.6,11593,-3.400000000000091,SC2111.INE,527.7,527.6,4,5.5,SC2409.INE,480.9,479.4,1040,-46.80000000000007,-0.031245815782484396,-0.03271914684046521,6057000.0,0.0,14.0
2021-10-26,SC2112.INE,536.2,537.8,530.5,531.6,534.2,533.2,529.6,2.0,4.6,100638,5376105.48,31922,-924.0,35,0.812967016988311,0.5957708889345104,18,SC2201.INE,529.5,531.8,12547,-2.1000000000000227,SC2111.INE,528.9,527.7,3,2.7000000000000455,SC2409.INE,479.4,479.4,1039,-49.5,-0.03297347667739048,-0.034620058365011926,6057000.0,0.0,14.0
2021-10-27,SC2112.INE,535.5,535.6,527.1,528.3,531.7,531.6,534.2,-5.9,-2.5,113594,6040857.2,29929,-1993.0,34,0.8134716881145222,0.5778803266976887,20,SC2201.INE,527.0,529.8,12299,-1.2999999999999545,SC2111.INE,523.6,523.0,2,4.699999999999932,SC2409.INE,479.4,479.4,1038,-44.200000000000045,-0.029741011883869056,-0.031071756653420133,6057000.0,0.0,14.0
2021-10-28,SC2112.INE,528.2,531.4,505.5,517.5,520.4,528.3,531.7,-14.2,-11.3,199525,10385096.55,31403,1474.0,33,0.7725681672100425,0.5512199403194664,20,SC2201.INE,517.1,517.0,15988,-0.39999999999997726,SC2111.INE,500.0,510.6,1,17.5,SC2409.INE,471.1,471.1,1037,-28.899999999999977,-0.020363899613899603,-0.02097612465387224,6057000.0,0.0,14.0
2021-10-29,SC2112.INE,517.0,526.5,512.7,525.5,519.3,517.5,520.4,5.1,-1.1,122257,6349579.15,29943,-1460.0,32,0.7785879865498267,0.5250118352532744,20,SC2201.INE,524.2,519.9,17090,-1.2999999999999545,SC2112.INE,525.5,519.3,32,0.0,SC2409.INE,471.1,471.1,1036,-54.39999999999998,-0.03763442898245267,-0.03972821581973983,6057000.0,0.0,14.0
2021-11-01,SC2112.INE,520.1,526.6,515.8,520.3,521.0,525.5,519.3,1.0,1.7,115450,6015266.44,28659,-1284.0,29,0.7658273190405435,0.5039742552667675,19,SC2201.INE,519.7,519.6,17855,-0.599999999999909,SC2112.INE,520.3,521.0,29,0.0,SC2409.INE,471.1,471.1,1033,-49.19999999999993,-0.03437719427881399,-0.03611289008510533,6057000.0,0.0,14.0
2021-11-02,SC2112.INE,528.2,535.9,527.7,534.8,531.3,520.3,521.0,13.8,10.3,97727,5193209.53,30223,1564.0,28,0.7529624778488327,0.5058496660920213,19,SC2201.INE,532.7,530.1,18106,-2.099999999999909,SC2112.INE,534.8,531.3,28,0.0,SC2409.INE,471.1,471.1,1032,-63.69999999999993,-0.043301923197263274,-0.046105774626946504,6057000.0,0.0,14.0
2021-11-03,SC2112.INE,532.3,533.6,520.3,524.3,526.8,534.8,531.3,-7.0,-4.5,111395,5868330.5,28603,-1620.0,27,0.7492819619423013,0.48456664633733143,19,SC2201.INE,522.6,523.9,18934,-1.6999999999999318,SC2112.INE,524.3,526.8,27,0.0,SC2409.INE,471.1,471.1,1031,-53.19999999999993,-0.036888494087734466,-0.03889709528233009,6057000.0,0.0,14.0
2021-11-04,SC2112.INE,518.8,519.8,506.6,510.2,513.6,524.3,526.8,-16.6,-13.2,123377,6336728.89,31173,2570.0,26,0.7294457780037602,0.5013590234331022,19,SC2201.INE,508.4,511.5,19431,-1.8000000000000114,SC2112.INE,510.2,513.6,26,0.0,SC2409.INE,444.0,450.1,1030,-66.19999999999999,-0.04717117418214244,-0.050524958959713616,6057000.0,0.0,14.0
2021-11-05,SC2112.INE,525.3,530.8,501.6,508.5,516.0,510.2,513.6,-5.1,2.4,174718,9016463.97,29199,-1974.0,25,0.7066708191602525,0.45448036484193816,19,SC2201.INE,504.9,512.8,22670,-3.6000000000000227,SC2112.INE,508.5,516.0,25,0.0,SC2409.INE,446.0,446.0,1029,-62.5,-0.044683605793149915,-0.04767767546416431,6057000.0,0.0,14.0
2021-11-08,SC2112.INE,509.8,534.0,508.1,532.0,522.2,508.5,516.0,16.0,6.2,135409,7071632.47,27759,-1440.0,22,0.7092558546384031,0.45307501468956063,19,SC2201.INE,526.5,517.7,20183,-5.5,SC2112.INE,532.0,522.2,22,0.0,SC2409.INE,461.9,454.4,1026,-70.10000000000002,-0.047903311565767014,-0.05136723231609155,6057000.0,0.0,14.0
2021-11-09,SC2112.INE,530.0,530.6,523.2,524.9,526.3,532.0,522.2,2.7,4.1,83081,4373202.38,27395,-364.0,21,0.7107865783755112,0.4533044312804051,19,SC2201.INE,521.4,521.5,19840,-3.5,SC2112.INE,524.9,526.3,21,0.0,SC2409.INE,454.4,454.4,1025,-70.5,-0.04882831030611788,-0.05243417710231978,6057000.0,0.0,14.0
2021-11-10,SC2112.INE,527.0,539.9,524.0,538.0,530.7,524.9,526.3,11.7,4.4,90879,4823716.01,28683,1288.0,20,0.6548091680056489,0.44422245969428054,19,SC2201.INE,533.4,527.7,21589,-4.600000000000023,SC2112.INE,538.0,530.7,20,0.0,SC2409.INE,454.4,454.4,1024,-83.60000000000002,-0.0564915060945808,-0.06139586937800562,6057000.0,0.0,14.0
2021-11-11,SC2112.INE,531.7,536.6,517.5,519.3,526.7,538.0,530.7,-11.4,-4.0,114467,6029241.01,24948,-3735.0,19,0.6465491434284326,0.41225461035098154,19,SC2201.INE,516.0,522.1,21843,-3.2999999999999545,SC2112.INE,519.3,526.7,19,0.0,SC2409.INE,454.0,454.0,1023,-65.29999999999995,-0.045714503817965144,-0.048854942007228765,6057000.0,0.0,14.0
2021-11-12,SC2112.INE,516.0,522.7,513.2,514.7,517.7,519.3,526.7,-12.0,-9.0,103146,5340650.49,25643,695.0,18,0.6400699977660288,0.41803332137850086,19,SC2201.INE,511.6,514.3,22163,-3.1000000000000227,SC2112.INE,514.7,517.7,18,0.0,SC2409.INE,451.6,451.6,1022,-63.10000000000002,-0.044569149088510944,-0.04754720283851464,6057000.0,0.0,14.0
2021-11-15,SC2201.INE,506.3,514.9,503.2,504.5,509.0,511.6,514.3,-9.8,-5.3,54364,2767571.12,25580,3417.0,38,0.35138157256891706,0.4085805101665948,19,SC2112.INE,508.1,513.3,23197,3.6000000000000227,SC2112.INE,508.1,513.3,15,-3.6000000000000227,SC2409.INE,451.6,451.6,1019,-56.5,-0.040425779660339146,-0.042855306681599016,6057000.0,0.0,14.0
2021-11-16,SC2201.INE,501.0,517.9,499.6,516.1,508.5,504.5,509.0,7.1,-0.5,71907,3657001.45,26736,1156.0,37,0.4415644228289304,0.4611642949547219,19,SC2112.INE,518.0,510.8,17329,1.8999999999999773,SC2112.INE,518.0,510.8,14,-1.8999999999999773,SC2409.INE,455.7,447.7,1018,-62.30000000000001,-0.0437237536341122,-0.04658495872133552,6057000.0,0.0,14.0
2021-11-17,SC2201.INE,517.1,517.8,506.4,510.4,511.8,516.1,508.5,1.9,3.3,84321,4316237.6,30275,3539.0,36,0.5680706576660334,0.5198138800178566,19,SC2112.INE,519.0,514.8,13577,8.600000000000023,SC2112.INE,519.0,514.8,13,-8.600000000000023,SC2409.INE,447.7,447.7,1017,-71.30000000000001,-0.04994377019858909,-0.05372498908408728,6057000.0,0.0,14.0
2021-11-18,SC2201.INE,510.2,510.4,489.2,489.9,500.1,510.4,511.8,-21.9,-11.7,147728,7389329.19,37099,6824.0,35,0.7776222009327592,0.6314830890738565,19,SC2202.INE,487.0,496.8,12573,-2.8999999999999773,SC2112.INE,504.9,511.8,12,-15.0,SC2409.INE,427.5,435.2,1016,-77.39999999999998,-0.0557307312638927,-0.06049624207484071,6057000.0,0.0,14.0
2021-11-19,SC2201.INE,492.8,509.9,492.2,506.3,499.9,489.9,500.1,6.2,-0.2,140972,7048176.29,33160,-3939.0,34,0.8860924987743095,0.6031064712087593,19,SC2202.INE,502.8,496.9,13222,-3.5,SC2112.INE,516.3,513.5,11,-9.999999999999943,SC2409.INE,446.0,447.4,1015,-70.29999999999995,-0.04950081525534504,-0.05321185214235242,6057000.0,0.0,14.0
2021-11-22,SC2201.INE,485.0,497.0,484.3,487.5,489.4,506.3,499.9,-12.4,-10.5,177130,8669266.95,33596,436.0,31,0.8779112126603986,0.6292564150589998,19,SC2202.INE,484.4,486.8,13109,-3.1000000000000227,SC2112.INE,500.5,500.1,8,-13.0,SC2409.INE,435.0,435.0,1012,-65.5,-0.04757692506696491,-0.05099150617361134,6057000.0,0.0,14.0
2021-11-23,SC2201.INE,487.5,496.6,484.6,491.2,491.2,487.5,489.4,1.8,1.8,146673,7205645.9,34114,518.0,30,0.8868525751877426,0.6364314764374464,19,SC2202.INE,488.5,488.4,13039,-2.6999999999999886,SC2112.INE,501.7,504.5,7,-10.5,SC2409.INE,434.2,433.9,1011,-67.5,-0.04891238315623293,-0.05253130679959737,6057000.0,0.0,14.0
2021-11-24,SC2201.INE,495.3,515.0,494.8,513.4,506.7,491.2,491.2,22.2,15.5,163843,8302239.43,35050,936.0,29,0.8757489750867234,0.633105740399552,19,SC2202.INE,509.6,503.5,13723,-3.7999999999999545,SC2112.INE,523.1,518.9,6,-9.700000000000045,SC2409.INE,449.0,444.4,1010,-74.10000000000002,-0.05149826996734911,-0.05553153721267286,6057000.0,0.0,14.0
2021-11-25,SC2201.INE,511.1,515.3,507.6,509.1,511.4,513.4,506.7,2.4,4.7,103737,5305564.02,32243,-2807.0,28,0.8595042007059175,0.6410648958167647,19,SC2202.INE,505.6,507.8,13454,-3.5,SC2112.INE,511.1,524.9,5,-2.0,SC2409.INE,444.4,444.4,1009,-66.70000000000005,-0.04744376046976252,-0.050838322632666376,6057000.0,0.0,14.0
2021-11-26,SC2201.INE,510.6,511.4,495.3,496.3,504.5,509.1,511.4,-15.1,-6.9,102288,5160977.83,31261,-982.0,27,0.8340032776994137,0.5963791064138273,19,SC2202.INE,493.0,500.1,14618,-3.3000000000000114,SC2112.INE,502.0,498.6,4,-5.699999999999989,SC2409.INE,444.4,444.4,1008,-57.60000000000002,-0.04171362359327633,-0.04430716892737335,6057000.0,0.0,14.0
2021-11-29,SC2201.INE,485.0,487.3,464.1,473.6,474.5,496.3,504.5,-30.9,-30.0,257013,12197742.29,30055,-1206.0,24,0.7937791861240827,0.5396645837822308,19,SC2202.INE,471.7,471.3,17528,-1.900000000000034,SC2112.INE,495.0,491.1,1,-21.399999999999977,SC2409.INE,424.2,424.2,1005,-70.80000000000001,-0.0519980683327297,-0.05611428581664295,6057000.0,0.0,14.0
2021-11-30,SC2201.INE,475.0,480.7,446.5,447.8,465.9,473.6,474.5,-26.7,-8.6,249820,11640715.19,30848,793.0,23,0.7954100427602149,0.5034764158642077,19,SC2202.INE,446.6,462.4,20197,-1.1999999999999886,SC2201.INE,447.8,465.9,23,0.0,SC2409.INE,420.0,420.0,1004,-27.80000000000001,-0.023098541789307266,-0.0238466640202271,6057000.0,0.0,14.0
2021-12-01,SC2201.INE,451.1,454.9,428.7,451.4,444.7,447.8,465.9,-14.5,-21.2,253532,11276383.59,28383,-2465.0,22,0.7593029071491251,0.47682486350272996,18,SC2202.INE,450.3,444.1,20305,-1.099999999999966,SC2201.INE,451.4,444.7,22,0.0,SC2409.INE,424.6,424.6,1003,-26.799999999999955,-0.02209007021760814,-0.02277299186209174,6057000.0,0.0,14.0
2021-12-02,SC2201.INE,455.2,455.9,435.5,441.1,445.2,451.4,444.7,-3.6,0.5,225469,10038839.6,28834,451.0,21,0.7713853659537926,0.4732781826537982,19,SC2202.INE,438.9,443.3,20785,-2.2000000000000455,SC2201.INE,441.1,445.2,21,0.0,SC2412.INE,384.8,384.8,1093,-56.30000000000001,-0.043457968037842985,-0.04649251794455231,6057000.0,0.0,14.0
2021-12-03,SC2201.INE,435.4,449.5,417.5,446.7,435.6,441.1,445.2,1.5,-9.6,305326,13302008.78,29333,499.0,20,0.7684946539677426,0.4692379063219862,19,SC2202.INE,443.8,434.2,20819,-2.8999999999999773,SC2201.INE,446.7,435.6,20,0.0,SC2412.INE,370.5,370.5,1092,-76.19999999999999,-0.058081402924932066,-0.06368221177425834,6057000.0,0.0,14.0
2021-12-06,SC2201.INE,451.0,457.9,443.1,451.2,450.9,446.7,435.6,15.6,15.3,197015,8883841.08,26588,-2745.0,17,0.7438823169603582,0.4318757715548048,19,SC2202.INE,448.2,448.0,21984,-3.0,SC2201.INE,451.2,450.9,17,0.0,SC2412.INE,400.1,400.1,1089,-51.099999999999966,-0.038561142095374173,-0.040925006788284334,6057000.0,0.0,14.0
2021-12-07,SC2201.INE,453.7,466.9,448.3,463.8,456.5,451.2,450.9,12.9,5.6,153649,7014559.13,25154,-1434.0,16,0.7377996955626089,0.4059650425267507,19,SC2202.INE,460.7,455.2,23739,-3.1000000000000227,SC2201.INE,463.8,456.5,16,0.0,SC2412.INE,432.1,432.1,1088,-31.69999999999999,-0.023271618942802153,-0.024105111368930485,6057000.0,0.0,14.0
2021-12-08,SC2202.INE,466.6,476.8,463.8,469.7,469.9,460.7,455.2,14.5,14.7,58250,2737668.64,26478,2739.0,44,0.26824651970287955,0.425533966539704,19,SC2201.INE,473.4,473.4,22161,3.6999999999999886,SC2201.INE,473.4,473.4,15,-3.6999999999999886,SC2412.INE,435.6,435.6,1087,-37.799999999999955,-0.027187021167924603,-0.028333910165758848,6057000.0,0.0,14.0
2021-12-09,SC2202.INE,472.7,478.8,467.4,474.8,472.8,469.7,469.9,4.9,2.9,57142,2701687.48,27206,728.0,43,0.3132974028038972,0.44993880858664376,19,SC2201.INE,477.7,475.4,19033,2.8999999999999773,SC2201.INE,477.7,475.4,14,-2.8999999999999773,SC2412.INE,440.0,440.0,1086,-37.69999999999999,-0.026871022217778585,-0.02799066289320652,6057000.0,0.0,14.0
2021-12-10,SC2202.INE,468.1,473.6,463.6,464.3,468.5,474.8,472.8,-8.5,-4.3,74262,3479395.45,30161,2955.0,42,0.37747799036252366,0.5076412966640859,19,SC2201.INE,465.0,472.4,14144,0.6999999999999886,SC2201.INE,465.0,472.4,13,-0.6999999999999886,SC2412.INE,447.0,447.0,1085,-18.0,-0.013180067404910926,-0.013441945900589947,6057000.0,0.0,14.0
2021-12-13,SC2202.INE,470.1,482.6,467.1,480.9,474.1,464.3,468.5,12.4,5.6,119562,5669519.85,35340,5179.0,39,0.5803586164047103,0.6100782018747735,19,SC2203.INE,479.0,472.8,7278,-1.8999999999999773,SC2201.INE,486.0,475.1,10,-5.100000000000023,SC2412.INE,447.0,447.0,1082,-39.0,-0.027322876358946018,-0.028481586464298145,6057000.0,0.0,14.0
2021-12-14,SC2202.INE,471.6,473.5,463.4,469.0,469.4,480.9,474.1,-5.1,-4.7,170125,7986831.26,35946,606.0,38,0.8387690001824215,0.6750169007736798,19,SC2203.INE,467.3,467.7,7556,-1.6999999999999886,SC2201.INE,468.9,473.7,9,0.10000000000002274,SC2412.INE,447.0,447.0,1081,-21.899999999999977,-0.01590237392691054,-0.01628571827511165,6057000.0,0.0,14.0
2021-12-15,SC2202.INE,467.1,469.2,456.4,460.0,461.8,469.0,469.4,-9.4,-7.6,196038,9053393.83,39154,3208.0,37,0.885755208450997,0.6940598798149362,19,SC2203.INE,458.5,460.5,7798,-1.5,SC2201.INE,462.2,460.2,8,-2.1999999999999886,SC2412.INE,447.0,447.0,1080,-15.199999999999989,-0.011197259053068715,-0.011385515557602343,6057000.0,0.0,14.0
2021-12-16,SC2202.INE,460.8,472.8,457.1,470.5,463.5,460.0,461.8,8.7,1.7,167934,7784304.9,36162,-2992.0,36,0.8672440237346429,0.6712577962577962,19,SC2203.INE,468.0,463.2,8130,-2.5,SC2201.INE,476.0,465.5,7,-5.5,SC2412.INE,447.0,447.0,1079,-29.0,-0.020743838580208205,-0.021402639701973578,6057000.0,0.0,14.0
2021-12-17,SC2202.INE,467.5,475.0,467.2,469.2,470.4,470.5,463.5,5.7,6.9,148674,6994621.14,37047,885.0,35,0.8742084002187374,0.6768924375582394,19,SC2203.INE,466.6,467.8,8155,-2.599999999999966,SC2201.INE,479.3,477.9,6,-10.100000000000023,SC2412.INE,447.0,447.0,1078,-32.30000000000001,-0.022945269998847842,-0.02375500066836394,6057000.0,0.0,14.0
2021-12-20,SC2202.INE,465.0,468.6,446.9,450.5,460.8,469.2,470.4,-19.9,-9.6,210591,9704285.09,38995,1948.0,32,0.8849625576763067,0.683199887870771,19,SC2203.INE,448.6,457.6,8448,-1.8999999999999773,SC2201.INE,447.5,459.8,3,3.0,SC2412.INE,431.8,431.8,1075,-15.699999999999989,-0.01194550988076377,-0.012160090640376974,6057000.0,0.0,14.0
2021-12-21,SC2202.INE,445.0,457.1,438.4,454.4,446.9,450.5,460.8,-6.4,-13.9,210100,9391238.66,37715,-1280.0,31,0.865834761967559,0.6696674301745414,19,SC2203.INE,452.8,446.3,8808,-1.599999999999966,SC2201.INE,455.0,454.7,2,-0.6000000000000227,SC2412.INE,431.8,431.8,1074,-23.19999999999999,-0.01736099721174348,-0.017819252628394455,6057000.0,0.0,14.0
2021-12-22,SC2202.INE,455.8,469.6,455.3,465.6,462.4,454.4,446.9,18.7,15.5,170220,7872666.13,37120,-595.0,30,0.8661052738697942,0.6570376663834607,18,SC2203.INE,463.7,461.2,9844,-1.900000000000034,SC2202.INE,465.6,462.4,30,0.0,SC2412.INE,435.0,435.0,1073,-30.600000000000023,-0.022999426713188595,-0.023790043954859626,6057000.0,0.0,14.0
2021-12-23,SC2202.INE,464.6,476.0,462.7,472.6,469.0,465.6,462.4,10.2,6.6,136391,6397101.97,38068,948.0,29,0.8672465648029809,0.6541230647627885,18,SC2203.INE,470.9,467.6,10566,-1.7000000000000455,SC2202.INE,472.6,469.0,29,0.0,SC2412.INE,435.0,435.0,1072,-37.60000000000002,-0.02784214453489377,-0.029012192509496677,6057000.0,0.0,14.0
2021-12-24,SC2202.INE,473.5,478.9,470.9,478.6,474.9,472.6,469.0,9.6,5.9,111904,5314408.83,39194,1126.0,28,0.8599532767736383,0.6408122557755506,18,SC2203.INE,477.0,473.4,12387,-1.6000000000000227,SC2202.INE,478.6,474.9,28,0.0,SC2412.INE,433.8,422.4,1071,-44.80000000000001,-0.0327577357897896,-0.03439384049352554,6057000.0,0.0,14.0
2021-12-27,SC2202.INE,475.3,484.5,470.8,472.9,475.6,478.6,474.9,-2.0,0.7,92894,4418378.24,38552,-642.0,25,0.8334589434395636,0.6214055448098001,18,SC2203.INE,471.6,473.9,13910,-1.2999999999999545,SC2202.INE,472.9,475.6,25,0.0,SC2412.INE,427.1,427.1,1068,-45.799999999999955,-0.03389258703817875,-0.035648136824428904,6057000.0,0.0,14.0
2021-12-28,SC2202.INE,473.0,494.6,472.4,494.0,486.1,472.9,475.6,18.4,10.5,162817,7914799.52,43804,5252.0,24,0.8239559927936682,0.6233581420500633,18,SC2203.INE,491.8,484.6,16052,-2.1999999999999886,SC2202.INE,494.0,486.1,24,0.0,SC2412.INE,456.1,456.1,1067,-37.89999999999998,-0.026848548837245412,-0.027934375087869355,6057000.0,0.0,14.0
2021-12-29,SC2202.INE,497.0,498.0,489.3,493.4,493.0,494.0,486.1,7.3,6.9,148949,7344665.41,39188,-4616.0,23,0.7953830626858976,0.556758446281931,18,SC2203.INE,490.1,490.4,20073,-3.2999999999999545,SC2202.INE,493.4,493.0,23,0.0,SC2412.INE,456.1,456.1,1066,-37.299999999999955,-0.02645563820182881,-0.0275090737658912,6057000.0,0.0,14.0
2021-12-30,SC2202.INE,490.3,501.1,488.9,498.6,494.3,493.4,493.0,5.6,1.3,183633,9078225.68,35976,-3212.0,22,0.8108526994864639,0.5157997361931524,18,SC2203.INE,496.1,491.9,21950,-2.5,SC2202.INE,498.6,494.3,22,0.0,SC2412.INE,456.1,456.1,1065,-42.5,-0.02982944766919762,-0.031177959626757432,6057000.0,0.0,14.0
2021-12-31,SC2202.INE,496.0,501.7,490.3,499.0,496.7,498.6,494.3,4.7,2.4,141418,7024789.31,32206,-3770.0,21,0.8033516062146732,0.4770411186159498,18,SC2203.INE,496.9,494.0,23146,-2.1000000000000227,SC2202.INE,499.0,496.7,21,0.0,SC2412.INE,456.1,456.1,1064,-42.89999999999998,-0.030086058982778587,-0.03145859481530232,6057000.0,0.0,14.0
2022-01-04,SC2202.INE,494.8,497.0,491.0,494.1,494.1,499.0,496.7,-2.6,-2.6,47269,2335609.88,30206,-2000.0,17,0.6967615453781636,0.46617075128094326,18,SC2203.INE,492.0,492.0,23168,-2.1000000000000227,SC2202.INE,494.1,494.1,17,0.0,SC2412.INE,456.1,456.1,1060,-38.0,-0.026913941169268114,-0.028005208416997204,6057000.0,0.0,14.0
2022-01-05,SC2202.INE,496.8,505.2,495.4,502.8,500.9,494.1,494.1,8.7,6.8,134441,6734767.01,30763,557.0,16,0.7375966291580027,0.45787131439117684,18,SC2203.INE,500.5,498.6,24843,-2.3000000000000114,SC2202.INE,502.8,500.9,16,0.0,SC2412.INE,456.1,456.1,1059,-46.69999999999999,-0.03250350291483703,-0.034113464472128215,6057000.0,0.0,14.0
2022-01-06,SC2202.INE,503.3,509.5,498.3,501.0,504.9,502.8,500.9,0.1,4.0,113525,5732090.14,28042,-2721.0,15,0.6811854216419254,0.41316006600660066,18,SC2203.INE,499.8,501.8,27401,-1.1999999999999886,SC2202.INE,501.0,504.9,15,0.0,SC2412.INE,456.1,456.1,1058,-44.89999999999998,-0.031362969171915014,-0.032858404927163604,6057000.0,0.0,14.0
2022-01-07,SC2203.INE,510.0,517.8,509.8,517.4,514.1,499.8,501.8,15.6,12.3,64732,3328025.85,33707,6306.0,52,0.327511535659354,0.46052218108289045,18,SC2202.INE,519.4,515.7,24669,2.0,SC2202.INE,519.4,515.7,14,-2.0,SC2412.INE,456.1,456.1,1057,-63.299999999999955,-0.042649144174394,-0.04548054521717406,6057000.0,0.0,14.0
2022-01-10,SC2203.INE,516.1,516.1,505.3,509.3,510.0,517.4,514.1,-4.8,-4.1,77812,3968559.29,36574,2867.0,49,0.4337781940216967,0.540132618551829,18,SC2202.INE,512.0,511.6,14844,2.6999999999999886,SC2202.INE,512.0,511.6,11,-2.6999999999999886,SC2412.INE,456.1,456.1,1054,-55.89999999999998,-0.038207656699424726,-0.040458847154819115,6057000.0,0.0,14.0
2022-01-11,SC2203.INE,506.4,510.3,502.5,505.9,506.0,509.3,510.0,-4.1,-4.0,91261,4618673.23,40219,3645.0,48,0.6128642325178465,0.6058812009460538,18,SC2204.INE,502.1,502.3,12381,-3.7999999999999545,SC2202.INE,504.6,509.1,10,1.2999999999999545,SC2412.INE,456.1,456.1,1053,-48.5,-0.0336358996750509,-0.03536403898235424,6057000.0,0.0,14.0
2022-01-12,SC2203.INE,510.6,522.1,507.2,518.4,514.7,505.9,506.0,12.4,8.7,158691,8168831.02,45356,5137.0,47,0.8774342301695253,0.6589855725224113,18,SC2204.INE,514.7,511.2,12353,-3.699999999999932,SC2202.INE,520.2,515.1,9,-1.8000000000000682,SC2412.INE,456.1,456.1,1052,-64.10000000000002,-0.043121736127007725,-0.046019140262097025,6057000.0,0.0,14.0
2022-01-13,SC2203.INE,519.4,527.8,519.1,524.1,523.8,518.4,514.7,9.4,9.1,124782,6536757.86,47714,2358.0,46,0.891459189140918,0.6654393818947604,18,SC2204.INE,520.0,519.7,13028,-4.100000000000023,SC2202.INE,530.3,525.0,8,-6.199999999999932,SC2412.INE,456.1,456.1,1051,-74.19999999999993,-0.04896557222896494,-0.05274855431954145,6057000.0,0.0,14.0
2022-01-14,SC2203.INE,523.2,528.6,521.2,527.0,525.1,524.1,523.8,3.2,1.3,128615,6754485.56,51791,4077.0,45,0.8870122346515125,0.6771481617070237,18,SC2204.INE,521.9,520.4,13816,-5.100000000000023,SC2202.INE,531.4,533.4,7,-4.399999999999977,SC2412.INE,456.1,456.1,1050,-75.29999999999995,-0.049588615394274956,-0.05347370719745087,6057000.0,0.0,14.0
2022-01-17,SC2203.INE,528.8,537.7,524.3,534.8,530.4,527.0,525.1,9.7,5.3,162814,8636789.38,51570,-221.0,42,0.8783901162633865,0.6940406976744186,18,SC2204.INE,529.7,525.4,14666,-5.099999999999909,SC2202.INE,541.0,542.1,4,-6.2000000000000455,SC2412.INE,456.1,456.1,1047,-84.89999999999998,-0.054918539758942175,-0.059739334824565435,6057000.0,0.0,14.0
2022-01-18,SC2203.INE,532.8,544.9,529.5,543.4,536.3,534.8,530.4,13.0,5.9,109890,5893810.35,56034,4464.0,41,0.8709953553255235,0.6984344617839159,18,SC2204.INE,538.4,532.7,15654,-5.0,SC2202.INE,543.6,542.3,3,-0.20000000000004547,SC2412.INE,456.1,456.1,1046,-87.5,-0.0563296640344509,-0.06141714618806984,6057000.0,0.0,14.0
2022-01-19,SC2203.INE,541.1,552.3,538.8,544.6,544.7,543.4,536.3,8.3,8.4,169080,9210804.15,53224,-2810.0,40,0.8758806464981351,0.6695263853072521,18,SC2204.INE,540.0,540.5,17208,-4.600000000000023,SC2202.INE,547.0,545.3,2,-2.3999999999999773,SC2412.INE,460.0,460.0,1045,-87.0,-0.0556596514414018,-0.060619505486746675,6057000.0,0.0,14.0
2022-01-20,SC2203.INE,545.5,552.0,539.7,545.4,546.4,544.6,544.7,0.7,1.7,146296,7994779.69,53696,472.0,39,0.8708613607952854,0.6594777824175284,18,SC2204.INE,541.2,541.5,17180,-4.199999999999932,SC2202.INE,546.6,539.4,1,-1.2000000000000455,SC2412.INE,460.0,460.0,1044,-86.60000000000002,-0.055444289268024534,-0.060363505430442804,6057000.0,0.0,14.0
2022-01-21,SC2203.INE,544.4,551.6,527.7,536.4,540.0,545.4,546.4,-10.0,-6.4,183939,9933676.65,51447,-2249.0,38,0.8560199556025074,0.6460593731163351,17,SC2204.INE,532.6,534.0,17387,-3.7999999999999545,SC2203.INE,536.4,540.0,38,0.0,SC2412.INE,445.9,445.9,1043,-90.5,-0.06127546458609266,-0.06711112986820275,6057000.0,0.0,14.0
2022-01-24,SC2203.INE,537.3,547.8,534.5,543.8,540.5,536.4,540.0,3.8,0.5,163670,8846736.61,49769,-1678.0,35,0.8511534541218564,0.6388913849985237,17,SC2204.INE,540.2,537.5,17645,-3.599999999999909,SC2203.INE,543.8,540.5,35,0.0,SC2412.INE,448.6,448.6,1040,-95.19999999999993,-0.06358058914694636,-0.06989474347360769,6057000.0,0.0,14.0
2022-01-25,SC2203.INE,540.7,540.9,522.5,533.8,529.9,543.8,540.5,-6.7,-10.6,240361,12737347.78,45387,-4382.0,34,0.8558858823571304,0.6124853244807903,17,SC2204.INE,531.1,527.7,18096,-2.699999999999932,SC2203.INE,533.8,529.9,34,0.0,SC2412.INE,447.9,447.9,1039,-85.89999999999998,-0.05844419714839066,-0.06372109847897194,6057000.0,0.0,14.0
2022-01-26,SC2203.INE,530.7,540.3,528.1,539.1,533.6,533.8,529.9,9.2,3.7,151929,8107405.06,36250,-9137.0,33,0.8009246568120953,0.5394345238095238,17,SC2204.INE,536.8,531.2,19610,-2.300000000000068,SC2203.INE,539.1,533.6,33,0.0,SC2412.INE,447.9,447.9,1038,-91.20000000000005,-0.06144015592599055,-0.06730930106885034,6057000.0,0.0,14.0
2022-01-27,SC2203.INE,544.0,549.7,539.5,542.6,545.6,539.1,533.6,9.0,12.0,122569,6687449.9,33647,-2603.0,32,0.7489291759084438,0.4987918229390575,17,SC2204.INE,541.0,542.5,22005,-1.6000000000000227,SC2203.INE,542.6,545.6,32,0.0,SC2412.INE,453.0,453.0,1037,-89.60000000000002,-0.059972896299923174,-0.06554756246841398,6057000.0,0.0,14.0
2022-01-28,SC2203.INE,551.0,551.2,532.5,534.5,542.4,542.6,545.6,-11.1,-3.2,126600,6866999.02,26406,-7241.0,31,0.6965382160698959,0.4289125314708032,17,SC2204.INE,536.7,542.2,22928,2.2000000000000455,SC2203.INE,534.5,542.4,31,0.0,SC2412.INE,453.0,453.0,1036,-81.5,-0.055377927946795504,-0.06008503066512843,6057000.0,0.0,14.0
2022-02-07,SC2203.INE,560.0,571.6,558.2,566.9,566.9,534.5,542.4,24.5,24.5,41203,2335860.57,28773,2367.0,21,0.560554527644754,0.41632422734112745,17,SC2204.INE,567.4,567.4,27508,0.5,SC2203.INE,566.9,566.9,21,0.0,SC2412.INE,464.9,464.9,1026,-102.0,-0.06534622705839299,-0.07204140926498251,6057000.0,0.0,14.0
2022-02-08,SC2204.INE,564.3,564.9,556.5,562.1,561.4,567.4,567.4,-5.3,-6.0,49694,2790150.05,31525,4017.0,51,0.32985954384940125,0.4337029495927801,18,SC2203.INE,558.4,558.7,27237,-3.7000000000000455,SC2203.INE,558.4,558.7,20,3.7000000000000455,SC2412.INE,464.9,464.9,1025,-93.5,-0.06081252049209541,-0.06655465303914691,6057000.0,0.0,14.0
2022-02-09,SC2204.INE,551.9,555.7,547.4,548.8,551.5,562.1,561.4,-12.6,-9.9,61384,3385338.56,34395,2870.0,50,0.3795743207311493,0.4715584255336651,18,SC2203.INE,544.4,547.7,23375,-4.399999999999977,SC2203.INE,544.4,547.7,19,4.399999999999977,SC2412.INE,464.9,464.9,1024,-79.5,-0.053036617061642574,-0.05733294413878784,6057000.0,0.0,14.0
2022-02-10,SC2204.INE,548.5,557.8,546.6,554.0,553.3,548.8,551.5,2.5,1.8,63557,3516615.26,36239,1844.0,49,0.4146788631677845,0.49253832771555944,18,SC2203.INE,549.7,548.9,21494,-4.2999999999999545,SC2203.INE,549.7,548.9,18,4.2999999999999545,SC2412.INE,464.9,464.9,1023,-84.80000000000007,-0.05602694187784023,-0.06085161826077378,6057000.0,0.0,14.0
2022-02-11,SC2204.INE,556.5,564.9,548.8,550.0,557.3,554.0,553.3,-3.3,4.0,104281,5812509.55,37846,1607.0,48,0.5276016817521794,0.5144635963242891,19,SC2203.INE,546.1,553.8,19384,-3.8999999999999773,SC2203.INE,546.1,553.8,17,3.8999999999999773,SC2412.INE,470.0,470.0,1022,-76.10000000000002,-0.05061034326627258,-0.054502822164886965,6057000.0,0.0,14.0
2022-02-14,SC2204.INE,560.0,582.0,557.1,576.8,566.7,550.0,557.3,19.5,9.4,132879,7530864.43,45977,8131.0,45,0.6996872235561734,0.5748634016429313,19,SC2203.INE,571.5,561.6,15287,-5.2999999999999545,SC2203.INE,571.5,561.6,14,5.2999999999999545,SC2412.INE,499.6,471.3,1019,-71.89999999999998,-0.04569192532525474,-0.04883253464572796,6057000.0,0.0,14.0
2022-02-15,SC2204.INE,566.0,578.0,564.0,577.7,570.3,576.8,566.7,11.0,3.6,142518,8128844.56,49746,3769.0,44,0.7749291777000832,0.6086403288757295,18,SC2205.INE,573.0,567.1,14784,-4.7000000000000455,SC2203.INE,572.1,565.1,13,5.600000000000023,SC2412.INE,472.2,499.0,1018,-99.90000000000003,-0.06341913922782524,-0.06969908404718485,6057000.0,0.0,14.0
2022-02-16,SC2204.INE,563.3,568.4,553.6,562.1,560.0,577.7,570.3,-8.2,-10.3,188973,10583841.49,48488,-1258.0,43,0.8129654246737994,0.6085112257319629,18,SC2205.INE,557.5,556.1,16140,-4.600000000000023,SC2203.INE,556.8,555.5,12,5.300000000000068,SC2412.INE,460.8,471.9,1017,-95.99999999999994,-0.06261794475896376,-0.06872968146075903,6057000.0,0.0,14.0
2022-02-17,SC2204.INE,568.0,573.9,550.0,565.9,566.1,562.1,560.0,5.9,6.1,173264,9808952.92,49402,914.0,42,0.8510103242664466,0.6152179327521793,17,SC2205.INE,561.6,560.0,16678,-4.2999999999999545,SC2203.INE,559.9,561.2,11,6.0,SC2412.INE,460.8,460.8,1016,-99.09999999999997,-0.0642820901742404,-0.07074611118925933,6057000.0,0.0,14.0
2022-02-18,SC2204.INE,564.5,570.1,559.5,567.3,564.6,565.9,566.1,1.2,-1.5,198957,11234275.09,50798,1396.0,41,0.8521992778298917,0.6246679783571077,17,SC2205.INE,562.3,560.3,16655,-5.0,SC2203.INE,562.3,558.9,10,5.0,SC2412.INE,460.8,460.8,1015,-101.49999999999994,-0.06555785893580292,-0.07229956533284893,6057000.0,0.0,14.0
2022-02-21,SC2204.INE,559.5,579.1,556.2,569.5,565.3,567.3,564.6,4.9,0.7,239083,13517351.0,51239,441.0,38,0.863923307352362,0.6278212071458328,17,SC2205.INE,564.4,560.4,17019,-5.100000000000023,SC2203.INE,564.6,563.1,7,4.899999999999977,SC2412.INE,474.9,462.3,1012,-89.70000000000005,-0.05770033995802078,-0.06283566168803405,6057000.0,0.0,14.0
2022-02-22,SC2204.INE,573.4,597.5,572.6,596.9,585.0,569.5,565.3,31.6,19.7,177226,10368037.05,54840,3601.0,37,0.8426372769502146,0.6385059612518629,17,SC2205.INE,589.2,580.2,17241,-7.699999999999932,SC2203.INE,593.5,582.6,6,3.3999999999999773,SC2412.INE,480.3,480.3,1011,-113.19999999999999,-0.06927116733099455,-0.07685930493862143,6057000.0,0.0,14.0
2022-02-23,SC2204.INE,593.2,596.6,584.0,590.0,590.1,596.9,585.0,5.0,5.1,178329,10523900.57,52079,-2761.0,36,0.8579573063655564,0.6252656349425508,17,SC2205.INE,580.9,582.8,17608,-9.100000000000023,SC2203.INE,583.8,590.3,5,6.2000000000000455,SC2412.INE,480.3,480.3,1010,-103.49999999999994,-0.06438772223159638,-0.0708744832422597,6057000.0,0.0,14.0
2022-02-24,SC2204.INE,590.0,624.4,587.8,620.8,601.9,590.0,590.1,30.7,11.8,266122,16020430.11,49643,-2436.0,35,0.794901817877689,0.5842896319574403,17,SC2205.INE,611.0,596.2,22374,-9.799999999999955,SC2203.INE,616.1,584.5,4,4.699999999999932,SC2412.INE,499.9,494.0,1009,-116.20000000000005,-0.06849860420345925,-0.07590591194464193,6057000.0,0.0,14.0
2022-02-25,SC2204.INE,635.0,637.0,608.3,612.3,621.8,620.8,601.9,10.4,19.9,275761,17148396.11,42271,-7372.0,34,0.8105968635635444,0.5362434667884508,17,SC2205.INE,599.4,609.9,22779,-12.899999999999977,SC2203.INE,605.1,609.2,3,7.199999999999932,SC2412.INE,494.0,494.0,1008,-111.10000000000002,-0.06668278176133052,-0.07367487462759101,6057000.0,0.0,14.0
2022-02-28,SC2204.INE,599.6,622.2,586.2,621.2,599.2,612.3,621.8,-0.6,-22.6,257846,15452128.69,38230,-4041.0,31,0.7901460804653001,0.5089393878882277,17,SC2205.INE,606.6,592.0,22857,-14.600000000000023,SC2204.INE,621.2,599.2,31,0.0,SC2412.INE,494.0,494.0,1005,-127.20000000000005,-0.07673430638983174,-0.08586028187023872,6057000.0,0.0,14.0
2022-03-01,SC2204.INE,609.9,625.5,608.1,622.8,614.8,621.2,599.2,23.6,15.6,173902,10692835.74,36771,-1459.0,30,0.77745886981402,0.49016889505045524,16,SC2205.INE,610.4,602.4,24160,-12.399999999999977,SC2204.INE,622.8,614.8,30,0.0,SC2412.INE,484.4,493.8,1004,-138.39999999999998,-0.08327629477526807,-0.09417840484859416,6057000.0,0.0,14.0
2022-03-02,SC2204.INE,642.9,663.9,633.9,663.9,648.6,622.8,614.8,49.1,33.8,246876,16013159.45,42995,6224.0,29,0.7726150350668006,0.5046302273447495,16,SC2205.INE,650.5,633.7,25570,-13.399999999999977,SC2204.INE,663.9,648.6,29,0.0,SC2412.INE,496.0,501.7,1003,-167.89999999999998,-0.09477241228717245,-0.10925851877317036,6057000.0,0.0,14.0
2022-03-03,SC2204.INE,678.0,719.9,669.1,719.9,686.8,663.9,648.6,71.3,38.2,230032,15800484.21,38679,-4316.0,28,0.7597682698849937,0.4821375149581173,18,SC2205.INE,703.4,669.5,24997,-16.5,SC2204.INE,719.9,686.8,28,0.0,SC2412.INE,495.2,495.2,1002,-224.7,-0.11696739194612073,-0.14021043749309842,6057000.0,0.0,14.0
2022-03-04,SC2204.INE,729.8,732.9,683.7,693.2,705.0,719.9,686.8,6.4,18.2,263674,18590350.7,37148,-1531.0,27,0.7525673153216922,0.4799483204134367,19,SC2205.INE,678.3,687.9,23945,-14.900000000000091,SC2204.INE,693.2,705.0,27,0.0,SC2503.INE,482.5,482.5,1092,-210.70000000000005,-0.10417157687420932,-0.1241814436880562,6057000.0,0.0,14.0
2022-03-07,SC2204.INE,706.0,761.4,700.8,761.4,712.3,693.2,705.0,56.4,7.3,136345,9712281.26,38444,1296.0,24,0.7531957441636928,0.482328586663321,19,SC2205.INE,742.9,695.4,23669,-18.5,SC2204.INE,761.4,712.3,24,0.0,SC2503.INE,521.1,518.1,1089,-240.29999999999995,-0.10816435254553323,-0.12996634924143494,6057000.0,0.0,14.0
2022-03-08,SC2204.INE,761.6,803.0,733.2,785.0,763.9,761.4,712.3,72.7,51.6,270165,20639042.2,37263,-1181.0,23,0.6978699551569507,0.49364774458501687,19,SC2205.INE,770.1,746.5,22099,-14.899999999999977,SC2204.INE,785.0,763.9,23,0.0,SC2503.INE,524.1,528.0,1088,-260.9,-0.11390628270685683,-0.13846050926818315,6057000.0,0.0,14.0
2022-03-09,SC2204.INE,781.9,823.6,768.2,806.6,805.0,785.0,763.9,42.7,41.1,247280,19906673.08,36586,-677.0,22,0.7127888642593805,0.4841339155749636,20,SC2205.INE,792.4,787.2,22443,-14.200000000000045,SC2204.INE,806.6,805.0,22,0.0,SC2503.INE,538.0,538.0,1087,-268.6,-0.11412769533973827,-0.13879230294017036,6057000.0,0.0,14.0
2022-03-10,SC2204.INE,760.0,775.8,700.3,700.3,742.1,806.6,805.0,-104.7,-62.9,191044,14177970.45,34148,-2438.0,21,0.672389459643047,0.487849479263397,20,SC2205.INE,686.9,722.6,20723,-13.399999999999977,SC2204.INE,700.3,742.1,21,0.0,SC2503.INE,479.0,478.1,1086,-221.29999999999995,-0.10830301433523791,-0.1301690134238997,6057000.0,0.0,14.0
2022-03-11,SC2204.INE,712.0,731.8,660.3,683.0,695.2,700.3,742.1,-59.1,-46.9,268524,18669551.83,32716,-1432.0,20,0.7081814681386382,0.4786679932112132,20,SC2205.INE,674.7,684.7,20999,-8.299999999999955,SC2204.INE,683.0,695.2,20,0.0,SC2503.INE,445.0,478.0,1085,-238.0,-0.11942617147492077,-0.14682958756118372,6057000.0,0.0,14.0
2022-03-14,SC2204.INE,679.0,696.6,667.7,683.5,682.9,683.0,695.2,-11.7,-12.3,169079,11547034.16,29469,-3247.0,17,0.6888587399367687,0.4620341481005315,20,SC2205.INE,674.4,672.7,20153,-9.100000000000023,SC2204.INE,683.5,682.9,17,0.0,SC2503.INE,478.0,478.0,1082,-205.5,-0.10304254201139536,-0.12256320388777475,6057000.0,0.0,14.0
2022-03-15,SC2204.INE,674.4,675.6,618.0,628.1,646.2,683.5,682.9,-54.8,-36.7,223676,14454241.97,28224,-1245.0,16,0.6430834516902518,0.4541271118262269,20,SC2205.INE,622.7,637.6,20087,-5.399999999999977,SC2204.INE,628.1,646.2,16,0.0,SC2503.INE,468.9,468.4,1081,-159.20000000000005,-0.08686754075373009,-0.10018131467431927,6057000.0,0.0,14.0
2022-03-16,SC2204.INE,624.7,641.0,606.1,632.9,621.0,628.1,646.2,-13.3,-25.2,199261,12375354.12,27374,-850.0,15,0.6066411744290124,0.4219694166974966,20,SC2205.INE,634.1,620.6,21997,1.2000000000000455,SC2204.INE,632.9,621.0,15,0.0,SC2503.INE,468.4,468.4,1080,-164.5,-0.08907873956754696,-0.10315612865827187,6057000.0,0.0,14.0
2022-03-17,SC2204.INE,629.0,635.7,604.7,619.4,617.4,632.9,621.0,-1.6,-3.6,140686,8686809.85,23523,-3851.0,14,0.5072489372672173,0.3748326853209255,20,SC2205.INE,621.9,619.9,23270,2.5,SC2204.INE,619.4,617.4,14,0.0,SC2503.INE,468.4,468.4,1079,-151.0,-0.08355049032760767,-0.09576662166448088,6057000.0,0.0,14.0
2022-03-18,SC2205.INE,643.5,674.2,641.3,674.0,657.5,621.9,619.9,54.1,37.6,132936,8741847.04,24546,1276.0,42,0.5631306499029932,0.4099883080006681,20,SC2204.INE,676.0,654.4,18284,2.0,SC2204.INE,676.0,654.4,13,-2.0,SC2503.INE,483.8,482.3,1078,-192.2,-0.0974428424590938,-0.11464820602954798,6057000.0,0.0,14.0
2022-03-21,SC2205.INE,660.5,684.9,653.2,676.1,666.9,674.0,657.5,18.6,9.4,184351,12294719.87,28359,3813.0,39,0.7697874170609187,0.4634505074275629,20,SC2204.INE,696.3,671.3,14176,20.199999999999932,SC2204.INE,696.3,671.3,10,-20.199999999999932,SC2503.INE,482.3,482.3,1075,-213.99999999999994,-0.10533207382549879,-0.12585277965150685,6057000.0,0.0,14.0
2022-03-22,SC2205.INE,683.9,722.7,682.2,713.0,701.1,676.1,666.9,46.1,34.2,194842,13661567.38,31434,3075.0,38,0.8475665988063545,0.4876361267103099,20,SC2204.INE,735.2,736.1,11987,22.200000000000045,SC2204.INE,735.2,736.1,9,-22.200000000000045,SC2503.INE,490.0,490.0,1074,-245.20000000000005,-0.11430315662564434,-0.13905546542435104,6057000.0,0.0,14.0
2022-03-23,SC2205.INE,704.3,712.5,690.3,699.0,700.0,713.0,701.1,-2.1,-1.1,226311,15843126.77,30701,-733.0,37,0.8717748210694998,0.494165177780997,20,SC2206.INE,684.2,686.0,12301,-14.799999999999955,SC2204.INE,720.0,722.9,8,-21.0,SC2503.INE,490.0,490.0,1073,-230.0,-0.1094809598330725,-0.1318955160849591,6057000.0,0.0,14.0
2022-03-24,SC2205.INE,722.2,747.7,720.1,723.0,731.5,699.0,700.0,23.0,31.5,221178,16179514.63,31388,687.0,36,0.8645743345985311,0.5056789805223051,20,SC2206.INE,704.0,714.2,13430,-19.0,SC2204.INE,757.7,739.0,7,-34.700000000000045,SC2503.INE,497.4,497.4,1072,-260.30000000000007,-0.11773894433425597,-0.14424971278152918,6057000.0,0.0,14.0
2022-03-25,SC2205.INE,731.2,733.8,709.5,722.6,723.1,723.0,731.5,-8.9,-8.4,218040,15767136.04,31079,-309.0,35,0.8788639743966981,0.5504117594970336,20,SC2206.INE,706.3,705.5,13393,-16.300000000000068,SC2204.INE,746.5,754.0,6,-23.899999999999977,SC2503.INE,522.9,522.9,1071,-223.60000000000002,-0.10265621413230443,-0.12201123207660419,6057000.0,0.0,14.0
2022-03-28,SC2205.INE,706.5,734.8,698.4,704.9,713.7,722.6,723.1,-18.2,-9.4,266981,19056474.68,27798,-3281.0,32,0.8840693927964741,0.5391284110083202,20,SC2206.INE,690.2,696.1,13253,-14.699999999999932,SC2204.INE,736.0,735.2,3,-31.100000000000023,SC2503.INE,521.3,521.3,1068,-214.70000000000005,-0.09997639824453973,-0.11820668153850505,6057000.0,0.0,14.0
2022-03-29,SC2205.INE,697.6,697.6,673.3,677.8,685.4,704.9,713.7,-35.9,-28.3,245505,16827460.64,28431,633.0,31,0.8638246067127129,0.5130560317603537,20,SC2206.INE,668.0,671.5,15962,-9.799999999999955,SC2204.INE,670.1,731.6,2,7.699999999999932,SC2503.INE,477.4,486.5,1067,-192.70000000000005,-0.09855651843709123,-0.11620785726962844,6057000.0,0.0,14.0
2022-03-30,SC2205.INE,642.0,690.9,638.0,690.7,662.8,677.8,685.4,5.3,-22.6,269101,17837058.67,27135,-1296.0,30,0.8476529770117115,0.4925755155387743,20,SC2206.INE,678.5,650.8,16467,-12.200000000000045,SC2204.INE,682.0,678.9,1,8.700000000000045,SC2503.INE,480.0,465.1,1066,-202.0,-0.10151033276885162,-0.12037924618653219,6057000.0,0.0,14.0
2022-03-31,SC2205.INE,695.0,701.5,661.1,675.1,686.5,690.7,662.8,12.3,23.7,216920,14891928.48,25559,-1576.0,29,0.8319749625089653,0.4628241344343039,20,SC2206.INE,666.8,672.1,17789,-8.300000000000068,SC2205.INE,675.1,686.5,29,0.0,SC2503.INE,485.2,485.2,1065,-189.90000000000003,-0.09910372208550257,-0.11637005077890382,6057000.0,0.0,14.0
2022-04-01,SC2205.INE,664.1,681.6,647.4,648.7,667.3,675.1,686.5,-37.8,-19.2,233864,15606036.35,23017,-2542.0,28,0.8168323402233973,0.4581044502826208,19,SC2206.INE,645.0,660.1,16780,-3.7000000000000455,SC2205.INE,648.7,667.3,28,0.0,SC2503.INE,485.2,485.2,1064,-163.50000000000006,-0.08879877366851319,-0.102315976688636,6057000.0,0.0,14.0
2022-04-06,SC2205.INE,663.2,680.8,660.5,677.1,673.9,648.7,667.3,9.8,6.6,57806,3895968.64,24435,1418.0,23,0.7215107716118725,0.4603081907919524,19,SC2206.INE,673.1,669.6,18031,-4.0,SC2205.INE,677.1,673.9,23,0.0,SC2503.INE,485.2,485.2,1059,-191.90000000000003,-0.09985165556720718,-0.11741225417849632,6057000.0,0.0,14.0
2022-04-07,SC2205.INE,680.0,680.7,623.3,628.7,646.8,677.1,673.9,-45.2,-27.1,246482,15943697.33,28556,4121.0,22,0.7611345283863696,0.48376221857053314,19,SC2206.INE,630.7,648.1,19653,2.0,SC2205.INE,628.7,646.8,22,0.0,SC2503.INE,494.9,494.9,1058,-133.80000000000007,-0.07498005629069733,-0.08430882509882134,6057000.0,0.0,14.0
2022-04-08,SC2205.INE,626.7,632.0,602.4,625.6,617.5,628.7,646.8,-21.2,-29.3,228551,14114724.16,29833,1277.0,21,0.7772997496871089,0.48424691999285796,20,SC2206.INE,628.9,621.7,20409,3.2999999999999545,SC2205.INE,625.6,617.5,21,0.0,SC2503.INE,504.9,504.9,1057,-120.70000000000005,-0.06797412707738795,-0.07551934533655834,6057000.0,0.0,14.0
2022-04-11,SC2205.INE,627.5,641.1,615.1,624.6,626.2,625.6,617.5,7.1,8.7,180614,11311040.05,27104,-2729.0,18,0.7512217845749437,0.45921859645555896,20,SC2206.INE,627.4,626.9,19401,2.7999999999999545,SC2205.INE,624.6,626.2,18,0.0,SC2503.INE,504.9,504.9,1054,-119.70000000000005,-0.06751888776384454,-0.07495572883127366,6057000.0,0.0,14.0
2022-04-12,SC2205.INE,610.0,636.8,606.8,635.4,617.4,624.6,626.2,9.2,-8.8,176449,10894500.2,27307,203.0,17,0.7314766834008366,0.43562255723059745,20,SC2206.INE,638.5,622.2,22291,3.1000000000000227,SC2205.INE,635.4,617.4,17,0.0,SC2503.INE,505.0,505.0,1053,-130.39999999999998,-0.07230419411722529,-0.08092581735947918,6057000.0,0.0,14.0
2022-04-13,SC2205.INE,637.4,655.9,635.8,650.5,648.9,635.4,617.4,33.1,31.5,147922,9598855.69,25635,-1672.0,16,0.6766974390879896,0.4051171023104396,20,SC2206.INE,652.8,650.7,24276,2.2999999999999545,SC2205.INE,650.5,648.9,16,0.0,SC2503.INE,515.1,515.0,1052,-135.39999999999998,-0.07333384773815212,-0.08222373369118963,6057000.0,0.0,14.0
2022-04-14,SC2206.INE,663.0,710.0,655.2,667.5,667.0,652.8,650.7,16.8,16.3,61376,4094131.52,25763,1487.0,47,0.3010029180255511,0.40941741092712075,20,SC2205.INE,666.0,664.5,23878,-1.5,SC2205.INE,666.0,664.5,15,1.5,SC2503.INE,515.0,515.0,1051,-151.0,-0.07987959001472517,-0.09058862066117603,5387000.0,-670000.0,14.0
2022-04-15,SC2206.INE,666.4,695.0,662.5,693.7,679.2,667.5,667.0,26.7,12.2,69861,4745353.8,29090,3327.0,46,0.36268442856994526,0.4486497324141335,20,SC2205.INE,690.2,676.2,21941,-3.5,SC2205.INE,690.2,676.2,14,3.5,SC2503.INE,533.5,533.5,1050,-156.70000000000005,-0.07998842593887509,-0.09072939582197365,5387000.0,0.0,14.0
2022-04-18,SC2206.INE,692.8,706.6,687.0,697.5,697.5,693.7,679.2,18.3,18.3,76405,5329829.39,34192,5102.0,43,0.522523816362679,0.5001462758176818,20,SC2205.INE,695.7,695.0,19421,-1.7999999999999545,SC2205.INE,695.7,695.0,11,1.7999999999999545,SC2503.INE,533.5,533.5,1047,-162.20000000000005,-0.08214137256828076,-0.09352577577079393,5387000.0,0.0,14.0
2022-04-19,SC2206.INE,698.2,711.8,693.3,695.9,702.1,697.5,697.5,-1.6,4.6,154448,10845327.84,35010,818.0,42,0.7593948363432539,0.5478101675820307,20,SC2205.INE,693.9,704.7,13052,-2.0,SC2205.INE,693.9,704.7,10,2.0,SC2503.INE,533.5,533.5,1046,-160.39999999999998,-0.08144052891134604,-0.09261303794859917,5387000.0,0.0,14.0
2022-04-20,SC2206.INE,684.9,687.0,665.0,676.6,675.0,695.9,702.1,-25.5,-27.1,226790,15309177.15,32685,-2325.0,41,0.9227019923593001,0.5372287968441815,19,SC2205.INE,676.5,676.9,12133,-0.10000000000002274,SC2205.INE,676.5,676.9,9,0.10000000000002274,SC2503.INE,533.5,533.5,1045,-143.0,-0.07447342813196474,-0.08366581327914833,5387000.0,0.0,14.0
2022-04-21,SC2206.INE,676.6,684.2,658.6,682.4,674.1,676.6,675.0,7.4,-0.9,227251,15320570.67,32179,-506.0,40,0.9226106620438222,0.5279919929117579,19,SC2205.INE,681.0,674.0,12053,-1.3999999999999773,SC2205.INE,681.0,674.0,8,1.3999999999999773,SC2503.INE,533.5,533.5,1044,-147.5,-0.07630939624331695,-0.08600162251333214,5387000.0,0.0,14.0
2022-04-22,SC2206.INE,675.8,693.4,665.5,674.0,680.9,682.4,674.1,-0.1,6.8,233243,15883499.71,32082,-97.0,39,0.9045860885415656,0.5239246170428193,19,SC2205.INE,672.0,681.1,11967,-2.0,SC2205.INE,672.0,681.1,7,2.0,SC2503.INE,533.5,533.5,1043,-138.5,-0.0726128711619783,-0.08131441454651508,5387000.0,0.0,14.0
2022-04-25,SC2206.INE,676.0,677.0,631.1,635.2,658.5,674.0,680.9,-45.7,-22.4,225190,14830976.29,30877,-1205.0,36,0.8840930773066157,0.5430355258529722,19,SC2207.INE,636.0,655.9,10720,0.7999999999999545,SC2205.INE,640.3,656.2,4,-5.099999999999909,SC2503.INE,518.9,518.9,1040,-121.39999999999998,-0.06679874359087226,-0.07406597973468901,5387000.0,0.0,14.0
2022-04-26,SC2206.INE,630.0,648.1,619.0,642.1,629.8,635.2,658.5,-16.4,-28.7,216816,13655111.96,27309,-3568.0,35,0.8690020040080161,0.5174315055515556,19,SC2207.INE,644.6,633.5,11789,2.5,SC2205.INE,648.2,639.2,3,-6.100000000000023,SC2503.INE,496.0,497.5,1039,-152.20000000000005,-0.08272537314499674,-0.09428815429886067,5387000.0,0.0,14.0
2022-04-27,SC2206.INE,644.1,666.4,643.2,664.7,655.9,642.1,629.8,34.9,26.1,231518,15186031.16,26676,-633.0,34,0.8318261025779214,0.49034961949928313,19,SC2207.INE,665.4,657.7,14454,0.6999999999999318,SC2205.INE,663.4,649.7,2,1.3000000000000682,SC2503.INE,497.5,497.5,1038,-165.89999999999998,-0.08810570443823382,-0.1013905772381478,5387000.0,0.0,14.0
2022-04-28,SC2206.INE,656.9,662.1,639.3,652.8,650.7,664.7,655.9,-3.1,-5.2,228410,14863610.84,25187,-1489.0,33,0.8454118796636266,0.4708026468279188,19,SC2207.INE,653.5,650.6,15044,0.7000000000000455,SC2205.INE,646.8,661.6,1,6.0,SC2503.INE,497.5,497.5,1037,-149.29999999999995,-0.08132478157988361,-0.0924625226380995,5387000.0,0.0,14.0
2022-04-29,SC2206.INE,655.3,682.5,653.4,673.4,666.9,652.8,650.7,22.7,16.2,188675,12583849.98,22387,-2800.0,32,0.8076011026264425,0.43693034330659486,19,SC2207.INE,674.6,669.2,14964,1.2000000000000455,SC2206.INE,673.4,666.9,32,0.0,SC2503.INE,507.4,507.4,1036,-166.0,-0.08961776890063744,-0.1028979569124047,5387000.0,0.0,14.0
2022-05-05,SC2206.INE,690.0,698.8,686.6,693.1,692.6,673.4,666.9,26.2,25.7,42571,2948514.64,23251,864.0,26,0.6807112361886183,0.46071690411556065,18,SC2207.INE,696.5,694.4,17459,3.3999999999999773,SC2206.INE,693.1,692.6,26,0.0,SC2503.INE,533.1,533.1,1030,-160.0,-0.08392343193953375,-0.09541814916310423,5387000.0,0.0,14.0
2022-05-06,SC2206.INE,700.6,713.0,683.1,697.7,697.2,693.1,692.6,5.1,4.6,197279,13755147.03,23684,433.0,25,0.7508182620874436,0.4413633737723859,18,SC2207.INE,699.4,699.5,18388,1.6999999999999318,SC2206.INE,697.7,697.2,25,0.0,SC2503.INE,533.1,533.1,1029,-164.60000000000002,-0.08576700793215272,-0.0978229763919458,5387000.0,0.0,14.0
2022-05-09,SC2206.INE,701.5,716.4,692.3,702.7,704.8,697.7,697.2,5.5,7.6,210305,14823797.55,23787,103.0,22,0.745688371367382,0.43169031977060723,18,SC2207.INE,704.4,705.8,19386,1.6999999999999318,SC2206.INE,702.7,704.8,22,0.0,SC2503.INE,533.1,533.1,1026,-169.60000000000002,-0.0877435185967387,-0.10041900153868963,5387000.0,0.0,14.0
2022-05-10,SC2206.INE,695.0,702.3,646.8,657.4,672.9,702.7,704.8,-47.4,-31.9,244782,16471830.4,22658,-1129.0,21,0.7271393221778949,0.39208153800896367,19,SC2207.INE,657.1,670.8,21073,-0.2999999999999545,SC2206.INE,657.4,672.9,21,0.0,SC2503.INE,500.0,498.8,1025,-157.39999999999998,-0.08704306594734537,-0.09949687791324047,6054000.0,667000.0,14.0
2022-05-11,SC2206.INE,661.0,667.5,641.5,661.2,655.7,657.4,672.9,-11.7,-17.2,230761,15132423.75,22691,33.0,20,0.7254513617086826,0.3806895394681654,19,SC2207.INE,663.4,657.3,22613,2.199999999999932,SC2206.INE,661.2,655.7,20,0.0,SC2503.INE,498.8,498.8,1024,-162.40000000000003,-0.08929195498706925,-0.10246580730225151,6054000.0,0.0,14.0
2022-05-12,SC2207.INE,667.8,688.6,664.7,678.3,678.8,663.4,657.3,21.0,21.5,75291,5111269.15,23284,671.0,49,0.25415541452876045,0.39676913639152067,19,SC2206.INE,678.7,679.1,20288,0.40000000000009095,SC2206.INE,678.7,679.1,19,-0.40000000000009095,SC2503.INE,511.5,511.5,1023,-167.20000000000005,-0.0895607198434786,-0.10282225167936404,6054000.0,0.0,14.0
2022-05-13,SC2207.INE,678.3,704.1,676.5,697.1,692.7,678.3,678.8,18.3,13.9,71163,4929479.4,26273,2989.0,48,0.2805868576069899,0.4312563605922327,19,SC2206.INE,690.6,690.2,19037,-6.5,SC2206.INE,690.6,690.2,18,6.5,SC2503.INE,510.4,510.4,1022,-180.20000000000005,-0.09486092698421493,-0.10992391366308653,6054000.0,0.0,14.0
2022-05-16,SC2207.INE,705.8,713.7,692.1,700.2,702.3,697.1,692.7,7.5,9.6,81503,5724241.33,28366,2093.0,45,0.3422223901779491,0.4497685038371282,19,SC2206.INE,702.5,704.7,18162,2.2999999999999545,SC2206.INE,702.5,704.7,15,-2.2999999999999545,SC2503.INE,517.4,517.4,1019,-185.10000000000002,-0.09578979455842114,-0.11118290137592612,6054000.0,0.0,14.0
2022-05-17,SC2207.INE,708.0,729.2,704.1,723.0,716.4,700.2,702.3,20.7,14.1,93723,6714657.17,33791,5425.0,44,0.3997841610005375,0.4995638739817566,19,SC2206.INE,729.9,719.3,16655,6.899999999999977,SC2206.INE,729.9,719.3,14,-6.899999999999977,SC2503.INE,543.2,543.2,1018,-186.69999999999993,-0.0929908261187337,-0.10740232690018084,6054000.0,0.0,14.0
2022-05-18,SC2207.INE,721.6,727.6,701.6,704.0,714.8,723.0,716.4,-12.4,-1.6,140389,10035112.12,33182,-609.0,43,0.5525733673405127,0.5261138417631204,19,SC2206.INE,711.7,723.0,11876,7.7000000000000455,SC2206.INE,711.7,723.0,13,-7.7000000000000455,SC2503.INE,543.2,543.2,1017,-168.5,-0.0860720389483236,-0.09822240815953165,5853000.0,-201000.0,14.0
2022-05-19,SC2207.INE,711.4,714.0,682.1,694.4,694.6,704.0,714.8,-20.4,-20.2,260010,18060398.14,32677,-505.0,42,0.7875940532877758,0.5434753683930412,19,SC2208.INE,692.3,692.6,10480,-2.1000000000000227,SC2206.INE,702.0,701.0,12,-7.600000000000023,SC2503.INE,543.2,543.2,1016,-158.79999999999995,-0.08223799956867682,-0.09323344336671663,5853000.0,0.0,14.0
2022-05-20,SC2207.INE,668.0,703.9,667.0,697.9,690.4,694.4,694.6,3.3,-4.2,266582,18406997.74,32912,235.0,41,0.8976852568980961,0.5505336054330735,19,SC2208.INE,693.6,687.3,10451,-4.2999999999999545,SC2206.INE,703.0,695.1,11,-5.100000000000023,SC2503.INE,556.9,556.9,1015,-146.10000000000002,-0.07555340515604723,-0.08469570562100631,5853000.0,0.0,14.0
2022-05-23,SC2207.INE,700.4,709.1,690.2,706.0,700.9,697.9,690.4,15.6,10.5,210143,14730713.92,34102,1190.0,38,0.9073257716735678,0.5545130815135205,19,SC2208.INE,701.2,698.2,10786,-4.7999999999999545,SC2206.INE,709.7,706.3,8,-3.7000000000000455,SC2503.INE,556.9,556.9,1012,-152.80000000000007,-0.07827222882459177,-0.08814410264082645,7841000.0,1988000.0,14.0
2022-05-24,SC2207.INE,706.0,706.0,684.1,685.8,693.9,706.0,700.9,-15.1,-7.0,216242,15006843.27,34778,676.0,37,0.8849284460286216,0.5535870620632571,20,SC2208.INE,684.3,690.0,11222,-1.5,SC2206.INE,697.1,695.9,7,-11.300000000000068,SC2503.INE,548.0,548.0,1011,-149.10000000000002,-0.07775739675068198,-0.08748860430645738,7841000.0,0.0,14.0
2022-05-25,SC2207.INE,696.1,713.2,692.5,709.4,701.6,685.8,693.9,15.5,7.7,213439,14974901.66,35794,1016.0,36,0.8727434055307265,0.5643693928070258,20,SC2208.INE,703.6,699.1,11373,-5.7999999999999545,SC2206.INE,716.0,702.9,6,-6.600000000000023,SC2503.INE,548.0,548.0,1010,-168.0,-0.08530125308820584,-0.09721392550259958,7841000.0,0.0,14.0
2022-05-26,SC2207.INE,710.0,716.8,701.4,714.9,708.4,709.4,701.6,13.3,6.8,178375,12637358.43,36310,516.0,35,0.8381693019758946,0.5884164127827834,20,SC2208.INE,708.2,703.7,12055,-6.699999999999932,SC2206.INE,723.5,714.0,5,-8.600000000000023,SC2503.INE,548.0,548.0,1009,-175.5,-0.08818561276662526,-0.10100221073713732,7841000.0,0.0,14.0
2022-05-27,SC2207.INE,716.1,742.7,713.4,730.3,731.3,714.9,708.4,21.9,22.9,175685,12848533.96,38352,2042.0,34,0.8056912246910183,0.5825472772841194,19,SC2208.INE,724.2,726.1,13901,-6.099999999999909,SC2206.INE,731.3,740.7,4,-1.0,SC2503.INE,557.7,557.7,1008,-173.5999999999999,-0.0863004974495563,-0.09852185751166337,7841000.0,0.0,14.0
2022-05-30,SC2207.INE,728.0,744.2,724.0,734.8,732.7,730.3,731.3,3.5,1.4,163744,11997670.6,36974,-1378.0,31,0.8217357702769162,0.5546904301123663,19,SC2208.INE,729.5,728.7,15483,-5.2999999999999545,SC2206.INE,725.7,729.1,1,9.099999999999909,SC2503.INE,557.7,557.7,1005,-168.0,-0.08416108200517482,-0.09572725682702476,7841000.0,0.0,14.0
2022-05-31,SC2207.INE,736.3,760.2,734.0,757.2,745.1,734.8,732.7,24.5,12.4,122120,9100180.59,36732,-242.0,30,0.7711738109070702,0.5182572379931147,19,SC2208.INE,753.5,743.0,18511,-3.7000000000000455,SC2207.INE,757.2,745.1,30,0.0,SC2503.INE,555.0,554.0,1004,-202.20000000000005,-0.10007012759642954,-0.11641750158099351,7841000.0,0.0,14.0
2022-06-01,SC2207.INE,758.5,763.5,725.1,734.9,742.4,757.2,745.1,-10.2,-2.7,228051,16932065.68,33750,-2982.0,29,0.7787430210520924,0.5153065119474769,19,SC2208.INE,729.4,735.3,18504,-5.5,SC2207.INE,734.9,742.4,29,0.0,SC2506.INE,504.0,533.0,1094,-230.89999999999998,-0.10768096582397271,-0.12926078039827396,7841000.0,0.0,14.0
2022-06-02,SC2207.INE,736.0,744.6,710.0,714.5,730.1,734.9,742.4,-27.9,-12.3,203933,14889255.13,30233,-3517.0,28,0.7617569495805225,0.46633554935139054,19,SC2208.INE,711.8,722.7,19619,-2.7000000000000455,SC2207.INE,714.5,730.1,28,0.0,SC2506.INE,533.0,533.0,1093,-181.5,-0.08705979755369164,-0.10043894292909701,5853000.0,-1988000.0,14.0
2022-06-06,SC2207.INE,756.1,757.8,743.0,750.2,749.6,714.5,730.1,20.1,19.5,52101,3905807.31,31614,1381.0,24,0.6444155844155844,0.4647614007232954,19,SC2208.INE,746.7,746.3,20170,-3.5,SC2207.INE,750.2,749.6,24,0.0,SC2506.INE,536.0,536.0,1089,-214.20000000000005,-0.09785559531542763,-0.11522541967192441,5853000.0,0.0,14.0
2022-06-07,SC2207.INE,744.9,755.6,741.2,753.9,747.8,750.2,749.6,4.3,-1.8,138492,10356675.39,32627,1013.0,23,0.7600430258594196,0.4706247205273559,18,SC2208.INE,751.0,745.4,20565,-2.8999999999999773,SC2207.INE,753.9,747.8,23,0.0,SC2503.INE,564.5,564.5,997,-189.39999999999998,-0.0941456241371017,-0.10842049549712308,5853000.0,0.0,14.0
2022-06-08,SC2207.INE,748.9,759.7,742.0,758.0,753.1,753.9,747.8,10.2,5.3,156159,11760356.81,33259,632.0,22,0.7434089632387245,0.4671011052905074,18,SC2208.INE,754.8,750.6,21099,-3.2000000000000455,SC2207.INE,758.0,753.1,22,0.0,SC2503.INE,566.9,566.9,996,-191.10000000000002,-0.09447684655935594,-0.10886311034283523,5853000.0,0.0,14.0
2022-06-09,SC2207.INE,762.8,783.4,757.2,770.1,770.0,758.0,753.1,17.0,16.9,164872,12695706.81,34291,1032.0,21,0.7194969212171993,0.46059718733629734,18,SC2208.INE,767.3,767.6,23031,-2.800000000000068,SC2207.INE,770.1,770.0,21,0.0,SC2503.INE,595.0,595.0,995,-175.10000000000002,-0.08520654001840346,-0.09666840288998436,5853000.0,0.0,14.0
2022-06-10,SC2207.INE,770.0,775.9,761.2,767.9,770.4,770.1,770.0,-2.1,0.4,133797,10308615.26,32530,-1761.0,20,0.7287815240481508,0.44486078442098353,18,SC2208.INE,764.6,766.4,23014,-3.2999999999999545,SC2207.INE,767.9,770.4,20,0.0,SC2503.INE,577.0,577.0,994,-190.89999999999998,-0.09316122024572736,-0.10710810696854761,5853000.0,0.0,14.0
2022-06-13,SC2207.INE,770.5,771.0,747.1,753.5,757.0,767.9,770.4,-16.9,-13.4,199443,15099804.06,30637,-1893.0,17,0.7093046827488344,0.41977118586010825,18,SC2208.INE,749.5,754.0,24795,-4.0,SC2207.INE,753.5,757.0,17,0.0,SC2503.INE,577.0,577.0,991,-176.5,-0.0877799563706127,-0.10001402907477872,5853000.0,0.0,14.0
2022-06-14,SC2207.INE,757.0,778.3,748.2,774.8,764.9,753.5,757.0,17.8,7.9,198833,15210684.62,30927,290.0,16,0.676440770225216,0.4088277284263959,18,SC2208.INE,768.8,758.3,27313,-6.0,SC2207.INE,774.8,764.9,16,0.0,SC2503.INE,550.0,550.0,990,-224.79999999999995,-0.10872780045774547,-0.12841953640329398,5853000.0,0.0,14.0
2022-06-15,SC2207.INE,780.0,787.2,756.1,758.0,773.4,774.8,764.9,-6.9,8.5,180194,13937323.7,28403,-2524.0,15,0.6381236697936475,0.38068113280883514,18,SC2208.INE,750.7,764.6,28202,-7.2999999999999545,SC2207.INE,758.0,773.4,15,0.0,SC2503.INE,550.0,558.0,989,-208.0,-0.10283194183331257,-0.12020458337452472,5853000.0,0.0,14.0
2022-06-16,SC2208.INE,749.8,751.9,737.3,741.1,744.2,750.7,764.6,-23.5,-20.4,97314,7242917.26,31298,3096.0,43,0.3412754078583753,0.4190667470040838,18,SC2207.INE,745.4,749.3,24071,4.2999999999999545,SC2207.INE,745.4,749.3,14,-4.2999999999999545,SC2503.INE,558.0,558.0,988,-187.39999999999998,-0.09421370993289989,-0.1085114363473349,5853000.0,0.0,14.0
2022-06-17,SC2208.INE,736.0,740.3,716.7,738.6,729.8,741.1,744.2,-5.6,-14.4,161798,11809247.45,35032,3734.0,42,0.48450493344712453,0.4780111070176157,18,SC2207.INE,738.0,730.0,17438,-0.6000000000000227,SC2207.INE,738.0,730.0,13,0.6000000000000227,SC2503.INE,539.0,539.0,987,-199.0,-0.10104867475779479,-0.11775494106508057,5853000.0,0.0,14.0
2022-06-20,SC2208.INE,732.4,733.7,687.0,692.9,704.6,738.6,729.8,-36.9,-25.2,302822,21338966.75,36648,1616.0,39,0.7546420321023527,0.5425234267442377,18,SC2209.INE,687.3,697.6,12321,-5.600000000000023,SC2207.INE,691.5,710.6,10,1.3999999999999773,SC2503.INE,539.0,539.0,984,-152.5,-0.08264404524877474,-0.09336639298919175,5853000.0,0.0,14.0
2022-06-21,SC2208.INE,692.9,714.3,690.0,708.2,701.6,692.9,704.6,3.6,-3.0,166119,11656248.61,35636,-1012.0,38,0.8520802023010202,0.5348662684237385,18,SC2209.INE,703.2,696.6,12411,-5.0,SC2207.INE,708.2,701.2,9,0.0,SC2503.INE,539.0,539.0,983,-169.20000000000005,-0.08953201192020493,-0.1023090386043268,5853000.0,0.0,14.0
2022-06-22,SC2208.INE,712.0,721.2,682.9,683.9,704.5,708.2,701.6,-17.7,2.9,234871,16548157.16,39152,3516.0,37,0.8347555666127627,0.5483166209175957,18,SC2209.INE,677.5,694.5,13498,-6.399999999999977,SC2207.INE,682.0,711.9,8,1.8999999999999773,SC2503.INE,524.0,524.0,982,-158.0,-0.08681736889327801,-0.09875909685388427,5853000.0,0.0,14.0
2022-06-23,SC2208.INE,676.0,703.3,672.5,694.4,687.9,683.9,704.5,-10.1,-16.6,284977,19604958.87,40444,1292.0,36,0.839963687060273,0.5314236909532882,18,SC2209.INE,689.8,681.7,16874,-4.600000000000023,SC2207.INE,692.4,683.6,7,2.0,SC2503.INE,528.0,526.0,981,-164.39999999999998,-0.08897718497218851,-0.10158075149123649,5853000.0,0.0,14.0
2022-06-24,SC2208.INE,698.6,706.2,670.2,675.1,687.8,694.4,687.9,-12.8,-0.1,292048,20087856.44,41656,1212.0,35,0.8211738043621906,0.5595615496211918,18,SC2209.INE,672.1,681.9,19126,-3.0,SC2207.INE,674.1,676.4,6,1.0,SC2503.INE,526.0,526.0,980,-148.10000000000002,-0.0823312366903685,-0.09296529581048707,5853000.0,0.0,15.0
2022-06-27,SC2208.INE,690.5,703.7,676.3,700.5,692.6,675.1,687.8,12.7,4.8,258983,17937745.76,39533,-2123.0,32,0.81030436904747,0.5510209770715729,18,SC2209.INE,694.4,687.7,20905,-6.100000000000023,SC2207.INE,695.0,688.0,3,5.5,SC2503.INE,526.0,526.0,977,-169.0,-0.09112463622531133,-0.10440747534074439,5853000.0,0.0,15.0
2022-06-28,SC2208.INE,702.1,729.0,693.3,727.6,710.3,700.5,692.6,35.0,17.7,231393,16436100.87,37218,-2315.0,31,0.7992877350180829,0.5137201855123675,18,SC2209.INE,720.8,706.0,22481,-6.800000000000068,SC2207.INE,720.9,709.2,2,6.7000000000000455,SC2503.INE,526.0,526.0,976,-194.89999999999998,-0.10131429370599095,-0.11811880371209488,5853000.0,0.0,15.0
2022-06-29,SC2208.INE,728.7,736.2,719.7,727.7,728.3,727.6,710.3,17.4,18.0,219041,15954159.47,32812,-4406.0,30,0.8130546946047772,0.4760398682664268,18,SC2209.INE,720.6,721.2,22244,-7.100000000000023,SC2207.INE,720.1,721.4,1,7.600000000000023,SC2503.INE,528.9,528.9,975,-191.20000000000005,-0.09950135262413647,-0.11564231038167735,5853000.0,0.0,15.0
2022-06-30,SC2208.INE,743.3,747.6,720.4,720.6,734.6,727.7,728.3,-7.7,6.3,201127,14776202.92,29260,-3552.0,29,0.7811940449233088,0.43409886653611063,18,SC2209.INE,712.5,725.4,22905,-8.100000000000023,SC2208.INE,720.6,734.6,29,0.0,SC2503.INE,528.9,528.9,974,-191.70000000000005,-0.10275167519130886,-0.11945921628396977,5853000.0,0.0,15.0
2022-07-01,SC2208.INE,722.1,724.1,693.9,696.6,705.4,720.6,734.6,-38.0,-29.2,242438,17102998.68,28440,-820.0,28,0.7762338069837286,0.42165191478005604,17,SC2209.INE,687.7,696.1,23152,-8.899999999999977,SC2208.INE,696.6,705.4,28,0.0,SC2503.INE,504.8,505.9,973,-191.8,-0.10634723152667452,-0.12438931433575401,5213000.0,-640000.0,15.0
2022-07-04,SC2208.INE,716.4,719.2,702.8,716.9,710.8,696.6,705.4,11.5,5.4,207050,14718759.71,31372,2932.0,25,0.7713571489775466,0.4309991894379645,17,SC2209.INE,706.6,701.3,24667,-10.299999999999955,SC2208.INE,716.9,710.8,25,0.0,SC2503.INE,500.5,500.5,970,-216.39999999999998,-0.1165895784392088,-0.1387883578495198,5213000.0,0.0,15.0
2022-07-05,SC2208.INE,723.9,736.6,719.1,723.0,727.0,716.9,710.8,12.2,16.2,138248,10051562.19,33871,2499.0,24,0.7559327223814002,0.44611716980138033,17,SC2209.INE,709.6,714.7,24672,-13.399999999999977,SC2208.INE,723.0,727.0,24,0.0,SC2503.INE,516.5,516.5,969,-206.5,-0.11031709441114695,-0.12990675742186356,4363000.0,-850000.0,15.0
2022-07-06,SC2208.INE,714.4,714.7,658.1,676.0,677.8,723.0,727.0,-51.0,-49.2,377837,25610568.08,34498,627.0,23,0.732263534792678,0.4212621501489767,18,SC2209.INE,655.5,663.1,29589,-20.5,SC2208.INE,676.0,677.8,23,0.0,SC2506.INE,447.4,455.2,1059,-228.60000000000002,-0.1191413835644605,-0.14541516394809967,4363000.0,0.0,15.0
2022-07-07,SC2208.INE,673.8,673.8,631.7,642.3,645.9,676.0,677.8,-35.5,-31.9,334908,21634045.8,33968,-530.0,22,0.7214206628553703,0.4189907611846406,18,SC2209.INE,629.8,633.4,30208,-12.5,SC2208.INE,642.3,645.9,22,0.0,SC2506.INE,451.8,453.3,1058,-190.49999999999994,-0.10449371437227578,-0.1239505755636033,4363000.0,0.0,15.0
2022-07-08,SC2209.INE,635.7,668.9,635.7,663.0,658.7,629.8,633.4,29.6,25.3,85652,5642257.23,32084,1876.0,54,0.23656591099916036,0.39142581770712603,18,SC2208.INE,678.1,674.8,30686,15.100000000000023,SC2208.INE,678.1,674.8,21,-15.100000000000023,SC2506.INE,460.0,462.3,1057,-218.10000000000002,-0.11331699006820674,-0.13672289794925618,4363000.0,0.0,15.0
2022-07-11,SC2209.INE,663.0,680.0,661.4,669.5,670.7,663.0,658.7,10.8,12.0,88095,5909407.6,32846,762.0,51,0.249801508535133,0.3970072763313752,18,SC2208.INE,680.3,686.0,30455,10.799999999999955,SC2208.INE,680.3,686.0,18,-10.799999999999955,SC2506.INE,462.3,462.3,1054,-217.99999999999994,-0.11289874952964764,-0.136106895675912,4363000.0,0.0,15.0
2022-07-12,SC2209.INE,665.8,675.2,656.8,664.7,666.5,669.5,670.7,-6.0,-4.2,81073,5403630.92,34295,1449.0,50,0.26485962012166037,0.4100850183548769,18,SC2208.INE,677.4,679.6,29402,12.699999999999932,SC2208.INE,677.4,679.6,17,-12.699999999999932,SC2506.INE,419.5,448.6,1053,-257.9,-0.1341341183015231,-0.16882955722383186,4363000.0,0.0,15.0
2022-07-13,SC2209.INE,652.2,654.5,624.0,641.5,636.9,664.7,666.5,-25.0,-29.6,112749,7181231.41,34264,-31.0,49,0.31813692847710523,0.42868045390283877,18,SC2208.INE,658.5,652.1,26720,17.0,SC2208.INE,658.5,652.1,16,-17.0,SC2506.INE,448.6,448.6,1052,-209.89999999999998,-0.11230258895406957,-0.13523070286726652,3448000.0,-915000.0,15.0
2022-07-14,SC2209.INE,631.0,641.1,623.7,628.3,632.6,641.5,636.9,-8.6,-4.3,125256,7924531.22,38909,4645.0,48,0.3755757052389177,0.46691547064753036,18,SC2208.INE,650.3,650.6,24691,22.0,SC2208.INE,650.3,650.6,15,-22.0,SC2506.INE,448.6,448.6,1051,-201.69999999999993,-0.10927611669576913,-0.1308159199497918,3448000.0,0.0,15.0
2022-07-15,SC2209.INE,625.0,628.3,598.8,614.2,614.7,628.3,632.6,-18.4,-17.9,175975,10818317.85,43875,4966.0,47,0.4330562364035476,0.5028365136668386,19,SC2208.INE,648.0,637.8,22682,33.799999999999955,SC2208.INE,648.0,637.8,14,-33.799999999999955,SC2506.INE,446.4,446.4,1050,-201.60000000000002,-0.10960960960960961,-0.13129969027904279,3448000.0,0.0,15.0
2022-07-18,SC2209.INE,631.0,658.9,623.3,658.0,638.0,614.2,614.7,43.3,23.3,204267,13032828.18,45348,1473.0,44,0.565199345889814,0.5431483632966427,19,SC2208.INE,683.0,666.8,15300,25.0,SC2208.INE,683.0,666.8,11,-25.0,SC2506.INE,430.6,430.1,1047,-252.39999999999998,-0.13019723341831685,-0.16252903015810086,2058000.0,-1390000.0,15.0
2022-07-19,SC2209.INE,660.0,672.4,659.5,663.1,666.5,658.0,638.0,25.1,28.5,210653,14041491.11,50389,5041.0,43,0.7877970792273603,0.612460953168111,19,SC2210.INE,649.0,651.4,15494,-14.100000000000023,SC2208.INE,704.4,697.0,10,-41.299999999999955,SC2506.INE,448.6,448.6,1046,-255.79999999999995,-0.12794234365784618,-0.15897044923322315,2058000.0,0.0,15.0
2022-07-20,SC2209.INE,652.4,672.8,646.1,662.2,662.1,663.1,666.5,-4.3,-4.4,256974,17015838.77,52505,2116.0,42,0.8958136519080669,0.6154829029270752,19,SC2210.INE,647.7,648.1,16625,-14.5,SC2208.INE,706.0,702.5,9,-43.799999999999955,SC2506.INE,449.6,449.6,1045,-256.4,-0.12795180854670937,-0.1589853114898867,2058000.0,0.0,15.0
2022-07-21,SC2209.INE,660.1,669.6,656.0,659.7,662.8,662.2,662.1,-2.4,0.7,218898,14510425.12,53574,1069.0,41,0.8919976202312939,0.6235262624969449,19,SC2210.INE,646.0,648.1,17212,-13.700000000000045,SC2208.INE,704.2,705.2,8,-44.5,SC2506.INE,446.3,446.3,1044,-257.90000000000003,-0.1290293265229363,-0.1606813974964196,2058000.0,0.0,15.0
2022-07-22,SC2209.INE,646.0,660.7,643.2,659.9,651.1,659.7,662.8,-2.9,-11.7,259257,16880488.27,53878,304.0,40,0.8695989051902836,0.6381910142970517,19,SC2210.INE,644.2,637.0,17165,-15.699999999999932,SC2208.INE,705.5,697.0,7,-45.60000000000002,SC2506.INE,446.3,446.3,1043,-259.2,-0.12944077012113867,-0.16133119775583032,2058000.0,0.0,15.0
2022-07-25,SC2209.INE,647.0,664.2,637.2,639.6,652.1,659.9,651.1,-11.5,1.0,263672,17194228.7,52738,-1140.0,37,0.8742440318302387,0.6205857779974348,19,SC2210.INE,622.0,632.8,18293,-17.600000000000023,SC2208.INE,684.9,695.7,4,-45.299999999999955,SC2506.INE,446.3,446.3,1040,-238.59999999999997,-0.12273724823002087,-0.15089067254589947,2058000.0,0.0,15.0
2022-07-26,SC2209.INE,652.9,681.5,648.0,678.5,660.5,639.6,652.1,26.4,8.4,216500,14301383.01,54265,1527.0,36,0.8594509835056867,0.6053118864893807,19,SC2210.INE,654.5,642.3,19691,-24.0,SC2208.INE,676.6,703.6,3,1.8999999999999773,SC2506.INE,472.0,472.0,1039,-204.60000000000002,-0.10653854099021112,-0.12686965620442497,2058000.0,0.0,15.0
2022-07-27,SC2209.INE,679.2,682.7,652.3,659.9,666.3,678.5,660.5,-0.6,5.8,214878,14318568.24,48354,-5911.0,35,0.8741985353946298,0.5762122096833776,19,SC2210.INE,638.8,645.3,19221,-21.100000000000023,SC2208.INE,650.0,660.6,2,9.899999999999977,SC2506.INE,458.0,458.0,1038,-192.0,-0.10406890406890405,-0.12334716240642539,1740000.0,-318000.0,15.0
2022-07-28,SC2209.INE,663.3,691.8,654.6,690.7,674.7,659.9,666.3,24.4,8.4,231351,15609995.0,46082,-2272.0,34,0.8519709222678863,0.5498520427644139,19,SC2210.INE,670.4,657.3,20660,-20.300000000000068,SC2208.INE,676.4,695.1,1,14.300000000000068,SC2506.INE,480.0,483.6,1037,-196.39999999999998,-0.10229890700026713,-0.12084407074296169,1740000.0,0.0,15.0
2022-07-29,SC2209.INE,691.2,691.3,675.7,686.6,682.2,690.7,674.7,11.9,7.5,213163,14543703.31,41643,-4439.0,33,0.8481905178759724,0.5078724312458077,19,SC2210.INE,666.4,663.4,22750,-20.200000000000045,SC2209.INE,686.6,682.2,33,0.0,SC2506.INE,483.6,483.6,1036,-203.0,-0.10759303795575116,-0.12754758049180284,1740000.0,0.0,15.0
2022-08-01,SC2209.INE,695.7,711.7,687.3,692.1,700.0,686.6,682.2,9.9,17.8,205426,14380746.68,36729,-4914.0,30,0.8321592488019477,0.47312285040769797,18,SC2210.INE,673.0,678.0,23328,-19.100000000000023,SC2209.INE,692.1,700.0,30,0.0,SC2506.INE,492.0,489.2,1033,-200.10000000000002,-0.10521318575698997,-0.12418433114133698,1740000.0,0.0,15.0
2022-08-02,SC2209.INE,680.2,681.4,663.4,681.0,673.7,692.1,700.0,-19.0,-26.3,238704,16082693.65,32378,-4351.0,29,0.7749676966930504,0.45681311549422954,18,SC2210.INE,662.6,652.7,21098,-18.399999999999977,SC2209.INE,681.0,673.7,29,0.0,SC2506.INE,489.2,489.2,1032,-191.8,-0.10249281524003613,-0.12037754671268266,1740000.0,0.0,15.0
2022-08-03,SC2209.INE,680.1,689.9,675.3,677.8,681.0,681.0,673.7,4.1,7.3,203495,13859009.4,31801,-577.0,28,0.7763340111321784,0.44790771701009874,18,SC2210.INE,662.5,664.6,22383,-15.299999999999955,SC2209.INE,677.8,681.0,28,0.0,SC2506.INE,489.2,489.2,1031,-188.59999999999997,-0.10125863189422585,-0.11866352164145143,1740000.0,0.0,15.0
2022-08-04,SC2209.INE,692.8,692.8,655.0,657.7,670.4,677.8,681.0,-23.3,-10.6,215806,14468206.18,31642,-159.0,27,0.7569988880353303,0.4427250213373256,19,SC2210.INE,641.4,653.2,22767,-16.300000000000068,SC2209.INE,657.7,670.4,27,0.0,SC2506.INE,499.3,493.6,1030,-158.40000000000003,-0.08764341004658216,-0.10027193491751817,1740000.0,0.0,15.0
2022-08-05,SC2209.INE,660.1,660.2,643.6,653.0,650.6,657.7,670.4,-17.4,-19.8,155469,10116136.0,31275,-367.0,26,0.7465641596957444,0.42225852617935355,19,SC2210.INE,632.4,633.6,25120,-20.600000000000023,SC2209.INE,653.0,650.6,26,0.0,SC2506.INE,477.9,477.9,1029,-175.10000000000002,-0.0975809172787915,-0.1136032927693881,1740000.0,0.0,15.0
2022-08-08,SC2209.INE,646.0,668.3,642.3,665.2,657.9,653.0,650.6,14.6,7.3,165875,10913776.5,28455,-2820.0,23,0.7267091629975247,0.3955654410231459,19,SC2210.INE,642.8,633.9,25231,-22.40000000000009,SC2209.INE,665.2,657.9,23,0.0,SC2506.INE,458.6,464.7,1026,-206.60000000000002,-0.11302382689574092,-0.13534089986706235,1740000.0,0.0,15.0
2022-08-09,SC2210.INE,630.2,655.4,630.2,650.4,644.2,642.8,633.9,16.5,10.3,49384,3181528.04,28772,3541.0,45,0.26026920766092904,0.380995259408353,19,SC2209.INE,671.3,664.6,27586,20.899999999999977,SC2209.INE,671.3,664.6,22,-20.899999999999977,SC2506.INE,464.7,464.7,1025,-206.59999999999997,-0.1119967967392326,-0.13385423192584964,1740000.0,0.0,15.0
2022-08-10,SC2210.INE,662.0,663.2,646.4,649.9,654.0,650.4,644.2,5.7,9.8,56831,3717239.22,29753,981.0,44,0.3102975702975703,0.3968918828786767,19,SC2209.INE,675.5,677.5,25910,25.600000000000023,SC2209.INE,675.5,677.5,21,-25.600000000000023,SC2506.INE,464.7,464.7,1024,-210.8,-0.11356308572432221,-0.13612393746550558,1740000.0,0.0,15.0
2022-08-11,SC2210.INE,653.0,668.5,638.5,665.6,654.5,649.9,654.0,11.6,0.5,73012,4779158.7,32721,2968.0,43,0.32660985483907046,0.417903394722726,19,SC2209.INE,691.1,679.3,25329,25.5,SC2209.INE,691.1,679.3,20,-25.5,SC2506.INE,479.7,479.1,1023,-211.40000000000003,-0.1113155974126528,-0.13287150772193979,1740000.0,0.0,15.0
2022-08-12,SC2210.INE,673.6,679.0,665.9,677.7,672.7,665.6,654.5,23.2,18.2,52171,3509589.26,35548,2827.0,42,0.3418224942015122,0.43927635806435666,19,SC2209.INE,703.6,698.0,24611,25.899999999999977,SC2209.INE,703.6,698.0,19,-25.899999999999977,SC2506.INE,479.1,479.1,1022,-224.5,-0.11611342776672823,-0.13985019359484466,1740000.0,0.0,15.0
2022-08-15,SC2210.INE,671.4,674.2,662.6,668.5,667.5,677.7,672.7,-4.2,-5.2,64899,4332295.72,35203,-345.0,39,0.38104156881164863,0.44966022889842633,19,SC2209.INE,697.2,695.7,21609,28.700000000000045,SC2209.INE,697.2,695.7,16,-28.700000000000045,SC2506.INE,479.1,479.1,1019,-218.10000000000002,-0.11383877627015683,-0.13652490923352753,1740000.0,0.0,15.0
2022-08-16,SC2210.INE,640.0,664.2,640.0,661.7,654.0,668.5,667.5,-5.8,-13.5,104850,6857835.73,36792,1589.0,38,0.549295110566269,0.477254154181422,19,SC2209.INE,687.6,682.9,18029,25.899999999999977,SC2209.INE,687.6,682.9,15,-25.899999999999977,SC2506.INE,479.1,479.1,1018,-208.5,-0.11034740455770557,-0.1314793063919845,1740000.0,0.0,15.0
2022-08-17,SC2210.INE,662.9,670.3,654.2,663.4,662.4,661.7,654.0,9.4,8.4,145434,9634197.97,39577,2785.0,37,0.7379290048913154,0.5053565728149141,19,SC2211.INE,639.0,640.5,14964,-24.399999999999977,SC2209.INE,693.4,691.1,14,-30.0,SC2506.INE,479.1,479.1,1017,-214.29999999999995,-0.1124683348282237,-0.134536048471659,1740000.0,0.0,15.0
2022-08-18,SC2210.INE,661.4,682.2,660.2,679.1,669.9,663.4,662.4,16.7,7.5,168414,11283569.21,44110,4533.0,36,0.8501206424843266,0.5369053994839087,18,SC2211.INE,650.6,644.6,15618,-28.5,SC2209.INE,709.5,697.0,13,-30.399999999999977,SC2506.INE,464.2,464.2,1016,-245.3,-0.12581634940140818,-0.1543862672056956,1740000.0,0.0,15.0
2022-08-19,SC2210.INE,688.5,703.6,684.8,692.7,691.7,679.1,669.9,22.8,21.8,165545,11451903.94,47423,3313.0,35,0.8425582377760473,0.5724373521317174,19,SC2211.INE,663.0,662.4,16616,-29.700000000000045,SC2209.INE,745.2,725.9,12,-52.5,SC2506.INE,464.2,464.2,1015,-281.00000000000006,-0.13722252458940945,-0.1722513039718747,1740000.0,0.0,15.0
2022-08-22,SC2210.INE,689.6,709.6,689.2,699.3,702.3,692.7,691.7,7.6,10.6,156505,10991994.58,47340,-83.0,32,0.8968767908309455,0.5798912244597971,19,SC2211.INE,668.4,669.9,16351,-30.899999999999977,SC2209.INE,740.3,748.6,9,-41.0,SC2506.INE,464.2,464.2,1012,-276.09999999999997,-0.1357221055999905,-0.16985055403507612,1740000.0,0.0,15.0
2022-08-23,SC2210.INE,702.0,713.5,686.0,712.8,698.8,699.3,702.3,10.5,-3.5,184052,12862772.1,47431,91.0,31,0.8885305732299582,0.5794939461691652,19,SC2211.INE,685.0,671.6,16751,-27.799999999999955,SC2209.INE,751.0,745.9,8,-38.200000000000045,SC2506.INE,476.1,476.1,1011,-274.9,-0.13320690392205542,-0.16586128961190083,1740000.0,0.0,15.0
2022-08-24,SC2210.INE,715.0,734.8,711.5,734.1,718.8,712.8,698.8,35.3,20.0,162118,11653795.08,51209,3778.0,30,0.8388899525492489,0.5832393708499903,19,SC2211.INE,697.6,690.6,17822,-36.5,SC2209.INE,770.1,769.9,7,-36.0,SC2506.INE,484.1,484.1,1010,-286.0,-0.13514837904155344,-0.1689367308612541,1740000.0,0.0,15.0
2022-08-25,SC2210.INE,734.0,752.4,730.1,745.2,739.9,734.1,718.8,26.4,21.1,200700,14851150.03,48421,-2788.0,29,0.8515603453762437,0.5590823018658785,19,SC2211.INE,700.0,698.1,18477,-45.200000000000045,SC2209.INE,788.8,791.3,6,-43.59999999999991,SC2506.INE,506.0,502.7,1009,-282.79999999999995,-0.13046812908131586,-0.16156658914292166,1740000.0,0.0,15.0
2022-08-26,SC2210.INE,744.5,750.8,732.1,740.0,740.3,745.2,739.9,0.1,0.4,151698,11230450.2,44563,-3858.0,28,0.8410192156297471,0.5686812485643552,19,SC2211.INE,695.0,696.0,18307,-45.0,SC2209.INE,780.0,786.1,5,-40.0,SC2506.INE,502.7,502.7,1008,-277.3,-0.12937405731523377,-0.15986503228271623,1740000.0,0.0,15.0
2022-08-29,SC2210.INE,732.5,736.3,719.6,729.5,727.5,740.0,740.3,-10.8,-12.8,185594,13502308.0,41819,-2744.0,25,0.8119184380564074,0.5556160816304839,19,SC2211.INE,699.2,690.6,19242,-30.299999999999955,SC2209.INE,724.6,777.2,2,4.899999999999977,SC2506.INE,501.0,501.0,1005,-223.60000000000002,-0.11229628806101705,-0.1342871308497317,1740000.0,0.0,15.0
2022-08-30,SC2210.INE,733.1,747.4,729.7,736.7,739.5,729.5,727.5,9.2,12.0,130185,9627198.31,42524,705.0,24,0.7564805076325011,0.5280254302530608,19,SC2211.INE,709.6,708.1,22999,-27.100000000000023,SC2209.INE,733.6,733.7,1,3.1000000000000227,SC2506.INE,526.9,526.9,1004,-206.70000000000005,-0.1025352242074214,-0.12043658769726871,1740000.0,0.0,15.0
2022-08-31,SC2210.INE,723.0,728.0,712.6,716.5,717.8,736.7,739.5,-23.0,-21.7,144205,10352355.47,37870,-4654.0,23,0.7574269386726055,0.48990310604002535,19,SC2211.INE,693.2,691.2,23242,-23.299999999999955,SC2210.INE,716.5,717.8,23,0.0,SC2506.INE,508.3,520.7,1003,-208.2,-0.10822592819402709,-0.1278641268649081,1740000.0,0.0,15.0
2022-09-01,SC2210.INE,701.8,714.4,695.4,698.9,706.1,716.5,717.8,-18.9,-11.7,148610,10493628.49,34820,-3050.0,22,0.7350962584832117,0.4603749636406907,20,SC2211.INE,663.3,674.6,24357,-35.60000000000002,SC2210.INE,698.9,706.1,22,0.0,SC2509.INE,494.0,495.0,1093,-204.89999999999998,-0.09991491230917891,-0.11824914654783723,1740000.0,0.0,15.0
2022-09-02,SC2210.INE,694.1,702.0,688.8,695.4,694.7,698.9,706.1,-10.7,-11.4,136414,9476797.87,33785,-1035.0,21,0.7375922571575333,0.43601424773507474,20,SC2211.INE,656.8,655.6,26275,-38.60000000000002,SC2210.INE,695.4,694.7,21,0.0,SC2509.INE,491.5,493.7,1092,-203.89999999999998,-0.09992770955568497,-0.11826725228299441,1740000.0,0.0,15.0
2022-09-05,SC2210.INE,701.5,704.9,687.2,703.9,695.9,695.4,694.7,9.2,1.2,135891,9457269.7,32931,-854.0,18,0.7385460711529473,0.42088648040694254,20,SC2211.INE,668.4,662.2,26973,-35.5,SC2210.INE,703.9,695.9,18,0.0,SC2509.INE,496.9,494.9,1089,-207.0,-0.10022193278504755,-0.11868378919899258,1740000.0,0.0,15.0
2022-09-06,SC2210.INE,709.7,715.4,699.0,703.5,708.0,703.9,695.9,7.6,12.1,94958,6723520.13,31911,-1020.0,17,0.6947621033531611,0.4131462085216018,20,SC2211.INE,667.1,670.5,26666,-36.39999999999998,SC2210.INE,703.5,708.0,17,0.0,SC2509.INE,492.0,494.2,1088,-211.5,-0.10245889400536334,-0.12186745417617136,1740000.0,0.0,15.0
2022-09-07,SC2210.INE,692.6,699.0,680.0,684.1,689.7,703.5,708.0,-23.9,-18.3,120851,8335860.02,29007,-2904.0,16,0.6842894999094039,0.3886306086630314,20,SC2211.INE,646.3,652.7,27499,-37.80000000000007,SC2210.INE,684.1,689.7,16,0.0,SC2509.INE,488.9,488.9,1087,-195.20000000000005,-0.09724417955068791,-0.11449144697157675,1740000.0,0.0,15.0
2022-09-08,SC2211.INE,649.0,649.0,620.6,621.5,632.7,646.3,652.7,-31.2,-20.0,71520,4525105.5,33539,6040.0,53,0.32467031345756636,0.42967869222096955,20,SC2210.INE,664.9,675.3,25490,43.39999999999998,SC2210.INE,664.9,675.3,15,-43.39999999999998,SC2509.INE,471.5,473.8,1086,-193.39999999999998,-0.09912964032557425,-0.11713996847547846,1740000.0,0.0,15.0
2022-09-09,SC2211.INE,623.7,632.5,619.5,626.9,626.5,621.5,632.7,-5.8,-6.2,69586,4359948.67,36179,2640.0,52,0.37646205948864436,0.48968625646300856,20,SC2210.INE,672.0,669.2,18446,45.10000000000002,SC2210.INE,672.0,669.2,14,-45.10000000000002,SC2509.INE,476.8,475.3,1085,-195.2,-0.09899515361700235,-0.11695037072061949,1740000.0,0.0,15.0
2022-09-13,SC2211.INE,650.0,657.6,640.9,649.3,650.2,626.9,626.5,22.8,23.7,64297,4180783.93,35741,-438.0,48,0.5878314134211008,0.5640050497080638,20,SC2212.INE,629.9,630.8,15028,-19.399999999999977,SC2210.INE,703.9,705.2,10,-54.60000000000002,SC2509.INE,480.1,480.1,1081,-223.79999999999995,-0.10835588675021078,-0.1304054977153826,1740000.0,0.0,15.0
2022-09-14,SC2211.INE,644.9,653.6,636.7,646.5,645.0,649.3,650.2,-3.7,-5.2,162182,10461895.3,36786,1045.0,47,0.8858676950135735,0.584637879245403,20,SC2212.INE,626.8,628.1,15149,-19.700000000000045,SC2210.INE,697.4,691.8,9,-50.89999999999998,SC2509.INE,490.0,489.9,1080,-207.39999999999998,-0.10135150513699409,-0.12028769023805848,1740000.0,0.0,15.0
2022-09-15,SC2211.INE,649.0,680.3,647.4,675.9,664.8,646.5,645.0,30.9,19.8,189650,12609759.43,39617,2831.0,46,0.8507650829681003,0.6012049289789972,20,SC2212.INE,648.1,642.0,16365,-27.799999999999955,SC2210.INE,726.7,722.6,8,-50.80000000000007,SC2509.INE,494.6,498.2,1079,-232.10000000000002,-0.10884873191513202,-0.13112885119082648,1740000.0,0.0,15.0
2022-09-16,SC2211.INE,671.0,672.6,661.5,663.5,666.5,675.9,664.8,-1.3,1.7,148784,9916496.78,37385,-2232.0,45,0.8365184048217428,0.6033244573549584,20,SC2212.INE,631.4,634.5,14596,-32.10000000000002,SC2210.INE,713.8,713.2,7,-50.299999999999955,SC2509.INE,482.6,482.4,1078,-231.19999999999993,-0.11038617370923338,-0.13339528489334443,1740000.0,0.0,15.0
2022-09-19,SC2211.INE,661.3,662.6,634.1,634.7,649.4,663.5,666.5,-31.8,-17.1,179200,11638547.92,38120,735.0,42,0.8595218909481601,0.6041108698752793,20,SC2212.INE,615.5,623.6,14359,-19.200000000000045,SC2210.INE,702.6,706.9,4,-67.89999999999998,SC2509.INE,482.4,482.4,1075,-220.20000000000005,-0.10681015930425687,-0.1281467268560636,1740000.0,0.0,15.0
2022-09-20,SC2211.INE,624.8,645.4,623.5,642.1,635.9,634.7,649.4,-7.3,-13.5,132815,8446381.7,36116,-2004.0,41,0.8471100736035105,0.578142758808369,20,SC2212.INE,620.7,614.1,14875,-21.399999999999977,SC2210.INE,706.0,721.7,3,-63.89999999999998,SC2509.INE,478.7,478.7,1074,-227.3,-0.10972311493058039,-0.13241598179233824,2121000.0,381000.0,15.0
2022-09-21,SC2211.INE,643.3,660.8,633.6,660.0,642.6,642.1,635.9,24.1,6.7,172332,11075248.54,36030,-86.0,40,0.8636680281654847,0.5786743330710052,20,SC2212.INE,635.5,623.2,14943,-24.5,SC2210.INE,673.0,688.4,2,-13.0,SC2509.INE,493.6,493.6,1073,-179.39999999999998,-0.09084703718039963,-0.1056556935803414,2121000.0,0.0,15.0
2022-09-22,SC2211.INE,655.9,660.8,640.3,652.1,649.3,660.0,642.6,9.5,6.7,163377,10608261.14,33859,-2171.0,39,0.8610481601332336,0.5572764080450311,20,SC2212.INE,631.4,628.2,15204,-20.700000000000045,SC2210.INE,646.9,644.7,1,5.2000000000000455,SC2509.INE,466.0,479.9,1072,-180.89999999999998,-0.09530261323883395,-0.11178545514226634,2121000.0,0.0,15.0
2022-09-23,SC2211.INE,660.6,664.8,649.1,651.1,655.8,652.1,649.3,1.8,6.5,143426,9407009.32,34278,419.0,38,0.8479019118672926,0.5515898558187435,20,SC2212.INE,633.4,637.1,15624,-17.700000000000045,SC2211.INE,651.1,655.8,38,0.0,SC2509.INE,484.2,484.2,1071,-166.90000000000003,-0.090573507072624,-0.10464694718749591,4021000.0,1900000.0,15.0
2022-09-26,SC2211.INE,640.4,641.3,607.1,610.3,625.5,651.1,655.8,-45.5,-30.3,174453,10913427.29,36910,2632.0,35,0.7934406396536119,0.5626524390243902,19,SC2212.INE,603.0,613.1,18382,-7.2999999999999545,SC2211.INE,610.3,625.5,35,0.0,SC2509.INE,484.2,484.2,1068,-126.09999999999997,-0.07300695910902848,-0.08178141064082213,4021000.0,0.0,15.0
2022-09-27,SC2211.INE,616.3,623.3,602.3,608.8,612.9,610.3,625.5,-16.7,-12.6,146265,8965805.26,34803,-2107.0,34,0.8042902076368116,0.5376558372340918,19,SC2212.INE,601.0,604.9,19038,-7.7999999999999545,SC2211.INE,608.8,612.9,34,0.0,SC2509.INE,484.2,484.2,1067,-124.59999999999997,-0.07231625733196118,-0.08091190043163994,4021000.0,0.0,15.0
2022-09-28,SC2211.INE,610.8,620.5,605.0,608.5,613.1,608.8,612.9,-4.4,0.2,145423,8917319.09,33218,-1585.0,33,0.8072194190493636,0.5125680867807489,20,SC2212.INE,602.2,604.2,19942,-6.2999999999999545,SC2211.INE,608.5,613.1,33,0.0,SC2509.INE,484.2,484.2,1066,-124.30000000000001,-0.07217770834443639,-0.08073774132828912,4021000.0,0.0,15.0
2022-09-29,SC2211.INE,620.5,637.8,616.9,630.9,627.2,608.5,613.1,17.8,14.1,128869,8082679.94,28137,-5081.0,32,0.7301359773371104,0.46935677587242275,20,SC2212.INE,627.7,621.8,20908,-3.199999999999932,SC2211.INE,630.9,627.2,32,0.0,SC2509.INE,484.2,484.2,1065,-146.7,-0.08216032137742653,-0.09351113679436018,4021000.0,0.0,15.0
2022-09-30,SC2211.INE,636.1,638.0,626.0,634.4,631.7,630.9,627.2,7.2,4.5,106564,6732545.45,23436,-4701.0,31,0.7686104800028851,0.4223463687150838,20,SC2212.INE,626.4,627.8,20371,-8.0,SC2211.INE,634.4,631.7,31,0.0,SC2509.INE,488.2,488.2,1064,-146.2,-0.08142855747715064,-0.0925589516089537,4021000.0,0.0,15.0
2022-10-10,SC2211.INE,705.0,705.9,694.1,701.9,698.9,634.4,631.7,70.2,67.2,40685,2843632.7,21862,-1574.0,21,0.5819209039548022,0.39766443538998836,20,SC2212.INE,692.4,689.0,21683,-9.5,SC2211.INE,701.9,698.9,21,0.0,SC2509.INE,528.3,528.4,1054,-173.60000000000002,-0.08739106286945943,-0.10039324631329,4021000.0,0.0,15.0
2022-10-11,SC2212.INE,693.9,699.4,688.0,690.7,693.8,692.4,689.0,1.7,4.8,37551,2605314.88,25234,3551.0,50,0.2964825707630966,0.4317489648564487,20,SC2211.INE,695.3,702.4,21281,4.599999999999909,SC2211.INE,695.3,702.4,20,-4.599999999999909,SC2509.INE,533.3,533.3,1053,-162.0,-0.08232568027980432,-0.09372666085858831,4021000.0,0.0,15.0
2022-10-12,SC2212.INE,688.1,690.0,672.0,680.2,680.0,690.7,693.8,-13.6,-13.8,47594,3236544.19,25749,515.0,49,0.3607628519018237,0.44413971539456665,20,SC2211.INE,690.9,688.5,20048,10.699999999999932,SC2211.INE,690.9,688.5,19,-10.699999999999932,SC2509.INE,530.0,530.9,1052,-160.89999999999998,-0.08228741023710673,-0.09367676908638173,4021000.0,0.0,15.0
2022-10-13,SC2212.INE,675.3,677.8,666.2,671.5,672.0,680.2,680.0,-8.5,-8.0,49831,3348862.74,26169,420.0,48,0.392104559117448,0.4548599040533964,20,SC2211.INE,685.3,684.5,19138,13.799999999999955,SC2211.INE,685.3,684.5,18,-13.799999999999955,SC2509.INE,530.9,530.9,1051,-154.39999999999998,-0.07960843881093616,-0.09020164756610409,4021000.0,0.0,15.0
2022-10-14,SC2212.INE,665.0,686.5,665.0,683.9,678.5,671.5,672.0,11.9,6.5,74021,5022776.71,29415,3246.0,47,0.5036812738160044,0.5046579854856142,20,SC2211.INE,690.1,687.6,15860,6.2000000000000455,SC2211.INE,690.1,687.6,17,-6.2000000000000455,SC2509.INE,530.9,530.9,1050,-159.20000000000005,-0.08151238095184657,-0.09266789427732777,4021000.0,0.0,15.0
2022-10-17,SC2212.INE,677.5,678.8,665.9,671.0,670.8,683.9,678.5,-7.5,-7.7,114703,7694806.56,29106,-309.0,44,0.7413825420935268,0.5355289788408464,20,SC2211.INE,675.9,677.6,11168,4.899999999999977,SC2211.INE,675.9,677.6,14,-4.899999999999977,SC2509.INE,530.9,530.9,1047,-145.0,-0.07580155218090051,-0.08532147301896335,4021000.0,0.0,15.0
2022-10-18,SC2212.INE,671.9,677.6,663.0,675.7,671.9,671.0,670.8,4.9,1.1,108433,7285978.51,30533,1427.0,43,0.8351793086450182,0.5660024098618964,20,SC2301.INE,656.1,654.5,11511,-19.600000000000023,SC2211.INE,683.1,678.5,13,-7.399999999999977,SC2509.INE,530.9,530.9,1046,-152.20000000000005,-0.07872685636901305,-0.08906550579291864,4021000.0,0.0,15.0
2022-10-19,SC2212.INE,671.8,673.0,655.7,662.6,662.4,675.7,671.9,-9.3,-9.5,140660,9318107.3,30213,-320.0,42,0.8475791630261216,0.5727800106165163,20,SC2301.INE,644.4,643.4,12978,-18.200000000000045,SC2211.INE,660.4,666.2,12,2.2000000000000455,SC2509.INE,530.4,530.4,1045,-130.0,-0.06955507618662865,-0.07745712459692825,4021000.0,0.0,15.0
2022-10-20,SC2212.INE,667.4,676.9,660.6,672.4,667.2,662.6,662.4,10.0,4.8,144985,9674006.76,33675,3462.0,41,0.8556413252599648,0.5916406057837591,20,SC2301.INE,656.8,649.4,13422,-15.600000000000023,SC2211.INE,672.7,664.5,11,-0.3000000000000682,SC2509.INE,530.4,530.4,1044,-142.30000000000007,-0.07474394484033728,-0.08397756974672431,4021000.0,0.0,15.0
2022-10-21,SC2212.INE,672.0,680.2,663.0,664.0,670.7,672.4,667.2,-3.2,3.5,135036,9056882.67,31988,-1687.0,40,0.8813785000979049,0.5707250927776192,20,SC2301.INE,650.0,656.3,14686,-14.0,SC2211.INE,664.4,667.3,10,-0.39999999999997726,SC2509.INE,533.4,533.4,1043,-131.0,-0.0696681398264263,-0.07759792796398592,4021000.0,0.0,15.0
2022-10-24,SC2212.INE,664.0,681.7,662.8,666.2,670.0,664.0,670.7,-4.5,-0.7,150797,10104675.87,31405,-583.0,37,0.8974142291784449,0.5621487129918018,20,SC2301.INE,650.4,654.8,14993,-15.800000000000068,SC2211.INE,666.3,671.7,7,-0.09999999999990905,SC2509.INE,533.4,533.4,1040,-132.89999999999998,-0.070477048920953,-0.07860693983979748,4021000.0,0.0,15.0
2022-10-25,SC2212.INE,661.9,677.2,661.7,673.1,670.9,666.2,670.0,3.1,0.9,138481,9291416.18,32076,671.0,36,0.8735814182348081,0.5663635561048821,19,SC2301.INE,657.4,655.5,15102,-15.700000000000045,SC2211.INE,672.1,670.0,6,1.0,SC2509.INE,533.4,533.4,1039,-138.70000000000005,-0.07291806049813095,-0.08166937796536525,4021000.0,0.0,15.0
2022-10-26,SC2212.INE,672.5,679.5,665.7,666.7,673.0,673.1,670.9,-4.2,2.1,120391,8102844.43,31169,-907.0,35,0.8558520772314955,0.537118731690505,19,SC2301.INE,655.0,658.4,16124,-11.700000000000045,SC2211.INE,664.2,670.6,5,2.5,SC2509.INE,533.4,533.4,1038,-130.80000000000007,-0.06958272228737132,-0.07749154837955209,4021000.0,0.0,15.0
2022-10-27,SC2212.INE,674.2,686.2,671.8,678.9,678.4,666.7,673.0,5.9,5.4,132871,9014822.26,31520,351.0,34,0.8153195719405036,0.5116218672899624,20,SC2301.INE,670.5,669.2,17596,-8.399999999999977,SC2211.INE,677.7,674.5,4,1.1999999999999318,SC2509.INE,533.4,533.4,1037,-144.30000000000007,-0.07523525345750486,-0.08460124070074157,4021000.0,0.0,15.0
2022-10-28,SC2212.INE,686.4,692.8,684.1,684.6,688.2,678.9,678.4,6.2,9.8,108944,7498171.47,32414,894.0,33,0.8090481742501319,0.5044902024871208,20,SC2301.INE,673.0,677.2,18297,-11.600000000000023,SC2211.INE,683.1,683.6,3,1.5,SC2509.INE,533.4,533.4,1036,-149.70000000000005,-0.07743370826833937,-0.08740553944463678,4021000.0,0.0,15.0
2022-10-31,SC2212.INE,686.9,690.4,676.6,679.8,683.5,684.6,688.2,-8.4,-4.7,121496,8304683.58,27186,-5228.0,30,0.8134821530200264,0.4629453034534432,20,SC2301.INE,666.6,668.8,17668,-13.199999999999932,SC2212.INE,679.8,683.5,30,0.0,SC2509.INE,533.4,533.4,1033,-146.39999999999998,-0.07837036111436213,-0.08825759153803305,4021000.0,0.0,15.0
2022-11-01,SC2212.INE,677.6,696.1,674.8,692.4,684.7,679.8,683.5,8.9,1.2,123793,8476976.84,28574,1388.0,29,0.7566023090510154,0.49611945481378594,19,SC2301.INE,679.9,670.7,19233,-12.5,SC2212.INE,692.4,684.7,29,0.0,SC2509.INE,533.4,533.4,1032,-159.0,-0.08356645833729316,-0.09494083471312188,4021000.0,0.0,15.0
2022-11-02,SC2212.INE,696.8,703.1,690.2,698.5,696.0,692.4,684.7,13.8,11.3,92078,6408838.35,30311,1737.0,28,0.7433798359491055,0.4981674747308735,20,SC2301.INE,687.0,685.0,20295,-11.5,SC2212.INE,698.5,696.0,28,0.0,SC2509.INE,533.4,533.4,1031,-165.10000000000002,-0.08601468322305812,-0.09813280352584496,4021000.0,0.0,15.0
2022-11-03,SC2212.INE,694.7,703.1,687.9,701.8,696.5,698.5,696.0,5.8,0.5,100952,7031491.8,31711,1400.0,27,0.7765538461538462,0.49859278942155,20,SC2301.INE,690.4,686.0,21147,-11.399999999999977,SC2212.INE,701.8,696.5,27,0.0,SC2509.INE,533.4,533.4,1030,-168.39999999999998,-0.08732139290308043,-0.09984800674121465,4021000.0,0.0,15.0
2022-11-04,SC2212.INE,698.4,711.9,693.5,710.5,700.0,701.8,696.5,14.0,3.5,99869,6991227.99,31539,-172.0,26,0.7592984003406119,0.4936839633716835,20,SC2301.INE,695.7,688.5,21146,-14.799999999999955,SC2212.INE,710.5,700.0,26,0.0,SC2509.INE,533.4,533.4,1029,-177.10000000000002,-0.09070817105334243,-0.10433153296418059,4021000.0,0.0,15.0
2022-11-07,SC2212.INE,718.0,722.5,711.0,714.9,716.0,710.5,700.0,14.9,16.0,85884,6149457.48,31685,146.0,23,0.7482553428763101,0.48941165567414774,20,SC2301.INE,703.2,702.1,21729,-11.699999999999932,SC2212.INE,714.9,716.0,23,0.0,SC2509.INE,533.4,533.4,1026,-181.5,-0.0923896376334697,-0.10657820266608739,4021000.0,0.0,15.0
2022-11-08,SC2212.INE,718.0,721.5,712.1,714.7,716.8,714.9,716.0,-1.3,0.8,77253,5538240.6,29797,-1888.0,22,0.7188197856185797,0.45847886630456525,20,SC2301.INE,703.1,704.0,23380,-11.600000000000023,SC2212.INE,714.7,716.8,22,0.0,SC2509.INE,533.4,533.4,1025,-181.30000000000007,-0.09231365648402494,-0.10647638165949859,4021000.0,0.0,15.0
2022-11-09,SC2212.INE,714.0,714.4,684.7,689.9,701.1,714.7,716.8,-26.9,-15.7,104123,7301091.56,24669,-5128.0,21,0.676923376977987,0.42082188976646595,20,SC2301.INE,682.1,689.9,22332,-7.7999999999999545,SC2212.INE,689.9,701.1,21,0.0,SC2509.INE,533.4,533.4,1024,-156.5,-0.08255057988810784,-0.09362451889183893,4021000.0,0.0,15.0
2022-11-10,SC2212.INE,683.9,688.0,666.8,670.7,679.0,689.9,701.1,-30.4,-22.1,91404,6206708.83,23702,-967.0,20,0.6537121932729236,0.4147331583552056,20,SC2301.INE,663.5,670.8,21843,-7.2000000000000455,SC2212.INE,670.7,679.0,20,0.0,SC2509.INE,533.4,533.4,1023,-137.30000000000007,-0.0744962072185115,-0.08335331101255125,4021000.0,0.0,15.0
2022-11-11,SC2301.INE,661.1,677.0,661.1,672.6,668.2,663.5,670.8,1.8,-2.6,57138,3818476.96,23208,1365.0,41,0.33205867311358034,0.40075979968917286,20,SC2212.INE,677.2,673.8,21345,4.600000000000023,SC2212.INE,677.2,673.8,19,-4.600000000000023,SC2509.INE,533.4,533.4,1022,-143.80000000000007,-0.07727408442127842,-0.08686309975726744,4021000.0,0.0,15.0
2022-11-14,SC2301.INE,676.4,679.6,658.6,659.1,672.1,672.6,668.2,-9.1,3.9,61014,4101109.4,26533,3325.0,38,0.3754961874342263,0.4467963290393197,20,SC2212.INE,665.1,677.1,18568,6.0,SC2212.INE,665.1,677.1,16,-6.0,SC2509.INE,533.4,533.4,1019,-131.70000000000005,-0.07205941939629917,-0.08030210831804437,4021000.0,0.0,15.0
2022-11-15,SC2301.INE,656.7,665.7,641.4,646.2,653.9,659.1,672.1,-25.9,-18.2,85842,5613512.0,32017,5484.0,37,0.5259990931261412,0.5103042667474219,20,SC2212.INE,649.7,659.6,16176,3.5,SC2212.INE,649.7,659.6,15,-3.5,SC2509.INE,533.4,533.4,1018,-116.30000000000007,-0.0651416536906136,-0.0717769429118431,4021000.0,0.0,15.0
2022-11-16,SC2301.INE,644.7,648.7,637.2,640.2,641.9,646.2,653.9,-13.7,-12.0,120185,7715512.14,36096,4079.0,36,0.7443500987842416,0.5620766439838677,20,SC2212.INE,646.1,646.9,13048,5.899999999999977,SC2212.INE,646.1,646.9,14,-5.899999999999977,SC2509.INE,533.4,533.4,1017,-112.70000000000005,-0.06347695807485454,-0.06975491302882868,4021000.0,0.0,15.0
2022-11-17,SC2301.INE,643.6,645.2,624.8,628.9,634.8,640.2,641.9,-13.0,-7.1,123145,7818284.89,40086,3990.0,35,0.8038395258361837,0.5872116018457482,20,SC2212.INE,631.4,639.0,11398,2.5,SC2212.INE,631.4,639.0,13,-2.5,SC2509.INE,533.4,533.4,1016,-98.0,-0.05648243738849971,-0.06137966799325201,4021000.0,0.0,15.0
2022-11-18,SC2301.INE,625.3,629.6,615.8,618.1,622.5,628.9,634.8,-16.7,-12.3,131671,8197423.65,41746,1660.0,34,0.8301871327330963,0.6111973295071886,20,SC2302.INE,617.5,621.4,10244,-0.6000000000000227,SC2212.INE,617.1,623.9,12,1.0,SC2509.INE,533.4,533.4,1015,-83.70000000000005,-0.04935848749328099,-0.05304307862051264,4021000.0,0.0,15.0
2022-11-21,SC2301.INE,609.7,611.1,592.7,600.2,600.2,618.1,622.5,-22.3,-22.3,175826,10554401.42,44884,3138.0,31,0.8510537372094599,0.6135549662356126,20,SC2302.INE,599.5,599.6,11980,-0.7000000000000455,SC2212.INE,599.5,603.6,9,0.7000000000000455,SC2509.INE,518.7,518.7,1012,-80.79999999999995,-0.04904718704603451,-0.052683107662241505,4021000.0,0.0,15.0
2022-11-22,SC2301.INE,600.2,602.4,571.1,593.5,587.7,600.2,600.2,-6.7,-12.5,202001,11872383.81,45900,1016.0,30,0.8414043886102734,0.6120816108814509,20,SC2302.INE,593.4,587.4,12865,-0.10000000000002274,SC2212.INE,593.9,599.8,8,-0.39999999999997726,SC2509.INE,518.7,518.7,1011,-75.19999999999993,-0.046078299870551634,-0.04926782142325808,4021000.0,0.0,15.0
2022-11-23,SC2301.INE,600.5,607.1,594.5,597.0,602.5,593.5,587.7,9.3,14.8,120611,7267051.55,44662,-1238.0,29,0.8451475019269848,0.6133879030928968,20,SC2302.INE,596.8,601.7,13750,-0.20000000000004547,SC2212.INE,598.0,597.9,7,-1.0,SC2509.INE,527.9,527.9,1010,-70.10000000000002,-0.042658812859081637,-0.04537349648473316,4021000.0,0.0,15.0
2022-11-24,SC2301.INE,586.0,586.4,569.2,570.1,575.6,597.0,602.5,-32.4,-26.9,163499,9411403.87,49334,4672.0,28,0.8209553267020492,0.6236048084337197,20,SC2302.INE,570.8,576.2,15310,0.6999999999999318,SC2212.INE,569.6,590.2,6,0.5,SC2509.INE,512.0,511.1,1009,-57.60000000000002,-0.0367997132198909,-0.038796164801858685,4021000.0,0.0,15.0
2022-11-25,SC2301.INE,571.2,576.7,567.4,572.6,572.9,570.1,575.6,-3.0,-2.7,113299,6491518.49,46919,-2415.0,27,0.8286997418061864,0.609084536296604,20,SC2302.INE,575.8,575.0,15123,3.199999999999932,SC2212.INE,569.2,573.3,5,3.3999999999999773,SC2509.INE,512.0,512.0,1008,-57.200000000000045,-0.0365698407237879,-0.038540521464914455,5942000.0,1921000.0,15.0
2022-11-28,SC2301.INE,578.7,579.7,540.8,548.2,560.7,572.6,572.9,-24.7,-12.2,156833,8794747.4,44971,-1948.0,24,0.8022887017730532,0.5735950613504758,20,SC2302.INE,552.5,561.3,16283,4.2999999999999545,SC2212.INE,544.5,546.4,2,3.7000000000000455,SC2509.INE,512.0,512.0,1005,-32.5,-0.02172087960178235,-0.02239612245935214,5942000.0,0.0,15.0
2022-11-29,SC2301.INE,544.8,585.3,543.5,573.6,563.9,548.2,560.7,12.9,3.2,171362,9663393.61,38256,-6715.0,23,0.7867210239741436,0.5138068120769314,20,SC2302.INE,577.1,568.5,18121,3.5,SC2212.INE,568.3,567.5,1,5.300000000000068,SC2509.INE,524.0,521.6,1004,-44.299999999999955,-0.02836730000040346,-0.02953398190771907,5942000.0,0.0,15.0
2022-11-30,SC2301.INE,576.7,580.3,562.3,570.6,571.7,573.6,563.9,6.7,7.8,150039,8579113.96,36550,-1706.0,22,0.7638954651677842,0.4862700228832952,20,SC2302.INE,574.8,575.1,19260,4.199999999999932,SC2301.INE,570.6,571.7,22,0.0,SC2509.INE,521.6,521.6,1003,-49.0,-0.03195127328101792,-0.03340714707537114,5942000.0,0.0,15.0
2022-12-01,SC2301.INE,576.5,585.3,570.3,572.0,579.5,570.6,571.7,0.3,7.8,125464,7270651.09,35569,-981.0,21,0.7157837085382412,0.5027349436757078,19,SC2302.INE,576.0,582.6,19413,4.0,SC2301.INE,572.0,579.5,21,0.0,SC2509.INE,521.6,521.6,1002,-50.39999999999998,-0.03278373003143645,-0.03431892250773135,5942000.0,0.0,15.0
2022-12-02,SC2301.INE,579.5,586.4,566.0,572.5,578.4,572.0,579.5,-7.0,-1.1,127198,7357614.5,34616,-953.0,20,0.7538999525841631,0.5009043946344075,19,SC2302.INE,577.0,581.7,19259,4.5,SC2301.INE,572.5,578.4,20,0.0,SC2509.INE,525.0,525.0,1001,-47.5,-0.030870380015045683,-0.032226587752723135,5942000.0,0.0,15.0
2022-12-05,SC2301.INE,575.3,580.9,555.6,558.6,570.5,572.5,578.4,-19.8,-7.9,156328,8919370.01,35105,489.0,17,0.7244114921223355,0.49848770998111414,19,SC2302.INE,563.4,574.2,19830,4.7999999999999545,SC2301.INE,558.6,570.5,17,0.0,SC2509.INE,525.0,525.0,998,-33.60000000000002,-0.022380109294643336,-0.02308146553068319,5942000.0,0.0,15.0
2022-12-06,SC2301.INE,569.0,574.6,536.7,544.2,555.5,558.6,570.5,-26.3,-15.0,167076,9282535.97,33354,-1751.0,16,0.6958774479995335,0.4610663385908406,19,SC2302.INE,549.6,559.6,23357,5.399999999999977,SC2301.INE,544.2,555.5,16,0.0,SC2509.INE,524.8,524.8,997,-19.40000000000009,-0.01326377205118501,-0.013505963183009576,5942000.0,0.0,15.0
2022-12-07,SC2301.INE,536.0,538.3,513.3,515.0,525.9,544.2,555.5,-40.5,-29.6,173994,9151701.64,30868,-2486.0,15,0.6522638835781281,0.41367480132405954,19,SC2302.INE,521.1,531.5,26582,6.100000000000023,SC2301.INE,515.0,525.9,15,0.0,SC2509.INE,524.8,524.8,996,9.799999999999955,0.007080153993844195,0.007013632000654676,5942000.0,0.0,15.0
2022-12-08,SC2302.INE,524.8,531.2,508.8,518.2,519.9,521.1,531.5,-13.3,-11.6,87996,4575391.75,30438,3856.0,39,0.3044559850809786,0.39028580953724246,19,SC2301.INE,511.7,513.6,28012,-6.500000000000057,SC2301.INE,511.7,513.6,14,6.500000000000057,SC2509.INE,524.8,524.8,995,13.099999999999966,0.009525323535288526,0.009405436762358929,5942000.0,0.0,15.0
2022-12-09,SC2302.INE,522.2,524.7,502.6,507.6,513.1,518.2,519.9,-12.3,-6.8,117007,6003662.06,36370,5932.0,38,0.38275481931455,0.44760322441695893,20,SC2301.INE,501.0,506.7,23214,-6.600000000000023,SC2301.INE,501.0,506.7,13,6.600000000000023,SC2512.INE,500.0,500.0,1085,-1.0,-0.0006796109273989515,-0.0006802900857049298,5942000.0,0.0,15.0
2022-12-12,SC2302.INE,507.3,514.7,502.2,507.2,508.8,507.6,513.1,-5.9,-4.3,171433,8723155.9,44646,8276.0,35,0.6125079049759368,0.556815205597336,20,SC2303.INE,512.1,513.7,16100,4.900000000000034,SC2301.INE,499.3,502.2,10,7.899999999999977,SC2512.INE,510.9,500.8,1082,11.599999999999966,0.007910328190810383,0.007819838594233987,5942000.0,0.0,15.0
2022-12-13,SC2302.INE,503.9,528.5,501.4,527.4,515.8,507.2,508.8,18.6,7.0,201067,10372046.28,44871,225.0,34,0.8445815673738906,0.5572860389731361,20,SC2303.INE,534.2,521.1,17347,6.800000000000068,SC2301.INE,518.9,506.2,9,8.5,SC2512.INE,515.0,515.0,1081,-3.8999999999999773,-0.00255905143774287,-0.002568716682961377,5942000.0,0.0,15.0
2022-12-14,SC2302.INE,525.8,534.5,522.4,529.4,528.8,527.4,515.8,13.6,13.0,170471,9015620.99,43973,-898.0,33,0.8677311968074276,0.5737304942330776,20,SC2303.INE,535.9,535.0,17333,6.5,SC2301.INE,521.3,519.5,8,8.100000000000023,SC2512.INE,509.2,509.2,1080,-12.099999999999966,-0.00790306810470951,-0.007996232423642901,5942000.0,0.0,15.0
2022-12-15,SC2302.INE,531.5,543.0,531.1,536.9,538.1,529.4,528.8,8.1,9.3,153268,8248875.61,40450,-3523.0,32,0.859323050701114,0.5658846406737454,20,SC2303.INE,543.0,543.9,16536,6.100000000000023,SC2301.INE,528.8,528.7,7,8.100000000000023,SC2512.INE,520.0,520.0,1079,-8.799999999999955,-0.005666166143563554,-0.005713842435756765,5942000.0,0.0,15.0
2022-12-16,SC2302.INE,540.8,543.2,529.5,536.2,536.7,536.9,538.1,-1.9,-1.4,175222,9405155.61,39610,-840.0,31,0.8543872053051174,0.5629699114541139,20,SC2303.INE,542.3,542.9,16612,6.099999999999909,SC2301.INE,527.5,531.2,6,8.700000000000045,SC2512.INE,517.9,517.9,1078,-9.600000000000023,-0.0061965056235410735,-0.00625358446915781,5942000.0,0.0,15.0
2022-12-19,SC2302.INE,529.2,539.9,518.6,533.5,527.1,536.2,536.7,-3.2,-9.6,190648,10049884.82,36480,-3130.0,28,0.8212877962202703,0.5429621801836665,20,SC2303.INE,539.7,533.9,18375,6.2000000000000455,SC2301.INE,524.2,528.1,3,9.299999999999955,SC2512.INE,517.9,517.9,1075,-6.300000000000068,-0.004092056410052033,-0.0041168450305065435,5942000.0,0.0,15.0
2022-12-20,SC2302.INE,533.5,544.3,530.3,535.7,536.4,533.5,527.1,8.6,9.3,148353,7957948.28,35051,-1429.0,27,0.8441041922709273,0.5321561959129141,20,SC2303.INE,541.7,542.9,18864,6.0,SC2301.INE,526.8,527.4,2,8.900000000000091,SC2512.INE,517.9,517.9,1074,-8.899999999999977,-0.0057523104862929,-0.005801455877180283,5942000.0,0.0,15.0
2022-12-21,SC2302.INE,535.8,543.2,527.9,542.3,536.2,535.7,536.4,5.9,-0.2,143551,7697920.1,35053,2.0,26,0.8366417997435599,0.5214202838187606,20,SC2303.INE,547.4,542.4,19838,5.100000000000023,SC2301.INE,533.7,528.7,1,8.599999999999909,SC2512.INE,517.9,517.9,1073,-15.800000000000068,-0.010079940376811888,-0.010232158691389492,,,
2022-12-22,SC2302.INE,550.2,552.9,544.2,546.4,548.4,542.3,536.2,10.2,12.2,115513,6335308.15,34756,-297.0,25,0.8160463999095738,0.5248169120422801,20,SC2303.INE,552.3,553.3,18949,5.899999999999977,SC2302.INE,546.4,548.4,25,0.0,SC2512.INE,526.7,526.6,1072,-19.699999999999932,-0.012569028710629631,-0.012801209498606797,,,
2022-12-23,SC2302.INE,552.1,554.5,540.1,544.4,547.7,546.4,548.4,-4.0,-0.7,127914,7006992.62,34138,-618.0,24,0.8205243339983194,0.5492486404736622,19,SC2303.INE,549.4,552.9,18748,5.0,SC2302.INE,544.4,547.7,24,0.0,SC2512.INE,528.1,528.1,1071,-16.299999999999955,-0.010437961019448138,-0.01059741455445516,,,
2022-12-26,SC2302.INE,549.8,566.0,549.4,559.4,558.3,544.4,547.7,11.7,10.6,114702,6404195.41,34215,77.0,21,0.793285889163226,0.5499654413064794,19,SC2303.INE,564.7,562.0,18439,5.300000000000068,SC2302.INE,559.4,558.3,21,0.0,SC2512.INE,528.1,528.1,1068,-31.299999999999955,-0.019505992742257946,-0.020072950511045577,,,
2022-12-27,SC2302.INE,559.0,568.9,555.7,566.4,563.3,559.4,558.3,8.1,5.0,63151,3557784.06,32284,-1931.0,20,0.7796804780482987,0.5312926849337613,19,SC2303.INE,571.2,568.5,18698,4.800000000000068,SC2302.INE,566.4,563.3,20,0.0,SC2512.INE,528.1,528.1,1067,-38.299999999999955,-0.0235733721312979,-0.024408244673655394,,,
2022-12-28,SC2302.INE,564.4,571.6,559.6,559.7,565.1,566.4,563.3,-3.6,1.8,101256,5722094.56,31646,-638.0,19,0.7552359926009905,0.5037808236623844,19,SC2303.INE,564.1,569.0,20977,4.399999999999977,SC2302.INE,559.7,565.1,19,0.0,SC2512.INE,528.1,528.1,1066,-31.600000000000023,-0.019682395689190176,-0.02025985879399777,,,
2022-12-29,SC2302.INE,560.0,562.4,547.5,552.2,553.9,559.7,565.1,-12.9,-11.2,106694,5910486.39,27967,-3679.0,18,0.7289584258531753,0.46409784105806406,19,SC2303.INE,558.2,559.1,21633,6.0,SC2302.INE,552.2,553.9,18,0.0,SC2512.INE,528.1,528.1,1065,-24.100000000000023,-0.015214820149808019,-0.01555682284704473,,,
2022-12-30,SC2302.INE,553.6,563.0,546.9,562.8,552.8,552.2,553.9,8.9,-1.1,104157,5758739.58,24285,-3682.0,17,0.6911821306754085,0.42980018760065836,19,SC2303.INE,569.2,560.4,21121,6.400000000000091,SC2302.INE,562.8,552.8,17,0.0,SC2512.INE,528.1,528.1,1064,-34.69999999999993,-0.021494214016559255,-0.02218539915709782,,,
2023-01-03,SC2303.INE,573.6,576.5,568.3,572.1,572.0,569.2,560.4,11.7,11.6,26421,1511306.97,23774,2653.0,56,0.42116589354884987,0.43554887879232007,19,SC2302.INE,567.1,566.6,19216,-5.0,SC2302.INE,567.1,566.6,13,5.0,SC2512.INE,528.1,528.1,1060,-39.0,-0.023974587442570885,-0.024838823578882157,,,
2023-01-04,SC2303.INE,567.8,570.1,539.8,542.1,556.1,572.1,572.0,-29.9,-15.9,124436,6921034.83,30405,6631.0,55,0.6369215492575664,0.559100437644809,19,SC2302.INE,538.0,553.6,10648,-4.100000000000023,SC2302.INE,538.0,553.6,12,4.100000000000023,SC2512.INE,528.1,528.1,1059,-9.899999999999977,-0.006415036056284018,-0.0064747933752124,,,
2023-01-05,SC2303.INE,530.0,534.2,522.5,524.1,527.5,542.1,556.1,-32.0,-28.6,143079,7547691.64,36733,6328.0,54,0.8495822719418565,0.5979456960541737,19,SC2304.INE,526.6,530.9,9426,2.5,SC2302.INE,520.1,522.7,11,4.0,SC2512.INE,513.0,513.0,1058,-7.100000000000023,-0.004759021619345479,-0.00479180353105434,9936000.0,0.0,15.0
2023-01-06,SC2303.INE,526.9,531.8,519.4,528.8,525.7,524.1,527.5,1.3,-1.8,143323,7535326.31,36664,-69.0,53,0.8688401360338024,0.5998200408997955,19,SC2304.INE,530.8,527.9,10092,2.0,SC2302.INE,527.5,523.7,10,1.2999999999999545,SC2512.INE,513.9,513.5,1057,-13.600000000000023,-0.008987990964932531,-0.009105885905915703,,,
2023-01-09,SC2303.INE,523.5,534.1,522.0,526.3,527.9,528.8,525.7,0.6,2.2,145187,7665258.1,36737,73.0,50,0.8572634786048736,0.5685257977653285,19,SC2304.INE,526.8,528.1,12998,0.5,SC2302.INE,525.8,524.9,7,0.5,SC2512.INE,516.0,514.9,1054,-9.799999999999955,-0.006497580618499891,-0.0065588954987484,,,
2023-01-10,SC2303.INE,534.0,534.8,519.1,522.1,527.6,526.3,527.9,-5.8,-0.3,124944,6593088.96,38505,1768.0,49,0.8368373463715214,0.5603090758283494,19,SC2304.INE,523.0,528.6,15197,0.8999999999999773,SC2302.INE,521.2,524.0,6,0.8999999999999773,SC2512.INE,513.5,513.5,1053,-7.7000000000000455,-0.005150299690450607,-0.0051887228242198415,9936000.0,0.0,15.0
2023-01-11,SC2303.INE,525.5,528.2,517.1,519.8,522.4,522.1,527.6,-7.8,-5.2,132225,6908457.15,39089,584.0,48,0.8225096107192177,0.5435822555972744,19,SC2304.INE,521.4,523.5,16610,1.6000000000000227,SC2302.INE,519.6,520.1,5,0.1999999999999318,SC2512.INE,513.5,513.5,1052,-6.100000000000023,-0.004092671388541492,-0.004116884652491436,9936000.0,0.0,15.0
2023-01-12,SC2303.INE,525.0,536.4,523.6,530.8,529.6,519.8,522.4,8.4,7.2,148651,7873609.49,38061,-1028.0,47,0.7932918856898898,0.5207985550477546,19,SC2304.INE,534.7,531.4,17167,3.900000000000091,SC2302.INE,525.9,526.9,4,4.899999999999977,SC2512.INE,513.1,513.1,1051,-12.799999999999955,-0.008485022174203367,-0.008589988315466528,9936000.0,0.0,15.0
2023-01-13,SC2303.INE,535.6,539.8,530.8,538.0,535.8,530.8,529.6,8.4,6.2,133595,7158550.56,38796,735.0,46,0.7971347422938768,0.504446871586831,19,SC2304.INE,539.8,537.8,18949,1.7999999999999545,SC2302.INE,565.0,535.0,3,-27.0,SC2512.INE,537.4,537.4,1050,-27.600000000000023,-0.017029692927961068,-0.017459701778646898,9936000.0,0.0,15.0
2023-01-16,SC2303.INE,538.5,545.3,536.7,542.3,540.8,538.0,535.8,6.5,5.0,112955,6108940.04,35672,-3124.0,43,0.8088029959114116,0.48138401954036947,19,SC2304.INE,544.5,542.4,18357,2.2000000000000455,SC2303.INE,542.3,540.8,43,0.0,SC2512.INE,537.4,537.4,1047,-4.899999999999977,-0.003284850639852523,-0.003299780924255763,9936000.0,0.0,15.0
2023-01-17,SC2303.INE,543.9,550.6,538.9,547.3,544.2,542.3,540.8,6.5,3.4,92113,5013385.44,33014,-2658.0,42,0.8155779072444264,0.49441399347051246,19,SC2304.INE,549.0,547.1,18350,1.7000000000000455,SC2303.INE,547.3,544.2,42,0.0,SC2512.INE,537.4,537.4,1046,-9.899999999999977,-0.006576107410300302,-0.006636311472605342,9936000.0,0.0,15.0
2023-01-18,SC2303.INE,553.0,566.1,552.9,563.5,558.8,547.3,544.2,19.3,14.6,107287,5995804.18,30256,-2758.0,41,0.8146997850997426,0.46599310004928535,19,SC2304.INE,565.6,560.4,18946,2.1000000000000227,SC2303.INE,563.5,558.8,41,0.0,SC2512.INE,534.8,534.8,1045,-28.700000000000045,-0.018515998119323987,-0.01900417152589213,9936000.0,0.0,15.0
2023-01-19,SC2303.INE,568.2,568.2,544.1,549.3,556.7,563.5,558.8,-9.5,-2.1,106186,5912025.38,25953,-4303.0,40,0.811664437225301,0.4255008689379283,18,SC2304.INE,552.6,557.1,19252,3.300000000000068,SC2303.INE,549.3,556.7,40,0.0,SC2512.INE,534.8,534.8,1044,-14.5,-0.00959660357296464,-0.009725539560843726,9936000.0,0.0,15.0
2023-01-20,SC2303.INE,551.3,564.5,549.5,563.9,558.9,549.3,556.7,7.2,2.2,94337,5272733.4,23213,-2740.0,39,0.764698253151218,0.39306094112467616,19,SC2304.INE,565.5,561.4,19500,1.6000000000000227,SC2303.INE,563.9,558.9,39,0.0,SC2512.INE,534.8,534.8,1043,-29.100000000000023,-0.018760743512914117,-0.019262142667980216,9936000.0,0.0,15.0
2023-01-30,SC2303.INE,562.0,563.7,550.0,552.4,555.0,563.9,558.9,-6.5,-3.9,29861,1657563.23,22816,-397.0,29,0.5678399604464982,0.3757390115771619,19,SC2304.INE,554.5,558.3,20178,2.1000000000000227,SC2303.INE,552.4,555.0,29,0.0,SC2512.INE,534.8,534.8,1033,-17.600000000000023,-0.011582922473754515,-0.011771459514125863,9936000.0,0.0,15.0
2023-01-31,SC2303.INE,554.9,557.0,539.6,540.5,547.4,552.4,555.0,-14.5,-7.6,99683,5457038.96,22771,-45.0,28,0.7209665637227602,0.3615477437998158,19,SC2304.INE,542.8,549.2,21307,2.2999999999999545,SC2303.INE,540.5,547.4,28,0.0,SC2512.INE,534.8,534.8,1032,-5.7000000000000455,-0.0038338781783136097,-0.0038542370774784463,9936000.0,0.0,15.0
2023-02-01,SC2303.INE,539.2,554.1,538.1,551.4,546.7,540.5,547.4,4.0,-0.7,81967,4481937.56,21961,-810.0,27,0.7175673427938615,0.35182070136652727,18,SC2304.INE,554.1,550.0,21369,2.7000000000000455,SC2303.INE,551.4,546.7,27,0.0,SC2512.INE,534.8,534.8,1031,-16.600000000000023,-0.010944614722105415,-0.011112742507068242,9936000.0,0.0,15.0
2023-02-02,SC2303.INE,551.5,553.7,531.7,534.2,542.3,551.4,546.7,-12.5,-4.4,108121,5863874.72,22422,461.0,26,0.6959026311724422,0.3490403026199038,18,SC2304.INE,536.0,544.2,22180,1.7999999999999545,SC2303.INE,534.2,542.3,26,0.0,SC2512.INE,534.8,534.8,1030,0.599999999999909,0.00040832551486295703,0.00040809637594969015,9936000.0,0.0,15.0
2023-02-03,SC2304.INE,532.3,539.7,527.2,532.4,533.2,536.0,544.2,-11.8,-11.0,36474,1944853.06,23919,1739.0,56,0.2340147053162413,0.35635643092325797,18,SC2303.INE,531.9,532.0,22800,-0.5,SC2303.INE,531.9,532.0,25,0.5,SC2512.INE,532.9,532.9,1029,1.0,0.0006834852730458087,0.0006828435830474137,9936000.0,0.0,15.0
2023-02-06,SC2304.INE,532.6,546.3,517.2,519.4,528.7,532.4,533.2,-13.8,-4.5,65797,3479267.34,29084,5165.0,53,0.282787431287687,0.3872960916172848,18,SC2303.INE,518.6,529.3,24262,-0.7999999999999545,SC2303.INE,518.6,529.3,22,0.7999999999999545,SC2512.INE,511.5,511.5,1026,-7.100000000000023,-0.004977198802168878,-0.005011583680480314,9936000.0,0.0,15.0
2023-02-07,SC2304.INE,522.0,535.5,514.8,532.8,525.0,519.4,528.7,4.1,-3.7,64355,3379087.6,27282,-1802.0,52,0.3292641122327335,0.37517533485519405,18,SC2303.INE,530.3,522.5,22974,-2.5,SC2303.INE,530.3,522.5,21,2.5,SC2512.INE,511.5,511.5,1025,-18.799999999999955,-0.012888292201738009,-0.013122294864802918,9936000.0,0.0,15.0
2023-02-08,SC2304.INE,530.7,546.0,529.1,545.1,537.7,532.8,525.0,20.1,12.7,56087,3015985.69,28181,899.0,51,0.32864182628923666,0.3828576086513511,18,SC2303.INE,544.6,535.7,22370,-0.5,SC2303.INE,544.6,535.7,20,0.5,SC2512.INE,511.5,511.5,1024,-33.10000000000002,-0.02209578871440424,-0.022795775019434264,9936000.0,0.0,15.0
2023-02-09,SC2304.INE,547.5,554.8,544.1,553.5,549.3,545.1,537.7,15.8,11.6,56251,3090247.07,29327,1146.0,50,0.3491530473536221,0.40472247522839555,18,SC2303.INE,554.8,549.4,19332,1.2999999999999545,SC2303.INE,554.8,549.4,19,-1.2999999999999545,SC2512.INE,517.4,517.4,1023,-37.39999999999998,-0.02450723422101066,-0.025372378308160262,9936000.0,0.0,15.0
2023-02-10,SC2304.INE,551.5,551.8,541.7,549.5,547.7,553.5,549.3,0.2,-1.6,65943,3612098.63,30594,1267.0,49,0.38576693576693577,0.4327114832468212,18,SC2305.INE,549.6,548.3,17549,0.10000000000002274,SC2303.INE,554.0,552.1,18,-4.5,SC2512.INE,517.4,517.4,1022,-36.60000000000002,-0.02401764782027128,-0.024847781078988662,9936000.0,0.0,15.0
2023-02-13,SC2304.INE,560.0,561.7,553.9,556.2,557.6,549.5,547.7,8.5,9.9,81016,4517693.91,30512,-82.0,46,0.4946424319390428,0.44394651457172374,18,SC2305.INE,555.9,557.1,18446,-0.3000000000000682,SC2303.INE,563.0,562.6,15,-6.7999999999999545,SC2512.INE,521.7,521.7,1019,-41.299999999999955,-0.02666863628965486,-0.02769743536916365,9936000.0,0.0,15.0
2023-02-14,SC2304.INE,559.9,568.9,556.9,566.9,561.6,556.2,557.6,9.3,4.0,115083,6463411.03,33799,3287.0,45,0.7431565896278503,0.4814260889382674,18,SC2305.INE,565.0,560.5,19052,-1.8999999999999773,SC2303.INE,571.5,565.8,14,-4.600000000000023,SC2512.INE,521.7,521.7,1018,-49.799999999999955,-0.03167905804603109,-0.033145116753365705,9933000.0,-3000.0,15.0
2023-02-15,SC2304.INE,565.1,566.3,552.9,562.3,560.5,566.9,561.6,0.7,-1.1,149425,8375786.23,33795,-4.0,44,0.7903910035334194,0.4872685852702001,18,SC2305.INE,558.9,558.5,19766,-3.3999999999999773,SC2303.INE,567.0,567.1,13,-4.7000000000000455,SC2512.INE,521.7,521.7,1017,-45.299999999999955,-0.029045194881848233,-0.030271221813030675,9933000.0,0.0,15.0
2023-02-16,SC2304.INE,562.1,575.2,555.8,574.2,563.7,562.3,560.5,13.7,3.2,143508,8089788.08,35845,2050.0,43,0.8014475513931006,0.503433940534543,18,SC2305.INE,568.9,561.8,21153,-5.300000000000068,SC2303.INE,583.3,572.7,12,-9.099999999999909,SC2512.INE,528.4,528.4,1016,-54.89999999999998,-0.034216810112541414,-0.03593579910923197,9933000.0,0.0,15.0
2023-02-17,SC2304.INE,571.5,574.6,563.2,564.3,570.5,574.2,563.7,0.6,6.8,117885,6726104.57,35442,-403.0,42,0.8141622868508837,0.5053757307856838,18,SC2305.INE,560.4,564.8,20382,-3.8999999999999773,SC2303.INE,573.7,580.2,11,-9.400000000000091,SC2512.INE,528.4,528.4,1015,-45.30000000000007,-0.028705988317950133,-0.0299027482273647,9933000.0,0.0,15.0
2023-02-20,SC2304.INE,557.8,558.6,547.4,556.6,552.3,564.3,570.5,-13.9,-18.2,155136,8568564.97,35298,-144.0,39,0.7985258238194752,0.4975684019114475,18,SC2305.INE,555.4,550.4,21199,-1.2000000000000455,SC2303.INE,553.7,553.8,8,2.8999999999999773,SC2512.INE,528.4,528.4,1012,-25.300000000000068,-0.016611358431184105,-0.017002838327663597,9933000.0,0.0,15.0
2023-02-21,SC2304.INE,557.7,559.5,546.5,548.0,553.7,556.6,552.3,-4.3,1.4,108280,5996184.16,37293,1995.0,38,0.8040036829130655,0.5022423336430851,18,SC2305.INE,547.7,552.4,21480,-0.2999999999999545,SC2303.INE,557.0,554.3,7,-9.0,SC2512.INE,528.4,528.4,1011,-28.600000000000023,-0.01866680495254175,-0.01916310613234717,9933000.0,0.0,15.0
2023-02-22,SC2304.INE,550.1,553.5,542.4,546.0,548.5,548.0,553.7,-7.7,-5.2,149224,8185460.58,35856,-1437.0,37,0.8226467102180325,0.4793711061793096,18,SC2305.INE,545.8,548.5,22992,-0.20000000000004547,SC2303.INE,555.1,559.2,6,-9.100000000000023,SC2512.INE,528.4,528.4,1010,-26.700000000000045,-0.017486350759814313,-0.017920883807271006,9933000.0,0.0,15.0
2023-02-23,SC2304.INE,546.2,551.2,533.8,534.9,542.6,546.0,548.5,-13.6,-5.9,142041,7708389.28,39034,3178.0,36,0.7987504850165046,0.49246180437278425,18,SC2305.INE,536.3,542.5,23742,1.3999999999999773,SC2303.INE,534.4,547.7,5,0.5,SC2512.INE,520.1,532.2,1009,-14.299999999999955,-0.009728115979196962,-0.009860642755821044,9933000.0,0.0,15.0
2023-02-24,SC2304.INE,539.5,552.9,537.6,551.9,544.8,534.9,542.6,9.3,2.2,137993,7518674.13,35262,-3772.0,35,0.7940763502859971,0.46932772550011315,18,SC2305.INE,551.7,546.0,23580,-0.1999999999999318,SC2303.INE,553.1,551.8,4,-1.2000000000000455,SC2512.INE,532.2,532.2,1008,-20.899999999999977,-0.013737312546955547,-0.014003587984881357,9933000.0,0.0,15.0
2023-02-27,SC2304.INE,551.1,555.3,541.5,547.9,548.9,551.9,544.8,3.1,4.1,158223,8685622.49,30485,-4777.0,32,0.7730941747857443,0.4381665564722454,18,SC2305.INE,547.7,549.2,23875,-0.1999999999999318,SC2303.INE,552.0,552.8,1,-4.100000000000023,SC2512.INE,532.2,532.2,1005,-19.799999999999955,-0.013040230382816546,-0.013279851616264798,9933000.0,0.0,15.0
2023-02-28,SC2304.INE,548.5,549.0,542.0,548.2,545.6,547.9,548.9,-0.7,-3.3,113646,6200635.38,29050,-1435.0,31,0.7634985790969372,0.41676828830896806,18,SC2305.INE,548.2,545.4,24059,0.0,SC2304.INE,548.2,545.6,31,0.0,SC2512.INE,532.2,532.2,1004,-16.0,-0.010948660157713218,-0.01111161484446072,9933000.0,0.0,15.0
2023-03-01,SC2304.INE,551.8,559.8,551.7,557.6,555.8,548.2,545.6,12.0,10.2,109882,6108338.83,30820,1770.0,30,0.7441151772895955,0.43681614604002494,17,SC2305.INE,557.3,555.5,25045,-0.3000000000000682,SC2304.INE,557.6,555.8,30,0.0,SC2512.INE,534.8,534.8,1003,-22.800000000000068,-0.015338825475794854,-0.01566124377159511,9933000.0,0.0,15.0
2023-03-02,SC2304.INE,552.7,562.0,549.0,559.0,554.4,557.6,555.8,3.2,-1.4,135846,7532035.47,30537,-283.0,29,0.7177062310463974,0.42870981328092095,17,SC2305.INE,559.3,554.9,25187,0.2999999999999545,SC2304.INE,559.0,554.4,29,0.0,SC2512.INE,534.8,534.8,1002,-24.200000000000045,-0.016239908660855656,-0.016601921062146523,9933000.0,0.0,15.0
2023-03-03,SC2304.INE,562.0,569.6,561.0,568.3,565.7,559.0,554.4,13.9,11.3,99507,5629654.68,30338,-199.0,28,0.7257404584606633,0.4248722078285834,18,SC2305.INE,566.9,564.8,25905,-1.3999999999999773,SC2304.INE,568.3,565.7,28,0.0,SC2603.INE,529.9,534.7,1092,-38.39999999999998,-0.02317953955802756,-0.02399982675149546,7357000.0,-2576000.0,15.0
2023-03-06,SC2304.INE,568.1,575.2,555.3,570.6,565.4,568.3,565.7,4.9,-0.3,146804,8300399.85,30312,-26.0,25,0.6970319970752042,0.42771874867713666,18,SC2305.INE,567.6,564.1,25252,-3.0,SC2304.INE,570.6,565.4,25,0.0,SC2603.INE,525.2,535.7,1089,-45.39999999999998,-0.027294511251841458,-0.028441628917318437,7357000.0,0.0,15.0
2023-03-07,SC2304.INE,568.4,589.7,568.0,582.8,577.9,570.6,565.4,17.4,12.5,107012,6185279.07,32115,1803.0,24,0.6518643055987037,0.4270214208783757,18,SC2305.INE,582.0,576.8,27143,-0.7999999999999545,SC2304.INE,582.8,577.9,24,0.0,SC2603.INE,544.3,544.3,1088,-38.5,-0.02266169670917168,-0.023444906711961297,7357000.0,0.0,15.0
2023-03-08,SC2304.INE,580.3,580.9,563.6,564.7,573.2,582.8,577.9,-13.2,-4.7,139643,8004691.2,30287,-1828.0,23,0.6811621066597726,0.4037351533652372,18,SC2305.INE,564.6,571.9,28146,-0.10000000000002274,SC2304.INE,564.7,573.2,23,0.0,SC2603.INE,544.3,544.3,1087,-20.40000000000009,-0.01239263378918347,-0.01262201945686319,7357000.0,0.0,15.0
2023-03-09,SC2304.INE,563.7,565.2,556.7,560.7,560.4,564.7,573.2,-12.5,-12.8,122333,6856575.23,30060,-227.0,22,0.6562823559706658,0.39389372993513727,18,SC2305.INE,560.6,560.1,28487,-0.10000000000002274,SC2304.INE,560.7,560.4,22,0.0,SC2603.INE,544.3,544.3,1086,-16.40000000000009,-0.010033778936372573,-0.010183444320166865,7357000.0,0.0,15.0
2023-03-10,SC2304.INE,560.2,568.2,545.4,546.0,559.5,560.7,560.4,-14.4,-0.9,138167,7731481.11,32486,2426.0,21,0.6566872623574145,0.4017312805292772,18,SC2305.INE,547.3,558.1,29923,1.2999999999999545,SC2304.INE,546.0,559.5,21,0.0,SC2603.INE,523.6,523.6,1085,-22.399999999999977,-0.01407364565259301,-0.014370482823161139,7357000.0,0.0,15.0
2023-03-13,SC2304.INE,546.9,558.3,545.1,552.6,551.1,546.0,559.5,-6.9,-8.4,151605,8356391.23,29611,-2875.0,18,0.6557167881317446,0.3800277214507559,18,SC2305.INE,554.8,552.8,29595,2.199999999999932,SC2304.INE,552.6,551.1,18,0.0,SC2603.INE,524.8,524.8,1082,-27.800000000000068,-0.017257788880453078,-0.017707019571141458,7357000.0,0.0,15.0
2023-03-14,SC2305.INE,530.0,547.6,525.0,531.8,537.2,554.8,552.8,-21.0,-15.6,83330,4476936.15,32250,2655.0,45,0.3155471237991374,0.40272730678455027,19,SC2304.INE,529.5,534.8,28225,-2.2999999999999545,SC2304.INE,529.5,534.8,17,2.2999999999999545,SC2603.INE,519.6,520.3,1081,-9.899999999999977,-0.006413874629917562,-0.006474592377284848,6357000.0,-1000000.0,15.0
2023-03-15,SC2305.INE,531.0,538.3,522.0,526.0,530.3,531.8,537.2,-11.2,-6.9,78436,4160016.36,36832,4582.0,44,0.32003590591019443,0.4288475420906783,19,SC2304.INE,522.6,528.5,27859,-3.3999999999999773,SC2304.INE,522.6,528.5,16,3.3999999999999773,SC2603.INE,520.3,520.3,1080,-2.300000000000068,-0.0015097660914629239,-0.0015130981658297658,6357000.0,0.0,15.0
2023-03-16,SC2305.INE,509.2,512.0,491.2,498.8,502.8,526.0,530.3,-31.5,-27.5,142554,7168437.25,42057,5225.0,43,0.3733480695395285,0.4445677681232955,19,SC2304.INE,493.8,498.1,25192,-5.0,SC2304.INE,493.8,498.1,15,5.0,SC2603.INE,510.9,511.2,1079,17.099999999999966,0.011879448012497828,0.011678387490949908,6357000.0,0.0,15.0
2023-03-17,SC2305.INE,498.0,510.6,487.6,502.9,499.4,498.8,502.8,0.1,-3.4,165228,8252412.68,45339,3282.0,42,0.49428911611432536,0.4779418740710287,19,SC2304.INE,498.5,493.9,21370,-4.399999999999977,SC2304.INE,498.5,493.9,14,4.399999999999977,SC2603.INE,504.0,504.0,1078,5.5,0.003784850792980471,0.003764123791690432,6357000.0,0.0,15.0
2023-03-20,SC2305.INE,497.0,502.9,480.6,481.5,494.0,502.9,499.4,-17.9,-5.4,268331,13257886.81,54567,9228.0,39,0.7065190774974789,0.5398023484721082,19,SC2306.INE,484.8,496.7,22139,3.3000000000000114,SC2304.INE,476.6,491.0,11,4.899999999999977,SC2603.INE,499.0,499.0,1075,22.399999999999977,0.01612297634560592,0.015755558126607196,6357000.0,0.0,15.0
2023-03-21,SC2305.INE,491.0,497.5,485.4,492.8,491.0,481.5,494.0,-1.2,-3.0,239170,11743312.74,53664,-903.0,38,0.8223336989372273,0.5636205140054404,19,SC2306.INE,495.8,493.8,22607,3.0,SC2304.INE,488.5,486.3,10,4.300000000000011,SC2603.INE,499.3,499.3,1074,10.800000000000011,0.007584211295895866,0.007501589096485047,6357000.0,0.0,15.0
2023-03-22,SC2305.INE,499.9,505.4,498.1,503.5,501.8,492.8,491.0,12.5,10.8,186406,9355182.05,51179,-2485.0,37,0.8323071221585708,0.5541251624079688,19,SC2306.INE,506.9,504.9,22231,3.3999999999999773,SC2304.INE,499.7,497.7,9,3.8000000000000114,SC2603.INE,501.9,501.9,1073,2.1999999999999886,0.0015103046790480273,0.001506989740052589,6357000.0,0.0,15.0
2023-03-23,SC2305.INE,507.0,513.3,502.1,507.0,507.5,503.5,501.8,5.2,5.7,186045,9442783.3,46534,-4645.0,36,0.8475506699041953,0.54456302953705,19,SC2306.INE,509.7,510.7,20699,2.6999999999999886,SC2304.INE,503.5,503.2,8,3.5,SC2603.INE,501.9,501.9,1072,-1.6000000000000227,-0.0010901135659406988,-0.0010918493013826283,6582000.0,225000.0,15.0
2023-03-24,SC2305.INE,509.0,515.6,500.5,508.0,509.7,507.0,507.5,0.5,2.2,189666,9667996.23,43012,-3522.0,35,0.8283805031446541,0.5372537753406862,19,SC2306.INE,510.0,511.9,19201,2.0,SC2304.INE,503.3,502.9,7,4.699999999999989,SC2603.INE,492.6,492.6,1071,-10.699999999999989,-0.00729303140625257,-0.007371671762213368,6582000.0,0.0,15.0
2023-03-27,SC2305.INE,497.0,507.8,494.0,507.7,500.2,508.0,509.7,-2.0,-9.5,211047,10556759.98,44245,1233.0,32,0.8169856459330144,0.5959323860192606,20,SC2306.INE,510.1,502.0,19142,2.400000000000034,SC2304.INE,504.7,496.9,4,3.0,SC2603.INE,492.6,492.6,1068,-12.099999999999966,-0.008224382533508316,-0.008324575465995656,6582000.0,0.0,15.0
2023-03-28,SC2305.INE,510.1,522.6,509.2,519.7,515.2,507.7,500.2,19.5,15.0,155048,7988999.44,38545,-5700.0,31,0.8013810498459757,0.5658812302723335,20,SC2306.INE,522.8,517.9,18875,3.099999999999909,SC2304.INE,517.8,517.7,3,1.900000000000091,SC2603.INE,511.7,511.7,1067,-6.099999999999966,-0.0040412807801659045,-0.004065273778038275,9478000.0,2896000.0,15.0
2023-03-29,SC2305.INE,519.7,527.5,517.6,526.2,523.5,519.7,515.2,11.0,8.3,136532,7147719.57,35259,-3286.0,30,0.8174149399206125,0.5494109947643979,20,SC2306.INE,528.7,525.9,19045,2.5,SC2304.INE,525.0,522.6,2,1.2000000000000455,SC2603.INE,495.8,495.8,1066,-29.19999999999999,-0.019079842463301095,-0.019630977153707475,9478000.0,0.0,15.0
2023-03-30,SC2305.INE,528.8,530.2,519.3,523.3,524.4,526.2,523.5,-0.2,0.9,154678,8112682.91,33156,-2103.0,29,0.8052203608649932,0.5311163438896631,20,SC2306.INE,525.9,527.0,19751,2.6000000000000227,SC2304.INE,521.5,517.6,1,1.7999999999999545,SC2603.INE,500.1,500.1,1065,-21.399999999999977,-0.0140770190096526,-0.01437400051299692,11471000.0,1993000.0,15.0
2023-03-31,SC2305.INE,525.0,529.8,521.5,527.4,526.4,523.3,524.4,3.0,2.0,128679,6774761.24,32585,-571.0,28,0.7951099247395543,0.5331402673473061,20,SC2306.INE,529.5,528.9,19050,2.1000000000000227,SC2305.INE,527.4,526.4,28,0.0,SC2603.INE,503.5,503.5,1064,-23.899999999999977,-0.015965807348059902,-0.016338880350007527,11471000.0,0.0,15.0
2023-04-03,SC2305.INE,529.2,572.7,527.6,569.7,546.0,527.4,526.4,43.3,19.6,167785,9161475.18,32259,-326.0,25,0.7247544340103497,0.5483799680413423,19,SC2306.INE,570.3,554.2,19378,0.599999999999909,SC2305.INE,569.7,546.0,25,0.0,SC2603.INE,525.0,522.3,1061,-44.700000000000045,-0.02764358807012836,-0.028788368746694066,11471000.0,0.0,15.0
2023-04-04,SC2305.INE,573.8,583.7,570.0,583.4,576.0,569.7,546.0,37.4,30.0,124834,7190551.27,29304,-2955.0,24,0.6937650399862174,0.5140060690042273,19,SC2306.INE,582.5,575.7,20499,-0.8999999999999773,SC2305.INE,583.4,576.0,24,0.0,SC2603.INE,522.3,522.3,1060,-61.10000000000002,-0.03689843058200962,-0.03897711054715187,11471000.0,0.0,15.0
2023-04-06,SC2305.INE,580.0,585.7,577.4,584.2,582.3,583.4,576.0,8.2,6.3,36231,2109852.42,28070,-1234.0,22,0.5824545045334705,0.48612794846039276,19,SC2306.INE,582.9,581.0,22106,-1.3000000000000682,SC2305.INE,584.2,582.3,22,0.0,SC2603.INE,525.0,525.0,1058,-59.200000000000045,-0.035702058981757746,-0.03764331224627045,11471000.0,0.0,15.0
2023-04-07,SC2305.INE,585.4,593.6,581.4,592.0,586.2,584.2,582.3,9.7,3.9,102614,6015659.57,27538,-532.0,21,0.6488766354076425,0.46414967132984997,19,SC2306.INE,587.4,583.6,23832,-4.600000000000023,SC2305.INE,592.0,586.2,21,0.0,SC2603.INE,525.0,525.0,1057,-67.0,-0.03987366951893978,-0.04231617363582953,11471000.0,0.0,15.0
2023-04-10,SC2305.INE,592.0,595.3,585.3,587.9,589.1,592.0,586.2,1.7,2.9,56966,3356291.86,25871,-1667.0,18,0.6314400993171942,0.4494301994301994,19,SC2306.INE,582.2,583.8,23356,-5.699999999999932,SC2305.INE,587.9,589.1,18,0.0,SC2603.INE,525.0,525.0,1054,-62.89999999999998,-0.03769470026486524,-0.03986765446723329,11471000.0,0.0,15.0
2023-04-11,SC2305.INE,582.0,590.5,580.9,588.6,586.1,587.9,589.1,-0.5,-3.0,84715,4965647.65,24326,-1545.0,17,0.6592914844272885,0.42918136908962595,19,SC2306.INE,582.8,581.0,24157,-5.800000000000068,SC2305.INE,588.6,586.1,17,0.0,SC2603.INE,525.0,525.0,1053,-63.60000000000002,-0.03806886834409771,-0.04028690079230528,13484000.0,2013000.0,15.0
2023-04-12,SC2306.INE,579.5,589.2,578.0,587.8,584.1,582.8,581.0,6.8,3.1,42672,2492796.6,25121,964.0,49,0.3073820088745462,0.44095137791820255,19,SC2305.INE,593.8,590.5,23274,6.0,SC2305.INE,593.8,590.5,16,-6.0,SC2603.INE,525.0,525.0,1052,-68.79999999999995,-0.04082078517915499,-0.043385781278361985,13484000.0,0.0,15.0
2023-04-13,SC2306.INE,590.8,598.9,588.7,595.4,593.8,587.8,584.1,11.3,9.7,55192,3277681.29,28281,3160.0,48,0.3655050926477795,0.4871834625322997,19,SC2305.INE,601.0,600.4,20357,5.600000000000023,SC2305.INE,601.0,600.4,15,-5.600000000000023,SC2603.INE,526.0,526.0,1051,-75.0,-0.0439662981260319,-0.04696159117382882,13484000.0,0.0,15.0
2023-04-14,SC2306.INE,595.0,597.6,589.2,590.3,593.2,595.4,593.8,-3.5,-0.6,61433,3644323.38,30424,2143.0,47,0.43871313290009284,0.5310061960031416,19,SC2305.INE,596.2,597.9,17086,5.900000000000091,SC2305.INE,596.2,597.9,14,-5.900000000000091,SC2603.INE,526.0,526.0,1050,-70.20000000000005,-0.04148377303358856,-0.04413645125944534,13484000.0,0.0,15.0
2023-04-17,SC2306.INE,590.9,596.8,587.6,593.2,592.4,590.3,593.2,0.0,-0.8,100693,5965673.02,32350,1926.0,44,0.6114241647741763,0.5703857817899711,19,SC2305.INE,601.3,598.3,13544,8.099999999999909,SC2305.INE,601.3,598.3,11,-8.099999999999909,SC2603.INE,526.0,526.0,1047,-75.29999999999995,-0.04412013995416621,-0.04713741248779128,13484000.0,0.0,15.0
2023-04-18,SC2306.INE,590.1,591.9,580.5,587.1,586.2,593.2,592.4,-5.3,-6.2,125631,7365397.25,33882,1532.0,43,0.7643415569008001,0.6211751764598038,19,SC2305.INE,597.2,597.6,8995,10.100000000000023,SC2305.INE,597.2,597.6,10,-10.100000000000023,SC2603.INE,526.0,526.0,1046,-71.20000000000005,-0.04200425667270946,-0.04472689316455001,12784000.0,-700000.0,15.0
2023-04-19,SC2306.INE,582.4,588.3,578.3,580.8,583.3,587.1,586.2,-5.4,-2.9,132831,7748112.01,34252,370.0,42,0.8549113751335488,0.625036496350365,19,SC2305.INE,583.7,592.7,8470,2.900000000000091,SC2305.INE,583.7,592.7,9,-2.900000000000091,SC2603.INE,526.0,526.0,1045,-57.700000000000045,-0.03482725364685278,-0.036671204543719096,12784000.0,0.0,15.0
2023-04-20,SC2306.INE,576.4,576.7,564.7,567.0,571.8,580.8,583.3,-16.3,-11.5,155160,8872140.86,35254,1002.0,41,0.843737764823596,0.6279993587117231,19,SC2307.INE,563.2,568.5,8819,-3.7999999999999545,SC2305.INE,578.0,579.2,8,-11.0,SC2603.INE,526.0,526.0,1044,-52.0,-0.03169630332260091,-0.03321382183026418,12784000.0,0.0,15.0
2023-04-21,SC2306.INE,564.1,565.6,554.1,554.2,558.9,567.0,571.8,-17.6,-12.9,142994,7993194.9,32638,-2616.0,40,0.8309449926199691,0.6111298355989964,19,SC2307.INE,550.6,555.5,9014,-3.6000000000000227,SC2305.INE,565.0,571.4,7,-10.799999999999955,SC2603.INE,523.1,523.1,1043,-41.89999999999998,-0.026127549800116154,-0.02714707961486926,12784000.0,0.0,15.0
2023-04-24,SC2306.INE,558.4,564.4,553.0,553.9,560.3,554.2,558.9,-5.0,1.4,131135,7347787.3,30550,-2088.0,37,0.8119763964309819,0.612998374701527,19,SC2307.INE,551.5,556.4,10249,-2.3999999999999773,SC2305.INE,562.0,564.7,4,-8.100000000000023,SC2603.INE,519.3,519.3,1040,-42.700000000000045,-0.026768539001635117,-0.027840092809698395,12784000.0,0.0,15.0
2023-04-25,SC2306.INE,556.2,571.0,554.8,567.9,565.8,553.9,560.3,7.6,5.5,123406,6983413.61,29942,-608.0,36,0.8087105821908831,0.6081816704582386,18,SC2307.INE,565.7,562.8,10322,-2.199999999999932,SC2305.INE,575.0,566.5,3,-7.100000000000023,SC2603.INE,519.3,519.3,1039,-55.700000000000045,-0.03412875608527787,-0.03589693613000311,12784000.0,0.0,15.0
2023-04-26,SC2306.INE,563.6,564.6,549.3,556.9,555.3,567.9,565.8,-8.9,-10.5,152286,8457153.65,25218,-4724.0,35,0.8240584415584415,0.5542661215877621,18,SC2307.INE,556.4,554.3,11942,-0.5,SC2305.INE,556.5,573.1,2,0.39999999999997726,SC2603.INE,519.3,519.3,1038,-37.200000000000045,-0.023551082850274237,-0.024375172056799323,12784000.0,0.0,15.0
2023-04-27,SC2306.INE,549.1,550.1,524.5,526.1,540.7,556.9,555.3,-29.2,-14.6,169284,9153442.61,30828,5610.0,34,0.7652706954540522,0.5695704387990762,18,SC2307.INE,527.8,539.1,14416,1.6999999999999318,SC2305.INE,525.3,530.0,1,0.8000000000000682,SC2603.INE,519.3,519.3,1037,-6.0,-0.0040241759259463435,-0.00404733459943972,12784000.0,0.0,15.0
2023-04-28,SC2306.INE,525.9,532.3,523.8,531.7,528.0,526.1,540.7,-9.0,-12.7,130659,6898946.93,25645,-5183.0,33,0.7911199646397065,0.5206049533089728,18,SC2307.INE,532.0,529.8,15126,0.2999999999999545,SC2306.INE,531.7,528.0,33,0.0,SC2603.INE,519.3,519.3,1036,-12.400000000000091,-0.008486858401661714,-0.008587387264114833,12784000.0,0.0,15.0
2023-05-04,SC2306.INE,488.0,499.2,488.0,496.9,494.5,531.7,528.0,-31.1,-33.5,55512,2745180.69,28465,2820.0,27,0.6128302220063367,0.5403891789273849,18,SC2307.INE,499.1,496.1,18510,2.2000000000000455,SC2306.INE,496.9,494.5,27,0.0,SC2603.INE,494.9,497.8,1030,-2.0,-0.0014647143295410778,-0.0014676699675060972,12784000.0,0.0,15.0
2023-05-05,SC2306.INE,494.0,497.8,485.3,495.1,491.0,496.9,494.5,0.6,-3.5,142289,6986875.6,32000,3535.0,26,0.6722621978011595,0.520265985985335,18,SC2307.INE,496.3,493.3,22392,1.1999999999999886,SC2306.INE,495.1,491.0,26,0.0,SC2603.INE,497.8,497.8,1029,2.6999999999999886,0.0019845533083641628,0.0019791615769010223,12784000.0,0.0,15.0
2023-05-08,SC2306.INE,500.3,514.0,499.8,513.9,507.8,495.1,491.0,22.9,16.8,120938,6141615.49,31725,-275.0,23,0.683180621617652,0.49317560004974503,18,SC2307.INE,515.3,509.2,24464,1.3999999999999773,SC2306.INE,513.9,507.8,23,0.0,SC2603.INE,505.1,505.1,1026,-8.799999999999955,-0.006231548592207401,-0.006285519991350542,12784000.0,0.0,15.0
2023-05-09,SC2306.INE,518.0,523.3,515.0,515.6,518.9,513.9,507.8,7.8,11.1,91194,4732319.91,28912,-2813.0,22,0.658987607038335,0.46461400012855947,18,SC2307.INE,516.8,520.2,24754,1.1999999999999318,SC2306.INE,515.6,518.9,22,0.0,SC2603.INE,510.0,512.7,1025,-5.600000000000023,-0.003952456053097512,-0.003974076821068029,12784000.0,0.0,15.0
2023-05-10,SC2306.INE,516.0,524.5,508.4,519.4,516.6,515.6,518.9,0.5,-2.3,122016,6303910.57,27784,-1128.0,21,0.6529074651783755,0.44921584478577203,18,SC2307.INE,520.3,518.1,24680,0.8999999999999773,SC2306.INE,519.4,516.6,21,0.0,SC2603.INE,512.7,512.7,1024,-6.699999999999932,-0.004694234585423492,-0.004724774137818991,12784000.0,0.0,15.0
2023-05-11,SC2306.INE,523.1,523.8,505.2,513.0,514.5,519.4,516.6,-3.6,-2.1,137300,7064457.83,28282,498.0,20,0.6435495059714644,0.43665951303864503,18,SC2307.INE,515.2,516.9,26209,2.2000000000000455,SC2306.INE,513.0,514.5,20,0.0,SC2603.INE,516.5,516.5,1023,3.5,0.0024828049963170817,0.0024743737158097125,12784000.0,0.0,15.0
2023-05-12,SC2307.INE,509.0,511.2,497.9,498.2,505.8,515.2,516.9,-18.7,-11.1,64859,3281072.96,30153,3944.0,49,0.2945097558428349,0.4305726117378266,18,SC2306.INE,494.8,502.7,28502,-3.3999999999999773,SC2306.INE,494.8,502.7,19,3.3999999999999773,SC2603.INE,497.0,497.0,1022,2.1999999999999886,0.001618023858900224,0.0016144374238065457,12784000.0,0.0,15.0
2023-05-15,SC2307.INE,504.4,508.7,493.7,497.9,500.9,498.2,505.8,-7.9,-4.9,66787,3345741.95,33041,2888.0,46,0.30361729500706913,0.46765838192832476,18,SC2306.INE,494.4,497.7,26172,-3.5,SC2306.INE,494.4,497.7,16,3.5,SC2603.INE,497.0,497.0,1019,2.6000000000000227,0.001913757110545379,0.001908742555233207,10771000.0,-2013000.0,15.0
2023-05-16,SC2307.INE,500.1,513.4,499.9,505.8,507.6,497.9,500.9,4.9,6.7,66901,3396206.63,33133,92.0,45,0.4060660135717494,0.5051917359152245,19,SC2306.INE,503.6,504.5,20653,-2.1999999999999886,SC2306.INE,503.6,504.5,15,2.1999999999999886,SC2603.INE,497.0,497.0,1018,-6.600000000000023,-0.004769250627783068,-0.004800778431555979,10771000.0,0.0,15.0
2023-05-17,SC2307.INE,507.9,513.8,500.3,501.6,506.8,505.8,507.6,-6.0,-0.8,88567,4489125.89,36747,3614.0,44,0.47826744355583395,0.5567305507158549,19,SC2306.INE,498.0,505.1,16486,-3.6000000000000227,SC2306.INE,498.0,505.1,14,3.6000000000000227,SC2603.INE,497.0,497.0,1017,-1.0,-0.0007307395083824921,-0.0007314741662301509,10771000.0,0.0,15.0
2023-05-18,SC2307.INE,506.8,520.5,506.0,518.0,514.0,501.6,506.8,11.2,7.2,168648,8668916.59,38442,1695.0,43,0.7064737472666494,0.5895469742048278,19,SC2306.INE,513.6,510.7,13112,-4.399999999999977,SC2306.INE,513.6,510.7,13,4.399999999999977,SC2603.INE,505.0,505.0,1016,-8.600000000000023,-0.006093479685553956,-0.00614507271350245,10771000.0,0.0,15.0
2023-05-19,SC2307.INE,514.9,525.8,512.4,523.9,517.7,518.0,514.0,9.9,3.7,154783,8014312.38,40406,1964.0,42,0.7676243187081864,0.6338295502674551,19,SC2308.INE,524.5,520.1,9599,0.6000000000000227,SC2306.INE,518.6,514.3,12,5.2999999999999545,SC2603.INE,505.0,505.0,1015,-13.600000000000023,-0.009543294528293259,-0.00967066001760671,10771000.0,0.0,15.0
2023-05-22,SC2307.INE,529.0,529.6,505.7,507.0,515.5,523.9,517.7,-10.7,-2.2,181390,9351609.07,40109,-297.0,39,0.8126500842263719,0.62158476296744,19,SC2308.INE,508.6,515.6,11826,1.6000000000000227,SC2306.INE,503.5,509.1,9,3.5,SC2603.INE,505.0,505.0,1012,1.5,0.001084135874402624,0.0010825241750858916,10771000.0,0.0,15.0
2023-05-23,SC2307.INE,511.5,520.0,509.8,515.5,515.1,507.0,515.5,0.0,-0.4,146257,7533780.08,37001,-3108.0,38,0.7812039312039312,0.6052838213643056,19,SC2308.INE,517.4,516.4,11910,1.8999999999999773,SC2306.INE,514.8,514.2,8,0.7000000000000455,SC2603.INE,505.0,505.0,1011,-9.799999999999955,-0.006927546807905692,-0.006994333951159777,10771000.0,0.0,15.0
2023-05-24,SC2307.INE,522.7,529.4,518.3,527.0,523.6,515.5,515.1,11.9,8.5,122708,6424998.81,36007,-994.0,37,0.7773856962755072,0.5948030923747852,19,SC2308.INE,528.0,524.8,12046,1.0,SC2306.INE,526.5,524.2,7,0.5,SC2603.INE,504.0,504.0,1010,-22.5,-0.015551635691216932,-0.01589371702738929,10771000.0,0.0,15.0
2023-05-25,SC2307.INE,528.4,534.7,523.2,531.5,529.6,527.0,523.6,7.9,6.0,144900,7675067.9,33033,-2974.0,36,0.7724786488820651,0.5655560882070949,19,SC2308.INE,531.2,529.9,12217,-0.2999999999999545,SC2306.INE,529.2,530.2,6,2.2999999999999545,SC2603.INE,504.0,504.0,1009,-25.200000000000045,-0.017328965484498905,-0.017755144488377568,10771000.0,0.0,15.0
2023-05-26,SC2307.INE,526.9,527.2,513.3,521.9,518.7,531.5,529.6,-7.7,-10.9,153732,7974385.29,30376,-2657.0,35,0.8018736047069623,0.524166968645925,19,SC2308.INE,520.7,519.1,14074,-1.1999999999999318,SC2306.INE,520.0,517.6,5,1.8999999999999773,SC2603.INE,504.0,504.0,1008,-16.0,-0.011197177697676202,-0.011373059201393932,10771000.0,0.0,15.0
2023-05-29,SC2307.INE,525.5,535.6,524.5,532.1,528.9,521.9,518.7,13.4,10.2,125191,6621980.03,27756,-2620.0,32,0.7858523847187174,0.5087802910877296,19,SC2308.INE,530.2,528.4,14711,-1.8999999999999773,SC2306.INE,529.6,527.6,2,2.5,SC2603.INE,504.0,504.0,1005,-25.600000000000023,-0.017590732334717914,-0.018030103530679867,10771000.0,0.0,15.0
2023-05-30,SC2307.INE,526.0,538.6,522.7,529.7,528.1,532.1,528.9,0.8,-0.8,90857,4798902.27,26887,-869.0,31,0.748459536048504,0.5021665234768966,19,SC2308.INE,527.8,526.8,15629,-1.900000000000091,SC2306.INE,525.0,529.3,1,4.7000000000000455,SC2603.INE,504.0,504.0,1004,-21.0,-0.014556331006979074,-0.01485546161504799,10771000.0,0.0,15.0
2023-05-31,SC2307.INE,520.6,521.4,502.7,503.9,509.4,529.7,528.1,-24.2,-18.7,148717,7576544.94,29466,2579.0,30,0.7291371474237974,0.4973668219566538,19,SC2308.INE,504.2,508.3,18571,0.30000000000001137,SC2307.INE,503.9,509.4,30,0.0,SC2603.INE,488.0,488.0,1003,-15.899999999999977,-0.011836758586213551,-0.012027530204720352,10771000.0,0.0,15.0
2023-06-01,SC2307.INE,491.5,506.9,489.9,505.9,500.9,503.9,509.4,-3.5,-8.5,143690,7198076.3,29363,-103.0,29,0.710274737768287,0.5232833746190723,19,SC2308.INE,505.7,501.1,19263,-0.19999999999998863,SC2307.INE,505.9,500.9,29,0.0,SC2606.INE,480.0,480.0,1093,-25.899999999999977,-0.017562499349777858,-0.0180280214751157,10771000.0,0.0,15.0
2023-06-02,SC2307.INE,502.8,518.8,497.8,518.3,509.4,505.9,500.9,17.4,8.5,141946,7231834.74,28540,-823.0,28,0.7173337376187588,0.5306312168820303,19,SC2308.INE,519.0,510.2,17991,0.7000000000000455,SC2307.INE,518.3,509.4,28,0.0,SC2606.INE,485.0,485.0,1092,-33.299999999999955,-0.02204013555014295,-0.022780025379919962,10771000.0,0.0,15.0
2023-06-05,SC2307.INE,523.2,530.0,517.9,527.8,522.9,518.3,509.4,18.4,13.5,131353,6868888.78,27140,-1400.0,25,0.699720863830558,0.5053815500353804,19,SC2308.INE,529.2,524.3,19357,1.400000000000091,SC2307.INE,527.8,522.9,25,0.0,SC2606.INE,488.4,488.4,1089,-39.39999999999998,-0.025608142181904173,-0.026614359839216204,9771000.0,-1000000.0,15.0
2023-06-06,SC2307.INE,532.0,532.4,523.2,525.0,527.9,527.8,522.9,2.1,5.0,131853,6961589.07,26518,-622.0,24,0.6745606630343028,0.5150526356679486,19,SC2308.INE,524.9,528.1,17255,-0.10000000000002274,SC2307.INE,525.0,527.9,24,0.0,SC2606.INE,488.4,488.4,1088,-36.60000000000002,-0.023915145005370574,-0.024789647490227506,9771000.0,0.0,15.0
2023-06-07,SC2307.INE,521.8,528.3,518.2,523.7,523.7,525.0,527.9,-4.2,-4.2,124565,6524060.84,27992,1474.0,23,0.6872324226508364,0.5238906252924332,19,SC2308.INE,524.3,524.1,17520,0.599999999999909,SC2307.INE,523.7,523.7,23,0.0,SC2606.INE,488.4,488.4,1087,-35.30000000000007,-0.023122956809629603,-0.023939149015832478,9771000.0,0.0,15.0
2023-06-08,SC2307.INE,531.0,537.2,527.8,535.6,533.5,523.7,523.7,11.9,9.8,112048,5978437.42,28741,749.0,22,0.6464357418133986,0.527890531729268,19,SC2308.INE,535.7,532.7,17659,0.10000000000002274,SC2307.INE,535.6,533.5,22,0.0,SC2606.INE,501.1,501.1,1086,-34.5,-0.02209681925126481,-0.02284060632118282,9771000.0,0.0,15.0
2023-06-09,SC2307.INE,537.6,538.1,514.7,525.5,526.6,535.6,533.5,-8.0,-6.9,174571,9194047.38,26904,-1837.0,21,0.6508597548244698,0.5094972067039106,19,SC2308.INE,524.9,526.0,17862,-0.6000000000000227,SC2307.INE,525.5,526.6,21,0.0,SC2606.INE,501.1,501.1,1085,-24.399999999999977,-0.015928260231930908,-0.016309911229543502,9771000.0,0.0,15.0
2023-06-12,SC2307.INE,529.8,533.4,513.8,514.5,525.3,525.5,526.6,-12.1,-1.3,133293,7001992.29,27898,994.0,18,0.6487634882238132,0.4758233698896488,19,SC2308.INE,516.0,523.5,21993,1.5,SC2307.INE,514.5,525.3,18,0.0,SC2606.INE,496.0,496.0,1082,-18.5,-0.012334955464462904,-0.012562184605685651,9771000.0,0.0,15.0
2023-06-13,SC2307.INE,506.7,510.8,501.5,507.9,506.4,514.5,525.3,-17.4,-18.9,119427,6048412.49,26860,-1038.0,17,0.5419902064452301,0.4242749731471536,19,SC2308.INE,509.9,508.6,26610,2.0,SC2307.INE,507.9,506.4,17,0.0,SC2606.INE,496.0,496.0,1081,-11.899999999999977,-0.008037481476875882,-0.008133136884425953,9771000.0,0.0,15.0
2023-06-14,SC2308.INE,516.0,526.7,515.9,526.6,521.1,509.9,508.6,18.0,12.5,68238,3555962.29,24119,-2491.0,47,0.39439143225388823,0.42253249710942153,19,SC2307.INE,524.4,518.9,23133,-2.2000000000000455,SC2307.INE,524.4,518.9,16,2.2000000000000455,SC2606.INE,496.0,496.0,1080,-28.399999999999977,-0.018578339441280525,-0.019100348858162863,9771000.0,0.0,15.0
2023-06-15,SC2308.INE,529.8,529.8,514.3,517.6,520.8,526.6,521.1,-3.5,-0.3,114577,5968019.18,27489,3370.0,46,0.4867973267507616,0.4806609547123623,19,SC2307.INE,516.0,519.2,19560,-1.6000000000000227,SC2307.INE,516.0,519.2,15,1.6000000000000227,SC2606.INE,496.0,496.0,1079,-20.0,-0.01329632220085095,-0.013560861039635197,9771000.0,0.0,15.0
2023-06-16,SC2308.INE,520.0,531.8,519.4,531.1,526.3,517.6,520.8,10.3,5.5,131950,6944682.39,28550,1061.0,45,0.6987396737979241,0.5391064617243854,19,SC2307.INE,529.5,524.1,13901,-1.6000000000000227,SC2307.INE,529.5,524.1,14,1.6000000000000227,SC2606.INE,496.0,496.0,1078,-33.5,-0.021703515161842272,-0.022420481189412384,9771000.0,0.0,15.0
2023-06-19,SC2308.INE,534.3,535.3,525.0,529.9,531.1,531.1,526.3,3.6,4.8,142107,7547969.54,27689,-861.0,42,0.8181268638671717,0.5347534714845786,19,SC2307.INE,529.5,529.8,12901,-0.39999999999997726,SC2307.INE,529.5,529.8,11,0.39999999999997726,SC2606.INE,496.0,496.0,1075,-33.5,-0.021703515161842272,-0.022420481189412384,9771000.0,0.0,15.0
2023-06-20,SC2308.INE,535.0,538.2,531.1,534.8,534.7,529.9,531.1,3.7,3.6,96381,5153683.92,27606,-83.0,41,0.71600178292846,0.5412622786894888,18,SC2307.INE,533.9,534.5,11192,-0.8999999999999773,SC2307.INE,533.9,534.5,10,0.8999999999999773,SC2603.INE,504.4,504.4,983,-29.5,-0.02072727069728908,-0.02132190880432916,9771000.0,0.0,15.0
2023-06-21,SC2308.INE,532.7,554.8,527.8,551.2,539.6,534.8,534.7,16.5,4.9,203340,10973052.4,29787,2181.0,40,0.7480878398016283,0.54760547844471,18,SC2309.INE,549.5,539.8,11581,-1.7000000000000455,SC2307.INE,550.2,535.2,9,1.0,SC2603.INE,510.0,507.9,982,-40.200000000000045,-0.027408514067387646,-0.02846141810053187,9771000.0,0.0,15.0
2023-06-26,SC2308.INE,543.1,546.1,535.7,543.3,540.0,551.2,539.6,3.7,0.4,46544,2513734.36,28596,-1191.0,35,0.7349439444181273,0.540587545842943,18,SC2309.INE,542.0,539.3,11557,-1.2999999999999545,SC2307.INE,542.0,536.6,4,1.2999999999999545,SC2603.INE,506.0,506.0,977,-36.0,-0.024916282050795838,-0.025782329121835496,11670000.0,1899000.0,15.0
2023-06-27,SC2308.INE,540.0,546.3,536.6,543.2,542.0,543.3,540.0,3.2,2.0,122043,6615647.68,26607,-1989.0,34,0.7207022599637414,0.506751737929721,18,SC2309.INE,542.8,541.3,13016,-0.40000000000009095,SC2307.INE,542.2,540.8,3,1.0,SC2603.INE,506.0,506.0,976,-36.200000000000045,-0.02504546397134286,-0.025920727377843164,11670000.0,0.0,15.0
2023-06-28,SC2308.INE,536.0,541.5,530.3,534.0,536.0,543.2,542.0,-8.0,-6.0,141623,7592063.91,27332,725.0,33,0.7164182879574266,0.5268717711465803,18,SC2309.INE,533.1,535.0,14727,-0.8999999999999773,SC2307.INE,533.9,533.7,2,0.10000000000002274,SC2603.INE,502.8,502.8,975,-31.099999999999966,-0.02185146165036234,-0.022513739731107457,11670000.0,0.0,15.0
2023-06-29,SC2308.INE,531.9,545.1,530.0,542.6,538.5,534.0,536.0,6.6,2.5,143196,7712116.78,25971,-1361.0,32,0.749642705699433,0.5027877802299918,18,SC2309.INE,542.3,537.5,15269,-0.3000000000000682,SC2307.INE,532.9,533.6,1,9.700000000000045,SC2603.INE,502.8,502.8,974,-30.099999999999966,-0.02118852862915147,-0.021810461556140942,11670000.0,0.0,15.0
2023-06-30,SC2308.INE,542.8,549.4,540.2,546.1,544.8,542.6,538.5,7.6,6.3,127949,6971687.15,26528,557.0,31,0.7281828012065334,0.506994878067426,18,SC2309.INE,546.1,545.0,16260,0.0,SC2308.INE,546.1,544.8,31,0.0,SC2603.INE,502.8,502.8,973,-43.30000000000001,-0.030722579837496638,-0.03200904017126936,11670000.0,0.0,15.0
2023-07-03,SC2308.INE,549.6,555.5,547.4,550.6,551.3,546.1,544.8,5.8,6.5,107109,5905700.58,26655,127.0,28,0.7127580286676338,0.5063736013222135,17,SC2309.INE,551.2,551.1,18055,0.6000000000000227,SC2308.INE,550.6,551.3,28,0.0,SC2603.INE,502.8,502.8,970,-47.80000000000001,-0.0336382699282697,-0.03518883475289948,11670000.0,0.0,15.0
2023-07-04,SC2308.INE,556.1,557.0,546.5,549.0,551.9,550.6,551.3,-2.3,0.6,128267,7080106.68,26938,283.0,27,0.6933238920449939,0.49171290887850466,17,SC2309.INE,549.7,551.8,18645,0.7000000000000455,SC2308.INE,549.0,551.9,27,0.0,SC2603.INE,502.8,502.8,969,-46.19999999999999,-0.032607056257468715,-0.03406122839660826,11670000.0,0.0,15.0
2023-07-05,SC2308.INE,553.7,556.6,551.1,553.0,553.7,549.0,551.9,1.1,1.8,84514,4679932.93,26538,-400.0,26,0.683587715254018,0.4712588567471099,18,SC2309.INE,554.0,554.1,20435,1.0,SC2308.INE,553.0,553.7,26,0.0,SC2603.INE,502.8,502.8,968,-50.19999999999999,-0.03517390185938116,-0.03687411523808754,11670000.0,0.0,15.0
2023-07-06,SC2308.INE,555.5,561.4,553.9,557.9,558.2,553.0,553.7,4.2,4.5,119658,6679846.28,26919,381.0,25,0.6490312642381376,0.4498646345131856,18,SC2309.INE,559.3,559.3,23346,1.3999999999999773,SC2308.INE,557.9,558.2,25,0.0,SC2603.INE,502.8,502.8,967,-55.099999999999966,-0.03826812634123489,-0.04029230278069793,11670000.0,0.0,15.0
2023-07-07,SC2308.INE,555.8,563.8,549.7,560.8,554.9,557.9,558.2,2.6,-3.3,144665,8028331.95,27276,357.0,24,0.6025398597204406,0.44801419138661674,17,SC2309.INE,562.6,556.9,23819,1.8000000000000682,SC2308.INE,560.8,554.9,24,0.0,SC2603.INE,502.8,502.8,966,-57.99999999999994,-0.04007393138706909,-0.04230119802183129,11670000.0,0.0,15.0
2023-07-10,SC2308.INE,560.0,570.6,555.7,567.2,563.5,560.8,554.9,12.3,8.6,117165,6602319.82,28442,1166.0,21,0.6008831312696166,0.4375019227811106,17,SC2309.INE,567.3,565.2,26211,0.09999999999990905,SC2308.INE,567.2,563.5,21,0.0,SC2603.INE,502.8,502.8,963,-64.40000000000003,-0.0439938132413405,-0.04669810716896633,11670000.0,0.0,15.0
2023-07-11,SC2309.INE,566.1,571.4,564.9,567.0,568.4,567.3,565.2,1.8,3.2,44587,2534760.77,28016,1805.0,51,0.24813013378447565,0.4192819407653512,17,SC2308.INE,567.6,568.9,27844,0.6000000000000227,SC2308.INE,567.6,568.9,20,-0.6000000000000227,SC2603.INE,502.8,502.8,962,-64.80000000000001,-0.044235870780086436,-0.0469712643609079,11670000.0,0.0,15.0
2023-07-12,SC2309.INE,568.5,578.5,568.1,575.0,573.9,567.0,568.4,6.6,5.5,57061,3274791.22,32304,4288.0,50,0.30482280414970564,0.4522469550608988,17,SC2308.INE,574.3,573.3,27000,-0.7000000000000455,SC2308.INE,574.3,573.3,19,0.7000000000000455,SC2603.INE,502.8,502.8,961,-71.49999999999994,-0.048240209718985856,-0.051518250924912766,11670000.0,0.0,15.0
2023-07-13,SC2309.INE,578.6,581.4,575.9,580.3,579.1,575.0,573.9,6.4,5.2,62368,3612254.9,35704,3400.0,49,0.32103277346826375,0.4911547032767491,18,SC2308.INE,580.0,578.3,24674,-0.2999999999999545,SC2308.INE,580.0,578.3,18,0.2999999999999545,SC2606.INE,506.4,506.4,1051,-73.60000000000002,-0.04483760056080382,-0.04794864466537463,12668000.0,998000.0,15.0
2023-07-14,SC2309.INE,578.5,588.6,577.1,584.5,583.1,580.3,579.1,5.4,4.0,86924,5069358.08,38824,3120.0,48,0.3926940226696724,0.526948708552194,19,SC2308.INE,586.5,583.4,21562,2.0,SC2308.INE,586.5,583.4,17,-2.0,SC2606.INE,506.4,506.4,1050,-80.10000000000002,-0.048256635875445354,-0.05188646273107529,11168000.0,-1500000.0,15.0
2023-07-17,SC2309.INE,586.0,586.8,571.7,572.7,577.9,584.5,583.1,-10.4,-5.2,98829,5712057.18,37336,-1488.0,45,0.4761764805080295,0.5342414789800533,19,SC2308.INE,576.7,581.3,19060,4.0,SC2308.INE,576.7,581.3,14,-4.0,SC2606.INE,506.4,506.4,1047,-70.30000000000007,-0.04307228546570762,-0.04593252214313767,11168000.0,0.0,15.0
2023-07-18,SC2309.INE,573.2,577.9,570.9,573.6,574.7,572.7,577.9,-4.3,-3.2,136176,7826528.96,40003,2667.0,44,0.7136059697738277,0.573593725355243,19,SC2308.INE,576.2,577.7,15334,2.6000000000000227,SC2308.INE,576.2,577.7,13,-2.6000000000000227,SC2606.INE,508.0,508.0,1046,-68.20000000000005,-0.04182189079367342,-0.044511405519129126,11168000.0,0.0,15.0
2023-07-19,SC2309.INE,573.7,584.7,573.4,584.0,580.4,573.6,574.7,9.3,5.7,150647,8744537.98,42705,2702.0,43,0.7530316814460096,0.6216157205240175,19,SC2308.INE,586.7,582.4,11936,2.7000000000000455,SC2308.INE,586.7,582.4,12,-2.7000000000000455,SC2606.INE,508.0,508.0,1045,-78.70000000000005,-0.047397036371415374,-0.05089229569115809,11168000.0,0.0,15.0
2023-07-20,SC2309.INE,587.3,594.4,582.0,583.7,588.6,584.0,580.4,3.3,8.2,170738,10050511.25,40655,-2050.0,42,0.775531895564963,0.6176224838587163,20,SC2308.INE,584.3,590.9,10923,0.599999999999909,SC2308.INE,584.3,590.9,11,-0.599999999999909,SC2606.INE,537.0,537.9,1044,-47.299999999999955,-0.028603409081683854,-0.029827692249571373,10168000.0,-1000000.0,15.0
2023-07-21,SC2309.INE,584.7,589.6,576.8,588.8,584.0,583.7,588.6,0.2,-4.6,174451,10189468.54,41693,1038.0,41,0.7941937011171912,0.6182052726787461,20,SC2308.INE,587.6,585.0,10712,-1.1999999999999318,SC2308.INE,587.6,585.0,10,1.1999999999999318,SC2606.INE,536.2,536.6,1043,-51.39999999999998,-0.030908211458888637,-0.03234444796875128,10168000.0,0.0,15.0
2023-07-24,SC2309.INE,591.0,592.5,585.1,589.6,588.7,588.8,584.0,5.6,4.7,147832,8704030.02,40195,-1498.0,38,0.7507287297250632,0.6014064487169896,20,SC2308.INE,587.6,586.9,10626,-2.0,SC2308.INE,587.6,586.9,7,2.0,SC2606.INE,544.0,543.7,1040,-43.60000000000002,-0.02621786030364875,-0.02724150732524642,10168000.0,0.0,15.0
2023-07-25,SC2309.INE,595.5,603.1,592.1,601.5,598.7,589.6,588.7,12.8,10.0,154301,9238817.33,43463,3268.0,37,0.7220483015830678,0.6132086119811507,20,SC2310.INE,596.7,594.8,11763,-4.7999999999999545,SC2308.INE,599.3,598.7,6,2.2000000000000455,SC2606.INE,552.6,550.9,1039,-46.69999999999993,-0.027533736115820155,-0.02866571313243999,10168000.0,0.0,15.0
2023-07-26,SC2309.INE,598.2,606.2,596.0,602.7,601.6,601.5,598.7,4.0,2.9,136982,8241886.38,41890,-1573.0,36,0.7746799077048364,0.6014789288534712,20,SC2310.INE,598.0,597.0,12164,-4.7000000000000455,SC2308.INE,614.1,603.0,5,-11.399999999999977,SC2606.INE,542.4,542.4,1038,-71.70000000000005,-0.041254620957356915,-0.04386856371621126,10168000.0,0.0,15.0
2023-07-27,SC2309.INE,599.9,606.7,599.1,603.2,603.2,602.7,601.6,1.6,1.6,156777,9457313.82,40245,-1645.0,35,0.7657295523146204,0.5753230786825252,20,SC2310.INE,598.9,598.7,13839,-4.300000000000068,SC2308.INE,602.9,605.5,4,0.3000000000000682,SC2606.INE,537.0,537.3,1037,-65.89999999999998,-0.03862181450514187,-0.040900229051375324,10168000.0,0.0,15.0
2023-07-28,SC2309.INE,606.3,610.2,602.6,607.4,606.7,603.2,603.2,4.2,3.5,178659,10840205.56,40904,659.0,34,0.7821684215134733,0.5560404007449398,20,SC2310.INE,604.1,602.9,14874,-3.2999999999999545,SC2308.INE,598.5,597.1,3,8.899999999999977,SC2606.INE,544.2,544.2,1036,-54.299999999999955,-0.032057394211569556,-0.03360604066490016,10168000.0,0.0,15.0
2023-07-31,SC2309.INE,608.4,612.1,602.4,610.8,607.2,607.4,606.7,4.1,0.5,174470,10594363.33,40135,-769.0,31,0.7833602729885057,0.5413042012273248,20,SC2310.INE,607.0,604.0,16265,-3.7999999999999545,SC2309.INE,610.8,607.2,31,0.0,SC2606.INE,545.1,544.5,1033,-65.69999999999993,-0.03918244061974278,-0.04145420447614604,10168000.0,0.0,15.0
2023-08-01,SC2309.INE,614.6,621.3,613.8,619.5,617.4,610.8,607.2,12.3,10.2,136310,8416884.92,41694,1559.0,30,0.7588756325819365,0.5970529692265835,20,SC2310.INE,615.0,613.5,18378,-4.5,SC2309.INE,619.5,617.4,30,0.0,SC2606.INE,544.5,544.5,1032,-75.0,-0.044100660664143886,-0.04700732227954735,10168000.0,0.0,15.0
2023-08-02,SC2309.INE,618.0,627.6,615.6,625.0,620.3,619.5,617.4,7.6,2.9,149918,9299773.55,40395,-1299.0,29,0.731746364892106,0.5761495892286627,20,SC2310.INE,620.7,616.7,19310,-4.2999999999999545,SC2309.INE,625.0,620.3,29,0.0,SC2606.INE,549.4,549.4,1031,-75.60000000000002,-0.04406227544910182,-0.046963652462533194,10168000.0,0.0,15.0
2023-08-03,SC2309.INE,623.9,624.1,605.4,605.5,612.6,625.0,620.3,-14.8,-7.7,195465,11974815.53,33616,-6779.0,28,0.7413018909427408,0.548931236630252,20,SC2310.INE,601.0,608.6,16876,-4.5,SC2309.INE,605.5,612.6,28,0.0,SC2606.INE,541.0,541.5,1030,-64.5,-0.0388034830421733,-0.041029819075382126,9673000.0,-495000.0,15.0
2023-08-04,SC2309.INE,612.0,624.2,610.5,622.1,616.9,605.5,612.6,9.5,4.3,159999,9871785.58,35232,1616.0,27,0.7198310186122471,0.5341419041843541,20,SC2310.INE,617.5,612.6,19790,-4.600000000000023,SC2309.INE,622.1,616.9,27,0.0,SC2606.INE,542.1,542.1,1029,-80.0,-0.04684410314558152,-0.050142099119719334,9673000.0,0.0,15.0
2023-08-07,SC2309.INE,623.2,632.2,620.1,628.7,626.2,622.1,616.9,11.8,9.3,146580,9179473.03,37540,2308.0,24,0.7205745719468492,0.5254685684690864,20,SC2310.INE,623.9,621.4,22483,-4.800000000000068,SC2309.INE,628.7,626.2,24,0.0,SC2606.INE,549.3,549.3,1026,-79.40000000000009,-0.04600469809545857,-0.04918009090794501,9673000.0,0.0,15.0
2023-08-08,SC2309.INE,625.8,628.5,621.1,621.4,625.1,628.7,626.2,-4.8,-1.1,121618,7603213.43,34352,-3188.0,23,0.7193266773918804,0.48791989205312125,20,SC2310.INE,617.2,620.5,23816,-4.199999999999932,SC2309.INE,621.4,625.1,23,0.0,SC2606.INE,549.1,549.1,1025,-72.29999999999995,-0.04238304851513578,-0.045058347580892014,6730000.0,-2943000.0,15.0
2023-08-09,SC2309.INE,614.6,633.8,614.6,631.3,624.2,621.4,625.1,6.2,-0.9,155098,9682138.0,36001,1649.0,22,0.7167654099618275,0.469686492974468,20,SC2310.INE,625.7,619.7,27024,-5.599999999999909,SC2309.INE,631.3,624.2,22,0.0,SC2606.INE,548.9,548.9,1024,-82.39999999999998,-0.04754628237584706,-0.05094879449448481,6730000.0,0.0,15.0
2023-08-10,SC2309.INE,636.6,642.8,633.2,640.2,637.7,631.3,624.2,16.0,13.5,151699,9673998.65,37526,1525.0,21,0.6939411266896914,0.46977378851040924,20,SC2310.INE,634.9,632.1,28431,-5.300000000000068,SC2309.INE,640.2,637.7,21,0.0,SC2606.INE,545.4,545.4,1023,-94.80000000000007,-0.05394085306425578,-0.058378565219920416,6040000.0,-690000.0,15.0
2023-08-11,SC2309.INE,637.8,642.6,635.0,642.2,639.0,640.2,637.7,4.5,1.3,140374,8971029.06,35671,-1855.0,20,0.6482949087415946,0.448325268648275,20,SC2310.INE,631.5,631.7,29116,-10.700000000000045,SC2309.INE,642.2,639.0,20,0.0,SC2606.INE,549.1,544.7,1022,-93.10000000000002,-0.05280858401540117,-0.05705190687651113,6040000.0,0.0,15.0
2023-08-14,SC2309.INE,647.4,673.6,644.0,656.7,657.6,642.2,639.0,17.7,18.6,211907,13935708.52,30840,-4831.0,17,0.6522342671763713,0.3940509046304814,20,SC2310.INE,634.3,638.4,30248,-22.40000000000009,SC2309.INE,656.7,657.6,17,0.0,SC2606.INE,544.7,544.7,1019,-112.0,-0.06212639438649728,-0.06811588793878623,6040000.0,0.0,15.0
2023-08-15,SC2310.INE,633.2,653.5,633.0,650.5,641.1,634.3,638.4,12.1,2.7,71767,4601567.64,33658,3410.0,44,0.31418877506347953,0.419565949065706,20,SC2309.INE,662.9,658.5,28480,12.399999999999977,SC2309.INE,662.9,658.5,16,-12.399999999999977,SC2606.INE,544.7,544.7,1018,-118.19999999999993,-0.06495230989220833,-0.07153889438429811,6040000.0,0.0,15.0
2023-08-16,SC2310.INE,645.0,648.0,638.2,638.5,642.5,650.5,641.1,-2.6,1.4,78708,5057253.67,32408,-1250.0,43,0.3848030468219086,0.4306997142667287,19,SC2309.INE,654.2,656.1,23623,15.700000000000045,SC2309.INE,654.2,656.1,15,-15.700000000000045,SC2606.INE,547.1,547.1,1017,-107.10000000000002,-0.05963539140001867,-0.06512500261735897,5350000.0,-690000.0,15.0
2023-08-17,SC2310.INE,641.4,645.8,631.6,637.4,639.5,638.5,642.5,-5.1,-3.0,103661,6629346.62,32292,-116.0,42,0.488062224272928,0.4480581648652024,19,SC2309.INE,654.4,656.4,19426,17.0,SC2309.INE,654.4,656.4,14,-17.0,SC2606.INE,542.3,544.6,1016,-112.10000000000002,-0.062400413110209926,-0.06844639967680209,5350000.0,0.0,15.0
2023-08-18,SC2310.INE,639.8,643.7,636.3,638.7,640.3,637.4,639.5,-0.8,0.8,117187,7504433.38,35553,3261.0,41,0.6984854535592735,0.5028570620350202,19,SC2311.INE,624.4,626.3,14452,-14.300000000000068,SC2309.INE,657.8,658.2,13,-19.09999999999991,SC2606.INE,542.7,542.7,1015,-115.09999999999991,-0.06373919840465007,-0.0700655211878673,5350000.0,0.0,15.0
2023-08-21,SC2310.INE,634.0,655.8,630.5,652.9,641.1,638.7,640.3,12.6,0.8,214602,13758992.61,39893,4340.0,38,0.7691993376201639,0.5852588647800127,19,SC2311.INE,637.4,627.6,15044,-15.5,SC2309.INE,677.8,667.6,10,-24.899999999999977,SC2606.INE,543.0,543.0,1012,-134.79999999999995,-0.072445843043921,-0.08077462357509048,5350000.0,0.0,15.0
2023-08-22,SC2310.INE,654.1,654.6,639.5,640.1,646.1,652.9,641.1,-1.0,5.0,140193,9057930.99,38675,-1218.0,37,0.8139634801288936,0.5700997951031118,19,SC2311.INE,628.5,632.2,15647,-11.600000000000023,SC2309.INE,670.4,672.8,9,-30.299999999999955,SC2606.INE,543.0,543.0,1011,-127.39999999999998,-0.06922461759059446,-0.07677575715607517,4660000.0,-690000.0,15.0
2023-08-23,SC2310.INE,640.0,643.2,632.6,633.1,637.2,640.1,646.1,-13.0,-8.9,153434,9777783.61,38061,-614.0,36,0.7853026379093263,0.5671519468327646,19,SC2311.INE,626.7,629.5,16047,-6.399999999999977,SC2309.INE,663.3,667.3,8,-30.199999999999932,SC2606.INE,548.9,548.4,1010,-114.39999999999998,-0.06282625462176808,-0.06896063059492852,4660000.0,0.0,15.0
2023-08-24,SC2310.INE,627.0,630.6,618.4,623.1,625.1,633.1,637.2,-14.1,-12.1,184375,11526703.99,35649,-2412.0,35,0.7964706898786125,0.5637096774193548,19,SC2311.INE,616.9,618.1,16894,-6.2000000000000455,SC2309.INE,677.1,673.5,7,-54.0,SC2606.INE,548.4,548.4,1009,-128.70000000000005,-0.06923901421790893,-0.07679353198927723,4260000.0,-400000.0,15.0
2023-08-25,SC2310.INE,623.1,636.1,619.4,632.1,627.2,623.1,625.1,7.0,2.1,165408,10374886.48,33929,-1720.0,34,0.7633851308629896,0.5507954545454545,19,SC2311.INE,624.2,619.8,16697,-7.899999999999977,SC2309.INE,687.0,678.8,6,-54.89999999999998,SC2606.INE,544.8,544.8,1008,-142.20000000000005,-0.07539941950160817,-0.08448021072482244,4260000.0,0.0,15.0
2023-08-28,SC2310.INE,636.0,640.7,625.8,637.3,636.1,632.1,627.2,10.1,8.9,189665,12064874.42,34278,349.0,31,0.818403451995685,0.5500232666356445,19,SC2311.INE,628.4,627.3,16970,-8.899999999999977,SC2309.INE,686.0,691.3,3,-48.700000000000045,SC2606.INE,544.8,544.8,1005,-141.20000000000005,-0.07497832323690812,-0.08394958942621025,4260000.0,0.0,15.0
2023-08-29,SC2310.INE,636.0,642.5,632.3,633.8,637.5,637.3,636.1,-2.3,1.4,137758,8782296.99,32007,-2271.0,30,0.794465878879104,0.5264309210526316,19,SC2311.INE,626.1,628.5,16755,-7.699999999999932,SC2309.INE,636.0,658.9,2,-2.2000000000000455,SC2606.INE,544.8,544.8,1004,-91.20000000000005,-0.052235152336835795,-0.056381866371516126,4260000.0,0.0,15.0
2023-08-30,SC2310.INE,637.9,645.4,630.0,644.5,637.0,633.8,637.5,7.0,-0.5,147918,9423615.17,32571,564.0,29,0.8099149117907947,0.5211943737698622,19,SC2311.INE,635.6,630.1,17902,-8.899999999999977,SC2309.INE,635.0,623.4,1,9.5,SC2606.INE,543.0,544.1,1003,-92.0,-0.05277633708960035,-0.05701419443108387,4260000.0,0.0,15.0
2023-08-31,SC2310.INE,642.9,647.0,640.6,643.4,643.6,644.5,637.0,6.4,6.6,128124,8246537.2,30727,-1844.0,28,0.8082819183163632,0.4950458360856466,19,SC2311.INE,635.1,635.1,18915,-8.299999999999955,SC2310.INE,643.4,643.6,28,0.0,SC2606.INE,544.1,544.1,1002,-99.29999999999995,-0.057836512776388765,-0.06281955839759948,3570000.0,-690000.0,15.0
2023-09-01,SC2310.INE,649.6,655.5,644.1,654.1,648.7,643.4,643.6,10.5,5.1,133193,8640757.36,32944,2217.0,27,0.7766355685131195,0.5056716142995288,18,SC2311.INE,645.5,641.5,19556,-8.600000000000023,SC2310.INE,654.1,648.7,27,0.0,SC2606.INE,543.2,544.4,1001,-110.89999999999998,-0.06353620991835733,-0.06962081528108668,3570000.0,0.0,15.0
2023-09-04,SC2310.INE,659.6,671.9,657.6,664.8,665.4,654.1,648.7,16.1,16.7,150426,10009664.29,32778,-166.0,24,0.7674247757813217,0.49762407202174014,18,SC2311.INE,653.4,654.4,19348,-11.399999999999977,SC2310.INE,664.8,665.4,24,0.0,SC2606.INE,544.4,544.4,998,-120.39999999999998,-0.0678686770596273,-0.07487445591256005,3570000.0,0.0,15.0
2023-09-05,SC2310.INE,664.7,672.4,662.4,670.2,668.1,664.8,665.4,4.8,2.7,86878,5804389.01,31766,-1012.0,23,0.7320850748280976,0.4982354878679988,19,SC2311.INE,659.5,657.7,19391,-10.700000000000045,SC2310.INE,670.2,668.1,23,0.0,SC2609.INE,548.9,548.3,1091,-121.30000000000007,-0.06185545261797867,-0.06823582716085094,3570000.0,0.0,15.0
2023-09-06,SC2310.INE,669.3,696.7,668.6,686.6,688.4,670.2,668.1,18.5,20.3,164841,11349085.18,32171,405.0,22,0.6824047127202878,0.47349984545869334,19,SC2311.INE,674.8,674.3,23044,-11.800000000000068,SC2310.INE,686.6,688.4,22,0.0,SC2609.INE,546.3,546.3,1090,-140.30000000000007,-0.06983537727563822,-0.07812080154681716,3570000.0,0.0,15.0
2023-09-07,SC2310.INE,686.0,698.8,682.4,691.7,689.9,686.6,688.4,3.3,1.5,142437,9827102.49,32026,-145.0,21,0.7304761220973168,0.46072620554724364,19,SC2311.INE,681.6,679.2,24200,-10.100000000000023,SC2310.INE,691.7,689.9,21,0.0,SC2609.INE,565.5,562.2,1089,-126.20000000000005,-0.062353838098502375,-0.06884489196477794,3570000.0,0.0,15.0
2023-09-08,SC2310.INE,691.6,700.8,687.2,690.6,694.7,691.7,689.9,0.7,4.8,148294,10303310.23,31936,-90.0,20,0.7157909979485941,0.46188334321623303,19,SC2311.INE,677.1,682.9,23552,-13.5,SC2310.INE,690.6,694.7,20,0.0,SC2609.INE,570.0,568.9,1088,-120.60000000000002,-0.0596818594480618,-0.06559214869519019,2617000.0,-953000.0,15.0
2023-09-11,SC2310.INE,697.3,703.2,685.4,686.4,696.1,690.6,694.7,-8.3,1.4,168966,11762369.98,30602,-1334.0,17,0.7135689851767388,0.4331370661835475,19,SC2311.INE,674.4,680.5,24842,-12.0,SC2310.INE,686.4,696.1,17,0.0,SC2609.INE,570.1,569.9,1085,-116.29999999999995,-0.057906064752974856,-0.06344737725629115,2617000.0,0.0,15.0
2023-09-12,SC2310.INE,688.0,699.3,687.5,696.4,695.6,686.4,696.1,0.3,-0.5,126270,8783760.58,29073,-1529.0,16,0.6710492751158539,0.4063482745607782,19,SC2311.INE,685.0,682.6,27234,-11.399999999999977,SC2310.INE,696.4,695.6,16,0.0,SC2609.INE,569.9,569.9,1084,-126.5,-0.062080238228922634,-0.06851039783181108,2416000.0,-201000.0,15.0
2023-09-13,SC2311.INE,690.8,699.6,690.8,696.2,694.9,685.0,682.6,13.6,12.3,50357,3499717.42,27769,535.0,48,0.3048429081663539,0.39550782640896726,19,SC2310.INE,707.9,707.8,26985,11.699999999999932,SC2310.INE,707.9,707.8,15,-11.699999999999932,SC2609.INE,570.0,570.0,1083,-137.89999999999998,-0.0665754277699563,-0.07404800110703645,2416000.0,0.0,15.0
2023-09-14,SC2311.INE,697.5,702.2,693.7,700.7,698.1,696.2,694.9,5.8,3.2,77862,5436238.58,31108,3339.0,47,0.29223857405051173,0.44627435227957424,19,SC2310.INE,728.3,717.2,22803,27.59999999999991,SC2310.INE,728.3,717.2,14,-27.59999999999991,SC2609.INE,572.9,572.9,1082,-155.39999999999998,-0.07292262880927881,-0.08202311093671175,2416000.0,0.0,15.0
2023-09-15,SC2311.INE,706.5,712.5,703.8,705.3,707.7,700.7,698.1,7.2,9.6,86108,6094404.36,34010,2902.0,46,0.3872789993748342,0.49803772258669166,19,SC2310.INE,735.8,736.5,17272,30.5,SC2310.INE,735.8,736.5,13,-30.5,SC2609.INE,577.1,577.1,1081,-158.69999999999993,-0.07371209506735767,-0.08302819761059914,2416000.0,0.0,15.0
2023-09-18,SC2311.INE,701.6,706.2,688.7,704.7,697.7,705.3,707.7,-3.0,-10.0,136829,9546603.7,37348,3338.0,43,0.624282546605955,0.5644932136271575,19,SC2312.INE,693.0,686.2,12893,-11.700000000000045,SC2310.INE,743.7,730.9,10,-39.0,SC2609.INE,575.2,575.2,1078,-168.5,-0.07743258099622345,-0.08780502928406592,3422000.0,1006000.0,15.0
2023-09-19,SC2311.INE,705.8,708.5,693.3,699.6,700.6,704.7,697.7,1.9,2.9,138277,9688553.21,37851,503.0,42,0.8110230678545663,0.5836250096368822,19,SC2312.INE,688.3,689.1,13631,-11.300000000000068,SC2310.INE,733.4,736.1,9,-33.799999999999955,SC2609.INE,573.2,573.2,1077,-160.19999999999993,-0.07465230433596941,-0.08422906768199548,3422000.0,0.0,15.0
2023-09-20,SC2311.INE,704.5,705.9,688.0,690.7,698.7,699.6,700.6,-9.9,-1.9,160745,11232487.77,37562,-289.0,41,0.8408308661219622,0.5861186530599507,19,SC2312.INE,679.0,685.6,13717,-11.700000000000045,SC2310.INE,718.4,725.7,8,-27.699999999999932,SC2609.INE,571.0,571.5,1076,-147.39999999999998,-0.07012175412694044,-0.07848091495896309,3422000.0,0.0,15.0
2023-09-21,SC2311.INE,691.7,699.5,683.9,685.2,693.2,690.7,698.7,-13.5,-5.5,154675,10723139.57,36838,-724.0,40,0.8394251694588712,0.5796239477617812,19,SC2312.INE,673.5,680.6,13887,-11.700000000000045,SC2310.INE,722.0,724.1,7,-36.799999999999955,SC2609.INE,569.5,569.5,1075,-152.5,-0.07218621287103033,-0.08108822091951325,3422000.0,0.0,15.0
2023-09-22,SC2311.INE,692.3,700.5,692.1,695.7,696.5,685.2,693.2,2.5,3.3,164831,11481951.64,35444,-1394.0,39,0.8188976769142108,0.5785264257500081,19,SC2312.INE,682.6,684.2,14121,-13.100000000000023,SC2310.INE,736.0,727.1,6,-40.299999999999955,SC2609.INE,571.2,571.2,1074,-164.79999999999995,-0.0765245888291809,-0.08663306021702065,3422000.0,0.0,15.0
2023-09-25,SC2311.INE,700.3,701.5,684.4,692.2,691.7,695.7,696.5,-4.3,-4.8,193801,13406622.35,34468,-976.0,36,0.8216850817017018,0.5635341050291021,19,SC2312.INE,680.2,680.5,14731,-12.0,SC2310.INE,730.0,733.7,3,-37.799999999999955,SC2609.INE,571.3,571.3,1071,-158.70000000000005,-0.07429775280898879,-0.08377572562770347,4888000.0,1466000.0,15.0
2023-09-26,SC2311.INE,687.8,690.8,681.4,682.3,685.8,692.2,691.7,-9.4,-5.9,156135,10707928.24,31371,-3097.0,35,0.8280344291767651,0.5210264075734927,19,SC2312.INE,671.8,674.5,15921,-10.5,SC2310.INE,715.0,715.0,2,-32.700000000000045,SC2609.INE,571.2,571.2,1070,-143.79999999999995,-0.06873444907152772,-0.07673992795791296,4888000.0,0.0,15.0
2023-09-27,SC2311.INE,684.6,708.7,683.1,701.3,694.5,682.3,685.8,15.5,8.7,147352,10233649.44,29634,-1737.0,34,0.7938454244739196,0.49092174143529255,19,SC2312.INE,690.2,685.4,17546,-11.099999999999909,SC2310.INE,696.7,690.3,1,4.599999999999909,SC2609.INE,573.9,573.9,1069,-122.80000000000007,-0.06023850264677408,-0.06626723218767891,4888000.0,0.0,15.0
2023-09-28,SC2311.INE,709.3,723.9,706.1,717.0,713.2,701.3,694.5,22.5,18.7,142313,10149878.22,28001,-1633.0,33,0.7708636892993527,0.4639691140163378,19,SC2312.INE,705.7,701.3,18536,-11.299999999999955,SC2311.INE,717.0,713.2,33,0.0,SC2609.INE,574.3,574.3,1068,-142.70000000000005,-0.07018710542450766,-0.0782630294166376,4888000.0,0.0,15.0
2023-10-09,SC2311.INE,668.5,689.0,653.0,656.8,666.6,717.0,713.2,-56.4,-46.6,71343,4756150.36,25471,-2530.0,22,0.6003685875858354,0.4814387782104109,18,SC2312.INE,645.8,657.8,17453,-11.0,SC2311.INE,656.8,666.6,22,0.0,SC2609.INE,544.7,544.7,1057,-112.09999999999991,-0.06019008867470444,-0.06599777431713545,4888000.0,0.0,15.0
2023-10-10,SC2311.INE,658.1,665.5,654.4,657.2,660.5,656.8,666.6,-9.4,-6.1,127900,8448799.58,23269,-2202.0,21,0.7331025311812179,0.4557544656847383,19,SC2312.INE,647.2,649.6,17356,-10.0,SC2311.INE,657.2,660.5,21,0.0,SC2609.INE,544.7,544.7,1056,-112.5,-0.06036809653602899,-0.06621248178485192,4888000.0,0.0,15.0
2023-10-11,SC2311.INE,659.9,663.1,651.5,662.4,656.4,657.2,660.5,1.9,-4.1,128909,8461763.22,22871,-398.0,20,0.7578157149071755,0.44287595368111227,20,SC2312.INE,651.5,647.3,17800,-10.899999999999977,SC2311.INE,662.4,656.4,20,0.0,SC2609.INE,549.9,549.9,1055,-112.5,-0.05989419239655534,-0.06564116254918603,4888000.0,0.0,15.0
2023-10-12,SC2311.INE,653.7,660.7,643.9,648.4,651.5,662.4,656.4,-8.0,-4.9,152574,9940627.78,20575,-2296.0,19,0.6986980752762526,0.4052191038897095,20,SC2312.INE,640.3,642.1,19343,-8.100000000000023,SC2311.INE,648.4,651.5,19,0.0,SC2609.INE,549.9,549.9,1054,-98.5,-0.05357297189365426,-0.058107769484956044,4888000.0,0.0,15.0
2023-10-13,SC2312.INE,649.9,651.3,638.8,648.9,645.5,640.3,642.1,6.8,3.4,48959,3160593.62,19840,497.0,48,0.2312473726720103,0.40604150464573696,20,SC2311.INE,656.7,653.1,18054,7.800000000000068,SC2311.INE,656.7,653.1,18,-7.800000000000068,SC2609.INE,549.9,549.9,1053,-106.80000000000007,-0.05735308073083914,-0.0625933914341572,4888000.0,0.0,15.0
2023-10-16,SC2312.INE,669.0,680.0,660.5,672.9,669.4,648.9,645.5,27.4,23.9,82763,5540865.21,23710,3870.0,45,0.35619356671286057,0.46248975929465924,20,SC2311.INE,678.3,675.0,15065,5.399999999999977,SC2311.INE,678.3,675.0,15,-5.399999999999977,SC2609.INE,554.2,557.9,1050,-124.09999999999991,-0.06452120639763655,-0.07125929755164424,4888000.0,0.0,15.0
2023-10-17,SC2312.INE,677.7,677.7,664.1,668.6,670.1,672.9,669.4,-0.8,0.7,72564,4862615.31,25295,1585.0,44,0.3896011854906256,0.4792081083641186,20,SC2311.INE,674.2,675.3,13767,5.600000000000023,SC2311.INE,674.2,675.3,14,-5.600000000000023,SC2609.INE,557.9,557.9,1049,-116.30000000000007,-0.06083359487071459,-0.06677456985622648,4888000.0,0.0,15.0
2023-10-18,SC2312.INE,668.7,686.3,662.6,681.9,673.6,668.6,670.1,11.8,3.5,115272,7765137.93,27146,1851.0,43,0.49964457235986615,0.509831909099446,20,SC2401.INE,673.0,665.6,12178,-8.899999999999977,SC2311.INE,688.1,679.2,13,-6.2000000000000455,SC2609.INE,562.9,562.9,1048,-125.20000000000005,-0.06416604709320001,-0.07082487639085551,4888000.0,0.0,15.0
2023-10-19,SC2312.INE,681.2,688.3,678.8,683.4,683.4,681.9,673.6,9.8,9.8,147328,10068896.76,28738,1592.0,42,0.7531528768243744,0.542553994864824,20,SC2401.INE,674.6,673.3,12313,-8.799999999999955,SC2311.INE,686.7,689.1,12,-3.300000000000068,SC2609.INE,562.9,562.9,1047,-123.80000000000007,-0.06357789019669093,-0.07010663377021956,4888000.0,0.0,15.0
2023-10-20,SC2312.INE,681.0,700.7,677.0,695.8,689.3,683.4,683.4,12.4,5.9,178372,12296052.42,32243,3505.0,41,0.8640798333575547,0.5508328350559494,20,SC2401.INE,687.5,681.0,13943,-8.299999999999955,SC2311.INE,699.4,694.1,11,-3.6000000000000227,SC2609.INE,567.8,566.6,1046,-131.60000000000002,-0.06635639381719875,-0.0735126153772925,4888000.0,0.0,15.0
2023-10-23,SC2312.INE,698.6,699.4,682.6,685.6,692.2,695.8,689.3,-3.7,2.9,172123,11914433.76,30869,-1374.0,38,0.8342890102805958,0.530103723038879,20,SC2401.INE,676.5,682.6,14817,-9.100000000000023,SC2311.INE,689.2,698.0,8,-3.6000000000000227,SC2609.INE,566.6,566.6,1043,-122.60000000000002,-0.0627332396869857,-0.06907771961249838,4888000.0,0.0,15.0
2023-10-24,SC2312.INE,687.7,689.3,670.6,677.2,679.9,685.6,692.2,-15.0,-12.3,192011,13055835.96,29108,-1761.0,37,0.8491628264888245,0.5145210612836512,20,SC2401.INE,669.0,671.7,15263,-8.200000000000045,SC2311.INE,679.9,682.7,7,-2.699999999999932,SC2609.INE,565.2,568.4,1042,-114.69999999999993,-0.05949368797485845,-0.06515905156381173,4888000.0,0.0,15.0
2023-10-25,SC2312.INE,676.4,676.5,660.0,661.4,666.0,677.2,679.9,-18.5,-13.9,187600,12494948.41,31337,2229.0,36,0.8348723882423622,0.5362435401622232,20,SC2401.INE,654.3,658.3,16338,-7.100000000000023,SC2311.INE,663.0,679.6,6,-1.6000000000000227,SC2609.INE,560.3,561.3,1041,-102.70000000000005,-0.05462726153263242,-0.059353103381002595,4888000.0,0.0,15.0
2023-10-26,SC2312.INE,665.2,678.0,656.5,668.4,667.1,661.4,666.0,2.4,1.1,234521,15646127.88,29092,-2245.0,35,0.8418836402014596,0.5164290912963982,20,SC2401.INE,661.6,661.1,16103,-6.7999999999999545,SC2311.INE,668.3,679.3,5,0.10000000000002274,SC2609.INE,562.3,562.3,1040,-106.0,-0.05593542198425454,-0.06090444986945604,4888000.0,0.0,15.0
2023-10-27,SC2312.INE,659.8,670.8,656.6,670.0,663.7,668.4,667.1,2.9,-3.4,197140,13085228.69,27699,-1393.0,34,0.8342113837651649,0.5014028926741849,20,SC2401.INE,664.9,659.1,17184,-5.100000000000023,SC2311.INE,671.7,668.2,4,-1.7000000000000455,SC2609.INE,570.0,570.0,1039,-101.70000000000005,-0.05339469613116624,-0.057897622973083505,4888000.0,0.0,15.0
2023-10-30,SC2312.INE,668.8,675.7,661.0,667.2,666.3,670.0,663.7,3.5,2.6,229563,15296840.57,25670,-2029.0,31,0.8350326464543586,0.4647247316110578,20,SC2401.INE,661.7,661.9,18575,-5.5,SC2311.INE,683.0,672.3,1,-15.799999999999955,SC2609.INE,570.0,570.0,1036,-113.0,-0.058345888061337815,-0.06378101646463855,4888000.0,0.0,15.0
2023-10-31,SC2312.INE,665.5,666.0,649.1,653.8,656.4,667.2,666.3,-12.5,-9.9,200197,13141405.25,29626,3956.0,30,0.8024217306435903,0.49212624584717607,20,SC2401.INE,650.8,652.2,19221,-3.0,SC2312.INE,653.8,656.4,30,0.0,SC2609.INE,563.1,565.6,1035,-90.69999999999993,-0.050383597460845,-0.054239458349035916,4888000.0,0.0,15.0
2023-11-01,SC2312.INE,652.7,659.1,644.3,646.5,651.9,653.8,656.4,-9.9,-4.5,211653,13799245.88,29368,-258.0,29,0.8014608988049257,0.5363822326125073,19,SC2401.INE,644.0,648.5,17969,-2.5,SC2312.INE,646.5,651.9,29,0.0,SC2609.INE,564.9,564.9,1034,-81.60000000000002,-0.045840403550692035,-0.04900242086214326,4888000.0,0.0,15.0
2023-11-02,SC2312.INE,655.5,657.6,641.5,649.0,651.1,646.5,651.9,-2.9,-0.8,195596,12736014.52,29159,-209.0,28,0.7854188584691247,0.5180230595675887,19,SC2401.INE,647.0,649.3,19539,-2.0,SC2312.INE,649.0,651.1,28,0.0,SC2609.INE,564.9,564.9,1033,-84.10000000000002,-0.04706283681745356,-0.05040413653343169,4888000.0,0.0,15.0
2023-11-03,SC2312.INE,647.8,658.6,641.6,656.8,651.3,649.0,651.1,5.7,0.2,202328,13178783.13,27035,-2124.0,27,0.7799755592649276,0.48858728064626894,19,SC2401.INE,654.3,649.6,20409,-2.5,SC2312.INE,656.8,651.3,27,0.0,SC2609.INE,564.9,564.9,1032,-91.89999999999998,-0.050817017228110335,-0.05474303914383653,4888000.0,0.0,15.0
2023-11-06,SC2312.INE,660.1,661.0,641.0,645.8,649.8,656.8,651.3,-5.5,-1.5,234050,15208840.93,28086,1051.0,24,0.751460861747897,0.4903624554787345,19,SC2401.INE,642.3,646.7,20913,-3.5,SC2312.INE,645.8,649.8,24,0.0,SC2609.INE,564.9,564.9,1029,-80.89999999999998,-0.04549642619975377,-0.048608969062119214,4888000.0,0.0,15.0
2023-11-07,SC2312.INE,647.0,650.0,621.9,623.0,639.0,645.8,649.8,-26.8,-10.8,229782,14684415.08,29989,1903.0,23,0.7462053556931031,0.4840370585576861,19,SC2401.INE,623.5,636.9,23716,0.5,SC2312.INE,623.0,639.0,23,0.0,SC2609.INE,577.8,567.0,1028,-45.200000000000045,-0.02634979197112356,-0.027354563906160416,4888000.0,0.0,15.0
2023-11-08,SC2312.INE,618.8,621.2,601.9,607.9,612.3,623.0,639.0,-31.1,-26.7,205105,12558902.42,29797,-192.0,22,0.7384810919604377,0.46643081884069315,20,SC2401.INE,607.5,611.6,24885,-0.39999999999997726,SC2312.INE,607.9,612.3,22,0.0,SC2609.INE,533.1,539.7,1027,-74.79999999999995,-0.04468854935717854,-0.04768656755022476,4888000.0,0.0,15.0
2023-11-09,SC2312.INE,600.0,605.2,588.6,594.6,598.0,607.9,612.3,-17.7,-14.3,238260,14249350.66,30038,241.0,21,0.7152678126482261,0.44656874405328256,20,SC2401.INE,594.9,597.5,26743,0.2999999999999545,SC2312.INE,594.6,598.0,21,0.0,SC2609.INE,531.3,531.3,1026,-63.30000000000007,-0.03866389545712411,-0.04088075437223031,4888000.0,0.0,15.0
2023-11-10,SC2312.INE,596.4,604.6,592.1,596.6,597.5,594.6,598.0,-1.4,-0.5,182139,10884082.24,28932,-1106.0,20,0.709603899063804,0.4306382472017147,20,SC2401.INE,597.0,597.6,27370,0.39999999999997726,SC2312.INE,596.6,597.5,20,0.0,SC2609.INE,531.3,531.3,1025,-65.30000000000007,-0.03975179416361041,-0.042100312534994036,4888000.0,0.0,15.0
2023-11-13,SC2401.INE,599.2,607.5,594.0,597.1,600.4,597.0,597.6,-0.5,2.8,55161,3312070.05,28628,1258.0,46,0.2348985857794395,0.4239363828873521,20,SC2312.INE,594.7,600.2,27432,-2.3999999999999773,SC2312.INE,594.7,600.2,17,2.3999999999999773,SC2609.INE,531.3,531.3,1022,-63.40000000000009,-0.03871846417818429,-0.0409418296401119,4888000.0,0.0,15.0
2023-11-14,SC2401.INE,600.4,609.9,598.7,606.8,604.4,597.1,600.4,6.4,4.0,57698,3487380.16,30680,2052.0,45,0.29646947594506134,0.4576167534269051,20,SC2312.INE,604.7,601.8,24256,-2.099999999999909,SC2312.INE,604.7,601.8,16,2.099999999999909,SC2609.INE,538.2,537.5,1021,-66.5,-0.03994003852080757,-0.04231175480599208,4888000.0,0.0,15.0
2023-11-15,SC2401.INE,604.3,613.2,601.2,605.7,607.0,606.8,604.4,1.3,2.6,80239,4870803.04,33752,3072.0,44,0.3571749707321199,0.508811336398583,20,SC2312.INE,603.1,604.6,19753,-2.6000000000000227,SC2312.INE,603.1,604.6,15,2.6000000000000227,SC2609.INE,539.8,539.8,1020,-63.30000000000007,-0.038118972374077256,-0.04027141965538157,4888000.0,0.0,15.0
2023-11-16,SC2401.INE,602.9,603.2,586.3,592.1,594.9,605.7,607.0,-14.9,-12.1,108453,6452043.56,38054,4302.0,43,0.409965147311202,0.5370610816303488,20,SC2312.INE,588.6,592.2,18146,-3.5,SC2312.INE,588.6,592.2,14,3.5,SC2609.INE,533.9,533.4,1019,-54.700000000000045,-0.033751561594000785,-0.03542435055425834,4888000.0,0.0,15.0
2023-11-17,SC2401.INE,590.0,593.3,560.1,566.1,574.5,592.1,594.9,-28.8,-20.4,189185,10869009.53,41711,3657.0,42,0.5086766904354747,0.5645471279302691,20,SC2312.INE,562.2,572.3,14038,-3.8999999999999773,SC2312.INE,562.2,572.3,13,3.8999999999999773,SC2609.INE,529.4,530.9,1018,-32.80000000000007,-0.021188968002392925,-0.02183221847561416,4888000.0,0.0,15.0
2023-11-20,SC2401.INE,570.6,587.6,569.0,586.7,578.4,566.1,574.5,12.2,3.9,213948,12376855.2,41801,90.0,39,0.7914648988787322,0.6199353384350715,20,SC2402.INE,588.0,580.8,11367,1.2999999999999545,SC2312.INE,582.0,573.9,10,4.7000000000000455,SC2609.INE,543.2,541.5,1015,-38.799999999999955,-0.024212271973465958,-0.025057112530086793,4888000.0,0.0,15.0
2023-11-21,SC2401.INE,591.5,596.4,586.3,587.5,592.3,586.7,578.4,9.1,13.9,175959,10422912.45,41189,-612.0,38,0.8585669325916709,0.6141928364796755,20,SC2402.INE,589.7,593.2,12585,2.2000000000000455,SC2312.INE,585.5,586.8,9,2.0,SC2609.INE,543.1,540.6,1014,-42.39999999999998,-0.02630060627689902,-0.027301534396910382,4888000.0,0.0,15.0
2023-11-22,SC2401.INE,588.4,595.8,584.8,591.2,589.7,587.5,592.3,-1.1,-2.6,212846,12552823.2,40430,-759.0,37,0.838081963081963,0.6241412847152539,20,SC2402.INE,592.7,591.3,12698,1.5,SC2312.INE,588.8,586.7,8,2.400000000000091,SC2609.INE,540.6,540.6,1013,-48.19999999999993,-0.029730761951113956,-0.03101843856109103,4888000.0,0.0,15.0
2023-11-23,SC2401.INE,580.0,584.7,563.2,579.0,571.9,591.2,589.7,-10.7,-17.8,267460,15296267.07,40280,-150.0,36,0.8357028140056617,0.6076147951487358,20,SC2402.INE,581.2,574.7,14035,2.2000000000000455,SC2312.INE,574.6,576.4,7,4.399999999999977,SC2609.INE,540.6,540.6,1012,-34.0,-0.021490182224969817,-0.02215223595675353,4888000.0,0.0,15.0
2023-11-24,SC2401.INE,579.0,584.7,572.2,583.6,578.3,579.0,571.9,11.7,6.4,185627,10735312.61,40430,150.0,35,0.8506142686285382,0.6205964971525934,20,SC2402.INE,586.0,581.4,14691,2.3999999999999773,SC2312.INE,578.7,578.6,6,4.899999999999977,SC2609.INE,540.6,540.6,1011,-38.10000000000002,-0.023911030642536406,-0.02473449729270421,4888000.0,0.0,15.0
2023-11-27,SC2401.INE,583.4,587.6,567.6,571.5,579.5,583.6,578.3,-6.8,1.2,212988,12344224.4,40666,236.0,32,0.8270832605226063,0.6070367661327641,20,SC2402.INE,574.5,581.1,16618,3.0,SC2312.INE,566.3,577.7,3,5.2000000000000455,SC2609.INE,534.1,534.1,1008,-32.19999999999993,-0.02065076348787578,-0.021261117718927972,4888000.0,0.0,15.0
2023-11-28,SC2401.INE,572.5,579.2,566.6,571.2,572.7,571.5,579.5,-8.3,-6.8,211371,12105248.82,39095,-1571.0,31,0.8500880770251683,0.5883548037563208,20,SC2402.INE,574.8,575.8,17883,3.599999999999909,SC2312.INE,566.5,567.3,2,4.7000000000000455,SC2609.INE,534.1,534.1,1007,-32.39999999999998,-0.02077169316699819,-0.021389360686221662,4888000.0,0.0,15.0
2023-11-29,SC2401.INE,574.6,584.4,570.1,578.6,577.4,571.2,572.7,5.9,4.7,197930,11429935.18,35986,-3109.0,30,0.8085904307471077,0.5696962021308595,20,SC2402.INE,582.0,580.7,16868,3.3999999999999773,SC2312.INE,571.6,567.3,1,7.0,SC2609.INE,534.1,534.1,1006,-37.5,-0.023826807181726094,-0.024644349183229386,4888000.0,0.0,15.0
2023-11-30,SC2401.INE,588.6,590.8,574.1,589.4,583.0,578.6,577.4,12.0,5.6,247639,14438067.36,33714,-2272.0,29,0.8142537730575741,0.5326487084287859,20,SC2402.INE,592.0,586.6,18259,2.6000000000000227,SC2401.INE,589.4,583.0,29,0.0,SC2609.INE,536.6,536.6,1005,-52.799999999999955,-0.0335016994220296,-0.035098389645395224,4888000.0,0.0,15.0
2023-12-01,SC2401.INE,592.0,598.8,566.1,569.7,583.9,589.4,583.0,-13.3,0.9,320463,18714150.13,36235,2521.0,28,0.7935120117666286,0.5376352063148211,19,SC2402.INE,572.7,585.8,19703,3.0,SC2401.INE,569.7,583.9,28,0.0,SC2609.INE,538.7,538.7,1004,-31.0,-0.020349723898399202,-0.020924326876997492,4888000.0,0.0,15.0
2023-12-04,SC2401.INE,571.9,579.4,549.2,553.2,568.7,569.7,583.9,-30.7,-15.2,252933,14386540.02,37741,1506.0,25,0.7879139980561717,0.5301446832420283,19,SC2402.INE,556.9,569.6,20527,3.699999999999932,SC2401.INE,553.2,568.7,25,0.0,SC2609.INE,537.7,537.7,1001,-15.5,-0.010478342104951232,-0.01062793835129542,4888000.0,0.0,15.0
2023-12-05,SC2401.INE,552.7,565.1,550.3,555.1,557.3,553.2,568.7,-13.6,-11.4,232423,12954374.84,34477,-3264.0,24,0.7701940537889532,0.51025633435946,19,SC2402.INE,558.7,560.5,18823,3.6000000000000227,SC2401.INE,555.1,557.3,24,0.0,SC2609.INE,537.7,537.7,1000,-17.399999999999977,-0.01172252230435512,-0.011910179576205273,4888000.0,0.0,15.0
2023-12-06,SC2401.INE,554.0,562.3,546.6,554.1,555.1,555.1,557.3,-3.2,-2.2,241029,13381805.96,33694,-783.0,23,0.7522752808988764,0.5010856310044317,19,SC2402.INE,557.1,558.3,19110,3.0,SC2401.INE,554.1,555.1,23,0.0,SC2609.INE,537.7,537.7,999,-16.399999999999977,-0.011068754234454909,-0.01123586383304314,4888000.0,0.0,15.0
2023-12-07,SC2401.INE,549.3,549.4,529.6,535.4,539.2,554.1,555.1,-19.7,-15.9,206736,11148291.46,36204,2510.0,22,0.724238315939927,0.4912480664332818,19,SC2402.INE,538.8,542.7,21680,3.3999999999999773,SC2401.INE,535.4,539.2,22,0.0,SC2609.INE,528.5,526.8,998,-6.899999999999977,-0.004819630795421808,-0.00485095687318166,4888000.0,0.0,15.0
2023-12-08,SC2401.INE,536.6,558.4,536.3,548.5,546.0,535.4,539.2,9.3,6.8,255579,13957120.42,29634,-6570.0,21,0.6658009154212267,0.4086940931470576,19,SC2402.INE,549.3,545.5,24594,0.7999999999999545,SC2401.INE,548.5,546.0,21,0.0,SC2609.INE,530.1,530.0,997,-18.399999999999977,-0.012545392052841553,-0.012760643727824211,4888000.0,0.0,15.0
2023-12-11,SC2401.INE,549.7,556.5,546.0,556.1,550.8,548.5,546.0,10.1,4.8,173966,9582855.87,28505,-1129.0,18,0.6822410114827132,0.38852617661891586,19,SC2402.INE,556.8,550.7,25026,0.6999999999999318,SC2401.INE,556.1,550.8,18,0.0,SC2609.INE,530.0,530.0,994,-26.100000000000023,-0.017552163633737298,-0.017977419663199826,4888000.0,0.0,15.0
2023-12-12,SC2401.INE,551.8,555.6,543.5,554.6,549.9,556.1,550.8,3.8,-0.9,162622,8943253.05,27171,-1334.0,17,0.6745225888872298,0.3692514677103718,19,SC2402.INE,556.5,552.1,25737,1.8999999999999773,SC2401.INE,554.6,549.9,17,0.0,SC2609.INE,530.0,530.0,993,-24.600000000000023,-0.016588162787535558,-0.016967311702829113,4888000.0,0.0,15.0
2023-12-13,SC2402.INE,549.0,550.0,521.9,523.2,535.2,556.5,552.1,-28.9,-16.9,108098,5786284.22,33735,7998.0,49,0.345649247455546,0.3940406246714868,19,SC2401.INE,521.1,533.5,28321,-2.1000000000000227,SC2401.INE,521.1,533.5,16,2.1000000000000227,SC2609.INE,524.3,524.3,992,3.199999999999932,0.002296529095136018,0.0022895065031875717,4888000.0,0.0,15.0
2023-12-14,SC2402.INE,529.0,536.2,527.2,532.2,531.1,523.2,535.2,-3.0,-4.1,99633,5292296.55,34037,302.0,48,0.3970312219809122,0.4252870690840028,19,SC2401.INE,529.6,529.0,20876,-2.6000000000000227,SC2401.INE,529.6,529.0,15,2.6000000000000227,SC2609.INE,524.3,524.3,991,-5.300000000000068,-0.0037425786860483044,-0.003761431599563226,4888000.0,0.0,15.0
2023-12-15,SC2402.INE,539.1,549.6,538.1,546.6,544.5,532.2,531.1,15.5,13.4,97114,5288488.76,32844,-1193.0,47,0.5143068979213558,0.4372728362024204,19,SC2403.INE,548.6,546.7,19886,2.0,SC2401.INE,543.9,541.8,14,2.7000000000000455,SC2609.INE,524.3,524.3,990,-19.600000000000023,-0.013476591345443833,-0.013725408709432617,4888000.0,0.0,15.0
2023-12-18,SC2402.INE,549.5,552.6,537.5,552.1,545.4,546.6,544.5,7.6,0.9,208988,11399538.46,35175,2331.0,44,0.769838287840277,0.479523952340704,20,SC2403.INE,553.8,547.8,19961,1.6999999999999318,SC2401.INE,547.4,541.9,11,4.7000000000000455,SC2612.INE,534.4,534.4,1078,-13.0,-0.008123945556381556,-0.008221966869926992,4888000.0,0.0,15.0
2023-12-19,SC2402.INE,552.8,564.6,551.7,555.8,558.8,552.1,545.4,10.4,13.4,192060,10734037.94,35086,-89.0,43,0.8135102165294297,0.5083159480760315,20,SC2403.INE,557.5,560.3,20030,1.7000000000000455,SC2401.INE,551.0,554.1,10,4.7999999999999545,SC2612.INE,540.4,540.4,1077,-10.600000000000023,-0.006580860903835084,-0.0066449851165958996,4888000.0,0.0,15.0
2023-12-20,SC2402.INE,553.0,564.1,552.9,563.0,559.8,555.8,558.8,4.2,1.0,175037,9799977.12,36796,1710.0,42,0.8667000069321344,0.5194607185713277,20,SC2403.INE,564.6,561.7,20794,1.6000000000000227,SC2401.INE,558.4,555.3,9,4.600000000000023,SC2612.INE,540.4,540.4,1076,-18.0,-0.011026953432353246,-0.011208594242899161,4888000.0,0.0,15.0
2023-12-21,SC2402.INE,568.0,571.7,559.7,565.0,567.1,563.0,559.8,5.2,7.3,212287,12038888.64,36855,59.0,41,0.8468412045587819,0.5399525316455697,20,SC2403.INE,566.7,568.2,21070,1.7000000000000455,SC2401.INE,559.7,560.3,8,5.2999999999999545,SC2612.INE,540.4,540.4,1075,-19.300000000000068,-0.011795882752157216,-0.01200405972925362,4888000.0,0.0,15.0
2023-12-22,SC2402.INE,559.0,569.4,551.0,566.6,558.1,565.0,567.1,-0.5,-9.0,231374,12915112.67,35078,-1777.0,40,0.8444368207067204,0.5245622168054912,20,SC2403.INE,567.5,559.7,21188,0.8999999999999773,SC2401.INE,560.4,555.6,7,6.2000000000000455,SC2612.INE,540.4,540.4,1074,-20.0,-0.012208443961904307,-0.012431622359451711,4888000.0,0.0,15.0
2023-12-25,SC2402.INE,566.5,569.7,540.8,553.7,559.7,566.6,558.1,-4.4,1.6,240761,13475649.67,35006,-72.0,37,0.8515730833849147,0.5231960303700603,20,SC2403.INE,556.0,559.7,21270,2.2999999999999545,SC2401.INE,548.7,546.7,4,5.0,SC2612.INE,540.4,540.4,1071,-8.300000000000068,-0.005174537959621394,-0.0052140739103030955,4888000.0,0.0,15.0
2023-12-26,SC2402.INE,553.8,562.7,552.5,558.9,559.4,553.7,559.7,-0.8,-0.3,112420,6289518.99,33828,-1178.0,36,0.8316195943246882,0.526587795765878,20,SC2403.INE,561.3,561.7,21442,2.3999999999999773,SC2401.INE,553.3,553.0,3,5.600000000000023,SC2612.INE,540.4,540.4,1070,-12.899999999999977,-0.007975492025270188,-0.008069935795292764,4888000.0,0.0,15.0
2023-12-27,SC2402.INE,562.5,576.6,562.2,574.8,572.0,558.9,559.4,15.4,12.6,185793,10628860.9,33874,46.0,35,0.7971485206288186,0.5185139830703057,20,SC2403.INE,577.0,573.3,22619,2.2000000000000455,SC2401.INE,568.0,554.0,2,6.7999999999999545,SC2612.INE,540.4,540.4,1069,-27.600000000000023,-0.016622226328920114,-0.017039654743968395,4888000.0,0.0,15.0
2023-12-28,SC2402.INE,572.0,573.5,561.9,564.3,568.1,574.8,572.0,-7.7,-3.9,200599,11396691.1,31079,-2795.0,34,0.800922302962549,0.4984603047313553,20,SC2403.INE,566.9,570.5,22660,2.6000000000000227,SC2401.INE,558.8,567.2,1,5.5,SC2612.INE,540.4,540.4,1068,-18.399999999999977,-0.011263928125538772,-0.01145354992813351,4888000.0,0.0,15.0
2023-12-29,SC2402.INE,558.7,558.8,542.0,542.7,552.5,564.3,568.1,-25.4,-15.6,213635,11804618.54,31942,863.0,33,0.7893200619233938,0.5066539773177888,20,SC2403.INE,546.2,554.2,22673,3.5,SC2402.INE,542.7,552.5,33,0.0,SC2612.INE,532.7,532.7,1067,-10.0,-0.006504478823733623,-0.006565152329243796,4888000.0,0.0,15.0
2024-01-02,SC2402.INE,544.0,556.5,544.0,555.7,553.3,542.7,552.5,3.2,0.8,52295,2893616.83,30105,-1837.0,29,0.7386195110238556,0.48863027706091444,20,SC2403.INE,558.4,556.2,22955,2.699999999999932,SC2402.INE,555.7,553.3,29,0.0,SC2612.INE,532.7,532.7,1063,-23.0,-0.0146103212391084,-0.014921286965634991,4888000.0,0.0,15.0
2024-01-03,SC2402.INE,557.0,562.0,535.6,538.6,548.5,555.7,553.3,-14.7,-4.8,201192,11036151.96,32728,2623.0,28,0.7990468247348981,0.5125201622374994,20,SC2403.INE,542.4,550.4,22799,3.7999999999999545,SC2402.INE,538.6,548.5,28,0.0,SC2612.INE,532.0,532.0,1062,-6.600000000000023,-0.004325635414115395,-0.004352357087124528,4888000.0,0.0,15.0
2024-01-04,SC2402.INE,543.8,561.4,540.3,560.1,552.3,538.6,548.5,11.6,3.8,189938,10491566.34,32004,-724.0,27,0.79207499645535,0.5004300032836614,20,SC2403.INE,563.0,555.8,23665,2.8999999999999773,SC2402.INE,560.1,552.3,27,0.0,SC2612.INE,532.0,532.0,1061,-28.100000000000023,-0.0177097761970524,-0.018169463446868386,4888000.0,0.0,15.0
2024-01-05,SC2402.INE,560.7,561.7,543.4,552.7,553.1,560.1,552.3,0.4,0.8,216914,11998960.3,30881,-1123.0,26,0.8085629829538041,0.4887548865992435,20,SC2403.INE,556.6,556.7,23758,3.8999999999999773,SC2402.INE,552.7,553.1,26,0.0,SC2612.INE,532.0,532.0,1060,-20.700000000000045,-0.013220662133734925,-0.013474596099239969,4888000.0,0.0,15.0
2024-01-08,SC2402.INE,554.4,562.7,549.2,550.2,557.6,552.7,553.1,-2.9,4.5,205014,11432805.73,31009,128.0,23,0.7864011753017848,0.49191744530989734,20,SC2403.INE,553.2,559.7,23155,3.0,SC2402.INE,550.2,557.6,23,0.0,SC2612.INE,532.0,532.0,1057,-18.200000000000045,-0.011676780801354503,-0.011874275715012494,4888000.0,0.0,15.0
2024-01-09,SC2402.INE,543.4,544.1,533.5,540.0,538.6,550.2,557.6,-17.6,-19.0,195187,10513707.09,28372,-2637.0,22,0.7512740177361744,0.46594734854083525,20,SC2403.INE,543.0,542.1,23515,3.0,SC2402.INE,540.0,538.6,22,0.0,SC2612.INE,531.2,531.2,1056,-8.799999999999955,-0.005752561071709993,-0.005799949332277576,4888000.0,0.0,15.0
2024-01-10,SC2402.INE,552.9,558.3,546.4,558.1,552.2,540.0,538.6,19.5,13.6,195172,10778194.64,27341,-1031.0,21,0.7168009637067452,0.44406366737047265,20,SC2403.INE,561.5,555.7,24688,3.3999999999999773,SC2402.INE,558.1,552.2,21,0.0,SC2612.INE,531.2,531.2,1055,-26.899999999999977,-0.017014241119964562,-0.017437948999748334,4888000.0,0.0,15.0
2024-01-11,SC2402.INE,561.6,566.0,553.0,556.7,560.2,558.1,552.2,4.5,8.0,181825,10186898.24,25255,-2086.0,20,0.6990016184775547,0.443755271296036,20,SC2403.INE,558.6,561.7,22618,1.8999999999999773,SC2402.INE,556.7,560.2,20,0.0,SC2612.INE,531.2,531.2,1054,-25.5,-0.016169302455510296,-0.016551336958357685,4888000.0,0.0,15.0
2024-01-12,SC2402.INE,564.2,576.5,558.0,570.0,565.2,556.7,560.2,9.8,5.0,186632,10549572.67,25343,88.0,19,0.6702628157703827,0.430549420678876,20,SC2403.INE,570.4,567.0,23873,0.39999999999997726,SC2402.INE,570.0,565.2,19,0.0,SC2612.INE,531.2,531.2,1053,-38.799999999999955,-0.024028640266042244,-0.024885573861920356,4888000.0,0.0,15.0
2024-01-15,SC2403.INE,576.3,578.6,557.1,559.2,566.8,570.4,567.0,-7.8,-0.2,91930,5210628.57,29372,5499.0,45,0.3019593029939726,0.4529430814070042,20,SC2402.INE,555.6,565.1,25809,-3.6000000000000227,SC2402.INE,555.6,565.1,16,3.6000000000000227,SC2612.INE,531.2,531.2,1050,-24.399999999999977,-0.015502434853567615,-0.015853147622879187,4888000.0,0.0,15.0
2024-01-16,SC2403.INE,550.1,560.6,548.7,560.0,556.0,559.2,566.8,-6.8,-10.8,81213,4515749.03,26435,-2937.0,44,0.38107594491237123,0.45822499566649333,20,SC2402.INE,556.1,552.4,20885,-3.8999999999999773,SC2402.INE,556.1,552.4,15,3.8999999999999773,SC2612.INE,519.9,527.6,1049,-36.200000000000045,-0.022978834707170746,-0.023760881831145664,4888000.0,0.0,15.0
2024-01-17,SC2403.INE,563.5,567.6,553.9,556.3,559.7,560.0,556.0,0.3,3.7,101238,5666322.46,26559,124.0,43,0.41578058967756243,0.468222766778908,20,SC2402.INE,552.5,555.7,18966,-3.7999999999999545,SC2402.INE,552.5,555.7,14,3.7999999999999545,SC2612.INE,527.6,527.6,1048,-24.899999999999977,-0.015908872104116158,-0.01627851023239182,4888000.0,0.0,15.0
2024-01-18,SC2403.INE,549.2,560.7,547.5,560.3,553.6,556.3,559.7,0.6,-6.1,130995,7252560.54,27719,1160.0,42,0.5302797231105534,0.5203393966698578,20,SC2402.INE,555.8,549.0,15121,-4.5,SC2402.INE,555.8,549.0,13,4.5,SC2612.INE,527.6,527.6,1047,-28.199999999999932,-0.017910301285616097,-0.018380643336377116,4888000.0,0.0,15.0
2024-01-19,SC2403.INE,558.1,566.8,551.6,566.3,560.2,560.3,553.6,12.7,6.6,199105,11154914.35,30001,2282.0,41,0.8049590051263806,0.5955533498759306,20,SC2402.INE,561.6,555.6,10118,-4.699999999999932,SC2402.INE,561.6,555.6,12,4.699999999999932,SC2612.INE,527.6,527.6,1046,-34.0,-0.02137096551990168,-0.02204523465375363,4888000.0,0.0,15.0
2024-01-22,SC2403.INE,562.8,569.0,557.2,559.9,563.3,566.3,560.2,-0.3,3.1,224449,12644998.59,28139,-1862.0,38,0.9099271487470962,0.5757575757575758,20,SC2402.INE,555.6,557.8,9718,-4.2999999999999545,SC2402.INE,555.6,557.8,9,4.2999999999999545,SC2612.INE,527.6,527.6,1043,-28.0,-0.01778967934015957,-0.018253597063361375,4888000.0,0.0,15.0
2024-01-23,SC2403.INE,562.2,573.3,562.0,570.9,567.9,559.9,563.3,7.6,4.6,172861,9818432.72,31219,3080.0,37,0.8703189036240422,0.5903297783828757,20,SC2402.INE,565.7,562.5,9120,-5.199999999999932,SC2402.INE,565.7,562.5,8,5.199999999999932,SC2612.INE,530.8,534.5,1042,-34.90000000000009,-0.021777678089383863,-0.022478422592104544,4888000.0,0.0,15.0
2024-01-24,SC2403.INE,567.5,572.0,562.1,569.6,567.0,570.9,567.9,1.7,-0.9,218987,12417017.78,28883,-2336.0,36,0.8829942944698695,0.6010404744563521,20,SC2404.INE,569.6,566.9,7726,0.0,SC2402.INE,563.6,562.6,7,6.0,SC2612.INE,534.5,534.5,1041,-29.100000000000023,-0.018226124403358898,-0.018713503954729413,4888000.0,0.0,15.0
2024-01-25,SC2403.INE,567.0,576.8,566.4,572.4,571.8,569.6,567.0,5.4,4.8,225172,12877377.85,30914,2031.0,35,0.8515791344731996,0.5965995715691761,20,SC2404.INE,572.4,570.6,11288,0.0,SC2402.INE,567.5,565.4,6,4.899999999999977,SC2612.INE,534.5,534.5,1040,-33.0,-0.020526759771300022,-0.02114776779015193,4888000.0,0.0,15.0
2024-01-26,SC2403.INE,574.4,591.1,573.3,588.4,582.8,572.4,571.8,16.6,11.0,206661,12046119.65,34162,3248.0,34,0.826316778555692,0.6314019037057573,20,SC2404.INE,584.7,580.8,12067,-3.699999999999932,SC2402.INE,583.2,570.4,5,5.199999999999932,SC2612.INE,542.8,545.3,1039,-40.40000000000009,-0.024453226777891923,-0.025341467357652886,4488000.0,-400000.0,15.0
2024-01-29,SC2403.INE,587.5,599.5,583.6,596.5,591.1,588.4,582.8,13.7,8.3,232063,13717864.75,30629,-3533.0,31,0.8528717805480419,0.6170349926469106,20,SC2404.INE,595.7,590.4,12306,-0.7999999999999545,SC2402.INE,591.0,584.2,2,5.5,SC2612.INE,558.0,558.0,1036,-33.0,-0.019710551895453055,-0.020282229288246932,4488000.0,0.0,15.0
2024-01-30,SC2403.INE,594.5,594.8,585.3,586.1,589.0,596.5,591.1,-5.0,-2.1,210833,12418720.74,30450,-179.0,30,0.8611263141557136,0.5958087933159841,20,SC2404.INE,587.7,589.1,13592,1.6000000000000227,SC2402.INE,580.5,582.1,1,5.600000000000023,SC2612.INE,543.5,543.5,1035,-37.0,-0.022499446052142744,-0.023248485996604406,4488000.0,0.0,15.0
2024-01-31,SC2403.INE,580.5,588.8,575.5,585.3,583.1,586.1,589.0,-3.7,-5.9,214978,12537263.42,26795,-3655.0,29,0.8544741266579489,0.5562475348238567,20,SC2404.INE,587.7,584.9,13946,2.400000000000091,SC2403.INE,585.3,583.1,29,0.0,SC2612.INE,543.5,543.5,1034,-41.799999999999955,-0.025937287762452,-0.026910062540902977,4488000.0,0.0,15.0
2024-02-01,SC2403.INE,581.0,585.3,574.8,575.7,579.4,585.3,583.1,-7.4,-3.7,265894,15407784.18,25676,-1119.0,28,0.8470524521750211,0.5404677205464458,19,SC2404.INE,578.7,582.0,14763,3.0,SC2403.INE,575.7,579.4,28,0.0,SC2612.INE,543.5,543.5,1033,-32.200000000000045,-0.02031357888341862,-0.02090378066565419,4488000.0,0.0,15.0
2024-02-02,SC2403.INE,578.1,582.2,560.7,562.7,574.1,575.7,579.4,-16.7,-5.3,288726,16578595.68,23925,-1751.0,27,0.8339644549968371,0.5450382722799344,19,SC2404.INE,566.4,575.1,13080,3.699999999999932,SC2403.INE,562.7,574.1,27,0.0,SC2612.INE,542.9,542.9,1032,-19.800000000000068,-0.012779535767050682,-0.01300979325140021,4488000.0,0.0,15.0
2024-02-05,SC2403.INE,560.0,561.2,552.7,556.1,556.3,562.7,574.1,-18.0,-17.8,231735,12893332.51,23205,-720.0,24,0.8027845522822382,0.5373642405576269,19,SC2404.INE,560.1,559.7,12798,4.0,SC2403.INE,556.1,556.3,24,0.0,SC2612.INE,537.9,537.9,1029,-18.200000000000045,-0.01188626191108836,-0.012085119098236168,4488000.0,0.0,15.0
2024-02-06,SC2403.INE,554.4,560.3,551.4,559.5,555.5,556.1,556.3,3.2,-0.8,175535,9751389.76,19398,-3807.0,23,0.783218811351062,0.5028254445538908,19,SC2404.INE,563.9,560.6,12625,4.399999999999977,SC2403.INE,559.5,555.5,23,0.0,SC2612.INE,537.9,537.9,1028,-21.600000000000023,-0.0140210475771278,-0.014298868997577954,4488000.0,0.0,15.0
2024-02-07,SC2403.INE,562.3,565.2,557.2,561.8,561.9,559.5,555.5,6.3,6.4,141099,7929288.16,14791,-4607.0,22,0.738061985092193,0.425419926369075,19,SC2404.INE,566.0,566.5,13422,4.2000000000000455,SC2403.INE,561.8,561.9,22,0.0,SC2612.INE,537.9,537.9,1027,-23.899999999999977,-0.015450515312366594,-0.015788790614622312,4488000.0,0.0,15.0
2024-02-08,SC2404.INE,569.3,577.6,568.6,577.1,572.2,566.0,566.5,10.6,5.7,42925,2456182.35,15258,1836.0,50,0.27342157562168773,0.4728963272896327,20,SC2403.INE,572.4,566.2,10661,-4.7000000000000455,SC2403.INE,572.4,566.2,21,4.7000000000000455,SC2612.INE,538.9,538.9,1026,-33.5,-0.021255532261821555,-0.021902913732475965,4488000.0,0.0,15.0
2024-02-19,SC2404.INE,601.4,602.8,595.8,600.0,600.3,577.1,572.2,27.8,28.1,45594,2737411.81,21371,6113.0,39,0.6203180909103277,0.6131225613954556,20,SC2405.INE,595.4,596.8,5835,-4.600000000000023,SC2403.INE,595.0,594.5,10,5.0,SC2612.INE,544.1,544.4,1015,-50.89999999999998,-0.031069024624775284,-0.03247895373096397,4488000.0,0.0,15.0
2024-02-20,SC2404.INE,604.0,606.2,601.9,603.8,604.1,600.0,600.3,3.5,3.8,92005,5558919.64,27419,6048.0,38,0.8645948841317872,0.6576088259983212,20,SC2405.INE,599.3,599.3,7494,-4.5,SC2403.INE,598.2,598.1,9,5.599999999999909,SC2612.INE,545.0,544.2,1014,-53.200000000000045,-0.03229921938285837,-0.033826729661094845,4488000.0,0.0,15.0
2024-02-21,SC2404.INE,598.7,603.7,594.3,595.6,598.5,603.8,604.1,-8.5,-5.6,174911,10470143.84,27261,-158.0,37,0.8886670324757143,0.6373711159430455,20,SC2405.INE,592.1,594.1,8750,-3.5,SC2403.INE,589.3,592.7,8,6.300000000000068,SC2612.INE,544.2,544.2,1013,-45.09999999999991,-0.027795014407007837,-0.02891619542843122,4488000.0,0.0,15.0
2024-02-22,SC2404.INE,594.3,601.9,593.7,601.1,598.0,595.6,598.5,2.6,-0.5,176267,10541191.68,30434,3173.0,36,0.8896802002786134,0.6414720512604334,20,SC2405.INE,596.9,594.3,10323,-4.2000000000000455,SC2403.INE,595.7,593.3,7,5.399999999999977,SC2612.INE,544.2,544.2,1012,-51.5,-0.0313983214697037,-0.032839234601199994,4488000.0,0.0,15.0
2024-02-23,SC2404.INE,598.7,607.6,596.7,603.7,602.3,601.1,598.0,5.7,4.3,160646,9676414.6,30495,61.0,35,0.8469048849150702,0.6450418817158812,20,SC2405.INE,598.5,596.8,10401,-5.2000000000000455,SC2403.INE,598.3,594.9,6,5.400000000000091,SC2612.INE,544.2,544.2,1011,-54.09999999999991,-0.03284014492138997,-0.03442094331054387,4488000.0,0.0,15.0
2024-02-26,SC2404.INE,598.8,602.9,591.3,593.4,597.5,603.7,602.3,-8.9,-4.8,178995,10695399.82,27712,-2783.0,32,0.8435003887750053,0.6205938997626192,20,SC2405.INE,588.6,591.6,11113,-4.7999999999999545,SC2403.INE,589.3,592.4,3,4.100000000000023,SC2612.INE,541.0,541.0,1008,-48.299999999999955,-0.029767166205287788,-0.031058090790095413,4488000.0,0.0,15.0
2024-02-27,SC2404.INE,592.4,602.6,592.1,602.1,598.0,593.4,597.5,4.6,0.5,120455,7204225.87,30576,2864.0,31,0.8430383113338279,0.6355963913025402,20,SC2405.INE,596.5,593.6,11747,-5.600000000000023,SC2403.INE,605.5,590.0,2,-3.3999999999999773,SC2612.INE,541.0,541.0,1007,-64.5,-0.038687651749510096,-0.04090734200351531,4488000.0,0.0,15.0
2024-02-28,SC2404.INE,600.0,609.8,599.6,606.8,605.5,602.1,598.0,8.8,7.5,116420,7049739.33,35033,4457.0,30,0.8234253987339534,0.6270337026364303,20,SC2405.INE,599.3,599.2,14238,-7.5,SC2403.INE,612.0,612.0,1,-5.2000000000000455,SC2612.INE,541.0,541.0,1006,-71.0,-0.04213410073813938,-0.044785319739336596,4488000.0,0.0,15.0
2024-02-29,SC2404.INE,605.0,614.1,604.5,606.0,609.1,606.8,605.5,0.5,3.6,160773,9793936.61,31298,-3735.0,29,0.8436826003222065,0.5845613641881923,20,SC2405.INE,597.5,600.1,14956,-8.5,SC2404.INE,606.0,609.1,29,0.0,SC2612.INE,541.0,541.0,1005,-65.0,-0.04011287399231728,-0.042431514483948794,4488000.0,0.0,15.0
2024-03-01,SC2404.INE,607.0,610.8,603.4,606.1,606.6,606.0,609.1,-3.0,-2.5,170151,10322245.3,30657,-641.0,28,0.854171686746988,0.5659301102065681,20,SC2405.INE,597.8,597.5,16206,-8.300000000000068,SC2404.INE,606.1,606.6,28,0.0,SC2703.INE,523.0,523.0,1092,-83.10000000000002,-0.04703357345682307,-0.05058664152790933,4488000.0,0.0,15.0
2024-03-04,SC2404.INE,614.6,626.2,611.9,619.0,617.3,606.1,606.6,12.4,10.7,173407,10705665.75,34546,3889.0,25,0.8015892460095503,0.5781176785594752,20,SC2405.INE,604.6,606.1,17696,-14.399999999999977,SC2404.INE,619.0,617.3,25,0.0,SC2703.INE,529.7,529.7,1089,-89.29999999999995,-0.04948938379875374,-0.05344452951969173,4488000.0,0.0,15.0
2024-03-05,SC2404.INE,618.1,621.6,609.8,610.2,616.4,619.0,617.3,-7.1,-0.9,139706,8611538.69,31460,-3086.0,24,0.7762177538989794,0.5369700279920803,20,SC2405.INE,600.1,603.6,18955,-10.100000000000023,SC2404.INE,610.2,616.4,24,0.0,SC2703.INE,533.0,533.0,1088,-77.20000000000005,-0.04340065995864787,-0.04640211660019225,4488000.0,0.0,15.0
2024-03-06,SC2404.INE,608.0,613.6,603.5,609.2,609.0,610.2,616.4,-7.2,-7.4,201624,12280176.16,29596,-1864.0,23,0.8143594548964804,0.534493968070505,20,SC2405.INE,599.7,599.1,17994,-9.5,SC2404.INE,609.2,609.0,23,0.0,SC2703.INE,534.2,534.2,1087,-75.0,-0.04223306542785064,-0.045068004629678915,4488000.0,0.0,15.0
2024-03-07,SC2404.INE,611.2,619.2,611.0,613.3,614.4,609.2,609.0,4.3,5.4,146011,8971284.95,29971,375.0,22,0.7645155378694661,0.5323729506012754,19,SC2405.INE,605.5,605.8,18381,-7.7999999999999545,SC2404.INE,613.3,614.4,22,0.0,SC2612.INE,543.4,543.4,998,-69.89999999999998,-0.04262331835568395,-0.045254209230007246,4488000.0,0.0,15.0
2024-03-08,SC2404.INE,611.0,618.0,608.2,617.8,611.9,613.3,614.4,3.4,-2.5,162914,9970196.16,32642,2671.0,21,0.8114661420068239,0.5488817891373802,20,SC2405.INE,610.2,605.0,18720,-7.599999999999909,SC2404.INE,617.8,611.9,21,0.0,SC2703.INE,546.2,546.2,1085,-71.59999999999991,-0.039757251659417174,-0.042256149978740526,4488000.0,0.0,15.0
2024-03-11,SC2404.INE,610.6,615.4,604.0,608.4,611.1,617.8,611.9,-3.5,-0.8,187380,11452108.35,28320,-4322.0,18,0.8000170779608915,0.5021810830939462,20,SC2405.INE,601.0,602.8,19763,-7.399999999999977,SC2404.INE,608.4,611.1,18,0.0,SC2703.INE,546.2,546.2,1082,-62.19999999999993,-0.035071344534907255,-0.036996506805563496,4488000.0,0.0,15.0
2024-03-12,SC2404.INE,609.3,622.7,607.4,621.6,614.0,608.4,611.1,10.5,2.9,156148,9588215.19,30897,2577.0,17,0.7556304017498524,0.5025863751707984,20,SC2405.INE,607.8,603.5,22022,-13.800000000000068,SC2404.INE,621.6,614.0,17,0.0,SC2703.INE,546.2,546.2,1081,-75.39999999999998,-0.04161132803050096,-0.04435970898030927,3379000.0,-1109000.0,15.0
2024-03-13,SC2404.INE,618.6,623.4,618.0,622.2,620.7,621.6,614.0,8.2,6.7,133597,8293216.84,28095,-2802.0,16,0.7254398349261512,0.46618325423953805,20,SC2405.INE,608.5,606.5,23442,-13.700000000000045,SC2404.INE,622.2,620.7,16,0.0,SC2703.INE,546.2,546.2,1080,-76.0,-0.04190200670432107,-0.04469067390012705,3379000.0,0.0,15.0
2024-03-14,SC2404.INE,631.6,634.3,625.6,631.9,629.6,622.2,620.7,11.2,8.9,106412,6700753.57,27821,-274.0,15,0.6913461538461538,0.4481692092079192,20,SC2405.INE,618.5,615.8,24875,-13.399999999999977,SC2404.INE,631.9,629.6,15,0.0,SC2703.INE,546.2,546.2,1079,-85.69999999999993,-0.04652471303277974,-0.04999743405077893,3379000.0,0.0,15.0
2024-03-15,SC2405.INE,623.5,630.3,621.1,628.7,626.6,618.5,615.8,12.9,10.8,53311,3340580.85,28764,3889.0,46,0.26956877894864584,0.44528383671068317,20,SC2404.INE,644.6,645.8,25087,15.899999999999977,SC2404.INE,644.6,645.8,14,-15.899999999999977,SC2703.INE,546.2,546.2,1078,-98.39999999999998,-0.052366799717257745,-0.0568236254931696,3379000.0,0.0,15.0
2024-03-18,SC2405.INE,628.4,631.4,625.5,627.0,628.1,628.7,626.6,0.4,1.5,68147,4280544.22,32380,3616.0,43,0.38079033537846024,0.5048804066485796,20,SC2404.INE,631.7,636.8,20255,4.7000000000000455,SC2404.INE,631.7,636.8,11,-4.7000000000000455,SC2703.INE,550.0,550.0,1075,-81.70000000000005,-0.044367240326556465,-0.047510485603872575,3379000.0,0.0,15.0
2024-03-19,SC2405.INE,625.1,634.7,625.1,633.6,631.0,627.0,628.1,5.5,2.9,98919,6242371.12,36570,4190.0,42,0.6629160020909005,0.6059451219512195,20,SC2404.INE,634.5,631.2,12147,0.8999999999999773,SC2404.INE,634.5,631.2,10,-0.8999999999999773,SC2703.INE,550.1,550.1,1074,-84.39999999999998,-0.04563121752371471,-0.048965301367157814,3379000.0,0.0,15.0
2024-03-20,SC2405.INE,634.1,641.3,633.5,637.2,638.0,633.6,631.0,6.2,7.0,111512,7115268.46,39083,2513.0,41,0.8899458907280011,0.636002668793022,20,SC2404.INE,635.9,636.1,9947,-1.3000000000000682,SC2404.INE,635.9,636.1,9,1.3000000000000682,SC2703.INE,563.5,563.1,1073,-72.39999999999998,-0.039057188497269274,-0.04146522974590117,3379000.0,0.0,15.0
2024-03-21,SC2405.INE,631.8,635.5,628.5,633.3,631.7,637.2,638.0,-4.7,-6.3,143521,9066367.61,38085,-998.0,40,0.8931711961764175,0.6213090149760188,20,SC2406.INE,628.9,626.4,10436,-4.399999999999977,SC2404.INE,632.9,631.1,8,0.39999999999997726,SC2703.INE,561.4,561.0,1072,-71.5,-0.03875450397204892,-0.04112382543845798,5379000.0,2000000.0,15.0
2024-03-22,SC2405.INE,631.0,632.2,623.7,627.4,627.6,633.3,631.7,-4.3,-4.1,123711,7764667.78,35130,-2955.0,39,0.8345543592649559,0.608944357774311,20,SC2406.INE,623.9,623.0,11606,-3.5,SC2404.INE,625.4,629.3,7,2.0,SC2703.INE,561.0,561.0,1071,-64.39999999999998,-0.03532476057428507,-0.0372788974792117,5379000.0,0.0,15.0
2024-03-25,SC2405.INE,632.0,635.4,627.7,629.0,631.1,627.4,627.6,1.4,3.5,131447,8296248.97,34103,-1027.0,36,0.8582108067169831,0.603518148194029,20,SC2406.INE,625.1,627.5,11397,-3.8999999999999773,SC2404.INE,629.7,631.1,4,-0.7000000000000455,SC2703.INE,561.0,561.0,1068,-68.70000000000005,-0.03742607471513469,-0.03962946676671078,5379000.0,0.0,15.0
2024-03-26,SC2405.INE,628.5,639.9,628.4,634.3,635.6,629.0,631.1,3.2,4.5,124269,7898870.35,34827,724.0,35,0.8605350082058597,0.6121921636871803,20,SC2406.INE,630.1,631.1,12217,-4.199999999999932,SC2404.INE,635.1,631.7,3,-0.8000000000000682,SC2703.INE,568.0,566.4,1067,-67.10000000000002,-0.03624362630714719,-0.03830477683462304,6256000.0,877000.0,15.0
2024-03-27,SC2405.INE,636.3,637.6,626.1,626.9,632.5,634.3,635.6,-8.7,-3.1,127408,8059011.19,30182,-4645.0,34,0.8047651231390186,0.5489732443296531,20,SC2406.INE,624.9,627.1,14898,-2.0,SC2404.INE,627.7,630.9,2,-0.8000000000000682,SC2703.INE,566.0,566.0,1066,-61.700000000000045,-0.03371974423872333,-0.03549428336363784,6256000.0,0.0,15.0
2024-03-28,SC2405.INE,628.0,637.5,627.6,634.8,632.4,626.9,632.5,2.3,-0.1,119807,7577500.67,29966,-216.0,33,0.7951141167647781,0.5401030964997657,20,SC2406.INE,631.6,630.1,15020,-3.199999999999932,SC2404.INE,633.0,633.5,1,1.7999999999999545,SC2703.INE,568.3,566.9,1065,-64.70000000000005,-0.03506322084832938,-0.03698745813158052,6256000.0,0.0,15.0
2024-03-29,SC2405.INE,640.2,649.2,639.4,645.5,642.6,634.8,632.4,13.1,10.2,104996,6747145.92,29878,-88.0,32,0.8134558470334846,0.516143520997806,20,SC2406.INE,642.2,639.7,16525,-3.2999999999999545,SC2405.INE,645.5,642.6,32,0.0,SC2703.INE,571.6,570.6,1064,-73.89999999999998,-0.040491266309993446,-0.04300271700029986,6256000.0,0.0,15.0
2024-04-01,SC2405.INE,645.3,647.5,641.8,645.9,644.8,645.5,642.6,3.3,2.2,51715,3334755.22,27736,-2142.0,29,0.7570855536686771,0.5242703765310751,20,SC2406.INE,642.8,641.7,17182,-3.1000000000000227,SC2405.INE,645.9,644.8,29,0.0,SC2703.INE,570.6,570.6,1061,-75.29999999999995,-0.041232802975476796,-0.04384111705866764,6256000.0,0.0,15.0
2024-04-02,SC2405.INE,644.9,651.7,640.6,650.3,646.0,645.9,644.8,5.5,1.2,118681,7667543.33,28958,1222.0,28,0.8008650997698915,0.5216905671254594,20,SC2406.INE,647.9,643.8,18146,-2.3999999999999773,SC2405.INE,650.3,646.0,28,0.0,SC2703.INE,570.6,570.6,1060,-79.69999999999993,-0.04334686912540065,-0.04624230133229927,6256000.0,0.0,15.0
2024-04-03,SC2405.INE,655.0,660.9,650.6,660.9,655.2,650.3,646.0,14.9,9.2,121407,7955591.44,27742,-1216.0,27,0.776066070481146,0.5123365590603531,20,SC2406.INE,657.4,653.0,17725,-3.5,SC2405.INE,660.9,655.2,27,0.0,SC2703.INE,571.9,571.9,1059,-89.0,-0.047628556783620185,-0.05115602026901636,6256000.0,0.0,15.0
2024-04-08,SC2405.INE,660.0,666.4,650.3,660.7,658.5,660.9,655.2,5.5,3.3,57050,3757281.02,26796,-946.0,22,0.6716110424392254,0.4897198311310927,20,SC2406.INE,656.8,654.4,18861,-3.900000000000091,SC2405.INE,660.7,658.5,22,0.0,SC2703.INE,571.8,571.8,1054,-88.90000000000009,-0.04758944295631955,-0.05111082237295007,6256000.0,0.0,15.0
2024-04-09,SC2405.INE,664.0,671.9,659.4,667.3,665.6,660.7,658.5,8.8,7.1,139015,9254153.16,27091,295.0,21,0.7527752206638869,0.49763041880969877,20,SC2406.INE,663.1,661.7,18622,-4.199999999999932,SC2405.INE,667.3,665.6,21,0.0,SC2703.INE,571.8,571.8,1053,-95.5,-0.05061688488958747,-0.054626366868016044,6256000.0,0.0,15.0
2024-04-10,SC2405.INE,665.2,668.7,658.1,662.5,663.2,667.3,665.6,-3.1,-2.4,103232,6846578.04,25262,-1829.0,20,0.7262698747713522,0.46263162714037176,20,SC2406.INE,659.3,659.6,20173,-3.2000000000000455,SC2405.INE,662.5,663.2,20,0.0,SC2703.INE,571.8,571.8,1052,-90.70000000000005,-0.04842109112183707,-0.052073077964961766,6078000.0,-178000.0,15.0
2024-04-11,SC2405.INE,664.7,673.0,658.4,668.5,664.7,662.5,663.2,5.3,1.5,128709,8556011.26,24570,-692.0,19,0.6881067961165048,0.4397787681898727,20,SC2406.INE,666.3,662.0,21657,-2.2000000000000455,SC2405.INE,668.5,664.7,19,0.0,SC2703.INE,577.8,577.2,1051,-90.70000000000005,-0.04798649643712351,-0.05156990514156978,6078000.0,0.0,15.0
2024-04-12,SC2406.INE,662.0,669.5,661.7,668.1,665.3,666.3,662.0,6.1,3.3,38061,2532290.72,25050,3393.0,49,0.2581631960930611,0.4296446212952799,20,SC2405.INE,669.7,667.0,22659,1.6000000000000227,SC2405.INE,669.7,667.0,18,-1.6000000000000227,SC2703.INE,582.7,581.4,1050,-87.0,-0.045946466831729586,-0.04921748306196341,6078000.0,0.0,15.0
2024-04-15,SC2406.INE,675.6,681.5,659.5,660.7,670.6,668.1,665.3,-4.6,5.3,79339,5320938.16,29199,4149.0,46,0.4101754150144499,0.4840683023872679,20,SC2405.INE,663.5,672.4,19513,2.7999999999999545,SC2405.INE,663.5,672.4,15,-2.7999999999999545,SC2703.INE,588.0,587.1,1047,-75.5,-0.04024567275956142,-0.04272548027507451,6078000.0,0.0,15.0
2024-04-16,SC2406.INE,659.2,670.2,653.2,666.4,661.4,660.7,670.6,-4.2,-9.2,75736,5009364.16,33250,4051.0,45,0.47924774253152863,0.5243735116466117,20,SC2405.INE,667.4,662.3,15781,1.0,SC2405.INE,667.4,662.3,14,-1.0,SC2703.INE,592.5,592.2,1046,-74.89999999999998,-0.03969253007738,-0.0421018634277281,6078000.0,0.0,15.0
2024-04-17,SC2406.INE,661.3,667.1,659.6,661.6,663.3,666.4,661.4,0.2,1.9,87930,5832398.61,35210,1960.0,44,0.7040426605174029,0.5631167335710973,20,SC2405.INE,663.9,665.2,12292,2.2999999999999545,SC2405.INE,663.9,665.2,13,-2.2999999999999545,SC2703.INE,598.0,598.6,1045,-65.89999999999998,-0.03510717734411763,-0.03697421060822278,5398000.0,-680000.0,15.0
2024-04-18,SC2406.INE,657.6,660.2,641.8,642.4,650.6,661.6,663.3,-20.9,-12.7,143139,9312799.0,34908,-302.0,43,0.7987533690842229,0.5780044375269067,20,SC2407.INE,638.3,645.7,13558,-4.100000000000023,SC2405.INE,644.2,653.0,12,-1.8000000000000682,SC2703.INE,590.0,592.9,1044,-54.200000000000045,-0.02975717734152572,-0.031083958816886328,5398000.0,0.0,15.0
2024-04-19,SC2406.INE,643.5,670.5,638.5,651.7,651.0,642.4,650.6,1.1,0.4,213683,13911266.0,35659,751.0,42,0.8340118105780001,0.5546413239594351,20,SC2407.INE,646.8,648.1,15423,-4.900000000000091,SC2405.INE,652.5,655.7,11,-0.7999999999999545,SC2703.INE,598.6,593.7,1043,-53.89999999999998,-0.02921604443256408,-0.030493608022346144,5398000.0,0.0,15.0
2024-04-22,SC2406.INE,641.6,648.4,632.5,633.2,641.3,651.7,651.0,-17.8,-9.7,156938,10064921.69,34170,-1489.0,39,0.8198578003458346,0.5533424018655266,20,SC2407.INE,627.1,634.4,14550,-6.100000000000023,SC2405.INE,635.3,642.0,8,-2.099999999999909,SC2703.INE,579.5,579.5,1040,-55.799999999999955,-0.03106479634232498,-0.03251459099305098,5398000.0,0.0,15.0
2024-04-23,SC2406.INE,634.7,642.9,631.5,637.8,637.0,633.2,641.3,-3.5,-4.3,116141,7398417.08,32679,-1491.0,38,0.8484753291155887,0.5576525997849866,20,SC2407.INE,632.8,631.7,14679,-5.0,SC2405.INE,643.0,636.7,7,-5.2000000000000455,SC2703.INE,580.8,580.8,1039,-62.200000000000045,-0.03421311198717255,-0.035983008881169655,5398000.0,0.0,15.0
2024-04-24,SC2406.INE,632.0,651.9,630.1,651.2,641.7,637.8,637.0,14.2,4.7,119665,7679836.77,32048,-631.0,37,0.801152872809073,0.6017273751408186,20,SC2407.INE,644.3,637.7,14526,-6.900000000000091,SC2405.INE,653.5,649.0,6,-2.2999999999999545,SC2703.INE,595.4,588.1,1038,-58.10000000000002,-0.03144442862819762,-0.03293102309704385,5398000.0,0.0,15.0
2024-04-25,SC2406.INE,650.1,653.7,647.0,650.3,649.3,651.2,641.7,8.6,7.6,114863,7458928.45,30679,-1369.0,36,0.8539619050451281,0.5865292700646197,20,SC2407.INE,643.4,642.3,15057,-6.899999999999977,SC2405.INE,650.5,652.4,5,-0.20000000000004547,SC2703.INE,590.0,590.4,1037,-60.5,-0.03289434483909217,-0.03452601529483538,5398000.0,0.0,15.0
2024-04-26,SC2406.INE,648.2,655.4,642.1,653.3,647.5,650.3,649.3,4.0,-1.8,119604,7744360.09,28984,-1695.0,35,0.8199411800999526,0.5551426929706953,20,SC2407.INE,647.5,642.3,15866,-5.7999999999999545,SC2405.INE,651.5,648.3,4,1.7999999999999545,SC2703.INE,592.0,592.0,1036,-59.5,-0.032300981039580685,-0.0338724108658201,5398000.0,0.0,15.0
2024-04-29,SC2406.INE,655.9,658.0,646.4,647.9,652.5,653.3,647.5,0.4,5.0,99542,6496100.41,25310,-3674.0,32,0.7735563136749015,0.5150485338108708,20,SC2407.INE,644.2,646.8,16130,-3.699999999999932,SC2405.INE,646.1,645.0,1,1.7999999999999545,SC2703.INE,592.0,592.0,1033,-54.10000000000002,-0.02961492868960933,-0.030928676669807795,5398000.0,0.0,15.0
2024-04-30,SC2406.INE,649.8,652.3,642.6,645.8,646.9,647.9,652.5,-6.7,-5.6,80995,5239880.36,20946,-4364.0,31,0.7594610306803691,0.446086678734959,20,SC2407.INE,642.7,643.5,17495,-3.099999999999909,SC2406.INE,645.8,646.9,31,0.0,SC2703.INE,595.0,595.0,1032,-50.799999999999955,-0.028682992448864207,-0.029874011252916003,5398000.0,0.0,15.0
2024-05-06,SC2406.INE,615.9,619.9,611.0,619.4,616.1,645.8,646.9,-27.5,-30.8,39482,2432613.45,22088,1142.0,25,0.6516256808054134,0.444909962534746,19,SC2407.INE,616.6,613.4,19076,-2.7999999999999545,SC2406.INE,619.4,616.1,25,0.0,SC2703.INE,570.4,570.6,1026,-49.0,-0.028845871596920997,-0.03005083959065027,7392000.0,1994000.0,15.0
2024-05-07,SC2406.INE,618.3,620.8,612.7,617.8,617.4,619.4,616.1,1.7,1.3,84887,5241058.35,21728,-360.0,24,0.7165394874565283,0.42020577086717725,19,SC2407.INE,615.9,614.9,20443,-1.8999999999999773,SC2406.INE,617.8,617.4,24,0.0,SC2703.INE,569.0,569.0,1025,-48.799999999999955,-0.028802534467798298,-0.030003782638086802,7392000.0,0.0,15.0
2024-05-08,SC2406.INE,613.3,620.9,610.5,611.3,615.1,617.8,617.4,-6.1,-2.3,89447,5502053.59,23057,1329.0,23,0.7125036841141,0.41831310437417224,19,SC2407.INE,609.6,612.7,21528,-1.6999999999999318,SC2406.INE,611.3,615.1,23,0.0,SC2703.INE,569.0,569.0,1024,-42.299999999999955,-0.025231598109072335,-0.026147055006540763,7392000.0,0.0,15.0
2024-05-09,SC2406.INE,611.1,618.5,609.5,617.0,614.8,611.3,615.1,1.9,-0.3,78027,4797641.18,22183,-874.0,22,0.6679421659518734,0.39719601067163246,20,SC2407.INE,615.5,613.6,21916,-1.5,SC2406.INE,617.0,614.8,22,0.0,SC2703.INE,576.5,576.5,1023,-40.5,-0.023934736252402368,-0.024756438293346686,7392000.0,0.0,15.0
2024-05-10,SC2407.INE,616.8,622.8,614.2,622.6,618.1,615.5,613.6,9.0,4.5,29018,1793712.52,23085,1169.0,49,0.2518377088305489,0.41201877599100467,20,SC2406.INE,624.6,619.3,21032,2.0,SC2406.INE,624.6,619.3,21,-2.0,SC2703.INE,575.0,575.8,1022,-49.60000000000002,-0.028955994373861826,-0.030170442036807348,7622000.0,0.0,18.0
2024-05-13,SC2407.INE,621.5,621.7,607.3,613.1,614.3,622.6,618.1,-5.0,-3.8,36040,2214003.26,24674,1589.0,46,0.2951485570151014,0.42308681561755174,20,SC2406.INE,615.0,616.7,21558,1.8999999999999773,SC2406.INE,615.0,616.7,18,-1.8999999999999773,SC2703.INE,571.4,571.4,1019,-43.60000000000002,-0.025850572192035615,-0.026812651322271227,7622000.0,0.0,18.0
2024-05-14,SC2407.INE,616.6,619.4,614.3,616.8,616.7,613.1,614.3,2.5,2.4,28948,1785391.97,24517,-157.0,45,0.3195496191632631,0.4319415081042988,20,SC2406.INE,618.0,618.4,20168,1.2000000000000455,SC2406.INE,618.0,618.4,17,-1.2000000000000455,SC2703.INE,571.4,571.4,1018,-46.60000000000002,-0.027495158563119744,-0.028587036160111507,7622000.0,0.0,18.0
2024-05-15,SC2407.INE,612.5,614.2,607.9,612.2,611.0,616.8,616.7,-4.5,-5.7,43804,2676724.07,26861,2344.0,44,0.3164320130606584,0.4572785618222366,20,SC2406.INE,614.4,612.8,18777,2.199999999999932,SC2406.INE,614.4,612.8,16,-2.199999999999932,SC2703.INE,567.9,567.9,1017,-46.5,-0.027596914803946052,-0.02869710764912845,7622000.0,0.0,18.0
2024-05-16,SC2407.INE,607.5,612.0,598.5,611.6,605.5,612.2,611.0,0.6,-5.5,66425,4022652.56,28912,2051.0,43,0.4212806169691896,0.49633482686992497,20,SC2406.INE,614.7,607.8,15425,3.1000000000000227,SC2406.INE,614.7,607.8,15,-3.1000000000000227,SC2703.INE,549.0,551.9,1016,-65.70000000000005,-0.03897274029045626,-0.04121688748976334,7622000.0,0.0,18.0
2024-05-17,SC2407.INE,613.0,617.0,610.1,617.0,613.7,611.6,605.5,11.5,8.2,56542,3470019.8,30730,1818.0,42,0.4718872317874162,0.5229570130356352,20,SC2408.INE,613.5,610.8,12834,-3.5,SC2406.INE,620.5,616.5,14,-3.5,SC2703.INE,557.3,556.7,1015,-63.200000000000045,-0.03713933125697833,-0.039169827347899616,7622000.0,0.0,18.0
2024-05-20,SC2407.INE,618.4,623.8,613.4,622.9,618.3,617.0,613.7,9.2,4.6,94833,5864015.8,35730,5000.0,39,0.6860373427473903,0.5706391541827707,20,SC2408.INE,620.0,615.9,13521,-2.8999999999999773,SC2406.INE,622.2,619.2,11,0.6999999999999318,SC2703.INE,561.1,561.1,1012,-61.10000000000002,-0.03580716936551073,-0.03768960162129148,7622000.0,0.0,18.0
2024-05-21,SC2407.INE,617.3,623.6,611.9,612.6,617.9,622.9,618.3,-5.7,-0.4,127521,7880581.67,36661,931.0,38,0.7609150958595134,0.570190991663556,20,SC2408.INE,610.8,615.1,15832,-1.8000000000000682,SC2406.INE,609.8,616.5,10,2.800000000000068,SC2703.INE,561.0,561.0,1011,-48.799999999999955,-0.02918039651394848,-0.030414282813668512,7622000.0,0.0,18.0
2024-05-22,SC2407.INE,608.9,617.3,604.6,605.6,611.0,612.6,617.9,-12.3,-6.9,122491,7485221.78,37940,1279.0,37,0.8237568763534143,0.5716524280914282,20,SC2408.INE,604.6,609.3,15910,-1.0,SC2406.INE,602.7,608.2,9,2.8999999999999773,SC2703.INE,561.0,561.0,1010,-41.700000000000045,-0.025228629011605642,-0.02614386519750279,7622000.0,0.0,18.0
2024-05-23,SC2407.INE,605.2,610.2,596.8,602.5,604.6,605.6,611.0,-8.5,-6.4,120095,7261073.69,35158,-2782.0,36,0.8213589576992785,0.5381353986499932,20,SC2408.INE,601.6,603.2,16756,-0.8999999999999773,SC2406.INE,599.3,601.1,8,3.2000000000000455,SC2703.INE,558.0,558.0,1009,-41.299999999999955,-0.025128384047122535,-0.026036184770461948,7622000.0,0.0,18.0
2024-05-24,SC2407.INE,609.9,611.1,596.1,599.0,603.5,602.5,604.6,-5.6,-1.1,119974,7241286.65,36497,1339.0,35,0.7979806713802071,0.5392025056510112,20,SC2408.INE,598.4,602.3,17945,-0.6000000000000227,SC2406.INE,597.0,603.3,7,2.0,SC2703.INE,565.4,565.4,1008,-31.600000000000023,-0.019300632365959025,-0.019830208659926025,7622000.0,0.0,18.0
2024-05-27,SC2407.INE,600.3,608.0,598.6,606.8,604.3,599.0,603.5,3.3,0.8,95421,5767125.67,34601,-1896.0,32,0.7942549879722655,0.5298937180311801,20,SC2408.INE,604.7,602.8,16967,-2.099999999999909,SC2406.INE,604.0,597.6,4,2.7999999999999545,SC2703.INE,562.0,562.6,1005,-42.0,-0.025355439262724037,-0.02628012690810212,7622000.0,0.0,18.0
2024-05-28,SC2407.INE,609.2,613.3,608.6,610.5,610.8,606.8,604.3,6.2,6.5,68721,4197949.45,31183,-3418.0,31,0.7750459584738403,0.4912797567469633,20,SC2408.INE,610.3,609.8,18166,-0.20000000000004547,SC2406.INE,608.0,608.5,3,2.5,SC2703.INE,563.1,563.1,1004,-44.89999999999998,-0.026927841894947138,-0.027973968174367488,7622000.0,0.0,18.0
2024-05-29,SC2407.INE,614.5,622.3,612.2,619.7,617.3,610.5,610.8,8.9,6.5,90866,5609348.05,28266,-2917.0,30,0.7640035650024384,0.46419128635475343,20,SC2408.INE,618.5,616.5,18490,-1.2000000000000455,SC2406.INE,617.3,609.2,2,2.400000000000091,SC2703.INE,566.0,564.5,1003,-51.299999999999955,-0.030302598745819215,-0.0316361475392443,7622000.0,0.0,18.0
2024-05-30,SC2407.INE,619.5,621.6,611.2,611.5,616.9,619.7,617.3,-5.8,-0.4,91029,5615686.4,27069,-1197.0,29,0.7717919369197507,0.44677163794810854,20,SC2408.INE,610.5,615.6,19803,-1.0,SC2406.INE,608.3,616.9,1,3.2000000000000455,SC2703.INE,566.8,567.0,1002,-41.5,-0.02487648797035615,-0.025765745086112925,7622000.0,0.0,18.0
2024-05-31,SC2407.INE,611.0,613.7,599.3,602.8,607.3,611.5,616.9,-14.1,-9.6,119758,7273177.23,26757,-312.0,28,0.7377986421715398,0.4156685463951158,20,SC2408.INE,602.1,607.0,22804,-0.6999999999999318,SC2407.INE,602.8,607.3,28,0.0,SC2703.INE,564.0,564.0,1001,-38.799999999999955,-0.024145628042072903,-0.02495775289600485,9297000.0,1675000.0,18.0
2024-06-03,SC2407.INE,607.5,607.8,592.5,595.8,599.7,602.8,607.3,-11.5,-7.6,114993,6897226.37,27160,403.0,25,0.748686463575814,0.4373450130430582,20,SC2408.INE,595.7,598.7,21131,-0.09999999999990905,SC2407.INE,595.8,599.7,25,0.0,SC2706.INE,570.4,578.8,1092,-25.399999999999977,-0.014583496534472953,-0.01490348404908148,9297000.0,0.0,18.0
2024-06-04,SC2407.INE,595.5,596.5,571.0,571.9,581.2,595.8,599.7,-27.8,-18.5,146495,8515516.98,30120,2960.0,24,0.7207945247268022,0.4585870889159562,20,SC2408.INE,571.8,580.2,20890,-0.10000000000002274,SC2407.INE,571.9,581.2,24,0.0,SC2706.INE,554.9,562.3,1091,-17.0,-0.010168508824643268,-0.010322704086350925,9297000.0,0.0,18.0
2024-06-05,SC2407.INE,570.3,573.3,566.5,570.3,570.0,571.9,581.2,-10.9,-11.2,108397,6179600.84,31245,1125.0,23,0.7273746015769166,0.4549094403354493,20,SC2408.INE,569.5,569.6,22254,-0.7999999999999545,SC2407.INE,570.3,570.0,23,0.0,SC2706.INE,557.9,555.5,1090,-12.399999999999977,-0.007437838747458744,-0.0075198905421919645,9297000.0,0.0,18.0
2024-06-06,SC2407.INE,574.5,579.3,568.7,577.0,574.0,570.3,570.0,7.0,4.0,100383,5762451.3,29929,-1316.0,22,0.7174211346321522,0.448663558547079,20,SC2408.INE,576.7,573.7,20991,-0.2999999999999545,SC2407.INE,577.0,574.0,22,0.0,SC2706.INE,552.3,557.1,1089,-24.700000000000045,-0.014643658258873869,-0.014966330557028687,7347000.0,-1950000.0,18.0
2024-06-07,SC2407.INE,574.8,587.7,574.4,583.9,582.0,577.0,574.0,9.9,8.0,90439,5263931.89,27096,-2833.0,21,0.6843455362682931,0.4314100114635078,20,SC2408.INE,582.6,581.5,19567,-1.2999999999999545,SC2407.INE,583.9,582.0,21,0.0,SC2706.INE,555.6,560.3,1088,-28.299999999999955,-0.016579689972076355,-0.016994948837296752,7347000.0,0.0,18.0
2024-06-11,SC2407.INE,598.8,599.0,595.1,597.6,597.4,583.9,582.0,15.6,15.4,31686,1892973.69,24795,-2301.0,17,0.597871617796898,0.428112643956006,20,SC2408.INE,596.3,595.9,17975,-1.3000000000000682,SC2407.INE,597.6,597.4,17,0.0,SC2706.INE,560.3,560.3,1084,-37.30000000000007,-0.021351416286828073,-0.022046848102427012,7347000.0,0.0,18.0
2024-06-12,SC2407.INE,597.8,606.4,595.9,605.3,601.1,597.6,597.4,7.9,3.7,78555,4722478.07,24428,-367.0,16,0.6915235437555569,0.413886582741736,20,SC2408.INE,602.5,599.7,19011,-2.7999999999999545,SC2407.INE,605.3,601.1,16,0.0,SC2706.INE,571.3,569.1,1083,-34.0,-0.01921483626900212,-0.019775589565170577,7347000.0,0.0,18.0
2024-06-13,SC2407.INE,610.4,611.1,601.9,604.5,606.0,605.3,601.1,3.4,4.9,82978,5028779.44,21849,-2579.0,15,0.629866630230987,0.3874623160134776,20,SC2408.INE,599.5,602.2,19089,-5.0,SC2407.INE,604.5,606.0,15,0.0,SC2706.INE,570.2,570.2,1082,-34.299999999999955,-0.01941003237976962,-0.019982465000319218,7347000.0,0.0,18.0
2024-06-14,SC2407.INE,604.9,610.6,601.7,602.8,606.5,604.5,606.0,-3.2,0.5,78949,4788719.72,19878,-1971.0,14,0.6309459113867399,0.35933404436088867,20,SC2408.INE,600.2,602.1,19653,-2.599999999999909,SC2407.INE,602.8,606.5,14,0.0,SC2706.INE,573.2,573.2,1081,-29.59999999999991,-0.016797587515679686,-0.017224021875715163,7347000.0,0.0,18.0
2024-06-17,SC2408.INE,605.2,607.8,596.6,597.2,602.7,600.2,602.1,-4.9,0.6,50715,3057033.91,23576,3923.0,44,0.3891574585635359,0.42201736328649425,20,SC2407.INE,602.0,605.8,16247,4.7999999999999545,SC2407.INE,602.0,605.8,11,-4.7999999999999545,SC2706.INE,573.9,574.1,1078,-28.100000000000023,-0.01596754959257957,-0.016352232681343976,7347000.0,0.0,18.0
2024-06-18,SC2408.INE,601.5,611.5,600.4,608.0,606.1,597.2,602.7,5.3,3.4,71567,4338253.22,26931,3355.0,43,0.6227224474879488,0.4961038961038961,20,SC2409.INE,605.2,603.7,14188,-2.7999999999999545,SC2407.INE,613.5,611.5,10,-5.5,SC2706.INE,574.1,574.1,1077,-39.39999999999998,-0.021968990436209927,-0.022706170053178862,7347000.0,0.0,18.0
2024-06-19,SC2408.INE,609.0,618.2,608.8,614.7,613.8,608.0,606.1,8.6,7.7,86119,5286679.75,27282,351.0,42,0.828800477345344,0.5123380281690141,20,SC2409.INE,612.6,611.8,13942,-2.1000000000000227,SC2407.INE,619.2,619.8,9,-4.5,SC2706.INE,574.1,574.1,1076,-45.10000000000002,-0.02491575428221316,-0.025869751323526778,7347000.0,0.0,20.0
2024-06-20,SC2408.INE,619.2,620.8,615.1,617.9,617.7,614.7,613.8,4.1,3.9,77047,4759320.63,27704,422.0,41,0.8561158273701054,0.5178704949902796,20,SC2409.INE,615.0,615.2,13783,-2.8999999999999773,SC2407.INE,622.8,622.9,8,-4.899999999999977,SC2706.INE,578.0,578.0,1075,-44.799999999999955,-0.024606953872194307,-0.025536854282966256,7347000.0,0.0,20.0
2024-06-21,SC2408.INE,620.9,623.5,617.6,617.6,620.7,617.9,617.7,-0.1,3.0,89968,5585057.94,28933,1229.0,40,0.8203070863269996,0.5659155811133278,20,SC2409.INE,615.5,618.0,13921,-2.1000000000000227,SC2407.INE,624.1,624.3,7,-6.5,SC2706.INE,578.0,578.0,1074,-46.10000000000002,-0.025268251324081024,-0.02625015116464974,7347000.0,0.0,20.0
2024-06-24,SC2408.INE,619.1,624.1,613.4,617.4,618.8,617.6,620.7,-3.3,-1.9,105365,6520670.91,28099,-834.0,37,0.8291233868429336,0.5564929792248431,20,SC2409.INE,614.2,615.6,13902,-3.199999999999932,SC2407.INE,623.5,624.4,4,-6.100000000000023,SC2706.INE,578.8,578.1,1071,-44.700000000000045,-0.02452446321029893,-0.025447981426811882,9442000.0,2095000.0,20.0
2024-06-25,SC2408.INE,617.0,625.2,614.6,622.1,620.9,617.4,618.8,3.3,2.1,84975,5276112.91,27987,-112.0,36,0.8223652375883093,0.5549122633092098,20,SC2409.INE,619.8,617.9,13903,-2.300000000000068,SC2407.INE,625.7,624.8,3,-3.6000000000000227,SC2706.INE,578.1,578.1,1070,-47.60000000000002,-0.026023711924369187,-0.02706683974161099,9442000.0,0.0,20.0
2024-06-26,SC2408.INE,620.2,623.8,615.5,620.3,619.9,622.1,620.9,-0.6,-1.0,80913,5016065.52,25910,-2077.0,35,0.8111172372312164,0.5369280503978779,20,SC2409.INE,618.6,617.7,14264,-1.6999999999999318,SC2407.INE,625.2,624.8,2,-4.900000000000091,SC2706.INE,578.1,578.1,1069,-47.10000000000002,-0.02577094729873883,-0.02679337214385687,9442000.0,0.0,20.0
2024-06-27,SC2408.INE,619.0,623.4,614.1,618.3,617.9,620.3,619.9,-1.6,-2.0,122467,7567649.45,24473,-1437.0,34,0.8281456035596189,0.5054003262912252,20,SC2409.INE,616.7,616.5,15615,-1.599999999999909,SC2407.INE,617.6,624.3,1,0.6999999999999318,SC2706.INE,578.1,578.1,1068,-39.5,-0.02187853577169052,-0.022609521215632283,9442000.0,0.0,20.0
2024-06-28,SC2408.INE,623.7,628.6,620.5,628.3,624.8,618.3,617.9,10.4,6.9,107859,6739889.32,26696,2223.0,33,0.7945472894827954,0.5067481634744975,20,SC2409.INE,625.8,622.9,17153,-2.5,SC2408.INE,628.3,624.8,33,0.0,SC2706.INE,578.1,578.1,1067,-50.19999999999993,-0.02820388811293004,-0.029394464982564653,9442000.0,0.0,20.0
2024-07-01,SC2408.INE,626.8,627.4,619.3,626.9,623.0,628.3,624.8,2.1,-1.8,92905,5788721.21,24953,-1743.0,30,0.8049089003058316,0.5076804134198694,19,SC2409.INE,624.7,621.7,18579,-2.199999999999932,SC2408.INE,626.9,623.0,30,0.0,SC2706.INE,575.9,575.9,1064,-51.0,-0.02871734144834134,-0.029952946204122918,9442000.0,0.0,20.0
2024-07-02,SC2408.INE,626.2,634.7,623.5,634.0,629.2,626.9,623.0,11.0,6.2,90920,5721226.7,28226,3273.0,29,0.7918412137152612,0.5251055755027626,20,SC2409.INE,631.8,628.0,19151,-2.2000000000000455,SC2408.INE,634.0,629.2,29,0.0,SC2706.INE,575.9,575.9,1063,-58.10000000000002,-0.03234887637364316,-0.033928380824447525,9442000.0,0.0,20.0
2024-07-03,SC2408.INE,638.2,639.0,631.1,636.3,634.8,634.0,629.2,7.1,5.6,88173,5597688.18,27532,-694.0,28,0.7872448706273102,0.5021979825985444,20,SC2409.INE,633.2,632.4,19875,-3.099999999999909,SC2408.INE,636.3,634.8,28,0.0,SC2706.INE,575.9,575.9,1062,-60.39999999999998,-0.033507910061522844,-0.03520665593813702,9442000.0,0.0,20.0
2024-07-04,SC2408.INE,635.3,639.7,629.7,633.3,633.8,636.3,634.8,-1.5,-1.0,95820,6073316.43,26678,-854.0,27,0.7828239503933727,0.48379667410188054,20,SC2409.INE,631.2,631.0,20500,-2.099999999999909,SC2408.INE,633.3,633.8,27,0.0,SC2706.INE,575.9,575.9,1061,-57.39999999999998,-0.03199445598429641,-0.0335384200082801,9442000.0,0.0,20.0
2024-07-05,SC2408.INE,634.0,639.1,633.7,635.5,636.6,633.3,633.8,1.7,2.8,70928,4515739.43,28172,1494.0,26,0.7916955017301038,0.48747231450719825,20,SC2409.INE,632.8,633.9,20534,-2.7000000000000455,SC2408.INE,635.5,636.6,26,0.0,SC2706.INE,573.6,573.6,1060,-61.89999999999998,-0.03438328917512673,-0.03617517165434799,9442000.0,0.0,20.0
2024-07-08,SC2408.INE,637.2,641.1,627.7,628.0,635.4,635.5,636.6,-8.6,-1.2,88727,5638444.79,27153,-1019.0,23,0.757670466675206,0.47466130582990995,20,SC2409.INE,624.7,631.5,21112,-3.2999999999999545,SC2408.INE,628.0,635.4,23,0.0,SC2706.INE,573.6,573.6,1057,-54.39999999999998,-0.030578176397393086,-0.03198440538850835,9442000.0,0.0,20.0
2024-07-09,SC2408.INE,628.5,629.7,624.5,626.2,627.2,628.0,635.4,-9.2,-8.2,64828,4066283.44,26349,-804.0,22,0.765383707201889,0.46326283031805476,20,SC2409.INE,622.9,623.8,21507,-3.300000000000068,SC2408.INE,626.2,627.2,22,0.0,SC2706.INE,568.0,568.0,1056,-58.200000000000045,-0.03280818816267354,-0.03443439304881165,7492000.0,-1950000.0,20.0
2024-07-10,SC2408.INE,624.4,626.7,612.8,614.5,621.3,626.2,627.2,-12.7,-5.9,94035,5842450.54,25114,-1235.0,21,0.6792326083658978,0.4719612117567466,20,SC2409.INE,612.0,617.0,19991,-2.5,SC2408.INE,614.5,621.3,21,0.0,SC2706.INE,568.0,568.0,1055,-46.5,-0.02671181457774953,-0.02777653893036986,7489000.0,-3000.0,20.0
2024-07-11,SC2408.INE,616.2,627.8,614.5,625.3,621.2,614.5,621.3,4.0,-0.1,87968,5465170.32,24501,-613.0,20,0.6878196006067525,0.46789779237644186,20,SC2409.INE,622.8,618.4,20421,-2.5,SC2408.INE,625.3,621.2,20,0.0,SC2706.INE,568.0,568.0,1054,-57.299999999999955,-0.03234733594799058,-0.03392668499614776,7489000.0,0.0,20.0
2024-07-12,SC2408.INE,622.7,624.2,616.5,623.3,620.2,625.3,621.2,2.1,-1.0,76770,4761336.57,24312,-189.0,19,0.6569286851157776,0.46835808819279895,20,SC2409.INE,621.4,617.7,20149,-1.8999999999999773,SC2408.INE,623.3,620.2,19,0.0,SC2706.INE,568.0,568.0,1053,-55.299999999999955,-0.03131845505655459,-0.03279582365491637,7489000.0,0.0,20.0
2024-07-15,SC2408.INE,623.7,624.4,613.7,619.0,620.2,623.3,620.2,-1.2,0.0,77584,4811769.4,24645,333.0,16,0.6475748495496925,0.45138189344127183,20,SC2409.INE,616.7,618.4,21752,-2.2999999999999545,SC2408.INE,619.0,620.2,16,0.0,SC2706.INE,568.0,568.0,1050,-51.0,-0.02908384709848981,-0.030352134136032254,7489000.0,0.0,20.0
2024-07-16,SC2408.INE,619.9,620.5,611.5,612.8,616.3,619.0,620.2,-7.4,-3.9,60382,3721928.31,22751,-1894.0,15,0.5887710129100199,0.42301470724950263,20,SC2409.INE,612.3,615.2,22429,-0.5,SC2408.INE,612.8,616.3,15,0.0,SC2706.INE,568.0,568.0,1049,-44.799999999999955,-0.02580664710546381,-0.026798624654167304,7489000.0,0.0,20.0
2024-07-17,SC2409.INE,606.5,611.7,605.0,606.6,608.0,612.3,615.2,-8.6,-7.2,58341,3547312.97,25599,3170.0,44,0.48349562839265736,0.47009457350105593,20,SC2408.INE,606.5,607.9,20059,-0.10000000000002274,SC2408.INE,606.5,607.9,14,0.10000000000002274,SC2706.INE,562.7,562.7,1048,-43.799999999999955,-0.025492688013955805,-0.026460064999882075,6612000.0,-877000.0,20.0
2024-07-18,SC2409.INE,611.0,619.2,609.7,618.6,614.1,606.6,608.0,10.6,6.1,86366,5304420.78,29975,4376.0,43,0.6697998340351938,0.5474485882309968,20,SC2408.INE,618.0,613.7,14232,-0.6000000000000227,SC2408.INE,618.0,613.7,13,0.6000000000000227,SC2706.INE,562.7,562.7,1047,-55.299999999999955,-0.03158704374878715,-0.033090685030693366,6612000.0,0.0,20.0
2024-07-19,SC2409.INE,612.6,616.0,609.1,611.2,612.4,618.6,614.1,-2.9,-1.7,98355,6023526.87,29327,-648.0,42,0.8151282093782632,0.5459944519948616,20,SC2408.INE,608.3,611.2,12398,-2.900000000000091,SC2408.INE,608.3,611.2,12,2.900000000000091,SC2706.INE,562.7,562.7,1046,-45.59999999999991,-0.0264617981240168,-0.027506158156586608,6612000.0,0.0,20.0
2024-07-22,SC2409.INE,613.9,614.4,594.5,597.4,604.1,611.2,612.4,-15.0,-8.3,133262,8051020.04,33069,3742.0,39,0.848602558632679,0.559391704445497,20,SC2408.INE,595.3,602.4,12018,-2.1000000000000227,SC2408.INE,595.3,602.4,9,2.1000000000000227,SC2706.INE,553.6,553.6,1043,-41.69999999999993,-0.02472706088083278,-0.025635805306961176,6612000.0,0.0,20.0
2024-07-23,SC2409.INE,591.9,597.3,590.3,593.1,593.8,597.4,604.1,-11.0,-10.3,81899,4863657.73,31226,-1843.0,38,0.7886050475190894,0.5473540289926204,20,SC2410.INE,590.6,590.2,12263,-2.5,SC2408.INE,589.5,590.8,8,3.6000000000000227,SC2706.INE,551.3,551.3,1042,-38.200000000000045,-0.022874514185217458,-0.023649315231482136,6612000.0,0.0,20.0
2024-07-24,SC2409.INE,588.6,592.7,583.5,588.7,587.9,593.1,593.8,-5.1,-5.9,108787,6395646.61,27120,-4106.0,37,0.7680202758990723,0.542747358309318,20,SC2410.INE,585.1,584.9,10204,-3.6000000000000227,SC2408.INE,583.6,587.9,7,5.100000000000023,SC2706.INE,539.3,546.7,1041,-44.30000000000007,-0.026795432339524076,-0.027867013753857854,6612000.0,0.0,20.0
2024-07-25,SC2409.INE,591.2,592.7,583.2,585.5,588.6,588.7,587.9,-2.4,0.7,111033,6535797.96,26333,-787.0,36,0.8161730654729089,0.5413634307799844,20,SC2410.INE,581.5,584.4,10918,-4.0,SC2408.INE,580.4,585.1,6,5.100000000000023,SC2706.INE,543.5,543.7,1040,-36.89999999999998,-0.022442502802709246,-0.023187671444681368,8572000.0,1960000.0,20.0
2024-07-26,SC2409.INE,582.0,594.6,578.2,592.9,586.2,585.5,588.6,4.3,-2.4,123766,7256184.59,25268,-1065.0,35,0.8227809392118279,0.5458630373730827,20,SC2410.INE,589.0,582.9,11083,-3.8999999999999773,SC2408.INE,589.1,579.6,5,3.7999999999999545,SC2706.INE,545.9,544.6,1039,-43.200000000000045,-0.025886125345452093,-0.02688438201651296,8572000.0,0.0,20.0
2024-07-29,SC2409.INE,588.7,590.5,579.5,586.7,585.2,592.9,586.2,0.5,-1.0,133504,7812722.3,23783,-1485.0,32,0.7826015592942142,0.5506726249739518,20,SC2410.INE,582.1,581.3,11570,-4.600000000000023,SC2408.INE,590.0,587.6,2,-3.2999999999999545,SC2706.INE,544.6,544.6,1036,-45.39999999999998,-0.0271629020096384,-0.028264892824892324,8572000.0,0.0,20.0
2024-07-30,SC2409.INE,585.0,588.6,573.6,573.9,579.7,586.7,585.2,-11.3,-5.5,111448,6460925.28,24102,319.0,31,0.81550698443594,0.5378590078328982,20,SC2410.INE,569.9,574.5,12988,-4.0,SC2408.INE,587.6,587.6,1,-13.700000000000045,SC2706.INE,536.9,539.3,1035,-50.700000000000045,-0.03045779770972769,-0.0318526346305488,8572000.0,0.0,20.0
2024-07-31,SC2409.INE,572.0,581.2,569.6,580.4,573.7,573.9,579.7,0.7,-6.0,112492,6453928.88,21902,-2200.0,30,0.7584872329092245,0.5156687778117863,20,SC2410.INE,577.0,570.3,12688,-3.3999999999999773,SC2409.INE,580.4,573.7,30,0.0,SC2706.INE,539.2,539.2,1034,-41.19999999999993,-0.02580649147036934,-0.026768228003343043,8572000.0,0.0,20.0
2024-08-01,SC2409.INE,586.0,594.0,580.9,593.1,586.6,580.4,573.7,19.4,12.9,108019,6336515.6,21891,-11.0,29,0.7398460295064451,0.53881559515605,19,SC2410.INE,589.4,583.4,12163,-3.7000000000000455,SC2409.INE,593.1,586.6,29,0.0,SC2706.INE,539.2,539.2,1033,-53.89999999999998,-0.033038474999009165,-0.034637358192234055,8572000.0,0.0,20.0
2024-08-02,SC2409.INE,593.7,594.6,579.2,581.7,586.2,593.1,586.6,-4.9,-0.4,108712,6373654.81,22025,134.0,28,0.7974472767284064,0.5164853203264234,19,SC2410.INE,577.5,581.6,13273,-4.2000000000000455,SC2409.INE,581.7,586.2,28,0.0,SC2706.INE,539.2,539.2,1032,-42.5,-0.02656128109189509,-0.02758159993156948,8572000.0,0.0,20.0
2024-08-05,SC2409.INE,567.8,569.7,542.7,546.9,557.6,581.7,586.2,-39.3,-28.6,174325,9721630.72,28939,6914.0,25,0.6952836773357264,0.48327516240543744,19,SC2410.INE,544.1,553.7,18563,-2.7999999999999545,SC2409.INE,546.9,557.6,25,0.0,SC2706.INE,502.5,510.3,1029,-44.39999999999998,-0.029514416278932528,-0.03078154442541445,8572000.0,0.0,20.0
2024-08-06,SC2409.INE,544.2,557.6,541.1,548.0,548.5,546.9,557.6,-9.6,-9.1,129897,7125124.27,27493,-1446.0,24,0.6871766386287891,0.45931135873832635,19,SC2410.INE,546.5,546.2,19142,-1.5,SC2409.INE,548.0,548.5,24,0.0,SC2706.INE,513.4,505.6,1028,-34.60000000000002,-0.022953805217087887,-0.023710464896918422,8572000.0,0.0,20.0
2024-08-07,SC2409.INE,540.8,550.7,540.3,545.0,545.9,548.0,548.5,-3.5,-2.6,128207,6999622.72,29122,1629.0,23,0.7274321119344552,0.45371264761786056,20,SC2410.INE,545.0,544.3,21092,0.0,SC2409.INE,545.0,545.9,23,0.0,SC2706.INE,505.0,507.2,1027,-40.0,-0.02668226177857378,-0.02771213980734836,8572000.0,0.0,20.0
2024-08-08,SC2409.INE,555.0,559.6,551.0,552.4,555.4,545.0,545.9,6.5,9.5,116534,6472906.28,24896,-4226.0,22,0.6490481547904158,0.4152309154894341,20,SC2410.INE,552.1,554.6,21295,-0.2999999999999545,SC2409.INE,552.4,555.4,22,0.0,SC2706.INE,507.3,507.3,1026,-45.099999999999966,-0.029681238838995917,-0.030963152481384294,8572000.0,0.0,20.0
2024-08-09,SC2409.INE,556.7,564.9,554.5,561.4,559.3,552.4,555.4,6.0,3.9,90875,5083014.97,22960,-1936.0,21,0.6733476585655009,0.3967856217056943,20,SC2410.INE,561.1,558.5,20569,-0.2999999999999545,SC2409.INE,561.4,559.3,21,0.0,SC2706.INE,510.6,510.6,1025,-50.799999999999955,-0.03289655769511901,-0.034481287927236516,8572000.0,0.0,20.0
2024-08-12,SC2409.INE,562.5,568.6,558.6,568.1,562.7,561.4,559.3,8.8,3.4,78804,4434695.18,22134,-826.0,18,0.695202639518676,0.3843242116960689,20,SC2410.INE,567.4,562.5,21420,-0.7000000000000455,SC2409.INE,568.1,562.7,18,0.0,SC2706.INE,517.5,517.5,1022,-50.60000000000002,-0.03238059906124492,-0.03391443831135294,8572000.0,0.0,20.0
2024-08-13,SC2409.INE,570.8,584.0,569.0,579.7,575.8,568.1,562.7,17.0,13.1,80747,4650187.4,20998,-1136.0,17,0.6414957933790407,0.37492411527336356,20,SC2410.INE,577.4,574.4,20844,-2.300000000000068,SC2409.INE,579.7,575.8,17,0.0,SC2706.INE,529.6,525.6,1021,-50.10000000000002,-0.03141908818065671,-0.0328604423892972,6572000.0,-2000000.0,20.0
2024-08-14,SC2409.INE,579.0,585.8,571.0,574.3,575.4,579.7,575.8,-1.5,-0.4,105446,6067806.22,22521,1523.0,16,0.6479176139505732,0.38899060384137074,20,SC2410.INE,571.3,572.5,21387,-3.0,SC2409.INE,574.3,575.4,16,0.0,SC2706.INE,525.6,525.6,1020,-48.69999999999993,-0.030828280123455294,-0.032214318581120754,6572000.0,0.0,20.0
2024-08-15,SC2410.INE,570.8,572.7,562.8,565.3,566.7,571.3,572.5,-7.2,-5.8,46019,2608309.61,21772,385.0,46,0.3393806647639697,0.3993250431018671,20,SC2409.INE,567.9,569.4,19104,2.6000000000000227,SC2409.INE,567.9,569.4,15,-2.6000000000000227,SC2706.INE,521.5,521.5,1019,-46.39999999999998,-0.029703338433552266,-0.030987217571249278,6572000.0,0.0,20.0
2024-08-16,SC2410.INE,569.8,577.2,567.7,572.0,573.2,565.3,566.7,5.3,6.5,47987,2750680.48,21908,136.0,45,0.4287922653513475,0.42279560761912116,20,SC2409.INE,571.7,574.7,16480,-0.2999999999999545,SC2409.INE,571.7,574.7,14,0.2999999999999545,SC2706.INE,521.5,521.5,1018,-50.200000000000045,-0.031922336889977275,-0.033411716033487006,6572000.0,0.0,20.0
2024-08-19,SC2410.INE,562.9,567.2,557.5,559.5,562.5,572.0,573.2,-13.7,-10.7,88250,4964526.31,24234,2326.0,42,0.5625282857707434,0.4658861526039564,20,SC2409.INE,560.2,563.4,13630,0.7000000000000455,SC2409.INE,560.2,563.4,11,-0.7000000000000455,SC2706.INE,521.5,521.5,1015,-38.700000000000045,-0.025114643176668557,-0.02602427764999111,6572000.0,0.0,20.0
2024-08-20,SC2410.INE,560.6,563.9,545.0,547.7,554.1,559.5,562.5,-14.8,-8.4,127192,7048788.75,29473,5239.0,41,0.7516413641494158,0.5292142498024851,20,SC2411.INE,546.6,551.0,14183,-1.1000000000000227,SC2409.INE,543.4,553.9,10,4.300000000000068,SC2706.INE,505.4,505.4,1014,-38.0,-0.025422784386927803,-0.026355436497934277,6572000.0,0.0,20.0
2024-08-21,SC2410.INE,549.7,554.6,542.9,547.4,548.9,547.7,554.1,-6.7,-5.2,130727,7175848.15,28345,-1128.0,40,0.8439826202604378,0.5118088909754072,20,SC2411.INE,545.5,546.6,15578,-1.8999999999999773,SC2409.INE,545.9,546.2,9,1.5,SC2706.INE,508.6,508.6,1013,-37.299999999999955,-0.024840188613561846,-0.02572957556462928,6572000.0,0.0,20.0
2024-08-22,SC2410.INE,548.4,552.3,534.6,537.8,543.5,547.4,548.9,-11.1,-5.4,145605,7914964.26,31134,2789.0,39,0.8399480819152004,0.51845067608073,20,SC2411.INE,536.2,541.0,17769,-1.599999999999909,SC2409.INE,533.8,542.9,8,4.0,SC2706.INE,503.4,502.0,1012,-30.399999999999977,-0.02070399555767189,-0.02131692859388547,6572000.0,0.0,20.0
2024-08-23,SC2410.INE,541.5,547.3,539.2,545.3,543.8,537.8,543.5,1.8,0.3,112487,6117181.21,29453,-1681.0,38,0.8310762388161151,0.519187717040667,20,SC2411.INE,544.0,542.2,18257,-1.2999999999999545,SC2409.INE,539.9,537.1,7,5.399999999999977,SC2706.INE,502.1,502.2,1011,-37.799999999999955,-0.02545292067514343,-0.026387840116541036,5942000.0,-630000.0,20.0
2024-08-26,SC2410.INE,551.4,562.8,550.1,562.7,554.7,545.3,543.8,18.9,10.9,103094,5719561.54,26050,-3403.0,35,0.800829617661224,0.511295609334825,20,SC2411.INE,558.1,552.5,16092,-4.600000000000023,SC2409.INE,558.8,553.6,4,3.900000000000091,SC2706.INE,508.0,508.0,1008,-50.799999999999955,-0.03304961970300613,-0.034649617159938785,5942000.0,0.0,20.0
2024-08-27,SC2410.INE,570.9,572.2,566.1,570.4,569.1,562.7,554.7,15.7,14.4,87464,4977889.86,24455,-1595.0,34,0.7674704292583623,0.5214285714285715,20,SC2411.INE,565.6,565.3,16167,-4.7999999999999545,SC2409.INE,568.0,566.0,3,2.3999999999999773,SC2706.INE,515.6,515.6,1007,-52.39999999999998,-0.03353838168452948,-0.035187653281358006,5942000.0,0.0,20.0
2024-08-28,SC2410.INE,566.6,567.6,557.7,559.3,562.1,570.4,569.1,-9.8,-7.0,97408,5475628.22,23242,-1213.0,33,0.8100053219797765,0.5006246499806143,20,SC2411.INE,555.6,558.6,16594,-3.699999999999932,SC2409.INE,555.2,558.1,2,4.099999999999909,SC2706.INE,513.3,513.3,1006,-41.90000000000009,-0.02743618465618797,-0.028526691198817875,5942000.0,0.0,20.0
2024-08-29,SC2410.INE,555.1,556.9,549.6,550.1,553.3,559.3,562.1,-12.0,-8.8,114225,6320083.28,23896,654.0,32,0.8142701330919097,0.49050639407188457,20,SC2411.INE,546.3,549.6,17953,-3.800000000000068,SC2409.INE,545.0,548.5,1,5.100000000000023,SC2706.INE,503.2,503.2,1005,-41.80000000000001,-0.02788296355860961,-0.029010261539950073,5942000.0,0.0,20.0
2024-08-30,SC2410.INE,554.0,561.5,553.0,558.9,557.5,550.1,553.3,5.6,4.2,128584,7169101.56,19042,-4854.0,31,0.8060277819567725,0.4225077103996095,20,SC2411.INE,554.2,553.4,18706,-4.699999999999932,SC2410.INE,558.9,557.5,31,0.0,SC2706.INE,503.2,503.2,1004,-55.69999999999999,-0.03738532063698016,-0.039382059840327756,5942000.0,0.0,20.0
2024-09-02,SC2410.INE,556.8,556.8,538.6,540.6,544.2,558.9,557.5,-16.9,-13.3,137897,7505011.39,22799,3757.0,28,0.7834611669791489,0.47378483406413,19,SC2411.INE,537.6,540.8,19319,-3.0,SC2410.INE,540.6,544.2,28,0.0,SC2706.INE,500.2,500.4,1001,-40.400000000000034,-0.028034018005193135,-0.02913683414241772,5942000.0,0.0,20.0
2024-09-03,SC2410.INE,543.8,551.9,543.2,550.1,547.4,540.6,544.2,5.9,3.2,88903,4867143.86,20242,-2557.0,27,0.8058428432874378,0.44917341617663376,19,SC2411.INE,546.2,544.1,18742,-3.8999999999999773,SC2410.INE,550.1,547.4,27,0.0,SC2706.INE,498.3,500.0,1000,-51.80000000000001,-0.035323858709796374,-0.03709937073672099,5942000.0,0.0,20.0
2024-09-04,SC2410.INE,538.0,538.3,520.7,522.8,528.4,550.1,547.4,-24.6,-19.0,130666,6905253.3,24425,4183.0,26,0.7371099126745944,0.4460046746037543,20,SC2411.INE,519.2,525.1,22547,-3.599999999999909,SC2410.INE,522.8,528.4,26,0.0,SC2709.INE,479.6,483.1,1091,-43.19999999999993,-0.02831988103063673,-0.029558679706852838,5942000.0,0.0,20.0
2024-09-05,SC2411.INE,522.1,525.1,515.6,517.3,519.3,519.2,525.1,-7.8,-5.8,34149,1773359.08,24775,2228.0,56,0.19920665013854455,0.4294654000832062,20,SC2410.INE,521.4,523.2,24347,4.100000000000023,SC2410.INE,521.4,523.2,25,-4.100000000000023,SC2709.INE,474.0,474.0,1090,-47.39999999999998,-0.03115663679043958,-0.03266499120054323,5942000.0,0.0,20.0
2024-09-06,SC2411.INE,519.6,524.9,513.0,519.0,518.3,517.3,519.3,-0.3,-1.0,39004,2021583.3,25284,509.0,55,0.2030844848951879,0.445046821094135,20,SC2410.INE,522.1,521.8,23138,3.1000000000000227,SC2410.INE,522.1,521.8,24,-3.1000000000000227,SC2709.INE,466.9,464.8,1089,-55.200000000000045,-0.03623503133337471,-0.0382972526107602,5942000.0,0.0,20.0
2024-09-09,SC2411.INE,517.9,521.7,501.1,511.5,510.4,519.0,518.3,-6.8,-7.9,51458,2626582.67,26731,1447.0,52,0.21934543346490593,0.46520248516385027,20,SC2410.INE,512.6,512.0,22420,1.1000000000000227,SC2410.INE,512.6,512.0,21,-1.1000000000000227,SC2709.INE,454.0,459.1,1086,-58.60000000000002,-0.03917980506265583,-0.04160609840314302,5942000.0,0.0,20.0
2024-09-10,SC2411.INE,508.6,515.3,502.3,507.3,508.7,511.5,510.4,-3.1,-1.7,43960,2236297.5,27802,1071.0,51,0.24037488858875444,0.4752478632478632,20,SC2410.INE,510.2,510.0,21975,2.8999999999999773,SC2410.INE,510.2,510.0,20,-2.8999999999999773,SC2709.INE,459.1,459.1,1085,-51.099999999999966,-0.03432603986653487,-0.036169188145704335,5942000.0,0.0,20.0
2024-09-11,SC2411.INE,505.7,511.2,490.2,501.3,498.4,507.3,508.7,-7.4,-10.3,82278,4100745.52,28516,714.0,50,0.31318467991808585,0.49923843204537893,20,SC2410.INE,503.1,500.4,17258,1.8000000000000114,SC2410.INE,503.1,500.4,19,-1.8000000000000114,SC2709.INE,454.5,451.6,1084,-48.60000000000002,-0.03310741011363353,-0.0348175878085492,5942000.0,0.0,20.0
2024-09-12,SC2411.INE,502.2,512.3,492.0,511.4,501.8,501.3,498.4,13.0,3.4,95041,4769510.02,29734,1218.0,49,0.37416685366938707,0.5316098119144675,20,SC2410.INE,512.5,502.9,14827,1.1000000000000227,SC2410.INE,512.5,502.9,18,-1.1000000000000227,SC2709.INE,462.3,464.1,1083,-50.19999999999999,-0.03357013626474292,-0.03533017671991546,5942000.0,0.0,20.0
2024-09-13,SC2411.INE,509.3,518.0,505.7,513.6,512.5,511.4,501.8,11.8,10.7,80772,4140287.79,29829,95.0,48,0.43096558016444264,0.5842065061987113,20,SC2410.INE,513.1,513.4,10492,-0.5,SC2410.INE,513.1,513.4,17,0.5,SC2709.INE,470.0,468.4,1082,-43.10000000000002,-0.028788465216034752,-0.030069852661025766,5942000.0,0.0,20.0
2024-09-18,SC2411.INE,520.7,522.9,515.3,515.8,517.9,513.6,512.5,3.3,5.4,43710,2263996.19,33118,3289.0,43,0.639371599087239,0.6658758243525816,20,SC2412.INE,513.0,514.5,8205,-2.7999999999999545,SC2410.INE,513.6,516.7,12,2.199999999999932,SC2709.INE,468.4,468.4,1077,-45.200000000000045,-0.030161759758969214,-0.03157236998877847,5942000.0,0.0,20.0
2024-09-19,SC2411.INE,516.2,522.7,511.6,522.7,516.6,515.8,517.9,4.8,-1.3,150589,7780451.24,33738,620.0,42,0.866599528111872,0.6781371228719021,20,SC2412.INE,519.2,514.1,8914,-3.5,SC2410.INE,519.2,514.6,11,3.5,SC2709.INE,468.4,468.4,1076,-50.80000000000007,-0.033532990443947745,-0.03528899980113248,4082000.0,-1860000.0,20.0
2024-09-20,SC2411.INE,526.1,527.5,520.4,523.1,524.3,522.7,516.6,6.5,7.7,129530,6791699.69,32742,-996.0,41,0.8562042251659131,0.6620028710649225,20,SC2412.INE,520.1,521.1,9674,-3.0,SC2410.INE,520.5,521.8,10,2.6000000000000227,SC2709.INE,474.0,474.0,1075,-46.5,-0.03061790531855881,-0.03207289832993492,4082000.0,0.0,20.0
2024-09-23,SC2411.INE,520.9,527.4,518.2,525.1,522.7,523.1,524.3,0.8,-1.6,126691,6622191.82,32528,-214.0,38,0.8708841442457071,0.6470272313170091,20,SC2412.INE,521.7,520.4,10683,-3.3999999999999773,SC2410.INE,523.1,521.3,7,2.0,SC2709.INE,475.8,475.8,1072,-47.30000000000001,-0.03098986450404459,-0.03248159076555253,4082000.0,0.0,20.0
2024-09-24,SC2411.INE,523.6,529.4,515.4,527.4,522.9,525.1,522.7,4.7,0.2,172409,9016252.44,30731,-1797.0,37,0.8411754373981518,0.6208909990908172,20,SC2412.INE,523.0,520.1,12833,-4.399999999999977,SC2410.INE,522.7,522.7,6,4.699999999999932,SC2709.INE,481.3,481.3,1071,-41.400000000000034,-0.027145078236782503,-0.028280443131062524,4082000.0,0.0,20.0
2024-09-25,SC2411.INE,529.5,536.4,526.8,535.7,531.1,527.4,522.9,12.8,8.2,157725,8377182.33,32547,1816.0,36,0.811639024540856,0.6252425319373739,20,SC2412.INE,526.9,525.0,13206,-8.800000000000068,SC2410.INE,530.6,526.6,5,5.100000000000023,SC2709.INE,481.3,481.3,1070,-49.30000000000001,-0.03184365648596946,-0.03342154729485453,4082000.0,0.0,20.0
2024-09-26,SC2411.INE,530.9,541.2,516.0,523.2,532.0,535.7,531.1,-7.9,0.9,225797,12012604.11,28048,-4499.0,35,0.7861519821181123,0.5387940142536066,20,SC2412.INE,507.7,516.9,16872,-15.500000000000057,SC2410.INE,520.8,527.0,4,2.400000000000091,SC2709.INE,463.9,463.9,1069,-56.89999999999998,-0.03744419924565312,-0.0396520505961328,4082000.0,0.0,20.0
2024-09-27,SC2411.INE,523.0,530.5,515.2,524.4,520.8,523.2,532.0,-7.6,-11.2,170635,8888223.9,23271,-4777.0,34,0.7955419625248847,0.4745406717102714,20,SC2412.INE,508.9,506.1,17954,-15.5,SC2410.INE,517.9,514.8,3,6.5,SC2709.INE,463.9,463.9,1068,-54.0,-0.03573477940436594,-0.03773831362472669,4082000.0,0.0,20.0
2024-09-30,SC2411.INE,521.8,544.0,518.5,543.5,527.4,524.4,520.8,22.7,6.6,152215,8028692.82,20968,-2303.0,31,0.7476399108028724,0.44579568406505793,20,SC2412.INE,522.2,511.4,18480,-21.299999999999955,SC2411.INE,543.5,527.4,31,0.0,SC2709.INE,480.1,472.4,1065,-63.39999999999998,-0.04117769525195779,-0.043784217818080104,4082000.0,0.0,20.0
2024-10-08,SC2411.INE,580.1,580.1,580.1,580.1,580.1,543.5,527.4,52.7,52.7,2339,135685.39,19879,-1089.0,23,0.37556197816313425,0.459449464950193,19,SC2412.INE,562.5,562.5,16278,-17.600000000000023,SC2411.INE,580.1,580.1,23,0.0,SC2709.INE,510.2,508.5,1057,-69.90000000000003,-0.042535019474065225,-0.0453241386063562,4082000.0,0.0,20.0
2024-10-09,SC2411.INE,589.0,589.0,557.5,562.0,567.0,580.1,580.1,-18.1,-13.1,140540,7968652.17,22127,2248.0,22,0.632464785563206,0.4700671312032631,19,SC2412.INE,551.6,554.4,18484,-10.399999999999977,SC2411.INE,562.0,567.0,22,0.0,SC2709.INE,504.3,504.3,1056,-57.69999999999999,-0.036241972232356104,-0.038240464309496285,4082000.0,0.0,20.0
2024-10-10,SC2411.INE,557.4,559.7,546.4,556.7,553.2,562.0,567.0,-10.3,-13.8,143657,7948536.34,23273,1146.0,21,0.6851020807203118,0.4549061767005473,19,SC2412.INE,547.7,544.2,20338,-9.0,SC2411.INE,556.7,553.2,21,0.0,SC2709.INE,504.3,504.3,1055,-52.400000000000034,-0.03322633132034277,-0.03489568242647544,4082000.0,0.0,20.0
2024-10-11,SC2411.INE,561.9,577.9,558.4,570.4,568.6,556.7,553.2,17.2,15.4,142458,8101238.45,23526,253.0,20,0.6857382162661737,0.4451887595799035,19,SC2412.INE,557.9,558.5,21495,-12.5,SC2411.INE,570.4,568.6,20,0.0,SC2709.INE,504.3,504.3,1054,-66.09999999999997,-0.040906683287170266,-0.04347755039299166,4082000.0,0.0,20.0
2024-10-14,SC2412.INE,558.9,570.9,554.6,555.1,560.4,557.9,558.5,-3.4,1.9,60758,3405416.78,22092,597.0,46,0.2641973805506757,0.45398873864617156,20,SC2411.INE,566.5,575.1,19672,11.399999999999977,SC2411.INE,566.5,575.1,17,-11.399999999999977,SC2709.INE,504.3,504.3,1051,-62.19999999999999,-0.03875812831513195,-0.041055705276271004,4082000.0,0.0,20.0
2024-10-15,SC2412.INE,552.0,560.3,533.8,538.1,549.5,555.1,560.4,-22.3,-10.9,58535,3216639.25,23857,1765.0,45,0.2949237939287064,0.4604442900430394,20,SC2411.INE,546.5,560.8,20652,8.399999999999977,SC2411.INE,546.5,560.8,16,-8.399999999999977,SC2709.INE,504.3,504.3,1050,-42.19999999999999,-0.0272580391129767,-0.028367975981507206,4082000.0,0.0,20.0
2024-10-16,SC2412.INE,534.1,538.0,531.6,533.9,534.5,538.1,549.5,-15.6,-15.0,69999,3742044.21,24574,717.0,44,0.3712371921339019,0.49210004605803315,20,SC2411.INE,536.9,539.5,17384,3.0,SC2411.INE,536.9,539.5,15,-3.0,SC2709.INE,490.0,490.0,1049,-46.89999999999998,-0.030835554636492228,-0.03226630581064389,4082000.0,0.0,20.0
2024-10-17,SC2412.INE,534.9,538.5,530.2,531.0,534.5,533.9,534.5,-3.5,0.0,77779,4157499.95,25198,624.0,43,0.4724415666456096,0.5187655693492269,20,SC2411.INE,534.0,537.5,14825,3.0,SC2411.INE,534.0,537.5,14,-3.0,SC2709.INE,488.8,485.9,1048,-45.19999999999999,-0.02987923702721693,-0.03122000711075954,5033000.0,951000.0,20.0
2024-10-18,SC2412.INE,534.0,538.1,526.9,537.4,534.3,531.0,534.5,2.9,-0.2,126870,6779113.38,26864,1666.0,42,0.7627011656637189,0.5681774920158204,20,SC2411.INE,539.5,537.0,11301,2.1000000000000227,SC2411.INE,539.5,537.0,13,-2.1000000000000227,SC2709.INE,488.1,488.1,1047,-51.39999999999998,-0.03363132637677624,-0.03534304241668949,5033000.0,0.0,20.0
2024-10-21,SC2412.INE,532.6,533.4,522.6,527.9,527.4,537.4,534.3,-6.4,-6.9,163214,8609381.17,27932,1068.0,39,0.8544967173806058,0.620849077572794,20,SC2501.INE,523.8,522.5,7347,-4.100000000000023,SC2411.INE,529.7,529.5,10,-1.8000000000000682,SC2709.INE,488.1,488.1,1044,-41.60000000000002,-0.02772271009209622,-0.028871890294916255,5033000.0,0.0,20.0
2024-10-22,SC2412.INE,532.9,537.4,530.4,532.8,533.5,527.9,527.4,5.4,6.1,129231,6894481.24,26833,-1099.0,38,0.8816714992324748,0.6210767521525785,20,SC2501.INE,529.1,529.5,7951,-3.699999999999932,SC2411.INE,535.1,534.5,9,-2.300000000000068,SC2709.INE,488.1,488.1,1043,-47.0,-0.03100524965596914,-0.032452292054949074,5033000.0,0.0,20.0
2024-10-23,SC2412.INE,538.3,548.8,536.4,544.7,543.2,532.8,533.5,11.2,9.7,148979,8092894.32,27157,324.0,37,0.8768215740282976,0.6264012547861789,20,SC2501.INE,539.9,539.0,8448,-4.800000000000068,SC2411.INE,555.3,548.2,8,-10.599999999999909,SC2709.INE,497.0,498.2,1042,-58.299999999999955,-0.03706066492714305,-0.03915400965676058,5033000.0,0.0,20.0
2024-10-24,SC2412.INE,540.0,546.9,537.7,543.6,541.9,544.7,543.2,0.4,-1.3,136098,7375702.2,27005,-152.0,36,0.8728427128427129,0.6318289230481271,20,SC2501.INE,538.1,536.9,9006,-5.5,SC2411.INE,552.8,550.3,7,-9.199999999999932,SC2709.INE,498.2,498.2,1041,-54.599999999999966,-0.034865583195940034,-0.03670991722752776,5033000.0,0.0,20.0
2024-10-25,SC2412.INE,541.0,544.4,532.0,537.4,537.1,543.6,541.9,-4.5,-4.8,121572,6530379.94,28142,1137.0,35,0.8924353092310515,0.6382129493139812,20,SC2501.INE,532.4,532.5,9422,-5.0,SC2411.INE,544.0,550.2,6,-6.600000000000023,SC2709.INE,498.2,498.2,1040,-45.80000000000001,-0.0297193224485152,-0.03104534823033835,5033000.0,0.0,20.0
2024-10-28,SC2412.INE,541.8,548.0,520.6,523.8,536.5,537.4,537.1,-13.3,-0.6,162206,8702378.74,29032,890.0,32,0.8659669428547023,0.6286976482307592,20,SC2501.INE,519.9,527.2,10758,-3.8999999999999773,SC2411.INE,519.4,543.2,3,4.399999999999977,SC2709.INE,491.1,491.1,1037,-28.299999999999955,-0.019233433309822558,-0.019777255374234914,6451000.0,1418000.0,20.0
2024-10-29,SC2412.INE,514.0,519.1,511.7,512.1,516.0,523.8,536.5,-24.4,-20.5,118139,6096562.78,31294,2262.0,31,0.8325628268192645,0.6222584557873179,20,SC2501.INE,508.6,511.5,11531,-3.5,SC2411.INE,507.3,515.5,2,4.800000000000011,SC2709.INE,484.4,484.2,1036,-22.900000000000034,-0.015934665298632245,-0.01630552176615388,6451000.0,0.0,20.0
2024-10-30,SC2412.INE,517.6,518.2,510.6,516.5,514.3,512.1,516.0,0.5,-1.7,125847,6473272.27,27111,-4183.0,30,0.8520158423885448,0.5694272332024112,20,SC2501.INE,512.2,509.8,12548,-4.2999999999999545,SC2411.INE,511.0,510.6,1,5.5,SC2709.INE,483.1,484.6,1035,-27.899999999999977,-0.01927327991157777,-0.019819400681644433,6451000.0,0.0,20.0
2024-10-31,SC2412.INE,520.2,524.4,516.5,523.6,520.2,516.5,514.3,9.3,5.9,118384,6158993.47,24432,-2679.0,29,0.831295774845691,0.5481222237178625,20,SC2501.INE,519.3,516.3,12238,-4.300000000000068,SC2412.INE,523.6,520.2,29,0.0,SC2709.INE,484.9,484.9,1034,-38.700000000000045,-0.02684343751068953,-0.0278872166392239,6451000.0,0.0,20.0
2024-11-01,SC2412.INE,524.9,535.2,522.1,532.6,527.4,523.6,520.2,12.4,7.2,120247,6342221.04,22483,-1949.0,28,0.8299536180668673,0.5641057808109193,19,SC2501.INE,528.9,524.1,12622,-3.7000000000000455,SC2412.INE,532.6,527.4,28,0.0,SC2709.INE,495.1,495.3,1033,-37.5,-0.02557154146653139,-0.02651640051696107,6451000.0,0.0,20.0
2024-11-04,SC2412.INE,534.9,535.9,526.2,531.9,530.6,532.6,527.4,4.5,3.2,108126,5737838.02,20889,-1594.0,25,0.7848070027726567,0.5519036170044123,19,SC2501.INE,528.9,528.0,12557,-3.0,SC2412.INE,531.9,530.6,25,0.0,SC2709.INE,495.3,495.3,1030,-36.599999999999966,-0.024990669888010582,-0.025892069339541433,6451000.0,0.0,20.0
2024-11-05,SC2412.INE,535.9,538.9,532.5,536.0,535.7,531.9,530.6,5.4,5.1,102451,5488314.18,21196,307.0,24,0.7728243077085549,0.5501596283126119,19,SC2501.INE,534.0,533.1,13218,-2.0,SC2412.INE,536.0,535.7,24,0.0,SC2709.INE,495.3,495.3,1029,-40.69999999999999,-0.02757759708918095,-0.028680836158171772,6451000.0,0.0,20.0
2024-11-06,SC2412.INE,539.8,542.8,527.0,532.7,537.5,536.0,535.7,-3.0,1.8,112098,6025827.79,21368,172.0,23,0.7310755023380485,0.5182759707972544,19,SC2501.INE,531.4,534.9,15564,-1.3000000000000682,SC2412.INE,532.7,537.5,23,0.0,SC2709.INE,495.3,495.3,1028,-37.400000000000034,-0.025498563125801472,-0.026437903114425832,5885000.0,-566000.0,20.0
2024-11-07,SC2412.INE,530.4,547.1,526.3,542.7,538.5,532.7,537.5,5.2,1.0,157516,8482273.63,22531,1163.0,22,0.7418207848844055,0.5157841723324863,19,SC2501.INE,539.8,535.0,16348,-2.900000000000091,SC2412.INE,542.7,538.5,22,0.0,SC2709.INE,500.0,500.0,1027,-42.700000000000045,-0.0285755669780818,-0.029762420563399138,7547000.0,1662000.0,20.0
2024-11-08,SC2412.INE,535.9,543.0,533.5,538.1,538.1,542.7,538.5,-0.4,-0.4,135286,7279997.07,20480,-2051.0,21,0.7520693776579481,0.49416079529002993,19,SC2501.INE,535.9,535.8,16098,-2.2000000000000455,SC2412.INE,538.1,538.1,21,0.0,SC2709.INE,500.0,500.0,1026,-38.10000000000002,-0.025715133679308375,-0.0266709015887677,7547000.0,0.0,20.0
2024-11-11,SC2412.INE,533.9,538.7,528.5,533.3,532.9,538.1,538.1,-4.8,-5.2,117888,6282776.07,19944,-536.0,18,0.7310974399682477,0.46814703535045304,19,SC2501.INE,531.4,531.2,17589,-1.8999999999999773,SC2412.INE,533.3,532.9,18,0.0,SC2709.INE,496.0,496.0,1023,-37.299999999999955,-0.025401774178050292,-0.026333820568949836,7547000.0,0.0,20.0
2024-11-12,SC2412.INE,522.2,525.0,519.4,521.5,521.9,533.3,532.9,-11.4,-11.0,92389,4822541.31,21020,1076.0,17,0.6829111444558605,0.4612683783190696,19,SC2501.INE,519.7,520.5,18855,-1.7999999999999545,SC2412.INE,521.5,521.9,17,0.0,SC2709.INE,490.5,490.5,1022,-31.0,-0.021589082392448118,-0.022257371476541714,7547000.0,0.0,20.0
2024-11-13,SC2501.INE,523.0,525.9,519.6,522.1,522.7,519.7,520.5,1.6,2.2,42214,2206735.83,19172,317.0,48,0.296039159583719,0.4409485038754341,19,SC2412.INE,525.2,525.8,18299,3.1000000000000227,SC2412.INE,525.2,525.8,16,-3.1000000000000227,SC2709.INE,490.5,490.5,1021,-34.700000000000045,-0.023995597033871045,-0.02482503497460354,7547000.0,0.0,20.0
2024-11-14,SC2501.INE,522.6,523.9,513.2,519.9,519.2,522.1,522.7,-2.8,-3.5,61184,3176683.42,20964,1792.0,47,0.35207531318153307,0.48131141518964093,19,SC2412.INE,523.5,522.5,15940,3.6000000000000227,SC2412.INE,523.5,522.5,15,-3.6000000000000227,SC2709.INE,490.5,490.5,1020,-33.0,-0.022894125361730026,-0.023647551469043206,7547000.0,0.0,20.0
2024-11-15,SC2501.INE,525.1,529.4,516.4,516.6,524.4,519.9,519.2,-2.6,5.2,62195,3262010.89,23026,2062.0,46,0.4193241730828872,0.5113707026738918,19,SC2412.INE,520.3,528.2,14480,3.699999999999932,SC2412.INE,520.3,528.2,14,-3.699999999999932,SC2709.INE,491.6,491.6,1019,-28.699999999999932,-0.02003340973395558,-0.020607133901092478,7547000.0,0.0,20.0
2024-11-18,SC2501.INE,521.8,523.3,511.5,514.5,517.6,516.6,524.4,-9.9,-6.8,92517,4789594.14,26525,3499.0,43,0.554565180904884,0.5564996643168849,19,SC2412.INE,518.6,521.4,11954,4.100000000000023,SC2412.INE,518.6,521.4,11,-4.100000000000023,SC2709.INE,486.5,492.3,1016,-32.10000000000002,-0.02248015610340124,-0.023205999591695576,7547000.0,0.0,20.0
2024-11-19,SC2501.INE,515.1,529.8,513.4,528.6,523.1,514.5,517.6,11.0,5.5,129119,6754472.45,28995,2470.0,42,0.7880221175206894,0.627339405872044,20,SC2502.INE,527.2,521.8,7519,-1.3999999999999773,SC2412.INE,531.4,525.9,10,-2.7999999999999545,SC2709.INE,495.0,495.0,1015,-36.39999999999998,-0.024877494349854028,-0.02577055107095853,7547000.0,0.0,20.0
2024-11-20,SC2501.INE,526.3,531.3,523.6,528.6,527.7,528.6,523.1,5.5,4.6,133528,7047517.93,27401,-1594.0,41,0.890317246529491,0.6334466097972582,20,SC2502.INE,527.0,526.4,7543,-1.6000000000000227,SC2412.INE,532.5,531.7,9,-3.8999999999999773,SC2709.INE,502.0,502.0,1014,-30.5,-0.020802092822273594,-0.02142160590102049,7547000.0,0.0,20.0
2024-11-21,SC2501.INE,532.0,533.5,526.7,528.6,530.1,528.6,527.7,0.9,2.4,115604,6128774.78,25377,-2024.0,40,0.8914077741022616,0.6066843577422363,20,SC2502.INE,526.7,528.1,8473,-1.8999999999999773,SC2412.INE,536.8,535.5,8,-8.199999999999932,SC2709.INE,502.0,502.0,1013,-34.799999999999955,-0.023544720510710205,-0.024342582166662793,7547000.0,0.0,20.0
2024-11-22,SC2501.INE,534.6,540.9,532.3,538.0,535.6,528.6,530.1,7.9,5.5,133254,7137763.03,26586,1209.0,39,0.8989920796621376,0.6218074656188605,20,SC2502.INE,535.1,533.3,8276,-2.8999999999999773,SC2412.INE,540.0,544.1,7,-2.0,SC2709.INE,502.6,502.6,1012,-37.39999999999998,-0.025153860327989677,-0.026067360968977424,7547000.0,0.0,20.0
2024-11-25,SC2501.INE,535.6,546.0,531.8,539.1,538.9,538.0,535.6,3.5,3.3,130868,7053270.38,25283,-1303.0,36,0.8949769191314755,0.6151581508515815,20,SC2502.INE,536.4,536.0,8105,-2.7000000000000455,SC2412.INE,540.5,543.5,4,-1.3999999999999773,SC2709.INE,510.0,505.5,1009,-30.5,-0.020494198756449037,-0.021095151887288974,7547000.0,0.0,20.0
2024-11-26,SC2501.INE,541.3,541.8,525.7,528.9,532.2,539.1,538.9,-10.0,-6.7,147926,7873650.3,22256,-3027.0,35,0.8639225351290107,0.5815065450840018,20,SC2502.INE,526.6,529.0,8401,-2.2999999999999545,SC2412.INE,530.2,530.1,3,-1.3000000000000682,SC2709.INE,504.7,504.7,1008,-25.500000000000057,-0.01746735954328701,-0.01790137978674492,10493000.0,2946000.0,20.0
2024-11-27,SC2501.INE,530.1,537.4,524.1,530.0,530.8,528.9,532.2,-2.2,-1.4,142804,7580849.27,20671,-1585.0,34,0.866623781723732,0.5311560500552458,20,SC2502.INE,527.0,527.4,10219,-3.0,SC2412.INE,529.0,533.8,2,1.0,SC2709.INE,498.3,498.3,1007,-30.69999999999999,-0.02107703448729884,-0.021713369351635092,10493000.0,0.0,20.0
2024-11-28,SC2501.INE,532.6,532.6,523.8,526.7,528.0,530.0,530.8,-4.1,-2.8,118816,6273540.36,19005,-1666.0,33,0.8772333953515844,0.5184690091663029,20,SC2502.INE,523.4,524.6,9790,-3.300000000000068,SC2412.INE,532.8,529.2,1,-6.099999999999909,SC2709.INE,499.2,499.2,1006,-33.599999999999966,-0.022903500515440784,-0.023657557504876518,12475000.0,1982000.0,20.0
2024-11-29,SC2501.INE,529.6,531.2,525.9,530.4,528.6,526.7,528.0,2.4,0.6,90219,4769285.6,17522,-1483.0,32,0.8488084373735758,0.4803048162056961,20,SC2502.INE,527.2,525.5,11069,-3.199999999999932,SC2501.INE,530.4,528.6,32,0.0,SC2709.INE,505.0,504.7,1005,-25.399999999999977,-0.017964296952870776,-0.01840868294208314,12475000.0,0.0,20.0
2024-12-02,SC2501.INE,531.8,534.6,523.6,530.9,530.1,530.4,528.6,2.3,1.5,123475,6546202.85,17493,-29.0,29,0.841844387476819,0.5277559886562481,19,SC2502.INE,527.2,526.4,12273,-3.699999999999932,SC2501.INE,530.9,530.1,29,0.0,SC2709.INE,504.7,504.7,1002,-26.19999999999999,-0.018512649988181543,-0.018985059073837927,12475000.0,0.0,20.0
2024-12-03,SC2501.INE,532.9,534.0,526.1,531.0,530.2,530.9,530.1,0.9,0.1,107890,5720888.66,17758,265.0,28,0.8188497093155633,0.5297258598574113,20,SC2502.INE,527.3,526.6,12267,-3.7000000000000455,SC2501.INE,531.0,530.2,28,0.0,SC2712.INE,505.5,505.7,1092,-25.5,-0.01647391784546109,-0.016882616273698893,12475000.0,0.0,20.0
2024-12-04,SC2501.INE,536.6,541.3,533.0,540.5,537.3,531.0,530.2,10.3,7.1,101181,5437278.78,20620,2862.0,27,0.7923460038528403,0.5485209619067887,20,SC2502.INE,537.4,534.2,13255,-3.1000000000000227,SC2501.INE,540.5,537.3,27,0.0,SC2712.INE,513.3,513.3,1091,-27.200000000000045,-0.01726332482454985,-0.017712848817901354,12475000.0,0.0,20.0
2024-12-05,SC2501.INE,539.1,542.3,528.5,529.5,536.4,540.5,537.3,-7.8,-0.9,107830,5784491.49,18110,-2510.0,26,0.7823405644634694,0.5022742400710006,20,SC2502.INE,526.0,532.0,13719,-3.5,SC2501.INE,529.5,536.4,26,0.0,SC2712.INE,508.6,508.6,1090,-20.899999999999977,-0.013540401996492637,-0.013814876785250261,12475000.0,0.0,20.0
2024-12-06,SC2501.INE,530.3,532.5,524.8,526.0,529.1,529.5,536.4,-10.4,-7.3,90193,4772568.97,18034,-76.0,25,0.7643928029628876,0.48167735042735044,20,SC2502.INE,523.1,524.8,14890,-2.8999999999999773,SC2501.INE,526.0,529.1,25,0.0,SC2712.INE,508.6,508.6,1089,-17.399999999999977,-0.011347880156665406,-0.011539817959245344,12475000.0,0.0,20.0
2024-12-09,SC2501.INE,522.0,526.5,518.6,526.5,521.3,526.0,529.1,-2.6,-7.8,90737,4730337.03,18606,572.0,22,0.7479639277235558,0.4738812622570868,20,SC2502.INE,522.6,519.1,15984,-3.8999999999999773,SC2501.INE,526.5,521.3,22,0.0,SC2712.INE,508.6,508.6,1086,-17.899999999999977,-0.011662882276917344,-0.011865751582607114,12475000.0,0.0,20.0
2024-12-10,SC2502.INE,526.0,528.9,521.8,523.8,525.7,522.6,519.1,4.7,6.6,28021,1473316.77,17171,1187.0,48,0.2559275902381996,0.44974986248985044,20,SC2501.INE,526.7,529.5,16284,2.900000000000091,SC2501.INE,526.7,529.5,21,-2.900000000000091,SC2712.INE,506.0,506.0,1085,-20.700000000000045,-0.013482122336408739,-0.013754207592749574,12475000.0,0.0,20.0
2024-12-11,SC2502.INE,524.9,531.0,523.7,530.6,527.2,523.8,525.7,4.9,1.5,28412,1498116.54,17957,786.0,47,0.2859558364701383,0.4446232698640652,20,SC2501.INE,532.9,529.9,17360,2.2999999999999545,SC2501.INE,532.9,529.9,20,-2.2999999999999545,SC2712.INE,506.0,506.0,1084,-26.899999999999977,-0.017316407456998664,-0.017768748877419107,12475000.0,0.0,20.0
2024-12-12,SC2502.INE,532.6,540.6,529.9,538.9,534.9,530.6,527.2,11.7,7.7,41320,2210424.49,20653,2696.0,46,0.3241928523792711,0.46309251535943313,20,SC2501.INE,543.0,537.3,18343,4.100000000000023,SC2501.INE,543.0,537.3,19,-4.100000000000023,SC2712.INE,508.0,508.0,1083,-35.0,-0.02211156343898418,-0.022856365986598237,12475000.0,0.0,20.0
2024-12-13,SC2502.INE,538.4,541.8,532.3,541.7,537.0,538.9,534.9,6.8,2.1,53253,2859726.73,24609,3956.0,45,0.3460211434623557,0.4828702613609607,20,SC2501.INE,546.0,541.8,20276,4.2999999999999545,SC2501.INE,546.0,541.8,18,-4.2999999999999545,SC2712.INE,508.0,508.0,1082,-38.0,-0.023874934589220295,-0.024746426485662065,12475000.0,0.0,20.0
2024-12-16,SC2502.INE,542.4,548.8,540.8,546.9,544.8,541.7,537.0,9.9,7.8,53856,2934091.5,28214,3605.0,42,0.436852095196379,0.5189449676280165,20,SC2501.INE,549.6,548.0,19173,2.7000000000000455,SC2501.INE,549.6,548.0,15,-2.7000000000000455,SC2712.INE,517.6,517.9,1079,-32.0,-0.019973514572457326,-0.02057858944391803,11445000.0,-1030000.0,20.0
2024-12-17,SC2502.INE,545.9,548.4,544.3,547.6,546.2,546.9,544.8,2.8,1.4,57846,3160114.91,29985,1771.0,41,0.5923445564020644,0.5634901245936144,20,SC2501.INE,549.7,548.5,15997,2.1000000000000227,SC2501.INE,549.7,548.5,14,-2.1000000000000227,SC2712.INE,517.9,517.9,1078,-31.800000000000068,-0.019845069285912644,-0.02044223028610966,11445000.0,0.0,20.0
2024-12-18,SC2502.INE,541.3,543.4,537.2,540.8,540.4,547.6,546.2,-5.4,-5.8,91873,4964940.71,29925,-60.0,40,0.7834247171082365,0.6140098898167716,20,SC2501.INE,545.0,543.6,11343,4.2000000000000455,SC2501.INE,545.0,543.6,13,-4.2000000000000455,SC2712.INE,510.1,510.1,1077,-34.89999999999998,-0.021967476029523317,-0.022702385858122683,11445000.0,0.0,20.0
2024-12-19,SC2502.INE,544.9,549.0,540.1,543.4,544.7,540.8,540.4,3.0,4.3,95719,5214305.21,31079,1154.0,39,0.8383240350677446,0.6604403077053849,20,SC2501.INE,549.3,548.0,8006,5.899999999999977,SC2501.INE,549.3,548.0,12,-5.899999999999977,SC2712.INE,517.8,517.8,1076,-31.5,-0.019672166489407585,-0.020258760015380815,11445000.0,0.0,20.0
2024-12-20,SC2502.INE,543.4,546.9,536.2,537.6,541.5,543.4,544.7,-7.1,-3.2,107963,5846417.44,30990,-89.0,38,0.8856976438931549,0.6636400625307836,20,SC2503.INE,534.2,537.6,7369,-3.3999999999999773,SC2501.INE,543.7,545.5,11,-6.100000000000023,SC2712.INE,517.8,517.8,1075,-25.90000000000009,-0.016341490566585733,-0.016743536883994204,11445000.0,0.0,20.0
2024-12-23,SC2502.INE,538.4,543.5,533.7,542.3,538.0,537.6,541.5,0.8,-3.5,103426,5564690.63,30971,-19.0,35,0.9084409310496268,0.6539760969635542,20,SC2503.INE,538.6,535.1,7920,-3.699999999999932,SC2501.INE,545.1,541.8,8,-2.800000000000068,SC2712.INE,517.8,517.8,1072,-27.300000000000068,-0.017180575268661503,-0.01762572538982263,9529000.0,-1916000.0,20.0
2024-12-24,SC2502.INE,538.2,542.5,535.5,540.7,538.6,542.3,538.0,2.7,0.6,83612,4503676.52,29181,-1790.0,34,0.8910914303375217,0.6338321857555551,20,SC2503.INE,537.2,535.4,8110,-3.5,SC2501.INE,543.9,542.3,7,-3.199999999999932,SC2712.INE,517.8,517.8,1071,-26.100000000000023,-0.01646162427580258,-0.01686970279670056,9529000.0,0.0,20.0
2024-12-25,SC2502.INE,542.2,549.6,541.2,547.5,545.2,540.7,538.6,8.9,6.6,80975,4414902.7,33439,4258.0,33,0.8990130008548811,0.6562328283224743,20,SC2503.INE,544.1,542.0,9075,-3.3999999999999773,SC2501.INE,551.1,545.0,6,-3.6000000000000227,SC2712.INE,517.8,517.8,1070,-33.30000000000007,-0.02072836555187647,-0.02138104600910684,9529000.0,0.0,20.0
2024-12-26,SC2502.INE,548.8,549.0,545.7,546.8,546.9,547.5,545.2,1.6,1.7,38191,2088820.26,32963,-476.0,32,0.8518692005710207,0.646561531520929,20,SC2503.INE,543.3,543.5,9996,-3.5,SC2501.INE,551.9,551.3,5,-5.100000000000023,SC2712.INE,517.8,517.8,1069,-34.10000000000002,-0.02119557591205774,-0.021878663667036374,9529000.0,0.0,20.0
2024-12-27,SC2502.INE,548.7,551.6,543.3,544.9,548.1,546.8,546.9,-2.0,1.2,99660,5462710.8,30169,-2794.0,31,0.7820764341206937,0.6285863110740703,20,SC2503.INE,540.2,543.4,11425,-4.699999999999932,SC2501.INE,545.0,548.3,4,-0.10000000000002274,SC2712.INE,517.8,517.8,1068,-27.200000000000045,-0.017120783610402198,-0.017562787106409343,9223000.0,-306000.0,20.0
2024-12-30,SC2502.INE,549.2,552.4,547.3,549.8,549.4,544.9,548.1,1.7,1.3,95854,5266245.15,30252,83.0,28,0.8100566213132764,0.6141166439982948,20,SC2503.INE,546.6,545.8,12145,-3.199999999999932,SC2501.INE,545.8,548.3,1,4.0,SC2712.INE,517.8,517.8,1065,-28.0,-0.01759850340398449,-0.018065970347022838,9223000.0,0.0,20.0
2024-12-31,SC2502.INE,551.2,562.1,550.6,559.9,555.1,549.8,549.4,10.5,5.7,107322,5958286.79,31421,1169.0,27,0.7781580359343958,0.5924354695778419,20,SC2503.INE,556.4,551.2,13809,-3.5,SC2502.INE,559.9,555.1,27,0.0,SC2712.INE,525.7,527.2,1064,-34.19999999999993,-0.02149956864800383,-0.022184217274105578,9223000.0,0.0,20.0
2025-01-02,SC2502.INE,563.0,566.7,559.4,560.7,562.5,559.9,555.1,5.6,7.4,32064,1803716.95,29570,-1851.0,25,0.6887337557727419,0.6030386458651983,19,SC2503.INE,558.0,559.5,14227,-2.7000000000000455,SC2502.INE,560.7,562.5,25,0.0,SC2712.INE,527.4,527.4,1062,-33.30000000000007,-0.02090392244575123,-0.021550391670020097,9223000.0,0.0,20.0
2025-01-03,SC2502.INE,566.5,574.3,565.3,572.1,570.6,560.7,562.5,9.6,8.1,96634,5514459.08,32271,2701.0,24,0.7629522019927679,0.5865748145993893,19,SC2503.INE,568.2,567.2,16661,-3.8999999999999773,SC2502.INE,572.1,570.6,24,0.0,SC2712.INE,530.5,532.4,1061,-41.60000000000002,-0.02559384237503578,-0.026572085607967734,7223000.0,-2000000.0,20.0
2025-01-06,SC2502.INE,572.5,582.4,570.8,577.0,576.8,572.1,570.6,6.4,6.2,89295,5150677.1,29899,-2372.0,21,0.7408098758057692,0.5574531555887015,19,SC2503.INE,571.7,572.3,17187,-5.2999999999999545,SC2502.INE,577.0,576.8,21,0.0,SC2712.INE,537.5,537.5,1058,-39.5,-0.024095469366540254,-0.024959913090446297,7223000.0,0.0,20.0
2025-01-07,SC2502.INE,581.1,585.0,575.5,580.7,580.0,577.0,576.8,3.9,3.2,112057,6499585.73,30119,220.0,20,0.7278319043907509,0.5346030280977653,19,SC2503.INE,572.0,572.8,19316,-8.700000000000045,SC2502.INE,580.7,580.0,20,0.0,SC2712.INE,535.5,535.5,1057,-45.200000000000045,-0.027396855356460567,-0.02852187522557697,7223000.0,0.0,20.0
2025-01-08,SC2502.INE,584.4,594.8,583.0,589.1,587.3,580.7,580.0,9.1,7.3,107786,6330385.89,31122,1003.0,19,0.6919827431242136,0.5046783530899833,19,SC2503.INE,577.5,575.4,22767,-11.600000000000023,SC2502.INE,589.1,587.3,19,0.0,SC2712.INE,531.9,532.9,1056,-57.200000000000045,-0.03417599080171821,-0.03595107336014462,7223000.0,0.0,20.0
2025-01-09,SC2502.INE,589.5,590.6,576.1,580.5,584.3,589.1,587.3,-6.8,-3.0,105140,6144171.52,27717,-3405.0,18,0.6852681044652575,0.46921501244265373,19,SC2503.INE,570.2,571.5,23354,-10.299999999999955,SC2502.INE,580.5,584.3,18,0.0,SC2712.INE,524.9,524.9,1055,-55.60000000000002,-0.03371216746113028,-0.03543774542052811,7223000.0,0.0,20.0
2025-01-10,SC2503.INE,572.2,578.4,570.6,577.6,574.7,570.2,571.5,6.1,3.2,35828,2059115.22,25577,2223.0,49,0.3218642758323302,0.4353161433069526,19,SC2502.INE,588.3,585.4,25079,10.699999999999932,SC2502.INE,588.3,585.4,17,-10.699999999999932,SC2712.INE,526.8,530.0,1054,-61.5,-0.03679513286325391,-0.03886389487026883,7223000.0,0.0,20.0
2025-01-13,SC2503.INE,591.0,614.9,590.4,614.9,601.0,577.6,574.7,40.2,26.3,109638,6590168.66,29569,3992.0,46,0.443855181711084,0.473134280593958,19,SC2502.INE,626.3,607.6,21472,11.399999999999977,SC2502.INE,626.3,607.6,14,-11.399999999999977,SC2712.INE,532.5,535.3,1051,-93.79999999999995,-0.05271503931417634,-0.05710704538181506,8223000.0,1000000.0,20.0
2025-01-14,SC2503.INE,616.0,616.3,605.5,609.2,610.0,614.9,601.0,8.2,9.0,93263,5689669.83,31339,1770.0,45,0.5137013841840585,0.5510153846153846,19,SC2502.INE,619.4,620.3,13578,10.199999999999932,SC2502.INE,619.4,620.3,13,-10.199999999999932,SC2712.INE,535.3,535.3,1050,-84.10000000000002,-0.047790206031967375,-0.05136184619191409,8223000.0,0.0,20.0
2025-01-15,SC2503.INE,610.9,628.1,608.8,626.7,620.6,609.2,610.0,16.7,10.6,172493,10705063.57,39124,7785.0,44,0.7450490024576817,0.6091708836123005,20,SC2504.INE,612.1,609.1,11838,-14.600000000000023,SC2502.INE,637.5,629.1,12,-10.799999999999955,SC2712.INE,535.3,535.3,1049,-102.20000000000005,-0.05642672112239306,-0.06149983892587723,7303000.0,-920000.0,20.0
2025-01-16,SC2503.INE,626.5,639.5,624.4,633.9,632.5,626.7,620.6,13.3,11.9,194801,12321606.41,37642,-1482.0,43,0.8589525947025649,0.6020985956044659,20,SC2504.INE,621.5,619.3,12247,-12.399999999999977,SC2502.INE,647.6,643.7,11,-13.700000000000045,SC2712.INE,537.6,537.6,1048,-110.0,-0.059786062684979414,-0.06552345988139556,7303000.0,0.0,20.0
2025-01-17,SC2503.INE,628.0,634.6,623.5,631.8,628.7,633.9,632.5,-0.7,-3.8,180274,11335512.76,37704,62.0,42,0.9035611357542039,0.6000477440916686,20,SC2504.INE,619.5,617.8,12792,-12.299999999999955,SC2502.INE,644.0,642.7,10,-12.200000000000045,SC2712.INE,537.6,537.6,1047,-106.39999999999998,-0.05815269800008383,-0.0635613664096683,7303000.0,0.0,20.0
2025-01-20,SC2503.INE,628.5,630.2,619.7,622.0,625.3,631.8,628.7,-6.7,-3.4,168015,10506443.78,35852,-1852.0,39,0.8874609789722218,0.5709735471644025,20,SC2504.INE,608.1,612.7,13510,-13.899999999999977,SC2502.INE,645.9,640.6,7,-23.899999999999977,SC2712.INE,537.6,537.6,1044,-108.29999999999995,-0.059017020497066044,-0.06459827858993523,7303000.0,0.0,20.0
2025-01-21,SC2503.INE,625.0,627.4,614.5,620.7,619.1,622.0,625.3,-4.6,-6.2,175373,10858203.41,36683,831.0,38,0.8644599990141469,0.5773213723638653,20,SC2504.INE,606.2,604.4,13928,-14.5,SC2502.INE,671.9,662.3,6,-51.19999999999993,SC2712.INE,538.9,536.0,1043,-133.0,-0.06967245407064669,-0.07763887721323863,8298000.0,995000.0,20.0
2025-01-22,SC2503.INE,614.7,622.0,612.3,618.3,616.8,620.7,619.1,-0.8,-2.3,136363,8411789.56,37232,549.0,37,0.8470067207473571,0.5649772382397572,20,SC2504.INE,604.9,603.4,15022,-13.399999999999977,SC2502.INE,681.0,678.7,5,-62.700000000000045,SC2712.INE,535.1,533.9,1042,-145.89999999999998,-0.07540884484074557,-0.08486466847036886,8798000.0,500000.0,20.0
2025-01-23,SC2503.INE,620.5,622.9,607.1,609.0,617.0,618.3,616.8,-7.8,0.2,151903,9373768.86,33362,-3870.0,36,0.8359730996984173,0.5394802800730907,20,SC2504.INE,597.2,602.4,14162,-11.799999999999955,SC2502.INE,638.9,693.7,4,-29.899999999999977,SC2712.INE,533.9,533.9,1041,-105.0,-0.05784562515763217,-0.06319371081705626,8798000.0,0.0,20.0
2025-01-24,SC2503.INE,613.9,617.4,602.9,605.5,610.5,609.0,617.0,-11.5,-6.5,141388,8632792.58,28938,-4424.0,35,0.8163043792038336,0.4889827644474485,20,SC2504.INE,593.5,597.0,14083,-12.0,SC2502.INE,645.2,645.2,3,-39.700000000000045,SC2712.INE,527.5,531.4,1040,-117.70000000000005,-0.06420904523934928,-0.07089217987348483,7154000.0,-1644000.0,20.0
2025-01-27,SC2503.INE,608.5,609.7,596.5,602.4,602.7,605.5,610.5,-8.1,-7.8,115726,6975394.24,22182,-6756.0,32,0.8278975268809512,0.39911475763791426,20,SC2504.INE,591.4,591.5,16585,-11.0,SC2503.INE,602.4,602.7,32,0.0,SC2712.INE,521.6,522.9,1037,-80.79999999999995,-0.048713933651794106,-0.05230601297883859,7154000.0,0.0,20.0
2025-02-05,SC2503.INE,597.9,606.6,592.6,605.5,600.8,602.4,602.7,2.8,-1.9,49873,2996509.37,25584,3402.0,23,0.7289029844202157,0.4641762069778834,19,SC2504.INE,590.5,589.5,17270,-15.0,SC2503.INE,605.5,600.8,23,0.0,SC2712.INE,514.3,511.9,1028,-91.20000000000005,-0.054702540148144525,-0.059289005698985986,7154000.0,0.0,20.0
2025-02-06,SC2503.INE,599.5,601.5,594.5,599.1,598.2,605.5,600.8,-1.7,-2.6,90020,5385018.64,24594,-990.0,22,0.7177369201575481,0.44177399364121356,19,SC2504.INE,582.8,582.8,18067,-16.300000000000068,SC2503.INE,599.1,598.2,22,0.0,SC2712.INE,513.6,516.4,1027,-85.5,-0.05183147856112528,-0.05592445621955886,7154000.0,0.0,20.0
2025-02-07,SC2503.INE,599.5,604.0,593.7,603.8,599.6,599.1,598.2,5.6,1.4,117962,7073286.65,25266,672.0,21,0.743301827347196,0.42965734206274975,19,SC2504.INE,582.8,582.5,20045,-21.0,SC2503.INE,603.8,599.6,21,0.0,SC2712.INE,515.4,515.4,1026,-88.39999999999998,-0.05317236276385545,-0.057491937766052645,6203000.0,-951000.0,20.0
2025-02-10,SC2503.INE,603.5,614.2,599.8,607.0,605.5,603.8,599.6,7.4,5.9,112036,6783879.64,24498,-768.0,18,0.7375399098120536,0.4085587538774557,19,SC2504.INE,585.7,583.8,21839,-21.299999999999955,SC2503.INE,607.0,605.5,18,0.0,SC2712.INE,515.0,517.2,1023,-92.0,-0.05504602194956026,-0.05969362188502802,6203000.0,0.0,20.0
2025-02-11,SC2503.INE,609.7,621.4,608.9,619.8,616.0,607.0,605.5,14.3,10.5,83585,5148989.6,26042,1544.0,17,0.695417408522888,0.4030271140274855,19,SC2504.INE,590.6,588.1,24059,-29.199999999999932,SC2503.INE,619.8,616.0,17,0.0,SC2712.INE,519.0,519.0,1022,-100.79999999999995,-0.059065755443498846,-0.06446261810799213,6203000.0,0.0,20.0
2025-02-12,SC2504.INE,594.4,595.9,590.7,591.6,592.9,590.6,588.1,3.5,4.8,28050,1663180.18,25595,1536.0,47,0.2600665696245955,0.3886096898106676,19,SC2503.INE,620.8,620.9,24731,29.199999999999932,SC2503.INE,620.8,620.9,16,-29.199999999999932,SC2712.INE,519.0,519.0,1021,-101.79999999999995,-0.059555636764630444,-0.0650481157031233,5604000.0,-599000.0,20.0
2025-02-13,SC2504.INE,588.0,589.2,564.2,565.2,576.2,591.6,592.9,-27.7,-16.7,61818,3562018.04,24898,-697.0,46,0.34529601349502037,0.39995502152541285,19,SC2503.INE,593.0,607.2,19953,27.799999999999955,SC2503.INE,593.0,607.2,15,-27.799999999999955,SC2712.INE,510.4,510.4,1020,-82.60000000000002,-0.05058854127339694,-0.054477490988067714,3654000.0,-1950000.0,20.0
2025-02-14,SC2504.INE,563.5,569.3,563.2,567.5,566.4,565.2,576.2,-8.7,-9.8,37396,2118480.85,26176,1278.0,45,0.3658348088944542,0.41830733827665556,20,SC2503.INE,595.7,593.5,18080,28.200000000000045,SC2503.INE,595.7,593.5,14,-28.200000000000045,SC2712.INE,510.1,510.7,1019,-85.60000000000002,-0.05218827801566282,-0.05634089143542559,3654000.0,0.0,20.0
2025-02-17,SC2504.INE,570.1,571.0,557.3,557.9,563.0,567.5,566.4,-8.5,-3.4,63192,3557759.15,30150,3974.0,42,0.41561379854648295,0.46869170501181445,20,SC2505.INE,553.3,556.4,16120,-4.600000000000023,SC2503.INE,599.9,602.6,11,-42.0,SC2712.INE,512.5,513.5,1016,-87.39999999999998,-0.052912633034195564,-0.05718778729449422,3654000.0,0.0,20.0
2025-02-18,SC2504.INE,557.0,563.5,556.1,561.8,560.0,557.9,563.0,-1.2,-3.0,61882,3465556.61,31442,1292.0,41,0.6443625307176476,0.4908134434367244,20,SC2505.INE,557.1,555.3,17211,-4.699999999999932,SC2503.INE,609.0,605.5,10,-47.200000000000045,SC2712.INE,512.4,512.4,1015,-96.60000000000002,-0.05760850917824669,-0.06272650214514527,3654000.0,0.0,20.0
2025-02-19,SC2504.INE,559.9,566.0,558.3,565.4,562.3,561.8,560.0,5.4,2.3,98503,5539024.67,32519,1077.0,40,0.8484031557913595,0.49881887348140874,20,SC2505.INE,561.1,557.6,18295,-4.2999999999999545,SC2503.INE,616.7,612.1,9,-51.30000000000007,SC2712.INE,514.7,514.7,1014,-102.0,-0.060069362930765355,-0.06566312785934277,3654000.0,0.0,20.0
2025-02-20,SC2504.INE,566.4,571.6,561.9,564.0,567.4,565.4,562.3,1.7,5.1,92646,5256808.47,34102,1583.0,39,0.8336122658316687,0.5076968884918862,20,SC2505.INE,559.8,562.2,18929,-4.2000000000000455,SC2503.INE,634.3,633.6,8,-70.29999999999995,SC2712.INE,517.7,516.3,1013,-116.59999999999991,-0.06676220034934889,-0.07377216739022724,3654000.0,0.0,20.0
2025-02-21,SC2504.INE,566.8,568.4,559.8,562.0,564.8,564.0,567.4,-5.4,-2.6,83665,4725695.33,33089,-1013.0,38,0.8221957978733859,0.4965857758167875,20,SC2505.INE,557.9,560.4,19545,-4.100000000000023,SC2503.INE,629.2,631.8,7,-67.20000000000005,SC2712.INE,512.9,512.9,1012,-116.30000000000007,-0.06713017873126424,-0.07422330450542142,5650000.0,1996000.0,20.0
2025-02-24,SC2504.INE,559.6,561.5,543.3,545.9,552.5,562.0,564.8,-18.9,-12.3,113085,6248296.7,35616,2527.0,35,0.8140648170810717,0.5129697109360373,20,SC2505.INE,543.4,547.9,19569,-2.5,SC2503.INE,588.1,605.4,4,-42.200000000000045,SC2712.INE,504.0,507.0,1009,-84.10000000000002,-0.05193637322653863,-0.05604683352140072,5650000.0,0.0,20.0
2025-02-25,SC2504.INE,546.0,552.6,544.6,551.7,548.4,545.9,552.5,-0.8,-4.1,83153,4560114.61,32455,-3161.0,34,0.7987186383371114,0.5,20,SC2505.INE,548.7,546.0,18418,-3.0,SC2503.INE,563.1,591.2,3,-11.399999999999977,SC2712.INE,510.2,510.2,1008,-52.900000000000034,-0.03411905134247076,-0.03582971710626326,10010000.0,4360000.0,20.0
2025-02-26,SC2504.INE,545.0,547.4,535.3,539.1,540.5,551.7,548.4,-9.3,-7.9,113105,6113567.71,31794,-661.0,33,0.7882540700267618,0.5005037466154524,20,SC2505.INE,535.2,537.1,17453,-3.8999999999999773,SC2503.INE,549.8,550.0,2,-10.699999999999932,SC2712.INE,493.0,499.4,1007,-56.799999999999955,-0.037520654276815245,-0.03960355384705089,10010000.0,0.0,20.0
2025-02-27,SC2504.INE,536.9,539.6,533.6,537.2,536.6,539.1,540.5,-3.3,-3.9,105024,5636146.57,30463,-1331.0,32,0.800091418123643,0.47436855710237,20,SC2505.INE,534.1,532.7,17645,-3.1000000000000227,SC2503.INE,533.0,528.6,1,4.2000000000000455,SC2712.INE,494.3,494.3,1006,-38.69999999999999,-0.026370026042395904,-0.027376381498825663,10010000.0,0.0,20.0
2025-02-28,SC2504.INE,540.8,546.9,538.6,540.0,542.5,537.2,536.6,3.4,5.9,100897,5473833.86,26931,-3532.0,31,0.8028853805264665,0.4369078520441272,20,SC2505.INE,536.4,538.7,18639,-3.6000000000000227,SC2504.INE,540.0,542.5,31,0.0,SC2712.INE,493.5,494.1,1005,-46.5,-0.03226956422541639,-0.033744242761751635,10772000.0,762000.0,20.0
2025-03-03,SC2504.INE,537.4,545.1,535.2,538.6,539.2,540.0,542.5,-3.9,-3.3,98027,5286126.89,27445,514.0,28,0.7900178913944005,0.48372314362761515,19,SC2505.INE,535.0,536.3,18780,-3.6000000000000227,SC2504.INE,538.6,539.2,28,0.0,SC2712.INE,493.9,493.9,1002,-44.700000000000045,-0.031101052161242464,-0.032467804089615616,10772000.0,0.0,20.0
2025-03-04,SC2504.INE,540.4,541.0,519.3,521.3,531.5,538.6,539.2,-17.9,-7.7,122631,6518001.36,28163,718.0,27,0.7508955196463233,0.48687850079524236,20,SC2505.INE,518.5,526.4,19524,-2.7999999999999545,SC2504.INE,521.3,531.5,27,0.0,SC2803.INE,485.9,490.8,1092,-35.39999999999998,-0.023273344266635663,-0.02410125857483948,10772000.0,0.0,20.0
2025-03-05,SC2504.INE,514.5,519.4,512.8,518.5,516.4,521.3,531.5,-13.0,-15.1,121189,6258592.0,27201,-962.0,26,0.751755496005161,0.46988201558154397,20,SC2505.INE,514.7,513.5,20744,-3.7999999999999545,SC2504.INE,518.5,516.4,26,0.0,SC2803.INE,478.0,478.0,1091,-40.5,-0.026770070762084576,-0.027873420413160585,10772000.0,0.0,20.0
2025-03-06,SC2504.INE,513.0,515.0,502.3,509.6,508.7,518.5,516.4,-6.8,-7.7,141239,7185475.02,27677,476.0,25,0.7008857901396919,0.4623544544862264,20,SC2505.INE,506.9,505.3,22073,-2.7000000000000455,SC2504.INE,509.6,508.7,25,0.0,SC2803.INE,475.0,475.9,1090,-34.60000000000002,-0.023269654557380927,-0.024097300076534305,10772000.0,0.0,20.0
2025-03-07,SC2504.INE,509.9,512.9,507.6,512.5,510.3,509.6,508.7,3.8,1.6,109623,5594479.74,25907,-1770.0,24,0.7100809037381544,0.4522554290901473,20,SC2505.INE,509.5,507.5,21146,-3.0,SC2504.INE,512.5,510.3,24,0.0,SC2803.INE,476.3,476.0,1089,-36.19999999999999,-0.02420794686820106,-0.02510542081699361,10772000.0,0.0,20.0
2025-03-10,SC2504.INE,519.0,525.5,516.0,520.8,520.2,512.5,510.3,10.5,9.9,126235,6566967.78,23742,-2165.0,21,0.6807506673497452,0.4306001414658034,20,SC2505.INE,517.9,517.1,21383,-2.8999999999999773,SC2504.INE,520.8,520.2,21,0.0,SC2803.INE,483.0,484.1,1086,-37.799999999999955,-0.02487505679236708,-0.025823985533570102,10772000.0,0.0,20.0
2025-03-11,SC2504.INE,524.8,525.4,507.4,516.5,516.0,520.8,520.2,-3.7,-4.2,101097,5216943.92,23617,-125.0,20,0.6531868841867227,0.41613659189822566,20,SC2505.INE,511.8,511.5,23058,-4.699999999999989,SC2504.INE,516.5,516.0,20,0.0,SC2803.INE,478.8,478.8,1085,-37.69999999999999,-0.025015793372691792,-0.025975769887037037,10772000.0,0.0,20.0
2025-03-12,SC2505.INE,514.1,517.1,510.0,511.3,513.3,511.8,511.5,-0.2,1.8,45230,2322029.61,23809,751.0,49,0.311284850069855,0.4258831947053036,20,SC2504.INE,515.1,517.3,22039,3.8000000000000114,SC2504.INE,515.1,517.3,19,-3.8000000000000114,SC2803.INE,478.0,478.0,1084,-37.10000000000002,-0.02468457284833705,-0.02561865567063899,8216000.0,-2556000.0,20.0
2025-03-13,SC2505.INE,516.5,522.7,516.1,519.7,519.6,511.3,513.3,6.4,6.3,43286,2249216.51,23826,17.0,48,0.3143157971172349,0.45086573942662506,20,SC2504.INE,523.0,523.2,19000,3.2999999999999545,SC2504.INE,523.0,523.2,18,-3.2999999999999545,SC2803.INE,476.2,476.2,1083,-46.80000000000001,-0.030668138852233885,-0.03212806427646818,8216000.0,0.0,20.0
2025-03-14,SC2505.INE,518.2,519.2,512.4,519.2,516.2,519.7,519.6,-0.4,-3.4,61503,3174901.24,25192,1366.0,47,0.4143234394578354,0.486341435162841,20,SC2504.INE,521.8,519.4,16413,2.599999999999909,SC2504.INE,521.8,519.4,17,-2.599999999999909,SC2803.INE,477.9,477.6,1082,-43.89999999999998,-0.028833920862597305,-0.030119480280054584,8216000.0,0.0,20.0
2025-03-17,SC2505.INE,518.2,528.5,512.4,523.4,519.5,519.2,516.2,7.2,3.3,73656,3826946.02,27586,2394.0,44,0.5171237204600025,0.5361085199004975,20,SC2504.INE,525.6,521.3,12849,2.2000000000000455,SC2504.INE,525.6,521.3,14,-2.2000000000000455,SC2803.INE,480.0,477.1,1079,-45.60000000000002,-0.029733959311424116,-0.03110360806853468,8216000.0,0.0,20.0
2025-03-18,SC2505.INE,525.0,526.7,520.3,526.2,523.4,523.4,519.5,6.7,3.9,80382,4207865.4,30048,2462.0,43,0.7217303859069442,0.5904383879271384,20,SC2506.INE,522.0,519.7,9278,-4.2000000000000455,SC2504.INE,524.6,524.3,13,1.6000000000000227,SC2803.INE,485.4,485.0,1078,-39.200000000000045,-0.025609496347765114,-0.02661681930629054,8216000.0,0.0,20.0
2025-03-19,SC2505.INE,528.6,528.8,515.0,516.2,521.4,526.2,523.4,-7.2,-2.0,112886,5886418.82,33118,3070.0,42,0.8207801650488966,0.629416348328487,20,SC2506.INE,513.5,517.9,10479,-2.7000000000000455,SC2504.INE,517.1,520.7,12,-0.8999999999999773,SC2803.INE,475.3,475.3,1077,-41.80000000000001,-0.027704160890048603,-0.028888154892495212,8216000.0,0.0,20.0
2025-03-20,SC2505.INE,518.1,527.3,517.8,527.1,522.0,516.2,521.4,5.7,0.6,114895,5998154.78,32608,-510.0,41,0.8784625853460865,0.6281762314820166,20,SC2506.INE,523.4,519.3,10753,-3.7000000000000455,SC2504.INE,525.0,521.2,11,2.1000000000000227,SC2803.INE,477.7,477.7,1076,-47.30000000000001,-0.030877710708696635,-0.03235830976660401,8216000.0,0.0,20.0
2025-03-21,SC2505.INE,524.8,537.4,522.6,534.5,531.3,527.1,522.0,12.5,9.3,143923,7646643.26,33286,678.0,40,0.8610976492619915,0.6513766853877615,20,SC2506.INE,530.4,527.5,11008,-4.100000000000023,SC2504.INE,532.6,528.2,10,1.8999999999999773,SC2803.INE,489.0,484.6,1075,-43.60000000000002,-0.028056182885270065,-0.029271349413436936,7716000.0,-500000.0,20.0
2025-03-24,SC2505.INE,533.2,536.7,530.3,534.4,533.3,534.5,531.3,3.1,2.0,105476,5625239.67,32461,-825.0,37,0.8668310322156476,0.6665776828617191,20,SC2506.INE,531.0,529.3,10736,-3.3999999999999773,SC2504.INE,532.4,531.7,7,2.0,SC2803.INE,484.6,484.6,1072,-47.799999999999955,-0.03077039749138454,-0.03224039109912099,7716000.0,0.0,20.0
2025-03-25,SC2505.INE,535.0,540.1,533.4,538.3,537.3,534.4,533.3,5.0,4.0,104318,5605253.45,31764,-697.0,36,0.8421910951439067,0.6789355562680346,20,SC2506.INE,535.0,534.1,10775,-3.2999999999999545,SC2504.INE,548.1,534.3,6,-9.800000000000068,SC2803.INE,484.6,484.6,1071,-63.5,-0.03970609523466896,-0.04220083515438549,7716000.0,0.0,20.0
2025-03-26,SC2505.INE,541.5,542.7,535.1,541.8,539.4,538.3,537.3,4.5,2.1,104965,5661869.01,32010,246.0,35,0.8468948935380544,0.6661117469566122,20,SC2506.INE,538.9,536.6,11155,-2.8999999999999773,SC2504.INE,545.0,545.9,5,-3.2000000000000455,SC2803.INE,492.6,490.6,1070,-52.39999999999998,-0.0329517164146961,-0.03464528899205104,7716000.0,0.0,20.0
2025-03-27,SC2505.INE,543.8,545.9,540.7,540.7,543.4,541.8,539.4,1.3,4.0,100860,5480993.47,30336,-1674.0,34,0.8361242829193886,0.6353089005235603,20,SC2506.INE,537.0,539.8,12301,-3.7000000000000455,SC2504.INE,537.9,541.5,4,2.800000000000068,SC2803.INE,492.3,492.2,1069,-45.599999999999966,-0.02905404166961238,-0.030359905744591836,7716000.0,0.0,20.0
2025-03-28,SC2505.INE,542.6,545.0,537.5,542.3,541.7,540.7,543.4,-1.1,-1.7,110554,5988968.28,29420,-916.0,33,0.8551185365665004,0.6172243784747719,20,SC2506.INE,539.3,538.5,13073,-3.0,SC2504.INE,539.6,537.8,3,2.699999999999932,SC2803.INE,492.2,492.2,1068,-47.400000000000034,-0.030105764311592315,-0.03151097655162023,6024000.0,-1692000.0,20.0
2025-03-31,SC2505.INE,544.0,544.1,532.6,537.5,537.4,542.3,541.7,-4.2,-4.3,124692,6701837.46,25018,-4402.0,30,0.8396937311864886,0.5682293086217861,20,SC2506.INE,534.0,534.0,13237,-3.5,SC2505.INE,537.5,537.4,30,0.0,SC2803.INE,491.4,491.4,1065,-46.10000000000002,-0.030246489158521524,-0.03162285939022202,6024000.0,0.0,20.0
2025-04-01,SC2505.INE,540.2,556.7,538.8,556.1,549.0,537.5,537.4,18.7,11.6,118614,6512672.22,28500,3482.0,29,0.8009210179814581,0.5839804930024793,19,SC2506.INE,553.2,546.0,15111,-2.8999999999999773,SC2505.INE,556.1,549.0,29,0.0,SC2803.INE,491.4,491.4,1064,-64.70000000000005,-0.04103022516195002,-0.04362002999888936,6024000.0,0.0,20.0
2025-04-02,SC2505.INE,555.4,558.5,551.3,552.2,554.4,556.1,549.0,3.2,5.4,93023,5157522.51,26731,-1769.0,28,0.7870831817374161,0.5654243167780693,19,SC2506.INE,549.0,551.2,15267,-3.2000000000000455,SC2505.INE,552.2,554.4,28,0.0,SC2803.INE,499.9,500.2,1063,-52.30000000000007,-0.03340087169984975,-0.035090155258872734,6024000.0,0.0,20.0
2025-04-03,SC2505.INE,550.5,556.4,540.9,542.0,548.6,552.2,554.4,-12.4,-5.8,117387,6440302.55,23044,-3687.0,27,0.772313380791347,0.5178077882389951,19,SC2506.INE,540.3,545.2,15895,-1.7000000000000455,SC2505.INE,542.0,548.6,27,0.0,SC2803.INE,495.9,495.9,1062,-46.10000000000002,-0.02999536517104302,-0.03134828347803255,6024000.0,0.0,20.0
2025-04-07,SC2505.INE,510.1,510.1,510.1,510.1,510.1,542.0,548.6,-38.5,-38.5,772,39379.72,22614,-430.0,23,0.4882985452245414,0.5140480087288598,20,SC2506.INE,507.0,507.0,15788,-3.1000000000000227,SC2505.INE,510.1,510.1,23,0.0,SC2803.INE,461.2,468.0,1058,-48.900000000000034,-0.033806954589750825,-0.03553900843951845,5344000.0,-680000.0,20.0
2025-04-08,SC2505.INE,486.7,494.3,473.2,478.6,481.7,510.1,510.1,-31.5,-28.4,246401,11869444.7,19597,-3017.0,22,0.6906360889526704,0.48341103628604554,20,SC2506.INE,478.7,482.1,15141,0.0999999999999659,SC2505.INE,478.6,481.7,22,0.0,SC2803.INE,461.5,456.8,1057,-17.100000000000023,-0.012600156252838895,-0.012830762665650844,4392000.0,-952000.0,20.0
2025-04-09,SC2506.INE,477.7,482.3,448.3,457.6,463.9,478.7,482.1,-24.5,-18.2,91670,4252943.03,20105,4964.0,51,0.27974610149836737,0.4316322806414908,20,SC2505.INE,458.1,468.0,19038,0.5,SC2505.INE,458.1,468.0,21,-0.5,SC2803.INE,442.9,450.2,1056,-15.200000000000045,-0.011701345718030932,-0.011899878103085583,4392000.0,0.0,20.0
2025-04-10,SC2506.INE,444.5,488.6,444.0,478.4,463.6,457.6,463.9,14.5,-0.3,143097,6635373.04,20474,369.0,50,0.2864586878275527,0.4359602240061325,20,SC2505.INE,480.0,462.5,18738,1.6000000000000227,SC2505.INE,480.0,462.5,20,-1.6000000000000227,SC2803.INE,469.3,452.7,1055,-10.699999999999989,-0.007861312399355854,-0.007950257586542095,4392000.0,0.0,20.0
2025-04-11,SC2506.INE,465.4,475.0,459.5,472.5,465.1,478.4,463.6,8.9,1.5,103749,4825881.47,20738,264.0,49,0.30552062689019704,0.448825884644519,20,SC2505.INE,472.8,464.5,16565,0.30000000000001137,SC2505.INE,472.8,464.5,19,-0.30000000000001137,SC2803.INE,443.6,442.5,1054,-29.19999999999999,-0.02178000114437985,-0.022481605676059797,4392000.0,0.0,20.0
2025-04-14,SC2506.INE,468.0,476.1,464.4,474.0,469.6,472.5,465.1,8.9,4.5,75684,3554317.43,21544,806.0,46,0.31569726699369305,0.47992871463577635,20,SC2505.INE,473.9,468.7,14635,-0.10000000000002274,SC2505.INE,473.9,468.7,16,0.10000000000002274,SC2803.INE,443.5,443.5,1051,-30.399999999999977,-0.022622437110909242,-0.023380640035484585,4392000.0,0.0,20.0
2025-04-15,SC2506.INE,480.0,480.8,471.1,476.8,475.0,474.0,469.6,7.2,5.4,83255,3955411.25,21654,110.0,45,0.4488696711721669,0.4974728910126815,20,SC2505.INE,477.0,474.3,12503,0.19999999999998863,SC2505.INE,477.0,474.3,15,-0.19999999999998863,SC2803.INE,450.9,450.9,1050,-26.100000000000023,-0.019296326679427617,-0.019844328979106794,4392000.0,0.0,20.0
2025-04-16,SC2506.INE,472.3,477.3,463.5,467.2,471.8,476.8,475.0,-7.8,-3.2,111052,5239780.91,26795,5141.0,44,0.5803181371626848,0.5321219342667064,20,SC2505.INE,469.5,473.8,12175,2.3000000000000114,SC2505.INE,469.5,473.8,14,-2.3000000000000114,SC2803.INE,451.0,451.0,1049,-18.5,-0.013895962916660233,-0.01417714984363123,4392000.0,0.0,20.0
2025-04-17,SC2506.INE,476.2,487.8,473.9,482.7,479.0,467.2,471.8,10.9,7.2,149939,7183521.17,27079,284.0,43,0.7932021372268953,0.5803471924560651,20,SC2505.INE,485.5,481.9,9021,2.8000000000000114,SC2505.INE,485.5,481.9,13,-2.8000000000000114,SC2803.INE,451.0,451.0,1048,-34.5,-0.025060075523515295,-0.025995034882585484,4352000.0,-40000.0,20.0
2025-04-18,SC2506.INE,487.0,496.8,484.1,490.7,490.6,482.7,479.0,11.7,11.6,165162,8103211.68,28654,1575.0,42,0.8476844984833631,0.6359641335227273,20,SC2507.INE,486.8,486.9,6772,-3.8999999999999773,SC2505.INE,494.1,493.5,12,-3.400000000000034,SC2803.INE,451.5,451.5,1047,-42.60000000000002,-0.03040515767212528,-0.03179645588700719,5259000.0,907000.0,20.0
2025-04-21,SC2506.INE,489.9,493.7,484.5,489.2,489.5,490.7,490.6,-1.4,-1.1,89503,4381869.03,29738,1084.0,39,0.8519308198250507,0.6358077482254341,20,SC2507.INE,484.9,484.6,7922,-4.300000000000011,SC2505.INE,495.0,493.2,9,-5.800000000000011,SC2803.INE,457.1,455.8,1044,-37.89999999999998,-0.027001415117357125,-0.02809109728435934,5259000.0,0.0,20.0
2025-04-22,SC2506.INE,486.3,494.9,482.1,494.0,487.5,489.2,489.5,4.5,-2.0,159937,7798239.5,31108,1370.0,38,0.8703391306240613,0.6385712819460125,20,SC2507.INE,488.9,483.3,8725,-5.100000000000023,SC2505.INE,498.1,494.0,8,-4.100000000000023,SC2803.INE,458.9,458.9,1043,-39.200000000000045,-0.027753773518112812,-0.028906779340709406,5259000.0,0.0,20.0
2025-04-23,SC2506.INE,495.0,506.0,492.4,503.8,498.6,494.0,487.5,16.3,11.1,161586,8056831.46,29527,-1581.0,37,0.8637036641098965,0.6604263123755844,20,SC2507.INE,498.2,493.0,8516,-5.600000000000023,SC2505.INE,503.5,498.3,7,0.30000000000001137,SC2803.INE,460.2,460.2,1042,-43.30000000000001,-0.030327802004327203,-0.03171181170380029,5259000.0,0.0,20.0
2025-04-24,SC2506.INE,496.0,498.5,484.3,493.4,490.5,503.8,498.6,-5.2,-8.1,200840,9852314.89,28111,-1416.0,36,0.8547292265134588,0.6367590096722314,20,SC2507.INE,486.9,485.4,9449,-6.5,SC2505.INE,491.0,489.5,6,2.3999999999999773,SC2803.INE,460.2,460.2,1041,-30.80000000000001,-0.022121865068823358,-0.022846161179263864,5259000.0,0.0,20.0
2025-04-25,SC2506.INE,493.6,498.1,489.4,496.1,493.9,493.4,490.5,5.6,3.4,150921,7455143.61,27428,-683.0,35,0.882759629163864,0.6186673884603239,20,SC2507.INE,489.1,486.8,10003,-7.0,SC2505.INE,496.3,494.7,5,-0.19999999999998863,SC2803.INE,460.2,460.2,1040,-36.10000000000002,-0.02565165801812644,-0.026632447171137535,5259000.0,0.0,20.0
2025-04-28,SC2506.INE,489.0,500.8,486.7,498.0,494.2,496.1,493.9,4.1,0.3,166600,8234867.69,27708,280.0,32,0.866936218263942,0.6058512266585035,20,SC2507.INE,490.1,487.0,11119,-7.899999999999977,SC2505.INE,498.1,491.6,2,-0.10000000000002274,SC2803.INE,460.2,460.2,1037,-37.900000000000034,-0.026833367763685598,-0.02790916338595157,5259000.0,0.0,20.0
2025-04-29,SC2506.INE,495.7,496.0,480.3,483.6,488.1,498.0,494.2,-10.6,-6.1,137568,6715623.82,26227,-1481.0,31,0.830238326584066,0.5752165807654348,20,SC2507.INE,475.3,480.0,11725,-8.300000000000011,SC2505.INE,480.0,488.8,1,3.6000000000000227,SC2803.INE,451.0,451.0,1036,-29.0,-0.021306360708534623,-0.021977148797806056,5259000.0,0.0,20.0
2025-04-30,SC2506.INE,480.1,481.7,469.0,471.1,476.5,483.6,488.1,-17.0,-11.6,128314,6114286.89,22870,-3357.0,30,0.811225683270849,0.5120798907324063,20,SC2507.INE,463.7,467.8,13745,-7.400000000000034,SC2506.INE,471.1,476.5,30,0.0,SC2803.INE,448.9,448.9,1035,-22.200000000000045,-0.017114596831170004,-0.01753098265682567,5259000.0,0.0,20.0
2025-05-06,SC2506.INE,455.3,460.5,455.0,458.9,457.8,471.1,476.5,-17.6,-18.7,59247,2712675.98,23637,767.0,24,0.6136215342868684,0.47482924869425475,19,SC2507.INE,451.3,450.0,18451,-7.599999999999966,SC2506.INE,458.9,457.8,24,0.0,SC2803.INE,431.8,431.8,1029,-27.099999999999966,-0.02144756713273897,-0.022106943494357677,5259000.0,0.0,20.0
2025-05-07,SC2506.INE,461.0,469.5,460.5,468.2,466.1,458.9,457.8,10.4,8.3,106678,4972997.01,21739,-1898.0,23,0.693461783480895,0.41704715497064804,19,SC2507.INE,460.8,458.3,20911,-7.399999999999977,SC2506.INE,468.2,466.1,23,0.0,SC2803.INE,434.1,434.1,1028,-34.099999999999966,-0.026451467566056916,-0.027464209904687356,5259000.0,0.0,20.0
2025-05-08,SC2507.INE,456.3,456.7,446.6,450.8,452.2,460.8,458.3,-7.5,-6.1,40522,1832786.13,24071,3160.0,53,0.24779096573780215,0.4253879051355459,19,SC2506.INE,461.0,461.8,21747,10.199999999999989,SC2506.INE,461.0,461.8,22,-10.199999999999989,SC2803.INE,434.6,432.8,1027,-26.399999999999977,-0.02079839414640464,-0.021417682525996545,5259000.0,0.0,20.0
2025-05-09,SC2507.INE,452.1,463.3,452.1,462.4,458.6,450.8,452.2,10.2,6.4,42532,1950894.54,24405,334.0,52,0.2843238184370613,0.44227981152591517,19,SC2506.INE,472.4,468.5,20091,10.0,SC2506.INE,472.4,468.5,21,-10.0,SC2803.INE,436.2,435.5,1026,-36.19999999999999,-0.027830786794225293,-0.028954934480420545,5259000.0,0.0,20.0
2025-05-12,SC2507.INE,465.6,473.1,460.3,472.6,465.6,462.4,458.6,14.0,7.0,52249,2433136.16,23477,-928.0,49,0.33533575934946824,0.45293538865201705,20,SC2506.INE,482.3,474.4,17723,9.699999999999989,SC2506.INE,482.3,474.4,18,-9.699999999999989,SC2803.INE,438.3,438.3,1023,-44.0,-0.033133111139306594,-0.03474317678836757,4029000.0,-1230000.0,20.0
2025-05-13,SC2507.INE,480.0,480.6,468.1,470.5,473.4,472.6,465.6,4.9,7.8,52260,2474387.0,24340,863.0,48,0.37564692351926393,0.4784087112054563,20,SC2506.INE,479.5,482.8,15073,9.0,SC2506.INE,479.5,482.8,17,-9.0,SC2803.INE,438.3,438.3,1022,-41.19999999999999,-0.031205806213977016,-0.032628561908493746,4029000.0,0.0,20.0
2025-05-14,SC2507.INE,475.1,483.5,472.4,479.3,478.3,470.5,473.4,5.9,4.9,61758,2954113.78,24856,516.0,47,0.3748088267424077,0.49065319094336646,20,SC2506.INE,486.6,487.5,14162,7.300000000000011,SC2506.INE,486.6,487.5,16,-7.300000000000011,SC2803.INE,451.3,452.5,1021,-35.30000000000001,-0.02634689274547935,-0.02735143789404016,4029000.0,0.0,20.0
2025-05-15,SC2507.INE,477.8,480.8,460.2,460.7,471.7,479.3,478.3,-17.6,-6.6,81461,3843128.54,26762,1906.0,46,0.4624025793414278,0.5263654780402415,20,SC2506.INE,463.2,478.5,11614,2.5,SC2506.INE,463.2,478.5,15,-2.5,SC2803.INE,441.5,445.8,1020,-21.69999999999999,-0.01701445277928148,-0.017425901262080924,4029000.0,0.0,20.0
2025-05-16,SC2507.INE,462.5,465.0,456.1,456.2,461.1,460.7,471.7,-15.5,-10.6,95791,4417564.73,30281,3519.0,45,0.5697063773856466,0.5761334880800624,20,SC2508.INE,453.8,458.2,8907,-2.3999999999999773,SC2506.INE,456.2,462.8,14,0.0,SC2803.INE,433.1,440.4,1019,-23.099999999999966,-0.01839007505218316,-0.01887201143765463,4029000.0,0.0,20.0
2025-05-19,SC2507.INE,459.7,464.5,457.5,462.8,461.4,456.2,461.1,1.7,0.3,111464,5143236.74,30835,554.0,42,0.7719594711581746,0.6022343313607156,20,SC2508.INE,460.5,458.8,9558,-2.3000000000000114,SC2506.INE,458.4,459.7,11,4.400000000000034,SC2803.INE,441.8,441.2,1016,-16.599999999999966,-0.013151954017000488,-0.013395999165469873,4029000.0,0.0,20.0
2025-05-20,SC2507.INE,464.6,468.0,461.4,465.4,464.6,462.8,461.4,4.0,3.2,129178,6001920.77,30310,-525.0,41,0.8496931506488894,0.6004715018721398,20,SC2508.INE,463.4,462.8,10039,-2.0,SC2506.INE,461.0,459.8,10,4.399999999999977,SC2803.INE,440.8,440.3,1015,-20.19999999999999,-0.015913922793839894,-0.016273111027511906,4029000.0,0.0,20.0
2025-05-21,SC2507.INE,464.6,475.6,462.1,470.1,468.2,465.4,464.6,5.5,3.6,155010,7258498.29,29076,-1234.0,40,0.8839530109489051,0.5962962203400258,20,SC2508.INE,468.0,466.9,9797,-2.1000000000000227,SC2506.INE,466.2,465.3,9,3.900000000000034,SC2803.INE,445.0,444.9,1014,-21.19999999999999,-0.01651544935127023,-0.0169027484765443,4029000.0,0.0,20.0
2025-05-22,SC2507.INE,470.1,470.5,452.3,453.7,462.5,470.1,468.2,-14.5,-5.7,161053,7449691.0,30906,1830.0,39,0.8607580729639883,0.5917062337264513,20,SC2508.INE,452.1,459.8,10469,-1.599999999999966,SC2506.INE,449.4,458.8,8,4.300000000000011,SC2803.INE,442.0,442.0,1013,-7.399999999999977,-0.005980334199053663,-0.0060301187570534045,4029000.0,0.0,20.0
2025-05-23,SC2507.INE,454.0,456.9,452.3,452.8,454.7,453.7,462.5,-9.7,-7.8,126299,5743148.18,33430,2524.0,38,0.8819146707632148,0.6053527451832537,20,SC2508.INE,452.0,453.2,10782,-0.8000000000000114,SC2506.INE,448.4,450.1,7,4.400000000000034,SC2803.INE,435.7,437.8,1012,-12.699999999999989,-0.010286435796042102,-0.010434917111673714,4029000.0,0.0,20.0
2025-05-26,SC2507.INE,451.7,460.1,449.5,459.7,456.4,452.8,454.7,5.0,1.7,156979,7164819.7,31330,-2100.0,35,0.8610364535910572,0.6116990120660705,20,SC2508.INE,457.6,454.6,10300,-2.099999999999966,SC2506.INE,456.3,449.0,4,3.3999999999999773,SC2803.INE,437.0,437.9,1009,-19.30000000000001,-0.015361500627478446,-0.015695832722173998,4029000.0,0.0,20.0
2025-05-27,SC2507.INE,458.5,460.3,454.4,458.3,457.4,459.7,456.4,1.9,1.0,111919,5120039.23,29488,-1842.0,34,0.8606108607723421,0.5875391021937078,20,SC2508.INE,456.2,455.2,10981,-2.1000000000000227,SC2506.INE,460.2,454.1,3,-1.8999999999999773,SC2803.INE,436.9,438.2,1008,-23.30000000000001,-0.018388068350122487,-0.018869897711457202,4029000.0,0.0,20.0
2025-05-28,SC2507.INE,456.0,457.4,449.4,453.0,453.6,458.3,457.4,-4.4,-3.8,136370,6186619.71,28965,-523.0,33,0.8615091097465444,0.5692806603773585,20,SC2508.INE,451.2,451.9,12422,-1.8000000000000114,SC2506.INE,452.4,458.3,2,0.6000000000000227,SC2803.INE,436.3,434.9,1007,-16.099999999999966,-0.012924986033580972,-0.013160579503508971,4029000.0,0.0,20.0
2025-05-29,SC2507.INE,457.6,468.1,456.6,467.1,461.6,453.0,453.6,13.5,8.0,180346,8326495.57,26374,-2591.0,32,0.8324301869374567,0.5468380675927845,20,SC2508.INE,463.3,459.1,12190,-3.8000000000000114,SC2506.INE,459.3,454.8,1,7.800000000000011,SC2803.INE,443.3,441.9,1006,-16.0,-0.012651742376729442,-0.012877363280567216,4029000.0,0.0,20.0
2025-05-30,SC2507.INE,459.5,459.9,447.5,447.9,452.6,467.1,461.6,-13.7,-9.0,161097,7292615.94,27307,933.0,31,0.8162803070608802,0.5132701778128642,20,SC2508.INE,444.7,449.0,15390,-3.1999999999999886,SC2507.INE,447.9,452.6,31,0.0,SC2803.INE,433.0,433.0,1005,-14.899999999999977,-0.012466344194422238,-0.01267841560773003,4029000.0,0.0,20.0
2025-06-03,SC2507.INE,462.8,468.7,461.3,462.5,465.0,447.9,452.6,9.9,12.4,64117,2981817.93,22685,-4622.0,27,0.7280644978141145,0.48507462686567165,19,SC2508.INE,458.1,460.0,15485,-4.399999999999977,SC2507.INE,462.5,465.0,27,0.0,SC2803.INE,433.0,433.0,1001,-29.5,-0.023902547311171547,-0.02469889380569442,4029000.0,0.0,20.0
2025-06-04,SC2507.INE,466.0,470.7,463.8,468.2,467.6,462.5,465.0,3.2,2.6,109921,5140010.97,23118,433.0,26,0.8060438069677571,0.4896325320343111,19,SC2508.INE,464.0,462.7,15653,-4.199999999999989,SC2507.INE,468.2,467.6,26,0.0,SC2803.INE,433.0,433.0,1000,-35.19999999999999,-0.02817378276890745,-0.029289124101465103,4029000.0,0.0,20.0
2025-06-05,SC2507.INE,466.7,469.8,460.5,463.7,464.7,468.2,467.6,-3.9,-2.9,134999,6273952.1,20707,-2411.0,25,0.7968162528110115,0.44956578376031264,19,SC2508.INE,459.2,460.1,16401,-4.5,SC2507.INE,463.7,464.7,25,0.0,SC2803.INE,434.1,434.1,999,-29.599999999999966,-0.02392150628437717,-0.024719144988225382,4029000.0,0.0,20.0
2025-06-06,SC2507.INE,468.0,470.2,464.7,466.1,467.9,463.7,464.7,1.4,3.2,109200,5109825.29,21135,428.0,24,0.8063325161709544,0.4536673320883508,20,SC2508.INE,462.5,463.0,16305,-3.6000000000000227,SC2507.INE,466.1,467.9,24,0.0,SC2806.INE,443.0,443.0,1090,-23.100000000000023,-0.016969480093691924,-0.017404416666744173,4029000.0,0.0,20.0
2025-06-09,SC2507.INE,468.8,476.8,467.7,474.3,473.8,466.1,467.9,6.4,5.9,120628,5715921.83,22536,1401.0,21,0.7581993488290236,0.46660317197399476,20,SC2508.INE,470.3,469.7,16778,-4.0,SC2507.INE,474.3,473.8,21,0.0,SC2806.INE,443.2,443.2,1087,-31.100000000000023,-0.02245137398097089,-0.023221292279004352,4029000.0,0.0,20.0
2025-06-10,SC2507.INE,478.2,482.4,474.8,479.8,478.9,474.3,473.8,6.0,5.1,92429,4426932.32,22834,298.0,20,0.7266373692030723,0.45879965440334347,20,SC2508.INE,476.1,474.9,17238,-3.6999999999999886,SC2507.INE,479.8,478.9,20,0.0,SC2806.INE,459.0,457.7,1086,-20.80000000000001,-0.014843583200317225,-0.01517494017443051,4029000.0,0.0,20.0
2025-06-11,SC2507.INE,481.1,485.0,476.9,478.1,481.2,479.8,478.9,-0.8,2.3,101107,4865359.22,21387,-1447.0,19,0.7393673033609267,0.43838396261222484,20,SC2508.INE,474.0,476.5,17503,-4.100000000000023,SC2507.INE,478.1,481.2,19,0.0,SC2806.INE,457.2,456.8,1085,-20.900000000000034,-0.014967980275268798,-0.015304999113191168,4029000.0,0.0,20.0
2025-06-12,SC2507.INE,486.6,500.7,484.7,495.7,491.1,478.1,481.2,14.5,9.9,143726,7059135.01,24283,2896.0,18,0.6840642342436675,0.4188312808306599,20,SC2508.INE,489.9,486.7,22309,-5.800000000000011,SC2507.INE,495.7,491.1,18,0.0,SC2806.INE,464.1,464.6,1084,-31.599999999999966,-0.021827491284332274,-0.022554280914146584,4029000.0,0.0,20.0
2025-06-13,SC2508.INE,487.2,530.5,486.2,520.7,514.4,489.9,486.7,34.0,27.7,111644,5744067.07,24073,1764.0,48,0.3480988385688674,0.4123925035118375,20,SC2507.INE,529.9,513.7,19611,9.199999999999932,SC2507.INE,529.9,513.7,17,-9.199999999999932,SC2806.INE,483.1,484.0,1083,-46.799999999999955,-0.03024040431006308,-0.03166003081378958,4029000.0,0.0,20.0
2025-06-16,SC2508.INE,530.4,536.7,520.1,532.9,529.2,520.7,514.4,18.5,14.8,131524,6960533.8,29864,5791.0,45,0.33007335576920666,0.4681244611646681,20,SC2507.INE,541.6,540.9,16919,8.700000000000045,SC2507.INE,541.6,540.9,14,-8.700000000000045,SC2806.INE,486.0,485.1,1080,-55.60000000000002,-0.0351505233607046,-0.03708862163190771,4029000.0,0.0,20.0
2025-06-17,SC2508.INE,518.0,531.8,508.3,524.9,520.6,532.9,529.2,-4.3,-8.6,182080,9480851.64,33094,3230.0,44,0.45850005413967027,0.5303185693224793,20,SC2509.INE,516.1,513.1,12765,-8.799999999999955,SC2507.INE,529.8,525.9,13,-4.899999999999977,SC2806.INE,479.2,477.7,1079,-50.599999999999966,-0.03270199310582701,-0.03437078655103781,4029000.0,0.0,20.0
2025-06-18,SC2508.INE,533.4,556.3,530.2,552.7,545.1,524.9,520.6,32.1,24.5,315667,17209318.42,38030,4936.0,43,0.72876390383097,0.5905187807642739,20,SC2509.INE,544.4,537.1,12568,-8.300000000000068,SC2507.INE,558.5,549.3,12,-5.7999999999999545,SC2806.INE,494.0,493.1,1078,-64.5,-0.039543235112813914,-0.04201920448619749,4029000.0,0.0,20.0
2025-06-19,SC2508.INE,554.5,571.0,546.1,570.9,559.0,552.7,545.1,25.8,13.9,479375,26797295.06,41225,3195.0,42,0.8764207843588941,0.6018072465037517,20,SC2509.INE,556.7,547.5,12899,-14.199999999999932,SC2507.INE,569.7,562.7,11,1.1999999999999318,SC2806.INE,487.8,488.6,1077,-81.90000000000003,-0.049223596501367886,-0.053142226601457294,4029000.0,0.0,20.0
2025-06-20,SC2508.INE,570.9,582.9,560.6,566.6,572.8,570.9,559.0,7.6,13.8,455538,26097408.36,41211,-14.0,41,0.8888927914954398,0.6068830442081701,20,SC2509.INE,553.1,557.9,13281,-13.5,SC2507.INE,570.0,570.4,10,-3.3999999999999773,SC2806.INE,492.0,491.8,1076,-78.0,-0.04685494223363285,-0.05038699829525798,4029000.0,0.0,20.0
2025-06-23,SC2508.INE,562.8,588.6,557.8,574.5,569.9,566.6,572.8,1.7,-2.9,422722,24092288.92,43660,2449.0,38,0.8852038145335908,0.603372028745163,20,SC2509.INE,561.2,558.3,15778,-13.299999999999955,SC2507.INE,574.6,570.4,7,-0.10000000000002274,SC2806.INE,499.0,495.6,1073,-75.60000000000002,-0.04504969277918436,-0.048301912326163,4029000.0,0.0,20.0
2025-06-24,SC2508.INE,566.9,572.1,518.6,518.6,553.6,574.5,569.9,-51.3,-16.3,526467,29146566.59,42731,-929.0,37,0.8157915533551822,0.5370712517124794,20,SC2509.INE,508.0,532.1,20447,-10.600000000000023,SC2507.INE,520.9,566.8,6,-2.2999999999999545,SC2806.INE,461.9,477.4,1072,-59.0,-0.03878227789469591,-0.04115997051578233,4029000.0,0.0,20.0
2025-06-25,SC2508.INE,513.0,516.8,500.2,508.6,508.7,518.6,553.6,-45.0,-44.9,303969,15463502.3,35409,-7322.0,36,0.805100727313179,0.47210741046905413,20,SC2509.INE,499.6,499.4,19191,-9.0,SC2507.INE,515.7,517.2,5,-7.100000000000023,SC2806.INE,471.8,468.1,1071,-43.900000000000034,-0.029147616620480914,-0.030463473208647875,5423000.0,1394000.0,20.0
2025-06-26,SC2508.INE,506.7,511.6,498.6,502.9,505.4,508.6,508.7,-5.8,-3.3,283709,14339239.23,35444,35.0,35,0.8149349250438764,0.45088411143620405,20,SC2509.INE,492.7,495.1,20651,-10.199999999999989,SC2507.INE,500.7,504.7,4,2.1999999999999886,SC2806.INE,466.0,465.6,1070,-34.69999999999999,-0.023729442944980205,-0.024591784335593253,5911000.0,488000.0,20.0
2025-06-27,SC2508.INE,501.0,506.5,496.5,498.5,502.2,502.9,505.4,-6.9,-3.2,210680,10580821.69,31946,-3498.0,34,0.8168804379856383,0.4192718586765362,20,SC2509.INE,491.2,492.7,20221,-7.300000000000011,SC2507.INE,498.3,496.6,3,0.19999999999998863,SC2806.INE,465.6,465.6,1069,-32.69999999999999,-0.02246945430599119,-0.02324064187391906,5911000.0,0.0,20.0
2025-06-30,SC2508.INE,498.6,502.4,488.2,496.7,496.1,498.5,502.2,-5.5,-6.1,238748,11846541.13,30055,-1891.0,31,0.8109894663899372,0.40115052988441313,20,SC2509.INE,489.5,490.3,19402,-7.199999999999989,SC2508.INE,496.7,496.1,31,0.0,SC2806.INE,465.6,465.6,1066,-31.099999999999966,-0.022081000302479416,-0.02280256413436519,5911000.0,0.0,20.0
2025-07-01,SC2508.INE,498.0,500.2,492.8,499.4,497.0,496.7,496.1,3.3,0.9,141647,7040086.3,30335,280.0,30,0.832845316211576,0.41549102862621556,20,SC2509.INE,492.8,490.9,20025,-6.599999999999966,SC2508.INE,499.4,497.0,30,0.0,SC2806.INE,459.9,459.9,1065,-39.5,-0.027893375432161104,-0.029058338844855137,5911000.0,0.0,20.0
2025-07-02,SC2508.INE,503.1,503.8,495.6,498.2,498.5,499.4,497.0,1.2,1.5,137513,6855778.27,29708,-627.0,29,0.8234311377245509,0.40534861509073544,20,SC2509.INE,492.7,493.0,20247,-5.5,SC2508.INE,498.2,498.5,29,0.0,SC2806.INE,462.8,462.8,1064,-35.39999999999998,-0.025058325915324142,-0.025993151440216286,5911000.0,0.0,20.0
2025-07-03,SC2508.INE,501.6,509.4,499.0,506.3,503.7,498.2,498.5,7.8,5.2,179412,9038566.55,27063,-2645.0,28,0.8301768056525984,0.3789274712965556,20,SC2509.INE,500.6,498.1,20788,-5.699999999999989,SC2508.INE,506.3,503.7,28,0.0,SC2806.INE,465.5,464.6,1063,-40.80000000000001,-0.02841873552656815,-0.029629283115401684,4957000.0,-954000.0,20.0
2025-07-04,SC2508.INE,508.3,509.2,502.4,503.5,506.4,506.3,503.7,-0.2,2.7,135161,6845017.9,25655,-1408.0,27,0.8016096126017128,0.363694357811171,20,SC2509.INE,499.1,501.1,20974,-4.399999999999977,SC2508.INE,503.5,506.4,27,0.0,SC2806.INE,464.3,463.8,1062,-39.19999999999999,-0.027456116364194594,-0.028583843723140524,4957000.0,0.0,20.0
2025-07-07,SC2508.INE,501.6,505.6,493.6,502.3,501.3,503.5,506.4,-4.1,-5.1,133489,6692519.93,26349,694.0,24,0.8202441886901434,0.36550145651269245,20,SC2509.INE,498.5,496.9,21796,-3.8000000000000114,SC2508.INE,502.3,501.3,24,0.0,SC2806.INE,461.5,461.3,1059,-40.80000000000001,-0.02864504439000886,-0.02987551336886826,4957000.0,0.0,20.0
2025-07-08,SC2508.INE,505.5,513.8,505.4,510.7,509.9,502.3,501.3,9.4,8.6,151790,7741069.04,24527,-1822.0,23,0.7745849981884335,0.3450521932416083,20,SC2509.INE,506.0,505.0,22384,-4.699999999999989,SC2508.INE,510.7,509.9,23,0.0,SC2806.INE,462.8,463.2,1058,-47.89999999999998,-0.03307669968944773,-0.03473224975066471,4517000.0,-440000.0,20.0
2025-07-09,SC2508.INE,513.0,521.0,511.7,519.7,515.7,510.7,509.9,9.8,5.8,128915,6649274.55,24508,-19.0,22,0.7288521772561258,0.3444456937261075,20,SC2509.INE,511.6,510.6,22499,-8.100000000000023,SC2508.INE,519.7,515.7,22,0.0,SC2806.INE,463.2,463.2,1057,-56.50000000000006,-0.038339658982002846,-0.04058828062879029,4517000.0,0.0,20.0
2025-07-10,SC2508.INE,519.7,523.6,517.6,522.5,520.3,519.7,515.7,6.8,4.6,113995,5931943.05,23430,-1078.0,21,0.7366254612188455,0.33104909925821263,20,SC2509.INE,512.3,511.0,23130,-10.200000000000045,SC2508.INE,522.5,520.3,21,0.0,SC2806.INE,464.8,464.4,1056,-57.69999999999999,-0.03894413239950996,-0.04126713920769232,4517000.0,0.0,20.0
2025-07-11,SC2509.INE,508.8,509.5,502.1,504.2,504.1,512.3,511.0,-6.8,-6.9,43346,2185225.48,22263,-867.0,49,0.23662934474645297,0.3329395226416223,20,SC2508.INE,513.9,514.1,20067,9.699999999999989,SC2508.INE,513.9,514.1,20,-9.699999999999989,SC2806.INE,461.5,462.1,1055,-52.39999999999998,-0.03595879948071627,-0.03792707596152282,4517000.0,0.0,20.0
2025-07-14,SC2509.INE,506.1,515.3,505.5,513.0,511.9,504.2,504.1,8.9,7.8,48322,2473716.47,24552,2289.0,46,0.2711109365619933,0.34493319658888155,20,SC2508.INE,527.5,523.0,20909,14.5,SC2508.INE,527.5,523.0,17,-14.5,SC2806.INE,464.0,463.0,1052,-63.5,-0.04245254939670766,-0.04523330849299296,4517000.0,0.0,20.0
2025-07-15,SC2509.INE,515.4,516.0,504.5,506.1,509.3,513.0,511.9,-5.8,-2.6,57385,2922784.3,26153,1601.0,45,0.2883827749272573,0.36820172042405214,20,SC2508.INE,518.2,522.2,18513,12.100000000000023,SC2508.INE,518.2,522.2,16,-12.100000000000023,SC2806.INE,458.7,458.2,1051,-59.50000000000006,-0.040492265124352805,-0.04301176452326804,4517000.0,0.0,20.0
2025-07-16,SC2509.INE,508.0,509.2,504.8,507.9,507.0,506.1,509.3,-1.4,-2.3,52146,2644025.24,28091,1938.0,44,0.3577647422043841,0.4028885319258792,20,SC2508.INE,517.4,517.2,14961,9.5,SC2508.INE,517.4,517.2,15,-9.5,SC2806.INE,458.5,458.5,1050,-58.89999999999998,-0.04014591724882307,-0.04262070723693174,4517000.0,0.0,20.0
2025-07-17,SC2509.INE,503.0,508.5,499.3,505.4,502.9,507.9,507.0,-1.6,-4.1,77721,3908942.32,30501,2410.0,43,0.4438688970239693,0.4363644167215085,20,SC2510.INE,498.7,496.6,13345,-6.699999999999989,SC2508.INE,516.8,513.6,14,-11.399999999999977,SC2806.INE,460.2,457.6,1049,-56.599999999999966,-0.0386230388417762,-0.04090636988067747,4517000.0,0.0,20.0
2025-07-18,SC2509.INE,506.7,518.2,505.3,515.8,511.1,505.4,502.9,12.9,8.2,103875,5309197.2,35773,5272.0,42,0.6020273324755712,0.4864758278370844,20,SC2510.INE,508.1,504.1,14720,-7.699999999999932,SC2508.INE,532.0,523.5,13,-16.200000000000045,SC2806.INE,467.8,466.8,1048,-64.19999999999999,-0.04255748065816714,-0.045352620140020755,4517000.0,0.0,20.0
2025-07-21,SC2509.INE,517.7,520.4,511.3,512.3,515.3,515.8,511.1,1.2,4.2,150393,7750048.38,38281,2508.0,39,0.7846045492487479,0.5378433438707412,20,SC2510.INE,505.0,507.3,16340,-7.2999999999999545,SC2508.INE,538.1,534.6,10,-25.800000000000068,SC2806.INE,467.1,467.1,1045,-71.0,-0.04653158770302019,-0.04990133611629829,4517000.0,0.0,20.0
2025-07-22,SC2509.INE,511.6,512.1,501.6,504.3,506.6,512.3,515.3,-11.0,-8.7,143753,7283026.86,36584,-1697.0,38,0.8575050256202241,0.5226733720033145,20,SC2510.INE,499.0,499.6,17289,-5.300000000000011,SC2508.INE,514.7,523.5,9,-10.400000000000034,SC2806.INE,461.5,461.8,1044,-53.200000000000045,-0.036451044602690594,-0.038475638397360165,4517000.0,0.0,20.0
2025-07-23,SC2509.INE,503.2,509.1,501.2,503.7,503.9,504.3,506.6,-2.9,-2.7,128828,6492079.71,36294,-290.0,37,0.8694607545387055,0.5138245912083245,20,SC2510.INE,498.0,498.1,17497,-5.699999999999989,SC2508.INE,520.4,519.2,8,-16.69999999999999,SC2806.INE,464.8,464.2,1043,-55.599999999999966,-0.03767818883281903,-0.03984690579877948,4517000.0,0.0,20.0
2025-07-24,SC2509.INE,502.0,511.0,500.0,508.9,504.3,503.7,503.9,5.0,0.4,123664,6236615.93,38720,2426.0,36,0.8632860493689266,0.5260011954572624,20,SC2510.INE,502.4,498.7,17806,-6.5,SC2508.INE,527.0,518.7,7,-18.100000000000023,SC2806.INE,466.8,464.0,1042,-60.19999999999999,-0.04028453831275381,-0.04277717059620379,4517000.0,0.0,20.0
2025-07-25,SC2509.INE,509.0,513.1,503.1,512.9,508.6,508.9,504.3,8.6,4.3,152592,7761359.9,39971,1251.0,35,0.8569936255651344,0.5332381701997092,20,SC2510.INE,506.7,502.9,17699,-6.199999999999989,SC2508.INE,529.4,526.8,6,-16.5,SC2806.INE,466.8,464.9,1041,-62.599999999999966,-0.041700658296969124,-0.04437955277673331,4517000.0,0.0,20.0
2025-07-28,SC2509.INE,513.4,513.7,501.0,505.9,505.5,512.9,508.6,-2.7,-3.1,117652,5947577.83,37812,-2159.0,32,0.8342752600639612,0.5206184857288411,20,SC2510.INE,500.1,500.1,17126,-5.7999999999999545,SC2508.INE,527.0,532.6,3,-21.100000000000023,SC2806.INE,463.0,463.5,1038,-64.0,-0.042827416146449235,-0.04565973475953799,5249000.0,732000.0,20.0
2025-07-29,SC2509.INE,510.3,517.5,509.8,515.0,514.7,505.9,505.5,9.5,9.2,126393,6506553.64,38672,860.0,31,0.826714022212629,0.5156129169888803,20,SC2510.INE,508.4,507.8,17486,-6.600000000000023,SC2508.INE,531.0,540.2,2,-16.0,SC2806.INE,467.7,467.7,1037,-63.30000000000001,-0.0420399028357761,-0.04476450157119411,5249000.0,0.0,20.0
2025-07-30,SC2509.INE,518.1,530.7,517.6,528.6,523.8,515.0,514.7,13.9,9.1,136660,7158674.83,37676,-996.0,30,0.8058970956803774,0.4855217206407299,20,SC2510.INE,521.5,518.5,20199,-7.100000000000023,SC2508.INE,529.7,531.0,1,-1.1000000000000227,SC2806.INE,474.6,472.3,1036,-55.10000000000002,-0.036683785097571406,-0.03873530392301303,5249000.0,0.0,20.0
2025-07-31,SC2509.INE,529.7,535.9,529.2,531.3,532.0,528.6,523.8,7.5,8.2,107487,5718807.63,35066,-2610.0,29,0.7742402523968335,0.47167857094817267,20,SC2510.INE,526.1,525.3,20203,-5.199999999999932,SC2509.INE,531.3,532.0,29,0.0,SC2806.INE,479.0,478.3,1035,-52.299999999999955,-0.03571550183184719,-0.03759798822741898,5249000.0,0.0,20.0
2025-08-01,SC2509.INE,529.6,532.6,524.5,527.9,528.1,531.3,532.0,-4.1,-3.9,119348,6303137.19,32526,-2540.0,28,0.7929625470902072,0.4620629892176779,20,SC2510.INE,523.3,523.7,19485,-4.600000000000023,SC2509.INE,527.9,528.1,28,0.0,SC2806.INE,473.3,474.2,1034,-54.599999999999966,-0.03752631021975741,-0.03961209119765348,5249000.0,0.0,20.0
2025-08-04,SC2509.INE,527.6,527.7,509.7,514.3,516.8,527.9,528.1,-13.8,-11.3,145838,7537481.8,28232,-4294.0,25,0.7789326382805991,0.425033497433118,20,SC2510.INE,508.8,511.8,19756,-5.499999999999943,SC2509.INE,514.3,516.8,25,0.0,SC2806.INE,469.0,472.4,1031,-45.299999999999955,-0.03195777696256832,-0.03345373189078104,5249000.0,0.0,20.0
2025-08-05,SC2509.INE,502.7,513.2,502.2,508.8,509.1,514.3,516.8,-8.0,-7.7,107222,5459613.72,28256,24.0,24,0.7434252948477054,0.4163314620813626,20,SC2510.INE,503.6,503.3,20406,-5.199999999999989,SC2509.INE,508.8,509.1,24,0.0,SC2806.INE,458.1,458.6,1030,-50.69999999999999,-0.0361539489478225,-0.03808463376105749,5249000.0,0.0,20.0
2025-08-06,SC2509.INE,504.5,506.3,501.0,505.9,504.2,508.8,509.1,-3.2,-4.9,110667,5580831.9,30722,2466.0,23,0.7377898371978293,0.43481091485507245,20,SC2510.INE,501.0,499.5,20856,-4.899999999999977,SC2509.INE,505.9,504.2,23,0.0,SC2806.INE,454.0,456.0,1029,-51.89999999999998,-0.03722181636412006,-0.0392726297103757,,,
2025-08-07,SC2509.INE,508.4,510.9,497.5,501.0,504.3,505.9,504.2,-3.2,0.1,147562,7442834.74,31576,854.0,22,0.727357867444818,0.42363421702264675,20,SC2510.INE,496.9,499.9,23209,-4.100000000000023,SC2509.INE,501.0,504.3,22,0.0,SC2806.INE,454.4,454.0,1028,-46.60000000000002,-0.033747614115704976,-0.03542177464457453,,,
2025-08-08,SC2509.INE,500.5,501.0,488.6,489.8,496.4,501.0,504.3,-14.5,-7.9,97506,4841142.49,32725,1149.0,21,0.6875674303484166,0.4093388036924924,20,SC2510.INE,488.6,493.0,25299,-1.1999999999999886,SC2509.INE,489.8,496.4,21,0.0,SC2806.INE,453.4,453.6,1027,-36.400000000000034,-0.026963575833687182,-0.02801806993269701,,,
2025-08-11,SC2509.INE,494.5,497.5,488.1,489.4,492.5,489.8,496.4,-7.0,-3.9,135691,6683578.54,29970,-2755.0,18,0.6799236350517117,0.3716425683886808,20,SC2510.INE,487.1,490.1,27114,-2.2999999999999545,SC2509.INE,489.4,492.5,18,0.0,SC2806.INE,452.5,452.3,1024,-36.89999999999998,-0.027356295411023846,-0.028442566174985615,4767000.0,-482000.0,20.0
2025-08-12,SC2510.INE,492.5,495.1,490.4,494.2,492.6,487.1,490.1,4.1,2.5,32871,1619308.19,27895,781.0,49,0.2723815048060988,0.3549614435141119,20,SC2509.INE,495.2,494.3,26535,1.0,SC2509.INE,495.2,494.3,17,-1.0,SC2806.INE,454.5,453.2,1023,-40.69999999999999,-0.02982006988762095,-0.031117087305955537,4767000.0,0.0,20.0
2025-08-13,SC2510.INE,490.0,492.3,488.2,490.6,490.2,494.2,492.6,-2.0,-2.4,40926,2006359.39,30917,3022.0,48,0.3175191825777971,0.3844824155598667,20,SC2509.INE,489.5,490.5,24566,-1.1000000000000227,SC2509.INE,489.5,490.5,16,1.1000000000000227,SC2806.INE,451.6,450.8,1022,-37.89999999999998,-0.028091918357068993,-0.029239050535483275,4767000.0,0.0,20.0
2025-08-14,SC2510.INE,490.6,490.7,482.8,485.5,485.9,490.6,490.2,-4.7,-4.3,61943,3009879.38,33455,2538.0,47,0.40560910448152127,0.42133168771960755,20,SC2509.INE,481.9,483.6,20420,-3.6000000000000227,SC2509.INE,481.9,483.6,15,3.6000000000000227,SC2806.INE,453.0,450.5,1021,-28.899999999999977,-0.021758843081787313,-0.022438610168575873,4767000.0,0.0,20.0
2025-08-15,SC2510.INE,487.0,490.9,485.4,488.1,488.9,485.5,485.9,2.2,3.0,57157,2794732.08,32519,-936.0,46,0.46945815640117944,0.43613368740108904,20,SC2509.INE,486.3,487.0,16072,-1.8000000000000114,SC2509.INE,486.3,487.0,14,1.8000000000000114,SC2806.INE,454.0,453.6,1020,-32.30000000000001,-0.024098673433386956,-0.024936291818551844,4767000.0,0.0,20.0
2025-08-18,SC2510.INE,486.4,488.2,480.5,486.5,485.2,488.1,488.9,-2.4,-3.7,110520,5362898.67,34937,2418.0,43,0.7423328542066872,0.4730485410601855,20,SC2509.INE,482.6,483.0,11747,-3.8999999999999773,SC2509.INE,482.6,483.0,11,3.8999999999999773,SC2806.INE,451.0,451.9,1017,-31.600000000000023,-0.02375716690326341,-0.024570672958461603,4767000.0,0.0,20.0
2025-08-19,SC2510.INE,487.9,490.4,480.9,484.2,485.1,486.5,485.2,-1.0,-0.1,117329,5691786.94,36350,1413.0,42,0.8021782679146469,0.5008404750750917,20,SC2511.INE,483.0,482.4,10520,-1.1999999999999886,SC2509.INE,476.9,479.8,10,7.300000000000011,SC2806.INE,454.0,452.0,1016,-22.899999999999977,-0.017422201952887417,-0.017854387625182107,4767000.0,0.0,20.0
2025-08-20,SC2510.INE,482.2,484.7,479.0,482.8,482.0,484.2,485.1,-2.3,-3.1,114618,5525704.84,37855,1505.0,41,0.8285898112470993,0.50685536780655,20,SC2511.INE,482.6,481.2,10834,-0.19999999999998863,SC2509.INE,475.9,475.3,9,6.900000000000034,SC2806.INE,455.6,454.3,1015,-20.299999999999955,-0.015476587835876056,-0.015816370320301896,4767000.0,0.0,20.0
2025-08-21,SC2510.INE,483.9,491.0,483.2,490.9,486.7,482.8,482.0,8.9,4.7,116216,5656343.84,36440,-1415.0,40,0.8425051290044294,0.5041993552225589,20,SC2511.INE,489.2,485.7,10562,-1.6999999999999886,SC2509.INE,484.7,479.9,8,6.199999999999989,SC2806.INE,463.9,460.1,1014,-20.80000000000001,-0.015569877618957187,-0.015913829869956056,4767000.0,0.0,20.0
2025-08-22,SC2510.INE,488.7,494.6,487.1,493.6,491.0,490.9,486.7,6.9,4.3,109851,5394231.5,37322,882.0,39,0.8719025319469799,0.5084187009590235,20,SC2511.INE,492.2,489.6,10882,-1.400000000000034,SC2509.INE,487.0,485.6,7,6.600000000000023,SC2806.INE,470.6,467.9,1013,-16.399999999999977,-0.012218271479949866,-0.012428738646227237,4767000.0,0.0,20.0
2025-08-25,SC2510.INE,494.0,495.8,491.1,492.9,493.5,493.6,491.0,1.9,2.5,102824,5075120.08,37424,102.0,36,0.8480120079503187,0.5039387043345946,20,SC2511.INE,491.3,491.9,12150,-1.599999999999966,SC2509.INE,485.6,486.8,4,7.2999999999999545,SC2806.INE,471.5,471.9,1010,-14.100000000000023,-0.01053501888176707,-0.01069099428449142,4767000.0,0.0,20.0
2025-08-26,SC2510.INE,494.5,500.8,494.0,496.1,497.7,492.9,493.5,2.6,4.2,95625,4759599.96,37040,-384.0,35,0.8349340784074042,0.4995347206300827,20,SC2511.INE,495.1,496.0,13116,-1.0,SC2509.INE,488.8,488.7,3,7.300000000000011,SC2806.INE,475.1,474.5,1009,-13.699999999999989,-0.01016914063898116,-0.010314370156606472,5721000.0,954000.0,20.0
2025-08-27,SC2510.INE,491.7,493.3,478.0,479.7,486.4,496.1,497.7,-18.0,-11.3,125394,6099210.66,39460,2420.0,34,0.797900162260189,0.5085117076250982,20,SC2511.INE,481.3,485.7,15815,1.6000000000000227,SC2509.INE,472.4,479.4,2,7.300000000000011,SC2806.INE,467.4,467.6,1008,-5.0,-0.0038402102204722712,-0.003860677643870916,5721000.0,0.0,20.0
2025-08-28,SC2510.INE,482.5,483.6,478.4,481.7,481.1,479.7,486.4,-4.7,-5.3,93391,4493574.92,35842,-3618.0,33,0.836836917562724,0.48373034617720495,20,SC2511.INE,482.7,482.7,15573,1.0,SC2509.INE,473.0,473.0,1,8.699999999999989,SC2806.INE,467.6,468.7,1007,-5.399999999999977,-0.004142166031296365,-0.004165992044052843,5721000.0,0.0,20.0
2025-08-29,SC2510.INE,483.4,486.8,479.8,485.2,482.9,481.7,481.1,4.1,1.8,98327,4748680.12,31938,-3904.0,32,0.8029840263940156,0.44577506071518297,20,SC2511.INE,485.2,483.7,16358,0.0,SC2510.INE,485.2,482.9,32,0.0,SC2806.INE,470.5,469.0,1006,-14.699999999999989,-0.011353517929480587,-0.011529060150131587,5721000.0,0.0,20.0
2025-09-01,SC2510.INE,487.0,487.2,479.3,483.5,483.6,485.2,482.9,0.6,0.7,81087,3921987.32,32147,209.0,29,0.7658965543297567,0.44474419634210455,19,SC2511.INE,484.5,484.0,17647,1.0,SC2510.INE,483.5,483.6,29,0.0,SC2806.INE,469.0,469.0,1003,-14.5,-0.01123842447587642,-0.011410389582320778,5721000.0,0.0,20.0
2025-09-02,SC2510.INE,487.0,492.5,487.0,490.4,489.8,483.5,483.6,6.8,6.2,79810,3909791.74,30160,-1987.0,28,0.7278879302482535,0.420161043158452,20,SC2511.INE,492.3,491.2,18607,1.900000000000034,SC2510.INE,490.4,489.8,28,0.0,SC2809.INE,472.3,472.7,1094,-18.099999999999966,-0.012637575789109616,-0.012876695889094288,5721000.0,0.0,20.0
2025-09-03,SC2510.INE,487.7,496.0,486.4,493.2,491.8,490.4,489.8,3.4,2.0,90880,4469747.35,28983,-1177.0,27,0.7657695613340298,0.40997241671971146,20,SC2511.INE,494.1,493.2,18711,0.9000000000000341,SC2510.INE,493.2,491.8,27,0.0,SC2809.INE,472.0,472.0,1093,-21.19999999999999,-0.014717988280388145,-0.015043678970160757,5721000.0,0.0,20.0
2025-09-04,SC2510.INE,487.0,487.7,479.9,481.0,483.6,493.2,491.8,-10.8,-8.2,117977,5706074.98,27643,-1340.0,26,0.7056209478695663,0.4060966651975907,20,SC2511.INE,482.4,484.6,18429,1.3999999999999773,SC2510.INE,481.0,483.6,26,0.0,SC2809.INE,463.8,464.1,1092,-17.19999999999999,-0.012243879035623876,-0.012468155280281817,5721000.0,0.0,20.0
2025-09-05,SC2510.INE,480.2,484.8,478.5,482.0,482.3,481.0,483.6,-1.6,-1.3,88635,4274940.64,25244,-2399.0,25,0.7274047812492306,0.3836007780209093,20,SC2511.INE,481.9,481.9,18456,-0.10000000000002274,SC2510.INE,482.0,482.3,25,0.0,SC2809.INE,460.8,458.0,1091,-21.19999999999999,-0.015059983028812078,-0.015401221110839917,5721000.0,0.0,20.0
2025-09-08,SC2510.INE,475.6,491.4,468.8,490.5,476.2,482.0,482.3,8.2,-6.1,130455,6212385.97,24608,-636.0,22,0.7242832396899775,0.3678710776912382,20,SC2511.INE,486.2,477.2,19083,-4.300000000000011,SC2510.INE,490.5,476.2,22,0.0,SC2809.INE,460.6,459.0,1088,-29.899999999999977,-0.020872181198876176,-0.021535442252227005,5721000.0,0.0,20.0
2025-09-09,SC2510.INE,490.5,492.6,479.3,482.8,483.4,490.5,476.2,6.6,7.2,111076,5370032.75,24849,241.0,21,0.7424965574406075,0.36049092570831703,20,SC2511.INE,482.2,481.3,20292,-0.6000000000000227,SC2510.INE,482.8,483.4,21,0.0,SC2809.INE,457.0,458.1,1087,-25.80000000000001,-0.01829734615617777,-0.018804381698074753,5721000.0,0.0,20.0
2025-09-10,SC2510.INE,483.0,489.4,481.9,486.2,486.1,482.8,483.4,2.8,2.7,103360,5025181.2,23689,-1160.0,20,0.6544796013347939,0.3211893592211948,20,SC2511.INE,488.2,485.7,21768,2.0,SC2510.INE,486.2,486.1,20,0.0,SC2809.INE,459.0,458.1,1086,-27.19999999999999,-0.019155328723809022,-0.019712003672457228,5721000.0,0.0,20.0
2025-09-11,SC2511.INE,488.0,492.5,486.0,490.8,489.4,488.2,485.7,5.1,3.7,29239,1431053.05,22628,860.0,50,0.2166574043199585,0.30645467103659363,20,SC2510.INE,489.2,488.7,21916,-1.6000000000000227,SC2510.INE,489.2,488.7,19,1.6000000000000227,SC2809.INE,462.0,462.0,1085,-27.19999999999999,-0.019037859414382553,-0.019587595822623476,5721000.0,0.0,20.0
2025-09-12,SC2511.INE,485.0,485.4,475.7,476.7,480.5,490.8,489.4,-12.7,-8.9,44262,2126844.66,26745,4117.0,49,0.2829580760231675,0.33421223632910124,20,SC2510.INE,475.3,479.2,21383,-1.3999999999999773,SC2510.INE,475.3,479.2,18,1.3999999999999773,SC2809.INE,462.0,462.0,1084,-13.300000000000011,-0.009581190747899326,-0.009717797163651117,5721000.0,0.0,20.0
2025-09-15,SC2511.INE,488.5,491.3,484.7,489.3,488.5,476.7,480.5,8.8,8.0,51752,2528184.67,25871,-874.0,46,0.3443819663949426,0.3483183886689824,20,SC2510.INE,488.1,488.0,16504,-1.1999999999999886,SC2510.INE,488.1,488.0,15,1.1999999999999886,SC2809.INE,469.0,469.0,1081,-19.100000000000023,-0.013398624601346956,-0.013667823708339768,5721000.0,0.0,20.0
2025-09-16,SC2511.INE,489.1,496.5,488.4,494.0,493.5,489.3,488.5,5.5,5.0,49598,2447749.77,27657,1786.0,45,0.43724489346133844,0.36553838833745256,20,SC2510.INE,493.6,492.1,13395,-0.39999999999997726,SC2510.INE,493.6,492.1,14,0.39999999999997726,SC2809.INE,469.0,469.0,1080,-24.600000000000023,-0.017064580476249865,-0.017504490631227065,5721000.0,0.0,20.0
2025-09-17,SC2511.INE,499.5,502.5,496.3,499.3,499.8,494.0,493.5,5.8,6.3,95493,4773173.58,34848,7191.0,44,0.7038830657644509,0.43946177030656897,20,SC2512.INE,496.6,496.8,14081,-2.6999999999999886,SC2510.INE,498.9,498.4,13,0.4000000000000341,SC2809.INE,469.0,469.0,1079,-29.899999999999977,-0.0205207554180172,-0.021161407920787988,5401000.0,-320000.0,20.0
2025-09-18,SC2511.INE,498.3,500.5,491.7,491.8,496.3,499.3,499.8,-8.0,-3.5,95903,4760237.93,33886,-962.0,43,0.7687553606784715,0.4515303742987728,20,SC2512.INE,490.2,493.5,13785,-1.6000000000000227,SC2510.INE,492.4,495.5,12,-0.5999999999999659,SC2809.INE,462.6,465.7,1078,-29.799999999999955,-0.020722105458884976,-0.021375661582767585,5401000.0,0.0,20.0
2025-09-19,SC2511.INE,496.0,496.8,484.1,487.0,491.2,491.8,496.3,-9.3,-5.1,108898,5350084.38,33781,-105.0,42,0.8364415632296915,0.44754901960784316,20,SC2512.INE,486.3,489.8,13838,-0.6999999999999886,SC2510.INE,490.0,492.1,11,-3.0,SC2809.INE,465.7,465.7,1077,-24.30000000000001,-0.016980319332235722,-0.017415821301561347,5401000.0,0.0,20.0
2025-09-22,SC2511.INE,485.2,487.4,481.8,483.0,484.2,487.0,491.2,-8.2,-7.0,96133,4655212.11,35314,1533.0,39,0.8183412358584525,0.4492532376663359,20,SC2512.INE,483.2,483.6,15034,0.19999999999998863,SC2510.INE,485.8,485.5,8,-2.8000000000000114,SC2809.INE,465.7,465.7,1074,-20.100000000000023,-0.014166879721810518,-0.014468300939592262,5401000.0,0.0,20.0
2025-09-23,SC2511.INE,476.6,478.7,471.6,473.1,475.3,483.0,484.2,-11.1,-8.9,102117,4854453.56,37823,2509.0,38,0.7940360017106645,0.45632555558236615,20,SC2512.INE,473.6,475.6,17409,0.5,SC2510.INE,474.1,477.6,7,-1.0,SC2809.INE,461.0,461.0,1073,-13.100000000000023,-0.009460999076753723,-0.009594167751097402,5401000.0,0.0,20.0
2025-09-24,SC2511.INE,479.2,485.3,478.5,482.3,482.3,473.1,475.3,7.0,7.0,90734,4376671.44,33039,-4784.0,37,0.8018204312477908,0.4282880920899121,20,SC2512.INE,482.8,482.8,17935,0.5,SC2510.INE,479.3,479.3,6,3.0,SC2809.INE,464.2,464.2,1072,-15.100000000000023,-0.010787111754986681,-0.010960687147013032,5401000.0,0.0,20.0
2025-09-25,SC2511.INE,486.3,491.3,485.8,490.6,488.9,482.3,482.3,8.3,6.6,82583,4037791.49,32112,-927.0,36,0.7634133264310013,0.4264371937373013,20,SC2512.INE,491.7,489.8,18509,1.099999999999966,SC2510.INE,488.0,489.3,5,2.6000000000000227,SC2809.INE,471.5,472.1,1071,-16.5,-0.011577099929259075,-0.011777346040869403,5401000.0,0.0,20.0
2025-09-26,SC2511.INE,489.1,493.1,485.2,491.3,489.1,490.6,488.9,2.4,0.2,88721,4339839.97,29079,-3033.0,35,0.788757312281076,0.40083533206517247,20,SC2512.INE,492.1,490.8,19108,0.8000000000000114,SC2510.INE,488.1,487.5,4,3.1999999999999886,SC2809.INE,472.1,472.1,1070,-16.0,-0.011223978723641443,-0.01141206238218967,5401000.0,0.0,20.0
2025-09-29,SC2511.INE,492.1,499.2,490.0,492.6,494.5,491.3,489.1,3.5,5.4,95916,4743445.34,27883,-1196.0,32,0.76461819312357,0.38455067027086665,20,SC2512.INE,494.2,495.1,21131,1.599999999999966,SC2510.INE,488.0,486.4,1,4.600000000000023,SC2809.INE,472.1,472.1,1067,-15.899999999999977,-0.011156114477285983,-0.011341905328171394,5401000.0,0.0,20.0
2025-09-30,SC2511.INE,487.6,487.7,476.7,479.7,480.5,492.6,494.5,-14.8,-14.0,82294,3954816.82,24643,-3240.0,31,0.7030190162141844,0.3548103780919745,20,SC2512.INE,481.4,482.0,21276,1.6999999999999886,SC2511.INE,479.7,480.5,31,0.0,SC2809.INE,465.3,465.9,1066,-14.399999999999977,-0.01058632659905193,-0.010748474033774501,5401000.0,0.0,20.0
2025-10-09,SC2511.INE,470.9,472.5,465.8,471.0,468.7,479.7,480.5,-9.5,-11.8,44465,2084237.8,26218,1575.0,22,0.5292318312742508,0.35431166128356556,19,SC2512.INE,473.0,471.4,23455,2.0,SC2511.INE,471.0,468.7,22,0.0,SC2809.INE,457.4,458.2,1057,-13.600000000000023,-0.010182877421869388,-0.010332784092873427,5401000.0,0.0,20.0
2025-10-10,SC2511.INE,471.0,472.1,461.6,461.9,466.2,471.0,468.7,-6.8,-2.5,67799,3161391.79,28515,2297.0,21,0.6354170571696345,0.3463121971362295,19,SC2512.INE,463.9,468.5,27753,2.0,SC2511.INE,461.9,466.2,21,0.0,SC2809.INE,456.1,457.8,1056,-5.7999999999999545,-0.004428254228229739,-0.00445629160135294,5401000.0,0.0,20.0
2025-10-13,SC2512.INE,458.4,459.2,446.3,455.0,453.7,463.9,468.5,-13.5,-14.8,65074,2952659.52,31076,3323.0,46,0.2929901892365254,0.3603933757016282,19,SC2511.INE,453.7,451.5,25616,-1.3000000000000114,SC2511.INE,453.7,451.5,18,1.3000000000000114,SC2809.INE,452.0,451.2,1053,-1.6999999999999886,-0.0013213949927541589,-0.0013238768074934962,5401000.0,0.0,20.0
2025-10-14,SC2512.INE,451.7,456.1,447.6,449.6,452.5,455.0,453.7,-4.1,-1.2,43565,1971504.29,30951,-125.0,45,0.326151243140455,0.35957340520696585,19,SC2511.INE,448.6,451.8,24309,-1.0,SC2511.INE,448.6,451.8,17,1.0,SC2809.INE,450.1,452.9,1052,1.5,0.001179191946603606,0.0011772248769703968,5401000.0,0.0,20.0
2025-10-15,SC2512.INE,443.3,448.3,442.2,446.0,444.9,449.6,452.5,-6.5,-7.6,48540,2159802.1,34417,3466.0,44,0.33835922959493087,0.38253862398577304,19,SC2511.INE,443.7,443.2,23219,-2.3000000000000114,SC2511.INE,443.7,443.2,16,2.3000000000000114,SC2809.INE,448.5,448.9,1051,4.800000000000011,0.0038150859210917413,0.0037945975232901025,5401000.0,0.0,20.0
2025-10-16,SC2512.INE,449.6,449.8,441.6,445.9,445.6,446.0,444.9,1.0,0.7,51519,2296126.59,35705,1288.0,43,0.44502703729937976,0.40959722843606244,19,SC2511.INE,443.8,443.2,18198,-2.099999999999966,SC2511.INE,443.8,443.2,15,2.099999999999966,SC2809.INE,453.5,451.8,1050,9.699999999999989,0.007707915608066476,0.007624888459608382,5211000.0,-190000.0,20.0
2025-10-17,SC2512.INE,444.0,445.6,433.0,435.0,439.6,445.9,445.6,-10.6,-6.0,89404,3930667.83,40343,4638.0,42,0.5319671789745513,0.4584588110958328,19,SC2601.INE,435.8,439.5,17044,0.8000000000000114,SC2511.INE,432.6,437.9,14,2.3999999999999773,SC2809.INE,450.0,449.2,1049,17.399999999999977,0.01418453972274149,0.013906700748380256,5211000.0,0.0,20.0
2025-10-20,SC2512.INE,438.6,441.9,435.5,435.8,439.1,435.0,439.6,-3.8,-0.5,92978,4082770.95,44145,3802.0,39,0.7292449352543942,0.49922534972350074,19,SC2601.INE,437.5,439.9,17936,1.6999999999999886,SC2511.INE,433.1,436.3,11,2.6999999999999886,SC2809.INE,453.2,456.3,1046,20.099999999999966,0.016366672355348475,0.01599824303443825,5211000.0,0.0,20.0
2025-10-21,SC2512.INE,435.0,440.2,431.8,437.7,436.2,435.8,439.1,-1.4,-2.9,97283,4243634.53,44704,559.0,38,0.8023207864612543,0.5194515454334185,19,SC2601.INE,439.8,437.9,18171,2.1000000000000227,SC2511.INE,434.1,433.0,10,3.599999999999966,SC2809.INE,456.0,455.8,1045,21.899999999999977,0.017791265620357304,0.01735703268717484,5211000.0,0.0,20.0
2025-10-22,SC2512.INE,441.4,452.0,434.0,447.2,441.8,437.7,436.2,11.0,5.6,176213,7785129.63,46980,2276.0,37,0.8109427779874272,0.521258654358246,19,SC2601.INE,449.2,445.5,20058,2.0,SC2511.INE,443.1,436.6,9,4.099999999999966,SC2809.INE,465.8,462.0,1044,22.69999999999999,0.018066608010972304,0.017619054033189196,5211000.0,0.0,20.0
2025-10-23,SC2512.INE,446.5,463.7,445.8,459.7,454.0,447.2,441.8,17.9,12.2,151649,6885292.17,43154,-3826.0,36,0.7901224919372066,0.5097390708607472,19,SC2601.INE,460.5,457.5,19614,0.8000000000000114,SC2511.INE,455.8,453.2,8,3.8999999999999773,SC2809.INE,469.0,468.7,1043,13.199999999999989,0.010212971618622424,0.010067881977452961,5211000.0,0.0,20.0
2025-10-24,SC2512.INE,464.0,471.3,462.5,464.9,466.2,459.7,454.0,10.9,12.2,162707,7585948.75,41065,-2089.0,35,0.7886606433100025,0.490006562854245,19,SC2601.INE,464.8,465.7,19917,-0.0999999999999659,SC2511.INE,460.7,461.8,7,4.199999999999989,SC2809.INE,471.3,473.3,1042,10.600000000000023,0.008114096486233405,0.008022157609229046,5211000.0,0.0,20.0
2025-10-27,SC2512.INE,467.1,470.6,465.7,468.9,468.4,464.9,466.2,2.7,2.2,109341,5121975.17,39325,-1740.0,32,0.8131497925126054,0.4815522329573981,19,SC2601.INE,468.5,468.1,19594,-0.39999999999997726,SC2511.INE,465.5,461.4,4,3.3999999999999773,SC2809.INE,472.5,474.3,1039,7.0,0.005303112854600308,0.005263635100566826,5211000.0,0.0,20.0
2025-10-28,SC2512.INE,467.7,469.3,462.5,462.7,466.4,468.9,468.4,-5.7,-2.0,101862,4750927.13,36126,-3199.0,31,0.7771928218275042,0.45985234215885945,20,SC2601.INE,463.4,466.2,19352,0.6999999999999886,SC2511.INE,459.4,465.0,3,3.3000000000000114,SC2809.INE,471.0,472.9,1038,11.600000000000023,0.00890470451902192,0.008794138524558747,4202000.0,-1009000.0,20.0
2025-10-29,SC2512.INE,458.5,463.2,455.0,462.6,459.2,462.7,466.4,-3.8,-7.2,120627,5539934.87,32997,-3129.0,30,0.7816426372914305,0.4373939554612937,20,SC2601.INE,461.5,459.8,20106,-1.1000000000000227,SC2511.INE,457.9,455.5,2,4.7000000000000455,SC2809.INE,466.7,466.7,1037,8.800000000000011,0.006777422237414493,0.0067131199534714,4202000.0,0.0,20.0
2025-10-30,SC2512.INE,461.5,466.1,458.0,458.9,462.5,462.6,459.2,-0.3,3.3,108683,5027391.07,31508,-1489.0,29,0.7703534114911895,0.40328175197429894,20,SC2601.INE,459.3,461.3,22742,0.4000000000000341,SC2511.INE,454.8,455.8,1,4.099999999999966,SC2809.INE,461.0,468.4,1036,6.199999999999989,0.004807549318275456,0.004775074984442147,4202000.0,0.0,20.0
2025-10-31,SC2512.INE,458.4,463.2,456.3,458.7,459.4,458.9,462.5,-3.8,-3.1,80193,3684124.73,29622,-1886.0,28,0.7891846676179698,0.3950074008881066,20,SC2601.INE,458.8,459.6,21567,0.10000000000002274,SC2512.INE,458.7,459.4,28,0.0,SC2809.INE,462.6,462.3,1035,3.900000000000034,0.003081763171209047,0.003068735939312429,4202000.0,0.0,20.0
2025-11-03,SC2512.INE,462.6,469.7,460.3,467.9,465.2,458.7,459.4,8.5,5.8,124089,5772828.42,30489,867.0,25,0.7855573773605211,0.3993581766978846,19,SC2601.INE,468.6,466.1,22000,0.7000000000000455,SC2512.INE,467.9,465.2,25,0.0,SC2809.INE,470.0,470.0,1032,2.1000000000000227,0.0016267830677881559,0.0016231433402738814,4202000.0,0.0,20.0
2025-11-04,SC2512.INE,464.7,468.4,462.9,463.5,465.2,467.9,465.2,-1.7,0.0,78050,3631449.82,29025,-1464.0,24,0.7778475398889786,0.38967054211529684,19,SC2601.INE,465.0,466.0,21908,1.5,SC2512.INE,463.5,465.2,24,0.0,SC2809.INE,470.0,470.0,1031,6.5,0.005083080786168912,0.005047768659226413,4202000.0,0.0,20.0
2025-11-05,SC2512.INE,460.5,465.6,459.0,463.7,462.1,463.5,465.2,-1.5,-3.1,81799,3780381.96,27163,-1862.0,23,0.7566345077653109,0.37188193094384053,19,SC2601.INE,465.2,463.4,22297,1.5,SC2512.INE,463.7,462.1,23,0.0,SC2809.INE,468.0,468.0,1030,4.300000000000011,0.0033612030858393236,0.0033457141508287727,3470000.0,-732000.0,20.0
2025-11-06,SC2512.INE,462.3,465.8,456.0,460.4,460.5,463.7,462.1,-1.7,-1.6,92752,4272058.43,27991,828.0,22,0.74630876803373,0.36963038282250715,19,SC2601.INE,462.9,462.7,23903,2.5,SC2512.INE,460.4,460.5,22,0.0,SC2809.INE,463.1,464.6,1029,2.7000000000000455,0.0021256504209888113,0.0021194417807619166,3470000.0,0.0,20.0
2025-11-07,SC2512.INE,461.5,461.5,452.9,460.6,456.9,460.4,460.5,0.1,-3.6,100862,4608572.69,26307,-1684.0,21,0.7323115348033485,0.343075117370892,19,SC2601.INE,463.0,460.2,25503,2.3999999999999773,SC2512.INE,460.6,456.9,21,0.0,SC2809.INE,460.0,460.0,1028,-0.6000000000000227,-0.00047216165090137893,-0.0004724694486168174,3470000.0,0.0,20.0
2025-11-10,SC2601.INE,461.9,465.4,459.6,464.4,462.6,463.0,460.2,4.2,2.4,27193,1258209.54,26994,1491.0,51,0.21715139028636227,0.3473863022160451,19,SC2512.INE,461.8,460.2,25682,-2.599999999999966,SC2512.INE,461.8,460.2,18,2.599999999999966,SC2809.INE,464.0,464.1,1025,2.1999999999999886,0.001726760661510621,0.001722660562700111,6928000.0,-12000.0,21.0
2025-11-11,SC2601.INE,463.0,464.0,460.0,461.3,461.8,464.4,462.6,-1.3,-0.8,25838,1193314.2,28058,1064.0,50,0.24706208584733363,0.3609349473223819,20,SC2512.INE,458.8,459.2,23898,-2.5,SC2512.INE,458.8,459.2,17,2.5,SC2809.INE,464.1,464.1,1024,5.300000000000011,0.004187124305969784,0.0041631243913096035,6928000.0,0.0,21.0
2025-11-12,SC2601.INE,465.0,472.2,464.9,469.1,468.9,461.3,461.8,7.3,7.1,35302,1655488.81,30259,2201.0,49,0.29236337134670015,0.3842559081615808,20,SC2512.INE,466.2,466.6,22869,-2.900000000000034,SC2512.INE,466.2,466.6,16,2.900000000000034,SC2809.INE,469.8,470.7,1023,3.6000000000000227,0.00279894023687469,0.002788188830637349,3464000.0,0.0,20.0
2025-11-13,SC2601.INE,466.9,467.0,450.0,452.9,457.5,469.1,468.9,-16.0,-11.4,74343,3401300.72,34266,4007.0,48,0.4058068319523139,0.42593444293900484,20,SC2512.INE,449.5,454.4,18452,-3.3999999999999773,SC2512.INE,449.5,454.4,15,3.3999999999999773,SC2809.INE,460.2,462.0,1022,10.699999999999989,0.008628145804728381,0.008527053770308358,3464000.0,0.0,20.0
2025-11-14,SC2601.INE,455.5,465.1,454.3,459.5,458.9,452.9,457.5,2.0,1.4,69725,3200148.91,34038,-228.0,47,0.4636710645315742,0.4666191429276451,20,SC2512.INE,457.4,455.4,11067,-2.1000000000000227,SC2512.INE,457.4,455.4,14,2.1000000000000227,SC2809.INE,462.0,462.0,1021,4.600000000000023,0.0036452310868086545,0.003627023301853277,3464000.0,0.0,20.0
2025-11-17,SC2601.INE,459.4,464.8,458.2,459.2,460.8,459.5,458.9,0.3,1.9,60902,2806920.93,37714,3676.0,44,0.5454382618196799,0.5134509611719218,20,SC2602.INE,460.0,461.2,10548,0.8000000000000114,SC2512.INE,458.1,458.7,11,1.099999999999966,SC2809.INE,462.5,463.5,1018,4.399999999999977,0.0034814148591381672,0.0034648018488787897,3464000.0,0.0,20.0
2025-11-18,SC2601.INE,462.8,466.2,457.8,458.8,462.3,459.2,460.8,-2.0,1.5,77617,3588736.1,38629,915.0,43,0.7444633077240335,0.5277474178916881,20,SC2602.INE,459.0,462.5,11374,0.19999999999998863,SC2512.INE,456.7,460.6,10,2.1000000000000227,SC2809.INE,462.3,462.3,1017,5.600000000000023,0.004444474402849846,0.004417446318945039,,,
2025-11-19,SC2601.INE,462.0,469.4,458.5,464.5,463.2,458.8,462.3,2.2,0.9,112595,5215920.49,41058,2429.0,42,0.8761711333146575,0.5463618459573109,20,SC2602.INE,465.1,464.0,11628,0.6000000000000227,SC2512.INE,465.3,462.2,9,-0.8000000000000114,SC2809.INE,460.0,461.5,1016,-5.300000000000011,-0.004128632348117251,-0.004152326036865645,,,
2025-11-20,SC2601.INE,456.0,458.4,451.8,455.5,455.0,464.5,463.2,-7.7,-8.2,119095,5419464.44,39074,-1984.0,41,0.8362649477224692,0.529737937392389,20,SC2602.INE,456.4,456.1,11994,0.8999999999999773,SC2512.INE,459.0,458.4,8,-3.5,SC2809.INE,455.8,456.2,1015,-3.1999999999999886,-0.0025269734949038424,-0.0025358232729601206,,,
2025-11-21,SC2601.INE,459.1,460.4,445.6,447.4,453.0,455.5,455.0,-7.6,-2.0,141488,6409933.52,41969,2895.0,40,0.8455525542036192,0.550434771204113,20,SC2602.INE,448.7,453.9,12814,1.3000000000000114,SC2512.INE,448.8,463.1,7,-1.400000000000034,SC2809.INE,454.1,454.5,1014,5.300000000000011,0.004280420302092099,0.004255343219292813,,,
2025-11-24,SC2601.INE,449.1,449.5,442.5,447.9,445.6,447.4,453.0,-5.1,-7.4,108095,4817007.04,41574,-395.0,37,0.8468673858713109,0.5492377202948715,20,SC2602.INE,449.2,447.2,12303,1.3000000000000114,SC2512.INE,446.4,448.6,4,1.5,SC2809.INE,454.5,454.5,1011,8.100000000000023,0.006576945254188477,0.006517987518279898,,,
2025-11-25,SC2601.INE,447.9,450.6,443.3,448.6,447.4,447.9,445.6,3.0,1.8,86242,3858723.09,40610,-964.0,36,0.8156583091371663,0.5341523406158338,20,SC2602.INE,449.8,448.9,12722,1.1999999999999886,SC2512.INE,447.7,448.3,3,0.9000000000000341,SC2809.INE,454.8,457.4,1010,7.100000000000023,0.00574823676746581,0.005703132839874201,,,
2025-11-26,SC2601.INE,442.1,446.8,438.8,445.0,442.8,448.6,447.4,-2.4,-4.6,116740,5169567.05,38698,-1912.0,35,0.8118614953440014,0.5069363480356839,20,SC2602.INE,445.6,444.7,13996,0.6000000000000227,SC2512.INE,439.2,441.5,2,5.800000000000011,SC2809.INE,457.4,457.4,1009,18.19999999999999,0.015020087077162965,0.014717217337215859,,,
2025-11-27,SC2601.INE,442.8,448.1,442.8,447.6,445.1,445.0,442.8,4.8,2.3,77681,3458237.39,36011,-2687.0,34,0.8464656590862037,0.48272765050469846,20,SC2602.INE,448.8,446.7,14749,1.1999999999999886,SC2512.INE,439.4,440.1,1,8.200000000000045,SC2809.INE,452.7,453.1,1008,13.300000000000011,0.010971221476971174,0.010808456295295059,,,
2025-11-28,SC2601.INE,450.2,455.0,448.1,453.9,450.9,447.6,445.1,8.8,5.8,65822,2968139.75,33652,-2359.0,33,0.7601833993555615,0.46269764883816855,20,SC2602.INE,455.1,452.2,15375,1.2000000000000455,SC2601.INE,453.9,450.9,33,0.0,SC2809.INE,457.0,457.7,1007,3.1000000000000227,0.0025593838116656025,0.0025506834934306984,,,
2025-12-01,SC2601.INE,451.9,458.4,449.5,455.7,453.4,453.9,450.9,4.8,2.5,74267,3367552.5,33224,-428.0,30,0.7338781398841875,0.4454813622955216,20,SC2602.INE,456.9,455.0,16519,1.1999999999999886,SC2601.INE,455.7,453.4,30,0.0,SC2812.INE,461.4,458.6,1095,5.699999999999989,0.00428685785990909,0.0042602688511577625,,,
2025-12-02,SC2601.INE,452.0,456.0,450.1,453.8,453.3,455.7,453.4,0.4,-0.1,65841,2985083.01,31766,-1458.0,29,0.7484483346595431,0.43226693156612733,20,SC2602.INE,455.4,454.7,16581,1.599999999999966,SC2601.INE,453.8,453.3,29,0.0,SC2812.INE,458.6,458.6,1094,4.800000000000011,0.003625100093731209,0.003606062252106025,,,
2025-12-03,SC2601.INE,452.2,452.8,444.6,448.1,449.3,453.8,453.3,-5.2,-4.0,89293,4012024.99,31517,-249.0,28,0.7453879159223333,0.4206360857901691,20,SC2602.INE,449.3,450.3,17230,1.1999999999999886,SC2601.INE,448.1,449.3,28,0.0,SC2812.INE,459.0,459.0,1093,10.899999999999977,0.008336712232032356,0.008236932129561905,,,
2025-12-04,SC2601.INE,451.5,453.3,448.7,452.6,451.3,448.1,449.3,3.3,2.0,66483,3000560.52,29819,-1698.0,27,0.7440655392776802,0.40321010357789977,20,SC2602.INE,453.9,452.6,17413,1.2999999999999545,SC2601.INE,452.6,451.3,27,0.0,SC2812.INE,459.8,459.8,1092,7.199999999999989,0.00545206724216265,0.0054091557580470614,,,
2025-12-05,SC2601.INE,452.5,456.8,449.5,453.7,453.4,452.6,451.3,2.4,2.1,66825,3030109.48,29337,-482.0,26,0.736128399740028,0.3913060876060396,20,SC2602.INE,454.8,454.5,18468,1.1000000000000227,SC2601.INE,453.7,453.4,26,0.0,SC2812.INE,460.0,460.0,1091,6.300000000000011,0.004758992571252979,0.004726254015799275,,,
2025-12-08,SC2601.INE,453.7,459.2,452.3,457.6,456.4,453.7,453.4,4.2,3.0,67558,3083567.01,29341,4.0,23,0.714234363767074,0.3827619494886245,20,SC2602.INE,459.5,457.5,20236,1.8999999999999773,SC2601.INE,457.6,456.4,23,0.0,SC2812.INE,461.6,463.3,1088,4.0,0.002995830460619196,0.00298281260265738,,,
2025-12-09,SC2601.INE,451.6,453.3,444.4,446.1,449.3,457.6,456.4,-10.3,-7.1,74995,3370191.88,29784,443.0,22,0.6651913217789289,0.37410505689954027,20,SC2602.INE,447.8,451.1,21414,1.6999999999999886,SC2601.INE,446.1,449.3,22,0.0,SC2812.INE,454.5,455.1,1087,8.399999999999977,0.00645342577771041,0.0063934193346570495,,,
2025-12-10,SC2601.INE,447.4,447.8,442.3,443.7,444.3,446.1,449.3,-5.6,-5.0,53767,2389151.19,29089,-695.0,21,0.6730550165863428,0.3596874111260866,20,SC2602.INE,444.5,445.9,22633,0.8000000000000114,SC2601.INE,443.7,444.3,21,0.0,SC2812.INE,453.5,452.2,1086,9.800000000000011,0.007569721537095759,0.007487336222694393,,,
2025-12-11,SC2601.INE,444.7,445.8,438.2,439.7,441.2,443.7,444.3,-4.6,-3.1,66227,2922375.1,28200,-889.0,20,0.6492524876231557,0.3403454143886455,20,SC2602.INE,441.2,442.9,24382,1.5,SC2601.INE,439.7,441.2,20,0.0,SC2812.INE,451.7,453.0,1085,12.0,0.009353368333723088,0.009228011045009256,,,
2025-12-12,SC2602.INE,439.3,441.8,435.2,438.5,438.5,441.2,442.9,-4.4,-4.4,36324,1592839.33,28090,3708.0,49,0.32587807832054905,0.3316684968061115,20,SC2601.INE,437.6,436.9,26529,-0.8999999999999773,SC2601.INE,437.6,436.9,19,0.8999999999999773,SC2812.INE,450.0,450.0,1084,12.399999999999977,0.0097115293834917,0.009576479863527531,,,
2025-12-15,SC2602.INE,436.6,438.5,435.0,437.3,437.2,438.5,438.5,-1.2,-1.3,32989,1442578.68,31767,3677.0,46,0.3269701565024333,0.3656212234562928,20,SC2601.INE,436.5,437.1,23884,-0.8000000000000114,SC2601.INE,436.5,437.1,16,0.8000000000000114,SC2812.INE,444.2,444.2,1081,7.699999999999989,0.0060457437254300694,0.005993038221544216,,,
2025-12-16,SC2602.INE,434.5,436.9,428.6,430.6,432.2,437.3,437.2,-6.6,-5.0,48483,2095605.58,34553,2786.0,45,0.45487638973589156,0.39657289765749637,20,SC2601.INE,430.5,430.9,18878,-0.10000000000002274,SC2601.INE,430.5,430.9,15,0.10000000000002274,SC2812.INE,445.0,445.0,1080,14.5,0.011543515837572845,0.011353370684446905,,,
2025-12-17,SC2602.INE,427.0,428.4,419.6,426.7,424.3,430.6,432.2,-5.5,-7.9,94714,4019406.35,39057,4504.0,44,0.6683366733466933,0.43589428807392694,20,SC2603.INE,427.3,425.4,17416,0.6000000000000227,SC2601.INE,425.3,423.3,14,1.3999999999999773,SC2812.INE,440.4,441.7,1079,15.099999999999966,0.012168157467415985,0.011957126708884526,,,
2025-12-18,SC2602.INE,427.3,432.5,425.1,429.4,428.3,426.7,424.3,5.1,4.0,82779,3545842.29,39043,-14.0,43,0.7614382692201557,0.44781785857659,20,SC2603.INE,429.9,429.0,18629,0.5,SC2601.INE,428.1,426.4,13,1.2999999999999545,SC2812.INE,442.8,442.8,1078,14.699999999999989,0.011768344239696558,0.011570804229584258,,,
2025-12-19,SC2602.INE,426.8,430.3,424.8,426.6,427.4,429.4,428.3,-1.7,-0.9,71483,3055248.69,40686,1643.0,42,0.804816537002218,0.4640441620949622,20,SC2603.INE,427.4,427.6,19535,0.7999999999999545,SC2601.INE,424.9,425.0,12,1.7000000000000455,SC2812.INE,444.6,444.6,1077,19.700000000000045,0.01588995809011128,0.015532602215404328,,,
2025-12-22,SC2602.INE,428.9,438.3,428.2,437.9,432.6,426.6,427.4,10.5,5.2,81884,3542886.21,39797,-889.0,39,0.765385478202348,0.4565237341409136,20,SC2603.INE,437.6,433.6,20052,-0.2999999999999545,SC2601.INE,434.9,432.3,9,3.0,SC2812.INE,445.0,450.4,1074,10.100000000000023,0.007959306386336762,0.007868290455743075,,,
2025-12-23,SC2602.INE,441.4,445.5,439.7,440.9,441.7,437.9,432.6,8.3,9.1,79792,3524882.9,36910,-2887.0,38,0.7621303583709024,0.4369495217350128,20,SC2603.INE,439.7,440.6,20326,-1.1999999999999886,SC2601.INE,439.3,439.2,8,1.599999999999966,SC2812.INE,458.5,458.7,1073,19.19999999999999,0.0149790159119983,0.014660915831827966,,,
2025-12-24,SC2602.INE,442.9,444.8,439.7,444.7,442.6,440.9,441.7,3.0,0.9,65801,2912801.16,36678,-232.0,37,0.7157495132324627,0.44695474153688675,20,SC2603.INE,442.9,441.6,18763,-1.8000000000000114,SC2601.INE,442.0,440.4,7,2.6999999999999886,SC2812.INE,459.1,459.1,1072,17.100000000000023,0.013259193168058151,0.013009137793220268,,,
2025-12-25,SC2602.INE,444.0,444.5,440.9,442.7,443.0,444.7,442.6,0.1,0.4,45862,2031959.44,34826,-1852.0,36,0.8022741187789731,0.4322184300341297,20,SC2603.INE,442.3,441.8,19150,-0.39999999999997726,SC2601.INE,440.4,441.1,6,2.3000000000000114,SC2812.INE,459.1,459.1,1071,18.700000000000045,0.014552498155752594,0.014252014965659926,,,
2025-12-26,SC2602.INE,442.5,447.6,440.2,441.8,443.4,442.7,443.0,-1.2,0.4,46549,2064374.18,32823,-2003.0,35,0.7329743177917395,0.41222495729930675,20,SC2603.INE,442.6,443.1,19809,0.8000000000000114,SC2601.INE,438.9,439.3,5,2.900000000000034,SC2812.INE,460.0,460.0,1070,21.100000000000023,0.016476316698703652,0.01609252194175363,,,
2025-12-29,SC2602.INE,441.5,441.8,431.9,434.8,435.6,441.8,443.4,-8.6,-7.8,73241,3190989.57,32180,-643.0,32,0.7547661740761351,0.3976472332748437,20,SC2603.INE,435.3,436.7,20983,0.5,SC2601.INE,431.7,433.8,2,3.1000000000000227,SC2812.INE,459.0,459.0,1067,27.30000000000001,0.02167324074164698,0.021015537311902664,,,
2025-12-30,SC2602.INE,439.7,441.1,434.9,436.1,438.6,434.8,435.6,0.5,3.0,66125,2900895.93,30384,-1796.0,31,0.7206691733420522,0.36785394319475045,20,SC2603.INE,437.7,439.3,23028,1.599999999999966,SC2601.INE,433.2,431.3,1,2.900000000000034,SC2812.INE,459.0,459.0,1066,25.80000000000001,0.020411480889027604,0.019826763991365258,,,
2025-12-31,SC2602.INE,438.5,439.6,428.4,432.2,436.5,436.1,438.6,-6.4,-2.1,51990,2269725.18,29568,-816.0,30,0.7339281176769531,0.3536799799045466,20,SC2603.INE,433.2,437.1,23413,1.0,SC2602.INE,432.2,436.5,30,0.0,SC2812.INE,458.1,458.1,1065,25.900000000000034,0.021133309637021716,0.020524305062094187,,,
2026-01-05,SC2602.INE,436.0,436.3,421.5,421.7,426.8,432.2,436.5,-14.8,-9.7,44486,1898679.59,34256,4688.0,25,0.6150251617541337,0.38219346201048754,20,SC2603.INE,423.5,428.2,26094,1.8000000000000114,SC2602.INE,421.7,426.8,25,0.0,SC2812.INE,453.8,453.8,1060,32.10000000000002,0.026844415117553908,0.02587176833964054,,,
2026-01-06,SC2602.INE,427.5,429.9,425.0,428.2,427.3,421.7,426.8,1.4,0.5,68944,2946035.2,31596,-2660.0,24,0.6012016358990905,0.3619948901848012,20,SC2603.INE,429.4,428.7,25195,1.1999999999999886,SC2602.INE,428.2,427.3,24,0.0,SC2812.INE,453.8,453.8,1059,25.600000000000023,0.02108365091936364,0.020477450830345936,,,
2026-01-07,SC2602.INE,430.5,437.3,411.0,416.3,424.8,428.2,427.3,-11.0,-2.5,110999,4715244.36,32970,1374.0,23,0.596246300285234,0.3469211667157709,20,SC2603.INE,418.0,425.1,28497,1.6999999999999886,SC2602.INE,416.3,424.8,23,0.0,SC2812.INE,450.0,449.7,1058,33.69999999999999,0.028548020809036605,0.027451325048941103,,,
2026-01-08,SC2602.INE,421.4,422.5,414.1,416.2,418.0,416.3,424.8,-8.6,-6.8,70288,2938203.76,33068,98.0,22,0.5893035305559515,0.3373081042484827,20,SC2603.INE,417.3,419.5,29268,1.1000000000000227,SC2602.INE,416.2,418.0,22,0.0,SC2812.INE,455.0,455.0,1057,38.80000000000001,0.032876241680537314,0.03143284958634494,,,
2026-01-09,SC2602.INE,419.8,433.9,419.3,432.7,425.8,416.2,418.0,14.7,7.8,85331,3634017.78,29929,-3139.0,21,0.5876952533127634,0.3172898533823826,20,SC2603.INE,433.5,426.9,28455,0.8000000000000114,SC2602.INE,432.7,425.8,21,0.0,SC2812.INE,461.0,461.0,1056,28.30000000000001,0.02306492543728906,0.022342018796638108,,,
2026-01-12,SC2603.INE,432.5,440.8,430.3,438.6,436.8,433.5,426.9,11.7,9.9,52929,2312209.75,29681,1226.0,46,0.32841905400122856,0.3247196542858706,20,SC2602.INE,437.5,435.7,25051,-1.1000000000000227,SC2602.INE,437.5,435.7,18,1.1000000000000227,SC2812.INE,465.5,465.2,1053,28.0,0.022570048309178765,0.02187721515516931,,,
2026-01-13,SC2603.INE,436.6,446.7,433.3,446.7,439.4,438.6,436.8,9.9,2.6,51190,2249297.55,33792,4111.0,45,0.3783360309823138,0.366336740999317,20,SC2602.INE,445.6,437.7,22578,-1.099999999999966,SC2602.INE,445.6,437.7,17,1.099999999999966,SC2812.INE,477.0,475.9,1052,31.399999999999977,0.024850605816182272,0.024014109014949218,,,
2026-01-14,SC2603.INE,450.0,454.3,444.4,448.0,449.7,446.7,439.4,8.6,10.3,92089,4141750.97,36627,2835.0,44,0.4139315155928333,0.39925657851708124,20,SC2602.INE,445.5,448.9,19768,-2.5,SC2602.INE,445.5,448.9,16,2.5,SC2812.INE,487.0,483.1,1051,41.5,0.032851325927010275,0.03141005778036704,,,
2026-01-15,SC2603.INE,458.8,460.5,443.4,446.6,452.4,448.0,449.7,-3.1,2.7,115980,5247778.83,39575,2948.0,43,0.5766907161645443,0.43805760332956983,20,SC2602.INE,444.9,451.4,14486,-1.7000000000000455,SC2602.INE,444.9,451.4,15,1.7000000000000455,SC2812.INE,485.3,486.3,1050,40.400000000000034,0.03202369744924496,0.030652142307921404,,,
2026-01-16,SC2603.INE,441.8,442.5,437.1,438.8,439.7,446.6,452.4,-13.6,-12.7,88633,3897285.92,41539,1964.0,42,0.6548720297907554,0.4708409371705791,20,SC2604.INE,440.4,440.7,15067,1.599999999999966,SC2602.INE,435.3,437.1,14,3.5,SC2812.INE,484.9,480.6,1049,49.599999999999966,0.04018329299245006,0.03805424248972458,,,
2026-01-19,SC2603.INE,443.2,446.4,436.7,437.4,442.6,438.8,439.7,-2.3,2.9,77853,3446323.54,40770,-769.0,39,0.7139595025861121,0.4683461419168074,20,SC2604.INE,439.1,443.4,16102,1.7000000000000455,SC2602.INE,436.2,440.0,11,1.1999999999999886,SC2812.INE,484.9,484.9,1046,48.69999999999999,0.039372755926789745,0.037325862874858846,,,
2026-01-20,SC2603.INE,437.5,440.8,436.3,437.0,438.5,437.4,442.6,-5.6,-4.1,51993,2280362.23,40047,-723.0,38,0.7119305500403939,0.45655817135039617,20,SC2604.INE,438.5,439.7,17641,1.5,SC2602.INE,435.1,436.8,10,1.8999999999999773,SC2812.INE,481.9,481.9,1045,46.799999999999955,0.03793230941412764,0.036027698435433006,,,
2026-01-21,SC2603.INE,440.0,444.9,437.3,440.8,441.1,437.0,438.5,2.3,2.6,78058,3443554.63,39936,-111.0,37,0.7601620474066572,0.45170338868026966,20,SC2604.INE,441.9,442.3,18659,1.099999999999966,SC2602.INE,440.2,439.7,9,0.6000000000000227,SC2812.INE,481.9,481.9,1044,41.69999999999999,0.03340708110279251,0.03191808783785785,,,
2026-01-22,SC2603.INE,444.5,448.6,444.1,446.4,446.3,440.8,441.1,5.3,5.2,84207,3758845.76,43267,3331.0,36,0.7649896435190232,0.47048781018246666,20,SC2604.INE,447.5,447.1,19961,1.1000000000000227,SC2602.INE,445.4,444.3,8,1.0,SC2812.INE,481.9,481.9,1043,36.5,0.02889982190464415,0.027776630068021484,,,
2026-01-23,SC2603.INE,439.6,442.5,434.3,441.9,439.4,446.4,446.3,-4.4,-6.9,95141,4181003.46,45295,2028.0,35,0.7487290469819784,0.48318274431157526,20,SC2604.INE,443.1,440.9,20720,1.2000000000000455,SC2602.INE,441.7,440.2,7,0.19999999999998863,SC2812.INE,493.4,490.9,1042,51.69999999999999,0.04127771598315249,0.0390353518887566,,,
2026-01-26,SC2603.INE,446.0,459.2,444.0,457.3,450.9,441.9,439.4,17.9,11.5,136743,6165744.18,52435,7140.0,32,0.7059488593244226,0.492065577462674,20,SC2604.INE,457.8,451.9,26082,0.5,SC2602.INE,453.0,443.1,4,4.300000000000011,SC2812.INE,501.4,500.7,1039,48.39999999999998,0.037679026564716195,0.03579893911886285,,,
2026-01-27,SC2603.INE,452.3,454.2,442.4,446.7,449.1,457.3,450.9,-4.2,-1.8,121039,5435913.15,48163,-4272.0,31,0.7144442411328261,0.4584507310386841,20,SC2604.INE,448.7,450.1,26891,2.0,SC2602.INE,455.0,448.3,3,-8.300000000000011,SC2812.INE,495.0,495.0,1038,40.0,0.03100281361150923,0.029715000406256065,,,
2026-01-28,SC2603.INE,447.5,463.4,446.5,460.3,455.7,446.7,449.1,11.2,6.6,143169,6525558.59,48237,74.0,30,0.6891507458591459,0.4424276332685182,20,SC2604.INE,462.4,458.4,28445,2.099999999999966,SC2602.INE,458.2,451.8,2,2.1000000000000227,SC2812.INE,510.0,508.2,1037,51.80000000000001,0.039868251528244344,0.03777131287934916,,,
2026-01-29,SC2603.INE,462.1,475.5,461.1,472.5,467.0,460.3,455.7,16.8,11.3,144280,6738628.03,48382,145.0,29,0.6797644287396938,0.4113905753107835,20,SC2604.INE,474.2,469.2,33470,1.6999999999999886,SC2602.INE,464.7,465.6,1,7.800000000000011,SC2812.INE,523.0,515.3,1036,58.30000000000001,0.04424339010467514,0.04168032967198695,,,
2026-01-30,SC2603.INE,477.0,499.6,465.8,470.8,482.9,472.5,467.0,3.8,15.9,310515,14997825.22,44117,-4265.0,28,0.649371154674619,0.37620663778694957,20,SC2604.INE,472.7,483.6,34999,1.8999999999999773,SC2603.INE,470.8,482.9,28,0.0,SC2812.INE,519.2,520.5,1035,48.400000000000034,0.037262526798392606,0.03546907979282217,,,
2026-02-02,SC2603.INE,478.2,485.6,449.0,449.0,472.7,470.8,482.9,-33.9,-10.2,197282,9326858.15,36200,-7917.0,25,0.5976612439031779,0.3556306549694963,19,SC2604.INE,450.2,470.2,29903,1.1999999999999886,SC2603.INE,449.0,472.7,25,0.0,SC2812.INE,499.0,511.7,1032,50.0,0.04036333637809278,0.038269981055989576,,,
2026-02-03,SC2603.INE,450.5,453.9,446.4,449.4,449.8,449.0,472.7,-23.3,-22.9,119915,5394508.74,32924,-3276.0,24,0.6287819201929631,0.33419612858694436,19,SC2604.INE,452.9,453.3,29916,3.5,SC2603.INE,449.4,449.8,24,0.0,SC2812.INE,498.9,500.3,1031,49.5,0.039924135855420595,0.03787457300620998,,,
2026-02-04,SC2604.INE,457.0,469.7,455.5,466.4,462.2,452.9,453.3,13.1,8.9,51112,2362757.64,32419,2503.0,55,0.29724920034893865,0.3341441543583348,20,SC2603.INE,462.4,458.3,27679,-4.0,SC2603.INE,462.4,458.3,23,4.0,SC2812.INE,499.9,499.9,1030,37.5,0.02939522821220319,0.02826403454557629,,,
2026-02-05,SC2604.INE,465.0,479.0,461.4,467.2,467.4,466.4,462.2,5.0,5.2,76182,3561430.26,32928,509.0,54,0.3870820228544136,0.3602468163318892,20,SC2603.INE,463.5,463.7,21605,-3.6999999999999886,SC2603.INE,463.5,463.7,22,3.6999999999999886,SC2812.INE,518.5,518.5,1029,55.0,0.04301068357527513,0.0406442696844492,,,
2026-02-06,SC2604.INE,466.5,473.9,458.6,469.8,465.7,467.2,467.4,2.4,-1.7,88014,4098920.18,37214,4286.0,53,0.4597880087554787,0.4072311042535264,20,SC2603.INE,465.4,461.8,16308,-4.400000000000034,SC2603.INE,465.4,461.8,21,4.400000000000034,SC2812.INE,513.9,505.9,1028,48.5,0.037772762983993846,0.03593145654662092,,,
2026-02-09,SC2604.INE,464.8,474.7,457.2,464.2,466.0,469.8,465.7,-1.5,0.3,119646,5575869.14,43008,5794.0,50,0.6576196286647099,0.4791337091419532,20,SC2605.INE,466.1,466.8,15200,1.900000000000034,SC2603.INE,458.8,460.7,18,5.399999999999977,SC2812.INE,505.7,506.4,1025,46.89999999999998,0.037052099990563005,0.03527821880160221,,,
2026-02-10,SC2604.INE,468.5,477.9,465.2,476.1,472.5,464.2,466.0,10.1,6.5,109979,5197036.13,44264,1256.0,49,0.7802087102106257,0.49078067656418045,20,SC2605.INE,477.7,474.0,15962,1.599999999999966,SC2603.INE,470.3,466.0,17,5.800000000000011,SC2812.INE,517.0,517.0,1024,46.69999999999999,0.03599194327777006,0.034315105490030605,,,
2026-02-11,SC2604.INE,476.4,478.8,471.9,476.8,475.9,476.1,472.5,4.3,3.4,82615,3931896.06,45913,1649.0,48,0.7840987823049838,0.505043505043505,20,SC2605.INE,478.4,477.5,16528,1.599999999999966,SC2603.INE,470.6,470.3,16,6.199999999999989,SC2812.INE,515.7,515.7,1023,45.10000000000002,0.03473665640980628,0.03317140470579216,,,
2026-02-12,SC2604.INE,483.9,486.4,476.2,476.8,481.0,476.8,475.9,0.9,5.1,89585,4309846.27,43716,-2197.0,47,0.7819373647091683,0.5024481070271016,20,SC2605.INE,478.1,482.1,16739,1.3000000000000114,SC2603.INE,470.9,474.9,15,5.900000000000034,SC2812.INE,515.0,517.8,1022,44.10000000000002,0.033944803027775625,0.03244808078072784,,,
2026-02-13,SC2604.INE,473.5,475.7,454.4,460.7,464.6,476.8,481.0,-20.3,-16.4,105973,4924427.34,37537,-6179.0,46,0.7750813677089048,0.47044152849318843,20,SC2605.INE,462.8,466.6,16434,2.1000000000000227,SC2603.INE,457.0,460.8,14,3.6999999999999886,SC2812.INE,507.2,504.1,1021,50.19999999999999,0.03981538421422035,0.03777659827558706,,,
2026-02-24,SC2604.INE,487.0,495.0,484.3,493.3,489.9,460.7,464.6,28.7,25.3,57134,2799264.66,39126,1589.0,35,0.6770714827455442,0.46772342562042746,20,SC2605.INE,493.7,491.1,18162,0.39999999999997726,SC2603.INE,494.8,484.4,3,-1.5,SC2812.INE,525.6,526.1,1010,30.80000000000001,0.02256235454486339,0.021887975896727686,,,
2026-02-25,SC2604.INE,492.4,495.9,484.8,488.3,489.6,493.3,489.9,-1.6,-0.3,101539,4971591.48,41464,2338.0,34,0.6341669060794184,0.47004942638189817,20,SC2605.INE,488.8,490.0,21638,0.5,SC2603.INE,485.0,492.8,2,3.3000000000000114,SC2812.INE,505.0,515.8,1009,20.0,0.014946917965990672,0.014646952823560076,,,
2026-02-26,SC2604.INE,490.4,491.4,482.4,483.6,486.2,488.3,489.6,-6.0,-3.4,75182,3655613.65,40598,-866.0,33,0.7160463255743076,0.4537356803576418,20,SC2605.INE,484.8,487.1,22609,1.1999999999999886,SC2603.INE,480.0,482.4,1,3.6000000000000227,SC2812.INE,506.7,506.7,1008,26.69999999999999,0.020161991062562078,0.019621199733538763,,,
2026-02-27,SC2604.INE,474.2,494.5,470.8,488.4,484.3,483.6,486.2,2.2,-1.9,144312,6989916.39,38973,-1625.0,32,0.730771373158665,0.44081120209926256,19,SC2605.INE,489.5,484.6,23368,1.1000000000000227,SC2604.INE,488.4,484.3,32,0.0,SC2812.INE,505.0,500.2,1007,16.600000000000023,0.012723912723912715,0.012512457199144325,,,
2026-03-02,SC2604.INE,498.2,527.8,495.0,527.8,511.0,488.4,484.3,43.5,26.7,190029,9711830.5,44601,5628.0,29,0.5968116278850654,0.4074974189363277,20,SC2605.INE,528.2,514.8,29706,0.40000000000009095,SC2604.INE,527.8,511.0,29,0.0,SC2903.INE,540.7,531.4,1094,12.900000000000091,0.008376519061317575,0.008275791451961048,,,
2026-03-03,SC2604.INE,545.0,572.3,544.1,572.3,562.4,527.8,511.0,61.3,51.4,208805,11743634.88,43887,-714.0,28,0.5498341057510007,0.37394238388589246,20,SC2605.INE,576.5,555.8,31488,4.2000000000000455,SC2604.INE,572.3,562.4,28,0.0,SC2903.INE,527.5,532.3,1093,-44.799999999999955,-0.026828569998826865,-0.027936882050389425,,,
2026-03-04,SC2604.INE,624.7,641.1,594.1,641.1,624.0,572.3,562.4,78.7,61.6,254949,15909187.35,40178,-3709.0,27,0.5302897625282618,0.3642974367343978,20,SC2605.INE,626.0,614.7,30582,-15.100000000000023,SC2604.INE,641.1,624.0,27,0.0,SC2903.INE,526.5,536.5,1092,-114.60000000000002,-0.061263541316531236,-0.06749385313427347,,,
2026-03-05,SC2604.INE,625.0,711.3,619.0,664.1,665.7,641.1,624.0,40.1,41.7,469446,31253368.55,35820,-4358.0,26,0.6021193962465498,0.3474330497870978,20,SC2605.INE,629.0,641.6,27536,-35.10000000000002,SC2604.INE,664.1,665.7,26,0.0,SC2903.INE,531.0,525.5,1091,-133.10000000000002,-0.06868910092588862,-0.07665710098237198,,,
2026-03-06,SC2604.INE,688.0,696.6,622.1,664.8,659.7,664.1,665.7,-0.9,-6.0,404196,26667957.84,34310,-1510.0,25,0.6345804223251432,0.33576028027322724,20,SC2605.INE,642.0,632.6,25136,-22.799999999999955,SC2604.INE,664.8,659.7,25,0.0,SC2903.INE,541.9,535.7,1090,-122.89999999999998,-0.06335838940582926,-0.07005421385328356,,,
2026-03-09,SC2604.INE,729.9,771.8,715.0,771.8,746.6,664.8,659.7,112.1,86.9,261752,19544527.9,36101,1791.0,22,0.6116501224459275,0.3339098745791557,20,SC2605.INE,740.1,717.6,25439,-31.699999999999932,SC2604.INE,771.8,746.6,22,0.0,SC2903.INE,606.2,597.3,1087,-165.5999999999999,-0.07353579888243686,-0.08277291252125131,,,
2026-03-10,SC2604.INE,805.5,818.0,625.0,666.3,732.4,771.8,746.6,-80.3,-14.2,319095,23372537.94,31422,-4679.0,21,0.5626745711544973,0.301320470651413,20,SC2605.INE,664.1,713.3,27183,-2.199999999999932,SC2604.INE,666.3,732.4,21,0.0,SC2903.INE,557.3,559.8,1086,-109.0,-0.0560660475937822,-0.06122277804924437,,,
2026-03-11,SC2604.INE,670.0,680.0,619.1,662.0,649.2,666.3,732.4,-70.4,-83.2,159647,10364509.9,34615,3193.0,20,0.5362356323769473,0.3042862919530934,20,SC2605.INE,658.7,645.4,31604,-3.2999999999999545,SC2604.INE,662.0,649.2,20,0.0,SC2903.INE,551.3,556.1,1085,-110.70000000000005,-0.057310327220118334,-0.06271365922497672,,,
2026-03-12,SC2605.INE,687.0,773.8,663.3,722.4,714.6,658.7,645.4,77.0,69.2,111177,7945432.77,34391,2787.0,49,0.3272000070633316,0.297749841995446,20,SC2604.INE,722.3,712.3,32742,-0.10000000000002274,SC2604.INE,722.3,712.3,19,0.10000000000002274,SC2903.INE,595.0,593.3,1084,-127.29999999999995,-0.06040237920206641,-0.06644684809537796,,,
2026-03-13,SC2605.INE,728.0,778.9,724.6,753.6,754.5,722.4,714.6,39.0,39.9,116017,8754628.83,39809,5418.0,48,0.3817968809132823,0.3368562676640322,20,SC2604.INE,750.8,753.1,29825,-2.800000000000068,SC2604.INE,750.8,753.1,18,2.800000000000068,SC2903.INE,600.1,600.1,1083,-150.69999999999993,-0.06879109857153931,-0.07678468901564654,,,
2026-03-16,SC2605.INE,730.0,806.0,716.0,770.5,770.4,753.6,754.5,16.0,15.9,136525,10518499.32,47738,7929.0,45,0.49923026573201545,0.402848921106151,20,SC2606.INE,750.0,746.0,22702,-20.5,SC2604.INE,765.5,761.8,15,5.0,SC2903.INE,601.0,601.2,1080,-164.5,-0.07364850982664986,-0.08291644357307397,,,
2026-03-17,SC2605.INE,735.0,777.7,713.9,761.2,744.5,770.5,770.4,-9.2,-25.9,172491,12842836.34,56587,8849.0,44,0.6651819801476203,0.4696757165030171,20,SC2606.INE,741.0,725.3,23460,-20.200000000000045,SC2604.INE,751.5,736.2,14,9.700000000000045,SC2903.INE,601.0,601.0,1079,-150.5,-0.06863581131945809,-0.07659046032873697,,,
2026-03-18,SC2605.INE,745.9,772.8,722.6,735.4,751.2,761.2,744.5,-9.1,6.7,153715,11548363.82,56313,-274.0,43,0.7548480875282979,0.48307069389995966,20,SC2606.INE,717.8,731.6,23778,-17.600000000000023,SC2604.INE,727.0,744.3,13,8.399999999999977,SC2903.INE,599.8,599.8,1078,-127.20000000000005,-0.05996474029873883,-0.06591598788243469,,,
2026-03-19,SC2605.INE,787.3,823.0,776.3,814.9,803.4,735.4,751.2,63.7,52.2,197074,15834347.33,61651,5338.0,42,0.7415459755193576,0.5087177879180453,20,SC2606.INE,800.8,786.1,25760,-14.100000000000023,SC2604.INE,809.0,792.6,12,5.899999999999977,SC2903.INE,602.0,601.2,1077,-207.0,-0.08769303086752901,-0.101288861209981,,,
2026-03-20,SC2605.INE,805.0,814.0,731.2,773.6,776.4,814.9,803.4,-29.8,-27.0,178214,13836726.2,58100,-3551.0,41,0.7474196754725527,0.5029606288306382,20,SC2606.INE,760.1,759.7,25873,-13.5,SC2604.INE,767.1,773.7,11,6.5,SC2903.INE,601.1,601.1,1076,-166.0,-0.07416506163387138,-0.08357501336699438,,,
2026-03-23,SC2605.INE,781.0,838.4,776.6,834.6,805.1,773.6,776.4,58.2,28.7,140734,11331545.01,56999,-1101.0,38,0.73826122992829,0.4901537561915245,20,SC2606.INE,821.7,793.1,27200,-12.899999999999977,SC2604.INE,824.7,797.9,8,9.899999999999977,SC2903.INE,612.0,603.3,1073,-212.70000000000005,-0.08839236461572883,-0.10222995444539817,,,
2026-03-24,SC2605.INE,740.1,799.0,715.0,739.1,751.9,834.6,805.1,-66.0,-53.2,208071,15645024.44,55694,-1305.0,37,0.7378561245983957,0.48497461663720515,20,SC2606.INE,730.8,741.6,27306,-8.300000000000068,SC2604.INE,732.2,747.1,7,6.899999999999977,SC2903.INE,578.9,577.5,1072,-153.30000000000007,-0.07175558128888052,-0.0805138418820935,,,
2026-03-25,SC2605.INE,752.0,757.8,686.0,723.9,727.2,739.1,751.9,-28.0,-24.7,143986,10471159.66,54405,-1289.0,36,0.7311569144209334,0.4840431684119683,20,SC2606.INE,710.9,714.0,27334,-13.0,SC2604.INE,715.0,715.9,6,8.899999999999977,SC2903.INE,585.0,578.7,1071,-130.0,-0.062313273580879194,-0.06877446370299074,,,
2026-03-26,SC2605.INE,726.0,743.6,711.6,733.1,728.4,723.9,727.2,5.9,1.2,96646,7040553.47,53038,-1367.0,35,0.7746925950270132,0.4829495269575036,20,SC2606.INE,721.9,716.9,26386,-11.200000000000045,SC2604.INE,725.2,722.7,5,7.899999999999977,SC2903.INE,580.9,576.1,1070,-144.30000000000007,-0.06819488358723773,-0.07603956025071021,,,
2026-03-27,SC2605.INE,755.7,756.8,726.6,740.8,740.5,733.1,728.4,12.4,12.1,95496,7072174.61,52438,-600.0,34,0.7786565776813816,0.4768348019023197,20,SC2606.INE,727.9,728.3,27523,-12.899999999999977,SC2604.INE,730.6,735.7,4,10.199999999999932,SC2903.INE,576.1,576.1,1069,-154.5,-0.07247564224658103,-0.08142579627449603,,,
2026-03-30,SC2605.INE,756.0,789.0,745.1,763.5,763.0,740.8,740.5,23.0,22.5,102605,7829645.17,53411,973.0,31,0.7245348303498923,0.47222909888244446,20,SC2606.INE,752.6,752.4,29279,-10.899999999999977,SC2604.INE,754.0,755.9,1,9.5,SC2903.INE,592.0,590.0,1066,-162.0,-0.07363544663204692,-0.08289980524905342,,,
2026-03-31,SC2605.INE,755.1,766.8,725.0,740.6,749.3,763.5,763.0,-22.4,-13.7,91655,6867788.38,49215,-4196.0,30,0.7206091625979826,0.46065932831629786,20,SC2606.INE,731.9,735.7,27665,-8.700000000000045,SC2605.INE,740.6,749.3,30,0.0,SC2903.INE,572.0,573.8,1065,-168.60000000000002,-0.08028351473736534,-0.09109894892888482,,,
2026-04-01,SC2605.INE,745.0,745.6,653.0,653.8,695.8,740.6,749.3,-95.5,-53.5,150389,10464277.28,50690,1475.0,29,0.6829654859218892,0.4667888353761292,19,SC2606.INE,640.6,684.4,28595,-13.199999999999932,SC2605.INE,653.8,695.8,29,0.0,SC2903.INE,552.0,564.9,1064,-101.79999999999995,-0.054910497234303184,-0.059688414033575284,,,
2026-04-02,SC2605.INE,670.0,735.5,649.1,721.3,687.4,653.8,695.8,25.5,-8.4,131450,9036336.03,48365,-2325.0,28,0.6855387567993241,0.45290669363598907,20,SC2606.INE,701.0,672.2,28470,-20.299999999999955,SC2605.INE,721.3,687.4,28,0.0,SC2903.INE,564.9,564.9,1063,-156.39999999999998,-0.07646687308409199,-0.08619163433828003,,,
2026-04-03,SC2605.INE,760.0,763.3,694.8,722.0,717.5,721.3,687.4,34.6,30.1,146924,10542836.9,48232,-133.0,27,0.7068955562825966,0.4469070827619436,20,SC2606.INE,710.7,703.3,28924,-11.299999999999955,SC2605.INE,722.0,717.5,27,0.0,SC2903.INE,564.0,564.0,1062,-158.0,-0.0771742475945776,-0.08709601342907254,,,
2026-04-07,SC2605.INE,715.5,724.5,706.6,710.0,715.1,722.0,717.5,-7.5,-2.4,40502,2896465.68,44391,-3841.0,23,0.598327719671453,0.4249569213095922,20,SC2606.INE,700.7,704.3,28695,-9.299999999999955,SC2605.INE,710.0,715.1,23,0.0,SC2903.INE,564.0,564.0,1058,-146.0,-0.07251820099339999,-0.08118542247933844,,,
2026-04-08,SC2605.INE,711.6,716.1,608.4,621.0,664.4,710.0,715.1,-94.1,-50.7,99641,6620326.21,43122,-1269.0,22,0.6005038299513648,0.41861955149985436,20,SC2606.INE,614.6,644.6,27295,-6.399999999999977,SC2605.INE,621.0,664.4,22,0.0,SC2903.INE,533.3,534.1,1057,-87.70000000000005,-0.04980357379013125,-0.05369095843413201,,,
2026-04-09,SC2605.INE,604.4,649.9,604.4,640.0,630.4,621.0,664.4,-24.4,-34.0,72085,4544844.02,38807,-4315.0,21,0.6284217317013635,0.3906758076369384,20,SC2606.INE,638.6,626.7,26554,-1.3999999999999773,SC2605.INE,640.0,630.4,21,0.0,SC2903.INE,545.0,545.0,1056,-95.0,-0.05234752415458937,-0.05666576745606069,,,
2026-04-10,SC2605.INE,647.8,649.0,623.7,637.3,636.3,640.0,630.4,6.9,5.9,63642,4050171.19,35351,-3456.0,20,0.5814231812824894,0.3566880908898284,20,SC2606.INE,630.7,632.2,27359,-6.599999999999909,SC2605.INE,637.3,636.3,20,0.0,SC2903.INE,561.3,563.1,1055,-76.0,-0.04205544071418445,-0.04478214283653583,,,
2026-04-13,SC2605.INE,635.3,675.0,631.4,658.0,649.2,637.3,636.3,21.7,12.9,54358,3529164.06,32509,-2842.0,17,0.5604553093649796,0.33525492946126556,20,SC2606.INE,651.1,641.6,28046,-6.899999999999977,SC2605.INE,658.0,649.2,17,0.0,SC2903.INE,558.9,559.3,1052,-99.10000000000002,-0.05311293188258962,-0.057565742263891446,,,
2026-04-14,SC2605.INE,656.0,662.0,640.0,651.2,651.7,658.0,649.2,2.0,2.5,47034,3065372.82,31735,-774.0,16,0.5669684294272936,0.3331758530183727,20,SC2606.INE,645.6,645.2,27298,-5.600000000000023,SC2605.INE,651.2,651.7,16,0.0,SC2903.INE,559.3,559.3,1051,-91.90000000000009,-0.04976839487709056,-0.053649996805978505,,,
2026-04-15,SC2606.INE,640.0,643.0,622.9,627.7,631.7,645.6,645.2,-17.5,-13.5,33417,2111052.69,29651,2353.0,44,0.3849707386756371,0.3212215758284854,20,SC2605.INE,629.9,635.5,25732,2.199999999999932,SC2605.INE,629.9,635.5,15,-2.199999999999932,SC2903.INE,540.0,548.0,1050,-89.89999999999998,-0.050331583956659015,-0.054306335295063374,,,
2026-04-16,SC2606.INE,629.4,637.6,624.8,631.8,631.3,627.7,631.7,0.1,-0.4,29511,1863283.08,31134,1483.0,43,0.46854756763622507,0.35359053275942354,20,SC2605.INE,636.0,636.0,20710,4.2000000000000455,SC2605.INE,636.0,636.0,14,-4.2000000000000455,SC2903.INE,552.0,552.0,1049,-84.0,-0.04657734026068726,-0.049954047080197864,,,
2026-04-17,SC2606.INE,637.8,643.6,628.0,636.2,636.9,631.8,631.3,4.9,5.6,36411,2319271.3,34499,3365.0,42,0.6444424778761062,0.40662164232759335,20,SC2607.INE,630.8,631.8,14693,-5.400000000000091,SC2605.INE,640.4,640.5,13,-4.199999999999932,SC2903.INE,552.0,552.0,1048,-88.39999999999998,-0.04868032359002675,-0.05238541180540526,,,
2026-04-20,SC2606.INE,595.7,625.3,592.0,618.4,605.7,636.2,636.9,-18.5,-31.2,81797,4954971.36,41536,7037.0,39,0.6771667232372737,0.46440590793725334,20,SC2607.INE,614.2,600.5,17627,-4.199999999999932,SC2605.INE,617.7,606.5,10,0.6999999999999318,SC2903.INE,558.4,542.2,1045,-59.30000000000007,-0.03385552919940659,-0.035592737398644596,,,
2026-04-21,SC2606.INE,620.0,620.0,608.2,615.5,613.9,618.4,605.7,9.8,8.2,39351,2415976.01,40951,-585.0,38,0.7708476169954358,0.46595589741255716,20,SC2607.INE,611.2,610.0,18038,-4.2999999999999545,SC2605.INE,607.4,611.5,9,8.100000000000023,SC2903.INE,552.0,552.1,1044,-55.39999999999998,-0.03216529151734087,-0.03372794184745108,,,
2026-04-22,SC2606.INE,618.7,638.8,615.7,623.7,625.6,615.5,613.9,9.8,11.7,53572,3351520.61,42639,1688.0,37,0.7868862090744848,0.47449950479073233,20,SC2607.INE,619.5,620.4,19142,-4.2000000000000455,SC2605.INE,617.6,614.9,8,6.100000000000023,SC2903.INE,552.1,552.1,1043,-65.5,-0.037401285324522554,-0.03953701491643203,,,
2026-04-23,SC2606.INE,633.1,653.5,626.1,641.7,636.1,623.7,625.6,16.1,10.5,56772,3611613.62,42743,104.0,36,0.7574649766511007,0.47983250822303797,20,SC2607.INE,638.3,633.2,19981,-3.400000000000091,SC2605.INE,635.3,630.6,7,6.400000000000091,SC2903.INE,562.0,558.4,1042,-73.29999999999995,-0.04068905785315011,-0.04323415421087989,,,
2026-04-24,SC2606.INE,638.0,660.8,636.4,648.4,647.6,641.7,636.1,12.3,11.5,50186,3250135.77,41561,-1182.0,35,0.7718548139034144,0.4771860935060164,20,SC2607.INE,645.0,644.7,19744,-3.3999999999999773,SC2605.INE,642.7,641.2,6,5.699999999999932,SC2903.INE,560.0,561.2,1041,-82.70000000000005,-0.04537845697762085,-0.04857542324303059,,,
2026-04-27,SC2606.INE,647.0,656.6,637.0,653.5,647.4,648.4,647.6,5.9,-0.2,43989,2848121.25,39785,-1776.0,32,0.7275238158242922,0.4725901288828176,20,SC2607.INE,651.6,646.5,19659,-1.8999999999999773,SC2605.INE,648.0,644.1,3,5.5,SC2903.INE,564.9,564.9,1038,-83.10000000000002,-0.0452249955269279,-0.048399342790035056,,,
2026-04-28,SC2606.INE,654.2,672.4,650.9,669.3,659.6,653.5,647.4,21.9,12.2,37707,2487466.98,39634,-151.0,31,0.7020611070770262,0.46237663034601834,20,SC2607.INE,667.7,658.1,21196,-1.599999999999909,SC2605.INE,661.9,648.9,2,7.399999999999977,SC2903.INE,565.3,565.1,1037,-96.60000000000002,-0.05146799617263435,-0.055634436769976515,,,
2026-04-29,SC2606.INE,673.6,676.3,659.0,666.6,668.0,669.3,659.6,7.0,8.4,37145,2481456.37,38671,-963.0,30,0.7004261577915221,0.44963142106364673,20,SC2607.INE,665.8,666.4,21831,-0.8000000000000682,SC2605.INE,654.3,654.1,1,12.300000000000068,SC2903.INE,565.1,565.1,1036,-89.19999999999993,-0.04807734193935175,-0.05168655861117081,,,
2026-04-30,SC2606.INE,678.0,695.7,675.3,689.0,684.1,666.6,668.0,21.0,16.1,49082,3358007.98,38650,-21.0,29,0.6748150796051365,0.44717751732595945,20,SC2607.INE,687.7,683.3,21278,-1.2999999999999545,SC2606.INE,689.0,684.1,29,0.0,SC2903.INE,567.3,567.0,1035,-121.70000000000005,-0.06408645370159309,-0.07051575292108854,,,
